<?xml version="1.0" encoding="UTF-8"?>
<measCollecFile xmlns="http://latest/nmc-omc/cmNrm.doc#measCollec" xmlns:xsi="http://www.w3.org/2001/XMLSchema-instance" xsi:schemaLocation="http://latest/nmc-omc/cmNrm.doc#measCollec schema\pmResultSchedule.xsd">
    <fileHeader fileFormatVersion="32.435 V7.2" vendorName="Huawei">
        <fileSender elementType="NodeB"/>
        <measCollec beginTime="2021-08-17T22:00:00+08:00"/>
    </fileHeader>
    <measData>
        <managedElement userLabel="PSG00420HUNB001"/>
        <measInfo measInfoId="50331655">
            <granPeriod duration="PT3600S" endTime="2021-08-17T23:00:00+08:00"/>
            <repPeriod duration="PT3600S"/>
            <measTypes>50332573 50332574 50342574 50342575 50342635 50342636 </measTypes>
            <measValue measObjLdn="PSG00420HUNB001/ULGROUP:UL BB Resource Group No.=1">
                <measResults>768 157.667 114 197.5 0 0 </measResults>
            </measValue>
            <measValue measObjLdn="PSG00420HUNB001/ULGROUP:UL BB Resource Group No.=2">
                <measResults>1024 113.067 86 140.5 0 0 </measResults>
            </measValue>
        </measInfo>
        <measInfo measInfoId="50331656">
            <granPeriod duration="PT3600S" endTime="2021-08-17T23:00:00+08:00"/>
            <repPeriod duration="PT3600S"/>
            <measTypes>50332582 50332583 50332584 50332586 50342584 50342585 50342586 50342587 50342606 50342607 50342608 50342609 50342632 50342633 </measTypes>
            <measValue measObjLdn="PSG00420HUNB001/BRD:Board Type=UBBP, Cabinet No.=0, Subrack No.=0, Slot No.=1">
                <measResults>1024 1024 0 0 0 0 0 0 0 0 0 0 0 0 </measResults>
            </measValue>
            <measValue measObjLdn="PSG00420HUNB001/BRD:Board Type=UBBP, Cabinet No.=0, Subrack No.=0, Slot No.=2">
                <measResults>1024 768 91.833 157.667 67 117 114 197.5 7 11 14 21 0 0 </measResults>
            </measValue>
            <measValue measObjLdn="PSG00420HUNB001/BRD:Board Type=UBBP, Cabinet No.=0, Subrack No.=0, Slot No.=3">
                <measResults>1024 1024 59.55 113.067 43 77 86 140.5 3 6 6 9 0 0 </measResults>
            </measValue>
            <measValue measObjLdn="PSG00420HUNB001/BRD:Board Type=UMPT, Cabinet No.=0, Subrack No.=0, Slot No.=7">
                <measResults>0 0 0 0 0 0 0 0 0 0 0 0 0 0 </measResults>
            </measValue>
        </measInfo>
        <measInfo measInfoId="50331683">
            <granPeriod duration="PT3600S" endTime="2021-08-17T23:00:00+08:00"/>
            <repPeriod duration="PT3600S"/>
            <measTypes>50332627 </measTypes>
            <measValue measObjLdn="PSG00420HUNB001/NODEBRRU:Cabinet No.=0, Subrack No.=60, Slot No.=0">
                <measResults>0 </measResults>
            </measValue>
            <measValue measObjLdn="PSG00420HUNB001/NODEBRRU:Cabinet No.=0, Subrack No.=61, Slot No.=0">
                <measResults>0 </measResults>
            </measValue>
            <measValue measObjLdn="PSG00420HUNB001/NODEBRRU:Cabinet No.=0, Subrack No.=62, Slot No.=0">
                <measResults>0 </measResults>
            </measValue>
            <measValue measObjLdn="PSG00420HUNB001/NODEBRRU:Cabinet No.=0, Subrack No.=80, Slot No.=0">
                <measResults>0 </measResults>
            </measValue>
            <measValue measObjLdn="PSG00420HUNB001/NODEBRRU:Cabinet No.=0, Subrack No.=81, Slot No.=0">
                <measResults>0 </measResults>
            </measValue>
            <measValue measObjLdn="PSG00420HUNB001/NODEBRRU:Cabinet No.=0, Subrack No.=82, Slot No.=0">
                <measResults>0 </measResults>
            </measValue>
        </measInfo>
        <measInfo measInfoId="1542455297">
            <granPeriod duration="PT3600S" endTime="2021-08-17T23:00:00+08:00"/>
            <repPeriod duration="PT3600S"/>
            <measTypes>1542455297 1542455298 1542455299 1542455300 1542455301 1542455302 1542455303 1542455304 1542455305 1542455306 1542455307 1542460296 1542460297 </measTypes>
            <measValue measObjLdn="PSG00420HUNB001/ETHPORT:Cabinet No.=0, Subrack No.=0, Slot No.=7, Port No.=0, Subboard Type=BASE_BOARD">
                <measResults>0 0 0 0 0 0 0 0 0 0 0 0 0 </measResults>
            </measValue>
            <measValue measObjLdn="PSG00420HUNB001/ETHPORT:Cabinet No.=0, Subrack No.=0, Slot No.=7, Port No.=1, Subboard Type=BASE_BOARD">
                <measResults>2649451289 21184644 8415239755 22837767 0 9648992 3813776 5887636 42824960 6209216 18699963 1000000 1000000 </measResults>
            </measValue>
        </measInfo>
        <measInfo measInfoId="1542455301">
            <granPeriod duration="PT3600S" endTime="2021-08-17T23:00:00+08:00"/>
            <repPeriod duration="PT3600S"/>
            <measTypes>1542455326 1542455327 1542455328 1542455329 1542455330 1542455331 1542455332 1542455333 1542460727 1542460728 1542460729 </measTypes>
            <measValue measObjLdn="PSG00420HUNB001/IP:Board Type=UMPT, Cabinet No.=0, Subrack No.=0, Slot No.=7">
                <measResults>21190441 2151315777 0 0 22839449 7849368382 0 0 31946 0 0 </measResults>
            </measValue>
        </measInfo>
        <measInfo measInfoId="1542455303">
            <granPeriod duration="PT3600S" endTime="2021-08-17T23:00:00+08:00"/>
            <repPeriod duration="PT3600S"/>
            <measTypes>1542455365 1542455367 1542455369 1542455371 1542455375 1542455376 1542455377 1542455378 </measTypes>
            <measValue measObjLdn="PSG00420HUNB001/RSCGRP:Transmission Resource Group Bear Type=IP, Cabinet No.=0, Bearing Port No.=0, Bearing Port Type=ETH, Transmission Resource Group ID=AUTOPORT, Subboard Type=BASE_BOARD, Slot No.=7, Subrack No.=0">
                <measResults>0 0 0 0 0 0 0 0 </measResults>
            </measValue>
            <measValue measObjLdn="PSG00420HUNB001/RSCGRP:Transmission Resource Group Bear Type=IP, Cabinet No.=0, Bearing Port No.=1, Bearing Port Type=ETH, Transmission Resource Group ID=AUTOPORT, Subboard Type=BASE_BOARD, Slot No.=7, Subrack No.=0">
                <measResults>2532768881 21190496 0 0 9307768 3629432 5626802 0 </measResults>
            </measValue>
        </measInfo>
        <measInfo measInfoId="1542455312">
            <granPeriod duration="PT3600S" endTime="2021-08-17T23:00:00+08:00"/>
            <repPeriod duration="PT3600S"/>
            <measTypes>1542460308 1542460309 1542460310 1542460311 1542460312 1542460313 1542460314 1542460315 1542460316 1542460317 1542460318 1542460319 1542460320 1542460321 1542460322 1542460323 1542460324 1542460325 1542460326 1542460327 1542460328 1542460329 1542460330 1542460331 1542460332 </measTypes>
            <measValue measObjLdn="PSG00420HUNB001/RSCGRP:Transmission Resource Group Bear Type=IP, Cabinet No.=0, Bearing Port No.=0, Bearing Port Type=ETH, Transmission Resource Group ID=AUTOPORT, Subboard Type=BASE_BOARD, Slot No.=7, Subrack No.=0">
                <measResults>0 0 0 0 0 0 0 0 0 0 0 0 0 0 0 0 0 0 0 0 0 0 0 0 0 </measResults>
            </measValue>
            <measValue measObjLdn="PSG00420HUNB001/RSCGRP:Transmission Resource Group Bear Type=IP, Cabinet No.=0, Bearing Port No.=1, Bearing Port Type=ETH, Transmission Resource Group ID=AUTOPORT, Subboard Type=BASE_BOARD, Slot No.=7, Subrack No.=0">
                <measResults>46231 46231 46231 0 0 0 0 0 0 0 0 0 0 11952180 0 0 0 1 0 0 0 0 0 0 0 </measResults>
            </measValue>
        </measInfo>
        <measInfo measInfoId="1542455309">
            <granPeriod duration="PT3600S" endTime="2021-08-17T23:00:00+08:00"/>
            <repPeriod duration="PT3600S"/>
            <measTypes>1542455826 1542455827 1542455828 1542455829 1542455833 1542455834 1542455835 1542455836 1542455837 1542455838 1542455839 1542455840 1542455841 1542455842 1542455843 1542455844 1542455845 1542455846 1542455847 1542455848 </measTypes>
            <measValue measObjLdn="PSG00420HUNB001/OMCH:Standby Status=MASTER, Bearer Type=IPV4">
                <measResults>661 169 0 0 0 0 0 0 0 503 0 0 645 0 0 0 0 598 0 47 </measResults>
            </measValue>
        </measInfo>
        <measInfo measInfoId="1542455815">
            <granPeriod duration="PT3600S" endTime="2021-08-17T23:00:00+08:00"/>
            <repPeriod duration="PT3600S"/>
            <measTypes>1542460340 1542460341 1542460342 1542460343 1542460496 1542460497 1542460498 1542460499 1542460500 1542460501 1542460502 1542460503 1542460504 1542460505 1542460506 1542460507 1542460510 </measTypes>
            <measValue measObjLdn="PSG00420HUNB001/IKE:Board Type=UMPT, Cabinet No.=0, Subrack No.=0, Slot No.=7">
                <measResults>0 0 0 0 0 0 0 0 0 0 0 0 0 0 0 0 0 </measResults>
            </measValue>
        </measInfo>
        <measInfo measInfoId="1542455817">
            <granPeriod duration="PT3600S" endTime="2021-08-17T23:00:00+08:00"/>
            <repPeriod duration="PT3600S"/>
            <measTypes>1542460356 1542460357 1542460358 1542460359 1542460360 1542460361 1542460362 1542460363 1542460364 1542460365 1542460366 1542460367 1542460368 1542460369 1542460370 1542460371 1542460372 1542460373 1542460374 1542460375 1542460376 </measTypes>
            <measValue measObjLdn="PSG00420HUNB001/SCTPLNK:Link No.=31">
                <measResults>14148634 12711842 124453 176814 0 82104 4032 31430 47720 17240 28241 41130 138357 0 0 0 0 0 0 138357 41130 </measResults>
            </measValue>
            <measValue measObjLdn="PSG00420HUNB001/SCTPLNK:Link No.=32">
                <measResults>21658623 24346655 730699 908659 0 90288 19608 48130 91824 27752 54104 342886 676884 0 0 0 0 0 0 676884 342886 </measResults>
            </measValue>
        </measInfo>
        <measInfo measInfoId="1542455818">
            <granPeriod duration="PT3600S" endTime="2021-08-17T23:00:00+08:00"/>
            <repPeriod duration="PT3600S"/>
            <measTypes>1542455526 1542455527 1542455528 1542455529 1542455530 1542455531 1542455532 1542455533 1542455534 1542455535 </measTypes>
            <measValue measObjLdn="PSG00420HUNB001/USERPLANEHOST:User Plane Host ID=3">
                <measResults>19860755 21754990 2043574530 7751830603 8421536 4541376 41546736 17225896 NIL NIL </measResults>
            </measValue>
        </measInfo>
        <measInfo measInfoId="1593835529">
            <granPeriod duration="PT3600S" endTime="2021-08-17T23:00:00+08:00"/>
            <repPeriod duration="PT3600S"/>
            <measTypes>1593835620 1593835628 1593835629 </measTypes>
            <measValue measObjLdn="PSG00420HUNB001/NODE:NODE">
                <measResults>NIL 0.776 0 </measResults>
            </measValue>
        </measInfo>
        <measInfo measInfoId="1593835533">
            <granPeriod duration="PT3600S" endTime="2021-08-17T23:00:00+08:00"/>
            <repPeriod duration="PT3600S"/>
            <measTypes>1593835647 1593835648 1593835649 </measTypes>
            <measValue measObjLdn="PSG00420HUNB001/NODE:NODE">
                <measResults>32766 32754 32760 </measResults>
            </measValue>
        </measInfo>
        <measInfo measInfoId="1593835531">
            <granPeriod duration="PT3600S" endTime="2021-08-17T23:00:00+08:00"/>
            <repPeriod duration="PT3600S"/>
            <measTypes>1593835630 1593835632 1593835633 1593835634 </measTypes>
            <measValue measObjLdn="PSG00420HUNB001/BBUBoard:Board Type=UBBP, Cabinet No.=0, Subrack No.=0, Slot No.=1">
                <measResults>0 3 2 0 </measResults>
            </measValue>
            <measValue measObjLdn="PSG00420HUNB001/BBUBoard:Board Type=UBBP, Cabinet No.=0, Subrack No.=0, Slot No.=2">
                <measResults>0 4 3 0 </measResults>
            </measValue>
            <measValue measObjLdn="PSG00420HUNB001/BBUBoard:Board Type=UBBP, Cabinet No.=0, Subrack No.=0, Slot No.=3">
                <measResults>0 4 3 0 </measResults>
            </measValue>
            <measValue measObjLdn="PSG00420HUNB001/BBUBoard:Board Type=UMPT, Cabinet No.=0, Subrack No.=0, Slot No.=7">
                <measResults>0 4 1 0 </measResults>
            </measValue>
        </measInfo>
        <measInfo measInfoId="1593835535">
            <granPeriod duration="PT3600S" endTime="2021-08-17T23:00:00+08:00"/>
            <repPeriod duration="PT3600S"/>
            <measTypes>1593835652 1593835653 1593835654 1593835655 1593835656 1593835657 1593835658 1593835659 1593835660 1593835661 1593835662 1593835663 1593835664 1593835665 1593835666 1593835667 1593835668 1593835669 1593835670 1593835671 </measTypes>
            <measValue measObjLdn="PSG00420HUNB001/RADIOEQM:Cabinet No.=0, Subrack No.=60, Slot No.=0">
                <measResults>NIL NIL NIL NIL NIL NIL NIL NIL NIL NIL 0 0 0 0 0 0 0 0 0 0 </measResults>
            </measValue>
            <measValue measObjLdn="PSG00420HUNB001/RADIOEQM:Cabinet No.=0, Subrack No.=61, Slot No.=0">
                <measResults>NIL NIL NIL NIL NIL NIL NIL NIL NIL NIL 0 0 0 0 0 0 0 0 0 0 </measResults>
            </measValue>
            <measValue measObjLdn="PSG00420HUNB001/RADIOEQM:Cabinet No.=0, Subrack No.=62, Slot No.=0">
                <measResults>NIL NIL NIL NIL NIL NIL NIL NIL NIL NIL 0 0 0 0 0 0 0 0 0 0 </measResults>
            </measValue>
            <measValue measObjLdn="PSG00420HUNB001/RADIOEQM:Cabinet No.=0, Subrack No.=80, Slot No.=0">
                <measResults>NIL NIL NIL NIL NIL NIL NIL NIL NIL NIL 0 0 0 0 0 0 0 0 0 0 </measResults>
            </measValue>
            <measValue measObjLdn="PSG00420HUNB001/RADIOEQM:Cabinet No.=0, Subrack No.=81, Slot No.=0">
                <measResults>NIL NIL NIL NIL NIL NIL NIL NIL NIL NIL 0 0 0 0 0 0 0 0 0 0 </measResults>
            </measValue>
            <measValue measObjLdn="PSG00420HUNB001/RADIOEQM:Cabinet No.=0, Subrack No.=82, Slot No.=0">
                <measResults>NIL NIL NIL NIL NIL NIL NIL NIL NIL NIL 0 0 0 0 0 0 0 0 0 0 </measResults>
            </measValue>
        </measInfo>
        <measInfo measInfoId="1593835539">
            <granPeriod duration="PT3600S" endTime="2021-08-17T23:00:00+08:00"/>
            <repPeriod duration="PT3600S"/>
            <measTypes>1593835767 </measTypes>
            <measValue measObjLdn="PSG00420HUNB001/RADIOEQM:Cabinet No.=0, Subrack No.=60, Slot No.=0">
                <measResults>3600 </measResults>
            </measValue>
            <measValue measObjLdn="PSG00420HUNB001/RADIOEQM:Cabinet No.=0, Subrack No.=61, Slot No.=0">
                <measResults>3600 </measResults>
            </measValue>
            <measValue measObjLdn="PSG00420HUNB001/RADIOEQM:Cabinet No.=0, Subrack No.=62, Slot No.=0">
                <measResults>3600 </measResults>
            </measValue>
            <measValue measObjLdn="PSG00420HUNB001/RADIOEQM:Cabinet No.=0, Subrack No.=80, Slot No.=0">
                <measResults>3600 </measResults>
            </measValue>
            <measValue measObjLdn="PSG00420HUNB001/RADIOEQM:Cabinet No.=0, Subrack No.=81, Slot No.=0">
                <measResults>3600 </measResults>
            </measValue>
            <measValue measObjLdn="PSG00420HUNB001/RADIOEQM:Cabinet No.=0, Subrack No.=82, Slot No.=0">
                <measResults>3600 </measResults>
            </measValue>
        </measInfo>
        <measInfo measInfoId="1593835544">
            <granPeriod duration="PT3600S" endTime="2021-08-17T23:00:00+08:00"/>
            <repPeriod duration="PT3600S"/>
            <measTypes>1593835835 </measTypes>
            <measValue measObjLdn="PSG00420HUNB001/BU:Cabinet No.=0, Subrack No.=0">
                <measResults>0.21308833 </measResults>
            </measValue>
        </measInfo>
        <measInfo measInfoId="1593835545">
            <granPeriod duration="PT3600S" endTime="2021-08-17T23:00:00+08:00"/>
            <repPeriod duration="PT3600S"/>
            <measTypes>1593835836 </measTypes>
            <measValue measObjLdn="PSG00420HUNB001/BTSBoard:Cabinet No.=0, Subrack No.=60, Slot No.=0">
                <measResults>0.19231665 </measResults>
            </measValue>
            <measValue measObjLdn="PSG00420HUNB001/BTSBoard:Cabinet No.=0, Subrack No.=61, Slot No.=0">
                <measResults>0.22891416 </measResults>
            </measValue>
            <measValue measObjLdn="PSG00420HUNB001/BTSBoard:Cabinet No.=0, Subrack No.=62, Slot No.=0">
                <measResults>0.16257416 </measResults>
            </measValue>
            <measValue measObjLdn="PSG00420HUNB001/BTSBoard:Cabinet No.=0, Subrack No.=80, Slot No.=0">
                <measResults>0.27226669 </measResults>
            </measValue>
            <measValue measObjLdn="PSG00420HUNB001/BTSBoard:Cabinet No.=0, Subrack No.=81, Slot No.=0">
                <measResults>0.23814334 </measResults>
            </measValue>
            <measValue measObjLdn="PSG00420HUNB001/BTSBoard:Cabinet No.=0, Subrack No.=82, Slot No.=0">
                <measResults>0.24526668 </measResults>
            </measValue>
        </measInfo>
        <measInfo measInfoId="50331648">
            <granPeriod duration="PT3600S" endTime="2021-08-17T23:00:00+08:00"/>
            <repPeriod duration="PT3600S"/>
            <measTypes>50331654 50331655 50331656 50331657 50331658 50331659 50331660 50331661 50331662 50331663 50331664 50331665 50331666 50331667 50331668 50331669 50331670 50331671 50331672 50331673 50331674 50331675 50331676 50331677 50331678 50331679 50331680 50331681 50331682 50331683 50331684 50331685 50331686 50331687 50331688 50331689 50331690 50331691 50331692 50331693 50331694 50331695 50331696 50331697 50331698 50331699 50331709 50331710 50331711 50331712 50331713 50331714 50331717 50331718 50331719 50331720 50331721 50331722 50331723 50331724 50331745 50331746 50331754 50331755 50331756 50331757 50331758 50331759 50331760 50331761 50331762 50331763 50331764 50331765 50331766 50331767 50331768 50331769 50331770 50331771 50331772 50331773 50331774 50331775 50331776 50331777 50331778 50331779 50331780 50331781 50331782 50331783 50331784 50331785 50331786 50331787 50331788 50331789 50331790 50331791 50331792 50331793 50331794 50331795 50331796 50331797 50331798 50331799 50331800 50331801 50331802 50331803 50331804 50331805 50331806 50331807 50331808 50331809 50331810 50331811 50331812 50331813 50331814 50331815 50331816 50331817 50331818 50331819 50331820 50331821 50331838 50331839 50331840 50332168 50332169 50332170 50332173 50332174 50332215 50332216 50332217 50341648 50341649 50341650 50341651 50341652 50341653 50341654 50341655 50341656 50341657 50341658 50341659 50341668 50341669 50341670 50341671 50341672 50341675 50341676 50341677 50341678 50341679 50341680 50341685 50341686 50341687 50341688 50341689 50341690 50341691 50341692 50341693 50341694 50341695 50341696 50341697 50341698 50341699 50341700 50341701 50341702 50341703 50341704 50341705 50341706 50341707 50341708 50341709 50341710 50341711 50341712 50341713 50341714 50341715 50341716 50341717 50341722 50341739 50341740 </measTypes>
            <measValue measObjLdn="PSG00420HUNB001/ULoCell:NodeB Function Name=PSG00420HUNB001, Local Cell ID=10111, Cell Name=N/A">
                <measResults>1521311 185316 111372 1330618 169415 12962 5498 2818 0 0 0 0 0 0 15901 69295 121646 41813 62695 73923 135935 129550 241209 275040 364942 388975 440944 445130 395651 394268 245234 226087 157266 150131 98028 72678 61149 58991 71430 75855 148809 150640 92635 35531 17127 9879 35131 1768841 0 0 0 0 0 0 0 0 0 244115 1539127 1818373 3971462 4750868952 0 169947 29031 36062 29331 37276 40698 112657 61637 83522 85689 106071 122783 149455 142712 135647 92068 80879 63103 51622 36978 27924 22997 15815 16351 9817 9034 9508 8803 7765 7388 15712 0 0 0 0 0 0 0 0 0 0 0 0 0 0 0 0 0 0 0 0 0 0 0 0 0 0 0 0 0 0 0 0 0 0 0 0 4750751630 1538636 45335 0 0 0 0 0 0 0 0 252 362 33 540 977 19 252 295 540 632 1000 854 1301167 3926066 25194 1301167 1523615 38 110 4 386 601 12 0 42 0 5.857 11.302 10.842 12 0.205 24 168 20 1 0 0 0 0 0 NIL 537 674 382 0 0 0 0 0 0 0 0 0 0 0 0 12987 1 103 </measResults>
            </measValue>
            <measValue measObjLdn="PSG00420HUNB001/ULoCell:NodeB Function Name=PSG00420HUNB001, Local Cell ID=10112, Cell Name=N/A">
                <measResults>848472 83502 41655 763448 78010 3899 1896 1219 0 0 0 0 0 0 6073 18012 8189 10844 14111 17418 32799 33721 56634 59354 77311 89450 116128 137005 158416 198621 158250 150061 156690 206561 199801 179974 141491 72870 41202 28021 30174 10373 3325 2163 1239 1097 2587 958281 0 0 0 0 0 0 0 0 0 455184 515943 973714 1358928 4610635955 0 73723 3835 2544 5427 17179 12052 41236 17049 21834 19176 33740 34222 59149 43626 61485 48388 53776 38610 41457 45088 67509 89620 63927 38685 16357 9793 5840 4146 2192 614 1180 0 0 0 0 0 0 0 0 0 0 0 0 0 0 0 0 0 0 0 0 0 0 0 0 0 0 0 0 0 0 0 0 0 0 0 0 4610276969 904135 34197 0 0 0 0 0 0 0 0 135 318 22 337 996 10 135 268 337 670 1000 502 1268236 6877069 35350 1268236 2526367 14 59 1 258 736 5 0 15 0 4.255 12.95 12.599 13.868 0.136 18 102 5 0 0 0 0 0 0 NIL 696 803 531 0 0 0 0 0 0 0 0 0 0 0 0 16899 0 1 </measResults>
            </measValue>
            <measValue measObjLdn="PSG00420HUNB001/ULoCell:NodeB Function Name=PSG00420HUNB001, Local Cell ID=10113, Cell Name=N/A">
                <measResults>1067983 134008 68183 922876 137321 4701 1943 1142 0 0 0 0 0 0 10985 7280 7170 3497 4786 5813 13649 17921 35812 47187 68426 83286 105309 122065 122576 159570 139108 161951 128759 177228 179204 151849 177508 142179 94158 60291 34400 14838 5010 1197 313 243 5614 1244585 0 0 0 0 0 0 0 0 0 823188 441425 1270227 1757863 8853868375 0 83054 3314 1850 4205 17552 7953 76777 13296 14331 11554 23177 25683 32050 36854 36804 33003 36083 34774 39158 39468 51272 91187 128961 184403 147893 68502 15984 4046 2648 2459 1862 0 0 0 0 0 0 0 0 0 0 0 0 0 0 0 0 0 0 0 0 0 0 0 0 0 0 0 0 0 0 0 0 0 0 0 0 8853716170 1154879 22899 0 0 0 0 0 0 0 0 176 333 33 508 998 42 176 274 508 791 1000 641 2440217 8561725 133462 2440217 3806891 14 65 2 381 760 27 0 10 0 6.388 12.974 12.554 13.457 0.508 12 103 7 0 0 0 0 0 0 NIL 731 805 547 0 0 0 0 0 0 0 0 0 0 0 0 18166 0 0 </measResults>
            </measValue>
            <measValue measObjLdn="PSG00420HUNB001/ULoCell:NodeB Function Name=PSG00420HUNB001, Local Cell ID=50111, Cell Name=N/A">
                <measResults>858572 96791 84348 752973 91610 7777 4072 2140 0 0 0 0 0 0 12260 2654 6051 2256 2722 4316 8285 7690 17779 26258 56439 92795 159296 213209 244573 304805 224737 269545 223457 250654 223264 183017 170146 140896 131048 115742 158951 140688 115475 88926 76143 143858 48184 1034314 0 0 0 0 0 0 0 0 0 280926 710699 1039809 1556866 4376134333 0 127327 6988 3028 3215 7369 5777 68302 12189 22611 20680 36469 43626 62966 57841 77598 67697 69231 53901 59169 43371 35451 32169 22887 19306 11761 11028 9343 6237 7639 4544 29937 0 0 0 0 0 0 0 0 0 0 0 0 0 0 0 0 0 0 0 0 0 0 0 0 0 0 0 0 0 0 0 0 0 0 0 0 4375820780 914294 13267 0 0 0 0 0 0 0 0 144 327 11 356 996 4 144 283 356 703 1000 507 1203009 11757062 2810 1203009 2372799 30 126 3 296 806 3 0 3 0 4.157 11.946 11.665 13 0.044 7 124 11 0 0 0 0 0 0 NIL 794 884 669 0 0 0 0 0 0 0 0 0 0 0 0 17553 0 0 </measResults>
            </measValue>
            <measValue measObjLdn="PSG00420HUNB001/ULoCell:NodeB Function Name=PSG00420HUNB001, Local Cell ID=50112, Cell Name=N/A">
                <measResults>1521012 189739 92553 1324737 177758 9801 5823 2893 0 0 0 0 0 0 11944 1352 11107 1043 1519 2429 5490 5657 11674 15627 30023 44813 79470 124435 165509 257857 244099 345257 337627 385846 332085 283168 276030 254131 263809 254337 380867 277515 192806 98817 55770 32490 124569 1800266 0 0 0 0 0 0 0 0 0 886347 792448 1803364 2962226 11257673864 0 168419 4757 2507 2892 6780 8380 103263 14385 13873 13146 25999 33746 62685 50067 83394 88152 124453 84187 100155 100539 90443 86375 81402 89692 72315 71803 64065 34302 38613 27962 54435 0 0 0 0 0 0 0 0 0 0 0 0 0 0 0 0 0 0 0 0 0 0 0 0 0 0 0 0 0 0 0 0 0 0 0 0 11257425506 1426081 4775 0 0 0 0 0 0 0 0 250 412 44 689 997 24 250 315 689 871 1000 792 3100408 8436586 85451 3100408 3914657 34 89 4 560 847 14 0 3 0 8.227 12.926 11.936 13.283 0.299 2 200 28 3 0 0 0 0 0 NIL 826 893 704 0 0 0 0 0 0 0 0 0 0 0 0 20022 0 0 </measResults>
            </measValue>
            <measValue measObjLdn="PSG00420HUNB001/ULoCell:NodeB Function Name=PSG00420HUNB001, Local Cell ID=50113, Cell Name=N/A">
                <measResults>486004 59229 40622 421838 54853 4962 3209 1142 0 0 0 0 0 0 4962 314 1291 405 495 696 1464 1726 3757 5817 14851 19567 33573 37569 39475 43857 34445 42353 41612 47405 58697 52793 91499 66844 102312 60843 81175 55697 44698 34814 31416 30599 8625 583308 0 0 0 0 0 0 0 0 0 112434 464861 585920 662258 2477958747 0 29989 2679 1193 946 1268 1609 14356 2870 5772 11189 27284 43309 73331 69608 60944 43567 35325 25341 20591 14843 18167 14319 10798 9923 10034 9041 11189 3376 5151 2753 5050 0 0 0 0 0 0 0 0 0 0 0 0 0 0 0 0 0 0 0 0 0 0 0 0 0 0 0 0 0 0 0 0 0 0 0 0 2477835019 567021 4167 0 0 0 0 0 0 0 0 81 284 0 217 965 0 82 256 221 694 981 315 681749 5760010 0 694953 2164283 14 87 0 237 866 0 0 5 0 2.953 12.705 13.594 14 0 2 33 0 0 0 0 0 0 0 NIL 893 917 834 0 0 0 0 0 0 0 0 0 0 0 0 16448 0 0 </measResults>
            </measValue>
            <measValue measObjLdn="PSG00420HUNB001/ULoCell:NodeB Function Name=PSG00420HUNB001, Local Cell ID=60111, Cell Name=N/A">
                <measResults>967696 126063 59714 834942 121067 7389 2795 1503 0 0 0 0 0 0 7887 3766 5023 3901 7488 10656 21996 24578 54000 82347 136305 193289 281047 258159 225121 249460 209898 211881 174524 175281 142790 117481 99604 76838 63759 60413 96259 93263 62714 33902 26657 15130 59338 1145130 0 0 0 0 0 0 0 0 0 295666 798663 1153667 1701817 5145542945 0 104756 6264 1843 2564 4458 5108 86703 13330 16136 16847 28745 41869 70849 80862 108998 89484 88067 58451 58278 48535 41738 32792 23979 20266 13558 11718 11254 9398 8826 9078 38731 0 0 0 0 0 0 0 0 0 0 0 0 0 0 0 0 0 0 0 0 0 0 0 0 0 0 0 0 0 0 0 0 0 0 0 0 5145148527 998086 14706 0 0 0 0 0 0 0 0 160 348 18 416 998 10 160 287 416 748 1000 554 1414812 9046907 14778 1414812 2553812 32 99 2 347 814 7 0 2 0 5.043 12.154 12.112 13.072 0.122 8 140 12 0 0 0 0 0 0 NIL 816 889 708 0 0 0 0 0 0 0 0 0 0 0 0 15063 0 0 </measResults>
            </measValue>
            <measValue measObjLdn="PSG00420HUNB001/ULoCell:NodeB Function Name=PSG00420HUNB001, Local Cell ID=60112, Cell Name=N/A">
                <measResults>1481012 205726 62185 1276572 191677 7605 3609 1549 0 0 0 0 0 0 9677 9246 6313 4846 7640 9082 15804 18719 42181 71741 141203 171728 238064 291909 301461 364589 301743 318147 257814 284880 282557 255174 252726 205005 196472 164442 261853 161126 82600 31979 14748 5425 112148 1739631 0 0 0 0 0 0 0 0 0 760825 876087 1749060 4056645 10982832671 0 138973 8007 2286 3517 7481 9435 73931 12385 13519 10902 24140 26199 52071 59652 97379 100948 139137 121938 127872 106081 83019 65389 62916 80972 69449 63290 49810 33112 29738 29247 46204 0 0 0 0 0 0 0 0 0 0 0 0 0 0 0 0 0 0 0 0 0 0 0 0 0 0 0 0 0 0 0 0 0 0 0 0 10982545206 1445022 11814 0 0 0 0 0 0 0 0 242 362 29 720 996 52 242 301 720 898 1000 802 3025337 7045387 166694 3025337 3772241 32 97 6 578 827 38 0 10 0 8.606 12.878 11.937 13 0.679 6 172 20 1 0 0 0 0 0 NIL 815 875 726 0 0 0 0 0 0 0 0 0 0 0 0 16484 0 0 </measResults>
            </measValue>
            <measValue measObjLdn="PSG00420HUNB001/ULoCell:NodeB Function Name=PSG00420HUNB001, Local Cell ID=60113, Cell Name=N/A">
                <measResults>375577 55197 59716 318187 47494 5410 2928 1558 0 0 0 0 0 0 9179 1154 2977 1326 1396 2427 4573 6984 15826 30925 54051 71036 84976 88598 86025 101372 107370 144882 126487 85531 88088 67512 77270 54754 64031 51160 79022 58950 50681 28585 12881 6998 14336 483422 0 0 0 0 0 0 0 0 0 184658 291521 490515 565452 2340436835 0 62685 8171 759 1044 4418 3662 34037 5958 7073 5566 14834 16363 27653 21017 23574 24566 21359 18949 20393 17195 18101 18854 19645 24583 17206 16480 11639 7578 5062 5958 6050 0 0 0 0 0 0 0 0 0 0 0 0 0 0 0 0 0 0 0 0 0 0 0 0 0 0 0 0 0 0 0 0 0 0 0 0 2340165479 456843 11168 0 0 0 0 0 0 0 0 68 284 0 160 900 0 68 263 161 623 996 253 643898 5438138 0 646484 2545051 14 116 0 143 783 0 0 14 0 2.103 11.697 13.066 14 0 6 72 3 0 0 0 0 0 0 NIL 871 912 792 0 0 0 0 0 0 0 0 0 0 0 0 16952 0 0 </measResults>
            </measValue>
        </measInfo>
        <measInfo measInfoId="50331650">
            <granPeriod duration="PT3600S" endTime="2021-08-17T23:00:00+08:00"/>
            <repPeriod duration="PT3600S"/>
            <measTypes>50332548 50332549 50332550 50332554 50342548 50342549 50342550 50342554 50342612 50342613 50342615 50342616 </measTypes>
            <measValue measObjLdn="PSG00420HUNB001/ULoCell:NodeB Function Name=PSG00420HUNB001, Local Cell ID=10111, Cell Name=N/A">
                <measResults>0 0 58.043 27.936 0 0 80 40 0 0 0 0 </measResults>
            </measValue>
            <measValue measObjLdn="PSG00420HUNB001/ULoCell:NodeB Function Name=PSG00420HUNB001, Local Cell ID=10112, Cell Name=N/A">
                <measResults>0 0 19.706 8.693 0 0 39 18 0 0 0 0 </measResults>
            </measValue>
            <measValue measObjLdn="PSG00420HUNB001/ULoCell:NodeB Function Name=PSG00420HUNB001, Local Cell ID=10113, Cell Name=N/A">
                <measResults>0 0 34.845 13.294 0 0 58.5 27 0 0 0 0 </measResults>
            </measValue>
            <measValue measObjLdn="PSG00420HUNB001/ULoCell:NodeB Function Name=PSG00420HUNB001, Local Cell ID=50111, Cell Name=N/A">
                <measResults>0 0 35.126 16.997 0 0 54.5 33 0 0 0 0 </measResults>
            </measValue>
            <measValue measObjLdn="PSG00420HUNB001/ULoCell:NodeB Function Name=PSG00420HUNB001, Local Cell ID=50112, Cell Name=N/A">
                <measResults>0 0 32.98 15.276 0 0 55.5 25 0 0 0 0 </measResults>
            </measValue>
            <measValue measObjLdn="PSG00420HUNB001/ULoCell:NodeB Function Name=PSG00420HUNB001, Local Cell ID=50113, Cell Name=N/A">
                <measResults>0 0 9.257 3.979 0 0 25 10 0 0 0 0 </measResults>
            </measValue>
            <measValue measObjLdn="PSG00420HUNB001/ULoCell:NodeB Function Name=PSG00420HUNB001, Local Cell ID=60111, Cell Name=N/A">
                <measResults>0 0 28.51 13.135 0 0 45.5 22 0 0 0 0 </measResults>
            </measValue>
            <measValue measObjLdn="PSG00420HUNB001/ULoCell:NodeB Function Name=PSG00420HUNB001, Local Cell ID=60112, Cell Name=N/A">
                <measResults>0 0 35.628 16.881 0 0 57 30 0 0 0 0 </measResults>
            </measValue>
            <measValue measObjLdn="PSG00420HUNB001/ULoCell:NodeB Function Name=PSG00420HUNB001, Local Cell ID=60113, Cell Name=N/A">
                <measResults>0 0 15.762 6.825 0 0 30.5 15 0 0 0 0 </measResults>
            </measValue>
        </measInfo>
        <measInfo measInfoId="50331651">
            <granPeriod duration="PT3600S" endTime="2021-08-17T23:00:00+08:00"/>
            <repPeriod duration="PT3600S"/>
            <measTypes>50331850 50331851 50331852 50331853 50331854 50331855 50331856 50331857 50331858 50331859 50331860 50331861 50331862 50331863 50331864 50331865 50331866 50331867 50331868 50331869 50331870 50331871 50331872 50331873 50331874 50331875 50331876 50331877 50331878 50331879 50331885 50331886 50331887 50331888 50331889 50331892 50331903 50331904 50331908 50331925 50331926 50331927 50331928 50331929 50331930 50331931 50331957 50331958 50331959 50331961 50331962 50331963 50331964 50331965 50331966 50331967 50331971 50331972 50331973 50331974 50331987 50331988 50331989 50331990 50331991 50331992 50331993 50331995 50332378 50332379 50332380 50332385 50332386 50332387 50332498 50332499 50332500 50332501 50332503 50332507 50332623 50332638 50341849 50341850 50341851 50341852 50341853 50341854 50341855 50341856 50341857 50341858 50341859 50341864 50341865 50341866 50341868 50341869 50341870 50341871 50341872 50341873 50341874 50341875 50341876 50341877 50341878 50341879 50341880 50341881 50341882 50341883 50341884 50341885 50341886 50341887 50341888 50341889 50341890 50341891 50341892 50341893 50341894 50341895 50341896 50341897 50341898 50341980 50341981 50341982 50341983 50341984 50341985 50341986 50341994 50361698 50361699 50361701 </measTypes>
            <measValue measObjLdn="PSG00420HUNB001/ULoCell:NodeB Function Name=PSG00420HUNB001, Local Cell ID=10111, Cell Name=N/A">
                <measResults>1776015 19389 3386 644 220 47 39 14 23 14 11 6 11 6 2 4 3 6 7 1 1 0 0 0 0 156 171 5363655 1800005 1799655 3733655 1248322 26918069 1640354 396008 9 649 745 1699432 0 0 0 0 0 0 0 0 6 4 0 0 0 0 0 0 0 7673 15845 9105 472051 71491 195450 417267 688414 200401 69344 36798 3172159 1195929 459182 849046 2.932 403752 835711 0 0 NIL NIL 0 2.432 0 0 127 8.46 18.903 0.167 0.329 6 0 0 0 80 0 439 386 0 NIL NIL 3.919 0.896 0.017 0.001 0 0 0 0 0 0 0 0 0 2620105.75 16.584 1.186 0.347 0.155 0.189 0.043 0.011 0.002 2.251 0 0 52 NIL NIL 529 13049.568 41789.438 98747.945 215042.125 69424.266 39193.629 26375.676 376592.375 0 NIL 0 </measResults>
            </measValue>
            <measValue measObjLdn="PSG00420HUNB001/ULoCell:NodeB Function Name=PSG00420HUNB001, Local Cell ID=10112, Cell Name=N/A">
                <measResults>1786950 9094 2989 539 47 31 14 17 36 27 33 18 0 0 0 0 0 0 0 0 0 0 0 0 0 210 210 1896821 1800006 1690200 1583396 348592 13830953 1155741 123857 4 413 451 1231696 135 0 0 0 0 0 0 0 24 21 156 0 0 0 0 0 0 1325 5814 6312 757626 9401 52065 86440 164011 123128 28648 1097 614576 643246 679932 235914 0.84 376842 296172 0 0 NIL NIL 0 0.676 0 0 98 3.021 8.398 0.075 0.185 2 0 0 0 43 0 143 126 0 NIL NIL 2.665 0.163 0.005 0.001 0 0 15.99 0 0 0 0 0 0 998793.813 6.91 0.547 0.167 0.081 0.103 0.025 0.007 0.001 1.646 0 0 60 NIL NIL 136 1806.768 10539.306 24830.475 65421.355 80710.453 21821.902 995.144 107481.375 0 NIL 0 </measResults>
            </measValue>
            <measValue measObjLdn="PSG00420HUNB001/ULoCell:NodeB Function Name=PSG00420HUNB001, Local Cell ID=10113, Cell Name=N/A">
                <measResults>1785388 11613 1969 314 51 23 2 6 3 1 2 2 1 6 0 0 0 0 0 0 0 0 0 0 0 625 625 1685163 1800006 1750508 1512709 379395 13619135 1323782 200920 6 427 515 1644157 0 0 0 0 0 0 0 0 24 22 0 0 0 0 0 0 0 4840 6806 38809 879949 5239 23707 59488 174624 648752 364741 2070 1012985 1981539 923074 349934 1.296 1474796 549564 0 0 NIL NIL 0 0.764 0 0 92 2.53 7.548 0.108 0.219 3 0 0 0 54 0 133 135 0 NIL NIL 2.223 0.271 0.21 0.048 0.001 0 0 0 0 0 0 0 0 2161409.25 6.549 0.351 0.123 0.074 0.15 0.048 0.023 0.001 1.907 0 0 74 NIL NIL 360 887.628 4239.774 12484.89 56328.074 995454.563 568755 1277.166 844088.563 0 NIL 0 </measResults>
            </measValue>
            <measValue measObjLdn="PSG00420HUNB001/ULoCell:NodeB Function Name=PSG00420HUNB001, Local Cell ID=50111, Cell Name=N/A">
                <measResults>1712669 34245 6930 6193 5785 2485 1415 1321 2349 2631 2596 2828 3474 5639 5705 2370 751 218 85 39 75 83 16 20 6 81 656 3378208 1800009 1793250 2141541 1730520 22039005 1344448 1239746 14 685 746 1361560 28327 23099 20800 14400 7850 100 0 5 30 32 178578 146510 129376 88461 48776 422 0 7987 10734 8053 462889 2623 8781 59481 344211 317933 140159 75096 2074240 713058 453101 385217 2.638 359152 381232 0 0 NIL NIL 0 2.42 0 0 99 6.583 17.244 0.116 0.218 6 0 0 0 80 0 373 333 0 NIL NIL 4.08 0.18 0.007 0.001 0 0 16017.154 13150.662 12010.02 8404.266 4851.774 38.526 0 1117366.5 13.506 0.6 0.195 0.08 0.094 0.021 0.007 0.001 2.831 0 0 49 NIL NIL 499 604.452 1628.538 11092.156 81147.594 86284.141 54729.746 54861.676 154824.172 0 NIL 0 </measResults>
            </measValue>
            <measValue measObjLdn="PSG00420HUNB001/ULoCell:NodeB Function Name=PSG00420HUNB001, Local Cell ID=50112, Cell Name=N/A">
                <measResults>1677418 47908 9688 7814 6816 4925 3806 3227 4449 2794 2452 2423 1199 649 495 501 324 249 276 286 910 2426 5243 7850 498 5384 23170 2961716 1800010 1796526 2624700 772107 21621116 2045704 488028 22 620 710 1672121 36843 26570 25274 22993 22800 22400 19400 23 32 43 255840 215371 210336 201677 200625 198659 168730 10349 9691 12974 1194804 8172 7578 30202 248097 721909 290488 128585 2451413 1246698 1056369 554215 2.736 821156 478945 0 0 NIL NIL 0 2.378 0 0 92 5.752 12.387 0.136 0.514 7 0 0 0 82 0 383 330 5 NIL NIL 4.897 0.41 0.021 0.004 0 0 29465.006 17292.574 16338.254 14078.606 13905.104 13711.04 11607.116 1651753.75 11.227 0.748 0.218 0.079 0.093 0.021 0.007 0.001 3.048 0 22 70 NIL NIL 369 1055.184 1335.846 6148.044 57374.359 156986.281 149517.406 93594.32 179352.844 0 NIL 0 </measResults>
            </measValue>
            <measValue measObjLdn="PSG00420HUNB001/ULoCell:NodeB Function Name=PSG00420HUNB001, Local Cell ID=50113, Cell Name=N/A">
                <measResults>0 2855 104328 508134 527333 363706 200409 50975 13022 5954 5603 6357 5644 3318 1246 580 223 115 51 33 32 13 15 17 6 40 338 1163882 1797682 1366781 624482 195895 5177070 383759 113980 3 402 457 706051 247220 20651 15894 3990 1133 0 0 1 34 30 502802 58816 44268 12932 3845 0 0 4296 2002 2471 158632 310 900 6470 38093 72875 66123 29740 484941 275369 143416 138218 0.438 135047 149633 0 0 NIL NIL 0 0.316 0 0 152 1.373 4.66 0.036 0.316 8 0 0 0 35 0 104 94 0 NIL NIL 1.215 0.121 0.007 0.001 0 0 110501.328 16144.198 11365.874 3957.048 881.844 0 0 445052.344 2.522 0.245 0.073 0.025 0.027 0.006 0.001 0 0.865 0 1 42 NIL NIL 398 108.15 234.366 1847.72 16168.176 30006.92 36902.105 20753.826 39511.832 0 NIL 0 </measResults>
            </measValue>
            <measValue measObjLdn="PSG00420HUNB001/ULoCell:NodeB Function Name=PSG00420HUNB001, Local Cell ID=60111, Cell Name=N/A">
                <measResults>884816 443865 205778 85493 47489 38158 27888 18041 18729 11037 8684 4265 2293 1170 539 372 243 161 110 118 150 120 119 141 15 213 1164 3418515 1800007 1789783 1906340 661820 19900722 1131787 286376 12 530 594 1426373 86299 10501 3999 500 250 50 0 26 58 74 390108 42073 16729 2381 1123 96 0 12776 11514 6576 392489 2965 24202 104953 275244 144290 65471 47840 1147295 754646 515963 403476 1.786 328001 454516 0 0 NIL NIL 0 1.634 0 0 118 5.037 11.192 0.091 0.216 4 0 0 0 55 0 260 223 0 NIL NIL 3.115 0.122 0.006 0.002 0 0 74233.195 9359.098 3736.47 900.726 656.232 6.786 0 1294807.375 11.283 0.915 0.313 0.124 0.142 0.029 0.008 0.001 2.098 0 0 42 NIL NIL 330 696.114 4471.5 26805.863 88473.586 55901.867 31905.473 35850.555 131785.938 0 NIL 0 </measResults>
            </measValue>
            <measValue measObjLdn="PSG00420HUNB001/ULoCell:NodeB Function Name=PSG00420HUNB001, Local Cell ID=60112, Cell Name=N/A">
                <measResults>1483761 76315 24667 17022 13540 10086 8199 7020 11665 10297 9949 9357 9707 10109 11920 17366 19989 20548 13459 6521 4087 1055 400 390 70 2507 53382 3813254 1800006 1791378 2218490 603232 22175219 1766883 361629 20 629 718 1665403 167054 130971 119152 95798 84676 37023 0 192 48 222 842505 664856 605678 485646 428637 180702 0 23631 17520 21266 808025 9310 30113 125305 481415 313118 261896 97560 2113380 1183054 717891 665052 2.198 533558 694580 0 0 NIL NIL 0 1.898 0 0 120 5.283 12.844 0.157 0.362 7 0 0 0 89 0 405 333 28 NIL NIL 4.153 0.23 0.011 0.003 0 0 118327.992 82002.852 71898.172 53909.254 45532.344 15542.838 0 1530356.375 11.611 0.893 0.292 0.134 0.185 0.033 0.009 0.001 2.88 0 27 70 NIL NIL 385 2379.6 5584.982 27378.539 134879.781 122273.242 129118.078 66877.797 219024.453 0 NIL 0 </measResults>
            </measValue>
            <measValue measObjLdn="PSG00420HUNB001/ULoCell:NodeB Function Name=PSG00420HUNB001, Local Cell ID=60113, Cell Name=N/A">
                <measResults>0 0 0 0 0 0 0 0 0 0 0 10577 102684 459950 633557 178561 275683 45741 11768 9821 23875 28996 10559 2549 628 5058 151786 2159484 1799143 1603576 925989 201672 9835360 527932 126514 9 400 596 1052152 1603568 1603568 1603568 1525467 1196006 130429 15071 63 57 101 3717261 3717261 3717261 3541897 2856881 382411 43954 4612 6554 8845 138276 597 5793 49847 147463 147495 143619 74475 817932 328548 115878 280944 0.716 70677 270738 0 0 NIL NIL 0 0.592 0 0 159 2.065 6.299 0.056 0.327 6 7 0 0 62 0 132 137 190 NIL NIL 1.494 0.064 0.002 0.001 0 0 578070.5 578070.5 578070.5 553197.688 437197.75 40659.727 2997.018 578070.5 5.278 0.403 0.153 0.053 0.06 0.008 0.002 0 1.026 0 149 19 NIL NIL 431 149.382 1335.78 7983.738 27483.197 36639.617 41977.551 29099.512 60524.762 0 NIL 0 </measResults>
            </measValue>
        </measInfo>
        <measInfo measInfoId="50331653">
            <granPeriod duration="PT3600S" endTime="2021-08-17T23:00:00+08:00"/>
            <repPeriod duration="PT3600S"/>
            <measTypes>50331748 50331749 50331750 50331751 50331752 50331753 50361697 </measTypes>
            <measValue measObjLdn="PSG00420HUNB001/ULoCell:NodeB Function Name=PSG00420HUNB001, Local Cell ID=10111, Cell Name=N/A">
                <measResults>0.221 0.213 0.221 0.176 0 0 0.485 </measResults>
            </measValue>
            <measValue measObjLdn="PSG00420HUNB001/ULoCell:NodeB Function Name=PSG00420HUNB001, Local Cell ID=10112, Cell Name=N/A">
                <measResults>0.275 0.247 0.275 0.211 0 0 0.337 </measResults>
            </measValue>
            <measValue measObjLdn="PSG00420HUNB001/ULoCell:NodeB Function Name=PSG00420HUNB001, Local Cell ID=10113, Cell Name=N/A">
                <measResults>0.156 0.144 0.156 0.128 0 0 0.526 </measResults>
            </measValue>
            <measValue measObjLdn="PSG00420HUNB001/ULoCell:NodeB Function Name=PSG00420HUNB001, Local Cell ID=50111, Cell Name=N/A">
                <measResults>0.625 0.564 0.625 0.517 0 0 0.079 </measResults>
            </measValue>
            <measValue measObjLdn="PSG00420HUNB001/ULoCell:NodeB Function Name=PSG00420HUNB001, Local Cell ID=50112, Cell Name=N/A">
                <measResults>0.314 0.272 0.314 0.251 0 0 0.056 </measResults>
            </measValue>
            <measValue measObjLdn="PSG00420HUNB001/ULoCell:NodeB Function Name=PSG00420HUNB001, Local Cell ID=50113, Cell Name=N/A">
                <measResults>0.24 0.178 0.24 0.144 0 0 0.429 </measResults>
            </measValue>
            <measValue measObjLdn="PSG00420HUNB001/ULoCell:NodeB Function Name=PSG00420HUNB001, Local Cell ID=60111, Cell Name=N/A">
                <measResults>0.421 0.368 0.421 0.344 0 0 0.353 </measResults>
            </measValue>
            <measValue measObjLdn="PSG00420HUNB001/ULoCell:NodeB Function Name=PSG00420HUNB001, Local Cell ID=60112, Cell Name=N/A">
                <measResults>0.188 0.147 0.188 0.136 0 0 0.082 </measResults>
            </measValue>
            <measValue measObjLdn="PSG00420HUNB001/ULoCell:NodeB Function Name=PSG00420HUNB001, Local Cell ID=60113, Cell Name=N/A">
                <measResults>0.25 0.203 0.25 0.196 0 0 0.276 </measResults>
            </measValue>
        </measInfo>
        <measInfo measInfoId="50331658">
            <granPeriod duration="PT3600S" endTime="2021-08-17T23:00:00+08:00"/>
            <repPeriod duration="PT3600S"/>
            <measTypes>50332250 50332251 50332410 50332411 </measTypes>
            <measValue measObjLdn="PSG00420HUNB001/ULoCell:NodeB Function Name=PSG00420HUNB001, Local Cell ID=10111, Cell Name=N/A">
                <measResults>0 0 0 0 </measResults>
            </measValue>
            <measValue measObjLdn="PSG00420HUNB001/ULoCell:NodeB Function Name=PSG00420HUNB001, Local Cell ID=10112, Cell Name=N/A">
                <measResults>0 0 0 0 </measResults>
            </measValue>
            <measValue measObjLdn="PSG00420HUNB001/ULoCell:NodeB Function Name=PSG00420HUNB001, Local Cell ID=10113, Cell Name=N/A">
                <measResults>0 0 0 0 </measResults>
            </measValue>
            <measValue measObjLdn="PSG00420HUNB001/ULoCell:NodeB Function Name=PSG00420HUNB001, Local Cell ID=50111, Cell Name=N/A">
                <measResults>0 0 0 0 </measResults>
            </measValue>
            <measValue measObjLdn="PSG00420HUNB001/ULoCell:NodeB Function Name=PSG00420HUNB001, Local Cell ID=50112, Cell Name=N/A">
                <measResults>0 0 0 0 </measResults>
            </measValue>
            <measValue measObjLdn="PSG00420HUNB001/ULoCell:NodeB Function Name=PSG00420HUNB001, Local Cell ID=50113, Cell Name=N/A">
                <measResults>0 0 0 0 </measResults>
            </measValue>
            <measValue measObjLdn="PSG00420HUNB001/ULoCell:NodeB Function Name=PSG00420HUNB001, Local Cell ID=60111, Cell Name=N/A">
                <measResults>0 0 0 0 </measResults>
            </measValue>
            <measValue measObjLdn="PSG00420HUNB001/ULoCell:NodeB Function Name=PSG00420HUNB001, Local Cell ID=60112, Cell Name=N/A">
                <measResults>0 0 0 0 </measResults>
            </measValue>
            <measValue measObjLdn="PSG00420HUNB001/ULoCell:NodeB Function Name=PSG00420HUNB001, Local Cell ID=60113, Cell Name=N/A">
                <measResults>0 0 0 0 </measResults>
            </measValue>
        </measInfo>
        <measInfo measInfoId="50331660">
            <granPeriod duration="PT3600S" endTime="2021-08-17T23:00:00+08:00"/>
            <repPeriod duration="PT3600S"/>
            <measTypes>50361670 50361671 50361672 50361673 </measTypes>
            <measValue measObjLdn="PSG00420HUNB001/ULoCell:NodeB Function Name=PSG00420HUNB001, Local Cell ID=10111, Cell Name=N/A">
                <measResults>0 0 0 0 </measResults>
            </measValue>
            <measValue measObjLdn="PSG00420HUNB001/ULoCell:NodeB Function Name=PSG00420HUNB001, Local Cell ID=10112, Cell Name=N/A">
                <measResults>0 0 0 0 </measResults>
            </measValue>
            <measValue measObjLdn="PSG00420HUNB001/ULoCell:NodeB Function Name=PSG00420HUNB001, Local Cell ID=10113, Cell Name=N/A">
                <measResults>0 0 0 0 </measResults>
            </measValue>
            <measValue measObjLdn="PSG00420HUNB001/ULoCell:NodeB Function Name=PSG00420HUNB001, Local Cell ID=50111, Cell Name=N/A">
                <measResults>0 0 0 0 </measResults>
            </measValue>
            <measValue measObjLdn="PSG00420HUNB001/ULoCell:NodeB Function Name=PSG00420HUNB001, Local Cell ID=50112, Cell Name=N/A">
                <measResults>0 0 0 0 </measResults>
            </measValue>
            <measValue measObjLdn="PSG00420HUNB001/ULoCell:NodeB Function Name=PSG00420HUNB001, Local Cell ID=50113, Cell Name=N/A">
                <measResults>0 0 0 0 </measResults>
            </measValue>
            <measValue measObjLdn="PSG00420HUNB001/ULoCell:NodeB Function Name=PSG00420HUNB001, Local Cell ID=60111, Cell Name=N/A">
                <measResults>0 0 0 0 </measResults>
            </measValue>
            <measValue measObjLdn="PSG00420HUNB001/ULoCell:NodeB Function Name=PSG00420HUNB001, Local Cell ID=60112, Cell Name=N/A">
                <measResults>0 0 0 0 </measResults>
            </measValue>
            <measValue measObjLdn="PSG00420HUNB001/ULoCell:NodeB Function Name=PSG00420HUNB001, Local Cell ID=60113, Cell Name=N/A">
                <measResults>0 0 0 0 </measResults>
            </measValue>
        </measInfo>
        <measInfo measInfoId="50331661">
            <granPeriod duration="PT3600S" endTime="2021-08-17T23:00:00+08:00"/>
            <repPeriod duration="PT3600S"/>
            <measTypes>50332048 50332049 50332050 50332051 </measTypes>
            <measValue measObjLdn="PSG00420HUNB001/ULoCell:NodeB Function Name=PSG00420HUNB001, Local Cell ID=10111, Cell Name=N/A">
                <measResults>111127 0 125188 0 </measResults>
            </measValue>
            <measValue measObjLdn="PSG00420HUNB001/ULoCell:NodeB Function Name=PSG00420HUNB001, Local Cell ID=10112, Cell Name=N/A">
                <measResults>37583 0 121986 0 </measResults>
            </measValue>
            <measValue measObjLdn="PSG00420HUNB001/ULoCell:NodeB Function Name=PSG00420HUNB001, Local Cell ID=10113, Cell Name=N/A">
                <measResults>38649 0 121341 0 </measResults>
            </measValue>
            <measValue measObjLdn="PSG00420HUNB001/ULoCell:NodeB Function Name=PSG00420HUNB001, Local Cell ID=50111, Cell Name=N/A">
                <measResults>81666 0 123546 0 </measResults>
            </measValue>
            <measValue measObjLdn="PSG00420HUNB001/ULoCell:NodeB Function Name=PSG00420HUNB001, Local Cell ID=50112, Cell Name=N/A">
                <measResults>64291 0 123666 0 </measResults>
            </measValue>
            <measValue measObjLdn="PSG00420HUNB001/ULoCell:NodeB Function Name=PSG00420HUNB001, Local Cell ID=50113, Cell Name=N/A">
                <measResults>19771 0 119854 0 </measResults>
            </measValue>
            <measValue measObjLdn="PSG00420HUNB001/ULoCell:NodeB Function Name=PSG00420HUNB001, Local Cell ID=60111, Cell Name=N/A">
                <measResults>51351 0 122928 0 </measResults>
            </measValue>
            <measValue measObjLdn="PSG00420HUNB001/ULoCell:NodeB Function Name=PSG00420HUNB001, Local Cell ID=60112, Cell Name=N/A">
                <measResults>82342 0 123897 0 </measResults>
            </measValue>
            <measValue measObjLdn="PSG00420HUNB001/ULoCell:NodeB Function Name=PSG00420HUNB001, Local Cell ID=60113, Cell Name=N/A">
                <measResults>32419 0 121775 0 </measResults>
            </measValue>
        </measInfo>
        <measInfo measInfoId="50331662">
            <granPeriod duration="PT3600S" endTime="2021-08-17T23:00:00+08:00"/>
            <repPeriod duration="PT3600S"/>
            <measTypes>50332052 50332053 50332054 50332070 50332505 </measTypes>
            <measValue measObjLdn="PSG00420HUNB001/ULoCell:NodeB Function Name=PSG00420HUNB001, Local Cell ID=10111, Cell Name=N/A">
                <measResults>1 152 855208 0 0 </measResults>
            </measValue>
            <measValue measObjLdn="PSG00420HUNB001/ULoCell:NodeB Function Name=PSG00420HUNB001, Local Cell ID=10112, Cell Name=N/A">
                <measResults>0 105 430311 0 0 </measResults>
            </measValue>
            <measValue measObjLdn="PSG00420HUNB001/ULoCell:NodeB Function Name=PSG00420HUNB001, Local Cell ID=10113, Cell Name=N/A">
                <measResults>75 76 459486 0 0 </measResults>
            </measValue>
            <measValue measObjLdn="PSG00420HUNB001/ULoCell:NodeB Function Name=PSG00420HUNB001, Local Cell ID=50111, Cell Name=N/A">
                <measResults>422 176 568574 0 0 </measResults>
            </measValue>
            <measValue measObjLdn="PSG00420HUNB001/ULoCell:NodeB Function Name=PSG00420HUNB001, Local Cell ID=50112, Cell Name=N/A">
                <measResults>78 208 441741 0 0 </measResults>
            </measValue>
            <measValue measObjLdn="PSG00420HUNB001/ULoCell:NodeB Function Name=PSG00420HUNB001, Local Cell ID=50113, Cell Name=N/A">
                <measResults>0 61 143835 0 0 </measResults>
            </measValue>
            <measValue measObjLdn="PSG00420HUNB001/ULoCell:NodeB Function Name=PSG00420HUNB001, Local Cell ID=60111, Cell Name=N/A">
                <measResults>3 143 517607 0 0 </measResults>
            </measValue>
            <measValue measObjLdn="PSG00420HUNB001/ULoCell:NodeB Function Name=PSG00420HUNB001, Local Cell ID=60112, Cell Name=N/A">
                <measResults>13 224 538376 0 0 </measResults>
            </measValue>
            <measValue measObjLdn="PSG00420HUNB001/ULoCell:NodeB Function Name=PSG00420HUNB001, Local Cell ID=60113, Cell Name=N/A">
                <measResults>34 81 246522 0 0 </measResults>
            </measValue>
        </measInfo>
        <measInfo measInfoId="50331663">
            <granPeriod duration="PT3600S" endTime="2021-08-17T23:00:00+08:00"/>
            <repPeriod duration="PT3600S"/>
            <measTypes>50331917 50332061 50332064 50332065 50332069 50332071 50332072 50332073 50332074 50332079 50332258 50332388 50332389 50332504 50332626 50332632 50332639 50332640 50332641 50332645 50342048 50342049 50342050 50342051 50361705 50361706 50361725 50361726 50361735 50361740 50361743 50361744 50361747 50361749 50361751 50361753 50361755 50361757 50361759 50361761 50361763 50361765 50361767 50361769 50361771 50361773 50361775 50361777 50361779 50361781 50361783 50361785 50361787 50361789 50361791 50361793 50361795 </measTypes>
            <measValue measObjLdn="PSG00420HUNB001/ULoCell:NodeB Function Name=PSG00420HUNB001, Local Cell ID=10111, Cell Name=N/A">
                <measResults>1000 6 254 0.32 0 0 0 0 0 0 2.85 0 7.904 0 0 0 0 0 NIL 0 19 157.272 0.174 0 0 0 0 NIL NIL NIL NIL NIL NIL NIL NIL NIL NIL NIL NIL NIL NIL NIL NIL NIL NIL NIL NIL NIL NIL NIL NIL NIL NIL NIL NIL NIL NIL </measResults>
            </measValue>
            <measValue measObjLdn="PSG00420HUNB001/ULoCell:NodeB Function Name=PSG00420HUNB001, Local Cell ID=10112, Cell Name=N/A">
                <measResults>1000 2 256 0 0 0 0 0 0 0 1.614 0 3.407 0 0 0 0 0 NIL 0 10 107.196 0 0 0 0 0 NIL NIL NIL NIL NIL NIL NIL NIL NIL NIL NIL NIL NIL NIL NIL NIL NIL NIL NIL NIL NIL NIL NIL NIL NIL NIL NIL NIL NIL NIL </measResults>
            </measValue>
            <measValue measObjLdn="PSG00420HUNB001/ULoCell:NodeB Function Name=PSG00420HUNB001, Local Cell ID=10113, Cell Name=N/A">
                <measResults>997.8 2 256 0 0 0 0 0 0 0 1.981 0 3.688 0 0 0 0 0 NIL 0 7 146.555 0 0 0 0 0 NIL NIL NIL NIL NIL NIL NIL NIL NIL NIL NIL NIL NIL NIL NIL NIL NIL NIL NIL NIL NIL NIL NIL NIL NIL NIL NIL NIL NIL NIL </measResults>
            </measValue>
            <measValue measObjLdn="PSG00420HUNB001/ULoCell:NodeB Function Name=PSG00420HUNB001, Local Cell ID=50111, Cell Name=N/A">
                <measResults>998.999 7 254 0 0 0 0 0 0 0 1.36 0 5.14 0 0 0 0 0 NIL 0 33 119.024 0 0 0 0 0 NIL NIL NIL NIL NIL NIL NIL NIL NIL NIL NIL NIL NIL NIL NIL NIL NIL NIL NIL NIL NIL NIL NIL NIL NIL NIL NIL NIL NIL NIL </measResults>
            </measValue>
            <measValue measObjLdn="PSG00420HUNB001/ULoCell:NodeB Function Name=PSG00420HUNB001, Local Cell ID=50112, Cell Name=N/A">
                <measResults>999.829 10 256 0 0 0 0 0 0 0 1.197 0 6.48 8.333 0 0 0 0 NIL 0 33 179.872 0 0 0 0 0 NIL NIL NIL NIL NIL NIL NIL NIL NIL NIL NIL NIL NIL NIL NIL NIL NIL NIL NIL NIL NIL NIL NIL NIL NIL NIL NIL NIL NIL NIL </measResults>
            </measValue>
            <measValue measObjLdn="PSG00420HUNB001/ULoCell:NodeB Function Name=PSG00420HUNB001, Local Cell ID=50113, Cell Name=N/A">
                <measResults>767.618 1 256 0 0 0 0 0 0 0 0.526 0 1.464 208.333 0 0 0 0 NIL 0 11 76.85 0 7.182 0 0 0 1 NIL NIL NIL NIL NIL NIL NIL NIL NIL NIL NIL NIL NIL NIL NIL NIL NIL NIL NIL NIL NIL NIL NIL NIL NIL NIL NIL NIL NIL </measResults>
            </measValue>
            <measValue measObjLdn="PSG00420HUNB001/ULoCell:NodeB Function Name=PSG00420HUNB001, Local Cell ID=60111, Cell Name=N/A">
                <measResults>872.736 6 256 0 0 0 0 0 0 0 1.856 0 5.059 0 0 0 0 0 NIL 0 14 127.497 0 1.686 0 0 0 1 NIL NIL NIL NIL NIL NIL NIL NIL NIL NIL NIL NIL NIL NIL NIL NIL NIL NIL NIL NIL NIL NIL NIL NIL NIL NIL NIL NIL NIL </measResults>
            </measValue>
            <measValue measObjLdn="PSG00420HUNB001/ULoCell:NodeB Function Name=PSG00420HUNB001, Local Cell ID=60112, Cell Name=N/A">
                <measResults>998.829 10 256 0 0 0 0 0 0 0 2.547 0 6.357 41.667 0 0 0 0 NIL 0 40 187.761 0 0 0 0 0 NIL NIL NIL NIL NIL NIL NIL NIL NIL NIL NIL NIL NIL NIL NIL NIL NIL NIL NIL NIL NIL NIL NIL NIL NIL NIL NIL NIL NIL NIL </measResults>
            </measValue>
            <measValue measObjLdn="PSG00420HUNB001/ULoCell:NodeB Function Name=PSG00420HUNB001, Local Cell ID=60113, Cell Name=N/A">
                <measResults>567.492 2 256 0 0 0 0 0 0 0 1.226 0 2.472 0 0 0 0 0 NIL 0 19 65.976 0 12.54 0 0 0 1 NIL NIL NIL NIL NIL NIL NIL NIL NIL NIL NIL NIL NIL NIL NIL NIL NIL NIL NIL NIL NIL NIL NIL NIL NIL NIL NIL NIL NIL </measResults>
            </measValue>
        </measInfo>
        <measInfo measInfoId="50331665">
            <granPeriod duration="PT3600S" endTime="2021-08-17T23:00:00+08:00"/>
            <repPeriod duration="PT3600S"/>
            <measTypes>50331740 50331741 50331742 50331743 50331744 50331909 50331910 50331911 50331912 50331913 50332381 50332382 50332576 50332577 </measTypes>
            <measValue measObjLdn="PSG00420HUNB001/ULoCell:NodeB Function Name=PSG00420HUNB001, Local Cell ID=10111, Cell Name=N/A">
                <measResults>0 0 0 0 0 0 0 0 0 0 0 0 0 0 </measResults>
            </measValue>
            <measValue measObjLdn="PSG00420HUNB001/ULoCell:NodeB Function Name=PSG00420HUNB001, Local Cell ID=10112, Cell Name=N/A">
                <measResults>0 0 0 0 0 0 0 0 0 0 0 0 0 0 </measResults>
            </measValue>
            <measValue measObjLdn="PSG00420HUNB001/ULoCell:NodeB Function Name=PSG00420HUNB001, Local Cell ID=10113, Cell Name=N/A">
                <measResults>0 0 0 0 0 0 0 0 0 0 0 0 0 0 </measResults>
            </measValue>
            <measValue measObjLdn="PSG00420HUNB001/ULoCell:NodeB Function Name=PSG00420HUNB001, Local Cell ID=50111, Cell Name=N/A">
                <measResults>0 0 0 0 0 0 0 0 0 0 0 0 0 0 </measResults>
            </measValue>
            <measValue measObjLdn="PSG00420HUNB001/ULoCell:NodeB Function Name=PSG00420HUNB001, Local Cell ID=50112, Cell Name=N/A">
                <measResults>0 0 0 0 0 0 0 0 0 0 0 0 0 0 </measResults>
            </measValue>
            <measValue measObjLdn="PSG00420HUNB001/ULoCell:NodeB Function Name=PSG00420HUNB001, Local Cell ID=50113, Cell Name=N/A">
                <measResults>0 0 0 0 0 0 0 0 0 0 0 0 0 0 </measResults>
            </measValue>
            <measValue measObjLdn="PSG00420HUNB001/ULoCell:NodeB Function Name=PSG00420HUNB001, Local Cell ID=60111, Cell Name=N/A">
                <measResults>0 0 0 0 0 0 0 0 0 0 0 0 0 0 </measResults>
            </measValue>
            <measValue measObjLdn="PSG00420HUNB001/ULoCell:NodeB Function Name=PSG00420HUNB001, Local Cell ID=60112, Cell Name=N/A">
                <measResults>0 0 0 0 0 0 0 0 0 0 0 0 0 0 </measResults>
            </measValue>
            <measValue measObjLdn="PSG00420HUNB001/ULoCell:NodeB Function Name=PSG00420HUNB001, Local Cell ID=60113, Cell Name=N/A">
                <measResults>0 0 0 0 0 0 0 0 0 0 0 0 0 0 </measResults>
            </measValue>
        </measInfo>
        <measInfo measInfoId="50331673">
            <granPeriod duration="PT3600S" endTime="2021-08-17T23:00:00+08:00"/>
            <repPeriod duration="PT3600S"/>
            <measTypes>50332055 50332056 50332057 50332058 50332059 50332060 50332278 50332279 50332280 50332281 50332282 50332283 50332284 50332285 50332286 50361648 50361649 50361650 50361651 </measTypes>
            <measValue measObjLdn="PSG00420HUNB001/ULoCell:NodeB Function Name=PSG00420HUNB001, Local Cell ID=10111, Cell Name=N/A">
                <measResults>191 42 12 0 0 0 13 13 11 30 16 4 4 38 42 0 0 0 0 </measResults>
            </measValue>
            <measValue measObjLdn="PSG00420HUNB001/ULoCell:NodeB Function Name=PSG00420HUNB001, Local Cell ID=10112, Cell Name=N/A">
                <measResults>89 26 7 0 0 0 8 6 5 12 9 0 1 17 10 0 0 0 0 </measResults>
            </measValue>
            <measValue measObjLdn="PSG00420HUNB001/ULoCell:NodeB Function Name=PSG00420HUNB001, Local Cell ID=10113, Cell Name=N/A">
                <measResults>63 20 7 0 0 0 7 7 4 11 8 1 4 25 69 0 0 0 0 </measResults>
            </measValue>
            <measValue measObjLdn="PSG00420HUNB001/ULoCell:NodeB Function Name=PSG00420HUNB001, Local Cell ID=50111, Cell Name=N/A">
                <measResults>73 19 12 0 0 0 12 17 17 31 29 5 4 36 25 0 0 0 0 </measResults>
            </measValue>
            <measValue measObjLdn="PSG00420HUNB001/ULoCell:NodeB Function Name=PSG00420HUNB001, Local Cell ID=50112, Cell Name=N/A">
                <measResults>57 11 7 0 0 0 11 14 24 34 49 5 9 48 68 0 0 0 0 </measResults>
            </measValue>
            <measValue measObjLdn="PSG00420HUNB001/ULoCell:NodeB Function Name=PSG00420HUNB001, Local Cell ID=50113, Cell Name=N/A">
                <measResults>15 3 3 0 0 0 3 4 5 11 7 1 0 12 5 0 0 0 0 </measResults>
            </measValue>
            <measValue measObjLdn="PSG00420HUNB001/ULoCell:NodeB Function Name=PSG00420HUNB001, Local Cell ID=60111, Cell Name=N/A">
                <measResults>74 7 6 0 0 0 13 12 16 33 25 4 3 42 18 0 0 0 0 </measResults>
            </measValue>
            <measValue measObjLdn="PSG00420HUNB001/ULoCell:NodeB Function Name=PSG00420HUNB001, Local Cell ID=60112, Cell Name=N/A">
                <measResults>66 14 4 0 0 0 19 14 24 38 38 5 7 54 62 0 0 0 0 </measResults>
            </measValue>
            <measValue measObjLdn="PSG00420HUNB001/ULoCell:NodeB Function Name=PSG00420HUNB001, Local Cell ID=60113, Cell Name=N/A">
                <measResults>31 6 2 0 0 0 8 6 7 19 6 2 0 23 5 0 0 0 0 </measResults>
            </measValue>
        </measInfo>
        <measInfo measInfoId="50331674">
            <granPeriod duration="PT3600S" endTime="2021-08-17T23:00:00+08:00"/>
            <repPeriod duration="PT3600S"/>
            <measTypes>50332161 50332162 50332163 50332164 50332165 50341718 50341719 50341720 50341721 </measTypes>
            <measValue measObjLdn="PSG00420HUNB001/ULoCell:NodeB Function Name=PSG00420HUNB001, Local Cell ID=10111, Cell Name=N/A">
                <measResults>0 0 0 0 0 0 0 0 0 </measResults>
            </measValue>
            <measValue measObjLdn="PSG00420HUNB001/ULoCell:NodeB Function Name=PSG00420HUNB001, Local Cell ID=10112, Cell Name=N/A">
                <measResults>0 0 0 0 0 0 0 0 0 </measResults>
            </measValue>
            <measValue measObjLdn="PSG00420HUNB001/ULoCell:NodeB Function Name=PSG00420HUNB001, Local Cell ID=10113, Cell Name=N/A">
                <measResults>0 0 0 0 0 0 0 0 0 </measResults>
            </measValue>
            <measValue measObjLdn="PSG00420HUNB001/ULoCell:NodeB Function Name=PSG00420HUNB001, Local Cell ID=50111, Cell Name=N/A">
                <measResults>0 0 0 0 0 0 0 0 0 </measResults>
            </measValue>
            <measValue measObjLdn="PSG00420HUNB001/ULoCell:NodeB Function Name=PSG00420HUNB001, Local Cell ID=50112, Cell Name=N/A">
                <measResults>0 0 0 0 0 0 0 0 0 </measResults>
            </measValue>
            <measValue measObjLdn="PSG00420HUNB001/ULoCell:NodeB Function Name=PSG00420HUNB001, Local Cell ID=50113, Cell Name=N/A">
                <measResults>0 0 0 0 0 0 0 0 0 </measResults>
            </measValue>
            <measValue measObjLdn="PSG00420HUNB001/ULoCell:NodeB Function Name=PSG00420HUNB001, Local Cell ID=60111, Cell Name=N/A">
                <measResults>0 0 0 0 0 0 0 0 0 </measResults>
            </measValue>
            <measValue measObjLdn="PSG00420HUNB001/ULoCell:NodeB Function Name=PSG00420HUNB001, Local Cell ID=60112, Cell Name=N/A">
                <measResults>0 0 0 0 0 0 0 0 0 </measResults>
            </measValue>
            <measValue measObjLdn="PSG00420HUNB001/ULoCell:NodeB Function Name=PSG00420HUNB001, Local Cell ID=60113, Cell Name=N/A">
                <measResults>0 0 0 0 0 0 0 0 0 </measResults>
            </measValue>
        </measInfo>
        <measInfo measInfoId="50331676">
            <granPeriod duration="PT3600S" endTime="2021-08-17T23:00:00+08:00"/>
            <repPeriod duration="PT3600S"/>
            <measTypes>50331747 50332175 50332176 50332177 50332178 50332179 50332180 50332181 50332182 50332183 50332184 50332185 50332186 50332187 50332188 50332189 50332190 50332192 50332193 50332194 50332195 50332196 50332197 50332198 50332199 50332200 50332201 50332202 50332203 50332204 50332205 50332206 50332207 50332208 50332209 50332210 50332211 50332212 50332213 50332214 50332219 50332232 50332233 50332234 50332235 50332236 50332237 50332238 50332245 50332246 50332648 50332649 50332650 50332651 50332652 50332653 50332654 50332655 50332656 50332657 50332658 50332670 50332848 50332849 50332850 50332853 50332854 50332855 50332856 50332865 50332866 50332867 50332868 50332869 50332870 50332871 50332872 50332873 50332874 50332875 50332876 50332877 50332878 50332879 50332880 50332881 50332882 50332883 50332884 50332885 50332886 50332887 50332888 50332889 50332890 50332891 50332892 50332894 50332895 50332896 50332897 50332898 50332899 50332900 50332901 50332902 50332903 50332904 50332905 50332906 50332907 50332908 50332909 50332910 50332943 50332944 50332945 50332946 50332947 50332948 50332949 50332950 50332951 50332952 50332953 50332954 50332955 50332956 50332957 50332958 50332959 50332960 50332961 50332962 50332963 50332964 50332965 50332966 50332967 50332968 50332969 50332970 50332971 50332972 50332973 50332974 50332985 50332986 50332987 50332990 50341723 50341741 50341742 50341743 50341748 50341749 50341750 50341751 50341752 50341753 50341754 50341755 50341756 50341757 50341758 50341759 </measTypes>
            <measValue measObjLdn="PSG00420HUNB001/ULoCell:NodeB Function Name=PSG00420HUNB001, Local Cell ID=10111, Cell Name=N/A">
                <measResults>4728003964 302858 186901 114381 86545 86041 109190 31764 117602 31858 135690 146000 386676 64494 0 0 0 0 4616962247 191360 0 66566 0 0 0 0 1981 363395 924664 18690 3173 2479 976 392 234 318 233 58 2 1 523764736 4750868952 3971049 5725764029 3751856 664159 410797 305356 1589122336 2075865 2176739 623904 418992 114629 44173 23460 21703 11051 759 0 0 634767 0 0 0 958247 102 52 95140 0 0 0 0 0 0 0 0 0 14878 1192 0 653763983 1761134991 767213027 917057407 1774715 1458963 356432 251216 0 0 0 0 1562646 5107 3332 0 0 0 0 0 0 0 0 0 0 0 0 0 0 0 0 0 0 0 0 0 0 0 0 0 0 0 0 0 0 0 0 0 0 NIL NIL NIL NIL NIL NIL NIL NIL NIL NIL NIL NIL NIL NIL NIL NIL 0 0 0 3857094 13.883 NIL 0 0 757426.688 904144.5 1152946.625 555657 302044.781 208559.422 256226.25 175508.172 17050.48 0 0 2667992.75 </measResults>
            </measValue>
            <measValue measObjLdn="PSG00420HUNB001/ULoCell:NodeB Function Name=PSG00420HUNB001, Local Cell ID=10112, Cell Name=N/A">
                <measResults>4589634900 926400 128605 63742 31044 23371 26232 8929 29411 9172 32475 12270 51169 172220 280820 4140 0 0 4561761478 51471 0 13943 0 0 0 0 72 169160 238630 3581 797 1275 970 873 865 838 153 15 4 2 27892496 4610635955 1358793 5334521208 1155911 880335 308803 16589 281325164 238012 230192 135298 225747 138699 104261 106292 55132 4857 3 0 0 634991 0 0 0 208701 5 8 185270 0 0 0 0 0 0 0 0 0 741 0 0 223937761 882115359 2958192775 534963630 304509 354019 585749 116675 0 0 0 0 2016580 5086 3445 0 0 0 0 0 0 0 0 0 0 0 0 0 0 0 0 0 0 0 0 0 0 0 0 0 0 0 0 0 0 0 0 0 0 NIL NIL NIL NIL NIL NIL NIL NIL NIL NIL NIL NIL NIL NIL NIL NIL 0 0 0 1158383 6.277 NIL 0 0 81415.305 206351.75 665194.25 681282.25 726131.563 955394.5 603856.625 76028.898 66.976 0 0 3707955 </measResults>
            </measValue>
            <measValue measObjLdn="PSG00420HUNB001/ULoCell:NodeB Function Name=PSG00420HUNB001, Local Cell ID=10113, Cell Name=N/A">
                <measResults>8811008396 665492 122484 43148 22829 17237 18289 8128 19880 11754 23012 14367 59496 289688 480673 3523 0 0 8774690506 36409 0 13365 0 0 0 0 89 258528 327924 5084 607 1170 940 829 930 1524 207 9 2 1 97080856 8853868375 1757630 10322485713 911857 767171 348898 11972 920444540 498283 258102 82369 200218 168241 120879 166592 297384 23755 16 0 0 977085 0 0 0 114799 4 13 163792 0 0 0 0 0 0 0 0 0 1659 0 0 124734516 637710119 5036066642 3043197143 215340 392703 775221 376522 0 0 0 0 1442009 4797 2719 0 0 0 0 0 0 0 0 0 0 0 0 0 0 0 0 0 0 0 0 0 0 0 0 0 0 0 0 0 0 0 0 0 0 NIL NIL NIL NIL NIL NIL NIL NIL NIL NIL NIL NIL NIL NIL NIL NIL 0 0 0 1575879 6.397 NIL 0 0 65267.875 124748.344 595641.063 839274.688 847337.563 1514456.625 3445918.75 359153.563 324.4 0 0 7602106.5 </measResults>
            </measValue>
            <measValue measObjLdn="PSG00420HUNB001/ULoCell:NodeB Function Name=PSG00420HUNB001, Local Cell ID=50111, Cell Name=N/A">
                <measResults>4356840520 895002 146115 36637 29047 21388 34388 10568 38914 10682 46435 33655 241727 236727 18715 0 0 0 4364797144 11747 0 12682 0 0 0 0 333 207108 301057 6848 1328 1890 1193 755 488 491 310 154 18 7 893845200 4376134333 1556697 5163863590 1367600 1140193 712456 561948 482445226 369472 333315 227595 270107 149791 73979 37125 27588 16778 16289 1197 0 592854 0 0 0 319821 25 26 170992 0 0 0 0 0 0 0 0 0 13651 0 0 63645997 941284633 1530554435 816802991 146880 642747 446153 169272 0 0 0 0 2412081 6589 3982 0 0 0 0 0 0 0 0 0 0 0 0 0 0 0 0 0 0 0 0 0 0 0 0 0 0 0 0 0 0 0 0 0 0 NIL NIL NIL NIL NIL NIL NIL NIL NIL NIL NIL NIL NIL NIL NIL NIL 0 0 0 1385470 11.161 NIL 0 0 135035.875 336442.906 781002.563 734573.688 511973.938 329278.219 324859.625 275569.813 384813.219 36834.168 0 3378905.25 </measResults>
            </measValue>
            <measValue measObjLdn="PSG00420HUNB001/ULoCell:NodeB Function Name=PSG00420HUNB001, Local Cell ID=50112, Cell Name=N/A">
                <measResults>11204487656 377140 91478 31994 18736 13964 16951 8891 22245 12589 34154 25436 374907 569219 202251 45 0 0 11248164238 13692 0 14786 0 0 0 0 2200 551648 670367 11686 1396 2662 2130 1421 1091 1371 679 93 9 9 2025508656 11257673864 2962042 13134586275 999780 1676538 1418297 653809 308505833 287831 429615 322801 566300 406193 227108 173724 163843 55252 2194 0 0 1594614 0 0 0 242804 60 44 128826 0 0 0 0 0 0 0 0 0 5270 1624 0 37962807 1045808304 3266066149 4573797513 117129 694048 1014284 835953 0 0 0 0 1642139 3866 2580 0 0 0 0 0 0 0 0 0 0 0 0 0 0 0 0 0 0 0 0 0 0 0 0 0 0 0 0 0 0 0 0 0 0 NIL NIL NIL NIL NIL NIL NIL NIL NIL NIL NIL NIL NIL NIL NIL NIL 0 0 0 2846693 12.47 NIL 0 0 149473.656 489460.719 1658012.25 1998673 1575245 1556234.75 1910379.25 877791.5 46609.336 0 0 9622945 </measResults>
            </measValue>
            <measValue measObjLdn="PSG00420HUNB001/ULoCell:NodeB Function Name=PSG00420HUNB001, Local Cell ID=50113, Cell Name=N/A">
                <measResults>2473680276 1234350 44938 11460 13725 20807 35034 4373 64624 4349 68938 5231 65134 5641 122500 98896 0 0 2470816864 2537 0 2810 0 0 0 0 0 45534 69383 951 306 732 481 296 245 337 269 54 15 4 142375560 2477958747 662209 3017378948 239159 240443 397818 189039 803842089 322487 51454 84433 230312 87399 27484 18094 28170 17935 1473 14 0 410881 0 0 0 297097 0 0 54640 0 0 0 0 0 0 0 0 0 0 0 0 181749118 846883187 487046869 681023411 119184 307056 109390 91442 0 0 0 0 1130625 3502 1921 0 0 0 0 0 0 0 0 0 0 0 0 0 0 0 0 0 0 0 0 0 0 0 0 0 0 0 0 0 0 0 0 0 0 NIL NIL NIL NIL NIL NIL NIL NIL NIL NIL NIL NIL NIL NIL NIL NIL 0 0 0 598484 3.01 NIL 0 0 19280.078 133392.141 656663.375 419223.406 191298.375 160273.859 333046.906 292787.781 30997.6 466.712 0 2084758 </measResults>
            </measValue>
            <measValue measObjLdn="PSG00420HUNB001/ULoCell:NodeB Function Name=PSG00420HUNB001, Local Cell ID=60111, Cell Name=N/A">
                <measResults>5120505784 811540 114479 29225 24700 19978 31726 12310 44716 15030 61875 23207 109461 431041 70712 0 0 0 5133219304 13544 0 13173 0 0 0 0 300 239898 346473 6408 1390 2146 1257 699 367 528 495 177 17 6 1143977088 5145542945 1701642 6211371896 1732986 809709 391143 229696 989889792 499988 308417 259769 354286 168482 77307 31076 31318 35620 13964 9 0 712062 0 0 0 364117 3 11 170655 0 0 0 0 0 0 0 0 0 8797 0 0 471133088 1856491961 1168255592 782633787 430339 781262 312811 111529 0 0 0 0 2693202 8137 4983 0 0 0 0 0 0 0 0 0 0 0 0 0 0 0 0 0 0 0 0 0 0 0 0 0 0 0 0 0 0 0 0 0 0 NIL NIL NIL NIL NIL NIL NIL NIL NIL NIL NIL NIL NIL NIL NIL NIL 0 0 0 1540149 9.205 NIL 0 0 127655.273 389229.594 1028825.25 821486.75 534394.937 273883.75 376905.125 589959.875 328456.563 275.2 0 3954187.5 </measResults>
            </measValue>
            <measValue measObjLdn="PSG00420HUNB001/ULoCell:NodeB Function Name=PSG00420HUNB001, Local Cell ID=60112, Cell Name=N/A">
                <measResults>10912010512 364045 66899 16578 9782 8620 12622 6585 22701 11951 43277 30543 316699 775534 114164 0 0 0 10960490685 24423 0 20726 0 0 0 0 1648 794015 920518 10794 2378 3528 2119 1254 778 1158 598 93 7 2 1833165096 10982832671 4056318 12690156266 1971258 1378775 1071543 294378 404709575 422355 1022066 760503 952799 409886 163980 73065 92914 41845 3307 2 0 1737798 0 0 0 314670 10 71 84734 0 0 0 0 0 0 0 0 0 1846 1184 0 300479741 3019562861 3710781210 3139662012 484701 1805414 1094324 563459 0 0 0 0 2225236 8163 4389 0 0 0 0 0 0 0 0 0 0 0 0 0 0 0 0 0 0 0 0 0 0 0 0 0 0 0 0 0 0 0 0 0 0 NIL NIL NIL NIL NIL NIL NIL NIL NIL NIL NIL NIL NIL NIL NIL NIL 0 0 0 3963803 12.662 NIL 0 0 482522.906 1123670.75 2739669.5 1988430.875 1120244 649968.625 1099757.75 662183.313 72804.523 63.424 0 8333122 </measResults>
            </measValue>
            <measValue measObjLdn="PSG00420HUNB001/ULoCell:NodeB Function Name=PSG00420HUNB001, Local Cell ID=60113, Cell Name=N/A">
                <measResults>2343752160 1346093 105935 21688 13461 8944 11480 4901 17108 5970 18329 6938 20515 13806 187940 16892 0 0 2314540905 11923 0 4474 0 0 0 0 18 38680 55342 1890 364 747 590 510 387 683 475 60 17 2 198355480 2340436835 565402 2960096437 654946 495827 308823 151651 232141839 114546 45647 41313 68002 52861 38085 29160 52733 17685 294 10 0 258830 0 0 0 86541 1 0 120785 0 0 0 0 0 0 0 0 0 417 0 0 134630278 486245773 869660109 711276712 114819 169240 152688 105043 0 0 0 0 1713949 10557 4313 0 0 0 0 0 0 0 0 0 0 0 0 0 0 0 0 0 0 0 0 0 0 0 0 0 0 0 0 0 0 0 0 0 0 NIL NIL NIL NIL NIL NIL NIL NIL NIL NIL NIL NIL NIL NIL NIL NIL 0 0 0 424702 4.634 NIL 0 0 13957.874 62368.258 197390.547 266268.094 263269.75 261587.234 624982.188 279487.906 6193.92 321.264 0 1899500.875 </measResults>
            </measValue>
        </measInfo>
        <measInfo measInfoId="50331649">
            <granPeriod duration="PT3600S" endTime="2021-08-17T23:00:00+08:00"/>
            <repPeriod duration="PT3600S"/>
            <measTypes>50332578 50332579 50332580 50332581 50342578 50342579 50342580 50342581 </measTypes>
            <measValue measObjLdn="PSG00420HUNB001/NodeBFunction:NodeB Function Name=PSG00420HUNB001">
                <measResults>11.424 3.437 8.742 111.354 17.6 6.6 14.2 148.4 </measResults>
            </measValue>
        </measInfo>
        <measInfo measInfoId="50331654">
            <granPeriod duration="PT3600S" endTime="2021-08-17T23:00:00+08:00"/>
            <repPeriod duration="PT3600S"/>
            <measTypes>50332565 50332566 50332633 50332635 </measTypes>
            <measValue measObjLdn="PSG00420HUNB001/NodeBFunction:NodeB Function Name=PSG00420HUNB001">
                <measResults>3072 1792 0 0 </measResults>
            </measValue>
        </measInfo>
        <measInfo measInfoId="50331664">
            <granPeriod duration="PT3600S" endTime="2021-08-17T23:00:00+08:00"/>
            <repPeriod duration="PT3600S"/>
            <measTypes>50332572 50332585 50332587 50332588 50332589 50332590 50332617 50332618 50332625 </measTypes>
            <measValue measObjLdn="PSG00420HUNB001/NodeBFunction:NodeB Function Name=PSG00420HUNB001">
                <measResults>3 0 55 55 0 33 0 0 5 </measResults>
            </measValue>
        </measInfo>
        <measInfo measInfoId="50331666">
            <granPeriod duration="PT3600S" endTime="2021-08-17T23:00:00+08:00"/>
            <repPeriod duration="PT3600S"/>
            <measTypes>50332567 50332568 50332569 50332570 50332571 </measTypes>
            <measValue measObjLdn="PSG00420HUNB001/NodeBFunction:NodeB Function Name=PSG00420HUNB001">
                <measResults>0 0 0 0 0 </measResults>
            </measValue>
        </measInfo>
        <measInfo measInfoId="50331681">
            <granPeriod duration="PT3600S" endTime="2021-08-17T23:00:00+08:00"/>
            <repPeriod duration="PT3600S"/>
            <measTypes>50342640 50342641 50342642 50342643 50342644 50342645 50342646 50342647 </measTypes>
            <measValue measObjLdn="PSG00420HUNB001/NodeBFunction:NodeB Function Name=PSG00420HUNB001">
                <measResults>20889320 22585377 2128583885 7841854349 6006656 4730186 30219616 17426342 </measResults>
            </measValue>
        </measInfo>
        <measInfo measInfoId="50331652">
            <granPeriod duration="PT3600S" endTime="2021-08-17T23:00:00+08:00"/>
            <repPeriod duration="PT3600S"/>
            <measTypes>50332555 50332556 50332557 50332558 50332559 50332560 50332561 50332562 50332563 50332564 50332593 50332594 50342555 50342556 50342561 50342562 50342563 50342564 50342567 50342568 50342569 50342570 50342571 50342572 50342618 50342619 50342621 50342622 50342624 50342625 50342627 50342628 </measTypes>
            <measValue measObjLdn="PSG00420HUNB001/NodeBFunction:NodeB Function Name=PSG00420HUNB001/MocID:2/CnOperator:-1">
                <measResults>0 0 0 0 4976 3920 269.858 123.296 0 158.772 0 0 0 0 335.5 166 0 196.5 84 206.5 124 0 0 0 0 0 0 0 0 0 0 0 </measResults>
            </measValue>
        </measInfo>
        <measInfo measInfoId="50331667">
            <granPeriod duration="PT3600S" endTime="2021-08-17T23:00:00+08:00"/>
            <repPeriod duration="PT3600S"/>
            <measTypes>50332591 50332592 50332595 50332596 50332597 </measTypes>
            <measValue measObjLdn="PSG00420HUNB001/NodeBFunction:NodeB Function Name=PSG00420HUNB001/MocID:2/CnOperator:-1">
                <measResults>0 0 0 0 0 </measResults>
            </measValue>
        </measInfo>
        <measInfo measInfoId="50331668">
            <granPeriod duration="PT3600S" endTime="2021-08-17T23:00:00+08:00"/>
            <repPeriod duration="PT3600S"/>
            <measTypes>50332348 50332349 </measTypes>
            <measValue measObjLdn="PSG00420HUNB001/LOCELL_SECTOREQM:NodeB Function Name=PSG00420HUNB001, Local Cell ID=10111, Sector Equipment ID=0">
                <measResults>0 0 </measResults>
            </measValue>
            <measValue measObjLdn="PSG00420HUNB001/LOCELL_SECTOREQM:NodeB Function Name=PSG00420HUNB001, Local Cell ID=10112, Sector Equipment ID=1">
                <measResults>0 0 </measResults>
            </measValue>
            <measValue measObjLdn="PSG00420HUNB001/LOCELL_SECTOREQM:NodeB Function Name=PSG00420HUNB001, Local Cell ID=10113, Sector Equipment ID=2">
                <measResults>0 0 </measResults>
            </measValue>
            <measValue measObjLdn="PSG00420HUNB001/LOCELL_SECTOREQM:NodeB Function Name=PSG00420HUNB001, Local Cell ID=50111, Sector Equipment ID=6">
                <measResults>0 0 </measResults>
            </measValue>
            <measValue measObjLdn="PSG00420HUNB001/LOCELL_SECTOREQM:NodeB Function Name=PSG00420HUNB001, Local Cell ID=50112, Sector Equipment ID=7">
                <measResults>0 0 </measResults>
            </measValue>
            <measValue measObjLdn="PSG00420HUNB001/LOCELL_SECTOREQM:NodeB Function Name=PSG00420HUNB001, Local Cell ID=50113, Sector Equipment ID=8">
                <measResults>0 0 </measResults>
            </measValue>
            <measValue measObjLdn="PSG00420HUNB001/LOCELL_SECTOREQM:NodeB Function Name=PSG00420HUNB001, Local Cell ID=60111, Sector Equipment ID=10">
                <measResults>0 0 </measResults>
            </measValue>
            <measValue measObjLdn="PSG00420HUNB001/LOCELL_SECTOREQM:NodeB Function Name=PSG00420HUNB001, Local Cell ID=60112, Sector Equipment ID=11">
                <measResults>0 0 </measResults>
            </measValue>
            <measValue measObjLdn="PSG00420HUNB001/LOCELL_SECTOREQM:NodeB Function Name=PSG00420HUNB001, Local Cell ID=60113, Sector Equipment ID=12">
                <measResults>0 0 </measResults>
            </measValue>
        </measInfo>
        <measInfo measInfoId="50331669">
            <granPeriod duration="PT3600S" endTime="2021-08-17T23:00:00+08:00"/>
            <repPeriod duration="PT3600S"/>
            <measTypes>50332350 50332351 50332352 50332353 </measTypes>
            <measValue measObjLdn="PSG00420HUNB001/LOCELL_SECTOREQM:NodeB Function Name=PSG00420HUNB001, Local Cell ID=10111, Sector Equipment ID=0">
                <measResults>65938 245 64220 64380 </measResults>
            </measValue>
            <measValue measObjLdn="PSG00420HUNB001/LOCELL_SECTOREQM:NodeB Function Name=PSG00420HUNB001, Local Cell ID=10112, Sector Equipment ID=1">
                <measResults>37189 13 36743 36803 </measResults>
            </measValue>
            <measValue measObjLdn="PSG00420HUNB001/LOCELL_SECTOREQM:NodeB Function Name=PSG00420HUNB001, Local Cell ID=10113, Sector Equipment ID=2">
                <measResults>22758 16 22383 22401 </measResults>
            </measValue>
            <measValue measObjLdn="PSG00420HUNB001/LOCELL_SECTOREQM:NodeB Function Name=PSG00420HUNB001, Local Cell ID=50111, Sector Equipment ID=6">
                <measResults>54954 245 52218 52780 </measResults>
            </measValue>
            <measValue measObjLdn="PSG00420HUNB001/LOCELL_SECTOREQM:NodeB Function Name=PSG00420HUNB001, Local Cell ID=50112, Sector Equipment ID=7">
                <measResults>49196 149 47808 48010 </measResults>
            </measValue>
            <measValue measObjLdn="PSG00420HUNB001/LOCELL_SECTOREQM:NodeB Function Name=PSG00420HUNB001, Local Cell ID=50113, Sector Equipment ID=8">
                <measResults>20984 124 20460 20479 </measResults>
            </measValue>
            <measValue measObjLdn="PSG00420HUNB001/LOCELL_SECTOREQM:NodeB Function Name=PSG00420HUNB001, Local Cell ID=60111, Sector Equipment ID=10">
                <measResults>32796 143 31393 31576 </measResults>
            </measValue>
            <measValue measObjLdn="PSG00420HUNB001/LOCELL_SECTOREQM:NodeB Function Name=PSG00420HUNB001, Local Cell ID=60112, Sector Equipment ID=11">
                <measResults>57794 239 55234 55524 </measResults>
            </measValue>
            <measValue measObjLdn="PSG00420HUNB001/LOCELL_SECTOREQM:NodeB Function Name=PSG00420HUNB001, Local Cell ID=60113, Sector Equipment ID=12">
                <measResults>23882 42 23242 23310 </measResults>
            </measValue>
        </measInfo>
        <measInfo measInfoId="50331670">
            <granPeriod duration="PT3600S" endTime="2021-08-17T23:00:00+08:00"/>
            <repPeriod duration="PT3600S"/>
            <measTypes>50332354 50332355 </measTypes>
            <measValue measObjLdn="PSG00420HUNB001/LOCELL_SECTOREQM:NodeB Function Name=PSG00420HUNB001, Local Cell ID=10111, Sector Equipment ID=0">
                <measResults>0 0 </measResults>
            </measValue>
            <measValue measObjLdn="PSG00420HUNB001/LOCELL_SECTOREQM:NodeB Function Name=PSG00420HUNB001, Local Cell ID=10112, Sector Equipment ID=1">
                <measResults>0 0 </measResults>
            </measValue>
            <measValue measObjLdn="PSG00420HUNB001/LOCELL_SECTOREQM:NodeB Function Name=PSG00420HUNB001, Local Cell ID=10113, Sector Equipment ID=2">
                <measResults>0 0 </measResults>
            </measValue>
            <measValue measObjLdn="PSG00420HUNB001/LOCELL_SECTOREQM:NodeB Function Name=PSG00420HUNB001, Local Cell ID=50111, Sector Equipment ID=6">
                <measResults>0 0 </measResults>
            </measValue>
            <measValue measObjLdn="PSG00420HUNB001/LOCELL_SECTOREQM:NodeB Function Name=PSG00420HUNB001, Local Cell ID=50112, Sector Equipment ID=7">
                <measResults>0 0 </measResults>
            </measValue>
            <measValue measObjLdn="PSG00420HUNB001/LOCELL_SECTOREQM:NodeB Function Name=PSG00420HUNB001, Local Cell ID=50113, Sector Equipment ID=8">
                <measResults>0 0 </measResults>
            </measValue>
            <measValue measObjLdn="PSG00420HUNB001/LOCELL_SECTOREQM:NodeB Function Name=PSG00420HUNB001, Local Cell ID=60111, Sector Equipment ID=10">
                <measResults>0 0 </measResults>
            </measValue>
            <measValue measObjLdn="PSG00420HUNB001/LOCELL_SECTOREQM:NodeB Function Name=PSG00420HUNB001, Local Cell ID=60112, Sector Equipment ID=11">
                <measResults>0 0 </measResults>
            </measValue>
            <measValue measObjLdn="PSG00420HUNB001/LOCELL_SECTOREQM:NodeB Function Name=PSG00420HUNB001, Local Cell ID=60113, Sector Equipment ID=12">
                <measResults>0 0 </measResults>
            </measValue>
        </measInfo>
        <measInfo measInfoId="50331672">
            <granPeriod duration="PT3600S" endTime="2021-08-17T23:00:00+08:00"/>
            <repPeriod duration="PT3600S"/>
            <measTypes>50342590 50342591 50342592 50342593 50342594 50342595 50342596 50342597 </measTypes>
            <measValue measObjLdn="PSG00420HUNB001/LOCELL_SECTOREQM:NodeB Function Name=PSG00420HUNB001, Local Cell ID=10111, Sector Equipment ID=0">
                <measResults>-100.511 -100.185 -100.271 -100.627 -101.7 -101.3 -101.2 -101.8 </measResults>
            </measValue>
            <measValue measObjLdn="PSG00420HUNB001/LOCELL_SECTOREQM:NodeB Function Name=PSG00420HUNB001, Local Cell ID=10112, Sector Equipment ID=1">
                <measResults>-102.693 -102.973 -101.919 -102.86 -103.4 -103.8 -102.7 -103.8 </measResults>
            </measValue>
            <measValue measObjLdn="PSG00420HUNB001/LOCELL_SECTOREQM:NodeB Function Name=PSG00420HUNB001, Local Cell ID=10113, Sector Equipment ID=2">
                <measResults>-98.133 -99.504 -97.323 -98.54 -99.7 -101 -98.4 -99.7 </measResults>
            </measValue>
            <measValue measObjLdn="PSG00420HUNB001/LOCELL_SECTOREQM:NodeB Function Name=PSG00420HUNB001, Local Cell ID=50111, Sector Equipment ID=6">
                <measResults>-95.004 -96.834 NIL NIL -96.9 -98.6 NIL NIL </measResults>
            </measValue>
            <measValue measObjLdn="PSG00420HUNB001/LOCELL_SECTOREQM:NodeB Function Name=PSG00420HUNB001, Local Cell ID=50112, Sector Equipment ID=7">
                <measResults>-95.309 -96.112 NIL NIL -97.1 -98.5 NIL NIL </measResults>
            </measValue>
            <measValue measObjLdn="PSG00420HUNB001/LOCELL_SECTOREQM:NodeB Function Name=PSG00420HUNB001, Local Cell ID=50113, Sector Equipment ID=8">
                <measResults>-91.183 -88.433 NIL NIL -92.2 -89.5 NIL NIL </measResults>
            </measValue>
            <measValue measObjLdn="PSG00420HUNB001/LOCELL_SECTOREQM:NodeB Function Name=PSG00420HUNB001, Local Cell ID=60111, Sector Equipment ID=10">
                <measResults>-90.747 -91.886 NIL NIL -92.3 -93 NIL NIL </measResults>
            </measValue>
            <measValue measObjLdn="PSG00420HUNB001/LOCELL_SECTOREQM:NodeB Function Name=PSG00420HUNB001, Local Cell ID=60112, Sector Equipment ID=11">
                <measResults>-92.265 -92.628 NIL NIL -94.6 -95.6 NIL NIL </measResults>
            </measValue>
            <measValue measObjLdn="PSG00420HUNB001/LOCELL_SECTOREQM:NodeB Function Name=PSG00420HUNB001, Local Cell ID=60113, Sector Equipment ID=12">
                <measResults>-81.397 -80.869 NIL NIL -84.3 -83.6 NIL NIL </measResults>
            </measValue>
        </measInfo>
        <measInfo measInfoId="50331682">
            <granPeriod duration="PT3600S" endTime="2021-08-17T23:00:00+08:00"/>
            <repPeriod duration="PT3600S"/>
            <measTypes>50332602 50332603 50332615 50332616 </measTypes>
            <measValue measObjLdn="PSG00420HUNB001/LOCELL_SECTOREQM:NodeB Function Name=PSG00420HUNB001, Local Cell ID=10111, Sector Equipment ID=0">
                <measResults>NIL NIL NIL NIL </measResults>
            </measValue>
            <measValue measObjLdn="PSG00420HUNB001/LOCELL_SECTOREQM:NodeB Function Name=PSG00420HUNB001, Local Cell ID=10112, Sector Equipment ID=1">
                <measResults>NIL NIL NIL NIL </measResults>
            </measValue>
            <measValue measObjLdn="PSG00420HUNB001/LOCELL_SECTOREQM:NodeB Function Name=PSG00420HUNB001, Local Cell ID=10113, Sector Equipment ID=2">
                <measResults>NIL NIL NIL NIL </measResults>
            </measValue>
            <measValue measObjLdn="PSG00420HUNB001/LOCELL_SECTOREQM:NodeB Function Name=PSG00420HUNB001, Local Cell ID=50111, Sector Equipment ID=6">
                <measResults>NIL NIL NIL NIL </measResults>
            </measValue>
            <measValue measObjLdn="PSG00420HUNB001/LOCELL_SECTOREQM:NodeB Function Name=PSG00420HUNB001, Local Cell ID=50112, Sector Equipment ID=7">
                <measResults>NIL NIL NIL NIL </measResults>
            </measValue>
            <measValue measObjLdn="PSG00420HUNB001/LOCELL_SECTOREQM:NodeB Function Name=PSG00420HUNB001, Local Cell ID=50113, Sector Equipment ID=8">
                <measResults>NIL NIL NIL NIL </measResults>
            </measValue>
            <measValue measObjLdn="PSG00420HUNB001/LOCELL_SECTOREQM:NodeB Function Name=PSG00420HUNB001, Local Cell ID=60111, Sector Equipment ID=10">
                <measResults>NIL NIL NIL NIL </measResults>
            </measValue>
            <measValue measObjLdn="PSG00420HUNB001/LOCELL_SECTOREQM:NodeB Function Name=PSG00420HUNB001, Local Cell ID=60112, Sector Equipment ID=11">
                <measResults>NIL NIL NIL NIL </measResults>
            </measValue>
            <measValue measObjLdn="PSG00420HUNB001/LOCELL_SECTOREQM:NodeB Function Name=PSG00420HUNB001, Local Cell ID=60113, Sector Equipment ID=12">
                <measResults>NIL NIL NIL NIL </measResults>
            </measValue>
        </measInfo>
    </measData>
    <fileFooter>
        <measCollec endTime="2021-08-17T23:00:00+08:00"/>
    </fileFooter>
</measCollecFile>
