<?xml version="1.0" encoding="UTF-8"?>
<measCollecFile xmlns="http://latest/nmc-omc/cmNrm.doc#measCollec" xmlns:xsi="http://www.w3.org/2001/XMLSchema-instance" xsi:schemaLocation="http://latest/nmc-omc/cmNrm.doc#measCollec schema\pmResultSchedule.xsd">
    <fileHeader fileFormatVersion="32.435 V7.2" vendorName="Huawei">
        <fileSender elementType="NodeB"/>
        <measCollec beginTime="2021-08-19T11:00:00+08:00"/>
    </fileHeader>
    <measData>
        <managedElement userLabel="MMLG5960HUNB001"/>
        <measInfo measInfoId="50331655">
            <granPeriod duration="PT3600S" endTime="2021-08-19T12:00:00+08:00"/>
            <repPeriod duration="PT3600S"/>
            <measTypes>50332573 50332574 50342574 50342575 50342635 50342636 </measTypes>
            <measValue measObjLdn="MMLG5960HUNB001/ULGROUP:UL BB Resource Group No.=2">
                <measResults>1024 32.021 17.5 51 0 0 </measResults>
            </measValue>
            <measValue measObjLdn="MMLG5960HUNB001/ULGROUP:UL BB Resource Group No.=3">
                <measResults>1024 80.021 56.5 111.5 0 0 </measResults>
            </measValue>
        </measInfo>
        <measInfo measInfoId="50331656">
            <granPeriod duration="PT3600S" endTime="2021-08-19T12:00:00+08:00"/>
            <repPeriod duration="PT3600S"/>
            <measTypes>50332582 50332583 50332584 50332586 50342584 50342585 50342586 50342587 50342606 50342607 50342608 50342609 50342632 50342633 </measTypes>
            <measValue measObjLdn="MMLG5960HUNB001/BRD:Board Type=UBBP, Cabinet No.=0, Subrack No.=0, Slot No.=2">
                <measResults>1024 1024 59.775 80.021 46 75 56.5 111.5 2 4 3 5 0 0 </measResults>
            </measValue>
            <measValue measObjLdn="MMLG5960HUNB001/BRD:Board Type=UBBP, Cabinet No.=0, Subrack No.=0, Slot No.=3">
                <measResults>1024 1024 28.292 32.021 20 36 17.5 51 1 2 1 3 0 0 </measResults>
            </measValue>
            <measValue measObjLdn="MMLG5960HUNB001/BRD:Board Type=UCIU, Cabinet No.=0, Subrack No.=0, Slot No.=4">
                <measResults>0 0 0 0 0 0 0 0 0 0 0 0 0 0 </measResults>
            </measValue>
            <measValue measObjLdn="MMLG5960HUNB001/BRD:Board Type=UMPT, Cabinet No.=0, Subrack No.=0, Slot No.=7">
                <measResults>0 0 0 0 0 0 0 0 0 0 0 0 0 0 </measResults>
            </measValue>
        </measInfo>
        <measInfo measInfoId="50331683">
            <granPeriod duration="PT3600S" endTime="2021-08-19T12:00:00+08:00"/>
            <repPeriod duration="PT3600S"/>
            <measTypes>50332627 </measTypes>
            <measValue measObjLdn="MMLG5960HUNB001/NODEBRRU:Cabinet No.=0, Subrack No.=60, Slot No.=0">
                <measResults>0 </measResults>
            </measValue>
            <measValue measObjLdn="MMLG5960HUNB001/NODEBRRU:Cabinet No.=0, Subrack No.=61, Slot No.=0">
                <measResults>0 </measResults>
            </measValue>
            <measValue measObjLdn="MMLG5960HUNB001/NODEBRRU:Cabinet No.=0, Subrack No.=62, Slot No.=0">
                <measResults>0 </measResults>
            </measValue>
            <measValue measObjLdn="MMLG5960HUNB001/NODEBRRU:Cabinet No.=0, Subrack No.=80, Slot No.=0">
                <measResults>0 </measResults>
            </measValue>
            <measValue measObjLdn="MMLG5960HUNB001/NODEBRRU:Cabinet No.=0, Subrack No.=81, Slot No.=0">
                <measResults>0 </measResults>
            </measValue>
            <measValue measObjLdn="MMLG5960HUNB001/NODEBRRU:Cabinet No.=0, Subrack No.=82, Slot No.=0">
                <measResults>0 </measResults>
            </measValue>
        </measInfo>
        <measInfo measInfoId="1542455297">
            <granPeriod duration="PT3600S" endTime="2021-08-19T12:00:00+08:00"/>
            <repPeriod duration="PT3600S"/>
            <measTypes>1542455297 1542455298 1542455299 1542455300 1542455301 1542455302 1542455303 1542455304 1542455305 1542455306 1542455307 1542460296 1542460297 </measTypes>
            <measValue measObjLdn="MMLG5960HUNB001/ETHPORT:Cabinet No.=0, Subrack No.=0, Slot No.=7, Port No.=0, Subboard Type=BASE_BOARD">
                <measResults>979976151 10543195 2318648317 12228459 0 5983568 1102640 2177735 22983992 1507320 5152639 1000000 1000000 </measResults>
            </measValue>
            <measValue measObjLdn="MMLG5960HUNB001/ETHPORT:Cabinet No.=0, Subrack No.=0, Slot No.=7, Port No.=1, Subboard Type=BASE_BOARD">
                <measResults>0 0 0 0 0 0 0 0 0 0 0 0 0 </measResults>
            </measValue>
        </measInfo>
        <measInfo measInfoId="1542455301">
            <granPeriod duration="PT3600S" endTime="2021-08-19T12:00:00+08:00"/>
            <repPeriod duration="PT3600S"/>
            <measTypes>1542455326 1542455327 1542455328 1542455329 1542455330 1542455331 1542455332 1542455333 1542460727 1542460728 1542460729 </measTypes>
            <measValue measObjLdn="MMLG5960HUNB001/IP:Board Type=UMPT, Cabinet No.=0, Subrack No.=0, Slot No.=7">
                <measResults>10540226 726397193 0 0 12219267 2008214283 0 0 4776 0 0 </measResults>
            </measValue>
        </measInfo>
        <measInfo measInfoId="1542455303">
            <granPeriod duration="PT3600S" endTime="2021-08-19T12:00:00+08:00"/>
            <repPeriod duration="PT3600S"/>
            <measTypes>1542455365 1542455367 1542455369 1542455371 1542455375 1542455376 1542455377 1542455378 </measTypes>
            <measValue measObjLdn="MMLG5960HUNB001/RSCGRP:Transmission Resource Group Bear Type=IP, Cabinet No.=0, Bearing Port No.=0, Bearing Port Type=ETH, Transmission Resource Group ID=AUTOPORT, Subboard Type=BASE_BOARD, Slot No.=7, Subrack No.=0">
                <measResults>916362415 10543115 0 0 6050256 1095880 2036363 0 </measResults>
            </measValue>
            <measValue measObjLdn="MMLG5960HUNB001/RSCGRP:Transmission Resource Group Bear Type=IP, Cabinet No.=0, Bearing Port No.=1, Bearing Port Type=ETH, Transmission Resource Group ID=AUTOPORT, Subboard Type=BASE_BOARD, Slot No.=7, Subrack No.=0">
                <measResults>0 0 0 0 0 0 0 0 </measResults>
            </measValue>
        </measInfo>
        <measInfo measInfoId="1542455312">
            <granPeriod duration="PT3600S" endTime="2021-08-19T12:00:00+08:00"/>
            <repPeriod duration="PT3600S"/>
            <measTypes>1542460308 1542460309 1542460310 1542460311 1542460312 1542460313 1542460314 1542460315 1542460316 1542460317 1542460318 1542460319 1542460320 1542460321 1542460322 1542460323 1542460324 1542460325 1542460326 1542460327 1542460328 1542460329 1542460330 1542460331 1542460332 </measTypes>
            <measValue measObjLdn="MMLG5960HUNB001/RSCGRP:Transmission Resource Group Bear Type=IP, Cabinet No.=0, Bearing Port No.=0, Bearing Port Type=ETH, Transmission Resource Group ID=AUTOPORT, Subboard Type=BASE_BOARD, Slot No.=7, Subrack No.=0">
                <measResults>19078 16618 17817 0 0 0 2 0 0 0 0 0 0 1984898 0 0 0 0 0 0 0 0 0 0 0 </measResults>
            </measValue>
            <measValue measObjLdn="MMLG5960HUNB001/RSCGRP:Transmission Resource Group Bear Type=IP, Cabinet No.=0, Bearing Port No.=1, Bearing Port Type=ETH, Transmission Resource Group ID=AUTOPORT, Subboard Type=BASE_BOARD, Slot No.=7, Subrack No.=0">
                <measResults>0 0 0 0 0 0 0 0 0 0 0 0 0 0 0 0 0 0 0 0 0 0 0 0 0 </measResults>
            </measValue>
        </measInfo>
        <measInfo measInfoId="1542455309">
            <granPeriod duration="PT3600S" endTime="2021-08-19T12:00:00+08:00"/>
            <repPeriod duration="PT3600S"/>
            <measTypes>1542455826 1542455827 1542455828 1542455829 1542455833 1542455834 1542455835 1542455836 1542455837 1542455838 1542455839 1542455840 1542455841 1542455842 1542455843 1542455844 1542455845 1542455846 1542455847 1542455848 </measTypes>
            <measValue measObjLdn="MMLG5960HUNB001/OMCH:Standby Status=MASTER, Bearer Type=IPV4">
                <measResults>636 170 0 0 0 0 0 0 0 471 0 0 636 0 0 0 0 589 0 47 </measResults>
            </measValue>
        </measInfo>
        <measInfo measInfoId="1542455815">
            <granPeriod duration="PT3600S" endTime="2021-08-19T12:00:00+08:00"/>
            <repPeriod duration="PT3600S"/>
            <measTypes>1542460340 1542460341 1542460342 1542460343 1542460496 1542460497 1542460498 1542460499 1542460500 1542460501 1542460502 1542460503 1542460504 1542460505 1542460506 1542460507 1542460510 </measTypes>
            <measValue measObjLdn="MMLG5960HUNB001/IKE:Board Type=UMPT, Cabinet No.=0, Subrack No.=0, Slot No.=7">
                <measResults>0 0 0 0 0 0 0 0 0 0 0 0 0 0 0 0 0 </measResults>
            </measValue>
        </measInfo>
        <measInfo measInfoId="1542455817">
            <granPeriod duration="PT3600S" endTime="2021-08-19T12:00:00+08:00"/>
            <repPeriod duration="PT3600S"/>
            <measTypes>1542460356 1542460357 1542460358 1542460359 1542460360 1542460361 1542460362 1542460363 1542460364 1542460365 1542460366 1542460367 1542460368 1542460369 1542460370 1542460371 1542460372 1542460373 1542460374 1542460375 1542460376 </measTypes>
            <measValue measObjLdn="MMLG5960HUNB001/SCTPLNK:Link No.=31">
                <measResults>7087673 9671574 93437 143843 0 46424 0 15754 30920 15480 21498 23427 120599 0 0 0 0 0 0 120599 23431 </measResults>
            </measValue>
            <measValue measObjLdn="MMLG5960HUNB001/SCTPLNK:Link No.=32">
                <measResults>11557270 11928087 385331 472436 0 58560 7120 25682 51680 9016 26506 183305 346638 0 0 0 0 0 0 346638 183305 </measResults>
            </measValue>
        </measInfo>
        <measInfo measInfoId="1542455818">
            <granPeriod duration="PT3600S" endTime="2021-08-19T12:00:00+08:00"/>
            <repPeriod duration="PT3600S"/>
            <measTypes>1542455526 1542455527 1542455528 1542455529 1542455530 1542455531 1542455532 1542455533 1542455534 1542455535 </measTypes>
            <measValue measObjLdn="MMLG5960HUNB001/USERPLANEHOST:User Plane Host ID=3">
                <measResults>9702258 11521132 657974885 1949561200 5064760 1462173 20542904 4332404 NIL NIL </measResults>
            </measValue>
        </measInfo>
        <measInfo measInfoId="1593835529">
            <granPeriod duration="PT3600S" endTime="2021-08-19T12:00:00+08:00"/>
            <repPeriod duration="PT3600S"/>
            <measTypes>1593835620 1593835628 1593835629 </measTypes>
            <measValue measObjLdn="MMLG5960HUNB001/NODE:NODE">
                <measResults>NIL 0.809 0 </measResults>
            </measValue>
        </measInfo>
        <measInfo measInfoId="1593835533">
            <granPeriod duration="PT3600S" endTime="2021-08-19T12:00:00+08:00"/>
            <repPeriod duration="PT3600S"/>
            <measTypes>1593835647 1593835648 1593835649 </measTypes>
            <measValue measObjLdn="MMLG5960HUNB001/NODE:NODE">
                <measResults>32487 32475 32477 </measResults>
            </measValue>
        </measInfo>
        <measInfo measInfoId="1593835531">
            <granPeriod duration="PT3600S" endTime="2021-08-19T12:00:00+08:00"/>
            <repPeriod duration="PT3600S"/>
            <measTypes>1593835630 1593835632 1593835633 1593835634 </measTypes>
            <measValue measObjLdn="MMLG5960HUNB001/BBUBoard:Board Type=UBBP, Cabinet No.=0, Subrack No.=0, Slot No.=2">
                <measResults>0 4 3 0 </measResults>
            </measValue>
            <measValue measObjLdn="MMLG5960HUNB001/BBUBoard:Board Type=UBBP, Cabinet No.=0, Subrack No.=0, Slot No.=3">
                <measResults>0 4 3 0 </measResults>
            </measValue>
            <measValue measObjLdn="MMLG5960HUNB001/BBUBoard:Board Type=UCIU, Cabinet No.=0, Subrack No.=0, Slot No.=4">
                <measResults>0 3 1 0 </measResults>
            </measValue>
            <measValue measObjLdn="MMLG5960HUNB001/BBUBoard:Board Type=UMPT, Cabinet No.=0, Subrack No.=0, Slot No.=7">
                <measResults>0 3 1 0 </measResults>
            </measValue>
        </measInfo>
        <measInfo measInfoId="1593835535">
            <granPeriod duration="PT3600S" endTime="2021-08-19T12:00:00+08:00"/>
            <repPeriod duration="PT3600S"/>
            <measTypes>1593835652 1593835653 1593835654 1593835655 1593835656 1593835657 1593835658 1593835659 1593835660 1593835661 1593835662 1593835663 1593835664 1593835665 1593835666 1593835667 1593835668 1593835669 1593835670 1593835671 </measTypes>
            <measValue measObjLdn="MMLG5960HUNB001/RADIOEQM:Cabinet No.=0, Subrack No.=60, Slot No.=0">
                <measResults>NIL NIL NIL NIL NIL NIL NIL NIL NIL NIL 0 0 0 0 0 0 0 0 0 0 </measResults>
            </measValue>
            <measValue measObjLdn="MMLG5960HUNB001/RADIOEQM:Cabinet No.=0, Subrack No.=61, Slot No.=0">
                <measResults>NIL NIL NIL NIL NIL NIL NIL NIL NIL NIL 0 0 0 0 0 0 0 0 0 0 </measResults>
            </measValue>
            <measValue measObjLdn="MMLG5960HUNB001/RADIOEQM:Cabinet No.=0, Subrack No.=62, Slot No.=0">
                <measResults>NIL NIL NIL NIL NIL NIL NIL NIL NIL NIL 0 0 0 0 0 0 0 0 0 0 </measResults>
            </measValue>
            <measValue measObjLdn="MMLG5960HUNB001/RADIOEQM:Cabinet No.=0, Subrack No.=80, Slot No.=0">
                <measResults>NIL NIL NIL NIL NIL NIL NIL NIL NIL NIL 0 0 0 0 0 0 0 0 0 0 </measResults>
            </measValue>
            <measValue measObjLdn="MMLG5960HUNB001/RADIOEQM:Cabinet No.=0, Subrack No.=81, Slot No.=0">
                <measResults>NIL NIL NIL NIL NIL NIL NIL NIL NIL NIL 0 0 0 5 0 0 0 0 0 0 </measResults>
            </measValue>
            <measValue measObjLdn="MMLG5960HUNB001/RADIOEQM:Cabinet No.=0, Subrack No.=82, Slot No.=0">
                <measResults>NIL NIL NIL NIL NIL NIL NIL NIL NIL NIL 0 0 0 0 0 0 0 0 0 0 </measResults>
            </measValue>
        </measInfo>
        <measInfo measInfoId="1593835539">
            <granPeriod duration="PT3600S" endTime="2021-08-19T12:00:00+08:00"/>
            <repPeriod duration="PT3600S"/>
            <measTypes>1593835767 </measTypes>
            <measValue measObjLdn="MMLG5960HUNB001/RADIOEQM:Cabinet No.=0, Subrack No.=60, Slot No.=0">
                <measResults>3600 </measResults>
            </measValue>
            <measValue measObjLdn="MMLG5960HUNB001/RADIOEQM:Cabinet No.=0, Subrack No.=61, Slot No.=0">
                <measResults>3600 </measResults>
            </measValue>
            <measValue measObjLdn="MMLG5960HUNB001/RADIOEQM:Cabinet No.=0, Subrack No.=62, Slot No.=0">
                <measResults>3600 </measResults>
            </measValue>
            <measValue measObjLdn="MMLG5960HUNB001/RADIOEQM:Cabinet No.=0, Subrack No.=80, Slot No.=0">
                <measResults>3600 </measResults>
            </measValue>
            <measValue measObjLdn="MMLG5960HUNB001/RADIOEQM:Cabinet No.=0, Subrack No.=81, Slot No.=0">
                <measResults>3600 </measResults>
            </measValue>
            <measValue measObjLdn="MMLG5960HUNB001/RADIOEQM:Cabinet No.=0, Subrack No.=82, Slot No.=0">
                <measResults>3600 </measResults>
            </measValue>
        </measInfo>
        <measInfo measInfoId="1593835544">
            <granPeriod duration="PT3600S" endTime="2021-08-19T12:00:00+08:00"/>
            <repPeriod duration="PT3600S"/>
            <measTypes>1593835835 </measTypes>
            <measValue measObjLdn="MMLG5960HUNB001/BU:Cabinet No.=0, Subrack No.=0">
                <measResults>0.20495 </measResults>
            </measValue>
        </measInfo>
        <measInfo measInfoId="1593835545">
            <granPeriod duration="PT3600S" endTime="2021-08-19T12:00:00+08:00"/>
            <repPeriod duration="PT3600S"/>
            <measTypes>1593835836 </measTypes>
            <measValue measObjLdn="MMLG5960HUNB001/BTSBoard:Cabinet No.=0, Subrack No.=60, Slot No.=0">
                <measResults>0.14958167 </measResults>
            </measValue>
            <measValue measObjLdn="MMLG5960HUNB001/BTSBoard:Cabinet No.=0, Subrack No.=61, Slot No.=0">
                <measResults>0.13950834 </measResults>
            </measValue>
            <measValue measObjLdn="MMLG5960HUNB001/BTSBoard:Cabinet No.=0, Subrack No.=62, Slot No.=0">
                <measResults>0.12827083 </measResults>
            </measValue>
            <measValue measObjLdn="MMLG5960HUNB001/BTSBoard:Cabinet No.=0, Subrack No.=80, Slot No.=0">
                <measResults>0.096967503 </measResults>
            </measValue>
            <measValue measObjLdn="MMLG5960HUNB001/BTSBoard:Cabinet No.=0, Subrack No.=81, Slot No.=0">
                <measResults>0.099644169 </measResults>
            </measValue>
            <measValue measObjLdn="MMLG5960HUNB001/BTSBoard:Cabinet No.=0, Subrack No.=82, Slot No.=0">
                <measResults>0.092295833 </measResults>
            </measValue>
        </measInfo>
        <measInfo measInfoId="50331648">
            <granPeriod duration="PT3600S" endTime="2021-08-19T12:00:00+08:00"/>
            <repPeriod duration="PT3600S"/>
            <measTypes>50331654 50331655 50331656 50331657 50331658 50331659 50331660 50331661 50331662 50331663 50331664 50331665 50331666 50331667 50331668 50331669 50331670 50331671 50331672 50331673 50331674 50331675 50331676 50331677 50331678 50331679 50331680 50331681 50331682 50331683 50331684 50331685 50331686 50331687 50331688 50331689 50331690 50331691 50331692 50331693 50331694 50331695 50331696 50331697 50331698 50331699 50331709 50331710 50331711 50331712 50331713 50331714 50331717 50331718 50331719 50331720 50331721 50331722 50331723 50331724 50331745 50331746 50331754 50331755 50331756 50331757 50331758 50331759 50331760 50331761 50331762 50331763 50331764 50331765 50331766 50331767 50331768 50331769 50331770 50331771 50331772 50331773 50331774 50331775 50331776 50331777 50331778 50331779 50331780 50331781 50331782 50331783 50331784 50331785 50331786 50331787 50331788 50331789 50331790 50331791 50331792 50331793 50331794 50331795 50331796 50331797 50331798 50331799 50331800 50331801 50331802 50331803 50331804 50331805 50331806 50331807 50331808 50331809 50331810 50331811 50331812 50331813 50331814 50331815 50331816 50331817 50331818 50331819 50331820 50331821 50331838 50331839 50331840 50332168 50332169 50332170 50332173 50332174 50332215 50332216 50332217 50341648 50341649 50341650 50341651 50341652 50341653 50341654 50341655 50341656 50341657 50341658 50341659 50341668 50341669 50341670 50341671 50341672 50341675 50341676 50341677 50341678 50341679 50341680 50341685 50341686 50341687 50341688 50341689 50341690 50341691 50341692 50341693 50341694 50341695 50341696 50341697 50341698 50341699 50341700 50341701 50341702 50341703 50341704 50341705 50341706 50341707 50341708 50341709 50341710 50341711 50341712 50341713 50341714 50341715 50341716 50341717 50341722 50341739 50341740 </measTypes>
            <measValue measObjLdn="MMLG5960HUNB001/ULoCell:NodeB Function Name=MMLG5960HUNB001, Local Cell ID=12121, Cell Name=CILEYU1">
                <measResults>152739 19198 12359 132755 18392 930 423 239 0 0 0 0 0 0 2134 1467 779 711 1054 1303 2678 2038 3851 5471 9034 11907 17887 23083 27420 37069 30163 39279 34896 50345 53637 53239 57230 52645 47556 46841 61677 64845 58253 55080 61935 183746 59142 168770 0 0 0 0 0 0 0 0 0 52828 72347 184317 204204 1716620060 0 30141 3563 181 237 1055 463 11144 4910 1246 868 3739 5754 4908 2028 4443 3175 5286 4009 5159 4357 4105 4621 2973 5716 2734 3498 4159 3040 3307 3445 49966 0 0 0 0 0 0 0 0 0 0 0 0 0 0 0 0 0 0 0 0 0 0 0 0 0 0 0 0 0 0 0 0 0 0 0 0 1715977073 191688 19414 0 0 0 0 0 0 0 0 25 182 0 56 621 0 26 231 57 510 982 106 473291 5683062 0 481966 4465009 3 32 0 42 489 0 0 8 0 0.711 8.04 12.643 14 0 10 36 0 0 0 0 0 0 0 NIL 835 863 773 0 0 0 0 0 0 0 0 0 0 0 0 22468 0 0 </measResults>
            </measValue>
            <measValue measObjLdn="MMLG5960HUNB001/ULoCell:NodeB Function Name=MMLG5960HUNB001, Local Cell ID=12122, Cell Name=CILEYU2">
                <measResults>117595 8972 19535 106188 9689 974 460 284 0 0 0 0 0 0 3489 1348 726 725 1159 1185 2659 2854 6141 7448 14010 18535 28584 35108 43430 59760 38274 50620 43080 51355 41103 38150 37759 31162 26892 24628 35795 29118 17329 8855 6336 6507 14879 140530 0 0 0 0 0 0 0 0 0 45114 86135 146128 178267 767654625 0 23744 3544 164 280 2250 527 15784 2131 896 1034 3620 3890 4699 3284 5716 6674 7077 5728 7420 5883 5036 4117 2997 3304 2169 2832 3428 2807 2363 3564 9108 0 0 0 0 0 0 0 0 0 0 0 0 0 0 0 0 0 0 0 0 0 0 0 0 0 0 0 0 0 0 0 0 0 0 0 0 767441608 165879 28437 0 0 0 0 0 0 0 0 20 257 0 42 989 0 22 213 46 446 903 92 211406 12240962 0 234115 2297891 3 63 0 33 776 0 0 735 0 0.546 12.809 12.906 14 0 15 27 0 0 0 0 0 0 0 NIL 837 863 762 0 0 0 0 0 0 0 0 0 0 0 0 17599 0 0 </measResults>
            </measValue>
            <measValue measObjLdn="MMLG5960HUNB001/ULoCell:NodeB Function Name=MMLG5960HUNB001, Local Cell ID=12123, Cell Name=CILEYU3">
                <measResults>14250 2097 5255 11873 2085 170 73 49 0 0 0 0 0 0 1327 512 677 484 614 660 1626 949 1698 1939 2557 2810 3427 3776 4293 5232 4444 3744 3819 4547 4800 5179 5990 6469 7009 7798 7612 5898 3114 1717 842 177 4747 18073 0 0 0 0 0 0 0 0 0 8477 8379 21603 27093 178059346 0 2493 600 23 255 167 32 939 1589 181 184 304 750 334 86 261 198 277 153 642 1372 375 455 311 576 567 685 1011 1233 1027 1022 3477 0 0 0 0 0 0 0 0 0 0 0 0 0 0 0 0 0 0 0 0 0 0 0 0 0 0 0 0 0 0 0 0 0 0 0 0 177998159 26852 6064 0 0 0 0 0 0 0 0 3 146 0 7 329 0 9 194 23 469 303 14 49128 3202562 0 162139 3509143 0 49 0 6 276 0 0 0 0 0.097 4.282 13.439 14 0 3 2 0 0 0 0 0 0 0 NIL 795 868 164 0 0 0 0 0 0 0 0 0 0 0 0 21371 0 0 </measResults>
            </measValue>
            <measValue measObjLdn="MMLG5960HUNB001/ULoCell:NodeB Function Name=MMLG5960HUNB001, Local Cell ID=52121, Cell Name=CILEYN4">
                <measResults>284321 32926 29241 245903 32967 3259 1482 710 0 0 0 0 0 0 3343 395 718 486 438 476 687 584 1219 1440 3606 6618 16214 29797 47851 68515 42108 51445 40849 57345 45494 37658 37115 36947 39742 46695 85084 109186 111238 103812 106573 125542 57563 248110 0 0 0 0 0 0 0 0 0 140171 148786 346520 377182 2882627419 0 23261 4781 193 270 1400 1327 11242 12552 1355 2223 4379 11124 19047 9541 14796 12469 9155 12491 9691 11876 11707 10980 10725 14594 12305 13541 17463 8527 19417 11565 42409 0 0 0 0 0 0 0 0 0 0 0 0 0 0 0 0 0 0 0 0 0 0 0 0 0 0 0 0 0 0 0 0 0 0 0 0 2882378554 338753 10525 0 0 0 0 0 0 0 0 48 263 0 136 977 0 48 249 138 710 987 188 794915 10230741 0 805385 4228271 6 61 0 119 776 0 0 4 0 1.776 12.706 12.978 13 0 5 36 1 0 0 0 0 0 0 NIL 843 861 804 0 0 0 0 0 0 0 0 0 0 0 0 23192 1 0 </measResults>
            </measValue>
            <measValue measObjLdn="MMLG5960HUNB001/ULoCell:NodeB Function Name=MMLG5960HUNB001, Local Cell ID=52122, Cell Name=CILEYN5">
                <measResults>227976 23143 15031 205195 20924 1235 376 246 0 0 0 0 0 0 3066 552 538 208 256 296 577 572 994 1596 2688 3946 6309 9209 13967 22002 30358 32487 32421 39761 46819 53430 85706 147165 177191 108282 77459 60477 56310 46598 47024 52787 2042 264628 0 0 0 0 0 0 0 0 0 159207 104919 266168 285271 1818599979 0 41281 5075 332 431 9203 955 18914 3795 1589 1825 4451 2577 4941 2117 3209 3054 5358 3939 3810 5902 12896 11881 21392 57040 29282 5650 1744 731 578 479 1209 0 0 0 0 0 0 0 0 0 0 0 0 0 0 0 0 0 0 0 0 0 0 0 0 0 0 0 0 0 0 0 0 0 0 0 0 1818387879 268196 17649 0 0 0 0 0 0 0 0 36 270 1 94 992 0 37 238 94 604 994 148 501366 6544226 168 504392 3387608 4 39 0 77 840 0 0 8 0 1.252 13.887 13.316 14 0.006 9 30 0 0 0 0 0 0 0 NIL 847 869 805 0 0 0 0 0 0 0 0 0 0 0 0 21902 0 0 </measResults>
            </measValue>
            <measValue measObjLdn="MMLG5960HUNB001/ULoCell:NodeB Function Name=MMLG5960HUNB001, Local Cell ID=52123, Cell Name=CILEYN6">
                <measResults>85960 8658 19922 76009 8107 1130 417 297 0 0 0 0 0 0 3887 191 141 72 108 160 599 331 545 576 875 1320 1966 2650 3179 4632 5423 8133 8891 10388 10720 10999 14733 15008 18994 21180 33776 41439 38213 40724 60938 130486 7375 101425 0 0 0 0 0 0 0 0 0 50592 56583 114550 121844 719288724 0 25333 3555 261 140 1043 295 8568 3390 469 915 2362 3485 4535 635 1491 986 1772 1761 1882 2257 2800 4593 3869 4628 3214 4349 5573 4554 8148 3568 3475 0 0 0 0 0 0 0 0 0 0 0 0 0 0 0 0 0 0 0 0 0 0 0 0 0 0 0 0 0 0 0 0 0 0 0 0 719236988 117756 10628 0 0 0 0 0 0 0 0 15 202 0 32 747 0 16 229 34 472 964 65 198145 6676979 0 205545 3048385 2 72 0 28 624 0 0 0 0 0.454 10.322 13.857 14 0 5 12 0 0 0 0 0 0 0 NIL 855 868 823 0 0 0 0 0 0 0 0 0 0 0 0 24987 0 0 </measResults>
            </measValue>
            <measValue measObjLdn="MMLG5960HUNB001/ULoCell:NodeB Function Name=MMLG5960HUNB001, Local Cell ID=62121, Cell Name=CILEYN1">
                <measResults>295058 34147 43150 258299 33254 2128 864 513 0 0 0 0 0 0 9178 113 263 152 133 209 359 282 442 510 855 975 1574 2177 2863 4696 5891 9099 11435 18974 25133 32509 42838 47448 54196 60918 100975 130584 127052 115687 115439 144437 33383 334478 0 0 0 0 0 0 0 0 0 220404 118587 372374 394146 2645726770 0 29149 9156 384 846 2222 1823 15457 9824 1950 2106 4515 14063 33891 1394 4277 2312 4366 2954 7177 8886 12949 20750 25627 39109 29490 26807 20975 7362 10039 5275 16989 0 0 0 0 0 0 0 0 0 0 0 0 0 0 0 0 0 0 0 0 0 0 0 0 0 0 0 0 0 0 0 0 0 0 0 0 2645453003 360409 12173 0 0 0 0 0 0 0 0 51 263 0 135 968 0 53 250 139 666 972 200 729262 4954670 0 750270 3646310 7 89 0 114 779 0 0 1 0 1.67 12.578 12.295 13.568 0 6 38 1 0 0 0 0 0 0 NIL 826 857 752 0 0 0 0 0 0 0 0 0 0 0 0 25308 0 0 </measResults>
            </measValue>
            <measValue measObjLdn="MMLG5960HUNB001/ULoCell:NodeB Function Name=MMLG5960HUNB001, Local Cell ID=62122, Cell Name=CILEYN2">
                <measResults>44430 2668 43456 39168 3489 1015 460 298 0 0 0 0 0 0 10018 180 140 102 131 108 167 167 278 303 519 668 1054 1743 2320 4061 5672 10139 16111 28150 32640 32545 38309 51121 79768 106485 128604 113420 77655 41844 32208 32666 356 71218 0 0 0 0 0 0 0 0 0 12799 77471 90626 86933 49889839 0 20911 19540 218 230 2191 208 14256 1674 2330 1738 2542 4084 11550 580 1129 661 1136 638 1045 694 759 640 286 526 216 258 176 100 79 46 167 0 0 0 0 0 0 0 0 0 0 0 0 0 0 0 0 0 0 0 0 0 0 0 0 0 0 0 0 0 0 0 0 0 0 0 0 49813290 84212 19745 0 0 0 0 0 0 0 0 12 262 0 10 485 0 12 196 10 162 981 46 14367 505346 0 14645 312326 2 101 0 9 673 0 0 0 0 0.123 5.94 11.802 13 0 10 22 0 0 0 0 0 0 0 NIL 830 855 772 0 0 0 0 0 0 0 0 0 0 0 0 23907 0 0 </measResults>
            </measValue>
            <measValue measObjLdn="MMLG5960HUNB001/ULoCell:NodeB Function Name=MMLG5960HUNB001, Local Cell ID=62123, Cell Name=CILEYN3">
                <measResults>53626 3330 13874 49617 3294 372 199 144 0 0 0 0 0 0 2794 94 62 71 72 104 1135 114 174 214 337 435 652 955 1118 1865 1920 5273 13385 27414 35374 33096 25703 20364 21235 26095 60084 60950 47420 48870 45244 31754 2883 64020 0 0 0 0 0 0 0 0 0 22337 45623 70843 77840 261125744 0 17450 7425 222 102 937 269 8664 3743 510 956 1774 1705 2789 914 1452 478 1330 690 821 607 1007 1716 1578 1946 1880 2620 2413 597 1785 438 1947 0 0 0 0 0 0 0 0 0 0 0 0 0 0 0 0 0 0 0 0 0 0 0 0 0 0 0 0 0 0 0 0 0 0 0 0 261004701 75799 15991 0 0 0 0 0 0 0 0 9 228 0 13 873 0 11 189 16 258 836 42 72117 6782504 0 86264 1717071 1 40 0 11 744 0 0 20 0 0.178 12.218 13.12 14 0 8 16 0 0 0 0 0 0 0 NIL 851 868 807 0 0 0 0 0 0 0 0 0 0 0 0 25186 0 0 </measResults>
            </measValue>
        </measInfo>
        <measInfo measInfoId="50331650">
            <granPeriod duration="PT3600S" endTime="2021-08-19T12:00:00+08:00"/>
            <repPeriod duration="PT3600S"/>
            <measTypes>50332548 50332549 50332550 50332554 50342548 50342549 50342550 50342554 50342612 50342613 50342615 50342616 </measTypes>
            <measValue measObjLdn="MMLG5960HUNB001/ULoCell:NodeB Function Name=MMLG5960HUNB001, Local Cell ID=12121, Cell Name=CILEYU1">
                <measResults>0 0 15.49 9.125 0 0 36.5 18 0 0 0 0 </measResults>
            </measValue>
            <measValue measObjLdn="MMLG5960HUNB001/ULoCell:NodeB Function Name=MMLG5960HUNB001, Local Cell ID=12122, Cell Name=CILEYU2">
                <measResults>0 0 11.801 7.228 0 0 27.5 16 0 0 0 0 </measResults>
            </measValue>
            <measValue measObjLdn="MMLG5960HUNB001/ULoCell:NodeB Function Name=MMLG5960HUNB001, Local Cell ID=12123, Cell Name=CILEYU3">
                <measResults>0 0 3.915 2.611 0 0 16.5 7 0 0 0 0 </measResults>
            </measValue>
            <measValue measObjLdn="MMLG5960HUNB001/ULoCell:NodeB Function Name=MMLG5960HUNB001, Local Cell ID=52121, Cell Name=CILEYN4">
                <measResults>0 0 15.394 6.593 0 0 40.5 15 0 0 0 0 </measResults>
            </measValue>
            <measValue measObjLdn="MMLG5960HUNB001/ULoCell:NodeB Function Name=MMLG5960HUNB001, Local Cell ID=52122, Cell Name=CILEYN5">
                <measResults>0 0 12.137 4.981 0 0 36 12 0 0 0 0 </measResults>
            </measValue>
            <measValue measObjLdn="MMLG5960HUNB001/ULoCell:NodeB Function Name=MMLG5960HUNB001, Local Cell ID=52123, Cell Name=CILEYN6">
                <measResults>0 0 5.943 1.799 0 0 24.5 7 0 0 0 0 </measResults>
            </measValue>
            <measValue measObjLdn="MMLG5960HUNB001/ULoCell:NodeB Function Name=MMLG5960HUNB001, Local Cell ID=62121, Cell Name=CILEYN1">
                <measResults>0 0 19.607 12.154 0 0 40.5 27 0 0 0 0 </measResults>
            </measValue>
            <measValue measObjLdn="MMLG5960HUNB001/ULoCell:NodeB Function Name=MMLG5960HUNB001, Local Cell ID=62122, Cell Name=CILEYN2">
                <measResults>0 0 20.597 13.486 0 0 33 23 0 0 0 0 </measResults>
            </measValue>
            <measValue measObjLdn="MMLG5960HUNB001/ULoCell:NodeB Function Name=MMLG5960HUNB001, Local Cell ID=62123, Cell Name=CILEYN3">
                <measResults>0 0 7.3 3.463 0 0 16 9 0 0 0 0 </measResults>
            </measValue>
        </measInfo>
        <measInfo measInfoId="50331651">
            <granPeriod duration="PT3600S" endTime="2021-08-19T12:00:00+08:00"/>
            <repPeriod duration="PT3600S"/>
            <measTypes>50331850 50331851 50331852 50331853 50331854 50331855 50331856 50331857 50331858 50331859 50331860 50331861 50331862 50331863 50331864 50331865 50331866 50331867 50331868 50331869 50331870 50331871 50331872 50331873 50331874 50331875 50331876 50331877 50331878 50331879 50331885 50331886 50331887 50331888 50331889 50331892 50331903 50331904 50331908 50331925 50331926 50331927 50331928 50331929 50331930 50331931 50331957 50331958 50331959 50331961 50331962 50331963 50331964 50331965 50331966 50331967 50331971 50331972 50331973 50331974 50331987 50331988 50331989 50331990 50331991 50331992 50331993 50331995 50332378 50332379 50332380 50332385 50332386 50332387 50332498 50332499 50332500 50332501 50332503 50332507 50332623 50332638 50341849 50341850 50341851 50341852 50341853 50341854 50341855 50341856 50341857 50341858 50341859 50341864 50341865 50341866 50341868 50341869 50341870 50341871 50341872 50341873 50341874 50341875 50341876 50341877 50341878 50341879 50341880 50341881 50341882 50341883 50341884 50341885 50341886 50341887 50341888 50341889 50341890 50341891 50341892 50341893 50341894 50341895 50341896 50341897 50341898 50341980 50341981 50341982 50341983 50341984 50341985 50341986 50341994 50361698 50361699 50361701 </measTypes>
            <measValue measObjLdn="MMLG5960HUNB001/ULoCell:NodeB Function Name=MMLG5960HUNB001, Local Cell ID=12121, Cell Name=CILEYU1">
                <measResults>1772544 15271 6227 3050 1210 330 203 203 275 231 140 82 74 63 41 36 13 7 6 4 15 3 23 0 0 4 64 279253 1765120 679044 318814 83009 5381497 292895 65596 16 218 444 424799 218 0 0 0 0 0 0 0 0 0 264 0 0 0 0 0 0 16940 14215 6460 167875 483 2066 7202 27139 31801 41760 39388 215642 259360 189043 55543 0.178 191132 76327 0 0 NIL NIL 0 0.096 0 0 44 0.508 3.651 0.023 0.112 5 0 0 0 80 0 62 40 0 NIL NIL 1.677 0.107 0.003 0.001 0 0 171.672 0 0 0 0 0 0 287050.125 1.538 0.07 0.026 0.012 0.021 0.005 0.001 0 1.445 0 0 146 NIL NIL 344 419.118 1125.752 3242.466 12014.708 17094.057 31424.428 34215.984 26329.771 0 NIL 0 </measResults>
            </measValue>
            <measValue measObjLdn="MMLG5960HUNB001/ULoCell:NodeB Function Name=MMLG5960HUNB001, Local Cell ID=12122, Cell Name=CILEYU2">
                <measResults>1782080 11106 3660 2048 613 206 188 89 29 25 3 8 0 0 0 0 0 0 0 0 0 0 0 0 0 0 0 373288 1769149 1012130 292649 143426 4427059 234710 103710 6 380 317 560581 200 0 0 0 0 0 0 0 0 0 594 0 0 0 0 0 0 18976 23696 5638 19326 702 4538 16191 79211 144787 100267 31099 737984 106258 48112 111685 0.46 25688 85559 0 0 NIL NIL 0 0.412 0 0 61 0.896 7.308 0.017 0.09 11 0 0 0 49 0 68 59 0 NIL NIL 0.633 0.015 0 0 0 0 276.006 0 0 0 0 0 0 154123.766 2.474 0.125 0.041 0.017 0.019 0.002 0.001 0 0.574 0 0 60 NIL NIL 881 117.48 701.082 2715.51 13259.838 22336.215 16238.844 10039.262 67087.516 0 NIL 0 </measResults>
            </measValue>
            <measValue measObjLdn="MMLG5960HUNB001/ULoCell:NodeB Function Name=MMLG5960HUNB001, Local Cell ID=12123, Cell Name=CILEYU3">
                <measResults>1798522 827 198 111 44 48 30 10 27 33 36 124 44 2 0 0 0 0 0 0 0 0 0 0 0 0 0 40586 774437 105401 28327 9409 850369 15073 1632 4 42 157 26201 0 0 0 0 0 0 0 0 0 0 0 0 0 0 0 0 0 0 5 53 11292 25 139 297 1459 1607 2079 921 5545 11041 8160 3472 0.024 7909 3543 0 0 NIL NIL 0 0.02 0 0 42 0.063 1.097 0.001 0.045 0 0 0 0 49 0 3 2 0 NIL NIL 0.211 0.004 0 0 0 0 0 0 0 0 0 0 0 18737.117 0.298 0.008 0.002 0.001 0.002 0 0 0 0.192 0 0 87 NIL NIL 184 2.532 115.356 50.58 331.524 436.164 1171.8 1449.716 1205.838 0 NIL 0 </measResults>
            </measValue>
            <measValue measObjLdn="MMLG5960HUNB001/ULoCell:NodeB Function Name=MMLG5960HUNB001, Local Cell ID=52121, Cell Name=CILEYN4">
                <measResults>182 5627 11570 76647 274986 386500 335165 284275 309702 73706 17959 9346 5104 3051 1818 1069 734 565 412 335 414 224 197 154 27 229 2627 431694 1751923 671753 358410 107540 4616198 284744 49335 8 190 312 404409 449046 8861 3442 1350 841 231 37 11 0 10 634298 14841 4637 1593 957 152 20 45116 37000 16569 108290 106 49 300 3424 11884 36155 97746 225093 199586 141407 61282 0.218 112723 93449 0 0 NIL NIL 0 0.134 0 0 78 0.488 3.337 0.02 0.132 9 0 0 0 78 0 52 32 0 NIL NIL 1.492 0.059 0.004 0.001 0 0 210365.797 8912.006 2603.056 944.452 451.546 8.97 0.372 255114.047 1.303 0.082 0.034 0.017 0.024 0.007 0.004 0 1.253 0 1 77 NIL NIL 599 34.804 15.06 99.486 1059.342 4145.754 21478.004 62392.012 58717.496 0 NIL 0 </measResults>
            </measValue>
            <measValue measObjLdn="MMLG5960HUNB001/ULoCell:NodeB Function Name=MMLG5960HUNB001, Local Cell ID=52122, Cell Name=CILEYN5">
                <measResults>0 0 0 0 0 0 0 0 0 510 163870 521559 353883 192926 148823 171147 166730 58886 14424 3722 1864 636 265 204 30 521 93500 770172 1795063 1242829 686325 230568 5343805 655951 213381 6 349 790 808216 1242844 1242813 1207460 606065 466186 76233 0 78 0 75 2337788 2337778 2300289 1222380 973784 180415 0 44993 20088 9132 271992 639 751 3062 27777 75523 244170 138730 1017570 306758 239578 147227 0.628 197626 121124 0 0 NIL NIL 0 0.458 0 0 101 1.257 7.543 0.043 0.368 17 6 0 0 46 0 154 92 256 NIL NIL 1.184 0.057 0.007 0.005 0.001 0.001 340730.719 340728.313 336579.969 190389.516 126330.969 12887.488 0 340730.719 2.749 0.132 0.045 0.013 0.01 0.003 0.003 0.001 0.977 0 158 31 NIL NIL 416 211.116 257.022 479.922 5105.082 26124.979 160023.75 22855.109 62557.879 0 NIL 0 </measResults>
            </measValue>
            <measValue measObjLdn="MMLG5960HUNB001/ULoCell:NodeB Function Name=MMLG5960HUNB001, Local Cell ID=52123, Cell Name=CILEYN6">
                <measResults>0 0 0 0 0 0 0 0 10 739 52697 665971 267697 99144 76822 91240 97959 97644 107052 138576 98449 4282 507 204 61 946 457794 860613 1793584 1109240 988753 638189 4548387 638482 595736 7 180 833 344209 1109254 1109009 1097814 656120 607289 425578 0 329 0 293 2424601 2424360 2400146 1702547 1588975 1131009 0 24747 126529 72272 224339 80 278 615 3696 5288 20458 115148 485708 105644 156488 41500 0.494 79216 32880 0 0 NIL NIL 0 0.172 0 0 132 1.081 4.101 0.034 0.548 23 7 0 0 63 0 214 31 369 NIL NIL 2.118 0.084 0.01 0.004 0.002 0 391565.313 391509.875 389120.5 156691.141 114687.172 60963.605 0 391565.313 1.272 0.054 0.018 0.009 0.013 0.005 0.005 0.001 1.687 0 193 28 NIL NIL 415 9.648 73.488 111.924 671.628 1681.986 6611.872 30494.199 22253.998 0 NIL 0 </measResults>
            </measValue>
            <measValue measObjLdn="MMLG5960HUNB001/ULoCell:NodeB Function Name=MMLG5960HUNB001, Local Cell ID=62121, Cell Name=CILEYN1">
                <measResults>0 0 0 0 0 0 0 0 0 0 0 0 23 10362 327637 522406 606513 257539 53381 10814 6497 2188 911 521 88 1120 378934 1078593 1781114 1067571 802593 216448 4348082 742023 161092 8 386 882 700295 1067562 1067562 1067562 1067562 1066007 279035 0 775 0 722 1980328 1980328 1980328 1980328 1977881 670440 0 106258 33099 30335 374786 330 368 1326 10845 38909 113840 260328 652243 202244 294237 112118 0.598 137129 77820 0 0 NIL NIL 0 0.334 0 0 171 1.073 7.318 0.033 0.18 23 16 0 0 40 0 292 56 982 NIL NIL 1.113 0.107 0 0 0 0 247136.563 247136.563 247136.563 247136.563 246546.875 47203.043 0 247136.563 2.09 0.092 0.032 0.013 0.016 0.001 0 0 0.879 0 324 15 NIL NIL 375 76.92 40.554 172.518 1752.324 7031.7 22191.33 58077.074 44732.363 0 NIL 0 </measResults>
            </measValue>
            <measValue measObjLdn="MMLG5960HUNB001/ULoCell:NodeB Function Name=MMLG5960HUNB001, Local Cell ID=62122, Cell Name=CILEYN2">
                <measResults>0 0 0 0 0 0 0 0 0 0 0 0 0 0 0 0 0 0 17 9317 940202 729430 39019 47234 8109 26672 1800000 806360 1791286 951279 405048 150060 7123840 367247 137213 7 285 802 345874 951261 951261 951261 951261 951261 951261 35862 824 0 565 1473209 1473209 1473209 1473209 1473209 1473209 67162 54400 26967 14631 116144 90 160 656 7046 51628 98096 118904 771744 29185 21802 69540 0.446 7311 24678 0 0 NIL NIL 0 0.322 0 0 93 0.818 3.711 0.03 0.14 15 6 0 0 39 0 152 71 1000 NIL NIL 1.135 0.002 0 0 0 0 52438.977 52438.977 52438.977 52438.977 52438.977 52438.977 2289.456 52438.977 3.541 0.014 0.004 0.002 0.002 0 0 0 1.08 0 345 11 NIL NIL 648 7.368 13.584 52.428 548.094 4067.592 8102.424 12036.482 22294.932 0 NIL 0 </measResults>
            </measValue>
            <measValue measObjLdn="MMLG5960HUNB001/ULoCell:NodeB Function Name=MMLG5960HUNB001, Local Cell ID=62123, Cell Name=CILEYN3">
                <measResults>0 0 0 0 0 0 0 0 0 616 23625 198828 689129 734092 112309 28663 8182 2550 991 429 288 124 103 20 1 50 4986 309115 1703515 612377 280167 77462 3806464 193498 69271 4 126 280 343938 612357 612323 610014 360955 61233 1055 0 6 0 6 800759 800739 798860 552101 109925 1866 0 13696 22818 12890 68010 293 636 318 1426 11119 79983 59285 170641 99983 92397 54300 0.23 42205 62582 0 0 NIL NIL 0 0.152 0 0 67 0.433 4.596 0.015 0.142 4 1 0 0 36 0 30 23 24 NIL NIL 0.968 0.019 0 0 0 0 136480.016 136476.5 136133.766 92747.008 17558.252 223.41 0 136480.016 1.41 0.066 0.029 0.014 0.021 0.002 0 0 0.812 0 25 72 NIL NIL 419 72.81 270.36 114.69 425.196 3199.194 24920.811 19578.387 37160.641 0 NIL 0 </measResults>
            </measValue>
        </measInfo>
        <measInfo measInfoId="50331653">
            <granPeriod duration="PT3600S" endTime="2021-08-19T12:00:00+08:00"/>
            <repPeriod duration="PT3600S"/>
            <measTypes>50331748 50331749 50331750 50331751 50331752 50331753 50361697 </measTypes>
            <measValue measObjLdn="MMLG5960HUNB001/ULoCell:NodeB Function Name=MMLG5960HUNB001, Local Cell ID=12121, Cell Name=CILEYU1">
                <measResults>0.869 0.721 0.869 0.708 0 0 0.51 </measResults>
            </measValue>
            <measValue measObjLdn="MMLG5960HUNB001/ULoCell:NodeB Function Name=MMLG5960HUNB001, Local Cell ID=12122, Cell Name=CILEYU2">
                <measResults>0.218 0.182 0.218 0.169 0 0 0.455 </measResults>
            </measValue>
            <measValue measObjLdn="MMLG5960HUNB001/ULoCell:NodeB Function Name=MMLG5960HUNB001, Local Cell ID=12123, Cell Name=CILEYU3">
                <measResults>0.067 0.057 0.067 0.053 0 0 0.486 </measResults>
            </measValue>
            <measValue measObjLdn="MMLG5960HUNB001/ULoCell:NodeB Function Name=MMLG5960HUNB001, Local Cell ID=52121, Cell Name=CILEYN4">
                <measResults>0.397 0.331 0.397 0.311 0 0 0.34 </measResults>
            </measValue>
            <measValue measObjLdn="MMLG5960HUNB001/ULoCell:NodeB Function Name=MMLG5960HUNB001, Local Cell ID=52122, Cell Name=CILEYN5">
                <measResults>0.25 0.175 0.25 0.15 0 0 0.067 </measResults>
            </measValue>
            <measValue measObjLdn="MMLG5960HUNB001/ULoCell:NodeB Function Name=MMLG5960HUNB001, Local Cell ID=52123, Cell Name=CILEYN6">
                <measResults>0.961 0.874 0.961 0.768 0 0 0.282 </measResults>
            </measValue>
            <measValue measObjLdn="MMLG5960HUNB001/ULoCell:NodeB Function Name=MMLG5960HUNB001, Local Cell ID=62121, Cell Name=CILEYN1">
                <measResults>0.443 0.346 0.443 0.308 0 0 0.068 </measResults>
            </measValue>
            <measValue measObjLdn="MMLG5960HUNB001/ULoCell:NodeB Function Name=MMLG5960HUNB001, Local Cell ID=62122, Cell Name=CILEYN2">
                <measResults>0.697 0.597 0.697 0.593 0 0 0.317 </measResults>
            </measValue>
            <measValue measObjLdn="MMLG5960HUNB001/ULoCell:NodeB Function Name=MMLG5960HUNB001, Local Cell ID=62123, Cell Name=CILEYN3">
                <measResults>0.663 0.574 0.663 0.571 0 0 0.413 </measResults>
            </measValue>
        </measInfo>
        <measInfo measInfoId="50331658">
            <granPeriod duration="PT3600S" endTime="2021-08-19T12:00:00+08:00"/>
            <repPeriod duration="PT3600S"/>
            <measTypes>50332250 50332251 50332410 50332411 </measTypes>
            <measValue measObjLdn="MMLG5960HUNB001/ULoCell:NodeB Function Name=MMLG5960HUNB001, Local Cell ID=12121, Cell Name=CILEYU1">
                <measResults>0 0 0 0 </measResults>
            </measValue>
            <measValue measObjLdn="MMLG5960HUNB001/ULoCell:NodeB Function Name=MMLG5960HUNB001, Local Cell ID=12122, Cell Name=CILEYU2">
                <measResults>0 0 0 0 </measResults>
            </measValue>
            <measValue measObjLdn="MMLG5960HUNB001/ULoCell:NodeB Function Name=MMLG5960HUNB001, Local Cell ID=12123, Cell Name=CILEYU3">
                <measResults>0 0 0 0 </measResults>
            </measValue>
            <measValue measObjLdn="MMLG5960HUNB001/ULoCell:NodeB Function Name=MMLG5960HUNB001, Local Cell ID=52121, Cell Name=CILEYN4">
                <measResults>0 0 0 0 </measResults>
            </measValue>
            <measValue measObjLdn="MMLG5960HUNB001/ULoCell:NodeB Function Name=MMLG5960HUNB001, Local Cell ID=52122, Cell Name=CILEYN5">
                <measResults>0 0 0 0 </measResults>
            </measValue>
            <measValue measObjLdn="MMLG5960HUNB001/ULoCell:NodeB Function Name=MMLG5960HUNB001, Local Cell ID=52123, Cell Name=CILEYN6">
                <measResults>0 0 0 0 </measResults>
            </measValue>
            <measValue measObjLdn="MMLG5960HUNB001/ULoCell:NodeB Function Name=MMLG5960HUNB001, Local Cell ID=62121, Cell Name=CILEYN1">
                <measResults>0 0 0 0 </measResults>
            </measValue>
            <measValue measObjLdn="MMLG5960HUNB001/ULoCell:NodeB Function Name=MMLG5960HUNB001, Local Cell ID=62122, Cell Name=CILEYN2">
                <measResults>0 0 0 0 </measResults>
            </measValue>
            <measValue measObjLdn="MMLG5960HUNB001/ULoCell:NodeB Function Name=MMLG5960HUNB001, Local Cell ID=62123, Cell Name=CILEYN3">
                <measResults>0 0 0 0 </measResults>
            </measValue>
        </measInfo>
        <measInfo measInfoId="50331660">
            <granPeriod duration="PT3600S" endTime="2021-08-19T12:00:00+08:00"/>
            <repPeriod duration="PT3600S"/>
            <measTypes>50361670 50361671 50361672 50361673 </measTypes>
            <measValue measObjLdn="MMLG5960HUNB001/ULoCell:NodeB Function Name=MMLG5960HUNB001, Local Cell ID=12121, Cell Name=CILEYU1">
                <measResults>0 0 0 0 </measResults>
            </measValue>
            <measValue measObjLdn="MMLG5960HUNB001/ULoCell:NodeB Function Name=MMLG5960HUNB001, Local Cell ID=12122, Cell Name=CILEYU2">
                <measResults>0 0 0 0 </measResults>
            </measValue>
            <measValue measObjLdn="MMLG5960HUNB001/ULoCell:NodeB Function Name=MMLG5960HUNB001, Local Cell ID=12123, Cell Name=CILEYU3">
                <measResults>0 0 0 0 </measResults>
            </measValue>
            <measValue measObjLdn="MMLG5960HUNB001/ULoCell:NodeB Function Name=MMLG5960HUNB001, Local Cell ID=52121, Cell Name=CILEYN4">
                <measResults>0 0 0 0 </measResults>
            </measValue>
            <measValue measObjLdn="MMLG5960HUNB001/ULoCell:NodeB Function Name=MMLG5960HUNB001, Local Cell ID=52122, Cell Name=CILEYN5">
                <measResults>0 0 0 0 </measResults>
            </measValue>
            <measValue measObjLdn="MMLG5960HUNB001/ULoCell:NodeB Function Name=MMLG5960HUNB001, Local Cell ID=52123, Cell Name=CILEYN6">
                <measResults>0 0 0 0 </measResults>
            </measValue>
            <measValue measObjLdn="MMLG5960HUNB001/ULoCell:NodeB Function Name=MMLG5960HUNB001, Local Cell ID=62121, Cell Name=CILEYN1">
                <measResults>0 0 0 0 </measResults>
            </measValue>
            <measValue measObjLdn="MMLG5960HUNB001/ULoCell:NodeB Function Name=MMLG5960HUNB001, Local Cell ID=62122, Cell Name=CILEYN2">
                <measResults>0 0 0 0 </measResults>
            </measValue>
            <measValue measObjLdn="MMLG5960HUNB001/ULoCell:NodeB Function Name=MMLG5960HUNB001, Local Cell ID=62123, Cell Name=CILEYN3">
                <measResults>0 0 0 0 </measResults>
            </measValue>
        </measInfo>
        <measInfo measInfoId="50331661">
            <granPeriod duration="PT3600S" endTime="2021-08-19T12:00:00+08:00"/>
            <repPeriod duration="PT3600S"/>
            <measTypes>50332048 50332049 50332050 50332051 </measTypes>
            <measValue measObjLdn="MMLG5960HUNB001/ULoCell:NodeB Function Name=MMLG5960HUNB001, Local Cell ID=12121, Cell Name=CILEYU1">
                <measResults>21280 0 165490 0 </measResults>
            </measValue>
            <measValue measObjLdn="MMLG5960HUNB001/ULoCell:NodeB Function Name=MMLG5960HUNB001, Local Cell ID=12122, Cell Name=CILEYU2">
                <measResults>17062 0 164989 0 </measResults>
            </measValue>
            <measValue measObjLdn="MMLG5960HUNB001/ULoCell:NodeB Function Name=MMLG5960HUNB001, Local Cell ID=12123, Cell Name=CILEYU3">
                <measResults>3532 0 164304 0 </measResults>
            </measValue>
            <measValue measObjLdn="MMLG5960HUNB001/ULoCell:NodeB Function Name=MMLG5960HUNB001, Local Cell ID=52121, Cell Name=CILEYN4">
                <measResults>31359 0 165140 0 </measResults>
            </measValue>
            <measValue measObjLdn="MMLG5960HUNB001/ULoCell:NodeB Function Name=MMLG5960HUNB001, Local Cell ID=52122, Cell Name=CILEYN5">
                <measResults>18197 0 164892 0 </measResults>
            </measValue>
            <measValue measObjLdn="MMLG5960HUNB001/ULoCell:NodeB Function Name=MMLG5960HUNB001, Local Cell ID=52123, Cell Name=CILEYN6">
                <measResults>8463 0 164191 0 </measResults>
            </measValue>
            <measValue measObjLdn="MMLG5960HUNB001/ULoCell:NodeB Function Name=MMLG5960HUNB001, Local Cell ID=62121, Cell Name=CILEYN1">
                <measResults>30719 0 165390 0 </measResults>
            </measValue>
            <measValue measObjLdn="MMLG5960HUNB001/ULoCell:NodeB Function Name=MMLG5960HUNB001, Local Cell ID=62122, Cell Name=CILEYN2">
                <measResults>41315 0 165020 0 </measResults>
            </measValue>
            <measValue measObjLdn="MMLG5960HUNB001/ULoCell:NodeB Function Name=MMLG5960HUNB001, Local Cell ID=62123, Cell Name=CILEYN3">
                <measResults>12164 0 164392 0 </measResults>
            </measValue>
        </measInfo>
        <measInfo measInfoId="50331662">
            <granPeriod duration="PT3600S" endTime="2021-08-19T12:00:00+08:00"/>
            <repPeriod duration="PT3600S"/>
            <measTypes>50332052 50332053 50332054 50332070 50332505 </measTypes>
            <measValue measObjLdn="MMLG5960HUNB001/ULoCell:NodeB Function Name=MMLG5960HUNB001, Local Cell ID=12121, Cell Name=CILEYU1">
                <measResults>5 156 861362 0 0 </measResults>
            </measValue>
            <measValue measObjLdn="MMLG5960HUNB001/ULoCell:NodeB Function Name=MMLG5960HUNB001, Local Cell ID=12122, Cell Name=CILEYU2">
                <measResults>0 97 616638 0 0 </measResults>
            </measValue>
            <measValue measObjLdn="MMLG5960HUNB001/ULoCell:NodeB Function Name=MMLG5960HUNB001, Local Cell ID=12123, Cell Name=CILEYU3">
                <measResults>5 56 364385 0 0 </measResults>
            </measValue>
            <measValue measObjLdn="MMLG5960HUNB001/ULoCell:NodeB Function Name=MMLG5960HUNB001, Local Cell ID=52121, Cell Name=CILEYN4">
                <measResults>0 87 339108 0 0 </measResults>
            </measValue>
            <measValue measObjLdn="MMLG5960HUNB001/ULoCell:NodeB Function Name=MMLG5960HUNB001, Local Cell ID=52122, Cell Name=CILEYN5">
                <measResults>40 40 233006 0 0 </measResults>
            </measValue>
            <measValue measObjLdn="MMLG5960HUNB001/ULoCell:NodeB Function Name=MMLG5960HUNB001, Local Cell ID=52123, Cell Name=CILEYN6">
                <measResults>0 31 125465 0 0 </measResults>
            </measValue>
            <measValue measObjLdn="MMLG5960HUNB001/ULoCell:NodeB Function Name=MMLG5960HUNB001, Local Cell ID=62121, Cell Name=CILEYN1">
                <measResults>47 126 997013 0 0 </measResults>
            </measValue>
            <measValue measObjLdn="MMLG5960HUNB001/ULoCell:NodeB Function Name=MMLG5960HUNB001, Local Cell ID=62122, Cell Name=CILEYN2">
                <measResults>31 116 962916 0 0 </measResults>
            </measValue>
            <measValue measObjLdn="MMLG5960HUNB001/ULoCell:NodeB Function Name=MMLG5960HUNB001, Local Cell ID=62123, Cell Name=CILEYN3">
                <measResults>20 49 461020 0 0 </measResults>
            </measValue>
        </measInfo>
        <measInfo measInfoId="50331663">
            <granPeriod duration="PT3600S" endTime="2021-08-19T12:00:00+08:00"/>
            <repPeriod duration="PT3600S"/>
            <measTypes>50331917 50332061 50332064 50332065 50332069 50332071 50332072 50332073 50332074 50332079 50332258 50332388 50332389 50332504 50332626 50332632 50332639 50332640 50332641 50332645 50342048 50342049 50342050 50342051 50361705 50361706 50361725 50361726 50361735 50361740 50361743 50361744 50361747 50361749 50361751 50361753 50361755 50361757 50361759 50361761 50361763 50361765 50361767 50361769 50361771 50361773 50361775 50361777 50361779 50361781 50361783 50361785 50361787 50361789 50361791 50361793 50361795 </measTypes>
            <measValue measObjLdn="MMLG5960HUNB001/ULoCell:NodeB Function Name=MMLG5960HUNB001, Local Cell ID=12121, Cell Name=CILEYU1">
                <measResults>992.127 5 255 0 0 0 0 0 0 0 0 0 0.995 0 0 0 0 0 NIL 0 48 54.66 0 0 0 0 0 NIL NIL NIL NIL NIL NIL NIL NIL NIL NIL NIL NIL NIL NIL NIL NIL NIL NIL NIL NIL NIL NIL NIL NIL NIL NIL NIL NIL NIL NIL </measResults>
            </measValue>
            <measValue measObjLdn="MMLG5960HUNB001/ULoCell:NodeB Function Name=MMLG5960HUNB001, Local Cell ID=12122, Cell Name=CILEYU2">
                <measResults>993.712 1 254 0 0 0 0 0 0 0 0 0 1.044 0 0 0 0 0 NIL 0 8 47.337 0 0 0 0 0 NIL NIL NIL NIL NIL NIL NIL NIL NIL NIL NIL NIL NIL NIL NIL NIL NIL NIL NIL NIL NIL NIL NIL NIL NIL NIL NIL NIL NIL NIL </measResults>
            </measValue>
            <measValue measObjLdn="MMLG5960HUNB001/ULoCell:NodeB Function Name=MMLG5960HUNB001, Local Cell ID=12123, Cell Name=CILEYU3">
                <measResults>942.192 0 255 0 0 0 0 0 0 0 0 0 0.111 0 0 0 0 0 NIL 0 5 32.505 0 0 0 0 0 NIL NIL NIL NIL NIL NIL NIL NIL NIL NIL NIL NIL NIL NIL NIL NIL NIL NIL NIL NIL NIL NIL NIL NIL NIL NIL NIL NIL NIL NIL </measResults>
            </measValue>
            <measValue measObjLdn="MMLG5960HUNB001/ULoCell:NodeB Function Name=MMLG5960HUNB001, Local Cell ID=52121, Cell Name=CILEYN4">
                <measResults>996.047 3 253 0 0 0 0 0 0 0 0 0 1.195 991.667 0 0 0 0 NIL 0 78 62.8 0 0 0 0 0 NIL NIL NIL NIL NIL NIL NIL NIL NIL NIL NIL NIL NIL NIL NIL NIL NIL NIL NIL NIL NIL NIL NIL NIL NIL NIL NIL NIL NIL NIL </measResults>
            </measValue>
            <measValue measObjLdn="MMLG5960HUNB001/ULoCell:NodeB Function Name=MMLG5960HUNB001, Local Cell ID=52122, Cell Name=CILEYN5">
                <measResults>967.643 1 256 0 0 0 0 0 0 0 0 0 1.496 1000 0 0 0 0 NIL 0 9 53.087 0 0 0 0 0 NIL NIL NIL NIL NIL NIL NIL NIL NIL NIL NIL NIL NIL NIL NIL NIL NIL NIL NIL NIL NIL NIL NIL NIL NIL NIL NIL NIL NIL NIL </measResults>
            </measValue>
            <measValue measObjLdn="MMLG5960HUNB001/ULoCell:NodeB Function Name=MMLG5960HUNB001, Local Cell ID=52123, Cell Name=CILEYN6">
                <measResults>919.164 0 256 0 0 0 0 0 0 0 0 0 0.936 1000 0 0 0 0 NIL 0 5 34.836 0 0 0 0 0 NIL NIL NIL NIL NIL NIL NIL NIL NIL NIL NIL NIL NIL NIL NIL NIL NIL NIL NIL NIL NIL NIL NIL NIL NIL NIL NIL NIL NIL NIL </measResults>
            </measValue>
            <measValue measObjLdn="MMLG5960HUNB001/ULoCell:NodeB Function Name=MMLG5960HUNB001, Local Cell ID=62121, Cell Name=CILEYN1">
                <measResults>995.109 3 256 0 0 0 0 0 0 0 0 0 1.548 1000 0 0 0 0 NIL 0 15 74.157 0 0 0 0 0 NIL NIL NIL NIL NIL NIL NIL NIL NIL NIL NIL NIL NIL NIL NIL NIL NIL NIL NIL NIL NIL NIL NIL NIL NIL NIL NIL NIL NIL NIL </measResults>
            </measValue>
            <measValue measObjLdn="MMLG5960HUNB001/ULoCell:NodeB Function Name=MMLG5960HUNB001, Local Cell ID=62122, Cell Name=CILEYN2">
                <measResults>1000 4 252 0 0 0 0 0 0 0 0 0 1.311 1000 0 0 0 0 NIL 0 12 56.474 0 0 0 0 0 NIL NIL NIL NIL NIL NIL NIL NIL NIL NIL NIL NIL NIL NIL NIL NIL NIL NIL NIL NIL NIL NIL NIL NIL NIL NIL NIL NIL NIL NIL </measResults>
            </measValue>
            <measValue measObjLdn="MMLG5960HUNB001/ULoCell:NodeB Function Name=MMLG5960HUNB001, Local Cell ID=62123, Cell Name=CILEYN3">
                <measResults>993.82 1 255 0 0 0 0 0 0 0 0 0 0.666 858.333 0 0 0 0 NIL 0 9 38.806 0 0 0 0 0 NIL NIL NIL NIL NIL NIL NIL NIL NIL NIL NIL NIL NIL NIL NIL NIL NIL NIL NIL NIL NIL NIL NIL NIL NIL NIL NIL NIL NIL NIL </measResults>
            </measValue>
        </measInfo>
        <measInfo measInfoId="50331665">
            <granPeriod duration="PT3600S" endTime="2021-08-19T12:00:00+08:00"/>
            <repPeriod duration="PT3600S"/>
            <measTypes>50331740 50331741 50331742 50331743 50331744 50331909 50331910 50331911 50331912 50331913 50332381 50332382 50332576 50332577 </measTypes>
            <measValue measObjLdn="MMLG5960HUNB001/ULoCell:NodeB Function Name=MMLG5960HUNB001, Local Cell ID=12121, Cell Name=CILEYU1">
                <measResults>0 0 0 0 0 0 0 0 0 0 0 0 0 0 </measResults>
            </measValue>
            <measValue measObjLdn="MMLG5960HUNB001/ULoCell:NodeB Function Name=MMLG5960HUNB001, Local Cell ID=12122, Cell Name=CILEYU2">
                <measResults>0 0 0 0 0 0 0 0 0 0 0 0 0 0 </measResults>
            </measValue>
            <measValue measObjLdn="MMLG5960HUNB001/ULoCell:NodeB Function Name=MMLG5960HUNB001, Local Cell ID=12123, Cell Name=CILEYU3">
                <measResults>0 0 0 0 0 0 0 0 0 0 0 0 0 0 </measResults>
            </measValue>
            <measValue measObjLdn="MMLG5960HUNB001/ULoCell:NodeB Function Name=MMLG5960HUNB001, Local Cell ID=52121, Cell Name=CILEYN4">
                <measResults>0 0 0 0 0 0 0 0 0 0 0 0 0 0 </measResults>
            </measValue>
            <measValue measObjLdn="MMLG5960HUNB001/ULoCell:NodeB Function Name=MMLG5960HUNB001, Local Cell ID=52122, Cell Name=CILEYN5">
                <measResults>0 0 0 0 0 0 0 0 0 0 0 0 0 0 </measResults>
            </measValue>
            <measValue measObjLdn="MMLG5960HUNB001/ULoCell:NodeB Function Name=MMLG5960HUNB001, Local Cell ID=52123, Cell Name=CILEYN6">
                <measResults>0 0 0 0 0 0 0 0 0 0 0 0 0 0 </measResults>
            </measValue>
            <measValue measObjLdn="MMLG5960HUNB001/ULoCell:NodeB Function Name=MMLG5960HUNB001, Local Cell ID=62121, Cell Name=CILEYN1">
                <measResults>0 0 0 0 0 0 0 0 0 0 0 0 0 0 </measResults>
            </measValue>
            <measValue measObjLdn="MMLG5960HUNB001/ULoCell:NodeB Function Name=MMLG5960HUNB001, Local Cell ID=62122, Cell Name=CILEYN2">
                <measResults>0 0 0 0 0 0 0 0 0 0 0 0 0 0 </measResults>
            </measValue>
            <measValue measObjLdn="MMLG5960HUNB001/ULoCell:NodeB Function Name=MMLG5960HUNB001, Local Cell ID=62123, Cell Name=CILEYN3">
                <measResults>0 0 0 0 0 0 0 0 0 0 0 0 0 0 </measResults>
            </measValue>
        </measInfo>
        <measInfo measInfoId="50331673">
            <granPeriod duration="PT3600S" endTime="2021-08-19T12:00:00+08:00"/>
            <repPeriod duration="PT3600S"/>
            <measTypes>50332055 50332056 50332057 50332058 50332059 50332060 50332278 50332279 50332280 50332281 50332282 50332283 50332284 50332285 50332286 50361648 50361649 50361650 50361651 </measTypes>
            <measValue measObjLdn="MMLG5960HUNB001/ULoCell:NodeB Function Name=MMLG5960HUNB001, Local Cell ID=12121, Cell Name=CILEYU1">
                <measResults>7 13 5 0 0 0 59 52 9 17 23 1 2 11 23 0 0 0 0 </measResults>
            </measValue>
            <measValue measObjLdn="MMLG5960HUNB001/ULoCell:NodeB Function Name=MMLG5960HUNB001, Local Cell ID=12122, Cell Name=CILEYU2">
                <measResults>6 15 3 0 0 0 17 14 2 9 3 1 0 9 2 0 0 0 0 </measResults>
            </measValue>
            <measValue measObjLdn="MMLG5960HUNB001/ULoCell:NodeB Function Name=MMLG5960HUNB001, Local Cell ID=12123, Cell Name=CILEYU3">
                <measResults>2 5 2 0 0 0 9 6 0 0 0 0 0 0 0 0 0 0 0 </measResults>
            </measValue>
            <measValue measObjLdn="MMLG5960HUNB001/ULoCell:NodeB Function Name=MMLG5960HUNB001, Local Cell ID=52121, Cell Name=CILEYN4">
                <measResults>10 3 2 0 0 0 24 14 6 7 14 0 1 10 11 0 0 0 0 </measResults>
            </measValue>
            <measValue measObjLdn="MMLG5960HUNB001/ULoCell:NodeB Function Name=MMLG5960HUNB001, Local Cell ID=52122, Cell Name=CILEYN5">
                <measResults>8 5 1 0 0 0 9 5 4 8 6 1 1 11 8 0 0 0 0 </measResults>
            </measValue>
            <measValue measObjLdn="MMLG5960HUNB001/ULoCell:NodeB Function Name=MMLG5960HUNB001, Local Cell ID=52123, Cell Name=CILEYN6">
                <measResults>5 1 1 0 0 0 1 1 2 2 9 0 4 2 10 0 0 0 0 </measResults>
            </measValue>
            <measValue measObjLdn="MMLG5960HUNB001/ULoCell:NodeB Function Name=MMLG5960HUNB001, Local Cell ID=62121, Cell Name=CILEYN1">
                <measResults>11 18 4 0 0 0 36 28 3 5 8 0 3 5 7 0 0 0 0 </measResults>
            </measValue>
            <measValue measObjLdn="MMLG5960HUNB001/ULoCell:NodeB Function Name=MMLG5960HUNB001, Local Cell ID=62122, Cell Name=CILEYN2">
                <measResults>7 15 5 0 0 0 49 28 2 5 2 0 1 2 1 0 0 0 0 </measResults>
            </measValue>
            <measValue measObjLdn="MMLG5960HUNB001/ULoCell:NodeB Function Name=MMLG5960HUNB001, Local Cell ID=62123, Cell Name=CILEYN3">
                <measResults>2 5 4 0 0 0 15 14 3 5 5 0 0 7 3 0 0 0 0 </measResults>
            </measValue>
        </measInfo>
        <measInfo measInfoId="50331674">
            <granPeriod duration="PT3600S" endTime="2021-08-19T12:00:00+08:00"/>
            <repPeriod duration="PT3600S"/>
            <measTypes>50332161 50332162 50332163 50332164 50332165 50341718 50341719 50341720 50341721 </measTypes>
            <measValue measObjLdn="MMLG5960HUNB001/ULoCell:NodeB Function Name=MMLG5960HUNB001, Local Cell ID=12121, Cell Name=CILEYU1">
                <measResults>0 0 0 0 0 0 0 0 0 </measResults>
            </measValue>
            <measValue measObjLdn="MMLG5960HUNB001/ULoCell:NodeB Function Name=MMLG5960HUNB001, Local Cell ID=12122, Cell Name=CILEYU2">
                <measResults>0 0 0 0 0 0 0 0 0 </measResults>
            </measValue>
            <measValue measObjLdn="MMLG5960HUNB001/ULoCell:NodeB Function Name=MMLG5960HUNB001, Local Cell ID=12123, Cell Name=CILEYU3">
                <measResults>0 0 0 0 0 0 0 0 0 </measResults>
            </measValue>
            <measValue measObjLdn="MMLG5960HUNB001/ULoCell:NodeB Function Name=MMLG5960HUNB001, Local Cell ID=52121, Cell Name=CILEYN4">
                <measResults>0 0 0 0 0 0 0 0 0 </measResults>
            </measValue>
            <measValue measObjLdn="MMLG5960HUNB001/ULoCell:NodeB Function Name=MMLG5960HUNB001, Local Cell ID=52122, Cell Name=CILEYN5">
                <measResults>0 0 0 0 0 0 0 0 0 </measResults>
            </measValue>
            <measValue measObjLdn="MMLG5960HUNB001/ULoCell:NodeB Function Name=MMLG5960HUNB001, Local Cell ID=52123, Cell Name=CILEYN6">
                <measResults>0 0 0 0 0 0 0 0 0 </measResults>
            </measValue>
            <measValue measObjLdn="MMLG5960HUNB001/ULoCell:NodeB Function Name=MMLG5960HUNB001, Local Cell ID=62121, Cell Name=CILEYN1">
                <measResults>0 0 0 0 0 0 0 0 0 </measResults>
            </measValue>
            <measValue measObjLdn="MMLG5960HUNB001/ULoCell:NodeB Function Name=MMLG5960HUNB001, Local Cell ID=62122, Cell Name=CILEYN2">
                <measResults>0 0 0 0 0 0 0 0 0 </measResults>
            </measValue>
            <measValue measObjLdn="MMLG5960HUNB001/ULoCell:NodeB Function Name=MMLG5960HUNB001, Local Cell ID=62123, Cell Name=CILEYN3">
                <measResults>0 0 0 0 0 0 0 0 0 </measResults>
            </measValue>
        </measInfo>
        <measInfo measInfoId="50331676">
            <granPeriod duration="PT3600S" endTime="2021-08-19T12:00:00+08:00"/>
            <repPeriod duration="PT3600S"/>
            <measTypes>50331747 50332175 50332176 50332177 50332178 50332179 50332180 50332181 50332182 50332183 50332184 50332185 50332186 50332187 50332188 50332189 50332190 50332192 50332193 50332194 50332195 50332196 50332197 50332198 50332199 50332200 50332201 50332202 50332203 50332204 50332205 50332206 50332207 50332208 50332209 50332210 50332211 50332212 50332213 50332214 50332219 50332232 50332233 50332234 50332235 50332236 50332237 50332238 50332245 50332246 50332648 50332649 50332650 50332651 50332652 50332653 50332654 50332655 50332656 50332657 50332658 50332670 50332848 50332849 50332850 50332853 50332854 50332855 50332856 50332865 50332866 50332867 50332868 50332869 50332870 50332871 50332872 50332873 50332874 50332875 50332876 50332877 50332878 50332879 50332880 50332881 50332882 50332883 50332884 50332885 50332886 50332887 50332888 50332889 50332890 50332891 50332892 50332894 50332895 50332896 50332897 50332898 50332899 50332900 50332901 50332902 50332903 50332904 50332905 50332906 50332907 50332908 50332909 50332910 50332943 50332944 50332945 50332946 50332947 50332948 50332949 50332950 50332951 50332952 50332953 50332954 50332955 50332956 50332957 50332958 50332959 50332960 50332961 50332962 50332963 50332964 50332965 50332966 50332967 50332968 50332969 50332970 50332971 50332972 50332973 50332974 50332985 50332986 50332987 50332990 50341723 50341741 50341742 50341743 50341748 50341749 50341750 50341751 50341752 50341753 50341754 50341755 50341756 50341757 50341758 50341759 </measTypes>
            <measValue measObjLdn="MMLG5960HUNB001/ULoCell:NodeB Function Name=MMLG5960HUNB001, Local Cell ID=12121, Cell Name=CILEYU1">
                <measResults>1710869468 1622542 57739 9855 3735 2598 4590 3535 4190 2921 3855 2922 5473 28562 47010 473 0 0 1670276296 20034 0 1253 0 0 0 0 0 3690 4376 913 33 81 116 134 103 190 296 480 98 6 1299999920 1716620060 204175 2098821597 138345 182802 240180 407959 161367892 38500 23094 1490 6411 8012 6900 4568 5520 8861 31887 4462 0 76621 0 0 0 6002 0 0 64556 0 0 0 0 0 0 0 0 0 5577 0 0 42196817 128845193 140910195 296700347 36700 33416 27742 39076 0 0 0 0 2414365 8682 4149 0 0 0 0 0 0 0 0 0 0 0 0 0 0 0 0 0 0 0 0 0 0 0 0 0 0 0 0 0 0 0 0 0 0 NIL NIL NIL NIL NIL NIL NIL NIL NIL NIL NIL NIL NIL NIL NIL NIL 0 0 0 108966 3.383 NIL 0 0 1478.435 2204.974 19337.34 40235.828 48968.223 41752.188 67244.773 152566.578 825976.5 139789.313 0 1335870.75 </measResults>
            </measValue>
            <measValue measObjLdn="MMLG5960HUNB001/ULoCell:NodeB Function Name=MMLG5960HUNB001, Local Cell ID=12122, Cell Name=CILEYU2">
                <measResults>769064912 1657983 52628 7091 3463 2322 2895 1240 2824 1567 3323 1629 4881 14343 43346 465 0 0 751755768 28568 0 1534 0 0 0 0 0 3773 4643 585 22 82 130 199 160 181 268 74 10 3 271263312 767654625 178243 914299794 251370 211633 149182 64808 168221677 48221 34565 1943 7637 11805 10189 5494 8718 9745 4053 408 0 58049 0 0 0 14397 0 0 55655 0 0 0 0 0 0 0 0 0 0 0 0 88129870 178344399 176293656 271687357 57065 49495 35210 31487 0 0 0 0 1551566 6004 2840 0 0 0 0 0 0 0 0 0 0 0 0 0 0 0 0 0 0 0 0 0 0 0 0 0 0 0 0 0 0 0 0 0 0 NIL NIL NIL NIL NIL NIL NIL NIL NIL NIL NIL NIL NIL NIL NIL NIL 0 0 0 88156 2.258 NIL 0 0 1417.058 3223.128 24777.143 58492.789 70271.555 48702.68 105739.398 162860.141 95513.422 12361.592 0 578718.75 </measResults>
            </measValue>
            <measValue measObjLdn="MMLG5960HUNB001/ULoCell:NodeB Function Name=MMLG5960HUNB001, Local Cell ID=12123, Cell Name=CILEYU3">
                <measResults>181654192 1778485 5512 2248 478 340 384 128 338 274 312 257 686 660 4824 5074 0 0 172322640 5549 0 134 0 0 0 0 0 110 172 88 6 11 9 13 16 47 88 58 0 2 90885248 178059346 27090 237733607 21317 13317 23220 10894 13378023 6486 6126 353 199 178 748 667 899 4269 1857 0 0 8817 0 0 0 447 0 0 5925 0 0 0 0 0 0 0 0 0 0 0 0 1577987 10257828 40219451 103662848 8336 6040 4054 7272 0 0 0 0 262166 860 495 0 0 0 0 0 0 0 0 0 0 0 0 0 0 0 0 0 0 0 0 0 0 0 0 0 0 0 0 0 0 0 0 0 0 NIL NIL NIL NIL NIL NIL NIL NIL NIL NIL NIL NIL NIL NIL NIL NIL 0 0 0 13192 0.342 NIL 0 0 471.955 451.608 619.503 937.238 5445.335 5978.318 10993.35 74134.523 42360.891 0 0 140469.156 </measResults>
            </measValue>
            <measValue measObjLdn="MMLG5960HUNB001/ULoCell:NodeB Function Name=MMLG5960HUNB001, Local Cell ID=52121, Cell Name=CILEYN4">
                <measResults>2874643764 1466549 46805 15706 4471 4004 6279 2175 13246 11990 15091 10696 6608 12230 184150 0 0 0 2496151254 9261 0 1104 0 0 0 0 3 17318 25302 792 99 347 349 240 292 582 731 169 21 14 1041601152 2882627419 377155 3531805380 28299 80754 215929 526271 242235011 45399 21530 9890 40315 37077 24103 17942 39833 66689 14442 39 0 240440 0 0 0 55839 1 0 59012 0 0 0 0 0 0 0 0 0 0 0 0 5104689 215669408 329614332 759134099 19810 78620 65879 84232 0 0 0 0 1859236 9269 3436 0 0 0 0 0 0 0 0 0 0 0 0 0 0 0 0 0 0 0 0 0 0 0 0 0 0 0 0 0 0 0 0 0 0 NIL NIL NIL NIL NIL NIL NIL NIL NIL NIL NIL NIL NIL NIL NIL NIL 0 0 0 299914 3.413 NIL 0 0 3356.894 15864.188 126428.969 181907.016 165311.672 162784.109 480161.031 1123212 316859.5 1271.504 0 2557935.75 </measResults>
            </measValue>
            <measValue measObjLdn="MMLG5960HUNB001/ULoCell:NodeB Function Name=MMLG5960HUNB001, Local Cell ID=52122, Cell Name=CILEYN5">
                <measResults>1809521304 1542585 78277 7764 4032 2524 2254 1320 2150 1664 2825 1751 2926 4736 74316 70876 0 0 1818942944 19482 0 1786 0 0 0 0 0 5193 7040 752 54 75 115 152 279 893 216 29 5 1 27265128 1818599979 285245 2068564274 86685 203102 595481 262788 45049959 33081 28527 1814 2874 5123 10130 15108 108708 4694 36 4 0 146677 0 0 0 7792 0 0 80572 0 0 0 0 0 0 0 0 0 727 0 0 1885767 42410848 230066248 1490616168 25682 26368 44858 177618 0 0 0 0 2640496 11464 5055 0 0 0 0 0 0 0 0 0 0 0 0 0 0 0 0 0 0 0 0 0 0 0 0 0 0 0 0 0 0 0 0 0 0 NIL NIL NIL NIL NIL NIL NIL NIL NIL NIL NIL NIL NIL NIL NIL NIL 0 0 0 184692 3.169 NIL 0 0 2189.321 2602.536 9092.746 25141.104 71996.227 138237.469 1308923.875 73267.344 838.896 130.384 0 1627628 </measResults>
            </measValue>
            <measValue measObjLdn="MMLG5960HUNB001/ULoCell:NodeB Function Name=MMLG5960HUNB001, Local Cell ID=52123, Cell Name=CILEYN6">
                <measResults>724188312 1687546 43047 5823 1921 1843 2375 913 2760 1208 2293 935 1652 1289 9678 36717 0 0 657068944 6436 0 1026 0 0 0 0 0 1606 3360 543 23 53 40 59 97 204 239 53 10 4 117934440 719288724 121833 903156392 17285 35101 89478 297337 93842613 22751 15482 967 3459 4335 4600 3277 10661 18970 1479 13 0 46794 0 0 0 5488 0 0 42626 0 0 0 0 0 0 0 0 0 0 0 0 669036 10309374 58535048 340543833 13809 12171 13076 36595 0 0 0 0 1455032 7580 3001 0 0 0 0 0 0 0 0 0 0 0 0 0 0 0 0 0 0 0 0 0 0 0 0 0 0 0 0 0 0 0 0 0 0 NIL NIL NIL NIL NIL NIL NIL NIL NIL NIL NIL NIL NIL NIL NIL NIL 0 0 0 64767 1.847 NIL 0 0 3290.021 1350.102 10026.937 20975.246 32003.613 29490.281 129126.672 332364.438 31885.408 446.072 0 586318.625 </measResults>
            </measValue>
            <measValue measObjLdn="MMLG5960HUNB001/ULoCell:NodeB Function Name=MMLG5960HUNB001, Local Cell ID=62121, Cell Name=CILEYN1">
                <measResults>2647592648 1442427 66974 14584 6535 7061 9073 6529 26853 4826 7215 3810 40732 125585 37244 552 0 0 2574589582 13164 0 667 0 0 0 0 1 14795 19477 927 86 160 123 207 361 775 518 108 28 5 433657256 2645726770 394107 3208119351 14674 66435 239552 598141 56284734 34262 37000 8266 19721 11456 22177 44133 89666 27479 1388 28 0 216048 0 0 0 34273 1 0 68227 0 0 0 0 0 0 0 0 0 0 0 0 2608539 74414247 397091151 1429312204 20626 63482 59664 150853 0 0 0 0 2097661 13612 4955 0 0 0 0 0 0 0 0 0 0 0 0 0 0 0 0 0 0 0 0 0 0 0 0 0 0 0 0 0 0 0 0 0 0 NIL NIL NIL NIL NIL NIL NIL NIL NIL NIL NIL NIL NIL NIL NIL NIL 0 0 0 295881 3.316 NIL 0 0 9058.846 13428.904 53365.855 58894.313 161147.969 400289.844 1045253.063 439702.156 29869.082 921.056 0 2189443.25 </measResults>
            </measValue>
            <measValue measObjLdn="MMLG5960HUNB001/ULoCell:NodeB Function Name=MMLG5960HUNB001, Local Cell ID=62122, Cell Name=CILEYN2">
                <measResults>64334188 1711465 61303 5939 2981 1170 3626 2909 4037 562 1144 448 1950 2258 208 0 0 0 42042448 20989 0 1587 0 0 0 0 0 138 991 908 38 30 29 78 71 91 54 10 1 1 2980048 49889839 86924 113765993 16020 97873 150519 187114 10540560 40226 30977 3397 1235 900 643 250 367 114 16 0 0 3525 0 0 0 6833 0 0 46102 0 0 0 0 0 0 0 0 0 3527 0 0 341933 5894614 14179432 15987850 24749 29207 15048 23336 0 0 0 0 4455671 32233 12684 0 0 0 0 0 0 0 0 0 0 0 0 0 0 0 0 0 0 0 0 0 0 0 0 0 0 0 0 0 0 0 0 0 0 NIL NIL NIL NIL NIL NIL NIL NIL NIL NIL NIL NIL NIL NIL NIL NIL 0 0 0 23430 3.298 NIL 0 0 5357.576 5002.686 3637.264 4727.819 4390.202 2233.966 4187.639 1804.228 351.962 0 0 21333.08 </measResults>
            </measValue>
            <measValue measObjLdn="MMLG5960HUNB001/ULoCell:NodeB Function Name=MMLG5960HUNB001, Local Cell ID=62123, Cell Name=CILEYN3">
                <measResults>262798492 1730372 40164 4116 1846 1274 988 515 1265 1018 1335 609 522 1165 8500 6311 0 0 253164152 21819 0 1114 0 0 0 0 0 352 707 595 18 61 11 24 61 125 182 34 4 1 43671552 261125744 77832 323458338 7534 110790 148237 224225 1904362 5557 25385 1627 1545 467 564 563 4360 6826 737 10 0 15072 0 0 0 3027 0 0 37751 0 0 0 0 0 0 0 0 0 42 0 0 539587 6798778 16818782 136115397 24804 10687 7711 25205 0 0 0 0 2453317 18474 5374 0 0 0 0 0 0 0 0 0 0 0 0 0 0 0 0 0 0 0 0 0 0 0 0 0 0 0 0 0 0 0 0 0 0 NIL NIL NIL NIL NIL NIL NIL NIL NIL NIL NIL NIL NIL NIL NIL NIL 0 0 0 26104 1.843 NIL 0 0 1657.565 2299.739 3909.321 2341.954 3938.802 4872.982 53750.527 110209.438 16194.584 316.656 0 195534.266 </measResults>
            </measValue>
        </measInfo>
        <measInfo measInfoId="50331649">
            <granPeriod duration="PT3600S" endTime="2021-08-19T12:00:00+08:00"/>
            <repPeriod duration="PT3600S"/>
            <measTypes>50332578 50332579 50332580 50332581 50342578 50342579 50342580 50342581 </measTypes>
            <measValue measObjLdn="MMLG5960HUNB001/NodeBFunction:NodeB Function Name=MMLG5960HUNB001">
                <measResults>6.505 1.068 4.145 54.049 11 2.6 8.4 83.4 </measResults>
            </measValue>
        </measInfo>
        <measInfo measInfoId="50331654">
            <granPeriod duration="PT3600S" endTime="2021-08-19T12:00:00+08:00"/>
            <repPeriod duration="PT3600S"/>
            <measTypes>50332565 50332566 50332633 50332635 </measTypes>
            <measValue measObjLdn="MMLG5960HUNB001/NodeBFunction:NodeB Function Name=MMLG5960HUNB001">
                <measResults>2048 2048 0 0 </measResults>
            </measValue>
        </measInfo>
        <measInfo measInfoId="50331664">
            <granPeriod duration="PT3600S" endTime="2021-08-19T12:00:00+08:00"/>
            <repPeriod duration="PT3600S"/>
            <measTypes>50332572 50332585 50332587 50332588 50332589 50332590 50332617 50332618 50332625 </measTypes>
            <measValue measObjLdn="MMLG5960HUNB001/NodeBFunction:NodeB Function Name=MMLG5960HUNB001">
                <measResults>2 0 31 31 0 17 0 0 4 </measResults>
            </measValue>
        </measInfo>
        <measInfo measInfoId="50331666">
            <granPeriod duration="PT3600S" endTime="2021-08-19T12:00:00+08:00"/>
            <repPeriod duration="PT3600S"/>
            <measTypes>50332567 50332568 50332569 50332570 50332571 </measTypes>
            <measValue measObjLdn="MMLG5960HUNB001/NodeBFunction:NodeB Function Name=MMLG5960HUNB001">
                <measResults>0 0 0 0 0 </measResults>
            </measValue>
        </measInfo>
        <measInfo measInfoId="50331681">
            <granPeriod duration="PT3600S" endTime="2021-08-19T12:00:00+08:00"/>
            <repPeriod duration="PT3600S"/>
            <measTypes>50342640 50342641 50342642 50342643 50342644 50342645 50342646 50342647 </measTypes>
            <measValue measObjLdn="MMLG5960HUNB001/NodeBFunction:NodeB Function Name=MMLG5960HUNB001">
                <measResults>10292850 11979775 708207681 1992084431 2721078 1573794 12286449 4426854 </measResults>
            </measValue>
        </measInfo>
        <measInfo measInfoId="50331652">
            <granPeriod duration="PT3600S" endTime="2021-08-19T12:00:00+08:00"/>
            <repPeriod duration="PT3600S"/>
            <measTypes>50332555 50332556 50332557 50332558 50332559 50332560 50332561 50332562 50332563 50332564 50332593 50332594 50342555 50342556 50342561 50342562 50342563 50342564 50342567 50342568 50342569 50342570 50342571 50342572 50342618 50342619 50342621 50342622 50342624 50342625 50342627 50342628 </measTypes>
            <measValue measObjLdn="MMLG5960HUNB001/NodeBFunction:NodeB Function Name=MMLG5960HUNB001/MocID:2/CnOperator:-1">
                <measResults>0 0 0 0 4192 3616 112.185 61.569 0 34.469 0 0 0 0 153.5 81 0 56 45 81 17.5 0 0 0 0 0 0 0 0 0 0 0 </measResults>
            </measValue>
        </measInfo>
        <measInfo measInfoId="50331667">
            <granPeriod duration="PT3600S" endTime="2021-08-19T12:00:00+08:00"/>
            <repPeriod duration="PT3600S"/>
            <measTypes>50332591 50332592 50332595 50332596 50332597 </measTypes>
            <measValue measObjLdn="MMLG5960HUNB001/NodeBFunction:NodeB Function Name=MMLG5960HUNB001/MocID:2/CnOperator:-1">
                <measResults>0 0 0 0 0 </measResults>
            </measValue>
        </measInfo>
        <measInfo measInfoId="50331668">
            <granPeriod duration="PT3600S" endTime="2021-08-19T12:00:00+08:00"/>
            <repPeriod duration="PT3600S"/>
            <measTypes>50332348 50332349 </measTypes>
            <measValue measObjLdn="MMLG5960HUNB001/LOCELL_SECTOREQM:NodeB Function Name=MMLG5960HUNB001, Local Cell ID=12121, Sector Equipment ID=0">
                <measResults>0 0 </measResults>
            </measValue>
            <measValue measObjLdn="MMLG5960HUNB001/LOCELL_SECTOREQM:NodeB Function Name=MMLG5960HUNB001, Local Cell ID=12122, Sector Equipment ID=1">
                <measResults>0 0 </measResults>
            </measValue>
            <measValue measObjLdn="MMLG5960HUNB001/LOCELL_SECTOREQM:NodeB Function Name=MMLG5960HUNB001, Local Cell ID=12123, Sector Equipment ID=2">
                <measResults>0 0 </measResults>
            </measValue>
            <measValue measObjLdn="MMLG5960HUNB001/LOCELL_SECTOREQM:NodeB Function Name=MMLG5960HUNB001, Local Cell ID=52121, Sector Equipment ID=6">
                <measResults>0 0 </measResults>
            </measValue>
            <measValue measObjLdn="MMLG5960HUNB001/LOCELL_SECTOREQM:NodeB Function Name=MMLG5960HUNB001, Local Cell ID=52122, Sector Equipment ID=7">
                <measResults>0 0 </measResults>
            </measValue>
            <measValue measObjLdn="MMLG5960HUNB001/LOCELL_SECTOREQM:NodeB Function Name=MMLG5960HUNB001, Local Cell ID=52123, Sector Equipment ID=8">
                <measResults>0 0 </measResults>
            </measValue>
            <measValue measObjLdn="MMLG5960HUNB001/LOCELL_SECTOREQM:NodeB Function Name=MMLG5960HUNB001, Local Cell ID=62121, Sector Equipment ID=10">
                <measResults>0 0 </measResults>
            </measValue>
            <measValue measObjLdn="MMLG5960HUNB001/LOCELL_SECTOREQM:NodeB Function Name=MMLG5960HUNB001, Local Cell ID=62122, Sector Equipment ID=11">
                <measResults>0 0 </measResults>
            </measValue>
            <measValue measObjLdn="MMLG5960HUNB001/LOCELL_SECTOREQM:NodeB Function Name=MMLG5960HUNB001, Local Cell ID=62123, Sector Equipment ID=12">
                <measResults>0 0 </measResults>
            </measValue>
        </measInfo>
        <measInfo measInfoId="50331669">
            <granPeriod duration="PT3600S" endTime="2021-08-19T12:00:00+08:00"/>
            <repPeriod duration="PT3600S"/>
            <measTypes>50332350 50332351 50332352 50332353 </measTypes>
            <measValue measObjLdn="MMLG5960HUNB001/LOCELL_SECTOREQM:NodeB Function Name=MMLG5960HUNB001, Local Cell ID=12121, Sector Equipment ID=0">
                <measResults>19693 29 19346 19370 </measResults>
            </measValue>
            <measValue measObjLdn="MMLG5960HUNB001/LOCELL_SECTOREQM:NodeB Function Name=MMLG5960HUNB001, Local Cell ID=12122, Sector Equipment ID=1">
                <measResults>8503 0 8368 8377 </measResults>
            </measValue>
            <measValue measObjLdn="MMLG5960HUNB001/LOCELL_SECTOREQM:NodeB Function Name=MMLG5960HUNB001, Local Cell ID=12123, Sector Equipment ID=2">
                <measResults>1473 0 1465 1468 </measResults>
            </measValue>
            <measValue measObjLdn="MMLG5960HUNB001/LOCELL_SECTOREQM:NodeB Function Name=MMLG5960HUNB001, Local Cell ID=52121, Sector Equipment ID=6">
                <measResults>17971 69 17497 17513 </measResults>
            </measValue>
            <measValue measObjLdn="MMLG5960HUNB001/LOCELL_SECTOREQM:NodeB Function Name=MMLG5960HUNB001, Local Cell ID=52122, Sector Equipment ID=7">
                <measResults>14080 17 13548 13577 </measResults>
            </measValue>
            <measValue measObjLdn="MMLG5960HUNB001/LOCELL_SECTOREQM:NodeB Function Name=MMLG5960HUNB001, Local Cell ID=52123, Sector Equipment ID=8">
                <measResults>8631 2 7540 7551 </measResults>
            </measValue>
            <measValue measObjLdn="MMLG5960HUNB001/LOCELL_SECTOREQM:NodeB Function Name=MMLG5960HUNB001, Local Cell ID=62121, Sector Equipment ID=10">
                <measResults>16889 9 16465 16526 </measResults>
            </measValue>
            <measValue measObjLdn="MMLG5960HUNB001/LOCELL_SECTOREQM:NodeB Function Name=MMLG5960HUNB001, Local Cell ID=62122, Sector Equipment ID=11">
                <measResults>29608 26 29271 29427 </measResults>
            </measValue>
            <measValue measObjLdn="MMLG5960HUNB001/LOCELL_SECTOREQM:NodeB Function Name=MMLG5960HUNB001, Local Cell ID=62123, Sector Equipment ID=12">
                <measResults>11548 0 11486 11490 </measResults>
            </measValue>
        </measInfo>
        <measInfo measInfoId="50331670">
            <granPeriod duration="PT3600S" endTime="2021-08-19T12:00:00+08:00"/>
            <repPeriod duration="PT3600S"/>
            <measTypes>50332354 50332355 </measTypes>
            <measValue measObjLdn="MMLG5960HUNB001/LOCELL_SECTOREQM:NodeB Function Name=MMLG5960HUNB001, Local Cell ID=12121, Sector Equipment ID=0">
                <measResults>0 0 </measResults>
            </measValue>
            <measValue measObjLdn="MMLG5960HUNB001/LOCELL_SECTOREQM:NodeB Function Name=MMLG5960HUNB001, Local Cell ID=12122, Sector Equipment ID=1">
                <measResults>0 0 </measResults>
            </measValue>
            <measValue measObjLdn="MMLG5960HUNB001/LOCELL_SECTOREQM:NodeB Function Name=MMLG5960HUNB001, Local Cell ID=12123, Sector Equipment ID=2">
                <measResults>0 0 </measResults>
            </measValue>
            <measValue measObjLdn="MMLG5960HUNB001/LOCELL_SECTOREQM:NodeB Function Name=MMLG5960HUNB001, Local Cell ID=52121, Sector Equipment ID=6">
                <measResults>0 0 </measResults>
            </measValue>
            <measValue measObjLdn="MMLG5960HUNB001/LOCELL_SECTOREQM:NodeB Function Name=MMLG5960HUNB001, Local Cell ID=52122, Sector Equipment ID=7">
                <measResults>0 0 </measResults>
            </measValue>
            <measValue measObjLdn="MMLG5960HUNB001/LOCELL_SECTOREQM:NodeB Function Name=MMLG5960HUNB001, Local Cell ID=52123, Sector Equipment ID=8">
                <measResults>0 0 </measResults>
            </measValue>
            <measValue measObjLdn="MMLG5960HUNB001/LOCELL_SECTOREQM:NodeB Function Name=MMLG5960HUNB001, Local Cell ID=62121, Sector Equipment ID=10">
                <measResults>0 0 </measResults>
            </measValue>
            <measValue measObjLdn="MMLG5960HUNB001/LOCELL_SECTOREQM:NodeB Function Name=MMLG5960HUNB001, Local Cell ID=62122, Sector Equipment ID=11">
                <measResults>0 0 </measResults>
            </measValue>
            <measValue measObjLdn="MMLG5960HUNB001/LOCELL_SECTOREQM:NodeB Function Name=MMLG5960HUNB001, Local Cell ID=62123, Sector Equipment ID=12">
                <measResults>0 0 </measResults>
            </measValue>
        </measInfo>
        <measInfo measInfoId="50331672">
            <granPeriod duration="PT3600S" endTime="2021-08-19T12:00:00+08:00"/>
            <repPeriod duration="PT3600S"/>
            <measTypes>50342590 50342591 50342592 50342593 50342594 50342595 50342596 50342597 </measTypes>
            <measValue measObjLdn="MMLG5960HUNB001/LOCELL_SECTOREQM:NodeB Function Name=MMLG5960HUNB001, Local Cell ID=12121, Sector Equipment ID=0">
                <measResults>-95.839 -96.826 NIL NIL -98.3 -100.4 NIL NIL </measResults>
            </measValue>
            <measValue measObjLdn="MMLG5960HUNB001/LOCELL_SECTOREQM:NodeB Function Name=MMLG5960HUNB001, Local Cell ID=12122, Sector Equipment ID=1">
                <measResults>-93.859 -93.22 NIL NIL -94.9 -94 NIL NIL </measResults>
            </measValue>
            <measValue measObjLdn="MMLG5960HUNB001/LOCELL_SECTOREQM:NodeB Function Name=MMLG5960HUNB001, Local Cell ID=12123, Sector Equipment ID=2">
                <measResults>-98.06 -97.364 NIL NIL -99.1 -98.2 NIL NIL </measResults>
            </measValue>
            <measValue measObjLdn="MMLG5960HUNB001/LOCELL_SECTOREQM:NodeB Function Name=MMLG5960HUNB001, Local Cell ID=52121, Sector Equipment ID=6">
                <measResults>-88.747 -88.456 NIL NIL -91.4 -90.2 NIL NIL </measResults>
            </measValue>
            <measValue measObjLdn="MMLG5960HUNB001/LOCELL_SECTOREQM:NodeB Function Name=MMLG5960HUNB001, Local Cell ID=52122, Sector Equipment ID=7">
                <measResults>-82.417 -83.379 NIL NIL -85 -85.6 NIL NIL </measResults>
            </measValue>
            <measValue measObjLdn="MMLG5960HUNB001/LOCELL_SECTOREQM:NodeB Function Name=MMLG5960HUNB001, Local Cell ID=52123, Sector Equipment ID=8">
                <measResults>-80.537 -83.51 NIL NIL -84.5 -87.1 NIL NIL </measResults>
            </measValue>
            <measValue measObjLdn="MMLG5960HUNB001/LOCELL_SECTOREQM:NodeB Function Name=MMLG5960HUNB001, Local Cell ID=62121, Sector Equipment ID=10">
                <measResults>-80.807 -79.19 NIL NIL -82.7 -80.8 NIL NIL </measResults>
            </measValue>
            <measValue measObjLdn="MMLG5960HUNB001/LOCELL_SECTOREQM:NodeB Function Name=MMLG5960HUNB001, Local Cell ID=62122, Sector Equipment ID=11">
                <measResults>-74.119 -74.059 NIL NIL -75.5 -75.5 NIL NIL </measResults>
            </measValue>
            <measValue measObjLdn="MMLG5960HUNB001/LOCELL_SECTOREQM:NodeB Function Name=MMLG5960HUNB001, Local Cell ID=62123, Sector Equipment ID=12">
                <measResults>-82.619 -83.49 NIL NIL -85.6 -85.4 NIL NIL </measResults>
            </measValue>
        </measInfo>
        <measInfo measInfoId="50331682">
            <granPeriod duration="PT3600S" endTime="2021-08-19T12:00:00+08:00"/>
            <repPeriod duration="PT3600S"/>
            <measTypes>50332602 50332603 50332615 50332616 </measTypes>
            <measValue measObjLdn="MMLG5960HUNB001/LOCELL_SECTOREQM:NodeB Function Name=MMLG5960HUNB001, Local Cell ID=12121, Sector Equipment ID=0">
                <measResults>NIL NIL NIL NIL </measResults>
            </measValue>
            <measValue measObjLdn="MMLG5960HUNB001/LOCELL_SECTOREQM:NodeB Function Name=MMLG5960HUNB001, Local Cell ID=12122, Sector Equipment ID=1">
                <measResults>NIL NIL NIL NIL </measResults>
            </measValue>
            <measValue measObjLdn="MMLG5960HUNB001/LOCELL_SECTOREQM:NodeB Function Name=MMLG5960HUNB001, Local Cell ID=12123, Sector Equipment ID=2">
                <measResults>NIL NIL NIL NIL </measResults>
            </measValue>
            <measValue measObjLdn="MMLG5960HUNB001/LOCELL_SECTOREQM:NodeB Function Name=MMLG5960HUNB001, Local Cell ID=52121, Sector Equipment ID=6">
                <measResults>NIL NIL NIL NIL </measResults>
            </measValue>
            <measValue measObjLdn="MMLG5960HUNB001/LOCELL_SECTOREQM:NodeB Function Name=MMLG5960HUNB001, Local Cell ID=52122, Sector Equipment ID=7">
                <measResults>NIL NIL NIL NIL </measResults>
            </measValue>
            <measValue measObjLdn="MMLG5960HUNB001/LOCELL_SECTOREQM:NodeB Function Name=MMLG5960HUNB001, Local Cell ID=52123, Sector Equipment ID=8">
                <measResults>NIL NIL NIL NIL </measResults>
            </measValue>
            <measValue measObjLdn="MMLG5960HUNB001/LOCELL_SECTOREQM:NodeB Function Name=MMLG5960HUNB001, Local Cell ID=62121, Sector Equipment ID=10">
                <measResults>NIL NIL NIL NIL </measResults>
            </measValue>
            <measValue measObjLdn="MMLG5960HUNB001/LOCELL_SECTOREQM:NodeB Function Name=MMLG5960HUNB001, Local Cell ID=62122, Sector Equipment ID=11">
                <measResults>NIL NIL NIL NIL </measResults>
            </measValue>
            <measValue measObjLdn="MMLG5960HUNB001/LOCELL_SECTOREQM:NodeB Function Name=MMLG5960HUNB001, Local Cell ID=62123, Sector Equipment ID=12">
                <measResults>NIL NIL NIL NIL </measResults>
            </measValue>
        </measInfo>
    </measData>
    <fileFooter>
        <measCollec endTime="2021-08-19T12:00:00+08:00"/>
    </fileFooter>
</measCollecFile>
