<?xml version="1.0" encoding="UTF-8"?>
<measCollecFile xmlns="http://latest/nmc-omc/cmNrm.doc#measCollec" xmlns:xsi="http://www.w3.org/2001/XMLSchema-instance" xsi:schemaLocation="http://latest/nmc-omc/cmNrm.doc#measCollec schema\pmResultSchedule.xsd">
    <fileHeader fileFormatVersion="32.435 V7.2" vendorName="Huawei">
        <fileSender elementType="NodeB"/>
        <measCollec beginTime="2021-08-17T22:00:00+08:00"/>
    </fileHeader>
    <measData>
        <managedElement userLabel="MML00974HUNB001"/>
        <measInfo measInfoId="50331655">
            <granPeriod duration="PT3600S" endTime="2021-08-17T23:00:00+08:00"/>
            <repPeriod duration="PT3600S"/>
            <measTypes>50332573 50332574 50342574 50342575 50342635 50342636 </measTypes>
            <measValue measObjLdn="MML00974HUNB001/ULGROUP:UL BB Resource Group No.=1">
                <measResults>768 48.404 31 74.5 0 0 </measResults>
            </measValue>
            <measValue measObjLdn="MML00974HUNB001/ULGROUP:UL BB Resource Group No.=2">
                <measResults>1024 38.662 23 60.5 0 0 </measResults>
            </measValue>
        </measInfo>
        <measInfo measInfoId="50331656">
            <granPeriod duration="PT3600S" endTime="2021-08-17T23:00:00+08:00"/>
            <repPeriod duration="PT3600S"/>
            <measTypes>50332582 50332583 50332584 50332586 50342584 50342585 50342586 50342587 50342606 50342607 50342608 50342609 50342632 50342633 </measTypes>
            <measValue measObjLdn="MML00974HUNB001/BRD:Board Type=UBBP, Cabinet No.=0, Subrack No.=0, Slot No.=1">
                <measResults>1024 1024 0 0 0 0 0 0 0 0 0 0 0 0 </measResults>
            </measValue>
            <measValue measObjLdn="MML00974HUNB001/BRD:Board Type=UBBP, Cabinet No.=0, Subrack No.=0, Slot No.=2">
                <measResults>1024 768 39.433 48.404 29 51 31 74.5 2 3 3 6 0 0 </measResults>
            </measValue>
            <measValue measObjLdn="MML00974HUNB001/BRD:Board Type=UBBP, Cabinet No.=0, Subrack No.=0, Slot No.=3">
                <measResults>1024 1024 27.067 38.662 19 43 23 60.5 1 3 2 4 0 0 </measResults>
            </measValue>
            <measValue measObjLdn="MML00974HUNB001/BRD:Board Type=UMPT, Cabinet No.=0, Subrack No.=0, Slot No.=7">
                <measResults>0 0 0 0 0 0 0 0 0 0 0 0 0 0 </measResults>
            </measValue>
        </measInfo>
        <measInfo measInfoId="50331683">
            <granPeriod duration="PT3600S" endTime="2021-08-17T23:00:00+08:00"/>
            <repPeriod duration="PT3600S"/>
            <measTypes>50332627 </measTypes>
            <measValue measObjLdn="MML00974HUNB001/NODEBRRU:Cabinet No.=0, Subrack No.=60, Slot No.=0">
                <measResults>0 </measResults>
            </measValue>
            <measValue measObjLdn="MML00974HUNB001/NODEBRRU:Cabinet No.=0, Subrack No.=61, Slot No.=0">
                <measResults>0 </measResults>
            </measValue>
            <measValue measObjLdn="MML00974HUNB001/NODEBRRU:Cabinet No.=0, Subrack No.=62, Slot No.=0">
                <measResults>0 </measResults>
            </measValue>
            <measValue measObjLdn="MML00974HUNB001/NODEBRRU:Cabinet No.=0, Subrack No.=80, Slot No.=0">
                <measResults>0 </measResults>
            </measValue>
            <measValue measObjLdn="MML00974HUNB001/NODEBRRU:Cabinet No.=0, Subrack No.=81, Slot No.=0">
                <measResults>0 </measResults>
            </measValue>
            <measValue measObjLdn="MML00974HUNB001/NODEBRRU:Cabinet No.=0, Subrack No.=82, Slot No.=0">
                <measResults>0 </measResults>
            </measValue>
        </measInfo>
        <measInfo measInfoId="1542455297">
            <granPeriod duration="PT3600S" endTime="2021-08-17T23:00:00+08:00"/>
            <repPeriod duration="PT3600S"/>
            <measTypes>1542455297 1542455298 1542455299 1542455300 1542455301 1542455302 1542455303 1542455304 1542455305 1542455306 1542455307 1542460296 1542460297 </measTypes>
            <measValue measObjLdn="MML00974HUNB001/ETHPORT:Cabinet No.=0, Subrack No.=0, Slot No.=7, Port No.=0, Subboard Type=BASE_BOARD">
                <measResults>0 0 0 0 0 0 0 0 0 0 0 0 0 </measResults>
            </measValue>
            <measValue measObjLdn="MML00974HUNB001/ETHPORT:Cabinet No.=0, Subrack No.=0, Slot No.=7, Port No.=1, Subboard Type=BASE_BOARD">
                <measResults>964210234 8405815 4105177171 10000301 0 5283400 1097704 2142175 27932592 931536 9120239 1000000 1000000 </measResults>
            </measValue>
        </measInfo>
        <measInfo measInfoId="1542455301">
            <granPeriod duration="PT3600S" endTime="2021-08-17T23:00:00+08:00"/>
            <repPeriod duration="PT3600S"/>
            <measTypes>1542455326 1542455327 1542455328 1542455329 1542455330 1542455331 1542455332 1542455333 1542460727 1542460728 1542460729 </measTypes>
            <measValue measObjLdn="MML00974HUNB001/IP:Board Type=UMPT, Cabinet No.=0, Subrack No.=0, Slot No.=7">
                <measResults>8405642 767012533 0 0 9994273 3857345467 0 0 12760 0 0 </measResults>
            </measValue>
        </measInfo>
        <measInfo measInfoId="1542455303">
            <granPeriod duration="PT3600S" endTime="2021-08-17T23:00:00+08:00"/>
            <repPeriod duration="PT3600S"/>
            <measTypes>1542455365 1542455367 1542455369 1542455371 1542455375 1542455376 1542455377 1542455378 </measTypes>
            <measValue measObjLdn="MML00974HUNB001/RSCGRP:Transmission Resource Group Bear Type=IP, Cabinet No.=0, Bearing Port No.=0, Bearing Port Type=ETH, Transmission Resource Group ID=AUTOPORT, Subboard Type=BASE_BOARD, Slot No.=7, Subrack No.=0">
                <measResults>0 0 0 0 0 0 0 0 </measResults>
            </measValue>
            <measValue measObjLdn="MML00974HUNB001/RSCGRP:Transmission Resource Group Bear Type=IP, Cabinet No.=0, Bearing Port No.=1, Bearing Port Type=ETH, Transmission Resource Group ID=AUTOPORT, Subboard Type=BASE_BOARD, Slot No.=7, Subrack No.=0">
                <measResults>918104700 8403609 0 0 4903560 989152 2040299 0 </measResults>
            </measValue>
        </measInfo>
        <measInfo measInfoId="1542455312">
            <granPeriod duration="PT3600S" endTime="2021-08-17T23:00:00+08:00"/>
            <repPeriod duration="PT3600S"/>
            <measTypes>1542460308 1542460309 1542460310 1542460311 1542460312 1542460313 1542460314 1542460315 1542460316 1542460317 1542460318 1542460319 1542460320 1542460321 1542460322 1542460323 1542460324 1542460325 1542460326 1542460327 1542460328 1542460329 1542460330 1542460331 1542460332 </measTypes>
            <measValue measObjLdn="MML00974HUNB001/RSCGRP:Transmission Resource Group Bear Type=IP, Cabinet No.=0, Bearing Port No.=0, Bearing Port Type=ETH, Transmission Resource Group ID=AUTOPORT, Subboard Type=BASE_BOARD, Slot No.=7, Subrack No.=0">
                <measResults>0 0 0 0 0 0 0 0 0 0 0 0 0 0 0 0 0 0 0 0 0 0 0 0 0 </measResults>
            </measValue>
            <measValue measObjLdn="MML00974HUNB001/RSCGRP:Transmission Resource Group Bear Type=IP, Cabinet No.=0, Bearing Port No.=1, Bearing Port Type=ETH, Transmission Resource Group ID=AUTOPORT, Subboard Type=BASE_BOARD, Slot No.=7, Subrack No.=0">
                <measResults>32791 32791 32791 0 0 0 0 0 0 0 0 0 0 4840290 0 0 0 0 0 0 0 0 0 0 0 </measResults>
            </measValue>
        </measInfo>
        <measInfo measInfoId="1542455309">
            <granPeriod duration="PT3600S" endTime="2021-08-17T23:00:00+08:00"/>
            <repPeriod duration="PT3600S"/>
            <measTypes>1542455826 1542455827 1542455828 1542455829 1542455833 1542455834 1542455835 1542455836 1542455837 1542455838 1542455839 1542455840 1542455841 1542455842 1542455843 1542455844 1542455845 1542455846 1542455847 1542455848 </measTypes>
            <measValue measObjLdn="MML00974HUNB001/OMCH:Standby Status=MASTER, Bearer Type=IPV4">
                <measResults>658 170 0 0 0 0 0 0 0 497 0 0 639 0 0 0 0 587 0 52 </measResults>
            </measValue>
        </measInfo>
        <measInfo measInfoId="1542455815">
            <granPeriod duration="PT3600S" endTime="2021-08-17T23:00:00+08:00"/>
            <repPeriod duration="PT3600S"/>
            <measTypes>1542460340 1542460341 1542460342 1542460343 1542460496 1542460497 1542460498 1542460499 1542460500 1542460501 1542460502 1542460503 1542460504 1542460505 1542460506 1542460507 1542460510 </measTypes>
            <measValue measObjLdn="MML00974HUNB001/IKE:Board Type=UMPT, Cabinet No.=0, Subrack No.=0, Slot No.=7">
                <measResults>0 0 0 0 0 0 0 0 0 0 0 0 0 0 0 0 0 </measResults>
            </measValue>
        </measInfo>
        <measInfo measInfoId="1542455817">
            <granPeriod duration="PT3600S" endTime="2021-08-17T23:00:00+08:00"/>
            <repPeriod duration="PT3600S"/>
            <measTypes>1542460356 1542460357 1542460358 1542460359 1542460360 1542460361 1542460362 1542460363 1542460364 1542460365 1542460366 1542460367 1542460368 1542460369 1542460370 1542460371 1542460372 1542460373 1542460374 1542460375 1542460376 </measTypes>
            <measValue measObjLdn="MML00974HUNB001/SCTPLNK:Link No.=31">
                <measResults>4260351 8652681 72210 121574 0 30616 0 9467 27248 15328 19228 11842 109042 0 0 0 0 0 0 109042 11844 </measResults>
            </measValue>
            <measValue measObjLdn="MML00974HUNB001/SCTPLNK:Link No.=32">
                <measResults>7203763 8019435 240940 300903 0 38400 1864 16008 38360 5336 17821 110776 220841 0 0 0 0 0 0 220841 110776 </measResults>
            </measValue>
        </measInfo>
        <measInfo measInfoId="1542455818">
            <granPeriod duration="PT3600S" endTime="2021-08-17T23:00:00+08:00"/>
            <repPeriod duration="PT3600S"/>
            <measTypes>1542455526 1542455527 1542455528 1542455529 1542455530 1542455531 1542455532 1542455533 1542455534 1542455535 </measTypes>
            <measValue measObjLdn="MML00974HUNB001/USERPLANEHOST:User Plane Host ID=3">
                <measResults>7845233 9656537 718860861 3825180765 4523944 1597539 28207752 8501220 NIL NIL </measResults>
            </measValue>
        </measInfo>
        <measInfo measInfoId="1593835529">
            <granPeriod duration="PT3600S" endTime="2021-08-17T23:00:00+08:00"/>
            <repPeriod duration="PT3600S"/>
            <measTypes>1593835620 1593835628 1593835629 </measTypes>
            <measValue measObjLdn="MML00974HUNB001/NODE:NODE">
                <measResults>NIL 0.681 0 </measResults>
            </measValue>
        </measInfo>
        <measInfo measInfoId="1593835533">
            <granPeriod duration="PT3600S" endTime="2021-08-17T23:00:00+08:00"/>
            <repPeriod duration="PT3600S"/>
            <measTypes>1593835647 1593835648 1593835649 </measTypes>
            <measValue measObjLdn="MML00974HUNB001/NODE:NODE">
                <measResults>31358 31343 31353 </measResults>
            </measValue>
        </measInfo>
        <measInfo measInfoId="1593835531">
            <granPeriod duration="PT3600S" endTime="2021-08-17T23:00:00+08:00"/>
            <repPeriod duration="PT3600S"/>
            <measTypes>1593835630 1593835632 1593835633 1593835634 </measTypes>
            <measValue measObjLdn="MML00974HUNB001/BBUBoard:Board Type=UBBP, Cabinet No.=0, Subrack No.=0, Slot No.=1">
                <measResults>0 2 2 0 </measResults>
            </measValue>
            <measValue measObjLdn="MML00974HUNB001/BBUBoard:Board Type=UBBP, Cabinet No.=0, Subrack No.=0, Slot No.=2">
                <measResults>0 3 2 0 </measResults>
            </measValue>
            <measValue measObjLdn="MML00974HUNB001/BBUBoard:Board Type=UBBP, Cabinet No.=0, Subrack No.=0, Slot No.=3">
                <measResults>0 3 3 0 </measResults>
            </measValue>
            <measValue measObjLdn="MML00974HUNB001/BBUBoard:Board Type=UMPT, Cabinet No.=0, Subrack No.=0, Slot No.=7">
                <measResults>0 2 1 0 </measResults>
            </measValue>
        </measInfo>
        <measInfo measInfoId="1593835535">
            <granPeriod duration="PT3600S" endTime="2021-08-17T23:00:00+08:00"/>
            <repPeriod duration="PT3600S"/>
            <measTypes>1593835652 1593835653 1593835654 1593835655 1593835656 1593835657 1593835658 1593835659 1593835660 1593835661 1593835662 1593835663 1593835664 1593835665 1593835666 1593835667 1593835668 1593835669 1593835670 1593835671 </measTypes>
            <measValue measObjLdn="MML00974HUNB001/RADIOEQM:Cabinet No.=0, Subrack No.=60, Slot No.=0">
                <measResults>NIL NIL NIL NIL NIL NIL NIL NIL NIL NIL 0 0 0 0 0 0 0 0 0 0 </measResults>
            </measValue>
            <measValue measObjLdn="MML00974HUNB001/RADIOEQM:Cabinet No.=0, Subrack No.=61, Slot No.=0">
                <measResults>NIL NIL NIL NIL NIL NIL NIL NIL NIL NIL 0 0 0 0 0 0 0 0 0 0 </measResults>
            </measValue>
            <measValue measObjLdn="MML00974HUNB001/RADIOEQM:Cabinet No.=0, Subrack No.=62, Slot No.=0">
                <measResults>0 0 0 0 0 0 0 0 0 0 NIL NIL NIL NIL NIL NIL NIL NIL NIL NIL </measResults>
            </measValue>
            <measValue measObjLdn="MML00974HUNB001/RADIOEQM:Cabinet No.=0, Subrack No.=80, Slot No.=0">
                <measResults>NIL NIL NIL NIL NIL NIL NIL NIL NIL NIL 0 0 0 0 0 0 0 0 0 0 </measResults>
            </measValue>
            <measValue measObjLdn="MML00974HUNB001/RADIOEQM:Cabinet No.=0, Subrack No.=81, Slot No.=0">
                <measResults>NIL NIL NIL NIL NIL NIL NIL NIL NIL NIL 0 0 0 0 0 0 0 0 0 0 </measResults>
            </measValue>
            <measValue measObjLdn="MML00974HUNB001/RADIOEQM:Cabinet No.=0, Subrack No.=82, Slot No.=0">
                <measResults>NIL NIL NIL NIL NIL NIL NIL NIL NIL NIL 0 0 0 0 0 0 0 0 0 0 </measResults>
            </measValue>
        </measInfo>
        <measInfo measInfoId="1593835539">
            <granPeriod duration="PT3600S" endTime="2021-08-17T23:00:00+08:00"/>
            <repPeriod duration="PT3600S"/>
            <measTypes>1593835767 </measTypes>
            <measValue measObjLdn="MML00974HUNB001/RADIOEQM:Cabinet No.=0, Subrack No.=60, Slot No.=0">
                <measResults>3600 </measResults>
            </measValue>
            <measValue measObjLdn="MML00974HUNB001/RADIOEQM:Cabinet No.=0, Subrack No.=61, Slot No.=0">
                <measResults>3600 </measResults>
            </measValue>
            <measValue measObjLdn="MML00974HUNB001/RADIOEQM:Cabinet No.=0, Subrack No.=62, Slot No.=0">
                <measResults>3600 </measResults>
            </measValue>
            <measValue measObjLdn="MML00974HUNB001/RADIOEQM:Cabinet No.=0, Subrack No.=80, Slot No.=0">
                <measResults>3600 </measResults>
            </measValue>
            <measValue measObjLdn="MML00974HUNB001/RADIOEQM:Cabinet No.=0, Subrack No.=81, Slot No.=0">
                <measResults>3600 </measResults>
            </measValue>
            <measValue measObjLdn="MML00974HUNB001/RADIOEQM:Cabinet No.=0, Subrack No.=82, Slot No.=0">
                <measResults>3600 </measResults>
            </measValue>
        </measInfo>
        <measInfo measInfoId="1593835544">
            <granPeriod duration="PT3600S" endTime="2021-08-17T23:00:00+08:00"/>
            <repPeriod duration="PT3600S"/>
            <measTypes>1593835835 </measTypes>
            <measValue measObjLdn="MML00974HUNB001/BU:Cabinet No.=0, Subrack No.=0">
                <measResults>0.19474944 </measResults>
            </measValue>
        </measInfo>
        <measInfo measInfoId="1593835545">
            <granPeriod duration="PT3600S" endTime="2021-08-17T23:00:00+08:00"/>
            <repPeriod duration="PT3600S"/>
            <measTypes>1593835836 </measTypes>
            <measValue measObjLdn="MML00974HUNB001/BTSBoard:Cabinet No.=0, Subrack No.=60, Slot No.=0">
                <measResults>0.18298915 </measResults>
            </measValue>
            <measValue measObjLdn="MML00974HUNB001/BTSBoard:Cabinet No.=0, Subrack No.=61, Slot No.=0">
                <measResults>0.15374 </measResults>
            </measValue>
            <measValue measObjLdn="MML00974HUNB001/BTSBoard:Cabinet No.=0, Subrack No.=62, Slot No.=0">
                <measResults>0.13735083 </measResults>
            </measValue>
            <measValue measObjLdn="MML00974HUNB001/BTSBoard:Cabinet No.=0, Subrack No.=80, Slot No.=0">
                <measResults>0.29213583 </measResults>
            </measValue>
            <measValue measObjLdn="MML00974HUNB001/BTSBoard:Cabinet No.=0, Subrack No.=81, Slot No.=0">
                <measResults>0.19650751 </measResults>
            </measValue>
            <measValue measObjLdn="MML00974HUNB001/BTSBoard:Cabinet No.=0, Subrack No.=82, Slot No.=0">
                <measResults>0.20521916 </measResults>
            </measValue>
        </measInfo>
        <measInfo measInfoId="50331648">
            <granPeriod duration="PT3600S" endTime="2021-08-17T23:00:00+08:00"/>
            <repPeriod duration="PT3600S"/>
            <measTypes>50331654 50331655 50331656 50331657 50331658 50331659 50331660 50331661 50331662 50331663 50331664 50331665 50331666 50331667 50331668 50331669 50331670 50331671 50331672 50331673 50331674 50331675 50331676 50331677 50331678 50331679 50331680 50331681 50331682 50331683 50331684 50331685 50331686 50331687 50331688 50331689 50331690 50331691 50331692 50331693 50331694 50331695 50331696 50331697 50331698 50331699 50331709 50331710 50331711 50331712 50331713 50331714 50331717 50331718 50331719 50331720 50331721 50331722 50331723 50331724 50331745 50331746 50331754 50331755 50331756 50331757 50331758 50331759 50331760 50331761 50331762 50331763 50331764 50331765 50331766 50331767 50331768 50331769 50331770 50331771 50331772 50331773 50331774 50331775 50331776 50331777 50331778 50331779 50331780 50331781 50331782 50331783 50331784 50331785 50331786 50331787 50331788 50331789 50331790 50331791 50331792 50331793 50331794 50331795 50331796 50331797 50331798 50331799 50331800 50331801 50331802 50331803 50331804 50331805 50331806 50331807 50331808 50331809 50331810 50331811 50331812 50331813 50331814 50331815 50331816 50331817 50331818 50331819 50331820 50331821 50331838 50331839 50331840 50332168 50332169 50332170 50332173 50332174 50332215 50332216 50332217 50341648 50341649 50341650 50341651 50341652 50341653 50341654 50341655 50341656 50341657 50341658 50341659 50341668 50341669 50341670 50341671 50341672 50341675 50341676 50341677 50341678 50341679 50341680 50341685 50341686 50341687 50341688 50341689 50341690 50341691 50341692 50341693 50341694 50341695 50341696 50341697 50341698 50341699 50341700 50341701 50341702 50341703 50341704 50341705 50341706 50341707 50341708 50341709 50341710 50341711 50341712 50341713 50341714 50341715 50341716 50341717 50341722 50341739 50341740 </measTypes>
            <measValue measObjLdn="MML00974HUNB001/ULoCell:NodeB Function Name=MML00974HUNB001, Local Cell ID=10221, Cell Name=MPOLHU1">
                <measResults>833303 67407 48462 762396 63914 3756 2189 1048 0 0 0 0 0 0 7978 10573 4437 4521 7235 8817 20377 23520 47924 58764 98296 111959 136346 127744 124320 150429 79809 116823 90212 127108 100945 101922 108161 90476 78260 78414 83727 46660 24304 9349 3589 2791 22140 927338 0 0 0 0 0 0 0 0 0 322374 604730 949244 1322116 5350130513 0 59933 5047 1536 3841 5403 6397 26637 12887 14232 14170 25981 35547 47713 53442 72378 70767 60750 57238 47613 48591 45909 53445 42349 38454 27528 22241 15557 8330 6535 5007 12954 0 0 0 0 0 0 0 0 0 0 0 0 0 0 0 0 0 0 0 0 0 0 0 0 0 0 0 0 0 0 0 0 0 0 0 0 5349606729 900409 28909 0 0 0 0 0 0 0 0 131 298 9 385 984 9 131 262 385 766 1000 500 1473367 6214541 41221 1473367 2946734 15 53 1 311 762 6 0 10 0 4.892 12.797 12.682 13.982 0.114 15 76 3 0 0 0 0 0 0 NIL 741 819 601 0 0 0 0 0 0 0 0 0 0 0 0 15416 0 0 </measResults>
            </measValue>
            <measValue measObjLdn="MML00974HUNB001/ULoCell:NodeB Function Name=MML00974HUNB001, Local Cell ID=10222, Cell Name=MPOLHU2">
                <measResults>666077 87950 18980 576026 83948 4469 1124 510 0 0 0 0 0 0 1841 72357 70412 73080 56996 26509 27684 17884 36895 41508 54446 62334 45810 22765 15216 16392 10410 19668 26857 42491 37921 40593 56132 61689 54673 34136 24459 18865 13391 10657 7786 5767 11670 770066 0 0 0 0 0 0 0 0 0 299459 461948 773077 1073411 4860864844 0 31746 2795 1184 2679 5712 7379 19689 9253 15812 16057 34889 45152 74135 89708 51975 45243 15970 10122 10634 10364 15090 25178 27912 31064 24786 30931 52733 41317 12385 4168 6248 0 0 0 0 0 0 0 0 0 0 0 0 0 0 0 0 0 0 0 0 0 0 0 0 0 0 0 0 0 0 0 0 0 0 0 0 4860352337 791412 59643 0 0 0 0 0 0 0 0 107 301 0 293 1000 0 107 241 294 660 995 439 1339710 8227448 104 1346442 3051731 13 71 0 282 800 0 0 161 0 3.909 13.004 13.34 14 0.001 32 48 1 0 0 0 0 0 0 NIL 796 837 644 0 0 0 0 0 0 0 0 0 0 0 0 15653 0 0 </measResults>
            </measValue>
            <measValue measObjLdn="MML00974HUNB001/ULoCell:NodeB Function Name=MML00974HUNB001, Local Cell ID=10223, Cell Name=MPOLHU3">
                <measResults>465824 28026 15929 434922 28867 1482 340 213 0 0 0 0 0 0 2380 31948 21410 30478 39982 25159 28558 15201 19060 18114 22707 19918 22322 23910 24202 25778 14288 14247 10096 12534 11181 8896 7616 6114 3879 3742 3923 3539 2844 2427 3895 781 110 500615 0 0 0 0 0 0 0 0 0 22453 487253 509816 645641 826388835 0 10405 858 1055 6182 32161 35973 40500 31253 106934 88504 32087 21698 16434 9404 9918 10778 11784 11965 7793 6377 6606 5375 3602 1275 380 250 147 32 19 21 46 0 0 0 0 0 0 0 0 0 0 0 0 0 0 0 0 0 0 0 0 0 0 0 0 0 0 0 0 0 0 0 0 0 0 0 0 826347789 583233 80997 0 0 0 0 0 0 0 0 70 268 0 89 824 0 93 218 117 276 761 324 225337 2977942 0 296106 695485 13 69 0 193 771 0 0 1000 0 1.183 11.346 13.214 14 0 44 13 0 0 0 0 0 0 0 NIL 773 832 619 0 0 0 0 0 0 0 0 0 0 0 0 6501 0 0 </measResults>
            </measValue>
            <measValue measObjLdn="MML00974HUNB001/ULoCell:NodeB Function Name=MML00974HUNB001, Local Cell ID=50221, Cell Name=MPOLHN4">
                <measResults>732388 59421 24454 672053 57540 1956 508 331 0 0 0 0 0 0 5119 82 211 156 182 175 384 496 1190 1943 4402 7046 11497 16495 26786 54468 70326 95726 87898 92449 73590 61989 50381 38893 37592 36167 60068 67927 89669 97697 110694 347195 67249 812412 0 0 0 0 0 0 0 0 0 134262 614782 816293 1026903 5678792647 0 51848 3090 545 929 2562 1439 24754 3055 2809 2227 6799 6331 13775 12316 21422 65184 131759 122388 121279 54742 35633 18178 7812 9177 6388 7333 8971 3758 7494 5702 56458 0 0 0 0 0 0 0 0 0 0 0 0 0 0 0 0 0 0 0 0 0 0 0 0 0 0 0 0 0 0 0 0 0 0 0 0 5678731543 787152 11656 0 0 0 0 0 0 0 0 113 284 2 380 998 1 113 258 380 857 1000 437 1564724 8444646 835 1564724 3580604 9 56 0 335 902 0 0 12 0 5.148 13.974 13.524 14 0.012 6 45 1 0 0 0 0 0 0 NIL 896 915 845 0 0 0 0 0 0 0 0 0 0 0 0 19779 0 0 </measResults>
            </measValue>
            <measValue measObjLdn="MML00974HUNB001/ULoCell:NodeB Function Name=MML00974HUNB001, Local Cell ID=50222, Cell Name=MPOLHN5">
                <measResults>58621 8542 10394 50001 7000 697 461 462 0 0 0 0 0 0 1677 225 231 159 190 299 625 770 1677 2191 7190 12016 22640 37713 49354 70199 39290 38162 33353 41622 48038 54067 50762 40140 32412 26918 30303 44045 21684 8851 6127 7441 2314 77425 0 0 0 0 0 0 0 0 0 15285 59964 77563 80312 198539958 0 23513 1288 231 158 808 431 8696 613 1534 1237 2078 1674 3724 3495 4008 2644 2448 1424 2819 4504 984 2270 1038 1421 898 594 732 205 435 239 1420 0 0 0 0 0 0 0 0 0 0 0 0 0 0 0 0 0 0 0 0 0 0 0 0 0 0 0 0 0 0 0 0 0 0 0 0 198497767 79020 4282 0 0 0 0 0 0 0 0 10 250 0 16 985 0 11 239 17 363 936 43 54296 3405763 0 58009 1262698 2 49 0 16 900 0 0 0 0 0.229 13.796 13.977 14 0 2 12 0 0 0 0 0 0 0 NIL 906 923 834 0 0 0 0 0 0 0 0 0 0 0 0 19683 0 0 </measResults>
            </measValue>
            <measValue measObjLdn="MML00974HUNB001/ULoCell:NodeB Function Name=MML00974HUNB001, Local Cell ID=50223, Cell Name=MPOLHN6">
                <measResults>26612 3247 6438 22339 3436 471 254 112 0 0 0 0 0 0 1056 14 5 3 3 3 7 20 39 147 481 1637 3845 5205 5438 5627 3827 4270 4020 5913 6192 5627 3502 1834 1409 1289 1586 1398 1256 485 266 230 31 36002 0 0 0 0 0 0 0 0 0 2529 33741 36301 39668 73348419 0 4161 155 120 97 160 203 1470 216 1423 1053 1979 2444 7728 5775 4303 1912 791 490 430 344 278 181 66 135 97 174 110 1 3 0 2 0 0 0 0 0 0 0 0 0 0 0 0 0 0 0 0 0 0 0 0 0 0 0 0 0 0 0 0 0 0 0 0 0 0 0 0 73345923 39310 3581 0 0 0 0 0 0 0 0 5 231 0 9 467 0 28 228 52 430 179 21 20066 1344842 0 112101 955524 1 96 0 12 742 0 0 0 0 0.133 6.542 14 14 0 1 5 0 0 0 0 0 0 0 NIL 916 924 881 0 0 0 0 0 0 0 0 0 0 0 0 14303 0 0 </measResults>
            </measValue>
            <measValue measObjLdn="MML00974HUNB001/ULoCell:NodeB Function Name=MML00974HUNB001, Local Cell ID=60221, Cell Name=MPOLHN1">
                <measResults>710760 78530 33115 633908 72639 2733 995 485 0 0 0 0 0 0 6432 136 1198 533 694 617 1358 1612 2985 4194 7819 11339 18772 29704 46907 71622 66389 83798 83200 98096 104763 99731 109759 111451 126635 153995 277843 170900 94220 50616 30621 60781 272826 803314 0 0 0 0 0 0 0 0 0 340232 209382 822440 923308 7688622168 0 87310 9415 635 1138 4018 2703 40641 8298 6498 5477 15368 15373 32211 11579 25986 14234 25803 14549 14867 15538 18179 23029 15867 32092 16164 29628 35001 35690 39344 70452 155266 0 0 0 0 0 0 0 0 0 0 0 0 0 0 0 0 0 0 0 0 0 0 0 0 0 0 0 0 0 0 0 0 0 0 0 0 7688410652 715394 10576 0 0 0 0 0 0 0 0 114 341 5 268 996 2 114 284 268 673 1000 397 2118337 10588627 5106 2118337 5335861 9 50 1 229 858 1 0 7 0 3.413 13.312 12.728 14 0.026 5 131 10 0 0 0 0 0 0 NIL 882 917 825 0 0 0 0 0 0 0 0 0 0 0 0 21776 0 0 </measResults>
            </measValue>
            <measValue measObjLdn="MML00974HUNB001/ULoCell:NodeB Function Name=MML00974HUNB001, Local Cell ID=60222, Cell Name=MPOLHN2">
                <measResults>277207 33858 5215 243054 33491 375 135 152 0 0 0 0 0 0 802 2682 894 1190 1816 1964 4437 4671 10643 9220 13952 14032 14140 13375 18060 39455 36465 51188 40392 38165 19901 13033 10210 7440 6390 5667 6679 2203 747 574 465 709 1737 314381 0 0 0 0 0 0 0 0 0 234807 79740 316284 325417 2460102142 0 9823 1315 88 171 479 603 5215 1113 1511 1115 2012 1728 4554 3624 5618 3387 4059 3422 7307 35623 88146 92290 30795 7071 1164 770 840 604 484 517 834 0 0 0 0 0 0 0 0 0 0 0 0 0 0 0 0 0 0 0 0 0 0 0 0 0 0 0 0 0 0 0 0 0 0 0 0 2460092636 316018 3949 0 0 0 0 0 0 0 0 43 274 0 155 999 0 64 248 228 879 684 175 678603 5571594 0 992110 3877731 2 45 0 139 899 0 0 2 0 2.097 13.958 13.463 14 0 2 7 0 0 0 0 0 0 0 NIL 898 921 842 0 0 0 0 0 0 0 0 0 0 0 0 16287 0 0 </measResults>
            </measValue>
            <measValue measObjLdn="MML00974HUNB001/ULoCell:NodeB Function Name=MML00974HUNB001, Local Cell ID=60223, Cell Name=MPOLHN3">
                <measResults>38244 5085 11832 32681 4773 498 170 122 0 0 0 0 0 0 2509 160 38 140 171 307 639 1086 1945 3316 5607 7118 7581 7973 7966 9096 9531 9162 7947 11765 15327 15310 13611 9634 8667 10213 25102 21533 12320 8478 11126 885 3521 48859 0 0 0 0 0 0 0 0 0 18654 32997 55172 55688 183891710 0 11942 4343 93 147 803 376 6024 2172 575 624 2082 3300 2624 817 1348 905 1421 1240 875 954 1094 1071 723 1619 500 1189 1121 1176 956 1310 1736 0 0 0 0 0 0 0 0 0 0 0 0 0 0 0 0 0 0 0 0 0 0 0 0 0 0 0 0 0 0 0 0 0 0 0 0 183878128 54607 5136 0 0 0 0 0 0 0 0 7 110 0 9 295 0 13 232 17 302 566 30 50477 1484317 0 89182 1682567 1 27 0 8 259 0 0 12 0 0.136 3.83 13.635 14 0 2 15 0 0 0 0 0 0 0 NIL 901 922 239 0 0 0 0 0 0 0 0 0 0 0 0 21034 0 0 </measResults>
            </measValue>
        </measInfo>
        <measInfo measInfoId="50331650">
            <granPeriod duration="PT3600S" endTime="2021-08-17T23:00:00+08:00"/>
            <repPeriod duration="PT3600S"/>
            <measTypes>50332548 50332549 50332550 50332554 50342548 50342549 50342550 50342554 50342612 50342613 50342615 50342616 </measTypes>
            <measValue measObjLdn="MML00974HUNB001/ULoCell:NodeB Function Name=MML00974HUNB001, Local Cell ID=10221, Cell Name=MPOLHU1">
                <measResults>0 0 19.378 9.161 0 0 61 18 0 0 0 0 </measResults>
            </measValue>
            <measValue measObjLdn="MML00974HUNB001/ULoCell:NodeB Function Name=MML00974HUNB001, Local Cell ID=10222, Cell Name=MPOLHU2">
                <measResults>0 0 11.376 4.692 0 0 27 10 0 0 0 0 </measResults>
            </measValue>
            <measValue measObjLdn="MML00974HUNB001/ULoCell:NodeB Function Name=MML00974HUNB001, Local Cell ID=10223, Cell Name=MPOLHU3">
                <measResults>0 0 8.305 4.175 0 0 21 10 0 0 0 0 </measResults>
            </measValue>
            <measValue measObjLdn="MML00974HUNB001/ULoCell:NodeB Function Name=MML00974HUNB001, Local Cell ID=50221, Cell Name=MPOLHN4">
                <measResults>0 0 12.444 5.19 0 0 29.5 11 0 0 0 0 </measResults>
            </measValue>
            <measValue measObjLdn="MML00974HUNB001/ULoCell:NodeB Function Name=MML00974HUNB001, Local Cell ID=50222, Cell Name=MPOLHN5">
                <measResults>0 0 4.549 1.872 0 0 14.5 6 0 0 0 0 </measResults>
            </measValue>
            <measValue measObjLdn="MML00974HUNB001/ULoCell:NodeB Function Name=MML00974HUNB001, Local Cell ID=50223, Cell Name=MPOLHN6">
                <measResults>0 0 0.903 0.41 0 0 8 3 0 0 0 0 </measResults>
            </measValue>
            <measValue measObjLdn="MML00974HUNB001/ULoCell:NodeB Function Name=MML00974HUNB001, Local Cell ID=60221, Cell Name=MPOLHN1">
                <measResults>0 0 21.346 9.067 0 0 51 18 0 0 0 0 </measResults>
            </measValue>
            <measValue measObjLdn="MML00974HUNB001/ULoCell:NodeB Function Name=MML00974HUNB001, Local Cell ID=60222, Cell Name=MPOLHN2">
                <measResults>0 0 4.904 2.482 0 0 16 7 0 0 0 0 </measResults>
            </measValue>
            <measValue measObjLdn="MML00974HUNB001/ULoCell:NodeB Function Name=MML00974HUNB001, Local Cell ID=60223, Cell Name=MPOLHN3">
                <measResults>0 0 3.776 2.118 0 0 11 6 0 0 0 0 </measResults>
            </measValue>
        </measInfo>
        <measInfo measInfoId="50331651">
            <granPeriod duration="PT3600S" endTime="2021-08-17T23:00:00+08:00"/>
            <repPeriod duration="PT3600S"/>
            <measTypes>50331850 50331851 50331852 50331853 50331854 50331855 50331856 50331857 50331858 50331859 50331860 50331861 50331862 50331863 50331864 50331865 50331866 50331867 50331868 50331869 50331870 50331871 50331872 50331873 50331874 50331875 50331876 50331877 50331878 50331879 50331885 50331886 50331887 50331888 50331889 50331892 50331903 50331904 50331908 50331925 50331926 50331927 50331928 50331929 50331930 50331931 50331957 50331958 50331959 50331961 50331962 50331963 50331964 50331965 50331966 50331967 50331971 50331972 50331973 50331974 50331987 50331988 50331989 50331990 50331991 50331992 50331993 50331995 50332378 50332379 50332380 50332385 50332386 50332387 50332498 50332499 50332500 50332501 50332503 50332507 50332623 50332638 50341849 50341850 50341851 50341852 50341853 50341854 50341855 50341856 50341857 50341858 50341859 50341864 50341865 50341866 50341868 50341869 50341870 50341871 50341872 50341873 50341874 50341875 50341876 50341877 50341878 50341879 50341880 50341881 50341882 50341883 50341884 50341885 50341886 50341887 50341888 50341889 50341890 50341891 50341892 50341893 50341894 50341895 50341896 50341897 50341898 50341980 50341981 50341982 50341983 50341984 50341985 50341986 50341994 50361698 50361699 50361701 </measTypes>
            <measValue measObjLdn="MML00974HUNB001/ULoCell:NodeB Function Name=MML00974HUNB001, Local Cell ID=10221, Cell Name=MPOLHU1">
                <measResults>1786924 8414 2640 738 380 81 75 131 83 17 1 0 0 0 0 2 0 0 0 0 0 0 0 0 0 536 536 813326 1800022 1334361 912722 167503 10760860 615947 64311 3 210 397 981499 100 0 0 0 0 0 0 0 103 90 187 0 0 0 0 0 0 22633 16461 9666 360183 1242 10089 40208 110595 96837 48299 8957 209102 529054 323852 193377 0.334 271056 276054 0 0 NIL NIL 0 0.22 0 0 61 1.39 5.072 0.045 0.155 2 0 0 0 76 0 97 74 0 NIL NIL 3.855 0.234 0.008 0.002 0 0 66.918 0 0 0 0 0 0 826852.563 2.7 0.261 0.116 0.063 0.077 0.017 0.005 0.002 3.114 0 0 144 NIL NIL 206 523.79 3684.078 20918.199 51746.543 53738.645 32535.309 6319.22 36112.828 0 NIL 0 </measResults>
            </measValue>
            <measValue measObjLdn="MML00974HUNB001/ULoCell:NodeB Function Name=MML00974HUNB001, Local Cell ID=10222, Cell Name=MPOLHU2">
                <measResults>1795079 3148 594 374 51 98 123 3 9 3 14 0 3 2 3 2 0 2 3 3 3 9 13 31 0 452 516 866828 1798438 1354942 649399 338187 4892555 433900 74153 1 272 260 773731 164 40 40 0 0 0 0 1 222 174 128 3 3 0 0 0 0 6438 4715 1825 264788 24462 14887 23959 21938 29625 35399 2744 255498 366498 242641 139365 0.224 235196 144345 0 0 NIL NIL 0 0.158 0 0 104 1.88 6.592 0.027 0.09 3 0 0 0 35 0 63 53 0 NIL NIL 1.406 0.129 0.005 0.001 0 0 0.516 0.372 0.372 0 0 0 0 509891.594 2.666 0.23 0.072 0.03 0.032 0.006 0.003 0.002 1.039 0 0 56 NIL NIL 264 4345.8 3862.464 6773.106 11511.024 35342.227 42670.625 1922.112 34643.605 0 NIL 0 </measResults>
            </measValue>
            <measValue measObjLdn="MML00974HUNB001/ULoCell:NodeB Function Name=MML00974HUNB001, Local Cell ID=10223, Cell Name=MPOLHU3">
                <measResults>1797479 1762 448 156 25 10 3 3 3 1 4 4 2 2 2 1 2 3 2 1 5 6 5 31 0 63 116 793768 1790593 1319538 484148 253240 3622546 136170 26729 1 272 206 426913 32 15 15 15 0 0 0 0 14 13 40 20 20 20 0 0 0 410 1249 3938 32431 12277 17769 28985 33423 15949 2239 130 144125 113929 29773 86052 0.186 21533 96401 0 0 NIL NIL 0 0.164 0 0 119 1.673 6.195 0.011 0.076 1 0 0 0 29 0 26 25 0 NIL NIL 0.6 0.041 0.001 0 0 0 10.968 4.104 4.104 4.104 0 0 0 361874.656 2.598 0.254 0.08 0.038 0.045 0.01 0.002 0 0.467 0 0 24 NIL NIL 366 3159.396 6602.834 12502.746 16577.424 8102.288 825.696 54.9 33737.016 0 NIL 0 </measResults>
            </measValue>
            <measValue measObjLdn="MML00974HUNB001/ULoCell:NodeB Function Name=MML00974HUNB001, Local Cell ID=50221, Cell Name=MPOLHN4">
                <measResults>0 231 920 1031 670 3312 135361 633832 638619 161606 128754 57023 17887 7943 4899 2729 1819 1147 687 381 311 106 114 66 17 539 3529 698886 1800004 1266883 908708 194171 6754459 761643 83290 6 228 832 889787 1264494 175877 56197 4755 1373 100 0 5 254 225 2214536 356129 121336 9209 2182 207 0 5019 2524 3573 604619 130 480 3555 64427 136505 78077 89372 452983 411425 462912 116068 0.546 314407 117137 0 0 NIL NIL 0 0.43 0 0 77 1.229 4 0.046 0.258 4 0 0 0 51 0 87 56 0 NIL NIL 2.374 0.094 0.007 0.001 0 0 506591.625 79814.852 30747.252 6827.128 3461.728 10.872 0 507292.969 2.215 0.161 0.051 0.021 0.028 0.006 0.001 0 1.616 0 5 76 NIL NIL 200 22.584 68.4 949.164 10552.37 33105.313 25466.367 75095.445 66385.664 0 NIL 0 </measResults>
            </measValue>
            <measValue measObjLdn="MML00974HUNB001/ULoCell:NodeB Function Name=MML00974HUNB001, Local Cell ID=50222, Cell Name=MPOLHN5">
                <measResults>2794 312 6488 438546 830792 213391 141075 92824 46864 10221 6367 4164 2728 986 481 598 460 417 220 184 9 4 8 4 0 67 968 429694 1779232 873622 504738 113008 3636263 144805 30572 3 289 261 239651 177943 1787 1033 423 372 43 0 1 18 12 260756 3316 2206 1171 1151 613 0 2569 3139 3441 64255 124 297 2093 22533 26977 15089 4958 249639 79812 33581 44118 0.234 33609 48893 0 0 NIL NIL 0 0.196 0 0 87 0.702 3.425 0.014 0.096 5 0 0 0 39 0 56 38 0 NIL NIL 1.123 0.022 0.001 0.001 0 0 72682.492 607.41 340.32 72.786 67.266 19.794 0 253743.234 1.396 0.107 0.033 0.014 0.015 0.002 0 0 0.679 0 0 22 NIL NIL 543 86.95 111.684 621.378 5222.976 6229.806 5690.18 3843.742 28140.713 0 NIL 0 </measResults>
            </measValue>
            <measValue measObjLdn="MML00974HUNB001/ULoCell:NodeB Function Name=MML00974HUNB001, Local Cell ID=50223, Cell Name=MPOLHN6">
                <measResults>0 0 0 0 0 0 0 0 0 0 0 0 0 0 0 0 0 138516 1570828 77539 12696 243 71 53 0 56 1800002 209223 896410 389650 219403 38567 795404 23889 4516 1 100 136 84919 389673 389673 389673 389673 389673 389673 0 9 2 11 476101 476101 476101 476101 476101 476101 0 36 188 108 4305 0 15 2242 33120 18650 5438 1144 23724 6826 890 18002 0.104 387 7045 0 0 NIL NIL 0 0.092 0 0 165 0.258 2.414 0.016 0.302 1 30 0 0 39 0 7 4 1000 NIL NIL 0.332 0.007 0 0 0 0 84077.547 84077.547 84077.547 84077.547 84077.547 84077.547 0 84077.547 0.328 0.022 0.002 0.001 0.001 0 0 0 0.122 0 286 0 NIL NIL 210 0 1.452 184.518 2704.284 1658.322 460.848 94.8 1505.034 0 NIL 0 </measResults>
            </measValue>
            <measValue measObjLdn="MML00974HUNB001/ULoCell:NodeB Function Name=MML00974HUNB001, Local Cell ID=60221, Cell Name=MPOLHN1">
                <measResults>0 0 0 0 0 0 355 35419 771064 651995 250477 55125 17007 7873 4000 2517 1382 701 459 503 555 272 99 14 7 181 2912 1333792 1800005 1689248 1802230 318557 5589261 1565275 208883 10 298 808 1456131 1689243 352675 65325 9657 5053 1698 100 8 150 148 4530073 1237152 222684 29756 15636 5104 267 51058 82798 136396 906623 831 1798 13392 98978 204999 354630 165655 751997 914607 1088174 247947 1.166 658270 299241 0 0 NIL NIL 0 0.66 0 0 131 2.516 7.381 0.062 0.306 10 0 0 0 62 0 140 82 0 NIL NIL 2.027 0.361 0.021 0.003 0 0 1092323.25 369788.5 100950.891 16547.5 5627.886 717.906 14.424 1092323.25 2.529 0.366 0.117 0.064 0.103 0.011 0.002 0.002 1.171 0 325 28 NIL NIL 183 277.188 648.108 2966.702 31205.881 59537.652 231957.844 82870.25 72698.781 0 NIL 0 </measResults>
            </measValue>
            <measValue measObjLdn="MML00974HUNB001/ULoCell:NodeB Function Name=MML00974HUNB001, Local Cell ID=60222, Cell Name=MPOLHN2">
                <measResults>0 0 0 0 0 0 0 0 0 0 346344 1275226 129136 26002 8918 5629 3155 1430 607 317 467 1072 710 489 108 394 5803 597860 1773342 1439571 937789 179225 2588652 186597 41990 5 270 463 431746 1439574 1439574 1331176 31838 14118 3779 1100 1 17 13 2512007 2512007 2370203 67609 31031 8896 3195 7062 1145 2645 50719 3500 5241 12380 44102 42548 7032 540 261203 107362 48018 84243 0.534 22133 89538 0 0 NIL NIL 0 0.318 0 0 117 1.389 4.625 0.016 0.188 6 0 0 0 40 0 54 36 0 NIL NIL 0.842 0.207 0.016 0.003 0 0 702456.75 702456.75 668403 51027.176 21826.494 2027.064 351.36 702456.75 1.256 0.267 0.089 0.049 0.083 0.008 0.001 0 0.419 0 2 18 NIL NIL 395 714 1177.812 3074.028 15231.24 14442.568 2099.406 321.102 17412.535 0 NIL 0 </measResults>
            </measValue>
            <measValue measObjLdn="MML00974HUNB001/ULoCell:NodeB Function Name=MML00974HUNB001, Local Cell ID=60223, Cell Name=MPOLHN3">
                <measResults>0 0 0 0 0 0 0 0 0 0 0 0 0 0 0 0 0 0 0 0 1378710 377700 26554 9383 1969 5688 1800004 957604 1451504 910471 534306 87771 1758898 133235 28116 2 184 678 308616 910470 910470 910470 910470 910470 910470 14446 60 8 62 1399325 1399325 1399325 1399325 1399325 1399325 19216 15207 13057 3124 24083 245 2604 24215 29022 43072 106790 52079 164474 37002 6640 70888 0.466 2854 36691 0 0 NIL NIL 0 0.282 0 0 305 0.762 3.374 0.012 0.251 13 76 0 0 40 0 66 13 1000 NIL NIL 0.478 0.081 0.001 0 0 0 198479.516 198479.516 198479.516 198479.516 198479.516 198479.516 3362.598 198479.516 1.067 0.071 0.017 0.005 0.005 0.001 0.001 0.001 0.277 0 527 1 NIL NIL 458 24.612 216.642 1976.934 2869.572 5385.396 13590.894 5634.258 7357.17 0 NIL 0 </measResults>
            </measValue>
        </measInfo>
        <measInfo measInfoId="50331653">
            <granPeriod duration="PT3600S" endTime="2021-08-17T23:00:00+08:00"/>
            <repPeriod duration="PT3600S"/>
            <measTypes>50331748 50331749 50331750 50331751 50331752 50331753 50361697 </measTypes>
            <measValue measObjLdn="MML00974HUNB001/ULoCell:NodeB Function Name=MML00974HUNB001, Local Cell ID=10221, Cell Name=MPOLHU1">
                <measResults>1.431 1.369 1.431 1.29 0 0 0.121 </measResults>
            </measValue>
            <measValue measObjLdn="MML00974HUNB001/ULoCell:NodeB Function Name=MML00974HUNB001, Local Cell ID=10222, Cell Name=MPOLHU2">
                <measResults>0.942 0.771 0.942 0.561 0 0 0.083 </measResults>
            </measValue>
            <measValue measObjLdn="MML00974HUNB001/ULoCell:NodeB Function Name=MML00974HUNB001, Local Cell ID=10223, Cell Name=MPOLHU3">
                <measResults>0.003 0.001 0.003 0.001 0 0 0.085 </measResults>
            </measValue>
            <measValue measObjLdn="MML00974HUNB001/ULoCell:NodeB Function Name=MML00974HUNB001, Local Cell ID=50221, Cell Name=MPOLHN4">
                <measResults>0.315 0.232 0.315 0.222 0 0 0.226 </measResults>
            </measValue>
            <measValue measObjLdn="MML00974HUNB001/ULoCell:NodeB Function Name=MML00974HUNB001, Local Cell ID=50222, Cell Name=MPOLHN5">
                <measResults>0.025 0.019 0.025 0.019 0 0 0.525 </measResults>
            </measValue>
            <measValue measObjLdn="MML00974HUNB001/ULoCell:NodeB Function Name=MML00974HUNB001, Local Cell ID=50223, Cell Name=MPOLHN6">
                <measResults>0.001 0.001 0.001 0.001 0 0 0.501 </measResults>
            </measValue>
            <measValue measObjLdn="MML00974HUNB001/ULoCell:NodeB Function Name=MML00974HUNB001, Local Cell ID=60221, Cell Name=MPOLHN1">
                <measResults>0.432 0.396 0.432 0.389 0 0 0.014 </measResults>
            </measValue>
            <measValue measObjLdn="MML00974HUNB001/ULoCell:NodeB Function Name=MML00974HUNB001, Local Cell ID=60222, Cell Name=MPOLHN2">
                <measResults>0.004 0.004 0.004 0.004 0 0 0.144 </measResults>
            </measValue>
            <measValue measObjLdn="MML00974HUNB001/ULoCell:NodeB Function Name=MML00974HUNB001, Local Cell ID=60223, Cell Name=MPOLHN3">
                <measResults>0.039 0.039 0.039 0.038 0 0 0.025 </measResults>
            </measValue>
        </measInfo>
        <measInfo measInfoId="50331658">
            <granPeriod duration="PT3600S" endTime="2021-08-17T23:00:00+08:00"/>
            <repPeriod duration="PT3600S"/>
            <measTypes>50332250 50332251 50332410 50332411 </measTypes>
            <measValue measObjLdn="MML00974HUNB001/ULoCell:NodeB Function Name=MML00974HUNB001, Local Cell ID=10221, Cell Name=MPOLHU1">
                <measResults>0 0 0 0 </measResults>
            </measValue>
            <measValue measObjLdn="MML00974HUNB001/ULoCell:NodeB Function Name=MML00974HUNB001, Local Cell ID=10222, Cell Name=MPOLHU2">
                <measResults>0 0 0 0 </measResults>
            </measValue>
            <measValue measObjLdn="MML00974HUNB001/ULoCell:NodeB Function Name=MML00974HUNB001, Local Cell ID=10223, Cell Name=MPOLHU3">
                <measResults>0 0 0 0 </measResults>
            </measValue>
            <measValue measObjLdn="MML00974HUNB001/ULoCell:NodeB Function Name=MML00974HUNB001, Local Cell ID=50221, Cell Name=MPOLHN4">
                <measResults>0 0 0 0 </measResults>
            </measValue>
            <measValue measObjLdn="MML00974HUNB001/ULoCell:NodeB Function Name=MML00974HUNB001, Local Cell ID=50222, Cell Name=MPOLHN5">
                <measResults>0 0 0 0 </measResults>
            </measValue>
            <measValue measObjLdn="MML00974HUNB001/ULoCell:NodeB Function Name=MML00974HUNB001, Local Cell ID=50223, Cell Name=MPOLHN6">
                <measResults>0 0 0 0 </measResults>
            </measValue>
            <measValue measObjLdn="MML00974HUNB001/ULoCell:NodeB Function Name=MML00974HUNB001, Local Cell ID=60221, Cell Name=MPOLHN1">
                <measResults>0 0 0 0 </measResults>
            </measValue>
            <measValue measObjLdn="MML00974HUNB001/ULoCell:NodeB Function Name=MML00974HUNB001, Local Cell ID=60222, Cell Name=MPOLHN2">
                <measResults>0 0 0 0 </measResults>
            </measValue>
            <measValue measObjLdn="MML00974HUNB001/ULoCell:NodeB Function Name=MML00974HUNB001, Local Cell ID=60223, Cell Name=MPOLHN3">
                <measResults>0 0 0 0 </measResults>
            </measValue>
        </measInfo>
        <measInfo measInfoId="50331660">
            <granPeriod duration="PT3600S" endTime="2021-08-17T23:00:00+08:00"/>
            <repPeriod duration="PT3600S"/>
            <measTypes>50361670 50361671 50361672 50361673 </measTypes>
            <measValue measObjLdn="MML00974HUNB001/ULoCell:NodeB Function Name=MML00974HUNB001, Local Cell ID=10221, Cell Name=MPOLHU1">
                <measResults>0 0 0 0 </measResults>
            </measValue>
            <measValue measObjLdn="MML00974HUNB001/ULoCell:NodeB Function Name=MML00974HUNB001, Local Cell ID=10222, Cell Name=MPOLHU2">
                <measResults>0 0 0 0 </measResults>
            </measValue>
            <measValue measObjLdn="MML00974HUNB001/ULoCell:NodeB Function Name=MML00974HUNB001, Local Cell ID=10223, Cell Name=MPOLHU3">
                <measResults>0 0 0 0 </measResults>
            </measValue>
            <measValue measObjLdn="MML00974HUNB001/ULoCell:NodeB Function Name=MML00974HUNB001, Local Cell ID=50221, Cell Name=MPOLHN4">
                <measResults>0 0 0 0 </measResults>
            </measValue>
            <measValue measObjLdn="MML00974HUNB001/ULoCell:NodeB Function Name=MML00974HUNB001, Local Cell ID=50222, Cell Name=MPOLHN5">
                <measResults>0 0 0 0 </measResults>
            </measValue>
            <measValue measObjLdn="MML00974HUNB001/ULoCell:NodeB Function Name=MML00974HUNB001, Local Cell ID=50223, Cell Name=MPOLHN6">
                <measResults>0 0 0 0 </measResults>
            </measValue>
            <measValue measObjLdn="MML00974HUNB001/ULoCell:NodeB Function Name=MML00974HUNB001, Local Cell ID=60221, Cell Name=MPOLHN1">
                <measResults>0 0 0 0 </measResults>
            </measValue>
            <measValue measObjLdn="MML00974HUNB001/ULoCell:NodeB Function Name=MML00974HUNB001, Local Cell ID=60222, Cell Name=MPOLHN2">
                <measResults>0 0 0 0 </measResults>
            </measValue>
            <measValue measObjLdn="MML00974HUNB001/ULoCell:NodeB Function Name=MML00974HUNB001, Local Cell ID=60223, Cell Name=MPOLHN3">
                <measResults>0 0 0 0 </measResults>
            </measValue>
        </measInfo>
        <measInfo measInfoId="50331661">
            <granPeriod duration="PT3600S" endTime="2021-08-17T23:00:00+08:00"/>
            <repPeriod duration="PT3600S"/>
            <measTypes>50332048 50332049 50332050 50332051 </measTypes>
            <measValue measObjLdn="MML00974HUNB001/ULoCell:NodeB Function Name=MML00974HUNB001, Local Cell ID=10221, Cell Name=MPOLHU1">
                <measResults>26335 0 85352 0 </measResults>
            </measValue>
            <measValue measObjLdn="MML00974HUNB001/ULoCell:NodeB Function Name=MML00974HUNB001, Local Cell ID=10222, Cell Name=MPOLHU2">
                <measResults>11383 0 84131 0 </measResults>
            </measValue>
            <measValue measObjLdn="MML00974HUNB001/ULoCell:NodeB Function Name=MML00974HUNB001, Local Cell ID=10223, Cell Name=MPOLHU3">
                <measResults>10945 0 82812 0 </measResults>
            </measValue>
            <measValue measObjLdn="MML00974HUNB001/ULoCell:NodeB Function Name=MML00974HUNB001, Local Cell ID=50221, Cell Name=MPOLHN4">
                <measResults>28002 0 83994 0 </measResults>
            </measValue>
            <measValue measObjLdn="MML00974HUNB001/ULoCell:NodeB Function Name=MML00974HUNB001, Local Cell ID=50222, Cell Name=MPOLHN5">
                <measResults>17331 0 82885 0 </measResults>
            </measValue>
            <measValue measObjLdn="MML00974HUNB001/ULoCell:NodeB Function Name=MML00974HUNB001, Local Cell ID=50223, Cell Name=MPOLHN6">
                <measResults>4966 0 82149 0 </measResults>
            </measValue>
            <measValue measObjLdn="MML00974HUNB001/ULoCell:NodeB Function Name=MML00974HUNB001, Local Cell ID=60221, Cell Name=MPOLHN1">
                <measResults>30143 0 84795 0 </measResults>
            </measValue>
            <measValue measObjLdn="MML00974HUNB001/ULoCell:NodeB Function Name=MML00974HUNB001, Local Cell ID=60222, Cell Name=MPOLHN2">
                <measResults>9634 0 82414 0 </measResults>
            </measValue>
            <measValue measObjLdn="MML00974HUNB001/ULoCell:NodeB Function Name=MML00974HUNB001, Local Cell ID=60223, Cell Name=MPOLHN3">
                <measResults>4551 0 82176 0 </measResults>
            </measValue>
        </measInfo>
        <measInfo measInfoId="50331662">
            <granPeriod duration="PT3600S" endTime="2021-08-17T23:00:00+08:00"/>
            <repPeriod duration="PT3600S"/>
            <measTypes>50332052 50332053 50332054 50332070 50332505 </measTypes>
            <measValue measObjLdn="MML00974HUNB001/ULoCell:NodeB Function Name=MML00974HUNB001, Local Cell ID=10221, Cell Name=MPOLHU1">
                <measResults>93 93 559127 0 0 </measResults>
            </measValue>
            <measValue measObjLdn="MML00974HUNB001/ULoCell:NodeB Function Name=MML00974HUNB001, Local Cell ID=10222, Cell Name=MPOLHU2">
                <measResults>0 35 269158 0 0 </measResults>
            </measValue>
            <measValue measObjLdn="MML00974HUNB001/ULoCell:NodeB Function Name=MML00974HUNB001, Local Cell ID=10223, Cell Name=MPOLHU3">
                <measResults>1 24 291236 0 0 </measResults>
            </measValue>
            <measValue measObjLdn="MML00974HUNB001/ULoCell:NodeB Function Name=MML00974HUNB001, Local Cell ID=50221, Cell Name=MPOLHN4">
                <measResults>25 40 94093 0 0 </measResults>
            </measValue>
            <measValue measObjLdn="MML00974HUNB001/ULoCell:NodeB Function Name=MML00974HUNB001, Local Cell ID=50222, Cell Name=MPOLHN5">
                <measResults>32 21 60212 0 0 </measResults>
            </measValue>
            <measValue measObjLdn="MML00974HUNB001/ULoCell:NodeB Function Name=MML00974HUNB001, Local Cell ID=50223, Cell Name=MPOLHN6">
                <measResults>0 0 16686 0 0 </measResults>
            </measValue>
            <measValue measObjLdn="MML00974HUNB001/ULoCell:NodeB Function Name=MML00974HUNB001, Local Cell ID=60221, Cell Name=MPOLHN1">
                <measResults>0 62 508300 0 0 </measResults>
            </measValue>
            <measValue measObjLdn="MML00974HUNB001/ULoCell:NodeB Function Name=MML00974HUNB001, Local Cell ID=60222, Cell Name=MPOLHN2">
                <measResults>0 23 267734 0 0 </measResults>
            </measValue>
            <measValue measObjLdn="MML00974HUNB001/ULoCell:NodeB Function Name=MML00974HUNB001, Local Cell ID=60223, Cell Name=MPOLHN3">
                <measResults>0 19 222615 0 0 </measResults>
            </measValue>
        </measInfo>
        <measInfo measInfoId="50331663">
            <granPeriod duration="PT3600S" endTime="2021-08-17T23:00:00+08:00"/>
            <repPeriod duration="PT3600S"/>
            <measTypes>50331917 50332061 50332064 50332065 50332069 50332071 50332072 50332073 50332074 50332079 50332258 50332388 50332389 50332504 50332626 50332632 50332639 50332640 50332641 50332645 50342048 50342049 50342050 50342051 50361705 50361706 50361725 50361726 50361735 50361740 50361743 50361744 50361747 50361749 50361751 50361753 50361755 50361757 50361759 50361761 50361763 50361765 50361767 50361769 50361771 50361773 50361775 50361777 50361779 50361781 50361783 50361785 50361787 50361789 50361791 50361793 50361795 </measTypes>
            <measValue measObjLdn="MML00974HUNB001/ULoCell:NodeB Function Name=MML00974HUNB001, Local Cell ID=10221, Cell Name=MPOLHU1">
                <measResults>999.503 2 256 0 0 0 0 0 0 0 2.603 0 2.312 0 0 0 3600 0 NIL 0 52 120.485 0 0 0 0 0 NIL NIL NIL NIL NIL NIL NIL NIL NIL NIL NIL NIL NIL NIL NIL NIL NIL NIL NIL NIL NIL NIL NIL NIL NIL NIL NIL NIL NIL NIL </measResults>
            </measValue>
            <measValue measObjLdn="MML00974HUNB001/ULoCell:NodeB Function Name=MML00974HUNB001, Local Cell ID=10222, Cell Name=MPOLHU2">
                <measResults>980.905 0 256 0 0 0 0 0 0 0 1.393 0 1.447 0 0 0 3600 0 NIL 0 10 96.05 0 0 0 0 0 NIL NIL NIL NIL NIL NIL NIL NIL NIL NIL NIL NIL NIL NIL NIL NIL NIL NIL NIL NIL NIL NIL NIL NIL NIL NIL NIL NIL NIL NIL </measResults>
            </measValue>
            <measValue measObjLdn="MML00974HUNB001/ULoCell:NodeB Function Name=MML00974HUNB001, Local Cell ID=10223, Cell Name=MPOLHU3">
                <measResults>990.363 0 256 0 0 0 0 0 0 0 1.299 0 1.166 0 0 0 3600 0 NIL 0 9 52.507 0 0 0 0 0 NIL NIL NIL NIL NIL NIL NIL NIL NIL NIL NIL NIL NIL NIL NIL NIL NIL NIL NIL NIL NIL NIL NIL NIL NIL NIL NIL NIL NIL NIL </measResults>
            </measValue>
            <measValue measObjLdn="MML00974HUNB001/ULoCell:NodeB Function Name=MML00974HUNB001, Local Cell ID=50221, Cell Name=MPOLHN4">
                <measResults>890.526 2 256 0 0 0 0 0 0 0 0.035 0 1.975 0 0 0 0 0 NIL 0 42 112.891 0 1.496 0 0 0 1 NIL NIL NIL NIL NIL NIL NIL NIL NIL NIL NIL NIL NIL NIL NIL NIL NIL NIL NIL NIL NIL NIL NIL NIL NIL NIL NIL NIL NIL </measResults>
            </measValue>
            <measValue measObjLdn="MML00974HUNB001/ULoCell:NodeB Function Name=MML00974HUNB001, Local Cell ID=50222, Cell Name=MPOLHN5">
                <measResults>981.284 0 254 0 0 0 0 0 0 0 0.182 0 0.915 0 0 0 0 0 NIL 0 12 30.183 0 1.866 0 0 0 1 NIL NIL NIL NIL NIL NIL NIL NIL NIL NIL NIL NIL NIL NIL NIL NIL NIL NIL NIL NIL NIL NIL NIL NIL NIL NIL NIL NIL NIL </measResults>
            </measValue>
            <measValue measObjLdn="MML00974HUNB001/ULoCell:NodeB Function Name=MML00974HUNB001, Local Cell ID=50223, Cell Name=MPOLHN6">
                <measResults>811.705 0 251 0 0 0 0 0 0 0 0.001 0 0.263 0 0 0 0 0 NIL 0 1 26.95 0 5.353 0 0 0 1 NIL NIL NIL NIL NIL NIL NIL NIL NIL NIL NIL NIL NIL NIL NIL NIL NIL NIL NIL NIL NIL NIL NIL NIL NIL NIL NIL NIL NIL </measResults>
            </measValue>
            <measValue measObjLdn="MML00974HUNB001/ULoCell:NodeB Function Name=MML00974HUNB001, Local Cell ID=60221, Cell Name=MPOLHN1">
                <measResults>992.216 4 256 0 0 0 0 0 0 0 3.086 0 3.134 0 0 0 3600 0 NIL 0 15 95.693 0 0 0 0 0 NIL NIL NIL NIL NIL NIL NIL NIL NIL NIL NIL NIL NIL NIL NIL NIL NIL NIL NIL NIL NIL NIL NIL NIL NIL NIL NIL NIL NIL NIL </measResults>
            </measValue>
            <measValue measObjLdn="MML00974HUNB001/ULoCell:NodeB Function Name=MML00974HUNB001, Local Cell ID=60222, Cell Name=MPOLHN2">
                <measResults>929.266 0 256 0 0 0 0 0 0 0 1.794 0 1.282 0 0 0 3600 0 NIL 0 7 64.823 0 2.864 0 0 0 1 NIL NIL NIL NIL NIL NIL NIL NIL NIL NIL NIL NIL NIL NIL NIL NIL NIL NIL NIL NIL NIL NIL NIL NIL NIL NIL NIL NIL NIL </measResults>
            </measValue>
            <measValue measObjLdn="MML00974HUNB001/ULoCell:NodeB Function Name=MML00974HUNB001, Local Cell ID=60223, Cell Name=MPOLHN3">
                <measResults>527.177 0 254 0 0 0 0 0 0 0 1.729 0 0.807 991.667 0 0 3600 0 NIL 0 3 32.156 0 12.032 0 0 0 1 NIL NIL NIL NIL NIL NIL NIL NIL NIL NIL NIL NIL NIL NIL NIL NIL NIL NIL NIL NIL NIL NIL NIL NIL NIL NIL NIL NIL NIL </measResults>
            </measValue>
        </measInfo>
        <measInfo measInfoId="50331665">
            <granPeriod duration="PT3600S" endTime="2021-08-17T23:00:00+08:00"/>
            <repPeriod duration="PT3600S"/>
            <measTypes>50331740 50331741 50331742 50331743 50331744 50331909 50331910 50331911 50331912 50331913 50332381 50332382 50332576 50332577 </measTypes>
            <measValue measObjLdn="MML00974HUNB001/ULoCell:NodeB Function Name=MML00974HUNB001, Local Cell ID=10221, Cell Name=MPOLHU1">
                <measResults>0 0 0 0 0 0 0 0 0 0 0 0 0 0 </measResults>
            </measValue>
            <measValue measObjLdn="MML00974HUNB001/ULoCell:NodeB Function Name=MML00974HUNB001, Local Cell ID=10222, Cell Name=MPOLHU2">
                <measResults>0 0 0 0 0 0 0 0 0 0 0 0 0 0 </measResults>
            </measValue>
            <measValue measObjLdn="MML00974HUNB001/ULoCell:NodeB Function Name=MML00974HUNB001, Local Cell ID=10223, Cell Name=MPOLHU3">
                <measResults>0 0 0 0 0 0 0 0 0 0 0 0 0 0 </measResults>
            </measValue>
            <measValue measObjLdn="MML00974HUNB001/ULoCell:NodeB Function Name=MML00974HUNB001, Local Cell ID=50221, Cell Name=MPOLHN4">
                <measResults>0 0 0 0 0 0 0 0 0 0 0 0 0 0 </measResults>
            </measValue>
            <measValue measObjLdn="MML00974HUNB001/ULoCell:NodeB Function Name=MML00974HUNB001, Local Cell ID=50222, Cell Name=MPOLHN5">
                <measResults>0 0 0 0 0 0 0 0 0 0 0 0 0 0 </measResults>
            </measValue>
            <measValue measObjLdn="MML00974HUNB001/ULoCell:NodeB Function Name=MML00974HUNB001, Local Cell ID=50223, Cell Name=MPOLHN6">
                <measResults>0 0 0 0 0 0 0 0 0 0 0 0 0 0 </measResults>
            </measValue>
            <measValue measObjLdn="MML00974HUNB001/ULoCell:NodeB Function Name=MML00974HUNB001, Local Cell ID=60221, Cell Name=MPOLHN1">
                <measResults>0 0 0 0 0 0 0 0 0 0 0 0 0 0 </measResults>
            </measValue>
            <measValue measObjLdn="MML00974HUNB001/ULoCell:NodeB Function Name=MML00974HUNB001, Local Cell ID=60222, Cell Name=MPOLHN2">
                <measResults>0 0 0 0 0 0 0 0 0 0 0 0 0 0 </measResults>
            </measValue>
            <measValue measObjLdn="MML00974HUNB001/ULoCell:NodeB Function Name=MML00974HUNB001, Local Cell ID=60223, Cell Name=MPOLHN3">
                <measResults>0 0 0 0 0 0 0 0 0 0 0 0 0 0 </measResults>
            </measValue>
        </measInfo>
        <measInfo measInfoId="50331673">
            <granPeriod duration="PT3600S" endTime="2021-08-17T23:00:00+08:00"/>
            <repPeriod duration="PT3600S"/>
            <measTypes>50332055 50332056 50332057 50332058 50332059 50332060 50332278 50332279 50332280 50332281 50332282 50332283 50332284 50332285 50332286 50361648 50361649 50361650 50361651 </measTypes>
            <measValue measObjLdn="MML00974HUNB001/ULoCell:NodeB Function Name=MML00974HUNB001, Local Cell ID=10221, Cell Name=MPOLHU1">
                <measResults>39 26 23 0 0 0 12 14 4 8 13 0 1 13 12 0 0 0 0 </measResults>
            </measValue>
            <measValue measObjLdn="MML00974HUNB001/ULoCell:NodeB Function Name=MML00974HUNB001, Local Cell ID=10222, Cell Name=MPOLHU2">
                <measResults>26 12 3 0 0 0 6 5 2 6 4 0 0 11 8 0 0 0 0 </measResults>
            </measValue>
            <measValue measObjLdn="MML00974HUNB001/ULoCell:NodeB Function Name=MML00974HUNB001, Local Cell ID=10223, Cell Name=MPOLHU3">
                <measResults>33 16 14 0 0 0 4 5 0 7 1 0 0 10 1 0 0 0 0 </measResults>
            </measValue>
            <measValue measObjLdn="MML00974HUNB001/ULoCell:NodeB Function Name=MML00974HUNB001, Local Cell ID=50221, Cell Name=MPOLHN4">
                <measResults>16 1 0 0 0 0 2 2 7 9 23 0 2 10 15 0 0 0 0 </measResults>
            </measValue>
            <measValue measObjLdn="MML00974HUNB001/ULoCell:NodeB Function Name=MML00974HUNB001, Local Cell ID=50222, Cell Name=MPOLHN5">
                <measResults>9 0 0 0 0 0 2 2 4 7 11 0 1 6 7 0 0 0 0 </measResults>
            </measValue>
            <measValue measObjLdn="MML00974HUNB001/ULoCell:NodeB Function Name=MML00974HUNB001, Local Cell ID=50223, Cell Name=MPOLHN6">
                <measResults>2 0 0 0 0 0 0 0 0 0 0 0 0 0 0 0 0 0 0 </measResults>
            </measValue>
            <measValue measObjLdn="MML00974HUNB001/ULoCell:NodeB Function Name=MML00974HUNB001, Local Cell ID=60221, Cell Name=MPOLHN1">
                <measResults>14 12 3 0 0 0 28 23 8 11 20 1 6 20 32 0 0 0 0 </measResults>
            </measValue>
            <measValue measObjLdn="MML00974HUNB001/ULoCell:NodeB Function Name=MML00974HUNB001, Local Cell ID=60222, Cell Name=MPOLHN2">
                <measResults>7 8 1 0 0 0 10 7 2 5 6 0 1 8 13 0 0 0 0 </measResults>
            </measValue>
            <measValue measObjLdn="MML00974HUNB001/ULoCell:NodeB Function Name=MML00974HUNB001, Local Cell ID=60223, Cell Name=MPOLHN3">
                <measResults>5 4 0 0 0 0 5 5 0 1 1 0 0 1 0 0 0 0 0 </measResults>
            </measValue>
        </measInfo>
        <measInfo measInfoId="50331674">
            <granPeriod duration="PT3600S" endTime="2021-08-17T23:00:00+08:00"/>
            <repPeriod duration="PT3600S"/>
            <measTypes>50332161 50332162 50332163 50332164 50332165 50341718 50341719 50341720 50341721 </measTypes>
            <measValue measObjLdn="MML00974HUNB001/ULoCell:NodeB Function Name=MML00974HUNB001, Local Cell ID=10221, Cell Name=MPOLHU1">
                <measResults>0 0 0 0 0 0 0 0 0 </measResults>
            </measValue>
            <measValue measObjLdn="MML00974HUNB001/ULoCell:NodeB Function Name=MML00974HUNB001, Local Cell ID=10222, Cell Name=MPOLHU2">
                <measResults>0 0 0 0 0 0 0 0 0 </measResults>
            </measValue>
            <measValue measObjLdn="MML00974HUNB001/ULoCell:NodeB Function Name=MML00974HUNB001, Local Cell ID=10223, Cell Name=MPOLHU3">
                <measResults>0 0 0 0 0 0 0 0 0 </measResults>
            </measValue>
            <measValue measObjLdn="MML00974HUNB001/ULoCell:NodeB Function Name=MML00974HUNB001, Local Cell ID=50221, Cell Name=MPOLHN4">
                <measResults>0 0 0 0 0 0 0 0 0 </measResults>
            </measValue>
            <measValue measObjLdn="MML00974HUNB001/ULoCell:NodeB Function Name=MML00974HUNB001, Local Cell ID=50222, Cell Name=MPOLHN5">
                <measResults>0 0 0 0 0 0 0 0 0 </measResults>
            </measValue>
            <measValue measObjLdn="MML00974HUNB001/ULoCell:NodeB Function Name=MML00974HUNB001, Local Cell ID=50223, Cell Name=MPOLHN6">
                <measResults>0 0 0 0 0 0 0 0 0 </measResults>
            </measValue>
            <measValue measObjLdn="MML00974HUNB001/ULoCell:NodeB Function Name=MML00974HUNB001, Local Cell ID=60221, Cell Name=MPOLHN1">
                <measResults>0 0 0 0 0 0 0 0 0 </measResults>
            </measValue>
            <measValue measObjLdn="MML00974HUNB001/ULoCell:NodeB Function Name=MML00974HUNB001, Local Cell ID=60222, Cell Name=MPOLHN2">
                <measResults>0 0 0 0 0 0 0 0 0 </measResults>
            </measValue>
            <measValue measObjLdn="MML00974HUNB001/ULoCell:NodeB Function Name=MML00974HUNB001, Local Cell ID=60223, Cell Name=MPOLHN3">
                <measResults>0 0 0 0 0 0 0 0 0 </measResults>
            </measValue>
        </measInfo>
        <measInfo measInfoId="50331676">
            <granPeriod duration="PT3600S" endTime="2021-08-17T23:00:00+08:00"/>
            <repPeriod duration="PT3600S"/>
            <measTypes>50331747 50332175 50332176 50332177 50332178 50332179 50332180 50332181 50332182 50332183 50332184 50332185 50332186 50332187 50332188 50332189 50332190 50332192 50332193 50332194 50332195 50332196 50332197 50332198 50332199 50332200 50332201 50332202 50332203 50332204 50332205 50332206 50332207 50332208 50332209 50332210 50332211 50332212 50332213 50332214 50332219 50332232 50332233 50332234 50332235 50332236 50332237 50332238 50332245 50332246 50332648 50332649 50332650 50332651 50332652 50332653 50332654 50332655 50332656 50332657 50332658 50332670 50332848 50332849 50332850 50332853 50332854 50332855 50332856 50332865 50332866 50332867 50332868 50332869 50332870 50332871 50332872 50332873 50332874 50332875 50332876 50332877 50332878 50332879 50332880 50332881 50332882 50332883 50332884 50332885 50332886 50332887 50332888 50332889 50332890 50332891 50332892 50332894 50332895 50332896 50332897 50332898 50332899 50332900 50332901 50332902 50332903 50332904 50332905 50332906 50332907 50332908 50332909 50332910 50332943 50332944 50332945 50332946 50332947 50332948 50332949 50332950 50332951 50332952 50332953 50332954 50332955 50332956 50332957 50332958 50332959 50332960 50332961 50332962 50332963 50332964 50332965 50332966 50332967 50332968 50332969 50332970 50332971 50332972 50332973 50332974 50332985 50332986 50332987 50332990 50341723 50341741 50341742 50341743 50341748 50341749 50341750 50341751 50341752 50341753 50341754 50341755 50341756 50341757 50341758 50341759 </measTypes>
            <measValue measObjLdn="MML00974HUNB001/ULoCell:NodeB Function Name=MML00974HUNB001, Local Cell ID=10221, Cell Name=MPOLHU1">
                <measResults>5335235004 924269 73301 23553 17844 19347 30725 6251 38771 8172 45730 12375 68712 172310 353911 4729 0 0 5251842492 35561 0 8924 0 0 0 0 24 198195 262567 2724 739 1552 1254 915 671 1169 1258 137 11 4 403716280 5350130513 1321868 6068333336 990746 525733 431009 84806 598324057 335977 188513 137129 270320 177147 107968 64697 72663 23151 6826 39 0 722811 0 0 0 287380 1 7 87992 0 0 0 0 0 0 0 0 0 39 0 0 428353421 1490870881 2033283887 1105606585 357564 484407 318995 145047 0 0 0 0 2622877 9171 4195 0 0 0 0 0 0 0 0 0 0 0 0 0 0 0 0 0 0 0 0 0 0 0 0 0 0 0 0 0 0 0 0 0 0 NIL NIL NIL NIL NIL NIL NIL NIL NIL NIL NIL NIL NIL NIL NIL NIL 0 0 0 1205793 6.238 NIL 0 0 74048.43 203626.219 796844.438 872778.5 745999.938 578356.563 852921.063 374671.281 152080.734 1193.776 0 4374846 </measResults>
            </measValue>
            <measValue measObjLdn="MML00974HUNB001/ULoCell:NodeB Function Name=MML00974HUNB001, Local Cell ID=10222, Cell Name=MPOLHU2">
                <measResults>4834537648 1064941 64136 25269 20193 21899 38101 6075 54468 6786 79238 8372 64269 6469 226930 112854 0 0 4846968029 109281 0 4412 0 0 0 0 1 102348 167237 2905 590 711 301 264 283 576 663 185 16 4 212584504 4860864844 1073324 5557411402 645029 165168 229756 56238 722152793 543106 245346 166940 174688 52846 53181 47037 85499 92924 4506 28 0 510709 0 0 0 294301 0 0 74089 0 0 0 0 0 0 0 0 0 0 0 0 548177778 444767252 1406429517 2313950655 527021 150235 183856 212151 0 0 0 0 2050380 11463 3710 0 0 0 0 0 0 0 0 0 0 0 0 0 0 0 0 0 0 0 0 0 0 0 0 0 0 0 0 0 0 0 0 0 0 NIL NIL NIL NIL NIL NIL NIL NIL NIL NIL NIL NIL NIL NIL NIL NIL 0 0 0 941909 3.184 NIL 0 0 80986.914 250320.344 466202.438 266044.063 370053.438 424441.969 1001535.063 1501548.625 100776.563 927.776 0 4131530 </measResults>
            </measValue>
            <measValue measObjLdn="MML00974HUNB001/ULoCell:NodeB Function Name=MML00974HUNB001, Local Cell ID=10223, Cell Name=MPOLHU3">
                <measResults>819186680 1297023 109930 111647 114934 39972 22202 1242 17997 1068 10044 1560 7868 2566 51414 10533 0 0 791658904 96813 0 2935 0 0 0 0 0 15410 34260 1402 284 236 164 130 52 44 8 2 0 0 299848 826388835 645529 953058781 373495 41646 8833 1878 368049370 490414 410152 74916 36094 25574 19348 4880 2964 16 1 0 0 88877 0 0 0 399703 0 0 21677 0 0 0 0 0 0 0 0 0 0 0 0 377592670 274082473 168443205 5433620 544399 69959 27605 2786 0 0 0 0 279888 502 473 0 0 0 0 0 0 0 0 0 0 0 0 0 0 0 0 0 0 0 0 0 0 0 0 0 0 0 0 0 0 0 0 0 0 NIL NIL NIL NIL NIL NIL NIL NIL NIL NIL NIL NIL NIL NIL NIL NIL 0 0 0 541654 1.306 NIL 0 0 202980.844 99122.594 98885.992 124311.336 131220.078 43293.363 32907.492 245.728 20.617 0 0 430884.625 </measResults>
            </measValue>
            <measValue measObjLdn="MML00974HUNB001/ULoCell:NodeB Function Name=MML00974HUNB001, Local Cell ID=50221, Cell Name=MPOLHN4">
                <measResults>5646782568 1021058 73173 10110 4907 3146 4771 2795 5070 3754 17321 7232 17967 9720 168111 450865 0 0 5667164632 7599 0 8120 0 0 0 0 3 161532 175698 1681 120 573 621 655 248 262 340 466 61 9 1430258568 5678792647 1026847 6397212878 194455 394689 188370 707408 366481254 139180 85548 22865 186869 227061 217006 32093 24519 24334 38911 248 0 751041 0 0 0 117174 0 0 78426 0 0 0 0 0 0 0 0 0 0 0 0 5146670 556953890 2983392653 422183617 16336 256289 546742 61422 0 0 0 0 1192232 3985 2225 0 0 0 0 0 0 0 0 0 0 0 0 0 0 0 0 0 0 0 0 0 0 0 0 0 0 0 0 0 0 0 0 0 0 NIL NIL NIL NIL NIL NIL NIL NIL NIL NIL NIL NIL NIL NIL NIL NIL 0 0 0 932588 4.352 NIL 0 0 4898.944 35543.414 559491 1163737.75 1501582.375 281416.375 289224.688 415696.594 922873.063 7792.496 0 5141814.5 </measResults>
            </measValue>
            <measValue measObjLdn="MML00974HUNB001/ULoCell:NodeB Function Name=MML00974HUNB001, Local Cell ID=50222, Cell Name=MPOLHN5">
                <measResults>200654428 1723375 36234 4828 3574 2109 1936 799 2543 599 3083 442 2624 386 606 16862 0 0 199065608 733 0 1819 0 0 0 0 0 169 316 225 82 200 93 69 79 82 51 15 2 1 22292440 198539958 80306 280178112 244635 214949 180530 88148 77481130 28168 4107 3033 6051 4107 6094 2401 2554 1071 203 0 0 22481 0 0 0 10697 0 0 36319 0 0 0 0 0 0 0 0 0 0 0 0 5280528 45559166 60179100 43110748 6481 23039 19315 17193 0 0 0 0 764952 2051 1378 0 0 0 0 0 0 0 0 0 0 0 0 0 0 0 0 0 0 0 0 0 0 0 0 0 0 0 0 0 0 0 0 0 0 NIL NIL NIL NIL NIL NIL NIL NIL NIL NIL NIL NIL NIL NIL NIL NIL 0 0 0 36073 1.837 NIL 0 0 758.8 4574 16200.696 21476.598 42850.414 22482.984 29776.424 16673.641 4234.736 0 0 153695.5 </measResults>
            </measValue>
            <measValue measObjLdn="MML00974HUNB001/ULoCell:NodeB Function Name=MML00974HUNB001, Local Cell ID=50223, Cell Name=MPOLHN6">
                <measResults>73571080 1763911 6861 1538 2381 1142 2845 671 6604 203 5673 546 3693 209 106 3617 0 0 72845288 316 0 1147 0 0 0 0 0 13 147 64 35 107 24 26 21 5 3 0 0 0 69472 73348419 39662 97910816 25723 26008 9618 3635 58479824 33048 1888 3561 15240 446 494 101 244 162 0 0 0 16687 0 0 0 17061 0 0 9034 0 0 0 0 0 0 0 0 0 0 0 0 5435143 49991796 7149232 9799632 4105 28406 4576 2021 0 0 0 0 65776 394 125 0 0 0 0 0 0 0 0 0 0 0 0 0 0 0 0 0 0 0 0 0 0 0 0 0 0 0 0 0 0 0 0 0 0 NIL NIL NIL NIL NIL NIL NIL NIL NIL NIL NIL NIL NIL NIL NIL NIL 0 0 0 25769 0.211 NIL 0 0 865.52 5845.262 40157.516 2301.76 3498.712 898.856 3112.144 2420.016 0 0 0 52389.004 </measResults>
            </measValue>
            <measValue measObjLdn="MML00974HUNB001/ULoCell:NodeB Function Name=MML00974HUNB001, Local Cell ID=60221, Cell Name=MPOLHN1">
                <measResults>7645898068 1087075 142216 47552 16542 10776 12427 11103 12580 15898 14725 12685 43383 137129 215521 20388 0 0 7654680644 4771 0 6769 0 0 0 0 56 73306 81497 3412 150 321 375 475 400 845 1434 581 26 18 4868282088 7688622168 923259 8838236249 255507 423557 700781 375717 496780855 112565 43197 4658 16488 30333 38739 46077 92925 171352 55950 57 0 451921 0 0 0 8711 0 0 195722 0 0 0 0 0 0 0 0 0 0 0 0 21509952 370936709 874119615 5313947855 20292 127287 183334 483990 0 0 0 0 1951385 11516 5370 0 0 0 0 0 0 0 0 0 0 0 0 0 0 0 0 0 0 0 0 0 0 0 0 0 0 0 0 0 0 0 0 0 0 NIL NIL NIL NIL NIL NIL NIL NIL NIL NIL NIL NIL NIL NIL NIL NIL 0 0 0 697889 5.343 NIL 0 0 4204.25 7119.648 50578.234 151641.25 267847.375 417053.219 1120191.375 2947643.25 1218696.625 1783.44 0 6175435 </measResults>
            </measValue>
            <measValue measObjLdn="MML00974HUNB001/ULoCell:NodeB Function Name=MML00974HUNB001, Local Cell ID=60222, Cell Name=MPOLHN2">
                <measResults>2446230484 1486225 20408 5921 2819 1750 2181 1034 2284 1257 2966 2487 7011 4991 126538 132128 0 0 2458933064 6639 0 448 0 0 0 0 0 1102 2643 186 40 105 61 212 408 169 34 6 0 0 19869424 2460102142 325338 2811179633 183156 157136 34281 4660 90327476 37114 9468 1747 9288 5495 47234 143145 48607 928 20 0 0 254717 0 0 0 10011 0 0 27080 0 0 0 0 0 0 0 0 0 0 0 0 22230566 813527457 1572041783 47405857 21712 112234 183173 8721 0 0 0 0 452585 1692 992 0 0 0 0 0 0 0 0 0 0 0 0 0 0 0 0 0 0 0 0 0 0 0 0 0 0 0 0 0 0 0 0 0 0 NIL NIL NIL NIL NIL NIL NIL NIL NIL NIL NIL NIL NIL NIL NIL NIL 0 0 0 289459 1.08 NIL 0 0 1609.35 2938.903 28335.494 26606.482 349332.5 1276940.75 520108.156 14989.199 459.2 0 0 2216771.75 </measResults>
            </measValue>
            <measValue measObjLdn="MML00974HUNB001/ULoCell:NodeB Function Name=MML00974HUNB001, Local Cell ID=60223, Cell Name=MPOLHN3">
                <measResults>186428508 1745683 30883 3929 2103 732 609 375 743 714 1335 566 1127 741 5217 5243 0 0 173497824 2399 0 753 0 0 0 0 0 239 348 160 13 31 36 34 36 49 82 26 1 1 52504424 183891710 55683 247291292 58111 53122 62796 32273 4538483 7155 4036 229 1745 809 1274 1006 1346 3260 812 1 0 10253 0 0 0 1690 0 0 28426 0 0 0 0 0 0 0 0 0 0 0 0 4208663 19262976 29069140 117045669 7533 15627 11036 18485 0 0 0 0 483461 5026 1708 0 0 0 0 0 0 0 0 0 0 0 0 0 0 0 0 0 0 0 0 0 0 0 0 0 0 0 0 0 0 0 0 0 0 NIL NIL NIL NIL NIL NIL NIL NIL NIL NIL NIL NIL NIL NIL NIL NIL 0 0 0 19422 0.868 NIL 0 0 838.401 313.794 5172.743 4064.784 9368.079 8918.437 15996.358 55341.02 17530.76 31.128 0 116423.313 </measResults>
            </measValue>
        </measInfo>
        <measInfo measInfoId="50331649">
            <granPeriod duration="PT3600S" endTime="2021-08-17T23:00:00+08:00"/>
            <repPeriod duration="PT3600S"/>
            <measTypes>50332578 50332579 50332580 50332581 50342578 50342579 50342580 50342581 </measTypes>
            <measValue measObjLdn="MML00974HUNB001/NodeBFunction:NodeB Function Name=MML00974HUNB001">
                <measResults>3.289 1.34 2.898 37.415 6.6 3 5.6 53.4 </measResults>
            </measValue>
        </measInfo>
        <measInfo measInfoId="50331654">
            <granPeriod duration="PT3600S" endTime="2021-08-17T23:00:00+08:00"/>
            <repPeriod duration="PT3600S"/>
            <measTypes>50332565 50332566 50332633 50332635 </measTypes>
            <measValue measObjLdn="MML00974HUNB001/NodeBFunction:NodeB Function Name=MML00974HUNB001">
                <measResults>3072 1792 0 0 </measResults>
            </measValue>
        </measInfo>
        <measInfo measInfoId="50331664">
            <granPeriod duration="PT3600S" endTime="2021-08-17T23:00:00+08:00"/>
            <repPeriod duration="PT3600S"/>
            <measTypes>50332572 50332585 50332587 50332588 50332589 50332590 50332617 50332618 50332625 </measTypes>
            <measValue measObjLdn="MML00974HUNB001/NodeBFunction:NodeB Function Name=MML00974HUNB001">
                <measResults>1 0 18 18 0 10 0 0 2 </measResults>
            </measValue>
        </measInfo>
        <measInfo measInfoId="50331666">
            <granPeriod duration="PT3600S" endTime="2021-08-17T23:00:00+08:00"/>
            <repPeriod duration="PT3600S"/>
            <measTypes>50332567 50332568 50332569 50332570 50332571 </measTypes>
            <measValue measObjLdn="MML00974HUNB001/NodeBFunction:NodeB Function Name=MML00974HUNB001">
                <measResults>0 0 0 0 0 </measResults>
            </measValue>
        </measInfo>
        <measInfo measInfoId="50331681">
            <granPeriod duration="PT3600S" endTime="2021-08-17T23:00:00+08:00"/>
            <repPeriod duration="PT3600S"/>
            <measTypes>50342640 50342641 50342642 50342643 50342644 50342645 50342646 50342647 </measTypes>
            <measValue measObjLdn="MML00974HUNB001/NodeBFunction:NodeB Function Name=MML00974HUNB001">
                <measResults>8243079 9949830 754823003 3846424578 2881493 1677384 21054171 8547610 </measResults>
            </measValue>
        </measInfo>
        <measInfo measInfoId="50331652">
            <granPeriod duration="PT3600S" endTime="2021-08-17T23:00:00+08:00"/>
            <repPeriod duration="PT3600S"/>
            <measTypes>50332555 50332556 50332557 50332558 50332559 50332560 50332561 50332562 50332563 50332564 50332593 50332594 50342555 50342556 50342561 50342562 50342563 50342564 50342567 50342568 50342569 50342570 50342571 50342572 50342618 50342619 50342621 50342622 50342624 50342625 50342627 50342628 </measTypes>
            <measValue measObjLdn="MML00974HUNB001/NodeBFunction:NodeB Function Name=MML00974HUNB001/MocID:2/CnOperator:-1">
                <measResults>0 0 0 0 4112 3536 86.982 39.254 0 43.889 0 0 0 0 134.5 59 0 86.5 23 57.5 27.5 0 0 0 0 0 0 0 0 0 0 0 </measResults>
            </measValue>
        </measInfo>
        <measInfo measInfoId="50331667">
            <granPeriod duration="PT3600S" endTime="2021-08-17T23:00:00+08:00"/>
            <repPeriod duration="PT3600S"/>
            <measTypes>50332591 50332592 50332595 50332596 50332597 </measTypes>
            <measValue measObjLdn="MML00974HUNB001/NodeBFunction:NodeB Function Name=MML00974HUNB001/MocID:2/CnOperator:-1">
                <measResults>0 0 0 0 0 </measResults>
            </measValue>
        </measInfo>
        <measInfo measInfoId="50331668">
            <granPeriod duration="PT3600S" endTime="2021-08-17T23:00:00+08:00"/>
            <repPeriod duration="PT3600S"/>
            <measTypes>50332348 50332349 </measTypes>
            <measValue measObjLdn="MML00974HUNB001/LOCELL_SECTOREQM:NodeB Function Name=MML00974HUNB001, Local Cell ID=10221, Sector Equipment ID=0">
                <measResults>0 0 </measResults>
            </measValue>
            <measValue measObjLdn="MML00974HUNB001/LOCELL_SECTOREQM:NodeB Function Name=MML00974HUNB001, Local Cell ID=10222, Sector Equipment ID=1">
                <measResults>0 0 </measResults>
            </measValue>
            <measValue measObjLdn="MML00974HUNB001/LOCELL_SECTOREQM:NodeB Function Name=MML00974HUNB001, Local Cell ID=10223, Sector Equipment ID=2">
                <measResults>0 0 </measResults>
            </measValue>
            <measValue measObjLdn="MML00974HUNB001/LOCELL_SECTOREQM:NodeB Function Name=MML00974HUNB001, Local Cell ID=50221, Sector Equipment ID=6">
                <measResults>0 0 </measResults>
            </measValue>
            <measValue measObjLdn="MML00974HUNB001/LOCELL_SECTOREQM:NodeB Function Name=MML00974HUNB001, Local Cell ID=50222, Sector Equipment ID=7">
                <measResults>0 0 </measResults>
            </measValue>
            <measValue measObjLdn="MML00974HUNB001/LOCELL_SECTOREQM:NodeB Function Name=MML00974HUNB001, Local Cell ID=50223, Sector Equipment ID=8">
                <measResults>0 0 </measResults>
            </measValue>
            <measValue measObjLdn="MML00974HUNB001/LOCELL_SECTOREQM:NodeB Function Name=MML00974HUNB001, Local Cell ID=60221, Sector Equipment ID=10">
                <measResults>0 0 </measResults>
            </measValue>
            <measValue measObjLdn="MML00974HUNB001/LOCELL_SECTOREQM:NodeB Function Name=MML00974HUNB001, Local Cell ID=60222, Sector Equipment ID=11">
                <measResults>0 0 </measResults>
            </measValue>
            <measValue measObjLdn="MML00974HUNB001/LOCELL_SECTOREQM:NodeB Function Name=MML00974HUNB001, Local Cell ID=60223, Sector Equipment ID=12">
                <measResults>0 0 </measResults>
            </measValue>
        </measInfo>
        <measInfo measInfoId="50331669">
            <granPeriod duration="PT3600S" endTime="2021-08-17T23:00:00+08:00"/>
            <repPeriod duration="PT3600S"/>
            <measTypes>50332350 50332351 50332352 50332353 </measTypes>
            <measValue measObjLdn="MML00974HUNB001/LOCELL_SECTOREQM:NodeB Function Name=MML00974HUNB001, Local Cell ID=10221, Sector Equipment ID=0">
                <measResults>21941 27 21031 21047 </measResults>
            </measValue>
            <measValue measObjLdn="MML00974HUNB001/LOCELL_SECTOREQM:NodeB Function Name=MML00974HUNB001, Local Cell ID=10222, Sector Equipment ID=1">
                <measResults>8404 1 8329 8331 </measResults>
            </measValue>
            <measValue measObjLdn="MML00974HUNB001/LOCELL_SECTOREQM:NodeB Function Name=MML00974HUNB001, Local Cell ID=10223, Sector Equipment ID=2">
                <measResults>10689 3 10362 10369 </measResults>
            </measValue>
            <measValue measObjLdn="MML00974HUNB001/LOCELL_SECTOREQM:NodeB Function Name=MML00974HUNB001, Local Cell ID=50221, Sector Equipment ID=6">
                <measResults>20488 12 19328 19384 </measResults>
            </measValue>
            <measValue measObjLdn="MML00974HUNB001/LOCELL_SECTOREQM:NodeB Function Name=MML00974HUNB001, Local Cell ID=50222, Sector Equipment ID=7">
                <measResults>17846 12 17034 17086 </measResults>
            </measValue>
            <measValue measObjLdn="MML00974HUNB001/LOCELL_SECTOREQM:NodeB Function Name=MML00974HUNB001, Local Cell ID=50223, Sector Equipment ID=8">
                <measResults>2119 7 2073 2091 </measResults>
            </measValue>
            <measValue measObjLdn="MML00974HUNB001/LOCELL_SECTOREQM:NodeB Function Name=MML00974HUNB001, Local Cell ID=60221, Sector Equipment ID=10">
                <measResults>16989 6 16009 16049 </measResults>
            </measValue>
            <measValue measObjLdn="MML00974HUNB001/LOCELL_SECTOREQM:NodeB Function Name=MML00974HUNB001, Local Cell ID=60222, Sector Equipment ID=11">
                <measResults>11755 8 11397 11405 </measResults>
            </measValue>
            <measValue measObjLdn="MML00974HUNB001/LOCELL_SECTOREQM:NodeB Function Name=MML00974HUNB001, Local Cell ID=60223, Sector Equipment ID=12">
                <measResults>5304 3 5162 5165 </measResults>
            </measValue>
        </measInfo>
        <measInfo measInfoId="50331670">
            <granPeriod duration="PT3600S" endTime="2021-08-17T23:00:00+08:00"/>
            <repPeriod duration="PT3600S"/>
            <measTypes>50332354 50332355 </measTypes>
            <measValue measObjLdn="MML00974HUNB001/LOCELL_SECTOREQM:NodeB Function Name=MML00974HUNB001, Local Cell ID=10221, Sector Equipment ID=0">
                <measResults>0 0 </measResults>
            </measValue>
            <measValue measObjLdn="MML00974HUNB001/LOCELL_SECTOREQM:NodeB Function Name=MML00974HUNB001, Local Cell ID=10222, Sector Equipment ID=1">
                <measResults>0 0 </measResults>
            </measValue>
            <measValue measObjLdn="MML00974HUNB001/LOCELL_SECTOREQM:NodeB Function Name=MML00974HUNB001, Local Cell ID=10223, Sector Equipment ID=2">
                <measResults>0 0 </measResults>
            </measValue>
            <measValue measObjLdn="MML00974HUNB001/LOCELL_SECTOREQM:NodeB Function Name=MML00974HUNB001, Local Cell ID=50221, Sector Equipment ID=6">
                <measResults>0 0 </measResults>
            </measValue>
            <measValue measObjLdn="MML00974HUNB001/LOCELL_SECTOREQM:NodeB Function Name=MML00974HUNB001, Local Cell ID=50222, Sector Equipment ID=7">
                <measResults>0 0 </measResults>
            </measValue>
            <measValue measObjLdn="MML00974HUNB001/LOCELL_SECTOREQM:NodeB Function Name=MML00974HUNB001, Local Cell ID=50223, Sector Equipment ID=8">
                <measResults>0 0 </measResults>
            </measValue>
            <measValue measObjLdn="MML00974HUNB001/LOCELL_SECTOREQM:NodeB Function Name=MML00974HUNB001, Local Cell ID=60221, Sector Equipment ID=10">
                <measResults>0 0 </measResults>
            </measValue>
            <measValue measObjLdn="MML00974HUNB001/LOCELL_SECTOREQM:NodeB Function Name=MML00974HUNB001, Local Cell ID=60222, Sector Equipment ID=11">
                <measResults>0 0 </measResults>
            </measValue>
            <measValue measObjLdn="MML00974HUNB001/LOCELL_SECTOREQM:NodeB Function Name=MML00974HUNB001, Local Cell ID=60223, Sector Equipment ID=12">
                <measResults>0 0 </measResults>
            </measValue>
        </measInfo>
        <measInfo measInfoId="50331672">
            <granPeriod duration="PT3600S" endTime="2021-08-17T23:00:00+08:00"/>
            <repPeriod duration="PT3600S"/>
            <measTypes>50342590 50342591 50342592 50342593 50342594 50342595 50342596 50342597 </measTypes>
            <measValue measObjLdn="MML00974HUNB001/LOCELL_SECTOREQM:NodeB Function Name=MML00974HUNB001, Local Cell ID=10221, Sector Equipment ID=0">
                <measResults>-100.958 -101.668 -100.745 -101.449 -102.8 -103.1 -102.2 -103.3 </measResults>
            </measValue>
            <measValue measObjLdn="MML00974HUNB001/LOCELL_SECTOREQM:NodeB Function Name=MML00974HUNB001, Local Cell ID=10222, Sector Equipment ID=1">
                <measResults>-101.219 -101.256 -100.297 -100.973 -102.5 -102.2 -101.2 -102 </measResults>
            </measValue>
            <measValue measObjLdn="MML00974HUNB001/LOCELL_SECTOREQM:NodeB Function Name=MML00974HUNB001, Local Cell ID=10223, Sector Equipment ID=2">
                <measResults>-103.444 -103.733 -102.765 -103.984 -104.2 -104.5 -103.6 -104.8 </measResults>
            </measValue>
            <measValue measObjLdn="MML00974HUNB001/LOCELL_SECTOREQM:NodeB Function Name=MML00974HUNB001, Local Cell ID=50221, Sector Equipment ID=6">
                <measResults>-86.881 -88.249 NIL NIL -88.3 -89.4 NIL NIL </measResults>
            </measValue>
            <measValue measObjLdn="MML00974HUNB001/LOCELL_SECTOREQM:NodeB Function Name=MML00974HUNB001, Local Cell ID=50222, Sector Equipment ID=7">
                <measResults>-89.008 -90.125 NIL NIL -90.3 -91.7 NIL NIL </measResults>
            </measValue>
            <measValue measObjLdn="MML00974HUNB001/LOCELL_SECTOREQM:NodeB Function Name=MML00974HUNB001, Local Cell ID=50223, Sector Equipment ID=8">
                <measResults>-75.17 -83.271 NIL NIL -75.6 -84 NIL NIL </measResults>
            </measValue>
            <measValue measObjLdn="MML00974HUNB001/LOCELL_SECTOREQM:NodeB Function Name=MML00974HUNB001, Local Cell ID=60221, Sector Equipment ID=10">
                <measResults>-86.031 -87.51 NIL NIL -87.4 -89 NIL NIL </measResults>
            </measValue>
            <measValue measObjLdn="MML00974HUNB001/LOCELL_SECTOREQM:NodeB Function Name=MML00974HUNB001, Local Cell ID=60222, Sector Equipment ID=11">
                <measResults>-85.529 -83.807 NIL NIL -86.2 -84.3 NIL NIL </measResults>
            </measValue>
            <measValue measObjLdn="MML00974HUNB001/LOCELL_SECTOREQM:NodeB Function Name=MML00974HUNB001, Local Cell ID=60223, Sector Equipment ID=12">
                <measResults>-72.203 -77.509 NIL NIL -72.6 -77.9 NIL NIL </measResults>
            </measValue>
        </measInfo>
        <measInfo measInfoId="50331682">
            <granPeriod duration="PT3600S" endTime="2021-08-17T23:00:00+08:00"/>
            <repPeriod duration="PT3600S"/>
            <measTypes>50332602 50332603 50332615 50332616 </measTypes>
            <measValue measObjLdn="MML00974HUNB001/LOCELL_SECTOREQM:NodeB Function Name=MML00974HUNB001, Local Cell ID=10221, Sector Equipment ID=0">
                <measResults>267 236 324 268 </measResults>
            </measValue>
            <measValue measObjLdn="MML00974HUNB001/LOCELL_SECTOREQM:NodeB Function Name=MML00974HUNB001, Local Cell ID=10222, Sector Equipment ID=1">
                <measResults>258 376 340 303 </measResults>
            </measValue>
            <measValue measObjLdn="MML00974HUNB001/LOCELL_SECTOREQM:NodeB Function Name=MML00974HUNB001, Local Cell ID=10223, Sector Equipment ID=2">
                <measResults>201 201 211 194 </measResults>
            </measValue>
            <measValue measObjLdn="MML00974HUNB001/LOCELL_SECTOREQM:NodeB Function Name=MML00974HUNB001, Local Cell ID=50221, Sector Equipment ID=6">
                <measResults>NIL NIL NIL NIL </measResults>
            </measValue>
            <measValue measObjLdn="MML00974HUNB001/LOCELL_SECTOREQM:NodeB Function Name=MML00974HUNB001, Local Cell ID=50222, Sector Equipment ID=7">
                <measResults>NIL NIL NIL NIL </measResults>
            </measValue>
            <measValue measObjLdn="MML00974HUNB001/LOCELL_SECTOREQM:NodeB Function Name=MML00974HUNB001, Local Cell ID=50223, Sector Equipment ID=8">
                <measResults>NIL NIL NIL NIL </measResults>
            </measValue>
            <measValue measObjLdn="MML00974HUNB001/LOCELL_SECTOREQM:NodeB Function Name=MML00974HUNB001, Local Cell ID=60221, Sector Equipment ID=10">
                <measResults>995 995 NIL NIL </measResults>
            </measValue>
            <measValue measObjLdn="MML00974HUNB001/LOCELL_SECTOREQM:NodeB Function Name=MML00974HUNB001, Local Cell ID=60222, Sector Equipment ID=11">
                <measResults>990 999 NIL NIL </measResults>
            </measValue>
            <measValue measObjLdn="MML00974HUNB001/LOCELL_SECTOREQM:NodeB Function Name=MML00974HUNB001, Local Cell ID=60223, Sector Equipment ID=12">
                <measResults>581 988 NIL NIL </measResults>
            </measValue>
        </measInfo>
    </measData>
    <fileFooter>
        <measCollec endTime="2021-08-17T23:00:00+08:00"/>
    </fileFooter>
</measCollecFile>
