<?xml version="1.0" encoding="UTF-8"?>
<measCollecFile xmlns="http://latest/nmc-omc/cmNrm.doc#measCollec" xmlns:xsi="http://www.w3.org/2001/XMLSchema-instance" xsi:schemaLocation="http://latest/nmc-omc/cmNrm.doc#measCollec schema\pmResultSchedule.xsd">
    <fileHeader fileFormatVersion="32.435 V7.2" vendorName="Huawei">
        <fileSender elementType="NodeB"/>
        <measCollec beginTime="2021-08-19T11:00:00+08:00"/>
    </fileHeader>
    <measData>
        <managedElement userLabel="MML00G80HUNB001"/>
        <measInfo measInfoId="50331655">
            <granPeriod duration="PT3600S" endTime="2021-08-19T12:00:00+08:00"/>
            <repPeriod duration="PT3600S"/>
            <measTypes>50332573 50332574 50342574 50342575 50342635 50342636 </measTypes>
            <measValue measObjLdn="MML00G80HUNB001/ULGROUP:UL BB Resource Group No.=1">
                <measResults>768 143.029 110 173 0 0 </measResults>
            </measValue>
            <measValue measObjLdn="MML00G80HUNB001/ULGROUP:UL BB Resource Group No.=2">
                <measResults>1024 56.196 34.5 87.5 0 0 </measResults>
            </measValue>
        </measInfo>
        <measInfo measInfoId="50331656">
            <granPeriod duration="PT3600S" endTime="2021-08-19T12:00:00+08:00"/>
            <repPeriod duration="PT3600S"/>
            <measTypes>50332582 50332583 50332584 50332586 50342584 50342585 50342586 50342587 50342606 50342607 50342608 50342609 50342632 50342633 </measTypes>
            <measValue measObjLdn="MML00G80HUNB001/BRD:Board Type=UBBP, Cabinet No.=0, Subrack No.=0, Slot No.=1">
                <measResults>1024 1024 0 0 0 0 0 0 0 0 0 0 0 0 </measResults>
            </measValue>
            <measValue measObjLdn="MML00G80HUNB001/BRD:Board Type=UBBP, Cabinet No.=0, Subrack No.=0, Slot No.=2">
                <measResults>1024 768 81.45 143.029 65 99 110 173 5 8 9 12 0 0 </measResults>
            </measValue>
            <measValue measObjLdn="MML00G80HUNB001/BRD:Board Type=UBBP, Cabinet No.=0, Subrack No.=0, Slot No.=3">
                <measResults>1024 1024 37.092 56.196 27 47 34.5 87.5 2 3 2 4 0 0 </measResults>
            </measValue>
            <measValue measObjLdn="MML00G80HUNB001/BRD:Board Type=UMPT, Cabinet No.=0, Subrack No.=0, Slot No.=7">
                <measResults>0 0 0 0 0 0 0 0 0 0 0 0 0 0 </measResults>
            </measValue>
        </measInfo>
        <measInfo measInfoId="50331683">
            <granPeriod duration="PT3600S" endTime="2021-08-19T12:00:00+08:00"/>
            <repPeriod duration="PT3600S"/>
            <measTypes>50332627 </measTypes>
            <measValue measObjLdn="MML00G80HUNB001/NODEBRRU:Cabinet No.=0, Subrack No.=60, Slot No.=0">
                <measResults>0 </measResults>
            </measValue>
            <measValue measObjLdn="MML00G80HUNB001/NODEBRRU:Cabinet No.=0, Subrack No.=61, Slot No.=0">
                <measResults>0 </measResults>
            </measValue>
            <measValue measObjLdn="MML00G80HUNB001/NODEBRRU:Cabinet No.=0, Subrack No.=62, Slot No.=0">
                <measResults>0 </measResults>
            </measValue>
            <measValue measObjLdn="MML00G80HUNB001/NODEBRRU:Cabinet No.=0, Subrack No.=80, Slot No.=0">
                <measResults>0 </measResults>
            </measValue>
            <measValue measObjLdn="MML00G80HUNB001/NODEBRRU:Cabinet No.=0, Subrack No.=81, Slot No.=0">
                <measResults>0 </measResults>
            </measValue>
            <measValue measObjLdn="MML00G80HUNB001/NODEBRRU:Cabinet No.=0, Subrack No.=82, Slot No.=0">
                <measResults>0 </measResults>
            </measValue>
        </measInfo>
        <measInfo measInfoId="1542455297">
            <granPeriod duration="PT3600S" endTime="2021-08-19T12:00:00+08:00"/>
            <repPeriod duration="PT3600S"/>
            <measTypes>1542455297 1542455298 1542455299 1542455300 1542455301 1542455302 1542455303 1542455304 1542455305 1542455306 1542455307 1542460296 1542460297 </measTypes>
            <measValue measObjLdn="MML00G80HUNB001/ETHPORT:Cabinet No.=0, Subrack No.=0, Slot No.=7, Port No.=0, Subboard Type=BASE_BOARD">
                <measResults>1752138672 16976374 4862944193 18800930 0 7464408 2452584 3893623 28814384 2622704 10806690 1000000 1000000 </measResults>
            </measValue>
            <measValue measObjLdn="MML00G80HUNB001/ETHPORT:Cabinet No.=0, Subrack No.=0, Slot No.=7, Port No.=1, Subboard Type=BASE_BOARD">
                <measResults>0 0 0 0 0 0 0 0 0 0 0 0 0 </measResults>
            </measValue>
        </measInfo>
        <measInfo measInfoId="1542455301">
            <granPeriod duration="PT3600S" endTime="2021-08-19T12:00:00+08:00"/>
            <repPeriod duration="PT3600S"/>
            <measTypes>1542455326 1542455327 1542455328 1542455329 1542455330 1542455331 1542455332 1542455333 1542460727 1542460728 1542460729 </measTypes>
            <measValue measObjLdn="MML00G80HUNB001/IP:Board Type=UMPT, Cabinet No.=0, Subrack No.=0, Slot No.=7">
                <measResults>16976282 1346919191 0 0 18796003 4392159571 0 0 14144 0 0 </measResults>
            </measValue>
        </measInfo>
        <measInfo measInfoId="1542455303">
            <granPeriod duration="PT3600S" endTime="2021-08-19T12:00:00+08:00"/>
            <repPeriod duration="PT3600S"/>
            <measTypes>1542455365 1542455367 1542455369 1542455371 1542455375 1542455376 1542455377 1542455378 </measTypes>
            <measValue measObjLdn="MML00G80HUNB001/RSCGRP:Transmission Resource Group Bear Type=IP, Cabinet No.=0, Bearing Port No.=0, Bearing Port Type=ETH, Transmission Resource Group ID=AUTOPORT, Subboard Type=BASE_BOARD, Slot No.=7, Subrack No.=0">
                <measResults>1652498609 16976311 0 0 6963440 2168528 3672154 0 </measResults>
            </measValue>
            <measValue measObjLdn="MML00G80HUNB001/RSCGRP:Transmission Resource Group Bear Type=IP, Cabinet No.=0, Bearing Port No.=1, Bearing Port Type=ETH, Transmission Resource Group ID=AUTOPORT, Subboard Type=BASE_BOARD, Slot No.=7, Subrack No.=0">
                <measResults>0 0 0 0 0 0 0 0 </measResults>
            </measValue>
        </measInfo>
        <measInfo measInfoId="1542455312">
            <granPeriod duration="PT3600S" endTime="2021-08-19T12:00:00+08:00"/>
            <repPeriod duration="PT3600S"/>
            <measTypes>1542460308 1542460309 1542460310 1542460311 1542460312 1542460313 1542460314 1542460315 1542460316 1542460317 1542460318 1542460319 1542460320 1542460321 1542460322 1542460323 1542460324 1542460325 1542460326 1542460327 1542460328 1542460329 1542460330 1542460331 1542460332 </measTypes>
            <measValue measObjLdn="MML00G80HUNB001/RSCGRP:Transmission Resource Group Bear Type=IP, Cabinet No.=0, Bearing Port No.=0, Bearing Port Type=ETH, Transmission Resource Group ID=AUTOPORT, Subboard Type=BASE_BOARD, Slot No.=7, Subrack No.=0">
                <measResults>1000000 1000000 1000000 0 0 0 0 0 0 0 0 0 0 5669789 0 0 0 1 0 0 0 0 0 0 0 </measResults>
            </measValue>
            <measValue measObjLdn="MML00G80HUNB001/RSCGRP:Transmission Resource Group Bear Type=IP, Cabinet No.=0, Bearing Port No.=1, Bearing Port Type=ETH, Transmission Resource Group ID=AUTOPORT, Subboard Type=BASE_BOARD, Slot No.=7, Subrack No.=0">
                <measResults>0 0 0 0 0 0 0 0 0 0 0 0 0 0 0 0 0 0 0 0 0 0 0 0 0 </measResults>
            </measValue>
        </measInfo>
        <measInfo measInfoId="1542455309">
            <granPeriod duration="PT3600S" endTime="2021-08-19T12:00:00+08:00"/>
            <repPeriod duration="PT3600S"/>
            <measTypes>1542455826 1542455827 1542455828 1542455829 1542455833 1542455834 1542455835 1542455836 1542455837 1542455838 1542455839 1542455840 1542455841 1542455842 1542455843 1542455844 1542455845 1542455846 1542455847 1542455848 </measTypes>
            <measValue measObjLdn="MML00G80HUNB001/OMCH:Standby Status=MASTER, Bearer Type=IPV4">
                <measResults>652 171 0 0 0 0 0 0 0 488 0 0 645 0 0 0 0 594 0 51 </measResults>
            </measValue>
        </measInfo>
        <measInfo measInfoId="1542455815">
            <granPeriod duration="PT3600S" endTime="2021-08-19T12:00:00+08:00"/>
            <repPeriod duration="PT3600S"/>
            <measTypes>1542460340 1542460341 1542460342 1542460343 1542460496 1542460497 1542460498 1542460499 1542460500 1542460501 1542460502 1542460503 1542460504 1542460505 1542460506 1542460507 1542460510 </measTypes>
            <measValue measObjLdn="MML00G80HUNB001/IKE:Board Type=UMPT, Cabinet No.=0, Subrack No.=0, Slot No.=7">
                <measResults>0 0 0 0 0 0 0 0 0 0 0 0 0 0 0 0 0 </measResults>
            </measValue>
        </measInfo>
        <measInfo measInfoId="1542455817">
            <granPeriod duration="PT3600S" endTime="2021-08-19T12:00:00+08:00"/>
            <repPeriod duration="PT3600S"/>
            <measTypes>1542460356 1542460357 1542460358 1542460359 1542460360 1542460361 1542460362 1542460363 1542460364 1542460365 1542460366 1542460367 1542460368 1542460369 1542460370 1542460371 1542460372 1542460373 1542460374 1542460375 1542460376 </measTypes>
            <measValue measObjLdn="MML00G80HUNB001/SCTPLNK:Link No.=31">
                <measResults>11990610 11626799 110560 163073 0 67064 2944 26647 76648 15992 25838 33607 130806 0 0 0 0 0 0 130810 33611 </measResults>
            </measValue>
            <measValue measObjLdn="MML00G80HUNB001/SCTPLNK:Link No.=32">
                <measResults>17740136 18996363 576264 717386 0 68048 15184 39422 68064 22952 42214 269824 534293 0 0 0 0 0 0 534293 269824 </measResults>
            </measValue>
        </measInfo>
        <measInfo measInfoId="1542455818">
            <granPeriod duration="PT3600S" endTime="2021-08-19T12:00:00+08:00"/>
            <repPeriod duration="PT3600S"/>
            <measTypes>1542455526 1542455527 1542455528 1542455529 1542455530 1542455531 1542455532 1542455533 1542455534 1542455535 </measTypes>
            <measValue measObjLdn="MML00G80HUNB001/USERPLANEHOST:User Plane Host ID=3">
                <measResults>15865597 17886280 1255741752 4311930963 6085800 2790494 26646888 9581880 NIL NIL </measResults>
            </measValue>
        </measInfo>
        <measInfo measInfoId="1593835529">
            <granPeriod duration="PT3600S" endTime="2021-08-19T12:00:00+08:00"/>
            <repPeriod duration="PT3600S"/>
            <measTypes>1593835620 1593835628 1593835629 </measTypes>
            <measValue measObjLdn="MML00G80HUNB001/NODE:NODE">
                <measResults>NIL 0.717 0 </measResults>
            </measValue>
        </measInfo>
        <measInfo measInfoId="1593835533">
            <granPeriod duration="PT3600S" endTime="2021-08-19T12:00:00+08:00"/>
            <repPeriod duration="PT3600S"/>
            <measTypes>1593835647 1593835648 1593835649 </measTypes>
            <measValue measObjLdn="MML00G80HUNB001/NODE:NODE">
                <measResults>32713 32703 32720 </measResults>
            </measValue>
        </measInfo>
        <measInfo measInfoId="1593835531">
            <granPeriod duration="PT3600S" endTime="2021-08-19T12:00:00+08:00"/>
            <repPeriod duration="PT3600S"/>
            <measTypes>1593835630 1593835632 1593835633 1593835634 </measTypes>
            <measValue measObjLdn="MML00G80HUNB001/BBUBoard:Board Type=UBBP, Cabinet No.=0, Subrack No.=0, Slot No.=1">
                <measResults>0 3 2 0 </measResults>
            </measValue>
            <measValue measObjLdn="MML00G80HUNB001/BBUBoard:Board Type=UBBP, Cabinet No.=0, Subrack No.=0, Slot No.=2">
                <measResults>0 4 3 0 </measResults>
            </measValue>
            <measValue measObjLdn="MML00G80HUNB001/BBUBoard:Board Type=UBBP, Cabinet No.=0, Subrack No.=0, Slot No.=3">
                <measResults>0 4 3 0 </measResults>
            </measValue>
            <measValue measObjLdn="MML00G80HUNB001/BBUBoard:Board Type=UMPT, Cabinet No.=0, Subrack No.=0, Slot No.=7">
                <measResults>0 6 1 0 </measResults>
            </measValue>
        </measInfo>
        <measInfo measInfoId="1593835535">
            <granPeriod duration="PT3600S" endTime="2021-08-19T12:00:00+08:00"/>
            <repPeriod duration="PT3600S"/>
            <measTypes>1593835652 1593835653 1593835654 1593835655 1593835656 1593835657 1593835658 1593835659 1593835660 1593835661 1593835662 1593835663 1593835664 1593835665 1593835666 1593835667 1593835668 1593835669 1593835670 1593835671 </measTypes>
            <measValue measObjLdn="MML00G80HUNB001/RADIOEQM:Cabinet No.=0, Subrack No.=60, Slot No.=0">
                <measResults>0 0 0 0 0 3600 3600 3600 0 0 NIL NIL NIL NIL NIL NIL NIL NIL NIL NIL </measResults>
            </measValue>
            <measValue measObjLdn="MML00G80HUNB001/RADIOEQM:Cabinet No.=0, Subrack No.=61, Slot No.=0">
                <measResults>0 0 0 5 0 0 0 0 0 0 NIL NIL NIL NIL NIL NIL NIL NIL NIL NIL </measResults>
            </measValue>
            <measValue measObjLdn="MML00G80HUNB001/RADIOEQM:Cabinet No.=0, Subrack No.=62, Slot No.=0">
                <measResults>0 0 0 0 0 0 0 0 0 0 NIL NIL NIL NIL NIL NIL NIL NIL NIL NIL </measResults>
            </measValue>
            <measValue measObjLdn="MML00G80HUNB001/RADIOEQM:Cabinet No.=0, Subrack No.=80, Slot No.=0">
                <measResults>NIL NIL NIL NIL NIL NIL NIL NIL NIL NIL 0 0 0 0 0 0 0 0 0 0 </measResults>
            </measValue>
            <measValue measObjLdn="MML00G80HUNB001/RADIOEQM:Cabinet No.=0, Subrack No.=81, Slot No.=0">
                <measResults>NIL NIL NIL NIL NIL NIL NIL NIL NIL NIL 0 0 0 0 0 0 0 0 0 0 </measResults>
            </measValue>
            <measValue measObjLdn="MML00G80HUNB001/RADIOEQM:Cabinet No.=0, Subrack No.=82, Slot No.=0">
                <measResults>NIL NIL NIL NIL NIL NIL NIL NIL NIL NIL 0 0 0 0 0 0 0 0 0 0 </measResults>
            </measValue>
        </measInfo>
        <measInfo measInfoId="1593835539">
            <granPeriod duration="PT3600S" endTime="2021-08-19T12:00:00+08:00"/>
            <repPeriod duration="PT3600S"/>
            <measTypes>1593835767 </measTypes>
            <measValue measObjLdn="MML00G80HUNB001/RADIOEQM:Cabinet No.=0, Subrack No.=60, Slot No.=0">
                <measResults>3600 </measResults>
            </measValue>
            <measValue measObjLdn="MML00G80HUNB001/RADIOEQM:Cabinet No.=0, Subrack No.=61, Slot No.=0">
                <measResults>3600 </measResults>
            </measValue>
            <measValue measObjLdn="MML00G80HUNB001/RADIOEQM:Cabinet No.=0, Subrack No.=62, Slot No.=0">
                <measResults>3600 </measResults>
            </measValue>
            <measValue measObjLdn="MML00G80HUNB001/RADIOEQM:Cabinet No.=0, Subrack No.=80, Slot No.=0">
                <measResults>3600 </measResults>
            </measValue>
            <measValue measObjLdn="MML00G80HUNB001/RADIOEQM:Cabinet No.=0, Subrack No.=81, Slot No.=0">
                <measResults>3600 </measResults>
            </measValue>
            <measValue measObjLdn="MML00G80HUNB001/RADIOEQM:Cabinet No.=0, Subrack No.=82, Slot No.=0">
                <measResults>3600 </measResults>
            </measValue>
        </measInfo>
        <measInfo measInfoId="1593835544">
            <granPeriod duration="PT3600S" endTime="2021-08-19T12:00:00+08:00"/>
            <repPeriod duration="PT3600S"/>
            <measTypes>1593835835 </measTypes>
            <measValue measObjLdn="MML00G80HUNB001/BU:Cabinet No.=0, Subrack No.=0">
                <measResults>0.20810387 </measResults>
            </measValue>
        </measInfo>
        <measInfo measInfoId="1593835545">
            <granPeriod duration="PT3600S" endTime="2021-08-19T12:00:00+08:00"/>
            <repPeriod duration="PT3600S"/>
            <measTypes>1593835836 </measTypes>
            <measValue measObjLdn="MML00G80HUNB001/BTSBoard:Cabinet No.=0, Subrack No.=60, Slot No.=0">
                <measResults>0.17734334 </measResults>
            </measValue>
            <measValue measObjLdn="MML00G80HUNB001/BTSBoard:Cabinet No.=0, Subrack No.=61, Slot No.=0">
                <measResults>0.15294084 </measResults>
            </measValue>
            <measValue measObjLdn="MML00G80HUNB001/BTSBoard:Cabinet No.=0, Subrack No.=62, Slot No.=0">
                <measResults>0.17080835 </measResults>
            </measValue>
            <measValue measObjLdn="MML00G80HUNB001/BTSBoard:Cabinet No.=0, Subrack No.=80, Slot No.=0">
                <measResults>0.22679166 </measResults>
            </measValue>
            <measValue measObjLdn="MML00G80HUNB001/BTSBoard:Cabinet No.=0, Subrack No.=81, Slot No.=0">
                <measResults>0.26257333 </measResults>
            </measValue>
            <measValue measObjLdn="MML00G80HUNB001/BTSBoard:Cabinet No.=0, Subrack No.=82, Slot No.=0">
                <measResults>0.23515166 </measResults>
            </measValue>
        </measInfo>
        <measInfo measInfoId="50331648">
            <granPeriod duration="PT3600S" endTime="2021-08-19T12:00:00+08:00"/>
            <repPeriod duration="PT3600S"/>
            <measTypes>50331654 50331655 50331656 50331657 50331658 50331659 50331660 50331661 50331662 50331663 50331664 50331665 50331666 50331667 50331668 50331669 50331670 50331671 50331672 50331673 50331674 50331675 50331676 50331677 50331678 50331679 50331680 50331681 50331682 50331683 50331684 50331685 50331686 50331687 50331688 50331689 50331690 50331691 50331692 50331693 50331694 50331695 50331696 50331697 50331698 50331699 50331709 50331710 50331711 50331712 50331713 50331714 50331717 50331718 50331719 50331720 50331721 50331722 50331723 50331724 50331745 50331746 50331754 50331755 50331756 50331757 50331758 50331759 50331760 50331761 50331762 50331763 50331764 50331765 50331766 50331767 50331768 50331769 50331770 50331771 50331772 50331773 50331774 50331775 50331776 50331777 50331778 50331779 50331780 50331781 50331782 50331783 50331784 50331785 50331786 50331787 50331788 50331789 50331790 50331791 50331792 50331793 50331794 50331795 50331796 50331797 50331798 50331799 50331800 50331801 50331802 50331803 50331804 50331805 50331806 50331807 50331808 50331809 50331810 50331811 50331812 50331813 50331814 50331815 50331816 50331817 50331818 50331819 50331820 50331821 50331838 50331839 50331840 50332168 50332169 50332170 50332173 50332174 50332215 50332216 50332217 50341648 50341649 50341650 50341651 50341652 50341653 50341654 50341655 50341656 50341657 50341658 50341659 50341668 50341669 50341670 50341671 50341672 50341675 50341676 50341677 50341678 50341679 50341680 50341685 50341686 50341687 50341688 50341689 50341690 50341691 50341692 50341693 50341694 50341695 50341696 50341697 50341698 50341699 50341700 50341701 50341702 50341703 50341704 50341705 50341706 50341707 50341708 50341709 50341710 50341711 50341712 50341713 50341714 50341715 50341716 50341717 50341722 50341739 50341740 </measTypes>
            <measValue measObjLdn="MML00G80HUNB001/ULoCell:NodeB Function Name=MML00G80HUNB001, Local Cell ID=10731, Cell Name=CORALU1">
                <measResults>687020 77123 65583 603783 76910 4289 1248 790 0 0 0 0 0 0 12034 3065 4911 3658 4158 6464 12380 12785 23203 27583 37675 43155 57549 69485 82703 123478 103439 135406 113675 157666 157748 151474 163560 150979 139063 150397 203038 182257 138855 65495 22774 12149 174229 806551 0 0 0 0 0 0 0 0 0 331729 323824 829782 1027965 6158707983 0 107164 17465 877 1551 42540 7063 45029 11419 4988 4957 17718 13872 24733 14147 18955 13745 23934 15998 24868 15744 20840 25059 20294 33777 26459 37014 44008 38947 31793 28878 94858 0 0 0 0 0 0 0 0 0 0 0 0 0 0 0 0 0 0 0 0 0 0 0 0 0 0 0 0 0 0 0 0 0 0 0 0 6157873405 724004 25455 0 0 0 0 0 0 0 0 115 362 15 253 998 5 115 279 253 614 1000 402 1695958 13120322 8827 1695958 4218801 8 54 1 183 758 1 0 9 0 3.116 12.976 12.27 13 0.063 13 136 11 0 0 0 0 0 0 NIL 742 793 652 0 0 0 0 0 0 0 0 0 0 0 0 22008 0 0 </measResults>
            </measValue>
            <measValue measObjLdn="MML00G80HUNB001/ULoCell:NodeB Function Name=MML00G80HUNB001, Local Cell ID=10732, Cell Name=CORALU2">
                <measResults>92351 10813 75812 77745 11687 1657 752 510 0 0 0 0 0 0 18186 12856 1862 1770 2893 3640 9105 10198 24014 26984 44056 41076 44640 42493 51931 76771 54686 85716 68868 85398 52109 39164 35054 24588 19707 17336 20206 13980 9076 4142 2446 2608 2157 156265 0 0 0 0 0 0 0 0 0 53507 123353 179017 254676 322145078 0 38724 16063 304 1352 3983 500 20366 8028 2211 2265 7490 7020 6399 3382 6039 4773 5849 3847 10293 2868 3265 2823 5444 9694 739 2379 656 480 415 335 1011 0 0 0 0 0 0 0 0 0 0 0 0 0 0 0 0 0 0 0 0 0 0 0 0 0 0 0 0 0 0 0 0 0 0 0 0 322000649 235233 82246 0 0 0 0 0 0 0 0 24 209 0 34 594 0 25 173 35 241 979 130 88497 1346182 0 90395 680746 2 31 0 26 453 0 0 1000 0 0.423 7.716 12.226 13.674 0 45 41 1 0 0 0 0 0 0 NIL 745 809 571 0 0 0 0 0 0 0 0 0 0 0 0 16867 0 0 </measResults>
            </measValue>
            <measValue measObjLdn="MML00G80HUNB001/ULoCell:NodeB Function Name=MML00G80HUNB001, Local Cell ID=10733, Cell Name=CORALU3">
                <measResults>110221 16145 81054 92567 15307 1538 480 329 0 0 0 0 0 0 21521 1100 740 895 1064 1425 2504 2317 3652 4250 6757 8854 13307 17916 21278 29083 21014 30205 30461 41923 40777 41825 42104 38693 34757 29616 37665 24464 10448 1941 821 1052 8778 202200 0 0 0 0 0 0 0 0 0 78130 120551 207459 223724 704238448 0 43904 8010 502 3923 3439 536 16815 3063 1900 1916 6187 4918 4849 3030 5303 4385 5859 4549 17640 4635 4701 6059 8527 14226 2618 6898 4948 4472 2845 2244 4207 0 0 0 0 0 0 0 0 0 0 0 0 0 0 0 0 0 0 0 0 0 0 0 0 0 0 0 0 0 0 0 0 0 0 0 0 704116142 208400 18590 0 0 0 0 0 0 0 0 28 215 0 51 524 0 30 235 54 420 948 115 193312 3292330 0 203916 1680974 2 31 0 41 441 0 0 22 0 0.671 6.81 13.107 14 0 10 40 0 0 0 0 0 0 0 NIL 793 833 637 0 0 0 0 0 0 0 0 0 0 0 0 18905 0 0 </measResults>
            </measValue>
            <measValue measObjLdn="MML00G80HUNB001/ULoCell:NodeB Function Name=MML00G80HUNB001, Local Cell ID=50731, Cell Name=CORALN4">
                <measResults>636670 102730 57001 530584 96590 6251 2267 978 0 0 0 0 0 0 10035 1563 1725 511 387 633 1173 1085 2202 3172 5967 9783 15738 24638 36741 53573 66310 87118 94707 111904 117017 117348 126821 123661 137962 135812 222266 247615 244946 147300 100100 134205 55171 786533 0 0 0 0 0 0 0 0 0 315132 426234 796537 1001398 5087676078 0 85870 10147 1546 1369 14014 2755 40473 3826 5667 6198 12997 16030 41330 22166 27686 30810 38184 40608 47910 44236 41021 31063 22783 26472 27848 31326 37704 17696 23099 12115 31197 0 0 0 0 0 0 0 0 0 0 0 0 0 0 0 0 0 0 0 0 0 0 0 0 0 0 0 0 0 0 0 0 0 0 0 0 5087095852 728752 14180 0 0 0 0 0 0 0 0 110 324 4 308 997 3 110 268 308 748 1000 404 1402456 8104011 5312 1402456 3471426 15 98 0 266 866 1 0 13 0 3.888 13.154 12.616 14 0.042 7 87 4 0 0 0 0 0 0 NIL 852 903 776 0 0 0 0 0 0 0 0 0 0 0 0 21604 0 0 </measResults>
            </measValue>
            <measValue measObjLdn="MML00G80HUNB001/ULoCell:NodeB Function Name=MML00G80HUNB001, Local Cell ID=50732, Cell Name=CORALN5">
                <measResults>272717 37086 51645 232735 33854 3365 1776 987 0 0 0 0 0 0 9503 2250 2205 948 968 1034 1987 2022 3780 4239 7578 9322 14058 19062 26121 40229 38166 56011 57025 80781 95036 106224 122951 114390 126199 131338 184067 186611 173103 154468 105822 45072 22236 355135 0 0 0 0 0 0 0 0 0 137732 201519 361487 416117 1675224763 0 67110 12336 1286 1363 5104 1963 33523 4748 4603 4466 8820 7914 14526 8231 10439 8453 10668 9640 12314 13209 18254 18329 13212 12436 9409 10243 10646 5018 6635 4125 12201 0 0 0 0 0 0 0 0 0 0 0 0 0 0 0 0 0 0 0 0 0 0 0 0 0 0 0 0 0 0 0 0 0 0 0 0 1674857919 347607 21397 0 0 0 0 0 0 0 0 50 294 1 105 998 0 50 250 105 532 998 193 461436 6225891 173 462361 2390860 10 124 0 92 817 0 0 10 0 1.329 12.154 12.57 13.914 0.006 11 61 3 0 0 0 0 0 0 NIL 857 899 713 0 0 0 0 0 0 0 0 0 0 0 0 22344 0 0 </measResults>
            </measValue>
            <measValue measObjLdn="MML00G80HUNB001/ULoCell:NodeB Function Name=MML00G80HUNB001, Local Cell ID=50733, Cell Name=CORALN6">
                <measResults>500339 70553 81764 415688 72482 8057 2769 1343 0 0 0 0 0 0 12096 1002 2326 639 675 689 1091 1259 2475 3807 7110 11562 17213 24096 31716 42866 46249 60387 63879 81572 89272 95976 110317 110932 119540 110855 170552 174838 190322 116328 97606 121032 103510 649186 0 0 0 0 0 0 0 0 0 236079 313156 652745 794384 4009873021 0 68076 8413 1821 1821 6213 3756 32124 7601 7549 9783 19659 21884 36927 25244 25973 17849 18594 14066 16127 17912 21195 25810 22559 29897 18399 20519 26373 19991 33265 21516 51425 0 0 0 0 0 0 0 0 0 0 0 0 0 0 0 0 0 0 0 0 0 0 0 0 0 0 0 0 0 0 0 0 0 0 0 0 4009432533 607680 15415 0 0 0 0 0 0 0 0 90 289 3 214 1000 1 90 264 214 622 1000 337 1103605 9400222 1890 1103605 3274792 17 124 1 194 868 0 0 3 0 2.744 12.994 12.82 14 0.013 8 78 3 0 0 0 0 0 0 NIL 864 903 785 0 0 0 0 0 0 0 0 0 0 0 0 23813 0 0 </measResults>
            </measValue>
            <measValue measObjLdn="MML00G80HUNB001/ULoCell:NodeB Function Name=MML00G80HUNB001, Local Cell ID=60731, Cell Name=CORALN1">
                <measResults>623552 76417 53199 541565 73414 5579 2105 889 0 0 0 0 0 0 8126 4681 2336 3898 5225 7895 15858 19425 34053 46076 70479 89536 111001 121894 130577 154796 136919 145703 143766 161596 175008 151424 166585 146852 156327 139220 190706 172169 119908 34246 14807 8485 79883 731525 0 0 0 0 0 0 0 0 0 293032 380302 753217 865009 3943233389 0 111956 16955 948 1153 10864 3922 46597 15802 5545 5300 15679 18921 24583 24705 38010 27710 36234 29364 32503 24284 23099 27051 19373 38291 19313 23826 24823 19391 15160 14112 37432 0 0 0 0 0 0 0 0 0 0 0 0 0 0 0 0 0 0 0 0 0 0 0 0 0 0 0 0 0 0 0 0 0 0 0 0 3942288901 663767 21821 0 0 0 0 0 0 0 0 104 332 10 232 995 4 104 275 232 614 1000 368 1084972 5587291 4950 1084972 2948293 13 103 1 187 815 1 0 7 0 2.779 11.798 11.94 13 0.048 11 119 10 0 0 0 0 0 0 NIL 838 895 737 0 0 0 0 0 0 0 0 0 0 0 0 18560 0 0 </measResults>
            </measValue>
            <measValue measObjLdn="MML00G80HUNB001/ULoCell:NodeB Function Name=MML00G80HUNB001, Local Cell ID=60732, Cell Name=CORALN2">
                <measResults>316709 52106 67768 259666 48530 5417 2138 958 0 0 0 0 0 0 11503 4478 3415 5232 4613 5964 10111 9861 18480 25607 41060 50675 68050 78297 85323 113101 93027 114705 108679 125013 131567 118740 129816 119864 132798 125587 183200 137908 70437 31134 12979 4090 29700 408881 0 0 0 0 0 0 0 0 0 185248 221697 436645 473620 1869591434 0 73856 19326 745 930 6678 1307 40116 9195 4709 4309 10140 11155 12323 7533 14395 11445 18486 13311 15851 16971 19173 20186 13460 18786 9995 11891 13211 8636 7342 5727 15427 0 0 0 0 0 0 0 0 0 0 0 0 0 0 0 0 0 0 0 0 0 0 0 0 0 0 0 0 0 0 0 0 0 0 0 0 1869251451 404007 21046 0 0 0 0 0 0 0 0 60 276 1 123 980 0 60 255 123 520 1000 224 514741 7372938 170 514741 2297951 10 99 0 97 766 0 0 1 0 1.446 11.12 11.73 13 0.004 11 75 4 0 0 0 0 0 0 NIL 834 882 668 0 0 0 0 0 0 0 0 0 0 0 0 17914 0 0 </measResults>
            </measValue>
            <measValue measObjLdn="MML00G80HUNB001/ULoCell:NodeB Function Name=MML00G80HUNB001, Local Cell ID=60733, Cell Name=CORALN3">
                <measResults>473883 77536 49485 391729 72681 5719 2697 1057 0 0 0 0 0 0 7146 6572 12845 6520 7145 15132 24849 28049 41412 46933 67738 71274 84019 94416 100241 125854 114159 129214 119437 126230 116032 93250 90993 77287 72776 61423 88519 69592 48419 13649 4987 3480 53713 595211 0 0 0 0 0 0 0 0 0 232359 314861 600933 799067 4046560075 0 62145 8944 471 982 3080 2966 29383 4894 3782 4746 9576 8674 12007 7955 13270 15557 29867 45539 68893 41052 22270 21399 16522 23126 19838 22195 22066 18598 15028 15363 30462 0 0 0 0 0 0 0 0 0 0 0 0 0 0 0 0 0 0 0 0 0 0 0 0 0 0 0 0 0 0 0 0 0 0 0 0 4045998846 580314 29475 0 0 0 0 0 0 0 0 83 297 2 242 998 1 83 251 242 732 999 322 1115732 7087810 437 1116849 3465006 12 87 0 201 860 0 0 4 0 3.055 12.955 12.602 14 0.009 16 65 3 0 0 0 0 0 0 NIL 856 906 717 0 0 0 0 0 0 0 0 0 0 0 0 15862 0 0 </measResults>
            </measValue>
        </measInfo>
        <measInfo measInfoId="50331650">
            <granPeriod duration="PT3600S" endTime="2021-08-19T12:00:00+08:00"/>
            <repPeriod duration="PT3600S"/>
            <measTypes>50332548 50332549 50332550 50332554 50342548 50342549 50342550 50342554 50342612 50342613 50342615 50342616 </measTypes>
            <measValue measObjLdn="MML00G80HUNB001/ULoCell:NodeB Function Name=MML00G80HUNB001, Local Cell ID=10731, Cell Name=CORALU1">
                <measResults>0 0 30.297 13.137 0 0 62 24 0 0 0 0 </measResults>
            </measValue>
            <measValue measObjLdn="MML00G80HUNB001/ULoCell:NodeB Function Name=MML00G80HUNB001, Local Cell ID=10732, Cell Name=CORALU2">
                <measResults>0 0 16.217 9.61 0 0 29 16 0 0 0 0 </measResults>
            </measValue>
            <measValue measObjLdn="MML00G80HUNB001/ULoCell:NodeB Function Name=MML00G80HUNB001, Local Cell ID=10733, Cell Name=CORALU3">
                <measResults>0 0 9.627 4.826 0 0 24 11 0 0 0 0 </measResults>
            </measValue>
            <measValue measObjLdn="MML00G80HUNB001/ULoCell:NodeB Function Name=MML00G80HUNB001, Local Cell ID=50731, Cell Name=CORALN4">
                <measResults>0 0 23.537 9.881 0 0 37 17 0 0 0 0 </measResults>
            </measValue>
            <measValue measObjLdn="MML00G80HUNB001/ULoCell:NodeB Function Name=MML00G80HUNB001, Local Cell ID=50732, Cell Name=CORALN5">
                <measResults>0 0 20.315 8.865 0 0 40 23 0 0 0 0 </measResults>
            </measValue>
            <measValue measObjLdn="MML00G80HUNB001/ULoCell:NodeB Function Name=MML00G80HUNB001, Local Cell ID=50733, Cell Name=CORALN6">
                <measResults>0 0 20.393 8.807 0 0 36.5 18 0 0 0 0 </measResults>
            </measValue>
            <measValue measObjLdn="MML00G80HUNB001/ULoCell:NodeB Function Name=MML00G80HUNB001, Local Cell ID=60731, Cell Name=CORALN1">
                <measResults>0 0 33.132 13.892 0 0 52.5 26 0 0 0 0 </measResults>
            </measValue>
            <measValue measObjLdn="MML00G80HUNB001/ULoCell:NodeB Function Name=MML00G80HUNB001, Local Cell ID=60732, Cell Name=CORALN2">
                <measResults>0 0 24.931 12.511 0 0 43.5 24 0 0 0 0 </measResults>
            </measValue>
            <measValue measObjLdn="MML00G80HUNB001/ULoCell:NodeB Function Name=MML00G80HUNB001, Local Cell ID=60733, Cell Name=CORALN3">
                <measResults>0 0 20.519 9.587 0 0 38 19 0 0 0 0 </measResults>
            </measValue>
        </measInfo>
        <measInfo measInfoId="50331651">
            <granPeriod duration="PT3600S" endTime="2021-08-19T12:00:00+08:00"/>
            <repPeriod duration="PT3600S"/>
            <measTypes>50331850 50331851 50331852 50331853 50331854 50331855 50331856 50331857 50331858 50331859 50331860 50331861 50331862 50331863 50331864 50331865 50331866 50331867 50331868 50331869 50331870 50331871 50331872 50331873 50331874 50331875 50331876 50331877 50331878 50331879 50331885 50331886 50331887 50331888 50331889 50331892 50331903 50331904 50331908 50331925 50331926 50331927 50331928 50331929 50331930 50331931 50331957 50331958 50331959 50331961 50331962 50331963 50331964 50331965 50331966 50331967 50331971 50331972 50331973 50331974 50331987 50331988 50331989 50331990 50331991 50331992 50331993 50331995 50332378 50332379 50332380 50332385 50332386 50332387 50332498 50332499 50332500 50332501 50332503 50332507 50332623 50332638 50341849 50341850 50341851 50341852 50341853 50341854 50341855 50341856 50341857 50341858 50341859 50341864 50341865 50341866 50341868 50341869 50341870 50341871 50341872 50341873 50341874 50341875 50341876 50341877 50341878 50341879 50341880 50341881 50341882 50341883 50341884 50341885 50341886 50341887 50341888 50341889 50341890 50341891 50341892 50341893 50341894 50341895 50341896 50341897 50341898 50341980 50341981 50341982 50341983 50341984 50341985 50341986 50341994 50361698 50361699 50361701 </measTypes>
            <measValue measObjLdn="MML00G80HUNB001/ULoCell:NodeB Function Name=MML00G80HUNB001, Local Cell ID=10731, Cell Name=CORALU1">
                <measResults>0 0 31 6760 143552 451760 488315 366434 235834 67174 21754 8727 4108 1934 1340 896 563 336 151 62 67 18 14 10 4 165 903 1585242 1800009 1617001 1437659 288293 11419554 1348088 268190 4 472 740 1354935 1184634 23440 9006 1821 1273 138 0 0 162 128 2912746 60127 25711 5582 3939 206 0 41832 38551 26638 880672 4941 18634 32576 176955 238517 149962 65300 995168 1061799 899708 286596 1.058 652739 447383 0 0 NIL NIL 0 0.738 0 0 103 2.153 5.324 0.109 0.323 9 0 0 0 50 0 206 169 0 NIL NIL 2.804 0.272 0.018 0.008 0.002 0.001 957671.438 67122.977 36787.32 4048.038 1536.468 41.958 0 1143639.25 4.751 0.277 0.119 0.066 0.102 0.027 0.013 0.007 1.948 0 0 77 NIL NIL 280 2031.926 9120.908 14372.376 92790.195 163632 111005.195 87628.688 179076.297 0 NIL 0 </measResults>
            </measValue>
            <measValue measObjLdn="MML00G80HUNB001/ULoCell:NodeB Function Name=MML00G80HUNB001, Local Cell ID=10732, Cell Name=CORALU2">
                <measResults>0 0 0 0 0 0 0 0 0 0 0 0 0 0 0 45 29876 373150 785951 538251 67986 3425 698 331 62 234 1780106 1307802 1795897 1535169 659917 225205 6248554 486135 173052 8 416 818 668809 1535131 1535131 1535131 1535131 1535131 1533395 0 265 15 246 2991871 2991871 2991871 2991871 2991871 2988129 0 77763 55828 19064 99340 3238 11266 25085 125825 188830 83272 20646 964339 61818 14667 162745 0.8 5017 62527 0 0 NIL NIL 0 0.668 0 0 141 1.662 5.438 0.047 0.195 18 13 0 0 82 0 221 101 1000 NIL NIL 0.691 0.003 0 0 0 0 135504.328 135504.328 135504.328 135504.328 135504.328 135365.203 0 135504.328 4.311 0.089 0.005 0.002 0.004 0.001 0 0 0.633 0 392 2 NIL NIL 623 297.81 946.62 1998.882 9934.92 15035.328 7275.09 2853.732 39520.5 0 NIL 0 </measResults>
            </measValue>
            <measValue measObjLdn="MML00G80HUNB001/ULoCell:NodeB Function Name=MML00G80HUNB001, Local Cell ID=10733, Cell Name=CORALU3">
                <measResults>0 0 0 0 0 0 0 0 0 0 0 0 0 0 907 140979 737206 728182 185385 5013 1553 397 164 84 11 128 1013144 1329094 1765001 1306697 690972 88046 3869804 587246 59871 1 270 977 755977 1306657 1306657 1306657 1306657 1306657 793817 0 637 21 614 2086379 2086379 2086379 2086379 2086379 1354591 0 4699 10322 22444 359280 2682 5580 14536 98966 213435 233157 45494 593114 130189 90533 164621 0.788 42054 96444 0 0 NIL NIL 0 0.56 0 0 223 1.159 4.747 0.051 0.263 21 21 0 0 46 0 221 56 1000 NIL NIL 0.705 0.02 0.001 0 0 0 179417.375 179417.375 179417.375 179417.375 179417.375 106183.422 0 179417.375 2.415 0.106 0.024 0.011 0.015 0.002 0 0 0.533 0 432 10 NIL NIL 368 603.054 869.016 2234.802 12797.008 31216.955 45771.914 10999.63 44332.824 0 NIL 0 </measResults>
            </measValue>
            <measValue measObjLdn="MML00G80HUNB001/ULoCell:NodeB Function Name=MML00G80HUNB001, Local Cell ID=50731, Cell Name=CORALN4">
                <measResults>0 0 0 0 0 0 0 0 0 9115 664741 948175 102020 26853 19450 16537 7916 2769 822 483 368 173 106 75 18 379 5701 1635645 1800000 1572234 999428 177805 11687436 827431 120277 9 386 645 1210685 1572225 1569999 1207718 14852 5503 1050 0 5 140 108 3537842 3534037 2851907 39844 12307 2493 0 17726 27233 23129 356688 320 608 3629 52357 134380 179525 164379 925017 544191 264655 310135 0.806 162092 401416 0 0 NIL NIL 0 0.642 0 0 107 1.965 7.458 0.084 0.208 7 1 0 0 51 0 191 133 1 NIL NIL 2.31 0.081 0.001 0 0 0 668446.188 668098.938 560000.063 15187.518 2628.564 259.806 0 668446.188 5.233 0.386 0.179 0.093 0.105 0.02 0.005 0 1.907 0 19 64 NIL NIL 448 104.58 219.264 1012.518 20459.389 39478.051 55938.293 67423.297 159428.141 0 NIL 0 </measResults>
            </measValue>
            <measValue measObjLdn="MML00G80HUNB001/ULoCell:NodeB Function Name=MML00G80HUNB001, Local Cell ID=50732, Cell Name=CORALN5">
                <measResults>0 0 0 0 0 0 0 0 7295 608939 925935 195117 39897 11332 5456 2963 1445 690 325 164 156 71 32 24 7 151 1715 1230548 1799767 1609852 1176420 273313 9082512 946594 194390 7 497 741 928865 1609851 1218788 221737 5293 1881 50 0 0 92 71 4111482 3303945 648265 13619 3994 30 0 331620 76229 38424 111724 1280 1712 4219 49238 151083 178239 198825 1856140 279102 145689 220799 1.042 80499 210722 0 0 NIL NIL 0 0.772 0 0 93 2.284 6.941 0.061 0.163 32 0 0 0 40 0 232 150 0 NIL NIL 1.683 0.075 0.001 0 0 0 468810.75 392001.5 103131.023 2565.18 624.192 0.408 0 468810.75 4.999 0.298 0.105 0.052 0.063 0.009 0.003 0 1.429 0 3 40 NIL NIL 804 337.584 710.082 1460.694 10764.726 30128.441 41573.59 55366.633 131681.5 0 NIL 0 </measResults>
            </measValue>
            <measValue measObjLdn="MML00G80HUNB001/ULoCell:NodeB Function Name=MML00G80HUNB001, Local Cell ID=50733, Cell Name=CORALN6">
                <measResults>0 0 7 667 5402 26116 79243 152274 394198 272319 148337 106105 92033 84658 82677 94254 110008 116807 17454 5300 3808 1766 997 794 160 4616 164613 1966421 1800000 1509116 959503 231549 10075621 872855 194776 20 352 741 1062789 1500049 764704 561015 362955 300656 68383 0 280 85 338 2958016 1456639 1026100 637096 524316 126976 0 123252 62925 46578 365966 778 995 3328 32608 117827 165894 203086 823418 433898 353530 220514 0.88 214954 237908 0 0 NIL NIL 0 0.606 0 0 150 1.652 4.133 0.067 0.204 14 3 0 0 90 0 173 127 99 NIL NIL 1.783 0.138 0.002 0 0 0 514628.281 248831.656 168804.391 93609.797 73007.867 15715.608 0 516190.813 4.829 0.227 0.101 0.052 0.065 0.01 0.002 0 1.431 0 43 33 NIL NIL 453 175.452 264.924 748.62 8078.208 26151.049 44351.152 96721.734 79402.789 0 NIL 0 </measResults>
            </measValue>
            <measValue measObjLdn="MML00G80HUNB001/ULoCell:NodeB Function Name=MML00G80HUNB001, Local Cell ID=60731, Cell Name=CORALN1">
                <measResults>0 0 0 0 0 0 0 0 0 2758 371889 1022749 295935 53530 21157 15053 6387 2097 942 628 711 464 536 3455 290 1419 10936 1965325 1800000 1745458 1705071 383822 14555794 1351867 254668 13 446 763 1463039 1745458 1745406 1534945 45741 13159 5838 4950 17 120 111 6112534 6112526 5578698 213582 58494 28559 24917 150344 61078 78515 409710 4435 28555 100921 323521 255959 281941 82688 2076455 802471 435160 436293 1.604 263237 567887 0 0 NIL NIL 0 1.23 0 0 95 3.396 8.347 0.096 0.224 13 1 0 0 58 0 269 185 3 NIL NIL 2.803 0.166 0.003 0.001 0 0 1015041.313 1015040.813 943779.75 53143.016 14091.626 1606.122 1393.284 1015041.313 7.346 0.547 0.234 0.128 0.19 0.024 0.003 0 2.162 0 28 63 NIL NIL 549 1102.938 6822.978 24775.938 87770.156 81797.383 124605.141 46427.773 248367.266 0 NIL 0 </measResults>
            </measValue>
            <measValue measObjLdn="MML00G80HUNB001/ULoCell:NodeB Function Name=MML00G80HUNB001, Local Cell ID=60732, Cell Name=CORALN2">
                <measResults>0 0 0 0 0 0 0 0 0 0 0 0 0 5245 427444 800385 369971 146354 31178 11054 4729 1459 679 428 70 1004 222678 3578941 1800000 1759557 1594259 742175 10418076 1206745 596343 10 490 804 1110736 1759557 1759557 1759557 1759557 1758957 144361 0 243 112 282 6335857 6335857 6335857 6335857 6334168 522377 0 233308 212943 14902 278384 6599 17576 56080 292914 286873 242593 83354 2229579 313347 237072 291429 1.854 104782 225900 0 0 NIL NIL 0 1.344 0 0 213 3.519 7.664 0.086 0.267 23 7 0 0 90 0 276 206 985 NIL NIL 2.1 0.074 0.001 0 0 0 556651.125 556651.125 556651.125 556651.125 556552.188 29932.561 0 556651.125 6.378 0.393 0.161 0.072 0.077 0.007 0 0 1.766 0 128 8 NIL NIL 714 1605.612 3448.254 10513.378 55857.938 49915.531 45944.047 17815.822 153479.016 0 NIL 0 </measResults>
            </measValue>
            <measValue measObjLdn="MML00G80HUNB001/ULoCell:NodeB Function Name=MML00G80HUNB001, Local Cell ID=60733, Cell Name=CORALN3">
                <measResults>0 0 0 0 0 0 0 0 0 29 22698 385477 680043 311953 304765 65291 16013 5347 3122 2284 1665 544 200 124 25 421 14579 1623348 1800001 1483444 906647 207041 9727796 688123 152326 8 536 808 919938 1483443 1483443 1477918 615785 312490 2337 0 9 121 113 3338018 3338018 3328002 1550078 844051 5051 0 21865 14584 12644 327740 4077 16059 30880 102891 129445 90404 30515 843845 354370 288016 198327 0.728 158236 212677 0 0 NIL NIL 0 0.566 0 0 124 1.854 6.432 0.05 0.155 8 2 0 0 43 0 213 126 3 NIL NIL 1.962 0.097 0.002 0 0 0 510787 510787 509719.219 240032.172 121165.078 541.866 0 510787 4.625 0.294 0.111 0.047 0.059 0.01 0.002 0 1.547 0 39 39 NIL NIL 360 1228.428 4544.208 8141.166 26648.979 39693.574 33404.816 15463.652 59255.996 0 NIL 0 </measResults>
            </measValue>
        </measInfo>
        <measInfo measInfoId="50331653">
            <granPeriod duration="PT3600S" endTime="2021-08-19T12:00:00+08:00"/>
            <repPeriod duration="PT3600S"/>
            <measTypes>50331748 50331749 50331750 50331751 50331752 50331753 50361697 </measTypes>
            <measValue measObjLdn="MML00G80HUNB001/ULoCell:NodeB Function Name=MML00G80HUNB001, Local Cell ID=10731, Cell Name=CORALU1">
                <measResults>0.903 0.675 0.903 0.508 0 0 0.225 </measResults>
            </measValue>
            <measValue measObjLdn="MML00G80HUNB001/ULoCell:NodeB Function Name=MML00G80HUNB001, Local Cell ID=10732, Cell Name=CORALU2">
                <measResults>0.164 0.115 0.164 0.114 0 0 0.019 </measResults>
            </measValue>
            <measValue measObjLdn="MML00G80HUNB001/ULoCell:NodeB Function Name=MML00G80HUNB001, Local Cell ID=10733, Cell Name=CORALU3">
                <measResults>0.278 0.242 0.278 0.201 0 0 0.017 </measResults>
            </measValue>
            <measValue measObjLdn="MML00G80HUNB001/ULoCell:NodeB Function Name=MML00G80HUNB001, Local Cell ID=50731, Cell Name=CORALN4">
                <measResults>0.921 0.761 0.921 0.699 0 0 0.399 </measResults>
            </measValue>
            <measValue measObjLdn="MML00G80HUNB001/ULoCell:NodeB Function Name=MML00G80HUNB001, Local Cell ID=50732, Cell Name=CORALN5">
                <measResults>0.475 0.39 0.475 0.372 0 0 0.363 </measResults>
            </measValue>
            <measValue measObjLdn="MML00G80HUNB001/ULoCell:NodeB Function Name=MML00G80HUNB001, Local Cell ID=50733, Cell Name=CORALN6">
                <measResults>0.671 0.582 0.671 0.51 0 0 0.104 </measResults>
            </measValue>
            <measValue measObjLdn="MML00G80HUNB001/ULoCell:NodeB Function Name=MML00G80HUNB001, Local Cell ID=60731, Cell Name=CORALN1">
                <measResults>1.158 0.951 1.158 0.887 0 0 0.368 </measResults>
            </measValue>
            <measValue measObjLdn="MML00G80HUNB001/ULoCell:NodeB Function Name=MML00G80HUNB001, Local Cell ID=60732, Cell Name=CORALN2">
                <measResults>0.546 0.468 0.546 0.464 0 0 0.043 </measResults>
            </measValue>
            <measValue measObjLdn="MML00G80HUNB001/ULoCell:NodeB Function Name=MML00G80HUNB001, Local Cell ID=60733, Cell Name=CORALN3">
                <measResults>0.581 0.517 0.581 0.467 0 0 0.444 </measResults>
            </measValue>
        </measInfo>
        <measInfo measInfoId="50331658">
            <granPeriod duration="PT3600S" endTime="2021-08-19T12:00:00+08:00"/>
            <repPeriod duration="PT3600S"/>
            <measTypes>50332250 50332251 50332410 50332411 </measTypes>
            <measValue measObjLdn="MML00G80HUNB001/ULoCell:NodeB Function Name=MML00G80HUNB001, Local Cell ID=10731, Cell Name=CORALU1">
                <measResults>0 0 0 0 </measResults>
            </measValue>
            <measValue measObjLdn="MML00G80HUNB001/ULoCell:NodeB Function Name=MML00G80HUNB001, Local Cell ID=10732, Cell Name=CORALU2">
                <measResults>0 0 0 0 </measResults>
            </measValue>
            <measValue measObjLdn="MML00G80HUNB001/ULoCell:NodeB Function Name=MML00G80HUNB001, Local Cell ID=10733, Cell Name=CORALU3">
                <measResults>0 0 0 0 </measResults>
            </measValue>
            <measValue measObjLdn="MML00G80HUNB001/ULoCell:NodeB Function Name=MML00G80HUNB001, Local Cell ID=50731, Cell Name=CORALN4">
                <measResults>0 0 0 0 </measResults>
            </measValue>
            <measValue measObjLdn="MML00G80HUNB001/ULoCell:NodeB Function Name=MML00G80HUNB001, Local Cell ID=50732, Cell Name=CORALN5">
                <measResults>0 0 0 0 </measResults>
            </measValue>
            <measValue measObjLdn="MML00G80HUNB001/ULoCell:NodeB Function Name=MML00G80HUNB001, Local Cell ID=50733, Cell Name=CORALN6">
                <measResults>0 0 0 0 </measResults>
            </measValue>
            <measValue measObjLdn="MML00G80HUNB001/ULoCell:NodeB Function Name=MML00G80HUNB001, Local Cell ID=60731, Cell Name=CORALN1">
                <measResults>0 0 0 0 </measResults>
            </measValue>
            <measValue measObjLdn="MML00G80HUNB001/ULoCell:NodeB Function Name=MML00G80HUNB001, Local Cell ID=60732, Cell Name=CORALN2">
                <measResults>0 0 0 0 </measResults>
            </measValue>
            <measValue measObjLdn="MML00G80HUNB001/ULoCell:NodeB Function Name=MML00G80HUNB001, Local Cell ID=60733, Cell Name=CORALN3">
                <measResults>0 0 0 0 </measResults>
            </measValue>
        </measInfo>
        <measInfo measInfoId="50331660">
            <granPeriod duration="PT3600S" endTime="2021-08-19T12:00:00+08:00"/>
            <repPeriod duration="PT3600S"/>
            <measTypes>50361670 50361671 50361672 50361673 </measTypes>
            <measValue measObjLdn="MML00G80HUNB001/ULoCell:NodeB Function Name=MML00G80HUNB001, Local Cell ID=10731, Cell Name=CORALU1">
                <measResults>0 0 0 0 </measResults>
            </measValue>
            <measValue measObjLdn="MML00G80HUNB001/ULoCell:NodeB Function Name=MML00G80HUNB001, Local Cell ID=10732, Cell Name=CORALU2">
                <measResults>0 0 0 0 </measResults>
            </measValue>
            <measValue measObjLdn="MML00G80HUNB001/ULoCell:NodeB Function Name=MML00G80HUNB001, Local Cell ID=10733, Cell Name=CORALU3">
                <measResults>0 0 0 0 </measResults>
            </measValue>
            <measValue measObjLdn="MML00G80HUNB001/ULoCell:NodeB Function Name=MML00G80HUNB001, Local Cell ID=50731, Cell Name=CORALN4">
                <measResults>0 0 0 0 </measResults>
            </measValue>
            <measValue measObjLdn="MML00G80HUNB001/ULoCell:NodeB Function Name=MML00G80HUNB001, Local Cell ID=50732, Cell Name=CORALN5">
                <measResults>0 0 0 0 </measResults>
            </measValue>
            <measValue measObjLdn="MML00G80HUNB001/ULoCell:NodeB Function Name=MML00G80HUNB001, Local Cell ID=50733, Cell Name=CORALN6">
                <measResults>0 0 0 0 </measResults>
            </measValue>
            <measValue measObjLdn="MML00G80HUNB001/ULoCell:NodeB Function Name=MML00G80HUNB001, Local Cell ID=60731, Cell Name=CORALN1">
                <measResults>0 0 0 0 </measResults>
            </measValue>
            <measValue measObjLdn="MML00G80HUNB001/ULoCell:NodeB Function Name=MML00G80HUNB001, Local Cell ID=60732, Cell Name=CORALN2">
                <measResults>0 0 0 0 </measResults>
            </measValue>
            <measValue measObjLdn="MML00G80HUNB001/ULoCell:NodeB Function Name=MML00G80HUNB001, Local Cell ID=60733, Cell Name=CORALN3">
                <measResults>0 0 0 0 </measResults>
            </measValue>
        </measInfo>
        <measInfo measInfoId="50331661">
            <granPeriod duration="PT3600S" endTime="2021-08-19T12:00:00+08:00"/>
            <repPeriod duration="PT3600S"/>
            <measTypes>50332048 50332049 50332050 50332051 </measTypes>
            <measValue measObjLdn="MML00G80HUNB001/ULoCell:NodeB Function Name=MML00G80HUNB001, Local Cell ID=10731, Cell Name=CORALU1">
                <measResults>56218 0 175174 0 </measResults>
            </measValue>
            <measValue measObjLdn="MML00G80HUNB001/ULoCell:NodeB Function Name=MML00G80HUNB001, Local Cell ID=10732, Cell Name=CORALU2">
                <measResults>23930 0 172654 0 </measResults>
            </measValue>
            <measValue measObjLdn="MML00G80HUNB001/ULoCell:NodeB Function Name=MML00G80HUNB001, Local Cell ID=10733, Cell Name=CORALU3">
                <measResults>10485 0 172427 0 </measResults>
            </measValue>
            <measValue measObjLdn="MML00G80HUNB001/ULoCell:NodeB Function Name=MML00G80HUNB001, Local Cell ID=50731, Cell Name=CORALN4">
                <measResults>52100 0 175084 0 </measResults>
            </measValue>
            <measValue measObjLdn="MML00G80HUNB001/ULoCell:NodeB Function Name=MML00G80HUNB001, Local Cell ID=50732, Cell Name=CORALN5">
                <measResults>47571 0 173938 0 </measResults>
            </measValue>
            <measValue measObjLdn="MML00G80HUNB001/ULoCell:NodeB Function Name=MML00G80HUNB001, Local Cell ID=50733, Cell Name=CORALN6">
                <measResults>46588 0 173702 0 </measResults>
            </measValue>
            <measValue measObjLdn="MML00G80HUNB001/ULoCell:NodeB Function Name=MML00G80HUNB001, Local Cell ID=60731, Cell Name=CORALN1">
                <measResults>60506 0 174673 0 </measResults>
            </measValue>
            <measValue measObjLdn="MML00G80HUNB001/ULoCell:NodeB Function Name=MML00G80HUNB001, Local Cell ID=60732, Cell Name=CORALN2">
                <measResults>60697 0 173251 0 </measResults>
            </measValue>
            <measValue measObjLdn="MML00G80HUNB001/ULoCell:NodeB Function Name=MML00G80HUNB001, Local Cell ID=60733, Cell Name=CORALN3">
                <measResults>42534 0 174028 0 </measResults>
            </measValue>
        </measInfo>
        <measInfo measInfoId="50331662">
            <granPeriod duration="PT3600S" endTime="2021-08-19T12:00:00+08:00"/>
            <repPeriod duration="PT3600S"/>
            <measTypes>50332052 50332053 50332054 50332070 50332505 </measTypes>
            <measValue measObjLdn="MML00G80HUNB001/ULoCell:NodeB Function Name=MML00G80HUNB001, Local Cell ID=10731, Cell Name=CORALU1">
                <measResults>52 131 737212 0 0 </measResults>
            </measValue>
            <measValue measObjLdn="MML00G80HUNB001/ULoCell:NodeB Function Name=MML00G80HUNB001, Local Cell ID=10732, Cell Name=CORALU2">
                <measResults>5 90 878060 0 0 </measResults>
            </measValue>
            <measValue measObjLdn="MML00G80HUNB001/ULoCell:NodeB Function Name=MML00G80HUNB001, Local Cell ID=10733, Cell Name=CORALU3">
                <measResults>0 29 458586 0 0 </measResults>
            </measValue>
            <measValue measObjLdn="MML00G80HUNB001/ULoCell:NodeB Function Name=MML00G80HUNB001, Local Cell ID=50731, Cell Name=CORALN4">
                <measResults>18 94 555826 0 0 </measResults>
            </measValue>
            <measValue measObjLdn="MML00G80HUNB001/ULoCell:NodeB Function Name=MML00G80HUNB001, Local Cell ID=50732, Cell Name=CORALN5">
                <measResults>257 108 522031 0 0 </measResults>
            </measValue>
            <measValue measObjLdn="MML00G80HUNB001/ULoCell:NodeB Function Name=MML00G80HUNB001, Local Cell ID=50733, Cell Name=CORALN6">
                <measResults>1 86 407921 0 0 </measResults>
            </measValue>
            <measValue measObjLdn="MML00G80HUNB001/ULoCell:NodeB Function Name=MML00G80HUNB001, Local Cell ID=60731, Cell Name=CORALN1">
                <measResults>8 136 902193 0 0 </measResults>
            </measValue>
            <measValue measObjLdn="MML00G80HUNB001/ULoCell:NodeB Function Name=MML00G80HUNB001, Local Cell ID=60732, Cell Name=CORALN2">
                <measResults>55 98 1111628 0 0 </measResults>
            </measValue>
            <measValue measObjLdn="MML00G80HUNB001/ULoCell:NodeB Function Name=MML00G80HUNB001, Local Cell ID=60733, Cell Name=CORALN3">
                <measResults>2 91 588107 0 0 </measResults>
            </measValue>
        </measInfo>
        <measInfo measInfoId="50331663">
            <granPeriod duration="PT3600S" endTime="2021-08-19T12:00:00+08:00"/>
            <repPeriod duration="PT3600S"/>
            <measTypes>50331917 50332061 50332064 50332065 50332069 50332071 50332072 50332073 50332074 50332079 50332258 50332388 50332389 50332504 50332626 50332632 50332639 50332640 50332641 50332645 50342048 50342049 50342050 50342051 50361705 50361706 50361725 50361726 50361735 50361740 50361743 50361744 50361747 50361749 50361751 50361753 50361755 50361757 50361759 50361761 50361763 50361765 50361767 50361769 50361771 50361773 50361775 50361777 50361779 50361781 50361783 50361785 50361787 50361789 50361791 50361793 50361795 </measTypes>
            <measValue measObjLdn="MML00G80HUNB001/ULoCell:NodeB Function Name=MML00G80HUNB001, Local Cell ID=10731, Cell Name=CORALU1">
                <measResults>998.786 2 256 0 0 0 0 0 0 0 3.556 0 3.595 4.167 0 0 0 0 NIL 0 9 96.251 0 0 0 0 0 NIL NIL NIL NIL NIL NIL NIL NIL NIL NIL NIL NIL NIL NIL NIL NIL NIL NIL NIL NIL NIL NIL NIL NIL NIL NIL NIL NIL NIL NIL </measResults>
            </measValue>
            <measValue measObjLdn="MML00G80HUNB001/ULoCell:NodeB Function Name=MML00G80HUNB001, Local Cell ID=10732, Cell Name=CORALU2">
                <measResults>568.394 0 256 0 0 0 0 0 0 0 3.058 0 2 995.833 0 0 3600 0 NIL 0 5 53.727 0 0 0 0 0 NIL NIL NIL NIL NIL NIL NIL NIL NIL NIL NIL NIL NIL NIL NIL NIL NIL NIL NIL NIL NIL NIL NIL NIL NIL NIL NIL NIL NIL NIL </measResults>
            </measValue>
            <measValue measObjLdn="MML00G80HUNB001/ULoCell:NodeB Function Name=MML00G80HUNB001, Local Cell ID=10733, Cell Name=CORALU3">
                <measResults>639.241 0 256 0 0 0 0 0 0 0 1.51 0 1.399 1000 0 0 0 0 NIL 0 4 46.295 0 0 0 0 0 NIL NIL NIL NIL NIL NIL NIL NIL NIL NIL NIL NIL NIL NIL NIL NIL NIL NIL NIL NIL NIL NIL NIL NIL NIL NIL NIL NIL NIL NIL </measResults>
            </measValue>
            <measValue measObjLdn="MML00G80HUNB001/ULoCell:NodeB Function Name=MML00G80HUNB001, Local Cell ID=50731, Cell Name=CORALN4">
                <measResults>782.369 4 256 0 0 0 0 0 0 0 2.568 0 3.04 0 0 0 0 0 NIL 0 13 102.547 0 6.242 0 0 0 1 NIL NIL NIL NIL NIL NIL NIL NIL NIL NIL NIL NIL NIL NIL NIL NIL NIL NIL NIL NIL NIL NIL NIL NIL NIL NIL NIL NIL NIL </measResults>
            </measValue>
            <measValue measObjLdn="MML00G80HUNB001/ULoCell:NodeB Function Name=MML00G80HUNB001, Local Cell ID=50732, Cell Name=CORALN5">
                <measResults>997.302 4 255 0 0 0 0 0 0 0 2.208 0 2.714 0 0 0 0 0 NIL 0 14 63.713 0 1.881 0 0 0 1 NIL NIL NIL NIL NIL NIL NIL NIL NIL NIL NIL NIL NIL NIL NIL NIL NIL NIL NIL NIL NIL NIL NIL NIL NIL NIL NIL NIL NIL </measResults>
            </measValue>
            <measValue measObjLdn="MML00G80HUNB001/ULoCell:NodeB Function Name=MML00G80HUNB001, Local Cell ID=50733, Cell Name=CORALN6">
                <measResults>995.024 3 256 0 0 0 0 0 0 0 1.904 0 2.579 0 0 0 0 0 NIL 0 18 83.173 0 0 0 0 0 NIL NIL NIL NIL NIL NIL NIL NIL NIL NIL NIL NIL NIL NIL NIL NIL NIL NIL NIL NIL NIL NIL NIL NIL NIL NIL NIL NIL NIL NIL </measResults>
            </measValue>
            <measValue measObjLdn="MML00G80HUNB001/ULoCell:NodeB Function Name=MML00G80HUNB001, Local Cell ID=60731, Cell Name=CORALN1">
                <measResults>910.255 7 256 0 0 0 0 0 0 0 4.353 0 4.104 0 0 0 0 0 NIL 0 17 95.288 0 2.958 0 0 0 1 NIL NIL NIL NIL NIL NIL NIL NIL NIL NIL NIL NIL NIL NIL NIL NIL NIL NIL NIL NIL NIL NIL NIL NIL NIL NIL NIL NIL NIL </measResults>
            </measValue>
            <measValue measObjLdn="MML00G80HUNB001/ULoCell:NodeB Function Name=MML00G80HUNB001, Local Cell ID=60732, Cell Name=CORALN2">
                <measResults>998.296 4 256 0 0 0 0 0 0 0 5.1 0 3.734 0 0 0 0 0 NIL 0 27 77.217 0 0 0 0 0 NIL NIL NIL NIL NIL NIL NIL NIL NIL NIL NIL NIL NIL NIL NIL NIL NIL NIL NIL NIL NIL NIL NIL NIL NIL NIL NIL NIL NIL NIL </measResults>
            </measValue>
            <measValue measObjLdn="MML00G80HUNB001/ULoCell:NodeB Function Name=MML00G80HUNB001, Local Cell ID=60733, Cell Name=CORALN3">
                <measResults>993.338 4 256 0 0 0 0 0 0 0 2.732 0 2.491 0 0 0 0 0 NIL 0 14 90.554 0 1.104 0 0 0 0.995 NIL NIL NIL NIL NIL NIL NIL NIL NIL NIL NIL NIL NIL NIL NIL NIL NIL NIL NIL NIL NIL NIL NIL NIL NIL NIL NIL NIL NIL </measResults>
            </measValue>
        </measInfo>
        <measInfo measInfoId="50331665">
            <granPeriod duration="PT3600S" endTime="2021-08-19T12:00:00+08:00"/>
            <repPeriod duration="PT3600S"/>
            <measTypes>50331740 50331741 50331742 50331743 50331744 50331909 50331910 50331911 50331912 50331913 50332381 50332382 50332576 50332577 </measTypes>
            <measValue measObjLdn="MML00G80HUNB001/ULoCell:NodeB Function Name=MML00G80HUNB001, Local Cell ID=10731, Cell Name=CORALU1">
                <measResults>0 0 0 0 0 0 0 0 0 0 0 0 0 0 </measResults>
            </measValue>
            <measValue measObjLdn="MML00G80HUNB001/ULoCell:NodeB Function Name=MML00G80HUNB001, Local Cell ID=10732, Cell Name=CORALU2">
                <measResults>0 0 0 0 0 0 0 0 0 0 0 0 0 0 </measResults>
            </measValue>
            <measValue measObjLdn="MML00G80HUNB001/ULoCell:NodeB Function Name=MML00G80HUNB001, Local Cell ID=10733, Cell Name=CORALU3">
                <measResults>0 0 0 0 0 0 0 0 0 0 0 0 0 0 </measResults>
            </measValue>
            <measValue measObjLdn="MML00G80HUNB001/ULoCell:NodeB Function Name=MML00G80HUNB001, Local Cell ID=50731, Cell Name=CORALN4">
                <measResults>0 0 0 0 0 0 0 0 0 0 0 0 0 0 </measResults>
            </measValue>
            <measValue measObjLdn="MML00G80HUNB001/ULoCell:NodeB Function Name=MML00G80HUNB001, Local Cell ID=50732, Cell Name=CORALN5">
                <measResults>0 0 0 0 0 0 0 0 0 0 0 0 0 0 </measResults>
            </measValue>
            <measValue measObjLdn="MML00G80HUNB001/ULoCell:NodeB Function Name=MML00G80HUNB001, Local Cell ID=50733, Cell Name=CORALN6">
                <measResults>0 0 0 0 0 0 0 0 0 0 0 0 0 0 </measResults>
            </measValue>
            <measValue measObjLdn="MML00G80HUNB001/ULoCell:NodeB Function Name=MML00G80HUNB001, Local Cell ID=60731, Cell Name=CORALN1">
                <measResults>0 0 0 0 0 0 0 0 0 0 0 0 0 0 </measResults>
            </measValue>
            <measValue measObjLdn="MML00G80HUNB001/ULoCell:NodeB Function Name=MML00G80HUNB001, Local Cell ID=60732, Cell Name=CORALN2">
                <measResults>0 0 0 0 0 0 0 0 0 0 0 0 0 0 </measResults>
            </measValue>
            <measValue measObjLdn="MML00G80HUNB001/ULoCell:NodeB Function Name=MML00G80HUNB001, Local Cell ID=60733, Cell Name=CORALN3">
                <measResults>0 0 0 0 0 0 0 0 0 0 0 0 0 0 </measResults>
            </measValue>
        </measInfo>
        <measInfo measInfoId="50331673">
            <granPeriod duration="PT3600S" endTime="2021-08-19T12:00:00+08:00"/>
            <repPeriod duration="PT3600S"/>
            <measTypes>50332055 50332056 50332057 50332058 50332059 50332060 50332278 50332279 50332280 50332281 50332282 50332283 50332284 50332285 50332286 50361648 50361649 50361650 50361651 </measTypes>
            <measValue measObjLdn="MML00G80HUNB001/ULoCell:NodeB Function Name=MML00G80HUNB001, Local Cell ID=10731, Cell Name=CORALU1">
                <measResults>40 20 8 0 0 0 15 15 5 10 12 1 2 22 38 0 0 0 0 </measResults>
            </measValue>
            <measValue measObjLdn="MML00G80HUNB001/ULoCell:NodeB Function Name=MML00G80HUNB001, Local Cell ID=10732, Cell Name=CORALU2">
                <measResults>30 28 21 0 0 0 4 3 0 1 0 0 0 0 0 0 0 0 0 </measResults>
            </measValue>
            <measValue measObjLdn="MML00G80HUNB001/ULoCell:NodeB Function Name=MML00G80HUNB001, Local Cell ID=10733, Cell Name=CORALU3">
                <measResults>17 12 5 0 0 0 3 3 0 0 1 0 0 1 4 0 0 0 0 </measResults>
            </measValue>
            <measValue measObjLdn="MML00G80HUNB001/ULoCell:NodeB Function Name=MML00G80HUNB001, Local Cell ID=50731, Cell Name=CORALN4">
                <measResults>32 11 8 0 0 0 19 22 13 26 16 2 2 32 9 0 0 0 0 </measResults>
            </measValue>
            <measValue measObjLdn="MML00G80HUNB001/ULoCell:NodeB Function Name=MML00G80HUNB001, Local Cell ID=50732, Cell Name=CORALN5">
                <measResults>26 15 6 0 0 0 18 16 10 20 13 2 4 18 7 0 0 0 0 </measResults>
            </measValue>
            <measValue measObjLdn="MML00G80HUNB001/ULoCell:NodeB Function Name=MML00G80HUNB001, Local Cell ID=50733, Cell Name=CORALN6">
                <measResults>25 13 4 0 0 0 14 14 9 15 14 1 4 20 19 0 0 0 0 </measResults>
            </measValue>
            <measValue measObjLdn="MML00G80HUNB001/ULoCell:NodeB Function Name=MML00G80HUNB001, Local Cell ID=60731, Cell Name=CORALN1">
                <measResults>35 21 8 0 0 0 36 32 15 32 20 4 4 41 16 0 0 0 0 </measResults>
            </measValue>
            <measValue measObjLdn="MML00G80HUNB001/ULoCell:NodeB Function Name=MML00G80HUNB001, Local Cell ID=60732, Cell Name=CORALN2">
                <measResults>31 25 12 0 0 0 33 31 8 14 9 3 3 15 5 0 0 0 0 </measResults>
            </measValue>
            <measValue measObjLdn="MML00G80HUNB001/ULoCell:NodeB Function Name=MML00G80HUNB001, Local Cell ID=60733, Cell Name=CORALN3">
                <measResults>28 16 6 0 0 0 22 21 11 20 14 2 2 20 10 0 0 0 0 </measResults>
            </measValue>
        </measInfo>
        <measInfo measInfoId="50331674">
            <granPeriod duration="PT3600S" endTime="2021-08-19T12:00:00+08:00"/>
            <repPeriod duration="PT3600S"/>
            <measTypes>50332161 50332162 50332163 50332164 50332165 50341718 50341719 50341720 50341721 </measTypes>
            <measValue measObjLdn="MML00G80HUNB001/ULoCell:NodeB Function Name=MML00G80HUNB001, Local Cell ID=10731, Cell Name=CORALU1">
                <measResults>0 0 0 0 0 0 0 0 0 </measResults>
            </measValue>
            <measValue measObjLdn="MML00G80HUNB001/ULoCell:NodeB Function Name=MML00G80HUNB001, Local Cell ID=10732, Cell Name=CORALU2">
                <measResults>0 0 0 0 0 0 0 0 0 </measResults>
            </measValue>
            <measValue measObjLdn="MML00G80HUNB001/ULoCell:NodeB Function Name=MML00G80HUNB001, Local Cell ID=10733, Cell Name=CORALU3">
                <measResults>0 0 0 0 0 0 0 0 0 </measResults>
            </measValue>
            <measValue measObjLdn="MML00G80HUNB001/ULoCell:NodeB Function Name=MML00G80HUNB001, Local Cell ID=50731, Cell Name=CORALN4">
                <measResults>0 0 0 0 0 0 0 0 0 </measResults>
            </measValue>
            <measValue measObjLdn="MML00G80HUNB001/ULoCell:NodeB Function Name=MML00G80HUNB001, Local Cell ID=50732, Cell Name=CORALN5">
                <measResults>0 0 0 0 0 0 0 0 0 </measResults>
            </measValue>
            <measValue measObjLdn="MML00G80HUNB001/ULoCell:NodeB Function Name=MML00G80HUNB001, Local Cell ID=50733, Cell Name=CORALN6">
                <measResults>0 0 0 0 0 0 0 0 0 </measResults>
            </measValue>
            <measValue measObjLdn="MML00G80HUNB001/ULoCell:NodeB Function Name=MML00G80HUNB001, Local Cell ID=60731, Cell Name=CORALN1">
                <measResults>0 0 0 0 0 0 0 0 0 </measResults>
            </measValue>
            <measValue measObjLdn="MML00G80HUNB001/ULoCell:NodeB Function Name=MML00G80HUNB001, Local Cell ID=60732, Cell Name=CORALN2">
                <measResults>0 0 0 0 0 0 0 0 0 </measResults>
            </measValue>
            <measValue measObjLdn="MML00G80HUNB001/ULoCell:NodeB Function Name=MML00G80HUNB001, Local Cell ID=60733, Cell Name=CORALN3">
                <measResults>0 0 0 0 0 0 0 0 0 </measResults>
            </measValue>
        </measInfo>
        <measInfo measInfoId="50331676">
            <granPeriod duration="PT3600S" endTime="2021-08-19T12:00:00+08:00"/>
            <repPeriod duration="PT3600S"/>
            <measTypes>50331747 50332175 50332176 50332177 50332178 50332179 50332180 50332181 50332182 50332183 50332184 50332185 50332186 50332187 50332188 50332189 50332190 50332192 50332193 50332194 50332195 50332196 50332197 50332198 50332199 50332200 50332201 50332202 50332203 50332204 50332205 50332206 50332207 50332208 50332209 50332210 50332211 50332212 50332213 50332214 50332219 50332232 50332233 50332234 50332235 50332236 50332237 50332238 50332245 50332246 50332648 50332649 50332650 50332651 50332652 50332653 50332654 50332655 50332656 50332657 50332658 50332670 50332848 50332849 50332850 50332853 50332854 50332855 50332856 50332865 50332866 50332867 50332868 50332869 50332870 50332871 50332872 50332873 50332874 50332875 50332876 50332877 50332878 50332879 50332880 50332881 50332882 50332883 50332884 50332885 50332886 50332887 50332888 50332889 50332890 50332891 50332892 50332894 50332895 50332896 50332897 50332898 50332899 50332900 50332901 50332902 50332903 50332904 50332905 50332906 50332907 50332908 50332909 50332910 50332943 50332944 50332945 50332946 50332947 50332948 50332949 50332950 50332951 50332952 50332953 50332954 50332955 50332956 50332957 50332958 50332959 50332960 50332961 50332962 50332963 50332964 50332965 50332966 50332967 50332968 50332969 50332970 50332971 50332972 50332973 50332974 50332985 50332986 50332987 50332990 50341723 50341741 50341742 50341743 50341748 50341749 50341750 50341751 50341752 50341753 50341754 50341755 50341756 50341757 50341758 50341759 </measTypes>
            <measValue measObjLdn="MML00G80HUNB001/ULoCell:NodeB Function Name=MML00G80HUNB001, Local Cell ID=10731, Cell Name=CORALU1">
                <measResults>6122169492 1087040 178800 44436 19289 12370 15494 8974 14507 11564 18612 12592 33717 208929 133676 0 0 0 6136075592 48910 0 4994 0 0 0 0 130 109559 131187 3621 305 546 522 550 528 1193 1696 841 85 11 2880122584 6158707983 1027890 7191416613 552563 680024 796588 419653 23718018 48747 105798 30179 63917 60139 58471 51225 109220 96219 19180 175 0 458546 0 0 0 36210 0 7 215113 0 0 0 0 0 0 0 0 0 0 0 0 142842962 507307652 1872654160 2154852282 156907 196403 262958 275323 0 0 0 0 5277907 27176 10848 0 0 0 0 0 0 0 0 0 0 0 0 0 0 0 0 0 0 0 0 0 0 0 0 0 0 0 0 0 0 0 0 0 0 NIL NIL NIL NIL NIL NIL NIL NIL NIL NIL NIL NIL NIL NIL NIL NIL 0 0 0 774621 7.961 NIL 0 0 17145.281 44715.363 191811.781 303577.469 408192.75 462999.156 1317211.75 1559743.875 443886.844 5531.424 0 4692955 </measResults>
            </measValue>
            <measValue measObjLdn="MML00G80HUNB001/ULoCell:NodeB Function Name=MML00G80HUNB001, Local Cell ID=10732, Cell Name=CORALU2">
                <measResults>358754424 1628600 84623 17214 7165 3135 4048 1430 3593 3042 10133 2497 9781 14734 9961 44 0 0 312868860 87018 0 3202 0 0 0 0 0 2275 5418 1122 89 165 194 239 262 181 104 20 3 0 13666088 322145078 254645 558691347 416417 309189 110310 30352 14959123 56232 95178 7252 8315 7354 4692 2239 1343 482 126 3 0 24554 0 0 0 19333 0 2 72728 0 0 0 0 0 0 0 0 0 1435 0 0 46541540 105679770 115392318 47459799 123384 89517 44439 17451 0 0 0 0 2895994 25853 7738 0 0 0 0 0 0 0 0 0 0 0 0 0 0 0 0 0 0 0 0 0 0 0 0 0 0 0 0 0 0 0 0 0 0 NIL NIL NIL NIL NIL NIL NIL NIL NIL NIL NIL NIL NIL NIL NIL NIL 0 0 0 73435 4.057 NIL 0 0 4814.334 11179.722 24507.146 36670.168 32469.898 19629.559 15494.702 7665.642 2790.88 95.688 0 139323.688 </measResults>
            </measValue>
            <measValue measObjLdn="MML00G80HUNB001/ULoCell:NodeB Function Name=MML00G80HUNB001, Local Cell ID=10733, Cell Name=CORALU3">
                <measResults>762087680 1601326 77899 11959 7324 3949 4693 2351 4743 5614 13405 2800 10678 10044 38327 4888 0 0 702933936 19610 0 954 0 0 0 0 0 2695 5724 880 66 107 141 182 295 221 313 65 5 1 110915456 704238448 223703 1118788834 127764 181678 181677 38408 13129648 79153 24802 7044 8404 7413 7185 5301 5632 8214 666 7 0 42822 0 0 0 16166 0 3 69840 0 0 0 0 0 0 0 0 0 0 0 0 27345842 135061469 276415031 231917773 42618 89643 51444 42910 0 0 0 0 1077730 12666 3526 0 0 0 0 0 0 0 0 0 0 0 0 0 0 0 0 0 0 0 0 0 0 0 0 0 0 0 0 0 0 0 0 0 0 NIL NIL NIL NIL NIL NIL NIL NIL NIL NIL NIL NIL NIL NIL NIL NIL 0 0 0 96580 2.144 NIL 0 0 4118.581 10797.127 25246.447 36890.004 50028.844 48353.273 67992.68 136340.938 14242.344 240.328 0 379334.875 </measResults>
            </measValue>
            <measValue measObjLdn="MML00G80HUNB001/ULoCell:NodeB Function Name=MML00G80HUNB001, Local Cell ID=50731, Cell Name=CORALN4">
                <measResults>5072966744 1074910 109118 16033 10788 9440 14621 7276 23001 7930 30357 12948 30791 185371 264635 2781 0 0 5022008098 16345 0 5142 0 0 0 0 39 124931 163068 3398 396 795 793 697 717 1091 993 236 22 7 934484448 5087676078 1001256 6109738743 223267 521380 734672 813603 817307689 291083 117866 53387 128919 138684 96188 41125 84976 67882 6928 29 0 564731 0 0 0 129168 9 4 116028 0 0 0 0 0 0 0 0 0 0 0 0 23875683 418689481 1258737290 1931952781 48534 247804 287921 258667 0 0 0 0 5675234 17242 9330 0 0 0 0 0 0 0 0 0 0 0 0 0 0 0 0 0 0 0 0 0 0 0 0 0 0 0 0 0 0 0 0 0 0 NIL NIL NIL NIL NIL NIL NIL NIL NIL NIL NIL NIL NIL NIL NIL NIL 0 0 0 866649 6.984 NIL 0 0 24402.92 78404.695 382821.406 703285.813 665166.938 366899.344 1015148 1100397.125 152158.844 923.216 0 4386800.5 </measResults>
            </measValue>
            <measValue measObjLdn="MML00G80HUNB001/ULoCell:NodeB Function Name=MML00G80HUNB001, Local Cell ID=50732, Cell Name=CORALN5">
                <measResults>1676593172 1461800 113778 16661 9284 6126 7171 3843 7626 3980 10751 4536 13411 75371 65477 185 0 0 1652828767 14019 0 7401 0 0 0 0 9 26274 37942 2082 159 292 321 335 464 679 429 113 25 1 331997200 1675224763 416036 2133707725 172258 390663 668572 645937 120240405 81422 60839 9963 25267 30764 27541 22531 27771 18590 1759 24 0 154247 0 0 0 40383 1 0 110643 0 0 0 0 0 0 0 0 0 352 0 0 13488993 122870392 431790959 599737103 40498 90983 102817 106690 0 0 0 0 4799459 15452 8479 0 0 0 0 0 0 0 0 0 0 0 0 0 0 0 0 0 0 0 0 0 0 0 0 0 0 0 0 0 0 0 0 0 0 NIL NIL NIL NIL NIL NIL NIL NIL NIL NIL NIL NIL NIL NIL NIL NIL 0 0 0 276038 5.862 NIL 0 0 9155.733 15280.68 75332.258 152293.047 189290.25 203150.063 327025.906 301651.281 38330.5 762.944 0 1287836.25 </measResults>
            </measValue>
            <measValue measObjLdn="MML00G80HUNB001/ULoCell:NodeB Function Name=MML00G80HUNB001, Local Cell ID=50733, Cell Name=CORALN6">
                <measResults>3994429044 1199762 108618 21286 18980 36510 29469 12971 30185 10068 31120 10300 26010 50728 206484 7509 0 0 4000320672 12845 0 4202 0 0 0 0 15 70248 104462 2488 367 657 432 419 514 782 823 230 45 6 1255659744 4009873021 794279 4952594446 193842 389873 621129 698970 362268508 216941 109407 65260 80011 46983 39373 43821 54037 53963 7149 21 0 325358 0 0 0 104475 2 11 114514 0 0 0 0 0 0 0 0 0 2673 1216 0 37086009 276158707 476640138 1114240922 66759 197785 117568 162676 0 0 0 0 3848906 11282 6849 0 0 0 0 0 0 0 0 0 0 0 0 0 0 0 0 0 0 0 0 0 0 0 0 0 0 0 0 0 0 0 0 0 0 NIL NIL NIL NIL NIL NIL NIL NIL NIL NIL NIL NIL NIL NIL NIL NIL 0 0 0 615836 6.081 NIL 0 0 38012.504 98077.789 225671.594 233307.672 274045.656 391176.75 641545.188 878994.375 157059.656 684.792 0 2802485.75 </measResults>
            </measValue>
            <measValue measObjLdn="MML00G80HUNB001/ULoCell:NodeB Function Name=MML00G80HUNB001, Local Cell ID=60731, Cell Name=CORALN1">
                <measResults>3925560376 1140741 164108 32233 14275 11976 20436 16344 21632 12285 26001 15209 88172 198923 37665 0 0 0 3902932800 24953 0 4193 0 0 0 0 82 69672 86118 3624 341 754 810 749 607 880 1032 210 25 6 1136570544 3943233389 864908 4734384283 919581 726886 757525 333946 348650898 155203 75670 31368 103403 81358 50990 38251 48878 39217 8420 13 0 370530 0 0 0 99890 0 0 190470 0 0 0 0 0 0 0 0 0 2420 0 0 490902375 797123528 1157447601 1280238656 212956 235892 202384 188764 0 0 0 0 8062450 28595 14886 0 0 0 0 0 0 0 0 0 0 0 0 0 0 0 0 0 0 0 0 0 0 0 0 0 0 0 0 0 0 0 0 0 0 NIL NIL NIL NIL NIL NIL NIL NIL NIL NIL NIL NIL NIL NIL NIL NIL 0 0 0 630735 8.674 NIL 0 0 11940.884 50298.578 309875.125 404743.688 355247.625 342428.219 574392.438 632443.25 183176.484 412.8 0 2802719.75 </measResults>
            </measValue>
            <measValue measObjLdn="MML00G80HUNB001/ULoCell:NodeB Function Name=MML00G80HUNB001, Local Cell ID=60732, Cell Name=CORALN2">
                <measResults>1874121264 1397543 137409 25251 12023 7398 8545 5530 9378 8244 13666 16905 58787 87632 11689 0 0 0 1749308766 19260 0 5329 0 0 0 0 11 20707 30170 2242 165 365 444 541 422 603 639 136 18 6 429412440 1869591434 473576 2488465894 597052 571264 674498 249753 218986592 110261 45872 11484 31390 40098 32661 20299 31041 14034 3445 16 0 172984 0 0 0 39939 0 12 144112 0 0 0 0 0 0 0 0 0 0 0 0 166132125 507057675 591642558 510622162 103648 157510 117902 92906 0 0 0 0 5624017 28158 12892 0 0 0 0 0 0 0 0 0 0 0 0 0 0 0 0 0 0 0 0 0 0 0 0 0 0 0 0 0 0 0 0 0 0 NIL NIL NIL NIL NIL NIL NIL NIL NIL NIL NIL NIL NIL NIL NIL NIL 0 0 0 294998 6.912 NIL 0 0 6078.437 16951.152 95650.867 203114.5 227870.266 182219.75 371479.031 227015.078 75741.297 503.256 0 1383594 </measResults>
            </measValue>
            <measValue measObjLdn="MML00G80HUNB001/ULoCell:NodeB Function Name=MML00G80HUNB001, Local Cell ID=60733, Cell Name=CORALN3">
                <measResults>4031652552 1239452 89837 15138 9278 6558 6438 3111 8771 5086 9472 6742 18540 153629 219248 8700 0 0 4041458021 34206 0 9852 0 0 0 0 6 110451 135822 2647 215 419 453 476 338 626 758 159 16 7 926550632 4046560075 798971 4990395634 833019 573149 388215 139174 260636174 175177 131696 38297 93151 95257 78854 39312 61319 52252 6826 13 0 426984 0 0 0 57303 0 3 93117 0 0 0 0 0 0 0 0 0 252 0 0 714533229 893394146 1262703683 1106909956 281126 263277 156602 102354 0 0 0 0 4148847 20347 7779 0 0 0 0 0 0 0 0 0 0 0 0 0 0 0 0 0 0 0 0 0 0 0 0 0 0 0 0 0 0 0 0 0 0 NIL NIL NIL NIL NIL NIL NIL NIL NIL NIL NIL NIL NIL NIL NIL NIL 0 0 0 667184 6.038 NIL 0 0 22882.135 60223.785 281894.719 483977.813 535076.687 354033.125 736488.188 873282.313 146576.625 409.704 0 3411739 </measResults>
            </measValue>
        </measInfo>
        <measInfo measInfoId="50331649">
            <granPeriod duration="PT3600S" endTime="2021-08-19T12:00:00+08:00"/>
            <repPeriod duration="PT3600S"/>
            <measTypes>50332578 50332579 50332580 50332581 50342578 50342579 50342580 50342581 </measTypes>
            <measValue measObjLdn="MML00G80HUNB001/NodeBFunction:NodeB Function Name=MML00G80HUNB001">
                <measResults>9.335 2.76 7.586 85.279 14.2 6.6 11.4 109 </measResults>
            </measValue>
        </measInfo>
        <measInfo measInfoId="50331654">
            <granPeriod duration="PT3600S" endTime="2021-08-19T12:00:00+08:00"/>
            <repPeriod duration="PT3600S"/>
            <measTypes>50332565 50332566 50332633 50332635 </measTypes>
            <measValue measObjLdn="MML00G80HUNB001/NodeBFunction:NodeB Function Name=MML00G80HUNB001">
                <measResults>3072 1792 0 0 </measResults>
            </measValue>
        </measInfo>
        <measInfo measInfoId="50331664">
            <granPeriod duration="PT3600S" endTime="2021-08-19T12:00:00+08:00"/>
            <repPeriod duration="PT3600S"/>
            <measTypes>50332572 50332585 50332587 50332588 50332589 50332590 50332617 50332618 50332625 </measTypes>
            <measValue measObjLdn="MML00G80HUNB001/NodeBFunction:NodeB Function Name=MML00G80HUNB001">
                <measResults>2 0 41 41 0 28 0 0 4 </measResults>
            </measValue>
        </measInfo>
        <measInfo measInfoId="50331666">
            <granPeriod duration="PT3600S" endTime="2021-08-19T12:00:00+08:00"/>
            <repPeriod duration="PT3600S"/>
            <measTypes>50332567 50332568 50332569 50332570 50332571 </measTypes>
            <measValue measObjLdn="MML00G80HUNB001/NodeBFunction:NodeB Function Name=MML00G80HUNB001">
                <measResults>0 0 0 0 0 </measResults>
            </measValue>
        </measInfo>
        <measInfo measInfoId="50331681">
            <granPeriod duration="PT3600S" endTime="2021-08-19T12:00:00+08:00"/>
            <repPeriod duration="PT3600S"/>
            <measTypes>50342640 50342641 50342642 50342643 50342644 50342645 50342646 50342647 </measTypes>
            <measValue measObjLdn="MML00G80HUNB001/NodeBFunction:NodeB Function Name=MML00G80HUNB001">
                <measResults>16674644 18521517 1324127239 4373086818 5231886 2942504 18665978 9717970 </measResults>
            </measValue>
        </measInfo>
        <measInfo measInfoId="50331652">
            <granPeriod duration="PT3600S" endTime="2021-08-19T12:00:00+08:00"/>
            <repPeriod duration="PT3600S"/>
            <measTypes>50332555 50332556 50332557 50332558 50332559 50332560 50332561 50332562 50332563 50332564 50332593 50332594 50342555 50342556 50342561 50342562 50342563 50342564 50342567 50342568 50342569 50342570 50342571 50342572 50342618 50342619 50342621 50342622 50342624 50342625 50342627 50342628 </measTypes>
            <measValue measObjLdn="MML00G80HUNB001/NodeBFunction:NodeB Function Name=MML00G80HUNB001/MocID:2/CnOperator:-1">
                <measResults>0 0 0 0 5008 3856 198.968 91.363 0 85.073 0 0 0 0 257 113 0 124 69 153 61.5 0 0 0 0 0 0 0 0 0 0 0 </measResults>
            </measValue>
        </measInfo>
        <measInfo measInfoId="50331667">
            <granPeriod duration="PT3600S" endTime="2021-08-19T12:00:00+08:00"/>
            <repPeriod duration="PT3600S"/>
            <measTypes>50332591 50332592 50332595 50332596 50332597 </measTypes>
            <measValue measObjLdn="MML00G80HUNB001/NodeBFunction:NodeB Function Name=MML00G80HUNB001/MocID:2/CnOperator:-1">
                <measResults>0 0 0 0 0 </measResults>
            </measValue>
        </measInfo>
        <measInfo measInfoId="50331668">
            <granPeriod duration="PT3600S" endTime="2021-08-19T12:00:00+08:00"/>
            <repPeriod duration="PT3600S"/>
            <measTypes>50332348 50332349 </measTypes>
            <measValue measObjLdn="MML00G80HUNB001/LOCELL_SECTOREQM:NodeB Function Name=MML00G80HUNB001, Local Cell ID=10731, Sector Equipment ID=0">
                <measResults>0 0 </measResults>
            </measValue>
            <measValue measObjLdn="MML00G80HUNB001/LOCELL_SECTOREQM:NodeB Function Name=MML00G80HUNB001, Local Cell ID=10732, Sector Equipment ID=1">
                <measResults>0 0 </measResults>
            </measValue>
            <measValue measObjLdn="MML00G80HUNB001/LOCELL_SECTOREQM:NodeB Function Name=MML00G80HUNB001, Local Cell ID=10733, Sector Equipment ID=2">
                <measResults>0 0 </measResults>
            </measValue>
            <measValue measObjLdn="MML00G80HUNB001/LOCELL_SECTOREQM:NodeB Function Name=MML00G80HUNB001, Local Cell ID=50731, Sector Equipment ID=6">
                <measResults>0 0 </measResults>
            </measValue>
            <measValue measObjLdn="MML00G80HUNB001/LOCELL_SECTOREQM:NodeB Function Name=MML00G80HUNB001, Local Cell ID=50732, Sector Equipment ID=7">
                <measResults>0 0 </measResults>
            </measValue>
            <measValue measObjLdn="MML00G80HUNB001/LOCELL_SECTOREQM:NodeB Function Name=MML00G80HUNB001, Local Cell ID=50733, Sector Equipment ID=8">
                <measResults>0 0 </measResults>
            </measValue>
            <measValue measObjLdn="MML00G80HUNB001/LOCELL_SECTOREQM:NodeB Function Name=MML00G80HUNB001, Local Cell ID=60731, Sector Equipment ID=10">
                <measResults>0 0 </measResults>
            </measValue>
            <measValue measObjLdn="MML00G80HUNB001/LOCELL_SECTOREQM:NodeB Function Name=MML00G80HUNB001, Local Cell ID=60732, Sector Equipment ID=11">
                <measResults>0 0 </measResults>
            </measValue>
            <measValue measObjLdn="MML00G80HUNB001/LOCELL_SECTOREQM:NodeB Function Name=MML00G80HUNB001, Local Cell ID=60733, Sector Equipment ID=12">
                <measResults>0 0 </measResults>
            </measValue>
        </measInfo>
        <measInfo measInfoId="50331669">
            <granPeriod duration="PT3600S" endTime="2021-08-19T12:00:00+08:00"/>
            <repPeriod duration="PT3600S"/>
            <measTypes>50332350 50332351 50332352 50332353 </measTypes>
            <measValue measObjLdn="MML00G80HUNB001/LOCELL_SECTOREQM:NodeB Function Name=MML00G80HUNB001, Local Cell ID=10731, Sector Equipment ID=0">
                <measResults>39835 38 37578 37818 </measResults>
            </measValue>
            <measValue measObjLdn="MML00G80HUNB001/LOCELL_SECTOREQM:NodeB Function Name=MML00G80HUNB001, Local Cell ID=10732, Sector Equipment ID=1">
                <measResults>19958 8 19619 19791 </measResults>
            </measValue>
            <measValue measObjLdn="MML00G80HUNB001/LOCELL_SECTOREQM:NodeB Function Name=MML00G80HUNB001, Local Cell ID=10733, Sector Equipment ID=2">
                <measResults>4750 6 4627 4638 </measResults>
            </measValue>
            <measValue measObjLdn="MML00G80HUNB001/LOCELL_SECTOREQM:NodeB Function Name=MML00G80HUNB001, Local Cell ID=50731, Sector Equipment ID=6">
                <measResults>50279 250 48275 48499 </measResults>
            </measValue>
            <measValue measObjLdn="MML00G80HUNB001/LOCELL_SECTOREQM:NodeB Function Name=MML00G80HUNB001, Local Cell ID=50732, Sector Equipment ID=7">
                <measResults>48744 209 47077 47313 </measResults>
            </measValue>
            <measValue measObjLdn="MML00G80HUNB001/LOCELL_SECTOREQM:NodeB Function Name=MML00G80HUNB001, Local Cell ID=50733, Sector Equipment ID=8">
                <measResults>32264 142 29942 30790 </measResults>
            </measValue>
            <measValue measObjLdn="MML00G80HUNB001/LOCELL_SECTOREQM:NodeB Function Name=MML00G80HUNB001, Local Cell ID=60731, Sector Equipment ID=10">
                <measResults>51139 100 49409 49548 </measResults>
            </measValue>
            <measValue measObjLdn="MML00G80HUNB001/LOCELL_SECTOREQM:NodeB Function Name=MML00G80HUNB001, Local Cell ID=60732, Sector Equipment ID=11">
                <measResults>56782 99 52677 54295 </measResults>
            </measValue>
            <measValue measObjLdn="MML00G80HUNB001/LOCELL_SECTOREQM:NodeB Function Name=MML00G80HUNB001, Local Cell ID=60733, Sector Equipment ID=12">
                <measResults>25824 104 24329 24401 </measResults>
            </measValue>
        </measInfo>
        <measInfo measInfoId="50331670">
            <granPeriod duration="PT3600S" endTime="2021-08-19T12:00:00+08:00"/>
            <repPeriod duration="PT3600S"/>
            <measTypes>50332354 50332355 </measTypes>
            <measValue measObjLdn="MML00G80HUNB001/LOCELL_SECTOREQM:NodeB Function Name=MML00G80HUNB001, Local Cell ID=10731, Sector Equipment ID=0">
                <measResults>0 0 </measResults>
            </measValue>
            <measValue measObjLdn="MML00G80HUNB001/LOCELL_SECTOREQM:NodeB Function Name=MML00G80HUNB001, Local Cell ID=10732, Sector Equipment ID=1">
                <measResults>0 0 </measResults>
            </measValue>
            <measValue measObjLdn="MML00G80HUNB001/LOCELL_SECTOREQM:NodeB Function Name=MML00G80HUNB001, Local Cell ID=10733, Sector Equipment ID=2">
                <measResults>0 0 </measResults>
            </measValue>
            <measValue measObjLdn="MML00G80HUNB001/LOCELL_SECTOREQM:NodeB Function Name=MML00G80HUNB001, Local Cell ID=50731, Sector Equipment ID=6">
                <measResults>0 0 </measResults>
            </measValue>
            <measValue measObjLdn="MML00G80HUNB001/LOCELL_SECTOREQM:NodeB Function Name=MML00G80HUNB001, Local Cell ID=50732, Sector Equipment ID=7">
                <measResults>0 0 </measResults>
            </measValue>
            <measValue measObjLdn="MML00G80HUNB001/LOCELL_SECTOREQM:NodeB Function Name=MML00G80HUNB001, Local Cell ID=50733, Sector Equipment ID=8">
                <measResults>0 0 </measResults>
            </measValue>
            <measValue measObjLdn="MML00G80HUNB001/LOCELL_SECTOREQM:NodeB Function Name=MML00G80HUNB001, Local Cell ID=60731, Sector Equipment ID=10">
                <measResults>0 0 </measResults>
            </measValue>
            <measValue measObjLdn="MML00G80HUNB001/LOCELL_SECTOREQM:NodeB Function Name=MML00G80HUNB001, Local Cell ID=60732, Sector Equipment ID=11">
                <measResults>0 0 </measResults>
            </measValue>
            <measValue measObjLdn="MML00G80HUNB001/LOCELL_SECTOREQM:NodeB Function Name=MML00G80HUNB001, Local Cell ID=60733, Sector Equipment ID=12">
                <measResults>0 0 </measResults>
            </measValue>
        </measInfo>
        <measInfo measInfoId="50331672">
            <granPeriod duration="PT3600S" endTime="2021-08-19T12:00:00+08:00"/>
            <repPeriod duration="PT3600S"/>
            <measTypes>50342590 50342591 50342592 50342593 50342594 50342595 50342596 50342597 </measTypes>
            <measValue measObjLdn="MML00G80HUNB001/LOCELL_SECTOREQM:NodeB Function Name=MML00G80HUNB001, Local Cell ID=10731, Sector Equipment ID=0">
                <measResults>-89.054 -88.161 -87.406 -90.234 -90.2 -89.2 -88.4 -91.6 </measResults>
            </measValue>
            <measValue measObjLdn="MML00G80HUNB001/LOCELL_SECTOREQM:NodeB Function Name=MML00G80HUNB001, Local Cell ID=10732, Sector Equipment ID=1">
                <measResults>-75.009 -84.796 -75.142 -81.327 -76.1 -85.9 -76.1 -82.4 </measResults>
            </measValue>
            <measValue measObjLdn="MML00G80HUNB001/LOCELL_SECTOREQM:NodeB Function Name=MML00G80HUNB001, Local Cell ID=10733, Sector Equipment ID=2">
                <measResults>-84.728 -77.109 -79.502 -77.572 -85.8 -78.2 -80.6 -78.6 </measResults>
            </measValue>
            <measValue measObjLdn="MML00G80HUNB001/LOCELL_SECTOREQM:NodeB Function Name=MML00G80HUNB001, Local Cell ID=50731, Sector Equipment ID=6">
                <measResults>-84.746 -84.924 NIL NIL -85.9 -86 NIL NIL </measResults>
            </measValue>
            <measValue measObjLdn="MML00G80HUNB001/LOCELL_SECTOREQM:NodeB Function Name=MML00G80HUNB001, Local Cell ID=50732, Sector Equipment ID=7">
                <measResults>-85.629 -85.825 NIL NIL -86.6 -86.8 NIL NIL </measResults>
            </measValue>
            <measValue measObjLdn="MML00G80HUNB001/LOCELL_SECTOREQM:NodeB Function Name=MML00G80HUNB001, Local Cell ID=50733, Sector Equipment ID=8">
                <measResults>-86.05 -83.597 NIL NIL -90.5 -88.3 NIL NIL </measResults>
            </measValue>
            <measValue measObjLdn="MML00G80HUNB001/LOCELL_SECTOREQM:NodeB Function Name=MML00G80HUNB001, Local Cell ID=60731, Sector Equipment ID=10">
                <measResults>-84.088 -84.931 NIL NIL -85.2 -86.4 NIL NIL </measResults>
            </measValue>
            <measValue measObjLdn="MML00G80HUNB001/LOCELL_SECTOREQM:NodeB Function Name=MML00G80HUNB001, Local Cell ID=60732, Sector Equipment ID=11">
                <measResults>-80.778 -80.159 NIL NIL -82 -81.5 NIL NIL </measResults>
            </measValue>
            <measValue measObjLdn="MML00G80HUNB001/LOCELL_SECTOREQM:NodeB Function Name=MML00G80HUNB001, Local Cell ID=60733, Sector Equipment ID=12">
                <measResults>-87.442 -81.017 NIL NIL -89 -82.6 NIL NIL </measResults>
            </measValue>
        </measInfo>
        <measInfo measInfoId="50331682">
            <granPeriod duration="PT3600S" endTime="2021-08-19T12:00:00+08:00"/>
            <repPeriod duration="PT3600S"/>
            <measTypes>50332602 50332603 50332615 50332616 </measTypes>
            <measValue measObjLdn="MML00G80HUNB001/LOCELL_SECTOREQM:NodeB Function Name=MML00G80HUNB001, Local Cell ID=10731, Sector Equipment ID=0">
                <measResults>NIL NIL NIL NIL </measResults>
            </measValue>
            <measValue measObjLdn="MML00G80HUNB001/LOCELL_SECTOREQM:NodeB Function Name=MML00G80HUNB001, Local Cell ID=10732, Sector Equipment ID=1">
                <measResults>197 208 188 195 </measResults>
            </measValue>
            <measValue measObjLdn="MML00G80HUNB001/LOCELL_SECTOREQM:NodeB Function Name=MML00G80HUNB001, Local Cell ID=10733, Sector Equipment ID=2">
                <measResults>NIL NIL NIL NIL </measResults>
            </measValue>
            <measValue measObjLdn="MML00G80HUNB001/LOCELL_SECTOREQM:NodeB Function Name=MML00G80HUNB001, Local Cell ID=50731, Sector Equipment ID=6">
                <measResults>NIL NIL NIL NIL </measResults>
            </measValue>
            <measValue measObjLdn="MML00G80HUNB001/LOCELL_SECTOREQM:NodeB Function Name=MML00G80HUNB001, Local Cell ID=50732, Sector Equipment ID=7">
                <measResults>NIL NIL NIL NIL </measResults>
            </measValue>
            <measValue measObjLdn="MML00G80HUNB001/LOCELL_SECTOREQM:NodeB Function Name=MML00G80HUNB001, Local Cell ID=50733, Sector Equipment ID=8">
                <measResults>NIL NIL NIL NIL </measResults>
            </measValue>
            <measValue measObjLdn="MML00G80HUNB001/LOCELL_SECTOREQM:NodeB Function Name=MML00G80HUNB001, Local Cell ID=60731, Sector Equipment ID=10">
                <measResults>NIL NIL NIL NIL </measResults>
            </measValue>
            <measValue measObjLdn="MML00G80HUNB001/LOCELL_SECTOREQM:NodeB Function Name=MML00G80HUNB001, Local Cell ID=60732, Sector Equipment ID=11">
                <measResults>NIL NIL NIL NIL </measResults>
            </measValue>
            <measValue measObjLdn="MML00G80HUNB001/LOCELL_SECTOREQM:NodeB Function Name=MML00G80HUNB001, Local Cell ID=60733, Sector Equipment ID=12">
                <measResults>NIL NIL NIL NIL </measResults>
            </measValue>
        </measInfo>
    </measData>
    <fileFooter>
        <measCollec endTime="2021-08-19T12:00:00+08:00"/>
    </fileFooter>
</measCollecFile>
