<?xml version="1.0" encoding="UTF-8"?>
<measCollecFile xmlns="http://latest/nmc-omc/cmNrm.doc#measCollec" xmlns:xsi="http://www.w3.org/2001/XMLSchema-instance" xsi:schemaLocation="http://latest/nmc-omc/cmNrm.doc#measCollec schema\pmResultSchedule.xsd">
    <fileHeader fileFormatVersion="32.435 V7.2" vendorName="Huawei">
        <fileSender elementType="NodeB"/>
        <measCollec beginTime="2021-08-17T22:00:00+08:00"/>
    </fileHeader>
    <measData>
        <managedElement userLabel="MMLG6283HUNB001"/>
        <measInfo measInfoId="50331655">
            <granPeriod duration="PT3600S" endTime="2021-08-17T23:00:00+08:00"/>
            <repPeriod duration="PT3600S"/>
            <measTypes>50332573 50332574 50342574 50342575 50342635 50342636 </measTypes>
            <measValue measObjLdn="MMLG6283HUNB001/ULGROUP:UL BB Resource Group No.=0">
                <measResults>1024 33.833 18 53 0 0 </measResults>
            </measValue>
            <measValue measObjLdn="MMLG6283HUNB001/ULGROUP:UL BB Resource Group No.=1">
                <measResults>1024 61.275 41.5 79.5 0 0 </measResults>
            </measValue>
        </measInfo>
        <measInfo measInfoId="50331656">
            <granPeriod duration="PT3600S" endTime="2021-08-17T23:00:00+08:00"/>
            <repPeriod duration="PT3600S"/>
            <measTypes>50332582 50332583 50332584 50332586 50342584 50342585 50342586 50342587 50342606 50342607 50342608 50342609 50342632 50342633 </measTypes>
            <measValue measObjLdn="MMLG6283HUNB001/BRD:Board Type=UBBP, Cabinet No.=0, Subrack No.=0, Slot No.=2">
                <measResults>1024 1024 42.283 61.275 34 52 41.5 79.5 2 4 4 6 0 0 </measResults>
            </measValue>
            <measValue measObjLdn="MMLG6283HUNB001/BRD:Board Type=UBBP, Cabinet No.=0, Subrack No.=0, Slot No.=3">
                <measResults>1024 1024 23.842 33.833 15 37 18 53 1 3 2 3 0 0 </measResults>
            </measValue>
            <measValue measObjLdn="MMLG6283HUNB001/BRD:Board Type=UMPT, Cabinet No.=0, Subrack No.=0, Slot No.=7">
                <measResults>0 0 0 0 0 0 0 0 0 0 0 0 0 0 </measResults>
            </measValue>
        </measInfo>
        <measInfo measInfoId="50331683">
            <granPeriod duration="PT3600S" endTime="2021-08-17T23:00:00+08:00"/>
            <repPeriod duration="PT3600S"/>
            <measTypes>50332627 </measTypes>
            <measValue measObjLdn="MMLG6283HUNB001/NODEBRRU:Cabinet No.=0, Subrack No.=60, Slot No.=0">
                <measResults>0 </measResults>
            </measValue>
            <measValue measObjLdn="MMLG6283HUNB001/NODEBRRU:Cabinet No.=0, Subrack No.=61, Slot No.=0">
                <measResults>0 </measResults>
            </measValue>
            <measValue measObjLdn="MMLG6283HUNB001/NODEBRRU:Cabinet No.=0, Subrack No.=62, Slot No.=0">
                <measResults>0 </measResults>
            </measValue>
            <measValue measObjLdn="MMLG6283HUNB001/NODEBRRU:Cabinet No.=0, Subrack No.=80, Slot No.=0">
                <measResults>0 </measResults>
            </measValue>
            <measValue measObjLdn="MMLG6283HUNB001/NODEBRRU:Cabinet No.=0, Subrack No.=81, Slot No.=0">
                <measResults>0 </measResults>
            </measValue>
            <measValue measObjLdn="MMLG6283HUNB001/NODEBRRU:Cabinet No.=0, Subrack No.=82, Slot No.=0">
                <measResults>0 </measResults>
            </measValue>
        </measInfo>
        <measInfo measInfoId="1542455297">
            <granPeriod duration="PT3600S" endTime="2021-08-17T23:00:00+08:00"/>
            <repPeriod duration="PT3600S"/>
            <measTypes>1542455297 1542455298 1542455299 1542455300 1542455301 1542455302 1542455303 1542455304 1542455305 1542455306 1542455307 1542460296 1542460297 </measTypes>
            <measValue measObjLdn="MMLG6283HUNB001/ETHPORT:Cabinet No.=0, Subrack No.=0, Slot No.=7, Port No.=0, Subboard Type=BASE_BOARD">
                <measResults>753728266 8097280 2334008515 8862003 0 3742720 877192 1675019 18757672 1127896 5186831 1000000 1000000 </measResults>
            </measValue>
            <measValue measObjLdn="MMLG6283HUNB001/ETHPORT:Cabinet No.=0, Subrack No.=0, Slot No.=7, Port No.=1, Subboard Type=BASE_BOARD">
                <measResults>0 0 0 0 0 0 0 0 0 0 0 0 0 </measResults>
            </measValue>
        </measInfo>
        <measInfo measInfoId="1542455301">
            <granPeriod duration="PT3600S" endTime="2021-08-17T23:00:00+08:00"/>
            <repPeriod duration="PT3600S"/>
            <measTypes>1542455326 1542455327 1542455328 1542455329 1542455330 1542455331 1542455332 1542455333 1542460727 1542460728 1542460729 </measTypes>
            <measValue measObjLdn="MMLG6283HUNB001/IP:Board Type=UMPT, Cabinet No.=0, Subrack No.=0, Slot No.=7">
                <measResults>8094737 559091093 0 0 8858220 2110878864 0 0 924 0 0 </measResults>
            </measValue>
        </measInfo>
        <measInfo measInfoId="1542455303">
            <granPeriod duration="PT3600S" endTime="2021-08-17T23:00:00+08:00"/>
            <repPeriod duration="PT3600S"/>
            <measTypes>1542455365 1542455367 1542455369 1542455371 1542455375 1542455376 1542455377 1542455378 </measTypes>
            <measValue measObjLdn="MMLG6283HUNB001/RSCGRP:Transmission Resource Group Bear Type=IP, Cabinet No.=0, Bearing Port No.=0, Bearing Port Type=ETH, Transmission Resource Group ID=AUTOPORT, Subboard Type=BASE_BOARD, Slot No.=7, Subrack No.=0">
                <measResults>704987472 8096897 0 0 2983984 790328 1566694 0 </measResults>
            </measValue>
            <measValue measObjLdn="MMLG6283HUNB001/RSCGRP:Transmission Resource Group Bear Type=IP, Cabinet No.=0, Bearing Port No.=1, Bearing Port Type=ETH, Transmission Resource Group ID=AUTOPORT, Subboard Type=BASE_BOARD, Slot No.=7, Subrack No.=0">
                <measResults>0 0 0 0 0 0 0 0 </measResults>
            </measValue>
        </measInfo>
        <measInfo measInfoId="1542455312">
            <granPeriod duration="PT3600S" endTime="2021-08-17T23:00:00+08:00"/>
            <repPeriod duration="PT3600S"/>
            <measTypes>1542460308 1542460309 1542460310 1542460311 1542460312 1542460313 1542460314 1542460315 1542460316 1542460317 1542460318 1542460319 1542460320 1542460321 1542460322 1542460323 1542460324 1542460325 1542460326 1542460327 1542460328 1542460329 1542460330 1542460331 1542460332 </measTypes>
            <measValue measObjLdn="MMLG6283HUNB001/RSCGRP:Transmission Resource Group Bear Type=IP, Cabinet No.=0, Bearing Port No.=0, Bearing Port Type=ETH, Transmission Resource Group ID=AUTOPORT, Subboard Type=BASE_BOARD, Slot No.=7, Subrack No.=0">
                <measResults>34835 34835 34835 0 0 0 0 0 0 0 0 0 0 3596899 0 0 0 0 0 0 0 0 0 0 0 </measResults>
            </measValue>
            <measValue measObjLdn="MMLG6283HUNB001/RSCGRP:Transmission Resource Group Bear Type=IP, Cabinet No.=0, Bearing Port No.=1, Bearing Port Type=ETH, Transmission Resource Group ID=AUTOPORT, Subboard Type=BASE_BOARD, Slot No.=7, Subrack No.=0">
                <measResults>0 0 0 0 0 0 0 0 0 0 0 0 0 0 0 0 0 0 0 0 0 0 0 0 0 </measResults>
            </measValue>
        </measInfo>
        <measInfo measInfoId="1542455309">
            <granPeriod duration="PT3600S" endTime="2021-08-17T23:00:00+08:00"/>
            <repPeriod duration="PT3600S"/>
            <measTypes>1542455826 1542455827 1542455828 1542455829 1542455833 1542455834 1542455835 1542455836 1542455837 1542455838 1542455839 1542455840 1542455841 1542455842 1542455843 1542455844 1542455845 1542455846 1542455847 1542455848 </measTypes>
            <measValue measObjLdn="MMLG6283HUNB001/OMCH:Standby Status=MASTER, Bearer Type=IPV4">
                <measResults>613 170 0 0 0 0 0 0 0 453 0 0 636 0 0 0 0 587 0 49 </measResults>
            </measValue>
        </measInfo>
        <measInfo measInfoId="1542455815">
            <granPeriod duration="PT3600S" endTime="2021-08-17T23:00:00+08:00"/>
            <repPeriod duration="PT3600S"/>
            <measTypes>1542460340 1542460341 1542460342 1542460343 1542460496 1542460497 1542460498 1542460499 1542460500 1542460501 1542460502 1542460503 1542460504 1542460505 1542460506 1542460507 1542460510 </measTypes>
            <measValue measObjLdn="MMLG6283HUNB001/IKE:Board Type=UMPT, Cabinet No.=0, Subrack No.=0, Slot No.=7">
                <measResults>0 0 0 0 0 0 0 0 0 0 0 0 0 0 0 0 0 </measResults>
            </measValue>
        </measInfo>
        <measInfo measInfoId="1542455817">
            <granPeriod duration="PT3600S" endTime="2021-08-17T23:00:00+08:00"/>
            <repPeriod duration="PT3600S"/>
            <measTypes>1542460356 1542460357 1542460358 1542460359 1542460360 1542460361 1542460362 1542460363 1542460364 1542460365 1542460366 1542460367 1542460368 1542460369 1542460370 1542460371 1542460372 1542460373 1542460374 1542460375 1542460376 </measTypes>
            <measValue measObjLdn="MMLG6283HUNB001/SCTPLNK:Link No.=31">
                <measResults>5411791 9024685 75001 124865 0 47096 0 12029 31944 15176 20062 13589 110763 0 0 0 0 0 0 110763 13591 </measResults>
            </measValue>
            <measValue measObjLdn="MMLG6283HUNB001/SCTPLNK:Link No.=32">
                <measResults>8942713 9447391 283145 348229 0 41600 2512 19873 40824 5744 20995 134128 253972 0 0 0 0 0 0 253972 134128 </measResults>
            </measValue>
        </measInfo>
        <measInfo measInfoId="1542455818">
            <granPeriod duration="PT3600S" endTime="2021-08-17T23:00:00+08:00"/>
            <repPeriod duration="PT3600S"/>
            <measTypes>1542455526 1542455527 1542455528 1542455529 1542455530 1542455531 1542455532 1542455533 1542455534 1542455535 </measTypes>
            <measValue measObjLdn="MMLG6283HUNB001/USERPLANEHOST:User Plane Host ID=3">
                <measResults>7404257 8282791 502405638 2064206263 2511080 1116408 18053792 4586927 NIL NIL </measResults>
            </measValue>
        </measInfo>
        <measInfo measInfoId="1593835529">
            <granPeriod duration="PT3600S" endTime="2021-08-17T23:00:00+08:00"/>
            <repPeriod duration="PT3600S"/>
            <measTypes>1593835620 1593835628 1593835629 </measTypes>
            <measValue measObjLdn="MMLG6283HUNB001/NODE:NODE">
                <measResults>NIL 0.842 0 </measResults>
            </measValue>
        </measInfo>
        <measInfo measInfoId="1593835533">
            <granPeriod duration="PT3600S" endTime="2021-08-17T23:00:00+08:00"/>
            <repPeriod duration="PT3600S"/>
            <measTypes>1593835647 1593835648 1593835649 </measTypes>
            <measValue measObjLdn="MMLG6283HUNB001/NODE:NODE">
                <measResults>33012 32988 32995 </measResults>
            </measValue>
        </measInfo>
        <measInfo measInfoId="1593835531">
            <granPeriod duration="PT3600S" endTime="2021-08-17T23:00:00+08:00"/>
            <repPeriod duration="PT3600S"/>
            <measTypes>1593835630 1593835632 1593835633 1593835634 </measTypes>
            <measValue measObjLdn="MMLG6283HUNB001/BBUBoard:Board Type=UBBP, Cabinet No.=0, Subrack No.=0, Slot No.=2">
                <measResults>0 3 2 0 </measResults>
            </measValue>
            <measValue measObjLdn="MMLG6283HUNB001/BBUBoard:Board Type=UBBP, Cabinet No.=0, Subrack No.=0, Slot No.=3">
                <measResults>0 4 3 0 </measResults>
            </measValue>
            <measValue measObjLdn="MMLG6283HUNB001/BBUBoard:Board Type=UMPT, Cabinet No.=0, Subrack No.=0, Slot No.=7">
                <measResults>0 2 1 0 </measResults>
            </measValue>
        </measInfo>
        <measInfo measInfoId="1593835535">
            <granPeriod duration="PT3600S" endTime="2021-08-17T23:00:00+08:00"/>
            <repPeriod duration="PT3600S"/>
            <measTypes>1593835652 1593835653 1593835654 1593835655 1593835656 1593835657 1593835658 1593835659 1593835660 1593835661 1593835662 1593835663 1593835664 1593835665 1593835666 1593835667 1593835668 1593835669 1593835670 1593835671 </measTypes>
            <measValue measObjLdn="MMLG6283HUNB001/RADIOEQM:Cabinet No.=0, Subrack No.=60, Slot No.=0">
                <measResults>0 0 0 10 0 0 0 0 0 0 NIL NIL NIL NIL NIL NIL NIL NIL NIL NIL </measResults>
            </measValue>
            <measValue measObjLdn="MMLG6283HUNB001/RADIOEQM:Cabinet No.=0, Subrack No.=61, Slot No.=0">
                <measResults>0 0 0 0 0 0 0 0 0 0 NIL NIL NIL NIL NIL NIL NIL NIL NIL NIL </measResults>
            </measValue>
            <measValue measObjLdn="MMLG6283HUNB001/RADIOEQM:Cabinet No.=0, Subrack No.=62, Slot No.=0">
                <measResults>0 0 0 0 0 0 0 0 0 0 NIL NIL NIL NIL NIL NIL NIL NIL NIL NIL </measResults>
            </measValue>
            <measValue measObjLdn="MMLG6283HUNB001/RADIOEQM:Cabinet No.=0, Subrack No.=80, Slot No.=0">
                <measResults>0 0 0 0 0 0 0 0 0 0 NIL NIL NIL NIL NIL NIL NIL NIL NIL NIL </measResults>
            </measValue>
            <measValue measObjLdn="MMLG6283HUNB001/RADIOEQM:Cabinet No.=0, Subrack No.=81, Slot No.=0">
                <measResults>0 0 0 0 0 0 0 0 0 0 NIL NIL NIL NIL NIL NIL NIL NIL NIL NIL </measResults>
            </measValue>
            <measValue measObjLdn="MMLG6283HUNB001/RADIOEQM:Cabinet No.=0, Subrack No.=82, Slot No.=0">
                <measResults>0 0 0 0 0 0 0 0 0 0 NIL NIL NIL NIL NIL NIL NIL NIL NIL NIL </measResults>
            </measValue>
        </measInfo>
        <measInfo measInfoId="1593835539">
            <granPeriod duration="PT3600S" endTime="2021-08-17T23:00:00+08:00"/>
            <repPeriod duration="PT3600S"/>
            <measTypes>1593835767 </measTypes>
            <measValue measObjLdn="MMLG6283HUNB001/RADIOEQM:Cabinet No.=0, Subrack No.=60, Slot No.=0">
                <measResults>3600 </measResults>
            </measValue>
            <measValue measObjLdn="MMLG6283HUNB001/RADIOEQM:Cabinet No.=0, Subrack No.=61, Slot No.=0">
                <measResults>3600 </measResults>
            </measValue>
            <measValue measObjLdn="MMLG6283HUNB001/RADIOEQM:Cabinet No.=0, Subrack No.=62, Slot No.=0">
                <measResults>3600 </measResults>
            </measValue>
            <measValue measObjLdn="MMLG6283HUNB001/RADIOEQM:Cabinet No.=0, Subrack No.=80, Slot No.=0">
                <measResults>3600 </measResults>
            </measValue>
            <measValue measObjLdn="MMLG6283HUNB001/RADIOEQM:Cabinet No.=0, Subrack No.=81, Slot No.=0">
                <measResults>3600 </measResults>
            </measValue>
            <measValue measObjLdn="MMLG6283HUNB001/RADIOEQM:Cabinet No.=0, Subrack No.=82, Slot No.=0">
                <measResults>3600 </measResults>
            </measValue>
        </measInfo>
        <measInfo measInfoId="1593835544">
            <granPeriod duration="PT3600S" endTime="2021-08-17T23:00:00+08:00"/>
            <repPeriod duration="PT3600S"/>
            <measTypes>1593835835 </measTypes>
            <measValue measObjLdn="MMLG6283HUNB001/BU:Cabinet No.=0, Subrack No.=0">
                <measResults>0.17033499 </measResults>
            </measValue>
        </measInfo>
        <measInfo measInfoId="1593835545">
            <granPeriod duration="PT3600S" endTime="2021-08-17T23:00:00+08:00"/>
            <repPeriod duration="PT3600S"/>
            <measTypes>1593835836 </measTypes>
            <measValue measObjLdn="MMLG6283HUNB001/BTSBoard:Cabinet No.=0, Subrack No.=60, Slot No.=0">
                <measResults>0.15321833 </measResults>
            </measValue>
            <measValue measObjLdn="MMLG6283HUNB001/BTSBoard:Cabinet No.=0, Subrack No.=61, Slot No.=0">
                <measResults>0.142465 </measResults>
            </measValue>
            <measValue measObjLdn="MMLG6283HUNB001/BTSBoard:Cabinet No.=0, Subrack No.=62, Slot No.=0">
                <measResults>0.1540325 </measResults>
            </measValue>
            <measValue measObjLdn="MMLG6283HUNB001/BTSBoard:Cabinet No.=0, Subrack No.=80, Slot No.=0">
                <measResults>0.095730834 </measResults>
            </measValue>
            <measValue measObjLdn="MMLG6283HUNB001/BTSBoard:Cabinet No.=0, Subrack No.=81, Slot No.=0">
                <measResults>0.11161833 </measResults>
            </measValue>
            <measValue measObjLdn="MMLG6283HUNB001/BTSBoard:Cabinet No.=0, Subrack No.=82, Slot No.=0">
                <measResults>0.099821657 </measResults>
            </measValue>
        </measInfo>
        <measInfo measInfoId="50331648">
            <granPeriod duration="PT3600S" endTime="2021-08-17T23:00:00+08:00"/>
            <repPeriod duration="PT3600S"/>
            <measTypes>50331654 50331655 50331656 50331657 50331658 50331659 50331660 50331661 50331662 50331663 50331664 50331665 50331666 50331667 50331668 50331669 50331670 50331671 50331672 50331673 50331674 50331675 50331676 50331677 50331678 50331679 50331680 50331681 50331682 50331683 50331684 50331685 50331686 50331687 50331688 50331689 50331690 50331691 50331692 50331693 50331694 50331695 50331696 50331697 50331698 50331699 50331709 50331710 50331711 50331712 50331713 50331714 50331717 50331718 50331719 50331720 50331721 50331722 50331723 50331724 50331745 50331746 50331754 50331755 50331756 50331757 50331758 50331759 50331760 50331761 50331762 50331763 50331764 50331765 50331766 50331767 50331768 50331769 50331770 50331771 50331772 50331773 50331774 50331775 50331776 50331777 50331778 50331779 50331780 50331781 50331782 50331783 50331784 50331785 50331786 50331787 50331788 50331789 50331790 50331791 50331792 50331793 50331794 50331795 50331796 50331797 50331798 50331799 50331800 50331801 50331802 50331803 50331804 50331805 50331806 50331807 50331808 50331809 50331810 50331811 50331812 50331813 50331814 50331815 50331816 50331817 50331818 50331819 50331820 50331821 50331838 50331839 50331840 50332168 50332169 50332170 50332173 50332174 50332215 50332216 50332217 50341648 50341649 50341650 50341651 50341652 50341653 50341654 50341655 50341656 50341657 50341658 50341659 50341668 50341669 50341670 50341671 50341672 50341675 50341676 50341677 50341678 50341679 50341680 50341685 50341686 50341687 50341688 50341689 50341690 50341691 50341692 50341693 50341694 50341695 50341696 50341697 50341698 50341699 50341700 50341701 50341702 50341703 50341704 50341705 50341706 50341707 50341708 50341709 50341710 50341711 50341712 50341713 50341714 50341715 50341716 50341717 50341722 50341739 50341740 </measTypes>
            <measValue measObjLdn="MMLG6283HUNB001/ULoCell:NodeB Function Name=MMLG6283HUNB001, Local Cell ID=12071, Cell Name=MCEARU1">
                <measResults>125426 11814 74921 107827 13172 2943 890 594 0 0 0 0 0 0 18839 484 567 1016 870 605 1563 1291 2623 3042 5170 6264 9660 14872 20834 56174 94197 118289 148880 87643 60384 32073 24680 29829 19894 17713 16843 11321 6684 3964 2583 2561 10685 171862 0 0 0 0 0 0 0 0 0 116050 85439 212174 232423 781686674 0 28132 5421 217 807 845 595 12983 3985 1349 1045 5795 23990 23738 3700 9471 4967 7187 3129 7259 14070 2907 4434 3069 6207 4822 7908 5990 5257 3404 2784 6402 0 0 0 0 0 0 0 0 0 0 0 0 0 0 0 0 0 0 0 0 0 0 0 0 0 0 0 0 0 0 0 0 0 0 0 0 781390896 209355 14048 0 0 0 0 0 0 0 0 29 199 4 48 622 2 29 243 48 404 1000 116 215211 3577459 8790 215211 1855267 3 36 0 40 539 1 0 15 0 0.65 8.704 13.397 14 0.025 7 51 1 0 0 0 0 0 0 NIL 857 871 811 0 0 0 0 0 0 0 0 0 0 0 0 18686 0 0 </measResults>
            </measValue>
            <measValue measObjLdn="MMLG6283HUNB001/ULoCell:NodeB Function Name=MMLG6283HUNB001, Local Cell ID=12072, Cell Name=MCEARU2">
                <measResults>308043 49360 47546 255200 47358 3696 1258 531 0 0 0 0 0 0 8953 359 528 820 585 665 1350 1789 3683 6211 14470 20367 30471 39316 51409 87031 72819 120470 111504 179748 155601 141859 127779 122764 92847 97075 132872 108683 82815 57620 46363 62439 102871 395257 0 0 0 0 0 0 0 0 0 141475 160614 404960 472841 3344646859 0 52321 14073 494 1104 2953 1010 26750 6396 1791 1152 6517 4959 8206 3339 5785 5021 9833 7138 21394 21026 6199 10350 7583 13850 10802 13608 16144 15728 16011 18088 75023 0 0 0 0 0 0 0 0 0 0 0 0 0 0 0 0 0 0 0 0 0 0 0 0 0 0 0 0 0 0 0 0 0 0 0 0 3343063610 398423 37347 0 0 0 0 0 0 0 0 56 231 1 138 820 0 56 239 138 591 1000 221 923117 6467654 670 923117 4177000 6 61 0 110 703 0 0 19 0 1.802 11.127 13.021 14 0.006 20 66 2 0 0 0 0 0 0 NIL 839 867 748 0 0 0 0 0 0 0 0 0 0 0 0 22235 0 0 </measResults>
            </measValue>
            <measValue measObjLdn="MMLG6283HUNB001/ULoCell:NodeB Function Name=MMLG6283HUNB001, Local Cell ID=12073, Cell Name=MCEARU3">
                <measResults>153422 13523 94495 131519 14393 3591 2389 1530 0 0 0 0 0 0 16129 271 296 184 217 185 334 271 503 591 1054 1498 2151 2583 3268 5351 4080 7497 7877 14134 14199 14918 17246 18058 18713 22998 32873 30630 12837 3751 1042 1015 27352 261030 0 0 0 0 0 0 0 0 0 138215 95920 261487 279567 1271377295 0 16469 5775 504 489 1463 1148 4859 3961 2356 1329 5719 4056 17945 3822 7939 8443 26750 15445 14703 32744 6529 11324 3650 8046 3665 6987 8477 8787 7340 6090 11815 0 0 0 0 0 0 0 0 0 0 0 0 0 0 0 0 0 0 0 0 0 0 0 0 0 0 0 0 0 0 0 0 0 0 0 0 1270520455 265616 23987 0 0 0 0 0 0 0 0 36 270 0 70 467 0 44 234 85 452 817 147 350251 3627851 0 428704 2382660 5 46 0 60 391 0 0 0 0 0.97 6.54 13.846 14.003 0 12 37 0 0 0 0 0 0 0 NIL 865 873 818 0 0 0 0 0 0 0 0 0 0 0 0 21157 0 0 </measResults>
            </measValue>
            <measValue measObjLdn="MMLG6283HUNB001/ULoCell:NodeB Function Name=MMLG6283HUNB001, Local Cell ID=52071, Cell Name=MCEARN4">
                <measResults>170377 22834 357275 121026 29557 10937 5049 3808 0 0 0 0 0 0 86183 120 678 768 254 692 1322 1920 3792 6544 11113 14514 22043 30073 41770 56736 43330 52736 30227 25936 14722 13063 13094 11037 8874 8310 9921 6112 2574 1111 430 418 946 549728 0 0 0 0 0 0 0 0 0 252696 296903 550545 575950 1031869383 0 56091 8695 849 6455 3968 3039 10332 1938 1562 1934 6226 6359 10952 10428 20463 29621 17759 22950 55626 140093 44041 39436 24794 19834 2936 2307 812 302 115 128 489 0 0 0 0 0 0 0 0 0 0 0 0 0 0 0 0 0 0 0 0 0 0 0 0 0 0 0 0 0 0 0 0 0 0 0 0 1031813244 537640 6270 0 0 0 0 0 0 0 0 76 302 0 213 887 0 80 254 224 715 953 298 283790 2060592 0 297786 952315 15 88 0 185 788 0 0 7 0 2.945 12.412 13.769 14 0 3 29 0 0 0 0 0 0 0 NIL 855 871 821 0 0 0 0 0 0 0 0 0 0 0 0 13794 0 0 </measResults>
            </measValue>
            <measValue measObjLdn="MMLG6283HUNB001/ULoCell:NodeB Function Name=MMLG6283HUNB001, Local Cell ID=52072, Cell Name=MCEARN5">
                <measResults>62291 6361 101627 50884 7156 2379 1103 769 0 0 0 0 0 0 25964 125 348 418 621 1107 1879 2684 3651 5375 8274 11254 14821 20235 30584 45501 48775 38784 25710 18306 16288 18690 23189 24748 29990 31926 60169 50579 47135 21595 10686 3586 10505 170298 0 0 0 0 0 0 0 0 0 47131 112695 170331 173927 262621756 0 36672 9521 362 1728 2029 1199 14895 1657 4808 2589 6772 6603 7635 2922 3764 3403 3222 2867 6659 21724 1669 2635 1370 3982 648 4164 2100 1286 3062 1701 6423 0 0 0 0 0 0 0 0 0 0 0 0 0 0 0 0 0 0 0 0 0 0 0 0 0 0 0 0 0 0 0 0 0 0 0 0 262568628 166586 10287 0 0 0 0 0 0 0 0 23 267 0 36 664 0 25 238 39 370 940 92 71917 1685866 0 76507 781707 4 99 0 32 688 0 0 0 0 0.502 9.302 13.692 14 0 5 28 0 0 0 0 0 0 0 NIL 855 871 791 0 0 0 0 0 0 0 0 0 0 0 0 20092 0 0 </measResults>
            </measValue>
            <measValue measObjLdn="MMLG6283HUNB001/ULoCell:NodeB Function Name=MMLG6283HUNB001, Local Cell ID=52073, Cell Name=MCEARN6">
                <measResults>476020 96815 34634 384027 77802 10418 2968 805 0 0 0 0 0 0 4939 24 2294 916 912 2830 5469 8254 11818 15713 22693 29752 37583 44001 49953 61996 67808 84920 82575 76984 66242 52804 59768 59377 68680 64882 119751 136190 179580 132113 84910 27025 75948 606122 0 0 0 0 0 0 0 0 0 277300 254245 607493 651330 3836995866 0 90085 5291 699 695 3953 4947 30983 8550 5191 3112 11135 10846 14197 9521 15580 11082 22801 15358 24193 33330 37000 31442 23993 37060 18509 19052 20439 19508 17864 20438 40570 0 0 0 0 0 0 0 0 0 0 0 0 0 0 0 0 0 0 0 0 0 0 0 0 0 0 0 0 0 0 0 0 0 0 0 0 3836646654 558621 5134 0 0 0 0 0 0 0 0 84 286 22 195 810 10 84 268 195 623 1000 310 1056067 6023318 58597 1056067 3406668 9 153 1 165 745 4 0 11 0 2.626 10.532 13.433 14 0.146 2 77 3 0 0 0 0 0 0 NIL 850 871 787 0 0 0 0 0 0 0 0 0 0 0 0 21029 0 0 </measResults>
            </measValue>
            <measValue measObjLdn="MMLG6283HUNB001/ULoCell:NodeB Function Name=MMLG6283HUNB001, Local Cell ID=62071, Cell Name=MCEARN1">
                <measResults>50567 10936 111822 38869 8844 1678 623 553 0 0 0 0 0 0 32127 195 619 863 349 552 1008 1056 1896 2482 3804 5194 7343 9525 12157 16458 19687 28419 35430 38517 31942 22186 15355 12296 14419 17575 25771 18577 12007 9857 6332 6127 4060 170070 0 0 0 0 0 0 0 0 0 53141 116225 173426 200113 222690416 0 40970 7825 192 6362 2534 2573 10348 2213 2266 566 4252 1978 3839 2077 4287 5146 3207 2778 16766 29174 2414 2536 2132 5952 930 3248 1829 1062 814 557 2592 0 0 0 0 0 0 0 0 0 0 0 0 0 0 0 0 0 0 0 0 0 0 0 0 0 0 0 0 0 0 0 0 0 0 0 0 222593088 186245 25689 0 0 0 0 0 0 0 0 24 231 0 43 511 0 29 223 53 401 806 103 61186 712638 0 75913 594039 4 48 0 36 470 0 0 0 0 0.572 6.884 13.259 14 0 14 35 0 0 0 0 0 0 0 NIL 851 871 780 0 0 0 0 0 0 0 0 0 0 0 0 19285 0 0 </measResults>
            </measValue>
            <measValue measObjLdn="MMLG6283HUNB001/ULoCell:NodeB Function Name=MMLG6283HUNB001, Local Cell ID=62072, Cell Name=MCEARN2">
                <measResults>120885 35293 42674 83127 33615 3149 689 305 0 0 0 0 0 0 10274 50 103 63 108 121 284 448 1425 4326 11388 21507 38001 52391 54388 47546 51738 58545 50764 39938 30085 24118 22022 19961 17912 14214 13360 7370 3277 1442 1079 1440 3029 194711 0 0 0 0 0 0 0 0 0 113545 82293 198867 206294 841119015 0 30683 4362 201 1209 2181 2563 4723 2772 474 436 1919 4239 3348 2196 6414 6171 4546 3856 7409 20799 6911 9603 15315 29928 3498 12227 4519 2461 2065 1095 659 0 0 0 0 0 0 0 0 0 0 0 0 0 0 0 0 0 0 0 0 0 0 0 0 0 0 0 0 0 0 0 0 0 0 0 0 840950647 195551 6574 0 0 0 0 0 0 0 0 27 164 0 62 503 0 32 247 73 566 853 108 230968 1697597 0 270771 2138593 4 31 0 54 428 0 0 2 0 0.85 7.016 13.548 14 0 3 27 0 0 0 0 0 0 0 NIL 857 874 809 0 0 0 0 0 0 0 0 0 0 0 0 17841 0 0 </measResults>
            </measValue>
            <measValue measObjLdn="MMLG6283HUNB001/ULoCell:NodeB Function Name=MMLG6283HUNB001, Local Cell ID=62073, Cell Name=MCEARN3">
                <measResults>257605 30387 79548 223904 26629 4364 1630 1078 0 0 0 0 0 0 16599 95 1998 1448 448 1283 2128 3080 4822 6506 10114 14023 18897 25841 33252 43992 46462 54125 63665 75406 101916 91965 102815 91195 105243 106194 189285 175515 168111 120096 72596 37419 25456 353834 0 0 0 0 0 0 0 0 0 116184 225950 367590 374351 1001663101 0 110880 20112 326 1154 7729 649 51306 9430 2279 1362 11367 4858 9120 2986 6836 4048 8615 3540 10254 10420 5068 7544 6369 17203 4549 14980 7419 6649 5283 4337 10794 0 0 0 0 0 0 0 0 0 0 0 0 0 0 0 0 0 0 0 0 0 0 0 0 0 0 0 0 0 0 0 0 0 0 0 0 1000801769 336289 21747 0 0 0 0 0 0 0 0 51 187 11 59 406 5 51 251 59 292 1000 186 274363 2253342 0 274363 1475070 6 41 1 44 329 2 0 0 0 0.769 5.284 12.929 13.747 0.071 11 78 4 0 0 0 0 0 0 NIL 839 863 777 0 0 0 0 0 0 0 0 0 0 0 0 22400 0 0 </measResults>
            </measValue>
        </measInfo>
        <measInfo measInfoId="50331650">
            <granPeriod duration="PT3600S" endTime="2021-08-17T23:00:00+08:00"/>
            <repPeriod duration="PT3600S"/>
            <measTypes>50332548 50332549 50332550 50332554 50342548 50342549 50342550 50342554 50342612 50342613 50342615 50342616 </measTypes>
            <measValue measObjLdn="MMLG6283HUNB001/ULoCell:NodeB Function Name=MMLG6283HUNB001, Local Cell ID=12071, Cell Name=MCEARU1">
                <measResults>0 0 10.108 4.451 0 0 30.5 10 0 0 0 0 </measResults>
            </measValue>
            <measValue measObjLdn="MMLG6283HUNB001/ULoCell:NodeB Function Name=MMLG6283HUNB001, Local Cell ID=12072, Cell Name=MCEARU2">
                <measResults>0 0 18.391 7.85 0 0 35 17 0 0 0 0 </measResults>
            </measValue>
            <measValue measObjLdn="MMLG6283HUNB001/ULoCell:NodeB Function Name=MMLG6283HUNB001, Local Cell ID=12073, Cell Name=MCEARU3">
                <measResults>0 0 5.457 2.315 0 0 15 9 0 0 0 0 </measResults>
            </measValue>
            <measValue measObjLdn="MMLG6283HUNB001/ULoCell:NodeB Function Name=MMLG6283HUNB001, Local Cell ID=52071, Cell Name=MCEARN4">
                <measResults>0 0 5.887 2.599 0 0 15 8 0 0 0 0 </measResults>
            </measValue>
            <measValue measObjLdn="MMLG6283HUNB001/ULoCell:NodeB Function Name=MMLG6283HUNB001, Local Cell ID=52072, Cell Name=MCEARN5">
                <measResults>0 0 6.842 3.008 0 0 14.5 8 0 0 0 0 </measResults>
            </measValue>
            <measValue measObjLdn="MMLG6283HUNB001/ULoCell:NodeB Function Name=MMLG6283HUNB001, Local Cell ID=52073, Cell Name=MCEARN6">
                <measResults>0 0 14.59 4.625 0 0 27.5 11 0 0 0 0 </measResults>
            </measValue>
            <measValue measObjLdn="MMLG6283HUNB001/ULoCell:NodeB Function Name=MMLG6283HUNB001, Local Cell ID=62071, Cell Name=MCEARN1">
                <measResults>0 0 7.642 3.911 0 0 18 11 0 0 0 0 </measResults>
            </measValue>
            <measValue measObjLdn="MMLG6283HUNB001/ULoCell:NodeB Function Name=MMLG6283HUNB001, Local Cell ID=62072, Cell Name=MCEARN2">
                <measResults>0 0 6.815 3.106 0 0 17 10 0 0 0 0 </measResults>
            </measValue>
            <measValue measObjLdn="MMLG6283HUNB001/ULoCell:NodeB Function Name=MMLG6283HUNB001, Local Cell ID=62073, Cell Name=MCEARN3">
                <measResults>0 0 19.387 7.169 0 0 33.5 14 0 0 0 0 </measResults>
            </measValue>
        </measInfo>
        <measInfo measInfoId="50331651">
            <granPeriod duration="PT3600S" endTime="2021-08-17T23:00:00+08:00"/>
            <repPeriod duration="PT3600S"/>
            <measTypes>50331850 50331851 50331852 50331853 50331854 50331855 50331856 50331857 50331858 50331859 50331860 50331861 50331862 50331863 50331864 50331865 50331866 50331867 50331868 50331869 50331870 50331871 50331872 50331873 50331874 50331875 50331876 50331877 50331878 50331879 50331885 50331886 50331887 50331888 50331889 50331892 50331903 50331904 50331908 50331925 50331926 50331927 50331928 50331929 50331930 50331931 50331957 50331958 50331959 50331961 50331962 50331963 50331964 50331965 50331966 50331967 50331971 50331972 50331973 50331974 50331987 50331988 50331989 50331990 50331991 50331992 50331993 50331995 50332378 50332379 50332380 50332385 50332386 50332387 50332498 50332499 50332500 50332501 50332503 50332507 50332623 50332638 50341849 50341850 50341851 50341852 50341853 50341854 50341855 50341856 50341857 50341858 50341859 50341864 50341865 50341866 50341868 50341869 50341870 50341871 50341872 50341873 50341874 50341875 50341876 50341877 50341878 50341879 50341880 50341881 50341882 50341883 50341884 50341885 50341886 50341887 50341888 50341889 50341890 50341891 50341892 50341893 50341894 50341895 50341896 50341897 50341898 50341980 50341981 50341982 50341983 50341984 50341985 50341986 50341994 50361698 50361699 50361701 </measTypes>
            <measValue measObjLdn="MMLG6283HUNB001/ULoCell:NodeB Function Name=MMLG6283HUNB001, Local Cell ID=12071, Cell Name=MCEARU1">
                <measResults>0 0 0 9 289 9654 118713 471816 1031901 154139 10231 2353 512 148 80 48 26 12 9 5 8 4 3 2 0 45 88 270705 1784272 765504 276358 88526 5713719 134215 62920 8 318 259 224567 765447 1603 191 0 0 0 0 0 0 0 962510 3065 197 0 0 0 0 20404 12579 4822 31117 530 2600 5287 18851 45649 37420 5663 268650 76875 37464 40455 0.304 27735 51715 0 0 NIL NIL 0 0.244 0 0 40 0.535 3.241 0.013 0.091 5 0 0 0 51 0 36 35 0 NIL NIL 1.429 0.042 0.001 0 0 0 183360.828 1604.232 111.666 0 0 0 0 183361.25 2.054 0.072 0.043 0.024 0.034 0.004 0 0 1.319 0 0 48 NIL NIL 716 180.36 552.768 1075.866 4244.562 12619.392 12981.442 4607.472 28075.531 0 NIL 0 </measResults>
            </measValue>
            <measValue measObjLdn="MMLG6283HUNB001/ULoCell:NodeB Function Name=MMLG6283HUNB001, Local Cell ID=12072, Cell Name=MCEARU2">
                <measResults>33 5004 70220 329220 581845 500790 212061 61032 26216 6498 3643 1935 469 313 164 108 72 63 38 34 39 69 94 23 0 24 387 767542 1800007 1553094 855234 431109 9155699 797348 413770 10 443 619 784679 208510 2308 962 285 285 0 0 4 0 4 537546 3354 1330 295 295 0 0 199483 48325 38105 175259 531 1463 5166 27302 124643 180832 49022 1555805 284839 156568 159469 1.05 124479 171126 0 0 NIL NIL 0 0.85 0 0 61 1.831 5.816 0.073 0.197 21 0 0 0 78 0 207 174 0 NIL NIL 1.849 0.078 0.002 0.001 0 0 98471.086 2134.188 901.872 203.352 203.352 0 0 355907.563 4.613 0.178 0.072 0.038 0.053 0.007 0.001 0 1.653 0 0 67 NIL NIL 811 166.794 576.342 1508.946 6668.508 30692.246 45872.184 20688.783 123336.539 0 NIL 0 </measResults>
            </measValue>
            <measValue measObjLdn="MMLG6283HUNB001/ULoCell:NodeB Function Name=MMLG6283HUNB001, Local Cell ID=12073, Cell Name=MCEARU3">
                <measResults>0 0 0 0 0 0 0 0 0 0 0 0 0 1390 612205 1175729 8473 1364 397 189 126 42 12 23 11 45 2801 122799 1652973 296301 194040 30775 2684955 178128 27616 22 50 230 246808 296301 296301 296301 296301 296301 65 0 4 0 3 313431 313431 313431 313431 313431 89 0 1242 295 3438 156439 331 312 443 3210 11940 21899 7436 6940 95544 173923 17258 0.102 77443 24171 0 0 NIL NIL 0 0.024 0 0 40 0.174 1.18 0.008 0.041 0 5 0 0 90 0 9 10 844 NIL NIL 0.97 0.056 0 0 0 0 116764.664 116764.664 116764.664 116764.664 116764.664 37.266 0 116764.664 0.585 0.022 0.014 0.006 0.009 0 0 0 0.83 0 212 29 NIL NIL 25 140.556 145.776 146.652 1062.558 4941.692 9496.698 3051.75 1575.72 0 NIL 0 </measResults>
            </measValue>
            <measValue measObjLdn="MMLG6283HUNB001/ULoCell:NodeB Function Name=MMLG6283HUNB001, Local Cell ID=52071, Cell Name=MCEARN4">
                <measResults>0 0 0 0 0 0 0 0 0 0 0 0 0 0 0 0 0 133 16437 312475 1297595 137432 15238 10463 1847 8405 1800025 2107535 1800025 1536993 1333709 409444 4378625 520669 162975 36 208 842 722701 1537022 1537022 1537022 1537022 1537022 1537022 4670 144 0 137 3400766 3400766 3400766 3400766 3400766 3400766 23822 2866 3483 2087 321055 1422 5201 33667 298361 170591 36953 7913 758191 60485 37438 150152 0.958 13447 53168 0 0 NIL NIL 0 0.606 0 0 271 1.879 8.387 0.062 0.417 22 28 0 0 90 0 444 22 1000 NIL NIL 1.545 0.05 0 0 0 0 305677.063 305677.063 305677.063 305677.063 305677.063 305677.063 828.084 305677.063 2.581 0.1 0.012 0.004 0.014 0.001 0 0 0.98 0 360 3 NIL NIL 629 139.89 429.666 2648.478 22917.203 15844.848 7517.574 1704.048 47087.652 0 NIL 0 </measResults>
            </measValue>
            <measValue measObjLdn="MMLG6283HUNB001/ULoCell:NodeB Function Name=MMLG6283HUNB001, Local Cell ID=52072, Cell Name=MCEARN5">
                <measResults>0 0 0 0 0 0 0 0 0 0 0 0 0 0 0 0 0 0 0 0 0 347787 1283384 59418 18281 91151 1800021 1272548 1797823 1388244 633428 119731 5277633 419694 73217 6 180 739 407850 1388283 1388283 1388283 1388283 1388283 1388283 1318865 391 0 322 2285993 2285993 2285993 2285993 2285993 2285993 2203543 14944 21428 23069 153278 314 1828 3948 97006 66373 82547 105901 1004598 46738 36578 86134 0.826 16827 33836 0 0 NIL NIL 0 0.632 0 0 168 1.27 5.121 0.022 0.102 22 11 0 0 66 0 160 62 1000 NIL NIL 0.811 0.002 0 0 0 0 107040.18 107040.18 107040.18 107040.18 107040.18 107040.18 101919.547 107040.18 3.346 0.021 0.003 0.001 0 0 0 0 0.683 0 355 4 NIL NIL 662 31.752 174.882 318.468 7419.87 5635.704 9079.158 11084.328 30623.539 0 NIL 0 </measResults>
            </measValue>
            <measValue measObjLdn="MMLG6283HUNB001/ULoCell:NodeB Function Name=MMLG6283HUNB001, Local Cell ID=52073, Cell Name=MCEARN6">
                <measResults>0 0 0 0 0 0 0 0 0 0 44 21367 486727 845431 304182 87530 31548 9484 4014 3134 2835 1614 577 329 93 1115 24951 1828239 1800024 1578845 1311852 203906 6806037 1135161 117692 9 320 694 1245091 1578821 1578821 1578821 1281632 445139 7076 244 11 0 10 3576263 3576263 3576263 3101974 1303831 23457 594 56529 121517 99055 473278 1291 10563 31216 121236 157759 123791 148046 1086996 408287 493469 265867 0.836 207024 226949 0 0 NIL NIL 0 0.554 0 0 176 1.982 6.826 0.074 0.343 18 5 0 0 68 0 169 110 50 NIL NIL 1.777 0.076 0 0 0 0 478670.75 478670.75 478670.75 421073.625 185056.234 1698.216 21.672 478670.75 3.419 0.33 0.078 0.024 0.038 0.004 0.001 0 1.166 0 73 26 NIL NIL 387 298.59 2205.018 7178.13 32636.623 44152.66 28218.516 38784.492 111090.195 0 NIL 0 </measResults>
            </measValue>
            <measValue measObjLdn="MMLG6283HUNB001/ULoCell:NodeB Function Name=MMLG6283HUNB001, Local Cell ID=62071, Cell Name=MCEARN1">
                <measResults>0 0 0 0 0 0 0 0 0 0 0 0 0 0 0 0 0 0 0 0 0 0 803288 890406 39518 66815 1800027 1879508 1788693 1367922 673544 93400 6375377 229968 31391 10 173 833 459640 1367922 1367922 1367922 1367922 1367922 1367922 1367922 200 0 194 2306583 2306583 2306583 2306583 2306583 2306583 2306583 5051 8575 12488 101397 1275 1523 4976 37390 67538 101141 91568 215802 40762 20458 97206 1.036 8348 36169 0 0 NIL NIL 0 0.796 0 0 216 1.281 4.703 0.015 0.127 3 9 0 0 90 0 36 22 1000 NIL NIL 0.871 0.002 0 0 0 0 145278.344 145278.344 145278.344 145278.344 145278.344 145278.344 145278.344 145278.344 3.912 0.019 0.003 0.001 0.001 0 0 0 0.718 0 207 1 NIL NIL 325 162.276 125.418 453.612 3203.64 6051.474 8619.864 7608.924 11933.256 0 NIL 0 </measResults>
            </measValue>
            <measValue measObjLdn="MMLG6283HUNB001/ULoCell:NodeB Function Name=MMLG6283HUNB001, Local Cell ID=62072, Cell Name=MCEARN2">
                <measResults>0 0 0 0 0 0 0 0 0 0 0 0 0 0 0 0 0 0 0 0 0 0 0 1523493 38314 238218 1800025 1727637 1728700 1314958 470644 78311 3866896 359386 65325 8 308 695 690509 1314975 1314975 1314975 1314975 1314975 1314975 1314975 137 0 128 2041095 2041095 2041095 2041095 2041095 2041095 2041095 6006 18184 27764 42055 46 1146 8703 57819 124207 110167 16251 748444 58720 12340 165034 0.534 4360 60039 0 0 NIL NIL 0 0.458 0 0 292 1.134 4.068 0.021 0.156 19 20 0 0 90 0 100 74 1000 NIL NIL 0.498 0 0 0 0 0 90100.688 90100.688 90100.688 90100.688 90100.688 90100.688 90100.688 90100.688 2.75 0.013 0.002 0.001 0 0 0 0 0.427 0 338 1 NIL NIL 556 8.184 113.796 733.56 4721.232 10109.586 9237.006 1615.578 18232.314 0 NIL 0 </measResults>
            </measValue>
            <measValue measObjLdn="MMLG6283HUNB001/ULoCell:NodeB Function Name=MMLG6283HUNB001, Local Cell ID=62073, Cell Name=MCEARN3">
                <measResults>0 0 0 0 0 0 0 0 0 0 0 0 0 0 0 0 0 0 1082 266358 1303393 145148 39189 15289 1892 27675 1800026 5150048 1800026 1766537 2345118 242927 8043159 2195413 191839 8 304 977 1513140 1766511 1766511 1766511 1766511 1766511 1766511 10221 1415 0 1193 5815244 5815244 5815244 5815244 5815244 5815244 35229 106525 189071 183625 1142402 3470 6834 21069 159722 552917 691887 708828 2224922 264756 260895 506542 2.91 93447 196628 0 0 NIL NIL 0 1.68 0 0 371 3.231 7.879 0.044 0.172 32 42 0 0 59 0 652 88 1000 NIL NIL 2.238 0.003 0 0 0 0 342886.594 342886.594 342886.594 342886.594 342886.594 342886.594 1766.298 342886.594 5.375 0.049 0.01 0.003 0.003 0 0 0 1.473 0 669 3 NIL NIL 380 341.298 627.276 1832.73 13522.528 48495.652 68750.57 88605.453 133803.5 0 NIL 0 </measResults>
            </measValue>
        </measInfo>
        <measInfo measInfoId="50331653">
            <granPeriod duration="PT3600S" endTime="2021-08-17T23:00:00+08:00"/>
            <repPeriod duration="PT3600S"/>
            <measTypes>50331748 50331749 50331750 50331751 50331752 50331753 50361697 </measTypes>
            <measValue measObjLdn="MMLG6283HUNB001/ULoCell:NodeB Function Name=MMLG6283HUNB001, Local Cell ID=12071, Cell Name=MCEARU1">
                <measResults>0.278 0.214 0.278 0.185 0 0 0.381 </measResults>
            </measValue>
            <measValue measObjLdn="MMLG6283HUNB001/ULoCell:NodeB Function Name=MMLG6283HUNB001, Local Cell ID=12072, Cell Name=MCEARU2">
                <measResults>1.092 0.742 1.092 0.688 0 0 0.429 </measResults>
            </measValue>
            <measValue measObjLdn="MMLG6283HUNB001/ULoCell:NodeB Function Name=MMLG6283HUNB001, Local Cell ID=12073, Cell Name=MCEARU3">
                <measResults>0.646 0.443 0.646 0.254 0 0 0.167 </measResults>
            </measValue>
            <measValue measObjLdn="MMLG6283HUNB001/ULoCell:NodeB Function Name=MMLG6283HUNB001, Local Cell ID=52071, Cell Name=MCEARN4">
                <measResults>0.189 0.179 0.189 0.179 0 0 0.008 </measResults>
            </measValue>
            <measValue measObjLdn="MMLG6283HUNB001/ULoCell:NodeB Function Name=MMLG6283HUNB001, Local Cell ID=52072, Cell Name=MCEARN5">
                <measResults>0.24 0.211 0.24 0.208 0 0 0.016 </measResults>
            </measValue>
            <measValue measObjLdn="MMLG6283HUNB001/ULoCell:NodeB Function Name=MMLG6283HUNB001, Local Cell ID=52073, Cell Name=MCEARN6">
                <measResults>0.785 0.726 0.785 0.712 0 0 0.031 </measResults>
            </measValue>
            <measValue measObjLdn="MMLG6283HUNB001/ULoCell:NodeB Function Name=MMLG6283HUNB001, Local Cell ID=62071, Cell Name=MCEARN1">
                <measResults>0.044 0.036 0.044 0.036 0 0 0.12 </measResults>
            </measValue>
            <measValue measObjLdn="MMLG6283HUNB001/ULoCell:NodeB Function Name=MMLG6283HUNB001, Local Cell ID=62072, Cell Name=MCEARN2">
                <measResults>0.063 0.044 0.063 0.043 0 0 0.067 </measResults>
            </measValue>
            <measValue measObjLdn="MMLG6283HUNB001/ULoCell:NodeB Function Name=MMLG6283HUNB001, Local Cell ID=62073, Cell Name=MCEARN3">
                <measResults>1.551 1.344 1.551 1.328 0 0 0.069 </measResults>
            </measValue>
        </measInfo>
        <measInfo measInfoId="50331658">
            <granPeriod duration="PT3600S" endTime="2021-08-17T23:00:00+08:00"/>
            <repPeriod duration="PT3600S"/>
            <measTypes>50332250 50332251 50332410 50332411 </measTypes>
            <measValue measObjLdn="MMLG6283HUNB001/ULoCell:NodeB Function Name=MMLG6283HUNB001, Local Cell ID=12071, Cell Name=MCEARU1">
                <measResults>0 0 0 0 </measResults>
            </measValue>
            <measValue measObjLdn="MMLG6283HUNB001/ULoCell:NodeB Function Name=MMLG6283HUNB001, Local Cell ID=12072, Cell Name=MCEARU2">
                <measResults>0 0 0 0 </measResults>
            </measValue>
            <measValue measObjLdn="MMLG6283HUNB001/ULoCell:NodeB Function Name=MMLG6283HUNB001, Local Cell ID=12073, Cell Name=MCEARU3">
                <measResults>0 0 0 0 </measResults>
            </measValue>
            <measValue measObjLdn="MMLG6283HUNB001/ULoCell:NodeB Function Name=MMLG6283HUNB001, Local Cell ID=52071, Cell Name=MCEARN4">
                <measResults>0 0 0 0 </measResults>
            </measValue>
            <measValue measObjLdn="MMLG6283HUNB001/ULoCell:NodeB Function Name=MMLG6283HUNB001, Local Cell ID=52072, Cell Name=MCEARN5">
                <measResults>0 0 0 0 </measResults>
            </measValue>
            <measValue measObjLdn="MMLG6283HUNB001/ULoCell:NodeB Function Name=MMLG6283HUNB001, Local Cell ID=52073, Cell Name=MCEARN6">
                <measResults>0 0 0 0 </measResults>
            </measValue>
            <measValue measObjLdn="MMLG6283HUNB001/ULoCell:NodeB Function Name=MMLG6283HUNB001, Local Cell ID=62071, Cell Name=MCEARN1">
                <measResults>0 0 0 0 </measResults>
            </measValue>
            <measValue measObjLdn="MMLG6283HUNB001/ULoCell:NodeB Function Name=MMLG6283HUNB001, Local Cell ID=62072, Cell Name=MCEARN2">
                <measResults>0 0 0 0 </measResults>
            </measValue>
            <measValue measObjLdn="MMLG6283HUNB001/ULoCell:NodeB Function Name=MMLG6283HUNB001, Local Cell ID=62073, Cell Name=MCEARN3">
                <measResults>0 0 0 0 </measResults>
            </measValue>
        </measInfo>
        <measInfo measInfoId="50331660">
            <granPeriod duration="PT3600S" endTime="2021-08-17T23:00:00+08:00"/>
            <repPeriod duration="PT3600S"/>
            <measTypes>50361670 50361671 50361672 50361673 </measTypes>
            <measValue measObjLdn="MMLG6283HUNB001/ULoCell:NodeB Function Name=MMLG6283HUNB001, Local Cell ID=12071, Cell Name=MCEARU1">
                <measResults>0 0 0 0 </measResults>
            </measValue>
            <measValue measObjLdn="MMLG6283HUNB001/ULoCell:NodeB Function Name=MMLG6283HUNB001, Local Cell ID=12072, Cell Name=MCEARU2">
                <measResults>0 0 0 0 </measResults>
            </measValue>
            <measValue measObjLdn="MMLG6283HUNB001/ULoCell:NodeB Function Name=MMLG6283HUNB001, Local Cell ID=12073, Cell Name=MCEARU3">
                <measResults>0 0 0 0 </measResults>
            </measValue>
            <measValue measObjLdn="MMLG6283HUNB001/ULoCell:NodeB Function Name=MMLG6283HUNB001, Local Cell ID=52071, Cell Name=MCEARN4">
                <measResults>0 0 0 0 </measResults>
            </measValue>
            <measValue measObjLdn="MMLG6283HUNB001/ULoCell:NodeB Function Name=MMLG6283HUNB001, Local Cell ID=52072, Cell Name=MCEARN5">
                <measResults>0 0 0 0 </measResults>
            </measValue>
            <measValue measObjLdn="MMLG6283HUNB001/ULoCell:NodeB Function Name=MMLG6283HUNB001, Local Cell ID=52073, Cell Name=MCEARN6">
                <measResults>0 0 0 0 </measResults>
            </measValue>
            <measValue measObjLdn="MMLG6283HUNB001/ULoCell:NodeB Function Name=MMLG6283HUNB001, Local Cell ID=62071, Cell Name=MCEARN1">
                <measResults>0 0 0 0 </measResults>
            </measValue>
            <measValue measObjLdn="MMLG6283HUNB001/ULoCell:NodeB Function Name=MMLG6283HUNB001, Local Cell ID=62072, Cell Name=MCEARN2">
                <measResults>0 0 0 0 </measResults>
            </measValue>
            <measValue measObjLdn="MMLG6283HUNB001/ULoCell:NodeB Function Name=MMLG6283HUNB001, Local Cell ID=62073, Cell Name=MCEARN3">
                <measResults>0 0 0 0 </measResults>
            </measValue>
        </measInfo>
        <measInfo measInfoId="50331661">
            <granPeriod duration="PT3600S" endTime="2021-08-17T23:00:00+08:00"/>
            <repPeriod duration="PT3600S"/>
            <measTypes>50332048 50332049 50332050 50332051 </measTypes>
            <measValue measObjLdn="MMLG6283HUNB001/ULoCell:NodeB Function Name=MMLG6283HUNB001, Local Cell ID=12071, Cell Name=MCEARU1">
                <measResults>11406 0 70887 0 </measResults>
            </measValue>
            <measValue measObjLdn="MMLG6283HUNB001/ULoCell:NodeB Function Name=MMLG6283HUNB001, Local Cell ID=12072, Cell Name=MCEARU2">
                <measResults>60618 0 72397 0 </measResults>
            </measValue>
            <measValue measObjLdn="MMLG6283HUNB001/ULoCell:NodeB Function Name=MMLG6283HUNB001, Local Cell ID=12073, Cell Name=MCEARU3">
                <measResults>5280 0 70392 0 </measResults>
            </measValue>
            <measValue measObjLdn="MMLG6283HUNB001/ULoCell:NodeB Function Name=MMLG6283HUNB001, Local Cell ID=52071, Cell Name=MCEARN4">
                <measResults>4978 0 70314 0 </measResults>
            </measValue>
            <measValue measObjLdn="MMLG6283HUNB001/ULoCell:NodeB Function Name=MMLG6283HUNB001, Local Cell ID=52072, Cell Name=MCEARN5">
                <measResults>12659 0 70855 0 </measResults>
            </measValue>
            <measValue measObjLdn="MMLG6283HUNB001/ULoCell:NodeB Function Name=MMLG6283HUNB001, Local Cell ID=52073, Cell Name=MCEARN6">
                <measResults>14686 0 71083 0 </measResults>
            </measValue>
            <measValue measObjLdn="MMLG6283HUNB001/ULoCell:NodeB Function Name=MMLG6283HUNB001, Local Cell ID=62071, Cell Name=MCEARN1">
                <measResults>9408 0 72005 0 </measResults>
            </measValue>
            <measValue measObjLdn="MMLG6283HUNB001/ULoCell:NodeB Function Name=MMLG6283HUNB001, Local Cell ID=62072, Cell Name=MCEARN2">
                <measResults>8529 0 70906 0 </measResults>
            </measValue>
            <measValue measObjLdn="MMLG6283HUNB001/ULoCell:NodeB Function Name=MMLG6283HUNB001, Local Cell ID=62073, Cell Name=MCEARN3">
                <measResults>38276 0 72079 0 </measResults>
            </measValue>
        </measInfo>
        <measInfo measInfoId="50331662">
            <granPeriod duration="PT3600S" endTime="2021-08-17T23:00:00+08:00"/>
            <repPeriod duration="PT3600S"/>
            <measTypes>50332052 50332053 50332054 50332070 50332505 </measTypes>
            <measValue measObjLdn="MMLG6283HUNB001/ULoCell:NodeB Function Name=MMLG6283HUNB001, Local Cell ID=12071, Cell Name=MCEARU1">
                <measResults>0 43 262705 0 0 </measResults>
            </measValue>
            <measValue measObjLdn="MMLG6283HUNB001/ULoCell:NodeB Function Name=MMLG6283HUNB001, Local Cell ID=12072, Cell Name=MCEARU2">
                <measResults>0 133 383827 0 0 </measResults>
            </measValue>
            <measValue measObjLdn="MMLG6283HUNB001/ULoCell:NodeB Function Name=MMLG6283HUNB001, Local Cell ID=12073, Cell Name=MCEARU3">
                <measResults>0 8 222490 0 0 </measResults>
            </measValue>
            <measValue measObjLdn="MMLG6283HUNB001/ULoCell:NodeB Function Name=MMLG6283HUNB001, Local Cell ID=52071, Cell Name=MCEARN4">
                <measResults>0 22 115257 0 0 </measResults>
            </measValue>
            <measValue measObjLdn="MMLG6283HUNB001/ULoCell:NodeB Function Name=MMLG6283HUNB001, Local Cell ID=52072, Cell Name=MCEARN5">
                <measResults>0 9 144175 0 0 </measResults>
            </measValue>
            <measValue measObjLdn="MMLG6283HUNB001/ULoCell:NodeB Function Name=MMLG6283HUNB001, Local Cell ID=52073, Cell Name=MCEARN6">
                <measResults>0 28 176922 0 0 </measResults>
            </measValue>
            <measValue measObjLdn="MMLG6283HUNB001/ULoCell:NodeB Function Name=MMLG6283HUNB001, Local Cell ID=62071, Cell Name=MCEARN1">
                <measResults>0 39 362587 0 0 </measResults>
            </measValue>
            <measValue measObjLdn="MMLG6283HUNB001/ULoCell:NodeB Function Name=MMLG6283HUNB001, Local Cell ID=62072, Cell Name=MCEARN2">
                <measResults>0 19 283447 0 0 </measResults>
            </measValue>
            <measValue measObjLdn="MMLG6283HUNB001/ULoCell:NodeB Function Name=MMLG6283HUNB001, Local Cell ID=62073, Cell Name=MCEARN3">
                <measResults>3 29 559044 0 0 </measResults>
            </measValue>
        </measInfo>
        <measInfo measInfoId="50331663">
            <granPeriod duration="PT3600S" endTime="2021-08-17T23:00:00+08:00"/>
            <repPeriod duration="PT3600S"/>
            <measTypes>50331917 50332061 50332064 50332065 50332069 50332071 50332072 50332073 50332074 50332079 50332258 50332388 50332389 50332504 50332626 50332632 50332639 50332640 50332641 50332645 50342048 50342049 50342050 50342051 50361705 50361706 50361725 50361726 50361735 50361740 50361743 50361744 50361747 50361749 50361751 50361753 50361755 50361757 50361759 50361761 50361763 50361765 50361767 50361769 50361771 50361773 50361775 50361777 50361779 50361781 50361783 50361785 50361787 50361789 50361791 50361793 50361795 </measTypes>
            <measValue measObjLdn="MMLG6283HUNB001/ULoCell:NodeB Function Name=MMLG6283HUNB001, Local Cell ID=12071, Cell Name=MCEARU1">
                <measResults>985.816 0 255 0 0 0 0 0 0 0 0 0 0.983 1000 0 0 0 0 NIL 0 11 43.748 0 0 0 0 0 NIL NIL NIL NIL NIL NIL NIL NIL NIL NIL NIL NIL NIL NIL NIL NIL NIL NIL NIL NIL NIL NIL NIL NIL NIL NIL NIL NIL NIL NIL </measResults>
            </measValue>
            <measValue measObjLdn="MMLG6283HUNB001/ULoCell:NodeB Function Name=MMLG6283HUNB001, Local Cell ID=12072, Cell Name=MCEARU2">
                <measResults>997.493 4 256 0 0 0 0 0 0 0 0 0 2.372 1000 0 0 0 0 NIL 0 22 64.019 0 0 0 0 0 NIL NIL NIL NIL NIL NIL NIL NIL NIL NIL NIL NIL NIL NIL NIL NIL NIL NIL NIL NIL NIL NIL NIL NIL NIL NIL NIL NIL NIL NIL </measResults>
            </measValue>
            <measValue measObjLdn="MMLG6283HUNB001/ULoCell:NodeB Function Name=MMLG6283HUNB001, Local Cell ID=12073, Cell Name=MCEARU3">
                <measResults>678.251 0 256 0 0 0 0 0 0 0 0 0 0.394 1000 0 0 0 0 NIL 0 3 43.398 0 0 0 0 0 NIL NIL NIL NIL NIL NIL NIL NIL NIL NIL NIL NIL NIL NIL NIL NIL NIL NIL NIL NIL NIL NIL NIL NIL NIL NIL NIL NIL NIL NIL </measResults>
            </measValue>
            <measValue measObjLdn="MMLG6283HUNB001/ULoCell:NodeB Function Name=MMLG6283HUNB001, Local Cell ID=52071, Cell Name=MCEARN4">
                <measResults>569.693 0 256 0 0 0 0 0 0 0 0 0 1.859 650 0 0 3600 0 NIL 0 4 77.724 0 0 0 0 0 NIL NIL NIL NIL NIL NIL NIL NIL NIL NIL NIL NIL NIL NIL NIL NIL NIL NIL NIL NIL NIL NIL NIL NIL NIL NIL NIL NIL NIL NIL </measResults>
            </measValue>
            <measValue measObjLdn="MMLG6283HUNB001/ULoCell:NodeB Function Name=MMLG6283HUNB001, Local Cell ID=52072, Cell Name=MCEARN5">
                <measResults>923.647 0 256 0 0 0 0 0 0 0 0 0 1.408 1000 0 0 3600 0 NIL 0 3 38.248 0 0 0 0 0 NIL NIL NIL NIL NIL NIL NIL NIL NIL NIL NIL NIL NIL NIL NIL NIL NIL NIL NIL NIL NIL NIL NIL NIL NIL NIL NIL NIL NIL NIL </measResults>
            </measValue>
            <measValue measObjLdn="MMLG6283HUNB001/ULoCell:NodeB Function Name=MMLG6283HUNB001, Local Cell ID=52073, Cell Name=MCEARN6">
                <measResults>951.58 2 256 0 0 0 0 0 0 0 0 0 2.423 1000 0 0 3600 0 NIL 0 8 75.175 0 0 0 0 0 NIL NIL NIL NIL NIL NIL NIL NIL NIL NIL NIL NIL NIL NIL NIL NIL NIL NIL NIL NIL NIL NIL NIL NIL NIL NIL NIL NIL NIL NIL </measResults>
            </measValue>
            <measValue measObjLdn="MMLG6283HUNB001/ULoCell:NodeB Function Name=MMLG6283HUNB001, Local Cell ID=62071, Cell Name=MCEARN1">
                <measResults>884.202 0 256 0 0 0 0 0 0 0 0 0 1.445 1000 0 0 0 0 NIL 0 44 44.117 0 0 0 0 0 NIL NIL NIL NIL NIL NIL NIL NIL NIL NIL NIL NIL NIL NIL NIL NIL NIL NIL NIL NIL NIL NIL NIL NIL NIL NIL NIL NIL NIL NIL </measResults>
            </measValue>
            <measValue measObjLdn="MMLG6283HUNB001/ULoCell:NodeB Function Name=MMLG6283HUNB001, Local Cell ID=62072, Cell Name=MCEARN2">
                <measResults>933.844 0 256 0 0 0 0 0 0 0 0 0 1.119 1000 0 0 0 0 NIL 0 13 45.303 0 0 0 0 0 NIL NIL NIL NIL NIL NIL NIL NIL NIL NIL NIL NIL NIL NIL NIL NIL NIL NIL NIL NIL NIL NIL NIL NIL NIL NIL NIL NIL NIL NIL </measResults>
            </measValue>
            <measValue measObjLdn="MMLG6283HUNB001/ULoCell:NodeB Function Name=MMLG6283HUNB001, Local Cell ID=62073, Cell Name=MCEARN3">
                <measResults>989.946 3 255 0 0 0 0 0 0 0 0 0 3.71 1000 0 0 0 0 NIL 0 11 51.552 0 0 0 0 0 NIL NIL NIL NIL NIL NIL NIL NIL NIL NIL NIL NIL NIL NIL NIL NIL NIL NIL NIL NIL NIL NIL NIL NIL NIL NIL NIL NIL NIL NIL </measResults>
            </measValue>
        </measInfo>
        <measInfo measInfoId="50331665">
            <granPeriod duration="PT3600S" endTime="2021-08-17T23:00:00+08:00"/>
            <repPeriod duration="PT3600S"/>
            <measTypes>50331740 50331741 50331742 50331743 50331744 50331909 50331910 50331911 50331912 50331913 50332381 50332382 50332576 50332577 </measTypes>
            <measValue measObjLdn="MMLG6283HUNB001/ULoCell:NodeB Function Name=MMLG6283HUNB001, Local Cell ID=12071, Cell Name=MCEARU1">
                <measResults>0 0 0 0 0 0 0 0 0 0 0 0 0 0 </measResults>
            </measValue>
            <measValue measObjLdn="MMLG6283HUNB001/ULoCell:NodeB Function Name=MMLG6283HUNB001, Local Cell ID=12072, Cell Name=MCEARU2">
                <measResults>0 0 0 0 0 0 0 0 0 0 0 0 0 0 </measResults>
            </measValue>
            <measValue measObjLdn="MMLG6283HUNB001/ULoCell:NodeB Function Name=MMLG6283HUNB001, Local Cell ID=12073, Cell Name=MCEARU3">
                <measResults>0 0 0 0 0 0 0 0 0 0 0 0 0 0 </measResults>
            </measValue>
            <measValue measObjLdn="MMLG6283HUNB001/ULoCell:NodeB Function Name=MMLG6283HUNB001, Local Cell ID=52071, Cell Name=MCEARN4">
                <measResults>0 0 0 0 0 0 0 0 0 0 0 0 0 0 </measResults>
            </measValue>
            <measValue measObjLdn="MMLG6283HUNB001/ULoCell:NodeB Function Name=MMLG6283HUNB001, Local Cell ID=52072, Cell Name=MCEARN5">
                <measResults>0 0 0 0 0 0 0 0 0 0 0 0 0 0 </measResults>
            </measValue>
            <measValue measObjLdn="MMLG6283HUNB001/ULoCell:NodeB Function Name=MMLG6283HUNB001, Local Cell ID=52073, Cell Name=MCEARN6">
                <measResults>0 0 0 0 0 0 0 0 0 0 0 0 0 0 </measResults>
            </measValue>
            <measValue measObjLdn="MMLG6283HUNB001/ULoCell:NodeB Function Name=MMLG6283HUNB001, Local Cell ID=62071, Cell Name=MCEARN1">
                <measResults>0 0 0 0 0 0 0 0 0 0 0 0 0 0 </measResults>
            </measValue>
            <measValue measObjLdn="MMLG6283HUNB001/ULoCell:NodeB Function Name=MMLG6283HUNB001, Local Cell ID=62072, Cell Name=MCEARN2">
                <measResults>0 0 0 0 0 0 0 0 0 0 0 0 0 0 </measResults>
            </measValue>
            <measValue measObjLdn="MMLG6283HUNB001/ULoCell:NodeB Function Name=MMLG6283HUNB001, Local Cell ID=62073, Cell Name=MCEARN3">
                <measResults>0 0 0 0 0 0 0 0 0 0 0 0 0 0 </measResults>
            </measValue>
        </measInfo>
        <measInfo measInfoId="50331673">
            <granPeriod duration="PT3600S" endTime="2021-08-17T23:00:00+08:00"/>
            <repPeriod duration="PT3600S"/>
            <measTypes>50332055 50332056 50332057 50332058 50332059 50332060 50332278 50332279 50332280 50332281 50332282 50332283 50332284 50332285 50332286 50361648 50361649 50361650 50361651 </measTypes>
            <measValue measObjLdn="MMLG6283HUNB001/ULoCell:NodeB Function Name=MMLG6283HUNB001, Local Cell ID=12071, Cell Name=MCEARU1">
                <measResults>7 2 1 0 0 0 9 7 3 3 3 0 0 4 4 0 0 0 0 </measResults>
            </measValue>
            <measValue measObjLdn="MMLG6283HUNB001/ULoCell:NodeB Function Name=MMLG6283HUNB001, Local Cell ID=12072, Cell Name=MCEARU2">
                <measResults>12 5 2 0 0 0 19 20 11 27 13 3 3 21 10 0 0 0 0 </measResults>
            </measValue>
            <measValue measObjLdn="MMLG6283HUNB001/ULoCell:NodeB Function Name=MMLG6283HUNB001, Local Cell ID=12073, Cell Name=MCEARU3">
                <measResults>1 3 0 0 0 0 1 0 0 0 1 0 0 0 3 0 0 0 0 </measResults>
            </measValue>
            <measValue measObjLdn="MMLG6283HUNB001/ULoCell:NodeB Function Name=MMLG6283HUNB001, Local Cell ID=52071, Cell Name=MCEARN4">
                <measResults>8 1 0 0 0 0 1 0 0 0 1 0 1 1 1 0 0 0 0 </measResults>
            </measValue>
            <measValue measObjLdn="MMLG6283HUNB001/ULoCell:NodeB Function Name=MMLG6283HUNB001, Local Cell ID=52072, Cell Name=MCEARN5">
                <measResults>9 2 0 0 0 0 2 1 1 2 3 0 1 1 1 0 0 0 0 </measResults>
            </measValue>
            <measValue measObjLdn="MMLG6283HUNB001/ULoCell:NodeB Function Name=MMLG6283HUNB001, Local Cell ID=52073, Cell Name=MCEARN6">
                <measResults>13 1 1 0 0 0 5 5 7 15 14 2 5 20 15 0 0 0 0 </measResults>
            </measValue>
            <measValue measObjLdn="MMLG6283HUNB001/ULoCell:NodeB Function Name=MMLG6283HUNB001, Local Cell ID=62071, Cell Name=MCEARN1">
                <measResults>9 4 1 0 0 0 6 6 1 2 4 0 1 3 1 0 0 0 0 </measResults>
            </measValue>
            <measValue measObjLdn="MMLG6283HUNB001/ULoCell:NodeB Function Name=MMLG6283HUNB001, Local Cell ID=62072, Cell Name=MCEARN2">
                <measResults>7 4 0 0 0 0 4 4 1 3 1 0 0 4 0 0 0 0 0 </measResults>
            </measValue>
            <measValue measObjLdn="MMLG6283HUNB001/ULoCell:NodeB Function Name=MMLG6283HUNB001, Local Cell ID=62073, Cell Name=MCEARN3">
                <measResults>13 6 3 0 0 0 24 18 8 13 17 2 10 15 8 0 0 0 0 </measResults>
            </measValue>
        </measInfo>
        <measInfo measInfoId="50331674">
            <granPeriod duration="PT3600S" endTime="2021-08-17T23:00:00+08:00"/>
            <repPeriod duration="PT3600S"/>
            <measTypes>50332161 50332162 50332163 50332164 50332165 50341718 50341719 50341720 50341721 </measTypes>
            <measValue measObjLdn="MMLG6283HUNB001/ULoCell:NodeB Function Name=MMLG6283HUNB001, Local Cell ID=12071, Cell Name=MCEARU1">
                <measResults>0 0 0 0 0 0 0 0 0 </measResults>
            </measValue>
            <measValue measObjLdn="MMLG6283HUNB001/ULoCell:NodeB Function Name=MMLG6283HUNB001, Local Cell ID=12072, Cell Name=MCEARU2">
                <measResults>0 0 0 0 0 0 0 0 0 </measResults>
            </measValue>
            <measValue measObjLdn="MMLG6283HUNB001/ULoCell:NodeB Function Name=MMLG6283HUNB001, Local Cell ID=12073, Cell Name=MCEARU3">
                <measResults>0 0 0 0 0 0 0 0 0 </measResults>
            </measValue>
            <measValue measObjLdn="MMLG6283HUNB001/ULoCell:NodeB Function Name=MMLG6283HUNB001, Local Cell ID=52071, Cell Name=MCEARN4">
                <measResults>0 0 0 0 0 0 0 0 0 </measResults>
            </measValue>
            <measValue measObjLdn="MMLG6283HUNB001/ULoCell:NodeB Function Name=MMLG6283HUNB001, Local Cell ID=52072, Cell Name=MCEARN5">
                <measResults>0 0 0 0 0 0 0 0 0 </measResults>
            </measValue>
            <measValue measObjLdn="MMLG6283HUNB001/ULoCell:NodeB Function Name=MMLG6283HUNB001, Local Cell ID=52073, Cell Name=MCEARN6">
                <measResults>0 0 0 0 0 0 0 0 0 </measResults>
            </measValue>
            <measValue measObjLdn="MMLG6283HUNB001/ULoCell:NodeB Function Name=MMLG6283HUNB001, Local Cell ID=62071, Cell Name=MCEARN1">
                <measResults>0 0 0 0 0 0 0 0 0 </measResults>
            </measValue>
            <measValue measObjLdn="MMLG6283HUNB001/ULoCell:NodeB Function Name=MMLG6283HUNB001, Local Cell ID=62072, Cell Name=MCEARN2">
                <measResults>0 0 0 0 0 0 0 0 0 </measResults>
            </measValue>
            <measValue measObjLdn="MMLG6283HUNB001/ULoCell:NodeB Function Name=MMLG6283HUNB001, Local Cell ID=62073, Cell Name=MCEARN3">
                <measResults>0 0 0 0 0 0 0 0 0 </measResults>
            </measValue>
        </measInfo>
        <measInfo measInfoId="50331676">
            <granPeriod duration="PT3600S" endTime="2021-08-17T23:00:00+08:00"/>
            <repPeriod duration="PT3600S"/>
            <measTypes>50331747 50332175 50332176 50332177 50332178 50332179 50332180 50332181 50332182 50332183 50332184 50332185 50332186 50332187 50332188 50332189 50332190 50332192 50332193 50332194 50332195 50332196 50332197 50332198 50332199 50332200 50332201 50332202 50332203 50332204 50332205 50332206 50332207 50332208 50332209 50332210 50332211 50332212 50332213 50332214 50332219 50332232 50332233 50332234 50332235 50332236 50332237 50332238 50332245 50332246 50332648 50332649 50332650 50332651 50332652 50332653 50332654 50332655 50332656 50332657 50332658 50332670 50332848 50332849 50332850 50332853 50332854 50332855 50332856 50332865 50332866 50332867 50332868 50332869 50332870 50332871 50332872 50332873 50332874 50332875 50332876 50332877 50332878 50332879 50332880 50332881 50332882 50332883 50332884 50332885 50332886 50332887 50332888 50332889 50332890 50332891 50332892 50332894 50332895 50332896 50332897 50332898 50332899 50332900 50332901 50332902 50332903 50332904 50332905 50332906 50332907 50332908 50332909 50332910 50332943 50332944 50332945 50332946 50332947 50332948 50332949 50332950 50332951 50332952 50332953 50332954 50332955 50332956 50332957 50332958 50332959 50332960 50332961 50332962 50332963 50332964 50332965 50332966 50332967 50332968 50332969 50332970 50332971 50332972 50332973 50332974 50332985 50332986 50332987 50332990 50341723 50341741 50341742 50341743 50341748 50341749 50341750 50341751 50341752 50341753 50341754 50341755 50341756 50341757 50341758 50341759 </measTypes>
            <measValue measObjLdn="MMLG6283HUNB001/ULoCell:NodeB Function Name=MMLG6283HUNB001, Local Cell ID=12071, Cell Name=MCEARU1">
                <measResults>836625008 1599074 75868 30727 7155 3842 3361 1612 3808 1955 2586 1781 5976 9599 32419 20237 0 0 740019232 15161 0 780 0 0 0 0 1 7891 9927 815 51 65 67 71 79 167 286 65 6 3 152161960 781686674 232407 1164367968 83634 126865 104081 26344 208011898 118385 23460 3784 6575 9818 9258 6242 12925 12534 1814 6 0 59172 0 0 0 12775 0 1 83880 0 0 0 0 0 0 0 0 0 0 0 0 31565029 141122266 362798027 217136735 29671 89631 86491 28924 0 0 0 0 1470488 9229 3295 0 0 0 0 0 0 0 0 0 0 0 0 0 0 0 0 0 0 0 0 0 0 0 0 0 0 0 0 0 0 0 0 0 0 NIL NIL NIL NIL NIL NIL NIL NIL NIL NIL NIL NIL NIL NIL NIL NIL 0 0 0 115806 2.437 NIL 0 0 2911.783 5427.186 19773.186 48562.289 64254.098 57372.375 151797.219 207554.234 40246.496 207.216 0 589767.125 </measResults>
            </measValue>
            <measValue measObjLdn="MMLG6283HUNB001/ULoCell:NodeB Function Name=MMLG6283HUNB001, Local Cell ID=12072, Cell Name=MCEARU2">
                <measResults>3352016192 1422737 97805 14991 6711 5503 5997 3448 5721 4291 6323 5016 8536 34715 163294 14912 0 0 3337494286 45127 0 3659 0 0 0 0 5 30840 33913 2108 70 169 202 284 250 554 1070 561 81 11 1733607064 3344646859 472779 4446918938 320796 699698 568359 356675 253579205 64303 59059 5268 16903 26353 29615 25531 50498 61570 17872 420 0 228762 0 0 0 11780 0 0 100721 0 0 0 0 0 0 0 0 0 0 0 0 56240825 414585032 755992185 1256680387 68967 118903 100577 128974 0 0 0 0 6732054 31241 11125 0 0 0 0 0 0 0 0 0 0 0 0 0 0 0 0 0 0 0 0 0 0 0 0 0 0 0 0 0 0 0 0 0 0 NIL NIL NIL NIL NIL NIL NIL NIL NIL NIL NIL NIL NIL NIL NIL NIL 0 0 0 325727 6.167 NIL 0 0 3630.658 7934.414 53987.156 133156.016 209153.297 230548.484 608723.25 1019445 412389.844 13620.328 0 2681023.5 </measResults>
            </measValue>
            <measValue measObjLdn="MMLG6283HUNB001/ULoCell:NodeB Function Name=MMLG6283HUNB001, Local Cell ID=12073, Cell Name=MCEARU3">
                <measResults>1318732308 1550824 52112 33502 26818 12265 6617 3277 8236 3361 5025 3173 5941 4945 16196 67700 8 0 1273354656 23340 0 1277 0 0 0 0 0 2576 4477 500 67 130 105 157 118 167 448 174 10 3 315296008 1271377295 279546 1819496111 22567 58145 109726 49273 131547961 119211 38144 7293 13070 17822 16441 10663 14186 18000 3780 6 0 93968 0 0 0 18100 0 5 76445 0 0 0 0 0 0 0 0 0 0 0 0 24894852 337816723 300413488 528294136 45049 79092 74797 80154 0 0 0 0 1995632 14617 4868 0 0 0 0 0 0 0 0 0 0 0 0 0 0 0 0 0 0 0 0 0 0 0 0 0 0 0 0 0 0 0 0 0 0 NIL NIL NIL NIL NIL NIL NIL NIL NIL NIL NIL NIL NIL NIL NIL NIL 0 0 0 178451 1.164 NIL 0 0 9456.616 9992.445 41134.855 89837.406 116631.406 92229.031 167206.297 300816.563 81224.727 182.912 0 889263.188 </measResults>
            </measValue>
            <measValue measObjLdn="MMLG6283HUNB001/ULoCell:NodeB Function Name=MMLG6283HUNB001, Local Cell ID=52071, Cell Name=MCEARN4">
                <measResults>1548898624 1265578 87126 10186 8133 7031 9189 4600 15406 6686 13631 10865 56787 72609 72015 160158 0 0 1032427000 5566 0 134 0 0 0 0 0 10777 21860 1521 378 290 184 279 414 361 66 6 1 0 2118552 1031869383 575896 3551833204 235588 136053 50984 10627 486737576 453056 27372 53880 111209 34873 25708 18549 8980 541 8 0 0 199868 0 0 0 84330 0 1 113735 0 0 0 0 0 0 0 0 0 0 0 0 135926016 718865463 168610694 7527078 88567 429723 52097 7557 0 0 0 0 598802 4096 1711 0 0 0 0 0 0 0 0 0 0 0 0 0 0 0 0 0 0 0 0 0 0 0 0 0 0 0 0 0 0 0 0 0 0 NIL NIL NIL NIL NIL NIL NIL NIL NIL NIL NIL NIL NIL NIL NIL NIL 0 0 0 376654 1.636 NIL 0 0 13868.002 86248.797 303842.063 172984.484 177851.031 167231.594 100467.859 8039.536 181.64 0 0 930598.188 </measResults>
            </measValue>
            <measValue measObjLdn="MMLG6283HUNB001/ULoCell:NodeB Function Name=MMLG6283HUNB001, Local Cell ID=52072, Cell Name=MCEARN5">
                <measResults>375962400 1634593 70308 11950 9342 3104 5938 1962 5136 4396 5266 1762 7912 11108 10702 16521 0 0 263506808 8325 0 1207 0 0 0 0 0 610 2369 645 96 118 68 67 106 113 173 88 11 6 75052288 262621756 173907 756113798 194731 117685 170021 133579 67392396 113623 19145 4816 6598 5602 3413 3520 1655 1241 468 11 0 22508 0 0 0 12169 0 1 64469 0 0 0 0 0 0 0 0 0 0 0 0 21877164 50288416 38795728 84645224 39249 89014 18436 22213 0 0 0 0 894640 12759 3434 0 0 0 0 0 0 0 0 0 0 0 0 0 0 0 0 0 0 0 0 0 0 0 0 0 0 0 0 0 0 0 0 0 0 NIL NIL NIL NIL NIL NIL NIL NIL NIL NIL NIL NIL NIL NIL NIL NIL 0 0 0 70563 2.149 NIL 0 0 5488.376 7345 18059.512 28792.057 23890.752 31519.775 18932.648 20806.023 9973.6 358.128 0 152332.5 </measResults>
            </measValue>
            <measValue measObjLdn="MMLG6283HUNB001/ULoCell:NodeB Function Name=MMLG6283HUNB001, Local Cell ID=52073, Cell Name=MCEARN6">
                <measResults>3815389304 1240449 128852 28059 16163 13743 18426 14060 15895 9591 12908 8618 16381 10916 163179 102760 0 0 3839406664 3083 0 1874 0 0 0 0 5 30864 42051 1992 242 396 471 730 625 779 687 363 51 5 1113659584 3836995866 651236 4899854482 359079 362750 372023 559013 383726648 134746 27668 17234 26634 34853 51661 52477 60241 40304 15920 81 0 282171 0 0 0 29551 0 3 152021 0 0 0 0 0 0 0 0 0 0 0 0 190239324 693234460 918810411 1633061467 90391 153864 151378 154907 0 0 0 0 3224965 8244 5786 0 0 0 0 0 0 0 0 0 0 0 0 0 0 0 0 0 0 0 0 0 0 0 0 0 0 0 0 0 0 0 0 0 0 NIL NIL NIL NIL NIL NIL NIL NIL NIL NIL NIL NIL NIL NIL NIL NIL 0 0 0 443011 4.436 NIL 0 0 8739.152 26565.432 77032.383 174648.703 361411.313 469562.781 708059.188 679875.375 344761.906 2809.856 0 2818161.5 </measResults>
            </measValue>
            <measValue measObjLdn="MMLG6283HUNB001/ULoCell:NodeB Function Name=MMLG6283HUNB001, Local Cell ID=62071, Cell Name=MCEARN1">
                <measResults>357067680 1632682 71236 9464 3858 1965 2929 1478 3083 3115 6145 2736 15101 8197 28721 9290 0 0 223956360 28445 0 200 0 0 0 0 0 2380 5378 758 27 56 75 64 86 123 162 43 8 1 22011120 222690416 200085 767392133 82614 156043 85065 52809 14261568 131208 31031 9466 11421 8341 5546 1716 1062 1514 57 6 0 29663 0 0 0 21012 1 2 55667 0 0 0 0 0 0 0 0 0 0 0 0 12840063 54447665 88722655 45778951 42854 111036 29197 13600 0 0 0 0 1477065 8498 3712 0 0 0 0 0 0 0 0 0 0 0 0 0 0 0 0 0 0 0 0 0 0 0 0 0 0 0 0 0 0 0 0 0 0 NIL NIL NIL NIL NIL NIL NIL NIL NIL NIL NIL NIL NIL NIL NIL NIL 0 0 0 93344 1.37 NIL 0 0 6553.189 13698.171 32699.811 43443.172 37818.246 15300.242 12213.192 24659.607 1356.812 195.776 0 167686.859 </measResults>
            </measValue>
            <measValue measObjLdn="MMLG6283HUNB001/ULoCell:NodeB Function Name=MMLG6283HUNB001, Local Cell ID=62072, Cell Name=MCEARN2">
                <measResults>889670364 1606651 47703 8635 4104 3238 2966 2439 4149 10088 27187 2967 8592 16806 31969 22506 0 0 839273848 7111 0 96 0 0 0 0 0 3628 5154 456 51 133 166 243 224 327 215 34 4 2 23137832 841119015 206276 1406497265 104144 187097 87220 14593 60932443 43071 7970 4275 12683 16266 10079 5965 7414 2561 33 1 0 55002 0 0 0 6727 0 0 52228 0 0 0 0 0 0 0 0 0 0 0 0 39443849 236884701 399358021 161801532 22320 87789 71608 28224 0 0 0 0 898880 6087 2318 0 0 0 0 0 0 0 0 0 0 0 0 0 0 0 0 0 0 0 0 0 0 0 0 0 0 0 0 0 0 0 0 0 0 NIL NIL NIL NIL NIL NIL NIL NIL NIL NIL NIL NIL NIL NIL NIL NIL 0 0 0 96833 1.761 NIL 0 0 1317.424 6470.344 39173.895 80056.359 69151.758 52859.688 87597.32 39813.742 703.528 32.264 0 369388.563 </measResults>
            </measValue>
            <measValue measObjLdn="MMLG6283HUNB001/ULoCell:NodeB Function Name=MMLG6283HUNB001, Local Cell ID=62073, Cell Name=MCEARN3">
                <measResults>1032673872 1462279 187971 26379 8968 7040 8318 5988 7919 12915 12381 4165 8955 6920 39375 427 0 0 1002924153 29358 0 1259 0 0 0 0 15 3908 7644 1683 79 173 194 336 302 566 1108 342 79 4 239331728 1001663101 374297 1429506885 204197 386066 592254 572701 38451504 67260 37135 5162 6249 5275 8170 3893 8164 8281 765 73 0 40870 0 0 0 4385 0 0 182821 0 0 0 0 0 0 0 0 0 0 0 0 17200195 141582643 289858517 353647343 48613 85889 83503 107093 0 0 0 0 6476405 35624 15742 0 0 0 0 0 0 0 0 0 0 0 0 0 0 0 0 0 0 0 0 0 0 0 0 0 0 0 0 0 0 0 0 0 0 NIL NIL NIL NIL NIL NIL NIL NIL NIL NIL NIL NIL NIL NIL NIL NIL 0 0 0 136069 5.548 NIL 0 0 4176.476 7809.619 17472.693 25962.414 57828.156 35098.473 97819.32 138031.906 17624.783 2465.696 0 392303.438 </measResults>
            </measValue>
        </measInfo>
        <measInfo measInfoId="50331649">
            <granPeriod duration="PT3600S" endTime="2021-08-17T23:00:00+08:00"/>
            <repPeriod duration="PT3600S"/>
            <measTypes>50332578 50332579 50332580 50332581 50342578 50342579 50342580 50342581 </measTypes>
            <measValue measObjLdn="MMLG6283HUNB001/NodeBFunction:NodeB Function Name=MMLG6283HUNB001">
                <measResults>3.773 1.306 4.275 42.659 8 3 7.2 61.4 </measResults>
            </measValue>
        </measInfo>
        <measInfo measInfoId="50331654">
            <granPeriod duration="PT3600S" endTime="2021-08-17T23:00:00+08:00"/>
            <repPeriod duration="PT3600S"/>
            <measTypes>50332565 50332566 50332633 50332635 </measTypes>
            <measValue measObjLdn="MMLG6283HUNB001/NodeBFunction:NodeB Function Name=MMLG6283HUNB001">
                <measResults>2048 2048 0 0 </measResults>
            </measValue>
        </measInfo>
        <measInfo measInfoId="50331664">
            <granPeriod duration="PT3600S" endTime="2021-08-17T23:00:00+08:00"/>
            <repPeriod duration="PT3600S"/>
            <measTypes>50332572 50332585 50332587 50332588 50332589 50332590 50332617 50332618 50332625 </measTypes>
            <measValue measObjLdn="MMLG6283HUNB001/NodeBFunction:NodeB Function Name=MMLG6283HUNB001">
                <measResults>1 0 23 23 0 13 0 0 3 </measResults>
            </measValue>
        </measInfo>
        <measInfo measInfoId="50331666">
            <granPeriod duration="PT3600S" endTime="2021-08-17T23:00:00+08:00"/>
            <repPeriod duration="PT3600S"/>
            <measTypes>50332567 50332568 50332569 50332570 50332571 </measTypes>
            <measValue measObjLdn="MMLG6283HUNB001/NodeBFunction:NodeB Function Name=MMLG6283HUNB001">
                <measResults>0 0 0 0 0 </measResults>
            </measValue>
        </measInfo>
        <measInfo measInfoId="50331681">
            <granPeriod duration="PT3600S" endTime="2021-08-17T23:00:00+08:00"/>
            <repPeriod duration="PT3600S"/>
            <measTypes>50342640 50342641 50342642 50342643 50342644 50342645 50342646 50342647 </measTypes>
            <measValue measObjLdn="MMLG6283HUNB001/NodeBFunction:NodeB Function Name=MMLG6283HUNB001">
                <measResults>7875361 8640771 544472085 2099074766 2049879 1209937 9922878 4664610 </measResults>
            </measValue>
        </measInfo>
        <measInfo measInfoId="50331652">
            <granPeriod duration="PT3600S" endTime="2021-08-17T23:00:00+08:00"/>
            <repPeriod duration="PT3600S"/>
            <measTypes>50332555 50332556 50332557 50332558 50332559 50332560 50332561 50332562 50332563 50332564 50332593 50332594 50342555 50342556 50342561 50342562 50342563 50342564 50342567 50342568 50342569 50342570 50342571 50342572 50342618 50342619 50342621 50342622 50342624 50342625 50342627 50342628 </measTypes>
            <measValue measObjLdn="MMLG6283HUNB001/NodeBFunction:NodeB Function Name=MMLG6283HUNB001/MocID:2/CnOperator:-1">
                <measResults>0 0 0 0 3872 3472 95.119 39.069 0 42.1 0 0 0 0 134.5 55 0 66 22 60.5 25 0 0 0 0 0 0 0 0 0 0 0 </measResults>
            </measValue>
        </measInfo>
        <measInfo measInfoId="50331667">
            <granPeriod duration="PT3600S" endTime="2021-08-17T23:00:00+08:00"/>
            <repPeriod duration="PT3600S"/>
            <measTypes>50332591 50332592 50332595 50332596 50332597 </measTypes>
            <measValue measObjLdn="MMLG6283HUNB001/NodeBFunction:NodeB Function Name=MMLG6283HUNB001/MocID:2/CnOperator:-1">
                <measResults>0 0 0 0 0 </measResults>
            </measValue>
        </measInfo>
        <measInfo measInfoId="50331668">
            <granPeriod duration="PT3600S" endTime="2021-08-17T23:00:00+08:00"/>
            <repPeriod duration="PT3600S"/>
            <measTypes>50332348 50332349 </measTypes>
            <measValue measObjLdn="MMLG6283HUNB001/LOCELL_SECTOREQM:NodeB Function Name=MMLG6283HUNB001, Local Cell ID=12071, Sector Equipment ID=0">
                <measResults>0 0 </measResults>
            </measValue>
            <measValue measObjLdn="MMLG6283HUNB001/LOCELL_SECTOREQM:NodeB Function Name=MMLG6283HUNB001, Local Cell ID=12072, Sector Equipment ID=1">
                <measResults>0 0 </measResults>
            </measValue>
            <measValue measObjLdn="MMLG6283HUNB001/LOCELL_SECTOREQM:NodeB Function Name=MMLG6283HUNB001, Local Cell ID=12073, Sector Equipment ID=2">
                <measResults>0 0 </measResults>
            </measValue>
            <measValue measObjLdn="MMLG6283HUNB001/LOCELL_SECTOREQM:NodeB Function Name=MMLG6283HUNB001, Local Cell ID=52071, Sector Equipment ID=6">
                <measResults>0 0 </measResults>
            </measValue>
            <measValue measObjLdn="MMLG6283HUNB001/LOCELL_SECTOREQM:NodeB Function Name=MMLG6283HUNB001, Local Cell ID=52072, Sector Equipment ID=7">
                <measResults>0 0 </measResults>
            </measValue>
            <measValue measObjLdn="MMLG6283HUNB001/LOCELL_SECTOREQM:NodeB Function Name=MMLG6283HUNB001, Local Cell ID=52073, Sector Equipment ID=8">
                <measResults>0 0 </measResults>
            </measValue>
            <measValue measObjLdn="MMLG6283HUNB001/LOCELL_SECTOREQM:NodeB Function Name=MMLG6283HUNB001, Local Cell ID=62071, Sector Equipment ID=10">
                <measResults>0 0 </measResults>
            </measValue>
            <measValue measObjLdn="MMLG6283HUNB001/LOCELL_SECTOREQM:NodeB Function Name=MMLG6283HUNB001, Local Cell ID=62072, Sector Equipment ID=11">
                <measResults>0 0 </measResults>
            </measValue>
            <measValue measObjLdn="MMLG6283HUNB001/LOCELL_SECTOREQM:NodeB Function Name=MMLG6283HUNB001, Local Cell ID=62073, Sector Equipment ID=12">
                <measResults>0 0 </measResults>
            </measValue>
        </measInfo>
        <measInfo measInfoId="50331669">
            <granPeriod duration="PT3600S" endTime="2021-08-17T23:00:00+08:00"/>
            <repPeriod duration="PT3600S"/>
            <measTypes>50332350 50332351 50332352 50332353 </measTypes>
            <measValue measObjLdn="MMLG6283HUNB001/LOCELL_SECTOREQM:NodeB Function Name=MMLG6283HUNB001, Local Cell ID=12071, Sector Equipment ID=0">
                <measResults>9145 7 5863 5886 </measResults>
            </measValue>
            <measValue measObjLdn="MMLG6283HUNB001/LOCELL_SECTOREQM:NodeB Function Name=MMLG6283HUNB001, Local Cell ID=12072, Sector Equipment ID=1">
                <measResults>41003 27 39963 40222 </measResults>
            </measValue>
            <measValue measObjLdn="MMLG6283HUNB001/LOCELL_SECTOREQM:NodeB Function Name=MMLG6283HUNB001, Local Cell ID=12073, Sector Equipment ID=2">
                <measResults>1929 0 1899 1899 </measResults>
            </measValue>
            <measValue measObjLdn="MMLG6283HUNB001/LOCELL_SECTOREQM:NodeB Function Name=MMLG6283HUNB001, Local Cell ID=52071, Sector Equipment ID=6">
                <measResults>5057 2 4774 4792 </measResults>
            </measValue>
            <measValue measObjLdn="MMLG6283HUNB001/LOCELL_SECTOREQM:NodeB Function Name=MMLG6283HUNB001, Local Cell ID=52072, Sector Equipment ID=7">
                <measResults>12958 8 12702 12726 </measResults>
            </measValue>
            <measValue measObjLdn="MMLG6283HUNB001/LOCELL_SECTOREQM:NodeB Function Name=MMLG6283HUNB001, Local Cell ID=52073, Sector Equipment ID=8">
                <measResults>9237 2 9016 9033 </measResults>
            </measValue>
            <measValue measObjLdn="MMLG6283HUNB001/LOCELL_SECTOREQM:NodeB Function Name=MMLG6283HUNB001, Local Cell ID=62071, Sector Equipment ID=10">
                <measResults>9775 0 9531 9557 </measResults>
            </measValue>
            <measValue measObjLdn="MMLG6283HUNB001/LOCELL_SECTOREQM:NodeB Function Name=MMLG6283HUNB001, Local Cell ID=62072, Sector Equipment ID=11">
                <measResults>4902 3 4575 4641 </measResults>
            </measValue>
            <measValue measObjLdn="MMLG6283HUNB001/LOCELL_SECTOREQM:NodeB Function Name=MMLG6283HUNB001, Local Cell ID=62073, Sector Equipment ID=12">
                <measResults>35352 19 34378 34518 </measResults>
            </measValue>
        </measInfo>
        <measInfo measInfoId="50331670">
            <granPeriod duration="PT3600S" endTime="2021-08-17T23:00:00+08:00"/>
            <repPeriod duration="PT3600S"/>
            <measTypes>50332354 50332355 </measTypes>
            <measValue measObjLdn="MMLG6283HUNB001/LOCELL_SECTOREQM:NodeB Function Name=MMLG6283HUNB001, Local Cell ID=12071, Sector Equipment ID=0">
                <measResults>0 0 </measResults>
            </measValue>
            <measValue measObjLdn="MMLG6283HUNB001/LOCELL_SECTOREQM:NodeB Function Name=MMLG6283HUNB001, Local Cell ID=12072, Sector Equipment ID=1">
                <measResults>0 0 </measResults>
            </measValue>
            <measValue measObjLdn="MMLG6283HUNB001/LOCELL_SECTOREQM:NodeB Function Name=MMLG6283HUNB001, Local Cell ID=12073, Sector Equipment ID=2">
                <measResults>0 0 </measResults>
            </measValue>
            <measValue measObjLdn="MMLG6283HUNB001/LOCELL_SECTOREQM:NodeB Function Name=MMLG6283HUNB001, Local Cell ID=52071, Sector Equipment ID=6">
                <measResults>0 0 </measResults>
            </measValue>
            <measValue measObjLdn="MMLG6283HUNB001/LOCELL_SECTOREQM:NodeB Function Name=MMLG6283HUNB001, Local Cell ID=52072, Sector Equipment ID=7">
                <measResults>0 0 </measResults>
            </measValue>
            <measValue measObjLdn="MMLG6283HUNB001/LOCELL_SECTOREQM:NodeB Function Name=MMLG6283HUNB001, Local Cell ID=52073, Sector Equipment ID=8">
                <measResults>0 0 </measResults>
            </measValue>
            <measValue measObjLdn="MMLG6283HUNB001/LOCELL_SECTOREQM:NodeB Function Name=MMLG6283HUNB001, Local Cell ID=62071, Sector Equipment ID=10">
                <measResults>0 0 </measResults>
            </measValue>
            <measValue measObjLdn="MMLG6283HUNB001/LOCELL_SECTOREQM:NodeB Function Name=MMLG6283HUNB001, Local Cell ID=62072, Sector Equipment ID=11">
                <measResults>0 0 </measResults>
            </measValue>
            <measValue measObjLdn="MMLG6283HUNB001/LOCELL_SECTOREQM:NodeB Function Name=MMLG6283HUNB001, Local Cell ID=62073, Sector Equipment ID=12">
                <measResults>0 0 </measResults>
            </measValue>
        </measInfo>
        <measInfo measInfoId="50331672">
            <granPeriod duration="PT3600S" endTime="2021-08-17T23:00:00+08:00"/>
            <repPeriod duration="PT3600S"/>
            <measTypes>50342590 50342591 50342592 50342593 50342594 50342595 50342596 50342597 </measTypes>
            <measValue measObjLdn="MMLG6283HUNB001/LOCELL_SECTOREQM:NodeB Function Name=MMLG6283HUNB001, Local Cell ID=12071, Sector Equipment ID=0">
                <measResults>-87.453 -87.973 NIL NIL -88.3 -88.6 NIL NIL </measResults>
            </measValue>
            <measValue measObjLdn="MMLG6283HUNB001/LOCELL_SECTOREQM:NodeB Function Name=MMLG6283HUNB001, Local Cell ID=12072, Sector Equipment ID=1">
                <measResults>-90.012 -89.117 NIL NIL -90.9 -89.9 NIL NIL </measResults>
            </measValue>
            <measValue measObjLdn="MMLG6283HUNB001/LOCELL_SECTOREQM:NodeB Function Name=MMLG6283HUNB001, Local Cell ID=12073, Sector Equipment ID=2">
                <measResults>-87.466 -78.353 NIL NIL -88.8 -79 NIL NIL </measResults>
            </measValue>
            <measValue measObjLdn="MMLG6283HUNB001/LOCELL_SECTOREQM:NodeB Function Name=MMLG6283HUNB001, Local Cell ID=52071, Sector Equipment ID=6">
                <measResults>-83.079 -72.503 NIL NIL -85.5 -73.9 NIL NIL </measResults>
            </measValue>
            <measValue measObjLdn="MMLG6283HUNB001/LOCELL_SECTOREQM:NodeB Function Name=MMLG6283HUNB001, Local Cell ID=52072, Sector Equipment ID=7">
                <measResults>-74.407 -69.784 NIL NIL -75.3 -70.8 NIL NIL </measResults>
            </measValue>
            <measValue measObjLdn="MMLG6283HUNB001/LOCELL_SECTOREQM:NodeB Function Name=MMLG6283HUNB001, Local Cell ID=52073, Sector Equipment ID=8">
                <measResults>-81.035 -84.917 NIL NIL -82.6 -87 NIL NIL </measResults>
            </measValue>
            <measValue measObjLdn="MMLG6283HUNB001/LOCELL_SECTOREQM:NodeB Function Name=MMLG6283HUNB001, Local Cell ID=62071, Sector Equipment ID=10">
                <measResults>-69.92 -68.492 NIL NIL -71.1 -69 NIL NIL </measResults>
            </measValue>
            <measValue measObjLdn="MMLG6283HUNB001/LOCELL_SECTOREQM:NodeB Function Name=MMLG6283HUNB001, Local Cell ID=62072, Sector Equipment ID=11">
                <measResults>-66.086 -66.142 NIL NIL -66.9 -66.6 NIL NIL </measResults>
            </measValue>
            <measValue measObjLdn="MMLG6283HUNB001/LOCELL_SECTOREQM:NodeB Function Name=MMLG6283HUNB001, Local Cell ID=62073, Sector Equipment ID=12">
                <measResults>-75.545 -75.129 NIL NIL -76.8 -76.6 NIL NIL </measResults>
            </measValue>
        </measInfo>
        <measInfo measInfoId="50331682">
            <granPeriod duration="PT3600S" endTime="2021-08-17T23:00:00+08:00"/>
            <repPeriod duration="PT3600S"/>
            <measTypes>50332602 50332603 50332615 50332616 </measTypes>
            <measValue measObjLdn="MMLG6283HUNB001/LOCELL_SECTOREQM:NodeB Function Name=MMLG6283HUNB001, Local Cell ID=12071, Sector Equipment ID=0">
                <measResults>NIL NIL NIL NIL </measResults>
            </measValue>
            <measValue measObjLdn="MMLG6283HUNB001/LOCELL_SECTOREQM:NodeB Function Name=MMLG6283HUNB001, Local Cell ID=12072, Sector Equipment ID=1">
                <measResults>NIL NIL NIL NIL </measResults>
            </measValue>
            <measValue measObjLdn="MMLG6283HUNB001/LOCELL_SECTOREQM:NodeB Function Name=MMLG6283HUNB001, Local Cell ID=12073, Sector Equipment ID=2">
                <measResults>NIL NIL NIL NIL </measResults>
            </measValue>
            <measValue measObjLdn="MMLG6283HUNB001/LOCELL_SECTOREQM:NodeB Function Name=MMLG6283HUNB001, Local Cell ID=52071, Sector Equipment ID=6">
                <measResults>989 989 NIL NIL </measResults>
            </measValue>
            <measValue measObjLdn="MMLG6283HUNB001/LOCELL_SECTOREQM:NodeB Function Name=MMLG6283HUNB001, Local Cell ID=52072, Sector Equipment ID=7">
                <measResults>998 989 NIL NIL </measResults>
            </measValue>
            <measValue measObjLdn="MMLG6283HUNB001/LOCELL_SECTOREQM:NodeB Function Name=MMLG6283HUNB001, Local Cell ID=52073, Sector Equipment ID=8">
                <measResults>990 995 NIL NIL </measResults>
            </measValue>
            <measValue measObjLdn="MMLG6283HUNB001/LOCELL_SECTOREQM:NodeB Function Name=MMLG6283HUNB001, Local Cell ID=62071, Sector Equipment ID=10">
                <measResults>NIL NIL NIL NIL </measResults>
            </measValue>
            <measValue measObjLdn="MMLG6283HUNB001/LOCELL_SECTOREQM:NodeB Function Name=MMLG6283HUNB001, Local Cell ID=62072, Sector Equipment ID=11">
                <measResults>NIL NIL NIL NIL </measResults>
            </measValue>
            <measValue measObjLdn="MMLG6283HUNB001/LOCELL_SECTOREQM:NodeB Function Name=MMLG6283HUNB001, Local Cell ID=62073, Sector Equipment ID=12">
                <measResults>NIL NIL NIL NIL </measResults>
            </measValue>
        </measInfo>
    </measData>
    <fileFooter>
        <measCollec endTime="2021-08-17T23:00:00+08:00"/>
    </fileFooter>
</measCollecFile>
