<?xml version="1.0" encoding="UTF-8"?>
<measCollecFile xmlns="http://latest/nmc-omc/cmNrm.doc#measCollec" xmlns:xsi="http://www.w3.org/2001/XMLSchema-instance" xsi:schemaLocation="http://latest/nmc-omc/cmNrm.doc#measCollec schema\pmResultSchedule.xsd">
    <fileHeader fileFormatVersion="32.435 V7.2" vendorName="Huawei">
        <fileSender elementType="NodeB"/>
        <measCollec beginTime="2021-08-19T11:00:00+08:00"/>
    </fileHeader>
    <measData>
        <managedElement userLabel="QCYG1039HUNB001"/>
        <measInfo measInfoId="50331655">
            <granPeriod duration="PT3600S" endTime="2021-08-19T12:00:00+08:00"/>
            <repPeriod duration="PT3600S"/>
            <measTypes>50332573 50332574 50342574 50342575 50342635 50342636 </measTypes>
            <measValue measObjLdn="QCYG1039HUNB001/ULGROUP:UL BB Resource Group No.=1">
                <measResults>768 38.888 23.5 66 0 0 </measResults>
            </measValue>
            <measValue measObjLdn="QCYG1039HUNB001/ULGROUP:UL BB Resource Group No.=2">
                <measResults>1024 21.604 10.5 32 0 0 </measResults>
            </measValue>
        </measInfo>
        <measInfo measInfoId="50331656">
            <granPeriod duration="PT3600S" endTime="2021-08-19T12:00:00+08:00"/>
            <repPeriod duration="PT3600S"/>
            <measTypes>50332582 50332583 50332584 50332586 50342584 50342585 50342586 50342587 50342606 50342607 50342608 50342609 50342632 50342633 </measTypes>
            <measValue measObjLdn="QCYG1039HUNB001/BRD:Board Type=UBBP, Cabinet No.=0, Subrack No.=0, Slot No.=1">
                <measResults>1024 1024 0 0 0 0 0 0 0 0 0 0 0 0 </measResults>
            </measValue>
            <measValue measObjLdn="QCYG1039HUNB001/BRD:Board Type=UBBP, Cabinet No.=0, Subrack No.=0, Slot No.=2">
                <measResults>1024 768 38.583 38.888 30 55 23.5 66 1 3 2 5 0 0 </measResults>
            </measValue>
            <measValue measObjLdn="QCYG1039HUNB001/BRD:Board Type=UBBP, Cabinet No.=0, Subrack No.=0, Slot No.=3">
                <measResults>1024 1024 20.525 21.604 13 27 10.5 32 1 2 1 3 0 0 </measResults>
            </measValue>
            <measValue measObjLdn="QCYG1039HUNB001/BRD:Board Type=UMPT, Cabinet No.=0, Subrack No.=0, Slot No.=7">
                <measResults>0 0 0 0 0 0 0 0 0 0 0 0 0 0 </measResults>
            </measValue>
        </measInfo>
        <measInfo measInfoId="50331683">
            <granPeriod duration="PT3600S" endTime="2021-08-19T12:00:00+08:00"/>
            <repPeriod duration="PT3600S"/>
            <measTypes>50332627 </measTypes>
            <measValue measObjLdn="QCYG1039HUNB001/NODEBRRU:Cabinet No.=0, Subrack No.=60, Slot No.=0">
                <measResults>0 </measResults>
            </measValue>
            <measValue measObjLdn="QCYG1039HUNB001/NODEBRRU:Cabinet No.=0, Subrack No.=61, Slot No.=0">
                <measResults>0 </measResults>
            </measValue>
            <measValue measObjLdn="QCYG1039HUNB001/NODEBRRU:Cabinet No.=0, Subrack No.=62, Slot No.=0">
                <measResults>0 </measResults>
            </measValue>
            <measValue measObjLdn="QCYG1039HUNB001/NODEBRRU:Cabinet No.=0, Subrack No.=80, Slot No.=0">
                <measResults>0 </measResults>
            </measValue>
            <measValue measObjLdn="QCYG1039HUNB001/NODEBRRU:Cabinet No.=0, Subrack No.=81, Slot No.=0">
                <measResults>0 </measResults>
            </measValue>
            <measValue measObjLdn="QCYG1039HUNB001/NODEBRRU:Cabinet No.=0, Subrack No.=82, Slot No.=0">
                <measResults>0 </measResults>
            </measValue>
        </measInfo>
        <measInfo measInfoId="1542455297">
            <granPeriod duration="PT3600S" endTime="2021-08-19T12:00:00+08:00"/>
            <repPeriod duration="PT3600S"/>
            <measTypes>1542455297 1542455298 1542455299 1542455300 1542455301 1542455302 1542455303 1542455304 1542455305 1542455306 1542455307 1542460296 1542460297 </measTypes>
            <measValue measObjLdn="QCYG1039HUNB001/ETHPORT:Cabinet No.=0, Subrack No.=0, Slot No.=7, Port No.=0, Subboard Type=BASE_BOARD">
                <measResults>0 0 0 0 0 0 0 0 0 0 0 0 0 </measResults>
            </measValue>
            <measValue measObjLdn="QCYG1039HUNB001/ETHPORT:Cabinet No.=0, Subrack No.=0, Slot No.=7, Port No.=1, Subboard Type=BASE_BOARD">
                <measResults>670121766 6519365 2083410453 8273423 0 6308208 627392 1488749 33224040 730616 4628531 1000000 1000000 </measResults>
            </measValue>
        </measInfo>
        <measInfo measInfoId="1542455301">
            <granPeriod duration="PT3600S" endTime="2021-08-19T12:00:00+08:00"/>
            <repPeriod duration="PT3600S"/>
            <measTypes>1542455326 1542455327 1542455328 1542455329 1542455330 1542455331 1542455332 1542455333 1542460727 1542460728 1542460729 </measTypes>
            <measValue measObjLdn="QCYG1039HUNB001/IP:Board Type=UMPT, Cabinet No.=0, Subrack No.=0, Slot No.=7">
                <measResults>6517388 514591964 0 0 8264799 1878196660 0 0 6564 0 0 </measResults>
            </measValue>
        </measInfo>
        <measInfo measInfoId="1542455303">
            <granPeriod duration="PT3600S" endTime="2021-08-19T12:00:00+08:00"/>
            <repPeriod duration="PT3600S"/>
            <measTypes>1542455365 1542455367 1542455369 1542455371 1542455375 1542455376 1542455377 1542455378 </measTypes>
            <measValue measObjLdn="QCYG1039HUNB001/RSCGRP:Transmission Resource Group Bear Type=IP, Cabinet No.=0, Bearing Port No.=0, Bearing Port Type=ETH, Transmission Resource Group ID=AUTOPORT, Subboard Type=BASE_BOARD, Slot No.=7, Subrack No.=0">
                <measResults>0 0 0 0 0 0 0 0 </measResults>
            </measValue>
            <measValue measObjLdn="QCYG1039HUNB001/RSCGRP:Transmission Resource Group Bear Type=IP, Cabinet No.=0, Bearing Port No.=1, Bearing Port Type=ETH, Transmission Resource Group ID=AUTOPORT, Subboard Type=BASE_BOARD, Slot No.=7, Subrack No.=0">
                <measResults>631980721 6517909 0 0 6343304 689688 1404404 0 </measResults>
            </measValue>
        </measInfo>
        <measInfo measInfoId="1542455312">
            <granPeriod duration="PT3600S" endTime="2021-08-19T12:00:00+08:00"/>
            <repPeriod duration="PT3600S"/>
            <measTypes>1542460308 1542460309 1542460310 1542460311 1542460312 1542460313 1542460314 1542460315 1542460316 1542460317 1542460318 1542460319 1542460320 1542460321 1542460322 1542460323 1542460324 1542460325 1542460326 1542460327 1542460328 1542460329 1542460330 1542460331 1542460332 </measTypes>
            <measValue measObjLdn="QCYG1039HUNB001/RSCGRP:Transmission Resource Group Bear Type=IP, Cabinet No.=0, Bearing Port No.=0, Bearing Port Type=ETH, Transmission Resource Group ID=AUTOPORT, Subboard Type=BASE_BOARD, Slot No.=7, Subrack No.=0">
                <measResults>0 0 0 0 0 0 0 0 0 0 0 0 0 0 0 0 0 0 0 0 0 0 0 0 0 </measResults>
            </measValue>
            <measValue measObjLdn="QCYG1039HUNB001/RSCGRP:Transmission Resource Group Bear Type=IP, Cabinet No.=0, Bearing Port No.=1, Bearing Port Type=ETH, Transmission Resource Group ID=AUTOPORT, Subboard Type=BASE_BOARD, Slot No.=7, Subrack No.=0">
                <measResults>23885 23885 23885 0 0 0 0 0 0 0 0 0 0 1439735 0 0 0 1 0 0 0 0 0 0 0 </measResults>
            </measValue>
        </measInfo>
        <measInfo measInfoId="1542455309">
            <granPeriod duration="PT3600S" endTime="2021-08-19T12:00:00+08:00"/>
            <repPeriod duration="PT3600S"/>
            <measTypes>1542455826 1542455827 1542455828 1542455829 1542455833 1542455834 1542455835 1542455836 1542455837 1542455838 1542455839 1542455840 1542455841 1542455842 1542455843 1542455844 1542455845 1542455846 1542455847 1542455848 </measTypes>
            <measValue measObjLdn="QCYG1039HUNB001/OMCH:Standby Status=MASTER, Bearer Type=IPV4">
                <measResults>628 171 0 0 0 0 0 0 0 463 0 0 636 0 0 0 0 587 0 49 </measResults>
            </measValue>
        </measInfo>
        <measInfo measInfoId="1542455815">
            <granPeriod duration="PT3600S" endTime="2021-08-19T12:00:00+08:00"/>
            <repPeriod duration="PT3600S"/>
            <measTypes>1542460340 1542460341 1542460342 1542460343 1542460496 1542460497 1542460498 1542460499 1542460500 1542460501 1542460502 1542460503 1542460504 1542460505 1542460506 1542460507 1542460510 </measTypes>
            <measValue measObjLdn="QCYG1039HUNB001/IKE:Board Type=UMPT, Cabinet No.=0, Subrack No.=0, Slot No.=7">
                <measResults>0 0 0 0 0 0 0 0 0 0 0 0 0 0 0 0 0 </measResults>
            </measValue>
        </measInfo>
        <measInfo measInfoId="1542455817">
            <granPeriod duration="PT3600S" endTime="2021-08-19T12:00:00+08:00"/>
            <repPeriod duration="PT3600S"/>
            <measTypes>1542460356 1542460357 1542460358 1542460359 1542460360 1542460361 1542460362 1542460363 1542460364 1542460365 1542460366 1542460367 1542460368 1542460369 1542460370 1542460371 1542460372 1542460373 1542460374 1542460375 1542460376 </measTypes>
            <measValue measObjLdn="QCYG1039HUNB001/SCTPLNK:Link No.=31">
                <measResults>4274644 8526222 70336 119604 0 42056 0 9499 70984 15480 18947 10765 107965 0 0 0 0 0 0 107969 10765 </measResults>
            </measValue>
            <measValue measObjLdn="QCYG1039HUNB001/SCTPLNK:Link No.=32">
                <measResults>6134064 6714239 212051 263754 0 38232 2424 13631 37088 2264 14920 98248 193463 0 0 0 0 0 0 193463 98248 </measResults>
            </measValue>
        </measInfo>
        <measInfo measInfoId="1542455818">
            <granPeriod duration="PT3600S" endTime="2021-08-19T12:00:00+08:00"/>
            <repPeriod duration="PT3600S"/>
            <measTypes>1542455526 1542455527 1542455528 1542455529 1542455530 1542455531 1542455532 1542455533 1542455534 1542455535 </measTypes>
            <measValue measObjLdn="QCYG1039HUNB001/USERPLANEHOST:User Plane Host ID=3">
                <measResults>5907519 7759146 462929486 1836590847 5805200 1028734 31309160 4081318 NIL NIL </measResults>
            </measValue>
        </measInfo>
        <measInfo measInfoId="1593835529">
            <granPeriod duration="PT3600S" endTime="2021-08-19T12:00:00+08:00"/>
            <repPeriod duration="PT3600S"/>
            <measTypes>1593835620 1593835628 1593835629 </measTypes>
            <measValue measObjLdn="QCYG1039HUNB001/NODE:NODE">
                <measResults>NIL 0.764 0 </measResults>
            </measValue>
        </measInfo>
        <measInfo measInfoId="1593835533">
            <granPeriod duration="PT3600S" endTime="2021-08-19T12:00:00+08:00"/>
            <repPeriod duration="PT3600S"/>
            <measTypes>1593835647 1593835648 1593835649 </measTypes>
            <measValue measObjLdn="QCYG1039HUNB001/NODE:NODE">
                <measResults>33280 33263 33271 </measResults>
            </measValue>
        </measInfo>
        <measInfo measInfoId="1593835531">
            <granPeriod duration="PT3600S" endTime="2021-08-19T12:00:00+08:00"/>
            <repPeriod duration="PT3600S"/>
            <measTypes>1593835630 1593835632 1593835633 1593835634 </measTypes>
            <measValue measObjLdn="QCYG1039HUNB001/BBUBoard:Board Type=UBBP, Cabinet No.=0, Subrack No.=0, Slot No.=1">
                <measResults>0 2 2 0 </measResults>
            </measValue>
            <measValue measObjLdn="QCYG1039HUNB001/BBUBoard:Board Type=UBBP, Cabinet No.=0, Subrack No.=0, Slot No.=2">
                <measResults>0 3 2 0 </measResults>
            </measValue>
            <measValue measObjLdn="QCYG1039HUNB001/BBUBoard:Board Type=UBBP, Cabinet No.=0, Subrack No.=0, Slot No.=3">
                <measResults>0 3 2 0 </measResults>
            </measValue>
            <measValue measObjLdn="QCYG1039HUNB001/BBUBoard:Board Type=UMPT, Cabinet No.=0, Subrack No.=0, Slot No.=7">
                <measResults>0 2 1 0 </measResults>
            </measValue>
        </measInfo>
        <measInfo measInfoId="1593835535">
            <granPeriod duration="PT3600S" endTime="2021-08-19T12:00:00+08:00"/>
            <repPeriod duration="PT3600S"/>
            <measTypes>1593835652 1593835653 1593835654 1593835655 1593835656 1593835657 1593835658 1593835659 1593835660 1593835661 1593835662 1593835663 1593835664 1593835665 1593835666 1593835667 1593835668 1593835669 1593835670 1593835671 </measTypes>
            <measValue measObjLdn="QCYG1039HUNB001/RADIOEQM:Cabinet No.=0, Subrack No.=60, Slot No.=0">
                <measResults>NIL NIL NIL NIL NIL NIL NIL NIL NIL NIL 0 0 0 0 0 0 0 0 0 0 </measResults>
            </measValue>
            <measValue measObjLdn="QCYG1039HUNB001/RADIOEQM:Cabinet No.=0, Subrack No.=61, Slot No.=0">
                <measResults>NIL NIL NIL NIL NIL NIL NIL NIL NIL NIL 0 0 0 0 0 0 0 0 0 0 </measResults>
            </measValue>
            <measValue measObjLdn="QCYG1039HUNB001/RADIOEQM:Cabinet No.=0, Subrack No.=62, Slot No.=0">
                <measResults>NIL NIL NIL NIL NIL NIL NIL NIL NIL NIL 0 0 0 5 0 0 0 0 0 0 </measResults>
            </measValue>
            <measValue measObjLdn="QCYG1039HUNB001/RADIOEQM:Cabinet No.=0, Subrack No.=80, Slot No.=0">
                <measResults>NIL NIL NIL NIL NIL NIL NIL NIL NIL NIL 0 0 0 0 0 0 0 0 0 0 </measResults>
            </measValue>
            <measValue measObjLdn="QCYG1039HUNB001/RADIOEQM:Cabinet No.=0, Subrack No.=81, Slot No.=0">
                <measResults>NIL NIL NIL NIL NIL NIL NIL NIL NIL NIL 0 0 0 0 0 0 0 0 0 0 </measResults>
            </measValue>
            <measValue measObjLdn="QCYG1039HUNB001/RADIOEQM:Cabinet No.=0, Subrack No.=82, Slot No.=0">
                <measResults>NIL NIL NIL NIL NIL NIL NIL NIL NIL NIL 0 0 0 0 0 0 0 0 0 0 </measResults>
            </measValue>
        </measInfo>
        <measInfo measInfoId="1593835539">
            <granPeriod duration="PT3600S" endTime="2021-08-19T12:00:00+08:00"/>
            <repPeriod duration="PT3600S"/>
            <measTypes>1593835767 </measTypes>
            <measValue measObjLdn="QCYG1039HUNB001/RADIOEQM:Cabinet No.=0, Subrack No.=60, Slot No.=0">
                <measResults>3600 </measResults>
            </measValue>
            <measValue measObjLdn="QCYG1039HUNB001/RADIOEQM:Cabinet No.=0, Subrack No.=61, Slot No.=0">
                <measResults>3600 </measResults>
            </measValue>
            <measValue measObjLdn="QCYG1039HUNB001/RADIOEQM:Cabinet No.=0, Subrack No.=62, Slot No.=0">
                <measResults>3600 </measResults>
            </measValue>
            <measValue measObjLdn="QCYG1039HUNB001/RADIOEQM:Cabinet No.=0, Subrack No.=80, Slot No.=0">
                <measResults>3600 </measResults>
            </measValue>
            <measValue measObjLdn="QCYG1039HUNB001/RADIOEQM:Cabinet No.=0, Subrack No.=81, Slot No.=0">
                <measResults>3600 </measResults>
            </measValue>
            <measValue measObjLdn="QCYG1039HUNB001/RADIOEQM:Cabinet No.=0, Subrack No.=82, Slot No.=0">
                <measResults>3600 </measResults>
            </measValue>
        </measInfo>
        <measInfo measInfoId="1593835544">
            <granPeriod duration="PT3600S" endTime="2021-08-19T12:00:00+08:00"/>
            <repPeriod duration="PT3600S"/>
            <measTypes>1593835835 </measTypes>
            <measValue measObjLdn="QCYG1039HUNB001/BU:Cabinet No.=0, Subrack No.=0">
                <measResults>0.2014022 </measResults>
            </measValue>
        </measInfo>
        <measInfo measInfoId="1593835545">
            <granPeriod duration="PT3600S" endTime="2021-08-19T12:00:00+08:00"/>
            <repPeriod duration="PT3600S"/>
            <measTypes>1593835836 </measTypes>
            <measValue measObjLdn="QCYG1039HUNB001/BTSBoard:Cabinet No.=0, Subrack No.=60, Slot No.=0">
                <measResults>0.139685 </measResults>
            </measValue>
            <measValue measObjLdn="QCYG1039HUNB001/BTSBoard:Cabinet No.=0, Subrack No.=61, Slot No.=0">
                <measResults>0.13644917 </measResults>
            </measValue>
            <measValue measObjLdn="QCYG1039HUNB001/BTSBoard:Cabinet No.=0, Subrack No.=62, Slot No.=0">
                <measResults>0.14005667 </measResults>
            </measValue>
            <measValue measObjLdn="QCYG1039HUNB001/BTSBoard:Cabinet No.=0, Subrack No.=80, Slot No.=0">
                <measResults>0.16082667 </measResults>
            </measValue>
            <measValue measObjLdn="QCYG1039HUNB001/BTSBoard:Cabinet No.=0, Subrack No.=81, Slot No.=0">
                <measResults>0.1678375 </measResults>
            </measValue>
            <measValue measObjLdn="QCYG1039HUNB001/BTSBoard:Cabinet No.=0, Subrack No.=82, Slot No.=0">
                <measResults>0.16489333 </measResults>
            </measValue>
        </measInfo>
        <measInfo measInfoId="50331648">
            <granPeriod duration="PT3600S" endTime="2021-08-19T12:00:00+08:00"/>
            <repPeriod duration="PT3600S"/>
            <measTypes>50331654 50331655 50331656 50331657 50331658 50331659 50331660 50331661 50331662 50331663 50331664 50331665 50331666 50331667 50331668 50331669 50331670 50331671 50331672 50331673 50331674 50331675 50331676 50331677 50331678 50331679 50331680 50331681 50331682 50331683 50331684 50331685 50331686 50331687 50331688 50331689 50331690 50331691 50331692 50331693 50331694 50331695 50331696 50331697 50331698 50331699 50331709 50331710 50331711 50331712 50331713 50331714 50331717 50331718 50331719 50331720 50331721 50331722 50331723 50331724 50331745 50331746 50331754 50331755 50331756 50331757 50331758 50331759 50331760 50331761 50331762 50331763 50331764 50331765 50331766 50331767 50331768 50331769 50331770 50331771 50331772 50331773 50331774 50331775 50331776 50331777 50331778 50331779 50331780 50331781 50331782 50331783 50331784 50331785 50331786 50331787 50331788 50331789 50331790 50331791 50331792 50331793 50331794 50331795 50331796 50331797 50331798 50331799 50331800 50331801 50331802 50331803 50331804 50331805 50331806 50331807 50331808 50331809 50331810 50331811 50331812 50331813 50331814 50331815 50331816 50331817 50331818 50331819 50331820 50331821 50331838 50331839 50331840 50332168 50332169 50332170 50332173 50332174 50332215 50332216 50332217 50341648 50341649 50341650 50341651 50341652 50341653 50341654 50341655 50341656 50341657 50341658 50341659 50341668 50341669 50341670 50341671 50341672 50341675 50341676 50341677 50341678 50341679 50341680 50341685 50341686 50341687 50341688 50341689 50341690 50341691 50341692 50341693 50341694 50341695 50341696 50341697 50341698 50341699 50341700 50341701 50341702 50341703 50341704 50341705 50341706 50341707 50341708 50341709 50341710 50341711 50341712 50341713 50341714 50341715 50341716 50341717 50341722 50341739 50341740 </measTypes>
            <measValue measObjLdn="QCYG1039HUNB001/ULoCell:NodeB Function Name=QCYG1039HUNB001, Local Cell ID=12361, Cell Name=CRDLRU1">
                <measResults>220244 32153 12637 188498 30330 797 331 288 0 0 0 0 0 0 2355 2218 1217 729 1173 1293 2210 2024 3917 4677 7373 9631 13040 16432 20239 28081 29223 44086 43602 61576 58473 52134 57591 56859 50896 47565 54778 25788 12270 1685 554 301 99479 262563 0 0 0 0 0 0 0 0 0 93572 72000 265051 291709 3192186137 0 18559 1703 106 160 7593 2274 8886 5519 1111 1344 3308 2426 4349 3284 4387 3734 5128 4297 5219 4200 5259 7194 6471 8918 7192 8112 9934 13069 15620 19465 76213 0 0 0 0 0 0 0 0 0 0 0 0 0 0 0 0 0 0 0 0 0 0 0 0 0 0 0 0 0 0 0 0 0 0 0 0 3192142474 272276 16288 0 0 0 0 0 0 0 0 36 269 0 107 1000 0 38 240 112 706 959 151 880703 11191643 0 918356 5832470 2 27 0 85 816 0 0 15 0 1.453 13.995 13.468 14 0 9 27 0 0 0 0 0 0 0 NIL 800 838 598 0 0 0 0 0 0 0 0 0 0 0 0 20628 0 0 </measResults>
            </measValue>
            <measValue measObjLdn="QCYG1039HUNB001/ULoCell:NodeB Function Name=QCYG1039HUNB001, Local Cell ID=12362, Cell Name=CRDLRU2">
                <measResults>78405 9614 7493 69471 7592 881 301 160 0 0 0 0 0 0 1415 1511 631 631 932 1222 4820 7107 19115 18119 23757 29480 51476 76065 86623 76885 39840 56082 42679 52354 40529 37465 41072 45697 50908 49822 40514 41217 14050 923 570 326 626 92312 0 0 0 0 0 0 0 0 0 21680 73222 95528 101545 299128706 0 29296 1730 110 201 1503 423 14217 1555 1992 1238 2957 2722 3469 2077 2959 2249 2640 2406 2086 2709 2229 2641 2210 2086 1750 2435 1586 934 481 314 315 0 0 0 0 0 0 0 0 0 0 0 0 0 0 0 0 0 0 0 0 0 0 0 0 0 0 0 0 0 0 0 0 0 0 0 0 298957407 98806 8408 0 0 0 0 0 0 0 0 13 199 0 20 708 0 13 232 21 366 973 54 82180 4875178 0 84460 1521852 1 20 0 18 581 0 0 12 0 0.278 9.912 13.389 14 0 4 19 0 0 0 0 0 0 0 NIL 805 834 724 0 0 0 0 0 0 0 0 0 0 0 0 16242 0 0 </measResults>
            </measValue>
            <measValue measObjLdn="QCYG1039HUNB001/ULoCell:NodeB Function Name=QCYG1039HUNB001, Local Cell ID=12363, Cell Name=CRDLRU3">
                <measResults>166597 17432 11397 147602 17091 767 701 436 0 0 0 0 0 0 1366 4256 1073 824 1081 1129 1897 1767 3143 3540 5605 6782 9538 12762 17536 27727 20947 29650 28831 42545 47029 35918 38347 29007 31055 26027 40458 16634 6734 2583 1015 485 22211 189532 0 0 0 0 0 0 0 0 0 102477 70760 195448 232121 1837869297 0 12932 1119 241 667 1771 1542 8998 2101 1411 1071 2835 2522 3296 2387 5000 7819 6131 6835 6923 6046 8123 10746 10641 11939 10046 10804 11447 9443 9008 9201 12363 0 0 0 0 0 0 0 0 0 0 0 0 0 0 0 0 0 0 0 0 0 0 0 0 0 0 0 0 0 0 0 0 0 0 0 0 1837702405 212943 23761 0 0 0 0 0 0 0 0 27 234 0 83 872 0 34 227 106 694 780 118 506980 8191606 0 649974 4296441 2 47 0 68 688 0 0 0 0 1.128 11.684 13.572 14.055 0 13 22 0 0 0 0 0 0 0 NIL 808 836 698 0 0 0 0 0 0 0 0 0 0 0 0 20204 0 0 </measResults>
            </measValue>
            <measValue measObjLdn="QCYG1039HUNB001/ULoCell:NodeB Function Name=QCYG1039HUNB001, Local Cell ID=52361, Cell Name=CRDLRN4">
                <measResults>159667 19150 11037 140910 17418 743 377 219 0 0 0 0 0 0 2015 748 324 171 273 235 489 379 750 846 1426 1640 2316 3001 4002 5877 5457 8857 10705 15623 20583 19979 30483 26479 39939 43478 92917 99812 78505 32083 19772 28322 53169 188646 0 0 0 0 0 0 0 0 0 87845 48846 189860 198768 2320159228 0 18652 4575 748 589 1361 1635 7675 982 1173 769 2464 1454 3744 2028 2034 1140 1824 1523 2031 2491 2986 4319 4178 5957 5385 7398 16073 11889 21474 16421 34696 0 0 0 0 0 0 0 0 0 0 0 0 0 0 0 0 0 0 0 0 0 0 0 0 0 0 0 0 0 0 0 0 0 0 0 0 2319952776 186944 6789 0 0 0 0 0 0 0 0 26 233 0 76 788 0 30 246 87 713 873 103 640571 8160461 0 733758 6219136 3 67 0 68 684 0 0 12 0 1.048 11.037 13.696 14.144 0 3 20 0 0 0 0 0 0 0 NIL 902 919 792 0 0 0 0 0 0 0 0 0 0 0 0 25079 0 0 </measResults>
            </measValue>
            <measValue measObjLdn="QCYG1039HUNB001/ULoCell:NodeB Function Name=QCYG1039HUNB001, Local Cell ID=52362, Cell Name=CRDLRN5">
                <measResults>59568 6511 4689 53220 5471 440 294 143 0 0 0 0 0 0 840 341 38 117 184 124 285 231 418 449 749 908 1234 1528 1985 2806 2349 3654 3662 5742 7084 9271 12855 12549 11321 10057 16043 16559 22955 30061 46742 28522 24539 69566 0 0 0 0 0 0 0 0 0 27994 18237 70770 73304 961942701 0 7348 1423 73 74 382 146 4009 778 259 477 813 591 936 551 633 394 654 473 649 626 704 1338 982 1611 2207 3546 5749 3765 5696 4050 19809 0 0 0 0 0 0 0 0 0 0 0 0 0 0 0 0 0 0 0 0 0 0 0 0 0 0 0 0 0 0 0 0 0 0 0 0 961876075 72322 3845 0 0 0 0 0 0 0 0 9 187 0 28 585 0 17 237 52 687 549 40 265547 5189592 0 483692 6638675 1 95 0 25 546 0 0 2 0 0.397 8.184 13.893 14.084 0 2 6 0 0 0 0 0 0 0 NIL 909 921 864 0 0 0 0 0 0 0 0 0 0 0 0 26208 0 0 </measResults>
            </measValue>
            <measValue measObjLdn="QCYG1039HUNB001/ULoCell:NodeB Function Name=QCYG1039HUNB001, Local Cell ID=52363, Cell Name=CRDLRN6">
                <measResults>65392 4512 10352 59970 4572 431 230 189 0 0 0 0 0 0 1676 61 85 79 88 69 155 61 95 193 403 561 828 1293 1836 3074 3478 5580 6282 9257 10704 13800 18760 22746 29538 36425 69044 45188 22035 10124 6306 5503 5004 80221 0 0 0 0 0 0 0 0 0 35554 39701 80259 84338 362128507 0 12522 1349 128 107 1442 586 7503 1548 2062 308 5583 3911 7735 6611 2745 975 1769 873 932 1042 1225 2075 1669 1935 1768 1551 2502 1005 2114 1590 3034 0 0 0 0 0 0 0 0 0 0 0 0 0 0 0 0 0 0 0 0 0 0 0 0 0 0 0 0 0 0 0 0 0 0 0 0 362045939 82001 5857 0 0 0 0 0 0 0 0 11 142 0 17 377 0 16 235 25 362 679 45 99616 2722928 0 146710 2213689 1 30 0 15 391 0 0 0 0 0.235 5.277 13.622 14 0 3 24 0 0 0 0 0 0 0 NIL 907 921 866 0 0 0 0 0 0 0 0 0 0 0 0 24114 0 0 </measResults>
            </measValue>
            <measValue measObjLdn="QCYG1039HUNB001/ULoCell:NodeB Function Name=QCYG1039HUNB001, Local Cell ID=62361, Cell Name=CRDLRN1">
                <measResults>122255 17196 11799 105061 15811 803 376 204 0 0 0 0 0 0 2080 2614 2100 927 1334 1502 2930 2323 4022 4917 7756 10082 15566 23488 37631 61668 68750 74633 79768 70178 54578 49407 48071 40234 33456 28528 37136 23971 14609 8583 4897 5092 25729 146529 0 0 0 0 0 0 0 0 0 67800 57737 151266 154955 1267535034 0 24509 7215 146 163 1605 897 9905 3231 1004 997 2042 2333 2990 1261 2197 1721 3002 1955 2048 1901 2237 3899 3391 5854 5236 7205 9799 10206 8762 7816 15650 0 0 0 0 0 0 0 0 0 0 0 0 0 0 0 0 0 0 0 0 0 0 0 0 0 0 0 0 0 0 0 0 0 0 0 0 1267188974 148261 9766 0 0 0 0 0 0 0 0 21 260 0 48 994 0 22 237 52 551 931 82 349793 11013074 0 375718 4265768 2 87 0 41 846 0 0 18 0 0.632 12.916 13.031 14 0 5 24 0 0 0 0 0 0 0 NIL 892 918 812 0 0 0 0 0 0 0 0 0 0 0 0 20209 0 0 </measResults>
            </measValue>
            <measValue measObjLdn="QCYG1039HUNB001/ULoCell:NodeB Function Name=QCYG1039HUNB001, Local Cell ID=62362, Cell Name=CRDLRN2">
                <measResults>105732 14876 10661 90426 13203 1047 696 360 0 0 0 0 0 0 1422 290 222 257 207 259 682 704 1229 1554 2770 3077 4588 6524 9503 15331 15719 27077 25306 33559 27217 22461 25417 24726 25322 24377 43058 31155 21506 11937 7879 2201 16919 129514 0 0 0 0 0 0 0 0 0 71324 43036 131279 136344 1162032628 0 9522 1239 128 152 717 1352 4480 1154 709 638 1897 1326 2117 1413 1985 2443 3555 4967 7060 4728 6028 6644 7444 9375 8206 7657 6506 6505 5438 7136 8743 0 0 0 0 0 0 0 0 0 0 0 0 0 0 0 0 0 0 0 0 0 0 0 0 0 0 0 0 0 0 0 0 0 0 0 0 1161976974 129946 2355 0 0 0 0 0 0 0 0 18 137 0 55 441 0 25 249 77 757 712 72 320514 4060882 0 450160 4451583 3 36 0 48 387 0 0 19 0 0.729 6.178 13.236 14 0 1 16 0 0 0 0 0 0 0 NIL 900 917 851 0 0 0 0 0 0 0 0 0 0 0 0 21218 0 0 </measResults>
            </measValue>
            <measValue measObjLdn="QCYG1039HUNB001/ULoCell:NodeB Function Name=QCYG1039HUNB001, Local Cell ID=62363, Cell Name=CRDLRN3">
                <measResults>47016 6559 9502 39967 6052 592 262 143 0 0 0 0 0 0 1848 324 578 157 157 340 583 551 1083 1541 2912 4573 7434 9405 9948 11050 10592 14299 14928 18760 24597 20421 27511 25455 32055 34104 57047 43716 25258 12876 7516 6159 5984 60183 0 0 0 0 0 0 0 0 0 20531 36568 63083 66167 280522957 0 14999 2480 54 148 1246 283 7276 916 659 435 2368 1581 2082 879 1876 1943 2757 1170 1448 788 1035 1253 979 1804 1321 1553 1782 1370 1208 1573 3778 0 0 0 0 0 0 0 0 0 0 0 0 0 0 0 0 0 0 0 0 0 0 0 0 0 0 0 0 0 0 0 0 0 0 0 0 280488468 64173 5278 0 0 0 0 0 0 0 0 8 139 0 14 465 0 11 231 18 374 778 35 77170 2916621 0 99190 2204857 1 32 0 11 398 0 0 0 0 0.186 6.044 13.268 14 0 2 14 0 0 0 0 0 0 0 NIL 899 920 835 0 0 0 0 0 0 0 0 0 0 0 0 22767 0 0 </measResults>
            </measValue>
        </measInfo>
        <measInfo measInfoId="50331650">
            <granPeriod duration="PT3600S" endTime="2021-08-19T12:00:00+08:00"/>
            <repPeriod duration="PT3600S"/>
            <measTypes>50332548 50332549 50332550 50332554 50342548 50342549 50342550 50342554 50342612 50342613 50342615 50342616 </measTypes>
            <measValue measObjLdn="QCYG1039HUNB001/ULoCell:NodeB Function Name=QCYG1039HUNB001, Local Cell ID=12361, Cell Name=CRDLRU1">
                <measResults>0 0 6.44 3.669 0 0 23 9 0 0 0 0 </measResults>
            </measValue>
            <measValue measObjLdn="QCYG1039HUNB001/ULoCell:NodeB Function Name=QCYG1039HUNB001, Local Cell ID=12362, Cell Name=CRDLRU2">
                <measResults>0 0 8.977 4.622 0 0 20.5 11 0 0 0 0 </measResults>
            </measValue>
            <measValue measObjLdn="QCYG1039HUNB001/ULoCell:NodeB Function Name=QCYG1039HUNB001, Local Cell ID=12363, Cell Name=CRDLRU3">
                <measResults>0 0 5.896 2.999 0 0 16 7 0 0 0 0 </measResults>
            </measValue>
            <measValue measObjLdn="QCYG1039HUNB001/ULoCell:NodeB Function Name=QCYG1039HUNB001, Local Cell ID=52361, Cell Name=CRDLRN4">
                <measResults>0 0 6.356 2.593 0 0 19 10 0 0 0 0 </measResults>
            </measValue>
            <measValue measObjLdn="QCYG1039HUNB001/ULoCell:NodeB Function Name=QCYG1039HUNB001, Local Cell ID=52362, Cell Name=CRDLRN5">
                <measResults>0 0 3.406 1.971 0 0 15 7 0 0 0 0 </measResults>
            </measValue>
            <measValue measObjLdn="QCYG1039HUNB001/ULoCell:NodeB Function Name=QCYG1039HUNB001, Local Cell ID=52363, Cell Name=CRDLRN6">
                <measResults>0 0 4.833 2.721 0 0 44 8 0 0 0 0 </measResults>
            </measValue>
            <measValue measObjLdn="QCYG1039HUNB001/ULoCell:NodeB Function Name=QCYG1039HUNB001, Local Cell ID=62361, Cell Name=CRDLRN1">
                <measResults>0 0 9.508 4.613 0 0 27 11 0 0 0 0 </measResults>
            </measValue>
            <measValue measObjLdn="QCYG1039HUNB001/ULoCell:NodeB Function Name=QCYG1039HUNB001, Local Cell ID=62362, Cell Name=CRDLRN2">
                <measResults>0 0 7.315 4.322 0 0 20.5 10 0 0 0 0 </measResults>
            </measValue>
            <measValue measObjLdn="QCYG1039HUNB001/ULoCell:NodeB Function Name=QCYG1039HUNB001, Local Cell ID=62363, Cell Name=CRDLRN3">
                <measResults>0 0 7.283 4.193 0 0 19.5 11 0 0 0 0 </measResults>
            </measValue>
        </measInfo>
        <measInfo measInfoId="50331651">
            <granPeriod duration="PT3600S" endTime="2021-08-19T12:00:00+08:00"/>
            <repPeriod duration="PT3600S"/>
            <measTypes>50331850 50331851 50331852 50331853 50331854 50331855 50331856 50331857 50331858 50331859 50331860 50331861 50331862 50331863 50331864 50331865 50331866 50331867 50331868 50331869 50331870 50331871 50331872 50331873 50331874 50331875 50331876 50331877 50331878 50331879 50331885 50331886 50331887 50331888 50331889 50331892 50331903 50331904 50331908 50331925 50331926 50331927 50331928 50331929 50331930 50331931 50331957 50331958 50331959 50331961 50331962 50331963 50331964 50331965 50331966 50331967 50331971 50331972 50331973 50331974 50331987 50331988 50331989 50331990 50331991 50331992 50331993 50331995 50332378 50332379 50332380 50332385 50332386 50332387 50332498 50332499 50332500 50332501 50332503 50332507 50332623 50332638 50341849 50341850 50341851 50341852 50341853 50341854 50341855 50341856 50341857 50341858 50341859 50341864 50341865 50341866 50341868 50341869 50341870 50341871 50341872 50341873 50341874 50341875 50341876 50341877 50341878 50341879 50341880 50341881 50341882 50341883 50341884 50341885 50341886 50341887 50341888 50341889 50341890 50341891 50341892 50341893 50341894 50341895 50341896 50341897 50341898 50341980 50341981 50341982 50341983 50341984 50341985 50341986 50341994 50361698 50361699 50361701 </measTypes>
            <measValue measObjLdn="QCYG1039HUNB001/ULoCell:NodeB Function Name=QCYG1039HUNB001, Local Cell ID=12361, Cell Name=CRDLRU1">
                <measResults>1784700 6261 2386 1045 548 328 309 284 625 493 559 372 349 280 193 116 124 106 84 96 177 172 129 156 56 40 1030 235856 1762258 597002 391764 85887 3602940 310638 59439 1 121 350 369484 973 426 279 133 67 30 0 6 176 152 1362 708 584 386 320 127 0 17892 3038 1146 235856 1113 1933 3639 10188 30018 54087 14598 51676 292882 210303 34087 0.144 235237 65967 0 0 NIL NIL 0 0.058 0 0 54 0.424 2.688 0.025 0.156 4 0 0 0 80 0 19 21 0 NIL NIL 1.4 0.143 0.008 0.003 0 0 340.134 114.354 83.346 40.032 33.402 11.538 0 376453.875 0.741 0.053 0.022 0.013 0.024 0.009 0.003 0.001 1.207 0 0 161 NIL NIL 161 247.332 558.45 1329.126 7110.658 25853.486 78522 14453.182 22329.502 0 NIL 0 </measResults>
            </measValue>
            <measValue measObjLdn="QCYG1039HUNB001/ULoCell:NodeB Function Name=QCYG1039HUNB001, Local Cell ID=12362, Cell Name=CRDLRU2">
                <measResults>1792075 6117 1373 163 60 58 46 26 38 3 5 10 0 0 0 0 0 0 0 0 0 0 0 0 0 12 12 319416 1772866 1311590 372217 118936 3065383 337434 96057 1 284 326 470466 0 0 0 0 0 0 0 0 28 23 0 0 0 0 0 0 0 7018 13451 7202 92103 660 8959 16735 101771 34257 32136 6283 938562 122107 56732 94030 0.462 53073 74085 0 0 NIL NIL 0 0.398 0 0 65 0.997 3.453 0.032 0.099 27 0 0 0 35 0 81 101 0 NIL NIL 0.624 0.022 0 0 0 0 0 0 0 0 0 0 0 154534.047 1.904 0.089 0.028 0.013 0.012 0.001 0 0 0.453 0 0 76 NIL NIL 737 109.584 1019.34 1813.164 11769.168 9325.242 13842.818 3404.304 39213.363 0 NIL 0 </measResults>
            </measValue>
            <measValue measObjLdn="QCYG1039HUNB001/ULoCell:NodeB Function Name=QCYG1039HUNB001, Local Cell ID=12363, Cell Name=CRDLRU3">
                <measResults>1790413 4096 1503 637 459 317 264 240 338 442 387 321 174 168 113 53 25 16 8 13 0 0 0 1 0 0 40 215801 1615434 520722 260495 46817 2864032 172740 24504 1 134 210 297548 264 50 0 0 0 0 0 0 107 79 390 105 105 100 55 0 0 2266 6413 5246 111099 934 1319 2434 30104 43287 35775 8651 97567 154135 98325 43254 0.134 86510 72509 0 0 NIL NIL 0 0.088 0 0 61 0.353 3.035 0.013 0.072 3 0 0 0 60 0 17 18 0 NIL NIL 0.905 0.086 0.004 0.001 0 0 68.916 14.868 14.868 14.16 7.788 0 0 268004.063 0.789 0.056 0.029 0.019 0.032 0.01 0.003 0 0.774 0 0 172 NIL NIL 267 247.32 582.522 1056.186 11350.464 23222.143 30911.006 5565.956 24220.402 0 NIL 0 </measResults>
            </measValue>
            <measValue measObjLdn="QCYG1039HUNB001/ULoCell:NodeB Function Name=QCYG1039HUNB001, Local Cell ID=52361, Cell Name=CRDLRN4">
                <measResults>0 0 0 48 8418 148015 553825 627541 396136 46059 11064 4737 1758 969 655 345 169 79 55 40 29 10 7 5 0 47 282 507803 1666500 911120 378388 117027 2693439 290974 57886 3 200 662 393228 877054 6554 1747 88 50 0 0 0 98 66 1273487 10420 2543 326 179 0 0 8802 72268 10525 102838 192 242 713 6859 27802 85081 73164 458913 162707 101280 63228 0.268 91922 76404 0 0 NIL NIL 0 0.176 0 0 127 0.724 5.163 0.019 0.133 23 0 0 0 39 0 38 40 0 NIL NIL 0.84 0.055 0.003 0.001 0 0 226373.219 3915.306 244.104 19.41 18.438 0 0 230380.422 1.144 0.083 0.037 0.018 0.023 0.004 0.001 0.001 0.707 0 0 70 NIL NIL 765 54.912 55.56 208.116 1631.088 5927.676 21715.389 38553.898 76349.672 0 NIL 0 </measResults>
            </measValue>
            <measValue measObjLdn="QCYG1039HUNB001/ULoCell:NodeB Function Name=QCYG1039HUNB001, Local Cell ID=52362, Cell Name=CRDLRN5">
                <measResults>1759030 15309 6971 4644 2997 1956 1535 1083 1901 1860 1560 729 240 104 13 0 0 0 0 0 0 0 0 0 0 78 78 216173 1259079 418114 162003 30379 1497103 99658 13186 5 113 571 139436 5123 1800 508 45 0 0 0 0 104 56 10096 3750 1286 80 0 0 0 885 1221 4972 68991 50 140 325 1849 5606 10648 27915 79772 78344 50633 18393 0.102 57885 22782 0 0 NIL NIL 0 0.064 0 0 108 0.278 2.668 0.007 0.066 8 0 0 0 80 0 17 11 0 NIL NIL 0.454 0.037 0.002 0 0 0 1534.998 533.706 206.76 2.922 0 0 0 122962.969 0.513 0.05 0.021 0.01 0.012 0.003 0 0 0.401 0 0 92 NIL NIL 452 17.496 18.816 55.428 449.394 1288.362 3572.376 23191.752 22460.799 0 NIL 0 </measResults>
            </measValue>
            <measValue measObjLdn="QCYG1039HUNB001/ULoCell:NodeB Function Name=QCYG1039HUNB001, Local Cell ID=52363, Cell Name=CRDLRN6">
                <measResults>1728300 33007 13309 7836 4547 2874 1866 1349 1729 1427 1369 742 1094 285 92 51 19 10 8 15 8 5 0 0 0 64 114 393277 1321195 622676 240533 62105 1305166 197634 38712 4 181 307 207495 3861 2058 1106 50 0 0 0 0 41 25 4414 2381 1284 50 0 0 0 13628 82324 6632 40070 0 15 100 1083 8423 50539 23321 277169 102482 47185 30705 0.188 66713 38367 0 0 NIL NIL 0 0.118 0 0 193 0.406 3.108 0.012 0.076 43 0 0 0 64 0 23 27 0 NIL NIL 0.361 0.015 0.001 0.001 0 0.002 30966.232 21145.607 11701.656 522.264 0 0 0 129506.203 0.661 0.044 0.016 0.008 0.008 0.002 0 0.001 0.293 0 0 35 NIL NIL 758 0 9.66 16.992 203.796 2040.954 19880.688 46620.406 38093.609 0 NIL 0 </measResults>
            </measValue>
            <measValue measObjLdn="QCYG1039HUNB001/ULoCell:NodeB Function Name=QCYG1039HUNB001, Local Cell ID=62361, Cell Name=CRDLRN1">
                <measResults>0 0 0 0 0 0 0 0 0 0 74259 1340331 328901 35714 11052 5519 2032 774 369 224 230 144 176 166 16 101 2343 577372 1750163 1055434 468850 181896 3662181 357136 118139 5 314 295 407684 1055470 1055470 1044416 21355 4423 770 100 5 66 54 1634847 1634847 1620735 43201 6701 839 105 91679 64442 11743 76480 483 1050 3284 21645 63688 65502 14807 526228 119664 84854 71371 0.398 47715 77185 0 0 NIL NIL 0 0.248 0 0 109 0.906 4.684 0.025 0.117 22 0 0 0 47 0 60 54 0 NIL NIL 0.778 0.026 0.001 0 0 0 184265.969 184265.969 183290.875 12791.956 2848.44 42.252 5.382 184265.969 1.951 0.095 0.036 0.02 0.018 0.002 0.001 0 0.644 0 9 25 NIL NIL 714 154.068 288.102 1061.664 5951.016 14926.056 20382.711 6042.03 45444.059 0 NIL 0 </measResults>
            </measValue>
            <measValue measObjLdn="QCYG1039HUNB001/ULoCell:NodeB Function Name=QCYG1039HUNB001, Local Cell ID=62362, Cell Name=CRDLRN2">
                <measResults>1580436 89700 41867 27429 19376 13407 9006 6353 6745 2912 954 473 287 216 227 234 173 108 32 5 8 1 2 1 0 59 225 452172 1631312 780436 281855 84263 2406973 151169 25980 6 238 347 257307 12230 533 307 139 123 0 0 0 69 41 16972 220 75 75 75 0 0 15281 20003 25403 37574 169 874 1631 13106 33645 56723 18659 207160 97965 48344 45641 0.23 36962 64131 0 0 NIL NIL 0 0.174 0 0 127 0.627 3.814 0.011 0.131 12 0 0 0 56 0 37 20 0 NIL NIL 0.439 0.028 0.001 0 0 0 3821.528 26.94 0.054 0.054 0.054 0 0 179398.531 1.281 0.084 0.054 0.031 0.037 0.004 0 0 0.386 0 0 50 NIL NIL 707 76.596 255.768 795.816 6714.978 12621.366 21900.273 9196.512 45755.82 0 NIL 0 </measResults>
            </measValue>
            <measValue measObjLdn="QCYG1039HUNB001/ULoCell:NodeB Function Name=QCYG1039HUNB001, Local Cell ID=62363, Cell Name=CRDLRN3">
                <measResults>0 0 0 581 27688 254684 591092 552157 317742 37146 8243 4439 2377 1490 888 446 220 194 164 164 187 61 9 5 0 28 837 321823 1527776 684594 227604 137568 2092245 158889 73947 3 214 226 197206 625861 4681 1715 246 34 0 0 1 61 42 928426 8128 2843 300 60 0 0 33926 31179 8959 28505 371 1093 3308 13249 16583 47752 25632 277801 69200 43100 32260 0.198 34701 36996 0 0 NIL NIL 0 0.136 0 0 106 0.522 5.326 0.012 0.135 15 0 0 0 32 0 23 26 0 NIL NIL 0.473 0.019 0.001 0 0 0 95750 4357.926 1616.232 393.93 7.434 0 0 100691.367 1.092 0.043 0.018 0.009 0.011 0.003 0.001 0 0.412 0 1 28 NIL NIL 804 122.268 301.044 947.964 3961.458 5137.794 15735.458 11383.692 34145.363 0 NIL 0 </measResults>
            </measValue>
        </measInfo>
        <measInfo measInfoId="50331653">
            <granPeriod duration="PT3600S" endTime="2021-08-19T12:00:00+08:00"/>
            <repPeriod duration="PT3600S"/>
            <measTypes>50331748 50331749 50331750 50331751 50331752 50331753 50361697 </measTypes>
            <measValue measObjLdn="QCYG1039HUNB001/ULoCell:NodeB Function Name=QCYG1039HUNB001, Local Cell ID=12361, Cell Name=CRDLRU1">
                <measResults>0.089 0.072 0.089 0.069 0 0 0.098 </measResults>
            </measValue>
            <measValue measObjLdn="QCYG1039HUNB001/ULoCell:NodeB Function Name=QCYG1039HUNB001, Local Cell ID=12362, Cell Name=CRDLRU2">
                <measResults>0.044 0.026 0.044 0.026 0 0 0.059 </measResults>
            </measValue>
            <measValue measObjLdn="QCYG1039HUNB001/ULoCell:NodeB Function Name=QCYG1039HUNB001, Local Cell ID=12363, Cell Name=CRDLRU3">
                <measResults>0.093 0.075 0.093 0.065 0 0 0.068 </measResults>
            </measValue>
            <measValue measObjLdn="QCYG1039HUNB001/ULoCell:NodeB Function Name=QCYG1039HUNB001, Local Cell ID=52361, Cell Name=CRDLRN4">
                <measResults>0.311 0.25 0.311 0.232 0 0 0.313 </measResults>
            </measValue>
            <measValue measObjLdn="QCYG1039HUNB001/ULoCell:NodeB Function Name=QCYG1039HUNB001, Local Cell ID=52362, Cell Name=CRDLRN5">
                <measResults>0.11 0.09 0.11 0.087 0 0 0.274 </measResults>
            </measValue>
            <measValue measObjLdn="QCYG1039HUNB001/ULoCell:NodeB Function Name=QCYG1039HUNB001, Local Cell ID=52363, Cell Name=CRDLRN6">
                <measResults>0.167 0.129 0.167 0.114 0 0 0.121 </measResults>
            </measValue>
            <measValue measObjLdn="QCYG1039HUNB001/ULoCell:NodeB Function Name=QCYG1039HUNB001, Local Cell ID=62361, Cell Name=CRDLRN1">
                <measResults>0.339 0.262 0.339 0.258 0 0 0.31 </measResults>
            </measValue>
            <measValue measObjLdn="QCYG1039HUNB001/ULoCell:NodeB Function Name=QCYG1039HUNB001, Local Cell ID=62362, Cell Name=CRDLRN2">
                <measResults>0.053 0.049 0.053 0.047 0 0 0.287 </measResults>
            </measValue>
            <measValue measObjLdn="QCYG1039HUNB001/ULoCell:NodeB Function Name=QCYG1039HUNB001, Local Cell ID=62363, Cell Name=CRDLRN3">
                <measResults>0.112 0.085 0.112 0.079 0 0 0.274 </measResults>
            </measValue>
        </measInfo>
        <measInfo measInfoId="50331658">
            <granPeriod duration="PT3600S" endTime="2021-08-19T12:00:00+08:00"/>
            <repPeriod duration="PT3600S"/>
            <measTypes>50332250 50332251 50332410 50332411 </measTypes>
            <measValue measObjLdn="QCYG1039HUNB001/ULoCell:NodeB Function Name=QCYG1039HUNB001, Local Cell ID=12361, Cell Name=CRDLRU1">
                <measResults>0 0 0 0 </measResults>
            </measValue>
            <measValue measObjLdn="QCYG1039HUNB001/ULoCell:NodeB Function Name=QCYG1039HUNB001, Local Cell ID=12362, Cell Name=CRDLRU2">
                <measResults>0 0 0 0 </measResults>
            </measValue>
            <measValue measObjLdn="QCYG1039HUNB001/ULoCell:NodeB Function Name=QCYG1039HUNB001, Local Cell ID=12363, Cell Name=CRDLRU3">
                <measResults>0 0 0 0 </measResults>
            </measValue>
            <measValue measObjLdn="QCYG1039HUNB001/ULoCell:NodeB Function Name=QCYG1039HUNB001, Local Cell ID=52361, Cell Name=CRDLRN4">
                <measResults>0 0 0 0 </measResults>
            </measValue>
            <measValue measObjLdn="QCYG1039HUNB001/ULoCell:NodeB Function Name=QCYG1039HUNB001, Local Cell ID=52362, Cell Name=CRDLRN5">
                <measResults>0 0 0 0 </measResults>
            </measValue>
            <measValue measObjLdn="QCYG1039HUNB001/ULoCell:NodeB Function Name=QCYG1039HUNB001, Local Cell ID=52363, Cell Name=CRDLRN6">
                <measResults>0 0 0 0 </measResults>
            </measValue>
            <measValue measObjLdn="QCYG1039HUNB001/ULoCell:NodeB Function Name=QCYG1039HUNB001, Local Cell ID=62361, Cell Name=CRDLRN1">
                <measResults>0 0 0 0 </measResults>
            </measValue>
            <measValue measObjLdn="QCYG1039HUNB001/ULoCell:NodeB Function Name=QCYG1039HUNB001, Local Cell ID=62362, Cell Name=CRDLRN2">
                <measResults>0 0 0 0 </measResults>
            </measValue>
            <measValue measObjLdn="QCYG1039HUNB001/ULoCell:NodeB Function Name=QCYG1039HUNB001, Local Cell ID=62363, Cell Name=CRDLRN3">
                <measResults>0 0 0 0 </measResults>
            </measValue>
        </measInfo>
        <measInfo measInfoId="50331660">
            <granPeriod duration="PT3600S" endTime="2021-08-19T12:00:00+08:00"/>
            <repPeriod duration="PT3600S"/>
            <measTypes>50361670 50361671 50361672 50361673 </measTypes>
            <measValue measObjLdn="QCYG1039HUNB001/ULoCell:NodeB Function Name=QCYG1039HUNB001, Local Cell ID=12361, Cell Name=CRDLRU1">
                <measResults>0 0 0 0 </measResults>
            </measValue>
            <measValue measObjLdn="QCYG1039HUNB001/ULoCell:NodeB Function Name=QCYG1039HUNB001, Local Cell ID=12362, Cell Name=CRDLRU2">
                <measResults>0 0 0 0 </measResults>
            </measValue>
            <measValue measObjLdn="QCYG1039HUNB001/ULoCell:NodeB Function Name=QCYG1039HUNB001, Local Cell ID=12363, Cell Name=CRDLRU3">
                <measResults>0 0 0 0 </measResults>
            </measValue>
            <measValue measObjLdn="QCYG1039HUNB001/ULoCell:NodeB Function Name=QCYG1039HUNB001, Local Cell ID=52361, Cell Name=CRDLRN4">
                <measResults>0 0 0 0 </measResults>
            </measValue>
            <measValue measObjLdn="QCYG1039HUNB001/ULoCell:NodeB Function Name=QCYG1039HUNB001, Local Cell ID=52362, Cell Name=CRDLRN5">
                <measResults>0 0 0 0 </measResults>
            </measValue>
            <measValue measObjLdn="QCYG1039HUNB001/ULoCell:NodeB Function Name=QCYG1039HUNB001, Local Cell ID=52363, Cell Name=CRDLRN6">
                <measResults>0 0 0 0 </measResults>
            </measValue>
            <measValue measObjLdn="QCYG1039HUNB001/ULoCell:NodeB Function Name=QCYG1039HUNB001, Local Cell ID=62361, Cell Name=CRDLRN1">
                <measResults>0 0 0 0 </measResults>
            </measValue>
            <measValue measObjLdn="QCYG1039HUNB001/ULoCell:NodeB Function Name=QCYG1039HUNB001, Local Cell ID=62362, Cell Name=CRDLRN2">
                <measResults>0 0 0 0 </measResults>
            </measValue>
            <measValue measObjLdn="QCYG1039HUNB001/ULoCell:NodeB Function Name=QCYG1039HUNB001, Local Cell ID=62363, Cell Name=CRDLRN3">
                <measResults>0 0 0 0 </measResults>
            </measValue>
        </measInfo>
        <measInfo measInfoId="50331661">
            <granPeriod duration="PT3600S" endTime="2021-08-19T12:00:00+08:00"/>
            <repPeriod duration="PT3600S"/>
            <measTypes>50332048 50332049 50332050 50332051 </measTypes>
            <measValue measObjLdn="QCYG1039HUNB001/ULoCell:NodeB Function Name=QCYG1039HUNB001, Local Cell ID=12361, Cell Name=CRDLRU1">
                <measResults>13642 0 144437 0 </measResults>
            </measValue>
            <measValue measObjLdn="QCYG1039HUNB001/ULoCell:NodeB Function Name=QCYG1039HUNB001, Local Cell ID=12362, Cell Name=CRDLRU2">
                <measResults>12273 0 144371 0 </measResults>
            </measValue>
            <measValue measObjLdn="QCYG1039HUNB001/ULoCell:NodeB Function Name=QCYG1039HUNB001, Local Cell ID=12363, Cell Name=CRDLRU3">
                <measResults>12984 0 145038 0 </measResults>
            </measValue>
            <measValue measObjLdn="QCYG1039HUNB001/ULoCell:NodeB Function Name=QCYG1039HUNB001, Local Cell ID=52361, Cell Name=CRDLRN4">
                <measResults>15284 0 144505 0 </measResults>
            </measValue>
            <measValue measObjLdn="QCYG1039HUNB001/ULoCell:NodeB Function Name=QCYG1039HUNB001, Local Cell ID=52362, Cell Name=CRDLRN5">
                <measResults>10586 0 144268 0 </measResults>
            </measValue>
            <measValue measObjLdn="QCYG1039HUNB001/ULoCell:NodeB Function Name=QCYG1039HUNB001, Local Cell ID=52363, Cell Name=CRDLRN6">
                <measResults>9012 0 144070 0 </measResults>
            </measValue>
            <measValue measObjLdn="QCYG1039HUNB001/ULoCell:NodeB Function Name=QCYG1039HUNB001, Local Cell ID=62361, Cell Name=CRDLRN1">
                <measResults>18068 0 144635 0 </measResults>
            </measValue>
            <measValue measObjLdn="QCYG1039HUNB001/ULoCell:NodeB Function Name=QCYG1039HUNB001, Local Cell ID=62362, Cell Name=CRDLRN2">
                <measResults>13479 0 144366 0 </measResults>
            </measValue>
            <measValue measObjLdn="QCYG1039HUNB001/ULoCell:NodeB Function Name=QCYG1039HUNB001, Local Cell ID=62363, Cell Name=CRDLRN3">
                <measResults>14660 0 144566 0 </measResults>
            </measValue>
        </measInfo>
        <measInfo measInfoId="50331662">
            <granPeriod duration="PT3600S" endTime="2021-08-19T12:00:00+08:00"/>
            <repPeriod duration="PT3600S"/>
            <measTypes>50332052 50332053 50332054 50332070 50332505 </measTypes>
            <measValue measObjLdn="QCYG1039HUNB001/ULoCell:NodeB Function Name=QCYG1039HUNB001, Local Cell ID=12361, Cell Name=CRDLRU1">
                <measResults>0 114 345371 0 0 </measResults>
            </measValue>
            <measValue measObjLdn="QCYG1039HUNB001/ULoCell:NodeB Function Name=QCYG1039HUNB001, Local Cell ID=12362, Cell Name=CRDLRU2">
                <measResults>0 100 316588 0 0 </measResults>
            </measValue>
            <measValue measObjLdn="QCYG1039HUNB001/ULoCell:NodeB Function Name=QCYG1039HUNB001, Local Cell ID=12363, Cell Name=CRDLRU3">
                <measResults>0 32 278635 0 0 </measResults>
            </measValue>
            <measValue measObjLdn="QCYG1039HUNB001/ULoCell:NodeB Function Name=QCYG1039HUNB001, Local Cell ID=52361, Cell Name=CRDLRN4">
                <measResults>0 41 191563 0 0 </measResults>
            </measValue>
            <measValue measObjLdn="QCYG1039HUNB001/ULoCell:NodeB Function Name=QCYG1039HUNB001, Local Cell ID=52362, Cell Name=CRDLRN5">
                <measResults>0 50 151614 0 0 </measResults>
            </measValue>
            <measValue measObjLdn="QCYG1039HUNB001/ULoCell:NodeB Function Name=QCYG1039HUNB001, Local Cell ID=52363, Cell Name=CRDLRN6">
                <measResults>0 12 211985 0 0 </measResults>
            </measValue>
            <measValue measObjLdn="QCYG1039HUNB001/ULoCell:NodeB Function Name=QCYG1039HUNB001, Local Cell ID=62361, Cell Name=CRDLRN1">
                <measResults>8 68 642128 0 0 </measResults>
            </measValue>
            <measValue measObjLdn="QCYG1039HUNB001/ULoCell:NodeB Function Name=QCYG1039HUNB001, Local Cell ID=62362, Cell Name=CRDLRN2">
                <measResults>0 37 497754 0 0 </measResults>
            </measValue>
            <measValue measObjLdn="QCYG1039HUNB001/ULoCell:NodeB Function Name=QCYG1039HUNB001, Local Cell ID=62363, Cell Name=CRDLRN3">
                <measResults>0 62 426494 0 0 </measResults>
            </measValue>
        </measInfo>
        <measInfo measInfoId="50331663">
            <granPeriod duration="PT3600S" endTime="2021-08-19T12:00:00+08:00"/>
            <repPeriod duration="PT3600S"/>
            <measTypes>50331917 50332061 50332064 50332065 50332069 50332071 50332072 50332073 50332074 50332079 50332258 50332388 50332389 50332504 50332626 50332632 50332639 50332640 50332641 50332645 50342048 50342049 50342050 50342051 50361705 50361706 50361725 50361726 50361735 50361740 50361743 50361744 50361747 50361749 50361751 50361753 50361755 50361757 50361759 50361761 50361763 50361765 50361767 50361769 50361771 50361773 50361775 50361777 50361779 50361781 50361783 50361785 50361787 50361789 50361791 50361793 50361795 </measTypes>
            <measValue measObjLdn="QCYG1039HUNB001/ULoCell:NodeB Function Name=QCYG1039HUNB001, Local Cell ID=12361, Cell Name=CRDLRU1">
                <measResults>983.965 0 256 0 0 0 0 0 0 0 1.46 0 0.808 0 0 0 3600 0 NIL 0 19 54.678 0 0 0 0 0 NIL NIL NIL NIL NIL NIL NIL NIL NIL NIL NIL NIL NIL NIL NIL NIL NIL NIL NIL NIL NIL NIL NIL NIL NIL NIL NIL NIL NIL NIL </measResults>
            </measValue>
            <measValue measObjLdn="QCYG1039HUNB001/ULoCell:NodeB Function Name=QCYG1039HUNB001, Local Cell ID=12362, Cell Name=CRDLRU2">
                <measResults>978.727 0 255 0 0 0 0 0 0 0 1.706 0 1.011 497.222 0 0 3600 0 NIL 0 4 37.053 0 0 0 0 0 NIL NIL NIL NIL NIL NIL NIL NIL NIL NIL NIL NIL NIL NIL NIL NIL NIL NIL NIL NIL NIL NIL NIL NIL NIL NIL NIL NIL NIL NIL </measResults>
            </measValue>
            <measValue measObjLdn="QCYG1039HUNB001/ULoCell:NodeB Function Name=QCYG1039HUNB001, Local Cell ID=12363, Cell Name=CRDLRU3">
                <measResults>986.978 0 256 0 0 0 0 0 0 0 1.046 0 0.632 0 0 0 3600 0 NIL 0 58 48.27 0 0 0 0 0 NIL NIL NIL NIL NIL NIL NIL NIL NIL NIL NIL NIL NIL NIL NIL NIL NIL NIL NIL NIL NIL NIL NIL NIL NIL NIL NIL NIL NIL NIL </measResults>
            </measValue>
            <measValue measObjLdn="QCYG1039HUNB001/ULoCell:NodeB Function Name=QCYG1039HUNB001, Local Cell ID=52361, Cell Name=CRDLRN4">
                <measResults>860.864 0 256 0 0 0 0 0 0 0 0.943 0 0.766 0 0 0 0 0 NIL 0 11 46.17 0 3.883 0 0 0 1 NIL NIL NIL NIL NIL NIL NIL NIL NIL NIL NIL NIL NIL NIL NIL NIL NIL NIL NIL NIL NIL NIL NIL NIL NIL NIL NIL NIL NIL </measResults>
            </measValue>
            <measValue measObjLdn="QCYG1039HUNB001/ULoCell:NodeB Function Name=QCYG1039HUNB001, Local Cell ID=52362, Cell Name=CRDLRN5">
                <measResults>954.006 0 256 0 0 0 0 0 0 0 0.96 0 0.354 0 0 0 3600 0 NIL 0 15 33.077 0 0 0 0 0 NIL NIL NIL NIL NIL NIL NIL NIL NIL NIL NIL NIL NIL NIL NIL NIL NIL NIL NIL NIL NIL NIL NIL NIL NIL NIL NIL NIL NIL NIL </measResults>
            </measValue>
            <measValue measObjLdn="QCYG1039HUNB001/ULoCell:NodeB Function Name=QCYG1039HUNB001, Local Cell ID=52363, Cell Name=CRDLRN6">
                <measResults>973.965 0 256 0 0 0 0 0 0 0 1.136 0 0.472 8.333 0 0 3600 0 NIL 0 7 33.534 0 0 0 0 0 NIL NIL NIL NIL NIL NIL NIL NIL NIL NIL NIL NIL NIL NIL NIL NIL NIL NIL NIL NIL NIL NIL NIL NIL NIL NIL NIL NIL NIL NIL </measResults>
            </measValue>
            <measValue measObjLdn="QCYG1039HUNB001/ULoCell:NodeB Function Name=QCYG1039HUNB001, Local Cell ID=62361, Cell Name=CRDLRN1">
                <measResults>821.948 1 255 0 0 0 0 0 0 0 2.76 0 1.041 0 0 0 3600 0 NIL 0 22 48.095 0 3.838 0 0 0 1 NIL NIL NIL NIL NIL NIL NIL NIL NIL NIL NIL NIL NIL NIL NIL NIL NIL NIL NIL NIL NIL NIL NIL NIL NIL NIL NIL NIL NIL </measResults>
            </measValue>
            <measValue measObjLdn="QCYG1039HUNB001/ULoCell:NodeB Function Name=QCYG1039HUNB001, Local Cell ID=62362, Cell Name=CRDLRN2">
                <measResults>984.87 1 256 0 0 0 0 0 0 0 2.24 0 0.681 16.667 0 0 0 0 NIL 0 30 45.058 0 0 0 0 0 NIL NIL NIL NIL NIL NIL NIL NIL NIL NIL NIL NIL NIL NIL NIL NIL NIL NIL NIL NIL NIL NIL NIL NIL NIL NIL NIL NIL NIL NIL </measResults>
            </measValue>
            <measValue measObjLdn="QCYG1039HUNB001/ULoCell:NodeB Function Name=QCYG1039HUNB001, Local Cell ID=62363, Cell Name=CRDLRN3">
                <measResults>929.146 1 255 0 0 0 0 0 0 0 2.017 0 0.584 0 0 0 3600 0 NIL 0 24 37.013 0 3.04 0 0 0 1 NIL NIL NIL NIL NIL NIL NIL NIL NIL NIL NIL NIL NIL NIL NIL NIL NIL NIL NIL NIL NIL NIL NIL NIL NIL NIL NIL NIL NIL </measResults>
            </measValue>
        </measInfo>
        <measInfo measInfoId="50331665">
            <granPeriod duration="PT3600S" endTime="2021-08-19T12:00:00+08:00"/>
            <repPeriod duration="PT3600S"/>
            <measTypes>50331740 50331741 50331742 50331743 50331744 50331909 50331910 50331911 50331912 50331913 50332381 50332382 50332576 50332577 </measTypes>
            <measValue measObjLdn="QCYG1039HUNB001/ULoCell:NodeB Function Name=QCYG1039HUNB001, Local Cell ID=12361, Cell Name=CRDLRU1">
                <measResults>0 0 0 0 0 0 0 0 0 0 0 0 0 0 </measResults>
            </measValue>
            <measValue measObjLdn="QCYG1039HUNB001/ULoCell:NodeB Function Name=QCYG1039HUNB001, Local Cell ID=12362, Cell Name=CRDLRU2">
                <measResults>0 0 0 0 0 0 0 0 0 0 0 0 0 0 </measResults>
            </measValue>
            <measValue measObjLdn="QCYG1039HUNB001/ULoCell:NodeB Function Name=QCYG1039HUNB001, Local Cell ID=12363, Cell Name=CRDLRU3">
                <measResults>0 0 0 0 0 0 0 0 0 0 0 0 0 0 </measResults>
            </measValue>
            <measValue measObjLdn="QCYG1039HUNB001/ULoCell:NodeB Function Name=QCYG1039HUNB001, Local Cell ID=52361, Cell Name=CRDLRN4">
                <measResults>0 0 0 0 0 0 0 0 0 0 0 0 0 0 </measResults>
            </measValue>
            <measValue measObjLdn="QCYG1039HUNB001/ULoCell:NodeB Function Name=QCYG1039HUNB001, Local Cell ID=52362, Cell Name=CRDLRN5">
                <measResults>0 0 0 0 0 0 0 0 0 0 0 0 0 0 </measResults>
            </measValue>
            <measValue measObjLdn="QCYG1039HUNB001/ULoCell:NodeB Function Name=QCYG1039HUNB001, Local Cell ID=52363, Cell Name=CRDLRN6">
                <measResults>0 0 0 0 0 0 0 0 0 0 0 0 0 0 </measResults>
            </measValue>
            <measValue measObjLdn="QCYG1039HUNB001/ULoCell:NodeB Function Name=QCYG1039HUNB001, Local Cell ID=62361, Cell Name=CRDLRN1">
                <measResults>0 0 0 0 0 0 0 0 0 0 0 0 0 0 </measResults>
            </measValue>
            <measValue measObjLdn="QCYG1039HUNB001/ULoCell:NodeB Function Name=QCYG1039HUNB001, Local Cell ID=62362, Cell Name=CRDLRN2">
                <measResults>0 0 0 0 0 0 0 0 0 0 0 0 0 0 </measResults>
            </measValue>
            <measValue measObjLdn="QCYG1039HUNB001/ULoCell:NodeB Function Name=QCYG1039HUNB001, Local Cell ID=62363, Cell Name=CRDLRN3">
                <measResults>0 0 0 0 0 0 0 0 0 0 0 0 0 0 </measResults>
            </measValue>
        </measInfo>
        <measInfo measInfoId="50331673">
            <granPeriod duration="PT3600S" endTime="2021-08-19T12:00:00+08:00"/>
            <repPeriod duration="PT3600S"/>
            <measTypes>50332055 50332056 50332057 50332058 50332059 50332060 50332278 50332279 50332280 50332281 50332282 50332283 50332284 50332285 50332286 50361648 50361649 50361650 50361651 </measTypes>
            <measValue measObjLdn="QCYG1039HUNB001/ULoCell:NodeB Function Name=QCYG1039HUNB001, Local Cell ID=12361, Cell Name=CRDLRU1">
                <measResults>13 10 7 0 0 0 5 7 1 1 7 0 0 3 11 0 0 0 0 </measResults>
            </measValue>
            <measValue measObjLdn="QCYG1039HUNB001/ULoCell:NodeB Function Name=QCYG1039HUNB001, Local Cell ID=12362, Cell Name=CRDLRU2">
                <measResults>9 11 5 0 0 0 5 4 1 7 2 0 0 5 2 0 0 0 0 </measResults>
            </measValue>
            <measValue measObjLdn="QCYG1039HUNB001/ULoCell:NodeB Function Name=QCYG1039HUNB001, Local Cell ID=12363, Cell Name=CRDLRU3">
                <measResults>10 6 6 0 0 0 5 6 0 2 3 0 0 5 5 0 0 0 0 </measResults>
            </measValue>
            <measValue measObjLdn="QCYG1039HUNB001/ULoCell:NodeB Function Name=QCYG1039HUNB001, Local Cell ID=52361, Cell Name=CRDLRN4">
                <measResults>5 3 2 0 0 0 6 6 2 5 7 0 1 6 6 0 0 0 0 </measResults>
            </measValue>
            <measValue measObjLdn="QCYG1039HUNB001/ULoCell:NodeB Function Name=QCYG1039HUNB001, Local Cell ID=52362, Cell Name=CRDLRN5">
                <measResults>2 2 0 0 0 0 7 6 1 3 4 0 0 5 4 0 0 0 0 </measResults>
            </measValue>
            <measValue measObjLdn="QCYG1039HUNB001/ULoCell:NodeB Function Name=QCYG1039HUNB001, Local Cell ID=52363, Cell Name=CRDLRN6">
                <measResults>2 3 2 0 0 0 10 10 1 4 2 0 0 4 4 0 0 0 0 </measResults>
            </measValue>
            <measValue measObjLdn="QCYG1039HUNB001/ULoCell:NodeB Function Name=QCYG1039HUNB001, Local Cell ID=62361, Cell Name=CRDLRN1">
                <measResults>6 8 6 0 0 0 15 17 3 8 4 0 1 5 3 0 0 0 0 </measResults>
            </measValue>
            <measValue measObjLdn="QCYG1039HUNB001/ULoCell:NodeB Function Name=QCYG1039HUNB001, Local Cell ID=62362, Cell Name=CRDLRN2">
                <measResults>4 5 3 0 0 0 18 17 2 7 4 0 0 12 3 0 0 0 0 </measResults>
            </measValue>
            <measValue measObjLdn="QCYG1039HUNB001/ULoCell:NodeB Function Name=QCYG1039HUNB001, Local Cell ID=62363, Cell Name=CRDLRN3">
                <measResults>5 6 3 0 0 0 15 15 1 5 4 0 1 4 2 0 0 0 0 </measResults>
            </measValue>
        </measInfo>
        <measInfo measInfoId="50331674">
            <granPeriod duration="PT3600S" endTime="2021-08-19T12:00:00+08:00"/>
            <repPeriod duration="PT3600S"/>
            <measTypes>50332161 50332162 50332163 50332164 50332165 50341718 50341719 50341720 50341721 </measTypes>
            <measValue measObjLdn="QCYG1039HUNB001/ULoCell:NodeB Function Name=QCYG1039HUNB001, Local Cell ID=12361, Cell Name=CRDLRU1">
                <measResults>0 0 0 0 0 0 0 0 0 </measResults>
            </measValue>
            <measValue measObjLdn="QCYG1039HUNB001/ULoCell:NodeB Function Name=QCYG1039HUNB001, Local Cell ID=12362, Cell Name=CRDLRU2">
                <measResults>0 0 0 0 0 0 0 0 0 </measResults>
            </measValue>
            <measValue measObjLdn="QCYG1039HUNB001/ULoCell:NodeB Function Name=QCYG1039HUNB001, Local Cell ID=12363, Cell Name=CRDLRU3">
                <measResults>0 0 0 0 0 0 0 0 0 </measResults>
            </measValue>
            <measValue measObjLdn="QCYG1039HUNB001/ULoCell:NodeB Function Name=QCYG1039HUNB001, Local Cell ID=52361, Cell Name=CRDLRN4">
                <measResults>0 0 0 0 0 0 0 0 0 </measResults>
            </measValue>
            <measValue measObjLdn="QCYG1039HUNB001/ULoCell:NodeB Function Name=QCYG1039HUNB001, Local Cell ID=52362, Cell Name=CRDLRN5">
                <measResults>0 0 0 0 0 0 0 0 0 </measResults>
            </measValue>
            <measValue measObjLdn="QCYG1039HUNB001/ULoCell:NodeB Function Name=QCYG1039HUNB001, Local Cell ID=52363, Cell Name=CRDLRN6">
                <measResults>0 0 0 0 0 0 0 0 0 </measResults>
            </measValue>
            <measValue measObjLdn="QCYG1039HUNB001/ULoCell:NodeB Function Name=QCYG1039HUNB001, Local Cell ID=62361, Cell Name=CRDLRN1">
                <measResults>0 0 0 0 0 0 0 0 0 </measResults>
            </measValue>
            <measValue measObjLdn="QCYG1039HUNB001/ULoCell:NodeB Function Name=QCYG1039HUNB001, Local Cell ID=62362, Cell Name=CRDLRN2">
                <measResults>0 0 0 0 0 0 0 0 0 </measResults>
            </measValue>
            <measValue measObjLdn="QCYG1039HUNB001/ULoCell:NodeB Function Name=QCYG1039HUNB001, Local Cell ID=62363, Cell Name=CRDLRN3">
                <measResults>0 0 0 0 0 0 0 0 0 </measResults>
            </measValue>
        </measInfo>
        <measInfo measInfoId="50331676">
            <granPeriod duration="PT3600S" endTime="2021-08-19T12:00:00+08:00"/>
            <repPeriod duration="PT3600S"/>
            <measTypes>50331747 50332175 50332176 50332177 50332178 50332179 50332180 50332181 50332182 50332183 50332184 50332185 50332186 50332187 50332188 50332189 50332190 50332192 50332193 50332194 50332195 50332196 50332197 50332198 50332199 50332200 50332201 50332202 50332203 50332204 50332205 50332206 50332207 50332208 50332209 50332210 50332211 50332212 50332213 50332214 50332219 50332232 50332233 50332234 50332235 50332236 50332237 50332238 50332245 50332246 50332648 50332649 50332650 50332651 50332652 50332653 50332654 50332655 50332656 50332657 50332658 50332670 50332848 50332849 50332850 50332853 50332854 50332855 50332856 50332865 50332866 50332867 50332868 50332869 50332870 50332871 50332872 50332873 50332874 50332875 50332876 50332877 50332878 50332879 50332880 50332881 50332882 50332883 50332884 50332885 50332886 50332887 50332888 50332889 50332890 50332891 50332892 50332894 50332895 50332896 50332897 50332898 50332899 50332900 50332901 50332902 50332903 50332904 50332905 50332906 50332907 50332908 50332909 50332910 50332943 50332944 50332945 50332946 50332947 50332948 50332949 50332950 50332951 50332952 50332953 50332954 50332955 50332956 50332957 50332958 50332959 50332960 50332961 50332962 50332963 50332964 50332965 50332966 50332967 50332968 50332969 50332970 50332971 50332972 50332973 50332974 50332985 50332986 50332987 50332990 50341723 50341741 50341742 50341743 50341748 50341749 50341750 50341751 50341752 50341753 50341754 50341755 50341756 50341757 50341758 50341759 </measTypes>
            <measValue measObjLdn="QCYG1039HUNB001/ULoCell:NodeB Function Name=QCYG1039HUNB001, Local Cell ID=12361, Cell Name=CRDLRU1">
                <measResults>3202158960 1542109 47278 5408 3443 2799 3481 1773 3943 2690 4281 2719 4974 4321 104915 65866 0 0 3183854354 10512 0 526 0 0 0 0 0 8419 9661 381 22 68 86 146 143 326 616 427 37 5 2032516216 3192186137 291692 3943317960 137509 258745 267396 39891 46983043 16497 22240 2887 7581 8982 12966 10060 19896 63209 52971 1413 0 177078 0 0 0 10919 0 0 51920 0 0 0 0 0 0 0 0 0 0 0 0 65015637 183218702 559144199 1874467960 42764 35089 61158 127173 0 0 0 0 312654 4040 911 0 0 0 0 0 0 0 0 0 0 0 0 0 0 0 0 0 0 0 0 0 0 0 0 0 0 0 0 0 0 0 0 0 0 NIL NIL NIL NIL NIL NIL NIL NIL NIL NIL NIL NIL NIL NIL NIL NIL 0 0 0 215987 1.871 NIL 0 0 2619.645 4361.141 22110.949 46149.855 90010.578 91566.344 243020.813 1103724.125 1215945.125 44264.695 0 2856792.5 </measResults>
            </measValue>
            <measValue measObjLdn="QCYG1039HUNB001/ULoCell:NodeB Function Name=QCYG1039HUNB001, Local Cell ID=12362, Cell Name=CRDLRU2">
                <measResults>298962652 1706357 48304 4659 3140 1512 1838 447 1862 531 2040 749 2609 741 17851 7360 0 0 290168188 7542 0 452 0 0 0 0 0 298 724 261 51 70 60 66 49 84 71 7 3 1 9778856 299128706 101532 355881830 427909 223780 226502 56005 133819358 39977 10836 2545 4724 3817 5624 2684 6486 3990 49 0 0 27374 0 0 0 10960 0 0 47208 0 0 0 0 0 0 0 0 0 1473 0 0 18820578 61650859 109907271 103006295 25038 30381 24625 21498 0 0 0 0 1979583 4050 2502 0 0 0 0 0 0 0 0 0 0 0 0 0 0 0 0 0 0 0 0 0 0 0 0 0 0 0 0 0 0 0 0 0 0 NIL NIL NIL NIL NIL NIL NIL NIL NIL NIL NIL NIL NIL NIL NIL NIL 0 0 0 41932 2.36 NIL 0 0 2187.415 4124.417 13823.018 18730.307 39702.074 24553.729 77406.281 64211.215 1027.48 0 0 239454.109 </measResults>
            </measValue>
            <measValue measObjLdn="QCYG1039HUNB001/ULoCell:NodeB Function Name=QCYG1039HUNB001, Local Cell ID=12363, Cell Name=CRDLRU3">
                <measResults>1833089508 1608930 29049 5061 3268 2052 2584 1102 2502 1509 2815 1468 4534 2470 53399 79057 200 0 1809806724 19896 0 3927 0 0 0 0 0 10830 12340 325 43 82 154 165 177 328 330 108 6 2 445949840 1837869297 232074 2157552333 110387 174124 162830 27330 418418648 60340 27217 2291 10281 17795 17874 16384 28499 36104 12491 1 0 139429 0 0 0 19570 0 0 32197 0 0 0 0 0 0 0 0 0 0 0 0 21288758 171322880 501980336 925308295 38587 41532 64294 75061 0 0 0 0 583608 2176 1088 0 0 0 0 0 0 0 0 0 0 0 0 0 0 0 0 0 0 0 0 0 0 0 0 0 0 0 0 0 0 0 0 0 0 NIL NIL NIL NIL NIL NIL NIL NIL NIL NIL NIL NIL NIL NIL NIL NIL 0 0 0 172414 1.378 NIL 0 0 2923.365 3124.17 31727.49 88536.016 123193.891 148736.438 340923.719 605839.25 275773.563 32.264 0 1614762.625 </measResults>
            </measValue>
            <measValue measObjLdn="QCYG1039HUNB001/ULoCell:NodeB Function Name=QCYG1039HUNB001, Local Cell ID=52361, Cell Name=CRDLRN4">
                <measResults>2313027892 1614296 37245 4867 2649 1782 1649 1172 2176 2013 3066 1273 2507 2509 40859 80051 1886 0 2314680373 5733 0 342 0 0 0 0 0 6478 7730 381 27 63 37 72 127 251 548 222 17 6 1048688232 2320159228 198752 2705732485 27402 74655 232146 257828 19050249 16521 12090 1679 4753 3301 5851 3111 9112 65034 31472 10 0 122644 0 0 0 5622 0 0 37080 0 0 0 0 0 0 0 0 0 0 0 0 4088571 15169541 58885694 722733041 13522 13755 14967 62044 0 0 0 0 1880574 7653 3734 0 0 0 0 0 0 0 0 0 0 0 0 0 0 0 0 0 0 0 0 0 0 0 0 0 0 0 0 0 0 0 0 0 0 NIL NIL NIL NIL NIL NIL NIL NIL NIL NIL NIL NIL NIL NIL NIL NIL 0 0 0 149860 1.709 NIL 0 0 1767.699 2691.97 13469.696 15776.192 41824.129 28805.977 109202.398 1153560.875 683291.438 317.376 0 2046248 </measResults>
            </measValue>
            <measValue measObjLdn="QCYG1039HUNB001/ULoCell:NodeB Function Name=QCYG1039HUNB001, Local Cell ID=52362, Cell Name=CRDLRN5">
                <measResults>958032768 1729748 14717 1783 883 763 795 409 754 645 931 889 1201 735 6364 38743 640 0 961975632 2611 0 564 0 0 0 0 0 347 437 161 14 18 12 16 33 95 159 179 17 1 559189888 961942701 73298 1105609746 12389 28391 62695 144835 3509622 4236 3872 1873 1041 483 388 421 4893 13975 21996 67 0 43264 0 0 0 1396 0 0 14656 0 0 0 0 0 0 0 0 0 0 0 0 2143098 4664525 14363749 231781717 5415 5013 4188 19777 0 0 0 0 449905 2845 1047 0 0 0 0 0 0 0 0 0 0 0 0 0 0 0 0 0 0 0 0 0 0 0 0 0 0 0 0 0 0 0 0 0 0 NIL NIL NIL NIL NIL NIL NIL NIL NIL NIL NIL NIL NIL NIL NIL NIL 0 0 0 52418 0.753 NIL 0 0 305.326 2824.47 2679.603 2709.563 2770.112 3761.752 60997.938 240263.375 521358.813 2234.72 0 836775.875 </measResults>
            </measValue>
            <measValue measObjLdn="QCYG1039HUNB001/ULoCell:NodeB Function Name=QCYG1039HUNB001, Local Cell ID=52363, Cell Name=CRDLRN6">
                <measResults>360284688 1721753 39121 5997 1689 811 640 381 552 854 7235 602 589 399 5480 13897 0 0 362838608 4340 0 1129 0 0 0 0 0 120 440 309 13 32 23 28 70 136 152 28 2 0 93160920 362128507 84327 425917919 12049 45033 176238 89155 62563978 20571 5642 1322 5551 1298 2214 1913 4424 7025 2308 2 0 24735 0 0 0 8068 0 0 38690 0 0 0 0 0 0 0 0 0 0 0 0 494768 25233039 31368772 150383296 5795 10784 8448 39023 0 0 0 0 738664 3352 1417 0 0 0 0 0 0 0 0 0 0 0 0 0 0 0 0 0 0 0 0 0 0 0 0 0 0 0 0 0 0 0 0 0 0 NIL NIL NIL NIL NIL NIL NIL NIL NIL NIL NIL NIL NIL NIL NIL NIL 0 0 0 41381 1.028 NIL 0 0 734.224 2213.952 15900.328 6320.824 14978.472 17610.809 53765.887 120443.445 50955.574 62.256 0 280037.594 </measResults>
            </measValue>
            <measValue measObjLdn="QCYG1039HUNB001/ULoCell:NodeB Function Name=QCYG1039HUNB001, Local Cell ID=62361, Cell Name=CRDLRN1">
                <measResults>1263064012 1652497 48807 7292 2523 1886 1816 1082 1780 2028 2502 1521 2144 11365 61665 1092 0 0 1250686848 9574 0 982 0 0 0 0 0 2527 2844 433 14 47 57 65 83 179 447 108 16 4 479191248 1267535034 154937 1498147541 236321 319143 183025 53202 100545188 30320 13039 609 4211 3124 2788 2083 13760 39223 7262 13 0 72464 0 0 0 4729 0 0 47261 0 0 0 0 0 0 0 0 0 0 0 0 22219013 99604124 485441456 600621333 23810 29232 54083 49398 0 0 0 0 2666899 11820 5640 0 0 0 0 0 0 0 0 0 0 0 0 0 0 0 0 0 0 0 0 0 0 0 0 0 0 0 0 0 0 0 0 0 0 NIL NIL NIL NIL NIL NIL NIL NIL NIL NIL NIL NIL NIL NIL NIL NIL 0 0 0 93624 2.273 NIL 0 0 1085.5 978.768 12666.462 15449.257 20022.199 18680.119 168281.484 656759.125 170083.422 422.792 0 1062364.875 </measResults>
            </measValue>
            <measValue measObjLdn="QCYG1039HUNB001/ULoCell:NodeB Function Name=QCYG1039HUNB001, Local Cell ID=62362, Cell Name=CRDLRN2">
                <measResults>1161607776 1670867 19807 3330 2349 1921 1662 1058 1846 1515 2703 1479 3484 4583 69320 14076 0 0 1160160744 1244 0 440 0 0 0 0 0 3726 4432 186 18 59 114 135 106 229 301 78 8 5 303134432 1162032628 136331 1426716825 56286 127122 141422 73417 290357012 51248 3211 1334 4578 12998 14606 11597 17066 23099 5136 9 0 89089 0 0 0 6757 0 0 22532 0 0 0 0 0 0 0 0 0 0 0 0 10093232 120884433 311924371 596247580 7956 26347 40954 50870 0 0 0 0 571873 1906 1152 0 0 0 0 0 0 0 0 0 0 0 0 0 0 0 0 0 0 0 0 0 0 0 0 0 0 0 0 0 0 0 0 0 0 NIL NIL NIL NIL NIL NIL NIL NIL NIL NIL NIL NIL NIL NIL NIL NIL 0 0 0 106175 1.16 NIL 0 0 1032.944 1914.119 14244.305 66560.484 101096.242 101964.367 200968.672 387654.906 109910.93 295.52 0 982695.438 </measResults>
            </measValue>
            <measValue measObjLdn="QCYG1039HUNB001/ULoCell:NodeB Function Name=QCYG1039HUNB001, Local Cell ID=62363, Cell Name=CRDLRN3">
                <measResults>279898140 1737863 30694 3740 2422 1061 1180 636 949 772 1014 672 986 1478 12642 3891 0 0 274740800 3345 0 1358 0 0 0 0 0 810 967 264 21 60 64 48 35 125 217 77 13 0 101617816 280522957 66163 366195542 58676 87414 170970 93450 27054139 15642 5233 1044 2238 2747 917 833 2684 4666 2653 8 0 16746 0 0 0 3731 0 0 30500 0 0 0 0 0 0 0 0 0 0 0 0 3771044 29716658 36533685 117693642 6921 15130 12602 21623 0 0 0 0 852640 3963 1912 0 0 0 0 0 0 0 0 0 0 0 0 0 0 0 0 0 0 0 0 0 0 0 0 0 0 0 0 0 0 0 0 0 0 NIL NIL NIL NIL NIL NIL NIL NIL NIL NIL NIL NIL NIL NIL NIL NIL 0 0 0 26114 1.377 NIL 0 0 989.394 1625.24 7426.048 13315.296 6371.696 7387.936 33242.992 77637.945 58975.543 283.376 0 204640.844 </measResults>
            </measValue>
        </measInfo>
        <measInfo measInfoId="50331649">
            <granPeriod duration="PT3600S" endTime="2021-08-19T12:00:00+08:00"/>
            <repPeriod duration="PT3600S"/>
            <measTypes>50332578 50332579 50332580 50332581 50342578 50342579 50342580 50342581 </measTypes>
            <measValue measObjLdn="QCYG1039HUNB001/NodeBFunction:NodeB Function Name=QCYG1039HUNB001">
                <measResults>2.987 1.148 2.404 31.594 5.8 2.8 6 55.4 </measResults>
            </measValue>
        </measInfo>
        <measInfo measInfoId="50331654">
            <granPeriod duration="PT3600S" endTime="2021-08-19T12:00:00+08:00"/>
            <repPeriod duration="PT3600S"/>
            <measTypes>50332565 50332566 50332633 50332635 </measTypes>
            <measValue measObjLdn="QCYG1039HUNB001/NodeBFunction:NodeB Function Name=QCYG1039HUNB001">
                <measResults>3072 1792 0 0 </measResults>
            </measValue>
        </measInfo>
        <measInfo measInfoId="50331664">
            <granPeriod duration="PT3600S" endTime="2021-08-19T12:00:00+08:00"/>
            <repPeriod duration="PT3600S"/>
            <measTypes>50332572 50332585 50332587 50332588 50332589 50332590 50332617 50332618 50332625 </measTypes>
            <measValue measObjLdn="QCYG1039HUNB001/NodeBFunction:NodeB Function Name=QCYG1039HUNB001">
                <measResults>1 0 17 17 0 9 0 0 2 </measResults>
            </measValue>
        </measInfo>
        <measInfo measInfoId="50331666">
            <granPeriod duration="PT3600S" endTime="2021-08-19T12:00:00+08:00"/>
            <repPeriod duration="PT3600S"/>
            <measTypes>50332567 50332568 50332569 50332570 50332571 </measTypes>
            <measValue measObjLdn="QCYG1039HUNB001/NodeBFunction:NodeB Function Name=QCYG1039HUNB001">
                <measResults>0 0 0 0 0 </measResults>
            </measValue>
        </measInfo>
        <measInfo measInfoId="50331681">
            <granPeriod duration="PT3600S" endTime="2021-08-19T12:00:00+08:00"/>
            <repPeriod duration="PT3600S"/>
            <measTypes>50342640 50342641 50342642 50342643 50342644 50342645 50342646 50342647 </measTypes>
            <measValue measObjLdn="QCYG1039HUNB001/NodeBFunction:NodeB Function Name=QCYG1039HUNB001">
                <measResults>6281940 8042739 497359089 1870680355 3149135 1105242 17662900 4157067 </measResults>
            </measValue>
        </measInfo>
        <measInfo measInfoId="50331652">
            <granPeriod duration="PT3600S" endTime="2021-08-19T12:00:00+08:00"/>
            <repPeriod duration="PT3600S"/>
            <measTypes>50332555 50332556 50332557 50332558 50332559 50332560 50332561 50332562 50332563 50332564 50332593 50332594 50342555 50342556 50342561 50342562 50342563 50342564 50342567 50342568 50342569 50342570 50342571 50342572 50342618 50342619 50342621 50342622 50342624 50342625 50342627 50342628 </measTypes>
            <measValue measObjLdn="QCYG1039HUNB001/NodeBFunction:NodeB Function Name=QCYG1039HUNB001/MocID:2/CnOperator:-1">
                <measResults>0 0 0 0 3984 3488 60.014 31.783 0 23.057 0 0 0 0 95 48 0 60 19 35.5 9.5 0 0 0 0 0 0 0 0 0 0 0 </measResults>
            </measValue>
        </measInfo>
        <measInfo measInfoId="50331667">
            <granPeriod duration="PT3600S" endTime="2021-08-19T12:00:00+08:00"/>
            <repPeriod duration="PT3600S"/>
            <measTypes>50332591 50332592 50332595 50332596 50332597 </measTypes>
            <measValue measObjLdn="QCYG1039HUNB001/NodeBFunction:NodeB Function Name=QCYG1039HUNB001/MocID:2/CnOperator:-1">
                <measResults>0 0 0 0 0 </measResults>
            </measValue>
        </measInfo>
        <measInfo measInfoId="50331668">
            <granPeriod duration="PT3600S" endTime="2021-08-19T12:00:00+08:00"/>
            <repPeriod duration="PT3600S"/>
            <measTypes>50332348 50332349 </measTypes>
            <measValue measObjLdn="QCYG1039HUNB001/LOCELL_SECTOREQM:NodeB Function Name=QCYG1039HUNB001, Local Cell ID=12361, Sector Equipment ID=0">
                <measResults>0 0 </measResults>
            </measValue>
            <measValue measObjLdn="QCYG1039HUNB001/LOCELL_SECTOREQM:NodeB Function Name=QCYG1039HUNB001, Local Cell ID=12362, Sector Equipment ID=1">
                <measResults>0 0 </measResults>
            </measValue>
            <measValue measObjLdn="QCYG1039HUNB001/LOCELL_SECTOREQM:NodeB Function Name=QCYG1039HUNB001, Local Cell ID=12363, Sector Equipment ID=2">
                <measResults>0 0 </measResults>
            </measValue>
            <measValue measObjLdn="QCYG1039HUNB001/LOCELL_SECTOREQM:NodeB Function Name=QCYG1039HUNB001, Local Cell ID=52361, Sector Equipment ID=6">
                <measResults>0 0 </measResults>
            </measValue>
            <measValue measObjLdn="QCYG1039HUNB001/LOCELL_SECTOREQM:NodeB Function Name=QCYG1039HUNB001, Local Cell ID=52362, Sector Equipment ID=7">
                <measResults>0 0 </measResults>
            </measValue>
            <measValue measObjLdn="QCYG1039HUNB001/LOCELL_SECTOREQM:NodeB Function Name=QCYG1039HUNB001, Local Cell ID=52363, Sector Equipment ID=8">
                <measResults>0 0 </measResults>
            </measValue>
            <measValue measObjLdn="QCYG1039HUNB001/LOCELL_SECTOREQM:NodeB Function Name=QCYG1039HUNB001, Local Cell ID=62361, Sector Equipment ID=10">
                <measResults>0 0 </measResults>
            </measValue>
            <measValue measObjLdn="QCYG1039HUNB001/LOCELL_SECTOREQM:NodeB Function Name=QCYG1039HUNB001, Local Cell ID=62362, Sector Equipment ID=11">
                <measResults>0 0 </measResults>
            </measValue>
            <measValue measObjLdn="QCYG1039HUNB001/LOCELL_SECTOREQM:NodeB Function Name=QCYG1039HUNB001, Local Cell ID=62363, Sector Equipment ID=12">
                <measResults>0 0 </measResults>
            </measValue>
        </measInfo>
        <measInfo measInfoId="50331669">
            <granPeriod duration="PT3600S" endTime="2021-08-19T12:00:00+08:00"/>
            <repPeriod duration="PT3600S"/>
            <measTypes>50332350 50332351 50332352 50332353 </measTypes>
            <measValue measObjLdn="QCYG1039HUNB001/LOCELL_SECTOREQM:NodeB Function Name=QCYG1039HUNB001, Local Cell ID=12361, Sector Equipment ID=0">
                <measResults>7673 27 6914 6917 </measResults>
            </measValue>
            <measValue measObjLdn="QCYG1039HUNB001/LOCELL_SECTOREQM:NodeB Function Name=QCYG1039HUNB001, Local Cell ID=12362, Sector Equipment ID=1">
                <measResults>15241 0 15164 15178 </measResults>
            </measValue>
            <measValue measObjLdn="QCYG1039HUNB001/LOCELL_SECTOREQM:NodeB Function Name=QCYG1039HUNB001, Local Cell ID=12363, Sector Equipment ID=2">
                <measResults>8720 0 8076 8082 </measResults>
            </measValue>
            <measValue measObjLdn="QCYG1039HUNB001/LOCELL_SECTOREQM:NodeB Function Name=QCYG1039HUNB001, Local Cell ID=52361, Sector Equipment ID=6">
                <measResults>10805 24 10525 10531 </measResults>
            </measValue>
            <measValue measObjLdn="QCYG1039HUNB001/LOCELL_SECTOREQM:NodeB Function Name=QCYG1039HUNB001, Local Cell ID=52362, Sector Equipment ID=7">
                <measResults>6165 9 6058 6061 </measResults>
            </measValue>
            <measValue measObjLdn="QCYG1039HUNB001/LOCELL_SECTOREQM:NodeB Function Name=QCYG1039HUNB001, Local Cell ID=52363, Sector Equipment ID=8">
                <measResults>5705 4 5551 5558 </measResults>
            </measValue>
            <measValue measObjLdn="QCYG1039HUNB001/LOCELL_SECTOREQM:NodeB Function Name=QCYG1039HUNB001, Local Cell ID=62361, Sector Equipment ID=10">
                <measResults>12302 3 11993 12012 </measResults>
            </measValue>
            <measValue measObjLdn="QCYG1039HUNB001/LOCELL_SECTOREQM:NodeB Function Name=QCYG1039HUNB001, Local Cell ID=62362, Sector Equipment ID=11">
                <measResults>8264 5 7898 7903 </measResults>
            </measValue>
            <measValue measObjLdn="QCYG1039HUNB001/LOCELL_SECTOREQM:NodeB Function Name=QCYG1039HUNB001, Local Cell ID=62363, Sector Equipment ID=12">
                <measResults>10654 8 10459 10470 </measResults>
            </measValue>
        </measInfo>
        <measInfo measInfoId="50331670">
            <granPeriod duration="PT3600S" endTime="2021-08-19T12:00:00+08:00"/>
            <repPeriod duration="PT3600S"/>
            <measTypes>50332354 50332355 </measTypes>
            <measValue measObjLdn="QCYG1039HUNB001/LOCELL_SECTOREQM:NodeB Function Name=QCYG1039HUNB001, Local Cell ID=12361, Sector Equipment ID=0">
                <measResults>0 0 </measResults>
            </measValue>
            <measValue measObjLdn="QCYG1039HUNB001/LOCELL_SECTOREQM:NodeB Function Name=QCYG1039HUNB001, Local Cell ID=12362, Sector Equipment ID=1">
                <measResults>0 0 </measResults>
            </measValue>
            <measValue measObjLdn="QCYG1039HUNB001/LOCELL_SECTOREQM:NodeB Function Name=QCYG1039HUNB001, Local Cell ID=12363, Sector Equipment ID=2">
                <measResults>0 0 </measResults>
            </measValue>
            <measValue measObjLdn="QCYG1039HUNB001/LOCELL_SECTOREQM:NodeB Function Name=QCYG1039HUNB001, Local Cell ID=52361, Sector Equipment ID=6">
                <measResults>0 0 </measResults>
            </measValue>
            <measValue measObjLdn="QCYG1039HUNB001/LOCELL_SECTOREQM:NodeB Function Name=QCYG1039HUNB001, Local Cell ID=52362, Sector Equipment ID=7">
                <measResults>0 0 </measResults>
            </measValue>
            <measValue measObjLdn="QCYG1039HUNB001/LOCELL_SECTOREQM:NodeB Function Name=QCYG1039HUNB001, Local Cell ID=52363, Sector Equipment ID=8">
                <measResults>0 0 </measResults>
            </measValue>
            <measValue measObjLdn="QCYG1039HUNB001/LOCELL_SECTOREQM:NodeB Function Name=QCYG1039HUNB001, Local Cell ID=62361, Sector Equipment ID=10">
                <measResults>0 0 </measResults>
            </measValue>
            <measValue measObjLdn="QCYG1039HUNB001/LOCELL_SECTOREQM:NodeB Function Name=QCYG1039HUNB001, Local Cell ID=62362, Sector Equipment ID=11">
                <measResults>0 0 </measResults>
            </measValue>
            <measValue measObjLdn="QCYG1039HUNB001/LOCELL_SECTOREQM:NodeB Function Name=QCYG1039HUNB001, Local Cell ID=62363, Sector Equipment ID=12">
                <measResults>0 0 </measResults>
            </measValue>
        </measInfo>
        <measInfo measInfoId="50331672">
            <granPeriod duration="PT3600S" endTime="2021-08-19T12:00:00+08:00"/>
            <repPeriod duration="PT3600S"/>
            <measTypes>50342590 50342591 50342592 50342593 50342594 50342595 50342596 50342597 </measTypes>
            <measValue measObjLdn="QCYG1039HUNB001/LOCELL_SECTOREQM:NodeB Function Name=QCYG1039HUNB001, Local Cell ID=12361, Sector Equipment ID=0">
                <measResults>-100.65 -100.059 -100.359 -100.755 -101.9 -101.4 -101.5 -102.1 </measResults>
            </measValue>
            <measValue measObjLdn="QCYG1039HUNB001/LOCELL_SECTOREQM:NodeB Function Name=QCYG1039HUNB001, Local Cell ID=12362, Sector Equipment ID=1">
                <measResults>-94.881 -96.142 -94.188 -93.267 -98.5 -99.8 -96.1 -95.2 </measResults>
            </measValue>
            <measValue measObjLdn="QCYG1039HUNB001/LOCELL_SECTOREQM:NodeB Function Name=QCYG1039HUNB001, Local Cell ID=12363, Sector Equipment ID=2">
                <measResults>-100.202 -100.375 -101.726 -101.983 -101.3 -101.3 -102.7 -102.8 </measResults>
            </measValue>
            <measValue measObjLdn="QCYG1039HUNB001/LOCELL_SECTOREQM:NodeB Function Name=QCYG1039HUNB001, Local Cell ID=52361, Sector Equipment ID=6">
                <measResults>-87.688 -88.943 NIL NIL -88.7 -90 NIL NIL </measResults>
            </measValue>
            <measValue measObjLdn="QCYG1039HUNB001/LOCELL_SECTOREQM:NodeB Function Name=QCYG1039HUNB001, Local Cell ID=52362, Sector Equipment ID=7">
                <measResults>-95.353 -95.062 NIL NIL -96.8 -96.4 NIL NIL </measResults>
            </measValue>
            <measValue measObjLdn="QCYG1039HUNB001/LOCELL_SECTOREQM:NodeB Function Name=QCYG1039HUNB001, Local Cell ID=52363, Sector Equipment ID=8">
                <measResults>-93.199 -93.221 NIL NIL -94.5 -94.6 NIL NIL </measResults>
            </measValue>
            <measValue measObjLdn="QCYG1039HUNB001/LOCELL_SECTOREQM:NodeB Function Name=QCYG1039HUNB001, Local Cell ID=62361, Sector Equipment ID=10">
                <measResults>-83.536 -85.205 NIL NIL -84.3 -86.2 NIL NIL </measResults>
            </measValue>
            <measValue measObjLdn="QCYG1039HUNB001/LOCELL_SECTOREQM:NodeB Function Name=QCYG1039HUNB001, Local Cell ID=62362, Sector Equipment ID=11">
                <measResults>-93.066 -92.561 NIL NIL -94.9 -94 NIL NIL </measResults>
            </measValue>
            <measValue measObjLdn="QCYG1039HUNB001/LOCELL_SECTOREQM:NodeB Function Name=QCYG1039HUNB001, Local Cell ID=62363, Sector Equipment ID=12">
                <measResults>-88.657 -88.11 NIL NIL -89.8 -89.1 NIL NIL </measResults>
            </measValue>
        </measInfo>
        <measInfo measInfoId="50331682">
            <granPeriod duration="PT3600S" endTime="2021-08-19T12:00:00+08:00"/>
            <repPeriod duration="PT3600S"/>
            <measTypes>50332602 50332603 50332615 50332616 </measTypes>
            <measValue measObjLdn="QCYG1039HUNB001/LOCELL_SECTOREQM:NodeB Function Name=QCYG1039HUNB001, Local Cell ID=12361, Sector Equipment ID=0">
                <measResults>272 269 269 306 </measResults>
            </measValue>
            <measValue measObjLdn="QCYG1039HUNB001/LOCELL_SECTOREQM:NodeB Function Name=QCYG1039HUNB001, Local Cell ID=12362, Sector Equipment ID=1">
                <measResults>484 386 423 456 </measResults>
            </measValue>
            <measValue measObjLdn="QCYG1039HUNB001/LOCELL_SECTOREQM:NodeB Function Name=QCYG1039HUNB001, Local Cell ID=12363, Sector Equipment ID=2">
                <measResults>267 311 303 262 </measResults>
            </measValue>
            <measValue measObjLdn="QCYG1039HUNB001/LOCELL_SECTOREQM:NodeB Function Name=QCYG1039HUNB001, Local Cell ID=52361, Sector Equipment ID=6">
                <measResults>NIL NIL NIL NIL </measResults>
            </measValue>
            <measValue measObjLdn="QCYG1039HUNB001/LOCELL_SECTOREQM:NodeB Function Name=QCYG1039HUNB001, Local Cell ID=52362, Sector Equipment ID=7">
                <measResults>417 454 NIL NIL </measResults>
            </measValue>
            <measValue measObjLdn="QCYG1039HUNB001/LOCELL_SECTOREQM:NodeB Function Name=QCYG1039HUNB001, Local Cell ID=52363, Sector Equipment ID=8">
                <measResults>489 576 NIL NIL </measResults>
            </measValue>
            <measValue measObjLdn="QCYG1039HUNB001/LOCELL_SECTOREQM:NodeB Function Name=QCYG1039HUNB001, Local Cell ID=62361, Sector Equipment ID=10">
                <measResults>753 986 NIL NIL </measResults>
            </measValue>
            <measValue measObjLdn="QCYG1039HUNB001/LOCELL_SECTOREQM:NodeB Function Name=QCYG1039HUNB001, Local Cell ID=62362, Sector Equipment ID=11">
                <measResults>NIL NIL NIL NIL </measResults>
            </measValue>
            <measValue measObjLdn="QCYG1039HUNB001/LOCELL_SECTOREQM:NodeB Function Name=QCYG1039HUNB001, Local Cell ID=62363, Sector Equipment ID=12">
                <measResults>731 966 NIL NIL </measResults>
            </measValue>
        </measInfo>
    </measData>
    <fileFooter>
        <measCollec endTime="2021-08-19T12:00:00+08:00"/>
    </fileFooter>
</measCollecFile>
