<?xml version="1.0" encoding="UTF-8"?>
<measCollecFile xmlns="http://latest/nmc-omc/cmNrm.doc#measCollec" xmlns:xsi="http://www.w3.org/2001/XMLSchema-instance" xsi:schemaLocation="http://latest/nmc-omc/cmNrm.doc#measCollec schema\pmResultSchedule.xsd">
    <fileHeader fileFormatVersion="32.435 V7.2" vendorName="Huawei">
        <fileSender elementType="NodeB"/>
        <measCollec beginTime="2021-08-19T11:00:00+08:00"/>
    </fileHeader>
    <measData>
        <managedElement userLabel="PSGG3246HUNB001"/>
        <measInfo measInfoId="50331655">
            <granPeriod duration="PT3600S" endTime="2021-08-19T12:00:00+08:00"/>
            <repPeriod duration="PT3600S"/>
            <measTypes>50332573 50332574 50342574 50342575 50342635 50342636 </measTypes>
            <measValue measObjLdn="PSGG3246HUNB001/ULGROUP:UL BB Resource Group No.=1">
                <measResults>768 152.779 114 194.5 0 0 </measResults>
            </measValue>
            <measValue measObjLdn="PSGG3246HUNB001/ULGROUP:UL BB Resource Group No.=2">
                <measResults>1024 44.317 25 96.5 0 0 </measResults>
            </measValue>
        </measInfo>
        <measInfo measInfoId="50331656">
            <granPeriod duration="PT3600S" endTime="2021-08-19T12:00:00+08:00"/>
            <repPeriod duration="PT3600S"/>
            <measTypes>50332582 50332583 50332584 50332586 50342584 50342585 50342586 50342587 50342606 50342607 50342608 50342609 50342632 50342633 </measTypes>
            <measValue measObjLdn="PSGG3246HUNB001/BRD:Board Type=UBBP, Cabinet No.=0, Subrack No.=0, Slot No.=1">
                <measResults>1024 1024 0 0 0 0 0 0 0 0 0 0 0 0 </measResults>
            </measValue>
            <measValue measObjLdn="PSGG3246HUNB001/BRD:Board Type=UBBP, Cabinet No.=0, Subrack No.=0, Slot No.=2">
                <measResults>1024 768 100.267 152.779 76 129 114 194.5 5 8 9 14 0 0 </measResults>
            </measValue>
            <measValue measObjLdn="PSGG3246HUNB001/BRD:Board Type=UBBP, Cabinet No.=0, Subrack No.=0, Slot No.=3">
                <measResults>1024 1024 35.683 44.317 23 53 25 96.5 1 3 2 4 0 0 </measResults>
            </measValue>
            <measValue measObjLdn="PSGG3246HUNB001/BRD:Board Type=UMPT, Cabinet No.=0, Subrack No.=0, Slot No.=7">
                <measResults>0 0 0 0 0 0 0 0 0 0 0 0 0 0 </measResults>
            </measValue>
        </measInfo>
        <measInfo measInfoId="50331683">
            <granPeriod duration="PT3600S" endTime="2021-08-19T12:00:00+08:00"/>
            <repPeriod duration="PT3600S"/>
            <measTypes>50332627 </measTypes>
            <measValue measObjLdn="PSGG3246HUNB001/NODEBRRU:Cabinet No.=0, Subrack No.=60, Slot No.=0">
                <measResults>0 </measResults>
            </measValue>
            <measValue measObjLdn="PSGG3246HUNB001/NODEBRRU:Cabinet No.=0, Subrack No.=61, Slot No.=0">
                <measResults>0 </measResults>
            </measValue>
            <measValue measObjLdn="PSGG3246HUNB001/NODEBRRU:Cabinet No.=0, Subrack No.=62, Slot No.=0">
                <measResults>0 </measResults>
            </measValue>
            <measValue measObjLdn="PSGG3246HUNB001/NODEBRRU:Cabinet No.=0, Subrack No.=80, Slot No.=0">
                <measResults>0 </measResults>
            </measValue>
            <measValue measObjLdn="PSGG3246HUNB001/NODEBRRU:Cabinet No.=0, Subrack No.=81, Slot No.=0">
                <measResults>0 </measResults>
            </measValue>
            <measValue measObjLdn="PSGG3246HUNB001/NODEBRRU:Cabinet No.=0, Subrack No.=82, Slot No.=0">
                <measResults>0 </measResults>
            </measValue>
        </measInfo>
        <measInfo measInfoId="1542455297">
            <granPeriod duration="PT3600S" endTime="2021-08-19T12:00:00+08:00"/>
            <repPeriod duration="PT3600S"/>
            <measTypes>1542455297 1542455298 1542455299 1542455300 1542455301 1542455302 1542455303 1542455304 1542455305 1542455306 1542455307 1542460296 1542460297 </measTypes>
            <measValue measObjLdn="PSGG3246HUNB001/ETHPORT:Cabinet No.=0, Subrack No.=0, Slot No.=7, Port No.=0, Subboard Type=BASE_BOARD">
                <measResults>0 0 0 0 0 0 0 0 0 0 0 0 0 </measResults>
            </measValue>
            <measValue measObjLdn="PSGG3246HUNB001/ETHPORT:Cabinet No.=0, Subrack No.=0, Slot No.=7, Port No.=1, Subboard Type=BASE_BOARD">
                <measResults>2043563266 19337252 7006794481 22879560 0 10782944 2825120 4542594 40041856 3804384 15575140 1000000 1000000 </measResults>
            </measValue>
        </measInfo>
        <measInfo measInfoId="1542455301">
            <granPeriod duration="PT3600S" endTime="2021-08-19T12:00:00+08:00"/>
            <repPeriod duration="PT3600S"/>
            <measTypes>1542455326 1542455327 1542455328 1542455329 1542455330 1542455331 1542455332 1542455333 1542460727 1542460728 1542460729 </measTypes>
            <measValue measObjLdn="PSGG3246HUNB001/IP:Board Type=UMPT, Cabinet No.=0, Subrack No.=0, Slot No.=7">
                <measResults>19341530 1584025373 0 0 22878859 6439445806 0 0 18262 0 0 </measResults>
            </measValue>
        </measInfo>
        <measInfo measInfoId="1542455303">
            <granPeriod duration="PT3600S" endTime="2021-08-19T12:00:00+08:00"/>
            <repPeriod duration="PT3600S"/>
            <measTypes>1542455365 1542455367 1542455369 1542455371 1542455375 1542455376 1542455377 1542455378 </measTypes>
            <measValue measObjLdn="PSGG3246HUNB001/RSCGRP:Transmission Resource Group Bear Type=IP, Cabinet No.=0, Bearing Port No.=0, Bearing Port Type=ETH, Transmission Resource Group ID=AUTOPORT, Subboard Type=BASE_BOARD, Slot No.=7, Subrack No.=0">
                <measResults>0 0 0 0 0 0 0 0 </measResults>
            </measValue>
            <measValue measObjLdn="PSGG3246HUNB001/RSCGRP:Transmission Resource Group Bear Type=IP, Cabinet No.=0, Bearing Port No.=1, Bearing Port Type=ETH, Transmission Resource Group ID=AUTOPORT, Subboard Type=BASE_BOARD, Slot No.=7, Subrack No.=0">
                <measResults>1932214172 19341630 0 0 10346016 2638824 4293781 0 </measResults>
            </measValue>
        </measInfo>
        <measInfo measInfoId="1542455312">
            <granPeriod duration="PT3600S" endTime="2021-08-19T12:00:00+08:00"/>
            <repPeriod duration="PT3600S"/>
            <measTypes>1542460308 1542460309 1542460310 1542460311 1542460312 1542460313 1542460314 1542460315 1542460316 1542460317 1542460318 1542460319 1542460320 1542460321 1542460322 1542460323 1542460324 1542460325 1542460326 1542460327 1542460328 1542460329 1542460330 1542460331 1542460332 </measTypes>
            <measValue measObjLdn="PSGG3246HUNB001/RSCGRP:Transmission Resource Group Bear Type=IP, Cabinet No.=0, Bearing Port No.=0, Bearing Port Type=ETH, Transmission Resource Group ID=AUTOPORT, Subboard Type=BASE_BOARD, Slot No.=7, Subrack No.=0">
                <measResults>0 0 0 0 0 0 0 0 0 0 0 0 0 0 0 0 0 0 0 0 0 0 0 0 0 </measResults>
            </measValue>
            <measValue measObjLdn="PSGG3246HUNB001/RSCGRP:Transmission Resource Group Bear Type=IP, Cabinet No.=0, Bearing Port No.=1, Bearing Port Type=ETH, Transmission Resource Group ID=AUTOPORT, Subboard Type=BASE_BOARD, Slot No.=7, Subrack No.=0">
                <measResults>40645 40645 40645 0 0 0 0 0 0 0 0 0 0 5403497 0 0 0 1 0 0 0 0 0 0 0 </measResults>
            </measValue>
        </measInfo>
        <measInfo measInfoId="1542455309">
            <granPeriod duration="PT3600S" endTime="2021-08-19T12:00:00+08:00"/>
            <repPeriod duration="PT3600S"/>
            <measTypes>1542455826 1542455827 1542455828 1542455829 1542455833 1542455834 1542455835 1542455836 1542455837 1542455838 1542455839 1542455840 1542455841 1542455842 1542455843 1542455844 1542455845 1542455846 1542455847 1542455848 </measTypes>
            <measValue measObjLdn="PSGG3246HUNB001/OMCH:Standby Status=MASTER, Bearer Type=IPV4">
                <measResults>661 171 0 0 0 0 0 0 0 501 0 0 633 0 0 0 0 587 0 46 </measResults>
            </measValue>
        </measInfo>
        <measInfo measInfoId="1542455815">
            <granPeriod duration="PT3600S" endTime="2021-08-19T12:00:00+08:00"/>
            <repPeriod duration="PT3600S"/>
            <measTypes>1542460340 1542460341 1542460342 1542460343 1542460496 1542460497 1542460498 1542460499 1542460500 1542460501 1542460502 1542460503 1542460504 1542460505 1542460506 1542460507 1542460510 </measTypes>
            <measValue measObjLdn="PSGG3246HUNB001/IKE:Board Type=UMPT, Cabinet No.=0, Subrack No.=0, Slot No.=7">
                <measResults>0 0 0 0 0 0 0 0 0 0 0 0 0 0 0 0 0 </measResults>
            </measValue>
        </measInfo>
        <measInfo measInfoId="1542455817">
            <granPeriod duration="PT3600S" endTime="2021-08-19T12:00:00+08:00"/>
            <repPeriod duration="PT3600S"/>
            <measTypes>1542460356 1542460357 1542460358 1542460359 1542460360 1542460361 1542460362 1542460363 1542460364 1542460365 1542460366 1542460367 1542460368 1542460369 1542460370 1542460371 1542460372 1542460373 1542460374 1542460375 1542460376 </measTypes>
            <measValue measObjLdn="PSGG3246HUNB001/SCTPLNK:Link No.=31">
                <measResults>12429499 11683141 112759 165455 0 62800 1576 27622 39368 16152 25963 34988 132188 0 0 0 0 0 0 132188 35008 </measResults>
            </measValue>
            <measValue measObjLdn="PSGG3246HUNB001/SCTPLNK:Link No.=32">
                <measResults>19232364 20748743 654723 805604 0 85376 19944 42737 72616 23792 46107 312239 594911 0 0 0 0 0 0 594911 312239 </measResults>
            </measValue>
        </measInfo>
        <measInfo measInfoId="1542455818">
            <granPeriod duration="PT3600S" endTime="2021-08-19T12:00:00+08:00"/>
            <repPeriod duration="PT3600S"/>
            <measTypes>1542455526 1542455527 1542455528 1542455529 1542455530 1542455531 1542455532 1542455533 1542455534 1542455535 </measTypes>
            <measValue measObjLdn="PSGG3246HUNB001/USERPLANEHOST:User Plane Host ID=3">
                <measResults>18137288 21887538 1487318275 6353916145 9131736 3305182 37255488 14119978 NIL NIL </measResults>
            </measValue>
        </measInfo>
        <measInfo measInfoId="1593835529">
            <granPeriod duration="PT3600S" endTime="2021-08-19T12:00:00+08:00"/>
            <repPeriod duration="PT3600S"/>
            <measTypes>1593835620 1593835628 1593835629 </measTypes>
            <measValue measObjLdn="PSGG3246HUNB001/NODE:NODE">
                <measResults>NIL 0.668 0 </measResults>
            </measValue>
        </measInfo>
        <measInfo measInfoId="1593835533">
            <granPeriod duration="PT3600S" endTime="2021-08-19T12:00:00+08:00"/>
            <repPeriod duration="PT3600S"/>
            <measTypes>1593835647 1593835648 1593835649 </measTypes>
            <measValue measObjLdn="PSGG3246HUNB001/NODE:NODE">
                <measResults>32500 32488 32498 </measResults>
            </measValue>
        </measInfo>
        <measInfo measInfoId="1593835531">
            <granPeriod duration="PT3600S" endTime="2021-08-19T12:00:00+08:00"/>
            <repPeriod duration="PT3600S"/>
            <measTypes>1593835630 1593835632 1593835633 1593835634 </measTypes>
            <measValue measObjLdn="PSGG3246HUNB001/BBUBoard:Board Type=UBBP, Cabinet No.=0, Subrack No.=0, Slot No.=1">
                <measResults>0 3 2 0 </measResults>
            </measValue>
            <measValue measObjLdn="PSGG3246HUNB001/BBUBoard:Board Type=UBBP, Cabinet No.=0, Subrack No.=0, Slot No.=2">
                <measResults>0 4 3 0 </measResults>
            </measValue>
            <measValue measObjLdn="PSGG3246HUNB001/BBUBoard:Board Type=UBBP, Cabinet No.=0, Subrack No.=0, Slot No.=3">
                <measResults>0 4 3 0 </measResults>
            </measValue>
            <measValue measObjLdn="PSGG3246HUNB001/BBUBoard:Board Type=UMPT, Cabinet No.=0, Subrack No.=0, Slot No.=7">
                <measResults>0 5 1 0 </measResults>
            </measValue>
        </measInfo>
        <measInfo measInfoId="1593835535">
            <granPeriod duration="PT3600S" endTime="2021-08-19T12:00:00+08:00"/>
            <repPeriod duration="PT3600S"/>
            <measTypes>1593835652 1593835653 1593835654 1593835655 1593835656 1593835657 1593835658 1593835659 1593835660 1593835661 1593835662 1593835663 1593835664 1593835665 1593835666 1593835667 1593835668 1593835669 1593835670 1593835671 </measTypes>
            <measValue measObjLdn="PSGG3246HUNB001/RADIOEQM:Cabinet No.=0, Subrack No.=60, Slot No.=0">
                <measResults>NIL NIL NIL NIL NIL NIL NIL NIL NIL NIL 0 0 0 0 0 0 0 0 0 0 </measResults>
            </measValue>
            <measValue measObjLdn="PSGG3246HUNB001/RADIOEQM:Cabinet No.=0, Subrack No.=61, Slot No.=0">
                <measResults>NIL NIL NIL NIL NIL NIL NIL NIL NIL NIL 0 0 0 0 0 0 0 0 0 0 </measResults>
            </measValue>
            <measValue measObjLdn="PSGG3246HUNB001/RADIOEQM:Cabinet No.=0, Subrack No.=62, Slot No.=0">
                <measResults>NIL NIL NIL NIL NIL NIL NIL NIL NIL NIL 0 0 0 0 0 0 0 0 0 0 </measResults>
            </measValue>
            <measValue measObjLdn="PSGG3246HUNB001/RADIOEQM:Cabinet No.=0, Subrack No.=80, Slot No.=0">
                <measResults>0 0 0 40 0 0 0 0 0 0 NIL NIL NIL NIL NIL NIL NIL NIL NIL NIL </measResults>
            </measValue>
            <measValue measObjLdn="PSGG3246HUNB001/RADIOEQM:Cabinet No.=0, Subrack No.=81, Slot No.=0">
                <measResults>NIL NIL NIL NIL NIL NIL NIL NIL NIL NIL 0 0 0 0 0 0 0 0 0 0 </measResults>
            </measValue>
            <measValue measObjLdn="PSGG3246HUNB001/RADIOEQM:Cabinet No.=0, Subrack No.=82, Slot No.=0">
                <measResults>NIL NIL NIL NIL NIL NIL NIL NIL NIL NIL 0 0 0 0 0 3600 3600 3600 0 0 </measResults>
            </measValue>
        </measInfo>
        <measInfo measInfoId="1593835539">
            <granPeriod duration="PT3600S" endTime="2021-08-19T12:00:00+08:00"/>
            <repPeriod duration="PT3600S"/>
            <measTypes>1593835767 </measTypes>
            <measValue measObjLdn="PSGG3246HUNB001/RADIOEQM:Cabinet No.=0, Subrack No.=60, Slot No.=0">
                <measResults>3600 </measResults>
            </measValue>
            <measValue measObjLdn="PSGG3246HUNB001/RADIOEQM:Cabinet No.=0, Subrack No.=61, Slot No.=0">
                <measResults>3600 </measResults>
            </measValue>
            <measValue measObjLdn="PSGG3246HUNB001/RADIOEQM:Cabinet No.=0, Subrack No.=62, Slot No.=0">
                <measResults>3600 </measResults>
            </measValue>
            <measValue measObjLdn="PSGG3246HUNB001/RADIOEQM:Cabinet No.=0, Subrack No.=80, Slot No.=0">
                <measResults>3600 </measResults>
            </measValue>
            <measValue measObjLdn="PSGG3246HUNB001/RADIOEQM:Cabinet No.=0, Subrack No.=81, Slot No.=0">
                <measResults>3600 </measResults>
            </measValue>
            <measValue measObjLdn="PSGG3246HUNB001/RADIOEQM:Cabinet No.=0, Subrack No.=82, Slot No.=0">
                <measResults>3600 </measResults>
            </measValue>
        </measInfo>
        <measInfo measInfoId="1593835544">
            <granPeriod duration="PT3600S" endTime="2021-08-19T12:00:00+08:00"/>
            <repPeriod duration="PT3600S"/>
            <measTypes>1593835835 </measTypes>
            <measValue measObjLdn="PSGG3246HUNB001/BU:Cabinet No.=0, Subrack No.=0">
                <measResults>0.20519418 </measResults>
            </measValue>
        </measInfo>
        <measInfo measInfoId="1593835545">
            <granPeriod duration="PT3600S" endTime="2021-08-19T12:00:00+08:00"/>
            <repPeriod duration="PT3600S"/>
            <measTypes>1593835836 </measTypes>
            <measValue measObjLdn="PSGG3246HUNB001/BTSBoard:Cabinet No.=0, Subrack No.=60, Slot No.=0">
                <measResults>0.18098751 </measResults>
            </measValue>
            <measValue measObjLdn="PSGG3246HUNB001/BTSBoard:Cabinet No.=0, Subrack No.=61, Slot No.=0">
                <measResults>0.18734667 </measResults>
            </measValue>
            <measValue measObjLdn="PSGG3246HUNB001/BTSBoard:Cabinet No.=0, Subrack No.=62, Slot No.=0">
                <measResults>0.18468083 </measResults>
            </measValue>
            <measValue measObjLdn="PSGG3246HUNB001/BTSBoard:Cabinet No.=0, Subrack No.=80, Slot No.=0">
                <measResults>0.16604999 </measResults>
            </measValue>
            <measValue measObjLdn="PSGG3246HUNB001/BTSBoard:Cabinet No.=0, Subrack No.=81, Slot No.=0">
                <measResults>0.20447999 </measResults>
            </measValue>
            <measValue measObjLdn="PSGG3246HUNB001/BTSBoard:Cabinet No.=0, Subrack No.=82, Slot No.=0">
                <measResults>0.20736334 </measResults>
            </measValue>
        </measInfo>
        <measInfo measInfoId="50331648">
            <granPeriod duration="PT3600S" endTime="2021-08-19T12:00:00+08:00"/>
            <repPeriod duration="PT3600S"/>
            <measTypes>50331654 50331655 50331656 50331657 50331658 50331659 50331660 50331661 50331662 50331663 50331664 50331665 50331666 50331667 50331668 50331669 50331670 50331671 50331672 50331673 50331674 50331675 50331676 50331677 50331678 50331679 50331680 50331681 50331682 50331683 50331684 50331685 50331686 50331687 50331688 50331689 50331690 50331691 50331692 50331693 50331694 50331695 50331696 50331697 50331698 50331699 50331709 50331710 50331711 50331712 50331713 50331714 50331717 50331718 50331719 50331720 50331721 50331722 50331723 50331724 50331745 50331746 50331754 50331755 50331756 50331757 50331758 50331759 50331760 50331761 50331762 50331763 50331764 50331765 50331766 50331767 50331768 50331769 50331770 50331771 50331772 50331773 50331774 50331775 50331776 50331777 50331778 50331779 50331780 50331781 50331782 50331783 50331784 50331785 50331786 50331787 50331788 50331789 50331790 50331791 50331792 50331793 50331794 50331795 50331796 50331797 50331798 50331799 50331800 50331801 50331802 50331803 50331804 50331805 50331806 50331807 50331808 50331809 50331810 50331811 50331812 50331813 50331814 50331815 50331816 50331817 50331818 50331819 50331820 50331821 50331838 50331839 50331840 50332168 50332169 50332170 50332173 50332174 50332215 50332216 50332217 50341648 50341649 50341650 50341651 50341652 50341653 50341654 50341655 50341656 50341657 50341658 50341659 50341668 50341669 50341670 50341671 50341672 50341675 50341676 50341677 50341678 50341679 50341680 50341685 50341686 50341687 50341688 50341689 50341690 50341691 50341692 50341693 50341694 50341695 50341696 50341697 50341698 50341699 50341700 50341701 50341702 50341703 50341704 50341705 50341706 50341707 50341708 50341709 50341710 50341711 50341712 50341713 50341714 50341715 50341716 50341717 50341722 50341739 50341740 </measTypes>
            <measValue measObjLdn="PSGG3246HUNB001/ULoCell:NodeB Function Name=PSGG3246HUNB001, Local Cell ID=10341, Cell Name=N/A">
                <measResults>289479 35721 34858 249652 34945 2776 1341 765 0 0 0 0 0 0 5614 614 14296 1280 559 1716 1965 2000 3106 4629 6581 9107 15138 22112 30266 37767 30369 32981 30980 41491 43557 49717 55889 55524 52784 48489 66788 40792 24828 13244 8318 5142 9651 353034 0 0 0 0 0 0 0 0 0 202048 148427 360126 388872 2344591473 0 29160 3697 5012 17525 11479 4551 15263 8295 2845 1511 4065 3893 6312 4028 8672 8772 12357 9550 12749 13099 15464 24264 25334 33531 22170 20323 15437 8113 4457 2541 5238 0 0 0 0 0 0 0 0 0 0 0 0 0 0 0 0 0 0 0 0 0 0 0 0 0 0 0 0 0 0 0 0 0 0 0 0 2344444412 348279 7804 0 0 0 0 0 0 0 0 50 279 0 125 980 0 54 255 136 639 922 193 645912 6341810 0 700555 3346694 6 148 0 105 744 0 0 1 0 1.6 12.746 12.727 14 0 4 45 0 0 0 0 0 0 0 NIL 768 824 542 0 0 0 0 0 0 0 0 0 0 0 0 20946 0 0 </measResults>
            </measValue>
            <measValue measObjLdn="PSGG3246HUNB001/ULoCell:NodeB Function Name=PSGG3246HUNB001, Local Cell ID=10342, Cell Name=N/A">
                <measResults>185348 25251 39356 161600 19085 2492 1302 869 0 0 0 0 0 0 6781 3339 1596 2270 2935 3530 6380 7154 10725 9723 11855 12653 14167 14959 14673 20839 18920 27004 26551 39334 37505 33475 29411 19975 18170 19810 28628 29708 30067 20283 8919 2361 34604 246368 0 0 0 0 0 0 0 0 0 93274 122138 250016 270574 1541286647 0 20042 5348 717 1638 5301 3750 10833 3691 3951 4721 9142 7649 11432 7573 10704 11877 6593 4774 6194 7414 9818 13183 10561 11024 7109 6997 8089 6337 6041 5095 21955 0 0 0 0 0 0 0 0 0 0 0 0 0 0 0 0 0 0 0 0 0 0 0 0 0 0 0 0 0 0 0 0 0 0 0 0 1540748741 247067 14434 0 0 0 0 0 0 0 0 34 321 0 85 765 0 38 242 94 591 904 137 425032 8134107 0 470168 3102423 4 54 0 70 719 0 0 55 0 1.093 10.499 12.845 14.06 0 7 40 0 0 0 0 0 0 0 NIL 755 828 450 0 0 0 0 0 0 0 0 0 0 0 0 19950 0 0 </measResults>
            </measValue>
            <measValue measObjLdn="PSGG3246HUNB001/ULoCell:NodeB Function Name=PSGG3246HUNB001, Local Cell ID=10343, Cell Name=N/A">
                <measResults>385281 44509 35216 340608 39423 2916 1224 1110 0 0 0 0 0 0 5796 19478 11563 10667 15666 16873 26465 20299 33861 38571 52267 51415 56811 63649 71837 97008 72188 86360 69941 76771 59359 46215 42165 32325 28164 24927 28708 21527 24170 49530 75646 25120 69783 426614 0 0 0 0 0 0 0 0 0 107092 288230 465105 572376 3244509568 0 37339 3965 2029 4637 4919 5332 22280 7899 7938 7364 10784 14023 19368 19082 24694 26762 36520 31251 25551 19340 14165 11595 8046 7230 5028 5165 5998 5699 5571 4286 60671 0 0 0 0 0 0 0 0 0 0 0 0 0 0 0 0 0 0 0 0 0 0 0 0 0 0 0 0 0 0 0 0 0 0 0 0 3244211319 470278 33482 0 0 0 0 0 0 0 0 64 277 0 178 993 0 64 244 179 675 994 261 894458 7769350 58 899857 3427042 8 90 0 138 707 0 0 15 0 2.153 12.65 12.077 13 0.001 18 46 1 0 0 0 0 0 0 NIL 721 797 544 0 0 0 0 0 0 0 0 0 0 0 0 17798 0 0 </measResults>
            </measValue>
            <measValue measObjLdn="PSGG3246HUNB001/ULoCell:NodeB Function Name=PSGG3246HUNB001, Local Cell ID=50341, Cell Name=N/A">
                <measResults>651119 79097 76178 560118 75720 7483 5068 2730 0 0 0 0 0 0 8694 1271 2308 1799 895 1393 2592 2566 4830 6027 10384 13753 21930 30744 41975 65432 58719 85905 83113 114664 120617 131648 153310 142048 138573 137110 209586 174581 147471 124689 120270 194121 108987 796317 0 0 0 0 0 0 0 0 0 416791 280665 806443 959712 5856505351 0 83326 6103 1624 1050 16638 3401 42054 9410 5917 5289 13963 11836 18963 13797 33241 16150 36871 19602 26029 29355 34648 42822 36622 49315 34676 39242 39903 21099 25251 18155 69940 0 0 0 0 0 0 0 0 0 0 0 0 0 0 0 0 0 0 0 0 0 0 0 0 0 0 0 0 0 0 0 0 0 0 0 0 5856187620 710911 7551 0 0 0 0 0 0 0 0 112 318 2 281 993 1 112 281 282 709 1000 394 1613331 10207544 2290 1613331 4094749 17 90 0 237 835 1 0 15 0 3.587 12.629 12.719 13.951 0.016 4 118 8 0 0 0 0 0 0 NIL 857 903 741 0 0 0 0 0 0 0 0 0 0 0 0 23617 0 0 </measResults>
            </measValue>
            <measValue measObjLdn="PSGG3246HUNB001/ULoCell:NodeB Function Name=PSGG3246HUNB001, Local Cell ID=50342, Cell Name=N/A">
                <measResults>878145 96580 52234 777299 94089 4056 1525 1176 0 0 0 0 0 0 8485 1879 1806 1634 2210 2751 6922 4666 8558 9408 17641 23980 39239 50627 55234 71539 60708 78758 84957 106688 128565 123334 135046 112895 117108 117205 172218 149779 126707 85799 49586 30894 77813 1023333 0 0 0 0 0 0 0 0 0 599506 349787 1027106 1259733 6638731237 0 69945 4009 1614 1816 4063 3893 33776 9094 11459 15446 26284 24083 41238 35708 46514 31098 66130 31394 38977 37908 50035 64905 54285 71569 53901 56280 50144 30366 22067 17320 21736 0 0 0 0 0 0 0 0 0 0 0 0 0 0 0 0 0 0 0 0 0 0 0 0 0 0 0 0 0 0 0 0 0 0 0 0 6638537320 887600 8228 0 0 0 0 0 0 0 0 142 380 1 360 997 1 142 288 361 728 999 493 1827242 8229411 1069 1829071 3706373 19 90 0 316 844 0 0 3 0 4.446 12.856 12.317 13.95 0.006 4 144 8 0 0 0 0 0 0 NIL 842 899 734 0 0 0 0 0 0 0 0 0 0 0 0 23239 0 0 </measResults>
            </measValue>
            <measValue measObjLdn="PSGG3246HUNB001/ULoCell:NodeB Function Name=PSGG3246HUNB001, Local Cell ID=50343, Cell Name=N/A">
                <measResults>779737 94252 40051 683840 88060 4401 1697 1739 0 0 0 0 0 0 5522 2654 1776 1372 1284 1863 3372 3178 7001 9344 19231 28456 47547 68263 80140 99274 79975 94658 84203 100991 103793 97651 113530 101986 114048 121908 182163 166875 145993 116887 85362 221018 125431 882754 0 0 0 0 0 0 0 0 0 333284 455492 914207 1189284 5882606706 0 73428 5268 1768 2418 4983 5240 40322 9982 11158 15717 31724 46527 71371 53843 56015 34164 47124 22333 21067 19130 23045 26221 19336 30772 24759 30865 35855 20570 24578 22192 82109 0 0 0 0 0 0 0 0 0 0 0 0 0 0 0 0 0 0 0 0 0 0 0 0 0 0 0 0 0 0 0 0 0 0 0 0 5882281091 797483 15913 0 0 0 0 0 0 0 0 126 363 0 302 985 0 127 285 302 681 998 443 1619729 10640538 10 1622975 3656273 19 95 0 287 863 0 0 2 0 3.888 12.805 12.853 14 0.001 8 135 12 0 0 0 0 0 0 NIL 861 902 782 0 0 0 0 0 0 0 0 0 0 0 0 22660 0 0 </measResults>
            </measValue>
            <measValue measObjLdn="PSGG3246HUNB001/ULoCell:NodeB Function Name=PSGG3246HUNB001, Local Cell ID=60341, Cell Name=N/A">
                <measResults>723161 77111 140580 631867 71829 8451 5845 5169 0 0 0 0 0 0 19674 942 10904 1483 1806 2702 5160 5382 10594 13190 20186 23691 32953 42204 49149 68309 53535 72595 69383 94336 98781 97989 107769 97614 97450 99249 170864 165004 176906 160809 159915 299450 301534 932111 0 0 0 0 0 0 0 0 0 378682 260726 940942 1099323 5677132879 0 97398 8765 2856 6246 12491 4614 53439 5814 4571 4706 19869 11132 24451 12397 19236 20129 33226 23515 19537 16544 25780 37946 29441 62877 30759 41409 46203 37820 45308 49065 133279 0 0 0 0 0 0 0 0 0 0 0 0 0 0 0 0 0 0 0 0 0 0 0 0 0 0 0 0 0 0 0 0 0 0 0 0 5676838883 790785 10727 0 0 0 0 0 0 0 0 130 348 32 260 995 21 130 294 260 589 1000 439 1560956 7880325 103378 1560956 3555708 17 137 3 201 765 10 0 4 0 2.973 10.994 11.396 13 0.236 5 163 14 0 0 0 0 0 0 NIL 827 889 700 0 0 0 0 0 0 0 0 0 0 0 0 26376 0 0 </measResults>
            </measValue>
            <measValue measObjLdn="PSGG3246HUNB001/ULoCell:NodeB Function Name=PSGG3246HUNB001, Local Cell ID=60342, Cell Name=N/A">
                <measResults>716113 92668 68480 615721 89876 6595 2454 1467 0 0 0 0 0 0 9978 4661 3431 2758 4403 5694 13364 13465 27746 36417 58534 71749 99572 123961 129966 141826 101226 114344 100502 114561 108780 97919 101552 80109 79890 76317 91133 59002 39133 24414 16734 6430 36456 865378 0 0 0 0 0 0 0 0 0 409798 431140 877394 1162655 5013170655 0 59072 4098 818 1289 5147 5275 31431 9793 9989 11519 19763 23218 31741 29437 40819 42823 50387 59382 72734 59920 48383 46819 41292 41668 30573 25204 21868 16919 14480 10745 10391 0 0 0 0 0 0 0 0 0 0 0 0 0 0 0 0 0 0 0 0 0 0 0 0 0 0 0 0 0 0 0 0 0 0 0 0 5012859809 808307 14791 0 0 0 0 0 0 0 0 121 307 0 367 994 0 121 269 368 816 999 449 1380973 5766870 0 1382355 3075664 19 84 0 298 836 0 0 18 0 4.225 11.915 11.487 13 0 8 90 4 0 0 0 0 0 0 NIL 815 881 717 0 0 0 0 0 0 0 0 0 0 0 0 16381 0 0 </measResults>
            </measValue>
            <measValue measObjLdn="PSGG3246HUNB001/ULoCell:NodeB Function Name=PSGG3246HUNB001, Local Cell ID=60343, Cell Name=N/A">
                <measResults>679726 58539 43180 616182 57469 2940 1630 1505 0 0 0 0 0 0 5970 4696 2546 2013 3169 3902 7679 7238 14604 19426 34625 50949 81532 103502 121963 171489 115011 137293 104366 118137 109098 93415 99500 78455 77420 80663 152153 137367 101912 58165 42728 41836 162861 772008 0 0 0 0 0 0 0 0 0 280684 337955 781500 997142 6378936872 0 67404 3176 1106 1197 7148 4763 38750 8887 7240 6779 12368 11466 17123 17295 26510 31333 39738 41620 46337 37981 28344 22532 17480 23258 18242 22423 28345 30154 33594 38222 90575 0 0 0 0 0 0 0 0 0 0 0 0 0 0 0 0 0 0 0 0 0 0 0 0 0 0 0 0 0 0 0 0 0 0 0 0 6378547440 723395 10342 0 0 0 0 0 0 0 0 108 303 6 323 999 3 108 268 323 791 1000 401 1758302 9729962 5858 1758302 4384793 15 88 1 259 830 2 0 6 0 3.793 12.84 11.741 14 0.038 5 81 4 0 0 0 0 0 0 NIL 829 897 676 0 0 0 0 0 0 0 0 0 0 0 0 19464 0 0 </measResults>
            </measValue>
        </measInfo>
        <measInfo measInfoId="50331650">
            <granPeriod duration="PT3600S" endTime="2021-08-19T12:00:00+08:00"/>
            <repPeriod duration="PT3600S"/>
            <measTypes>50332548 50332549 50332550 50332554 50342548 50342549 50342550 50342554 50342612 50342613 50342615 50342616 </measTypes>
            <measValue measObjLdn="PSGG3246HUNB001/ULoCell:NodeB Function Name=PSGG3246HUNB001, Local Cell ID=10341, Cell Name=N/A">
                <measResults>0 0 13.84 8.488 0 0 31 21 0 0 0 0 </measResults>
            </measValue>
            <measValue measObjLdn="PSGG3246HUNB001/ULoCell:NodeB Function Name=PSGG3246HUNB001, Local Cell ID=10342, Cell Name=N/A">
                <measResults>0 0 10.499 6.301 0 0 25 14 0 0 0 0 </measResults>
            </measValue>
            <measValue measObjLdn="PSGG3246HUNB001/ULoCell:NodeB Function Name=PSGG3246HUNB001, Local Cell ID=10343, Cell Name=N/A">
                <measResults>0 0 19.633 11.496 0 0 65 22 0 0 0 0 </measResults>
            </measValue>
            <measValue measObjLdn="PSGG3246HUNB001/ULoCell:NodeB Function Name=PSGG3246HUNB001, Local Cell ID=50341, Cell Name=N/A">
                <measResults>0 0 22.874 10.861 0 0 43 20 0 0 0 0 </measResults>
            </measValue>
            <measValue measObjLdn="PSGG3246HUNB001/ULoCell:NodeB Function Name=PSGG3246HUNB001, Local Cell ID=50342, Cell Name=N/A">
                <measResults>0 0 23.572 12.551 0 0 64 24 0 0 0 0 </measResults>
            </measValue>
            <measValue measObjLdn="PSGG3246HUNB001/ULoCell:NodeB Function Name=PSGG3246HUNB001, Local Cell ID=50343, Cell Name=N/A">
                <measResults>0 0 19.988 9.296 0 0 45.5 19 0 0 0 0 </measResults>
            </measValue>
            <measValue measObjLdn="PSGG3246HUNB001/ULoCell:NodeB Function Name=PSGG3246HUNB001, Local Cell ID=60341, Cell Name=N/A">
                <measResults>0 0 31.933 18.156 0 0 50 30 0 0 0 0 </measResults>
            </measValue>
            <measValue measObjLdn="PSGG3246HUNB001/ULoCell:NodeB Function Name=PSGG3246HUNB001, Local Cell ID=60342, Cell Name=N/A">
                <measResults>0 0 27.227 15.947 0 0 47 25 0 0 0 0 </measResults>
            </measValue>
            <measValue measObjLdn="PSGG3246HUNB001/ULoCell:NodeB Function Name=PSGG3246HUNB001, Local Cell ID=60343, Cell Name=N/A">
                <measResults>0 0 26.304 15.032 0 0 46.5 31 0 0 0 0 </measResults>
            </measValue>
        </measInfo>
        <measInfo measInfoId="50331651">
            <granPeriod duration="PT3600S" endTime="2021-08-19T12:00:00+08:00"/>
            <repPeriod duration="PT3600S"/>
            <measTypes>50331850 50331851 50331852 50331853 50331854 50331855 50331856 50331857 50331858 50331859 50331860 50331861 50331862 50331863 50331864 50331865 50331866 50331867 50331868 50331869 50331870 50331871 50331872 50331873 50331874 50331875 50331876 50331877 50331878 50331879 50331885 50331886 50331887 50331888 50331889 50331892 50331903 50331904 50331908 50331925 50331926 50331927 50331928 50331929 50331930 50331931 50331957 50331958 50331959 50331961 50331962 50331963 50331964 50331965 50331966 50331967 50331971 50331972 50331973 50331974 50331987 50331988 50331989 50331990 50331991 50331992 50331993 50331995 50332378 50332379 50332380 50332385 50332386 50332387 50332498 50332499 50332500 50332501 50332503 50332507 50332623 50332638 50341849 50341850 50341851 50341852 50341853 50341854 50341855 50341856 50341857 50341858 50341859 50341864 50341865 50341866 50341868 50341869 50341870 50341871 50341872 50341873 50341874 50341875 50341876 50341877 50341878 50341879 50341880 50341881 50341882 50341883 50341884 50341885 50341886 50341887 50341888 50341889 50341890 50341891 50341892 50341893 50341894 50341895 50341896 50341897 50341898 50341980 50341981 50341982 50341983 50341984 50341985 50341986 50341994 50361698 50361699 50361701 </measTypes>
            <measValue measObjLdn="PSGG3246HUNB001/ULoCell:NodeB Function Name=PSGG3246HUNB001, Local Cell ID=10341, Cell Name=N/A">
                <measResults>1789488 4982 1513 610 354 263 204 175 268 248 149 147 155 108 104 115 168 227 312 116 11 4 1 5 0 260 973 542391 1734198 988367 469454 96242 4301504 383329 52579 3 203 813 626697 1214 667 511 426 334 51 0 1 84 59 1707 786 648 610 495 38 0 2105 1020 2385 253145 2123 1785 4362 28346 52065 104338 17458 267423 495374 254635 90072 0.32 316901 190031 0 0 NIL NIL 0 0.206 0 0 93 0.845 4.394 0.02 0.087 6 0 0 0 49 0 71 44 0 NIL NIL 0.977 0.181 0.008 0.001 0 0 724.992 225.66 208.26 205.356 145.794 3.24 0 575298.625 1.773 0.104 0.043 0.027 0.077 0.028 0.003 0 0.8 0 0 70 NIL NIL 215 315.516 416.004 1335.326 9148.114 28388.59 129346.031 24644.252 22037.393 0 NIL 0 </measResults>
            </measValue>
            <measValue measObjLdn="PSGG3246HUNB001/ULoCell:NodeB Function Name=PSGG3246HUNB001, Local Cell ID=10342, Cell Name=N/A">
                <measResults>1793013 4644 1139 313 194 68 56 46 97 56 40 31 34 28 29 55 23 2 1 2 5 7 44 0 0 60 121 409127 1745345 710635 350190 92307 4641359 234241 31482 3 193 500 347335 195 81 81 81 81 0 0 0 170 105 129 41 41 41 41 0 0 1006 7309 2575 164087 3253 8903 8738 19579 39317 25278 20941 92355 204586 136049 48845 0.202 139344 71373 0 0 NIL NIL 0 0.128 0 0 71 0.601 3.865 0.017 0.078 2 0 0 0 62 0 31 25 0 NIL NIL 1.328 0.109 0.004 0.001 0 0 46.716 2.118 2.118 2.118 2.118 0 0 330937.094 1.526 0.086 0.04 0.022 0.035 0.013 0.002 0 1.123 0 0 127 NIL NIL 165 872.034 2340.75 3131.908 10962.542 19001.594 17437.496 27056.781 17854.229 0 NIL 0 </measResults>
            </measValue>
            <measValue measObjLdn="PSGG3246HUNB001/ULoCell:NodeB Function Name=PSGG3246HUNB001, Local Cell ID=10343, Cell Name=N/A">
                <measResults>1791286 6374 1165 464 185 25 7 12 19 24 1 1 0 0 0 0 0 0 0 0 0 0 0 0 0 424 424 1086279 1799686 1350969 624105 298674 7770866 419096 86901 4 358 646 798818 0 0 0 0 0 0 0 0 140 114 0 0 0 0 0 0 0 8862 14701 11657 161120 44239 47189 44347 113124 73464 26556 33954 620439 369177 140463 179819 0.53 152927 226821 0 0 NIL NIL 0 0.462 0 0 97 1.852 8.792 0.037 0.217 5 0 0 0 73 0 111 83 0 NIL NIL 1.555 0.075 0.003 0.001 0 0.001 0 0 0 0 0 0 0 502141.875 4.005 0.272 0.096 0.043 0.062 0.018 0.006 0.001 1.339 0 0 72 NIL NIL 472 6608.892 7197.858 10175.268 45183.191 35954.52 16672.076 56694.789 96812.023 0 NIL 0 </measResults>
            </measValue>
            <measValue measObjLdn="PSGG3246HUNB001/ULoCell:NodeB Function Name=PSGG3246HUNB001, Local Cell ID=50341, Cell Name=N/A">
                <measResults>1664643 62638 22702 13807 9473 5491 3462 2706 3308 1937 1194 719 548 451 347 317 305 277 409 535 1483 1785 824 117 20 524 6023 1390643 1800022 1645185 1075170 278845 11618122 839102 173633 12 434 692 1190059 13718 6847 6451 5769 5321 4673 1191 37 125 104 37372 18643 17591 15700 14320 12414 3023 24543 19606 42927 352856 797 1618 6356 70358 176404 248052 132335 1119193 700497 350896 293004 0.942 297027 425309 0 0 NIL NIL 0 0.804 0 0 88 2.305 7.179 0.061 0.185 8 0 0 0 80 0 193 154 0 NIL NIL 2.467 0.2 0.007 0.001 0 0 13034.37 2227.452 1896.93 1326.894 1192.032 875.868 155.484 927696.688 5.318 0.306 0.136 0.089 0.174 0.032 0.005 0.001 1.827 0 4 75 NIL NIL 474 333.042 465.432 1860.714 21990.24 61481.582 103926.578 94968.602 139755.703 0 NIL 0 </measResults>
            </measValue>
            <measValue measObjLdn="PSGG3246HUNB001/ULoCell:NodeB Function Name=PSGG3246HUNB001, Local Cell ID=50342, Cell Name=N/A">
                <measResults>1703464 36629 14674 10974 8157 6339 4919 4143 3848 2001 1329 1063 623 452 359 324 205 138 84 66 55 21 3 1 1 148 536 1394897 1800020 1580850 1184830 519485 12507863 811618 256314 10 326 398 986815 12681 1599 773 100 50 0 0 1 21 18 38284 4378 2194 452 73 0 0 3288 6634 7007 542314 778 2240 7825 64666 90479 108224 69019 475373 638984 525080 164334 0.548 454250 208277 0 0 NIL NIL 0 0.426 0 0 81 2.515 8.444 0.041 0.117 2 0 0 0 77 0 131 99 0 NIL NIL 3.174 0.199 0.007 0.002 0.003 0.002 47366.227 806.808 360.216 17.106 8.91 0 0 864642.813 5.549 0.293 0.085 0.041 0.069 0.016 0.004 0.001 2.124 0 0 65 NIL NIL 239 394.854 546.312 2106.768 20933.012 40048.332 65203.199 121895.57 124753.219 0 NIL 0 </measResults>
            </measValue>
            <measValue measObjLdn="PSGG3246HUNB001/ULoCell:NodeB Function Name=PSGG3246HUNB001, Local Cell ID=50343, Cell Name=N/A">
                <measResults>1737350 31812 9543 6963 5409 3317 1743 965 1108 605 375 210 128 92 48 55 25 19 19 12 16 7 14 2 1 180 273 1899274 1800018 1647224 1253346 551780 10700478 863520 177724 14 519 538 1101044 1249 50 0 0 0 0 0 0 54 40 3422 77 0 0 0 0 0 52111 39841 22688 406602 1131 2374 11016 72438 115854 149084 128776 775972 619445 410465 258679 0.838 342867 298989 0 0 NIL NIL 0 0.666 0 0 118 2.994 9.771 0.055 0.19 6 0 0 0 80 0 179 124 0 NIL NIL 2.609 0.164 0.005 0.002 0.001 0.002 688.716 7.776 0 0 0 0 0 846691.25 5.465 0.37 0.127 0.058 0.083 0.018 0.005 0.001 1.794 0 0 56 NIL NIL 395 407.194 849.326 3547.77 27239.752 37531.605 54225.414 114910.219 110214.133 0 NIL 0 </measResults>
            </measValue>
            <measValue measObjLdn="PSGG3246HUNB001/ULoCell:NodeB Function Name=PSGG3246HUNB001, Local Cell ID=60341, Cell Name=N/A">
                <measResults>0 0 0 0 0 0 0 0 0 0 0 0 16 540737 1100469 103244 40276 7313 2873 1499 1162 597 618 470 35 710 16709 1633924 1800019 1587711 1176043 296140 14811889 990941 160353 14 407 656 1179795 1587690 1587690 1587690 1587690 1355977 3309 228 77 124 173 4194593 4194593 4194593 4194593 3609814 8994 1094 3558 4955 4851 660802 10521 8484 18857 74046 145206 175189 148346 839172 545957 626088 236398 0.834 300205 275244 0 0 NIL NIL 0 0.716 0 0 85 2.33 6.942 0.055 0.27 5 5 0 0 47 0 169 130 1 NIL NIL 2.801 0.113 0.002 0 0 0 690521.5 690521.5 690521.5 690521.5 597602 1655.718 62.022 690521.5 6.997 0.308 0.139 0.061 0.076 0.009 0.004 0 1.749 0 118 63 NIL NIL 263 4670.034 2412.732 3712.386 15296.116 35708.906 61727.219 75529.766 89206.195 0 NIL 0 </measResults>
            </measValue>
            <measValue measObjLdn="PSGG3246HUNB001/ULoCell:NodeB Function Name=PSGG3246HUNB001, Local Cell ID=60342, Cell Name=N/A">
                <measResults>545204 365371 297806 245778 146260 80913 43650 23844 22911 9677 4564 2278 1514 1081 1050 1112 810 516 573 602 1032 769 615 863 390 839 6240 1869355 1800022 1631412 879869 439134 11330688 599153 175680 9 417 511 1149390 91823 8997 7195 4920 4161 2768 512 7 36 26 290328 16844 12674 7405 6176 4001 117 6545 4974 3985 166487 3193 19230 53148 218665 167816 107570 45147 1148707 424627 137569 325257 0.908 122520 317508 0 0 NIL NIL 0 0.836 0 0 112 2.928 8.493 0.053 0.159 5 0 0 0 43 0 173 146 0 NIL NIL 1.578 0.083 0.003 0.001 0 0 54808.559 4243.812 2263.188 586.14 445.848 267.198 9.876 587266.375 6.84 0.408 0.119 0.059 0.072 0.017 0.005 0 1.367 0 0 58 NIL NIL 548 676.77 3098.526 10726.068 44104.172 51538.801 43124.863 22745.998 119390.211 0 NIL 0 </measResults>
            </measValue>
            <measValue measObjLdn="PSGG3246HUNB001/ULoCell:NodeB Function Name=PSGG3246HUNB001, Local Cell ID=60343, Cell Name=N/A">
                <measResults>908 141454 453167 405570 196616 91076 44925 27776 23377 225404 144409 18663 6159 4035 2674 1798 1029 596 532 639 1482 1060 895 2049 1173 2552 11052 2163156 1800018 1696037 1068864 539193 10691710 744116 168039 11 464 552 1219877 477006 212332 26648 7836 5790 4399 2014 46 75 105 1952881 902810 85598 14548 10008 6742 2972 6816 12671 14490 267448 3830 8448 24021 220305 256727 167808 73730 1487879 513659 250223 325598 1.05 207547 325545 0 0 NIL NIL 0 0.964 0 0 127 3.485 11.005 0.063 0.263 9 0 0 0 47 0 214 169 0 NIL NIL 1.395 0.138 0.004 0 0 0 203884.25 93794.359 12955.794 3041.012 2197.742 1310.018 203.37 678870.938 7.113 0.403 0.17 0.071 0.071 0.013 0.004 0 1.106 0 4 44 NIL NIL 557 714.936 1605.288 6087.02 47755.383 58087.055 60187.32 42334.754 170414.281 0 NIL 0 </measResults>
            </measValue>
        </measInfo>
        <measInfo measInfoId="50331653">
            <granPeriod duration="PT3600S" endTime="2021-08-19T12:00:00+08:00"/>
            <repPeriod duration="PT3600S"/>
            <measTypes>50331748 50331749 50331750 50331751 50331752 50331753 50361697 </measTypes>
            <measValue measObjLdn="PSGG3246HUNB001/ULoCell:NodeB Function Name=PSGG3246HUNB001, Local Cell ID=10341, Cell Name=N/A">
                <measResults>0.369 0.315 0.369 0.242 0 0 0.064 </measResults>
            </measValue>
            <measValue measObjLdn="PSGG3246HUNB001/ULoCell:NodeB Function Name=PSGG3246HUNB001, Local Cell ID=10342, Cell Name=N/A">
                <measResults>0.751 0.5 0.751 0.442 0 0 0.079 </measResults>
            </measValue>
            <measValue measObjLdn="PSGG3246HUNB001/ULoCell:NodeB Function Name=PSGG3246HUNB001, Local Cell ID=10343, Cell Name=N/A">
                <measResults>0.529 0.374 0.529 0.324 0 0 0.113 </measResults>
            </measValue>
            <measValue measObjLdn="PSGG3246HUNB001/ULoCell:NodeB Function Name=PSGG3246HUNB001, Local Cell ID=50341, Cell Name=N/A">
                <measResults>0.485 0.375 0.485 0.346 0 0 0.1 </measResults>
            </measValue>
            <measValue measObjLdn="PSGG3246HUNB001/ULoCell:NodeB Function Name=PSGG3246HUNB001, Local Cell ID=50342, Cell Name=N/A">
                <measResults>0.525 0.489 0.525 0.475 0 0 0.039 </measResults>
            </measValue>
            <measValue measObjLdn="PSGG3246HUNB001/ULoCell:NodeB Function Name=PSGG3246HUNB001, Local Cell ID=50343, Cell Name=N/A">
                <measResults>0.203 0.167 0.203 0.136 0 0 0.082 </measResults>
            </measValue>
            <measValue measObjLdn="PSGG3246HUNB001/ULoCell:NodeB Function Name=PSGG3246HUNB001, Local Cell ID=60341, Cell Name=N/A">
                <measResults>0.587 0.506 0.587 0.488 0 0 0.336 </measResults>
            </measValue>
            <measValue measObjLdn="PSGG3246HUNB001/ULoCell:NodeB Function Name=PSGG3246HUNB001, Local Cell ID=60342, Cell Name=N/A">
                <measResults>0.296 0.253 0.296 0.24 0 0 0.363 </measResults>
            </measValue>
            <measValue measObjLdn="PSGG3246HUNB001/ULoCell:NodeB Function Name=PSGG3246HUNB001, Local Cell ID=60343, Cell Name=N/A">
                <measResults>0.368 0.304 0.368 0.268 0 0 0.465 </measResults>
            </measValue>
        </measInfo>
        <measInfo measInfoId="50331658">
            <granPeriod duration="PT3600S" endTime="2021-08-19T12:00:00+08:00"/>
            <repPeriod duration="PT3600S"/>
            <measTypes>50332250 50332251 50332410 50332411 </measTypes>
            <measValue measObjLdn="PSGG3246HUNB001/ULoCell:NodeB Function Name=PSGG3246HUNB001, Local Cell ID=10341, Cell Name=N/A">
                <measResults>0 0 0 0 </measResults>
            </measValue>
            <measValue measObjLdn="PSGG3246HUNB001/ULoCell:NodeB Function Name=PSGG3246HUNB001, Local Cell ID=10342, Cell Name=N/A">
                <measResults>0 0 0 0 </measResults>
            </measValue>
            <measValue measObjLdn="PSGG3246HUNB001/ULoCell:NodeB Function Name=PSGG3246HUNB001, Local Cell ID=10343, Cell Name=N/A">
                <measResults>0 0 0 0 </measResults>
            </measValue>
            <measValue measObjLdn="PSGG3246HUNB001/ULoCell:NodeB Function Name=PSGG3246HUNB001, Local Cell ID=50341, Cell Name=N/A">
                <measResults>0 0 0 0 </measResults>
            </measValue>
            <measValue measObjLdn="PSGG3246HUNB001/ULoCell:NodeB Function Name=PSGG3246HUNB001, Local Cell ID=50342, Cell Name=N/A">
                <measResults>0 0 0 0 </measResults>
            </measValue>
            <measValue measObjLdn="PSGG3246HUNB001/ULoCell:NodeB Function Name=PSGG3246HUNB001, Local Cell ID=50343, Cell Name=N/A">
                <measResults>0 0 0 0 </measResults>
            </measValue>
            <measValue measObjLdn="PSGG3246HUNB001/ULoCell:NodeB Function Name=PSGG3246HUNB001, Local Cell ID=60341, Cell Name=N/A">
                <measResults>0 0 0 0 </measResults>
            </measValue>
            <measValue measObjLdn="PSGG3246HUNB001/ULoCell:NodeB Function Name=PSGG3246HUNB001, Local Cell ID=60342, Cell Name=N/A">
                <measResults>0 0 0 0 </measResults>
            </measValue>
            <measValue measObjLdn="PSGG3246HUNB001/ULoCell:NodeB Function Name=PSGG3246HUNB001, Local Cell ID=60343, Cell Name=N/A">
                <measResults>0 0 0 0 </measResults>
            </measValue>
        </measInfo>
        <measInfo measInfoId="50331660">
            <granPeriod duration="PT3600S" endTime="2021-08-19T12:00:00+08:00"/>
            <repPeriod duration="PT3600S"/>
            <measTypes>50361670 50361671 50361672 50361673 </measTypes>
            <measValue measObjLdn="PSGG3246HUNB001/ULoCell:NodeB Function Name=PSGG3246HUNB001, Local Cell ID=10341, Cell Name=N/A">
                <measResults>0 0 0 0 </measResults>
            </measValue>
            <measValue measObjLdn="PSGG3246HUNB001/ULoCell:NodeB Function Name=PSGG3246HUNB001, Local Cell ID=10342, Cell Name=N/A">
                <measResults>0 0 0 0 </measResults>
            </measValue>
            <measValue measObjLdn="PSGG3246HUNB001/ULoCell:NodeB Function Name=PSGG3246HUNB001, Local Cell ID=10343, Cell Name=N/A">
                <measResults>0 0 0 0 </measResults>
            </measValue>
            <measValue measObjLdn="PSGG3246HUNB001/ULoCell:NodeB Function Name=PSGG3246HUNB001, Local Cell ID=50341, Cell Name=N/A">
                <measResults>0 0 0 0 </measResults>
            </measValue>
            <measValue measObjLdn="PSGG3246HUNB001/ULoCell:NodeB Function Name=PSGG3246HUNB001, Local Cell ID=50342, Cell Name=N/A">
                <measResults>0 0 0 0 </measResults>
            </measValue>
            <measValue measObjLdn="PSGG3246HUNB001/ULoCell:NodeB Function Name=PSGG3246HUNB001, Local Cell ID=50343, Cell Name=N/A">
                <measResults>0 0 0 0 </measResults>
            </measValue>
            <measValue measObjLdn="PSGG3246HUNB001/ULoCell:NodeB Function Name=PSGG3246HUNB001, Local Cell ID=60341, Cell Name=N/A">
                <measResults>0 0 0 0 </measResults>
            </measValue>
            <measValue measObjLdn="PSGG3246HUNB001/ULoCell:NodeB Function Name=PSGG3246HUNB001, Local Cell ID=60342, Cell Name=N/A">
                <measResults>0 0 0 0 </measResults>
            </measValue>
            <measValue measObjLdn="PSGG3246HUNB001/ULoCell:NodeB Function Name=PSGG3246HUNB001, Local Cell ID=60343, Cell Name=N/A">
                <measResults>0 0 0 0 </measResults>
            </measValue>
        </measInfo>
        <measInfo measInfoId="50331661">
            <granPeriod duration="PT3600S" endTime="2021-08-19T12:00:00+08:00"/>
            <repPeriod duration="PT3600S"/>
            <measTypes>50332048 50332049 50332050 50332051 </measTypes>
            <measValue measObjLdn="PSGG3246HUNB001/ULoCell:NodeB Function Name=PSGG3246HUNB001, Local Cell ID=10341, Cell Name=N/A">
                <measResults>17912 0 141991 0 </measResults>
            </measValue>
            <measValue measObjLdn="PSGG3246HUNB001/ULoCell:NodeB Function Name=PSGG3246HUNB001, Local Cell ID=10342, Cell Name=N/A">
                <measResults>26023 0 142179 0 </measResults>
            </measValue>
            <measValue measObjLdn="PSGG3246HUNB001/ULoCell:NodeB Function Name=PSGG3246HUNB001, Local Cell ID=10343, Cell Name=N/A">
                <measResults>32007 0 144195 0 </measResults>
            </measValue>
            <measValue measObjLdn="PSGG3246HUNB001/ULoCell:NodeB Function Name=PSGG3246HUNB001, Local Cell ID=50341, Cell Name=N/A">
                <measResults>62951 0 144223 0 </measResults>
            </measValue>
            <measValue measObjLdn="PSGG3246HUNB001/ULoCell:NodeB Function Name=PSGG3246HUNB001, Local Cell ID=50342, Cell Name=N/A">
                <measResults>47795 0 143160 0 </measResults>
            </measValue>
            <measValue measObjLdn="PSGG3246HUNB001/ULoCell:NodeB Function Name=PSGG3246HUNB001, Local Cell ID=50343, Cell Name=N/A">
                <measResults>46143 0 143407 0 </measResults>
            </measValue>
            <measValue measObjLdn="PSGG3246HUNB001/ULoCell:NodeB Function Name=PSGG3246HUNB001, Local Cell ID=60341, Cell Name=N/A">
                <measResults>63554 0 144153 0 </measResults>
            </measValue>
            <measValue measObjLdn="PSGG3246HUNB001/ULoCell:NodeB Function Name=PSGG3246HUNB001, Local Cell ID=60342, Cell Name=N/A">
                <measResults>42241 0 142979 0 </measResults>
            </measValue>
            <measValue measObjLdn="PSGG3246HUNB001/ULoCell:NodeB Function Name=PSGG3246HUNB001, Local Cell ID=60343, Cell Name=N/A">
                <measResults>52587 0 145089 0 </measResults>
            </measValue>
        </measInfo>
        <measInfo measInfoId="50331662">
            <granPeriod duration="PT3600S" endTime="2021-08-19T12:00:00+08:00"/>
            <repPeriod duration="PT3600S"/>
            <measTypes>50332052 50332053 50332054 50332070 50332505 </measTypes>
            <measValue measObjLdn="PSGG3246HUNB001/ULoCell:NodeB Function Name=PSGG3246HUNB001, Local Cell ID=10341, Cell Name=N/A">
                <measResults>0 82 834218 0 0 </measResults>
            </measValue>
            <measValue measObjLdn="PSGG3246HUNB001/ULoCell:NodeB Function Name=PSGG3246HUNB001, Local Cell ID=10342, Cell Name=N/A">
                <measResults>0 61 702027 0 0 </measResults>
            </measValue>
            <measValue measObjLdn="PSGG3246HUNB001/ULoCell:NodeB Function Name=PSGG3246HUNB001, Local Cell ID=10343, Cell Name=N/A">
                <measResults>0 152 904973 0 0 </measResults>
            </measValue>
            <measValue measObjLdn="PSGG3246HUNB001/ULoCell:NodeB Function Name=PSGG3246HUNB001, Local Cell ID=50341, Cell Name=N/A">
                <measResults>0 104 543239 0 0 </measResults>
            </measValue>
            <measValue measObjLdn="PSGG3246HUNB001/ULoCell:NodeB Function Name=PSGG3246HUNB001, Local Cell ID=50342, Cell Name=N/A">
                <measResults>0 71 697615 0 0 </measResults>
            </measValue>
            <measValue measObjLdn="PSGG3246HUNB001/ULoCell:NodeB Function Name=PSGG3246HUNB001, Local Cell ID=50343, Cell Name=N/A">
                <measResults>37 118 434188 0 0 </measResults>
            </measValue>
            <measValue measObjLdn="PSGG3246HUNB001/ULoCell:NodeB Function Name=PSGG3246HUNB001, Local Cell ID=60341, Cell Name=N/A">
                <measResults>13 108 1386835 0 0 </measResults>
            </measValue>
            <measValue measObjLdn="PSGG3246HUNB001/ULoCell:NodeB Function Name=PSGG3246HUNB001, Local Cell ID=60342, Cell Name=N/A">
                <measResults>36 112 1267256 0 0 </measResults>
            </measValue>
            <measValue measObjLdn="PSGG3246HUNB001/ULoCell:NodeB Function Name=PSGG3246HUNB001, Local Cell ID=60343, Cell Name=N/A">
                <measResults>75 110 1129412 0 0 </measResults>
            </measValue>
        </measInfo>
        <measInfo measInfoId="50331663">
            <granPeriod duration="PT3600S" endTime="2021-08-19T12:00:00+08:00"/>
            <repPeriod duration="PT3600S"/>
            <measTypes>50331917 50332061 50332064 50332065 50332069 50332071 50332072 50332073 50332074 50332079 50332258 50332388 50332389 50332504 50332626 50332632 50332639 50332640 50332641 50332645 50342048 50342049 50342050 50342051 50361705 50361706 50361725 50361726 50361735 50361740 50361743 50361744 50361747 50361749 50361751 50361753 50361755 50361757 50361759 50361761 50361763 50361765 50361767 50361769 50361771 50361773 50361775 50361777 50361779 50361781 50361783 50361785 50361787 50361789 50361791 50361793 50361795 </measTypes>
            <measValue measObjLdn="PSGG3246HUNB001/ULoCell:NodeB Function Name=PSGG3246HUNB001, Local Cell ID=10341, Cell Name=N/A">
                <measResults>998.271 1 256 0 0 0 0 0 0 0 4.931 0 1.038 58.333 0 0 3600 0 NIL 0 8 66.873 0 0 0 0 0 NIL NIL NIL NIL NIL NIL NIL NIL NIL NIL NIL NIL NIL NIL NIL NIL NIL NIL NIL NIL NIL NIL NIL NIL NIL NIL NIL NIL NIL NIL </measResults>
            </measValue>
            <measValue measObjLdn="PSGG3246HUNB001/ULoCell:NodeB Function Name=PSGG3246HUNB001, Local Cell ID=10342, Cell Name=N/A">
                <measResults>999.99 0 256 0 0 0 0 0 0 0 3.468 0 0.711 0 0 0 3600 0 NIL 0 26 58.626 0.002 0 0 0 0 NIL NIL NIL NIL NIL NIL NIL NIL NIL NIL NIL NIL NIL NIL NIL NIL NIL NIL NIL NIL NIL NIL NIL NIL NIL NIL NIL NIL NIL NIL </measResults>
            </measValue>
            <measValue measObjLdn="PSGG3246HUNB001/ULoCell:NodeB Function Name=PSGG3246HUNB001, Local Cell ID=10343, Cell Name=N/A">
                <measResults>1000 2 256 0 0 0 0 0 0 0 4.508 0 1.818 0 0 0 3600 0 NIL 0 13 81.667 0 0 0 0 0 NIL NIL NIL NIL NIL NIL NIL NIL NIL NIL NIL NIL NIL NIL NIL NIL NIL NIL NIL NIL NIL NIL NIL NIL NIL NIL NIL NIL NIL NIL </measResults>
            </measValue>
            <measValue measObjLdn="PSGG3246HUNB001/ULoCell:NodeB Function Name=PSGG3246HUNB001, Local Cell ID=50341, Cell Name=N/A">
                <measResults>997.505 5 256 0 0 0 0 0 0 0 3.154 0 2.972 0 0 0 3600 0 NIL 0 19 97.122 0 0 0 0 0 NIL NIL NIL NIL NIL NIL NIL NIL NIL NIL NIL NIL NIL NIL NIL NIL NIL NIL NIL NIL NIL NIL NIL NIL NIL NIL NIL NIL NIL NIL </measResults>
            </measValue>
            <measValue measObjLdn="PSGG3246HUNB001/ULoCell:NodeB Function Name=PSGG3246HUNB001, Local Cell ID=50342, Cell Name=N/A">
                <measResults>999.505 5 256 0 0 0 0 0 0 0 3.289 0 2.558 0 0 0 3600 0 NIL 0 39 117.367 0 0 0 0 0 NIL NIL NIL NIL NIL NIL NIL NIL NIL NIL NIL NIL NIL NIL NIL NIL NIL NIL NIL NIL NIL NIL NIL NIL NIL NIL NIL NIL NIL NIL </measResults>
            </measValue>
            <measValue measObjLdn="PSGG3246HUNB001/ULoCell:NodeB Function Name=PSGG3246HUNB001, Local Cell ID=50343, Cell Name=N/A">
                <measResults>996.744 6 256 0 0 0 0 0 0 0 2.071 0 3.043 0 0 0 3600 0 NIL 0 22 101.408 0 0 0 0 0 NIL NIL NIL NIL NIL NIL NIL NIL NIL NIL NIL NIL NIL NIL NIL NIL NIL NIL NIL NIL NIL NIL NIL NIL NIL NIL NIL NIL NIL NIL </measResults>
            </measValue>
            <measValue measObjLdn="PSGG3246HUNB001/ULoCell:NodeB Function Name=PSGG3246HUNB001, Local Cell ID=60341, Cell Name=N/A">
                <measResults>728.658 8 256 0 0 0 0 0 0 0 8.051 0 3.01 0 0 0 0 0 NIL 0 35 108.828 0 7.71 0 0 0 1 NIL NIL NIL NIL NIL NIL NIL NIL NIL NIL NIL NIL NIL NIL NIL NIL NIL NIL NIL NIL NIL NIL NIL NIL NIL NIL NIL NIL NIL </measResults>
            </measValue>
            <measValue measObjLdn="PSGG3246HUNB001/ULoCell:NodeB Function Name=PSGG3246HUNB001, Local Cell ID=60342, Cell Name=N/A">
                <measResults>997.841 5 255 0 0 0 0 0 0 0 6.342 0 2.763 0 0 0 0 0 NIL 0 25 122.573 0 1.572 0 0 0 0.996 NIL NIL NIL NIL NIL NIL NIL NIL NIL NIL NIL NIL NIL NIL NIL NIL NIL NIL NIL NIL NIL NIL NIL NIL NIL NIL NIL NIL NIL </measResults>
            </measValue>
            <measValue measObjLdn="PSGG3246HUNB001/ULoCell:NodeB Function Name=PSGG3246HUNB001, Local Cell ID=60343, Cell Name=N/A">
                <measResults>956.362 7 256 0 0 0 0 0 0 0 6.326 0 2.974 0 0 0 0 0 NIL 0 28 114.644 0 2.451 0 0 0 1 NIL NIL NIL NIL NIL NIL NIL NIL NIL NIL NIL NIL NIL NIL NIL NIL NIL NIL NIL NIL NIL NIL NIL NIL NIL NIL NIL NIL NIL </measResults>
            </measValue>
        </measInfo>
        <measInfo measInfoId="50331665">
            <granPeriod duration="PT3600S" endTime="2021-08-19T12:00:00+08:00"/>
            <repPeriod duration="PT3600S"/>
            <measTypes>50331740 50331741 50331742 50331743 50331744 50331909 50331910 50331911 50331912 50331913 50332381 50332382 50332576 50332577 </measTypes>
            <measValue measObjLdn="PSGG3246HUNB001/ULoCell:NodeB Function Name=PSGG3246HUNB001, Local Cell ID=10341, Cell Name=N/A">
                <measResults>0 0 0 0 0 0 0 0 0 0 0 0 0 0 </measResults>
            </measValue>
            <measValue measObjLdn="PSGG3246HUNB001/ULoCell:NodeB Function Name=PSGG3246HUNB001, Local Cell ID=10342, Cell Name=N/A">
                <measResults>0 0 0 0 0 0 0 0 0 0 0 0 0 0 </measResults>
            </measValue>
            <measValue measObjLdn="PSGG3246HUNB001/ULoCell:NodeB Function Name=PSGG3246HUNB001, Local Cell ID=10343, Cell Name=N/A">
                <measResults>0 0 0 0 0 0 0 0 0 0 0 0 0 0 </measResults>
            </measValue>
            <measValue measObjLdn="PSGG3246HUNB001/ULoCell:NodeB Function Name=PSGG3246HUNB001, Local Cell ID=50341, Cell Name=N/A">
                <measResults>0 0 0 0 0 0 0 0 0 0 0 0 0 0 </measResults>
            </measValue>
            <measValue measObjLdn="PSGG3246HUNB001/ULoCell:NodeB Function Name=PSGG3246HUNB001, Local Cell ID=50342, Cell Name=N/A">
                <measResults>0 0 0 0 0 0 0 0 0 0 0 0 0 0 </measResults>
            </measValue>
            <measValue measObjLdn="PSGG3246HUNB001/ULoCell:NodeB Function Name=PSGG3246HUNB001, Local Cell ID=50343, Cell Name=N/A">
                <measResults>0 0 0 0 0 0 0 0 0 0 0 0 0 0 </measResults>
            </measValue>
            <measValue measObjLdn="PSGG3246HUNB001/ULoCell:NodeB Function Name=PSGG3246HUNB001, Local Cell ID=60341, Cell Name=N/A">
                <measResults>0 0 0 0 0 0 0 0 0 0 0 0 0 0 </measResults>
            </measValue>
            <measValue measObjLdn="PSGG3246HUNB001/ULoCell:NodeB Function Name=PSGG3246HUNB001, Local Cell ID=60342, Cell Name=N/A">
                <measResults>0 0 0 0 0 0 0 0 0 0 0 0 0 0 </measResults>
            </measValue>
            <measValue measObjLdn="PSGG3246HUNB001/ULoCell:NodeB Function Name=PSGG3246HUNB001, Local Cell ID=60343, Cell Name=N/A">
                <measResults>0 0 0 0 0 0 0 0 0 0 0 0 0 0 </measResults>
            </measValue>
        </measInfo>
        <measInfo measInfoId="50331673">
            <granPeriod duration="PT3600S" endTime="2021-08-19T12:00:00+08:00"/>
            <repPeriod duration="PT3600S"/>
            <measTypes>50332055 50332056 50332057 50332058 50332059 50332060 50332278 50332279 50332280 50332281 50332282 50332283 50332284 50332285 50332286 50361648 50361649 50361650 50361651 </measTypes>
            <measValue measObjLdn="PSGG3246HUNB001/ULoCell:NodeB Function Name=PSGG3246HUNB001, Local Cell ID=10341, Cell Name=N/A">
                <measResults>23 27 11 0 0 0 21 17 1 2 3 0 0 6 13 0 0 0 0 </measResults>
            </measValue>
            <measValue measObjLdn="PSGG3246HUNB001/ULoCell:NodeB Function Name=PSGG3246HUNB001, Local Cell ID=10342, Cell Name=N/A">
                <measResults>17 32 22 0 0 0 14 12 1 2 3 0 0 4 9 0 0 0 0 </measResults>
            </measValue>
            <measValue measObjLdn="PSGG3246HUNB001/ULoCell:NodeB Function Name=PSGG3246HUNB001, Local Cell ID=10343, Cell Name=N/A">
                <measResults>48 32 19 2 0 0 22 19 3 10 5 0 0 14 6 0 0 0 0 </measResults>
            </measValue>
            <measValue measObjLdn="PSGG3246HUNB001/ULoCell:NodeB Function Name=PSGG3246HUNB001, Local Cell ID=50341, Cell Name=N/A">
                <measResults>27 17 2 0 0 0 20 16 11 24 21 3 3 41 28 0 0 0 0 </measResults>
            </measValue>
            <measValue measObjLdn="PSGG3246HUNB001/ULoCell:NodeB Function Name=PSGG3246HUNB001, Local Cell ID=50342, Cell Name=N/A">
                <measResults>33 22 8 0 0 0 21 19 9 18 27 2 4 20 34 0 0 0 0 </measResults>
            </measValue>
            <measValue measObjLdn="PSGG3246HUNB001/ULoCell:NodeB Function Name=PSGG3246HUNB001, Local Cell ID=50343, Cell Name=N/A">
                <measResults>30 13 2 0 0 0 15 13 12 26 25 3 3 33 25 0 0 0 0 </measResults>
            </measValue>
            <measValue measObjLdn="PSGG3246HUNB001/ULoCell:NodeB Function Name=PSGG3246HUNB001, Local Cell ID=60341, Cell Name=N/A">
                <measResults>30 36 10 0 0 0 65 50 11 20 22 1 3 23 18 0 0 0 0 </measResults>
            </measValue>
            <measValue measObjLdn="PSGG3246HUNB001/ULoCell:NodeB Function Name=PSGG3246HUNB001, Local Cell ID=60342, Cell Name=N/A">
                <measResults>34 41 16 0 0 0 39 35 9 23 11 3 0 29 7 0 0 0 0 </measResults>
            </measValue>
            <measValue measObjLdn="PSGG3246HUNB001/ULoCell:NodeB Function Name=PSGG3246HUNB001, Local Cell ID=60343, Cell Name=N/A">
                <measResults>34 33 9 0 0 0 48 40 11 28 12 3 1 32 12 0 0 0 0 </measResults>
            </measValue>
        </measInfo>
        <measInfo measInfoId="50331674">
            <granPeriod duration="PT3600S" endTime="2021-08-19T12:00:00+08:00"/>
            <repPeriod duration="PT3600S"/>
            <measTypes>50332161 50332162 50332163 50332164 50332165 50341718 50341719 50341720 50341721 </measTypes>
            <measValue measObjLdn="PSGG3246HUNB001/ULoCell:NodeB Function Name=PSGG3246HUNB001, Local Cell ID=10341, Cell Name=N/A">
                <measResults>0 0 0 0 0 0 0 0 0 </measResults>
            </measValue>
            <measValue measObjLdn="PSGG3246HUNB001/ULoCell:NodeB Function Name=PSGG3246HUNB001, Local Cell ID=10342, Cell Name=N/A">
                <measResults>0 0 0 0 0 0 0 0 0 </measResults>
            </measValue>
            <measValue measObjLdn="PSGG3246HUNB001/ULoCell:NodeB Function Name=PSGG3246HUNB001, Local Cell ID=10343, Cell Name=N/A">
                <measResults>0 0 0 0 0 0 0 0 0 </measResults>
            </measValue>
            <measValue measObjLdn="PSGG3246HUNB001/ULoCell:NodeB Function Name=PSGG3246HUNB001, Local Cell ID=50341, Cell Name=N/A">
                <measResults>0 0 0 0 0 0 0 0 0 </measResults>
            </measValue>
            <measValue measObjLdn="PSGG3246HUNB001/ULoCell:NodeB Function Name=PSGG3246HUNB001, Local Cell ID=50342, Cell Name=N/A">
                <measResults>0 0 0 0 0 0 0 0 0 </measResults>
            </measValue>
            <measValue measObjLdn="PSGG3246HUNB001/ULoCell:NodeB Function Name=PSGG3246HUNB001, Local Cell ID=50343, Cell Name=N/A">
                <measResults>0 0 0 0 0 0 0 0 0 </measResults>
            </measValue>
            <measValue measObjLdn="PSGG3246HUNB001/ULoCell:NodeB Function Name=PSGG3246HUNB001, Local Cell ID=60341, Cell Name=N/A">
                <measResults>0 0 0 0 0 0 0 0 0 </measResults>
            </measValue>
            <measValue measObjLdn="PSGG3246HUNB001/ULoCell:NodeB Function Name=PSGG3246HUNB001, Local Cell ID=60342, Cell Name=N/A">
                <measResults>0 0 0 0 0 0 0 0 0 </measResults>
            </measValue>
            <measValue measObjLdn="PSGG3246HUNB001/ULoCell:NodeB Function Name=PSGG3246HUNB001, Local Cell ID=60343, Cell Name=N/A">
                <measResults>0 0 0 0 0 0 0 0 0 </measResults>
            </measValue>
        </measInfo>
        <measInfo measInfoId="50331676">
            <granPeriod duration="PT3600S" endTime="2021-08-19T12:00:00+08:00"/>
            <repPeriod duration="PT3600S"/>
            <measTypes>50331747 50332175 50332176 50332177 50332178 50332179 50332180 50332181 50332182 50332183 50332184 50332185 50332186 50332187 50332188 50332189 50332190 50332192 50332193 50332194 50332195 50332196 50332197 50332198 50332199 50332200 50332201 50332202 50332203 50332204 50332205 50332206 50332207 50332208 50332209 50332210 50332211 50332212 50332213 50332214 50332219 50332232 50332233 50332234 50332235 50332236 50332237 50332238 50332245 50332246 50332648 50332649 50332650 50332651 50332652 50332653 50332654 50332655 50332656 50332657 50332658 50332670 50332848 50332849 50332850 50332853 50332854 50332855 50332856 50332865 50332866 50332867 50332868 50332869 50332870 50332871 50332872 50332873 50332874 50332875 50332876 50332877 50332878 50332879 50332880 50332881 50332882 50332883 50332884 50332885 50332886 50332887 50332888 50332889 50332890 50332891 50332892 50332894 50332895 50332896 50332897 50332898 50332899 50332900 50332901 50332902 50332903 50332904 50332905 50332906 50332907 50332908 50332909 50332910 50332943 50332944 50332945 50332946 50332947 50332948 50332949 50332950 50332951 50332952 50332953 50332954 50332955 50332956 50332957 50332958 50332959 50332960 50332961 50332962 50332963 50332964 50332965 50332966 50332967 50332968 50332969 50332970 50332971 50332972 50332973 50332974 50332985 50332986 50332987 50332990 50341723 50341741 50341742 50341743 50341748 50341749 50341750 50341751 50341752 50341753 50341754 50341755 50341756 50341757 50341758 50341759 </measTypes>
            <measValue measObjLdn="PSGG3246HUNB001/ULoCell:NodeB Function Name=PSGG3246HUNB001, Local Cell ID=10341, Cell Name=N/A">
                <measResults>2338320936 1456388 88207 16953 6539 3395 5518 5076 7750 6033 7084 4956 9987 29564 148828 3722 0 0 2339812016 7398 0 521 0 0 0 0 0 13268 22873 905 104 205 231 316 272 686 375 49 6 1 148840896 2344591473 388830 2774032060 168447 190274 270417 91411 421227925 112692 60604 5569 12016 20454 30611 30394 76165 21118 1885 4 0 192647 0 0 0 44969 1 3 65518 0 0 0 0 0 0 0 0 0 0 0 0 21040311 174119445 843059301 1158218208 63686 55537 115800 139816 0 0 0 0 1325643 5660 2644 0 0 0 0 0 0 0 0 0 0 0 0 0 0 0 0 0 0 0 0 0 0 0 0 0 0 0 0 0 0 0 0 0 0 NIL NIL NIL NIL NIL NIL NIL NIL NIL NIL NIL NIL NIL NIL NIL NIL 0 0 0 295632 2.263 NIL 0 0 13605.59 8335.838 38229.078 103514.125 213172.281 273604.313 919665.875 326853.875 45400.734 134.736 0 1920575 </measResults>
            </measValue>
            <measValue measObjLdn="PSGG3246HUNB001/ULoCell:NodeB Function Name=PSGG3246HUNB001, Local Cell ID=10342, Cell Name=N/A">
                <measResults>1568150180 1560392 51207 11109 8287 8411 10461 3811 10610 4024 8030 3153 8782 25185 61299 25088 151 0 1528816719 11785 0 1360 0 0 0 0 0 8484 13201 649 155 251 210 177 244 369 397 153 11 9 521743216 1541286647 270535 2011729711 147945 156367 113931 90700 115803451 58040 29971 19030 26940 12977 13936 20148 25640 16245 12828 13 0 128727 0 0 0 49970 3 1 50361 0 0 0 0 0 0 0 0 0 0 0 0 59234122 152174754 410873737 448254699 66961 46042 59567 48991 0 0 0 0 2232170 12069 4531 0 0 0 0 0 0 0 0 0 0 0 0 0 0 0 0 0 0 0 0 0 0 0 0 0 0 0 0 0 0 0 0 0 0 NIL NIL NIL NIL NIL NIL NIL NIL NIL NIL NIL NIL NIL NIL NIL NIL 0 0 0 198949 1.882 NIL 0 0 11727.109 29959.186 77955.07 62916.441 101316.156 181317.516 299622.375 269020.281 294930.156 423.744 0 1287501.75 </measResults>
            </measValue>
            <measValue measObjLdn="PSGG3246HUNB001/ULoCell:NodeB Function Name=PSGG3246HUNB001, Local Cell ID=10343, Cell Name=N/A">
                <measResults>3245447260 1357116 71735 17928 11600 9303 12352 3365 16176 4780 20201 11039 56917 152919 54569 0 0 0 3051567872 28496 0 6941 0 0 0 0 0 42774 61465 2031 319 587 571 353 215 295 320 594 191 12 1704015056 3244509568 572259 3763185911 607284 287922 127821 185963 423312359 182994 85222 40197 91455 77279 31828 13082 16927 19899 36925 9347 0 296742 0 0 0 130789 0 0 72589 0 0 0 0 0 0 0 0 0 33429 31976 0 130110123 664336415 413243585 344645035 150947 208082 87650 39178 0 0 0 0 3271483 7223 5116 0 0 0 0 0 0 0 0 0 0 0 0 0 0 0 0 0 0 0 0 0 0 0 0 0 0 0 0 0 0 0 0 0 0 NIL NIL NIL NIL NIL NIL NIL NIL NIL NIL NIL NIL NIL NIL NIL NIL 0 0 0 466317 4.13 NIL 0 0 25678.654 60835.129 279130.375 373541.813 215950.078 117808.859 196843.375 335537.25 945614.875 293585.094 0 2758011.75 </measResults>
            </measValue>
            <measValue measObjLdn="PSGG3246HUNB001/ULoCell:NodeB Function Name=PSGG3246HUNB001, Local Cell ID=50341, Cell Name=N/A">
                <measResults>5867109572 1091543 116418 31110 24429 11543 14599 9631 14518 13941 22990 12499 23209 156999 249298 7273 0 0 5803497638 7534 0 2480 0 0 0 0 69 99706 122783 3059 377 743 760 790 906 1216 753 264 37 8 1848558512 5856505351 959605 7289001403 262532 521380 761721 746776 1207599820 238647 53339 34225 80252 78955 77920 65027 109814 62886 21884 91 0 496829 0 0 0 51679 6 4 157812 0 0 0 0 0 0 0 0 0 1265 0 0 11461620 190573486 803160817 2323696953 27396 106602 205143 342984 0 0 0 0 2297685 8646 4231 0 0 0 0 0 0 0 0 0 0 0 0 0 0 0 0 0 0 0 0 0 0 0 0 0 0 0 0 0 0 0 0 0 0 NIL NIL NIL NIL NIL NIL NIL NIL NIL NIL NIL NIL NIL NIL NIL NIL 0 0 0 775334 6.604 NIL 0 0 13717.359 54374.012 242483.266 394178.719 543797.625 583857.813 1301141.125 1020097.938 500917.125 2845.32 0 4589319 </measResults>
            </measValue>
            <measValue measObjLdn="PSGG3246HUNB001/ULoCell:NodeB Function Name=PSGG3246HUNB001, Local Cell ID=50342, Cell Name=N/A">
                <measResults>6629763320 917464 88543 53550 33602 24877 30073 16573 34077 15561 38293 39763 68112 219851 211292 8369 0 0 6608585936 10928 0 2888 0 0 0 0 46 131472 188395 2593 484 847 639 671 722 1315 544 52 7 5 967782728 6638731237 1259602 7700806374 355471 516822 647575 439538 3016069301 703036 147657 66722 123848 93195 103349 107106 141803 57428 844 2 0 627575 0 0 0 143644 5 9 150599 0 0 0 0 0 0 0 0 0 21877 9360 0 76466893 326257252 1114485039 3275430025 122431 189273 231717 412724 0 0 0 0 1557626 5107 2964 0 0 0 0 0 0 0 0 0 0 0 0 0 0 0 0 0 0 0 0 0 0 0 0 0 0 0 0 0 0 0 0 0 0 NIL NIL NIL NIL NIL NIL NIL NIL NIL NIL NIL NIL NIL NIL NIL NIL 0 0 0 1074535 5.448 NIL 0 0 53602.582 99320.977 363244.969 472030.656 724636.188 966638.125 1670766.75 916116 17411.16 64.528 0 5130908.5 </measResults>
            </measValue>
            <measValue measObjLdn="PSGG3246HUNB001/ULoCell:NodeB Function Name=PSGG3246HUNB001, Local Cell ID=50343, Cell Name=N/A">
                <measResults>5861203600 1014548 96072 38397 24534 23342 33063 11684 52378 13244 56803 13065 50500 94638 271074 6658 0 0 5700734654 19979 0 5198 0 0 0 0 203 128557 192280 2972 682 1037 653 551 506 878 882 306 25 5 2181420904 5882606706 1189092 6942470036 439500 454603 574408 628672 1181837696 447038 150600 122434 176044 77810 57067 42877 90904 75964 23649 35 0 544350 0 0 0 228694 3 4 131525 0 0 0 0 0 0 0 0 0 611 0 0 102498044 616664744 564826679 1681254746 145363 314930 145927 243570 0 0 0 0 2476211 6372 3908 0 0 0 0 0 0 0 0 0 0 0 0 0 0 0 0 0 0 0 0 0 0 0 0 0 0 0 0 0 0 0 0 0 0 NIL NIL NIL NIL NIL NIL NIL NIL NIL NIL NIL NIL NIL NIL NIL NIL 0 0 0 1031848 6.198 NIL 0 0 56585.789 184544.891 504421.813 379250.281 398468.688 388519.875 1097975.5 1246555.25 520587.125 1124.312 0 4536903 </measResults>
            </measValue>
            <measValue measObjLdn="PSGG3246HUNB001/ULoCell:NodeB Function Name=PSGG3246HUNB001, Local Cell ID=60341, Cell Name=N/A">
                <measResults>5716727304 1013510 169078 74493 49578 35140 26226 15522 17379 17433 22991 38493 184801 125107 10249 0 0 0 5664255992 14125 0 4484 0 0 0 0 137 81465 108586 4358 394 596 538 558 525 1129 948 196 34 12 2959681840 5677132879 1099246 7267489532 331421 421749 564180 959627 915892521 234448 131024 24629 50238 68445 64540 51414 88858 66416 8023 20 0 397954 0 0 0 37994 6 26 235158 0 0 0 0 0 0 0 0 0 6236 8072 0 32470520 246246200 938537208 1756917034 76102 121565 171503 237341 0 0 0 0 2930548 12645 6296 0 0 0 0 0 0 0 0 0 0 0 0 0 0 0 0 0 0 0 0 0 0 0 0 0 0 0 0 0 0 0 0 0 0 NIL NIL NIL NIL NIL NIL NIL NIL NIL NIL NIL NIL NIL NIL NIL NIL 0 0 0 815387 7.037 NIL 0 0 27657.543 36259.832 152290.734 342752.688 448273.344 461127.438 1059502.25 1087876.125 174200.297 624.544 0 3726647.5 </measResults>
            </measValue>
            <measValue measObjLdn="PSGG3246HUNB001/ULoCell:NodeB Function Name=PSGG3246HUNB001, Local Cell ID=60342, Cell Name=N/A">
                <measResults>5019154348 1001761 73333 18989 14345 12482 16595 5875 21331 8811 27724 60622 262352 263454 12326 0 0 0 4988262912 13711 0 10024 0 0 0 0 25 160383 205169 3061 495 976 779 655 505 890 517 45 8 2 539530208 5013170655 1162556 6075101271 820929 527744 425942 144228 3135830278 805200 143755 92092 228914 174881 117364 56057 76506 35070 626 3 0 689421 0 0 0 179521 1 18 92043 0 0 0 0 0 0 0 0 0 25057 1176 0 302708474 1363877782 1800833782 1386732733 215723 473249 308704 147042 0 0 0 0 1958821 6779 3940 0 0 0 0 0 0 0 0 0 0 0 0 0 0 0 0 0 0 0 0 0 0 0 0 0 0 0 0 0 0 0 0 0 0 NIL NIL NIL NIL NIL NIL NIL NIL NIL NIL NIL NIL NIL NIL NIL NIL 0 0 0 1055202 5.571 NIL 0 0 49788.859 141643.938 688849.563 867498.438 801913.188 501145.844 903071.25 548936.313 14038.224 91.728 0 4325544.5 </measResults>
            </measValue>
            <measValue measObjLdn="PSGG3246HUNB001/ULoCell:NodeB Function Name=PSGG3246HUNB001, Local Cell ID=60343, Cell Name=N/A">
                <measResults>6359254220 1083522 95497 19017 12091 8953 11497 5516 12512 7995 17824 21770 144794 261811 94347 2854 0 0 6356415280 11237 0 3196 0 0 0 0 43 139022 161900 2416 316 694 819 895 484 921 1050 306 38 5 2905117776 6378936872 997040 7358086925 725268 534040 469031 376674 1074989451 332602 97014 47482 92553 120789 115522 48580 83396 109524 25242 256 0 595862 0 0 0 99852 1 5 112736 0 0 0 0 0 0 0 0 0 4293 120 0 131733442 1183109571 857735513 2680398174 113725 337286 161541 252072 0 0 0 0 2388154 6079 3853 0 0 0 0 0 0 0 0 0 0 0 0 0 0 0 0 0 0 0 0 0 0 0 0 0 0 0 0 0 0 0 0 0 0 NIL NIL NIL NIL NIL NIL NIL NIL NIL NIL NIL NIL NIL NIL NIL NIL 0 0 0 864495 6.247 NIL 0 0 25360.27 72548.758 272471.188 606965.188 796004.75 434079.375 995339 1810031.125 566144.688 7945.224 0 5488980.5 </measResults>
            </measValue>
        </measInfo>
        <measInfo measInfoId="50331649">
            <granPeriod duration="PT3600S" endTime="2021-08-19T12:00:00+08:00"/>
            <repPeriod duration="PT3600S"/>
            <measTypes>50332578 50332579 50332580 50332581 50342578 50342579 50342580 50342581 </measTypes>
            <measValue measObjLdn="PSGG3246HUNB001/NodeBFunction:NodeB Function Name=PSGG3246HUNB001">
                <measResults>9.716 2.503 7.295 97.059 14 5.2 12.2 124 </measResults>
            </measValue>
        </measInfo>
        <measInfo measInfoId="50331654">
            <granPeriod duration="PT3600S" endTime="2021-08-19T12:00:00+08:00"/>
            <repPeriod duration="PT3600S"/>
            <measTypes>50332565 50332566 50332633 50332635 </measTypes>
            <measValue measObjLdn="PSGG3246HUNB001/NodeBFunction:NodeB Function Name=PSGG3246HUNB001">
                <measResults>3072 1792 0 0 </measResults>
            </measValue>
        </measInfo>
        <measInfo measInfoId="50331664">
            <granPeriod duration="PT3600S" endTime="2021-08-19T12:00:00+08:00"/>
            <repPeriod duration="PT3600S"/>
            <measTypes>50332572 50332585 50332587 50332588 50332589 50332590 50332617 50332618 50332625 </measTypes>
            <measValue measObjLdn="PSGG3246HUNB001/NodeBFunction:NodeB Function Name=PSGG3246HUNB001">
                <measResults>2 0 41 41 0 28 0 0 4 </measResults>
            </measValue>
        </measInfo>
        <measInfo measInfoId="50331666">
            <granPeriod duration="PT3600S" endTime="2021-08-19T12:00:00+08:00"/>
            <repPeriod duration="PT3600S"/>
            <measTypes>50332567 50332568 50332569 50332570 50332571 </measTypes>
            <measValue measObjLdn="PSGG3246HUNB001/NodeBFunction:NodeB Function Name=PSGG3246HUNB001">
                <measResults>0 0 0 0 0 </measResults>
            </measValue>
        </measInfo>
        <measInfo measInfoId="50331681">
            <granPeriod duration="PT3600S" endTime="2021-08-19T12:00:00+08:00"/>
            <repPeriod duration="PT3600S"/>
            <measTypes>50342640 50342641 50342642 50342643 50342644 50342645 50342646 50342647 </measTypes>
            <measValue measObjLdn="PSGG3246HUNB001/NodeBFunction:NodeB Function Name=PSGG3246HUNB001">
                <measResults>19075816 22632567 1565250474 6423612177 7320582 3478334 26307213 14274693 </measResults>
            </measValue>
        </measInfo>
        <measInfo measInfoId="50331652">
            <granPeriod duration="PT3600S" endTime="2021-08-19T12:00:00+08:00"/>
            <repPeriod duration="PT3600S"/>
            <measTypes>50332555 50332556 50332557 50332558 50332559 50332560 50332561 50332562 50332563 50332564 50332593 50332594 50342555 50342556 50342561 50342562 50342563 50342564 50342567 50342568 50342569 50342570 50342571 50342572 50342618 50342619 50342621 50342622 50342624 50342625 50342627 50342628 </measTypes>
            <measValue measObjLdn="PSGG3246HUNB001/NodeBFunction:NodeB Function Name=PSGG3246HUNB001/MocID:2/CnOperator:-1">
                <measResults>0 0 0 0 4736 3856 195.871 108.453 0 91.162 0 0 0 0 264 137 0 153 82 144 65 0 0 0 0 0 0 0 0 0 0 0 </measResults>
            </measValue>
        </measInfo>
        <measInfo measInfoId="50331667">
            <granPeriod duration="PT3600S" endTime="2021-08-19T12:00:00+08:00"/>
            <repPeriod duration="PT3600S"/>
            <measTypes>50332591 50332592 50332595 50332596 50332597 </measTypes>
            <measValue measObjLdn="PSGG3246HUNB001/NodeBFunction:NodeB Function Name=PSGG3246HUNB001/MocID:2/CnOperator:-1">
                <measResults>0 0 0 0 0 </measResults>
            </measValue>
        </measInfo>
        <measInfo measInfoId="50331668">
            <granPeriod duration="PT3600S" endTime="2021-08-19T12:00:00+08:00"/>
            <repPeriod duration="PT3600S"/>
            <measTypes>50332348 50332349 </measTypes>
            <measValue measObjLdn="PSGG3246HUNB001/LOCELL_SECTOREQM:NodeB Function Name=PSGG3246HUNB001, Local Cell ID=10341, Sector Equipment ID=0">
                <measResults>0 0 </measResults>
            </measValue>
            <measValue measObjLdn="PSGG3246HUNB001/LOCELL_SECTOREQM:NodeB Function Name=PSGG3246HUNB001, Local Cell ID=10342, Sector Equipment ID=1">
                <measResults>0 0 </measResults>
            </measValue>
            <measValue measObjLdn="PSGG3246HUNB001/LOCELL_SECTOREQM:NodeB Function Name=PSGG3246HUNB001, Local Cell ID=10343, Sector Equipment ID=2">
                <measResults>0 0 </measResults>
            </measValue>
            <measValue measObjLdn="PSGG3246HUNB001/LOCELL_SECTOREQM:NodeB Function Name=PSGG3246HUNB001, Local Cell ID=50341, Sector Equipment ID=6">
                <measResults>0 0 </measResults>
            </measValue>
            <measValue measObjLdn="PSGG3246HUNB001/LOCELL_SECTOREQM:NodeB Function Name=PSGG3246HUNB001, Local Cell ID=50342, Sector Equipment ID=7">
                <measResults>0 0 </measResults>
            </measValue>
            <measValue measObjLdn="PSGG3246HUNB001/LOCELL_SECTOREQM:NodeB Function Name=PSGG3246HUNB001, Local Cell ID=50343, Sector Equipment ID=8">
                <measResults>0 0 </measResults>
            </measValue>
            <measValue measObjLdn="PSGG3246HUNB001/LOCELL_SECTOREQM:NodeB Function Name=PSGG3246HUNB001, Local Cell ID=60341, Sector Equipment ID=10">
                <measResults>0 0 </measResults>
            </measValue>
            <measValue measObjLdn="PSGG3246HUNB001/LOCELL_SECTOREQM:NodeB Function Name=PSGG3246HUNB001, Local Cell ID=60342, Sector Equipment ID=11">
                <measResults>0 0 </measResults>
            </measValue>
            <measValue measObjLdn="PSGG3246HUNB001/LOCELL_SECTOREQM:NodeB Function Name=PSGG3246HUNB001, Local Cell ID=60343, Sector Equipment ID=12">
                <measResults>0 0 </measResults>
            </measValue>
        </measInfo>
        <measInfo measInfoId="50331669">
            <granPeriod duration="PT3600S" endTime="2021-08-19T12:00:00+08:00"/>
            <repPeriod duration="PT3600S"/>
            <measTypes>50332350 50332351 50332352 50332353 </measTypes>
            <measValue measObjLdn="PSGG3246HUNB001/LOCELL_SECTOREQM:NodeB Function Name=PSGG3246HUNB001, Local Cell ID=10341, Sector Equipment ID=0">
                <measResults>10461 3 10224 10256 </measResults>
            </measValue>
            <measValue measObjLdn="PSGG3246HUNB001/LOCELL_SECTOREQM:NodeB Function Name=PSGG3246HUNB001, Local Cell ID=10342, Sector Equipment ID=1">
                <measResults>15432 154 14179 14182 </measResults>
            </measValue>
            <measValue measObjLdn="PSGG3246HUNB001/LOCELL_SECTOREQM:NodeB Function Name=PSGG3246HUNB001, Local Cell ID=10343, Sector Equipment ID=2">
                <measResults>20243 42 19690 19706 </measResults>
            </measValue>
            <measValue measObjLdn="PSGG3246HUNB001/LOCELL_SECTOREQM:NodeB Function Name=PSGG3246HUNB001, Local Cell ID=50341, Sector Equipment ID=6">
                <measResults>56865 187 53324 53464 </measResults>
            </measValue>
            <measValue measObjLdn="PSGG3246HUNB001/LOCELL_SECTOREQM:NodeB Function Name=PSGG3246HUNB001, Local Cell ID=50342, Sector Equipment ID=7">
                <measResults>56353 922 51323 51441 </measResults>
            </measValue>
            <measValue measObjLdn="PSGG3246HUNB001/LOCELL_SECTOREQM:NodeB Function Name=PSGG3246HUNB001, Local Cell ID=50343, Sector Equipment ID=8">
                <measResults>41826 647 37715 37801 </measResults>
            </measValue>
            <measValue measObjLdn="PSGG3246HUNB001/LOCELL_SECTOREQM:NodeB Function Name=PSGG3246HUNB001, Local Cell ID=60341, Sector Equipment ID=10">
                <measResults>53674 136 49840 49928 </measResults>
            </measValue>
            <measValue measObjLdn="PSGG3246HUNB001/LOCELL_SECTOREQM:NodeB Function Name=PSGG3246HUNB001, Local Cell ID=60342, Sector Equipment ID=11">
                <measResults>37183 437 32010 32088 </measResults>
            </measValue>
            <measValue measObjLdn="PSGG3246HUNB001/LOCELL_SECTOREQM:NodeB Function Name=PSGG3246HUNB001, Local Cell ID=60343, Sector Equipment ID=12">
                <measResults>46207 165 42294 42441 </measResults>
            </measValue>
        </measInfo>
        <measInfo measInfoId="50331670">
            <granPeriod duration="PT3600S" endTime="2021-08-19T12:00:00+08:00"/>
            <repPeriod duration="PT3600S"/>
            <measTypes>50332354 50332355 </measTypes>
            <measValue measObjLdn="PSGG3246HUNB001/LOCELL_SECTOREQM:NodeB Function Name=PSGG3246HUNB001, Local Cell ID=10341, Sector Equipment ID=0">
                <measResults>0 0 </measResults>
            </measValue>
            <measValue measObjLdn="PSGG3246HUNB001/LOCELL_SECTOREQM:NodeB Function Name=PSGG3246HUNB001, Local Cell ID=10342, Sector Equipment ID=1">
                <measResults>0 0 </measResults>
            </measValue>
            <measValue measObjLdn="PSGG3246HUNB001/LOCELL_SECTOREQM:NodeB Function Name=PSGG3246HUNB001, Local Cell ID=10343, Sector Equipment ID=2">
                <measResults>0 0 </measResults>
            </measValue>
            <measValue measObjLdn="PSGG3246HUNB001/LOCELL_SECTOREQM:NodeB Function Name=PSGG3246HUNB001, Local Cell ID=50341, Sector Equipment ID=6">
                <measResults>0 0 </measResults>
            </measValue>
            <measValue measObjLdn="PSGG3246HUNB001/LOCELL_SECTOREQM:NodeB Function Name=PSGG3246HUNB001, Local Cell ID=50342, Sector Equipment ID=7">
                <measResults>0 0 </measResults>
            </measValue>
            <measValue measObjLdn="PSGG3246HUNB001/LOCELL_SECTOREQM:NodeB Function Name=PSGG3246HUNB001, Local Cell ID=50343, Sector Equipment ID=8">
                <measResults>0 0 </measResults>
            </measValue>
            <measValue measObjLdn="PSGG3246HUNB001/LOCELL_SECTOREQM:NodeB Function Name=PSGG3246HUNB001, Local Cell ID=60341, Sector Equipment ID=10">
                <measResults>0 0 </measResults>
            </measValue>
            <measValue measObjLdn="PSGG3246HUNB001/LOCELL_SECTOREQM:NodeB Function Name=PSGG3246HUNB001, Local Cell ID=60342, Sector Equipment ID=11">
                <measResults>0 0 </measResults>
            </measValue>
            <measValue measObjLdn="PSGG3246HUNB001/LOCELL_SECTOREQM:NodeB Function Name=PSGG3246HUNB001, Local Cell ID=60343, Sector Equipment ID=12">
                <measResults>0 0 </measResults>
            </measValue>
        </measInfo>
        <measInfo measInfoId="50331672">
            <granPeriod duration="PT3600S" endTime="2021-08-19T12:00:00+08:00"/>
            <repPeriod duration="PT3600S"/>
            <measTypes>50342590 50342591 50342592 50342593 50342594 50342595 50342596 50342597 </measTypes>
            <measValue measObjLdn="PSGG3246HUNB001/LOCELL_SECTOREQM:NodeB Function Name=PSGG3246HUNB001, Local Cell ID=10341, Sector Equipment ID=0">
                <measResults>-94.102 -93.704 -92.858 -95.022 -95.8 -95.1 -94.3 -96.6 </measResults>
            </measValue>
            <measValue measObjLdn="PSGG3246HUNB001/LOCELL_SECTOREQM:NodeB Function Name=PSGG3246HUNB001, Local Cell ID=10342, Sector Equipment ID=1">
                <measResults>-102.899 -103.409 -101.606 -103.651 -104.1 -104.4 -102.8 -104.7 </measResults>
            </measValue>
            <measValue measObjLdn="PSGG3246HUNB001/LOCELL_SECTOREQM:NodeB Function Name=PSGG3246HUNB001, Local Cell ID=10343, Sector Equipment ID=2">
                <measResults>-103.022 -103.151 -102.433 -103.308 -104.2 -104.3 -103.8 -104.4 </measResults>
            </measValue>
            <measValue measObjLdn="PSGG3246HUNB001/LOCELL_SECTOREQM:NodeB Function Name=PSGG3246HUNB001, Local Cell ID=50341, Sector Equipment ID=6">
                <measResults>-93.572 -94.016 NIL NIL -95.7 -96 NIL NIL </measResults>
            </measValue>
            <measValue measObjLdn="PSGG3246HUNB001/LOCELL_SECTOREQM:NodeB Function Name=PSGG3246HUNB001, Local Cell ID=50342, Sector Equipment ID=7">
                <measResults>-94.395 -95.237 NIL NIL -96.8 -98 NIL NIL </measResults>
            </measValue>
            <measValue measObjLdn="PSGG3246HUNB001/LOCELL_SECTOREQM:NodeB Function Name=PSGG3246HUNB001, Local Cell ID=50343, Sector Equipment ID=8">
                <measResults>-96.894 -97.559 NIL NIL -100 -100.4 NIL NIL </measResults>
            </measValue>
            <measValue measObjLdn="PSGG3246HUNB001/LOCELL_SECTOREQM:NodeB Function Name=PSGG3246HUNB001, Local Cell ID=60341, Sector Equipment ID=10">
                <measResults>-80.458 -83.84 NIL NIL -81 -84.7 NIL NIL </measResults>
            </measValue>
            <measValue measObjLdn="PSGG3246HUNB001/LOCELL_SECTOREQM:NodeB Function Name=PSGG3246HUNB001, Local Cell ID=60342, Sector Equipment ID=11">
                <measResults>-90.359 -91.328 NIL NIL -92.1 -93.5 NIL NIL </measResults>
            </measValue>
            <measValue measObjLdn="PSGG3246HUNB001/LOCELL_SECTOREQM:NodeB Function Name=PSGG3246HUNB001, Local Cell ID=60343, Sector Equipment ID=12">
                <measResults>-87.717 -91.44 NIL NIL -89.5 -95.1 NIL NIL </measResults>
            </measValue>
        </measInfo>
        <measInfo measInfoId="50331682">
            <granPeriod duration="PT3600S" endTime="2021-08-19T12:00:00+08:00"/>
            <repPeriod duration="PT3600S"/>
            <measTypes>50332602 50332603 50332615 50332616 </measTypes>
            <measValue measObjLdn="PSGG3246HUNB001/LOCELL_SECTOREQM:NodeB Function Name=PSGG3246HUNB001, Local Cell ID=10341, Sector Equipment ID=0">
                <measResults>555 395 355 531 </measResults>
            </measValue>
            <measValue measObjLdn="PSGG3246HUNB001/LOCELL_SECTOREQM:NodeB Function Name=PSGG3246HUNB001, Local Cell ID=10342, Sector Equipment ID=1">
                <measResults>312 313 315 283 </measResults>
            </measValue>
            <measValue measObjLdn="PSGG3246HUNB001/LOCELL_SECTOREQM:NodeB Function Name=PSGG3246HUNB001, Local Cell ID=10343, Sector Equipment ID=2">
                <measResults>291 450 413 344 </measResults>
            </measValue>
            <measValue measObjLdn="PSGG3246HUNB001/LOCELL_SECTOREQM:NodeB Function Name=PSGG3246HUNB001, Local Cell ID=50341, Sector Equipment ID=6">
                <measResults>863 354 NIL NIL </measResults>
            </measValue>
            <measValue measObjLdn="PSGG3246HUNB001/LOCELL_SECTOREQM:NodeB Function Name=PSGG3246HUNB001, Local Cell ID=50342, Sector Equipment ID=7">
                <measResults>989 989 NIL NIL </measResults>
            </measValue>
            <measValue measObjLdn="PSGG3246HUNB001/LOCELL_SECTOREQM:NodeB Function Name=PSGG3246HUNB001, Local Cell ID=50343, Sector Equipment ID=8">
                <measResults>275 231 NIL NIL </measResults>
            </measValue>
            <measValue measObjLdn="PSGG3246HUNB001/LOCELL_SECTOREQM:NodeB Function Name=PSGG3246HUNB001, Local Cell ID=60341, Sector Equipment ID=10">
                <measResults>NIL NIL NIL NIL </measResults>
            </measValue>
            <measValue measObjLdn="PSGG3246HUNB001/LOCELL_SECTOREQM:NodeB Function Name=PSGG3246HUNB001, Local Cell ID=60342, Sector Equipment ID=11">
                <measResults>NIL NIL NIL NIL </measResults>
            </measValue>
            <measValue measObjLdn="PSGG3246HUNB001/LOCELL_SECTOREQM:NodeB Function Name=PSGG3246HUNB001, Local Cell ID=60343, Sector Equipment ID=12">
                <measResults>NIL NIL NIL NIL </measResults>
            </measValue>
        </measInfo>
    </measData>
    <fileFooter>
        <measCollec endTime="2021-08-19T12:00:00+08:00"/>
    </fileFooter>
</measCollecFile>
