<?xml version="1.0" encoding="UTF-8"?>
<measCollecFile xmlns="http://latest/nmc-omc/cmNrm.doc#measCollec" xmlns:xsi="http://www.w3.org/2001/XMLSchema-instance" xsi:schemaLocation="http://latest/nmc-omc/cmNrm.doc#measCollec schema\pmResultSchedule.xsd">
    <fileHeader fileFormatVersion="32.435 V7.2" vendorName="Huawei">
        <fileSender elementType="vUSN"/>
        <measCollec beginTime="2021-08-11T23:00:00+08:00"/>
    </fileHeader>
    <measData>
        <managedElement userLabel="nm2USN01"/>
        <measInfo measInfoId="117440528">
            <granPeriod duration="PT3600S" endTime="2021-08-12T00:00:00+08:00"/>
            <repPeriod duration="PT3600S"/>
            <measTypes>117452213 117452214 117452215 117452216 117452217 117452218 117452219 117452220 117452221 </measTypes>
            <measValue measObjLdn="nm2USN01/UsnFunction:nodeName=link, USN Function Configuration Name=LINK_VNFC">
                <measResults>0 0 564 263 2531 3126 326 349 276 </measResults>
            </measValue>
        </measInfo>
        <measInfo measInfoId="117440542">
            <granPeriod duration="PT3600S" endTime="2021-08-12T00:00:00+08:00"/>
            <repPeriod duration="PT3600S"/>
            <measTypes>117453613 117453614 117453615 117453616 117453617 117453618 117453619 117453620 117453621 117453622 117453623 117453624 117453625 117453626 117453627 117453628 117453629 117453630 117453631 117453632 117453633 117453634 117453635 117453636 117453637 117453638 117453639 117453640 117453641 117453642 117453643 117453644 117453645 117453646 117453647 117453648 117453649 117453650 117453651 117453652 117453653 117453654 117453655 117453656 117453657 117453658 117453659 117453660 117453661 117453662 117453663 127996546 </measTypes>
            <measValue measObjLdn="nm2USN01/UsnFunction:nodeName=link, USN Function Configuration Name=LINK_VNFC">
                <measResults>1004135 967334 3 0 0 0 0 0 0 0 0 0 0 856594 368515 973030 958144 908 147543 110921 67454 64994 7985 829347 0 833425 829227 1500 0 11133 0 0 0 0 0 0 0 0 0 0 0 0 0 23116 96 0 0 0 38386 3122 326911 0 </measResults>
            </measValue>
        </measInfo>
        <measInfo measInfoId="117440614">
            <granPeriod duration="PT3600S" endTime="2021-08-12T00:00:00+08:00"/>
            <repPeriod duration="PT3600S"/>
            <measTypes>117460813 117460814 117460815 117460816 117460817 117460819 117460820 117460821 </measTypes>
            <measValue measObjLdn="nm2USN01/UsnFunction:nodeName=link, USN Function Configuration Name=LINK_VNFC">
                <measResults>0 0 0 0 0 1 0 0 </measResults>
            </measValue>
        </measInfo>
        <measInfo measInfoId="117440615">
            <granPeriod duration="PT3600S" endTime="2021-08-12T00:00:00+08:00"/>
            <repPeriod duration="PT3600S"/>
            <measTypes>117460913 117460914 117460916 117460917 </measTypes>
            <measValue measObjLdn="nm2USN01/UsnFunction:nodeName=link, USN Function Configuration Name=LINK_VNFC">
                <measResults>0 0 0 0 </measResults>
            </measValue>
        </measInfo>
        <measInfo measInfoId="117440616">
            <granPeriod duration="PT3600S" endTime="2021-08-12T00:00:00+08:00"/>
            <repPeriod duration="PT3600S"/>
            <measTypes>117461013 117461014 117461015 117461016 117461017 117461019 117461020 117461021 117461022 </measTypes>
            <measValue measObjLdn="nm2USN01/UsnFunction:nodeName=link, USN Function Configuration Name=LINK_VNFC">
                <measResults>0 2 16533595 1670823 1576005 8042311 6905720 961277 814191 </measResults>
            </measValue>
        </measInfo>
        <measInfo measInfoId="117440618">
            <granPeriod duration="PT3600S" endTime="2021-08-12T00:00:00+08:00"/>
            <repPeriod duration="PT3600S"/>
            <measTypes>117461213 117461214 117461215 117461216 117461217 117461218 117461219 117461220 117461221 117461222 </measTypes>
            <measValue measObjLdn="nm2USN01/UsnFunction:nodeName=link, USN Function Configuration Name=LINK_VNFC">
                <measResults>352285 434678 434644 329745 0 0 33 21955 0 0 </measResults>
            </measValue>
        </measInfo>
        <measInfo measInfoId="117440619">
            <granPeriod duration="PT3600S" endTime="2021-08-12T00:00:00+08:00"/>
            <repPeriod duration="PT3600S"/>
            <measTypes>117461313 117461314 117461315 117461316 117461317 117461318 117461319 117461320 117461321 117461322 </measTypes>
            <measValue measObjLdn="nm2USN01/UsnFunction:nodeName=link, USN Function Configuration Name=LINK_VNFC">
                <measResults>352285 434678 434644 329745 0 0 33 21961 0 0 </measResults>
            </measValue>
        </measInfo>
        <measInfo measInfoId="117440620">
            <granPeriod duration="PT3600S" endTime="2021-08-12T00:00:00+08:00"/>
            <repPeriod duration="PT3600S"/>
            <measTypes>117461418 117461419 117461420 117461421 117461422 117461423 117461424 117461425 117461426 117461427 </measTypes>
            <measValue measObjLdn="nm2USN01/UsnFunction:nodeName=link, USN Function Configuration Name=LINK_VNFC">
                <measResults>0 0 0 0 0 0 0 0 119 0 </measResults>
            </measValue>
        </measInfo>
        <measInfo measInfoId="117440621">
            <granPeriod duration="PT3600S" endTime="2021-08-12T00:00:00+08:00"/>
            <repPeriod duration="PT3600S"/>
            <measTypes>117461513 117461514 117461515 117461516 117461517 117461518 117461519 117461520 </measTypes>
            <measValue measObjLdn="nm2USN01/UsnFunction:nodeName=link, USN Function Configuration Name=LINK_VNFC">
                <measResults>0 0 0 0 0 0 0 6 </measResults>
            </measValue>
        </measInfo>
        <measInfo measInfoId="117496538">
            <granPeriod duration="PT3600S" endTime="2021-08-12T00:00:00+08:00"/>
            <repPeriod duration="PT3600S"/>
            <measTypes>117498413 117498414 117498415 117498416 117498417 117498418 117498419 117498420 117498421 117498422 117498423 117498424 117498425 117498426 117498427 </measTypes>
            <measValue measObjLdn="nm2USN01/UsnFunction:nodeName=link, USN Function Configuration Name=LINK_VNFC">
                <measResults>0 0 0 0 0 0 0 0 0 0 0 0 0 0 0 </measResults>
            </measValue>
        </measInfo>
        <measInfo measInfoId="1912209408">
            <granPeriod duration="PT3600S" endTime="2021-08-12T00:00:00+08:00"/>
            <repPeriod duration="PT3600S"/>
            <measTypes>1912209408 1912209409 1912209410 1912209411 1912209412 1912209413 1912209414 1912209415 1912209416 1912209417 1912209418 1912209419 1912209420 1912209421 1912209422 1912209423 1912209424 1912209425 1912209426 1912209427 1912209428 1912209429 1912209430 1912209431 1912209432 1912209433 1912209434 1912209435 1912209436 1912209437 1912209438 1912209439 1912209440 1912209441 1912209442 1912209443 </measTypes>
            <measValue measObjLdn="nm2USN01/UsnFunction:nodeName=link, USN Function Configuration Name=LINK_VNFC">
                <measResults>29850 30248 374 393 0 0 29850 30248 0 0 0 0 0 0 60098 41 766 0 0 22 0 465 29 30 0 0 60 73 5329 4935 67 67 4 4 0 0 </measResults>
            </measValue>
        </measInfo>
        <measInfo measInfoId="1912209409">
            <granPeriod duration="PT3600S" endTime="2021-08-12T00:00:00+08:00"/>
            <repPeriod duration="PT3600S"/>
            <measTypes>1912209444 1912209445 1912209446 1912209447 1912209448 1912209449 1912209450 1912209451 </measTypes>
            <measValue measObjLdn="nm2USN01/UsnFunction:nodeName=link, USN Function Configuration Name=LINK_VNFC">
                <measResults>5012 5002 1126 5 5 15128 14372 484 </measResults>
            </measValue>
        </measInfo>
        <measInfo measInfoId="1912209413">
            <granPeriod duration="PT3600S" endTime="2021-08-12T00:00:00+08:00"/>
            <repPeriod duration="PT3600S"/>
            <measTypes>1912209473 </measTypes>
            <measValue measObjLdn="nm2USN01/UsnFunction:nodeName=link, USN Function Configuration Name=LINK_VNFC">
                <measResults>0 </measResults>
            </measValue>
        </measInfo>
        <measInfo measInfoId="1912209416">
            <granPeriod duration="PT3600S" endTime="2021-08-12T00:00:00+08:00"/>
            <repPeriod duration="PT3600S"/>
            <measTypes>117490652 117490663 1912209484 1912209485 1912209486 1912209487 1912209488 1912209489 1912209490 1912209491 1912209492 1912209493 1912209494 1912209495 1912209496 1912209497 1912209498 1912209499 1912209500 1912209501 1912209502 1912209503 1912209504 1912209505 1912209506 1912209507 1912209508 1912209509 1912209510 1912209511 1912209512 1912209513 1912209514 1912209515 1912209516 1912209517 1912209518 1912209519 1912209520 1912209521 1912209522 1912209523 1912209524 1912209525 1912209526 1912209527 1912209528 1912209529 1912209530 1912209531 1912209532 1912209533 1912209534 1912209535 1912209536 1912209537 1912209538 1912209539 1912209540 1912209541 1912209542 1912209543 1912209544 1912209545 1912209546 1912209547 1912209548 1912209549 1912209550 1912209551 1912209552 1912209553 1912209554 1912209555 1912209556 1912209557 1912209558 1912209559 1912209560 1912209561 1912209562 1912209563 1912209564 1912209565 1912209566 1912209567 1912209568 1912209569 1912209570 1912209571 1912209572 1912209573 1912209574 1912209575 1912209576 1912209577 1912209578 1912209579 1912209580 1912209581 1912209582 1912209583 1912209584 1912209585 1912209586 1912209587 1912209588 1912209589 1912209590 1912209591 1912209592 1912209593 1912209781 1912209782 1912209783 1912209784 1912209785 1912209786 1912209787 1912209788 1912209789 1912209790 </measTypes>
            <measValue measObjLdn="nm2USN01/UsnFunction:nodeName=link, USN Function Configuration Name=LINK_VNFC">
                <measResults>17 3234 187 139 0 0 11247369 11220999 9463 9185 47254 46926 205 58251300 99798244 2859529 7623149 8344494 2220255 0 0 0 9985 7645333 2850626 164254798 163756787 101233291 63256682 1162814 10855399 778 0 1191 0 150329 30086 34689 312 73265 0 0 0 0 205 0 0 0 0 0 0 0 0 0 0 0 0 0 0 188 12495935 12467219 261 171 35 0 0 36 3 0 0 2 14 9463 9185 223 0 0 0 0 6 0 0 201 0 16 37194 14 116 2 0 0 188 0 0 0 0 0 0 0 0 0 0 0 0 0 0 0 0 0 0 0 0 0 0 0 0 34650 34618 74.332 99.766 10482678 </measResults>
            </measValue>
        </measInfo>
        <measInfo measInfoId="1912209417">
            <granPeriod duration="PT3600S" endTime="2021-08-12T00:00:00+08:00"/>
            <repPeriod duration="PT3600S"/>
            <measTypes>1912209594 1912209595 1912209596 1912209597 1912209598 1912209599 1912209600 1912209601 1912209602 1912209603 1912209604 1912209605 1912209606 1912209607 1912209608 1912209609 1912209610 1912209612 1912209613 1912209755 1912209756 1912209757 1912209758 1912209759 1912209760 1912209761 1912209762 1912209763 1912209764 1912209765 1912209766 </measTypes>
            <measValue measObjLdn="nm2USN01/UsnFunction:nodeName=link, USN Function Configuration Name=LINK_VNFC">
                <measResults>405425 390460 214923 213319 0 0 207994 207992 9341 9339 1184 1179 58883 58658 898183 897780 406 436 436 9341 9339 9341 9339 9341 9339 9341 9339 9341 9339 0 0 </measResults>
            </measValue>
        </measInfo>
        <measInfo measInfoId="1912209418">
            <granPeriod duration="PT3600S" endTime="2021-08-12T00:00:00+08:00"/>
            <repPeriod duration="PT3600S"/>
            <measTypes>1912209614 1912209615 1912209616 1912209617 1912209618 1912209619 1912209620 1912209621 </measTypes>
            <measValue measObjLdn="nm2USN01/UsnFunction:nodeName=link, USN Function Configuration Name=LINK_VNFC">
                <measResults>5500845 0 30965947 27509233 63980842 0 0 0 </measResults>
            </measValue>
        </measInfo>
        <measInfo measInfoId="1912209422">
            <granPeriod duration="PT3600S" endTime="2021-08-12T00:00:00+08:00"/>
            <repPeriod duration="PT3600S"/>
            <measTypes>1912209630 1912209631 1912209632 1912209633 1912209634 1912209635 1912209636 1912209637 1912209638 1912209639 1912209640 1912209643 1912209644 1912209645 1912209646 1912209647 1912209648 1912209649 1912209650 1912209651 1912209652 1912209653 1912209654 1912209655 1912209657 1912209658 1912209659 1912209664 1912209665 </measTypes>
            <measValue measObjLdn="nm2USN01/UsnFunction:nodeName=link, USN Function Configuration Name=LINK_VNFC">
                <measResults>1027975 1027547 395 8930 8930 47223 10400 57624 97153 13504 98477 2697 2684 13 304 0 0 0 0 673892 666514 378727 386288 889510 99.958 87002 11475 0 18 </measResults>
            </measValue>
        </measInfo>
        <measInfo measInfoId="1912209425">
            <granPeriod duration="PT3600S" endTime="2021-08-12T00:00:00+08:00"/>
            <repPeriod duration="PT3600S"/>
            <measTypes>1912209704 </measTypes>
            <measValue measObjLdn="nm2USN01/UsnFunction:nodeName=link, USN Function Configuration Name=LINK_VNFC">
                <measResults>0 </measResults>
            </measValue>
        </measInfo>
        <measInfo measInfoId="1912209427">
            <granPeriod duration="PT3600S" endTime="2021-08-12T00:00:00+08:00"/>
            <repPeriod duration="PT3600S"/>
            <measTypes>1912209717 1912209718 1912209719 1912209720 1912209721 1912209722 1912209723 1912209724 </measTypes>
            <measValue measObjLdn="nm2USN01/UsnFunction:nodeName=link, USN Function Configuration Name=LINK_VNFC">
                <measResults>0 0 0 0 0 0 0 0 </measResults>
            </measValue>
        </measInfo>
        <measInfo measInfoId="1912209428">
            <granPeriod duration="PT3600S" endTime="2021-08-12T00:00:00+08:00"/>
            <repPeriod duration="PT3600S"/>
            <measTypes>1912209725 1912209726 </measTypes>
            <measValue measObjLdn="nm2USN01/UsnFunction:nodeName=link, USN Function Configuration Name=LINK_VNFC">
                <measResults>345249007 218024119 </measResults>
            </measValue>
        </measInfo>
        <measInfo measInfoId="1912209429">
            <granPeriod duration="PT3600S" endTime="2021-08-12T00:00:00+08:00"/>
            <repPeriod duration="PT3600S"/>
            <measTypes>1912209727 1912209728 1912209729 </measTypes>
            <measValue measObjLdn="nm2USN01/UsnFunction:nodeName=link, USN Function Configuration Name=LINK_VNFC">
                <measResults>426028 426032 684 </measResults>
            </measValue>
        </measInfo>
        <measInfo measInfoId="1912209430">
            <granPeriod duration="PT3600S" endTime="2021-08-12T00:00:00+08:00"/>
            <repPeriod duration="PT3600S"/>
            <measTypes>1912209730 </measTypes>
            <measValue measObjLdn="nm2USN01/UsnFunction:nodeName=link, USN Function Configuration Name=LINK_VNFC">
                <measResults>0 </measResults>
            </measValue>
        </measInfo>
        <measInfo measInfoId="1912209431">
            <granPeriod duration="PT3600S" endTime="2021-08-12T00:00:00+08:00"/>
            <repPeriod duration="PT3600S"/>
            <measTypes>1912209731 </measTypes>
            <measValue measObjLdn="nm2USN01/UsnFunction:nodeName=link, USN Function Configuration Name=LINK_VNFC">
                <measResults>0 </measResults>
            </measValue>
        </measInfo>
        <measInfo measInfoId="1912209435">
            <granPeriod duration="PT3600S" endTime="2021-08-12T00:00:00+08:00"/>
            <repPeriod duration="PT3600S"/>
            <measTypes>1912209823 1912209824 1912209825 1912209826 1912209827 </measTypes>
            <measValue measObjLdn="nm2USN01/UsnFunction:nodeName=link, USN Function Configuration Name=LINK_VNFC">
                <measResults>0 0 0 0 0 </measResults>
            </measValue>
        </measInfo>
        <measInfo measInfoId="117440656">
            <granPeriod duration="PT3600S" endTime="2021-08-12T00:00:00+08:00"/>
            <repPeriod duration="PT3600S"/>
            <measTypes>117465013 117465014 117465015 117465016 117465017 117465018 117465019 117465020 117465021 </measTypes>
            <measValue measObjLdn="nm2USN01/M3UA link:nodeName=link, Link No.=0">
                <measResults>0 0 3600 0 0 0 0 0 0 </measResults>
            </measValue>
            <measValue measObjLdn="nm2USN01/M3UA link:nodeName=link, Link No.=1">
                <measResults>0 0 0 0 0 0 0 9375 1243 </measResults>
            </measValue>
            <measValue measObjLdn="nm2USN01/M3UA link:nodeName=link, Link No.=10">
                <measResults>0 0 0 0 0 98430 10369 88887 14837 </measResults>
            </measValue>
            <measValue measObjLdn="nm2USN01/M3UA link:nodeName=link, Link No.=100">
                <measResults>0 0 0 0 0 103704 6566 91788 5870 </measResults>
            </measValue>
            <measValue measObjLdn="nm2USN01/M3UA link:nodeName=link, Link No.=103">
                <measResults>0 0 0 0 0 78606 4847 66563 4356 </measResults>
            </measValue>
            <measValue measObjLdn="nm2USN01/M3UA link:nodeName=link, Link No.=104">
                <measResults>0 0 0 0 0 79185 4843 65894 4315 </measResults>
            </measValue>
            <measValue measObjLdn="nm2USN01/M3UA link:nodeName=link, Link No.=107">
                <measResults>0 0 0 0 0 133558 9247 114750 7514 </measResults>
            </measValue>
            <measValue measObjLdn="nm2USN01/M3UA link:nodeName=link, Link No.=108">
                <measResults>0 0 0 0 0 135008 9272 114387 7474 </measResults>
            </measValue>
            <measValue measObjLdn="nm2USN01/M3UA link:nodeName=link, Link No.=109">
                <measResults>0 0 0 0 0 83743 5570 72979 4990 </measResults>
            </measValue>
            <measValue measObjLdn="nm2USN01/M3UA link:nodeName=link, Link No.=11">
                <measResults>0 0 0 0 0 98781 10399 89856 15015 </measResults>
            </measValue>
            <measValue measObjLdn="nm2USN01/M3UA link:nodeName=link, Link No.=110">
                <measResults>0 0 0 0 0 83493 5573 73126 4991 </measResults>
            </measValue>
            <measValue measObjLdn="nm2USN01/M3UA link:nodeName=link, Link No.=111">
                <measResults>0 0 0 0 0 91945 6139 77480 5235 </measResults>
            </measValue>
            <measValue measObjLdn="nm2USN01/M3UA link:nodeName=link, Link No.=112">
                <measResults>0 0 0 0 0 89890 6064 78240 5296 </measResults>
            </measValue>
            <measValue measObjLdn="nm2USN01/M3UA link:nodeName=link, Link No.=113">
                <measResults>0 0 0 0 0 85369 5437 71657 4750 </measResults>
            </measValue>
            <measValue measObjLdn="nm2USN01/M3UA link:nodeName=link, Link No.=114">
                <measResults>0 0 0 0 0 85614 5455 71022 4713 </measResults>
            </measValue>
            <measValue measObjLdn="nm2USN01/M3UA link:nodeName=link, Link No.=115">
                <measResults>0 0 0 0 0 104826 8352 80293 5294 </measResults>
            </measValue>
            <measValue measObjLdn="nm2USN01/M3UA link:nodeName=link, Link No.=116">
                <measResults>0 0 0 0 0 104049 8323 79325 5215 </measResults>
            </measValue>
            <measValue measObjLdn="nm2USN01/M3UA link:nodeName=link, Link No.=117">
                <measResults>0 0 0 0 0 98305 6440 86051 5797 </measResults>
            </measValue>
            <measValue measObjLdn="nm2USN01/M3UA link:nodeName=link, Link No.=118">
                <measResults>0 0 0 0 0 99279 6532 86002 5777 </measResults>
            </measValue>
            <measValue measObjLdn="nm2USN01/M3UA link:nodeName=link, Link No.=119">
                <measResults>0 0 0 0 0 105835 7283 92732 6107 </measResults>
            </measValue>
            <measValue measObjLdn="nm2USN01/M3UA link:nodeName=link, Link No.=12">
                <measResults>0 0 0 0 0 98970 10404 88243 14728 </measResults>
            </measValue>
            <measValue measObjLdn="nm2USN01/M3UA link:nodeName=link, Link No.=120">
                <measResults>0 0 0 0 0 107472 7431 94076 6205 </measResults>
            </measValue>
            <measValue measObjLdn="nm2USN01/M3UA link:nodeName=link, Link No.=125">
                <measResults>0 0 0 0 0 58204 3668 47902 3179 </measResults>
            </measValue>
            <measValue measObjLdn="nm2USN01/M3UA link:nodeName=link, Link No.=126">
                <measResults>0 0 0 0 0 60546 3782 48358 3205 </measResults>
            </measValue>
            <measValue measObjLdn="nm2USN01/M3UA link:nodeName=link, Link No.=13">
                <measResults>0 0 0 0 0 98451 10360 89063 14868 </measResults>
            </measValue>
            <measValue measObjLdn="nm2USN01/M3UA link:nodeName=link, Link No.=131">
                <measResults>0 0 0 0 0 97604 6052 80271 5271 </measResults>
            </measValue>
            <measValue measObjLdn="nm2USN01/M3UA link:nodeName=link, Link No.=132">
                <measResults>0 0 0 0 0 96018 5983 80095 5251 </measResults>
            </measValue>
            <measValue measObjLdn="nm2USN01/M3UA link:nodeName=link, Link No.=133">
                <measResults>0 0 0 0 0 104848 7853 81780 5371 </measResults>
            </measValue>
            <measValue measObjLdn="nm2USN01/M3UA link:nodeName=link, Link No.=134">
                <measResults>0 0 0 0 0 105515 7961 81458 5356 </measResults>
            </measValue>
            <measValue measObjLdn="nm2USN01/M3UA link:nodeName=link, Link No.=135">
                <measResults>0 0 0 0 0 90134 5665 75146 5054 </measResults>
            </measValue>
            <measValue measObjLdn="nm2USN01/M3UA link:nodeName=link, Link No.=136">
                <measResults>0 0 0 0 0 90985 5720 75766 5103 </measResults>
            </measValue>
            <measValue measObjLdn="nm2USN01/M3UA link:nodeName=link, Link No.=137">
                <measResults>0 0 0 0 0 48453 2934 38988 2607 </measResults>
            </measValue>
            <measValue measObjLdn="nm2USN01/M3UA link:nodeName=link, Link No.=138">
                <measResults>0 0 0 0 0 48439 2926 38399 2578 </measResults>
            </measValue>
            <measValue measObjLdn="nm2USN01/M3UA link:nodeName=link, Link No.=139">
                <measResults>0 0 0 0 0 28940 1857 24527 1655 </measResults>
            </measValue>
            <measValue measObjLdn="nm2USN01/M3UA link:nodeName=link, Link No.=14">
                <measResults>0 0 0 0 0 98170 10314 90442 15094 </measResults>
            </measValue>
            <measValue measObjLdn="nm2USN01/M3UA link:nodeName=link, Link No.=140">
                <measResults>0 0 0 0 0 28847 1868 24419 1649 </measResults>
            </measValue>
            <measValue measObjLdn="nm2USN01/M3UA link:nodeName=link, Link No.=143">
                <measResults>0 0 0 0 0 36535 2388 30937 2128 </measResults>
            </measValue>
            <measValue measObjLdn="nm2USN01/M3UA link:nodeName=link, Link No.=144">
                <measResults>0 0 0 0 0 35900 2376 31245 2149 </measResults>
            </measValue>
            <measValue measObjLdn="nm2USN01/M3UA link:nodeName=link, Link No.=145">
                <measResults>0 0 0 0 0 57974 3690 50250 3374 </measResults>
            </measValue>
            <measValue measObjLdn="nm2USN01/M3UA link:nodeName=link, Link No.=146">
                <measResults>0 0 0 0 0 57638 3700 49458 3320 </measResults>
            </measValue>
            <measValue measObjLdn="nm2USN01/M3UA link:nodeName=link, Link No.=15">
                <measResults>0 0 0 0 0 98068 10320 91189 15271 </measResults>
            </measValue>
            <measValue measObjLdn="nm2USN01/M3UA link:nodeName=link, Link No.=159">
                <measResults>0 0 0 0 0 42595 2673 35865 2398 </measResults>
            </measValue>
            <measValue measObjLdn="nm2USN01/M3UA link:nodeName=link, Link No.=16">
                <measResults>0 0 0 0 0 98338 10366 87514 14652 </measResults>
            </measValue>
            <measValue measObjLdn="nm2USN01/M3UA link:nodeName=link, Link No.=160">
                <measResults>0 0 0 0 0 41587 2591 35719 2387 </measResults>
            </measValue>
            <measValue measObjLdn="nm2USN01/M3UA link:nodeName=link, Link No.=2">
                <measResults>0 0 0 0 0 0 0 9370 1243 </measResults>
            </measValue>
            <measValue measObjLdn="nm2USN01/M3UA link:nodeName=link, Link No.=20">
                <measResults>0 0 0 0 0 30615 1823 24775 1769 </measResults>
            </measValue>
            <measValue measObjLdn="nm2USN01/M3UA link:nodeName=link, Link No.=21">
                <measResults>0 0 0 0 0 31155 1836 24635 1745 </measResults>
            </measValue>
            <measValue measObjLdn="nm2USN01/M3UA link:nodeName=link, Link No.=24">
                <measResults>0 0 0 0 0 31871 1917 25602 1823 </measResults>
            </measValue>
            <measValue measObjLdn="nm2USN01/M3UA link:nodeName=link, Link No.=25">
                <measResults>0 0 0 0 0 32076 1923 25679 1827 </measResults>
            </measValue>
            <measValue measObjLdn="nm2USN01/M3UA link:nodeName=link, Link No.=26">
                <measResults>0 0 0 0 0 95149 5658 76669 5379 </measResults>
            </measValue>
            <measValue measObjLdn="nm2USN01/M3UA link:nodeName=link, Link No.=27">
                <measResults>0 0 0 0 0 94364 5608 76365 5353 </measResults>
            </measValue>
            <measValue measObjLdn="nm2USN01/M3UA link:nodeName=link, Link No.=28">
                <measResults>0 0 0 0 0 37183 2223 30148 2124 </measResults>
            </measValue>
            <measValue measObjLdn="nm2USN01/M3UA link:nodeName=link, Link No.=29">
                <measResults>0 0 0 0 0 37073 2220 30254 2125 </measResults>
            </measValue>
            <measValue measObjLdn="nm2USN01/M3UA link:nodeName=link, Link No.=3">
                <measResults>0 0 0 0 0 0 0 9412 1253 </measResults>
            </measValue>
            <measValue measObjLdn="nm2USN01/M3UA link:nodeName=link, Link No.=30">
                <measResults>0 0 0 0 0 37443 2239 30468 2144 </measResults>
            </measValue>
            <measValue measObjLdn="nm2USN01/M3UA link:nodeName=link, Link No.=31">
                <measResults>0 0 0 0 0 37796 2253 30611 2156 </measResults>
            </measValue>
            <measValue measObjLdn="nm2USN01/M3UA link:nodeName=link, Link No.=32">
                <measResults>0 0 0 0 0 17414 1033 14238 1014 </measResults>
            </measValue>
            <measValue measObjLdn="nm2USN01/M3UA link:nodeName=link, Link No.=33">
                <measResults>0 0 0 0 0 17523 1046 13994 994 </measResults>
            </measValue>
            <measValue measObjLdn="nm2USN01/M3UA link:nodeName=link, Link No.=34">
                <measResults>0 0 0 0 0 17310 1034 14240 1015 </measResults>
            </measValue>
            <measValue measObjLdn="nm2USN01/M3UA link:nodeName=link, Link No.=35">
                <measResults>0 0 0 0 0 17659 1045 14109 1003 </measResults>
            </measValue>
            <measValue measObjLdn="nm2USN01/M3UA link:nodeName=link, Link No.=36">
                <measResults>0 0 0 0 0 12261 732 10074 734 </measResults>
            </measValue>
            <measValue measObjLdn="nm2USN01/M3UA link:nodeName=link, Link No.=37">
                <measResults>0 0 0 0 0 12517 754 10157 742 </measResults>
            </measValue>
            <measValue measObjLdn="nm2USN01/M3UA link:nodeName=link, Link No.=38">
                <measResults>0 0 0 0 0 12616 752 10131 730 </measResults>
            </measValue>
            <measValue measObjLdn="nm2USN01/M3UA link:nodeName=link, Link No.=39">
                <measResults>0 0 0 0 0 12470 754 10114 737 </measResults>
            </measValue>
            <measValue measObjLdn="nm2USN01/M3UA link:nodeName=link, Link No.=4">
                <measResults>0 0 0 0 0 0 0 10019 1355 </measResults>
            </measValue>
            <measValue measObjLdn="nm2USN01/M3UA link:nodeName=link, Link No.=40">
                <measResults>0 0 0 0 0 38824 2339 31934 2257 </measResults>
            </measValue>
            <measValue measObjLdn="nm2USN01/M3UA link:nodeName=link, Link No.=41">
                <measResults>0 0 0 0 0 39049 2341 31724 2242 </measResults>
            </measValue>
            <measValue measObjLdn="nm2USN01/M3UA link:nodeName=link, Link No.=42">
                <measResults>0 0 0 0 0 38949 2330 31849 2261 </measResults>
            </measValue>
            <measValue measObjLdn="nm2USN01/M3UA link:nodeName=link, Link No.=43">
                <measResults>0 0 0 0 0 39222 2345 32043 2270 </measResults>
            </measValue>
            <measValue measObjLdn="nm2USN01/M3UA link:nodeName=link, Link No.=44">
                <measResults>0 0 0 0 0 23944 1428 19743 1384 </measResults>
            </measValue>
            <measValue measObjLdn="nm2USN01/M3UA link:nodeName=link, Link No.=45">
                <measResults>0 0 0 0 0 24733 1467 19599 1368 </measResults>
            </measValue>
            <measValue measObjLdn="nm2USN01/M3UA link:nodeName=link, Link No.=46">
                <measResults>0 0 0 0 0 24242 1441 19308 1350 </measResults>
            </measValue>
            <measValue measObjLdn="nm2USN01/M3UA link:nodeName=link, Link No.=47">
                <measResults>0 0 0 0 0 24388 1459 19521 1369 </measResults>
            </measValue>
            <measValue measObjLdn="nm2USN01/M3UA link:nodeName=link, Link No.=48">
                <measResults>0 0 0 0 0 27057 1641 22435 1597 </measResults>
            </measValue>
            <measValue measObjLdn="nm2USN01/M3UA link:nodeName=link, Link No.=49">
                <measResults>0 0 0 0 0 27613 1677 22398 1602 </measResults>
            </measValue>
            <measValue measObjLdn="nm2USN01/M3UA link:nodeName=link, Link No.=5">
                <measResults>0 0 0 0 0 0 0 10323 1409 </measResults>
            </measValue>
            <measValue measObjLdn="nm2USN01/M3UA link:nodeName=link, Link No.=50">
                <measResults>0 0 0 0 0 28699 1750 23393 1677 </measResults>
            </measValue>
            <measValue measObjLdn="nm2USN01/M3UA link:nodeName=link, Link No.=51">
                <measResults>0 0 0 0 0 28412 1741 23786 1706 </measResults>
            </measValue>
            <measValue measObjLdn="nm2USN01/M3UA link:nodeName=link, Link No.=52">
                <measResults>0 0 0 0 0 24633 1481 20361 1446 </measResults>
            </measValue>
            <measValue measObjLdn="nm2USN01/M3UA link:nodeName=link, Link No.=53">
                <measResults>0 0 0 0 0 24484 1481 20086 1433 </measResults>
            </measValue>
            <measValue measObjLdn="nm2USN01/M3UA link:nodeName=link, Link No.=54">
                <measResults>0 0 0 0 0 24263 1473 20210 1436 </measResults>
            </measValue>
            <measValue measObjLdn="nm2USN01/M3UA link:nodeName=link, Link No.=55">
                <measResults>0 0 0 0 0 24644 1477 20090 1426 </measResults>
            </measValue>
            <measValue measObjLdn="nm2USN01/M3UA link:nodeName=link, Link No.=56">
                <measResults>0 0 0 0 0 39762 2420 33114 2345 </measResults>
            </measValue>
            <measValue measObjLdn="nm2USN01/M3UA link:nodeName=link, Link No.=57">
                <measResults>0 0 0 0 0 39727 2414 33061 2335 </measResults>
            </measValue>
            <measValue measObjLdn="nm2USN01/M3UA link:nodeName=link, Link No.=58">
                <measResults>0 0 0 0 0 40485 2449 33465 2366 </measResults>
            </measValue>
            <measValue measObjLdn="nm2USN01/M3UA link:nodeName=link, Link No.=59">
                <measResults>0 0 0 0 0 40013 2431 33157 2340 </measResults>
            </measValue>
            <measValue measObjLdn="nm2USN01/M3UA link:nodeName=link, Link No.=6">
                <measResults>0 0 0 0 0 0 0 8440 1077 </measResults>
            </measValue>
            <measValue measObjLdn="nm2USN01/M3UA link:nodeName=link, Link No.=60">
                <measResults>0 0 0 0 0 10252 613 8449 620 </measResults>
            </measValue>
            <measValue measObjLdn="nm2USN01/M3UA link:nodeName=link, Link No.=61">
                <measResults>0 0 0 0 0 10431 615 8621 635 </measResults>
            </measValue>
            <measValue measObjLdn="nm2USN01/M3UA link:nodeName=link, Link No.=62">
                <measResults>0 0 0 0 0 10478 620 8595 626 </measResults>
            </measValue>
            <measValue measObjLdn="nm2USN01/M3UA link:nodeName=link, Link No.=63">
                <measResults>0 0 0 0 0 10684 623 8642 631 </measResults>
            </measValue>
            <measValue measObjLdn="nm2USN01/M3UA link:nodeName=link, Link No.=64">
                <measResults>0 0 0 0 0 14338 862 11768 842 </measResults>
            </measValue>
            <measValue measObjLdn="nm2USN01/M3UA link:nodeName=link, Link No.=65">
                <measResults>0 0 0 0 0 14383 869 11376 812 </measResults>
            </measValue>
            <measValue measObjLdn="nm2USN01/M3UA link:nodeName=link, Link No.=66">
                <measResults>0 0 0 0 0 14065 848 11615 829 </measResults>
            </measValue>
            <measValue measObjLdn="nm2USN01/M3UA link:nodeName=link, Link No.=67">
                <measResults>0 0 0 0 0 13751 834 11648 833 </measResults>
            </measValue>
            <measValue measObjLdn="nm2USN01/M3UA link:nodeName=link, Link No.=68">
                <measResults>0 0 0 0 0 24450 1462 19916 1396 </measResults>
            </measValue>
            <measValue measObjLdn="nm2USN01/M3UA link:nodeName=link, Link No.=69">
                <measResults>0 0 0 0 0 24120 1446 20022 1404 </measResults>
            </measValue>
            <measValue measObjLdn="nm2USN01/M3UA link:nodeName=link, Link No.=7">
                <measResults>0 0 0 0 0 0 0 8411 1069 </measResults>
            </measValue>
            <measValue measObjLdn="nm2USN01/M3UA link:nodeName=link, Link No.=70">
                <measResults>0 0 0 0 0 24451 1459 20044 1399 </measResults>
            </measValue>
            <measValue measObjLdn="nm2USN01/M3UA link:nodeName=link, Link No.=71">
                <measResults>0 0 0 0 0 24293 1448 19797 1378 </measResults>
            </measValue>
            <measValue measObjLdn="nm2USN01/M3UA link:nodeName=link, Link No.=72">
                <measResults>0 0 0 0 0 27968 1689 23054 1634 </measResults>
            </measValue>
            <measValue measObjLdn="nm2USN01/M3UA link:nodeName=link, Link No.=73">
                <measResults>0 0 0 0 0 28028 1681 23292 1644 </measResults>
            </measValue>
            <measValue measObjLdn="nm2USN01/M3UA link:nodeName=link, Link No.=74">
                <measResults>0 0 0 0 0 28834 1722 23242 1641 </measResults>
            </measValue>
            <measValue measObjLdn="nm2USN01/M3UA link:nodeName=link, Link No.=75">
                <measResults>0 0 0 0 0 28407 1707 23294 1647 </measResults>
            </measValue>
            <measValue measObjLdn="nm2USN01/M3UA link:nodeName=link, Link No.=77">
                <measResults>0 0 0 0 0 55672 3296 49158 3293 </measResults>
            </measValue>
            <measValue measObjLdn="nm2USN01/M3UA link:nodeName=link, Link No.=78">
                <measResults>0 0 0 0 0 56152 3306 49280 3319 </measResults>
            </measValue>
            <measValue measObjLdn="nm2USN01/M3UA link:nodeName=link, Link No.=79">
                <measResults>0 0 0 0 0 36853 2393 29740 2015 </measResults>
            </measValue>
            <measValue measObjLdn="nm2USN01/M3UA link:nodeName=link, Link No.=8">
                <measResults>0 0 0 0 0 0 0 9034 1198 </measResults>
            </measValue>
            <measValue measObjLdn="nm2USN01/M3UA link:nodeName=link, Link No.=82">
                <measResults>0 0 0 0 0 36276 2364 29550 2003 </measResults>
            </measValue>
            <measValue measObjLdn="nm2USN01/M3UA link:nodeName=link, Link No.=83">
                <measResults>0 0 0 0 0 33291 2119 25923 1734 </measResults>
            </measValue>
            <measValue measObjLdn="nm2USN01/M3UA link:nodeName=link, Link No.=84">
                <measResults>0 0 0 0 0 32175 2051 26290 1755 </measResults>
            </measValue>
            <measValue measObjLdn="nm2USN01/M3UA link:nodeName=link, Link No.=85">
                <measResults>0 0 0 0 0 27894 1774 22106 1485 </measResults>
            </measValue>
            <measValue measObjLdn="nm2USN01/M3UA link:nodeName=link, Link No.=86">
                <measResults>0 0 0 0 0 27785 1753 22179 1490 </measResults>
            </measValue>
            <measValue measObjLdn="nm2USN01/M3UA link:nodeName=link, Link No.=9">
                <measResults>0 0 0 0 0 98036 10305 89104 14873 </measResults>
            </measValue>
            <measValue measObjLdn="nm2USN01/M3UA link:nodeName=link, Link No.=91">
                <measResults>0 0 0 0 0 111385 6738 95347 6538 </measResults>
            </measValue>
            <measValue measObjLdn="nm2USN01/M3UA link:nodeName=link, Link No.=92">
                <measResults>0 0 0 0 0 112182 6788 95066 6509 </measResults>
            </measValue>
            <measValue measObjLdn="nm2USN01/M3UA link:nodeName=link, Link No.=93">
                <measResults>0 0 0 0 0 53082 3140 41246 2989 </measResults>
            </measValue>
            <measValue measObjLdn="nm2USN01/M3UA link:nodeName=link, Link No.=94">
                <measResults>0 0 0 0 0 53989 3181 41770 3023 </measResults>
            </measValue>
            <measValue measObjLdn="nm2USN01/M3UA link:nodeName=link, Link No.=95">
                <measResults>0 0 0 0 0 108857 6855 97245 6232 </measResults>
            </measValue>
            <measValue measObjLdn="nm2USN01/M3UA link:nodeName=link, Link No.=96">
                <measResults>0 0 0 0 0 109189 6920 97141 6241 </measResults>
            </measValue>
            <measValue measObjLdn="nm2USN01/M3UA link:nodeName=link, Link No.=97">
                <measResults>0 0 0 0 0 70916 4430 64443 4047 </measResults>
            </measValue>
            <measValue measObjLdn="nm2USN01/M3UA link:nodeName=link, Link No.=98">
                <measResults>0 0 0 0 0 71630 4485 63889 4013 </measResults>
            </measValue>
            <measValue measObjLdn="nm2USN01/M3UA link:nodeName=link, Link No.=99">
                <measResults>0 0 0 0 0 104279 6600 91967 5886 </measResults>
            </measValue>
        </measInfo>
        <measInfo measInfoId="117440657">
            <granPeriod duration="PT3600S" endTime="2021-08-12T00:00:00+08:00"/>
            <repPeriod duration="PT3600S"/>
            <measTypes>117465113 117465114 117465115 117465116 117465117 117465118 </measTypes>
            <measValue measObjLdn="nm2USN01/M3UA linkset:nodeName=link, Linkset index=0">
                <measResults>0 90000 0 0 0 0 </measResults>
            </measValue>
            <measValue measObjLdn="nm2USN01/M3UA linkset:nodeName=link, Linkset index=1">
                <measResults>0 0 787366 82843 714396 119344 </measResults>
            </measValue>
            <measValue measObjLdn="nm2USN01/M3UA linkset:nodeName=link, Linkset index=10">
                <measResults>0 0 97332 5797 78201 5473 </measResults>
            </measValue>
            <measValue measObjLdn="nm2USN01/M3UA linkset:nodeName=link, Linkset index=11">
                <measResults>0 0 111780 6810 92030 6582 </measResults>
            </measValue>
            <measValue measObjLdn="nm2USN01/M3UA linkset:nodeName=link, Linkset index=12">
                <measResults>0 0 98055 5913 80772 5742 </measResults>
            </measValue>
            <measValue measObjLdn="nm2USN01/M3UA linkset:nodeName=link, Linkset index=13">
                <measResults>0 0 159973 9714 132784 9383 </measResults>
            </measValue>
            <measValue measObjLdn="nm2USN01/M3UA linkset:nodeName=link, Linkset index=14">
                <measResults>0 0 41854 2473 34320 2513 </measResults>
            </measValue>
            <measValue measObjLdn="nm2USN01/M3UA linkset:nodeName=link, Linkset index=15">
                <measResults>0 0 56562 3415 46430 3315 </measResults>
            </measValue>
            <measValue measObjLdn="nm2USN01/M3UA linkset:nodeName=link, Linkset index=16">
                <measResults>0 0 97309 5815 79772 5576 </measResults>
            </measValue>
            <measValue measObjLdn="nm2USN01/M3UA linkset:nodeName=link, Linkset index=17">
                <measResults>0 0 113246 6799 92888 6565 </measResults>
            </measValue>
            <measValue measObjLdn="nm2USN01/M3UA linkset:nodeName=link, Linkset index=18">
                <measResults>0 0 223519 13524 190375 13045 </measResults>
            </measValue>
            <measValue measObjLdn="nm2USN01/M3UA linkset:nodeName=link, Linkset index=19">
                <measResults>0 0 107102 6322 83030 6012 </measResults>
            </measValue>
            <measValue measObjLdn="nm2USN01/M3UA linkset:nodeName=link, Linkset index=2">
                <measResults>0 0 0 0 74396 9848 </measResults>
            </measValue>
            <measValue measObjLdn="nm2USN01/M3UA linkset:nodeName=link, Linkset index=20">
                <measResults>0 0 111820 6601 98438 6613 </measResults>
            </measValue>
            <measValue measObjLdn="nm2USN01/M3UA linkset:nodeName=link, Linkset index=21">
                <measResults>0 0 73148 4757 59310 4019 </measResults>
            </measValue>
            <measValue measObjLdn="nm2USN01/M3UA linkset:nodeName=link, Linkset index=22">
                <measResults>0 0 65478 4171 52223 3489 </measResults>
            </measValue>
            <measValue measObjLdn="nm2USN01/M3UA linkset:nodeName=link, Linkset index=23">
                <measResults>0 0 55678 3527 44276 2974 </measResults>
            </measValue>
            <measValue measObjLdn="nm2USN01/M3UA linkset:nodeName=link, Linkset index=24">
                <measResults>0 0 218091 13777 194427 12475 </measResults>
            </measValue>
            <measValue measObjLdn="nm2USN01/M3UA linkset:nodeName=link, Linkset index=25">
                <measResults>0 0 142546 8915 128332 8060 </measResults>
            </measValue>
            <measValue measObjLdn="nm2USN01/M3UA linkset:nodeName=link, Linkset index=26">
                <measResults>0 0 208037 13166 183805 11756 </measResults>
            </measValue>
            <measValue measObjLdn="nm2USN01/M3UA linkset:nodeName=link, Linkset index=27">
                <measResults>0 0 195170 12420 168724 11202 </measResults>
            </measValue>
            <measValue measObjLdn="nm2USN01/M3UA linkset:nodeName=link, Linkset index=28">
                <measResults>0 0 157783 9690 132454 8671 </measResults>
            </measValue>
            <measValue measObjLdn="nm2USN01/M3UA linkset:nodeName=link, Linkset index=29">
                <measResults>0 0 324808 20545 278967 18754 </measResults>
            </measValue>
            <measValue measObjLdn="nm2USN01/M3UA linkset:nodeName=link, Linkset index=3">
                <measResults>0 0 61781 3659 49429 3515 </measResults>
            </measValue>
            <measValue measObjLdn="nm2USN01/M3UA linkset:nodeName=link, Linkset index=30">
                <measResults>0 0 268547 18519 229109 14987 </measResults>
            </measValue>
            <measValue measObjLdn="nm2USN01/M3UA linkset:nodeName=link, Linkset index=31">
                <measResults>0 0 167291 11146 146148 9984 </measResults>
            </measValue>
            <measValue measObjLdn="nm2USN01/M3UA linkset:nodeName=link, Linkset index=32">
                <measResults>0 0 181858 12202 155749 10530 </measResults>
            </measValue>
            <measValue measObjLdn="nm2USN01/M3UA linkset:nodeName=link, Linkset index=33">
                <measResults>0 0 170991 10889 142686 9462 </measResults>
            </measValue>
            <measValue measObjLdn="nm2USN01/M3UA linkset:nodeName=link, Linkset index=34">
                <measResults>0 0 208915 16678 159640 10510 </measResults>
            </measValue>
            <measValue measObjLdn="nm2USN01/M3UA linkset:nodeName=link, Linkset index=35">
                <measResults>0 0 197629 12974 172081 11574 </measResults>
            </measValue>
            <measValue measObjLdn="nm2USN01/M3UA linkset:nodeName=link, Linkset index=36">
                <measResults>0 0 213359 14715 186831 12313 </measResults>
            </measValue>
            <measValue measObjLdn="nm2USN01/M3UA linkset:nodeName=link, Linkset index=38">
                <measResults>0 0 147148 9107 122066 8208 </measResults>
            </measValue>
            <measValue measObjLdn="nm2USN01/M3UA linkset:nodeName=link, Linkset index=39">
                <measResults>0 0 118772 7450 96283 6383 </measResults>
            </measValue>
            <measValue measObjLdn="nm2USN01/M3UA linkset:nodeName=link, Linkset index=4">
                <measResults>0 0 63937 3840 51271 3651 </measResults>
            </measValue>
            <measValue measObjLdn="nm2USN01/M3UA linkset:nodeName=link, Linkset index=40">
                <measResults>0 0 90161 5495 72922 4845 </measResults>
            </measValue>
            <measValue measObjLdn="nm2USN01/M3UA linkset:nodeName=link, Linkset index=41">
                <measResults>0 0 238321 15512 197446 13209 </measResults>
            </measValue>
            <measValue measObjLdn="nm2USN01/M3UA linkset:nodeName=link, Linkset index=42">
                <measResults>0 0 193609 12034 160362 10523 </measResults>
            </measValue>
            <measValue measObjLdn="nm2USN01/M3UA linkset:nodeName=link, Linkset index=43">
                <measResults>0 0 210400 15812 163273 10728 </measResults>
            </measValue>
            <measValue measObjLdn="nm2USN01/M3UA linkset:nodeName=link, Linkset index=44">
                <measResults>0 0 181163 11388 150949 10159 </measResults>
            </measValue>
            <measValue measObjLdn="nm2USN01/M3UA linkset:nodeName=link, Linkset index=45">
                <measResults>0 0 96884 5859 77381 5184 </measResults>
            </measValue>
            <measValue measObjLdn="nm2USN01/M3UA linkset:nodeName=link, Linkset index=46">
                <measResults>0 0 57805 3726 48963 3305 </measResults>
            </measValue>
            <measValue measObjLdn="nm2USN01/M3UA linkset:nodeName=link, Linkset index=47">
                <measResults>0 0 222601 14063 193562 12905 </measResults>
            </measValue>
            <measValue measObjLdn="nm2USN01/M3UA linkset:nodeName=link, Linkset index=48">
                <measResults>0 0 72427 4763 62177 4276 </measResults>
            </measValue>
            <measValue measObjLdn="nm2USN01/M3UA linkset:nodeName=link, Linkset index=49">
                <measResults>0 0 115612 7389 99708 6694 </measResults>
            </measValue>
            <measValue measObjLdn="nm2USN01/M3UA linkset:nodeName=link, Linkset index=5">
                <measResults>0 0 189517 11267 153021 10732 </measResults>
            </measValue>
            <measValue measObjLdn="nm2USN01/M3UA linkset:nodeName=link, Linkset index=51">
                <measResults>0 0 124454 7109 112272 7001 </measResults>
            </measValue>
            <measValue measObjLdn="nm2USN01/M3UA linkset:nodeName=link, Linkset index=53">
                <measResults>0 0 215 30 143 6 </measResults>
            </measValue>
            <measValue measObjLdn="nm2USN01/M3UA linkset:nodeName=link, Linkset index=54">
                <measResults>0 0 656373 37924 585440 37217 </measResults>
            </measValue>
            <measValue measObjLdn="nm2USN01/M3UA linkset:nodeName=link, Linkset index=56">
                <measResults>0 0 84206 5266 71599 4785 </measResults>
            </measValue>
            <measValue measObjLdn="nm2USN01/M3UA linkset:nodeName=link, Linkset index=57">
                <measResults>0 0 60384 3799 50880 3455 </measResults>
            </measValue>
            <measValue measObjLdn="nm2USN01/M3UA linkset:nodeName=link, Linkset index=58">
                <measResults>0 0 138443 8519 115904 7684 </measResults>
            </measValue>
            <measValue measObjLdn="nm2USN01/M3UA linkset:nodeName=link, Linkset index=6">
                <measResults>0 0 149529 8939 121502 8549 </measResults>
            </measValue>
            <measValue measObjLdn="nm2USN01/M3UA linkset:nodeName=link, Linkset index=63">
                <measResults>0 0 78608 4837 63724 4299 </measResults>
            </measValue>
            <measValue measObjLdn="nm2USN01/M3UA linkset:nodeName=link, Linkset index=7">
                <measResults>0 0 69911 4159 56578 4026 </measResults>
            </measValue>
            <measValue measObjLdn="nm2USN01/M3UA linkset:nodeName=link, Linkset index=70">
                <measResults>0 0 5835 362 5064 333 </measResults>
            </measValue>
            <measValue measObjLdn="nm2USN01/M3UA linkset:nodeName=link, Linkset index=71">
                <measResults>0 0 68 4 49 4 </measResults>
            </measValue>
            <measValue measObjLdn="nm2USN01/M3UA linkset:nodeName=link, Linkset index=72">
                <measResults>0 0 0 0 0 0 </measResults>
            </measValue>
            <measValue measObjLdn="nm2USN01/M3UA linkset:nodeName=link, Linkset index=73">
                <measResults>0 0 69024 4598 59685 4107 </measResults>
            </measValue>
            <measValue measObjLdn="nm2USN01/M3UA linkset:nodeName=link, Linkset index=74">
                <measResults>0 0 64444 4132 54105 3693 </measResults>
            </measValue>
            <measValue measObjLdn="nm2USN01/M3UA linkset:nodeName=link, Linkset index=75">
                <measResults>0 0 186370 12855 157493 8618 </measResults>
            </measValue>
            <measValue measObjLdn="nm2USN01/M3UA linkset:nodeName=link, Linkset index=76">
                <measResults>0 0 0 0 0 0 </measResults>
            </measValue>
            <measValue measObjLdn="nm2USN01/M3UA linkset:nodeName=link, Linkset index=77">
                <measResults>0 0 30250 1648 26199 1942 </measResults>
            </measValue>
            <measValue measObjLdn="nm2USN01/M3UA linkset:nodeName=link, Linkset index=78">
                <measResults>0 0 0 0 0 0 </measResults>
            </measValue>
            <measValue measObjLdn="nm2USN01/M3UA linkset:nodeName=link, Linkset index=79">
                <measResults>0 90000 0 0 0 0 </measResults>
            </measValue>
            <measValue measObjLdn="nm2USN01/M3UA linkset:nodeName=link, Linkset index=8">
                <measResults>0 0 49867 2992 40477 2944 </measResults>
            </measValue>
            <measValue measObjLdn="nm2USN01/M3UA linkset:nodeName=link, Linkset index=80">
                <measResults>0 0 0 0 0 0 </measResults>
            </measValue>
            <measValue measObjLdn="nm2USN01/M3UA linkset:nodeName=link, Linkset index=81">
                <measResults>0 90000 0 0 0 0 </measResults>
            </measValue>
            <measValue measObjLdn="nm2USN01/M3UA linkset:nodeName=link, Linkset index=82">
                <measResults>0 90000 0 0 0 0 </measResults>
            </measValue>
            <measValue measObjLdn="nm2USN01/M3UA linkset:nodeName=link, Linkset index=83">
                <measResults>0 90000 0 0 0 0 </measResults>
            </measValue>
            <measValue measObjLdn="nm2USN01/M3UA linkset:nodeName=link, Linkset index=84">
                <measResults>0 0 124863 7817 104832 7032 </measResults>
            </measValue>
            <measValue measObjLdn="nm2USN01/M3UA linkset:nodeName=link, Linkset index=85">
                <measResults>0 0 251 15 205 16 </measResults>
            </measValue>
            <measValue measObjLdn="nm2USN01/M3UA linkset:nodeName=link, Linkset index=86">
                <measResults>0 0 39448 2177 35137 2583 </measResults>
            </measValue>
            <measValue measObjLdn="nm2USN01/M3UA linkset:nodeName=link, Linkset index=87">
                <measResults>0 0 20 2 17 1 </measResults>
            </measValue>
            <measValue measObjLdn="nm2USN01/M3UA linkset:nodeName=link, Linkset index=88">
                <measResults>0 0 0 0 0 0 </measResults>
            </measValue>
            <measValue measObjLdn="nm2USN01/M3UA linkset:nodeName=link, Linkset index=89">
                <measResults>0 0 0 0 0 0 </measResults>
            </measValue>
            <measValue measObjLdn="nm2USN01/M3UA linkset:nodeName=link, Linkset index=9">
                <measResults>0 0 156075 9357 127549 9031 </measResults>
            </measValue>
            <measValue measObjLdn="nm2USN01/M3UA linkset:nodeName=link, Linkset index=90">
                <measResults>0 0 0 0 0 0 </measResults>
            </measValue>
            <measValue measObjLdn="nm2USN01/M3UA linkset:nodeName=link, Linkset index=91">
                <measResults>0 0 0 0 0 0 </measResults>
            </measValue>
        </measInfo>
        <measInfo measInfoId="117440658">
            <granPeriod duration="PT3600S" endTime="2021-08-12T00:00:00+08:00"/>
            <repPeriod duration="PT3600S"/>
            <measTypes>117465213 117465214 </measTypes>
            <measValue measObjLdn="nm2USN01/M3DE:nodeName=link, Destination entity index=0">
                <measResults>0 90000 </measResults>
            </measValue>
            <measValue measObjLdn="nm2USN01/M3DE:nodeName=link, Destination entity index=1">
                <measResults>0 0 </measResults>
            </measValue>
            <measValue measObjLdn="nm2USN01/M3DE:nodeName=link, Destination entity index=10">
                <measResults>0 0 </measResults>
            </measValue>
            <measValue measObjLdn="nm2USN01/M3DE:nodeName=link, Destination entity index=11">
                <measResults>0 0 </measResults>
            </measValue>
            <measValue measObjLdn="nm2USN01/M3DE:nodeName=link, Destination entity index=12">
                <measResults>0 0 </measResults>
            </measValue>
            <measValue measObjLdn="nm2USN01/M3DE:nodeName=link, Destination entity index=13">
                <measResults>0 0 </measResults>
            </measValue>
            <measValue measObjLdn="nm2USN01/M3DE:nodeName=link, Destination entity index=14">
                <measResults>0 0 </measResults>
            </measValue>
            <measValue measObjLdn="nm2USN01/M3DE:nodeName=link, Destination entity index=15">
                <measResults>0 0 </measResults>
            </measValue>
            <measValue measObjLdn="nm2USN01/M3DE:nodeName=link, Destination entity index=16">
                <measResults>0 0 </measResults>
            </measValue>
            <measValue measObjLdn="nm2USN01/M3DE:nodeName=link, Destination entity index=17">
                <measResults>0 0 </measResults>
            </measValue>
            <measValue measObjLdn="nm2USN01/M3DE:nodeName=link, Destination entity index=18">
                <measResults>0 0 </measResults>
            </measValue>
            <measValue measObjLdn="nm2USN01/M3DE:nodeName=link, Destination entity index=19">
                <measResults>0 0 </measResults>
            </measValue>
            <measValue measObjLdn="nm2USN01/M3DE:nodeName=link, Destination entity index=2">
                <measResults>0 0 </measResults>
            </measValue>
            <measValue measObjLdn="nm2USN01/M3DE:nodeName=link, Destination entity index=20">
                <measResults>0 0 </measResults>
            </measValue>
            <measValue measObjLdn="nm2USN01/M3DE:nodeName=link, Destination entity index=21">
                <measResults>0 0 </measResults>
            </measValue>
            <measValue measObjLdn="nm2USN01/M3DE:nodeName=link, Destination entity index=22">
                <measResults>0 0 </measResults>
            </measValue>
            <measValue measObjLdn="nm2USN01/M3DE:nodeName=link, Destination entity index=23">
                <measResults>0 0 </measResults>
            </measValue>
            <measValue measObjLdn="nm2USN01/M3DE:nodeName=link, Destination entity index=24">
                <measResults>0 0 </measResults>
            </measValue>
            <measValue measObjLdn="nm2USN01/M3DE:nodeName=link, Destination entity index=25">
                <measResults>0 0 </measResults>
            </measValue>
            <measValue measObjLdn="nm2USN01/M3DE:nodeName=link, Destination entity index=26">
                <measResults>0 0 </measResults>
            </measValue>
            <measValue measObjLdn="nm2USN01/M3DE:nodeName=link, Destination entity index=27">
                <measResults>0 0 </measResults>
            </measValue>
            <measValue measObjLdn="nm2USN01/M3DE:nodeName=link, Destination entity index=28">
                <measResults>0 0 </measResults>
            </measValue>
            <measValue measObjLdn="nm2USN01/M3DE:nodeName=link, Destination entity index=29">
                <measResults>0 0 </measResults>
            </measValue>
            <measValue measObjLdn="nm2USN01/M3DE:nodeName=link, Destination entity index=3">
                <measResults>0 0 </measResults>
            </measValue>
            <measValue measObjLdn="nm2USN01/M3DE:nodeName=link, Destination entity index=30">
                <measResults>0 0 </measResults>
            </measValue>
            <measValue measObjLdn="nm2USN01/M3DE:nodeName=link, Destination entity index=31">
                <measResults>0 0 </measResults>
            </measValue>
            <measValue measObjLdn="nm2USN01/M3DE:nodeName=link, Destination entity index=32">
                <measResults>0 0 </measResults>
            </measValue>
            <measValue measObjLdn="nm2USN01/M3DE:nodeName=link, Destination entity index=33">
                <measResults>0 0 </measResults>
            </measValue>
            <measValue measObjLdn="nm2USN01/M3DE:nodeName=link, Destination entity index=34">
                <measResults>0 0 </measResults>
            </measValue>
            <measValue measObjLdn="nm2USN01/M3DE:nodeName=link, Destination entity index=35">
                <measResults>0 0 </measResults>
            </measValue>
            <measValue measObjLdn="nm2USN01/M3DE:nodeName=link, Destination entity index=36">
                <measResults>0 0 </measResults>
            </measValue>
            <measValue measObjLdn="nm2USN01/M3DE:nodeName=link, Destination entity index=38">
                <measResults>0 0 </measResults>
            </measValue>
            <measValue measObjLdn="nm2USN01/M3DE:nodeName=link, Destination entity index=39">
                <measResults>0 0 </measResults>
            </measValue>
            <measValue measObjLdn="nm2USN01/M3DE:nodeName=link, Destination entity index=4">
                <measResults>0 0 </measResults>
            </measValue>
            <measValue measObjLdn="nm2USN01/M3DE:nodeName=link, Destination entity index=40">
                <measResults>0 0 </measResults>
            </measValue>
            <measValue measObjLdn="nm2USN01/M3DE:nodeName=link, Destination entity index=41">
                <measResults>0 0 </measResults>
            </measValue>
            <measValue measObjLdn="nm2USN01/M3DE:nodeName=link, Destination entity index=42">
                <measResults>0 0 </measResults>
            </measValue>
            <measValue measObjLdn="nm2USN01/M3DE:nodeName=link, Destination entity index=43">
                <measResults>0 0 </measResults>
            </measValue>
            <measValue measObjLdn="nm2USN01/M3DE:nodeName=link, Destination entity index=44">
                <measResults>0 0 </measResults>
            </measValue>
            <measValue measObjLdn="nm2USN01/M3DE:nodeName=link, Destination entity index=45">
                <measResults>0 0 </measResults>
            </measValue>
            <measValue measObjLdn="nm2USN01/M3DE:nodeName=link, Destination entity index=46">
                <measResults>0 0 </measResults>
            </measValue>
            <measValue measObjLdn="nm2USN01/M3DE:nodeName=link, Destination entity index=47">
                <measResults>0 0 </measResults>
            </measValue>
            <measValue measObjLdn="nm2USN01/M3DE:nodeName=link, Destination entity index=48">
                <measResults>0 0 </measResults>
            </measValue>
            <measValue measObjLdn="nm2USN01/M3DE:nodeName=link, Destination entity index=49">
                <measResults>0 0 </measResults>
            </measValue>
            <measValue measObjLdn="nm2USN01/M3DE:nodeName=link, Destination entity index=5">
                <measResults>0 0 </measResults>
            </measValue>
            <measValue measObjLdn="nm2USN01/M3DE:nodeName=link, Destination entity index=51">
                <measResults>0 0 </measResults>
            </measValue>
            <measValue measObjLdn="nm2USN01/M3DE:nodeName=link, Destination entity index=53">
                <measResults>0 0 </measResults>
            </measValue>
            <measValue measObjLdn="nm2USN01/M3DE:nodeName=link, Destination entity index=54">
                <measResults>0 0 </measResults>
            </measValue>
            <measValue measObjLdn="nm2USN01/M3DE:nodeName=link, Destination entity index=56">
                <measResults>0 0 </measResults>
            </measValue>
            <measValue measObjLdn="nm2USN01/M3DE:nodeName=link, Destination entity index=57">
                <measResults>0 0 </measResults>
            </measValue>
            <measValue measObjLdn="nm2USN01/M3DE:nodeName=link, Destination entity index=58">
                <measResults>0 0 </measResults>
            </measValue>
            <measValue measObjLdn="nm2USN01/M3DE:nodeName=link, Destination entity index=6">
                <measResults>0 0 </measResults>
            </measValue>
            <measValue measObjLdn="nm2USN01/M3DE:nodeName=link, Destination entity index=63">
                <measResults>0 0 </measResults>
            </measValue>
            <measValue measObjLdn="nm2USN01/M3DE:nodeName=link, Destination entity index=7">
                <measResults>0 0 </measResults>
            </measValue>
            <measValue measObjLdn="nm2USN01/M3DE:nodeName=link, Destination entity index=70">
                <measResults>0 0 </measResults>
            </measValue>
            <measValue measObjLdn="nm2USN01/M3DE:nodeName=link, Destination entity index=71">
                <measResults>0 0 </measResults>
            </measValue>
            <measValue measObjLdn="nm2USN01/M3DE:nodeName=link, Destination entity index=72">
                <measResults>0 0 </measResults>
            </measValue>
            <measValue measObjLdn="nm2USN01/M3DE:nodeName=link, Destination entity index=73">
                <measResults>0 0 </measResults>
            </measValue>
            <measValue measObjLdn="nm2USN01/M3DE:nodeName=link, Destination entity index=74">
                <measResults>0 0 </measResults>
            </measValue>
            <measValue measObjLdn="nm2USN01/M3DE:nodeName=link, Destination entity index=75">
                <measResults>0 0 </measResults>
            </measValue>
            <measValue measObjLdn="nm2USN01/M3DE:nodeName=link, Destination entity index=76">
                <measResults>0 0 </measResults>
            </measValue>
            <measValue measObjLdn="nm2USN01/M3DE:nodeName=link, Destination entity index=77">
                <measResults>0 0 </measResults>
            </measValue>
            <measValue measObjLdn="nm2USN01/M3DE:nodeName=link, Destination entity index=78">
                <measResults>0 0 </measResults>
            </measValue>
            <measValue measObjLdn="nm2USN01/M3DE:nodeName=link, Destination entity index=79">
                <measResults>0 90000 </measResults>
            </measValue>
            <measValue measObjLdn="nm2USN01/M3DE:nodeName=link, Destination entity index=8">
                <measResults>0 0 </measResults>
            </measValue>
            <measValue measObjLdn="nm2USN01/M3DE:nodeName=link, Destination entity index=80">
                <measResults>0 0 </measResults>
            </measValue>
            <measValue measObjLdn="nm2USN01/M3DE:nodeName=link, Destination entity index=81">
                <measResults>0 90000 </measResults>
            </measValue>
            <measValue measObjLdn="nm2USN01/M3DE:nodeName=link, Destination entity index=82">
                <measResults>0 90000 </measResults>
            </measValue>
            <measValue measObjLdn="nm2USN01/M3DE:nodeName=link, Destination entity index=83">
                <measResults>0 90000 </measResults>
            </measValue>
            <measValue measObjLdn="nm2USN01/M3DE:nodeName=link, Destination entity index=84">
                <measResults>0 0 </measResults>
            </measValue>
            <measValue measObjLdn="nm2USN01/M3DE:nodeName=link, Destination entity index=85">
                <measResults>0 0 </measResults>
            </measValue>
            <measValue measObjLdn="nm2USN01/M3DE:nodeName=link, Destination entity index=86">
                <measResults>0 0 </measResults>
            </measValue>
            <measValue measObjLdn="nm2USN01/M3DE:nodeName=link, Destination entity index=87">
                <measResults>0 0 </measResults>
            </measValue>
            <measValue measObjLdn="nm2USN01/M3DE:nodeName=link, Destination entity index=88">
                <measResults>0 0 </measResults>
            </measValue>
            <measValue measObjLdn="nm2USN01/M3DE:nodeName=link, Destination entity index=89">
                <measResults>0 0 </measResults>
            </measValue>
            <measValue measObjLdn="nm2USN01/M3DE:nodeName=link, Destination entity index=9">
                <measResults>0 0 </measResults>
            </measValue>
            <measValue measObjLdn="nm2USN01/M3DE:nodeName=link, Destination entity index=90">
                <measResults>0 0 </measResults>
            </measValue>
            <measValue measObjLdn="nm2USN01/M3DE:nodeName=link, Destination entity index=91">
                <measResults>0 0 </measResults>
            </measValue>
        </measInfo>
        <measInfo measInfoId="1912209423">
            <granPeriod duration="PT3600S" endTime="2021-08-12T00:00:00+08:00"/>
            <repPeriod duration="PT3600S"/>
            <measTypes>1912209666 1912209667 1912209668 1912209669 1912209670 1912209671 1912209672 1912209673 1912209674 1912209675 1912209676 1912209677 1912209678 1912209679 1912209680 1912209681 1912209682 1912209683 1912209684 1912209685 1912209686 1912209687 1912209688 1912209689 1912209690 1912209691 1912209692 1912209694 </measTypes>
            <measValue measObjLdn="nm2USN01/VLR:nodeName=link, VLR No.=639180007010">
                <measResults>67036 67036 0 368 368 3704 1295 4999 4958 816 5076 271 271 0 40 0 0 0 0 67036 66832 17822 18251 0 0 0 0 0 </measResults>
            </measValue>
            <measValue measObjLdn="nm2USN01/VLR:nodeName=link, VLR No.=639180007020">
                <measResults>70999 70998 0 367 367 4302 1315 5618 4827 815 4893 264 264 0 20 0 0 0 0 70998 70340 18127 18444 0 0 0 0 2 </measResults>
            </measValue>
            <measValue measObjLdn="nm2USN01/VLR:nodeName=link, VLR No.=639180007011">
                <measResults>0 0 0 0 0 0 0 0 0 0 0 0 0 0 0 0 0 0 0 0 0 0 0 0 0 0 0 0 </measResults>
            </measValue>
            <measValue measObjLdn="nm2USN01/VLR:nodeName=link, VLR No.=639180007041">
                <measResults>22189 22182 5 316 316 1375 391 1766 3009 412 2971 101 101 0 9 0 0 0 0 14732 14480 11900 12156 22182 0 0 629 0 </measResults>
            </measValue>
            <measValue measObjLdn="nm2USN01/VLR:nodeName=link, VLR No.=639180007022">
                <measResults>62151 62134 8 810 810 3030 787 3817 6642 1009 6868 143 143 0 20 0 0 0 0 41883 41277 24843 25952 62134 0 0 0 4 </measResults>
            </measValue>
            <measValue measObjLdn="nm2USN01/VLR:nodeName=link, VLR No.=639180007042">
                <measResults>22209 22208 0 447 447 1501 436 1937 3634 416 3464 148 147 1 15 0 0 0 0 15067 14576 14279 14689 22208 0 0 709 1 </measResults>
            </measValue>
            <measValue measObjLdn="nm2USN01/VLR:nodeName=link, VLR No.=639180007013">
                <measResults>85721 85721 1 478 478 3009 346 3355 7152 916 7213 157 157 0 21 0 0 0 0 47686 47370 25303 25656 85720 0 0 0 2 </measResults>
            </measValue>
            <measValue measObjLdn="nm2USN01/VLR:nodeName=link, VLR No.=639180007023">
                <measResults>85776 85773 0 520 520 2964 389 3353 7383 1002 7412 184 183 1 19 0 0 0 0 47627 47213 27981 28335 85773 0 0 0 0 </measResults>
            </measValue>
            <measValue measObjLdn="nm2USN01/VLR:nodeName=link, VLR No.=639180007043">
                <measResults>20666 20664 2 257 257 1452 373 1825 3397 458 3342 107 106 1 11 0 0 0 0 14412 14181 12012 12304 20664 0 0 792 0 </measResults>
            </measValue>
            <measValue measObjLdn="nm2USN01/VLR:nodeName=link, VLR No.=639180007014">
                <measResults>86797 86786 5 478 478 3037 357 3394 7278 786 7213 167 166 1 11 0 0 0 0 46859 46515 29500 29899 86786 0 0 0 0 </measResults>
            </measValue>
            <measValue measObjLdn="nm2USN01/VLR:nodeName=link, VLR No.=639180007044">
                <measResults>23224 23221 5 292 292 1557 352 1909 3238 442 3173 114 114 0 14 0 0 0 0 15428 15139 13457 13733 23221 0 0 972 1 </measResults>
            </measValue>
            <measValue measObjLdn="nm2USN01/VLR:nodeName=link, VLR No.=639180007015">
                <measResults>60784 60781 1 679 679 2902 839 3741 6610 994 6783 183 179 4 17 0 0 0 0 40845 40282 25353 25854 60781 0 0 0 0 </measResults>
            </measValue>
            <measValue measObjLdn="nm2USN01/VLR:nodeName=link, VLR No.=639180007025">
                <measResults>86887 86871 13 579 579 3060 360 3420 7223 978 7338 170 170 0 22 0 0 0 0 45220 44876 24894 25358 86871 0 0 0 2 </measResults>
            </measValue>
            <measValue measObjLdn="nm2USN01/VLR:nodeName=link, VLR No.=639180007045">
                <measResults>22432 22432 1 358 358 1473 392 1865 3254 401 3219 123 122 1 5 0 0 0 0 15779 15487 12475 12770 22432 0 0 666 0 </measResults>
            </measValue>
            <measValue measObjLdn="nm2USN01/VLR:nodeName=link, VLR No.=639180007006">
                <measResults>62025 61988 37 599 599 2964 810 3774 6371 991 6597 132 131 1 22 0 0 0 0 42200 41615 23934 24363 61988 0 0 0 1 </measResults>
            </measValue>
            <measValue measObjLdn="nm2USN01/VLR:nodeName=link, VLR No.=639180007016">
                <measResults>59715 59402 311 975 975 3076 898 3974 6250 952 6596 102 100 2 16 0 0 0 0 41510 40575 23696 24169 59402 0 0 0 4 </measResults>
            </measValue>
            <measValue measObjLdn="nm2USN01/VLR:nodeName=link, VLR No.=639180007046">
                <measResults>21785 21785 0 280 280 1397 378 1775 2613 385 2658 89 88 1 9 0 0 0 0 14291 14041 11709 12205 21785 0 0 665 0 </measResults>
            </measValue>
            <measValue measObjLdn="nm2USN01/VLR:nodeName=link, VLR No.=639180007007">
                <measResults>83257 83247 5 492 492 3283 327 3610 6473 931 6722 117 117 0 23 0 0 0 0 45113 44833 36652 36932 83246 0 0 0 0 </measResults>
            </measValue>
            <measValue measObjLdn="nm2USN01/VLR:nodeName=link, VLR No.=639180007008">
                <measResults>84322 84318 1 635 635 3137 355 3492 6841 800 6939 125 125 0 10 0 0 0 0 47206 46882 24790 25218 84317 0 0 0 1 </measResults>
            </measValue>
        </measInfo>
        <measInfo measInfoId="117440688">
            <granPeriod duration="PT3600S" endTime="2021-08-12T00:00:00+08:00"/>
            <repPeriod duration="PT3600S"/>
            <measTypes>117470813 117470814 117470815 </measTypes>
            <measValue measObjLdn="nm2USN01/DNS inquiry:nodeName=link, IP address=121.54.13.194">
                <measResults>6177 4756 6 </measResults>
            </measValue>
            <measValue measObjLdn="nm2USN01/DNS inquiry:nodeName=link, IP address=121.54.13.198">
                <measResults>91 90 0 </measResults>
            </measValue>
            <measValue measObjLdn="nm2USN01/DNS inquiry:nodeName=link, IP address=121.54.77.130">
                <measResults>32 24 0 </measResults>
            </measValue>
            <measValue measObjLdn="nm2USN01/DNS inquiry:nodeName=link, IP address=121.54.77.134">
                <measResults>14430 14430 14 </measResults>
            </measValue>
        </measInfo>
        <measInfo measInfoId="117490515">
            <granPeriod duration="PT3600S" endTime="2021-08-12T00:00:00+08:00"/>
            <repPeriod duration="PT3600S"/>
            <measTypes>117490812 117490813 117490814 117490815 </measTypes>
            <measValue measObjLdn="nm2USN01/Diameter link:nodeName=link, Link No.=0">
                <measResults>0 0 0 0 </measResults>
            </measValue>
            <measValue measObjLdn="nm2USN01/Diameter link:nodeName=link, Link No.=1">
                <measResults>0 0 0 0 </measResults>
            </measValue>
            <measValue measObjLdn="nm2USN01/Diameter link:nodeName=link, Link No.=10">
                <measResults>0 0 0 0 </measResults>
            </measValue>
            <measValue measObjLdn="nm2USN01/Diameter link:nodeName=link, Link No.=11">
                <measResults>0 0 0 0 </measResults>
            </measValue>
            <measValue measObjLdn="nm2USN01/Diameter link:nodeName=link, Link No.=12">
                <measResults>0 0 0 0 </measResults>
            </measValue>
            <measValue measObjLdn="nm2USN01/Diameter link:nodeName=link, Link No.=13">
                <measResults>0 0 0 0 </measResults>
            </measValue>
            <measValue measObjLdn="nm2USN01/Diameter link:nodeName=link, Link No.=14">
                <measResults>0 0 0 0 </measResults>
            </measValue>
            <measValue measObjLdn="nm2USN01/Diameter link:nodeName=link, Link No.=15">
                <measResults>0 0 0 0 </measResults>
            </measValue>
            <measValue measObjLdn="nm2USN01/Diameter link:nodeName=link, Link No.=2">
                <measResults>0 0 0 0 </measResults>
            </measValue>
            <measValue measObjLdn="nm2USN01/Diameter link:nodeName=link, Link No.=3">
                <measResults>0 0 0 0 </measResults>
            </measValue>
            <measValue measObjLdn="nm2USN01/Diameter link:nodeName=link, Link No.=4">
                <measResults>0 0 0 0 </measResults>
            </measValue>
            <measValue measObjLdn="nm2USN01/Diameter link:nodeName=link, Link No.=5">
                <measResults>0 0 0 0 </measResults>
            </measValue>
            <measValue measObjLdn="nm2USN01/Diameter link:nodeName=link, Link No.=6">
                <measResults>0 0 0 0 </measResults>
            </measValue>
            <measValue measObjLdn="nm2USN01/Diameter link:nodeName=link, Link No.=7">
                <measResults>0 0 0 0 </measResults>
            </measValue>
            <measValue measObjLdn="nm2USN01/Diameter link:nodeName=link, Link No.=8">
                <measResults>0 0 0 0 </measResults>
            </measValue>
            <measValue measObjLdn="nm2USN01/Diameter link:nodeName=link, Link No.=9">
                <measResults>0 0 0 0 </measResults>
            </measValue>
        </measInfo>
        <measInfo measInfoId="117496524">
            <granPeriod duration="PT3600S" endTime="2021-08-12T00:00:00+08:00"/>
            <repPeriod duration="PT3600S"/>
            <measTypes>117497332 117497333 117497334 117497335 117497336 117497337 117497338 117497339 117497340 </measTypes>
            <measValue measObjLdn="nm2USN01/Diameter link:nodeName=link, Link No.=0">
                <measResults>0 0 0 0 0 0 0 0 0 </measResults>
            </measValue>
            <measValue measObjLdn="nm2USN01/Diameter link:nodeName=link, Link No.=1">
                <measResults>0 0 0 0 0 0 0 0 0 </measResults>
            </measValue>
            <measValue measObjLdn="nm2USN01/Diameter link:nodeName=link, Link No.=10">
                <measResults>26840 26627 213 0 22 4 21 0 0 </measResults>
            </measValue>
            <measValue measObjLdn="nm2USN01/Diameter link:nodeName=link, Link No.=11">
                <measResults>27088 26907 180 0 17 6 23 0 0 </measResults>
            </measValue>
            <measValue measObjLdn="nm2USN01/Diameter link:nodeName=link, Link No.=12">
                <measResults>26265 26050 216 0 21 3 25 0 0 </measResults>
            </measValue>
            <measValue measObjLdn="nm2USN01/Diameter link:nodeName=link, Link No.=13">
                <measResults>26867 26682 182 0 20 1 38 0 0 </measResults>
            </measValue>
            <measValue measObjLdn="nm2USN01/Diameter link:nodeName=link, Link No.=14">
                <measResults>26779 26583 198 0 20 3 33 0 0 </measResults>
            </measValue>
            <measValue measObjLdn="nm2USN01/Diameter link:nodeName=link, Link No.=15">
                <measResults>26933 26728 205 0 20 5 29 0 0 </measResults>
            </measValue>
            <measValue measObjLdn="nm2USN01/Diameter link:nodeName=link, Link No.=2">
                <measResults>0 0 0 0 0 0 0 0 0 </measResults>
            </measValue>
            <measValue measObjLdn="nm2USN01/Diameter link:nodeName=link, Link No.=3">
                <measResults>0 0 0 0 0 0 0 0 0 </measResults>
            </measValue>
            <measValue measObjLdn="nm2USN01/Diameter link:nodeName=link, Link No.=4">
                <measResults>0 0 0 0 0 0 0 0 0 </measResults>
            </measValue>
            <measValue measObjLdn="nm2USN01/Diameter link:nodeName=link, Link No.=5">
                <measResults>0 0 0 0 0 0 0 0 0 </measResults>
            </measValue>
            <measValue measObjLdn="nm2USN01/Diameter link:nodeName=link, Link No.=6">
                <measResults>0 0 0 0 0 0 0 0 0 </measResults>
            </measValue>
            <measValue measObjLdn="nm2USN01/Diameter link:nodeName=link, Link No.=7">
                <measResults>0 0 0 0 0 0 0 0 0 </measResults>
            </measValue>
            <measValue measObjLdn="nm2USN01/Diameter link:nodeName=link, Link No.=8">
                <measResults>27219 27008 210 0 21 6 27 0 0 </measResults>
            </measValue>
            <measValue measObjLdn="nm2USN01/Diameter link:nodeName=link, Link No.=9">
                <measResults>26932 26734 199 0 16 2 30 0 0 </measResults>
            </measValue>
        </measInfo>
        <measInfo measInfoId="117496525">
            <granPeriod duration="PT3600S" endTime="2021-08-12T00:00:00+08:00"/>
            <repPeriod duration="PT3600S"/>
            <measTypes>117497392 117497393 117497394 117497395 117497396 117497397 117497398 117497399 117497400 </measTypes>
            <measValue measObjLdn="nm2USN01/Diameter link:nodeName=link, Link No.=0">
                <measResults>0 0 0 0 0 0 0 0 0 </measResults>
            </measValue>
            <measValue measObjLdn="nm2USN01/Diameter link:nodeName=link, Link No.=1">
                <measResults>0 0 0 0 0 0 0 0 0 </measResults>
            </measValue>
            <measValue measObjLdn="nm2USN01/Diameter link:nodeName=link, Link No.=10">
                <measResults>50613 48748 1838 599 980 4 67 0 0 </measResults>
            </measValue>
            <measValue measObjLdn="nm2USN01/Diameter link:nodeName=link, Link No.=11">
                <measResults>50458 48592 1850 556 1045 5 68 0 0 </measResults>
            </measValue>
            <measValue measObjLdn="nm2USN01/Diameter link:nodeName=link, Link No.=12">
                <measResults>51135 49215 1903 601 1064 5 55 0 0 </measResults>
            </measValue>
            <measValue measObjLdn="nm2USN01/Diameter link:nodeName=link, Link No.=13">
                <measResults>50730 48871 1839 553 1054 4 58 0 0 </measResults>
            </measValue>
            <measValue measObjLdn="nm2USN01/Diameter link:nodeName=link, Link No.=14">
                <measResults>50609 48719 1871 606 994 8 66 0 0 </measResults>
            </measValue>
            <measValue measObjLdn="nm2USN01/Diameter link:nodeName=link, Link No.=15">
                <measResults>50762 48948 1792 545 1018 4 57 0 0 </measResults>
            </measValue>
            <measValue measObjLdn="nm2USN01/Diameter link:nodeName=link, Link No.=2">
                <measResults>0 0 0 0 0 0 0 0 0 </measResults>
            </measValue>
            <measValue measObjLdn="nm2USN01/Diameter link:nodeName=link, Link No.=3">
                <measResults>0 0 0 0 0 0 0 0 0 </measResults>
            </measValue>
            <measValue measObjLdn="nm2USN01/Diameter link:nodeName=link, Link No.=4">
                <measResults>0 0 0 0 0 0 0 0 0 </measResults>
            </measValue>
            <measValue measObjLdn="nm2USN01/Diameter link:nodeName=link, Link No.=5">
                <measResults>0 0 0 0 0 0 0 0 0 </measResults>
            </measValue>
            <measValue measObjLdn="nm2USN01/Diameter link:nodeName=link, Link No.=6">
                <measResults>0 0 0 0 0 0 0 0 0 </measResults>
            </measValue>
            <measValue measObjLdn="nm2USN01/Diameter link:nodeName=link, Link No.=7">
                <measResults>0 0 0 0 0 0 0 0 0 </measResults>
            </measValue>
            <measValue measObjLdn="nm2USN01/Diameter link:nodeName=link, Link No.=8">
                <measResults>50504 48620 1866 619 1016 9 66 0 0 </measResults>
            </measValue>
            <measValue measObjLdn="nm2USN01/Diameter link:nodeName=link, Link No.=9">
                <measResults>50614 48747 1852 575 1021 8 63 0 0 </measResults>
            </measValue>
        </measInfo>
        <measInfo measInfoId="117496861">
            <granPeriod duration="PT3600S" endTime="2021-08-12T00:00:00+08:00"/>
            <repPeriod duration="PT3600S"/>
            <measTypes>117501013 117501014 117501015 117501016 117501017 117501018 </measTypes>
            <measValue measObjLdn="nm2USN01/Diameter link:nodeName=link, Link No.=0">
                <measResults>0 0 0 0 0 0 </measResults>
            </measValue>
            <measValue measObjLdn="nm2USN01/Diameter link:nodeName=link, Link No.=1">
                <measResults>0 0 0 0 0 0 </measResults>
            </measValue>
            <measValue measObjLdn="nm2USN01/Diameter link:nodeName=link, Link No.=10">
                <measResults>53239 53238 97 53135 6 0 </measResults>
            </measValue>
            <measValue measObjLdn="nm2USN01/Diameter link:nodeName=link, Link No.=11">
                <measResults>53280 53284 74 53209 1 0 </measResults>
            </measValue>
            <measValue measObjLdn="nm2USN01/Diameter link:nodeName=link, Link No.=12">
                <measResults>53291 53290 81 53207 2 0 </measResults>
            </measValue>
            <measValue measObjLdn="nm2USN01/Diameter link:nodeName=link, Link No.=13">
                <measResults>53239 53240 89 53148 3 0 </measResults>
            </measValue>
            <measValue measObjLdn="nm2USN01/Diameter link:nodeName=link, Link No.=14">
                <measResults>53473 53476 89 53384 3 0 </measResults>
            </measValue>
            <measValue measObjLdn="nm2USN01/Diameter link:nodeName=link, Link No.=15">
                <measResults>53168 53169 78 53088 3 0 </measResults>
            </measValue>
            <measValue measObjLdn="nm2USN01/Diameter link:nodeName=link, Link No.=2">
                <measResults>0 0 0 0 0 0 </measResults>
            </measValue>
            <measValue measObjLdn="nm2USN01/Diameter link:nodeName=link, Link No.=3">
                <measResults>0 0 0 0 0 0 </measResults>
            </measValue>
            <measValue measObjLdn="nm2USN01/Diameter link:nodeName=link, Link No.=4">
                <measResults>0 0 0 0 0 0 </measResults>
            </measValue>
            <measValue measObjLdn="nm2USN01/Diameter link:nodeName=link, Link No.=5">
                <measResults>0 0 0 0 0 0 </measResults>
            </measValue>
            <measValue measObjLdn="nm2USN01/Diameter link:nodeName=link, Link No.=6">
                <measResults>0 0 0 0 0 0 </measResults>
            </measValue>
            <measValue measObjLdn="nm2USN01/Diameter link:nodeName=link, Link No.=7">
                <measResults>0 0 0 0 0 0 </measResults>
            </measValue>
            <measValue measObjLdn="nm2USN01/Diameter link:nodeName=link, Link No.=8">
                <measResults>53041 53039 85 52952 2 0 </measResults>
            </measValue>
            <measValue measObjLdn="nm2USN01/Diameter link:nodeName=link, Link No.=9">
                <measResults>53297 53296 91 53202 3 0 </measResults>
            </measValue>
        </measInfo>
        <measInfo measInfoId="117490516">
            <granPeriod duration="PT3600S" endTime="2021-08-12T00:00:00+08:00"/>
            <repPeriod duration="PT3600S"/>
            <measTypes>117490912 117490913 117490914 </measTypes>
            <measValue measObjLdn="nm2USN01/Diameter linkset:nodeName=link, Diameter links index=10">
                <measResults>0 0 8 </measResults>
            </measValue>
            <measValue measObjLdn="nm2USN01/Diameter linkset:nodeName=link, Diameter links index=11">
                <measResults>0 0 8 </measResults>
            </measValue>
        </measInfo>
        <measInfo measInfoId="1912209433">
            <granPeriod duration="PT3600S" endTime="2021-08-12T00:00:00+08:00"/>
            <repPeriod duration="PT3600S"/>
            <measTypes>1912209771 1912209772 </measTypes>
            <measValue measObjLdn="nm2USN01/VM_USN:nodeName=link, VM NAME=SPU_O_0070">
                <measResults>0 0 </measResults>
            </measValue>
            <measValue measObjLdn="nm2USN01/VM_USN:nodeName=link, VM NAME=SPU_O_0071">
                <measResults>0 0 </measResults>
            </measValue>
            <measValue measObjLdn="nm2USN01/VM_USN:nodeName=link, VM NAME=SPU_O_0072">
                <measResults>0 0 </measResults>
            </measValue>
            <measValue measObjLdn="nm2USN01/VM_USN:nodeName=link, VM NAME=SPU_O_0080">
                <measResults>512760 512716 </measResults>
            </measValue>
            <measValue measObjLdn="nm2USN01/VM_USN:nodeName=link, VM NAME=SPU_O_0084">
                <measResults>110720 110707 </measResults>
            </measValue>
            <measValue measObjLdn="nm2USN01/VM_USN:nodeName=link, VM NAME=SPU_O_0085">
                <measResults>382710 382339 </measResults>
            </measValue>
            <measValue measObjLdn="nm2USN01/VM_USN:nodeName=link, VM NAME=SPU_O_0086">
                <measResults>0 0 </measResults>
            </measValue>
            <measValue measObjLdn="nm2USN01/VM_USN:nodeName=link, VM NAME=SPU_O_0087">
                <measResults>21785 21785 </measResults>
            </measValue>
            <measValue measObjLdn="nm2USN01/VM_USN:nodeName=link, VM NAME=SPU_O_0089">
                <measResults>0 0 </measResults>
            </measValue>
        </measInfo>
        <measInfo measInfoId="1912209434">
            <granPeriod duration="PT3600S" endTime="2021-08-12T00:00:00+08:00"/>
            <repPeriod duration="PT3600S"/>
            <measTypes>1912209821 1912209822 </measTypes>
            <measValue measObjLdn="nm2USN01/VM_USN:nodeName=link, VM NAME=SPU_O_0070">
                <measResults>0 0 </measResults>
            </measValue>
            <measValue measObjLdn="nm2USN01/VM_USN:nodeName=link, VM NAME=SPU_O_0071">
                <measResults>0 0 </measResults>
            </measValue>
            <measValue measObjLdn="nm2USN01/VM_USN:nodeName=link, VM NAME=SPU_O_0072">
                <measResults>0 0 </measResults>
            </measValue>
            <measValue measObjLdn="nm2USN01/VM_USN:nodeName=link, VM NAME=SPU_O_0080">
                <measResults>27542 27940 </measResults>
            </measValue>
            <measValue measObjLdn="nm2USN01/VM_USN:nodeName=link, VM NAME=SPU_O_0084">
                <measResults>0 0 </measResults>
            </measValue>
            <measValue measObjLdn="nm2USN01/VM_USN:nodeName=link, VM NAME=SPU_O_0085">
                <measResults>2308 2308 </measResults>
            </measValue>
            <measValue measObjLdn="nm2USN01/VM_USN:nodeName=link, VM NAME=SPU_O_0086">
                <measResults>0 0 </measResults>
            </measValue>
            <measValue measObjLdn="nm2USN01/VM_USN:nodeName=link, VM NAME=SPU_O_0087">
                <measResults>0 0 </measResults>
            </measValue>
            <measValue measObjLdn="nm2USN01/VM_USN:nodeName=link, VM NAME=SPU_O_0089">
                <measResults>0 0 </measResults>
            </measValue>
        </measInfo>
        <measInfo measInfoId="1912209437">
            <granPeriod duration="PT3600S" endTime="2021-08-12T00:00:00+08:00"/>
            <repPeriod duration="PT3600S"/>
            <measTypes>1912209800 1912209801 </measTypes>
            <measValue measObjLdn="nm2USN01/RU_USN:nodeName=link, RU NAME=LINK_SP_RU_0064">
                <measResults>23 19 </measResults>
            </measValue>
            <measValue measObjLdn="nm2USN01/RU_USN:nodeName=link, RU NAME=LINK_SP_RU_0065">
                <measResults>23 19 </measResults>
            </measValue>
            <measValue measObjLdn="nm2USN01/RU_USN:nodeName=link, RU NAME=LINK_SP_RU_0066">
                <measResults>23 19 </measResults>
            </measValue>
            <measValue measObjLdn="nm2USN01/RU_USN:nodeName=link, RU NAME=LINK_SP_RU_0067">
                <measResults>24 20 </measResults>
            </measValue>
            <measValue measObjLdn="nm2USN01/RU_USN:nodeName=link, RU NAME=LINK_SP_RU_0068">
                <measResults>24 20 </measResults>
            </measValue>
            <measValue measObjLdn="nm2USN01/RU_USN:nodeName=link, RU NAME=LINK_SP_RU_0069">
                <measResults>23 19 </measResults>
            </measValue>
            <measValue measObjLdn="nm2USN01/RU_USN:nodeName=link, RU NAME=LINK_SP_RU_0070">
                <measResults>26 20 </measResults>
            </measValue>
            <measValue measObjLdn="nm2USN01/RU_USN:nodeName=link, RU NAME=LINK_SP_RU_0071">
                <measResults>23 20 </measResults>
            </measValue>
            <measValue measObjLdn="nm2USN01/RU_USN:nodeName=link, RU NAME=LINK_SP_RU_0072">
                <measResults>23 20 </measResults>
            </measValue>
        </measInfo>
        <measInfo measInfoId="1912209438">
            <granPeriod duration="PT3600S" endTime="2021-08-12T00:00:00+08:00"/>
            <repPeriod duration="PT3600S"/>
            <measTypes>1912209810 1912209811 </measTypes>
            <measValue measObjLdn="nm2USN01/ScaleGroup_USN:nodeName=link, ScaleRroupName=SG1_LINK">
                <measResults>21 20 </measResults>
            </measValue>
        </measInfo>
    </measData>
    <fileFooter>
        <measCollec endTime="2021-08-12T00:00:00+08:00"/>
    </fileFooter>
</measCollecFile>
