<?xml version="1.0" encoding="UTF-8"?>
<measCollecFile xmlns="http://www.3gpp.org/ftp/specs/archive/32_series/32.435#measCollec">
<fileHeader fileFormatVersion="32.435 V10.0" vendorName="Nokia Networks">
<fileSender elementType="HSSFE"/>
<measCollec beginTime="2021-08-21T22:30:00+08:00"/>
</fileHeader>
<measData>
<managedElement/>
<measInfo measInfoId="NETWORK">
<granPeriod duration="PT900S" endTime="2021-08-21T22:45:00+08:00"/>
<repPeriod duration="PT900S"/>
<measTypes>bytesTransmitted packetsTransmitted packetsReceived bytesReceived</measTypes>
<measValue measObjLdn="PLMN-PLMN/HSSFE-HSSGHL02/BRM-hssghl02/NET-eth3">
<measResults>0 0 0 0</measResults>
</measValue>
</measInfo>
<measInfo measInfoId="NETWORK">
<granPeriod duration="PT900S" endTime="2021-08-21T22:45:00+08:00"/>
<repPeriod duration="PT900S"/>
<measTypes>bytesTransmitted packetsTransmitted packetsReceived bytesReceived</measTypes>
<measValue measObjLdn="PLMN-PLMN/HSSFE-HSSGHL02/BRM-hssghl02/NET-eth4">
<measResults>0 0 2118 254168</measResults>
</measValue>
</measInfo>
<measInfo measInfoId="NETWORK">
<granPeriod duration="PT900S" endTime="2021-08-21T22:45:00+08:00"/>
<repPeriod duration="PT900S"/>
<measTypes>bytesTransmitted packetsTransmitted packetsReceived bytesReceived</measTypes>
<measValue measObjLdn="PLMN-PLMN/HSSFE-HSSGHL02/BRM-hssghl02/NET-eth5">
<measResults>0 0 2117 254108</measResults>
</measValue>
</measInfo>
<measInfo measInfoId="NETWORK">
<granPeriod duration="PT900S" endTime="2021-08-21T22:45:00+08:00"/>
<repPeriod duration="PT900S"/>
<measTypes>bytesTransmitted packetsTransmitted packetsReceived bytesReceived</measTypes>
<measValue measObjLdn="PLMN-PLMN/HSSFE-HSSGHL02/BRM-hssghl02/NET-eth2">
<measResults>0 0 0 0</measResults>
</measValue>
</measInfo>
<measInfo measInfoId="NETWORK">
<granPeriod duration="PT900S" endTime="2021-08-21T22:45:00+08:00"/>
<repPeriod duration="PT900S"/>
<measTypes>bytesTransmitted packetsTransmitted packetsReceived bytesReceived</measTypes>
<measValue measObjLdn="PLMN-PLMN/HSSFE-HSSGHL02/BRM-hssghl02/NET-eth1">
<measResults>0 0 3 180</measResults>
</measValue>
</measInfo>
<measInfo measInfoId="NETWORK">
<granPeriod duration="PT900S" endTime="2021-08-21T22:45:00+08:00"/>
<repPeriod duration="PT900S"/>
<measTypes>bytesTransmitted packetsTransmitted packetsReceived bytesReceived</measTypes>
<measValue measObjLdn="PLMN-PLMN/HSSFE-HSSGHL02/BRM-hssghl02/NET-eth0">
<measResults>421662 4903 4189 2005578</measResults>
</measValue>
</measInfo>
<measInfo measInfoId="NETWORK">
<granPeriod duration="PT900S" endTime="2021-08-21T22:45:00+08:00"/>
<repPeriod duration="PT900S"/>
<measTypes>bytesTransmitted packetsTransmitted packetsReceived bytesReceived</measTypes>
<measValue measObjLdn="PLMN-PLMN/HSSFE-HSSGHL02/BRM-hssghl02/NET-lo">
<measResults>20281490 88796 88796 20281490</measResults>
</measValue>
</measInfo>
<measInfo measInfoId="CPU">
<granPeriod duration="PT900S" endTime="2021-08-21T22:45:00+08:00"/>
<repPeriod duration="PT900S"/>
<measTypes>cpuLoad cpuUsed</measTypes>
<measValue measObjLdn="PLMN-PLMN/HSSFE-HSSGHL02/BRM-hssghl02/CPU-9">
<measResults>2 652</measResults>
</measValue>
</measInfo>
<measInfo measInfoId="CPU">
<granPeriod duration="PT900S" endTime="2021-08-21T22:45:00+08:00"/>
<repPeriod duration="PT900S"/>
<measTypes>cpuLoad cpuUsed</measTypes>
<measValue measObjLdn="PLMN-PLMN/HSSFE-HSSGHL02/BRM-hssghl02/CPU-8">
<measResults>3 892</measResults>
</measValue>
</measInfo>
<measInfo measInfoId="CPU">
<granPeriod duration="PT900S" endTime="2021-08-21T22:45:00+08:00"/>
<repPeriod duration="PT900S"/>
<measTypes>cpuLoad cpuUsed</measTypes>
<measValue measObjLdn="PLMN-PLMN/HSSFE-HSSGHL02/BRM-hssghl02/CPU-7">
<measResults>6 1408</measResults>
</measValue>
</measInfo>
<measInfo measInfoId="CPU">
<granPeriod duration="PT900S" endTime="2021-08-21T22:45:00+08:00"/>
<repPeriod duration="PT900S"/>
<measTypes>cpuLoad cpuUsed</measTypes>
<measValue measObjLdn="PLMN-PLMN/HSSFE-HSSGHL02/BRM-hssghl02/CPU-10">
<measResults>2 554</measResults>
</measValue>
</measInfo>
<measInfo measInfoId="CPU">
<granPeriod duration="PT900S" endTime="2021-08-21T22:45:00+08:00"/>
<repPeriod duration="PT900S"/>
<measTypes>cpuLoad cpuUsed</measTypes>
<measValue measObjLdn="PLMN-PLMN/HSSFE-HSSGHL02/BRM-hssghl02/CPU-6">
<measResults>4 922</measResults>
</measValue>
</measInfo>
<measInfo measInfoId="CPU">
<granPeriod duration="PT900S" endTime="2021-08-21T22:45:00+08:00"/>
<repPeriod duration="PT900S"/>
<measTypes>cpuLoad cpuUsed</measTypes>
<measValue measObjLdn="PLMN-PLMN/HSSFE-HSSGHL02/BRM-hssghl02/CPU-11">
<measResults>2 476</measResults>
</measValue>
</measInfo>
<measInfo measInfoId="CPU">
<granPeriod duration="PT900S" endTime="2021-08-21T22:45:00+08:00"/>
<repPeriod duration="PT900S"/>
<measTypes>cpuLoad cpuUsed</measTypes>
<measValue measObjLdn="PLMN-PLMN/HSSFE-HSSGHL02/BRM-hssghl02/CPU-5">
<measResults>2 482</measResults>
</measValue>
</measInfo>
<measInfo measInfoId="CPU">
<granPeriod duration="PT900S" endTime="2021-08-21T22:45:00+08:00"/>
<repPeriod duration="PT900S"/>
<measTypes>cpuLoad cpuUsed</measTypes>
<measValue measObjLdn="PLMN-PLMN/HSSFE-HSSGHL02/BRM-hssghl02/CPU-4">
<measResults>2 476</measResults>
</measValue>
</measInfo>
<measInfo measInfoId="CPU">
<granPeriod duration="PT900S" endTime="2021-08-21T22:45:00+08:00"/>
<repPeriod duration="PT900S"/>
<measTypes>cpuLoad cpuUsed</measTypes>
<measValue measObjLdn="PLMN-PLMN/HSSFE-HSSGHL02/BRM-hssghl02/CPU-3">
<measResults>3 706</measResults>
</measValue>
</measInfo>
<measInfo measInfoId="CPU">
<granPeriod duration="PT900S" endTime="2021-08-21T22:45:00+08:00"/>
<repPeriod duration="PT900S"/>
<measTypes>cpuLoad cpuUsed</measTypes>
<measValue measObjLdn="PLMN-PLMN/HSSFE-HSSGHL02/BRM-hssghl02/CPU-2">
<measResults>3 802</measResults>
</measValue>
</measInfo>
<measInfo measInfoId="CPU">
<granPeriod duration="PT900S" endTime="2021-08-21T22:45:00+08:00"/>
<repPeriod duration="PT900S"/>
<measTypes>cpuLoad cpuUsed</measTypes>
<measValue measObjLdn="PLMN-PLMN/HSSFE-HSSGHL02/BRM-hssghl02/CPU-1">
<measResults>7 1597</measResults>
</measValue>
</measInfo>
<measInfo measInfoId="CPU">
<granPeriod duration="PT900S" endTime="2021-08-21T22:45:00+08:00"/>
<repPeriod duration="PT900S"/>
<measTypes>cpuLoad cpuUsed</measTypes>
<measValue measObjLdn="PLMN-PLMN/HSSFE-HSSGHL02/BRM-hssghl02/CPU-0">
<measResults>42 9587</measResults>
</measValue>
</measInfo>
<measInfo measInfoId="AGGREGAT">
<granPeriod duration="PT900S" endTime="2021-08-21T22:45:00+08:00"/>
<repPeriod duration="PT900S"/>
<measTypes>sysUptime sysAvailability memUsed memFree swapUsed swapFree cpuAverageLoad cpuPeakLoad cpuPercentageOverValue</measTypes>
<measValue measObjLdn="PLMN-PLMN/HSSFE-HSSGHL02/BRM-hssghl02">
<measResults>184024558 100 13260876 36157544 0 6291452 11 14 0</measResults>
</measValue>
</measInfo>
<measInfo measInfoId="FS">
<granPeriod duration="PT900S" endTime="2021-08-21T22:45:00+08:00"/>
<repPeriod duration="PT900S"/>
<measTypes>fsUsed</measTypes>
<measValue measObjLdn="PLMN-PLMN/HSSFE-HSSGHL02/BRM-hssghl02/FS-tmpfs">
<measResults>1</measResults>
</measValue>
</measInfo>
<measInfo measInfoId="FS">
<granPeriod duration="PT900S" endTime="2021-08-21T22:45:00+08:00"/>
<repPeriod duration="PT900S"/>
<measTypes>fsUsed</measTypes>
<measValue measObjLdn="PLMN-PLMN/HSSFE-HSSGHL02/BRM-hssghl02/FS-_dev_sda1">
<measResults>16</measResults>
</measValue>
</measInfo>
<measInfo measInfoId="FS">
<granPeriod duration="PT900S" endTime="2021-08-21T22:45:00+08:00"/>
<repPeriod duration="PT900S"/>
<measTypes>fsUsed</measTypes>
<measValue measObjLdn="PLMN-PLMN/HSSFE-HSSGHL02/BRM-hssghl02/FS-_dev_mapper_vg00_root">
<measResults>54</measResults>
</measValue>
</measInfo>
<measInfo measInfoId="FS">
<granPeriod duration="PT900S" endTime="2021-08-21T22:45:00+08:00"/>
<repPeriod duration="PT900S"/>
<measTypes>fsUsed</measTypes>
<measValue measObjLdn="PLMN-PLMN/HSSFE-HSSGHL02/BRM-hssghl02/FS-_dev_mapper_vg00_SolidBackup">
<measResults>4</measResults>
</measValue>
</measInfo>
<measInfo measInfoId="FS">
<granPeriod duration="PT900S" endTime="2021-08-21T22:45:00+08:00"/>
<repPeriod duration="PT900S"/>
<measTypes>fsUsed</measTypes>
<measValue measObjLdn="PLMN-PLMN/HSSFE-HSSGHL02/BRM-hssghl02/FS-_dev_mapper_vg00_SMAW">
<measResults>31</measResults>
</measValue>
</measInfo>
<measInfo measInfoId="FS">
<granPeriod duration="PT900S" endTime="2021-08-21T22:45:00+08:00"/>
<repPeriod duration="PT900S"/>
<measTypes>fsUsed</measTypes>
<measValue measObjLdn="PLMN-PLMN/HSSFE-HSSGHL02/BRM-hssghl02/FS-_dev_mapper_vg00_tmp">
<measResults>2</measResults>
</measValue>
</measInfo>
<measInfo measInfoId="FS">
<granPeriod duration="PT900S" endTime="2021-08-21T22:45:00+08:00"/>
<repPeriod duration="PT900S"/>
<measTypes>fsUsed</measTypes>
<measValue measObjLdn="PLMN-PLMN/HSSFE-HSSGHL02/BRM-hssghl02/FS-_dev_mapper_vg00_home">
<measResults>55</measResults>
</measValue>
</measInfo>
<measInfo measInfoId="FS">
<granPeriod duration="PT900S" endTime="2021-08-21T22:45:00+08:00"/>
<repPeriod duration="PT900S"/>
<measTypes>fsUsed</measTypes>
<measValue measObjLdn="PLMN-PLMN/HSSFE-HSSGHL02/BRM-hssghl02/FS-_dev_mapper_vg00_tspsolid">
<measResults>41</measResults>
</measValue>
</measInfo>
<measInfo measInfoId="FS">
<granPeriod duration="PT900S" endTime="2021-08-21T22:45:00+08:00"/>
<repPeriod duration="PT900S"/>
<measTypes>fsUsed</measTypes>
<measValue measObjLdn="PLMN-PLMN/HSSFE-HSSGHL02/BRM-hssghl02/FS-_dev_mapper_vg00_TspOam">
<measResults>9</measResults>
</measValue>
</measInfo>
<measInfo measInfoId="FS">
<granPeriod duration="PT900S" endTime="2021-08-21T22:45:00+08:00"/>
<repPeriod duration="PT900S"/>
<measTypes>fsUsed</measTypes>
<measValue measObjLdn="PLMN-PLMN/HSSFE-HSSGHL02/BRM-hssghl02/FS-_dev_mapper_vg00_appsolid">
<measResults>5</measResults>
</measValue>
</measInfo>
<measInfo measInfoId="FS">
<granPeriod duration="PT900S" endTime="2021-08-21T22:45:00+08:00"/>
<repPeriod duration="PT900S"/>
<measTypes>fsUsed</measTypes>
<measValue measObjLdn="PLMN-PLMN/HSSFE-HSSGHL02/BRM-hssghl02/FS-_dev_mapper_vg00_var">
<measResults>9</measResults>
</measValue>
</measInfo>
<measInfo measInfoId="FS">
<granPeriod duration="PT900S" endTime="2021-08-21T22:45:00+08:00"/>
<repPeriod duration="PT900S"/>
<measTypes>fsUsed</measTypes>
<measValue measObjLdn="PLMN-PLMN/HSSFE-HSSGHL02/BRM-hssghl02/FS-_dev_mapper_vg00_Charging">
<measResults>13</measResults>
</measValue>
</measInfo>
<measInfo measInfoId="FS">
<granPeriod duration="PT900S" endTime="2021-08-21T22:45:00+08:00"/>
<repPeriod duration="PT900S"/>
<measTypes>fsUsed</measTypes>
<measValue measObjLdn="PLMN-PLMN/HSSFE-HSSGHL02/BRM-hssghl02/FS-_dev_mapper_vg00_dump">
<measResults>23</measResults>
</measValue>
</measInfo>
<measInfo measInfoId="FS">
<granPeriod duration="PT900S" endTime="2021-08-21T22:45:00+08:00"/>
<repPeriod duration="PT900S"/>
<measTypes>fsUsed</measTypes>
<measValue measObjLdn="PLMN-PLMN/HSSFE-HSSGHL02/BRM-hssghl02/FS-_dev_mapper_vg00_TspFt">
<measResults>2</measResults>
</measValue>
</measInfo>
<measInfo measInfoId="FS">
<granPeriod duration="PT900S" endTime="2021-08-21T22:45:00+08:00"/>
<repPeriod duration="PT900S"/>
<measTypes>fsUsed</measTypes>
<measValue measObjLdn="PLMN-PLMN/HSSFE-HSSGHL02/BRM-hssghl02/FS-_dev_mapper_vg00_TspCore">
<measResults>14</measResults>
</measValue>
</measInfo>
<measInfo measInfoId="FS">
<granPeriod duration="PT900S" endTime="2021-08-21T22:45:00+08:00"/>
<repPeriod duration="PT900S"/>
<measTypes>fsUsed</measTypes>
<measValue measObjLdn="PLMN-PLMN/HSSFE-HSSGHL02/BRM-hssghl02/FS-_dev_mapper_vg00_TspTicketCache">
<measResults>4</measResults>
</measValue>
</measInfo>
</measData>
<fileFooter>
<measCollec endTime="2021-08-21T22:45:00+08:00"/>
</fileFooter>
</measCollecFile>