<?xml version="1.0" encoding="UTF-8"?>
<measCollecFile xmlns="http://latest/nmc-omc/cmNrm.doc#measCollec" xmlns:xsi="http://www.w3.org/2001/XMLSchema-instance" xsi:schemaLocation="http://latest/nmc-omc/cmNrm.doc#measCollec schema\pmResultSchedule.xsd">
    <fileHeader fileFormatVersion="32.435 V7.2" vendorName="Huawei">
        <fileSender elementType="SPSV3"/>
        <measCollec beginTime="2021-08-12T10:15:00+08:00"/>
    </fileHeader>
    <measData>
        <managedElement userLabel="CloudSPS01_SPS"/>
        <measInfo measInfoId="1753250071">
            <granPeriod duration="PT900S" endTime="2021-08-12T10:30:00+08:00"/>
            <repPeriod duration="PT900S"/>
            <measTypes>1753357621 1753357622 1753357623 1753357624 1753357625 1753357626 1753357627 1753357628 1753357629 1753357631 1753357632 1753357634 </measTypes>
            <measValue measObjLdn="CloudSPS01_SPS/Diameter Peer:Peer name=UGW2_CEB_S6B_3">
                <measResults>0 30 0 0 0 30 0 0 0 0 0 0 </measResults>
            </measValue>
            <measValue measObjLdn="CloudSPS01_SPS/Diameter Peer:Peer name=UGW2_CEB_GX_4">
                <measResults>0 32 0 0 0 32 0 0 0 0 0 0 </measResults>
            </measValue>
            <measValue measObjLdn="CloudSPS01_SPS/Diameter Peer:Peer name=UGW2_CEB_S6B_6">
                <measResults>0 34 0 0 0 34 0 0 0 0 0 0 </measResults>
            </measValue>
            <measValue measObjLdn="CloudSPS01_SPS/Diameter Peer:Peer name=UGW2_CEB_GX_6">
                <measResults>0 30 0 0 0 30 0 0 0 0 0 0 </measResults>
            </measValue>
            <measValue measObjLdn="CloudSPS01_SPS/Diameter Peer:Peer name=UGW2_CEB_S6B_2">
                <measResults>0 35 0 0 0 35 0 0 0 0 0 0 </measResults>
            </measValue>
            <measValue measObjLdn="CloudSPS01_SPS/Diameter Peer:Peer name=UGW2_CEB_GX_7">
                <measResults>0 31 0 0 0 31 0 0 0 0 0 0 </measResults>
            </measValue>
            <measValue measObjLdn="CloudSPS01_SPS/Diameter Peer:Peer name=TMBPCSCF01">
                <measResults>0 720 0 0 0 720 0 0 0 0 0 0 </measResults>
            </measValue>
            <measValue measObjLdn="CloudSPS01_SPS/Diameter Peer:Peer name=TMBAAA01">
                <measResults>0 60 0 0 0 60 0 0 0 0 0 0 </measResults>
            </measValue>
            <measValue measObjLdn="CloudSPS01_SPS/Diameter Peer:Peer name=PQTBUGW_GX01">
                <measResults>0 180 0 0 0 180 0 0 0 0 0 0 </measResults>
            </measValue>
            <measValue measObjLdn="CloudSPS01_SPS/Diameter Peer:Peer name=UGW2_CEB_S6B_1">
                <measResults>0 32 0 0 0 32 0 0 0 0 0 0 </measResults>
            </measValue>
            <measValue measObjLdn="CloudSPS01_SPS/Diameter Peer:Peer name=TMBSCSCF01">
                <measResults>0 716 0 0 0 716 0 0 0 0 0 0 </measResults>
            </measValue>
            <measValue measObjLdn="CloudSPS01_SPS/Diameter Peer:Peer name=UGW2_CEB_GX_5">
                <measResults>0 32 0 0 0 32 0 0 0 0 0 0 </measResults>
            </measValue>
            <measValue measObjLdn="CloudSPS01_SPS/Diameter Peer:Peer name=UGW2_CEB_GX_1">
                <measResults>0 31 0 0 0 31 0 0 0 0 0 0 </measResults>
            </measValue>
            <measValue measObjLdn="CloudSPS01_SPS/Diameter Peer:Peer name=TNT_UPCCTB">
                <measResults>0 0 0 0 0 0 0 0 0 0 0 0 </measResults>
            </measValue>
            <measValue measObjLdn="CloudSPS01_SPS/Diameter Peer:Peer name=UGW2_CEB_S6B_7">
                <measResults>0 35 0 0 0 35 0 0 0 0 0 0 </measResults>
            </measValue>
            <measValue measObjLdn="CloudSPS01_SPS/Diameter Peer:Peer name=CEBU USN2">
                <measResults>0 0 0 0 0 0 0 0 0 0 0 0 </measResults>
            </measValue>
            <measValue measObjLdn="CloudSPS01_SPS/Diameter Peer:Peer name=UGW2_CEB_S6B_5">
                <measResults>0 30 0 0 0 30 0 0 0 0 0 0 </measResults>
            </measValue>
            <measValue measObjLdn="CloudSPS01_SPS/Diameter Peer:Peer name=FEHSSQC01">
                <measResults>0 0 0 0 0 0 0 0 0 0 0 0 </measResults>
            </measValue>
            <measValue measObjLdn="CloudSPS01_SPS/Diameter Peer:Peer name=UGW2_CEB_S6B_4">
                <measResults>0 32 0 0 0 32 0 0 0 0 0 0 </measResults>
            </measValue>
            <measValue measObjLdn="CloudSPS01_SPS/Diameter Peer:Peer name=UGW2_CEB_GX_3">
                <measResults>0 31 0 0 0 31 0 0 0 0 0 0 </measResults>
            </measValue>
            <measValue measObjLdn="CloudSPS01_SPS/Diameter Peer:Peer name=SUN_UPCC_IDC">
                <measResults>0 450 0 0 0 450 0 0 0 0 0 0 </measResults>
            </measValue>
            <measValue measObjLdn="CloudSPS01_SPS/Diameter Peer:Peer name=SUN_UPCC_CEB">
                <measResults>0 0 0 0 0 0 0 0 0 0 0 0 </measResults>
            </measValue>
            <measValue measObjLdn="CloudSPS01_SPS/Diameter Peer:Peer name=TMBATS01">
                <measResults>0 719 0 0 0 719 0 0 0 0 0 0 </measResults>
            </measValue>
            <measValue measObjLdn="CloudSPS01_SPS/Diameter Peer:Peer name=PQTBUGW_S6B01">
                <measResults>0 180 0 0 0 180 0 0 0 0 0 0 </measResults>
            </measValue>
            <measValue measObjLdn="CloudSPS01_SPS/Diameter Peer:Peer name=UGW2_CEB_GX_2">
                <measResults>0 34 0 0 0 34 0 0 0 0 0 0 </measResults>
            </measValue>
            <measValue measObjLdn="CloudSPS01_SPS/Diameter Peer:Peer name=TMBICSCF01">
                <measResults>371015 0 371015 0 371018 0 0 371018 0 0 442 411 </measResults>
            </measValue>
            <measValue measObjLdn="CloudSPS01_SPS/Diameter Peer:Peer name=PQTBMME01">
                <measResults>0 60 0 0 0 60 0 0 0 0 0 0 </measResults>
            </measValue>
        </measInfo>
        <measInfo measInfoId="1753250021">
            <granPeriod duration="PT900S" endTime="2021-08-12T10:30:00+08:00"/>
            <repPeriod duration="PT900S"/>
            <measTypes>1753354731 1753354732 </measTypes>
            <measValue measObjLdn="CloudSPS01_SPS/Diameter Peer(Cx/Dx):Peer name=TMBSCSCF01/Command Name:601">
                <measResults>0 0 </measResults>
            </measValue>
            <measValue measObjLdn="CloudSPS01_SPS/Diameter Peer(Cx/Dx):Peer name=TMBSCSCF01/Command Name:603">
                <measResults>0 0 </measResults>
            </measValue>
            <measValue measObjLdn="CloudSPS01_SPS/Diameter Peer(Cx/Dx):Peer name=TMBICSCF01/Command Name:609">
                <measResults>0 0 </measResults>
            </measValue>
            <measValue measObjLdn="CloudSPS01_SPS/Diameter Peer(Cx/Dx):Peer name=TMBICSCF01/Command Name:605">
                <measResults>46999 0 </measResults>
            </measValue>
            <measValue measObjLdn="CloudSPS01_SPS/Diameter Peer(Cx/Dx):Peer name=TMBSCSCF01/Command Name:604">
                <measResults>0 0 </measResults>
            </measValue>
            <measValue measObjLdn="CloudSPS01_SPS/Diameter Peer(Cx/Dx):Peer name=TMBSCSCF01/Command Name:606">
                <measResults>0 0 </measResults>
            </measValue>
            <measValue measObjLdn="CloudSPS01_SPS/Diameter Peer(Cx/Dx):Peer name=TMBSCSCF01/Command Name:609">
                <measResults>0 0 </measResults>
            </measValue>
            <measValue measObjLdn="CloudSPS01_SPS/Diameter Peer(Cx/Dx):Peer name=TMBICSCF01/Command Name:600">
                <measResults>0 0 </measResults>
            </measValue>
            <measValue measObjLdn="CloudSPS01_SPS/Diameter Peer(Cx/Dx):Peer name=TMBSCSCF01/Command Name:607">
                <measResults>0 0 </measResults>
            </measValue>
            <measValue measObjLdn="CloudSPS01_SPS/Diameter Peer(Cx/Dx):Peer name=TMBICSCF01/Command Name:608">
                <measResults>0 0 </measResults>
            </measValue>
            <measValue measObjLdn="CloudSPS01_SPS/Diameter Peer(Cx/Dx):Peer name=TMBICSCF01/Command Name:611">
                <measResults>0 0 </measResults>
            </measValue>
            <measValue measObjLdn="CloudSPS01_SPS/Diameter Peer(Cx/Dx):Peer name=TMBICSCF01/Command Name:610">
                <measResults>0 0 </measResults>
            </measValue>
            <measValue measObjLdn="CloudSPS01_SPS/Diameter Peer(Cx/Dx):Peer name=TMBSCSCF01/Command Name:600">
                <measResults>0 0 </measResults>
            </measValue>
            <measValue measObjLdn="CloudSPS01_SPS/Diameter Peer(Cx/Dx):Peer name=TMBICSCF01/Command Name:604">
                <measResults>0 46999 </measResults>
            </measValue>
            <measValue measObjLdn="CloudSPS01_SPS/Diameter Peer(Cx/Dx):Peer name=TMBICSCF01/Command Name:606">
                <measResults>0 0 </measResults>
            </measValue>
            <measValue measObjLdn="CloudSPS01_SPS/Diameter Peer(Cx/Dx):Peer name=TMBSCSCF01/Command Name:608">
                <measResults>0 0 </measResults>
            </measValue>
            <measValue measObjLdn="CloudSPS01_SPS/Diameter Peer(Cx/Dx):Peer name=TMBICSCF01/Command Name:602">
                <measResults>0 0 </measResults>
            </measValue>
            <measValue measObjLdn="CloudSPS01_SPS/Diameter Peer(Cx/Dx):Peer name=TMBSCSCF01/Command Name:610">
                <measResults>0 0 </measResults>
            </measValue>
            <measValue measObjLdn="CloudSPS01_SPS/Diameter Peer(Cx/Dx):Peer name=TMBSCSCF01/Command Name:605">
                <measResults>0 0 </measResults>
            </measValue>
            <measValue measObjLdn="CloudSPS01_SPS/Diameter Peer(Cx/Dx):Peer name=TMBICSCF01/Command Name:603">
                <measResults>0 0 </measResults>
            </measValue>
            <measValue measObjLdn="CloudSPS01_SPS/Diameter Peer(Cx/Dx):Peer name=TMBSCSCF01/Command Name:602">
                <measResults>0 0 </measResults>
            </measValue>
            <measValue measObjLdn="CloudSPS01_SPS/Diameter Peer(Cx/Dx):Peer name=TMBICSCF01/Command Name:607">
                <measResults>0 0 </measResults>
            </measValue>
            <measValue measObjLdn="CloudSPS01_SPS/Diameter Peer(Cx/Dx):Peer name=TMBSCSCF01/Command Name:611">
                <measResults>0 0 </measResults>
            </measValue>
            <measValue measObjLdn="CloudSPS01_SPS/Diameter Peer(Cx/Dx):Peer name=TMBICSCF01/Command Name:601">
                <measResults>0 0 </measResults>
            </measValue>
        </measInfo>
        <measInfo measInfoId="1753250024">
            <granPeriod duration="PT900S" endTime="2021-08-12T10:30:00+08:00"/>
            <repPeriod duration="PT900S"/>
            <measTypes>1753354781 1753354782 </measTypes>
            <measValue measObjLdn="CloudSPS01_SPS/Diameter Peer(Rx):Peer name=TNT_UPCCTB/Command Name:516">
                <measResults>0 0 </measResults>
            </measValue>
            <measValue measObjLdn="CloudSPS01_SPS/Diameter Peer(Rx):Peer name=TNT_UPCCTB/Command Name:549">
                <measResults>0 0 </measResults>
            </measValue>
            <measValue measObjLdn="CloudSPS01_SPS/Diameter Peer(Rx):Peer name=SUN_UPCC_IDC/Command Name:550">
                <measResults>0 0 </measResults>
            </measValue>
            <measValue measObjLdn="CloudSPS01_SPS/Diameter Peer(Rx):Peer name=SUN_UPCC_CEB/Command Name:550">
                <measResults>0 0 </measResults>
            </measValue>
            <measValue measObjLdn="CloudSPS01_SPS/Diameter Peer(Rx):Peer name=TNT_UPCCTB/Command Name:551">
                <measResults>0 0 </measResults>
            </measValue>
            <measValue measObjLdn="CloudSPS01_SPS/Diameter Peer(Rx):Peer name=TMBPCSCF01/Command Name:551">
                <measResults>0 0 </measResults>
            </measValue>
            <measValue measObjLdn="CloudSPS01_SPS/Diameter Peer(Rx):Peer name=TMBPCSCF01/Command Name:516">
                <measResults>0 0 </measResults>
            </measValue>
            <measValue measObjLdn="CloudSPS01_SPS/Diameter Peer(Rx):Peer name=TNT_UPCCTB/Command Name:550">
                <measResults>0 0 </measResults>
            </measValue>
            <measValue measObjLdn="CloudSPS01_SPS/Diameter Peer(Rx):Peer name=SUN_UPCC_CEB/Command Name:530">
                <measResults>0 0 </measResults>
            </measValue>
            <measValue measObjLdn="CloudSPS01_SPS/Diameter Peer(Rx):Peer name=TMBPCSCF01/Command Name:550">
                <measResults>0 0 </measResults>
            </measValue>
            <measValue measObjLdn="CloudSPS01_SPS/Diameter Peer(Rx):Peer name=TMBPCSCF01/Command Name:531">
                <measResults>0 0 </measResults>
            </measValue>
            <measValue measObjLdn="CloudSPS01_SPS/Diameter Peer(Rx):Peer name=TNT_UPCCTB/Command Name:517">
                <measResults>0 0 </measResults>
            </measValue>
            <measValue measObjLdn="CloudSPS01_SPS/Diameter Peer(Rx):Peer name=SUN_UPCC_IDC/Command Name:531">
                <measResults>0 0 </measResults>
            </measValue>
            <measValue measObjLdn="CloudSPS01_SPS/Diameter Peer(Rx):Peer name=SUN_UPCC_CEB/Command Name:551">
                <measResults>0 0 </measResults>
            </measValue>
            <measValue measObjLdn="CloudSPS01_SPS/Diameter Peer(Rx):Peer name=TMBPCSCF01/Command Name:517">
                <measResults>0 0 </measResults>
            </measValue>
            <measValue measObjLdn="CloudSPS01_SPS/Diameter Peer(Rx):Peer name=SUN_UPCC_IDC/Command Name:549">
                <measResults>0 0 </measResults>
            </measValue>
            <measValue measObjLdn="CloudSPS01_SPS/Diameter Peer(Rx):Peer name=SUN_UPCC_IDC/Command Name:548">
                <measResults>0 0 </measResults>
            </measValue>
            <measValue measObjLdn="CloudSPS01_SPS/Diameter Peer(Rx):Peer name=SUN_UPCC_CEB/Command Name:548">
                <measResults>0 0 </measResults>
            </measValue>
            <measValue measObjLdn="CloudSPS01_SPS/Diameter Peer(Rx):Peer name=TNT_UPCCTB/Command Name:531">
                <measResults>0 0 </measResults>
            </measValue>
            <measValue measObjLdn="CloudSPS01_SPS/Diameter Peer(Rx):Peer name=SUN_UPCC_IDC/Command Name:551">
                <measResults>0 0 </measResults>
            </measValue>
            <measValue measObjLdn="CloudSPS01_SPS/Diameter Peer(Rx):Peer name=SUN_UPCC_CEB/Command Name:531">
                <measResults>0 0 </measResults>
            </measValue>
            <measValue measObjLdn="CloudSPS01_SPS/Diameter Peer(Rx):Peer name=SUN_UPCC_CEB/Command Name:516">
                <measResults>0 0 </measResults>
            </measValue>
            <measValue measObjLdn="CloudSPS01_SPS/Diameter Peer(Rx):Peer name=SUN_UPCC_CEB/Command Name:517">
                <measResults>0 0 </measResults>
            </measValue>
            <measValue measObjLdn="CloudSPS01_SPS/Diameter Peer(Rx):Peer name=SUN_UPCC_IDC/Command Name:517">
                <measResults>0 0 </measResults>
            </measValue>
            <measValue measObjLdn="CloudSPS01_SPS/Diameter Peer(Rx):Peer name=SUN_UPCC_IDC/Command Name:530">
                <measResults>0 0 </measResults>
            </measValue>
            <measValue measObjLdn="CloudSPS01_SPS/Diameter Peer(Rx):Peer name=TNT_UPCCTB/Command Name:548">
                <measResults>0 0 </measResults>
            </measValue>
            <measValue measObjLdn="CloudSPS01_SPS/Diameter Peer(Rx):Peer name=SUN_UPCC_CEB/Command Name:549">
                <measResults>0 0 </measResults>
            </measValue>
            <measValue measObjLdn="CloudSPS01_SPS/Diameter Peer(Rx):Peer name=TMBPCSCF01/Command Name:530">
                <measResults>0 0 </measResults>
            </measValue>
            <measValue measObjLdn="CloudSPS01_SPS/Diameter Peer(Rx):Peer name=TNT_UPCCTB/Command Name:530">
                <measResults>0 0 </measResults>
            </measValue>
            <measValue measObjLdn="CloudSPS01_SPS/Diameter Peer(Rx):Peer name=TMBPCSCF01/Command Name:549">
                <measResults>0 0 </measResults>
            </measValue>
            <measValue measObjLdn="CloudSPS01_SPS/Diameter Peer(Rx):Peer name=SUN_UPCC_IDC/Command Name:516">
                <measResults>0 0 </measResults>
            </measValue>
            <measValue measObjLdn="CloudSPS01_SPS/Diameter Peer(Rx):Peer name=TMBPCSCF01/Command Name:548">
                <measResults>0 0 </measResults>
            </measValue>
        </measInfo>
        <measInfo measInfoId="1753250009">
            <granPeriod duration="PT900S" endTime="2021-08-12T10:30:00+08:00"/>
            <repPeriod duration="PT900S"/>
            <measTypes>1753354400 1753354401 1753354402 1753354403 1754257650 </measTypes>
            <measValue measObjLdn="CloudSPS01_SPS/SPS:0">
                <measResults>411 370765 370759 56 87.319 </measResults>
            </measValue>
        </measInfo>
        <measInfo measInfoId="1753250010">
            <granPeriod duration="PT900S" endTime="2021-08-12T10:30:00+08:00"/>
            <repPeriod duration="PT900S"/>
            <measTypes>1753354409 1753354410 1753354411 1753354412 1753354413 1753354414 1753354415 1753354416 1753354421 1753354422 1753354423 1753354424 1753354425 1753354426 1753354427 1753354428 1753354433 1753354434 1753354435 1753354436 1753354437 1753354438 1753354439 1753354440 1753354445 1753354446 1753354447 1753354448 1753354449 1753354450 1753354451 1753354452 1753354457 1753354458 1753354459 1753354460 1753354461 1753354462 1753354463 1753354464 1753354469 1753354470 1753354471 1753354472 1753354473 1753354474 1753354475 1753354476 1753359807 1753359808 1753359809 1753359810 1753359811 1753359812 1753359813 1753359814 1753359815 1753359816 1753359817 1753359818 1753359819 1753359820 1753359821 1753359822 1753359823 1753359824 1753359825 1753359826 1753359827 1753359828 1753359829 1753359830 1753359831 1753359832 1753359833 1753359834 1753359835 1753359836 1753359837 1753359838 1753359839 1753359840 1753359841 1753359842 1753359843 1753359844 1753359845 1753359846 1753359847 1753359848 1753359849 1753359850 1753359851 1753359852 1753359853 1753359854 </measTypes>
            <measValue measObjLdn="CloudSPS01_SPS/SPS:0">
                <measResults>0 0 0 0 0 0 0 0 0 0 0 0 0 0 0 0 0 0 0 0 0 0 0 0 0 0 0 0 0 0 0 0 0 0 0 0 0 0 0 0 0 0 0 0 0 0 0 0 46999 0 0 46999 14505 0 0 11381 0 0 0 0 0 0 0 0 0 0 0 0 0 0 0 0 0 0 0 0 0 0 0 0 0 0 0 0 0 0 0 0 0 0 0 0 0 0 0 0 </measResults>
            </measValue>
        </measInfo>
        <measInfo measInfoId="1753250011">
            <granPeriod duration="PT900S" endTime="2021-08-12T10:30:00+08:00"/>
            <repPeriod duration="PT900S"/>
            <measTypes>1753354491 1753354492 1753354493 1753354494 1753358169 </measTypes>
            <measValue measObjLdn="CloudSPS01_SPS/SPS:0">
                <measResults>47016 0 0 0 0 </measResults>
            </measValue>
        </measInfo>
        <measInfo measInfoId="1753250051">
            <granPeriod duration="PT900S" endTime="2021-08-12T10:30:00+08:00"/>
            <repPeriod duration="PT900S"/>
            <measTypes>1753356651 1753356652 1753356653 1753356654 1753356655 1753356656 1753356657 1753356658 1753356659 1753356660 1753357833 1753357834 1753357835 1753357836 1753357837 1753358204 1753358205 1753358206 1753358207 1753358208 1753358228 1753358510 1753358511 1753358512 1753358513 1753358514 1753358531 1753358532 1753358533 1753358534 1753358535 1753358542 1753358543 1753358544 1753358545 1753358546 1753359391 1753359392 1753359393 1753359394 1753359671 </measTypes>
            <measValue measObjLdn="CloudSPS01_SPS/SPS:0">
                <measResults>51 0 0 0 0 0 0 0 0 0 0 0 0 0 0 0 0 0 0 0 0 0 0 0 0 0 0 0 0 0 0 0 0 0 0 0 0 0 0 0 0 </measResults>
            </measValue>
        </measInfo>
        <measInfo measInfoId="1753250087">
            <granPeriod duration="PT900S" endTime="2021-08-12T10:30:00+08:00"/>
            <repPeriod duration="PT900S"/>
            <measTypes>1753357894 1753357895 1753357896 1753357897 1753357898 1753357899 1753357900 1753357901 1753357902 1753357903 1753357904 1753357905 1753357906 1753357907 1753357908 1753357909 1753357910 1753357911 1753357912 1753357913 1753357914 1753357915 1753357916 1753357917 1753357918 1753357919 1753357920 1753357921 1753357922 1753357923 1753357924 </measTypes>
            <measValue measObjLdn="CloudSPS01_SPS/Diameter Peer(Gx):Peer name=UGW2_CEB_GX_6/Command Name:1637">
                <measResults>0 0 0 0 0 0 0 0 0 0 0 0 0 0 0 0 0 0 0 0 0 0 0 0 0 0 0 0 0 0 0 </measResults>
            </measValue>
            <measValue measObjLdn="CloudSPS01_SPS/Diameter Peer(Gx):Peer name=UGW2_CEB_GX_3/Command Name:1635">
                <measResults>0 0 0 0 0 0 0 0 0 0 0 0 0 0 0 0 0 0 0 0 0 0 0 0 0 0 0 0 0 0 0 </measResults>
            </measValue>
            <measValue measObjLdn="CloudSPS01_SPS/Diameter Peer(Gx):Peer name=UGW2_CEB_GX_4/Command Name:1635">
                <measResults>0 0 0 0 0 0 0 0 0 0 0 0 0 0 0 0 0 0 0 0 0 0 0 0 0 0 0 0 0 0 0 </measResults>
            </measValue>
            <measValue measObjLdn="CloudSPS01_SPS/Diameter Peer(Gx):Peer name=UGW2_CEB_GX_2/Command Name:1635">
                <measResults>0 0 0 0 0 0 0 0 0 0 0 0 0 0 0 0 0 0 0 0 0 0 0 0 0 0 0 0 0 0 0 </measResults>
            </measValue>
            <measValue measObjLdn="CloudSPS01_SPS/Diameter Peer(Gx):Peer name=UGW2_CEB_GX_4/Command Name:1636">
                <measResults>0 0 0 0 0 0 0 0 0 0 0 0 0 0 0 0 0 0 0 0 0 0 0 0 0 0 0 0 0 0 0 </measResults>
            </measValue>
            <measValue measObjLdn="CloudSPS01_SPS/Diameter Peer(Gx):Peer name=TNT_UPCCTB/Command Name:516">
                <measResults>0 0 0 0 0 0 0 0 0 0 0 0 0 0 0 0 0 0 0 0 0 0 0 0 0 0 0 0 0 0 0 </measResults>
            </measValue>
            <measValue measObjLdn="CloudSPS01_SPS/Diameter Peer(Gx):Peer name=UGW2_CEB_GX_1/Command Name:1637">
                <measResults>0 0 0 0 0 0 0 0 0 0 0 0 0 0 0 0 0 0 0 0 0 0 0 0 0 0 0 0 0 0 0 </measResults>
            </measValue>
            <measValue measObjLdn="CloudSPS01_SPS/Diameter Peer(Gx):Peer name=UGW2_CEB_GX_2/Command Name:1637">
                <measResults>0 0 0 0 0 0 0 0 0 0 0 0 0 0 0 0 0 0 0 0 0 0 0 0 0 0 0 0 0 0 0 </measResults>
            </measValue>
            <measValue measObjLdn="CloudSPS01_SPS/Diameter Peer(Gx):Peer name=SUN_UPCC_CEB/Command Name:1636">
                <measResults>0 0 0 0 0 0 0 0 0 0 0 0 0 0 0 0 0 0 0 0 0 0 0 0 0 0 0 0 0 0 0 </measResults>
            </measValue>
            <measValue measObjLdn="CloudSPS01_SPS/Diameter Peer(Gx):Peer name=UGW2_CEB_GX_7/Command Name:1636">
                <measResults>0 0 0 0 0 0 0 0 0 0 0 0 0 0 0 0 0 0 0 0 0 0 0 0 0 0 0 0 0 0 0 </measResults>
            </measValue>
            <measValue measObjLdn="CloudSPS01_SPS/Diameter Peer(Gx):Peer name=UGW2_CEB_GX_6/Command Name:1636">
                <measResults>0 0 0 0 0 0 0 0 0 0 0 0 0 0 0 0 0 0 0 0 0 0 0 0 0 0 0 0 0 0 0 </measResults>
            </measValue>
            <measValue measObjLdn="CloudSPS01_SPS/Diameter Peer(Gx):Peer name=UGW2_CEB_GX_5/Command Name:1635">
                <measResults>0 0 0 0 0 0 0 0 0 0 0 0 0 0 0 0 0 0 0 0 0 0 0 0 0 0 0 0 0 0 0 </measResults>
            </measValue>
            <measValue measObjLdn="CloudSPS01_SPS/Diameter Peer(Gx):Peer name=UGW2_CEB_GX_4/Command Name:516">
                <measResults>0 0 0 0 0 0 0 0 0 0 0 0 0 0 0 0 0 0 0 0 0 0 0 0 0 0 0 0 0 0 0 </measResults>
            </measValue>
            <measValue measObjLdn="CloudSPS01_SPS/Diameter Peer(Gx):Peer name=UGW2_CEB_GX_7/Command Name:516">
                <measResults>0 0 0 0 0 0 0 0 0 0 0 0 0 0 0 0 0 0 0 0 0 0 0 0 0 0 0 0 0 0 0 </measResults>
            </measValue>
            <measValue measObjLdn="CloudSPS01_SPS/Diameter Peer(Gx):Peer name=UGW2_CEB_GX_7/Command Name:1637">
                <measResults>0 0 0 0 0 0 0 0 0 0 0 0 0 0 0 0 0 0 0 0 0 0 0 0 0 0 0 0 0 0 0 </measResults>
            </measValue>
            <measValue measObjLdn="CloudSPS01_SPS/Diameter Peer(Gx):Peer name=UGW2_CEB_GX_6/Command Name:1635">
                <measResults>0 0 0 0 0 0 0 0 0 0 0 0 0 0 0 0 0 0 0 0 0 0 0 0 0 0 0 0 0 0 0 </measResults>
            </measValue>
            <measValue measObjLdn="CloudSPS01_SPS/Diameter Peer(Gx):Peer name=UGW2_CEB_GX_7/Command Name:1635">
                <measResults>0 0 0 0 0 0 0 0 0 0 0 0 0 0 0 0 0 0 0 0 0 0 0 0 0 0 0 0 0 0 0 </measResults>
            </measValue>
            <measValue measObjLdn="CloudSPS01_SPS/Diameter Peer(Gx):Peer name=PQTBUGW_GX01/Command Name:1636">
                <measResults>0 0 0 0 0 0 0 0 0 0 0 0 0 0 0 0 0 0 0 0 0 0 0 0 0 0 0 0 0 0 0 </measResults>
            </measValue>
            <measValue measObjLdn="CloudSPS01_SPS/Diameter Peer(Gx):Peer name=UGW2_CEB_GX_4/Command Name:1637">
                <measResults>0 0 0 0 0 0 0 0 0 0 0 0 0 0 0 0 0 0 0 0 0 0 0 0 0 0 0 0 0 0 0 </measResults>
            </measValue>
            <measValue measObjLdn="CloudSPS01_SPS/Diameter Peer(Gx):Peer name=UGW2_CEB_GX_3/Command Name:516">
                <measResults>0 0 0 0 0 0 0 0 0 0 0 0 0 0 0 0 0 0 0 0 0 0 0 0 0 0 0 0 0 0 0 </measResults>
            </measValue>
            <measValue measObjLdn="CloudSPS01_SPS/Diameter Peer(Gx):Peer name=PQTBUGW_GX01/Command Name:1635">
                <measResults>0 0 0 0 0 0 0 0 0 0 0 0 0 0 0 0 0 0 0 0 0 0 0 0 0 0 0 0 0 0 0 </measResults>
            </measValue>
            <measValue measObjLdn="CloudSPS01_SPS/Diameter Peer(Gx):Peer name=UGW2_CEB_GX_5/Command Name:1636">
                <measResults>0 0 0 0 0 0 0 0 0 0 0 0 0 0 0 0 0 0 0 0 0 0 0 0 0 0 0 0 0 0 0 </measResults>
            </measValue>
            <measValue measObjLdn="CloudSPS01_SPS/Diameter Peer(Gx):Peer name=SUN_UPCC_CEB/Command Name:516">
                <measResults>0 0 0 0 0 0 0 0 0 0 0 0 0 0 0 0 0 0 0 0 0 0 0 0 0 0 0 0 0 0 0 </measResults>
            </measValue>
            <measValue measObjLdn="CloudSPS01_SPS/Diameter Peer(Gx):Peer name=UGW2_CEB_GX_3/Command Name:1636">
                <measResults>0 0 0 0 0 0 0 0 0 0 0 0 0 0 0 0 0 0 0 0 0 0 0 0 0 0 0 0 0 0 0 </measResults>
            </measValue>
            <measValue measObjLdn="CloudSPS01_SPS/Diameter Peer(Gx):Peer name=UGW2_CEB_GX_5/Command Name:1637">
                <measResults>0 0 0 0 0 0 0 0 0 0 0 0 0 0 0 0 0 0 0 0 0 0 0 0 0 0 0 0 0 0 0 </measResults>
            </measValue>
            <measValue measObjLdn="CloudSPS01_SPS/Diameter Peer(Gx):Peer name=SUN_UPCC_IDC/Command Name:1635">
                <measResults>0 0 0 0 0 0 0 0 0 0 0 0 0 0 0 0 0 0 0 0 0 0 0 0 0 0 0 0 0 0 0 </measResults>
            </measValue>
            <measValue measObjLdn="CloudSPS01_SPS/Diameter Peer(Gx):Peer name=UGW2_CEB_GX_1/Command Name:1636">
                <measResults>0 0 0 0 0 0 0 0 0 0 0 0 0 0 0 0 0 0 0 0 0 0 0 0 0 0 0 0 0 0 0 </measResults>
            </measValue>
            <measValue measObjLdn="CloudSPS01_SPS/Diameter Peer(Gx):Peer name=TNT_UPCCTB/Command Name:1636">
                <measResults>0 0 0 0 0 0 0 0 0 0 0 0 0 0 0 0 0 0 0 0 0 0 0 0 0 0 0 0 0 0 0 </measResults>
            </measValue>
            <measValue measObjLdn="CloudSPS01_SPS/Diameter Peer(Gx):Peer name=UGW2_CEB_GX_6/Command Name:516">
                <measResults>0 0 0 0 0 0 0 0 0 0 0 0 0 0 0 0 0 0 0 0 0 0 0 0 0 0 0 0 0 0 0 </measResults>
            </measValue>
            <measValue measObjLdn="CloudSPS01_SPS/Diameter Peer(Gx):Peer name=UGW2_CEB_GX_1/Command Name:1635">
                <measResults>0 0 0 0 0 0 0 0 0 0 0 0 0 0 0 0 0 0 0 0 0 0 0 0 0 0 0 0 0 0 0 </measResults>
            </measValue>
            <measValue measObjLdn="CloudSPS01_SPS/Diameter Peer(Gx):Peer name=PQTBUGW_GX01/Command Name:516">
                <measResults>0 0 0 0 0 0 0 0 0 0 0 0 0 0 0 0 0 0 0 0 0 0 0 0 0 0 0 0 0 0 0 </measResults>
            </measValue>
            <measValue measObjLdn="CloudSPS01_SPS/Diameter Peer(Gx):Peer name=SUN_UPCC_IDC/Command Name:1637">
                <measResults>0 0 0 0 0 0 0 0 0 0 0 0 0 0 0 0 0 0 0 0 0 0 0 0 0 0 0 0 0 0 0 </measResults>
            </measValue>
            <measValue measObjLdn="CloudSPS01_SPS/Diameter Peer(Gx):Peer name=UGW2_CEB_GX_2/Command Name:1636">
                <measResults>0 0 0 0 0 0 0 0 0 0 0 0 0 0 0 0 0 0 0 0 0 0 0 0 0 0 0 0 0 0 0 </measResults>
            </measValue>
            <measValue measObjLdn="CloudSPS01_SPS/Diameter Peer(Gx):Peer name=SUN_UPCC_IDC/Command Name:1636">
                <measResults>0 0 0 0 0 0 0 0 0 0 0 0 0 0 0 0 0 0 0 0 0 0 0 0 0 0 0 0 0 0 0 </measResults>
            </measValue>
            <measValue measObjLdn="CloudSPS01_SPS/Diameter Peer(Gx):Peer name=PQTBUGW_GX01/Command Name:1637">
                <measResults>0 0 0 0 0 0 0 0 0 0 0 0 0 0 0 0 0 0 0 0 0 0 0 0 0 0 0 0 0 0 0 </measResults>
            </measValue>
            <measValue measObjLdn="CloudSPS01_SPS/Diameter Peer(Gx):Peer name=SUN_UPCC_CEB/Command Name:1635">
                <measResults>0 0 0 0 0 0 0 0 0 0 0 0 0 0 0 0 0 0 0 0 0 0 0 0 0 0 0 0 0 0 0 </measResults>
            </measValue>
            <measValue measObjLdn="CloudSPS01_SPS/Diameter Peer(Gx):Peer name=TNT_UPCCTB/Command Name:1635">
                <measResults>0 0 0 0 0 0 0 0 0 0 0 0 0 0 0 0 0 0 0 0 0 0 0 0 0 0 0 0 0 0 0 </measResults>
            </measValue>
            <measValue measObjLdn="CloudSPS01_SPS/Diameter Peer(Gx):Peer name=UGW2_CEB_GX_1/Command Name:516">
                <measResults>0 0 0 0 0 0 0 0 0 0 0 0 0 0 0 0 0 0 0 0 0 0 0 0 0 0 0 0 0 0 0 </measResults>
            </measValue>
            <measValue measObjLdn="CloudSPS01_SPS/Diameter Peer(Gx):Peer name=TNT_UPCCTB/Command Name:1637">
                <measResults>0 0 0 0 0 0 0 0 0 0 0 0 0 0 0 0 0 0 0 0 0 0 0 0 0 0 0 0 0 0 0 </measResults>
            </measValue>
            <measValue measObjLdn="CloudSPS01_SPS/Diameter Peer(Gx):Peer name=SUN_UPCC_IDC/Command Name:516">
                <measResults>0 0 0 0 0 0 0 0 0 0 0 0 0 0 0 0 0 0 0 0 0 0 0 0 0 0 0 0 0 0 0 </measResults>
            </measValue>
            <measValue measObjLdn="CloudSPS01_SPS/Diameter Peer(Gx):Peer name=SUN_UPCC_CEB/Command Name:1637">
                <measResults>0 0 0 0 0 0 0 0 0 0 0 0 0 0 0 0 0 0 0 0 0 0 0 0 0 0 0 0 0 0 0 </measResults>
            </measValue>
            <measValue measObjLdn="CloudSPS01_SPS/Diameter Peer(Gx):Peer name=UGW2_CEB_GX_3/Command Name:1637">
                <measResults>0 0 0 0 0 0 0 0 0 0 0 0 0 0 0 0 0 0 0 0 0 0 0 0 0 0 0 0 0 0 0 </measResults>
            </measValue>
            <measValue measObjLdn="CloudSPS01_SPS/Diameter Peer(Gx):Peer name=UGW2_CEB_GX_2/Command Name:516">
                <measResults>0 0 0 0 0 0 0 0 0 0 0 0 0 0 0 0 0 0 0 0 0 0 0 0 0 0 0 0 0 0 0 </measResults>
            </measValue>
            <measValue measObjLdn="CloudSPS01_SPS/Diameter Peer(Gx):Peer name=UGW2_CEB_GX_5/Command Name:516">
                <measResults>0 0 0 0 0 0 0 0 0 0 0 0 0 0 0 0 0 0 0 0 0 0 0 0 0 0 0 0 0 0 0 </measResults>
            </measValue>
        </measInfo>
        <measInfo measInfoId="1753250014">
            <granPeriod duration="PT900S" endTime="2021-08-12T10:30:00+08:00"/>
            <repPeriod duration="PT900S"/>
            <measTypes>1753354561 1753354562 1753354563 1753354564 1753359307 1753359308 1753359309 1753359310 1753359311 1753359312 1753359313 1753359314 1753359316 1753359318 1753359319 1753359320 1753359321 1753359322 1753359323 1753359324 1753359325 1753359326 1753359327 1753359328 1753359329 </measTypes>
            <measValue measObjLdn="CloudSPS01_SPS/Service Module:Module number=5, Module type=DAU">
                <measResults>5877 0 0 0 0 0 0 100 0 0 0 0 0 0 0 0 0 0 0 0 0 0 0 0 0 </measResults>
            </measValue>
            <measValue measObjLdn="CloudSPS01_SPS/Service Module:Module number=8, Module type=DAU">
                <measResults>5877 0 0 0 0 0 0 100 0 0 0 0 0 0 0 0 0 0 0 0 0 0 0 0 0 </measResults>
            </measValue>
            <measValue measObjLdn="CloudSPS01_SPS/Service Module:Module number=1, Module type=DAU">
                <measResults>5879 0 0 0 0 0 0 100 0 0 0 0 0 0 0 0 0 0 0 0 0 0 0 0 0 </measResults>
            </measValue>
            <measValue measObjLdn="CloudSPS01_SPS/Service Module:Module number=3, Module type=DAU">
                <measResults>5870 0 0 0 0 0 0 100 0 0 0 0 0 0 0 0 0 0 0 0 0 0 0 0 0 </measResults>
            </measValue>
            <measValue measObjLdn="CloudSPS01_SPS/Service Module:Module number=482, Module type=BSG">
                <measResults>0 0 0 0 0 0 0 100 0 0 0 0 0 0 0 0 0 0 0 0 0 0 0 0 0 </measResults>
            </measValue>
            <measValue measObjLdn="CloudSPS01_SPS/Service Module:Module number=484, Module type=BSG">
                <measResults>0 0 0 0 0 0 0 100 0 0 0 0 0 0 0 0 0 0 0 0 0 0 0 0 0 </measResults>
            </measValue>
            <measValue measObjLdn="CloudSPS01_SPS/Service Module:Module number=486, Module type=BSG">
                <measResults>0 0 0 0 0 0 0 100 0 0 0 0 0 0 0 0 0 0 0 0 0 0 0 0 0 </measResults>
            </measValue>
            <measValue measObjLdn="CloudSPS01_SPS/Service Module:Module number=487, Module type=BSG">
                <measResults>0 0 0 0 0 0 0 100 0 0 0 0 0 0 0 0 0 0 0 0 0 0 0 0 0 </measResults>
            </measValue>
            <measValue measObjLdn="CloudSPS01_SPS/Service Module:Module number=7, Module type=DAU">
                <measResults>5874 0 0 0 0 0 0 100 0 0 0 0 0 0 0 0 0 0 0 0 0 0 0 0 0 </measResults>
            </measValue>
            <measValue measObjLdn="CloudSPS01_SPS/Service Module:Module number=6, Module type=DAU">
                <measResults>5871 0 0 0 0 0 0 100 0 0 0 0 0 0 0 0 0 0 0 0 0 0 0 0 0 </measResults>
            </measValue>
            <measValue measObjLdn="CloudSPS01_SPS/Service Module:Module number=483, Module type=BSG">
                <measResults>0 0 0 0 0 0 0 100 0 0 0 0 0 0 0 0 0 0 0 0 0 0 0 0 0 </measResults>
            </measValue>
            <measValue measObjLdn="CloudSPS01_SPS/Service Module:Module number=485, Module type=BSG">
                <measResults>370764 0 0 0 0 0 0 100 0 0 0 0 0 0 0 0 0 0 0 0 0 0 0 0 0 </measResults>
            </measValue>
            <measValue measObjLdn="CloudSPS01_SPS/Service Module:Module number=481, Module type=BSG">
                <measResults>0 0 0 0 0 0 0 100 0 0 0 0 0 0 0 0 0 0 0 0 0 0 0 0 0 </measResults>
            </measValue>
            <measValue measObjLdn="CloudSPS01_SPS/Service Module:Module number=2, Module type=DAU">
                <measResults>5876 0 0 0 0 0 0 100 0 0 0 0 0 0 0 0 0 0 0 0 0 0 0 0 0 </measResults>
            </measValue>
            <measValue measObjLdn="CloudSPS01_SPS/Service Module:Module number=4, Module type=DAU">
                <measResults>5875 0 0 0 0 0 0 100 0 0 0 0 0 0 0 0 0 0 0 0 0 0 0 0 0 </measResults>
            </measValue>
            <measValue measObjLdn="CloudSPS01_SPS/Service Module:Module number=488, Module type=BSG">
                <measResults>0 0 0 0 0 0 0 100 0 0 0 0 0 0 0 0 0 0 0 0 0 0 0 0 0 </measResults>
            </measValue>
        </measInfo>
        <measInfo measInfoId="1753250002">
            <granPeriod duration="PT900S" endTime="2021-08-12T10:30:00+08:00"/>
            <repPeriod duration="PT900S"/>
            <measTypes>1753354761 1753354763 1753354765 </measTypes>
            <measValue measObjLdn="CloudSPS01_SPS/SPS Module:Module number=938, Module type=DCU">
                <measResults>4 7 15 </measResults>
            </measValue>
            <measValue measObjLdn="CloudSPS01_SPS/SPS Module:Module number=5, Module type=DAU">
                <measResults>3 5 187 </measResults>
            </measValue>
            <measValue measObjLdn="CloudSPS01_SPS/SPS Module:Module number=8, Module type=DAU">
                <measResults>3 4 271 </measResults>
            </measValue>
            <measValue measObjLdn="CloudSPS01_SPS/SPS Module:Module number=1, Module type=DAU">
                <measResults>3 5 99 </measResults>
            </measValue>
            <measValue measObjLdn="CloudSPS01_SPS/SPS Module:Module number=3, Module type=DAU">
                <measResults>3 5 97 </measResults>
            </measValue>
            <measValue measObjLdn="CloudSPS01_SPS/SPS Module:Module number=482, Module type=BSG">
                <measResults>3 6 13 </measResults>
            </measValue>
            <measValue measObjLdn="CloudSPS01_SPS/SPS Module:Module number=484, Module type=BSG">
                <measResults>3 6 10 </measResults>
            </measValue>
            <measValue measObjLdn="CloudSPS01_SPS/SPS Module:Module number=486, Module type=BSG">
                <measResults>4 7 11 </measResults>
            </measValue>
            <measValue measObjLdn="CloudSPS01_SPS/SPS Module:Module number=802, Module type=IFM">
                <measResults>4 7 11 </measResults>
            </measValue>
            <measValue measObjLdn="CloudSPS01_SPS/SPS Module:Module number=487, Module type=BSG">
                <measResults>4 7 13 </measResults>
            </measValue>
            <measValue measObjLdn="CloudSPS01_SPS/SPS Module:Module number=801, Module type=IFM">
                <measResults>3 6 2 </measResults>
            </measValue>
            <measValue measObjLdn="CloudSPS01_SPS/SPS Module:Module number=7, Module type=DAU">
                <measResults>3 5 178 </measResults>
            </measValue>
            <measValue measObjLdn="CloudSPS01_SPS/SPS Module:Module number=6, Module type=DAU">
                <measResults>3 5 177 </measResults>
            </measValue>
            <measValue measObjLdn="CloudSPS01_SPS/SPS Module:Module number=483, Module type=BSG">
                <measResults>3 6 4 </measResults>
            </measValue>
            <measValue measObjLdn="CloudSPS01_SPS/SPS Module:Module number=485, Module type=BSG">
                <measResults>5 9 6 </measResults>
            </measValue>
            <measValue measObjLdn="CloudSPS01_SPS/SPS Module:Module number=481, Module type=BSG">
                <measResults>3 6 4 </measResults>
            </measValue>
            <measValue measObjLdn="CloudSPS01_SPS/SPS Module:Module number=2, Module type=DAU">
                <measResults>3 5 100 </measResults>
            </measValue>
            <measValue measObjLdn="CloudSPS01_SPS/SPS Module:Module number=4, Module type=DAU">
                <measResults>3 5 98 </measResults>
            </measValue>
            <measValue measObjLdn="CloudSPS01_SPS/SPS Module:Module number=488, Module type=BSG">
                <measResults>4 7 9 </measResults>
            </measValue>
        </measInfo>
        <measInfo measInfoId="1753250013">
            <granPeriod duration="PT900S" endTime="2021-08-12T10:30:00+08:00"/>
            <repPeriod duration="PT900S"/>
            <measTypes>1753354571 1753354572 1753354573 1753354574 1753354575 1753354576 1753354577 1753354578 1753354579 1753354580 1753354581 1753354582 1753354583 1753354584 1753354585 1753354586 1753354587 1753354588 1753354589 1753354590 1753354591 1753354592 1753354593 1753354594 1753354595 1753354596 1753354597 1753354598 1753354599 1753354600 1753354601 1753354602 1753354603 1753354604 1753354605 1753354606 1753354607 1753354608 1753354609 1753354610 1753354611 1753354612 1753354613 1753354614 1753354615 1753354616 1753354617 1753354618 1753354619 1753354620 1753354621 1753354622 1753354623 1753354624 1753354625 1753354626 1753354627 1753354628 1753354629 1753354630 </measTypes>
            <measValue measObjLdn="CloudSPS01_SPS/Diameter Peer:Peer name=UGW2_CEB_S6B_3">
                <measResults>0 0 0 0 0 0 0 0 0 0 0 0 0 0 0 0 0 0 0 0 0 0 0 0 0 0 0 0 0 0 0 0 0 0 0 0 0 0 0 0 0 0 0 0 0 0 0 0 0 0 0 0 0 0 0 0 0 0 0 0 </measResults>
            </measValue>
            <measValue measObjLdn="CloudSPS01_SPS/Diameter Peer:Peer name=UGW2_CEB_GX_4">
                <measResults>0 0 0 0 0 0 0 0 0 0 0 0 0 0 0 0 0 0 0 0 0 0 0 0 0 0 0 0 0 0 0 0 0 0 0 0 0 0 0 0 0 0 0 0 0 0 0 0 0 0 0 0 0 0 0 0 0 0 0 0 </measResults>
            </measValue>
            <measValue measObjLdn="CloudSPS01_SPS/Diameter Peer:Peer name=UGW2_CEB_S6B_6">
                <measResults>0 0 0 0 0 0 0 0 0 0 0 0 0 0 0 0 0 0 0 0 0 0 0 0 0 0 0 0 0 0 0 0 0 0 0 0 0 0 0 0 0 0 0 0 0 0 0 0 0 0 0 0 0 0 0 0 0 0 0 0 </measResults>
            </measValue>
            <measValue measObjLdn="CloudSPS01_SPS/Diameter Peer:Peer name=UGW2_CEB_GX_6">
                <measResults>0 0 0 0 0 0 0 0 0 0 0 0 0 0 0 0 0 0 0 0 0 0 0 0 0 0 0 0 0 0 0 0 0 0 0 0 0 0 0 0 0 0 0 0 0 0 0 0 0 0 0 0 0 0 0 0 0 0 0 0 </measResults>
            </measValue>
            <measValue measObjLdn="CloudSPS01_SPS/Diameter Peer:Peer name=UGW2_CEB_S6B_2">
                <measResults>0 0 0 0 0 0 0 0 0 0 0 0 0 0 0 0 0 0 0 0 0 0 0 0 0 0 0 0 0 0 0 0 0 0 0 0 0 0 0 0 0 0 0 0 0 0 0 0 0 0 0 0 0 0 0 0 0 0 0 0 </measResults>
            </measValue>
            <measValue measObjLdn="CloudSPS01_SPS/Diameter Peer:Peer name=UGW2_CEB_GX_7">
                <measResults>0 0 0 0 0 0 0 0 0 0 0 0 0 0 0 0 0 0 0 0 0 0 0 0 0 0 0 0 0 0 0 0 0 0 0 0 0 0 0 0 0 0 0 0 0 0 0 0 0 0 0 0 0 0 0 0 0 0 0 0 </measResults>
            </measValue>
            <measValue measObjLdn="CloudSPS01_SPS/Diameter Peer:Peer name=TMBPCSCF01">
                <measResults>0 0 0 0 0 0 0 0 0 0 0 0 0 0 0 0 0 0 0 0 0 0 0 0 0 0 0 0 0 0 0 0 0 0 0 0 0 0 0 0 0 0 0 0 0 0 0 0 0 0 0 0 0 0 0 0 0 0 0 0 </measResults>
            </measValue>
            <measValue measObjLdn="CloudSPS01_SPS/Diameter Peer:Peer name=TMBAAA01">
                <measResults>0 0 0 0 0 0 0 0 0 0 0 0 0 0 0 0 0 0 0 0 0 0 0 0 0 0 0 0 0 0 0 0 0 0 0 0 0 0 0 0 0 0 0 0 0 0 0 0 0 0 0 0 0 0 0 0 0 0 0 0 </measResults>
            </measValue>
            <measValue measObjLdn="CloudSPS01_SPS/Diameter Peer:Peer name=PQTBUGW_GX01">
                <measResults>0 0 0 0 0 0 0 0 0 0 0 0 0 0 0 0 0 0 0 0 0 0 0 0 0 0 0 0 0 0 0 0 0 0 0 0 0 0 0 0 0 0 0 0 0 0 0 0 0 0 0 0 0 0 0 0 0 0 0 0 </measResults>
            </measValue>
            <measValue measObjLdn="CloudSPS01_SPS/Diameter Peer:Peer name=UGW2_CEB_S6B_1">
                <measResults>0 0 0 0 0 0 0 0 0 0 0 0 0 0 0 0 0 0 0 0 0 0 0 0 0 0 0 0 0 0 0 0 0 0 0 0 0 0 0 0 0 0 0 0 0 0 0 0 0 0 0 0 0 0 0 0 0 0 0 0 </measResults>
            </measValue>
            <measValue measObjLdn="CloudSPS01_SPS/Diameter Peer:Peer name=TMBSCSCF01">
                <measResults>0 0 0 0 0 0 0 0 0 0 0 0 0 0 0 0 0 0 0 0 0 0 0 0 0 0 0 0 0 0 0 0 0 0 0 0 0 0 0 0 0 0 0 0 0 0 0 0 0 0 0 0 0 0 0 0 0 0 0 0 </measResults>
            </measValue>
            <measValue measObjLdn="CloudSPS01_SPS/Diameter Peer:Peer name=UGW2_CEB_GX_5">
                <measResults>0 0 0 0 0 0 0 0 0 0 0 0 0 0 0 0 0 0 0 0 0 0 0 0 0 0 0 0 0 0 0 0 0 0 0 0 0 0 0 0 0 0 0 0 0 0 0 0 0 0 0 0 0 0 0 0 0 0 0 0 </measResults>
            </measValue>
            <measValue measObjLdn="CloudSPS01_SPS/Diameter Peer:Peer name=UGW2_CEB_GX_1">
                <measResults>0 0 0 0 0 0 0 0 0 0 0 0 0 0 0 0 0 0 0 0 0 0 0 0 0 0 0 0 0 0 0 0 0 0 0 0 0 0 0 0 0 0 0 0 0 0 0 0 0 0 0 0 0 0 0 0 0 0 0 0 </measResults>
            </measValue>
            <measValue measObjLdn="CloudSPS01_SPS/Diameter Peer:Peer name=TNT_UPCCTB">
                <measResults>0 0 0 0 0 0 0 0 0 0 0 0 0 0 0 0 0 0 0 0 0 0 0 0 0 0 0 0 0 0 0 0 0 0 0 0 0 0 0 0 0 0 0 0 0 0 0 0 0 0 0 0 0 0 0 0 0 0 0 0 </measResults>
            </measValue>
            <measValue measObjLdn="CloudSPS01_SPS/Diameter Peer:Peer name=UGW2_CEB_S6B_7">
                <measResults>0 0 0 0 0 0 0 0 0 0 0 0 0 0 0 0 0 0 0 0 0 0 0 0 0 0 0 0 0 0 0 0 0 0 0 0 0 0 0 0 0 0 0 0 0 0 0 0 0 0 0 0 0 0 0 0 0 0 0 0 </measResults>
            </measValue>
            <measValue measObjLdn="CloudSPS01_SPS/Diameter Peer:Peer name=CEBU USN2">
                <measResults>0 0 0 0 0 0 0 0 0 0 0 0 0 0 0 0 0 0 0 0 0 0 0 0 0 0 0 0 0 0 0 0 0 0 0 0 0 0 0 0 0 0 0 0 0 0 0 0 0 0 0 0 0 0 0 0 0 0 0 0 </measResults>
            </measValue>
            <measValue measObjLdn="CloudSPS01_SPS/Diameter Peer:Peer name=UGW2_CEB_S6B_5">
                <measResults>0 0 0 0 0 0 0 0 0 0 0 0 0 0 0 0 0 0 0 0 0 0 0 0 0 0 0 0 0 0 0 0 0 0 0 0 0 0 0 0 0 0 0 0 0 0 0 0 0 0 0 0 0 0 0 0 0 0 0 0 </measResults>
            </measValue>
            <measValue measObjLdn="CloudSPS01_SPS/Diameter Peer:Peer name=FEHSSQC01">
                <measResults>0 0 0 0 0 0 0 0 0 0 0 0 0 0 0 0 0 0 0 0 0 0 0 0 0 0 0 0 0 0 0 0 0 0 0 0 0 0 0 0 0 0 0 0 0 0 0 0 0 0 0 0 0 0 0 0 0 0 0 0 </measResults>
            </measValue>
            <measValue measObjLdn="CloudSPS01_SPS/Diameter Peer:Peer name=UGW2_CEB_S6B_4">
                <measResults>0 0 0 0 0 0 0 0 0 0 0 0 0 0 0 0 0 0 0 0 0 0 0 0 0 0 0 0 0 0 0 0 0 0 0 0 0 0 0 0 0 0 0 0 0 0 0 0 0 0 0 0 0 0 0 0 0 0 0 0 </measResults>
            </measValue>
            <measValue measObjLdn="CloudSPS01_SPS/Diameter Peer:Peer name=UGW2_CEB_GX_3">
                <measResults>0 0 0 0 0 0 0 0 0 0 0 0 0 0 0 0 0 0 0 0 0 0 0 0 0 0 0 0 0 0 0 0 0 0 0 0 0 0 0 0 0 0 0 0 0 0 0 0 0 0 0 0 0 0 0 0 0 0 0 0 </measResults>
            </measValue>
            <measValue measObjLdn="CloudSPS01_SPS/Diameter Peer:Peer name=SUN_UPCC_IDC">
                <measResults>0 0 0 0 0 0 0 0 0 0 0 0 0 0 0 0 0 0 0 0 0 0 0 0 0 0 0 0 0 0 0 0 0 0 0 0 0 0 0 0 0 0 0 0 0 0 0 0 0 0 0 0 0 0 0 0 0 0 0 0 </measResults>
            </measValue>
            <measValue measObjLdn="CloudSPS01_SPS/Diameter Peer:Peer name=SUN_UPCC_CEB">
                <measResults>0 0 0 0 0 0 0 0 0 0 0 0 0 0 0 0 0 0 0 0 0 0 0 0 0 0 0 0 0 0 0 0 0 0 0 0 0 0 0 0 0 0 0 0 0 0 0 0 0 0 0 0 0 0 0 0 0 0 0 0 </measResults>
            </measValue>
            <measValue measObjLdn="CloudSPS01_SPS/Diameter Peer:Peer name=TMBATS01">
                <measResults>0 0 0 0 0 0 0 0 0 0 0 0 0 0 0 0 0 0 0 0 0 0 0 0 0 0 0 0 0 0 0 0 0 0 0 0 0 0 0 0 0 0 0 0 0 0 0 0 0 0 0 0 0 0 0 0 0 0 0 0 </measResults>
            </measValue>
            <measValue measObjLdn="CloudSPS01_SPS/Diameter Peer:Peer name=PQTBUGW_S6B01">
                <measResults>0 0 0 0 0 0 0 0 0 0 0 0 0 0 0 0 0 0 0 0 0 0 0 0 0 0 0 0 0 0 0 0 0 0 0 0 0 0 0 0 0 0 0 0 0 0 0 0 0 0 0 0 0 0 0 0 0 0 0 0 </measResults>
            </measValue>
            <measValue measObjLdn="CloudSPS01_SPS/Diameter Peer:Peer name=UGW2_CEB_GX_2">
                <measResults>0 0 0 0 0 0 0 0 0 0 0 0 0 0 0 0 0 0 0 0 0 0 0 0 0 0 0 0 0 0 0 0 0 0 0 0 0 0 0 0 0 0 0 0 0 0 0 0 0 0 0 0 0 0 0 0 0 0 0 0 </measResults>
            </measValue>
            <measValue measObjLdn="CloudSPS01_SPS/Diameter Peer:Peer name=TMBICSCF01">
                <measResults>0 0 0 47016 0 0 0 0 0 0 0 0 0 0 0 0 0 0 0 0 0 0 0 0 0 0 0 0 0 0 0 0 0 0 0 0 0 323518 0 0 0 0 0 0 0 0 0 0 0 0 0 0 0 0 0 0 0 0 0 0 </measResults>
            </measValue>
            <measValue measObjLdn="CloudSPS01_SPS/Diameter Peer:Peer name=PQTBMME01">
                <measResults>0 0 0 0 0 0 0 0 0 0 0 0 0 0 0 0 0 0 0 0 0 0 0 0 0 0 0 0 0 0 0 0 0 0 0 0 0 0 0 0 0 0 0 0 0 0 0 0 0 0 0 0 0 0 0 0 0 0 0 0 </measResults>
            </measValue>
        </measInfo>
    </measData>
    <fileFooter>
        <measCollec endTime="2021-08-12T10:30:00+08:00"/>
    </fileFooter>
</measCollecFile>
