<?xml version="1.0" encoding="UTF-8"?>
<measCollecFile xmlns="http://latest/nmc-omc/cmNrm.doc#measCollec" xmlns:xsi="http://www.w3.org/2001/XMLSchema-instance" xsi:schemaLocation="http://latest/nmc-omc/cmNrm.doc#measCollec schema\pmResultSchedule.xsd">
    <fileHeader fileFormatVersion="32.435 V7.2" vendorName="Huawei">
        <fileSender elementType="NodeB"/>
        <measCollec beginTime="2021-08-17T22:00:00+08:00"/>
    </fileHeader>
    <measData>
        <managedElement userLabel="MLBG2103HUNB001"/>
        <measInfo measInfoId="50331655">
            <granPeriod duration="PT3600S" endTime="2021-08-17T23:00:00+08:00"/>
            <repPeriod duration="PT3600S"/>
            <measTypes>50332573 50332574 50342574 50342575 50342635 50342636 </measTypes>
            <measValue measObjLdn="MLBG2103HUNB001/ULGROUP:UL BB Resource Group No.=1">
                <measResults>768 117.833 90 163.5 0 0 </measResults>
            </measValue>
            <measValue measObjLdn="MLBG2103HUNB001/ULGROUP:UL BB Resource Group No.=2">
                <measResults>1024 65.471 41.5 95.5 0 0 </measResults>
            </measValue>
        </measInfo>
        <measInfo measInfoId="50331656">
            <granPeriod duration="PT3600S" endTime="2021-08-17T23:00:00+08:00"/>
            <repPeriod duration="PT3600S"/>
            <measTypes>50332582 50332583 50332584 50332586 50342584 50342585 50342586 50342587 50342606 50342607 50342608 50342609 50342632 50342633 </measTypes>
            <measValue measObjLdn="MLBG2103HUNB001/BRD:Board Type=UBBP, Cabinet No.=0, Subrack No.=0, Slot No.=1">
                <measResults>1024 1024 0 0 0 0 0 0 0 0 0 0 0 0 </measResults>
            </measValue>
            <measValue measObjLdn="MLBG2103HUNB001/BRD:Board Type=UBBP, Cabinet No.=0, Subrack No.=0, Slot No.=2">
                <measResults>1024 768 67.067 117.833 50 84 90 163.5 4 7 9 12 0 0 </measResults>
            </measValue>
            <measValue measObjLdn="MLBG2103HUNB001/BRD:Board Type=UBBP, Cabinet No.=0, Subrack No.=0, Slot No.=3">
                <measResults>1024 1024 39.358 65.471 28 53 41.5 95.5 3 4 4 6 0 0 </measResults>
            </measValue>
            <measValue measObjLdn="MLBG2103HUNB001/BRD:Board Type=UMPT, Cabinet No.=0, Subrack No.=0, Slot No.=7">
                <measResults>0 0 0 0 0 0 0 0 0 0 0 0 0 0 </measResults>
            </measValue>
        </measInfo>
        <measInfo measInfoId="50331683">
            <granPeriod duration="PT3600S" endTime="2021-08-17T23:00:00+08:00"/>
            <repPeriod duration="PT3600S"/>
            <measTypes>50332627 </measTypes>
            <measValue measObjLdn="MLBG2103HUNB001/NODEBRRU:Cabinet No.=0, Subrack No.=60, Slot No.=0">
                <measResults>0 </measResults>
            </measValue>
            <measValue measObjLdn="MLBG2103HUNB001/NODEBRRU:Cabinet No.=0, Subrack No.=61, Slot No.=0">
                <measResults>0 </measResults>
            </measValue>
            <measValue measObjLdn="MLBG2103HUNB001/NODEBRRU:Cabinet No.=0, Subrack No.=62, Slot No.=0">
                <measResults>0 </measResults>
            </measValue>
            <measValue measObjLdn="MLBG2103HUNB001/NODEBRRU:Cabinet No.=0, Subrack No.=80, Slot No.=0">
                <measResults>0 </measResults>
            </measValue>
            <measValue measObjLdn="MLBG2103HUNB001/NODEBRRU:Cabinet No.=0, Subrack No.=81, Slot No.=0">
                <measResults>0 </measResults>
            </measValue>
            <measValue measObjLdn="MLBG2103HUNB001/NODEBRRU:Cabinet No.=0, Subrack No.=82, Slot No.=0">
                <measResults>0 </measResults>
            </measValue>
        </measInfo>
        <measInfo measInfoId="1542455297">
            <granPeriod duration="PT3600S" endTime="2021-08-17T23:00:00+08:00"/>
            <repPeriod duration="PT3600S"/>
            <measTypes>1542455297 1542455298 1542455299 1542455300 1542455301 1542455302 1542455303 1542455304 1542455305 1542455306 1542455307 1542460296 1542460297 </measTypes>
            <measValue measObjLdn="MLBG2103HUNB001/ETHPORT:Cabinet No.=0, Subrack No.=0, Slot No.=7, Port No.=0, Subboard Type=BASE_BOARD">
                <measResults>0 0 0 0 0 0 0 0 0 0 0 0 0 </measResults>
            </measValue>
            <measValue measObjLdn="MLBG2103HUNB001/ETHPORT:Cabinet No.=0, Subrack No.=0, Slot No.=7, Port No.=1, Subboard Type=BASE_BOARD">
                <measResults>1791866200 13941321 6280223229 15793108 0 9093296 2450528 3981905 38782320 3355808 13955951 1000000 1000000 </measResults>
            </measValue>
        </measInfo>
        <measInfo measInfoId="1542455301">
            <granPeriod duration="PT3600S" endTime="2021-08-17T23:00:00+08:00"/>
            <repPeriod duration="PT3600S"/>
            <measTypes>1542455326 1542455327 1542455328 1542455329 1542455330 1542455331 1542455332 1542455333 1542460727 1542460728 1542460729 </measTypes>
            <measValue measObjLdn="MLBG2103HUNB001/IP:Board Type=UMPT, Cabinet No.=0, Subrack No.=0, Slot No.=7">
                <measResults>13944635 1464000778 0 0 15796049 5890698751 0 0 24546 0 0 </measResults>
            </measValue>
        </measInfo>
        <measInfo measInfoId="1542455303">
            <granPeriod duration="PT3600S" endTime="2021-08-17T23:00:00+08:00"/>
            <repPeriod duration="PT3600S"/>
            <measTypes>1542455365 1542455367 1542455369 1542455371 1542455375 1542455376 1542455377 1542455378 </measTypes>
            <measValue measObjLdn="MLBG2103HUNB001/RSCGRP:Transmission Resource Group Bear Type=IP, Cabinet No.=0, Bearing Port No.=0, Bearing Port Type=ETH, Transmission Resource Group ID=AUTOPORT, Subboard Type=BASE_BOARD, Slot No.=7, Subrack No.=0">
                <measResults>0 0 0 0 0 0 0 0 </measResults>
            </measValue>
            <measValue measObjLdn="MLBG2103HUNB001/RSCGRP:Transmission Resource Group Bear Type=IP, Cabinet No.=0, Bearing Port No.=1, Bearing Port Type=ETH, Transmission Resource Group ID=AUTOPORT, Subboard Type=BASE_BOARD, Slot No.=7, Subrack No.=0">
                <measResults>1715034734 13944897 0 0 9000528 2334280 3810023 0 </measResults>
            </measValue>
        </measInfo>
        <measInfo measInfoId="1542455312">
            <granPeriod duration="PT3600S" endTime="2021-08-17T23:00:00+08:00"/>
            <repPeriod duration="PT3600S"/>
            <measTypes>1542460308 1542460309 1542460310 1542460311 1542460312 1542460313 1542460314 1542460315 1542460316 1542460317 1542460318 1542460319 1542460320 1542460321 1542460322 1542460323 1542460324 1542460325 1542460326 1542460327 1542460328 1542460329 1542460330 1542460331 1542460332 </measTypes>
            <measValue measObjLdn="MLBG2103HUNB001/RSCGRP:Transmission Resource Group Bear Type=IP, Cabinet No.=0, Bearing Port No.=0, Bearing Port Type=ETH, Transmission Resource Group ID=AUTOPORT, Subboard Type=BASE_BOARD, Slot No.=7, Subrack No.=0">
                <measResults>0 0 0 0 0 0 0 0 0 0 0 0 0 0 0 0 0 0 0 0 0 0 0 0 0 </measResults>
            </measValue>
            <measValue measObjLdn="MLBG2103HUNB001/RSCGRP:Transmission Resource Group Bear Type=IP, Cabinet No.=0, Bearing Port No.=1, Bearing Port Type=ETH, Transmission Resource Group ID=AUTOPORT, Subboard Type=BASE_BOARD, Slot No.=7, Subrack No.=0">
                <measResults>36739 36739 36739 0 0 0 0 0 0 0 0 0 0 7320001 0 0 0 1 0 0 0 0 0 0 0 </measResults>
            </measValue>
        </measInfo>
        <measInfo measInfoId="1542455309">
            <granPeriod duration="PT3600S" endTime="2021-08-17T23:00:00+08:00"/>
            <repPeriod duration="PT3600S"/>
            <measTypes>1542455826 1542455827 1542455828 1542455829 1542455833 1542455834 1542455835 1542455836 1542455837 1542455838 1542455839 1542455840 1542455841 1542455842 1542455843 1542455844 1542455845 1542455846 1542455847 1542455848 </measTypes>
            <measValue measObjLdn="MLBG2103HUNB001/OMCH:Standby Status=MASTER, Bearer Type=IPV4">
                <measResults>672 169 0 0 0 0 0 0 0 515 0 0 641 0 0 0 0 589 0 52 </measResults>
            </measValue>
        </measInfo>
        <measInfo measInfoId="1542455815">
            <granPeriod duration="PT3600S" endTime="2021-08-17T23:00:00+08:00"/>
            <repPeriod duration="PT3600S"/>
            <measTypes>1542460340 1542460341 1542460342 1542460343 1542460496 1542460497 1542460498 1542460499 1542460500 1542460501 1542460502 1542460503 1542460504 1542460505 1542460506 1542460507 1542460510 </measTypes>
            <measValue measObjLdn="MLBG2103HUNB001/IKE:Board Type=UMPT, Cabinet No.=0, Subrack No.=0, Slot No.=7">
                <measResults>0 0 0 0 0 0 0 0 0 0 0 0 0 0 0 0 0 </measResults>
            </measValue>
        </measInfo>
        <measInfo measInfoId="1542455817">
            <granPeriod duration="PT3600S" endTime="2021-08-17T23:00:00+08:00"/>
            <repPeriod duration="PT3600S"/>
            <measTypes>1542460356 1542460357 1542460358 1542460359 1542460360 1542460361 1542460362 1542460363 1542460364 1542460365 1542460366 1542460367 1542460368 1542460369 1542460370 1542460371 1542460372 1542460373 1542460374 1542460375 1542460376 </measTypes>
            <measValue measObjLdn="MLBG2103HUNB001/SCTPLNK:Link No.=31">
                <measResults>10600840 11203600 98745 151311 0 62096 0 23551 39816 15176 24891 27424 124651 0 0 0 0 0 0 124651 27424 </measResults>
            </measValue>
            <measValue measObjLdn="MLBG2103HUNB001/SCTPLNK:Link No.=32">
                <measResults>16327163 15839780 505651 609947 0 69984 14088 36284 62968 16528 35201 247626 441139 0 0 0 0 0 0 441139 247626 </measResults>
            </measValue>
        </measInfo>
        <measInfo measInfoId="1542455818">
            <granPeriod duration="PT3600S" endTime="2021-08-17T23:00:00+08:00"/>
            <repPeriod duration="PT3600S"/>
            <measTypes>1542455526 1542455527 1542455528 1542455529 1542455530 1542455531 1542455532 1542455533 1542455534 1542455535 </measTypes>
            <measValue measObjLdn="MLBG2103HUNB001/USERPLANEHOST:User Plane Host ID=3">
                <measResults>12952634 14973264 1384380451 5819652245 7981096 3075524 37228080 12928914 NIL NIL </measResults>
            </measValue>
        </measInfo>
        <measInfo measInfoId="1593835529">
            <granPeriod duration="PT3600S" endTime="2021-08-17T23:00:00+08:00"/>
            <repPeriod duration="PT3600S"/>
            <measTypes>1593835620 1593835628 1593835629 </measTypes>
            <measValue measObjLdn="MLBG2103HUNB001/NODE:NODE">
                <measResults>NIL 0.938 0 </measResults>
            </measValue>
        </measInfo>
        <measInfo measInfoId="1593835533">
            <granPeriod duration="PT3600S" endTime="2021-08-17T23:00:00+08:00"/>
            <repPeriod duration="PT3600S"/>
            <measTypes>1593835647 1593835648 1593835649 </measTypes>
            <measValue measObjLdn="MLBG2103HUNB001/NODE:NODE">
                <measResults>32358 32347 32352 </measResults>
            </measValue>
        </measInfo>
        <measInfo measInfoId="1593835531">
            <granPeriod duration="PT3600S" endTime="2021-08-17T23:00:00+08:00"/>
            <repPeriod duration="PT3600S"/>
            <measTypes>1593835630 1593835632 1593835633 1593835634 </measTypes>
            <measValue measObjLdn="MLBG2103HUNB001/BBUBoard:Board Type=UBBP, Cabinet No.=0, Subrack No.=0, Slot No.=1">
                <measResults>0 3 2 0 </measResults>
            </measValue>
            <measValue measObjLdn="MLBG2103HUNB001/BBUBoard:Board Type=UBBP, Cabinet No.=0, Subrack No.=0, Slot No.=2">
                <measResults>0 3 2 0 </measResults>
            </measValue>
            <measValue measObjLdn="MLBG2103HUNB001/BBUBoard:Board Type=UBBP, Cabinet No.=0, Subrack No.=0, Slot No.=3">
                <measResults>0 4 3 0 </measResults>
            </measValue>
            <measValue measObjLdn="MLBG2103HUNB001/BBUBoard:Board Type=UMPT, Cabinet No.=0, Subrack No.=0, Slot No.=7">
                <measResults>0 3 1 0 </measResults>
            </measValue>
        </measInfo>
        <measInfo measInfoId="1593835535">
            <granPeriod duration="PT3600S" endTime="2021-08-17T23:00:00+08:00"/>
            <repPeriod duration="PT3600S"/>
            <measTypes>1593835652 1593835653 1593835654 1593835655 1593835656 1593835657 1593835658 1593835659 1593835660 1593835661 1593835662 1593835663 1593835664 1593835665 1593835666 1593835667 1593835668 1593835669 1593835670 1593835671 </measTypes>
            <measValue measObjLdn="MLBG2103HUNB001/RADIOEQM:Cabinet No.=0, Subrack No.=60, Slot No.=0">
                <measResults>NIL NIL NIL NIL NIL NIL NIL NIL NIL NIL 0 0 0 0 0 0 0 0 0 0 </measResults>
            </measValue>
            <measValue measObjLdn="MLBG2103HUNB001/RADIOEQM:Cabinet No.=0, Subrack No.=61, Slot No.=0">
                <measResults>NIL NIL NIL NIL NIL NIL NIL NIL NIL NIL 0 0 0 0 0 3600 3600 3600 0 0 </measResults>
            </measValue>
            <measValue measObjLdn="MLBG2103HUNB001/RADIOEQM:Cabinet No.=0, Subrack No.=62, Slot No.=0">
                <measResults>NIL NIL NIL NIL NIL NIL NIL NIL NIL NIL 0 0 0 0 0 0 0 0 0 0 </measResults>
            </measValue>
            <measValue measObjLdn="MLBG2103HUNB001/RADIOEQM:Cabinet No.=0, Subrack No.=80, Slot No.=0">
                <measResults>NIL NIL NIL NIL NIL NIL NIL NIL NIL NIL 0 0 0 0 0 0 0 0 0 0 </measResults>
            </measValue>
            <measValue measObjLdn="MLBG2103HUNB001/RADIOEQM:Cabinet No.=0, Subrack No.=81, Slot No.=0">
                <measResults>NIL NIL NIL NIL NIL NIL NIL NIL NIL NIL 0 0 0 0 0 0 0 0 0 0 </measResults>
            </measValue>
            <measValue measObjLdn="MLBG2103HUNB001/RADIOEQM:Cabinet No.=0, Subrack No.=82, Slot No.=0">
                <measResults>NIL NIL NIL NIL NIL NIL NIL NIL NIL NIL 0 0 0 0 0 0 0 0 0 0 </measResults>
            </measValue>
        </measInfo>
        <measInfo measInfoId="1593835539">
            <granPeriod duration="PT3600S" endTime="2021-08-17T23:00:00+08:00"/>
            <repPeriod duration="PT3600S"/>
            <measTypes>1593835767 </measTypes>
            <measValue measObjLdn="MLBG2103HUNB001/RADIOEQM:Cabinet No.=0, Subrack No.=60, Slot No.=0">
                <measResults>3600 </measResults>
            </measValue>
            <measValue measObjLdn="MLBG2103HUNB001/RADIOEQM:Cabinet No.=0, Subrack No.=61, Slot No.=0">
                <measResults>3600 </measResults>
            </measValue>
            <measValue measObjLdn="MLBG2103HUNB001/RADIOEQM:Cabinet No.=0, Subrack No.=62, Slot No.=0">
                <measResults>3600 </measResults>
            </measValue>
            <measValue measObjLdn="MLBG2103HUNB001/RADIOEQM:Cabinet No.=0, Subrack No.=80, Slot No.=0">
                <measResults>3600 </measResults>
            </measValue>
            <measValue measObjLdn="MLBG2103HUNB001/RADIOEQM:Cabinet No.=0, Subrack No.=81, Slot No.=0">
                <measResults>3600 </measResults>
            </measValue>
            <measValue measObjLdn="MLBG2103HUNB001/RADIOEQM:Cabinet No.=0, Subrack No.=82, Slot No.=0">
                <measResults>3600 </measResults>
            </measValue>
        </measInfo>
        <measInfo measInfoId="1593835544">
            <granPeriod duration="PT3600S" endTime="2021-08-17T23:00:00+08:00"/>
            <repPeriod duration="PT3600S"/>
            <measTypes>1593835835 </measTypes>
            <measValue measObjLdn="MLBG2103HUNB001/BU:Cabinet No.=0, Subrack No.=0">
                <measResults>0.20259944 </measResults>
            </measValue>
        </measInfo>
        <measInfo measInfoId="1593835545">
            <granPeriod duration="PT3600S" endTime="2021-08-17T23:00:00+08:00"/>
            <repPeriod duration="PT3600S"/>
            <measTypes>1593835836 </measTypes>
            <measValue measObjLdn="MLBG2103HUNB001/BTSBoard:Cabinet No.=0, Subrack No.=60, Slot No.=0">
                <measResults>0.19779417 </measResults>
            </measValue>
            <measValue measObjLdn="MLBG2103HUNB001/BTSBoard:Cabinet No.=0, Subrack No.=61, Slot No.=0">
                <measResults>0.14429751 </measResults>
            </measValue>
            <measValue measObjLdn="MLBG2103HUNB001/BTSBoard:Cabinet No.=0, Subrack No.=62, Slot No.=0">
                <measResults>0.16274667 </measResults>
            </measValue>
            <measValue measObjLdn="MLBG2103HUNB001/BTSBoard:Cabinet No.=0, Subrack No.=80, Slot No.=0">
                <measResults>0.32309416 </measResults>
            </measValue>
            <measValue measObjLdn="MLBG2103HUNB001/BTSBoard:Cabinet No.=0, Subrack No.=81, Slot No.=0">
                <measResults>0.15365833 </measResults>
            </measValue>
            <measValue measObjLdn="MLBG2103HUNB001/BTSBoard:Cabinet No.=0, Subrack No.=82, Slot No.=0">
                <measResults>0.18699583 </measResults>
            </measValue>
        </measInfo>
        <measInfo measInfoId="50331648">
            <granPeriod duration="PT3600S" endTime="2021-08-17T23:00:00+08:00"/>
            <repPeriod duration="PT3600S"/>
            <measTypes>50331654 50331655 50331656 50331657 50331658 50331659 50331660 50331661 50331662 50331663 50331664 50331665 50331666 50331667 50331668 50331669 50331670 50331671 50331672 50331673 50331674 50331675 50331676 50331677 50331678 50331679 50331680 50331681 50331682 50331683 50331684 50331685 50331686 50331687 50331688 50331689 50331690 50331691 50331692 50331693 50331694 50331695 50331696 50331697 50331698 50331699 50331709 50331710 50331711 50331712 50331713 50331714 50331717 50331718 50331719 50331720 50331721 50331722 50331723 50331724 50331745 50331746 50331754 50331755 50331756 50331757 50331758 50331759 50331760 50331761 50331762 50331763 50331764 50331765 50331766 50331767 50331768 50331769 50331770 50331771 50331772 50331773 50331774 50331775 50331776 50331777 50331778 50331779 50331780 50331781 50331782 50331783 50331784 50331785 50331786 50331787 50331788 50331789 50331790 50331791 50331792 50331793 50331794 50331795 50331796 50331797 50331798 50331799 50331800 50331801 50331802 50331803 50331804 50331805 50331806 50331807 50331808 50331809 50331810 50331811 50331812 50331813 50331814 50331815 50331816 50331817 50331818 50331819 50331820 50331821 50331838 50331839 50331840 50332168 50332169 50332170 50332173 50332174 50332215 50332216 50332217 50341648 50341649 50341650 50341651 50341652 50341653 50341654 50341655 50341656 50341657 50341658 50341659 50341668 50341669 50341670 50341671 50341672 50341675 50341676 50341677 50341678 50341679 50341680 50341685 50341686 50341687 50341688 50341689 50341690 50341691 50341692 50341693 50341694 50341695 50341696 50341697 50341698 50341699 50341700 50341701 50341702 50341703 50341704 50341705 50341706 50341707 50341708 50341709 50341710 50341711 50341712 50341713 50341714 50341715 50341716 50341717 50341722 50341739 50341740 </measTypes>
            <measValue measObjLdn="MLBG2103HUNB001/ULoCell:NodeB Function Name=MLBG2103HUNB001, Local Cell ID=10621, Cell Name=N/A">
                <measResults>1879128 212935 97528 1642143 218279 11804 4646 2256 0 0 0 0 0 0 9795 52998 20873 33106 47155 49844 91537 88392 175587 197425 280950 292092 367768 390653 393670 637776 264865 333785 278200 331640 226088 203476 208603 185694 194813 256658 459976 336707 154164 70902 30249 16133 206133 2134230 0 0 0 0 0 0 0 0 0 640578 1343406 2190117 8513420 11458775353 0 150049 11844 14204 16887 22740 26454 79990 52612 53429 55230 75346 87090 99356 89362 102132 100750 154990 189252 177042 104033 71624 51736 34304 40481 31000 39624 36021 33451 43858 42755 102422 0 0 0 0 0 0 0 0 0 0 0 0 0 0 0 0 0 0 0 0 0 0 0 0 0 0 0 0 0 0 0 0 0 0 0 0 11458506784 1737738 5195 0 0 0 0 0 0 0 0 304 410 95 811 995 151 304 315 811 841 1000 965 3152971 6699604 403157 3152971 3267327 34 79 12 568 701 106 0 57 0 9.329 12.753 11.498 13 1.813 2 197 28 3 0 0 0 0 0 NIL 635 739 471 0 0 0 0 0 0 0 0 0 0 0 0 15691 0 10 </measResults>
            </measValue>
            <measValue measObjLdn="MLBG2103HUNB001/ULoCell:NodeB Function Name=MLBG2103HUNB001, Local Cell ID=10622, Cell Name=N/A">
                <measResults>76741 6553 5781 69299 6691 442 207 102 0 0 0 0 0 0 765 2348 669 1335 1460 1758 4257 3061 7913 8653 11925 14318 24605 32131 38041 54703 37834 54685 41071 78477 65144 51007 35396 16483 8930 5413 2770 670 132 53 14 2 35 56308 0 0 0 0 0 0 0 0 0 26631 62442 89108 99394 299638797 0 10177 508 87 202 374 514 2627 3743 5558 2195 6336 4389 5102 5395 6070 5896 7142 3511 3052 2855 1890 2672 3101 4045 996 303 193 67 63 7 0 0 0 0 0 0 0 0 0 0 0 0 0 0 0 0 0 0 0 0 0 0 0 0 0 0 0 0 0 0 0 0 0 0 0 0 0 299514223 96052 9580 0 0 0 0 0 0 0 0 12 255 0 23 998 0 13 228 26 443 914 53 82142 4562466 0 89871 1549849 1 49 0 24 820 0 0 0 0 0.336 13.977 13.994 14 0 5 18 0 0 0 0 0 0 0 NIL 829 845 695 0 0 0 0 0 0 0 0 0 0 0 0 15220 0 0 </measResults>
            </measValue>
            <measValue measObjLdn="MLBG2103HUNB001/ULoCell:NodeB Function Name=MLBG2103HUNB001, Local Cell ID=10623, Cell Name=N/A">
                <measResults>228949 31753 21987 195771 30852 1525 475 326 0 0 0 0 0 0 3707 3477 1786 1355 1746 2197 4232 4473 7811 10610 15268 19965 28989 37020 36168 41965 32910 35326 28060 35432 28036 23430 20676 25558 23786 22574 29475 41534 34507 20113 7650 3542 49035 256389 0 0 0 0 0 0 0 0 0 67395 166311 282741 326010 2041589891 0 27435 7955 418 1258 3167 1615 10829 5443 5355 4664 9952 9220 10460 9266 11581 33235 12476 7563 6439 5009 6125 7293 6921 6941 4713 2889 6570 4266 5012 6788 40388 0 0 0 0 0 0 0 0 0 0 0 0 0 0 0 0 0 0 0 0 0 0 0 0 0 0 0 0 0 0 0 0 0 0 0 0 2040611032 294799 34547 0 0 0 0 0 0 0 0 39 655 0 99 986 0 43 233 109 585 906 163 562799 13363450 0 621191 3452755 5 56 0 87 786 0 0 14 0 1.376 13.874 13.836 14.846 0 18 41 1 0 0 0 0 0 0 NIL 816 846 687 0 0 0 0 0 0 0 0 0 0 0 0 17601 0 0 </measResults>
            </measValue>
            <measValue measObjLdn="MLBG2103HUNB001/ULoCell:NodeB Function Name=MLBG2103HUNB001, Local Cell ID=50621, Cell Name=N/A">
                <measResults>1167707 151977 96520 1015254 137282 8245 4134 2792 0 0 0 0 0 0 14847 2776 3997 2148 1787 1998 3696 4516 9800 13803 26082 41478 74024 108368 147244 197982 174569 211140 191934 215828 204290 196965 215428 222183 258380 280612 557690 560896 444222 275963 178016 133931 266901 1413219 0 0 0 0 0 0 0 0 0 513707 635791 1416399 2279770 10595902474 0 162468 10159 3492 2976 5511 7694 59114 29721 15275 14529 36273 34427 52947 43727 54063 42445 49739 42277 40687 35104 35361 40214 35124 62488 47223 62687 77088 44416 73660 46995 148063 0 0 0 0 0 0 0 0 0 0 0 0 0 0 0 0 0 0 0 0 0 0 0 0 0 0 0 0 0 0 0 0 0 0 0 0 10595267314 1155454 8185 0 0 0 0 0 0 0 0 196 376 39 499 996 77 196 304 499 776 1000 641 2918417 10272173 400550 2918417 4552913 32 132 5 419 858 61 0 2 0 6.36 12.945 12.744 14 0.998 4 176 22 2 0 0 0 0 0 NIL 833 895 719 0 0 0 0 0 0 0 0 0 0 0 0 22996 0 0 </measResults>
            </measValue>
            <measValue measObjLdn="MLBG2103HUNB001/ULoCell:NodeB Function Name=MLBG2103HUNB001, Local Cell ID=50622, Cell Name=N/A">
                <measResults>36937 3757 12493 31544 3819 829 404 341 0 0 0 0 0 0 1771 37 87 28 22 42 67 86 148 194 339 494 954 1562 2132 3344 3020 3987 6347 7140 11137 10425 12344 8056 7344 3808 2792 1474 653 260 138 41 115 27266 0 0 0 0 0 0 0 0 0 28056 25025 53196 54060 225445332 0 1394 302 24 26 86 660 767 4491 413 973 618 5483 4598 1997 3538 1816 3309 1941 2037 2574 4723 3568 2365 1794 1484 944 781 171 233 62 20 0 0 0 0 0 0 0 0 0 0 0 0 0 0 0 0 0 0 0 0 0 0 0 0 0 0 0 0 0 0 0 0 0 0 0 0 225436620 52809 733 0 0 0 0 0 0 0 0 7 198 0 16 556 0 33 259 76 565 220 29 62054 2668528 0 282064 2139793 1 41 0 16 475 0 0 0 0 0.234 7.97 13.991 14.347 0 0 15 0 0 0 0 0 0 0 NIL 887 924 234 0 0 0 0 0 0 0 0 0 0 0 0 20164 0 0 </measResults>
            </measValue>
            <measValue measObjLdn="MLBG2103HUNB001/ULoCell:NodeB Function Name=MLBG2103HUNB001, Local Cell ID=50623, Cell Name=N/A">
                <measResults>657459 64753 42391 592361 58913 3955 1420 810 0 0 0 0 0 0 7241 10525 3147 4227 15995 1739 1898 1646 5327 8723 29916 42340 73661 66697 50775 35652 18915 22877 21727 30418 35141 41479 49227 58525 64063 64098 102775 130056 111408 65429 37639 27872 26763 326220 0 0 0 0 0 0 0 0 0 169704 568202 764669 1002305 3090543614 0 44010 4823 592 649 1245 1469 21818 21701 6607 59430 28761 83389 133545 76439 50369 34319 21619 10877 13073 16234 17252 16387 14208 12846 9526 10768 11093 7216 12546 8116 13420 0 0 0 0 0 0 0 0 0 0 0 0 0 0 0 0 0 0 0 0 0 0 0 0 0 0 0 0 0 0 0 0 0 0 0 0 3090294758 810282 110959 0 0 0 0 0 0 0 0 106 319 0 221 906 0 109 234 229 490 967 450 848838 6237424 0 877806 1886307 14 108 0 289 886 0 0 541 0 3.081 12.08 13.884 14 0 61 80 3 0 0 0 0 0 0 NIL 905 921 857 0 0 0 0 0 0 0 0 0 0 0 0 16330 40 0 </measResults>
            </measValue>
            <measValue measObjLdn="MLBG2103HUNB001/ULoCell:NodeB Function Name=MLBG2103HUNB001, Local Cell ID=60621, Cell Name=N/A">
                <measResults>1216823 178421 113349 1040090 157096 11327 5195 3115 0 0 0 0 0 0 18010 6311 8584 6002 5978 8825 17392 21558 43385 64162 109423 140375 180703 201184 208538 236060 205482 228831 218109 244475 235929 202573 195953 175023 178534 191385 350127 280867 237450 187162 110721 67944 170966 1500991 0 0 0 0 0 0 0 0 0 565193 772580 1508739 2361436 8712523841 0 168276 7225 2209 3735 7597 8083 80637 13811 17484 17648 39176 38403 60489 60340 85407 73493 88632 76330 74461 60734 61186 60323 48794 56561 34636 35290 39506 31036 35851 38864 82106 0 0 0 0 0 0 0 0 0 0 0 0 0 0 0 0 0 0 0 0 0 0 0 0 0 0 0 0 0 0 0 0 0 0 0 0 8712126256 1224805 13810 0 0 0 0 0 0 0 0 209 371 39 540 996 23 209 306 540 792 1000 680 2398642 8376320 71339 2398642 3527415 33 111 4 437 822 11 0 6 0 6.556 12.88 12.128 13 0.274 7 181 25 2 0 0 0 0 0 NIL 810 875 722 0 0 0 0 0 0 0 0 0 0 0 0 18092 0 0 </measResults>
            </measValue>
            <measValue measObjLdn="MLBG2103HUNB001/ULoCell:NodeB Function Name=MLBG2103HUNB001, Local Cell ID=60622, Cell Name=N/A">
                <measResults>162600 15272 19149 144747 16153 1242 307 151 0 0 0 0 0 0 4239 428 180 274 422 666 1435 1528 5714 12165 33314 36729 32779 33844 42946 66912 48685 76128 46332 43642 21939 14183 11751 7216 4950 3187 2429 963 452 256 81 9 204 130592 0 0 0 0 0 0 0 0 0 56934 139896 197034 220642 1149924414 0 5510 296 47 77 134 656 1893 2419 530 617 1383 3417 6348 5991 7673 14251 25571 22476 26923 21668 15716 11684 9815 5839 2866 1612 796 498 147 59 122 0 0 0 0 0 0 0 0 0 0 0 0 0 0 0 0 0 0 0 0 0 0 0 0 0 0 0 0 0 0 0 0 0 0 0 0 1149884927 202457 8497 0 0 0 0 0 0 0 0 27 252 0 93 995 0 30 242 105 829 890 112 316677 3436213 0 355817 2827473 4 63 0 85 896 0 0 1000 0 1.284 13.924 13.718 14 0 4 13 0 0 0 0 0 0 0 NIL 908 921 839 0 0 0 0 0 0 0 0 0 0 0 0 14636 0 0 </measResults>
            </measValue>
            <measValue measObjLdn="MLBG2103HUNB001/ULoCell:NodeB Function Name=MLBG2103HUNB001, Local Cell ID=60623, Cell Name=N/A">
                <measResults>615296 62639 51609 544077 60572 7159 2305 1183 0 0 0 0 0 0 5870 750 717 856 950 1255 2290 2566 5157 9514 19636 30130 43819 60950 65488 97001 77474 79197 86714 87736 115340 78523 77082 53468 57513 43687 60751 55352 38747 29287 28099 14002 18681 723885 0 0 0 0 0 0 0 0 0 357570 353322 729573 852428 3945583766 0 66059 3797 822 1293 2099 4278 24290 27059 8770 6748 21347 20179 32093 20458 28429 27378 40823 33096 49956 43346 53283 59094 34715 35259 22106 17462 17328 9799 5503 4050 8196 0 0 0 0 0 0 0 0 0 0 0 0 0 0 0 0 0 0 0 0 0 0 0 0 0 0 0 0 0 0 0 0 0 0 0 0 3945214374 663901 18611 0 0 0 0 0 0 0 0 101 316 0 246 944 0 101 272 246 664 998 368 1084942 4721222 0 1087116 2948212 17 86 0 217 821 0 0 119 0 3.278 12.272 13.307 14 0 10 110 6 0 0 0 0 0 0 NIL 891 917 832 0 0 0 0 0 0 0 0 0 0 0 0 17500 0 0 </measResults>
            </measValue>
        </measInfo>
        <measInfo measInfoId="50331650">
            <granPeriod duration="PT3600S" endTime="2021-08-17T23:00:00+08:00"/>
            <repPeriod duration="PT3600S"/>
            <measTypes>50332548 50332549 50332550 50332554 50342548 50342549 50342550 50342554 50342612 50342613 50342615 50342616 </measTypes>
            <measValue measObjLdn="MLBG2103HUNB001/ULoCell:NodeB Function Name=MLBG2103HUNB001, Local Cell ID=10621, Cell Name=N/A">
                <measResults>0 0 54.592 26.555 0 0 87 39 0 0 0 0 </measResults>
            </measValue>
            <measValue measObjLdn="MLBG2103HUNB001/ULoCell:NodeB Function Name=MLBG2103HUNB001, Local Cell ID=10622, Cell Name=N/A">
                <measResults>0 0 4.77 1.846 0 0 22 5 0 0 0 0 </measResults>
            </measValue>
            <measValue measObjLdn="MLBG2103HUNB001/ULoCell:NodeB Function Name=MLBG2103HUNB001, Local Cell ID=10623, Cell Name=N/A">
                <measResults>0 0 6.159 2.096 0 0 21 8 0 0 0 0 </measResults>
            </measValue>
            <measValue measObjLdn="MLBG2103HUNB001/ULoCell:NodeB Function Name=MLBG2103HUNB001, Local Cell ID=50621, Cell Name=N/A">
                <measResults>0 0 40.748 16.896 0 0 68.5 31 0 0 0 0 </measResults>
            </measValue>
            <measValue measObjLdn="MLBG2103HUNB001/ULoCell:NodeB Function Name=MLBG2103HUNB001, Local Cell ID=50622, Cell Name=N/A">
                <measResults>0 0 1.752 0.708 0 0 20.5 4 0 0 0 0 </measResults>
            </measValue>
            <measValue measObjLdn="MLBG2103HUNB001/ULoCell:NodeB Function Name=MLBG2103HUNB001, Local Cell ID=50623, Cell Name=N/A">
                <measResults>0 0 11.625 3.27 0 0 31.5 10 0 0 0 0 </measResults>
            </measValue>
            <measValue measObjLdn="MLBG2103HUNB001/ULoCell:NodeB Function Name=MLBG2103HUNB001, Local Cell ID=60621, Cell Name=N/A">
                <measResults>0 0 42.601 19.798 0 0 66.5 31 0 0 0 0 </measResults>
            </measValue>
            <measValue measObjLdn="MLBG2103HUNB001/ULoCell:NodeB Function Name=MLBG2103HUNB001, Local Cell ID=60622, Cell Name=N/A">
                <measResults>0 0 7.019 3.1 0 0 23.5 9 0 0 0 0 </measResults>
            </measValue>
            <measValue measObjLdn="MLBG2103HUNB001/ULoCell:NodeB Function Name=MLBG2103HUNB001, Local Cell ID=60623, Cell Name=N/A">
                <measResults>0 0 14.266 5.267 0 0 28 11 0 0 0 0 </measResults>
            </measValue>
        </measInfo>
        <measInfo measInfoId="50331651">
            <granPeriod duration="PT3600S" endTime="2021-08-17T23:00:00+08:00"/>
            <repPeriod duration="PT3600S"/>
            <measTypes>50331850 50331851 50331852 50331853 50331854 50331855 50331856 50331857 50331858 50331859 50331860 50331861 50331862 50331863 50331864 50331865 50331866 50331867 50331868 50331869 50331870 50331871 50331872 50331873 50331874 50331875 50331876 50331877 50331878 50331879 50331885 50331886 50331887 50331888 50331889 50331892 50331903 50331904 50331908 50331925 50331926 50331927 50331928 50331929 50331930 50331931 50331957 50331958 50331959 50331961 50331962 50331963 50331964 50331965 50331966 50331967 50331971 50331972 50331973 50331974 50331987 50331988 50331989 50331990 50331991 50331992 50331993 50331995 50332378 50332379 50332380 50332385 50332386 50332387 50332498 50332499 50332500 50332501 50332503 50332507 50332623 50332638 50341849 50341850 50341851 50341852 50341853 50341854 50341855 50341856 50341857 50341858 50341859 50341864 50341865 50341866 50341868 50341869 50341870 50341871 50341872 50341873 50341874 50341875 50341876 50341877 50341878 50341879 50341880 50341881 50341882 50341883 50341884 50341885 50341886 50341887 50341888 50341889 50341890 50341891 50341892 50341893 50341894 50341895 50341896 50341897 50341898 50341980 50341981 50341982 50341983 50341984 50341985 50341986 50341994 50361698 50361699 50361701 </measTypes>
            <measValue measObjLdn="MLBG2103HUNB001/ULoCell:NodeB Function Name=MLBG2103HUNB001, Local Cell ID=10621, Cell Name=N/A">
                <measResults>1768387 19206 7787 1381 427 229 142 72 87 29 25 25 24 18 28 32 26 16 7 9 6 2 2 2 0 2035 2082 3759064 1800004 1780958 2186210 495458 32300915 1626523 282536 9 532 556 1678972 148 0 0 0 0 0 0 0 36 24 279 0 0 0 0 0 0 4911 8977 7926 802100 13708 40564 83982 210797 188319 150528 60141 529725 1323192 780436 742435 1.208 580860 791194 0 0 NIL NIL 0 0.932 0 0 92 4.604 10.465 0.154 0.28 0 0 0 0 67 0 355 308 0 NIL NIL 6.71 0.247 0.008 0.005 0 0 71.79 0 0 0 0 0 0 1741729.5 13.909 1.016 0.303 0.132 0.146 0.028 0.011 0.003 5.126 0 0 68 NIL NIL 125 3615.356 14626.904 37607.84 97546.008 110150.023 90893.344 35502.633 123382.578 0 NIL 0 </measResults>
            </measValue>
            <measValue measObjLdn="MLBG2103HUNB001/ULoCell:NodeB Function Name=MLBG2103HUNB001, Local Cell ID=10622, Cell Name=N/A">
                <measResults>1796955 417 2494 9 6 10 8 11 15 14 31 11 8 12 1 1 1 1 0 1 1 0 0 0 0 0 3 79524 1647972 267445 127557 7204 2439508 104430 5123 0 94 166 156514 0 0 0 0 0 0 0 0 88 72 0 0 0 0 0 0 0 339 1143 1818 72337 47 1377 569 1385 2163 564 5 16064 45035 24312 26410 0.028 15825 31002 0 0 NIL NIL 0 0.006 0 0 29 0.156 1.26 0.004 0.031 0 0 0 0 15 0 6 9 0 NIL NIL 0.458 0.006 0 0 0 0 0 0 0 0 0 0 0 63618.82 0.95 0.064 0.007 0.003 0.005 0.001 0 0 0.365 0 0 260 NIL NIL 55 24.924 189.78 201.636 649.332 1093.044 158.304 2.196 1147.002 0 NIL 0 </measResults>
            </measValue>
            <measValue measObjLdn="MLBG2103HUNB001/ULoCell:NodeB Function Name=MLBG2103HUNB001, Local Cell ID=10623, Cell Name=N/A">
                <measResults>1779753 5894 1257 424 349 226 362 239 589 574 538 500 529 610 644 677 572 582 585 718 556 93 208 3411 3 113 6342 362199 1706909 621736 457697 68774 4808413 337769 33309 0 185 277 290280 4863 3443 1448 612 597 574 397 7 112 57 6149 4186 1765 570 545 545 397 70 2555 869 283448 608 1595 4971 24116 13515 5162 5644 64556 171782 159822 29528 0.12 141585 36828 0 0 NIL NIL 0 0.05 0 0 63 0.486 5.038 0.023 0.12 1 0 0 0 72 0 29 22 0 NIL NIL 2.143 0.08 0.001 0 0 0 533.094 396.264 156.042 51.084 49.278 49.278 25.686 252512.969 0.838 0.053 0.016 0.008 0.01 0.002 0 0 1.71 0 1 114 NIL NIL 92 482.28 850.706 2282.766 9493.38 7956.894 5873.28 8757.456 8431.986 0 NIL 0 </measResults>
            </measValue>
            <measValue measObjLdn="MLBG2103HUNB001/ULoCell:NodeB Function Name=MLBG2103HUNB001, Local Cell ID=50621, Cell Name=N/A">
                <measResults>1506526 103476 33316 27866 24809 20366 16581 13835 20199 13016 5974 2685 1604 1229 1226 2922 1174 1010 267 217 215 139 70 43 9 1258 3352 2681299 1800032 1742421 2439802 550398 26170390 1762372 204982 24 401 583 1565743 56271 8723 6201 5069 4769 932 0 20 111 111 229553 34094 22644 17720 16632 2853 0 15499 18206 19751 1191912 919 2869 13199 98704 140587 271697 356713 475096 1766681 1154893 411387 1.152 1229190 590269 0 0 NIL NIL 0 0.632 0 0 82 3.617 8.03 0.121 0.274 1 0 0 0 80 0 268 206 0 NIL NIL 7.796 0.74 0.022 0.002 0.001 0.001 91133.555 9490.028 5015.474 2682.828 2342.424 207.168 0 2209888.75 8.477 0.558 0.194 0.099 0.17 0.059 0.008 0.002 6.115 0 2 116 NIL NIL 101 336.744 1086.858 4724.972 42836.84 86255.305 183628.688 328220.875 89725.219 0 NIL 0 </measResults>
            </measValue>
            <measValue measObjLdn="MLBG2103HUNB001/ULoCell:NodeB Function Name=MLBG2103HUNB001, Local Cell ID=50622, Cell Name=N/A">
                <measResults>1790153 2501 691 723 618 770 1866 1463 663 263 148 69 49 14 18 10 6 1 0 0 1 0 0 0 0 3 5 66973 806957 167204 73579 8373 754269 14350 1506 3 60 0 49066 93 15 0 0 0 0 0 0 0 0 115 20 0 0 0 0 0 1 1 4 5782 55 277 243 1353 11533 6519 910 7872 24746 4796 8424 0.034 5649 19541 0 0 NIL NIL 0 0.022 0 0 72 0.097 1.447 0.002 0.057 0 0 0 0 80 0 0 2 0 NIL NIL 0.217 0.023 0.001 0 0 0 31.848 22.842 0 0 0 0 0 85232.117 0.223 0.016 0.01 0.007 0.013 0.005 0.001 0 0.178 0 0 36 NIL NIL 188 19.884 95.604 141.276 810.398 5914.248 4579.706 609.894 2943.492 0 NIL 0 </measResults>
            </measValue>
            <measValue measObjLdn="MLBG2103HUNB001/ULoCell:NodeB Function Name=MLBG2103HUNB001, Local Cell ID=50623, Cell Name=N/A">
                <measResults>1770640 14499 2759 1914 1375 531 298 223 369 394 342 299 382 180 201 176 335 454 394 305 399 396 2745 71 60 289 5155 311840 1674107 610318 409416 62761 5279931 327968 36077 6 160 856 417246 4150 3861 3777 3689 3689 3495 2585 10 30 32 9389 9017 8992 8971 8971 8919 6675 399 113 138 250799 53 130 268 2192 15283 31170 28421 2618 229124 205674 54956 0.09 159002 78974 0 0 NIL NIL 0 0.038 0 0 51 0.45 3.622 0.021 0.104 0 0 0 0 80 0 68 27 0 NIL NIL 2.157 0.066 0.002 0 0 0 745.806 396.354 392.37 386.172 386.172 368.256 246.456 301332.125 1.001 0.077 0.025 0.012 0.024 0.007 0.002 0 1.619 0 14 150 NIL NIL 7 31.308 79.656 242.292 1141.806 9697.536 19513.229 19262.355 458.334 0 NIL 0 </measResults>
            </measValue>
            <measValue measObjLdn="MLBG2103HUNB001/ULoCell:NodeB Function Name=MLBG2103HUNB001, Local Cell ID=60621, Cell Name=N/A">
                <measResults>1587089 86926 26287 20282 16706 12031 9112 7128 9244 5928 4458 3549 2677 2024 1755 1456 958 518 274 112 116 58 30 33 10 1270 2604 3040031 1800031 1778505 2617189 779912 26682825 1405985 262589 20 516 565 1528988 36887 11589 8273 3644 2154 300 0 14 74 61 149878 47901 33939 16581 9897 1965 0 13447 31518 25043 692829 3927 15700 60021 202315 196689 177858 94443 776258 1067991 685594 499061 1.274 523461 582367 0 0 NIL NIL 0 0.812 0 0 85 4.828 11.456 0.114 0.25 2 0 0 0 80 0 266 212 0 NIL NIL 6.967 0.709 0.009 0.002 0 0 43913.379 13655.616 9410.988 4310.25 2314.17 237.612 0 1943978.5 10.628 0.689 0.241 0.135 0.183 0.03 0.007 0.001 5.287 0 0 82 NIL NIL 227 1153.812 4177.602 17317.389 80541.711 83017.367 77954.406 59375.367 119698.813 0 NIL 0 </measResults>
            </measValue>
            <measValue measObjLdn="MLBG2103HUNB001/ULoCell:NodeB Function Name=MLBG2103HUNB001, Local Cell ID=60622, Cell Name=N/A">
                <measResults>1790566 5896 700 648 536 293 254 215 287 188 134 92 74 43 47 30 14 7 6 2 2 0 0 0 0 0 18 106631 1573106 319267 93877 20239 2190176 59938 10344 5 144 250 181407 111 11 0 0 0 0 0 0 8 7 149 51 0 0 0 0 0 363 1302 419 19932 74 290 2621 13167 8881 2610 97 23912 60013 19822 33037 0.048 13196 48608 0 0 NIL NIL 0 0.04 0 0 41 0.219 2.651 0.005 0.05 1 0 0 0 51 0 9 12 0 NIL NIL 0.192 0.013 0 0 0 0 42.054 14.322 0 0 0 0 0 86381.539 1.109 0.05 0.035 0.016 0.014 0.002 0 0 0.156 0 0 71 NIL NIL 177 9.87 68.616 890.994 6232.008 3531.072 1407.456 68.196 2617.926 0 NIL 0 </measResults>
            </measValue>
            <measValue measObjLdn="MLBG2103HUNB001/ULoCell:NodeB Function Name=MLBG2103HUNB001, Local Cell ID=60623, Cell Name=N/A">
                <measResults>1772087 19285 2909 1395 1288 559 448 206 289 218 179 145 117 103 103 102 111 107 51 48 112 38 25 17 10 79 502 592897 1800032 1409685 1302174 220078 8165739 1034664 100093 12 159 605 1070424 389 145 145 145 145 145 0 3 28 24 442 133 133 133 133 133 0 1006 20483 44819 856524 113 1512 10356 97760 136985 68454 15330 87158 908265 884566 97908 0.52 793299 149047 0 0 NIL NIL 0 0.168 0 0 55 1.44 4.908 0.036 0.13 1 0 0 0 80 0 49 39 0 NIL NIL 2.737 0.741 0.005 0.001 0 0 320.592 8.43 8.43 8.43 8.43 8.43 0 1149475.75 2.044 0.177 0.086 0.061 0.081 0.013 0.004 0.001 2.028 0 0 100 NIL NIL 52 69.924 595.506 5561.24 76344.781 115675.18 57265.551 12837.968 20026.305 0 NIL 0 </measResults>
            </measValue>
        </measInfo>
        <measInfo measInfoId="50331653">
            <granPeriod duration="PT3600S" endTime="2021-08-17T23:00:00+08:00"/>
            <repPeriod duration="PT3600S"/>
            <measTypes>50331748 50331749 50331750 50331751 50331752 50331753 50361697 </measTypes>
            <measValue measObjLdn="MLBG2103HUNB001/ULoCell:NodeB Function Name=MLBG2103HUNB001, Local Cell ID=10621, Cell Name=N/A">
                <measResults>0.165 0.151 0.165 0.124 0 0 0.475 </measResults>
            </measValue>
            <measValue measObjLdn="MLBG2103HUNB001/ULoCell:NodeB Function Name=MLBG2103HUNB001, Local Cell ID=10622, Cell Name=N/A">
                <measResults>0.117 0.094 0.117 0.092 0 0 0.487 </measResults>
            </measValue>
            <measValue measObjLdn="MLBG2103HUNB001/ULoCell:NodeB Function Name=MLBG2103HUNB001, Local Cell ID=10623, Cell Name=N/A">
                <measResults>1.035 0.733 1.035 0.664 0 0 0.208 </measResults>
            </measValue>
            <measValue measObjLdn="MLBG2103HUNB001/ULoCell:NodeB Function Name=MLBG2103HUNB001, Local Cell ID=50621, Cell Name=N/A">
                <measResults>1.153 0.885 1.153 0.824 0 0 0.069 </measResults>
            </measValue>
            <measValue measObjLdn="MLBG2103HUNB001/ULoCell:NodeB Function Name=MLBG2103HUNB001, Local Cell ID=50622, Cell Name=N/A">
                <measResults>0.008 0.006 0.008 0.004 0 0 0.083 </measResults>
            </measValue>
            <measValue measObjLdn="MLBG2103HUNB001/ULoCell:NodeB Function Name=MLBG2103HUNB001, Local Cell ID=50623, Cell Name=N/A">
                <measResults>0.844 0.742 0.844 0.656 0 0 0.032 </measResults>
            </measValue>
            <measValue measObjLdn="MLBG2103HUNB001/ULoCell:NodeB Function Name=MLBG2103HUNB001, Local Cell ID=60621, Cell Name=N/A">
                <measResults>0.721 0.618 0.721 0.582 0 0 0.066 </measResults>
            </measValue>
            <measValue measObjLdn="MLBG2103HUNB001/ULoCell:NodeB Function Name=MLBG2103HUNB001, Local Cell ID=60622, Cell Name=N/A">
                <measResults>0.025 0.024 0.025 0.024 0 0 0.142 </measResults>
            </measValue>
            <measValue measObjLdn="MLBG2103HUNB001/ULoCell:NodeB Function Name=MLBG2103HUNB001, Local Cell ID=60623, Cell Name=N/A">
                <measResults>1.032 0.942 1.032 0.885 0 0 0.058 </measResults>
            </measValue>
        </measInfo>
        <measInfo measInfoId="50331658">
            <granPeriod duration="PT3600S" endTime="2021-08-17T23:00:00+08:00"/>
            <repPeriod duration="PT3600S"/>
            <measTypes>50332250 50332251 50332410 50332411 </measTypes>
            <measValue measObjLdn="MLBG2103HUNB001/ULoCell:NodeB Function Name=MLBG2103HUNB001, Local Cell ID=10621, Cell Name=N/A">
                <measResults>0 0 0 0 </measResults>
            </measValue>
            <measValue measObjLdn="MLBG2103HUNB001/ULoCell:NodeB Function Name=MLBG2103HUNB001, Local Cell ID=10622, Cell Name=N/A">
                <measResults>0 0 0 0 </measResults>
            </measValue>
            <measValue measObjLdn="MLBG2103HUNB001/ULoCell:NodeB Function Name=MLBG2103HUNB001, Local Cell ID=10623, Cell Name=N/A">
                <measResults>0 0 0 0 </measResults>
            </measValue>
            <measValue measObjLdn="MLBG2103HUNB001/ULoCell:NodeB Function Name=MLBG2103HUNB001, Local Cell ID=50621, Cell Name=N/A">
                <measResults>0 0 0 0 </measResults>
            </measValue>
            <measValue measObjLdn="MLBG2103HUNB001/ULoCell:NodeB Function Name=MLBG2103HUNB001, Local Cell ID=50622, Cell Name=N/A">
                <measResults>0 0 0 0 </measResults>
            </measValue>
            <measValue measObjLdn="MLBG2103HUNB001/ULoCell:NodeB Function Name=MLBG2103HUNB001, Local Cell ID=50623, Cell Name=N/A">
                <measResults>0 0 0 0 </measResults>
            </measValue>
            <measValue measObjLdn="MLBG2103HUNB001/ULoCell:NodeB Function Name=MLBG2103HUNB001, Local Cell ID=60621, Cell Name=N/A">
                <measResults>0 0 0 0 </measResults>
            </measValue>
            <measValue measObjLdn="MLBG2103HUNB001/ULoCell:NodeB Function Name=MLBG2103HUNB001, Local Cell ID=60622, Cell Name=N/A">
                <measResults>0 0 0 0 </measResults>
            </measValue>
            <measValue measObjLdn="MLBG2103HUNB001/ULoCell:NodeB Function Name=MLBG2103HUNB001, Local Cell ID=60623, Cell Name=N/A">
                <measResults>0 0 0 0 </measResults>
            </measValue>
        </measInfo>
        <measInfo measInfoId="50331660">
            <granPeriod duration="PT3600S" endTime="2021-08-17T23:00:00+08:00"/>
            <repPeriod duration="PT3600S"/>
            <measTypes>50361670 50361671 50361672 50361673 </measTypes>
            <measValue measObjLdn="MLBG2103HUNB001/ULoCell:NodeB Function Name=MLBG2103HUNB001, Local Cell ID=10621, Cell Name=N/A">
                <measResults>0 0 0 0 </measResults>
            </measValue>
            <measValue measObjLdn="MLBG2103HUNB001/ULoCell:NodeB Function Name=MLBG2103HUNB001, Local Cell ID=10622, Cell Name=N/A">
                <measResults>0 0 0 0 </measResults>
            </measValue>
            <measValue measObjLdn="MLBG2103HUNB001/ULoCell:NodeB Function Name=MLBG2103HUNB001, Local Cell ID=10623, Cell Name=N/A">
                <measResults>0 0 0 0 </measResults>
            </measValue>
            <measValue measObjLdn="MLBG2103HUNB001/ULoCell:NodeB Function Name=MLBG2103HUNB001, Local Cell ID=50621, Cell Name=N/A">
                <measResults>0 0 0 0 </measResults>
            </measValue>
            <measValue measObjLdn="MLBG2103HUNB001/ULoCell:NodeB Function Name=MLBG2103HUNB001, Local Cell ID=50622, Cell Name=N/A">
                <measResults>0 0 0 0 </measResults>
            </measValue>
            <measValue measObjLdn="MLBG2103HUNB001/ULoCell:NodeB Function Name=MLBG2103HUNB001, Local Cell ID=50623, Cell Name=N/A">
                <measResults>0 0 0 0 </measResults>
            </measValue>
            <measValue measObjLdn="MLBG2103HUNB001/ULoCell:NodeB Function Name=MLBG2103HUNB001, Local Cell ID=60621, Cell Name=N/A">
                <measResults>0 0 0 0 </measResults>
            </measValue>
            <measValue measObjLdn="MLBG2103HUNB001/ULoCell:NodeB Function Name=MLBG2103HUNB001, Local Cell ID=60622, Cell Name=N/A">
                <measResults>0 0 0 0 </measResults>
            </measValue>
            <measValue measObjLdn="MLBG2103HUNB001/ULoCell:NodeB Function Name=MLBG2103HUNB001, Local Cell ID=60623, Cell Name=N/A">
                <measResults>0 0 0 0 </measResults>
            </measValue>
        </measInfo>
        <measInfo measInfoId="50331661">
            <granPeriod duration="PT3600S" endTime="2021-08-17T23:00:00+08:00"/>
            <repPeriod duration="PT3600S"/>
            <measTypes>50332048 50332049 50332050 50332051 </measTypes>
            <measValue measObjLdn="MLBG2103HUNB001/ULoCell:NodeB Function Name=MLBG2103HUNB001, Local Cell ID=10621, Cell Name=N/A">
                <measResults>100632 0 96904 0 </measResults>
            </measValue>
            <measValue measObjLdn="MLBG2103HUNB001/ULoCell:NodeB Function Name=MLBG2103HUNB001, Local Cell ID=10622, Cell Name=N/A">
                <measResults>6888 0 91478 0 </measResults>
            </measValue>
            <measValue measObjLdn="MLBG2103HUNB001/ULoCell:NodeB Function Name=MLBG2103HUNB001, Local Cell ID=10623, Cell Name=N/A">
                <measResults>26747 0 92603 0 </measResults>
            </measValue>
            <measValue measObjLdn="MLBG2103HUNB001/ULoCell:NodeB Function Name=MLBG2103HUNB001, Local Cell ID=50621, Cell Name=N/A">
                <measResults>74742 0 96104 0 </measResults>
            </measValue>
            <measValue measObjLdn="MLBG2103HUNB001/ULoCell:NodeB Function Name=MLBG2103HUNB001, Local Cell ID=50622, Cell Name=N/A">
                <measResults>2894 0 91192 0 </measResults>
            </measValue>
            <measValue measObjLdn="MLBG2103HUNB001/ULoCell:NodeB Function Name=MLBG2103HUNB001, Local Cell ID=50623, Cell Name=N/A">
                <measResults>18608 0 92365 0 </measResults>
            </measValue>
            <measValue measObjLdn="MLBG2103HUNB001/ULoCell:NodeB Function Name=MLBG2103HUNB001, Local Cell ID=60621, Cell Name=N/A">
                <measResults>72049 0 96392 0 </measResults>
            </measValue>
            <measValue measObjLdn="MLBG2103HUNB001/ULoCell:NodeB Function Name=MLBG2103HUNB001, Local Cell ID=60622, Cell Name=N/A">
                <measResults>4860 0 91138 0 </measResults>
            </measValue>
            <measValue measObjLdn="MLBG2103HUNB001/ULoCell:NodeB Function Name=MLBG2103HUNB001, Local Cell ID=60623, Cell Name=N/A">
                <measResults>15608 0 91927 0 </measResults>
            </measValue>
        </measInfo>
        <measInfo measInfoId="50331662">
            <granPeriod duration="PT3600S" endTime="2021-08-17T23:00:00+08:00"/>
            <repPeriod duration="PT3600S"/>
            <measTypes>50332052 50332053 50332054 50332070 50332505 </measTypes>
            <measValue measObjLdn="MLBG2103HUNB001/ULoCell:NodeB Function Name=MLBG2103HUNB001, Local Cell ID=10621, Cell Name=N/A">
                <measResults>22 314 722602 0 0 </measResults>
            </measValue>
            <measValue measObjLdn="MLBG2103HUNB001/ULoCell:NodeB Function Name=MLBG2103HUNB001, Local Cell ID=10622, Cell Name=N/A">
                <measResults>0 26 27745 0 0 </measResults>
            </measValue>
            <measValue measObjLdn="MLBG2103HUNB001/ULoCell:NodeB Function Name=MLBG2103HUNB001, Local Cell ID=10623, Cell Name=N/A">
                <measResults>0 18 82869 0 0 </measResults>
            </measValue>
            <measValue measObjLdn="MLBG2103HUNB001/ULoCell:NodeB Function Name=MLBG2103HUNB001, Local Cell ID=50621, Cell Name=N/A">
                <measResults>1 236 277748 0 0 </measResults>
            </measValue>
            <measValue measObjLdn="MLBG2103HUNB001/ULoCell:NodeB Function Name=MLBG2103HUNB001, Local Cell ID=50622, Cell Name=N/A">
                <measResults>0 3 29296 0 0 </measResults>
            </measValue>
            <measValue measObjLdn="MLBG2103HUNB001/ULoCell:NodeB Function Name=MLBG2103HUNB001, Local Cell ID=50623, Cell Name=N/A">
                <measResults>0 55 57212 0 0 </measResults>
            </measValue>
            <measValue measObjLdn="MLBG2103HUNB001/ULoCell:NodeB Function Name=MLBG2103HUNB001, Local Cell ID=60621, Cell Name=N/A">
                <measResults>29 231 490918 0 0 </measResults>
            </measValue>
            <measValue measObjLdn="MLBG2103HUNB001/ULoCell:NodeB Function Name=MLBG2103HUNB001, Local Cell ID=60622, Cell Name=N/A">
                <measResults>0 16 112353 0 0 </measResults>
            </measValue>
            <measValue measObjLdn="MLBG2103HUNB001/ULoCell:NodeB Function Name=MLBG2103HUNB001, Local Cell ID=60623, Cell Name=N/A">
                <measResults>0 56 166387 0 0 </measResults>
            </measValue>
        </measInfo>
        <measInfo measInfoId="50331663">
            <granPeriod duration="PT3600S" endTime="2021-08-17T23:00:00+08:00"/>
            <repPeriod duration="PT3600S"/>
            <measTypes>50331917 50332061 50332064 50332065 50332069 50332071 50332072 50332073 50332074 50332079 50332258 50332388 50332389 50332504 50332626 50332632 50332639 50332640 50332641 50332645 50342048 50342049 50342050 50342051 50361705 50361706 50361725 50361726 50361735 50361740 50361743 50361744 50361747 50361749 50361751 50361753 50361755 50361757 50361759 50361761 50361763 50361765 50361767 50361769 50361771 50361773 50361775 50361777 50361779 50361781 50361783 50361785 50361787 50361789 50361791 50361793 50361795 </measTypes>
            <measValue measObjLdn="MLBG2103HUNB001/ULoCell:NodeB Function Name=MLBG2103HUNB001, Local Cell ID=10621, Cell Name=N/A">
                <measResults>1000 7 256 0 0 0 0 0 0 0 2.349 0 8.277 0 0 0 0 0 NIL 0 35 206.395 0 0 0 0 0 NIL NIL NIL NIL NIL NIL NIL NIL NIL NIL NIL NIL NIL NIL NIL NIL NIL NIL NIL NIL NIL NIL NIL NIL NIL NIL NIL NIL NIL NIL </measResults>
            </measValue>
            <measValue measObjLdn="MLBG2103HUNB001/ULoCell:NodeB Function Name=MLBG2103HUNB001, Local Cell ID=10622, Cell Name=N/A">
                <measResults>772.766 0 252 0 0 0 0 0 0 0 0.031 0 0.493 0 0 0 0 0 NIL 0 1 30.434 0 0 0 0 0 NIL NIL NIL NIL NIL NIL NIL NIL NIL NIL NIL NIL NIL NIL NIL NIL NIL NIL NIL NIL NIL NIL NIL NIL NIL NIL NIL NIL NIL NIL </measResults>
            </measValue>
            <measValue measObjLdn="MLBG2103HUNB001/ULoCell:NodeB Function Name=MLBG2103HUNB001, Local Cell ID=10623, Cell Name=N/A">
                <measResults>986.327 0 256 0 0 0 0 0 0 0 0.118 0 0.784 0 0 0 0 0 NIL 0 35 50.33 0 0 0 0 0 NIL NIL NIL NIL NIL NIL NIL NIL NIL NIL NIL NIL NIL NIL NIL NIL NIL NIL NIL NIL NIL NIL NIL NIL NIL NIL NIL NIL NIL NIL </measResults>
            </measValue>
            <measValue measObjLdn="MLBG2103HUNB001/ULoCell:NodeB Function Name=MLBG2103HUNB001, Local Cell ID=50621, Cell Name=N/A">
                <measResults>1000 13 256 0 0 0 0 0 0 0 0.252 0 5.772 0 0 0 0 0 NIL 0 40 143.263 0 0 0 0 0 NIL NIL NIL NIL NIL NIL NIL NIL NIL NIL NIL NIL NIL NIL NIL NIL NIL NIL NIL NIL NIL NIL NIL NIL NIL NIL NIL NIL NIL NIL </measResults>
            </measValue>
            <measValue measObjLdn="MLBG2103HUNB001/ULoCell:NodeB Function Name=MLBG2103HUNB001, Local Cell ID=50622, Cell Name=N/A">
                <measResults>892.057 0 256 0 0 0 0 0 0 0 0.025 0 0.15 924.896 0 0 0 0 NIL 0 2 28.167 0 0 0 0 0 NIL NIL NIL NIL NIL NIL NIL NIL NIL NIL NIL NIL NIL NIL NIL NIL NIL NIL NIL NIL NIL NIL NIL NIL NIL NIL NIL NIL NIL NIL </measResults>
            </measValue>
            <measValue measObjLdn="MLBG2103HUNB001/ULoCell:NodeB Function Name=MLBG2103HUNB001, Local Cell ID=50623, Cell Name=N/A">
                <measResults>976.982 2 256 0 0 0 0 0 0 0 0.013 0 1.097 66.759 0 0 0 0 NIL 0 35 79.188 0 0 0 0 0 NIL NIL NIL NIL NIL NIL NIL NIL NIL NIL NIL NIL NIL NIL NIL NIL NIL NIL NIL NIL NIL NIL NIL NIL NIL NIL NIL NIL NIL NIL </measResults>
            </measValue>
            <measValue measObjLdn="MLBG2103HUNB001/ULoCell:NodeB Function Name=MLBG2103HUNB001, Local Cell ID=60621, Cell Name=N/A">
                <measResults>999.609 13 256 0 0 0 0 0 0 0 2.085 0 6.161 0 0 0 3595 0 NIL 0 52 153.146 0 0 0 0 0 NIL NIL NIL NIL NIL NIL NIL NIL NIL NIL NIL NIL NIL NIL NIL NIL NIL NIL NIL NIL NIL NIL NIL NIL NIL NIL NIL NIL NIL NIL </measResults>
            </measValue>
            <measValue measObjLdn="MLBG2103HUNB001/ULoCell:NodeB Function Name=MLBG2103HUNB001, Local Cell ID=60622, Cell Name=N/A">
                <measResults>741.858 0 256 0 0 0 0 0 0 0 0.69 0 0.485 0 0 0 3595 0 NIL 0 24 49.136 0 0 0 0 0 NIL NIL NIL NIL NIL NIL NIL NIL NIL NIL NIL NIL NIL NIL NIL NIL NIL NIL NIL NIL NIL NIL NIL NIL NIL NIL NIL NIL NIL NIL </measResults>
            </measValue>
            <measValue measObjLdn="MLBG2103HUNB001/ULoCell:NodeB Function Name=MLBG2103HUNB001, Local Cell ID=60623, Cell Name=N/A">
                <measResults>994.635 4 256 0 0 0 0 0 0 0 0.65 0 1.949 0 0 0 3595 0 NIL 0 54 85.867 0 0 0 0 0 NIL NIL NIL NIL NIL NIL NIL NIL NIL NIL NIL NIL NIL NIL NIL NIL NIL NIL NIL NIL NIL NIL NIL NIL NIL NIL NIL NIL NIL NIL </measResults>
            </measValue>
        </measInfo>
        <measInfo measInfoId="50331665">
            <granPeriod duration="PT3600S" endTime="2021-08-17T23:00:00+08:00"/>
            <repPeriod duration="PT3600S"/>
            <measTypes>50331740 50331741 50331742 50331743 50331744 50331909 50331910 50331911 50331912 50331913 50332381 50332382 50332576 50332577 </measTypes>
            <measValue measObjLdn="MLBG2103HUNB001/ULoCell:NodeB Function Name=MLBG2103HUNB001, Local Cell ID=10621, Cell Name=N/A">
                <measResults>0 0 0 0 0 0 0 0 0 0 0 0 0 0 </measResults>
            </measValue>
            <measValue measObjLdn="MLBG2103HUNB001/ULoCell:NodeB Function Name=MLBG2103HUNB001, Local Cell ID=10622, Cell Name=N/A">
                <measResults>0 0 0 0 0 0 0 0 0 0 0 0 0 0 </measResults>
            </measValue>
            <measValue measObjLdn="MLBG2103HUNB001/ULoCell:NodeB Function Name=MLBG2103HUNB001, Local Cell ID=10623, Cell Name=N/A">
                <measResults>0 0 0 0 0 0 0 0 0 0 0 0 0 0 </measResults>
            </measValue>
            <measValue measObjLdn="MLBG2103HUNB001/ULoCell:NodeB Function Name=MLBG2103HUNB001, Local Cell ID=50621, Cell Name=N/A">
                <measResults>0 0 0 0 0 0 0 0 0 0 0 0 0 0 </measResults>
            </measValue>
            <measValue measObjLdn="MLBG2103HUNB001/ULoCell:NodeB Function Name=MLBG2103HUNB001, Local Cell ID=50622, Cell Name=N/A">
                <measResults>0 0 0 0 0 0 0 0 0 0 0 0 0 0 </measResults>
            </measValue>
            <measValue measObjLdn="MLBG2103HUNB001/ULoCell:NodeB Function Name=MLBG2103HUNB001, Local Cell ID=50623, Cell Name=N/A">
                <measResults>0 0 0 0 0 0 0 0 0 0 0 0 0 0 </measResults>
            </measValue>
            <measValue measObjLdn="MLBG2103HUNB001/ULoCell:NodeB Function Name=MLBG2103HUNB001, Local Cell ID=60621, Cell Name=N/A">
                <measResults>0 0 0 0 0 0 0 0 0 0 0 0 0 0 </measResults>
            </measValue>
            <measValue measObjLdn="MLBG2103HUNB001/ULoCell:NodeB Function Name=MLBG2103HUNB001, Local Cell ID=60622, Cell Name=N/A">
                <measResults>0 0 0 0 0 0 0 0 0 0 0 0 0 0 </measResults>
            </measValue>
            <measValue measObjLdn="MLBG2103HUNB001/ULoCell:NodeB Function Name=MLBG2103HUNB001, Local Cell ID=60623, Cell Name=N/A">
                <measResults>0 0 0 0 0 0 0 0 0 0 0 0 0 0 </measResults>
            </measValue>
        </measInfo>
        <measInfo measInfoId="50331673">
            <granPeriod duration="PT3600S" endTime="2021-08-17T23:00:00+08:00"/>
            <repPeriod duration="PT3600S"/>
            <measTypes>50332055 50332056 50332057 50332058 50332059 50332060 50332278 50332279 50332280 50332281 50332282 50332283 50332284 50332285 50332286 50361648 50361649 50361650 50361651 </measTypes>
            <measValue measObjLdn="MLBG2103HUNB001/ULoCell:NodeB Function Name=MLBG2103HUNB001, Local Cell ID=10621, Cell Name=N/A">
                <measResults>127 20 14 0 0 0 10 12 13 31 28 3 5 38 47 0 0 0 0 </measResults>
            </measValue>
            <measValue measObjLdn="MLBG2103HUNB001/ULoCell:NodeB Function Name=MLBG2103HUNB001, Local Cell ID=10622, Cell Name=N/A">
                <measResults>10 0 0 0 0 0 0 0 0 3 1 0 0 0 0 0 0 0 0 </measResults>
            </measValue>
            <measValue measObjLdn="MLBG2103HUNB001/ULoCell:NodeB Function Name=MLBG2103HUNB001, Local Cell ID=10623, Cell Name=N/A">
                <measResults>10 1 4 0 0 0 1 1 1 2 8 0 0 2 5 0 0 0 0 </measResults>
            </measValue>
            <measValue measObjLdn="MLBG2103HUNB001/ULoCell:NodeB Function Name=MLBG2103HUNB001, Local Cell ID=50621, Cell Name=N/A">
                <measResults>66 1 1 0 0 0 3 7 26 43 82 4 13 60 114 0 0 0 0 </measResults>
            </measValue>
            <measValue measObjLdn="MLBG2103HUNB001/ULoCell:NodeB Function Name=MLBG2103HUNB001, Local Cell ID=50622, Cell Name=N/A">
                <measResults>2 0 0 0 0 0 0 1 0 0 0 0 0 1 0 0 0 0 0 </measResults>
            </measValue>
            <measValue measObjLdn="MLBG2103HUNB001/ULoCell:NodeB Function Name=MLBG2103HUNB001, Local Cell ID=50623, Cell Name=N/A">
                <measResults>10 0 0 0 0 0 8 6 7 7 20 0 2 8 16 0 0 0 0 </measResults>
            </measValue>
            <measValue measObjLdn="MLBG2103HUNB001/ULoCell:NodeB Function Name=MLBG2103HUNB001, Local Cell ID=60621, Cell Name=N/A">
                <measResults>75 10 3 0 0 0 14 16 23 53 65 6 10 59 68 0 0 0 0 </measResults>
            </measValue>
            <measValue measObjLdn="MLBG2103HUNB001/ULoCell:NodeB Function Name=MLBG2103HUNB001, Local Cell ID=60622, Cell Name=N/A">
                <measResults>7 2 1 0 0 0 3 3 1 5 0 0 0 2 0 0 0 0 0 </measResults>
            </measValue>
            <measValue measObjLdn="MLBG2103HUNB001/ULoCell:NodeB Function Name=MLBG2103HUNB001, Local Cell ID=60623, Cell Name=N/A">
                <measResults>17 2 4 0 0 0 8 7 7 16 29 2 8 23 58 0 0 0 0 </measResults>
            </measValue>
        </measInfo>
        <measInfo measInfoId="50331674">
            <granPeriod duration="PT3600S" endTime="2021-08-17T23:00:00+08:00"/>
            <repPeriod duration="PT3600S"/>
            <measTypes>50332161 50332162 50332163 50332164 50332165 50341718 50341719 50341720 50341721 </measTypes>
            <measValue measObjLdn="MLBG2103HUNB001/ULoCell:NodeB Function Name=MLBG2103HUNB001, Local Cell ID=10621, Cell Name=N/A">
                <measResults>0 0 0 0 0 0 0 0 0 </measResults>
            </measValue>
            <measValue measObjLdn="MLBG2103HUNB001/ULoCell:NodeB Function Name=MLBG2103HUNB001, Local Cell ID=10622, Cell Name=N/A">
                <measResults>0 0 0 0 0 0 0 0 0 </measResults>
            </measValue>
            <measValue measObjLdn="MLBG2103HUNB001/ULoCell:NodeB Function Name=MLBG2103HUNB001, Local Cell ID=10623, Cell Name=N/A">
                <measResults>0 0 0 0 0 0 0 0 0 </measResults>
            </measValue>
            <measValue measObjLdn="MLBG2103HUNB001/ULoCell:NodeB Function Name=MLBG2103HUNB001, Local Cell ID=50621, Cell Name=N/A">
                <measResults>0 0 0 0 0 0 0 0 0 </measResults>
            </measValue>
            <measValue measObjLdn="MLBG2103HUNB001/ULoCell:NodeB Function Name=MLBG2103HUNB001, Local Cell ID=50622, Cell Name=N/A">
                <measResults>0 0 0 0 0 0 0 0 0 </measResults>
            </measValue>
            <measValue measObjLdn="MLBG2103HUNB001/ULoCell:NodeB Function Name=MLBG2103HUNB001, Local Cell ID=50623, Cell Name=N/A">
                <measResults>0 0 0 0 0 0 0 0 0 </measResults>
            </measValue>
            <measValue measObjLdn="MLBG2103HUNB001/ULoCell:NodeB Function Name=MLBG2103HUNB001, Local Cell ID=60621, Cell Name=N/A">
                <measResults>0 0 0 0 0 0 0 0 0 </measResults>
            </measValue>
            <measValue measObjLdn="MLBG2103HUNB001/ULoCell:NodeB Function Name=MLBG2103HUNB001, Local Cell ID=60622, Cell Name=N/A">
                <measResults>0 0 0 0 0 0 0 0 0 </measResults>
            </measValue>
            <measValue measObjLdn="MLBG2103HUNB001/ULoCell:NodeB Function Name=MLBG2103HUNB001, Local Cell ID=60623, Cell Name=N/A">
                <measResults>0 0 0 0 0 0 0 0 0 </measResults>
            </measValue>
        </measInfo>
        <measInfo measInfoId="50331676">
            <granPeriod duration="PT3600S" endTime="2021-08-17T23:00:00+08:00"/>
            <repPeriod duration="PT3600S"/>
            <measTypes>50331747 50332175 50332176 50332177 50332178 50332179 50332180 50332181 50332182 50332183 50332184 50332185 50332186 50332187 50332188 50332189 50332190 50332192 50332193 50332194 50332195 50332196 50332197 50332198 50332199 50332200 50332201 50332202 50332203 50332204 50332205 50332206 50332207 50332208 50332209 50332210 50332211 50332212 50332213 50332214 50332219 50332232 50332233 50332234 50332235 50332236 50332237 50332238 50332245 50332246 50332648 50332649 50332650 50332651 50332652 50332653 50332654 50332655 50332656 50332657 50332658 50332670 50332848 50332849 50332850 50332853 50332854 50332855 50332856 50332865 50332866 50332867 50332868 50332869 50332870 50332871 50332872 50332873 50332874 50332875 50332876 50332877 50332878 50332879 50332880 50332881 50332882 50332883 50332884 50332885 50332886 50332887 50332888 50332889 50332890 50332891 50332892 50332894 50332895 50332896 50332897 50332898 50332899 50332900 50332901 50332902 50332903 50332904 50332905 50332906 50332907 50332908 50332909 50332910 50332943 50332944 50332945 50332946 50332947 50332948 50332949 50332950 50332951 50332952 50332953 50332954 50332955 50332956 50332957 50332958 50332959 50332960 50332961 50332962 50332963 50332964 50332965 50332966 50332967 50332968 50332969 50332970 50332971 50332972 50332973 50332974 50332985 50332986 50332987 50332990 50341723 50341741 50341742 50341743 50341748 50341749 50341750 50341751 50341752 50341753 50341754 50341755 50341756 50341757 50341758 50341759 </measTypes>
            <measValue measObjLdn="MLBG2103HUNB001/ULoCell:NodeB Function Name=MLBG2103HUNB001, Local Cell ID=10621, Cell Name=N/A">
                <measResults>11393566264 66893 69026 66044 45154 48005 54214 16573 60189 22768 73295 76465 574639 603953 22782 0 0 0 11332705672 171107 0 46167 0 0 0 0 4571 1057174 1527177 22932 4784 4326 2003 1108 614 846 473 104 3 5 3402479904 11458775353 8512403 13386293639 3268578 1309701 1217537 561550 4265124330 4928797 4929627 1359691 906068 274488 114378 48149 56664 24917 2721 0 0 1427385 0 0 0 599826 109 66 37279 0 0 0 0 0 0 0 0 0 5544 4032 0 520656288 3376005423 2274063986 3220514017 2543403 3436897 1196480 986607 0 0 0 0 2007814 6224 3773 0 0 0 0 0 0 0 0 0 0 0 0 0 0 0 0 0 0 0 0 0 0 0 0 0 0 0 0 0 0 0 0 0 0 NIL NIL NIL NIL NIL NIL NIL NIL NIL NIL NIL NIL NIL NIL NIL NIL 0 0 0 8486521 16.268 NIL 0 0 1878898 1952782 2527578 1331382.375 782368.688 426392.719 666177.813 398881.969 59837.07 0 0 6192618.5 </measResults>
            </measValue>
            <measValue measObjLdn="MLBG2103HUNB001/ULoCell:NodeB Function Name=MLBG2103HUNB001, Local Cell ID=10622, Cell Name=N/A">
                <measResults>298844800 1712546 20270 9941 3971 3202 4731 971 4726 4097 5628 3638 1347 2006 2649 20277 0 0 200466328 8008 0 511 0 0 0 0 0 310 2717 199 82 133 150 76 76 96 24 2 1 0 212736 299638797 99379 363619696 210403 267393 64769 837 165179359 46641 11622 4915 12926 7074 4121 4491 4714 121 1 0 0 33448 0 0 0 20166 0 0 37083 0 0 0 0 0 0 0 0 0 0 0 0 28874651 114758150 134350425 21052710 29502 36717 27012 7124 0 0 0 0 420379 1310 627 0 0 0 0 0 0 0 0 0 0 0 0 0 0 0 0 0 0 0 0 0 0 0 0 0 0 0 0 0 0 0 0 0 0 NIL NIL NIL NIL NIL NIL NIL NIL NIL NIL NIL NIL NIL NIL NIL NIL 0 0 0 52046 1.482 NIL 0 0 2352.886 7922.611 38347.098 33227.336 28463.414 41359.633 55299.625 1909.056 22.56 0 0 198628.719 </measResults>
            </measValue>
            <measValue measObjLdn="MLBG2103HUNB001/ULoCell:NodeB Function Name=MLBG2103HUNB001, Local Cell ID=10623, Cell Name=N/A">
                <measResults>2035553532 1530443 52806 13416 8299 6057 8270 2684 9125 3596 8431 4310 7575 5104 29636 104352 5896 0 1964202304 34471 0 3038 0 0 0 0 21 8669 15543 1292 180 414 460 305 208 228 341 163 9 4 1049571792 2041589891 325977 2580698735 215717 139755 121252 107344 110303562 50307 45136 14189 31811 30727 16789 11042 18758 25898 24216 823 0 160064 0 0 0 68006 0 0 65626 0 0 0 0 0 0 0 0 0 0 0 0 61001189 339049323 281374853 438354383 83048 97871 54757 43598 0 0 0 0 1814889 13582 4420 0 0 0 0 0 0 0 0 0 0 0 0 0 0 0 0 0 0 0 0 0 0 0 0 0 0 0 0 0 0 0 0 0 0 NIL NIL NIL NIL NIL NIL NIL NIL NIL NIL NIL NIL NIL NIL NIL NIL 0 0 0 225618 2.233 NIL 0 0 11787.507 21842.506 97676.641 148808.25 115920.148 97756.727 225041.078 424087 632162.813 25245.016 0 1766697.625 </measResults>
            </measValue>
            <measValue measObjLdn="MLBG2103HUNB001/ULoCell:NodeB Function Name=MLBG2103HUNB001, Local Cell ID=50621, Cell Name=N/A">
                <measResults>10611639024 647908 127378 26807 18397 21301 35590 20970 39863 16913 41867 18755 50316 251336 481725 874 0 0 10566935552 16129 0 5403 0 0 0 0 1405 370116 484346 9342 1545 2112 1453 1202 1078 1832 1847 353 23 15 4326684688 10595902474 2279556 12711735452 812929 1016138 1529577 1591138 1816027004 792268 378645 261105 307800 204720 142819 111509 147236 138715 21665 9 0 1074473 0 0 0 201160 60 43 144900 0 0 0 0 0 0 0 0 0 0 0 0 43140754 606541453 1103767679 3323422258 114867 504488 388730 588304 0 0 0 0 3993328 12004 6427 0 0 0 0 0 0 0 0 0 0 0 0 0 0 0 0 0 0 0 0 0 0 0 0 0 0 0 0 0 0 0 0 0 0 NIL NIL NIL NIL NIL NIL NIL NIL NIL NIL NIL NIL NIL NIL NIL NIL 0 0 0 2102625 12.767 NIL 0 0 150995.109 386622.313 895318.188 1015022.313 991095.375 995540.25 1743738.625 2268440 468873.063 292.576 0 8378320.5 </measResults>
            </measValue>
            <measValue measObjLdn="MLBG2103HUNB001/ULoCell:NodeB Function Name=MLBG2103HUNB001, Local Cell ID=50622, Cell Name=N/A">
                <measResults>229042288 1747610 8228 7753 3222 1759 1882 288 2300 566 2592 876 768 1079 1504 16813 2760 0 180900080 378 0 88 0 0 0 0 0 54 733 103 29 46 50 44 55 42 8 0 0 0 1024080 225445332 54058 305590407 8556 20911 15940 1777 133028056 16988 2047 1493 3752 1488 4485 7783 4479 647 0 0 0 22634 0 0 0 4598 0 0 17017 0 0 0 0 0 0 0 0 0 0 0 0 1082938 14183737 106995354 96258404 3024 9467 24106 16554 0 0 0 0 65936 542 165 0 0 0 0 0 0 0 0 0 0 0 0 0 0 0 0 0 0 0 0 0 0 0 0 0 0 0 0 0 0 0 0 0 0 NIL NIL NIL NIL NIL NIL NIL NIL NIL NIL NIL NIL NIL NIL NIL NIL 0 0 0 34051 0.247 NIL 0 0 623.634 2237.265 10609.321 7860.981 31671.568 70304.695 53249.617 9455.064 0 0 0 183151.25 </measResults>
            </measValue>
            <measValue measObjLdn="MLBG2103HUNB001/ULoCell:NodeB Function Name=MLBG2103HUNB001, Local Cell ID=50623, Cell Name=N/A">
                <measResults>3078455336 1096984 68355 33455 6851 70066 75943 8389 111367 20953 73847 35777 5858 5322 34665 152168 0 0 2006056480 51108 0 535 0 0 0 0 9 62177 177427 2166 571 913 257 240 296 479 308 58 6 3 373794592 3090543614 1002197 3673177856 44006 135201 334607 372362 201174920 35239 201989 162477 251081 47279 36589 26047 38971 32001 2846 1 0 434815 0 0 0 393501 0 0 87192 0 0 0 0 0 0 0 0 0 0 0 0 280259778 810962810 550499512 751184894 346787 322599 91964 114501 0 0 0 0 1944416 7767 3543 0 0 0 0 0 0 0 0 0 0 0 0 0 0 0 0 0 0 0 0 0 0 0 0 0 0 0 0 0 0 0 0 0 0 NIL NIL NIL NIL NIL NIL NIL NIL NIL NIL NIL NIL NIL NIL NIL NIL 0 0 0 806488 3.54 NIL 0 0 41819.227 252997.063 666955.125 229294.188 258190.625 236119.813 468363.375 524804.187 60707.77 32.848 0 2444468 </measResults>
            </measValue>
            <measValue measObjLdn="MLBG2103HUNB001/ULoCell:NodeB Function Name=MLBG2103HUNB001, Local Cell ID=60621, Cell Name=N/A">
                <measResults>8720904304 584405 126741 37793 23814 19682 24583 11246 30906 15969 45364 28284 105769 630917 114527 0 0 0 8696325659 21540 0 6919 0 0 0 0 1754 400008 505590 10389 1425 2306 1539 1137 812 1297 966 235 19 5 2712653464 8712523841 2361094 10623480543 1454116 1116257 1081379 881535 2332834527 1015268 353277 270922 436870 261614 153240 93825 106744 63147 10268 24 0 1125732 0 0 0 268742 29 53 166910 0 0 0 0 0 0 0 0 0 265 0 0 364987664 1657794595 2240051180 3012209404 377877 733259 556290 463070 0 0 0 0 3554041 9980 5915 0 0 0 0 0 0 0 0 0 0 0 0 0 0 0 0 0 0 0 0 0 0 0 0 0 0 0 0 0 0 0 0 0 0 NIL NIL NIL NIL NIL NIL NIL NIL NIL NIL NIL NIL NIL NIL NIL NIL 0 0 0 2196727 12.144 NIL 0 0 144480.625 411034.313 1279199.5 1280610.625 1066413.5 838483.438 1263682.625 1037900.5 226263.375 783.536 0 6993337 </measResults>
            </measValue>
            <measValue measObjLdn="MLBG2103HUNB001/ULoCell:NodeB Function Name=MLBG2103HUNB001, Local Cell ID=60622, Cell Name=N/A">
                <measResults>1158290332 1605574 10468 3489 1565 1031 1975 488 5812 1807 8350 5107 6237 4759 41505 101833 0 0 839076188 6333 0 1189 0 0 0 0 0 10815 14786 171 34 104 204 290 162 139 39 3 2 2 1442672 1149924414 220602 1372167342 271300 165162 20628 1230 588368217 102986 13020 5720 19821 47855 55359 20457 10256 870 6 0 0 154624 0 0 0 30463 1 0 17962 0 0 0 0 0 0 0 0 0 0 0 0 55887952 675582789 373224310 43812525 29938 135218 49524 6095 0 0 0 0 226343 500 359 0 0 0 0 0 0 0 0 0 0 0 0 0 0 0 0 0 0 0 0 0 0 0 0 0 0 0 0 0 0 0 0 0 0 NIL NIL NIL NIL NIL NIL NIL NIL NIL NIL NIL NIL NIL NIL NIL NIL 0 0 0 190990 1.342 NIL 0 0 3575.24 8332.217 62087.66 248130.688 385473.656 180828.875 117270.68 13249.223 128.4 0 0 1007169.188 </measResults>
            </measValue>
            <measValue measObjLdn="MLBG2103HUNB001/ULoCell:NodeB Function Name=MLBG2103HUNB001, Local Cell ID=60623, Cell Name=N/A">
                <measResults>3930768884 1150786 121492 35488 16230 8893 10399 8221 17004 16870 22871 15171 26460 14614 252572 82929 0 0 3928046664 16395 0 4516 0 0 0 0 7 69955 88042 1802 295 881 889 1040 707 966 444 30 3 2 211501184 3945583766 852348 4748672910 409128 443091 289236 164739 907288303 223116 43142 34005 84666 91551 94655 54461 51016 21535 649 0 0 398533 0 0 0 63756 0 0 169883 0 0 0 0 0 0 0 0 0 0 0 0 81492843 1111685026 1672736714 912421430 70500 294532 299114 127939 0 0 0 0 1887191 7880 3604 0 0 0 0 0 0 0 0 0 0 0 0 0 0 0 0 0 0 0 0 0 0 0 0 0 0 0 0 0 0 0 0 0 0 NIL NIL NIL NIL NIL NIL NIL NIL NIL NIL NIL NIL NIL NIL NIL NIL 0 0 0 626310 4.075 NIL 0 0 7402.759 50938.543 256953.297 459221.938 651684.875 485685.563 607813.438 335664.375 14889.376 0 0 2811913 </measResults>
            </measValue>
        </measInfo>
        <measInfo measInfoId="50331649">
            <granPeriod duration="PT3600S" endTime="2021-08-17T23:00:00+08:00"/>
            <repPeriod duration="PT3600S"/>
            <measTypes>50332578 50332579 50332580 50332581 50342578 50342579 50342580 50342581 </measTypes>
            <measValue measObjLdn="MLBG2103HUNB001/NodeBFunction:NodeB Function Name=MLBG2103HUNB001">
                <measResults>7.614 0.807 7.596 70.107 11.6 2 12 104.4 </measResults>
            </measValue>
        </measInfo>
        <measInfo measInfoId="50331654">
            <granPeriod duration="PT3600S" endTime="2021-08-17T23:00:00+08:00"/>
            <repPeriod duration="PT3600S"/>
            <measTypes>50332565 50332566 50332633 50332635 </measTypes>
            <measValue measObjLdn="MLBG2103HUNB001/NodeBFunction:NodeB Function Name=MLBG2103HUNB001">
                <measResults>3072 1792 0 0 </measResults>
            </measValue>
        </measInfo>
        <measInfo measInfoId="50331664">
            <granPeriod duration="PT3600S" endTime="2021-08-17T23:00:00+08:00"/>
            <repPeriod duration="PT3600S"/>
            <measTypes>50332572 50332585 50332587 50332588 50332589 50332590 50332617 50332618 50332625 </measTypes>
            <measValue measObjLdn="MLBG2103HUNB001/NodeBFunction:NodeB Function Name=MLBG2103HUNB001">
                <measResults>2 0 37 37 0 23 0 0 4 </measResults>
            </measValue>
        </measInfo>
        <measInfo measInfoId="50331666">
            <granPeriod duration="PT3600S" endTime="2021-08-17T23:00:00+08:00"/>
            <repPeriod duration="PT3600S"/>
            <measTypes>50332567 50332568 50332569 50332570 50332571 </measTypes>
            <measValue measObjLdn="MLBG2103HUNB001/NodeBFunction:NodeB Function Name=MLBG2103HUNB001">
                <measResults>0 0 0 0 0 </measResults>
            </measValue>
        </measInfo>
        <measInfo measInfoId="50331681">
            <granPeriod duration="PT3600S" endTime="2021-08-17T23:00:00+08:00"/>
            <repPeriod duration="PT3600S"/>
            <measTypes>50342640 50342641 50342642 50342643 50342644 50342645 50342646 50342647 </measTypes>
            <measValue measObjLdn="MLBG2103HUNB001/NodeBFunction:NodeB Function Name=MLBG2103HUNB001">
                <measResults>13690498 15563091 1446133985 5881532367 5795771 3213631 26046226 13070071 </measResults>
            </measValue>
        </measInfo>
        <measInfo measInfoId="50331652">
            <granPeriod duration="PT3600S" endTime="2021-08-17T23:00:00+08:00"/>
            <repPeriod duration="PT3600S"/>
            <measTypes>50332555 50332556 50332557 50332558 50332559 50332560 50332561 50332562 50332563 50332564 50332593 50332594 50342555 50342556 50342561 50342562 50342563 50342564 50342567 50342568 50342569 50342570 50342571 50342572 50342618 50342619 50342621 50342622 50342624 50342625 50342627 50342628 </measTypes>
            <measValue measObjLdn="MLBG2103HUNB001/NodeBFunction:NodeB Function Name=MLBG2103HUNB001/MocID:2/CnOperator:-1">
                <measResults>0 0 0 0 5184 4016 183.533 79.601 0 110.835 0 0 0 0 250.5 108 0 152 51 131.5 82 0 0 0 0 0 0 0 0 0 0 0 </measResults>
            </measValue>
        </measInfo>
        <measInfo measInfoId="50331667">
            <granPeriod duration="PT3600S" endTime="2021-08-17T23:00:00+08:00"/>
            <repPeriod duration="PT3600S"/>
            <measTypes>50332591 50332592 50332595 50332596 50332597 </measTypes>
            <measValue measObjLdn="MLBG2103HUNB001/NodeBFunction:NodeB Function Name=MLBG2103HUNB001/MocID:2/CnOperator:-1">
                <measResults>0 0 0 0 0 </measResults>
            </measValue>
        </measInfo>
        <measInfo measInfoId="50331668">
            <granPeriod duration="PT3600S" endTime="2021-08-17T23:00:00+08:00"/>
            <repPeriod duration="PT3600S"/>
            <measTypes>50332348 50332349 </measTypes>
            <measValue measObjLdn="MLBG2103HUNB001/LOCELL_SECTOREQM:NodeB Function Name=MLBG2103HUNB001, Local Cell ID=10621, Sector Equipment ID=0">
                <measResults>0 0 </measResults>
            </measValue>
            <measValue measObjLdn="MLBG2103HUNB001/LOCELL_SECTOREQM:NodeB Function Name=MLBG2103HUNB001, Local Cell ID=10622, Sector Equipment ID=1">
                <measResults>0 0 </measResults>
            </measValue>
            <measValue measObjLdn="MLBG2103HUNB001/LOCELL_SECTOREQM:NodeB Function Name=MLBG2103HUNB001, Local Cell ID=10623, Sector Equipment ID=2">
                <measResults>0 0 </measResults>
            </measValue>
            <measValue measObjLdn="MLBG2103HUNB001/LOCELL_SECTOREQM:NodeB Function Name=MLBG2103HUNB001, Local Cell ID=50621, Sector Equipment ID=6">
                <measResults>0 0 </measResults>
            </measValue>
            <measValue measObjLdn="MLBG2103HUNB001/LOCELL_SECTOREQM:NodeB Function Name=MLBG2103HUNB001, Local Cell ID=50622, Sector Equipment ID=7">
                <measResults>0 0 </measResults>
            </measValue>
            <measValue measObjLdn="MLBG2103HUNB001/LOCELL_SECTOREQM:NodeB Function Name=MLBG2103HUNB001, Local Cell ID=50623, Sector Equipment ID=8">
                <measResults>0 0 </measResults>
            </measValue>
            <measValue measObjLdn="MLBG2103HUNB001/LOCELL_SECTOREQM:NodeB Function Name=MLBG2103HUNB001, Local Cell ID=60621, Sector Equipment ID=10">
                <measResults>0 0 </measResults>
            </measValue>
            <measValue measObjLdn="MLBG2103HUNB001/LOCELL_SECTOREQM:NodeB Function Name=MLBG2103HUNB001, Local Cell ID=60622, Sector Equipment ID=11">
                <measResults>0 0 </measResults>
            </measValue>
            <measValue measObjLdn="MLBG2103HUNB001/LOCELL_SECTOREQM:NodeB Function Name=MLBG2103HUNB001, Local Cell ID=60623, Sector Equipment ID=12">
                <measResults>0 0 </measResults>
            </measValue>
        </measInfo>
        <measInfo measInfoId="50331669">
            <granPeriod duration="PT3600S" endTime="2021-08-17T23:00:00+08:00"/>
            <repPeriod duration="PT3600S"/>
            <measTypes>50332350 50332351 50332352 50332353 </measTypes>
            <measValue measObjLdn="MLBG2103HUNB001/LOCELL_SECTOREQM:NodeB Function Name=MLBG2103HUNB001, Local Cell ID=10621, Sector Equipment ID=0">
                <measResults>74887 117 74487 74614 </measResults>
            </measValue>
            <measValue measObjLdn="MLBG2103HUNB001/LOCELL_SECTOREQM:NodeB Function Name=MLBG2103HUNB001, Local Cell ID=10622, Sector Equipment ID=1">
                <measResults>5569 0 5547 5547 </measResults>
            </measValue>
            <measValue measObjLdn="MLBG2103HUNB001/LOCELL_SECTOREQM:NodeB Function Name=MLBG2103HUNB001, Local Cell ID=10623, Sector Equipment ID=2">
                <measResults>23544 0 23349 23379 </measResults>
            </measValue>
            <measValue measObjLdn="MLBG2103HUNB001/LOCELL_SECTOREQM:NodeB Function Name=MLBG2103HUNB001, Local Cell ID=50621, Sector Equipment ID=6">
                <measResults>59428 224 58415 58519 </measResults>
            </measValue>
            <measValue measObjLdn="MLBG2103HUNB001/LOCELL_SECTOREQM:NodeB Function Name=MLBG2103HUNB001, Local Cell ID=50622, Sector Equipment ID=7">
                <measResults>1090 0 1040 1041 </measResults>
            </measValue>
            <measValue measObjLdn="MLBG2103HUNB001/LOCELL_SECTOREQM:NodeB Function Name=MLBG2103HUNB001, Local Cell ID=50623, Sector Equipment ID=8">
                <measResults>12074 2 11910 11923 </measResults>
            </measValue>
            <measValue measObjLdn="MLBG2103HUNB001/LOCELL_SECTOREQM:NodeB Function Name=MLBG2103HUNB001, Local Cell ID=60621, Sector Equipment ID=10">
                <measResults>53791 103 52883 52996 </measResults>
            </measValue>
            <measValue measObjLdn="MLBG2103HUNB001/LOCELL_SECTOREQM:NodeB Function Name=MLBG2103HUNB001, Local Cell ID=60622, Sector Equipment ID=11">
                <measResults>2479 0 2466 2466 </measResults>
            </measValue>
            <measValue measObjLdn="MLBG2103HUNB001/LOCELL_SECTOREQM:NodeB Function Name=MLBG2103HUNB001, Local Cell ID=60623, Sector Equipment ID=12">
                <measResults>7281 0 7052 7066 </measResults>
            </measValue>
        </measInfo>
        <measInfo measInfoId="50331670">
            <granPeriod duration="PT3600S" endTime="2021-08-17T23:00:00+08:00"/>
            <repPeriod duration="PT3600S"/>
            <measTypes>50332354 50332355 </measTypes>
            <measValue measObjLdn="MLBG2103HUNB001/LOCELL_SECTOREQM:NodeB Function Name=MLBG2103HUNB001, Local Cell ID=10621, Sector Equipment ID=0">
                <measResults>0 0 </measResults>
            </measValue>
            <measValue measObjLdn="MLBG2103HUNB001/LOCELL_SECTOREQM:NodeB Function Name=MLBG2103HUNB001, Local Cell ID=10622, Sector Equipment ID=1">
                <measResults>0 0 </measResults>
            </measValue>
            <measValue measObjLdn="MLBG2103HUNB001/LOCELL_SECTOREQM:NodeB Function Name=MLBG2103HUNB001, Local Cell ID=10623, Sector Equipment ID=2">
                <measResults>0 0 </measResults>
            </measValue>
            <measValue measObjLdn="MLBG2103HUNB001/LOCELL_SECTOREQM:NodeB Function Name=MLBG2103HUNB001, Local Cell ID=50621, Sector Equipment ID=6">
                <measResults>0 0 </measResults>
            </measValue>
            <measValue measObjLdn="MLBG2103HUNB001/LOCELL_SECTOREQM:NodeB Function Name=MLBG2103HUNB001, Local Cell ID=50622, Sector Equipment ID=7">
                <measResults>0 0 </measResults>
            </measValue>
            <measValue measObjLdn="MLBG2103HUNB001/LOCELL_SECTOREQM:NodeB Function Name=MLBG2103HUNB001, Local Cell ID=50623, Sector Equipment ID=8">
                <measResults>0 0 </measResults>
            </measValue>
            <measValue measObjLdn="MLBG2103HUNB001/LOCELL_SECTOREQM:NodeB Function Name=MLBG2103HUNB001, Local Cell ID=60621, Sector Equipment ID=10">
                <measResults>0 0 </measResults>
            </measValue>
            <measValue measObjLdn="MLBG2103HUNB001/LOCELL_SECTOREQM:NodeB Function Name=MLBG2103HUNB001, Local Cell ID=60622, Sector Equipment ID=11">
                <measResults>0 0 </measResults>
            </measValue>
            <measValue measObjLdn="MLBG2103HUNB001/LOCELL_SECTOREQM:NodeB Function Name=MLBG2103HUNB001, Local Cell ID=60623, Sector Equipment ID=12">
                <measResults>0 0 </measResults>
            </measValue>
        </measInfo>
        <measInfo measInfoId="50331672">
            <granPeriod duration="PT3600S" endTime="2021-08-17T23:00:00+08:00"/>
            <repPeriod duration="PT3600S"/>
            <measTypes>50342590 50342591 50342592 50342593 50342594 50342595 50342596 50342597 </measTypes>
            <measValue measObjLdn="MLBG2103HUNB001/LOCELL_SECTOREQM:NodeB Function Name=MLBG2103HUNB001, Local Cell ID=10621, Sector Equipment ID=0">
                <measResults>-103.414 -103.613 -103.047 -103.404 -104.8 -104.7 -104.5 -104.9 </measResults>
            </measValue>
            <measValue measObjLdn="MLBG2103HUNB001/LOCELL_SECTOREQM:NodeB Function Name=MLBG2103HUNB001, Local Cell ID=10622, Sector Equipment ID=1">
                <measResults>-106.022 -106.563 -105.561 -106.169 -106.4 -106.9 -105.9 -106.7 </measResults>
            </measValue>
            <measValue measObjLdn="MLBG2103HUNB001/LOCELL_SECTOREQM:NodeB Function Name=MLBG2103HUNB001, Local Cell ID=10623, Sector Equipment ID=2">
                <measResults>-105.561 -105.475 -104.899 -105.509 -106.3 -106.1 -105.6 -106.2 </measResults>
            </measValue>
            <measValue measObjLdn="MLBG2103HUNB001/LOCELL_SECTOREQM:NodeB Function Name=MLBG2103HUNB001, Local Cell ID=50621, Sector Equipment ID=6">
                <measResults>-95.151 -95.302 NIL NIL -101 -101.3 NIL NIL </measResults>
            </measValue>
            <measValue measObjLdn="MLBG2103HUNB001/LOCELL_SECTOREQM:NodeB Function Name=MLBG2103HUNB001, Local Cell ID=50622, Sector Equipment ID=7">
                <measResults>-100.233 -98.179 NIL NIL -101.5 -100.7 NIL NIL </measResults>
            </measValue>
            <measValue measObjLdn="MLBG2103HUNB001/LOCELL_SECTOREQM:NodeB Function Name=MLBG2103HUNB001, Local Cell ID=50623, Sector Equipment ID=8">
                <measResults>-101.211 -101.116 NIL NIL -103.5 -103.3 NIL NIL </measResults>
            </measValue>
            <measValue measObjLdn="MLBG2103HUNB001/LOCELL_SECTOREQM:NodeB Function Name=MLBG2103HUNB001, Local Cell ID=60621, Sector Equipment ID=10">
                <measResults>-94.658 -94.887 NIL NIL -97.7 -98.5 NIL NIL </measResults>
            </measValue>
            <measValue measObjLdn="MLBG2103HUNB001/LOCELL_SECTOREQM:NodeB Function Name=MLBG2103HUNB001, Local Cell ID=60622, Sector Equipment ID=11">
                <measResults>-99.152 -100.021 NIL NIL -100 -101.6 NIL NIL </measResults>
            </measValue>
            <measValue measObjLdn="MLBG2103HUNB001/LOCELL_SECTOREQM:NodeB Function Name=MLBG2103HUNB001, Local Cell ID=60623, Sector Equipment ID=12">
                <measResults>-101.427 -102.261 NIL NIL -103.3 -103.9 NIL NIL </measResults>
            </measValue>
        </measInfo>
        <measInfo measInfoId="50331682">
            <granPeriod duration="PT3600S" endTime="2021-08-17T23:00:00+08:00"/>
            <repPeriod duration="PT3600S"/>
            <measTypes>50332602 50332603 50332615 50332616 </measTypes>
            <measValue measObjLdn="MLBG2103HUNB001/LOCELL_SECTOREQM:NodeB Function Name=MLBG2103HUNB001, Local Cell ID=10621, Sector Equipment ID=0">
                <measResults>NIL NIL NIL NIL </measResults>
            </measValue>
            <measValue measObjLdn="MLBG2103HUNB001/LOCELL_SECTOREQM:NodeB Function Name=MLBG2103HUNB001, Local Cell ID=10622, Sector Equipment ID=1">
                <measResults>NIL NIL NIL NIL </measResults>
            </measValue>
            <measValue measObjLdn="MLBG2103HUNB001/LOCELL_SECTOREQM:NodeB Function Name=MLBG2103HUNB001, Local Cell ID=10623, Sector Equipment ID=2">
                <measResults>NIL NIL NIL NIL </measResults>
            </measValue>
            <measValue measObjLdn="MLBG2103HUNB001/LOCELL_SECTOREQM:NodeB Function Name=MLBG2103HUNB001, Local Cell ID=50621, Sector Equipment ID=6">
                <measResults>NIL NIL NIL NIL </measResults>
            </measValue>
            <measValue measObjLdn="MLBG2103HUNB001/LOCELL_SECTOREQM:NodeB Function Name=MLBG2103HUNB001, Local Cell ID=50622, Sector Equipment ID=7">
                <measResults>NIL NIL NIL NIL </measResults>
            </measValue>
            <measValue measObjLdn="MLBG2103HUNB001/LOCELL_SECTOREQM:NodeB Function Name=MLBG2103HUNB001, Local Cell ID=50623, Sector Equipment ID=8">
                <measResults>NIL NIL NIL NIL </measResults>
            </measValue>
            <measValue measObjLdn="MLBG2103HUNB001/LOCELL_SECTOREQM:NodeB Function Name=MLBG2103HUNB001, Local Cell ID=60621, Sector Equipment ID=10">
                <measResults>332 288 NIL NIL </measResults>
            </measValue>
            <measValue measObjLdn="MLBG2103HUNB001/LOCELL_SECTOREQM:NodeB Function Name=MLBG2103HUNB001, Local Cell ID=60622, Sector Equipment ID=11">
                <measResults>428 360 NIL NIL </measResults>
            </measValue>
            <measValue measObjLdn="MLBG2103HUNB001/LOCELL_SECTOREQM:NodeB Function Name=MLBG2103HUNB001, Local Cell ID=60623, Sector Equipment ID=12">
                <measResults>976 982 NIL NIL </measResults>
            </measValue>
        </measInfo>
    </measData>
    <fileFooter>
        <measCollec endTime="2021-08-17T23:00:00+08:00"/>
    </fileFooter>
</measCollecFile>
