<?xml version="1.0" encoding="UTF-8"?>
<measCollecFile xmlns="http://latest/nmc-omc/cmNrm.doc#measCollec" xmlns:xsi="http://www.w3.org/2001/XMLSchema-instance" xsi:schemaLocation="http://latest/nmc-omc/cmNrm.doc#measCollec schema\pmResultSchedule.xsd">
    <fileHeader fileFormatVersion="32.435 V7.2" vendorName="Huawei">
        <fileSender elementType="NodeB"/>
        <measCollec beginTime="2021-08-19T11:00:00+08:00"/>
    </fileHeader>
    <measData>
        <managedElement userLabel="MLB00126HUNB001"/>
        <measInfo measInfoId="50331655">
            <granPeriod duration="PT3600S" endTime="2021-08-19T12:00:00+08:00"/>
            <repPeriod duration="PT3600S"/>
            <measTypes>50332573 50332574 50342574 50342575 50342635 50342636 </measTypes>
            <measValue measObjLdn="MLB00126HUNB001/ULGROUP:UL BB Resource Group No.=1">
                <measResults>1024 119.458 92.5 148 0 0 </measResults>
            </measValue>
            <measValue measObjLdn="MLB00126HUNB001/ULGROUP:UL BB Resource Group No.=2">
                <measResults>1024 40.854 20.5 58 0 0 </measResults>
            </measValue>
        </measInfo>
        <measInfo measInfoId="50331656">
            <granPeriod duration="PT3600S" endTime="2021-08-19T12:00:00+08:00"/>
            <repPeriod duration="PT3600S"/>
            <measTypes>50332582 50332583 50332584 50332586 50342584 50342585 50342586 50342587 50342606 50342607 50342608 50342609 50342632 50342633 </measTypes>
            <measValue measObjLdn="MLB00126HUNB001/BRD:Board Type=UBBP, Cabinet No.=0, Subrack No.=0, Slot No.=1">
                <measResults>1024 1024 0 0 0 0 0 0 0 0 0 0 0 0 </measResults>
            </measValue>
            <measValue measObjLdn="MLB00126HUNB001/BRD:Board Type=UBBP, Cabinet No.=0, Subrack No.=0, Slot No.=2">
                <measResults>1024 1024 74.392 119.458 58 96 92.5 148 4 7 6 10 0 0 </measResults>
            </measValue>
            <measValue measObjLdn="MLB00126HUNB001/BRD:Board Type=UBBP, Cabinet No.=0, Subrack No.=0, Slot No.=3">
                <measResults>1024 1024 30.233 40.854 21 41 20.5 58 2 3 2 5 0 0 </measResults>
            </measValue>
            <measValue measObjLdn="MLB00126HUNB001/BRD:Board Type=UMPT, Cabinet No.=0, Subrack No.=0, Slot No.=7">
                <measResults>0 0 0 0 0 0 0 0 0 0 0 0 0 0 </measResults>
            </measValue>
        </measInfo>
        <measInfo measInfoId="50331683">
            <granPeriod duration="PT3600S" endTime="2021-08-19T12:00:00+08:00"/>
            <repPeriod duration="PT3600S"/>
            <measTypes>50332627 </measTypes>
            <measValue measObjLdn="MLB00126HUNB001/NODEBRRU:Cabinet No.=0, Subrack No.=60, Slot No.=0">
                <measResults>0 </measResults>
            </measValue>
            <measValue measObjLdn="MLB00126HUNB001/NODEBRRU:Cabinet No.=0, Subrack No.=61, Slot No.=0">
                <measResults>0 </measResults>
            </measValue>
            <measValue measObjLdn="MLB00126HUNB001/NODEBRRU:Cabinet No.=0, Subrack No.=62, Slot No.=0">
                <measResults>0 </measResults>
            </measValue>
            <measValue measObjLdn="MLB00126HUNB001/NODEBRRU:Cabinet No.=0, Subrack No.=80, Slot No.=0">
                <measResults>0 </measResults>
            </measValue>
            <measValue measObjLdn="MLB00126HUNB001/NODEBRRU:Cabinet No.=0, Subrack No.=81, Slot No.=0">
                <measResults>0 </measResults>
            </measValue>
            <measValue measObjLdn="MLB00126HUNB001/NODEBRRU:Cabinet No.=0, Subrack No.=82, Slot No.=0">
                <measResults>0 </measResults>
            </measValue>
        </measInfo>
        <measInfo measInfoId="1542455297">
            <granPeriod duration="PT3600S" endTime="2021-08-19T12:00:00+08:00"/>
            <repPeriod duration="PT3600S"/>
            <measTypes>1542455297 1542455298 1542455299 1542455300 1542455301 1542455302 1542455303 1542455304 1542455305 1542455306 1542455307 1542460296 1542460297 </measTypes>
            <measValue measObjLdn="MLB00126HUNB001/ETHPORT:Cabinet No.=0, Subrack No.=0, Slot No.=7, Port No.=0, Subboard Type=BASE_BOARD">
                <measResults>0 0 0 0 0 0 0 0 0 0 0 0 0 </measResults>
            </measValue>
            <measValue measObjLdn="MLB00126HUNB001/ETHPORT:Cabinet No.=0, Subrack No.=0, Slot No.=7, Port No.=1, Subboard Type=BASE_BOARD">
                <measResults>1791843545 15089441 8127850950 19671673 0 9261184 2124056 3981867 44172376 3083296 18062261 1000000 1000000 </measResults>
            </measValue>
        </measInfo>
        <measInfo measInfoId="1542455301">
            <granPeriod duration="PT3600S" endTime="2021-08-19T12:00:00+08:00"/>
            <repPeriod duration="PT3600S"/>
            <measTypes>1542455326 1542455327 1542455328 1542455329 1542455330 1542455331 1542455332 1542455333 1542460727 1542460728 1542460729 </measTypes>
            <measValue measObjLdn="MLB00126HUNB001/IP:Board Type=UMPT, Cabinet No.=0, Subrack No.=0, Slot No.=7">
                <measResults>15089756 1433235541 0 0 19665734 7640415725 0 0 18628 0 0 </measResults>
            </measValue>
        </measInfo>
        <measInfo measInfoId="1542455303">
            <granPeriod duration="PT3600S" endTime="2021-08-19T12:00:00+08:00"/>
            <repPeriod duration="PT3600S"/>
            <measTypes>1542455365 1542455367 1542455369 1542455371 1542455375 1542455376 1542455377 1542455378 </measTypes>
            <measValue measObjLdn="MLB00126HUNB001/RSCGRP:Transmission Resource Group Bear Type=IP, Cabinet No.=0, Bearing Port No.=0, Bearing Port Type=ETH, Transmission Resource Group ID=AUTOPORT, Subboard Type=BASE_BOARD, Slot No.=7, Subrack No.=0">
                <measResults>0 0 0 0 0 0 0 0 </measResults>
            </measValue>
            <measValue measObjLdn="MLB00126HUNB001/RSCGRP:Transmission Resource Group Bear Type=IP, Cabinet No.=0, Bearing Port No.=1, Bearing Port Type=ETH, Transmission Resource Group ID=AUTOPORT, Subboard Type=BASE_BOARD, Slot No.=7, Subrack No.=0">
                <measResults>1704756058 15089000 0 0 8970760 1825776 3788267 0 </measResults>
            </measValue>
        </measInfo>
        <measInfo measInfoId="1542455312">
            <granPeriod duration="PT3600S" endTime="2021-08-19T12:00:00+08:00"/>
            <repPeriod duration="PT3600S"/>
            <measTypes>1542460308 1542460309 1542460310 1542460311 1542460312 1542460313 1542460314 1542460315 1542460316 1542460317 1542460318 1542460319 1542460320 1542460321 1542460322 1542460323 1542460324 1542460325 1542460326 1542460327 1542460328 1542460329 1542460330 1542460331 1542460332 </measTypes>
            <measValue measObjLdn="MLB00126HUNB001/RSCGRP:Transmission Resource Group Bear Type=IP, Cabinet No.=0, Bearing Port No.=0, Bearing Port Type=ETH, Transmission Resource Group ID=AUTOPORT, Subboard Type=BASE_BOARD, Slot No.=7, Subrack No.=0">
                <measResults>0 0 0 0 0 0 0 0 0 0 0 0 0 0 0 0 0 0 0 0 0 0 0 0 0 </measResults>
            </measValue>
            <measValue measObjLdn="MLB00126HUNB001/RSCGRP:Transmission Resource Group Bear Type=IP, Cabinet No.=0, Bearing Port No.=1, Bearing Port Type=ETH, Transmission Resource Group ID=AUTOPORT, Subboard Type=BASE_BOARD, Slot No.=7, Subrack No.=0">
                <measResults>1000000 1000000 1000000 0 0 0 0 0 0 0 0 0 0 7022906 0 0 0 0 0 0 0 0 0 0 0 </measResults>
            </measValue>
        </measInfo>
        <measInfo measInfoId="1542455309">
            <granPeriod duration="PT3600S" endTime="2021-08-19T12:00:00+08:00"/>
            <repPeriod duration="PT3600S"/>
            <measTypes>1542455826 1542455827 1542455828 1542455829 1542455833 1542455834 1542455835 1542455836 1542455837 1542455838 1542455839 1542455840 1542455841 1542455842 1542455843 1542455844 1542455845 1542455846 1542455847 1542455848 </measTypes>
            <measValue measObjLdn="MLB00126HUNB001/OMCH:Standby Status=MASTER, Bearer Type=IPV4">
                <measResults>658 170 0 0 0 0 0 0 0 494 0 0 636 0 0 0 0 587 0 49 </measResults>
            </measValue>
        </measInfo>
        <measInfo measInfoId="1542455815">
            <granPeriod duration="PT3600S" endTime="2021-08-19T12:00:00+08:00"/>
            <repPeriod duration="PT3600S"/>
            <measTypes>1542460340 1542460341 1542460342 1542460343 1542460496 1542460497 1542460498 1542460499 1542460500 1542460501 1542460502 1542460503 1542460504 1542460505 1542460506 1542460507 1542460510 </measTypes>
            <measValue measObjLdn="MLB00126HUNB001/IKE:Board Type=UMPT, Cabinet No.=0, Subrack No.=0, Slot No.=7">
                <measResults>0 0 0 0 0 0 0 0 0 0 0 0 0 0 0 0 0 </measResults>
            </measValue>
        </measInfo>
        <measInfo measInfoId="1542455817">
            <granPeriod duration="PT3600S" endTime="2021-08-19T12:00:00+08:00"/>
            <repPeriod duration="PT3600S"/>
            <measTypes>1542460356 1542460357 1542460358 1542460359 1542460360 1542460361 1542460362 1542460363 1542460364 1542460365 1542460366 1542460367 1542460368 1542460369 1542460370 1542460371 1542460372 1542460373 1542460374 1542460375 1542460376 </measTypes>
            <measValue measObjLdn="MLB00126HUNB001/SCTPLNK:Link No.=31">
                <measResults>10339716 10966956 98071 149227 0 62720 0 22979 77224 15328 24372 26227 123428 0 0 0 0 0 0 123432 26234 </measResults>
            </measValue>
            <measValue measObjLdn="MLB00126HUNB001/SCTPLNK:Link No.=32">
                <measResults>15684172 16308195 510016 621153 0 66928 13968 34854 65816 15968 36240 246366 452820 0 0 0 0 0 0 452820 246366 </measResults>
            </measValue>
        </measInfo>
        <measInfo measInfoId="1542455818">
            <granPeriod duration="PT3600S" endTime="2021-08-19T12:00:00+08:00"/>
            <repPeriod duration="PT3600S"/>
            <measTypes>1542455526 1542455527 1542455528 1542455529 1542455530 1542455531 1542455532 1542455533 1542455534 1542455535 </measTypes>
            <measValue measObjLdn="MLB00126HUNB001/USERPLANEHOST:User Plane Host ID=3">
                <measResults>14178404 19034679 1357518311 7580588297 8167176 3016821 43063440 16846435 NIL NIL </measResults>
            </measValue>
        </measInfo>
        <measInfo measInfoId="1593835529">
            <granPeriod duration="PT3600S" endTime="2021-08-19T12:00:00+08:00"/>
            <repPeriod duration="PT3600S"/>
            <measTypes>1593835620 1593835628 1593835629 </measTypes>
            <measValue measObjLdn="MLB00126HUNB001/NODE:NODE">
                <measResults>NIL 0.677 0 </measResults>
            </measValue>
        </measInfo>
        <measInfo measInfoId="1593835533">
            <granPeriod duration="PT3600S" endTime="2021-08-19T12:00:00+08:00"/>
            <repPeriod duration="PT3600S"/>
            <measTypes>1593835647 1593835648 1593835649 </measTypes>
            <measValue measObjLdn="MLB00126HUNB001/NODE:NODE">
                <measResults>31550 31535 31543 </measResults>
            </measValue>
        </measInfo>
        <measInfo measInfoId="1593835531">
            <granPeriod duration="PT3600S" endTime="2021-08-19T12:00:00+08:00"/>
            <repPeriod duration="PT3600S"/>
            <measTypes>1593835630 1593835632 1593835633 1593835634 </measTypes>
            <measValue measObjLdn="MLB00126HUNB001/BBUBoard:Board Type=UBBP, Cabinet No.=0, Subrack No.=0, Slot No.=1">
                <measResults>0 3 2 0 </measResults>
            </measValue>
            <measValue measObjLdn="MLB00126HUNB001/BBUBoard:Board Type=UBBP, Cabinet No.=0, Subrack No.=0, Slot No.=2">
                <measResults>0 4 3 0 </measResults>
            </measValue>
            <measValue measObjLdn="MLB00126HUNB001/BBUBoard:Board Type=UBBP, Cabinet No.=0, Subrack No.=0, Slot No.=3">
                <measResults>0 4 3 0 </measResults>
            </measValue>
            <measValue measObjLdn="MLB00126HUNB001/BBUBoard:Board Type=UMPT, Cabinet No.=0, Subrack No.=0, Slot No.=7">
                <measResults>0 3 1 0 </measResults>
            </measValue>
        </measInfo>
        <measInfo measInfoId="1593835535">
            <granPeriod duration="PT3600S" endTime="2021-08-19T12:00:00+08:00"/>
            <repPeriod duration="PT3600S"/>
            <measTypes>1593835652 1593835653 1593835654 1593835655 1593835656 1593835657 1593835658 1593835659 1593835660 1593835661 1593835662 1593835663 1593835664 1593835665 1593835666 1593835667 1593835668 1593835669 1593835670 1593835671 </measTypes>
            <measValue measObjLdn="MLB00126HUNB001/RADIOEQM:Cabinet No.=0, Subrack No.=60, Slot No.=0">
                <measResults>NIL NIL NIL NIL NIL NIL NIL NIL NIL NIL 0 0 0 0 0 0 0 0 0 0 </measResults>
            </measValue>
            <measValue measObjLdn="MLB00126HUNB001/RADIOEQM:Cabinet No.=0, Subrack No.=61, Slot No.=0">
                <measResults>NIL NIL NIL NIL NIL NIL NIL NIL NIL NIL 0 0 0 25 0 0 0 0 0 0 </measResults>
            </measValue>
            <measValue measObjLdn="MLB00126HUNB001/RADIOEQM:Cabinet No.=0, Subrack No.=62, Slot No.=0">
                <measResults>NIL NIL NIL NIL NIL NIL NIL NIL NIL NIL 0 0 0 30 0 0 0 0 0 0 </measResults>
            </measValue>
            <measValue measObjLdn="MLB00126HUNB001/RADIOEQM:Cabinet No.=0, Subrack No.=80, Slot No.=0">
                <measResults>NIL NIL NIL NIL NIL NIL NIL NIL NIL NIL 0 0 0 0 0 0 0 0 0 0 </measResults>
            </measValue>
            <measValue measObjLdn="MLB00126HUNB001/RADIOEQM:Cabinet No.=0, Subrack No.=81, Slot No.=0">
                <measResults>NIL NIL NIL NIL NIL NIL NIL NIL NIL NIL 0 0 0 10 0 0 0 0 0 0 </measResults>
            </measValue>
            <measValue measObjLdn="MLB00126HUNB001/RADIOEQM:Cabinet No.=0, Subrack No.=82, Slot No.=0">
                <measResults>NIL NIL NIL NIL NIL NIL NIL NIL NIL NIL 0 0 0 0 0 0 0 0 0 0 </measResults>
            </measValue>
        </measInfo>
        <measInfo measInfoId="1593835539">
            <granPeriod duration="PT3600S" endTime="2021-08-19T12:00:00+08:00"/>
            <repPeriod duration="PT3600S"/>
            <measTypes>1593835767 </measTypes>
            <measValue measObjLdn="MLB00126HUNB001/RADIOEQM:Cabinet No.=0, Subrack No.=60, Slot No.=0">
                <measResults>3600 </measResults>
            </measValue>
            <measValue measObjLdn="MLB00126HUNB001/RADIOEQM:Cabinet No.=0, Subrack No.=61, Slot No.=0">
                <measResults>3600 </measResults>
            </measValue>
            <measValue measObjLdn="MLB00126HUNB001/RADIOEQM:Cabinet No.=0, Subrack No.=62, Slot No.=0">
                <measResults>3600 </measResults>
            </measValue>
            <measValue measObjLdn="MLB00126HUNB001/RADIOEQM:Cabinet No.=0, Subrack No.=80, Slot No.=0">
                <measResults>3600 </measResults>
            </measValue>
            <measValue measObjLdn="MLB00126HUNB001/RADIOEQM:Cabinet No.=0, Subrack No.=81, Slot No.=0">
                <measResults>3600 </measResults>
            </measValue>
            <measValue measObjLdn="MLB00126HUNB001/RADIOEQM:Cabinet No.=0, Subrack No.=82, Slot No.=0">
                <measResults>3600 </measResults>
            </measValue>
        </measInfo>
        <measInfo measInfoId="1593835544">
            <granPeriod duration="PT3600S" endTime="2021-08-19T12:00:00+08:00"/>
            <repPeriod duration="PT3600S"/>
            <measTypes>1593835835 </measTypes>
            <measValue measObjLdn="MLB00126HUNB001/BU:Cabinet No.=0, Subrack No.=0">
                <measResults>0.20438583 </measResults>
            </measValue>
        </measInfo>
        <measInfo measInfoId="1593835545">
            <granPeriod duration="PT3600S" endTime="2021-08-19T12:00:00+08:00"/>
            <repPeriod duration="PT3600S"/>
            <measTypes>1593835836 </measTypes>
            <measValue measObjLdn="MLB00126HUNB001/BTSBoard:Cabinet No.=0, Subrack No.=60, Slot No.=0">
                <measResults>0.18579251 </measResults>
            </measValue>
            <measValue measObjLdn="MLB00126HUNB001/BTSBoard:Cabinet No.=0, Subrack No.=61, Slot No.=0">
                <measResults>0.2103575 </measResults>
            </measValue>
            <measValue measObjLdn="MLB00126HUNB001/BTSBoard:Cabinet No.=0, Subrack No.=62, Slot No.=0">
                <measResults>0.1814025 </measResults>
            </measValue>
            <measValue measObjLdn="MLB00126HUNB001/BTSBoard:Cabinet No.=0, Subrack No.=80, Slot No.=0">
                <measResults>0.18898167 </measResults>
            </measValue>
            <measValue measObjLdn="MLB00126HUNB001/BTSBoard:Cabinet No.=0, Subrack No.=81, Slot No.=0">
                <measResults>0.21806499 </measResults>
            </measValue>
            <measValue measObjLdn="MLB00126HUNB001/BTSBoard:Cabinet No.=0, Subrack No.=82, Slot No.=0">
                <measResults>0.16496749 </measResults>
            </measValue>
        </measInfo>
        <measInfo measInfoId="50331648">
            <granPeriod duration="PT3600S" endTime="2021-08-19T12:00:00+08:00"/>
            <repPeriod duration="PT3600S"/>
            <measTypes>50331654 50331655 50331656 50331657 50331658 50331659 50331660 50331661 50331662 50331663 50331664 50331665 50331666 50331667 50331668 50331669 50331670 50331671 50331672 50331673 50331674 50331675 50331676 50331677 50331678 50331679 50331680 50331681 50331682 50331683 50331684 50331685 50331686 50331687 50331688 50331689 50331690 50331691 50331692 50331693 50331694 50331695 50331696 50331697 50331698 50331699 50331709 50331710 50331711 50331712 50331713 50331714 50331717 50331718 50331719 50331720 50331721 50331722 50331723 50331724 50331745 50331746 50331754 50331755 50331756 50331757 50331758 50331759 50331760 50331761 50331762 50331763 50331764 50331765 50331766 50331767 50331768 50331769 50331770 50331771 50331772 50331773 50331774 50331775 50331776 50331777 50331778 50331779 50331780 50331781 50331782 50331783 50331784 50331785 50331786 50331787 50331788 50331789 50331790 50331791 50331792 50331793 50331794 50331795 50331796 50331797 50331798 50331799 50331800 50331801 50331802 50331803 50331804 50331805 50331806 50331807 50331808 50331809 50331810 50331811 50331812 50331813 50331814 50331815 50331816 50331817 50331818 50331819 50331820 50331821 50331838 50331839 50331840 50332168 50332169 50332170 50332173 50332174 50332215 50332216 50332217 50341648 50341649 50341650 50341651 50341652 50341653 50341654 50341655 50341656 50341657 50341658 50341659 50341668 50341669 50341670 50341671 50341672 50341675 50341676 50341677 50341678 50341679 50341680 50341685 50341686 50341687 50341688 50341689 50341690 50341691 50341692 50341693 50341694 50341695 50341696 50341697 50341698 50341699 50341700 50341701 50341702 50341703 50341704 50341705 50341706 50341707 50341708 50341709 50341710 50341711 50341712 50341713 50341714 50341715 50341716 50341717 50341722 50341739 50341740 </measTypes>
            <measValue measObjLdn="MLB00126HUNB001/ULoCell:NodeB Function Name=MLB00126HUNB001, Local Cell ID=10061, Cell Name=N/A">
                <measResults>584448 114833 76739 490742 77699 9606 3721 2680 0 0 0 0 0 0 17167 105683 3646 2922 3453 5296 9797 10174 19030 24228 37677 45419 61614 71477 80310 100695 71828 81762 54689 54872 34601 24923 19307 15346 10690 9718 14394 16878 91169 17446 14593 10560 112817 764562 0 0 0 0 0 0 0 0 0 237136 426168 776121 1226658 4583106045 0 36707 3297 1245 2380 3587 4124 18386 6614 10106 10186 19658 21114 26777 25564 38860 115712 27877 30039 30066 25890 22279 20816 33121 54733 28225 18021 12252 12100 24114 25723 66239 0 0 0 0 0 0 0 0 0 0 0 0 0 0 0 0 0 0 0 0 0 0 0 0 0 0 0 0 0 0 0 0 0 0 0 0 4582833441 963952 248240 0 0 0 0 0 0 0 0 107 390 0 319 995 0 108 200 322 592 990 534 1261221 7948539 0 1273961 2361837 12 66 0 257 779 0 0 1000 0 4.195 13.869 13.131 14 0 137 75 2 0 0 0 0 0 0 NIL 772 824 563 0 0 0 0 0 0 0 0 0 0 0 0 18606 0 0 </measResults>
            </measValue>
            <measValue measObjLdn="MLB00126HUNB001/ULoCell:NodeB Function Name=MLB00126HUNB001, Local Cell ID=10062, Cell Name=N/A">
                <measResults>579499 112587 95174 466181 96758 10477 3604 2479 0 0 0 0 0 0 15369 43896 69048 21308 20741 31358 44762 37971 60613 63269 82635 86164 103847 111585 123665 149799 124397 152140 130625 138374 123919 112707 103300 95666 84793 75621 106028 81288 50100 27115 17785 17001 52311 755656 0 0 0 0 0 0 0 0 0 237839 497234 787384 1080217 3660736737 0 84842 12884 15427 23867 16104 17633 41417 19315 28041 21511 26137 27895 29644 24469 30991 27319 25415 24104 28677 25240 21419 23178 19189 22672 17850 21752 25682 24019 22562 13527 23802 0 0 0 0 0 0 0 0 0 0 0 0 0 0 0 0 0 0 0 0 0 0 0 0 0 0 0 0 0 0 0 0 0 0 0 0 3660196423 753467 47517 0 0 0 0 0 0 0 0 109 306 4 243 993 2 109 257 243 578 1000 418 1006452 8025360 1205 1006452 2407780 19 139 0 212 687 0 0 9 0 3.075 12.266 12.629 14 0.02 25 89 5 0 0 0 0 0 0 NIL 698 803 569 0 0 0 0 0 0 0 0 0 0 0 0 16141 0 1 </measResults>
            </measValue>
            <measValue measObjLdn="MLB00126HUNB001/ULoCell:NodeB Function Name=MLB00126HUNB001, Local Cell ID=10063, Cell Name=N/A">
                <measResults>193467 23230 14186 169384 21867 1371 492 353 0 0 0 0 0 0 2202 1529 14526 1621 796 2526 4617 6317 11222 15230 21680 24222 26236 23431 22020 28003 25698 31193 25591 31921 30068 29458 35121 35592 37470 44131 74867 83493 81043 52146 17530 3331 62323 224152 0 0 0 0 0 0 0 0 0 75203 93393 230919 256707 2370823867 0 27054 1836 317 1581 2160 936 11454 1900 3159 2491 6130 5803 8309 6302 5889 4745 4486 3430 3458 4268 6297 6238 5193 6908 6932 8115 8243 7633 10036 11125 48448 0 0 0 0 0 0 0 0 0 0 0 0 0 0 0 0 0 0 0 0 0 0 0 0 0 0 0 0 0 0 0 0 0 0 0 0 2370499368 235424 12359 0 0 0 0 0 0 0 0 32 260 0 85 956 0 34 242 91 651 939 130 652977 9623746 0 695396 5022900 3 44 0 72 752 0 0 8 0 1.153 13.286 13.45 14.194 0 6 23 0 0 0 0 0 0 0 NIL 791 830 666 0 0 0 0 0 0 0 0 0 0 0 0 22086 0 0 </measResults>
            </measValue>
            <measValue measObjLdn="MLB00126HUNB001/ULoCell:NodeB Function Name=MLB00126HUNB001, Local Cell ID=50061, Cell Name=N/A">
                <measResults>485872 126849 59707 377174 89069 12518 5166 1945 0 0 0 0 0 0 10984 675 3519 283 294 503 821 1116 2015 2908 4925 7998 14009 23197 34642 52555 65925 81837 81127 92781 103294 100330 117108 99343 115804 103459 155864 97049 54223 24139 15353 8223 16894 671892 0 0 0 0 0 0 0 0 0 259622 395968 672484 806228 3392591360 0 52352 4725 893 938 2307 2649 18375 6599 4969 6238 12257 12682 22545 21728 32978 46466 71682 43004 41578 32812 38733 42619 30439 33809 26198 23018 15249 6086 5564 3682 9181 0 0 0 0 0 0 0 0 0 0 0 0 0 0 0 0 0 0 0 0 0 0 0 0 0 0 0 0 0 0 0 0 0 0 0 0 3392385517 628241 6029 0 0 0 0 0 0 0 0 93 337 0 277 987 0 94 265 280 782 991 348 933160 5688880 0 941635 2681494 18 101 0 239 847 0 0 3 0 3.664 13.818 13.196 14 0 3 69 2 0 0 0 0 0 0 NIL 872 911 781 0 0 0 0 0 0 0 0 0 0 0 0 20365 0 0 </measResults>
            </measValue>
            <measValue measObjLdn="MLB00126HUNB001/ULoCell:NodeB Function Name=MLB00126HUNB001, Local Cell ID=50062, Cell Name=N/A">
                <measResults>1089340 170927 113148 919888 147807 11467 5293 4885 0 0 0 0 0 0 17970 1206 3178 758 731 898 1865 2095 3884 4750 8832 13335 21757 32980 49103 75323 77849 111929 125643 157973 173279 164505 204954 192158 245434 228695 355930 395070 415472 300820 166238 112001 204977 1373443 0 0 0 0 0 0 0 0 0 773590 394933 1373500 2148896 12591257578 0 116012 7422 1916 1401 4254 4292 48004 4803 4936 5509 13520 13702 31250 18227 23614 23004 30864 32585 44208 52824 63010 65867 66507 93231 103707 99340 102728 45459 78885 58867 113331 0 0 0 0 0 0 0 0 0 0 0 0 0 0 0 0 0 0 0 0 0 0 0 0 0 0 0 0 0 0 0 0 0 0 0 0 12590696530 1201225 9873 0 0 0 0 0 0 0 0 190 372 33 587 997 52 190 284 587 876 1000 666 3468779 8502755 155493 3468779 5208377 27 102 4 483 852 26 0 11 0 7.511 12.967 12.788 13.918 0.63 5 124 10 0 0 0 0 0 0 NIL 847 894 761 0 0 0 0 0 0 0 0 0 0 0 0 23007 0 0 </measResults>
            </measValue>
            <measValue measObjLdn="MLB00126HUNB001/ULoCell:NodeB Function Name=MLB00126HUNB001, Local Cell ID=50063, Cell Name=N/A">
                <measResults>728086 139708 45783 583795 127977 11631 3510 1173 0 0 0 0 0 0 4361 1355 1611 631 811 1179 1697 2101 4001 5838 11950 17597 28788 39533 53211 84484 77092 101745 82794 94334 80669 79469 83456 77393 76257 79358 104940 92514 62407 31197 18782 12135 31613 913703 0 0 0 0 0 0 0 0 0 296237 585853 913703 1190081 5386550784 0 41235 3094 1341 1680 6937 3679 19562 14847 8853 10198 18394 23377 36072 40745 51218 64160 83587 77242 68107 63491 53669 44052 31214 29523 18072 18842 23188 14306 13811 8110 21075 0 0 0 0 0 0 0 0 0 0 0 0 0 0 0 0 0 0 0 0 0 0 0 0 0 0 0 0 0 0 0 0 0 0 0 0 5386388176 854597 7502 0 0 0 0 0 0 0 0 126 308 1 385 998 0 127 266 387 815 995 474 1481621 10088110 117 1489066 3125783 27 120 0 347 874 0 0 4 0 5.255 13.952 13.62 14 0.002 4 71 2 0 0 0 0 0 0 NIL 885 910 831 0 0 0 0 0 0 0 0 0 0 0 0 19425 0 0 </measResults>
            </measValue>
            <measValue measObjLdn="MLB00126HUNB001/ULoCell:NodeB Function Name=MLB00126HUNB001, Local Cell ID=60061, Cell Name=N/A">
                <measResults>619131 70677 179922 533226 70205 8784 3869 3047 0 0 0 0 0 0 35949 424 1416 729 623 1257 2090 2590 4933 7318 13696 21387 28662 35124 39393 58417 57824 74512 74407 87527 91569 80739 88604 78752 81260 76653 108305 73481 36112 16650 9625 4448 170608 859153 0 0 0 0 0 0 0 0 0 358169 341083 869860 1048720 7015882009 0 47812 2326 905 1106 3518 4066 23337 13150 7648 8112 17908 14902 22108 32665 44422 50270 34375 28133 33328 27004 27618 34553 25147 39923 29822 37112 42047 38380 45098 56063 76951 0 0 0 0 0 0 0 0 0 0 0 0 0 0 0 0 0 0 0 0 0 0 0 0 0 0 0 0 0 0 0 0 0 0 0 0 7015814631 813249 12354 0 0 0 0 0 0 0 0 120 313 1 354 1000 1 120 266 354 779 998 451 1931624 8708714 670 1935495 4282980 19 105 0 304 877 0 0 7 0 4.41 13.202 12.455 13.35 0.008 6 76 2 0 0 0 0 0 0 NIL 864 902 775 0 0 0 0 0 0 0 0 0 0 0 0 20830 0 0 </measResults>
            </measValue>
            <measValue measObjLdn="MLB00126HUNB001/ULoCell:NodeB Function Name=MLB00126HUNB001, Local Cell ID=60062, Cell Name=N/A">
                <measResults>1228540 153610 179343 1055087 147832 12407 6987 6227 0 0 0 0 0 0 27835 2170 2902 1402 1882 2229 5054 5806 13245 19618 37813 51907 77273 104922 132428 194491 173361 227740 213434 258955 262375 253529 272892 246799 235644 208932 268567 179439 95101 41221 20420 11716 156737 1555189 0 0 0 0 0 0 0 0 0 854147 550680 1561564 2529920 10419287898 0 155150 7935 2330 3831 7948 6970 65856 16558 19303 13269 43451 32194 54424 36477 48477 50835 55503 52911 66733 61188 64451 78550 76903 93271 73392 81412 79478 65666 60911 45365 40609 0 0 0 0 0 0 0 0 0 0 0 0 0 0 0 0 0 0 0 0 0 0 0 0 0 0 0 0 0 0 0 0 0 0 0 0 10418796600 1247473 12682 0 0 0 0 0 0 0 0 216 389 19 568 997 11 216 311 568 816 1000 692 2866757 9297195 48555 2866757 4142712 33 113 3 452 843 6 0 5 0 6.815 12.902 11.992 13 0.137 6 195 27 3 0 0 0 0 0 NIL 825 875 736 0 0 0 0 0 0 0 0 0 0 0 0 19506 0 0 </measResults>
            </measValue>
            <measValue measObjLdn="MLB00126HUNB001/ULoCell:NodeB Function Name=MLB00126HUNB001, Local Cell ID=60063, Cell Name=N/A">
                <measResults>496663 81771 79616 398363 85659 8115 3067 1459 0 0 0 0 0 0 11421 1151 1436 1010 1786 2771 5434 6174 11395 14206 23916 31193 47478 60973 69034 81805 67754 81041 77133 90264 85143 75192 75414 58121 54311 53281 68306 51474 35329 19303 10735 6695 27502 656137 0 0 0 0 0 0 0 0 0 252278 378417 658197 794205 4147991030 0 41270 1244 542 658 2613 2926 19042 3869 6740 6540 10855 11865 19387 27515 33767 43178 44644 45367 48864 39953 38020 32721 30704 29931 24245 21779 19341 13787 11390 9573 15839 0 0 0 0 0 0 0 0 0 0 0 0 0 0 0 0 0 0 0 0 0 0 0 0 0 0 0 0 0 0 0 0 0 0 0 0 4147854609 637558 9745 0 0 0 0 0 0 0 0 91 287 0 288 999 0 92 257 290 811 991 353 1141734 11408949 0 1152103 3234374 19 112 0 253 883 0 0 3 0 3.756 13.894 13.028 14 0 5 43 1 0 0 0 0 0 0 NIL 878 908 781 0 0 0 0 0 0 0 0 0 0 0 0 16873 0 0 </measResults>
            </measValue>
        </measInfo>
        <measInfo measInfoId="50331650">
            <granPeriod duration="PT3600S" endTime="2021-08-19T12:00:00+08:00"/>
            <repPeriod duration="PT3600S"/>
            <measTypes>50332548 50332549 50332550 50332554 50342548 50342549 50342550 50342554 50342612 50342613 50342615 50342616 </measTypes>
            <measValue measObjLdn="MLB00126HUNB001/ULoCell:NodeB Function Name=MLB00126HUNB001, Local Cell ID=10061, Cell Name=N/A">
                <measResults>0 0 12.331 5.917 0 0 23 13 0 0 0 0 </measResults>
            </measValue>
            <measValue measObjLdn="MLB00126HUNB001/ULoCell:NodeB Function Name=MLB00126HUNB001, Local Cell ID=10062, Cell Name=N/A">
                <measResults>0 0 21.426 10.86 0 0 43.5 24 0 0 0 0 </measResults>
            </measValue>
            <measValue measObjLdn="MLB00126HUNB001/ULoCell:NodeB Function Name=MLB00126HUNB001, Local Cell ID=10063, Cell Name=N/A">
                <measResults>0 0 6.92 4.201 0 0 21.5 11 0 0 0 0 </measResults>
            </measValue>
            <measValue measObjLdn="MLB00126HUNB001/ULoCell:NodeB Function Name=MLB00126HUNB001, Local Cell ID=50061, Cell Name=N/A">
                <measResults>0 0 12.374 5.954 0 0 28 16 0 0 0 0 </measResults>
            </measValue>
            <measValue measObjLdn="MLB00126HUNB001/ULoCell:NodeB Function Name=MLB00126HUNB001, Local Cell ID=50062, Cell Name=N/A">
                <measResults>0 0 27.388 11.732 0 0 65.5 22 0 0 0 0 </measResults>
            </measValue>
            <measValue measObjLdn="MLB00126HUNB001/ULoCell:NodeB Function Name=MLB00126HUNB001, Local Cell ID=50063, Cell Name=N/A">
                <measResults>0 0 11.71 4.787 0 0 31.5 10 0 0 0 0 </measResults>
            </measValue>
            <measValue measObjLdn="MLB00126HUNB001/ULoCell:NodeB Function Name=MLB00126HUNB001, Local Cell ID=60061, Cell Name=N/A">
                <measResults>0 0 18.972 10.082 0 0 36 20 0 0 0 0 </measResults>
            </measValue>
            <measValue measObjLdn="MLB00126HUNB001/ULoCell:NodeB Function Name=MLB00126HUNB001, Local Cell ID=60062, Cell Name=N/A">
                <measResults>0 0 36.451 17.056 0 0 52.5 27 0 0 0 0 </measResults>
            </measValue>
            <measValue measObjLdn="MLB00126HUNB001/ULoCell:NodeB Function Name=MLB00126HUNB001, Local Cell ID=60063, Cell Name=N/A">
                <measResults>0 0 12.778 7.1 0 0 42 14 0 0 0 0 </measResults>
            </measValue>
        </measInfo>
        <measInfo measInfoId="50331651">
            <granPeriod duration="PT3600S" endTime="2021-08-19T12:00:00+08:00"/>
            <repPeriod duration="PT3600S"/>
            <measTypes>50331850 50331851 50331852 50331853 50331854 50331855 50331856 50331857 50331858 50331859 50331860 50331861 50331862 50331863 50331864 50331865 50331866 50331867 50331868 50331869 50331870 50331871 50331872 50331873 50331874 50331875 50331876 50331877 50331878 50331879 50331885 50331886 50331887 50331888 50331889 50331892 50331903 50331904 50331908 50331925 50331926 50331927 50331928 50331929 50331930 50331931 50331957 50331958 50331959 50331961 50331962 50331963 50331964 50331965 50331966 50331967 50331971 50331972 50331973 50331974 50331987 50331988 50331989 50331990 50331991 50331992 50331993 50331995 50332378 50332379 50332380 50332385 50332386 50332387 50332498 50332499 50332500 50332501 50332503 50332507 50332623 50332638 50341849 50341850 50341851 50341852 50341853 50341854 50341855 50341856 50341857 50341858 50341859 50341864 50341865 50341866 50341868 50341869 50341870 50341871 50341872 50341873 50341874 50341875 50341876 50341877 50341878 50341879 50341880 50341881 50341882 50341883 50341884 50341885 50341886 50341887 50341888 50341889 50341890 50341891 50341892 50341893 50341894 50341895 50341896 50341897 50341898 50341980 50341981 50341982 50341983 50341984 50341985 50341986 50341994 50361698 50361699 50361701 </measTypes>
            <measValue measObjLdn="MLB00126HUNB001/ULoCell:NodeB Function Name=MLB00126HUNB001, Local Cell ID=10061, Cell Name=N/A">
                <measResults>1788214 9769 1422 372 140 40 28 14 3 1 15 1 2 2 0 0 0 0 0 0 0 0 0 0 0 0 0 654870 1799485 1107102 802296 184424 8077036 490896 61882 2 177 208 707229 0 0 0 0 0 0 0 0 59 38 0 0 0 0 0 0 0 5790 6120 4089 357361 5665 8800 25636 93403 51268 9596 20817 173005 425510 309195 110249 0.314 304664 135265 0 0 NIL NIL 0 0.152 0 0 66 1.021 4.65 0.037 0.185 1 0 0 0 43 0 58 48 0 NIL NIL 2.77 0.249 0.01 0.001 0 0 0 0 0 0 0 0 0 677979.063 2.134 0.186 0.066 0.032 0.044 0.008 0.002 0 2.196 0 0 87 NIL NIL 178 4935.272 4413.828 13496.484 47832.277 33314.199 9460.186 39535.301 49836.656 0 NIL 0 </measResults>
            </measValue>
            <measValue measObjLdn="MLB00126HUNB001/ULoCell:NodeB Function Name=MLB00126HUNB001, Local Cell ID=10062, Cell Name=N/A">
                <measResults>1782167 13134 3556 524 76 118 72 41 46 28 15 15 12 6 5 5 4 0 2 2 0 0 0 0 0 192 196 1266181 1800020 1366758 935055 158305 14080514 683817 88274 5 342 399 1003186 0 0 0 0 0 0 0 0 164 117 0 0 0 0 0 0 0 1531 3041 3331 387294 71084 29057 37490 78860 94408 74177 25022 431348 532992 287925 230920 0.55 251011 299556 0 0 NIL NIL 0 0.368 0 0 74 1.581 5.525 0.067 0.229 2 0 0 0 80 0 152 119 0 NIL NIL 3.882 0.19 0.006 0.001 0 0 0 0 0 0 0 0 0 731431.875 4.755 0.311 0.108 0.051 0.066 0.017 0.005 0.001 3.287 0 0 131 NIL NIL 192 17088.605 9885.514 15530.732 39602.609 45202.656 45021.934 17950.531 66679.187 0 NIL 0 </measResults>
            </measValue>
            <measValue measObjLdn="MLB00126HUNB001/ULoCell:NodeB Function Name=MLB00126HUNB001, Local Cell ID=10063, Cell Name=N/A">
                <measResults>1790022 6839 2618 409 96 4 6 0 0 0 6 0 0 0 0 0 0 0 0 0 0 0 0 0 0 24 24 305136 1791417 626542 408465 61181 5526014 288307 29933 1 158 244 309109 0 0 0 0 0 0 0 0 60 38 0 0 0 0 0 0 0 95 1803 4045 240323 3691 2435 8346 8626 10323 12422 18809 44564 218237 174629 30239 0.12 182602 42818 0 0 NIL NIL 0 0.046 0 0 48 0.44 2.813 0.019 0.083 0 0 0 0 27 0 24 20 0 NIL NIL 2.24 0.113 0.005 0.001 0 0 0 0 0 0 0 0 0 312313.344 1.026 0.07 0.024 0.011 0.012 0.003 0.002 0 1.869 0 0 149 NIL NIL 79 1142.514 3419.034 12797.552 7000.472 6379.974 15418.666 22780.51 9660.774 0 NIL 0 </measResults>
            </measValue>
            <measValue measObjLdn="MLB00126HUNB001/ULoCell:NodeB Function Name=MLB00126HUNB001, Local Cell ID=50061, Cell Name=N/A">
                <measResults>22754 87483 182070 262156 267434 276519 250881 190366 185589 49118 12043 4720 3361 2223 1612 675 228 166 121 109 90 40 39 25 5 192 802 1282551 1800019 1406773 1094553 155276 8014556 621415 93058 16 288 440 911685 580827 12375 6072 2387 1098 0 0 1 23 14 1190151 25204 11870 4500 1633 0 0 11811 20455 10933 333311 561 587 2762 36756 110788 155554 47475 433231 467071 270811 183720 0.59 235444 247278 0 0 NIL NIL 0 0.302 0 0 120 1.455 5.163 0.057 0.214 4 0 0 0 72 0 111 86 0 NIL NIL 1.734 0.353 0.014 0.002 0 0 401600.219 8612.67 2992.296 698.718 343.836 0 0 879321.813 3.249 0.287 0.116 0.058 0.07 0.013 0.004 0.001 1.28 0 0 82 NIL NIL 278 191.874 393.954 1595.916 19347.938 56042.262 73763.758 26219.596 66805.516 0 NIL 0 </measResults>
            </measValue>
            <measValue measObjLdn="MLB00126HUNB001/ULoCell:NodeB Function Name=MLB00126HUNB001, Local Cell ID=50062, Cell Name=N/A">
                <measResults>465320 280507 226053 197705 161290 128116 93324 65744 74492 37905 22108 13714 9108 6122 4100 2914 1857 1230 807 595 785 691 2528 1626 22 1357 9882 2119064 1800020 1639538 1667862 264470 18841195 1362432 171675 14 444 846 1380353 291374 38378 23530 9340 7493 5383 3730 50 54 84 860899 115644 72029 32665 28180 21205 13658 9840 12040 18659 905459 1026 1976 4701 45521 146799 281885 164782 571998 1146525 724819 335599 1.036 714968 466742 0 0 NIL NIL 0 0.648 0 0 92 2.322 5.834 0.122 0.262 2 0 0 0 86 0 224 180 0 NIL NIL 5.229 0.437 0.02 0.004 0.001 0.002 373048.281 85566.922 47299.52 10529.97 5556.048 1284 561.36 1414802.875 6.245 0.394 0.177 0.095 0.137 0.026 0.007 0.002 4.064 0 7 114 NIL NIL 183 267.33 616.044 1773.846 17001.555 63826.055 179114.891 156438.688 145888.719 0 NIL 0 </measResults>
            </measValue>
            <measValue measObjLdn="MLB00126HUNB001/ULoCell:NodeB Function Name=MLB00126HUNB001, Local Cell ID=50063, Cell Name=N/A">
                <measResults>1752749 28939 6618 3547 2836 1491 806 603 892 584 373 162 102 77 66 50 31 16 8 3 2 3 1 0 1 56 92 975128 1800017 1365066 1174973 142613 7813369 857141 86360 10 205 282 949660 1937 98 0 0 0 0 0 0 23 16 3708 160 0 0 0 0 0 1095 5010 7442 697798 553 2164 5076 42282 91275 121644 60562 124156 676554 580401 126557 0.482 498308 202669 0 0 NIL NIL 0 0.176 0 0 96 1.285 4.039 0.059 0.191 1 0 0 0 80 0 62 53 0 NIL NIL 2.549 0.448 0.006 0.001 0 0 2828.046 61.008 0 0 0 0 0 932751.938 2.149 0.211 0.11 0.057 0.074 0.013 0.004 0.001 1.988 0 0 97 NIL NIL 63 135.156 618.56 2148.246 25462.949 62778.773 98922.703 50029.891 23121.316 0 NIL 0 </measResults>
            </measValue>
            <measValue measObjLdn="MLB00126HUNB001/ULoCell:NodeB Function Name=MLB00126HUNB001, Local Cell ID=60061, Cell Name=N/A">
                <measResults>0 0 0 0 0 0 0 0 0 1863 81084 361209 585368 513217 212920 30477 7570 2279 1103 732 984 421 214 189 49 340 6720 1153233 1800019 1486254 972312 162217 8506036 720689 124834 11 354 437 1026328 1486257 1486078 1448066 669082 209903 2923 0 4 19 20 2883837 2883722 2821182 1437245 523906 11341 0 16349 13772 15012 416470 796 3015 9786 60737 168324 247850 66370 787829 669290 439312 176489 0.892 406657 283625 0 0 NIL NIL 0 0.67 0 0 101 1.602 5.922 0.036 0.193 7 2 0 0 80 0 113 92 7 NIL NIL 1.276 0.289 0.009 0.001 0 0 838210.375 838201.25 828073.625 491678.188 209008.906 1307.796 0 838210.375 4.255 0.204 0.088 0.05 0.1 0.042 0.005 0 1.001 0 34 35 NIL NIL 314 148.368 790.938 2476.26 17968.27 60660.004 163064.281 51730.77 79454.625 0 NIL 0 </measResults>
            </measValue>
            <measValue measObjLdn="MLB00126HUNB001/ULoCell:NodeB Function Name=MLB00126HUNB001, Local Cell ID=60062, Cell Name=N/A">
                <measResults>0 0 0 0 35 647 4556 18560 148928 418863 553717 405690 154560 48331 19188 10309 5520 2727 1512 1036 1155 965 1191 1159 155 1214 11594 2221723 1800018 1755260 2146309 419687 18828914 1873189 375128 16 519 730 1606579 1755242 1252452 672050 49288 15703 4362 1799 50 61 91 5930934 4541386 2603419 208210 60800 13086 4390 27780 33465 29470 1119240 942 2919 12704 125805 356106 423867 73240 1371579 1147191 1089699 463289 1.454 610228 588285 0 0 NIL NIL 0 0.992 0 0 89 3.295 6.754 0.1 0.214 6 0 0 0 83 0 252 213 0 NIL NIL 3.775 0.466 0.01 0.001 0 0 1482065.375 1163981.25 702306.625 70638.383 19193.055 1053.396 175.428 1482066.75 8.362 0.514 0.243 0.13 0.182 0.037 0.007 0.001 2.658 0 13 70 NIL NIL 221 238.11 930.642 4465.444 42989.414 117907.93 177147.219 34769.785 160568.391 0 NIL 0 </measResults>
            </measValue>
            <measValue measObjLdn="MLB00126HUNB001/ULoCell:NodeB Function Name=MLB00126HUNB001, Local Cell ID=60063, Cell Name=N/A">
                <measResults>1035 51709 269594 539336 506316 268345 94524 34562 21690 6694 2639 1324 844 568 332 151 90 54 41 14 35 30 23 7 3 59 272 777249 1800019 1180214 503487 175551 7854356 373442 69038 6 270 515 728728 116061 1434 574 139 139 0 0 1 34 27 268687 3653 1792 538 538 0 0 12040 13880 8326 158228 825 2818 10778 54778 93915 90188 16570 452308 291356 144951 141459 0.432 119667 181293 0 0 NIL NIL 0 0.358 0 0 79 1.07 4.996 0.032 0.432 4 0 0 0 47 0 76 60 0 NIL NIL 2.057 0.068 0.002 0 0 0 88026.063 3730.194 1836.15 512.256 512.256 0 0 369054.5 2.905 0.201 0.092 0.042 0.051 0.006 0.002 0.001 1.81 0 0 77 NIL NIL 445 161.394 820.68 2950.002 18599.16 31867.996 34328.375 8272.122 60974.211 0 NIL 0 </measResults>
            </measValue>
        </measInfo>
        <measInfo measInfoId="50331653">
            <granPeriod duration="PT3600S" endTime="2021-08-19T12:00:00+08:00"/>
            <repPeriod duration="PT3600S"/>
            <measTypes>50331748 50331749 50331750 50331751 50331752 50331753 50361697 </measTypes>
            <measValue measObjLdn="MLB00126HUNB001/ULoCell:NodeB Function Name=MLB00126HUNB001, Local Cell ID=10061, Cell Name=N/A">
                <measResults>0.401 0.351 0.401 0.312 0 0 0.435 </measResults>
            </measValue>
            <measValue measObjLdn="MLB00126HUNB001/ULoCell:NodeB Function Name=MLB00126HUNB001, Local Cell ID=10062, Cell Name=N/A">
                <measResults>0.964 0.791 0.964 0.682 0 0 0.463 </measResults>
            </measValue>
            <measValue measObjLdn="MLB00126HUNB001/ULoCell:NodeB Function Name=MLB00126HUNB001, Local Cell ID=10063, Cell Name=N/A">
                <measResults>0.196 0.14 0.196 0.139 0 0 0.455 </measResults>
            </measValue>
            <measValue measObjLdn="MLB00126HUNB001/ULoCell:NodeB Function Name=MLB00126HUNB001, Local Cell ID=50061, Cell Name=N/A">
                <measResults>0.265 0.24 0.265 0.226 0 0 0.366 </measResults>
            </measValue>
            <measValue measObjLdn="MLB00126HUNB001/ULoCell:NodeB Function Name=MLB00126HUNB001, Local Cell ID=50062, Cell Name=N/A">
                <measResults>1.006 0.864 1.006 0.807 0 0 0.44 </measResults>
            </measValue>
            <measValue measObjLdn="MLB00126HUNB001/ULoCell:NodeB Function Name=MLB00126HUNB001, Local Cell ID=50063, Cell Name=N/A">
                <measResults>0.11 0.092 0.11 0.09 0 0 0.41 </measResults>
            </measValue>
            <measValue measObjLdn="MLB00126HUNB001/ULoCell:NodeB Function Name=MLB00126HUNB001, Local Cell ID=60061, Cell Name=N/A">
                <measResults>0.122 0.067 0.122 0.062 0 0 0.054 </measResults>
            </measValue>
            <measValue measObjLdn="MLB00126HUNB001/ULoCell:NodeB Function Name=MLB00126HUNB001, Local Cell ID=60062, Cell Name=N/A">
                <measResults>0.601 0.515 0.601 0.484 0 0 0.075 </measResults>
            </measValue>
            <measValue measObjLdn="MLB00126HUNB001/ULoCell:NodeB Function Name=MLB00126HUNB001, Local Cell ID=60063, Cell Name=N/A">
                <measResults>0.085 0.074 0.085 0.072 0 0 0.063 </measResults>
            </measValue>
        </measInfo>
        <measInfo measInfoId="50331658">
            <granPeriod duration="PT3600S" endTime="2021-08-19T12:00:00+08:00"/>
            <repPeriod duration="PT3600S"/>
            <measTypes>50332250 50332251 50332410 50332411 </measTypes>
            <measValue measObjLdn="MLB00126HUNB001/ULoCell:NodeB Function Name=MLB00126HUNB001, Local Cell ID=10061, Cell Name=N/A">
                <measResults>0 0 0 0 </measResults>
            </measValue>
            <measValue measObjLdn="MLB00126HUNB001/ULoCell:NodeB Function Name=MLB00126HUNB001, Local Cell ID=10062, Cell Name=N/A">
                <measResults>0 0 0 0 </measResults>
            </measValue>
            <measValue measObjLdn="MLB00126HUNB001/ULoCell:NodeB Function Name=MLB00126HUNB001, Local Cell ID=10063, Cell Name=N/A">
                <measResults>0 0 0 0 </measResults>
            </measValue>
            <measValue measObjLdn="MLB00126HUNB001/ULoCell:NodeB Function Name=MLB00126HUNB001, Local Cell ID=50061, Cell Name=N/A">
                <measResults>0 0 0 0 </measResults>
            </measValue>
            <measValue measObjLdn="MLB00126HUNB001/ULoCell:NodeB Function Name=MLB00126HUNB001, Local Cell ID=50062, Cell Name=N/A">
                <measResults>0 0 0 0 </measResults>
            </measValue>
            <measValue measObjLdn="MLB00126HUNB001/ULoCell:NodeB Function Name=MLB00126HUNB001, Local Cell ID=50063, Cell Name=N/A">
                <measResults>0 0 0 0 </measResults>
            </measValue>
            <measValue measObjLdn="MLB00126HUNB001/ULoCell:NodeB Function Name=MLB00126HUNB001, Local Cell ID=60061, Cell Name=N/A">
                <measResults>0 0 0 0 </measResults>
            </measValue>
            <measValue measObjLdn="MLB00126HUNB001/ULoCell:NodeB Function Name=MLB00126HUNB001, Local Cell ID=60062, Cell Name=N/A">
                <measResults>0 0 0 0 </measResults>
            </measValue>
            <measValue measObjLdn="MLB00126HUNB001/ULoCell:NodeB Function Name=MLB00126HUNB001, Local Cell ID=60063, Cell Name=N/A">
                <measResults>0 0 0 0 </measResults>
            </measValue>
        </measInfo>
        <measInfo measInfoId="50331660">
            <granPeriod duration="PT3600S" endTime="2021-08-19T12:00:00+08:00"/>
            <repPeriod duration="PT3600S"/>
            <measTypes>50361670 50361671 50361672 50361673 </measTypes>
            <measValue measObjLdn="MLB00126HUNB001/ULoCell:NodeB Function Name=MLB00126HUNB001, Local Cell ID=10061, Cell Name=N/A">
                <measResults>0 0 0 0 </measResults>
            </measValue>
            <measValue measObjLdn="MLB00126HUNB001/ULoCell:NodeB Function Name=MLB00126HUNB001, Local Cell ID=10062, Cell Name=N/A">
                <measResults>0 0 0 0 </measResults>
            </measValue>
            <measValue measObjLdn="MLB00126HUNB001/ULoCell:NodeB Function Name=MLB00126HUNB001, Local Cell ID=10063, Cell Name=N/A">
                <measResults>0 0 0 0 </measResults>
            </measValue>
            <measValue measObjLdn="MLB00126HUNB001/ULoCell:NodeB Function Name=MLB00126HUNB001, Local Cell ID=50061, Cell Name=N/A">
                <measResults>0 0 0 0 </measResults>
            </measValue>
            <measValue measObjLdn="MLB00126HUNB001/ULoCell:NodeB Function Name=MLB00126HUNB001, Local Cell ID=50062, Cell Name=N/A">
                <measResults>0 0 0 0 </measResults>
            </measValue>
            <measValue measObjLdn="MLB00126HUNB001/ULoCell:NodeB Function Name=MLB00126HUNB001, Local Cell ID=50063, Cell Name=N/A">
                <measResults>0 0 0 0 </measResults>
            </measValue>
            <measValue measObjLdn="MLB00126HUNB001/ULoCell:NodeB Function Name=MLB00126HUNB001, Local Cell ID=60061, Cell Name=N/A">
                <measResults>0 0 0 0 </measResults>
            </measValue>
            <measValue measObjLdn="MLB00126HUNB001/ULoCell:NodeB Function Name=MLB00126HUNB001, Local Cell ID=60062, Cell Name=N/A">
                <measResults>0 0 0 0 </measResults>
            </measValue>
            <measValue measObjLdn="MLB00126HUNB001/ULoCell:NodeB Function Name=MLB00126HUNB001, Local Cell ID=60063, Cell Name=N/A">
                <measResults>0 0 0 0 </measResults>
            </measValue>
        </measInfo>
        <measInfo measInfoId="50331661">
            <granPeriod duration="PT3600S" endTime="2021-08-19T12:00:00+08:00"/>
            <repPeriod duration="PT3600S"/>
            <measTypes>50332048 50332049 50332050 50332051 </measTypes>
            <measValue measObjLdn="MLB00126HUNB001/ULoCell:NodeB Function Name=MLB00126HUNB001, Local Cell ID=10061, Cell Name=N/A">
                <measResults>18090 0 153775 0 </measResults>
            </measValue>
            <measValue measObjLdn="MLB00126HUNB001/ULoCell:NodeB Function Name=MLB00126HUNB001, Local Cell ID=10062, Cell Name=N/A">
                <measResults>62150 0 155323 0 </measResults>
            </measValue>
            <measValue measObjLdn="MLB00126HUNB001/ULoCell:NodeB Function Name=MLB00126HUNB001, Local Cell ID=10063, Cell Name=N/A">
                <measResults>24464 0 153776 0 </measResults>
            </measValue>
            <measValue measObjLdn="MLB00126HUNB001/ULoCell:NodeB Function Name=MLB00126HUNB001, Local Cell ID=50061, Cell Name=N/A">
                <measResults>26090 0 153997 0 </measResults>
            </measValue>
            <measValue measObjLdn="MLB00126HUNB001/ULoCell:NodeB Function Name=MLB00126HUNB001, Local Cell ID=50062, Cell Name=N/A">
                <measResults>66313 0 156705 0 </measResults>
            </measValue>
            <measValue measObjLdn="MLB00126HUNB001/ULoCell:NodeB Function Name=MLB00126HUNB001, Local Cell ID=50063, Cell Name=N/A">
                <measResults>26264 0 154528 0 </measResults>
            </measValue>
            <measValue measObjLdn="MLB00126HUNB001/ULoCell:NodeB Function Name=MLB00126HUNB001, Local Cell ID=60061, Cell Name=N/A">
                <measResults>20297 0 154250 0 </measResults>
            </measValue>
            <measValue measObjLdn="MLB00126HUNB001/ULoCell:NodeB Function Name=MLB00126HUNB001, Local Cell ID=60062, Cell Name=N/A">
                <measResults>68690 0 155820 0 </measResults>
            </measValue>
            <measValue measObjLdn="MLB00126HUNB001/ULoCell:NodeB Function Name=MLB00126HUNB001, Local Cell ID=60063, Cell Name=N/A">
                <measResults>27387 0 154500 0 </measResults>
            </measValue>
        </measInfo>
        <measInfo measInfoId="50331662">
            <granPeriod duration="PT3600S" endTime="2021-08-19T12:00:00+08:00"/>
            <repPeriod duration="PT3600S"/>
            <measTypes>50332052 50332053 50332054 50332070 50332505 </measTypes>
            <measValue measObjLdn="MLB00126HUNB001/ULoCell:NodeB Function Name=MLB00126HUNB001, Local Cell ID=10061, Cell Name=N/A">
                <measResults>0 62 404485 0 0 </measResults>
            </measValue>
            <measValue measObjLdn="MLB00126HUNB001/ULoCell:NodeB Function Name=MLB00126HUNB001, Local Cell ID=10062, Cell Name=N/A">
                <measResults>0 114 601137 0 0 </measResults>
            </measValue>
            <measValue measObjLdn="MLB00126HUNB001/ULoCell:NodeB Function Name=MLB00126HUNB001, Local Cell ID=10063, Cell Name=N/A">
                <measResults>29 129 305561 0 0 </measResults>
            </measValue>
            <measValue measObjLdn="MLB00126HUNB001/ULoCell:NodeB Function Name=MLB00126HUNB001, Local Cell ID=50061, Cell Name=N/A">
                <measResults>18 79 316811 0 0 </measResults>
            </measValue>
            <measValue measObjLdn="MLB00126HUNB001/ULoCell:NodeB Function Name=MLB00126HUNB001, Local Cell ID=50062, Cell Name=N/A">
                <measResults>0 129 378228 0 0 </measResults>
            </measValue>
            <measValue measObjLdn="MLB00126HUNB001/ULoCell:NodeB Function Name=MLB00126HUNB001, Local Cell ID=50063, Cell Name=N/A">
                <measResults>0 94 157766 0 0 </measResults>
            </measValue>
            <measValue measObjLdn="MLB00126HUNB001/ULoCell:NodeB Function Name=MLB00126HUNB001, Local Cell ID=60061, Cell Name=N/A">
                <measResults>55 136 805678 0 0 </measResults>
            </measValue>
            <measValue measObjLdn="MLB00126HUNB001/ULoCell:NodeB Function Name=MLB00126HUNB001, Local Cell ID=60062, Cell Name=N/A">
                <measResults>0 182 805213 0 0 </measResults>
            </measValue>
            <measValue measObjLdn="MLB00126HUNB001/ULoCell:NodeB Function Name=MLB00126HUNB001, Local Cell ID=60063, Cell Name=N/A">
                <measResults>0 106 438414 0 0 </measResults>
            </measValue>
        </measInfo>
        <measInfo measInfoId="50331663">
            <granPeriod duration="PT3600S" endTime="2021-08-19T12:00:00+08:00"/>
            <repPeriod duration="PT3600S"/>
            <measTypes>50331917 50332061 50332064 50332065 50332069 50332071 50332072 50332073 50332074 50332079 50332258 50332388 50332389 50332504 50332626 50332632 50332639 50332640 50332641 50332645 50342048 50342049 50342050 50342051 50361705 50361706 50361725 50361726 50361735 50361740 50361743 50361744 50361747 50361749 50361751 50361753 50361755 50361757 50361759 50361761 50361763 50361765 50361767 50361769 50361771 50361773 50361775 50361777 50361779 50361781 50361783 50361785 50361787 50361789 50361791 50361793 50361795 </measTypes>
            <measValue measObjLdn="MLB00126HUNB001/ULoCell:NodeB Function Name=MLB00126HUNB001, Local Cell ID=10061, Cell Name=N/A">
                <measResults>989.968 1 256 0 0 0 0 0 0 0 1.846 0 1.604 0 0 0 0 0 NIL 0 6 102.187 0 0 0 0 0 NIL NIL NIL NIL NIL NIL NIL NIL NIL NIL NIL NIL NIL NIL NIL NIL NIL NIL NIL NIL NIL NIL NIL NIL NIL NIL NIL NIL NIL NIL </measResults>
            </measValue>
            <measValue measObjLdn="MLB00126HUNB001/ULoCell:NodeB Function Name=MLB00126HUNB001, Local Cell ID=10062, Cell Name=N/A">
                <measResults>999.974 2 256 0 0 0 0 0 0 0 2.757 0 2.715 0 0 0 0 0 NIL 0 18 91.037 0 0 0 0 0 NIL NIL NIL NIL NIL NIL NIL NIL NIL NIL NIL NIL NIL NIL NIL NIL NIL NIL NIL NIL NIL NIL NIL NIL NIL NIL NIL NIL NIL NIL </measResults>
            </measValue>
            <measValue measObjLdn="MLB00126HUNB001/ULoCell:NodeB Function Name=MLB00126HUNB001, Local Cell ID=10063, Cell Name=N/A">
                <measResults>998.195 0 256 0 0 0 0 0 0 0 1.469 0 0.897 0 0 0 0 0 NIL 0 3 50.368 0 0 0 0 0 NIL NIL NIL NIL NIL NIL NIL NIL NIL NIL NIL NIL NIL NIL NIL NIL NIL NIL NIL NIL NIL NIL NIL NIL NIL NIL NIL NIL NIL NIL </measResults>
            </measValue>
            <measValue measObjLdn="MLB00126HUNB001/ULoCell:NodeB Function Name=MLB00126HUNB001, Local Cell ID=50061, Cell Name=N/A">
                <measResults>664.961 2 256 0 0 0 0 0 0 0 2.051 0 2.069 0 0 0 0 0 NIL 0 14 92.67 0 0 0 0 0 NIL NIL NIL NIL NIL NIL NIL NIL NIL NIL NIL NIL NIL NIL NIL NIL NIL NIL NIL NIL NIL NIL NIL NIL NIL NIL NIL NIL NIL NIL </measResults>
            </measValue>
            <measValue measObjLdn="MLB00126HUNB001/ULoCell:NodeB Function Name=MLB00126HUNB001, Local Cell ID=50062, Cell Name=N/A">
                <measResults>956.744 8 256 0 0 0 0 0 0 0 1.308 0 4.152 111.111 0 0 0 0 NIL 0 28 160.817 0 0 0 0 0 NIL NIL NIL NIL NIL NIL NIL NIL NIL NIL NIL NIL NIL NIL NIL NIL NIL NIL NIL NIL NIL NIL NIL NIL NIL NIL NIL NIL NIL NIL </measResults>
            </measValue>
            <measValue measObjLdn="MLB00126HUNB001/ULoCell:NodeB Function Name=MLB00126HUNB001, Local Cell ID=50063, Cell Name=N/A">
                <measResults>968.65 3 256 0 0 0 0 0 0 0 0.708 0 1.988 0 0 0 0 0 NIL 0 27 114.596 0 0 0 0 0 NIL NIL NIL NIL NIL NIL NIL NIL NIL NIL NIL NIL NIL NIL NIL NIL NIL NIL NIL NIL NIL NIL NIL NIL NIL NIL NIL NIL NIL NIL </measResults>
            </measValue>
            <measValue measObjLdn="MLB00126HUNB001/ULoCell:NodeB Function Name=MLB00126HUNB001, Local Cell ID=60061, Cell Name=N/A">
                <measResults>840.164 2 256 0 0 0 0 0 0 0 4.593 0 2.092 958.333 0 0 3600 0 NIL 0 14 116.83 0 0 0 0 0 NIL NIL NIL NIL NIL NIL NIL NIL NIL NIL NIL NIL NIL NIL NIL NIL NIL NIL NIL NIL NIL NIL NIL NIL NIL NIL NIL NIL NIL NIL </measResults>
            </measValue>
            <measValue measObjLdn="MLB00126HUNB001/ULoCell:NodeB Function Name=MLB00126HUNB001, Local Cell ID=60062, Cell Name=N/A">
                <measResults>837.015 7 256 0 0 0 0 0 0 0 3.746 0 4.989 58.333 0 0 3600 0 NIL 0 43 159.403 0 0 0 0 0 NIL NIL NIL NIL NIL NIL NIL NIL NIL NIL NIL NIL NIL NIL NIL NIL NIL NIL NIL NIL NIL NIL NIL NIL NIL NIL NIL NIL NIL NIL </measResults>
            </measValue>
            <measValue measObjLdn="MLB00126HUNB001/ULoCell:NodeB Function Name=MLB00126HUNB001, Local Cell ID=60063, Cell Name=N/A">
                <measResults>997.113 2 256 0 0 0 0 0 0 0 1.686 0 1.612 0 0 0 3600 0 NIL 0 12 95.271 0 0 0 0 0 NIL NIL NIL NIL NIL NIL NIL NIL NIL NIL NIL NIL NIL NIL NIL NIL NIL NIL NIL NIL NIL NIL NIL NIL NIL NIL NIL NIL NIL NIL </measResults>
            </measValue>
        </measInfo>
        <measInfo measInfoId="50331665">
            <granPeriod duration="PT3600S" endTime="2021-08-19T12:00:00+08:00"/>
            <repPeriod duration="PT3600S"/>
            <measTypes>50331740 50331741 50331742 50331743 50331744 50331909 50331910 50331911 50331912 50331913 50332381 50332382 50332576 50332577 </measTypes>
            <measValue measObjLdn="MLB00126HUNB001/ULoCell:NodeB Function Name=MLB00126HUNB001, Local Cell ID=10061, Cell Name=N/A">
                <measResults>0 0 0 0 0 0 0 0 0 0 0 0 0 0 </measResults>
            </measValue>
            <measValue measObjLdn="MLB00126HUNB001/ULoCell:NodeB Function Name=MLB00126HUNB001, Local Cell ID=10062, Cell Name=N/A">
                <measResults>0 0 0 0 0 0 0 0 0 0 0 0 0 0 </measResults>
            </measValue>
            <measValue measObjLdn="MLB00126HUNB001/ULoCell:NodeB Function Name=MLB00126HUNB001, Local Cell ID=10063, Cell Name=N/A">
                <measResults>0 0 0 0 0 0 0 0 0 0 0 0 0 0 </measResults>
            </measValue>
            <measValue measObjLdn="MLB00126HUNB001/ULoCell:NodeB Function Name=MLB00126HUNB001, Local Cell ID=50061, Cell Name=N/A">
                <measResults>0 0 0 0 0 0 0 0 0 0 0 0 0 0 </measResults>
            </measValue>
            <measValue measObjLdn="MLB00126HUNB001/ULoCell:NodeB Function Name=MLB00126HUNB001, Local Cell ID=50062, Cell Name=N/A">
                <measResults>0 0 0 0 0 0 0 0 0 0 0 0 0 0 </measResults>
            </measValue>
            <measValue measObjLdn="MLB00126HUNB001/ULoCell:NodeB Function Name=MLB00126HUNB001, Local Cell ID=50063, Cell Name=N/A">
                <measResults>0 0 0 0 0 0 0 0 0 0 0 0 0 0 </measResults>
            </measValue>
            <measValue measObjLdn="MLB00126HUNB001/ULoCell:NodeB Function Name=MLB00126HUNB001, Local Cell ID=60061, Cell Name=N/A">
                <measResults>0 0 0 0 0 0 0 0 0 0 0 0 0 0 </measResults>
            </measValue>
            <measValue measObjLdn="MLB00126HUNB001/ULoCell:NodeB Function Name=MLB00126HUNB001, Local Cell ID=60062, Cell Name=N/A">
                <measResults>0 0 0 0 0 0 0 0 0 0 0 0 0 0 </measResults>
            </measValue>
            <measValue measObjLdn="MLB00126HUNB001/ULoCell:NodeB Function Name=MLB00126HUNB001, Local Cell ID=60063, Cell Name=N/A">
                <measResults>0 0 0 0 0 0 0 0 0 0 0 0 0 0 </measResults>
            </measValue>
        </measInfo>
        <measInfo measInfoId="50331673">
            <granPeriod duration="PT3600S" endTime="2021-08-19T12:00:00+08:00"/>
            <repPeriod duration="PT3600S"/>
            <measTypes>50332055 50332056 50332057 50332058 50332059 50332060 50332278 50332279 50332280 50332281 50332282 50332283 50332284 50332285 50332286 50361648 50361649 50361650 50361651 </measTypes>
            <measValue measObjLdn="MLB00126HUNB001/ULoCell:NodeB Function Name=MLB00126HUNB001, Local Cell ID=10061, Cell Name=N/A">
                <measResults>27 14 12 0 0 0 5 5 2 4 11 0 1 6 17 0 0 0 0 </measResults>
            </measValue>
            <measValue measObjLdn="MLB00126HUNB001/ULoCell:NodeB Function Name=MLB00126HUNB001, Local Cell ID=10062, Cell Name=N/A">
                <measResults>69 33 10 0 0 0 11 11 5 12 12 0 1 14 10 0 0 0 0 </measResults>
            </measValue>
            <measValue measObjLdn="MLB00126HUNB001/ULoCell:NodeB Function Name=MLB00126HUNB001, Local Cell ID=10063, Cell Name=N/A">
                <measResults>19 11 3 0 0 0 4 4 1 1 7 0 0 1 6 0 0 0 0 </measResults>
            </measValue>
            <measValue measObjLdn="MLB00126HUNB001/ULoCell:NodeB Function Name=MLB00126HUNB001, Local Cell ID=50061, Cell Name=N/A">
                <measResults>22 12 2 0 0 0 3 2 3 7 4 0 0 10 7 0 0 0 0 </measResults>
            </measValue>
            <measValue measObjLdn="MLB00126HUNB001/ULoCell:NodeB Function Name=MLB00126HUNB001, Local Cell ID=50062, Cell Name=N/A">
                <measResults>40 10 3 0 0 0 7 9 19 24 47 2 6 39 50 0 0 0 0 </measResults>
            </measValue>
            <measValue measObjLdn="MLB00126HUNB001/ULoCell:NodeB Function Name=MLB00126HUNB001, Local Cell ID=50063, Cell Name=N/A">
                <measResults>20 4 0 0 0 0 3 2 9 11 25 0 5 21 43 0 0 0 0 </measResults>
            </measValue>
            <measValue measObjLdn="MLB00126HUNB001/ULoCell:NodeB Function Name=MLB00126HUNB001, Local Cell ID=60061, Cell Name=N/A">
                <measResults>18 21 7 0 0 0 13 11 3 8 5 1 1 17 17 0 0 0 0 </measResults>
            </measValue>
            <measValue measObjLdn="MLB00126HUNB001/ULoCell:NodeB Function Name=MLB00126HUNB001, Local Cell ID=60062, Cell Name=N/A">
                <measResults>43 24 8 0 0 0 19 17 14 22 27 2 7 39 39 0 0 0 0 </measResults>
            </measValue>
            <measValue measObjLdn="MLB00126HUNB001/ULoCell:NodeB Function Name=MLB00126HUNB001, Local Cell ID=60063, Cell Name=N/A">
                <measResults>18 10 4 0 0 0 12 12 6 11 13 0 1 17 12 0 0 0 0 </measResults>
            </measValue>
        </measInfo>
        <measInfo measInfoId="50331674">
            <granPeriod duration="PT3600S" endTime="2021-08-19T12:00:00+08:00"/>
            <repPeriod duration="PT3600S"/>
            <measTypes>50332161 50332162 50332163 50332164 50332165 50341718 50341719 50341720 50341721 </measTypes>
            <measValue measObjLdn="MLB00126HUNB001/ULoCell:NodeB Function Name=MLB00126HUNB001, Local Cell ID=10061, Cell Name=N/A">
                <measResults>0 0 0 0 0 0 0 0 0 </measResults>
            </measValue>
            <measValue measObjLdn="MLB00126HUNB001/ULoCell:NodeB Function Name=MLB00126HUNB001, Local Cell ID=10062, Cell Name=N/A">
                <measResults>0 0 0 0 0 0 0 0 0 </measResults>
            </measValue>
            <measValue measObjLdn="MLB00126HUNB001/ULoCell:NodeB Function Name=MLB00126HUNB001, Local Cell ID=10063, Cell Name=N/A">
                <measResults>0 0 0 0 0 0 0 0 0 </measResults>
            </measValue>
            <measValue measObjLdn="MLB00126HUNB001/ULoCell:NodeB Function Name=MLB00126HUNB001, Local Cell ID=50061, Cell Name=N/A">
                <measResults>0 0 0 0 0 0 0 0 0 </measResults>
            </measValue>
            <measValue measObjLdn="MLB00126HUNB001/ULoCell:NodeB Function Name=MLB00126HUNB001, Local Cell ID=50062, Cell Name=N/A">
                <measResults>0 0 0 0 0 0 0 0 0 </measResults>
            </measValue>
            <measValue measObjLdn="MLB00126HUNB001/ULoCell:NodeB Function Name=MLB00126HUNB001, Local Cell ID=50063, Cell Name=N/A">
                <measResults>0 0 0 0 0 0 0 0 0 </measResults>
            </measValue>
            <measValue measObjLdn="MLB00126HUNB001/ULoCell:NodeB Function Name=MLB00126HUNB001, Local Cell ID=60061, Cell Name=N/A">
                <measResults>0 0 0 0 0 0 0 0 0 </measResults>
            </measValue>
            <measValue measObjLdn="MLB00126HUNB001/ULoCell:NodeB Function Name=MLB00126HUNB001, Local Cell ID=60062, Cell Name=N/A">
                <measResults>0 0 0 0 0 0 0 0 0 </measResults>
            </measValue>
            <measValue measObjLdn="MLB00126HUNB001/ULoCell:NodeB Function Name=MLB00126HUNB001, Local Cell ID=60063, Cell Name=N/A">
                <measResults>0 0 0 0 0 0 0 0 0 </measResults>
            </measValue>
        </measInfo>
        <measInfo measInfoId="50331676">
            <granPeriod duration="PT3600S" endTime="2021-08-19T12:00:00+08:00"/>
            <repPeriod duration="PT3600S"/>
            <measTypes>50331747 50332175 50332176 50332177 50332178 50332179 50332180 50332181 50332182 50332183 50332184 50332185 50332186 50332187 50332188 50332189 50332190 50332192 50332193 50332194 50332195 50332196 50332197 50332198 50332199 50332200 50332201 50332202 50332203 50332204 50332205 50332206 50332207 50332208 50332209 50332210 50332211 50332212 50332213 50332214 50332219 50332232 50332233 50332234 50332235 50332236 50332237 50332238 50332245 50332246 50332648 50332649 50332650 50332651 50332652 50332653 50332654 50332655 50332656 50332657 50332658 50332670 50332848 50332849 50332850 50332853 50332854 50332855 50332856 50332865 50332866 50332867 50332868 50332869 50332870 50332871 50332872 50332873 50332874 50332875 50332876 50332877 50332878 50332879 50332880 50332881 50332882 50332883 50332884 50332885 50332886 50332887 50332888 50332889 50332890 50332891 50332892 50332894 50332895 50332896 50332897 50332898 50332899 50332900 50332901 50332902 50332903 50332904 50332905 50332906 50332907 50332908 50332909 50332910 50332943 50332944 50332945 50332946 50332947 50332948 50332949 50332950 50332951 50332952 50332953 50332954 50332955 50332956 50332957 50332958 50332959 50332960 50332961 50332962 50332963 50332964 50332965 50332966 50332967 50332968 50332969 50332970 50332971 50332972 50332973 50332974 50332985 50332986 50332987 50332990 50341723 50341741 50341742 50341743 50341748 50341749 50341750 50341751 50341752 50341753 50341754 50341755 50341756 50341757 50341758 50341759 </measTypes>
            <measValue measObjLdn="MLB00126HUNB001/ULoCell:NodeB Function Name=MLB00126HUNB001, Local Cell ID=10061, Cell Name=N/A">
                <measResults>4704933868 1083843 51086 16723 16998 10752 15529 13848 43455 11944 28659 13533 37003 32665 340623 85839 0 0 4537654124 322960 0 3009 0 0 0 0 5 79130 109970 2059 415 773 810 519 333 421 227 87 15 5 1132035304 4583106045 1226568 6540970709 641409 241670 68047 150487 849859035 303616 383085 64224 151155 174742 94570 66371 83485 25280 8197 9 0 603809 0 0 0 209133 0 1 69983 0 0 0 0 0 0 0 0 0 0 0 0 167174059 1171640728 570931371 272919800 464785 353260 113047 31249 0 0 0 0 1208514 6774 2740 0 0 0 0 0 0 0 0 0 0 0 0 0 0 0 0 0 0 0 0 0 0 0 0 0 0 0 0 0 0 0 0 0 0 NIL NIL NIL NIL NIL NIL NIL NIL NIL NIL NIL NIL NIL NIL NIL NIL 0 0 0 896493 3.131 NIL 0 0 33941.449 96094.797 458975.531 841406.75 649530.375 596896.438 980842.625 419183.969 183715.828 294.896 0 4130846.5 </measResults>
            </measValue>
            <measValue measObjLdn="MLB00126HUNB001/ULoCell:NodeB Function Name=MLB00126HUNB001, Local Cell ID=10062, Cell Name=N/A">
                <measResults>3694979072 1088078 155756 50037 30719 22621 26966 7144 23778 7831 24809 10995 38190 161999 149361 4216 0 0 3540952124 62407 0 4824 0 0 0 0 53 99393 176657 5161 592 760 601 463 355 636 532 133 15 7 808242688 3660736737 1080078 4819717083 1126996 623297 450120 188291 491833608 406638 345446 93672 112105 84003 48744 43285 72263 39538 2092 6 0 402036 0 0 0 228865 10 11 97558 0 0 0 0 0 0 0 0 0 0 0 0 197640627 516593469 778648472 1634312028 404416 242094 189243 199146 0 0 0 0 3855891 15354 7646 0 0 0 0 0 0 0 0 0 0 0 0 0 0 0 0 0 0 0 0 0 0 0 0 0 0 0 0 0 0 0 0 0 0 NIL NIL NIL NIL NIL NIL NIL NIL NIL NIL NIL NIL NIL NIL NIL NIL 0 0 0 932876 7.104 NIL 0 0 107372.367 136427.297 327966 421396.719 338458.906 384930.75 866101.625 638112.125 45881.656 198.104 0 3023046 </measResults>
            </measValue>
            <measValue measObjLdn="MLB00126HUNB001/ULoCell:NodeB Function Name=MLB00126HUNB001, Local Cell ID=10063, Cell Name=N/A">
                <measResults>2362684132 1577029 47283 7976 5346 3624 5552 1742 7516 2163 7456 2202 6343 2685 74133 50904 546 0 2338119831 11859 0 1243 0 0 0 0 0 10130 13274 598 92 166 128 116 134 259 473 333 38 4 1395577904 2370823867 256676 2795881846 224929 141152 222035 235320 104643286 53001 21522 12111 18362 9193 7097 7744 20386 34305 40923 1810 0 139820 0 0 0 27566 0 0 49734 0 0 0 0 0 0 0 0 0 0 0 0 53218355 93821752 261323058 767952856 50887 32003 40788 62953 0 0 0 0 1098105 3147 1866 0 0 0 0 0 0 0 0 0 0 0 0 0 0 0 0 0 0 0 0 0 0 0 0 0 0 0 0 0 0 0 0 0 0 NIL NIL NIL NIL NIL NIL NIL NIL NIL NIL NIL NIL NIL NIL NIL NIL 0 0 0 188321 2.195 NIL 0 0 5327.003 19944.52 52681.051 44445.582 48936.32 70324.094 245693.813 586246.875 988111.813 55799.953 0 2092239.5 </measResults>
            </measValue>
            <measValue measObjLdn="MLB00126HUNB001/ULoCell:NodeB Function Name=MLB00126HUNB001, Local Cell ID=50061, Cell Name=N/A">
                <measResults>3436237120 1176172 69291 12618 9959 8427 15242 9199 18269 8823 23825 10182 32135 16547 236825 154986 0 0 3393854632 5735 0 1893 0 0 0 0 7 98067 119858 1723 303 725 643 483 501 473 145 23 5 2 123452784 3392591360 806144 4744089301 215041 458671 590096 197754 310830656 142051 52092 66609 177316 159757 70620 51086 51250 8461 217 0 0 518707 0 0 0 174918 4 6 78389 0 0 0 0 0 0 0 0 0 0 0 0 14835003 370736768 801569017 1292829815 31722 179138 217928 267100 0 0 0 0 1579253 6823 3065 0 0 0 0 0 0 0 0 0 0 0 0 0 0 0 0 0 0 0 0 0 0 0 0 0 0 0 0 0 0 0 0 0 0 NIL NIL NIL NIL NIL NIL NIL NIL NIL NIL NIL NIL NIL NIL NIL NIL 0 0 0 710544 3.836 NIL 0 0 25801.656 98507.227 541012.063 781533.25 487073.438 459300.719 594111.813 131652.719 4557.608 0 0 2999241.5 </measResults>
            </measValue>
            <measValue measObjLdn="MLB00126HUNB001/ULoCell:NodeB Function Name=MLB00126HUNB001, Local Cell ID=50062, Cell Name=N/A">
                <measResults>12628201392 606302 81315 14253 9362 8768 11727 8076 16844 10597 25715 13747 32095 197361 763134 3204 0 0 12594978544 15013 0 5673 0 0 0 0 377 413953 478791 6682 667 1348 1284 1137 1101 1775 1411 417 60 31 3452509648 12591257578 2148697 15483678749 298461 733153 1227089 1389601 525259962 324241 228573 145030 294342 278800 229095 185861 255316 133121 22215 249 0 1398999 0 0 0 75828 25 25 90842 0 0 0 0 0 0 0 0 0 0 0 0 15649144 233615604 1425101404 5367436314 56778 241317 432946 836905 0 0 0 0 3799976 9915 5887 0 0 0 0 0 0 0 0 0 0 0 0 0 0 0 0 0 0 0 0 0 0 0 0 0 0 0 0 0 0 0 0 0 0 NIL NIL NIL NIL NIL NIL NIL NIL NIL NIL NIL NIL NIL NIL NIL NIL 0 0 0 2042624 9.851 NIL 0 0 81222.266 219434.25 900346 1399987.75 1587194 1664555.25 3027371.5 2174421.25 497839.688 8017.584 0 11259733 </measResults>
            </measValue>
            <measValue measObjLdn="MLB00126HUNB001/ULoCell:NodeB Function Name=MLB00126HUNB001, Local Cell ID=50063, Cell Name=N/A">
                <measResults>5360093768 954039 62212 18363 14707 11714 16883 6552 23825 8803 35426 12624 49318 16457 265468 306109 0 0 5387315752 9210 0 3724 0 0 0 0 7 164857 217014 1368 501 1321 1102 648 565 747 518 116 10 11 603368440 5386550784 1189971 6728856400 331879 439011 421404 217035 1082479160 365219 84905 125403 283811 225237 81455 37986 45884 49558 9891 3 0 733825 0 0 0 223338 2 1 82118 0 0 0 0 0 0 0 0 0 0 0 0 45986888 1013727616 1743247856 1639154744 74309 397817 408922 220908 0 0 0 0 764968 2066 1331 0 0 0 0 0 0 0 0 0 0 0 0 0 0 0 0 0 0 0 0 0 0 0 0 0 0 0 0 0 0 0 0 0 0 NIL NIL NIL NIL NIL NIL NIL NIL NIL NIL NIL NIL NIL NIL NIL NIL 0 0 0 1081832 3.482 NIL 0 0 43451.145 192652.906 849161.938 1110863.5 554147.188 337854.125 538210.375 828882.188 218668.219 99.888 0 4437887.5 </measResults>
            </measValue>
            <measValue measObjLdn="MLB00126HUNB001/ULoCell:NodeB Function Name=MLB00126HUNB001, Local Cell ID=60061, Cell Name=N/A">
                <measResults>7105362800 999481 80753 20551 14739 11656 18681 19727 27832 15539 27404 22917 47673 239030 255231 1286 0 0 7007728352 11206 0 4901 0 0 0 0 20 106027 144059 2128 449 577 471 400 341 669 995 176 10 5 3014682576 7015882009 1048623 8597796105 271531 397104 428433 137844 626678532 377232 106825 85981 84745 71187 68068 44247 94030 162444 18957 5 0 543683 0 0 0 113100 2 63 114360 0 0 0 0 0 0 0 0 0 9098 0 0 82565572 428094552 1248357260 4445805548 101460 268697 207338 397390 0 0 0 0 862080 3685 1984 0 0 0 0 0 0 0 0 0 0 0 0 0 0 0 0 0 0 0 0 0 0 0 0 0 0 0 0 0 0 0 0 0 0 NIL NIL NIL NIL NIL NIL NIL NIL NIL NIL NIL NIL NIL NIL NIL NIL 0 0 0 899395 3.648 NIL 0 0 43632.105 127122.758 246531.859 350505.938 472590.375 398099.188 1133612.25 2740409.75 405206.563 153.8 0 5747110 </measResults>
            </measValue>
            <measValue measObjLdn="MLB00126HUNB001/ULoCell:NodeB Function Name=MLB00126HUNB001, Local Cell ID=60062, Cell Name=N/A">
                <measResults>10431443136 562778 122171 42222 22764 14087 15246 11060 18255 14794 26032 29977 146266 678321 98527 0 0 0 10405162295 30278 0 8756 0 0 0 0 1856 464749 541216 10115 888 1621 1383 1233 874 1494 740 76 12 12 2303112616 10419287898 2529716 12626950214 819888 1204168 1225928 346730 1321798583 775050 473007 160635 329753 282309 226438 145504 204116 66074 1725 10 0 1255929 0 0 0 94960 60 133 174150 0 0 0 0 0 0 0 0 0 1433 0 0 77391131 1038095101 3502658805 5168229855 167293 753607 807600 720846 0 0 0 0 3107701 12060 5647 0 0 0 0 0 0 0 0 0 0 0 0 0 0 0 0 0 0 0 0 0 0 0 0 0 0 0 0 0 0 0 0 0 0 NIL NIL NIL NIL NIL NIL NIL NIL NIL NIL NIL NIL NIL NIL NIL NIL 0 0 0 2349116 10.229 NIL 0 0 110948.297 245712.625 988012.125 1397273.625 1571111.25 1300447.75 2400878.5 1023774.625 36986.992 311.504 0 8718796 </measResults>
            </measValue>
            <measValue measObjLdn="MLB00126HUNB001/ULoCell:NodeB Function Name=MLB00126HUNB001, Local Cell ID=60063, Cell Name=N/A">
                <measResults>4158029800 1173199 54458 12580 10669 9338 10236 4418 17976 5889 22851 8293 39379 33948 348333 50933 0 0 4142577290 9933 0 4466 0 0 0 0 1 84844 110984 1519 232 536 644 477 295 559 484 92 9 4 504899424 4147991030 794090 5267465058 424886 406320 307630 122871 1333155813 405783 87099 53030 114700 133803 73227 41433 72099 40319 9091 5 0 484677 0 0 0 152111 0 0 64626 0 0 0 0 0 0 0 0 0 1475 0 0 189987187 1109880802 1392172637 1153968569 129679 342699 190567 108527 0 0 0 0 744276 2081 1293 0 0 0 0 0 0 0 0 0 0 0 0 0 0 0 0 0 0 0 0 0 0 0 0 0 0 0 0 0 0 0 0 0 0 NIL NIL NIL NIL NIL NIL NIL NIL NIL NIL NIL NIL NIL NIL NIL NIL 0 0 0 708507 3.411 NIL 0 0 19814.738 79086.938 350910.281 658552.375 507573.344 374632.563 859819.188 655794.813 205671.969 164.936 0 3613119.5 </measResults>
            </measValue>
        </measInfo>
        <measInfo measInfoId="50331649">
            <granPeriod duration="PT3600S" endTime="2021-08-19T12:00:00+08:00"/>
            <repPeriod duration="PT3600S"/>
            <measTypes>50332578 50332579 50332580 50332581 50342578 50342579 50342580 50342581 </measTypes>
            <measValue measObjLdn="MLB00126HUNB001/NodeBFunction:NodeB Function Name=MLB00126HUNB001">
                <measResults>7.276 2.133 6.664 73.272 10.8 4.8 10 93.8 </measResults>
            </measValue>
        </measInfo>
        <measInfo measInfoId="50331654">
            <granPeriod duration="PT3600S" endTime="2021-08-19T12:00:00+08:00"/>
            <repPeriod duration="PT3600S"/>
            <measTypes>50332565 50332566 50332633 50332635 </measTypes>
            <measValue measObjLdn="MLB00126HUNB001/NodeBFunction:NodeB Function Name=MLB00126HUNB001">
                <measResults>3072 2048 0 0 </measResults>
            </measValue>
        </measInfo>
        <measInfo measInfoId="50331664">
            <granPeriod duration="PT3600S" endTime="2021-08-19T12:00:00+08:00"/>
            <repPeriod duration="PT3600S"/>
            <measTypes>50332572 50332585 50332587 50332588 50332589 50332590 50332617 50332618 50332625 </measTypes>
            <measValue measObjLdn="MLB00126HUNB001/NodeBFunction:NodeB Function Name=MLB00126HUNB001">
                <measResults>2 0 32 32 0 23 0 0 3 </measResults>
            </measValue>
        </measInfo>
        <measInfo measInfoId="50331666">
            <granPeriod duration="PT3600S" endTime="2021-08-19T12:00:00+08:00"/>
            <repPeriod duration="PT3600S"/>
            <measTypes>50332567 50332568 50332569 50332570 50332571 </measTypes>
            <measValue measObjLdn="MLB00126HUNB001/NodeBFunction:NodeB Function Name=MLB00126HUNB001">
                <measResults>0 0 0 0 0 </measResults>
            </measValue>
        </measInfo>
        <measInfo measInfoId="50331681">
            <granPeriod duration="PT3600S" endTime="2021-08-19T12:00:00+08:00"/>
            <repPeriod duration="PT3600S"/>
            <measTypes>50342640 50342641 50342642 50342643 50342644 50342645 50342646 50342647 </measTypes>
            <measValue measObjLdn="MLB00126HUNB001/NodeBFunction:NodeB Function Name=MLB00126HUNB001">
                <measResults>14904863 19611816 1419285948 7634295373 6928437 3153968 35501354 16965100 </measResults>
            </measValue>
        </measInfo>
        <measInfo measInfoId="50331652">
            <granPeriod duration="PT3600S" endTime="2021-08-19T12:00:00+08:00"/>
            <repPeriod duration="PT3600S"/>
            <measTypes>50332555 50332556 50332557 50332558 50332559 50332560 50332561 50332562 50332563 50332564 50332593 50332594 50342555 50342556 50342561 50342562 50342563 50342564 50342567 50342568 50342569 50342570 50342571 50342572 50342618 50342619 50342621 50342622 50342624 50342625 50342627 50342628 </measTypes>
            <measValue measObjLdn="MLB00126HUNB001/NodeBFunction:NodeB Function Name=MLB00126HUNB001/MocID:2/CnOperator:-1">
                <measResults>0 0 0 0 4320 3568 160.349 77.843 0 95.639 0 0 0 0 220 102 0 148 52 119 70.5 0 0 0 0 0 0 0 0 0 0 0 </measResults>
            </measValue>
        </measInfo>
        <measInfo measInfoId="50331667">
            <granPeriod duration="PT3600S" endTime="2021-08-19T12:00:00+08:00"/>
            <repPeriod duration="PT3600S"/>
            <measTypes>50332591 50332592 50332595 50332596 50332597 </measTypes>
            <measValue measObjLdn="MLB00126HUNB001/NodeBFunction:NodeB Function Name=MLB00126HUNB001/MocID:2/CnOperator:-1">
                <measResults>0 0 0 0 0 </measResults>
            </measValue>
        </measInfo>
        <measInfo measInfoId="50331668">
            <granPeriod duration="PT3600S" endTime="2021-08-19T12:00:00+08:00"/>
            <repPeriod duration="PT3600S"/>
            <measTypes>50332348 50332349 </measTypes>
            <measValue measObjLdn="MLB00126HUNB001/LOCELL_SECTOREQM:NodeB Function Name=MLB00126HUNB001, Local Cell ID=10061, Sector Equipment ID=0">
                <measResults>0 0 </measResults>
            </measValue>
            <measValue measObjLdn="MLB00126HUNB001/LOCELL_SECTOREQM:NodeB Function Name=MLB00126HUNB001, Local Cell ID=10062, Sector Equipment ID=1">
                <measResults>0 0 </measResults>
            </measValue>
            <measValue measObjLdn="MLB00126HUNB001/LOCELL_SECTOREQM:NodeB Function Name=MLB00126HUNB001, Local Cell ID=10063, Sector Equipment ID=2">
                <measResults>0 0 </measResults>
            </measValue>
            <measValue measObjLdn="MLB00126HUNB001/LOCELL_SECTOREQM:NodeB Function Name=MLB00126HUNB001, Local Cell ID=50061, Sector Equipment ID=6">
                <measResults>0 0 </measResults>
            </measValue>
            <measValue measObjLdn="MLB00126HUNB001/LOCELL_SECTOREQM:NodeB Function Name=MLB00126HUNB001, Local Cell ID=50062, Sector Equipment ID=7">
                <measResults>0 0 </measResults>
            </measValue>
            <measValue measObjLdn="MLB00126HUNB001/LOCELL_SECTOREQM:NodeB Function Name=MLB00126HUNB001, Local Cell ID=50063, Sector Equipment ID=8">
                <measResults>0 0 </measResults>
            </measValue>
            <measValue measObjLdn="MLB00126HUNB001/LOCELL_SECTOREQM:NodeB Function Name=MLB00126HUNB001, Local Cell ID=60061, Sector Equipment ID=10">
                <measResults>0 0 </measResults>
            </measValue>
            <measValue measObjLdn="MLB00126HUNB001/LOCELL_SECTOREQM:NodeB Function Name=MLB00126HUNB001, Local Cell ID=60062, Sector Equipment ID=11">
                <measResults>0 0 </measResults>
            </measValue>
            <measValue measObjLdn="MLB00126HUNB001/LOCELL_SECTOREQM:NodeB Function Name=MLB00126HUNB001, Local Cell ID=60063, Sector Equipment ID=12">
                <measResults>0 0 </measResults>
            </measValue>
        </measInfo>
        <measInfo measInfoId="50331669">
            <granPeriod duration="PT3600S" endTime="2021-08-19T12:00:00+08:00"/>
            <repPeriod duration="PT3600S"/>
            <measTypes>50332350 50332351 50332352 50332353 </measTypes>
            <measValue measObjLdn="MLB00126HUNB001/LOCELL_SECTOREQM:NodeB Function Name=MLB00126HUNB001, Local Cell ID=10061, Sector Equipment ID=0">
                <measResults>13270 0 13042 13045 </measResults>
            </measValue>
            <measValue measObjLdn="MLB00126HUNB001/LOCELL_SECTOREQM:NodeB Function Name=MLB00126HUNB001, Local Cell ID=10062, Sector Equipment ID=1">
                <measResults>59919 116 58795 58890 </measResults>
            </measValue>
            <measValue measObjLdn="MLB00126HUNB001/LOCELL_SECTOREQM:NodeB Function Name=MLB00126HUNB001, Local Cell ID=10063, Sector Equipment ID=2">
                <measResults>27510 1 25705 25741 </measResults>
            </measValue>
            <measValue measObjLdn="MLB00126HUNB001/LOCELL_SECTOREQM:NodeB Function Name=MLB00126HUNB001, Local Cell ID=50061, Sector Equipment ID=6">
                <measResults>25195 44 24088 24112 </measResults>
            </measValue>
            <measValue measObjLdn="MLB00126HUNB001/LOCELL_SECTOREQM:NodeB Function Name=MLB00126HUNB001, Local Cell ID=50062, Sector Equipment ID=7">
                <measResults>67298 480 64591 64749 </measResults>
            </measValue>
            <measValue measObjLdn="MLB00126HUNB001/LOCELL_SECTOREQM:NodeB Function Name=MLB00126HUNB001, Local Cell ID=50063, Sector Equipment ID=8">
                <measResults>21840 30 21253 21271 </measResults>
            </measValue>
            <measValue measObjLdn="MLB00126HUNB001/LOCELL_SECTOREQM:NodeB Function Name=MLB00126HUNB001, Local Cell ID=60061, Sector Equipment ID=10">
                <measResults>15093 21 14508 14562 </measResults>
            </measValue>
            <measValue measObjLdn="MLB00126HUNB001/LOCELL_SECTOREQM:NodeB Function Name=MLB00126HUNB001, Local Cell ID=60062, Sector Equipment ID=11">
                <measResults>61742 408 59790 60118 </measResults>
            </measValue>
            <measValue measObjLdn="MLB00126HUNB001/LOCELL_SECTOREQM:NodeB Function Name=MLB00126HUNB001, Local Cell ID=60063, Sector Equipment ID=12">
                <measResults>25503 24 23682 23714 </measResults>
            </measValue>
        </measInfo>
        <measInfo measInfoId="50331670">
            <granPeriod duration="PT3600S" endTime="2021-08-19T12:00:00+08:00"/>
            <repPeriod duration="PT3600S"/>
            <measTypes>50332354 50332355 </measTypes>
            <measValue measObjLdn="MLB00126HUNB001/LOCELL_SECTOREQM:NodeB Function Name=MLB00126HUNB001, Local Cell ID=10061, Sector Equipment ID=0">
                <measResults>0 0 </measResults>
            </measValue>
            <measValue measObjLdn="MLB00126HUNB001/LOCELL_SECTOREQM:NodeB Function Name=MLB00126HUNB001, Local Cell ID=10062, Sector Equipment ID=1">
                <measResults>0 0 </measResults>
            </measValue>
            <measValue measObjLdn="MLB00126HUNB001/LOCELL_SECTOREQM:NodeB Function Name=MLB00126HUNB001, Local Cell ID=10063, Sector Equipment ID=2">
                <measResults>0 0 </measResults>
            </measValue>
            <measValue measObjLdn="MLB00126HUNB001/LOCELL_SECTOREQM:NodeB Function Name=MLB00126HUNB001, Local Cell ID=50061, Sector Equipment ID=6">
                <measResults>0 0 </measResults>
            </measValue>
            <measValue measObjLdn="MLB00126HUNB001/LOCELL_SECTOREQM:NodeB Function Name=MLB00126HUNB001, Local Cell ID=50062, Sector Equipment ID=7">
                <measResults>0 0 </measResults>
            </measValue>
            <measValue measObjLdn="MLB00126HUNB001/LOCELL_SECTOREQM:NodeB Function Name=MLB00126HUNB001, Local Cell ID=50063, Sector Equipment ID=8">
                <measResults>0 0 </measResults>
            </measValue>
            <measValue measObjLdn="MLB00126HUNB001/LOCELL_SECTOREQM:NodeB Function Name=MLB00126HUNB001, Local Cell ID=60061, Sector Equipment ID=10">
                <measResults>0 0 </measResults>
            </measValue>
            <measValue measObjLdn="MLB00126HUNB001/LOCELL_SECTOREQM:NodeB Function Name=MLB00126HUNB001, Local Cell ID=60062, Sector Equipment ID=11">
                <measResults>0 0 </measResults>
            </measValue>
            <measValue measObjLdn="MLB00126HUNB001/LOCELL_SECTOREQM:NodeB Function Name=MLB00126HUNB001, Local Cell ID=60063, Sector Equipment ID=12">
                <measResults>0 0 </measResults>
            </measValue>
        </measInfo>
        <measInfo measInfoId="50331672">
            <granPeriod duration="PT3600S" endTime="2021-08-19T12:00:00+08:00"/>
            <repPeriod duration="PT3600S"/>
            <measTypes>50342590 50342591 50342592 50342593 50342594 50342595 50342596 50342597 </measTypes>
            <measValue measObjLdn="MLB00126HUNB001/LOCELL_SECTOREQM:NodeB Function Name=MLB00126HUNB001, Local Cell ID=10061, Sector Equipment ID=0">
                <measResults>-104.085 -102.515 -103.676 -104.821 -104.7 -103.3 -104.3 -105.5 </measResults>
            </measValue>
            <measValue measObjLdn="MLB00126HUNB001/LOCELL_SECTOREQM:NodeB Function Name=MLB00126HUNB001, Local Cell ID=10062, Sector Equipment ID=1">
                <measResults>-102.897 -103.952 -103.541 -103.202 -104.4 -104.8 -104.3 -105 </measResults>
            </measValue>
            <measValue measObjLdn="MLB00126HUNB001/LOCELL_SECTOREQM:NodeB Function Name=MLB00126HUNB001, Local Cell ID=10063, Sector Equipment ID=2">
                <measResults>-104.846 -104.982 -103.671 -104.676 -105.4 -105.5 -104.3 -105.2 </measResults>
            </measValue>
            <measValue measObjLdn="MLB00126HUNB001/LOCELL_SECTOREQM:NodeB Function Name=MLB00126HUNB001, Local Cell ID=50061, Sector Equipment ID=6">
                <measResults>-95.708 -86.803 NIL NIL -98.6 -89.1 NIL NIL </measResults>
            </measValue>
            <measValue measObjLdn="MLB00126HUNB001/LOCELL_SECTOREQM:NodeB Function Name=MLB00126HUNB001, Local Cell ID=50062, Sector Equipment ID=7">
                <measResults>-92.605 -88.81 NIL NIL -95.5 -91.3 NIL NIL </measResults>
            </measValue>
            <measValue measObjLdn="MLB00126HUNB001/LOCELL_SECTOREQM:NodeB Function Name=MLB00126HUNB001, Local Cell ID=50063, Sector Equipment ID=8">
                <measResults>-97.501 -95.538 NIL NIL -99.6 -97.1 NIL NIL </measResults>
            </measValue>
            <measValue measObjLdn="MLB00126HUNB001/LOCELL_SECTOREQM:NodeB Function Name=MLB00126HUNB001, Local Cell ID=60061, Sector Equipment ID=10">
                <measResults>-87.007 -81.256 NIL NIL -88.9 -83.1 NIL NIL </measResults>
            </measValue>
            <measValue measObjLdn="MLB00126HUNB001/LOCELL_SECTOREQM:NodeB Function Name=MLB00126HUNB001, Local Cell ID=60062, Sector Equipment ID=11">
                <measResults>-84.206 -87.125 NIL NIL -86.6 -89.7 NIL NIL </measResults>
            </measValue>
            <measValue measObjLdn="MLB00126HUNB001/LOCELL_SECTOREQM:NodeB Function Name=MLB00126HUNB001, Local Cell ID=60063, Sector Equipment ID=12">
                <measResults>-89.989 -89.78 NIL NIL -91.1 -91 NIL NIL </measResults>
            </measValue>
        </measInfo>
        <measInfo measInfoId="50331682">
            <granPeriod duration="PT3600S" endTime="2021-08-19T12:00:00+08:00"/>
            <repPeriod duration="PT3600S"/>
            <measTypes>50332602 50332603 50332615 50332616 </measTypes>
            <measValue measObjLdn="MLB00126HUNB001/LOCELL_SECTOREQM:NodeB Function Name=MLB00126HUNB001, Local Cell ID=10061, Sector Equipment ID=0">
                <measResults>NIL NIL NIL NIL </measResults>
            </measValue>
            <measValue measObjLdn="MLB00126HUNB001/LOCELL_SECTOREQM:NodeB Function Name=MLB00126HUNB001, Local Cell ID=10062, Sector Equipment ID=1">
                <measResults>NIL NIL NIL NIL </measResults>
            </measValue>
            <measValue measObjLdn="MLB00126HUNB001/LOCELL_SECTOREQM:NodeB Function Name=MLB00126HUNB001, Local Cell ID=10063, Sector Equipment ID=2">
                <measResults>NIL NIL NIL NIL </measResults>
            </measValue>
            <measValue measObjLdn="MLB00126HUNB001/LOCELL_SECTOREQM:NodeB Function Name=MLB00126HUNB001, Local Cell ID=50061, Sector Equipment ID=6">
                <measResults>NIL NIL NIL NIL </measResults>
            </measValue>
            <measValue measObjLdn="MLB00126HUNB001/LOCELL_SECTOREQM:NodeB Function Name=MLB00126HUNB001, Local Cell ID=50062, Sector Equipment ID=7">
                <measResults>NIL NIL NIL NIL </measResults>
            </measValue>
            <measValue measObjLdn="MLB00126HUNB001/LOCELL_SECTOREQM:NodeB Function Name=MLB00126HUNB001, Local Cell ID=50063, Sector Equipment ID=8">
                <measResults>NIL NIL NIL NIL </measResults>
            </measValue>
            <measValue measObjLdn="MLB00126HUNB001/LOCELL_SECTOREQM:NodeB Function Name=MLB00126HUNB001, Local Cell ID=60061, Sector Equipment ID=10">
                <measResults>898 767 NIL NIL </measResults>
            </measValue>
            <measValue measObjLdn="MLB00126HUNB001/LOCELL_SECTOREQM:NodeB Function Name=MLB00126HUNB001, Local Cell ID=60062, Sector Equipment ID=11">
                <measResults>800 326 NIL NIL </measResults>
            </measValue>
            <measValue measObjLdn="MLB00126HUNB001/LOCELL_SECTOREQM:NodeB Function Name=MLB00126HUNB001, Local Cell ID=60063, Sector Equipment ID=12">
                <measResults>991 992 NIL NIL </measResults>
            </measValue>
        </measInfo>
    </measData>
    <fileFooter>
        <measCollec endTime="2021-08-19T12:00:00+08:00"/>
    </fileFooter>
</measCollecFile>
