<?xml version="1.0" encoding="UTF-8"?>
<measCollecFile xmlns="http://latest/nmc-omc/cmNrm.doc#measCollec" xmlns:xsi="http://www.w3.org/2001/XMLSchema-instance" xsi:schemaLocation="http://latest/nmc-omc/cmNrm.doc#measCollec schema\pmResultSchedule.xsd">
    <fileHeader fileFormatVersion="32.435 V7.2" vendorName="Huawei">
        <fileSender elementType="NodeB"/>
        <measCollec beginTime="2021-08-19T11:00:00+08:00"/>
    </fileHeader>
    <measData>
        <managedElement userLabel="MMLG7071HUNB001"/>
        <measInfo measInfoId="50331655">
            <granPeriod duration="PT3600S" endTime="2021-08-19T12:00:00+08:00"/>
            <repPeriod duration="PT3600S"/>
            <measTypes>50332573 50332574 50342574 50342575 50342635 50342636 </measTypes>
            <measValue measObjLdn="MMLG7071HUNB001/ULGROUP:UL BB Resource Group No.=1">
                <measResults>768 49.95 29.5 80.5 0 0 </measResults>
            </measValue>
            <measValue measObjLdn="MMLG7071HUNB001/ULGROUP:UL BB Resource Group No.=2">
                <measResults>1024 33.331 18.5 57 0 0 </measResults>
            </measValue>
        </measInfo>
        <measInfo measInfoId="50331656">
            <granPeriod duration="PT3600S" endTime="2021-08-19T12:00:00+08:00"/>
            <repPeriod duration="PT3600S"/>
            <measTypes>50332582 50332583 50332584 50332586 50342584 50342585 50342586 50342587 50342606 50342607 50342608 50342609 50342632 50342633 </measTypes>
            <measValue measObjLdn="MMLG7071HUNB001/BRD:Board Type=UBBP, Cabinet No.=0, Subrack No.=0, Slot No.=1">
                <measResults>1024 1024 0 0 0 0 0 0 0 0 0 0 0 0 </measResults>
            </measValue>
            <measValue measObjLdn="MMLG7071HUNB001/BRD:Board Type=UBBP, Cabinet No.=0, Subrack No.=0, Slot No.=2">
                <measResults>1024 768 38.802 49.95 29 52 29.5 80.5 2 3 3 6 0 0 </measResults>
            </measValue>
            <measValue measObjLdn="MMLG7071HUNB001/BRD:Board Type=UBBP, Cabinet No.=0, Subrack No.=0, Slot No.=3">
                <measResults>1024 1024 28 33.331 21 37 18.5 57 1 2 1 3 0 0 </measResults>
            </measValue>
            <measValue measObjLdn="MMLG7071HUNB001/BRD:Board Type=UMPT, Cabinet No.=0, Subrack No.=0, Slot No.=7">
                <measResults>0 0 0 0 0 0 0 0 0 0 0 0 0 0 </measResults>
            </measValue>
        </measInfo>
        <measInfo measInfoId="50331683">
            <granPeriod duration="PT3600S" endTime="2021-08-19T12:00:00+08:00"/>
            <repPeriod duration="PT3600S"/>
            <measTypes>50332627 </measTypes>
            <measValue measObjLdn="MMLG7071HUNB001/NODEBRRU:Cabinet No.=0, Subrack No.=60, Slot No.=0">
                <measResults>0 </measResults>
            </measValue>
            <measValue measObjLdn="MMLG7071HUNB001/NODEBRRU:Cabinet No.=0, Subrack No.=61, Slot No.=0">
                <measResults>0 </measResults>
            </measValue>
            <measValue measObjLdn="MMLG7071HUNB001/NODEBRRU:Cabinet No.=0, Subrack No.=62, Slot No.=0">
                <measResults>0 </measResults>
            </measValue>
            <measValue measObjLdn="MMLG7071HUNB001/NODEBRRU:Cabinet No.=0, Subrack No.=80, Slot No.=0">
                <measResults>0 </measResults>
            </measValue>
            <measValue measObjLdn="MMLG7071HUNB001/NODEBRRU:Cabinet No.=0, Subrack No.=81, Slot No.=0">
                <measResults>0 </measResults>
            </measValue>
            <measValue measObjLdn="MMLG7071HUNB001/NODEBRRU:Cabinet No.=0, Subrack No.=82, Slot No.=0">
                <measResults>0 </measResults>
            </measValue>
        </measInfo>
        <measInfo measInfoId="1542455297">
            <granPeriod duration="PT3600S" endTime="2021-08-19T12:00:00+08:00"/>
            <repPeriod duration="PT3600S"/>
            <measTypes>1542455297 1542455298 1542455299 1542455300 1542455301 1542455302 1542455303 1542455304 1542455305 1542455306 1542455307 1542460296 1542460297 </measTypes>
            <measValue measObjLdn="MMLG7071HUNB001/ETHPORT:Cabinet No.=0, Subrack No.=0, Slot No.=7, Port No.=0, Subboard Type=BASE_BOARD">
                <measResults>0 0 0 0 0 0 0 0 0 0 0 0 0 </measResults>
            </measValue>
            <measValue measObjLdn="MMLG7071HUNB001/ETHPORT:Cabinet No.=0, Subrack No.=0, Slot No.=7, Port No.=1, Subboard Type=BASE_BOARD">
                <measResults>807700346 8288423 1739163534 8928351 0 5589544 880680 1794924 18914224 880544 3864911 1000000 1000000 </measResults>
            </measValue>
        </measInfo>
        <measInfo measInfoId="1542455301">
            <granPeriod duration="PT3600S" endTime="2021-08-19T12:00:00+08:00"/>
            <repPeriod duration="PT3600S"/>
            <measTypes>1542455326 1542455327 1542455328 1542455329 1542455330 1542455331 1542455332 1542455333 1542460727 1542460728 1542460729 </measTypes>
            <measValue measObjLdn="MMLG7071HUNB001/IP:Board Type=UMPT, Cabinet No.=0, Subrack No.=0, Slot No.=7">
                <measResults>8288331 610340306 0 0 8922365 1512818477 0 0 2848 0 0 </measResults>
            </measValue>
        </measInfo>
        <measInfo measInfoId="1542455303">
            <granPeriod duration="PT3600S" endTime="2021-08-19T12:00:00+08:00"/>
            <repPeriod duration="PT3600S"/>
            <measTypes>1542455365 1542455367 1542455369 1542455371 1542455375 1542455376 1542455377 1542455378 </measTypes>
            <measValue measObjLdn="MMLG7071HUNB001/RSCGRP:Transmission Resource Group Bear Type=IP, Cabinet No.=0, Bearing Port No.=0, Bearing Port Type=ETH, Transmission Resource Group ID=AUTOPORT, Subboard Type=BASE_BOARD, Slot No.=7, Subrack No.=0">
                <measResults>0 0 0 0 0 0 0 0 </measResults>
            </measValue>
            <measValue measObjLdn="MMLG7071HUNB001/RSCGRP:Transmission Resource Group Bear Type=IP, Cabinet No.=0, Bearing Port No.=1, Bearing Port Type=ETH, Transmission Resource Group ID=AUTOPORT, Subboard Type=BASE_BOARD, Slot No.=7, Subrack No.=0">
                <measResults>759552145 8288416 0 0 5674976 855208 1687918 0 </measResults>
            </measValue>
        </measInfo>
        <measInfo measInfoId="1542455312">
            <granPeriod duration="PT3600S" endTime="2021-08-19T12:00:00+08:00"/>
            <repPeriod duration="PT3600S"/>
            <measTypes>1542460308 1542460309 1542460310 1542460311 1542460312 1542460313 1542460314 1542460315 1542460316 1542460317 1542460318 1542460319 1542460320 1542460321 1542460322 1542460323 1542460324 1542460325 1542460326 1542460327 1542460328 1542460329 1542460330 1542460331 1542460332 </measTypes>
            <measValue measObjLdn="MMLG7071HUNB001/RSCGRP:Transmission Resource Group Bear Type=IP, Cabinet No.=0, Bearing Port No.=0, Bearing Port Type=ETH, Transmission Resource Group ID=AUTOPORT, Subboard Type=BASE_BOARD, Slot No.=7, Subrack No.=0">
                <measResults>0 0 0 0 0 0 0 0 0 0 0 0 0 0 0 0 0 0 0 0 0 0 0 0 0 </measResults>
            </measValue>
            <measValue measObjLdn="MMLG7071HUNB001/RSCGRP:Transmission Resource Group Bear Type=IP, Cabinet No.=0, Bearing Port No.=1, Bearing Port Type=ETH, Transmission Resource Group ID=AUTOPORT, Subboard Type=BASE_BOARD, Slot No.=7, Subrack No.=0">
                <measResults>71789 71789 71789 899994 14310 442615 0 0 160 0 0 0 3 2460448 31207 0 45 1 0 0 2 0 0 0 0 </measResults>
            </measValue>
        </measInfo>
        <measInfo measInfoId="1542455309">
            <granPeriod duration="PT3600S" endTime="2021-08-19T12:00:00+08:00"/>
            <repPeriod duration="PT3600S"/>
            <measTypes>1542455826 1542455827 1542455828 1542455829 1542455833 1542455834 1542455835 1542455836 1542455837 1542455838 1542455839 1542455840 1542455841 1542455842 1542455843 1542455844 1542455845 1542455846 1542455847 1542455848 </measTypes>
            <measValue measObjLdn="MMLG7071HUNB001/OMCH:Standby Status=MASTER, Bearer Type=IPV4">
                <measResults>686 172 0 0 0 0 0 0 0 524 0 0 653 0 0 0 0 596 0 57 </measResults>
            </measValue>
        </measInfo>
        <measInfo measInfoId="1542455815">
            <granPeriod duration="PT3600S" endTime="2021-08-19T12:00:00+08:00"/>
            <repPeriod duration="PT3600S"/>
            <measTypes>1542460340 1542460341 1542460342 1542460343 1542460496 1542460497 1542460498 1542460499 1542460500 1542460501 1542460502 1542460503 1542460504 1542460505 1542460506 1542460507 1542460510 </measTypes>
            <measValue measObjLdn="MMLG7071HUNB001/IKE:Board Type=UMPT, Cabinet No.=0, Subrack No.=0, Slot No.=7">
                <measResults>0 0 0 0 0 0 0 0 0 0 0 0 0 0 0 0 0 </measResults>
            </measValue>
        </measInfo>
        <measInfo measInfoId="1542455817">
            <granPeriod duration="PT3600S" endTime="2021-08-19T12:00:00+08:00"/>
            <repPeriod duration="PT3600S"/>
            <measTypes>1542460356 1542460357 1542460358 1542460359 1542460360 1542460361 1542460362 1542460363 1542460364 1542460365 1542460366 1542460367 1542460368 1542460369 1542460370 1542460371 1542460372 1542460373 1542460374 1542460375 1542460376 </measTypes>
            <measValue measObjLdn="MMLG7071HUNB001/SCTPLNK:Link No.=31">
                <measResults>5004040 8812318 75430 124994 0 37520 0 11117 30176 15328 19578 13633 110860 0 0 0 0 0 0 110860 13633 </measResults>
            </measValue>
            <measValue measObjLdn="MMLG7071HUNB001/SCTPLNK:Link No.=32">
                <measResults>8194025 8988492 283610 349203 0 44296 4240 18209 44256 6024 19975 133794 254519 0 0 0 0 0 0 254519 133794 </measResults>
            </measValue>
        </measInfo>
        <measInfo measInfoId="1542455818">
            <granPeriod duration="PT3600S" endTime="2021-08-19T12:00:00+08:00"/>
            <repPeriod duration="PT3600S"/>
            <measTypes>1542455526 1542455527 1542455528 1542455529 1542455530 1542455531 1542455532 1542455533 1542455534 1542455535 </measTypes>
            <measValue measObjLdn="MMLG7071HUNB001/USERPLANEHOST:User Plane Host ID=3">
                <measResults>7681981 8540516 558813451 1478410706 5240520 1241824 17067360 3285398 NIL NIL </measResults>
            </measValue>
        </measInfo>
        <measInfo measInfoId="1593835529">
            <granPeriod duration="PT3600S" endTime="2021-08-19T12:00:00+08:00"/>
            <repPeriod duration="PT3600S"/>
            <measTypes>1593835620 1593835628 1593835629 </measTypes>
            <measValue measObjLdn="MMLG7071HUNB001/NODE:NODE">
                <measResults>NIL 0.799 0 </measResults>
            </measValue>
        </measInfo>
        <measInfo measInfoId="1593835533">
            <granPeriod duration="PT3600S" endTime="2021-08-19T12:00:00+08:00"/>
            <repPeriod duration="PT3600S"/>
            <measTypes>1593835647 1593835648 1593835649 </measTypes>
            <measValue measObjLdn="MMLG7071HUNB001/NODE:NODE">
                <measResults>32743 32733 32734 </measResults>
            </measValue>
        </measInfo>
        <measInfo measInfoId="1593835531">
            <granPeriod duration="PT3600S" endTime="2021-08-19T12:00:00+08:00"/>
            <repPeriod duration="PT3600S"/>
            <measTypes>1593835630 1593835632 1593835633 1593835634 </measTypes>
            <measValue measObjLdn="MMLG7071HUNB001/BBUBoard:Board Type=UBBP, Cabinet No.=0, Subrack No.=0, Slot No.=1">
                <measResults>0 3 2 0 </measResults>
            </measValue>
            <measValue measObjLdn="MMLG7071HUNB001/BBUBoard:Board Type=UBBP, Cabinet No.=0, Subrack No.=0, Slot No.=2">
                <measResults>0 3 2 0 </measResults>
            </measValue>
            <measValue measObjLdn="MMLG7071HUNB001/BBUBoard:Board Type=UBBP, Cabinet No.=0, Subrack No.=0, Slot No.=3">
                <measResults>0 3 3 0 </measResults>
            </measValue>
            <measValue measObjLdn="MMLG7071HUNB001/BBUBoard:Board Type=UMPT, Cabinet No.=0, Subrack No.=0, Slot No.=7">
                <measResults>0 2 1 0 </measResults>
            </measValue>
        </measInfo>
        <measInfo measInfoId="1593835535">
            <granPeriod duration="PT3600S" endTime="2021-08-19T12:00:00+08:00"/>
            <repPeriod duration="PT3600S"/>
            <measTypes>1593835652 1593835653 1593835654 1593835655 1593835656 1593835657 1593835658 1593835659 1593835660 1593835661 1593835662 1593835663 1593835664 1593835665 1593835666 1593835667 1593835668 1593835669 1593835670 1593835671 </measTypes>
            <measValue measObjLdn="MMLG7071HUNB001/RADIOEQM:Cabinet No.=0, Subrack No.=60, Slot No.=0">
                <measResults>0 0 0 0 0 0 0 0 0 0 NIL NIL NIL NIL NIL NIL NIL NIL NIL NIL </measResults>
            </measValue>
            <measValue measObjLdn="MMLG7071HUNB001/RADIOEQM:Cabinet No.=0, Subrack No.=61, Slot No.=0">
                <measResults>0 0 0 30 0 0 0 0 0 0 NIL NIL NIL NIL NIL NIL NIL NIL NIL NIL </measResults>
            </measValue>
            <measValue measObjLdn="MMLG7071HUNB001/RADIOEQM:Cabinet No.=0, Subrack No.=62, Slot No.=0">
                <measResults>0 0 0 0 0 0 0 0 0 0 NIL NIL NIL NIL NIL NIL NIL NIL NIL NIL </measResults>
            </measValue>
            <measValue measObjLdn="MMLG7071HUNB001/RADIOEQM:Cabinet No.=0, Subrack No.=80, Slot No.=0">
                <measResults>NIL NIL NIL NIL NIL NIL NIL NIL NIL NIL 0 0 0 0 0 0 0 0 0 0 </measResults>
            </measValue>
            <measValue measObjLdn="MMLG7071HUNB001/RADIOEQM:Cabinet No.=0, Subrack No.=81, Slot No.=0">
                <measResults>0 0 0 20 0 0 0 0 0 0 NIL NIL NIL NIL NIL NIL NIL NIL NIL NIL </measResults>
            </measValue>
            <measValue measObjLdn="MMLG7071HUNB001/RADIOEQM:Cabinet No.=0, Subrack No.=82, Slot No.=0">
                <measResults>NIL NIL NIL NIL NIL NIL NIL NIL NIL NIL 0 0 0 5 0 0 0 0 0 0 </measResults>
            </measValue>
        </measInfo>
        <measInfo measInfoId="1593835539">
            <granPeriod duration="PT3600S" endTime="2021-08-19T12:00:00+08:00"/>
            <repPeriod duration="PT3600S"/>
            <measTypes>1593835767 </measTypes>
            <measValue measObjLdn="MMLG7071HUNB001/RADIOEQM:Cabinet No.=0, Subrack No.=60, Slot No.=0">
                <measResults>3600 </measResults>
            </measValue>
            <measValue measObjLdn="MMLG7071HUNB001/RADIOEQM:Cabinet No.=0, Subrack No.=61, Slot No.=0">
                <measResults>3600 </measResults>
            </measValue>
            <measValue measObjLdn="MMLG7071HUNB001/RADIOEQM:Cabinet No.=0, Subrack No.=62, Slot No.=0">
                <measResults>3600 </measResults>
            </measValue>
            <measValue measObjLdn="MMLG7071HUNB001/RADIOEQM:Cabinet No.=0, Subrack No.=80, Slot No.=0">
                <measResults>3600 </measResults>
            </measValue>
            <measValue measObjLdn="MMLG7071HUNB001/RADIOEQM:Cabinet No.=0, Subrack No.=81, Slot No.=0">
                <measResults>3600 </measResults>
            </measValue>
            <measValue measObjLdn="MMLG7071HUNB001/RADIOEQM:Cabinet No.=0, Subrack No.=82, Slot No.=0">
                <measResults>3600 </measResults>
            </measValue>
        </measInfo>
        <measInfo measInfoId="1593835544">
            <granPeriod duration="PT3600S" endTime="2021-08-19T12:00:00+08:00"/>
            <repPeriod duration="PT3600S"/>
            <measTypes>1593835835 </measTypes>
            <measValue measObjLdn="MMLG7071HUNB001/BU:Cabinet No.=0, Subrack No.=0">
                <measResults>0.19853222 </measResults>
            </measValue>
        </measInfo>
        <measInfo measInfoId="1593835545">
            <granPeriod duration="PT3600S" endTime="2021-08-19T12:00:00+08:00"/>
            <repPeriod duration="PT3600S"/>
            <measTypes>1593835836 </measTypes>
            <measValue measObjLdn="MMLG7071HUNB001/BTSBoard:Cabinet No.=0, Subrack No.=60, Slot No.=0">
                <measResults>0.1339075 </measResults>
            </measValue>
            <measValue measObjLdn="MMLG7071HUNB001/BTSBoard:Cabinet No.=0, Subrack No.=61, Slot No.=0">
                <measResults>0.12118167 </measResults>
            </measValue>
            <measValue measObjLdn="MMLG7071HUNB001/BTSBoard:Cabinet No.=0, Subrack No.=62, Slot No.=0">
                <measResults>0.14096417 </measResults>
            </measValue>
            <measValue measObjLdn="MMLG7071HUNB001/BTSBoard:Cabinet No.=0, Subrack No.=80, Slot No.=0">
                <measResults>0.19704084 </measResults>
            </measValue>
            <measValue measObjLdn="MMLG7071HUNB001/BTSBoard:Cabinet No.=0, Subrack No.=81, Slot No.=0">
                <measResults>0.21282251 </measResults>
            </measValue>
            <measValue measObjLdn="MMLG7071HUNB001/BTSBoard:Cabinet No.=0, Subrack No.=82, Slot No.=0">
                <measResults>0.19730917 </measResults>
            </measValue>
        </measInfo>
        <measInfo measInfoId="50331648">
            <granPeriod duration="PT3600S" endTime="2021-08-19T12:00:00+08:00"/>
            <repPeriod duration="PT3600S"/>
            <measTypes>50331654 50331655 50331656 50331657 50331658 50331659 50331660 50331661 50331662 50331663 50331664 50331665 50331666 50331667 50331668 50331669 50331670 50331671 50331672 50331673 50331674 50331675 50331676 50331677 50331678 50331679 50331680 50331681 50331682 50331683 50331684 50331685 50331686 50331687 50331688 50331689 50331690 50331691 50331692 50331693 50331694 50331695 50331696 50331697 50331698 50331699 50331709 50331710 50331711 50331712 50331713 50331714 50331717 50331718 50331719 50331720 50331721 50331722 50331723 50331724 50331745 50331746 50331754 50331755 50331756 50331757 50331758 50331759 50331760 50331761 50331762 50331763 50331764 50331765 50331766 50331767 50331768 50331769 50331770 50331771 50331772 50331773 50331774 50331775 50331776 50331777 50331778 50331779 50331780 50331781 50331782 50331783 50331784 50331785 50331786 50331787 50331788 50331789 50331790 50331791 50331792 50331793 50331794 50331795 50331796 50331797 50331798 50331799 50331800 50331801 50331802 50331803 50331804 50331805 50331806 50331807 50331808 50331809 50331810 50331811 50331812 50331813 50331814 50331815 50331816 50331817 50331818 50331819 50331820 50331821 50331838 50331839 50331840 50332168 50332169 50332170 50332173 50332174 50332215 50332216 50332217 50341648 50341649 50341650 50341651 50341652 50341653 50341654 50341655 50341656 50341657 50341658 50341659 50341668 50341669 50341670 50341671 50341672 50341675 50341676 50341677 50341678 50341679 50341680 50341685 50341686 50341687 50341688 50341689 50341690 50341691 50341692 50341693 50341694 50341695 50341696 50341697 50341698 50341699 50341700 50341701 50341702 50341703 50341704 50341705 50341706 50341707 50341708 50341709 50341710 50341711 50341712 50341713 50341714 50341715 50341716 50341717 50341722 50341739 50341740 </measTypes>
            <measValue measObjLdn="MMLG7071HUNB001/ULoCell:NodeB Function Name=MMLG7071HUNB001, Local Cell ID=10631, Cell Name=JFJDOU1">
                <measResults>113487 11892 29797 99063 12128 1295 608 393 0 0 0 0 0 0 6151 2313 3200 2756 3268 5240 8874 11042 19468 27295 37900 41661 45458 55897 74033 95747 82219 75541 62901 57739 50284 36568 33385 22736 19767 16293 21284 15972 15437 11457 11323 12588 3983 120705 0 0 0 0 0 0 0 0 0 54933 96284 155200 174613 579949875 0 28180 4302 363 834 1997 1062 13105 11103 3660 3516 4266 8291 5870 3668 4893 4592 4539 3744 4248 4887 4320 4816 3757 4592 3657 4036 4671 3185 3087 758 1196 0 0 0 0 0 0 0 0 0 0 0 0 0 0 0 0 0 0 0 0 0 0 0 0 0 0 0 0 0 0 0 0 0 0 0 0 579898688 163412 18398 0 0 0 0 0 0 0 0 21 269 0 38 881 0 22 229 40 416 967 90 159356 3749419 0 164794 1770622 2 44 0 31 669 0 0 5 0 0.478 10.567 12.277 13.646 0 10 29 0 0 0 0 0 0 0 NIL 750 815 553 0 0 0 0 0 0 0 0 0 0 0 0 18583 3 0 </measResults>
            </measValue>
            <measValue measObjLdn="MMLG7071HUNB001/ULoCell:NodeB Function Name=MMLG7071HUNB001, Local Cell ID=10632, Cell Name=JFJDOU2">
                <measResults>220412 18510 14504 199964 18290 1180 605 373 0 0 0 0 0 0 1917 915 547 617 848 1058 1952 2112 4316 5810 9913 12417 17419 20960 24597 36179 26334 33359 28053 35942 32431 32902 36979 36526 36805 43136 66642 60303 59396 31556 5445 963 41351 245353 0 0 0 0 0 0 0 0 0 134042 78087 253480 267436 2609973214 0 22799 3455 181 402 2656 587 8188 4371 1679 1959 3932 3329 4558 3497 4697 9754 3916 3998 4829 4173 6399 9932 10584 14093 12395 12581 20003 18025 17882 17811 20461 0 0 0 0 0 0 0 0 0 0 0 0 0 0 0 0 0 0 0 0 0 0 0 0 0 0 0 0 0 0 0 0 0 0 0 0 2609655075 254247 11474 0 0 0 0 0 0 0 0 35 256 0 103 1000 0 37 242 111 712 934 141 719989 11175310 0 770866 5106305 2 37 0 81 792 0 0 9 0 1.349 13.94 13.008 14 0 6 23 0 0 0 0 0 0 0 NIL 787 832 662 0 0 0 0 0 0 0 0 0 0 0 0 21510 0 0 </measResults>
            </measValue>
            <measValue measObjLdn="MMLG7071HUNB001/ULoCell:NodeB Function Name=MMLG7071HUNB001, Local Cell ID=10633, Cell Name=JFJDOU3">
                <measResults>59732 8911 9898 49747 8251 927 493 314 0 0 0 0 0 0 1261 755 383 374 438 459 756 781 1616 2217 3833 4942 6760 8579 9388 13176 10395 14819 13156 20793 17289 17308 22091 18348 16571 17227 19201 16738 11883 5183 2844 5465 8487 76237 0 0 0 0 0 0 0 0 0 34496 35562 78545 82004 517627265 0 8831 1598 61 105 957 255 5425 761 734 477 1718 1438 2106 1370 1690 2197 1932 2360 3310 3837 4145 4287 3170 3597 3237 3111 3057 2595 2280 1591 6239 0 0 0 0 0 0 0 0 0 0 0 0 0 0 0 0 0 0 0 0 0 0 0 0 0 0 0 0 0 0 0 0 0 0 0 0 517411253 79844 4558 0 0 0 0 0 0 0 0 10 245 0 28 961 0 18 236 48 627 602 44 142783 4774466 0 237181 3245068 1 27 0 23 772 0 0 0 0 0.38 13.253 13.197 14 0 2 10 0 0 0 0 0 0 0 NIL 799 838 693 0 0 0 0 0 0 0 0 0 0 0 0 20199 0 0 </measResults>
            </measValue>
            <measValue measObjLdn="MMLG7071HUNB001/ULoCell:NodeB Function Name=MMLG7071HUNB001, Local Cell ID=50631, Cell Name=JFJDON4">
                <measResults>145692 12061 50455 130317 11661 1692 1080 942 0 0 0 0 0 0 9545 122 2919 335 144 588 942 1238 1647 2036 3154 5594 12964 25594 35454 37350 30083 32164 30645 38312 39425 37425 36951 31895 34907 42127 81685 78448 60553 44162 51256 118085 7494 187934 0 0 0 0 0 0 0 0 0 42183 158560 208237 212493 730570179 0 35634 15061 548 671 3364 1171 16813 4839 2174 2458 4797 5989 18401 20033 10415 7828 6554 5733 4890 4544 3411 4077 2622 3331 2508 3436 4821 1438 3612 1742 5091 0 0 0 0 0 0 0 0 0 0 0 0 0 0 0 0 0 0 0 0 0 0 0 0 0 0 0 0 0 0 0 0 0 0 0 0 730365235 198694 14337 0 0 0 0 0 0 0 0 28 262 0 54 873 0 29 241 55 458 980 110 200945 2810378 0 205046 1826773 7 87 0 54 684 0 0 8 0 0.738 11.346 13.502 14 0 7 34 0 0 0 0 0 0 0 NIL 890 916 791 0 0 0 0 0 0 0 0 0 0 0 0 21134 1 0 </measResults>
            </measValue>
            <measValue measObjLdn="MMLG7071HUNB001/ULoCell:NodeB Function Name=MMLG7071HUNB001, Local Cell ID=50632, Cell Name=JFJDON5">
                <measResults>134002 17858 22031 114172 16013 2588 880 349 0 0 0 0 0 0 3559 234 439 87 158 202 249 257 440 490 907 1172 1409 1801 2473 3656 3879 5890 7584 10847 15290 16537 21583 22239 32953 31733 68089 68374 70586 32110 15124 9034 5942 173923 0 0 0 0 0 0 0 0 0 84694 83287 173923 178800 674954208 0 28871 5128 599 228 1572 544 16257 2489 3079 1481 7768 5709 11739 5746 7569 3604 6603 3251 4252 6121 6984 8359 9668 8714 4826 3298 2298 804 1682 783 3556 0 0 0 0 0 0 0 0 0 0 0 0 0 0 0 0 0 0 0 0 0 0 0 0 0 0 0 0 0 0 0 0 0 0 0 0 674740256 170148 6604 0 0 0 0 0 0 0 0 24 228 0 40 868 0 27 245 46 415 876 94 185616 4566658 0 211890 1974638 3 55 0 36 758 0 0 6 0 0.573 12.156 13.983 14.101 0 3 25 0 0 0 0 0 0 0 NIL 907 920 858 0 0 0 0 0 0 0 0 0 0 0 0 23210 0 0 </measResults>
            </measValue>
            <measValue measObjLdn="MMLG7071HUNB001/ULoCell:NodeB Function Name=MMLG7071HUNB001, Local Cell ID=50633, Cell Name=JFJDON6">
                <measResults>230001 26884 24168 197845 25909 4441 1267 539 0 0 0 0 0 0 2257 408 356 194 197 214 263 235 496 539 1002 1552 2489 3882 5898 9074 9760 16119 17339 24264 31681 38369 47429 55745 70171 83263 130340 178446 200107 139344 103921 89420 12964 281034 0 0 0 0 0 0 0 0 0 140868 127257 281089 284232 1377913393 0 58781 7754 496 389 3669 2182 19550 4287 2651 1274 6801 6717 14246 4627 8449 5178 8087 4835 6665 7819 12222 18299 14202 14992 9043 8854 9545 3680 5545 2215 7953 0 0 0 0 0 0 0 0 0 0 0 0 0 0 0 0 0 0 0 0 0 0 0 0 0 0 0 0 0 0 0 0 0 0 0 0 1377583749 259846 4653 0 0 0 0 0 0 0 0 39 165 0 71 462 0 39 259 72 474 989 144 379088 3335818 0 383304 2632556 5 59 0 62 435 0 0 0 0 0.999 6.466 13.976 14 0 2 55 1 0 0 0 0 0 0 NIL 903 917 850 0 0 0 0 0 0 0 0 0 0 0 0 24755 0 0 </measResults>
            </measValue>
            <measValue measObjLdn="MMLG7071HUNB001/ULoCell:NodeB Function Name=MMLG7071HUNB001, Local Cell ID=60631, Cell Name=JFJDON1">
                <measResults>88597 8423 37071 77116 8020 2010 977 474 0 0 0 0 0 0 7111 550 2759 810 445 1296 1977 2551 4094 5848 10353 16809 25767 31309 34716 41565 34957 46418 43270 50668 47381 40724 45242 46445 49343 53041 85226 76124 66316 63171 54490 14492 3706 112865 0 0 0 0 0 0 0 0 0 40891 89514 134111 133325 329831323 0 33896 10021 232 449 2781 638 18189 4360 1221 1169 3502 5434 4222 3151 4477 4657 3625 2230 2142 1729 1972 3302 3219 4539 2761 2921 1951 1411 1309 1293 1275 0 0 0 0 0 0 0 0 0 0 0 0 0 0 0 0 0 0 0 0 0 0 0 0 0 0 0 0 0 0 0 0 0 0 0 0 329743279 126825 8074 0 0 0 0 0 0 0 0 18 169 0 23 483 0 18 241 24 312 982 70 90467 1714738 0 92125 1292386 3 61 0 20 445 0 0 2 0 0.312 6.28 13.015 14 0 4 30 0 0 0 0 0 0 0 NIL 881 914 758 0 0 0 0 0 0 0 0 0 0 0 0 21876 0 0 </measResults>
            </measValue>
            <measValue measObjLdn="MMLG7071HUNB001/ULoCell:NodeB Function Name=MMLG7071HUNB001, Local Cell ID=60632, Cell Name=JFJDON2">
                <measResults>64496 9857 21019 53834 8146 1280 760 476 0 0 0 0 0 0 3837 463 81 44 63 86 177 212 501 695 1163 1949 3510 5078 6416 8539 9789 13250 15063 17491 16251 14530 12127 9415 9161 10492 16765 10039 9179 6868 6383 6903 11214 94636 0 0 0 0 0 0 0 0 0 35444 48740 95398 99243 568582394 0 9361 3414 87 135 719 197 5431 667 671 380 1561 1099 1924 2566 2468 3663 6300 4457 5165 5461 5645 5457 4519 3931 2323 2278 2093 1712 1266 2054 8281 0 0 0 0 0 0 0 0 0 0 0 0 0 0 0 0 0 0 0 0 0 0 0 0 0 0 0 0 0 0 0 0 0 0 0 0 568396673 97939 8110 0 0 0 0 0 0 0 0 13 197 0 35 686 0 22 230 61 622 583 54 156888 4246306 0 269105 2905333 2 48 0 30 587 0 0 8 0 0.478 9.494 13.51 14 0 4 6 0 0 0 0 0 0 0 NIL 900 921 811 0 0 0 0 0 0 0 0 0 0 0 0 20985 0 0 </measResults>
            </measValue>
            <measValue measObjLdn="MMLG7071HUNB001/ULoCell:NodeB Function Name=MMLG7071HUNB001, Local Cell ID=60633, Cell Name=JFJDON3">
                <measResults>146533 32164 22611 112538 30246 2210 942 597 0 0 0 0 0 0 3367 786 293 140 143 175 342 375 808 1867 4778 8758 14681 20601 24482 27450 22080 30567 33449 37808 34467 31818 31783 24784 21222 17479 28036 31687 30069 15221 8007 10368 9498 200628 0 0 0 0 0 0 0 0 0 74225 117621 201344 210042 1099860109 0 19253 5142 515 213 1570 1627 9563 1105 994 835 2487 2229 3895 3751 4882 9660 17414 13200 15874 14818 12971 13754 10371 8419 4921 3949 4385 2865 2034 2549 6049 0 0 0 0 0 0 0 0 0 0 0 0 0 0 0 0 0 0 0 0 0 0 0 0 0 0 0 0 0 0 0 0 0 0 0 0 1099619565 198715 7959 0 0 0 0 0 0 0 0 27 221 0 81 874 0 33 245 97 711 837 110 303258 5433528 0 362315 2756891 5 52 0 70 787 0 0 15 0 1.106 12.242 13.556 14.063 0 4 19 0 0 0 0 0 0 0 NIL 900 922 839 0 0 0 0 0 0 0 0 0 0 0 0 18950 0 0 </measResults>
            </measValue>
        </measInfo>
        <measInfo measInfoId="50331650">
            <granPeriod duration="PT3600S" endTime="2021-08-19T12:00:00+08:00"/>
            <repPeriod duration="PT3600S"/>
            <measTypes>50332548 50332549 50332550 50332554 50342548 50342549 50342550 50342554 50342612 50342613 50342615 50342616 </measTypes>
            <measValue measObjLdn="MMLG7071HUNB001/ULoCell:NodeB Function Name=MMLG7071HUNB001, Local Cell ID=10631, Cell Name=JFJDOU1">
                <measResults>0 0 18.568 10.804 0 0 41.5 22 0 0 0 0 </measResults>
            </measValue>
            <measValue measObjLdn="MMLG7071HUNB001/ULoCell:NodeB Function Name=MMLG7071HUNB001, Local Cell ID=10632, Cell Name=JFJDOU2">
                <measResults>0 0 9.562 4.646 0 0 25.5 11 0 0 0 0 </measResults>
            </measValue>
            <measValue measObjLdn="MMLG7071HUNB001/ULoCell:NodeB Function Name=MMLG7071HUNB001, Local Cell ID=10633, Cell Name=JFJDOU3">
                <measResults>0 0 5.251 3.619 0 0 18 11 0 0 0 0 </measResults>
            </measValue>
            <measValue measObjLdn="MMLG7071HUNB001/ULoCell:NodeB Function Name=MMLG7071HUNB001, Local Cell ID=50631, Cell Name=JFJDON4">
                <measResults>0 0 11.629 4.981 0 0 32.5 12 0 0 0 0 </measResults>
            </measValue>
            <measValue measObjLdn="MMLG7071HUNB001/ULoCell:NodeB Function Name=MMLG7071HUNB001, Local Cell ID=50632, Cell Name=JFJDON5">
                <measResults>0 0 3.994 0.906 0 0 14.5 5 0 0 0 0 </measResults>
            </measValue>
            <measValue measObjLdn="MMLG7071HUNB001/ULoCell:NodeB Function Name=MMLG7071HUNB001, Local Cell ID=50633, Cell Name=JFJDON6">
                <measResults>0 0 8.363 2.011 0 0 20 7 0 0 0 0 </measResults>
            </measValue>
            <measValue measObjLdn="MMLG7071HUNB001/ULoCell:NodeB Function Name=MMLG7071HUNB001, Local Cell ID=60631, Cell Name=JFJDON1">
                <measResults>0 0 13.895 7.395 0 0 37 18 0 0 0 0 </measResults>
            </measValue>
            <measValue measObjLdn="MMLG7071HUNB001/ULoCell:NodeB Function Name=MMLG7071HUNB001, Local Cell ID=60632, Cell Name=JFJDON2">
                <measResults>0 0 5.353 2.655 0 0 15.5 12 0 0 0 0 </measResults>
            </measValue>
            <measValue measObjLdn="MMLG7071HUNB001/ULoCell:NodeB Function Name=MMLG7071HUNB001, Local Cell ID=60633, Cell Name=JFJDON3">
                <measResults>0 0 6.775 2.893 0 0 19.5 9 0 0 0 0 </measResults>
            </measValue>
        </measInfo>
        <measInfo measInfoId="50331651">
            <granPeriod duration="PT3600S" endTime="2021-08-19T12:00:00+08:00"/>
            <repPeriod duration="PT3600S"/>
            <measTypes>50331850 50331851 50331852 50331853 50331854 50331855 50331856 50331857 50331858 50331859 50331860 50331861 50331862 50331863 50331864 50331865 50331866 50331867 50331868 50331869 50331870 50331871 50331872 50331873 50331874 50331875 50331876 50331877 50331878 50331879 50331885 50331886 50331887 50331888 50331889 50331892 50331903 50331904 50331908 50331925 50331926 50331927 50331928 50331929 50331930 50331931 50331957 50331958 50331959 50331961 50331962 50331963 50331964 50331965 50331966 50331967 50331971 50331972 50331973 50331974 50331987 50331988 50331989 50331990 50331991 50331992 50331993 50331995 50332378 50332379 50332380 50332385 50332386 50332387 50332498 50332499 50332500 50332501 50332503 50332507 50332623 50332638 50341849 50341850 50341851 50341852 50341853 50341854 50341855 50341856 50341857 50341858 50341859 50341864 50341865 50341866 50341868 50341869 50341870 50341871 50341872 50341873 50341874 50341875 50341876 50341877 50341878 50341879 50341880 50341881 50341882 50341883 50341884 50341885 50341886 50341887 50341888 50341889 50341890 50341891 50341892 50341893 50341894 50341895 50341896 50341897 50341898 50341980 50341981 50341982 50341983 50341984 50341985 50341986 50341994 50361698 50361699 50361701 </measTypes>
            <measValue measObjLdn="MMLG7071HUNB001/ULoCell:NodeB Function Name=MMLG7071HUNB001, Local Cell ID=10631, Cell Name=JFJDOU1">
                <measResults>1780678 12715 2791 1025 613 555 450 318 365 241 99 27 35 17 11 3 5 7 13 19 6 9 5 0 0 0 60 406173 1669198 817511 227860 102893 3054328 212411 91140 2 370 411 437122 213 0 0 0 0 0 0 1 73 49 356 0 0 0 0 0 0 22225 18144 6037 34830 855 3129 9132 72199 71491 80720 7704 607866 98914 41050 84141 0.292 31926 71034 0 0 NIL NIL 0 0.248 0 0 97 0.629 3.344 0.017 0.095 15 0 0 0 39 0 72 54 0 NIL NIL 0.61 0.012 0 0 0 0 27.342 0 0 0 0 0 0 110215.703 1.56 0.069 0.019 0.006 0.008 0.002 0.002 0 0.519 0 0 39 NIL NIL 780 98.652 461.388 1585.65 9755.868 13836.836 16988.166 7500.306 50204.293 0 NIL 0 </measResults>
            </measValue>
            <measValue measObjLdn="MMLG7071HUNB001/ULoCell:NodeB Function Name=MMLG7071HUNB001, Local Cell ID=10632, Cell Name=JFJDOU2">
                <measResults>1793899 6289 1610 227 84 50 30 27 40 32 23 28 19 7 21 15 7 4 4 7 5 25 0 0 0 51 97 273390 1782875 708136 472308 80667 4621629 310591 31864 2 161 482 382006 33 0 0 0 0 0 0 0 126 104 42 0 0 0 0 0 0 334 3631 5344 256876 225 1265 4597 18408 21082 32877 11432 61735 293773 210354 39784 0.19 232675 69624 0 0 NIL NIL 0 0.06 0 0 49 0.508 2.703 0.017 0.069 3 0 0 0 80 0 24 21 0 NIL NIL 1.589 0.205 0.007 0 0 0 8.202 0 0 0 0 0 0 480540.938 1.11 0.053 0.023 0.018 0.04 0.01 0.002 0 1.345 0 0 170 NIL NIL 161 101.892 384.366 1442.496 9076.492 15912.996 44038.164 13286.23 14732.128 0 NIL 0 </measResults>
            </measValue>
            <measValue measObjLdn="MMLG7071HUNB001/ULoCell:NodeB Function Name=MMLG7071HUNB001, Local Cell ID=10633, Cell Name=JFJDOU3">
                <measResults>1794360 3448 1036 488 168 72 42 42 68 65 42 29 18 15 10 16 11 14 11 14 4 14 8 0 0 12 77 154883 1523171 470840 292779 56547 2414487 83011 10847 1 142 172 122626 10 0 0 0 0 0 0 0 33 24 131 0 0 0 0 0 0 392 1966 2084 60923 277 823 1927 5441 9936 8821 2138 21877 61391 38909 16815 0.12 40390 22937 0 0 NIL NIL 0 0.038 0 0 51 0.318 2.101 0.006 0.082 0 0 0 0 29 0 7 7 0 NIL NIL 0.712 0.14 0.007 0 0 0 22.662 0 0 0 0 0 0 333832.219 0.704 0.037 0.016 0.009 0.019 0.005 0.002 0 0.586 0 0 79 NIL NIL 189 130.29 279.996 774.9 2814.918 6729.296 8818.832 3481.634 9095.634 0 NIL 0 </measResults>
            </measValue>
            <measValue measObjLdn="MMLG7071HUNB001/ULoCell:NodeB Function Name=MMLG7071HUNB001, Local Cell ID=50631, Cell Name=JFJDON4">
                <measResults>0 0 0 0 0 0 0 0 0 93 100585 441648 387358 200632 116299 94002 96032 97441 97848 82362 74175 10094 1805 797 70 1269 375963 938625 1769873 1135916 548750 261148 3591291 465219 198890 4 257 953 599204 1135905 1135905 1111217 609711 484941 288865 660 254 175 355 2015806 2015806 1986203 1211337 995667 635999 695 77526 14087 12687 194230 255 292 2961 99682 69324 136929 120484 671150 117596 80609 124236 0.634 44445 79876 0 0 NIL NIL 0 0.43 0 0 167 1.109 5.124 0.028 0.174 15 9 0 0 50 0 147 55 273 NIL NIL 1.07 0.015 0.001 0 0 0 149766.5 149766.5 147997.156 97405.039 75202.813 39879.605 44.268 149766.5 1.848 0.093 0.025 0.009 0.009 0.001 0 0 0.923 0 238 35 NIL NIL 501 23.004 38.238 470.82 11437.74 11212.448 16988.322 27478.723 45608.793 0 NIL 0 </measResults>
            </measValue>
            <measValue measObjLdn="MMLG7071HUNB001/ULoCell:NodeB Function Name=MMLG7071HUNB001, Local Cell ID=50632, Cell Name=JFJDON5">
                <measResults>0 0 0 0 0 0 0 0 0 690 45851 426483 585970 322476 150803 79881 79094 67489 31518 9206 2347 268 170 69 12 185 119483 1213837 1772858 1054050 879108 172965 2991474 334006 26640 3 134 500 382531 1054037 1053851 1040998 471588 268054 81062 0 108 70 154 1724783 1724543 1709325 805497 452870 147254 0 512 1557 6001 280741 109 63 712 5022 21410 49687 42283 47897 141736 225052 36524 0.662 108782 41950 0 0 NIL NIL 0 0.34 0 0 259 0.939 6.844 0.019 0.207 0 3 0 0 40 0 30 17 116 NIL NIL 1.309 0.065 0.001 0 0 0 282797.625 282729.844 279132.719 120723.703 62014.664 14215.102 0 282797.625 1.056 0.088 0.029 0.015 0.027 0.003 0.001 0 0.835 0 42 14 NIL NIL 76 41.82 25.26 384.678 2358.738 8284.302 21131.621 22174.48 15405.686 0 NIL 0 </measResults>
            </measValue>
            <measValue measObjLdn="MMLG7071HUNB001/ULoCell:NodeB Function Name=MMLG7071HUNB001, Local Cell ID=50633, Cell Name=JFJDON6">
                <measResults>0 0 0 0 0 0 0 0 0 0 0 0 0 121 7199 114842 457616 526947 323188 201228 134890 20732 3616 2206 356 7068 1279263 2931645 1794796 1613082 1924455 225373 3899184 1708968 87230 6 213 967 1109697 1613073 1613073 1613073 1613073 1613073 1199948 50 1806 48 1799 3685641 3685641 3685641 3685641 3685641 2842260 117 61360 52215 81063 1236533 290 171 1064 18964 107886 387720 644016 917603 290039 316331 257022 1.574 146764 162860 0 0 NIL NIL 0 0.722 0 0 387 2.036 7.226 0.075 0.391 39 51 0 0 40 0 453 47 995 NIL NIL 2.014 0.087 0.002 0 0 0 419497.719 419497.719 419497.719 419497.719 419497.719 280196.656 7.122 419497.719 1.827 0.157 0.042 0.022 0.041 0.003 0.001 0 1.35 0 563 10 NIL NIL 304 57.144 34.458 177.072 3250.78 18598.666 70596.422 137705.063 105838.375 0 NIL 0 </measResults>
            </measValue>
            <measValue measObjLdn="MMLG7071HUNB001/ULoCell:NodeB Function Name=MMLG7071HUNB001, Local Cell ID=60631, Cell Name=JFJDON1">
                <measResults>0 0 0 0 0 0 0 0 0 0 0 0 0 790 91154 819140 749985 110406 16633 4173 3491 2271 1536 1123 180 1626 174566 1093998 1767474 1321007 514867 182500 4223763 454819 137659 5 330 570 563487 1320969 1320969 1320969 1320969 1320719 119540 0 54 90 117 2342031 2342031 2342031 2342031 2341276 251250 0 81690 19626 13450 69923 678 877 4279 35108 94663 208259 109498 1263957 85729 56113 124015 0.61 24001 67457 0 0 NIL NIL 0 0.496 0 0 167 1.285 4.542 0.032 0.132 30 9 0 0 35 0 132 113 933 NIL NIL 0.807 0.011 0 0 0 0 106998.563 106998.563 106998.563 106998.563 106968.516 13041.304 0 106998.563 2.688 0.08 0.017 0.004 0.004 0 0 0 0.718 0 251 11 NIL NIL 767 115.164 84.18 393.126 3496.596 10416.216 23544.533 18232.842 50857.145 0 NIL 0 </measResults>
            </measValue>
            <measValue measObjLdn="MMLG7071HUNB001/ULoCell:NodeB Function Name=MMLG7071HUNB001, Local Cell ID=60632, Cell Name=JFJDON2">
                <measResults>0 0 0 0 0 0 0 0 0 0 0 5025 229520 1081449 432635 44193 7214 1343 534 295 213 27 6 10 3 44 2725 351526 1433949 473397 207520 67191 2162888 84340 16792 3 128 95 118855 473382 473382 473382 441014 158025 125 0 1 49 40 659003 659003 659003 619096 233451 195 0 1736 3262 5610 50378 15 24 320 7271 13070 13020 10633 41453 41328 50224 14957 0.136 25745 17658 0 0 NIL NIL 0 0.078 0 0 125 0.36 3.806 0.005 0.119 1 3 0 0 33 0 5 8 8 NIL NIL 0.515 0.019 0 0 0 0 83885.68 83885.68 83885.68 79783.148 39466.09 420.438 0 83885.68 0.944 0.037 0.014 0.007 0.011 0.001 0 0 0.437 0 30 20 NIL NIL 230 19.74 2.958 95.496 2356.164 4903.682 4815.972 6404.846 8011.358 0 NIL 0 </measResults>
            </measValue>
            <measValue measObjLdn="MMLG7071HUNB001/ULoCell:NodeB Function Name=MMLG7071HUNB001, Local Cell ID=60633, Cell Name=JFJDON3">
                <measResults>0 0 0 0 0 0 0 0 0 0 0 0 61 18390 174616 986433 488285 105182 14221 5601 6508 1393 744 377 47 652 161447 622289 1659742 863015 358835 79191 2590579 299869 50779 3 192 890 450365 863054 863054 863054 863054 857054 58869 30 89 57 132 1241824 1241824 1241824 1241824 1232728 92880 60 27602 19886 31297 94856 1188 1152 7656 49012 61769 80749 77234 432236 92258 82780 87634 0.348 33431 64320 0 0 NIL NIL 0 0.26 0 0 163 0.68 3.595 0.017 0.146 17 11 0 0 35 0 73 34 847 NIL NIL 0.459 0.018 0 0 0 0 121225.242 121225.242 121225.242 121225.242 119646.594 8182.154 0.09 121225.242 1.485 0.096 0.03 0.008 0.011 0.001 0 0 0.371 0 215 9 NIL NIL 575 426.432 244.812 1159.044 8796.966 11254.842 13433.186 17791.396 38386.051 0 NIL 0 </measResults>
            </measValue>
        </measInfo>
        <measInfo measInfoId="50331653">
            <granPeriod duration="PT3600S" endTime="2021-08-19T12:00:00+08:00"/>
            <repPeriod duration="PT3600S"/>
            <measTypes>50331748 50331749 50331750 50331751 50331752 50331753 50361697 </measTypes>
            <measValue measObjLdn="MMLG7071HUNB001/ULoCell:NodeB Function Name=MMLG7071HUNB001, Local Cell ID=10631, Cell Name=JFJDOU1">
                <measResults>0.025 0.018 0.025 0.018 0 0 0.074 </measResults>
            </measValue>
            <measValue measObjLdn="MMLG7071HUNB001/ULoCell:NodeB Function Name=MMLG7071HUNB001, Local Cell ID=10632, Cell Name=JFJDOU2">
                <measResults>0.628 0.475 0.628 0.411 0 0 0.077 </measResults>
            </measValue>
            <measValue measObjLdn="MMLG7071HUNB001/ULoCell:NodeB Function Name=MMLG7071HUNB001, Local Cell ID=10633, Cell Name=JFJDOU3">
                <measResults>0.106 0.085 0.106 0.079 0 0 0.082 </measResults>
            </measValue>
            <measValue measObjLdn="MMLG7071HUNB001/ULoCell:NodeB Function Name=MMLG7071HUNB001, Local Cell ID=50631, Cell Name=JFJDON4">
                <measResults>0.506 0.404 0.506 0.379 0 0 0.2 </measResults>
            </measValue>
            <measValue measObjLdn="MMLG7071HUNB001/ULoCell:NodeB Function Name=MMLG7071HUNB001, Local Cell ID=50632, Cell Name=JFJDON5">
                <measResults>0.656 0.524 0.656 0.488 0 0 0.182 </measResults>
            </measValue>
            <measValue measObjLdn="MMLG7071HUNB001/ULoCell:NodeB Function Name=MMLG7071HUNB001, Local Cell ID=50633, Cell Name=JFJDON6">
                <measResults>0.45 0.411 0.45 0.393 0 0 0.15 </measResults>
            </measValue>
            <measValue measObjLdn="MMLG7071HUNB001/ULoCell:NodeB Function Name=MMLG7071HUNB001, Local Cell ID=60631, Cell Name=JFJDON1">
                <measResults>0.15 0.114 0.15 0.112 0 0 0.089 </measResults>
            </measValue>
            <measValue measObjLdn="MMLG7071HUNB001/ULoCell:NodeB Function Name=MMLG7071HUNB001, Local Cell ID=60632, Cell Name=JFJDON2">
                <measResults>0.15 0.119 0.15 0.106 0 0 0.107 </measResults>
            </measValue>
            <measValue measObjLdn="MMLG7071HUNB001/ULoCell:NodeB Function Name=MMLG7071HUNB001, Local Cell ID=60633, Cell Name=JFJDON3">
                <measResults>0.158 0.122 0.158 0.111 0 0 0.351 </measResults>
            </measValue>
        </measInfo>
        <measInfo measInfoId="50331658">
            <granPeriod duration="PT3600S" endTime="2021-08-19T12:00:00+08:00"/>
            <repPeriod duration="PT3600S"/>
            <measTypes>50332250 50332251 50332410 50332411 </measTypes>
            <measValue measObjLdn="MMLG7071HUNB001/ULoCell:NodeB Function Name=MMLG7071HUNB001, Local Cell ID=10631, Cell Name=JFJDOU1">
                <measResults>0 0 0 0 </measResults>
            </measValue>
            <measValue measObjLdn="MMLG7071HUNB001/ULoCell:NodeB Function Name=MMLG7071HUNB001, Local Cell ID=10632, Cell Name=JFJDOU2">
                <measResults>0 0 0 0 </measResults>
            </measValue>
            <measValue measObjLdn="MMLG7071HUNB001/ULoCell:NodeB Function Name=MMLG7071HUNB001, Local Cell ID=10633, Cell Name=JFJDOU3">
                <measResults>0 0 0 0 </measResults>
            </measValue>
            <measValue measObjLdn="MMLG7071HUNB001/ULoCell:NodeB Function Name=MMLG7071HUNB001, Local Cell ID=50631, Cell Name=JFJDON4">
                <measResults>0 0 0 0 </measResults>
            </measValue>
            <measValue measObjLdn="MMLG7071HUNB001/ULoCell:NodeB Function Name=MMLG7071HUNB001, Local Cell ID=50632, Cell Name=JFJDON5">
                <measResults>0 0 0 0 </measResults>
            </measValue>
            <measValue measObjLdn="MMLG7071HUNB001/ULoCell:NodeB Function Name=MMLG7071HUNB001, Local Cell ID=50633, Cell Name=JFJDON6">
                <measResults>0 0 0 0 </measResults>
            </measValue>
            <measValue measObjLdn="MMLG7071HUNB001/ULoCell:NodeB Function Name=MMLG7071HUNB001, Local Cell ID=60631, Cell Name=JFJDON1">
                <measResults>0 0 0 0 </measResults>
            </measValue>
            <measValue measObjLdn="MMLG7071HUNB001/ULoCell:NodeB Function Name=MMLG7071HUNB001, Local Cell ID=60632, Cell Name=JFJDON2">
                <measResults>0 0 0 0 </measResults>
            </measValue>
            <measValue measObjLdn="MMLG7071HUNB001/ULoCell:NodeB Function Name=MMLG7071HUNB001, Local Cell ID=60633, Cell Name=JFJDON3">
                <measResults>0 0 0 0 </measResults>
            </measValue>
        </measInfo>
        <measInfo measInfoId="50331660">
            <granPeriod duration="PT3600S" endTime="2021-08-19T12:00:00+08:00"/>
            <repPeriod duration="PT3600S"/>
            <measTypes>50361670 50361671 50361672 50361673 </measTypes>
            <measValue measObjLdn="MMLG7071HUNB001/ULoCell:NodeB Function Name=MMLG7071HUNB001, Local Cell ID=10631, Cell Name=JFJDOU1">
                <measResults>0 0 0 0 </measResults>
            </measValue>
            <measValue measObjLdn="MMLG7071HUNB001/ULoCell:NodeB Function Name=MMLG7071HUNB001, Local Cell ID=10632, Cell Name=JFJDOU2">
                <measResults>0 0 0 0 </measResults>
            </measValue>
            <measValue measObjLdn="MMLG7071HUNB001/ULoCell:NodeB Function Name=MMLG7071HUNB001, Local Cell ID=10633, Cell Name=JFJDOU3">
                <measResults>0 0 0 0 </measResults>
            </measValue>
            <measValue measObjLdn="MMLG7071HUNB001/ULoCell:NodeB Function Name=MMLG7071HUNB001, Local Cell ID=50631, Cell Name=JFJDON4">
                <measResults>0 0 0 0 </measResults>
            </measValue>
            <measValue measObjLdn="MMLG7071HUNB001/ULoCell:NodeB Function Name=MMLG7071HUNB001, Local Cell ID=50632, Cell Name=JFJDON5">
                <measResults>0 0 0 0 </measResults>
            </measValue>
            <measValue measObjLdn="MMLG7071HUNB001/ULoCell:NodeB Function Name=MMLG7071HUNB001, Local Cell ID=50633, Cell Name=JFJDON6">
                <measResults>0 0 0 0 </measResults>
            </measValue>
            <measValue measObjLdn="MMLG7071HUNB001/ULoCell:NodeB Function Name=MMLG7071HUNB001, Local Cell ID=60631, Cell Name=JFJDON1">
                <measResults>0 0 0 0 </measResults>
            </measValue>
            <measValue measObjLdn="MMLG7071HUNB001/ULoCell:NodeB Function Name=MMLG7071HUNB001, Local Cell ID=60632, Cell Name=JFJDON2">
                <measResults>0 0 0 0 </measResults>
            </measValue>
            <measValue measObjLdn="MMLG7071HUNB001/ULoCell:NodeB Function Name=MMLG7071HUNB001, Local Cell ID=60633, Cell Name=JFJDON3">
                <measResults>0 0 0 0 </measResults>
            </measValue>
        </measInfo>
        <measInfo measInfoId="50331661">
            <granPeriod duration="PT3600S" endTime="2021-08-19T12:00:00+08:00"/>
            <repPeriod duration="PT3600S"/>
            <measTypes>50332048 50332049 50332050 50332051 </measTypes>
            <measValue measObjLdn="MMLG7071HUNB001/ULoCell:NodeB Function Name=MMLG7071HUNB001, Local Cell ID=10631, Cell Name=JFJDOU1">
                <measResults>18548 0 144248 0 </measResults>
            </measValue>
            <measValue measObjLdn="MMLG7071HUNB001/ULoCell:NodeB Function Name=MMLG7071HUNB001, Local Cell ID=10632, Cell Name=JFJDOU2">
                <measResults>19000 0 144713 0 </measResults>
            </measValue>
            <measValue measObjLdn="MMLG7071HUNB001/ULoCell:NodeB Function Name=MMLG7071HUNB001, Local Cell ID=10633, Cell Name=JFJDOU3">
                <measResults>8439 0 144777 0 </measResults>
            </measValue>
            <measValue measObjLdn="MMLG7071HUNB001/ULoCell:NodeB Function Name=MMLG7071HUNB001, Local Cell ID=50631, Cell Name=JFJDON4">
                <measResults>30765 0 144875 0 </measResults>
            </measValue>
            <measValue measObjLdn="MMLG7071HUNB001/ULoCell:NodeB Function Name=MMLG7071HUNB001, Local Cell ID=50632, Cell Name=JFJDON5">
                <measResults>12365 0 144324 0 </measResults>
            </measValue>
            <measValue measObjLdn="MMLG7071HUNB001/ULoCell:NodeB Function Name=MMLG7071HUNB001, Local Cell ID=50633, Cell Name=JFJDON6">
                <measResults>27314 0 144719 0 </measResults>
            </measValue>
            <measValue measObjLdn="MMLG7071HUNB001/ULoCell:NodeB Function Name=MMLG7071HUNB001, Local Cell ID=60631, Cell Name=JFJDON1">
                <measResults>28214 0 144488 0 </measResults>
            </measValue>
            <measValue measObjLdn="MMLG7071HUNB001/ULoCell:NodeB Function Name=MMLG7071HUNB001, Local Cell ID=60632, Cell Name=JFJDON2">
                <measResults>9133 0 144199 0 </measResults>
            </measValue>
            <measValue measObjLdn="MMLG7071HUNB001/ULoCell:NodeB Function Name=MMLG7071HUNB001, Local Cell ID=60633, Cell Name=JFJDON3">
                <measResults>23351 0 145241 0 </measResults>
            </measValue>
        </measInfo>
        <measInfo measInfoId="50331662">
            <granPeriod duration="PT3600S" endTime="2021-08-19T12:00:00+08:00"/>
            <repPeriod duration="PT3600S"/>
            <measTypes>50332052 50332053 50332054 50332070 50332505 </measTypes>
            <measValue measObjLdn="MMLG7071HUNB001/ULoCell:NodeB Function Name=MMLG7071HUNB001, Local Cell ID=10631, Cell Name=JFJDOU1">
                <measResults>0 80 869477 0 0 </measResults>
            </measValue>
            <measValue measObjLdn="MMLG7071HUNB001/ULoCell:NodeB Function Name=MMLG7071HUNB001, Local Cell ID=10632, Cell Name=JFJDOU2">
                <measResults>0 46 548441 0 0 </measResults>
            </measValue>
            <measValue measObjLdn="MMLG7071HUNB001/ULoCell:NodeB Function Name=MMLG7071HUNB001, Local Cell ID=10633, Cell Name=JFJDOU3">
                <measResults>0 40 502679 0 0 </measResults>
            </measValue>
            <measValue measObjLdn="MMLG7071HUNB001/ULoCell:NodeB Function Name=MMLG7071HUNB001, Local Cell ID=50631, Cell Name=JFJDON4">
                <measResults>36 47 183966 0 0 </measResults>
            </measValue>
            <measValue measObjLdn="MMLG7071HUNB001/ULoCell:NodeB Function Name=MMLG7071HUNB001, Local Cell ID=50632, Cell Name=JFJDON5">
                <measResults>0 20 59022 0 0 </measResults>
            </measValue>
            <measValue measObjLdn="MMLG7071HUNB001/ULoCell:NodeB Function Name=MMLG7071HUNB001, Local Cell ID=50633, Cell Name=JFJDON6">
                <measResults>0 25 84407 0 0 </measResults>
            </measValue>
            <measValue measObjLdn="MMLG7071HUNB001/ULoCell:NodeB Function Name=MMLG7071HUNB001, Local Cell ID=60631, Cell Name=JFJDON1">
                <measResults>60 47 475763 0 0 </measResults>
            </measValue>
            <measValue measObjLdn="MMLG7071HUNB001/ULoCell:NodeB Function Name=MMLG7071HUNB001, Local Cell ID=60632, Cell Name=JFJDON2">
                <measResults>0 16 330825 0 0 </measResults>
            </measValue>
            <measValue measObjLdn="MMLG7071HUNB001/ULoCell:NodeB Function Name=MMLG7071HUNB001, Local Cell ID=60633, Cell Name=JFJDON3">
                <measResults>0 32 259779 0 0 </measResults>
            </measValue>
        </measInfo>
        <measInfo measInfoId="50331663">
            <granPeriod duration="PT3600S" endTime="2021-08-19T12:00:00+08:00"/>
            <repPeriod duration="PT3600S"/>
            <measTypes>50331917 50332061 50332064 50332065 50332069 50332071 50332072 50332073 50332074 50332079 50332258 50332388 50332389 50332504 50332626 50332632 50332639 50332640 50332641 50332645 50342048 50342049 50342050 50342051 50361705 50361706 50361725 50361726 50361735 50361740 50361743 50361744 50361747 50361749 50361751 50361753 50361755 50361757 50361759 50361761 50361763 50361765 50361767 50361769 50361771 50361773 50361775 50361777 50361779 50361781 50361783 50361785 50361787 50361789 50361791 50361793 50361795 </measTypes>
            <measValue measObjLdn="MMLG7071HUNB001/ULoCell:NodeB Function Name=MMLG7071HUNB001, Local Cell ID=10631, Cell Name=JFJDOU1">
                <measResults>989.912 1 254 0 0 0 0 0 0 0 4.94 0 1.091 0 0 0 3600 0 NIL 0 11 53.734 0 0 0 0 0 NIL NIL NIL NIL NIL NIL NIL NIL NIL NIL NIL NIL NIL NIL NIL NIL NIL NIL NIL NIL NIL NIL NIL NIL NIL NIL NIL NIL NIL NIL </measResults>
            </measValue>
            <measValue measObjLdn="MMLG7071HUNB001/ULoCell:NodeB Function Name=MMLG7071HUNB001, Local Cell ID=10632, Cell Name=JFJDOU2">
                <measResults>997.821 0 256 0 0 0 0 0 0 0 2.929 0 0.861 0 0 0 3600 0 NIL 0 13 57.924 0 0 0 0 0 NIL NIL NIL NIL NIL NIL NIL NIL NIL NIL NIL NIL NIL NIL NIL NIL NIL NIL NIL NIL NIL NIL NIL NIL NIL NIL NIL NIL NIL NIL </measResults>
            </measValue>
            <measValue measObjLdn="MMLG7071HUNB001/ULoCell:NodeB Function Name=MMLG7071HUNB001, Local Cell ID=10633, Cell Name=JFJDOU3">
                <measResults>948.477 0 256 0 0 0 0 0 0 0 3.019 0 0.471 0 0 0 3600 0 NIL 0 9 41.398 0 0 0 0 0 NIL NIL NIL NIL NIL NIL NIL NIL NIL NIL NIL NIL NIL NIL NIL NIL NIL NIL NIL NIL NIL NIL NIL NIL NIL NIL NIL NIL NIL NIL </measResults>
            </measValue>
            <measValue measObjLdn="MMLG7071HUNB001/ULoCell:NodeB Function Name=MMLG7071HUNB001, Local Cell ID=50631, Cell Name=JFJDON4">
                <measResults>891.078 1 256 0 0 0 0 0 0 0 0.854 0 1.406 216.366 0 0 0 0 NIL 0 11 42.552 0 3.676 0 0 0 1 NIL NIL NIL NIL NIL NIL NIL NIL NIL NIL NIL NIL NIL NIL NIL NIL NIL NIL NIL NIL NIL NIL NIL NIL NIL NIL NIL NIL NIL </measResults>
            </measValue>
            <measValue measObjLdn="MMLG7071HUNB001/ULoCell:NodeB Function Name=MMLG7071HUNB001, Local Cell ID=50632, Cell Name=JFJDON5">
                <measResults>943.166 0 256 0 0 0 0 0 0 0 0.245 0 1.012 24.965 0 0 0 0 NIL 0 9 35.173 0 2.777 0 0 0 1 NIL NIL NIL NIL NIL NIL NIL NIL NIL NIL NIL NIL NIL NIL NIL NIL NIL NIL NIL NIL NIL NIL NIL NIL NIL NIL NIL NIL NIL </measResults>
            </measValue>
            <measValue measObjLdn="MMLG7071HUNB001/ULoCell:NodeB Function Name=MMLG7071HUNB001, Local Cell ID=50633, Cell Name=JFJDON6">
                <measResults>823.323 1 256 0 0 0 0 0 0 0 0.315 0 2.469 174.757 0 0 0 0 NIL 0 12 41.507 0 5.764 0 0 0 1 NIL NIL NIL NIL NIL NIL NIL NIL NIL NIL NIL NIL NIL NIL NIL NIL NIL NIL NIL NIL NIL NIL NIL NIL NIL NIL NIL NIL NIL </measResults>
            </measValue>
            <measValue measObjLdn="MMLG7071HUNB001/ULoCell:NodeB Function Name=MMLG7071HUNB001, Local Cell ID=60631, Cell Name=JFJDON1">
                <measResults>935.257 2 256 0 0 0 0 0 0 0 3.012 0 1.402 0 0 0 3600 0 NIL 0 10 42.775 0 2.557 0 0 0 1 NIL NIL NIL NIL NIL NIL NIL NIL NIL NIL NIL NIL NIL NIL NIL NIL NIL NIL NIL NIL NIL NIL NIL NIL NIL NIL NIL NIL NIL </measResults>
            </measValue>
            <measValue measObjLdn="MMLG7071HUNB001/ULoCell:NodeB Function Name=MMLG7071HUNB001, Local Cell ID=60632, Cell Name=JFJDON2">
                <measResults>952.433 0 256 0 0 0 0 0 0 0 1.66 0 0.437 0 0 0 3600 0 NIL 0 10 37.581 0 2.554 0 0 0 1 NIL NIL NIL NIL NIL NIL NIL NIL NIL NIL NIL NIL NIL NIL NIL NIL NIL NIL NIL NIL NIL NIL NIL NIL NIL NIL NIL NIL NIL </measResults>
            </measValue>
            <measValue measObjLdn="MMLG7071HUNB001/ULoCell:NodeB Function Name=MMLG7071HUNB001, Local Cell ID=60633, Cell Name=JFJDON3">
                <measResults>898.661 0 256 0 0 0 0 0 0 0 0.784 0 0.814 0 0 0 3600 0 NIL 0 8 47.927 0 3.231 0 0 0 1 NIL NIL NIL NIL NIL NIL NIL NIL NIL NIL NIL NIL NIL NIL NIL NIL NIL NIL NIL NIL NIL NIL NIL NIL NIL NIL NIL NIL NIL </measResults>
            </measValue>
        </measInfo>
        <measInfo measInfoId="50331665">
            <granPeriod duration="PT3600S" endTime="2021-08-19T12:00:00+08:00"/>
            <repPeriod duration="PT3600S"/>
            <measTypes>50331740 50331741 50331742 50331743 50331744 50331909 50331910 50331911 50331912 50331913 50332381 50332382 50332576 50332577 </measTypes>
            <measValue measObjLdn="MMLG7071HUNB001/ULoCell:NodeB Function Name=MMLG7071HUNB001, Local Cell ID=10631, Cell Name=JFJDOU1">
                <measResults>0 0 0 0 0 0 0 0 0 0 0 0 0 0 </measResults>
            </measValue>
            <measValue measObjLdn="MMLG7071HUNB001/ULoCell:NodeB Function Name=MMLG7071HUNB001, Local Cell ID=10632, Cell Name=JFJDOU2">
                <measResults>0 0 0 0 0 0 0 0 0 0 0 0 0 0 </measResults>
            </measValue>
            <measValue measObjLdn="MMLG7071HUNB001/ULoCell:NodeB Function Name=MMLG7071HUNB001, Local Cell ID=10633, Cell Name=JFJDOU3">
                <measResults>0 0 0 0 0 0 0 0 0 0 0 0 0 0 </measResults>
            </measValue>
            <measValue measObjLdn="MMLG7071HUNB001/ULoCell:NodeB Function Name=MMLG7071HUNB001, Local Cell ID=50631, Cell Name=JFJDON4">
                <measResults>0 0 0 0 0 0 0 0 0 0 0 0 0 0 </measResults>
            </measValue>
            <measValue measObjLdn="MMLG7071HUNB001/ULoCell:NodeB Function Name=MMLG7071HUNB001, Local Cell ID=50632, Cell Name=JFJDON5">
                <measResults>0 0 0 0 0 0 0 0 0 0 0 0 0 0 </measResults>
            </measValue>
            <measValue measObjLdn="MMLG7071HUNB001/ULoCell:NodeB Function Name=MMLG7071HUNB001, Local Cell ID=50633, Cell Name=JFJDON6">
                <measResults>0 0 0 0 0 0 0 0 0 0 0 0 0 0 </measResults>
            </measValue>
            <measValue measObjLdn="MMLG7071HUNB001/ULoCell:NodeB Function Name=MMLG7071HUNB001, Local Cell ID=60631, Cell Name=JFJDON1">
                <measResults>0 0 0 0 0 0 0 0 0 0 0 0 0 0 </measResults>
            </measValue>
            <measValue measObjLdn="MMLG7071HUNB001/ULoCell:NodeB Function Name=MMLG7071HUNB001, Local Cell ID=60632, Cell Name=JFJDON2">
                <measResults>0 0 0 0 0 0 0 0 0 0 0 0 0 0 </measResults>
            </measValue>
            <measValue measObjLdn="MMLG7071HUNB001/ULoCell:NodeB Function Name=MMLG7071HUNB001, Local Cell ID=60633, Cell Name=JFJDON3">
                <measResults>0 0 0 0 0 0 0 0 0 0 0 0 0 0 </measResults>
            </measValue>
        </measInfo>
        <measInfo measInfoId="50331673">
            <granPeriod duration="PT3600S" endTime="2021-08-19T12:00:00+08:00"/>
            <repPeriod duration="PT3600S"/>
            <measTypes>50332055 50332056 50332057 50332058 50332059 50332060 50332278 50332279 50332280 50332281 50332282 50332283 50332284 50332285 50332286 50361648 50361649 50361650 50361651 </measTypes>
            <measValue measObjLdn="MMLG7071HUNB001/ULoCell:NodeB Function Name=MMLG7071HUNB001, Local Cell ID=10631, Cell Name=JFJDOU1">
                <measResults>31 38 12 0 0 0 19 16 1 3 1 0 0 2 1 0 0 0 0 </measResults>
            </measValue>
            <measValue measObjLdn="MMLG7071HUNB001/ULoCell:NodeB Function Name=MMLG7071HUNB001, Local Cell ID=10632, Cell Name=JFJDOU2">
                <measResults>13 22 6 0 0 0 8 9 1 4 8 0 1 7 18 0 0 0 0 </measResults>
            </measValue>
            <measValue measObjLdn="MMLG7071HUNB001/ULoCell:NodeB Function Name=MMLG7071HUNB001, Local Cell ID=10633, Cell Name=JFJDOU3">
                <measResults>6 21 5 0 0 0 9 9 0 1 2 0 0 3 8 0 0 0 0 </measResults>
            </measValue>
            <measValue measObjLdn="MMLG7071HUNB001/ULoCell:NodeB Function Name=MMLG7071HUNB001, Local Cell ID=50631, Cell Name=JFJDON4">
                <measResults>12 7 1 0 0 0 9 6 4 7 7 0 2 7 3 0 0 0 0 </measResults>
            </measValue>
            <measValue measObjLdn="MMLG7071HUNB001/ULoCell:NodeB Function Name=MMLG7071HUNB001, Local Cell ID=50632, Cell Name=JFJDON5">
                <measResults>3 1 0 0 0 0 1 1 2 3 8 0 2 4 7 0 0 0 0 </measResults>
            </measValue>
            <measValue measObjLdn="MMLG7071HUNB001/ULoCell:NodeB Function Name=MMLG7071HUNB001, Local Cell ID=50633, Cell Name=JFJDON6">
                <measResults>5 1 0 0 0 0 2 2 6 8 17 1 8 11 9 0 0 0 0 </measResults>
            </measValue>
            <measValue measObjLdn="MMLG7071HUNB001/ULoCell:NodeB Function Name=MMLG7071HUNB001, Local Cell ID=60631, Cell Name=JFJDON1">
                <measResults>14 14 2 0 0 0 17 14 4 7 5 1 1 5 1 0 0 0 0 </measResults>
            </measValue>
            <measValue measObjLdn="MMLG7071HUNB001/ULoCell:NodeB Function Name=MMLG7071HUNB001, Local Cell ID=60632, Cell Name=JFJDON2">
                <measResults>4 8 1 0 0 0 9 9 0 2 2 0 0 2 1 0 0 0 0 </measResults>
            </measValue>
            <measValue measObjLdn="MMLG7071HUNB001/ULoCell:NodeB Function Name=MMLG7071HUNB001, Local Cell ID=60633, Cell Name=JFJDON3">
                <measResults>6 2 2 0 0 0 6 9 2 5 2 0 0 5 1 0 0 0 0 </measResults>
            </measValue>
        </measInfo>
        <measInfo measInfoId="50331674">
            <granPeriod duration="PT3600S" endTime="2021-08-19T12:00:00+08:00"/>
            <repPeriod duration="PT3600S"/>
            <measTypes>50332161 50332162 50332163 50332164 50332165 50341718 50341719 50341720 50341721 </measTypes>
            <measValue measObjLdn="MMLG7071HUNB001/ULoCell:NodeB Function Name=MMLG7071HUNB001, Local Cell ID=10631, Cell Name=JFJDOU1">
                <measResults>0 0 0 0 0 0 0 0 0 </measResults>
            </measValue>
            <measValue measObjLdn="MMLG7071HUNB001/ULoCell:NodeB Function Name=MMLG7071HUNB001, Local Cell ID=10632, Cell Name=JFJDOU2">
                <measResults>0 0 0 0 0 0 0 0 0 </measResults>
            </measValue>
            <measValue measObjLdn="MMLG7071HUNB001/ULoCell:NodeB Function Name=MMLG7071HUNB001, Local Cell ID=10633, Cell Name=JFJDOU3">
                <measResults>0 0 0 0 0 0 0 0 0 </measResults>
            </measValue>
            <measValue measObjLdn="MMLG7071HUNB001/ULoCell:NodeB Function Name=MMLG7071HUNB001, Local Cell ID=50631, Cell Name=JFJDON4">
                <measResults>0 0 0 0 0 0 0 0 0 </measResults>
            </measValue>
            <measValue measObjLdn="MMLG7071HUNB001/ULoCell:NodeB Function Name=MMLG7071HUNB001, Local Cell ID=50632, Cell Name=JFJDON5">
                <measResults>0 0 0 0 0 0 0 0 0 </measResults>
            </measValue>
            <measValue measObjLdn="MMLG7071HUNB001/ULoCell:NodeB Function Name=MMLG7071HUNB001, Local Cell ID=50633, Cell Name=JFJDON6">
                <measResults>0 0 0 0 0 0 0 0 0 </measResults>
            </measValue>
            <measValue measObjLdn="MMLG7071HUNB001/ULoCell:NodeB Function Name=MMLG7071HUNB001, Local Cell ID=60631, Cell Name=JFJDON1">
                <measResults>0 0 0 0 0 0 0 0 0 </measResults>
            </measValue>
            <measValue measObjLdn="MMLG7071HUNB001/ULoCell:NodeB Function Name=MMLG7071HUNB001, Local Cell ID=60632, Cell Name=JFJDON2">
                <measResults>0 0 0 0 0 0 0 0 0 </measResults>
            </measValue>
            <measValue measObjLdn="MMLG7071HUNB001/ULoCell:NodeB Function Name=MMLG7071HUNB001, Local Cell ID=60633, Cell Name=JFJDON3">
                <measResults>0 0 0 0 0 0 0 0 0 </measResults>
            </measValue>
        </measInfo>
        <measInfo measInfoId="50331676">
            <granPeriod duration="PT3600S" endTime="2021-08-19T12:00:00+08:00"/>
            <repPeriod duration="PT3600S"/>
            <measTypes>50331747 50332175 50332176 50332177 50332178 50332179 50332180 50332181 50332182 50332183 50332184 50332185 50332186 50332187 50332188 50332189 50332190 50332192 50332193 50332194 50332195 50332196 50332197 50332198 50332199 50332200 50332201 50332202 50332203 50332204 50332205 50332206 50332207 50332208 50332209 50332210 50332211 50332212 50332213 50332214 50332219 50332232 50332233 50332234 50332235 50332236 50332237 50332238 50332245 50332246 50332648 50332649 50332650 50332651 50332652 50332653 50332654 50332655 50332656 50332657 50332658 50332670 50332848 50332849 50332850 50332853 50332854 50332855 50332856 50332865 50332866 50332867 50332868 50332869 50332870 50332871 50332872 50332873 50332874 50332875 50332876 50332877 50332878 50332879 50332880 50332881 50332882 50332883 50332884 50332885 50332886 50332887 50332888 50332889 50332890 50332891 50332892 50332894 50332895 50332896 50332897 50332898 50332899 50332900 50332901 50332902 50332903 50332904 50332905 50332906 50332907 50332908 50332909 50332910 50332943 50332944 50332945 50332946 50332947 50332948 50332949 50332950 50332951 50332952 50332953 50332954 50332955 50332956 50332957 50332958 50332959 50332960 50332961 50332962 50332963 50332964 50332965 50332966 50332967 50332968 50332969 50332970 50332971 50332972 50332973 50332974 50332985 50332986 50332987 50332990 50341723 50341741 50341742 50341743 50341748 50341749 50341750 50341751 50341752 50341753 50341754 50341755 50341756 50341757 50341758 50341759 </measTypes>
            <measValue measObjLdn="MMLG7071HUNB001/ULoCell:NodeB Function Name=MMLG7071HUNB001, Local Cell ID=10631, Cell Name=JFJDOU1">
                <measResults>585582312 1649548 55360 17779 6235 3734 4142 1791 3479 1724 3347 2557 5046 32890 12368 0 0 0 438187708 6067 0 4296 0 0 0 0 0 2095 11027 820 112 202 166 186 115 224 142 14 0 1 58469976 579949875 174588 725571126 329463 217252 95342 63495 84378533 42572 23249 5770 6705 6087 8227 5705 10418 9381 288 0 0 46811 0 0 0 15324 0 0 62817 0 0 0 0 0 0 0 0 0 7562 0 0 14501746 75799898 175731516 278921441 33950 54699 50180 33449 0 0 0 0 1474012 6170 3153 0 0 0 0 0 0 0 0 0 0 0 0 0 0 0 0 0 0 0 0 0 0 0 0 0 0 0 0 0 0 0 0 0 0 NIL NIL NIL NIL NIL NIL NIL NIL NIL NIL NIL NIL NIL NIL NIL NIL 0 0 0 85764 2.928 NIL 0 0 5305.043 8761.99 19367.766 30418.406 56579.172 50419.387 126127.531 144910.516 5890.979 0 0 433713.75 </measResults>
            </measValue>
            <measValue measObjLdn="MMLG7071HUNB001/ULoCell:NodeB Function Name=MMLG7071HUNB001, Local Cell ID=10632, Cell Name=JFJDOU2">
                <measResults>2599603396 1552718 41613 8168 4093 3846 3832 2474 4825 3545 4566 2948 4655 24244 105589 32884 0 0 2597951144 9595 0 648 0 0 0 0 0 4531 6527 599 56 159 157 139 145 322 547 148 5 2 803164960 2609973214 267403 2938932632 149408 155680 219249 157647 1197380156 121098 16709 3763 10239 9747 7488 11487 27739 66732 20639 5 0 154076 0 0 0 17361 0 0 48463 0 0 0 0 0 0 0 0 0 1615 0 0 16141863 137130468 452391563 1744993428 27379 39304 56409 126568 0 0 0 0 1808016 7696 3441 0 0 0 0 0 0 0 0 0 0 0 0 0 0 0 0 0 0 0 0 0 0 0 0 0 0 0 0 0 0 0 0 0 0 NIL NIL NIL NIL NIL NIL NIL NIL NIL NIL NIL NIL NIL NIL NIL NIL 0 0 0 199388 2.152 NIL 0 0 3816.973 6176.953 32282.654 47761.168 52739.457 104041.086 333773.188 1122146.875 442810.625 151.264 0 2135706.25 </measResults>
            </measValue>
            <measValue measObjLdn="MMLG7071HUNB001/ULoCell:NodeB Function Name=MMLG7071HUNB001, Local Cell ID=10633, Cell Name=JFJDOU3">
                <measResults>523239636 1722342 19179 2338 1621 1067 1547 580 1654 912 1807 1047 2168 5203 30815 7720 0 0 508915120 3743 0 206 0 0 0 0 0 1136 1293 162 25 66 64 110 71 172 175 38 2 2 132579904 517627265 81989 714813465 62718 82102 93060 42108 58785098 16417 4852 2066 3633 6861 9914 3070 9975 8630 2243 10 0 44336 0 0 0 6318 0 0 20456 0 0 0 0 0 0 0 0 0 0 0 0 8699129 71893974 121661805 205612594 11094 18248 22096 23489 0 0 0 0 993229 3514 1789 0 0 0 0 0 0 0 0 0 0 0 0 0 0 0 0 0 0 0 0 0 0 0 0 0 0 0 0 0 0 0 0 0 0 NIL NIL NIL NIL NIL NIL NIL NIL NIL NIL NIL NIL NIL NIL NIL NIL 0 0 0 54787 0.838 NIL 0 0 979.982 3308.928 10628.024 33613.82 71297.484 28494.92 120701.992 138798.859 46560.063 334.704 0 450429.875 </measResults>
            </measValue>
            <measValue measObjLdn="MMLG7071HUNB001/ULoCell:NodeB Function Name=MMLG7071HUNB001, Local Cell ID=50631, Cell Name=JFJDON4">
                <measResults>740271352 1599328 73318 9691 4309 3177 4318 2675 7538 3111 25212 2815 9136 2663 31282 21427 0 0 672574552 7799 0 2298 0 0 0 0 0 3211 8243 767 114 404 212 135 173 268 250 95 22 4 123314224 730570179 212477 935839816 135520 147860 210321 340079 136262514 62334 21507 6621 45011 12825 7681 3916 6565 10808 2244 32 0 89082 0 0 0 56591 0 0 62163 0 0 0 0 0 0 0 0 0 0 0 0 2994138 162936777 118608641 186245877 25704 83994 36645 38534 0 0 0 0 1989080 17947 6302 0 0 0 0 0 0 0 0 0 0 0 0 0 0 0 0 0 0 0 0 0 0 0 0 0 0 0 0 0 0 0 0 0 0 NIL NIL NIL NIL NIL NIL NIL NIL NIL NIL NIL NIL NIL NIL NIL NIL 0 0 0 130817 2.997 NIL 0 0 7286.883 9812.616 127204.672 64058.445 53088.758 35664.973 78516.734 183364.406 49490.793 1082.56 0 592471.313 </measResults>
            </measValue>
            <measValue measObjLdn="MMLG7071HUNB001/ULoCell:NodeB Function Name=MMLG7071HUNB001, Local Cell ID=50632, Cell Name=JFJDON5">
                <measResults>677895120 1630781 74100 16799 6071 2435 2303 1719 1194 1136 3432 1153 1970 1552 2332 52408 615 0 676878944 4621 0 571 0 0 0 0 0 2959 4249 422 29 51 64 84 141 226 120 38 3 1 82479600 674954208 178782 915416520 17834 56142 176597 195228 95919624 41520 13967 2006 5075 6318 8833 13803 14195 4420 1174 3 0 53821 0 0 0 6571 0 0 83542 0 0 0 0 0 0 0 0 0 0 0 0 1682480 22719216 167019216 296490056 12595 14690 32306 61071 0 0 0 0 1924736 8138 4432 0 0 0 0 0 0 0 0 0 0 0 0 0 0 0 0 0 0 0 0 0 0 0 0 0 0 0 0 0 0 0 0 0 0 NIL NIL NIL NIL NIL NIL NIL NIL NIL NIL NIL NIL NIL NIL NIL NIL 0 0 0 92627 1.423 NIL 0 0 2892.032 2935.2 14867.824 32299.4 62909.832 122566.617 163428.031 73005.547 26295.225 104.304 0 495476.781 </measResults>
            </measValue>
            <measValue measObjLdn="MMLG7071HUNB001/ULoCell:NodeB Function Name=MMLG7071HUNB001, Local Cell ID=50633, Cell Name=JFJDON6">
                <measResults>1372898052 1534801 103630 20722 7570 4356 4361 3313 4207 4437 5938 3288 5401 3227 5290 89459 0 0 1381919608 4792 0 51 0 0 0 0 0 6455 8371 873 60 129 168 253 436 942 579 127 12 3 172964480 1377913393 284197 1774321689 36545 127598 386624 710754 149886653 32955 10842 1576 6758 8208 13699 14139 29261 17498 1993 13 0 91569 0 0 0 5801 0 0 121363 0 0 0 0 0 0 0 0 0 0 0 0 1612424 27894416 214597171 605345027 8066 13295 47108 105689 0 0 0 0 4111768 12688 8768 0 0 0 0 0 0 0 0 0 0 0 0 0 0 0 0 0 0 0 0 0 0 0 0 0 0 0 0 0 0 0 0 0 0 NIL NIL NIL NIL NIL NIL NIL NIL NIL NIL NIL NIL NIL NIL NIL NIL 0 0 0 146939 3.331 NIL 0 0 1849.24 2484.528 21613.932 41343.594 97933.766 126274 343641.313 282277.625 44774.695 441.472 0 958300.375 </measResults>
            </measValue>
            <measValue measObjLdn="MMLG7071HUNB001/ULoCell:NodeB Function Name=MMLG7071HUNB001, Local Cell ID=60631, Cell Name=JFJDON1">
                <measResults>339387016 1670011 72118 10790 4208 1686 1841 1019 2156 2873 4409 3312 2166 7051 15362 998 0 0 307384768 7171 0 772 0 0 0 0 0 1156 2204 545 36 89 128 122 131 258 263 50 8 2 42029304 329831323 133314 471624109 198931 204054 256373 263649 43975149 30806 10163 1589 4120 4690 2920 3744 4809 3275 300 5 0 23863 0 0 0 6985 0 0 66851 0 0 0 0 0 0 0 0 0 1122 0 0 7278174 48398932 79501681 154184922 18204 35607 29037 41595 0 0 0 0 2062990 12577 5173 0 0 0 0 0 0 0 0 0 0 0 0 0 0 0 0 0 0 0 0 0 0 0 0 0 0 0 0 0 0 0 0 0 0 NIL NIL NIL NIL NIL NIL NIL NIL NIL NIL NIL NIL NIL NIL NIL NIL 0 0 0 46607 3.372 NIL 0 0 1342.133 2386.18 12338.073 23676.021 20331.424 33539.859 56827.438 52875.547 6333.372 162.128 0 206083.859 </measResults>
            </measValue>
            <measValue measObjLdn="MMLG7071HUNB001/ULoCell:NodeB Function Name=MMLG7071HUNB001, Local Cell ID=60632, Cell Name=JFJDON2">
                <measResults>586396404 1705323 22276 2627 1615 1151 1288 822 2825 1496 3300 1479 3189 4832 25875 21902 0 0 569207872 5104 0 1670 0 0 0 0 0 335 994 246 17 54 81 106 94 153 131 93 4 0 182232032 568582394 99225 807277741 37879 74125 55622 36758 177414627 50129 6528 3243 7771 9588 11568 6666 6859 5840 4118 2 0 52412 0 0 0 12632 0 0 21585 0 0 0 0 0 0 0 0 0 0 0 0 6406344 124797431 142090641 113222294 10559 32737 27794 16242 0 0 0 0 1103127 5662 2597 0 0 0 0 0 0 0 0 0 0 0 0 0 0 0 0 0 0 0 0 0 0 0 0 0 0 0 0 0 0 0 0 0 0 NIL NIL NIL NIL NIL NIL NIL NIL NIL NIL NIL NIL NIL NIL NIL NIL 0 0 0 65970 0.774 NIL 0 0 1007.832 5247.112 23257.846 49867.672 80712.375 59784.273 80425.023 98468.734 95523.227 71.84 0 488111 </measResults>
            </measValue>
            <measValue measObjLdn="MMLG7071HUNB001/ULoCell:NodeB Function Name=MMLG7071HUNB001, Local Cell ID=60633, Cell Name=JFJDON3">
                <measResults>1103255144 1602673 39086 4062 2818 1859 2416 1284 3149 1848 4238 2129 6151 4387 43775 79631 494 0 1100674048 7109 0 868 0 0 0 0 4 4697 6701 383 43 130 279 216 134 215 258 50 7 1 145248112 1099860109 209998 1525746316 127142 165790 121714 95165 296550902 72507 9766 2841 16281 47102 29508 11753 11624 8792 1587 2 0 126649 0 0 0 36100 0 0 37842 0 0 0 0 0 0 0 0 0 0 0 0 22566064 403147049 327680750 195901821 19239 91229 57673 28350 0 0 0 0 1723996 7174 3705 0 0 0 0 0 0 0 0 0 0 0 0 0 0 0 0 0 0 0 0 0 0 0 0 0 0 0 0 0 0 0 0 0 0 NIL NIL NIL NIL NIL NIL NIL NIL NIL NIL NIL NIL NIL NIL NIL NIL 0 0 0 158181 1.584 NIL 0 0 943.716 4016.832 49648.008 237159.516 204825.297 106094 136799.359 147030.859 36862.863 62.88 0 918482.813 </measResults>
            </measValue>
        </measInfo>
        <measInfo measInfoId="50331649">
            <granPeriod duration="PT3600S" endTime="2021-08-19T12:00:00+08:00"/>
            <repPeriod duration="PT3600S"/>
            <measTypes>50332578 50332579 50332580 50332581 50342578 50342579 50342580 50342581 </measTypes>
            <measValue measObjLdn="MMLG7071HUNB001/NodeBFunction:NodeB Function Name=MMLG7071HUNB001">
                <measResults>3.787 1.169 3.337 42.812 10.8 3.6 6.6 67 </measResults>
            </measValue>
        </measInfo>
        <measInfo measInfoId="50331654">
            <granPeriod duration="PT3600S" endTime="2021-08-19T12:00:00+08:00"/>
            <repPeriod duration="PT3600S"/>
            <measTypes>50332565 50332566 50332633 50332635 </measTypes>
            <measValue measObjLdn="MMLG7071HUNB001/NodeBFunction:NodeB Function Name=MMLG7071HUNB001">
                <measResults>3072 1792 0 0 </measResults>
            </measValue>
        </measInfo>
        <measInfo measInfoId="50331664">
            <granPeriod duration="PT3600S" endTime="2021-08-19T12:00:00+08:00"/>
            <repPeriod duration="PT3600S"/>
            <measTypes>50332572 50332585 50332587 50332588 50332589 50332590 50332617 50332618 50332625 </measTypes>
            <measValue measObjLdn="MMLG7071HUNB001/NodeBFunction:NodeB Function Name=MMLG7071HUNB001">
                <measResults>1 0 26 26 0 11 0 0 3 </measResults>
            </measValue>
        </measInfo>
        <measInfo measInfoId="50331666">
            <granPeriod duration="PT3600S" endTime="2021-08-19T12:00:00+08:00"/>
            <repPeriod duration="PT3600S"/>
            <measTypes>50332567 50332568 50332569 50332570 50332571 </measTypes>
            <measValue measObjLdn="MMLG7071HUNB001/NodeBFunction:NodeB Function Name=MMLG7071HUNB001">
                <measResults>0 0 0 0 0 </measResults>
            </measValue>
        </measInfo>
        <measInfo measInfoId="50331681">
            <granPeriod duration="PT3600S" endTime="2021-08-19T12:00:00+08:00"/>
            <repPeriod duration="PT3600S"/>
            <measTypes>50342640 50342641 50342642 50342643 50342644 50342645 50342646 50342647 </measTypes>
            <measValue measObjLdn="MMLG7071HUNB001/NodeBFunction:NodeB Function Name=MMLG7071HUNB001">
                <measResults>8119400 8878853 597495293 1513024771 2096032 1327767 13657588 3362277 </measResults>
            </measValue>
        </measInfo>
        <measInfo measInfoId="50331652">
            <granPeriod duration="PT3600S" endTime="2021-08-19T12:00:00+08:00"/>
            <repPeriod duration="PT3600S"/>
            <measTypes>50332555 50332556 50332557 50332558 50332559 50332560 50332561 50332562 50332563 50332564 50332593 50332594 50342555 50342556 50342561 50342562 50342563 50342564 50342567 50342568 50342569 50342570 50342571 50342572 50342618 50342619 50342621 50342622 50342624 50342625 50342627 50342628 </measTypes>
            <measValue measObjLdn="MMLG7071HUNB001/NodeBFunction:NodeB Function Name=MMLG7071HUNB001/MocID:2/CnOperator:-1">
                <measResults>0 0 0 0 4224 3568 83.39 40.015 0 29.451 0 0 0 0 144.5 58 0 45.5 24 53 14.5 0 0 0 0 0 0 0 0 0 0 0 </measResults>
            </measValue>
        </measInfo>
        <measInfo measInfoId="50331667">
            <granPeriod duration="PT3600S" endTime="2021-08-19T12:00:00+08:00"/>
            <repPeriod duration="PT3600S"/>
            <measTypes>50332591 50332592 50332595 50332596 50332597 </measTypes>
            <measValue measObjLdn="MMLG7071HUNB001/NodeBFunction:NodeB Function Name=MMLG7071HUNB001/MocID:2/CnOperator:-1">
                <measResults>0 0 0 0 0 </measResults>
            </measValue>
        </measInfo>
        <measInfo measInfoId="50331668">
            <granPeriod duration="PT3600S" endTime="2021-08-19T12:00:00+08:00"/>
            <repPeriod duration="PT3600S"/>
            <measTypes>50332348 50332349 </measTypes>
            <measValue measObjLdn="MMLG7071HUNB001/LOCELL_SECTOREQM:NodeB Function Name=MMLG7071HUNB001, Local Cell ID=10631, Sector Equipment ID=0">
                <measResults>0 0 </measResults>
            </measValue>
            <measValue measObjLdn="MMLG7071HUNB001/LOCELL_SECTOREQM:NodeB Function Name=MMLG7071HUNB001, Local Cell ID=10632, Sector Equipment ID=1">
                <measResults>0 0 </measResults>
            </measValue>
            <measValue measObjLdn="MMLG7071HUNB001/LOCELL_SECTOREQM:NodeB Function Name=MMLG7071HUNB001, Local Cell ID=10633, Sector Equipment ID=2">
                <measResults>0 0 </measResults>
            </measValue>
            <measValue measObjLdn="MMLG7071HUNB001/LOCELL_SECTOREQM:NodeB Function Name=MMLG7071HUNB001, Local Cell ID=50631, Sector Equipment ID=6">
                <measResults>0 0 </measResults>
            </measValue>
            <measValue measObjLdn="MMLG7071HUNB001/LOCELL_SECTOREQM:NodeB Function Name=MMLG7071HUNB001, Local Cell ID=50632, Sector Equipment ID=7">
                <measResults>0 0 </measResults>
            </measValue>
            <measValue measObjLdn="MMLG7071HUNB001/LOCELL_SECTOREQM:NodeB Function Name=MMLG7071HUNB001, Local Cell ID=50633, Sector Equipment ID=8">
                <measResults>0 0 </measResults>
            </measValue>
            <measValue measObjLdn="MMLG7071HUNB001/LOCELL_SECTOREQM:NodeB Function Name=MMLG7071HUNB001, Local Cell ID=60631, Sector Equipment ID=10">
                <measResults>0 0 </measResults>
            </measValue>
            <measValue measObjLdn="MMLG7071HUNB001/LOCELL_SECTOREQM:NodeB Function Name=MMLG7071HUNB001, Local Cell ID=60632, Sector Equipment ID=11">
                <measResults>0 0 </measResults>
            </measValue>
            <measValue measObjLdn="MMLG7071HUNB001/LOCELL_SECTOREQM:NodeB Function Name=MMLG7071HUNB001, Local Cell ID=60633, Sector Equipment ID=12">
                <measResults>0 0 </measResults>
            </measValue>
        </measInfo>
        <measInfo measInfoId="50331669">
            <granPeriod duration="PT3600S" endTime="2021-08-19T12:00:00+08:00"/>
            <repPeriod duration="PT3600S"/>
            <measTypes>50332350 50332351 50332352 50332353 </measTypes>
            <measValue measObjLdn="MMLG7071HUNB001/LOCELL_SECTOREQM:NodeB Function Name=MMLG7071HUNB001, Local Cell ID=10631, Sector Equipment ID=0">
                <measResults>12481 4 12164 12213 </measResults>
            </measValue>
            <measValue measObjLdn="MMLG7071HUNB001/LOCELL_SECTOREQM:NodeB Function Name=MMLG7071HUNB001, Local Cell ID=10632, Sector Equipment ID=1">
                <measResults>17603 13 17462 17474 </measResults>
            </measValue>
            <measValue measObjLdn="MMLG7071HUNB001/LOCELL_SECTOREQM:NodeB Function Name=MMLG7071HUNB001, Local Cell ID=10633, Sector Equipment ID=2">
                <measResults>5445 250 4628 4631 </measResults>
            </measValue>
            <measValue measObjLdn="MMLG7071HUNB001/LOCELL_SECTOREQM:NodeB Function Name=MMLG7071HUNB001, Local Cell ID=50631, Sector Equipment ID=6">
                <measResults>21472 12 20862 21067 </measResults>
            </measValue>
            <measValue measObjLdn="MMLG7071HUNB001/LOCELL_SECTOREQM:NodeB Function Name=MMLG7071HUNB001, Local Cell ID=50632, Sector Equipment ID=7">
                <measResults>10540 24 10298 10301 </measResults>
            </measValue>
            <measValue measObjLdn="MMLG7071HUNB001/LOCELL_SECTOREQM:NodeB Function Name=MMLG7071HUNB001, Local Cell ID=50633, Sector Equipment ID=8">
                <measResults>37613 153 34225 34252 </measResults>
            </measValue>
            <measValue measObjLdn="MMLG7071HUNB001/LOCELL_SECTOREQM:NodeB Function Name=MMLG7071HUNB001, Local Cell ID=60631, Sector Equipment ID=10">
                <measResults>24763 5 23650 23726 </measResults>
            </measValue>
            <measValue measObjLdn="MMLG7071HUNB001/LOCELL_SECTOREQM:NodeB Function Name=MMLG7071HUNB001, Local Cell ID=60632, Sector Equipment ID=11">
                <measResults>4282 5 4229 4236 </measResults>
            </measValue>
            <measValue measObjLdn="MMLG7071HUNB001/LOCELL_SECTOREQM:NodeB Function Name=MMLG7071HUNB001, Local Cell ID=60633, Sector Equipment ID=12">
                <measResults>15777 18 15364 15386 </measResults>
            </measValue>
        </measInfo>
        <measInfo measInfoId="50331670">
            <granPeriod duration="PT3600S" endTime="2021-08-19T12:00:00+08:00"/>
            <repPeriod duration="PT3600S"/>
            <measTypes>50332354 50332355 </measTypes>
            <measValue measObjLdn="MMLG7071HUNB001/LOCELL_SECTOREQM:NodeB Function Name=MMLG7071HUNB001, Local Cell ID=10631, Sector Equipment ID=0">
                <measResults>0 0 </measResults>
            </measValue>
            <measValue measObjLdn="MMLG7071HUNB001/LOCELL_SECTOREQM:NodeB Function Name=MMLG7071HUNB001, Local Cell ID=10632, Sector Equipment ID=1">
                <measResults>0 0 </measResults>
            </measValue>
            <measValue measObjLdn="MMLG7071HUNB001/LOCELL_SECTOREQM:NodeB Function Name=MMLG7071HUNB001, Local Cell ID=10633, Sector Equipment ID=2">
                <measResults>0 0 </measResults>
            </measValue>
            <measValue measObjLdn="MMLG7071HUNB001/LOCELL_SECTOREQM:NodeB Function Name=MMLG7071HUNB001, Local Cell ID=50631, Sector Equipment ID=6">
                <measResults>0 0 </measResults>
            </measValue>
            <measValue measObjLdn="MMLG7071HUNB001/LOCELL_SECTOREQM:NodeB Function Name=MMLG7071HUNB001, Local Cell ID=50632, Sector Equipment ID=7">
                <measResults>0 0 </measResults>
            </measValue>
            <measValue measObjLdn="MMLG7071HUNB001/LOCELL_SECTOREQM:NodeB Function Name=MMLG7071HUNB001, Local Cell ID=50633, Sector Equipment ID=8">
                <measResults>0 0 </measResults>
            </measValue>
            <measValue measObjLdn="MMLG7071HUNB001/LOCELL_SECTOREQM:NodeB Function Name=MMLG7071HUNB001, Local Cell ID=60631, Sector Equipment ID=10">
                <measResults>0 0 </measResults>
            </measValue>
            <measValue measObjLdn="MMLG7071HUNB001/LOCELL_SECTOREQM:NodeB Function Name=MMLG7071HUNB001, Local Cell ID=60632, Sector Equipment ID=11">
                <measResults>0 0 </measResults>
            </measValue>
            <measValue measObjLdn="MMLG7071HUNB001/LOCELL_SECTOREQM:NodeB Function Name=MMLG7071HUNB001, Local Cell ID=60633, Sector Equipment ID=12">
                <measResults>0 0 </measResults>
            </measValue>
        </measInfo>
        <measInfo measInfoId="50331672">
            <granPeriod duration="PT3600S" endTime="2021-08-19T12:00:00+08:00"/>
            <repPeriod duration="PT3600S"/>
            <measTypes>50342590 50342591 50342592 50342593 50342594 50342595 50342596 50342597 </measTypes>
            <measValue measObjLdn="MMLG7071HUNB001/LOCELL_SECTOREQM:NodeB Function Name=MMLG7071HUNB001, Local Cell ID=10631, Sector Equipment ID=0">
                <measResults>-91.55 -95.134 -93.488 -92.94 -93 -96.5 -94.8 -94.2 </measResults>
            </measValue>
            <measValue measObjLdn="MMLG7071HUNB001/LOCELL_SECTOREQM:NodeB Function Name=MMLG7071HUNB001, Local Cell ID=10632, Sector Equipment ID=1">
                <measResults>-99.255 -100.374 -99.998 -99.592 -100.8 -101.4 -100.9 -100.6 </measResults>
            </measValue>
            <measValue measObjLdn="MMLG7071HUNB001/LOCELL_SECTOREQM:NodeB Function Name=MMLG7071HUNB001, Local Cell ID=10633, Sector Equipment ID=2">
                <measResults>-98.077 -96.875 -99.715 -98.155 -100.2 -97.9 -100.7 -99.7 </measResults>
            </measValue>
            <measValue measObjLdn="MMLG7071HUNB001/LOCELL_SECTOREQM:NodeB Function Name=MMLG7071HUNB001, Local Cell ID=50631, Sector Equipment ID=6">
                <measResults>-82.608 -81.571 NIL NIL -85.2 -86 NIL NIL </measResults>
            </measValue>
            <measValue measObjLdn="MMLG7071HUNB001/LOCELL_SECTOREQM:NodeB Function Name=MMLG7071HUNB001, Local Cell ID=50632, Sector Equipment ID=7">
                <measResults>-83.335 -82.335 NIL NIL -85.6 -84.6 NIL NIL </measResults>
            </measValue>
            <measValue measObjLdn="MMLG7071HUNB001/LOCELL_SECTOREQM:NodeB Function Name=MMLG7071HUNB001, Local Cell ID=50633, Sector Equipment ID=8">
                <measResults>-79.212 -77.38 NIL NIL -81.6 -79.6 NIL NIL </measResults>
            </measValue>
            <measValue measObjLdn="MMLG7071HUNB001/LOCELL_SECTOREQM:NodeB Function Name=MMLG7071HUNB001, Local Cell ID=60631, Sector Equipment ID=10">
                <measResults>-80.048 -80.015 NIL NIL -81.6 -81.5 NIL NIL </measResults>
            </measValue>
            <measValue measObjLdn="MMLG7071HUNB001/LOCELL_SECTOREQM:NodeB Function Name=MMLG7071HUNB001, Local Cell ID=60632, Sector Equipment ID=11">
                <measResults>-83.078 -81.636 NIL NIL -84.3 -82.8 NIL NIL </measResults>
            </measValue>
            <measValue measObjLdn="MMLG7071HUNB001/LOCELL_SECTOREQM:NodeB Function Name=MMLG7071HUNB001, Local Cell ID=60633, Sector Equipment ID=12">
                <measResults>-80.289 -80.001 NIL NIL -81.5 -81.9 NIL NIL </measResults>
            </measValue>
        </measInfo>
        <measInfo measInfoId="50331682">
            <granPeriod duration="PT3600S" endTime="2021-08-19T12:00:00+08:00"/>
            <repPeriod duration="PT3600S"/>
            <measTypes>50332602 50332603 50332615 50332616 </measTypes>
            <measValue measObjLdn="MMLG7071HUNB001/LOCELL_SECTOREQM:NodeB Function Name=MMLG7071HUNB001, Local Cell ID=10631, Sector Equipment ID=0">
                <measResults>517 439 624 416 </measResults>
            </measValue>
            <measValue measObjLdn="MMLG7071HUNB001/LOCELL_SECTOREQM:NodeB Function Name=MMLG7071HUNB001, Local Cell ID=10632, Sector Equipment ID=1">
                <measResults>344 233 280 404 </measResults>
            </measValue>
            <measValue measObjLdn="MMLG7071HUNB001/LOCELL_SECTOREQM:NodeB Function Name=MMLG7071HUNB001, Local Cell ID=10633, Sector Equipment ID=2">
                <measResults>301 492 357 529 </measResults>
            </measValue>
            <measValue measObjLdn="MMLG7071HUNB001/LOCELL_SECTOREQM:NodeB Function Name=MMLG7071HUNB001, Local Cell ID=50631, Sector Equipment ID=6">
                <measResults>NIL NIL NIL NIL </measResults>
            </measValue>
            <measValue measObjLdn="MMLG7071HUNB001/LOCELL_SECTOREQM:NodeB Function Name=MMLG7071HUNB001, Local Cell ID=50632, Sector Equipment ID=7">
                <measResults>NIL NIL NIL NIL </measResults>
            </measValue>
            <measValue measObjLdn="MMLG7071HUNB001/LOCELL_SECTOREQM:NodeB Function Name=MMLG7071HUNB001, Local Cell ID=50633, Sector Equipment ID=8">
                <measResults>NIL NIL NIL NIL </measResults>
            </measValue>
            <measValue measObjLdn="MMLG7071HUNB001/LOCELL_SECTOREQM:NodeB Function Name=MMLG7071HUNB001, Local Cell ID=60631, Sector Equipment ID=10">
                <measResults>760 484 NIL NIL </measResults>
            </measValue>
            <measValue measObjLdn="MMLG7071HUNB001/LOCELL_SECTOREQM:NodeB Function Name=MMLG7071HUNB001, Local Cell ID=60632, Sector Equipment ID=11">
                <measResults>356 601 NIL NIL </measResults>
            </measValue>
            <measValue measObjLdn="MMLG7071HUNB001/LOCELL_SECTOREQM:NodeB Function Name=MMLG7071HUNB001, Local Cell ID=60633, Sector Equipment ID=12">
                <measResults>550 729 NIL NIL </measResults>
            </measValue>
        </measInfo>
    </measData>
    <fileFooter>
        <measCollec endTime="2021-08-19T12:00:00+08:00"/>
    </fileFooter>
</measCollecFile>
