<?xml version="1.0" encoding="UTF-8"?>
<measCollecFile xmlns="http://www.3gpp.org/ftp/specs/archive/32_series/32.435#measCollec">
<fileHeader fileFormatVersion="32.435 V10.0" vendorName="Nokia Networks">
<fileSender elementType="HSSCALLP"/>
<measCollec beginTime="2021-08-21T22:45:00+08:00"/>
</fileHeader>
<measData>
<managedElement/>
<measInfo measInfoId="NETWORK">
<granPeriod duration="PT900S" endTime="2021-08-21T23:00:00+08:00"/>
<repPeriod duration="PT900S"/>
<measTypes>bytesReceived packetsReceived bytesTransmitted badPacketsReceived packetsTransmitted transmitErrors</measTypes>
<measValue measObjLdn="PLMN-PLMN/IMSNFM-MDE-VHSS/HSS-HSSDN_NHSSMDE3_DU/HSSCALLP-03/BRM-HSSCALLP-03/NET-eth0">
<measResults>15854415369 15854415369 2540776242787 0 2540776242787 0</measResults>
</measValue>
</measInfo>
<measInfo measInfoId="NETWORK">
<granPeriod duration="PT900S" endTime="2021-08-21T23:00:00+08:00"/>
<repPeriod duration="PT900S"/>
<measTypes>bytesReceived packetsReceived bytesTransmitted badPacketsReceived packetsTransmitted transmitErrors</measTypes>
<measValue measObjLdn="PLMN-PLMN/IMSNFM-MDE-VHSS/HSS-HSSDN_NHSSMDE3_DU/HSSCALLP-03/BRM-HSSCALLP-03/NET-lo">
<measResults>15854415369 15854415369 2540776242787 0 2540776242787 0</measResults>
</measValue>
</measInfo>
<measInfo measInfoId="NETWORK">
<granPeriod duration="PT900S" endTime="2021-08-21T23:00:00+08:00"/>
<repPeriod duration="PT900S"/>
<measTypes>bytesReceived packetsReceived bytesTransmitted badPacketsReceived packetsTransmitted transmitErrors</measTypes>
<measValue measObjLdn="PLMN-PLMN/IMSNFM-MDE-VHSS/HSS-HSSDN_NHSSMDE3_DU/HSSCALLP-03/BRM-HSSCALLP-03/NET-eth2">
<measResults>15854415369 15854415369 2540776242787 0 2540776242787 0</measResults>
</measValue>
</measInfo>
<measInfo measInfoId="NETWORK">
<granPeriod duration="PT900S" endTime="2021-08-21T23:00:00+08:00"/>
<repPeriod duration="PT900S"/>
<measTypes>bytesReceived packetsReceived bytesTransmitted badPacketsReceived packetsTransmitted transmitErrors</measTypes>
<measValue measObjLdn="PLMN-PLMN/IMSNFM-MDE-VHSS/HSS-HSSDN_NHSSMDE3_DU/HSSCALLP-03/BRM-HSSCALLP-03/NET-eth1">
<measResults>15854415369 15854415369 2540776242787 0 2540776242787 0</measResults>
</measValue>
</measInfo>
<measInfo measInfoId="AGGREGAT">
<granPeriod duration="PT900S" endTime="2021-08-21T23:00:00+08:00"/>
<repPeriod duration="PT900S"/>
<measTypes>sysUptime swapFree memFree sysAvailability swapUsed cpuPercentageOverValue cpuAverageLoad cpuPeakLoad memUsed</measTypes>
<measValue measObjLdn="PLMN-PLMN/IMSNFM-MDE-VHSS/HSS-HSSDN_NHSSMDE3_DU/HSSCALLP-03/BRM-1">
<measResults>64345927 4194300 14323360 0 4194300 0 23.3333 13 18457240</measResults>
</measValue>
</measInfo>
<measInfo measInfoId="DBSpace">
<granPeriod duration="PT900S" endTime="2021-08-21T23:00:00+08:00"/>
<repPeriod duration="PT900S"/>
<measTypes>DbSpaceUsed DbSpaceAvailable</measTypes>
<measValue measObjLdn="PLMN-PLMN/IMSNFM-MDE-VHSS/HSS-HSSDN_NHSSMDE3_DU/HSSCALLP-03/BRM-HSSCALLP-03/DBSpace-1">
<measResults>13038 19774</measResults>
</measValue>
</measInfo>
<measInfo measInfoId="CPU">
<granPeriod duration="PT900S" endTime="2021-08-21T23:00:00+08:00"/>
<repPeriod duration="PT900S"/>
<measTypes>cpuLoad cpuUsed</measTypes>
<measValue measObjLdn="PLMN-PLMN/IMSNFM-MDE-VHSS/HSS-HSSDN_NHSSMDE3_DU/HSSCALLP-03/BRM-HSSCALLP-03/CPU-cpu6">
<measResults>3.6597 8.3785</measResults>
</measValue>
</measInfo>
<measInfo measInfoId="CPU">
<granPeriod duration="PT900S" endTime="2021-08-21T23:00:00+08:00"/>
<repPeriod duration="PT900S"/>
<measTypes>cpuLoad cpuUsed</measTypes>
<measValue measObjLdn="PLMN-PLMN/IMSNFM-MDE-VHSS/HSS-HSSDN_NHSSMDE3_DU/HSSCALLP-03/BRM-HSSCALLP-03/CPU-cpu7">
<measResults>5.5192 12.5486</measResults>
</measValue>
</measInfo>
<measInfo measInfoId="CPU">
<granPeriod duration="PT900S" endTime="2021-08-21T23:00:00+08:00"/>
<repPeriod duration="PT900S"/>
<measTypes>cpuLoad cpuUsed</measTypes>
<measValue measObjLdn="PLMN-PLMN/IMSNFM-MDE-VHSS/HSS-HSSDN_NHSSMDE3_DU/HSSCALLP-03/BRM-HSSCALLP-03/CPU-cpu4">
<measResults>3.7705 10.9529</measResults>
</measValue>
</measInfo>
<measInfo measInfoId="CPU">
<granPeriod duration="PT900S" endTime="2021-08-21T23:00:00+08:00"/>
<repPeriod duration="PT900S"/>
<measTypes>cpuLoad cpuUsed</measTypes>
<measValue measObjLdn="PLMN-PLMN/IMSNFM-MDE-VHSS/HSS-HSSDN_NHSSMDE3_DU/HSSCALLP-03/BRM-HSSCALLP-03/CPU-cpu5">
<measResults>4.0366 9.6587</measResults>
</measValue>
</measInfo>
<measInfo measInfoId="CPU">
<granPeriod duration="PT900S" endTime="2021-08-21T23:00:00+08:00"/>
<repPeriod duration="PT900S"/>
<measTypes>cpuLoad cpuUsed</measTypes>
<measValue measObjLdn="PLMN-PLMN/IMSNFM-MDE-VHSS/HSS-HSSDN_NHSSMDE3_DU/HSSCALLP-03/BRM-HSSCALLP-03/CPU-cpu2">
<measResults>4.2475 9.9746</measResults>
</measValue>
</measInfo>
<measInfo measInfoId="CPU">
<granPeriod duration="PT900S" endTime="2021-08-21T23:00:00+08:00"/>
<repPeriod duration="PT900S"/>
<measTypes>cpuLoad cpuUsed</measTypes>
<measValue measObjLdn="PLMN-PLMN/IMSNFM-MDE-VHSS/HSS-HSSDN_NHSSMDE3_DU/HSSCALLP-03/BRM-HSSCALLP-03/CPU-cpu3">
<measResults>3.9734 9.7208</measResults>
</measValue>
</measInfo>
<measInfo measInfoId="CPU">
<granPeriod duration="PT900S" endTime="2021-08-21T23:00:00+08:00"/>
<repPeriod duration="PT900S"/>
<measTypes>cpuLoad cpuUsed</measTypes>
<measValue measObjLdn="PLMN-PLMN/IMSNFM-MDE-VHSS/HSS-HSSDN_NHSSMDE3_DU/HSSCALLP-03/BRM-HSSCALLP-03/CPU-cpu0">
<measResults>3.7603 9.2388</measResults>
</measValue>
</measInfo>
<measInfo measInfoId="CPU">
<granPeriod duration="PT900S" endTime="2021-08-21T23:00:00+08:00"/>
<repPeriod duration="PT900S"/>
<measTypes>cpuLoad cpuUsed</measTypes>
<measValue measObjLdn="PLMN-PLMN/IMSNFM-MDE-VHSS/HSS-HSSDN_NHSSMDE3_DU/HSSCALLP-03/BRM-HSSCALLP-03/CPU-cpu1">
<measResults>4.4045 9.1157</measResults>
</measValue>
</measInfo>
<measInfo measInfoId="CPU">
<granPeriod duration="PT900S" endTime="2021-08-21T23:00:00+08:00"/>
<repPeriod duration="PT900S"/>
<measTypes>cpuLoad cpuUsed</measTypes>
<measValue measObjLdn="PLMN-PLMN/IMSNFM-MDE-VHSS/HSS-HSSDN_NHSSMDE3_DU/HSSCALLP-03/BRM-HSSCALLP-03/CPU-cpu">
<measResults>4.1706 9.9475</measResults>
</measValue>
</measInfo>
<measInfo measInfoId="VCPU">
<granPeriod duration="PT900S" endTime="2021-08-21T23:00:00+08:00"/>
<repPeriod duration="PT900S"/>
<measTypes>vCPUs</measTypes>
<measValue measObjLdn="PLMN-PLMN/IMSNFM-MDE-VHSS/HSS-HSSDN_NHSSMDE3_DU/HSSCALLP-03/BRM-HSSCALLP-03/VCPU-1">
<measResults>8</measResults>
</measValue>
</measInfo>
<measInfo measInfoId="DISK">
<granPeriod duration="PT900S" endTime="2021-08-21T23:00:00+08:00"/>
<repPeriod duration="PT900S"/>
<measTypes>bytesReceivedDisk bytesTransmittedDisk</measTypes>
<measValue measObjLdn="PLMN-PLMN/IMSNFM-MDE-VHSS/HSS-HSSDN_NHSSMDE3_DU/HSSCALLP-03/BRM-HSSCALLP-03/DISK-0">
<measResults>4248832 13601807296</measResults>
</measValue>
</measInfo>
<measInfo measInfoId="FS">
<granPeriod duration="PT900S" endTime="2021-08-21T23:00:00+08:00"/>
<repPeriod duration="PT900S"/>
<measTypes>fsUsed</measTypes>
<measValue measObjLdn="PLMN-PLMN/IMSNFM-MDE-VHSS/HSS-HSSDN_NHSSMDE3_DU/HSSCALLP-03/BRM-HSSCALLP-03/FS-_dev_mapper_vg00_root">
<measResults>0</measResults>
</measValue>
</measInfo>
<measInfo measInfoId="FS">
<granPeriod duration="PT900S" endTime="2021-08-21T23:00:00+08:00"/>
<repPeriod duration="PT900S"/>
<measTypes>fsUsed</measTypes>
<measValue measObjLdn="PLMN-PLMN/IMSNFM-MDE-VHSS/HSS-HSSDN_NHSSMDE3_DU/HSSCALLP-03/BRM-HSSCALLP-03/FS-_dev_mapper_vg00_Charging">
<measResults>0</measResults>
</measValue>
</measInfo>
<measInfo measInfoId="FS">
<granPeriod duration="PT900S" endTime="2021-08-21T23:00:00+08:00"/>
<repPeriod duration="PT900S"/>
<measTypes>fsUsed</measTypes>
<measValue measObjLdn="PLMN-PLMN/IMSNFM-MDE-VHSS/HSS-HSSDN_NHSSMDE3_DU/HSSCALLP-03/BRM-HSSCALLP-03/FS-tmpfs">
<measResults>0</measResults>
</measValue>
</measInfo>
<measInfo measInfoId="FS">
<granPeriod duration="PT900S" endTime="2021-08-21T23:00:00+08:00"/>
<repPeriod duration="PT900S"/>
<measTypes>fsUsed</measTypes>
<measValue measObjLdn="PLMN-PLMN/IMSNFM-MDE-VHSS/HSS-HSSDN_NHSSMDE3_DU/HSSCALLP-03/BRM-HSSCALLP-03/FS-_dev_mapper_vg00_TspCore">
<measResults>0</measResults>
</measValue>
</measInfo>
<measInfo measInfoId="FS">
<granPeriod duration="PT900S" endTime="2021-08-21T23:00:00+08:00"/>
<repPeriod duration="PT900S"/>
<measTypes>fsUsed</measTypes>
<measValue measObjLdn="PLMN-PLMN/IMSNFM-MDE-VHSS/HSS-HSSDN_NHSSMDE3_DU/HSSCALLP-03/BRM-HSSCALLP-03/FS-_dev_mapper_vg00_appDb">
<measResults>0</measResults>
</measValue>
</measInfo>
<measInfo measInfoId="FS">
<granPeriod duration="PT900S" endTime="2021-08-21T23:00:00+08:00"/>
<repPeriod duration="PT900S"/>
<measTypes>fsUsed</measTypes>
<measValue measObjLdn="PLMN-PLMN/IMSNFM-MDE-VHSS/HSS-HSSDN_NHSSMDE3_DU/HSSCALLP-03/BRM-HSSCALLP-03/FS-_dev_mapper_vg00_dump">
<measResults>0</measResults>
</measValue>
</measInfo>
<measInfo measInfoId="FS">
<granPeriod duration="PT900S" endTime="2021-08-21T23:00:00+08:00"/>
<repPeriod duration="PT900S"/>
<measTypes>fsUsed</measTypes>
<measValue measObjLdn="PLMN-PLMN/IMSNFM-MDE-VHSS/HSS-HSSDN_NHSSMDE3_DU/HSSCALLP-03/BRM-HSSCALLP-03/FS-_dev_vda1">
<measResults>0</measResults>
</measValue>
</measInfo>
<measInfo measInfoId="FS">
<granPeriod duration="PT900S" endTime="2021-08-21T23:00:00+08:00"/>
<repPeriod duration="PT900S"/>
<measTypes>fsUsed</measTypes>
<measValue measObjLdn="PLMN-PLMN/IMSNFM-MDE-VHSS/HSS-HSSDN_NHSSMDE3_DU/HSSCALLP-03/BRM-HSSCALLP-03/FS-_dev_mapper_vg00_tmp">
<measResults>0</measResults>
</measValue>
</measInfo>
<measInfo measInfoId="FS">
<granPeriod duration="PT900S" endTime="2021-08-21T23:00:00+08:00"/>
<repPeriod duration="PT900S"/>
<measTypes>fsUsed</measTypes>
<measValue measObjLdn="PLMN-PLMN/IMSNFM-MDE-VHSS/HSS-HSSDN_NHSSMDE3_DU/HSSCALLP-03/BRM-HSSCALLP-03/FS-_dev_mapper_vg00_var">
<measResults>0</measResults>
</measValue>
</measInfo>
<measInfo measInfoId="FS">
<granPeriod duration="PT900S" endTime="2021-08-21T23:00:00+08:00"/>
<repPeriod duration="PT900S"/>
<measTypes>fsUsed</measTypes>
<measValue measObjLdn="PLMN-PLMN/IMSNFM-MDE-VHSS/HSS-HSSDN_NHSSMDE3_DU/HSSCALLP-03/BRM-HSSCALLP-03/FS-_dev_mapper_vg00_tspdb">
<measResults>0</measResults>
</measValue>
</measInfo>
<measInfo measInfoId="FS">
<granPeriod duration="PT900S" endTime="2021-08-21T23:00:00+08:00"/>
<repPeriod duration="PT900S"/>
<measTypes>fsUsed</measTypes>
<measValue measObjLdn="PLMN-PLMN/IMSNFM-MDE-VHSS/HSS-HSSDN_NHSSMDE3_DU/HSSCALLP-03/BRM-HSSCALLP-03/FS-_dev_mapper_vg00_home">
<measResults>0</measResults>
</measValue>
</measInfo>
<measInfo measInfoId="NETWORK">
<granPeriod duration="PT900S" endTime="2021-08-21T23:00:00+08:00"/>
<repPeriod duration="PT900S"/>
<measTypes>bytesReceived packetsReceived bytesTransmitted badPacketsReceived packetsTransmitted transmitErrors</measTypes>
<measValue measObjLdn="PLMN-PLMN/IMSNFM-MDE-VHSS/HSS-HSSDN_NHSSMDE3_DU/HSSCALLP-04/BRM-HSSCALLP-04/NET-eth0">
<measResults>6241726970 6241726970 878600868335 0 878600868335 0</measResults>
</measValue>
</measInfo>
<measInfo measInfoId="NETWORK">
<granPeriod duration="PT900S" endTime="2021-08-21T23:00:00+08:00"/>
<repPeriod duration="PT900S"/>
<measTypes>bytesReceived packetsReceived bytesTransmitted badPacketsReceived packetsTransmitted transmitErrors</measTypes>
<measValue measObjLdn="PLMN-PLMN/IMSNFM-MDE-VHSS/HSS-HSSDN_NHSSMDE3_DU/HSSCALLP-04/BRM-HSSCALLP-04/NET-lo">
<measResults>6241726970 6241726970 878600868335 0 878600868335 0</measResults>
</measValue>
</measInfo>
<measInfo measInfoId="NETWORK">
<granPeriod duration="PT900S" endTime="2021-08-21T23:00:00+08:00"/>
<repPeriod duration="PT900S"/>
<measTypes>bytesReceived packetsReceived bytesTransmitted badPacketsReceived packetsTransmitted transmitErrors</measTypes>
<measValue measObjLdn="PLMN-PLMN/IMSNFM-MDE-VHSS/HSS-HSSDN_NHSSMDE3_DU/HSSCALLP-04/BRM-HSSCALLP-04/NET-eth2">
<measResults>6241726970 6241726970 878600868335 0 878600868335 0</measResults>
</measValue>
</measInfo>
<measInfo measInfoId="NETWORK">
<granPeriod duration="PT900S" endTime="2021-08-21T23:00:00+08:00"/>
<repPeriod duration="PT900S"/>
<measTypes>bytesReceived packetsReceived bytesTransmitted badPacketsReceived packetsTransmitted transmitErrors</measTypes>
<measValue measObjLdn="PLMN-PLMN/IMSNFM-MDE-VHSS/HSS-HSSDN_NHSSMDE3_DU/HSSCALLP-04/BRM-HSSCALLP-04/NET-eth1">
<measResults>6241726970 6241726970 878600868335 0 878600868335 0</measResults>
</measValue>
</measInfo>
<measInfo measInfoId="AGGREGAT">
<granPeriod duration="PT900S" endTime="2021-08-21T23:00:00+08:00"/>
<repPeriod duration="PT900S"/>
<measTypes>sysUptime swapFree memFree sysAvailability swapUsed cpuPercentageOverValue cpuAverageLoad cpuPeakLoad memUsed</measTypes>
<measValue measObjLdn="PLMN-PLMN/IMSNFM-MDE-VHSS/HSS-HSSDN_NHSSMDE3_DU/HSSCALLP-04/BRM-1">
<measResults>25045965 4194300 15508368 0 4194300 0 23 10 17272600</measResults>
</measValue>
</measInfo>
<measInfo measInfoId="DBSpace">
<granPeriod duration="PT900S" endTime="2021-08-21T23:00:00+08:00"/>
<repPeriod duration="PT900S"/>
<measTypes>DbSpaceUsed DbSpaceAvailable</measTypes>
<measValue measObjLdn="PLMN-PLMN/IMSNFM-MDE-VHSS/HSS-HSSDN_NHSSMDE3_DU/HSSCALLP-04/BRM-HSSCALLP-04/DBSpace-1">
<measResults>13038 19663</measResults>
</measValue>
</measInfo>
<measInfo measInfoId="CPU">
<granPeriod duration="PT900S" endTime="2021-08-21T23:00:00+08:00"/>
<repPeriod duration="PT900S"/>
<measTypes>cpuLoad cpuUsed</measTypes>
<measValue measObjLdn="PLMN-PLMN/IMSNFM-MDE-VHSS/HSS-HSSDN_NHSSMDE3_DU/HSSCALLP-04/BRM-HSSCALLP-04/CPU-cpu6">
<measResults>3.1775 8.82</measResults>
</measValue>
</measInfo>
<measInfo measInfoId="CPU">
<granPeriod duration="PT900S" endTime="2021-08-21T23:00:00+08:00"/>
<repPeriod duration="PT900S"/>
<measTypes>cpuLoad cpuUsed</measTypes>
<measValue measObjLdn="PLMN-PLMN/IMSNFM-MDE-VHSS/HSS-HSSDN_NHSSMDE3_DU/HSSCALLP-04/BRM-HSSCALLP-04/CPU-cpu7">
<measResults>4.4064 12.1072</measResults>
</measValue>
</measInfo>
<measInfo measInfoId="CPU">
<granPeriod duration="PT900S" endTime="2021-08-21T23:00:00+08:00"/>
<repPeriod duration="PT900S"/>
<measTypes>cpuLoad cpuUsed</measTypes>
<measValue measObjLdn="PLMN-PLMN/IMSNFM-MDE-VHSS/HSS-HSSDN_NHSSMDE3_DU/HSSCALLP-04/BRM-HSSCALLP-04/CPU-cpu4">
<measResults>3.2587 9.2831</measResults>
</measValue>
</measInfo>
<measInfo measInfoId="CPU">
<granPeriod duration="PT900S" endTime="2021-08-21T23:00:00+08:00"/>
<repPeriod duration="PT900S"/>
<measTypes>cpuLoad cpuUsed</measTypes>
<measValue measObjLdn="PLMN-PLMN/IMSNFM-MDE-VHSS/HSS-HSSDN_NHSSMDE3_DU/HSSCALLP-04/BRM-HSSCALLP-04/CPU-cpu5">
<measResults>3.4917 9.7757</measResults>
</measValue>
</measInfo>
<measInfo measInfoId="CPU">
<granPeriod duration="PT900S" endTime="2021-08-21T23:00:00+08:00"/>
<repPeriod duration="PT900S"/>
<measTypes>cpuLoad cpuUsed</measTypes>
<measValue measObjLdn="PLMN-PLMN/IMSNFM-MDE-VHSS/HSS-HSSDN_NHSSMDE3_DU/HSSCALLP-04/BRM-HSSCALLP-04/CPU-cpu2">
<measResults>3.6181 8.6371</measResults>
</measValue>
</measInfo>
<measInfo measInfoId="CPU">
<granPeriod duration="PT900S" endTime="2021-08-21T23:00:00+08:00"/>
<repPeriod duration="PT900S"/>
<measTypes>cpuLoad cpuUsed</measTypes>
<measValue measObjLdn="PLMN-PLMN/IMSNFM-MDE-VHSS/HSS-HSSDN_NHSSMDE3_DU/HSSCALLP-04/BRM-HSSCALLP-04/CPU-cpu3">
<measResults>3.42 9.3212</measResults>
</measValue>
</measInfo>
<measInfo measInfoId="CPU">
<granPeriod duration="PT900S" endTime="2021-08-21T23:00:00+08:00"/>
<repPeriod duration="PT900S"/>
<measTypes>cpuLoad cpuUsed</measTypes>
<measValue measObjLdn="PLMN-PLMN/IMSNFM-MDE-VHSS/HSS-HSSDN_NHSSMDE3_DU/HSSCALLP-04/BRM-HSSCALLP-04/CPU-cpu0">
<measResults>3.2417 8.8663</measResults>
</measValue>
</measInfo>
<measInfo measInfoId="CPU">
<granPeriod duration="PT900S" endTime="2021-08-21T23:00:00+08:00"/>
<repPeriod duration="PT900S"/>
<measTypes>cpuLoad cpuUsed</measTypes>
<measValue measObjLdn="PLMN-PLMN/IMSNFM-MDE-VHSS/HSS-HSSDN_NHSSMDE3_DU/HSSCALLP-04/BRM-HSSCALLP-04/CPU-cpu1">
<measResults>3.7681 9.6511</measResults>
</measValue>
</measInfo>
<measInfo measInfoId="CPU">
<granPeriod duration="PT900S" endTime="2021-08-21T23:00:00+08:00"/>
<repPeriod duration="PT900S"/>
<measTypes>cpuLoad cpuUsed</measTypes>
<measValue measObjLdn="PLMN-PLMN/IMSNFM-MDE-VHSS/HSS-HSSDN_NHSSMDE3_DU/HSSCALLP-04/BRM-HSSCALLP-04/CPU-cpu">
<measResults>3.5471 9.5591</measResults>
</measValue>
</measInfo>
<measInfo measInfoId="VCPU">
<granPeriod duration="PT900S" endTime="2021-08-21T23:00:00+08:00"/>
<repPeriod duration="PT900S"/>
<measTypes>vCPUs</measTypes>
<measValue measObjLdn="PLMN-PLMN/IMSNFM-MDE-VHSS/HSS-HSSDN_NHSSMDE3_DU/HSSCALLP-04/BRM-HSSCALLP-04/VCPU-1">
<measResults>8</measResults>
</measValue>
</measInfo>
<measInfo measInfoId="DISK">
<granPeriod duration="PT900S" endTime="2021-08-21T23:00:00+08:00"/>
<repPeriod duration="PT900S"/>
<measTypes>bytesReceivedDisk bytesTransmittedDisk</measTypes>
<measValue measObjLdn="PLMN-PLMN/IMSNFM-MDE-VHSS/HSS-HSSDN_NHSSMDE3_DU/HSSCALLP-04/BRM-HSSCALLP-04/DISK-0">
<measResults>4282804 3805831796</measResults>
</measValue>
</measInfo>
<measInfo measInfoId="FS">
<granPeriod duration="PT900S" endTime="2021-08-21T23:00:00+08:00"/>
<repPeriod duration="PT900S"/>
<measTypes>fsUsed</measTypes>
<measValue measObjLdn="PLMN-PLMN/IMSNFM-MDE-VHSS/HSS-HSSDN_NHSSMDE3_DU/HSSCALLP-04/BRM-HSSCALLP-04/FS-_dev_mapper_vg00_root">
<measResults>0</measResults>
</measValue>
</measInfo>
<measInfo measInfoId="FS">
<granPeriod duration="PT900S" endTime="2021-08-21T23:00:00+08:00"/>
<repPeriod duration="PT900S"/>
<measTypes>fsUsed</measTypes>
<measValue measObjLdn="PLMN-PLMN/IMSNFM-MDE-VHSS/HSS-HSSDN_NHSSMDE3_DU/HSSCALLP-04/BRM-HSSCALLP-04/FS-_dev_mapper_vg00_Charging">
<measResults>0</measResults>
</measValue>
</measInfo>
<measInfo measInfoId="FS">
<granPeriod duration="PT900S" endTime="2021-08-21T23:00:00+08:00"/>
<repPeriod duration="PT900S"/>
<measTypes>fsUsed</measTypes>
<measValue measObjLdn="PLMN-PLMN/IMSNFM-MDE-VHSS/HSS-HSSDN_NHSSMDE3_DU/HSSCALLP-04/BRM-HSSCALLP-04/FS-tmpfs">
<measResults>0</measResults>
</measValue>
</measInfo>
<measInfo measInfoId="FS">
<granPeriod duration="PT900S" endTime="2021-08-21T23:00:00+08:00"/>
<repPeriod duration="PT900S"/>
<measTypes>fsUsed</measTypes>
<measValue measObjLdn="PLMN-PLMN/IMSNFM-MDE-VHSS/HSS-HSSDN_NHSSMDE3_DU/HSSCALLP-04/BRM-HSSCALLP-04/FS-_dev_mapper_vg00_TspCore">
<measResults>0</measResults>
</measValue>
</measInfo>
<measInfo measInfoId="FS">
<granPeriod duration="PT900S" endTime="2021-08-21T23:00:00+08:00"/>
<repPeriod duration="PT900S"/>
<measTypes>fsUsed</measTypes>
<measValue measObjLdn="PLMN-PLMN/IMSNFM-MDE-VHSS/HSS-HSSDN_NHSSMDE3_DU/HSSCALLP-04/BRM-HSSCALLP-04/FS-_dev_mapper_vg00_dump">
<measResults>0</measResults>
</measValue>
</measInfo>
<measInfo measInfoId="FS">
<granPeriod duration="PT900S" endTime="2021-08-21T23:00:00+08:00"/>
<repPeriod duration="PT900S"/>
<measTypes>fsUsed</measTypes>
<measValue measObjLdn="PLMN-PLMN/IMSNFM-MDE-VHSS/HSS-HSSDN_NHSSMDE3_DU/HSSCALLP-04/BRM-HSSCALLP-04/FS-_dev_mapper_vg00_appDb">
<measResults>0</measResults>
</measValue>
</measInfo>
<measInfo measInfoId="FS">
<granPeriod duration="PT900S" endTime="2021-08-21T23:00:00+08:00"/>
<repPeriod duration="PT900S"/>
<measTypes>fsUsed</measTypes>
<measValue measObjLdn="PLMN-PLMN/IMSNFM-MDE-VHSS/HSS-HSSDN_NHSSMDE3_DU/HSSCALLP-04/BRM-HSSCALLP-04/FS-_dev_vda1">
<measResults>0</measResults>
</measValue>
</measInfo>
<measInfo measInfoId="FS">
<granPeriod duration="PT900S" endTime="2021-08-21T23:00:00+08:00"/>
<repPeriod duration="PT900S"/>
<measTypes>fsUsed</measTypes>
<measValue measObjLdn="PLMN-PLMN/IMSNFM-MDE-VHSS/HSS-HSSDN_NHSSMDE3_DU/HSSCALLP-04/BRM-HSSCALLP-04/FS-_dev_mapper_vg00_var">
<measResults>0</measResults>
</measValue>
</measInfo>
<measInfo measInfoId="FS">
<granPeriod duration="PT900S" endTime="2021-08-21T23:00:00+08:00"/>
<repPeriod duration="PT900S"/>
<measTypes>fsUsed</measTypes>
<measValue measObjLdn="PLMN-PLMN/IMSNFM-MDE-VHSS/HSS-HSSDN_NHSSMDE3_DU/HSSCALLP-04/BRM-HSSCALLP-04/FS-_dev_mapper_vg00_tmp">
<measResults>0</measResults>
</measValue>
</measInfo>
<measInfo measInfoId="FS">
<granPeriod duration="PT900S" endTime="2021-08-21T23:00:00+08:00"/>
<repPeriod duration="PT900S"/>
<measTypes>fsUsed</measTypes>
<measValue measObjLdn="PLMN-PLMN/IMSNFM-MDE-VHSS/HSS-HSSDN_NHSSMDE3_DU/HSSCALLP-04/BRM-HSSCALLP-04/FS-_dev_mapper_vg00_tspdb">
<measResults>0</measResults>
</measValue>
</measInfo>
<measInfo measInfoId="FS">
<granPeriod duration="PT900S" endTime="2021-08-21T23:00:00+08:00"/>
<repPeriod duration="PT900S"/>
<measTypes>fsUsed</measTypes>
<measValue measObjLdn="PLMN-PLMN/IMSNFM-MDE-VHSS/HSS-HSSDN_NHSSMDE3_DU/HSSCALLP-04/BRM-HSSCALLP-04/FS-_dev_mapper_vg00_home">
<measResults>0</measResults>
</measValue>
</measInfo>
<measInfo measInfoId="NETWORK">
<granPeriod duration="PT900S" endTime="2021-08-21T23:00:00+08:00"/>
<repPeriod duration="PT900S"/>
<measTypes>bytesReceived packetsReceived bytesTransmitted badPacketsReceived packetsTransmitted transmitErrors</measTypes>
<measValue measObjLdn="PLMN-PLMN/IMSNFM-MDE-VHSS/HSS-HSSDN_NHSSMDE3_DU/HSSCALLP-01/BRM-HSSCALLP-01/NET-eth0">
<measResults>15841593005 15841593005 2538708178751 0 2538708178751 0</measResults>
</measValue>
</measInfo>
<measInfo measInfoId="NETWORK">
<granPeriod duration="PT900S" endTime="2021-08-21T23:00:00+08:00"/>
<repPeriod duration="PT900S"/>
<measTypes>bytesReceived packetsReceived bytesTransmitted badPacketsReceived packetsTransmitted transmitErrors</measTypes>
<measValue measObjLdn="PLMN-PLMN/IMSNFM-MDE-VHSS/HSS-HSSDN_NHSSMDE3_DU/HSSCALLP-01/BRM-HSSCALLP-01/NET-lo">
<measResults>15841593005 15841593005 2538708178751 0 2538708178751 0</measResults>
</measValue>
</measInfo>
<measInfo measInfoId="NETWORK">
<granPeriod duration="PT900S" endTime="2021-08-21T23:00:00+08:00"/>
<repPeriod duration="PT900S"/>
<measTypes>bytesReceived packetsReceived bytesTransmitted badPacketsReceived packetsTransmitted transmitErrors</measTypes>
<measValue measObjLdn="PLMN-PLMN/IMSNFM-MDE-VHSS/HSS-HSSDN_NHSSMDE3_DU/HSSCALLP-01/BRM-HSSCALLP-01/NET-eth2">
<measResults>15841593005 15841593005 2538708178751 0 2538708178751 0</measResults>
</measValue>
</measInfo>
<measInfo measInfoId="NETWORK">
<granPeriod duration="PT900S" endTime="2021-08-21T23:00:00+08:00"/>
<repPeriod duration="PT900S"/>
<measTypes>bytesReceived packetsReceived bytesTransmitted badPacketsReceived packetsTransmitted transmitErrors</measTypes>
<measValue measObjLdn="PLMN-PLMN/IMSNFM-MDE-VHSS/HSS-HSSDN_NHSSMDE3_DU/HSSCALLP-01/BRM-HSSCALLP-01/NET-eth1">
<measResults>15841593005 15841593005 2538708178751 0 2538708178751 0</measResults>
</measValue>
</measInfo>
<measInfo measInfoId="AGGREGAT">
<granPeriod duration="PT900S" endTime="2021-08-21T23:00:00+08:00"/>
<repPeriod duration="PT900S"/>
<measTypes>sysUptime swapFree memFree sysAvailability swapUsed cpuPercentageOverValue cpuAverageLoad cpuPeakLoad memUsed</measTypes>
<measValue measObjLdn="PLMN-PLMN/IMSNFM-MDE-VHSS/HSS-HSSDN_NHSSMDE3_DU/HSSCALLP-01/BRM-1">
<measResults>64345924 4194300 14412524 0 4194300 0 24.3333 11 18368052</measResults>
</measValue>
</measInfo>
<measInfo measInfoId="DBSpace">
<granPeriod duration="PT900S" endTime="2021-08-21T23:00:00+08:00"/>
<repPeriod duration="PT900S"/>
<measTypes>DbSpaceUsed DbSpaceAvailable</measTypes>
<measValue measObjLdn="PLMN-PLMN/IMSNFM-MDE-VHSS/HSS-HSSDN_NHSSMDE3_DU/HSSCALLP-01/BRM-HSSCALLP-01/DBSpace-1">
<measResults>13038 19774</measResults>
</measValue>
</measInfo>
<measInfo measInfoId="CPU">
<granPeriod duration="PT900S" endTime="2021-08-21T23:00:00+08:00"/>
<repPeriod duration="PT900S"/>
<measTypes>cpuLoad cpuUsed</measTypes>
<measValue measObjLdn="PLMN-PLMN/IMSNFM-MDE-VHSS/HSS-HSSDN_NHSSMDE3_DU/HSSCALLP-01/BRM-HSSCALLP-01/CPU-cpu6">
<measResults>3.6863 9.7342</measResults>
</measValue>
</measInfo>
<measInfo measInfoId="CPU">
<granPeriod duration="PT900S" endTime="2021-08-21T23:00:00+08:00"/>
<repPeriod duration="PT900S"/>
<measTypes>cpuLoad cpuUsed</measTypes>
<measValue measObjLdn="PLMN-PLMN/IMSNFM-MDE-VHSS/HSS-HSSDN_NHSSMDE3_DU/HSSCALLP-01/BRM-HSSCALLP-01/CPU-cpu7">
<measResults>5.6023 14.3295</measResults>
</measValue>
</measInfo>
<measInfo measInfoId="CPU">
<granPeriod duration="PT900S" endTime="2021-08-21T23:00:00+08:00"/>
<repPeriod duration="PT900S"/>
<measTypes>cpuLoad cpuUsed</measTypes>
<measValue measObjLdn="PLMN-PLMN/IMSNFM-MDE-VHSS/HSS-HSSDN_NHSSMDE3_DU/HSSCALLP-01/BRM-HSSCALLP-01/CPU-cpu4">
<measResults>3.907 9.9502</measResults>
</measValue>
</measInfo>
<measInfo measInfoId="CPU">
<granPeriod duration="PT900S" endTime="2021-08-21T23:00:00+08:00"/>
<repPeriod duration="PT900S"/>
<measTypes>cpuLoad cpuUsed</measTypes>
<measValue measObjLdn="PLMN-PLMN/IMSNFM-MDE-VHSS/HSS-HSSDN_NHSSMDE3_DU/HSSCALLP-01/BRM-HSSCALLP-01/CPU-cpu5">
<measResults>4.166 10.933</measResults>
</measValue>
</measInfo>
<measInfo measInfoId="CPU">
<granPeriod duration="PT900S" endTime="2021-08-21T23:00:00+08:00"/>
<repPeriod duration="PT900S"/>
<measTypes>cpuLoad cpuUsed</measTypes>
<measValue measObjLdn="PLMN-PLMN/IMSNFM-MDE-VHSS/HSS-HSSDN_NHSSMDE3_DU/HSSCALLP-01/BRM-HSSCALLP-01/CPU-cpu2">
<measResults>4.3682 10.0562</measResults>
</measValue>
</measInfo>
<measInfo measInfoId="CPU">
<granPeriod duration="PT900S" endTime="2021-08-21T23:00:00+08:00"/>
<repPeriod duration="PT900S"/>
<measTypes>cpuLoad cpuUsed</measTypes>
<measValue measObjLdn="PLMN-PLMN/IMSNFM-MDE-VHSS/HSS-HSSDN_NHSSMDE3_DU/HSSCALLP-01/BRM-HSSCALLP-01/CPU-cpu3">
<measResults>4.108 10.2946</measResults>
</measValue>
</measInfo>
<measInfo measInfoId="CPU">
<granPeriod duration="PT900S" endTime="2021-08-21T23:00:00+08:00"/>
<repPeriod duration="PT900S"/>
<measTypes>cpuLoad cpuUsed</measTypes>
<measValue measObjLdn="PLMN-PLMN/IMSNFM-MDE-VHSS/HSS-HSSDN_NHSSMDE3_DU/HSSCALLP-01/BRM-HSSCALLP-01/CPU-cpu0">
<measResults>3.9237 11.4338</measResults>
</measValue>
</measInfo>
<measInfo measInfoId="CPU">
<granPeriod duration="PT900S" endTime="2021-08-21T23:00:00+08:00"/>
<repPeriod duration="PT900S"/>
<measTypes>cpuLoad cpuUsed</measTypes>
<measValue measObjLdn="PLMN-PLMN/IMSNFM-MDE-VHSS/HSS-HSSDN_NHSSMDE3_DU/HSSCALLP-01/BRM-HSSCALLP-01/CPU-cpu1">
<measResults>4.5538 10.1996</measResults>
</measValue>
</measInfo>
<measInfo measInfoId="CPU">
<granPeriod duration="PT900S" endTime="2021-08-21T23:00:00+08:00"/>
<repPeriod duration="PT900S"/>
<measTypes>cpuLoad cpuUsed</measTypes>
<measValue measObjLdn="PLMN-PLMN/IMSNFM-MDE-VHSS/HSS-HSSDN_NHSSMDE3_DU/HSSCALLP-01/BRM-HSSCALLP-01/CPU-cpu">
<measResults>4.2884 10.8744</measResults>
</measValue>
</measInfo>
<measInfo measInfoId="VCPU">
<granPeriod duration="PT900S" endTime="2021-08-21T23:00:00+08:00"/>
<repPeriod duration="PT900S"/>
<measTypes>vCPUs</measTypes>
<measValue measObjLdn="PLMN-PLMN/IMSNFM-MDE-VHSS/HSS-HSSDN_NHSSMDE3_DU/HSSCALLP-01/BRM-HSSCALLP-01/VCPU-1">
<measResults>8</measResults>
</measValue>
</measInfo>
<measInfo measInfoId="DISK">
<granPeriod duration="PT900S" endTime="2021-08-21T23:00:00+08:00"/>
<repPeriod duration="PT900S"/>
<measTypes>bytesReceivedDisk bytesTransmittedDisk</measTypes>
<measValue measObjLdn="PLMN-PLMN/IMSNFM-MDE-VHSS/HSS-HSSDN_NHSSMDE3_DU/HSSCALLP-01/BRM-HSSCALLP-01/DISK-0">
<measResults>4503732 11628774164</measResults>
</measValue>
</measInfo>
<measInfo measInfoId="FS">
<granPeriod duration="PT900S" endTime="2021-08-21T23:00:00+08:00"/>
<repPeriod duration="PT900S"/>
<measTypes>fsUsed</measTypes>
<measValue measObjLdn="PLMN-PLMN/IMSNFM-MDE-VHSS/HSS-HSSDN_NHSSMDE3_DU/HSSCALLP-01/BRM-HSSCALLP-01/FS-_dev_mapper_vg00_root">
<measResults>0</measResults>
</measValue>
</measInfo>
<measInfo measInfoId="FS">
<granPeriod duration="PT900S" endTime="2021-08-21T23:00:00+08:00"/>
<repPeriod duration="PT900S"/>
<measTypes>fsUsed</measTypes>
<measValue measObjLdn="PLMN-PLMN/IMSNFM-MDE-VHSS/HSS-HSSDN_NHSSMDE3_DU/HSSCALLP-01/BRM-HSSCALLP-01/FS-_dev_mapper_vg00_Charging">
<measResults>0</measResults>
</measValue>
</measInfo>
<measInfo measInfoId="FS">
<granPeriod duration="PT900S" endTime="2021-08-21T23:00:00+08:00"/>
<repPeriod duration="PT900S"/>
<measTypes>fsUsed</measTypes>
<measValue measObjLdn="PLMN-PLMN/IMSNFM-MDE-VHSS/HSS-HSSDN_NHSSMDE3_DU/HSSCALLP-01/BRM-HSSCALLP-01/FS-tmpfs">
<measResults>0</measResults>
</measValue>
</measInfo>
<measInfo measInfoId="FS">
<granPeriod duration="PT900S" endTime="2021-08-21T23:00:00+08:00"/>
<repPeriod duration="PT900S"/>
<measTypes>fsUsed</measTypes>
<measValue measObjLdn="PLMN-PLMN/IMSNFM-MDE-VHSS/HSS-HSSDN_NHSSMDE3_DU/HSSCALLP-01/BRM-HSSCALLP-01/FS-_dev_mapper_vg00_TspCore">
<measResults>0</measResults>
</measValue>
</measInfo>
<measInfo measInfoId="FS">
<granPeriod duration="PT900S" endTime="2021-08-21T23:00:00+08:00"/>
<repPeriod duration="PT900S"/>
<measTypes>fsUsed</measTypes>
<measValue measObjLdn="PLMN-PLMN/IMSNFM-MDE-VHSS/HSS-HSSDN_NHSSMDE3_DU/HSSCALLP-01/BRM-HSSCALLP-01/FS-_dev_mapper_vg00_appDb">
<measResults>0</measResults>
</measValue>
</measInfo>
<measInfo measInfoId="FS">
<granPeriod duration="PT900S" endTime="2021-08-21T23:00:00+08:00"/>
<repPeriod duration="PT900S"/>
<measTypes>fsUsed</measTypes>
<measValue measObjLdn="PLMN-PLMN/IMSNFM-MDE-VHSS/HSS-HSSDN_NHSSMDE3_DU/HSSCALLP-01/BRM-HSSCALLP-01/FS-_dev_mapper_vg00_dump">
<measResults>0</measResults>
</measValue>
</measInfo>
<measInfo measInfoId="FS">
<granPeriod duration="PT900S" endTime="2021-08-21T23:00:00+08:00"/>
<repPeriod duration="PT900S"/>
<measTypes>fsUsed</measTypes>
<measValue measObjLdn="PLMN-PLMN/IMSNFM-MDE-VHSS/HSS-HSSDN_NHSSMDE3_DU/HSSCALLP-01/BRM-HSSCALLP-01/FS-_dev_vda1">
<measResults>0</measResults>
</measValue>
</measInfo>
<measInfo measInfoId="FS">
<granPeriod duration="PT900S" endTime="2021-08-21T23:00:00+08:00"/>
<repPeriod duration="PT900S"/>
<measTypes>fsUsed</measTypes>
<measValue measObjLdn="PLMN-PLMN/IMSNFM-MDE-VHSS/HSS-HSSDN_NHSSMDE3_DU/HSSCALLP-01/BRM-HSSCALLP-01/FS-_dev_mapper_vg00_tmp">
<measResults>0</measResults>
</measValue>
</measInfo>
<measInfo measInfoId="FS">
<granPeriod duration="PT900S" endTime="2021-08-21T23:00:00+08:00"/>
<repPeriod duration="PT900S"/>
<measTypes>fsUsed</measTypes>
<measValue measObjLdn="PLMN-PLMN/IMSNFM-MDE-VHSS/HSS-HSSDN_NHSSMDE3_DU/HSSCALLP-01/BRM-HSSCALLP-01/FS-_dev_mapper_vg00_var">
<measResults>0</measResults>
</measValue>
</measInfo>
<measInfo measInfoId="FS">
<granPeriod duration="PT900S" endTime="2021-08-21T23:00:00+08:00"/>
<repPeriod duration="PT900S"/>
<measTypes>fsUsed</measTypes>
<measValue measObjLdn="PLMN-PLMN/IMSNFM-MDE-VHSS/HSS-HSSDN_NHSSMDE3_DU/HSSCALLP-01/BRM-HSSCALLP-01/FS-_dev_mapper_vg00_tspdb">
<measResults>0</measResults>
</measValue>
</measInfo>
<measInfo measInfoId="FS">
<granPeriod duration="PT900S" endTime="2021-08-21T23:00:00+08:00"/>
<repPeriod duration="PT900S"/>
<measTypes>fsUsed</measTypes>
<measValue measObjLdn="PLMN-PLMN/IMSNFM-MDE-VHSS/HSS-HSSDN_NHSSMDE3_DU/HSSCALLP-01/BRM-HSSCALLP-01/FS-_dev_mapper_vg00_home">
<measResults>0</measResults>
</measValue>
</measInfo>
<measInfo measInfoId="NETWORK">
<granPeriod duration="PT900S" endTime="2021-08-21T23:00:00+08:00"/>
<repPeriod duration="PT900S"/>
<measTypes>bytesReceived packetsReceived bytesTransmitted badPacketsReceived packetsTransmitted transmitErrors</measTypes>
<measValue measObjLdn="PLMN-PLMN/IMSNFM-MDE-VHSS/HSS-HSSDN_NHSSMDE3_DU/HSSCALLP-02/BRM-HSSCALLP-02/NET-eth0">
<measResults>15849888660 15849888660 2540067392057 0 2540067392057 0</measResults>
</measValue>
</measInfo>
<measInfo measInfoId="NETWORK">
<granPeriod duration="PT900S" endTime="2021-08-21T23:00:00+08:00"/>
<repPeriod duration="PT900S"/>
<measTypes>bytesReceived packetsReceived bytesTransmitted badPacketsReceived packetsTransmitted transmitErrors</measTypes>
<measValue measObjLdn="PLMN-PLMN/IMSNFM-MDE-VHSS/HSS-HSSDN_NHSSMDE3_DU/HSSCALLP-02/BRM-HSSCALLP-02/NET-lo">
<measResults>15849888660 15849888660 2540067392057 0 2540067392057 0</measResults>
</measValue>
</measInfo>
<measInfo measInfoId="NETWORK">
<granPeriod duration="PT900S" endTime="2021-08-21T23:00:00+08:00"/>
<repPeriod duration="PT900S"/>
<measTypes>bytesReceived packetsReceived bytesTransmitted badPacketsReceived packetsTransmitted transmitErrors</measTypes>
<measValue measObjLdn="PLMN-PLMN/IMSNFM-MDE-VHSS/HSS-HSSDN_NHSSMDE3_DU/HSSCALLP-02/BRM-HSSCALLP-02/NET-eth2">
<measResults>15849888660 15849888660 2540067392057 0 2540067392057 0</measResults>
</measValue>
</measInfo>
<measInfo measInfoId="NETWORK">
<granPeriod duration="PT900S" endTime="2021-08-21T23:00:00+08:00"/>
<repPeriod duration="PT900S"/>
<measTypes>bytesReceived packetsReceived bytesTransmitted badPacketsReceived packetsTransmitted transmitErrors</measTypes>
<measValue measObjLdn="PLMN-PLMN/IMSNFM-MDE-VHSS/HSS-HSSDN_NHSSMDE3_DU/HSSCALLP-02/BRM-HSSCALLP-02/NET-eth1">
<measResults>15849888660 15849888660 2540067392057 0 2540067392057 0</measResults>
</measValue>
</measInfo>
<measInfo measInfoId="AGGREGAT">
<granPeriod duration="PT900S" endTime="2021-08-21T23:00:00+08:00"/>
<repPeriod duration="PT900S"/>
<measTypes>sysUptime swapFree memFree sysAvailability swapUsed cpuPercentageOverValue cpuAverageLoad cpuPeakLoad memUsed</measTypes>
<measValue measObjLdn="PLMN-PLMN/IMSNFM-MDE-VHSS/HSS-HSSDN_NHSSMDE3_DU/HSSCALLP-02/BRM-1">
<measResults>64345929 4194300 14448596 0 4194300 0 25.6667 11 18332540</measResults>
</measValue>
</measInfo>
<measInfo measInfoId="DBSpace">
<granPeriod duration="PT900S" endTime="2021-08-21T23:00:00+08:00"/>
<repPeriod duration="PT900S"/>
<measTypes>DbSpaceUsed DbSpaceAvailable</measTypes>
<measValue measObjLdn="PLMN-PLMN/IMSNFM-MDE-VHSS/HSS-HSSDN_NHSSMDE3_DU/HSSCALLP-02/BRM-HSSCALLP-02/DBSpace-1">
<measResults>13038 19774</measResults>
</measValue>
</measInfo>
<measInfo measInfoId="CPU">
<granPeriod duration="PT900S" endTime="2021-08-21T23:00:00+08:00"/>
<repPeriod duration="PT900S"/>
<measTypes>cpuLoad cpuUsed</measTypes>
<measValue measObjLdn="PLMN-PLMN/IMSNFM-MDE-VHSS/HSS-HSSDN_NHSSMDE3_DU/HSSCALLP-02/BRM-HSSCALLP-02/CPU-cpu6">
<measResults>3.8078 9.8912</measResults>
</measValue>
</measInfo>
<measInfo measInfoId="CPU">
<granPeriod duration="PT900S" endTime="2021-08-21T23:00:00+08:00"/>
<repPeriod duration="PT900S"/>
<measTypes>cpuLoad cpuUsed</measTypes>
<measValue measObjLdn="PLMN-PLMN/IMSNFM-MDE-VHSS/HSS-HSSDN_NHSSMDE3_DU/HSSCALLP-02/BRM-HSSCALLP-02/CPU-cpu7">
<measResults>5.776 14.5907</measResults>
</measValue>
</measInfo>
<measInfo measInfoId="CPU">
<granPeriod duration="PT900S" endTime="2021-08-21T23:00:00+08:00"/>
<repPeriod duration="PT900S"/>
<measTypes>cpuLoad cpuUsed</measTypes>
<measValue measObjLdn="PLMN-PLMN/IMSNFM-MDE-VHSS/HSS-HSSDN_NHSSMDE3_DU/HSSCALLP-02/BRM-HSSCALLP-02/CPU-cpu4">
<measResults>3.9485 10.7362</measResults>
</measValue>
</measInfo>
<measInfo measInfoId="CPU">
<granPeriod duration="PT900S" endTime="2021-08-21T23:00:00+08:00"/>
<repPeriod duration="PT900S"/>
<measTypes>cpuLoad cpuUsed</measTypes>
<measValue measObjLdn="PLMN-PLMN/IMSNFM-MDE-VHSS/HSS-HSSDN_NHSSMDE3_DU/HSSCALLP-02/BRM-HSSCALLP-02/CPU-cpu5">
<measResults>4.1884 10.9354</measResults>
</measValue>
</measInfo>
<measInfo measInfoId="CPU">
<granPeriod duration="PT900S" endTime="2021-08-21T23:00:00+08:00"/>
<repPeriod duration="PT900S"/>
<measTypes>cpuLoad cpuUsed</measTypes>
<measValue measObjLdn="PLMN-PLMN/IMSNFM-MDE-VHSS/HSS-HSSDN_NHSSMDE3_DU/HSSCALLP-02/BRM-HSSCALLP-02/CPU-cpu2">
<measResults>4.2324 11.4732</measResults>
</measValue>
</measInfo>
<measInfo measInfoId="CPU">
<granPeriod duration="PT900S" endTime="2021-08-21T23:00:00+08:00"/>
<repPeriod duration="PT900S"/>
<measTypes>cpuLoad cpuUsed</measTypes>
<measValue measObjLdn="PLMN-PLMN/IMSNFM-MDE-VHSS/HSS-HSSDN_NHSSMDE3_DU/HSSCALLP-02/BRM-HSSCALLP-02/CPU-cpu3">
<measResults>4.1566 10.1807</measResults>
</measValue>
</measInfo>
<measInfo measInfoId="CPU">
<granPeriod duration="PT900S" endTime="2021-08-21T23:00:00+08:00"/>
<repPeriod duration="PT900S"/>
<measTypes>cpuLoad cpuUsed</measTypes>
<measValue measObjLdn="PLMN-PLMN/IMSNFM-MDE-VHSS/HSS-HSSDN_NHSSMDE3_DU/HSSCALLP-02/BRM-HSSCALLP-02/CPU-cpu0">
<measResults>3.9557 10.476</measResults>
</measValue>
</measInfo>
<measInfo measInfoId="CPU">
<granPeriod duration="PT900S" endTime="2021-08-21T23:00:00+08:00"/>
<repPeriod duration="PT900S"/>
<measTypes>cpuLoad cpuUsed</measTypes>
<measValue measObjLdn="PLMN-PLMN/IMSNFM-MDE-VHSS/HSS-HSSDN_NHSSMDE3_DU/HSSCALLP-02/BRM-HSSCALLP-02/CPU-cpu1">
<measResults>4.6001 10.219</measResults>
</measValue>
</measInfo>
<measInfo measInfoId="CPU">
<granPeriod duration="PT900S" endTime="2021-08-21T23:00:00+08:00"/>
<repPeriod duration="PT900S"/>
<measTypes>cpuLoad cpuUsed</measTypes>
<measValue measObjLdn="PLMN-PLMN/IMSNFM-MDE-VHSS/HSS-HSSDN_NHSSMDE3_DU/HSSCALLP-02/BRM-HSSCALLP-02/CPU-cpu">
<measResults>4.3324 11.0647</measResults>
</measValue>
</measInfo>
<measInfo measInfoId="VCPU">
<granPeriod duration="PT900S" endTime="2021-08-21T23:00:00+08:00"/>
<repPeriod duration="PT900S"/>
<measTypes>vCPUs</measTypes>
<measValue measObjLdn="PLMN-PLMN/IMSNFM-MDE-VHSS/HSS-HSSDN_NHSSMDE3_DU/HSSCALLP-02/BRM-HSSCALLP-02/VCPU-1">
<measResults>8</measResults>
</measValue>
</measInfo>
<measInfo measInfoId="DISK">
<granPeriod duration="PT900S" endTime="2021-08-21T23:00:00+08:00"/>
<repPeriod duration="PT900S"/>
<measTypes>bytesReceivedDisk bytesTransmittedDisk</measTypes>
<measValue measObjLdn="PLMN-PLMN/IMSNFM-MDE-VHSS/HSS-HSSDN_NHSSMDE3_DU/HSSCALLP-02/BRM-HSSCALLP-02/DISK-0">
<measResults>4232916 13636800784</measResults>
</measValue>
</measInfo>
<measInfo measInfoId="FS">
<granPeriod duration="PT900S" endTime="2021-08-21T23:00:00+08:00"/>
<repPeriod duration="PT900S"/>
<measTypes>fsUsed</measTypes>
<measValue measObjLdn="PLMN-PLMN/IMSNFM-MDE-VHSS/HSS-HSSDN_NHSSMDE3_DU/HSSCALLP-02/BRM-HSSCALLP-02/FS-_dev_mapper_vg00_root">
<measResults>0</measResults>
</measValue>
</measInfo>
<measInfo measInfoId="FS">
<granPeriod duration="PT900S" endTime="2021-08-21T23:00:00+08:00"/>
<repPeriod duration="PT900S"/>
<measTypes>fsUsed</measTypes>
<measValue measObjLdn="PLMN-PLMN/IMSNFM-MDE-VHSS/HSS-HSSDN_NHSSMDE3_DU/HSSCALLP-02/BRM-HSSCALLP-02/FS-_dev_mapper_vg00_Charging">
<measResults>0</measResults>
</measValue>
</measInfo>
<measInfo measInfoId="FS">
<granPeriod duration="PT900S" endTime="2021-08-21T23:00:00+08:00"/>
<repPeriod duration="PT900S"/>
<measTypes>fsUsed</measTypes>
<measValue measObjLdn="PLMN-PLMN/IMSNFM-MDE-VHSS/HSS-HSSDN_NHSSMDE3_DU/HSSCALLP-02/BRM-HSSCALLP-02/FS-tmpfs">
<measResults>0</measResults>
</measValue>
</measInfo>
<measInfo measInfoId="FS">
<granPeriod duration="PT900S" endTime="2021-08-21T23:00:00+08:00"/>
<repPeriod duration="PT900S"/>
<measTypes>fsUsed</measTypes>
<measValue measObjLdn="PLMN-PLMN/IMSNFM-MDE-VHSS/HSS-HSSDN_NHSSMDE3_DU/HSSCALLP-02/BRM-HSSCALLP-02/FS-_dev_mapper_vg00_TspCore">
<measResults>0</measResults>
</measValue>
</measInfo>
<measInfo measInfoId="FS">
<granPeriod duration="PT900S" endTime="2021-08-21T23:00:00+08:00"/>
<repPeriod duration="PT900S"/>
<measTypes>fsUsed</measTypes>
<measValue measObjLdn="PLMN-PLMN/IMSNFM-MDE-VHSS/HSS-HSSDN_NHSSMDE3_DU/HSSCALLP-02/BRM-HSSCALLP-02/FS-_dev_mapper_vg00_appDb">
<measResults>0</measResults>
</measValue>
</measInfo>
<measInfo measInfoId="FS">
<granPeriod duration="PT900S" endTime="2021-08-21T23:00:00+08:00"/>
<repPeriod duration="PT900S"/>
<measTypes>fsUsed</measTypes>
<measValue measObjLdn="PLMN-PLMN/IMSNFM-MDE-VHSS/HSS-HSSDN_NHSSMDE3_DU/HSSCALLP-02/BRM-HSSCALLP-02/FS-_dev_mapper_vg00_dump">
<measResults>0</measResults>
</measValue>
</measInfo>
<measInfo measInfoId="FS">
<granPeriod duration="PT900S" endTime="2021-08-21T23:00:00+08:00"/>
<repPeriod duration="PT900S"/>
<measTypes>fsUsed</measTypes>
<measValue measObjLdn="PLMN-PLMN/IMSNFM-MDE-VHSS/HSS-HSSDN_NHSSMDE3_DU/HSSCALLP-02/BRM-HSSCALLP-02/FS-_dev_vda1">
<measResults>0</measResults>
</measValue>
</measInfo>
<measInfo measInfoId="FS">
<granPeriod duration="PT900S" endTime="2021-08-21T23:00:00+08:00"/>
<repPeriod duration="PT900S"/>
<measTypes>fsUsed</measTypes>
<measValue measObjLdn="PLMN-PLMN/IMSNFM-MDE-VHSS/HSS-HSSDN_NHSSMDE3_DU/HSSCALLP-02/BRM-HSSCALLP-02/FS-_dev_mapper_vg00_tmp">
<measResults>0</measResults>
</measValue>
</measInfo>
<measInfo measInfoId="FS">
<granPeriod duration="PT900S" endTime="2021-08-21T23:00:00+08:00"/>
<repPeriod duration="PT900S"/>
<measTypes>fsUsed</measTypes>
<measValue measObjLdn="PLMN-PLMN/IMSNFM-MDE-VHSS/HSS-HSSDN_NHSSMDE3_DU/HSSCALLP-02/BRM-HSSCALLP-02/FS-_dev_mapper_vg00_var">
<measResults>0</measResults>
</measValue>
</measInfo>
<measInfo measInfoId="FS">
<granPeriod duration="PT900S" endTime="2021-08-21T23:00:00+08:00"/>
<repPeriod duration="PT900S"/>
<measTypes>fsUsed</measTypes>
<measValue measObjLdn="PLMN-PLMN/IMSNFM-MDE-VHSS/HSS-HSSDN_NHSSMDE3_DU/HSSCALLP-02/BRM-HSSCALLP-02/FS-_dev_mapper_vg00_tspdb">
<measResults>0</measResults>
</measValue>
</measInfo>
<measInfo measInfoId="FS">
<granPeriod duration="PT900S" endTime="2021-08-21T23:00:00+08:00"/>
<repPeriod duration="PT900S"/>
<measTypes>fsUsed</measTypes>
<measValue measObjLdn="PLMN-PLMN/IMSNFM-MDE-VHSS/HSS-HSSDN_NHSSMDE3_DU/HSSCALLP-02/BRM-HSSCALLP-02/FS-_dev_mapper_vg00_home">
<measResults>0</measResults>
</measValue>
</measInfo>
</measData>
<fileFooter>
<measCollec endTime="2021-08-21T23:00:00+08:00"/>
</fileFooter>
</measCollecFile>