<?xml version="1.0" encoding="UTF-8"?>
<measCollecFile xmlns="http://latest/nmc-omc/cmNrm.doc#measCollec" xmlns:xsi="http://www.w3.org/2001/XMLSchema-instance" xsi:schemaLocation="http://latest/nmc-omc/cmNrm.doc#measCollec schema\pmResultSchedule.xsd">
    <fileHeader fileFormatVersion="32.435 V7.2" vendorName="Huawei">
        <fileSender elementType="NodeB"/>
        <measCollec beginTime="2021-08-19T11:00:00+08:00"/>
    </fileHeader>
    <measData>
        <managedElement userLabel="MMLG9276HUNB001"/>
        <measInfo measInfoId="50331655">
            <granPeriod duration="PT3600S" endTime="2021-08-19T12:00:00+08:00"/>
            <repPeriod duration="PT3600S"/>
            <measTypes>50332573 50332574 50342574 50342575 50342635 50342636 </measTypes>
            <measValue measObjLdn="MMLG9276HUNB001/ULGROUP:UL BB Resource Group No.=1">
                <measResults>768 91.296 59.5 132 0 0 </measResults>
            </measValue>
            <measValue measObjLdn="MMLG9276HUNB001/ULGROUP:UL BB Resource Group No.=2">
                <measResults>1024 50.942 30.5 83 0 0 </measResults>
            </measValue>
        </measInfo>
        <measInfo measInfoId="50331656">
            <granPeriod duration="PT3600S" endTime="2021-08-19T12:00:00+08:00"/>
            <repPeriod duration="PT3600S"/>
            <measTypes>50332582 50332583 50332584 50332586 50342584 50342585 50342586 50342587 50342606 50342607 50342608 50342609 50342632 50342633 </measTypes>
            <measValue measObjLdn="MMLG9276HUNB001/BRD:Board Type=UBBP, Cabinet No.=0, Subrack No.=0, Slot No.=1">
                <measResults>1024 1024 0 0 0 0 0 0 0 0 0 0 0 0 </measResults>
            </measValue>
            <measValue measObjLdn="MMLG9276HUNB001/BRD:Board Type=UBBP, Cabinet No.=0, Subrack No.=0, Slot No.=2">
                <measResults>1024 768 60.975 91.296 42 81 59.5 132 3 6 5 10 0 0 </measResults>
            </measValue>
            <measValue measObjLdn="MMLG9276HUNB001/BRD:Board Type=UBBP, Cabinet No.=0, Subrack No.=0, Slot No.=3">
                <measResults>1024 1024 37.275 50.942 25 50 30.5 83 1 3 2 4 0 0 </measResults>
            </measValue>
            <measValue measObjLdn="MMLG9276HUNB001/BRD:Board Type=UMPT, Cabinet No.=0, Subrack No.=0, Slot No.=7">
                <measResults>0 0 0 0 0 0 0 0 0 0 0 0 0 0 </measResults>
            </measValue>
        </measInfo>
        <measInfo measInfoId="50331683">
            <granPeriod duration="PT3600S" endTime="2021-08-19T12:00:00+08:00"/>
            <repPeriod duration="PT3600S"/>
            <measTypes>50332627 </measTypes>
            <measValue measObjLdn="MMLG9276HUNB001/NODEBRRU:Cabinet No.=0, Subrack No.=60, Slot No.=0">
                <measResults>0 </measResults>
            </measValue>
            <measValue measObjLdn="MMLG9276HUNB001/NODEBRRU:Cabinet No.=0, Subrack No.=61, Slot No.=0">
                <measResults>0 </measResults>
            </measValue>
            <measValue measObjLdn="MMLG9276HUNB001/NODEBRRU:Cabinet No.=0, Subrack No.=62, Slot No.=0">
                <measResults>0 </measResults>
            </measValue>
            <measValue measObjLdn="MMLG9276HUNB001/NODEBRRU:Cabinet No.=0, Subrack No.=80, Slot No.=0">
                <measResults>0 </measResults>
            </measValue>
            <measValue measObjLdn="MMLG9276HUNB001/NODEBRRU:Cabinet No.=0, Subrack No.=81, Slot No.=0">
                <measResults>0 </measResults>
            </measValue>
            <measValue measObjLdn="MMLG9276HUNB001/NODEBRRU:Cabinet No.=0, Subrack No.=82, Slot No.=0">
                <measResults>0 </measResults>
            </measValue>
        </measInfo>
        <measInfo measInfoId="1542455297">
            <granPeriod duration="PT3600S" endTime="2021-08-19T12:00:00+08:00"/>
            <repPeriod duration="PT3600S"/>
            <measTypes>1542455297 1542455298 1542455299 1542455300 1542455301 1542455302 1542455303 1542455304 1542455305 1542455306 1542455307 1542460296 1542460297 </measTypes>
            <measValue measObjLdn="MMLG9276HUNB001/ETHPORT:Cabinet No.=0, Subrack No.=0, Slot No.=7, Port No.=0, Subboard Type=BASE_BOARD">
                <measResults>0 0 0 0 0 0 0 0 0 0 0 0 0 </measResults>
            </measValue>
            <measValue measObjLdn="MMLG9276HUNB001/ETHPORT:Cabinet No.=0, Subrack No.=0, Slot No.=7, Port No.=1, Subboard Type=BASE_BOARD">
                <measResults>1366661872 12904654 3152564336 14593771 0 7224328 1456440 3037069 23887472 1618504 7006158 1000000 1000000 </measResults>
            </measValue>
        </measInfo>
        <measInfo measInfoId="1542455301">
            <granPeriod duration="PT3600S" endTime="2021-08-19T12:00:00+08:00"/>
            <repPeriod duration="PT3600S"/>
            <measTypes>1542455326 1542455327 1542455328 1542455329 1542455330 1542455331 1542455332 1542455333 1542460727 1542460728 1542460729 </measTypes>
            <measValue measObjLdn="MMLG9276HUNB001/IP:Board Type=UMPT, Cabinet No.=0, Subrack No.=0, Slot No.=7">
                <measResults>12908657 1058516373 0 0 14593408 2788258519 0 0 15954 0 0 </measResults>
            </measValue>
        </measInfo>
        <measInfo measInfoId="1542455303">
            <granPeriod duration="PT3600S" endTime="2021-08-19T12:00:00+08:00"/>
            <repPeriod duration="PT3600S"/>
            <measTypes>1542455365 1542455367 1542455369 1542455371 1542455375 1542455376 1542455377 1542455378 </measTypes>
            <measValue measObjLdn="MMLG9276HUNB001/RSCGRP:Transmission Resource Group Bear Type=IP, Cabinet No.=0, Bearing Port No.=0, Bearing Port Type=ETH, Transmission Resource Group ID=AUTOPORT, Subboard Type=BASE_BOARD, Slot No.=7, Subrack No.=0">
                <measResults>0 0 0 0 0 0 0 0 </measResults>
            </measValue>
            <measValue measObjLdn="MMLG9276HUNB001/RSCGRP:Transmission Resource Group Bear Type=IP, Cabinet No.=0, Bearing Port No.=1, Bearing Port Type=ETH, Transmission Resource Group ID=AUTOPORT, Subboard Type=BASE_BOARD, Slot No.=7, Subrack No.=0">
                <measResults>1291020998 12908924 0 0 7188328 1386248 2868228 0 </measResults>
            </measValue>
        </measInfo>
        <measInfo measInfoId="1542455312">
            <granPeriod duration="PT3600S" endTime="2021-08-19T12:00:00+08:00"/>
            <repPeriod duration="PT3600S"/>
            <measTypes>1542460308 1542460309 1542460310 1542460311 1542460312 1542460313 1542460314 1542460315 1542460316 1542460317 1542460318 1542460319 1542460320 1542460321 1542460322 1542460323 1542460324 1542460325 1542460326 1542460327 1542460328 1542460329 1542460330 1542460331 1542460332 </measTypes>
            <measValue measObjLdn="MMLG9276HUNB001/RSCGRP:Transmission Resource Group Bear Type=IP, Cabinet No.=0, Bearing Port No.=0, Bearing Port Type=ETH, Transmission Resource Group ID=AUTOPORT, Subboard Type=BASE_BOARD, Slot No.=7, Subrack No.=0">
                <measResults>0 0 0 0 0 0 0 0 0 0 0 0 0 0 0 0 0 0 0 0 0 0 0 0 0 </measResults>
            </measValue>
            <measValue measObjLdn="MMLG9276HUNB001/RSCGRP:Transmission Resource Group Bear Type=IP, Cabinet No.=0, Bearing Port No.=1, Bearing Port Type=ETH, Transmission Resource Group ID=AUTOPORT, Subboard Type=BASE_BOARD, Slot No.=7, Subrack No.=0">
                <measResults>33842 33842 33842 0 0 0 0 0 0 0 0 0 0 2892381 0 0 0 1 0 0 0 0 0 0 0 </measResults>
            </measValue>
        </measInfo>
        <measInfo measInfoId="1542455309">
            <granPeriod duration="PT3600S" endTime="2021-08-19T12:00:00+08:00"/>
            <repPeriod duration="PT3600S"/>
            <measTypes>1542455826 1542455827 1542455828 1542455829 1542455833 1542455834 1542455835 1542455836 1542455837 1542455838 1542455839 1542455840 1542455841 1542455842 1542455843 1542455844 1542455845 1542455846 1542455847 1542455848 </measTypes>
            <measValue measObjLdn="MMLG9276HUNB001/OMCH:Standby Status=MASTER, Bearer Type=IPV4">
                <measResults>627 171 0 0 0 0 0 0 0 464 0 0 645 0 0 0 0 594 0 51 </measResults>
            </measValue>
        </measInfo>
        <measInfo measInfoId="1542455815">
            <granPeriod duration="PT3600S" endTime="2021-08-19T12:00:00+08:00"/>
            <repPeriod duration="PT3600S"/>
            <measTypes>1542460340 1542460341 1542460342 1542460343 1542460496 1542460497 1542460498 1542460499 1542460500 1542460501 1542460502 1542460503 1542460504 1542460505 1542460506 1542460507 1542460510 </measTypes>
            <measValue measObjLdn="MMLG9276HUNB001/IKE:Board Type=UMPT, Cabinet No.=0, Subrack No.=0, Slot No.=7">
                <measResults>0 0 0 0 0 0 0 0 0 0 0 0 0 0 0 0 0 </measResults>
            </measValue>
        </measInfo>
        <measInfo measInfoId="1542455817">
            <granPeriod duration="PT3600S" endTime="2021-08-19T12:00:00+08:00"/>
            <repPeriod duration="PT3600S"/>
            <measTypes>1542460356 1542460357 1542460358 1542460359 1542460360 1542460361 1542460362 1542460363 1542460364 1542460365 1542460366 1542460367 1542460368 1542460369 1542460370 1542460371 1542460372 1542460373 1542460374 1542460375 1542460376 </measTypes>
            <measValue measObjLdn="MMLG9276HUNB001/SCTPLNK:Link No.=31">
                <measResults>9477409 10453218 95269 145815 0 58696 0 21057 36712 15328 23224 24489 121715 0 0 0 0 0 0 121715 24491 </measResults>
            </measValue>
            <measValue measObjLdn="MMLG9276HUNB001/SCTPLNK:Link No.=32">
                <measResults>14584484 15853689 486486 603889 0 68008 8440 32411 62208 14216 35232 227996 446656 0 0 0 0 0 0 446656 227996 </measResults>
            </measValue>
        </measInfo>
        <measInfo measInfoId="1542455818">
            <granPeriod duration="PT3600S" endTime="2021-08-19T12:00:00+08:00"/>
            <repPeriod duration="PT3600S"/>
            <measTypes>1542455526 1542455527 1542455528 1542455529 1542455530 1542455531 1542455532 1542455533 1542455534 1542455535 </measTypes>
            <measValue measObjLdn="MMLG9276HUNB001/USERPLANEHOST:User Plane Host ID=3">
                <measResults>11926255 13786958 978169433 2717718355 6231824 2173126 22601144 6037841 NIL NIL </measResults>
            </measValue>
        </measInfo>
        <measInfo measInfoId="1593835529">
            <granPeriod duration="PT3600S" endTime="2021-08-19T12:00:00+08:00"/>
            <repPeriod duration="PT3600S"/>
            <measTypes>1593835620 1593835628 1593835629 </measTypes>
            <measValue measObjLdn="MMLG9276HUNB001/NODE:NODE">
                <measResults>NIL 0.659 0 </measResults>
            </measValue>
        </measInfo>
        <measInfo measInfoId="1593835533">
            <granPeriod duration="PT3600S" endTime="2021-08-19T12:00:00+08:00"/>
            <repPeriod duration="PT3600S"/>
            <measTypes>1593835647 1593835648 1593835649 </measTypes>
            <measValue measObjLdn="MMLG9276HUNB001/NODE:NODE">
                <measResults>32217 32206 32211 </measResults>
            </measValue>
        </measInfo>
        <measInfo measInfoId="1593835531">
            <granPeriod duration="PT3600S" endTime="2021-08-19T12:00:00+08:00"/>
            <repPeriod duration="PT3600S"/>
            <measTypes>1593835630 1593835632 1593835633 1593835634 </measTypes>
            <measValue measObjLdn="MMLG9276HUNB001/BBUBoard:Board Type=UBBP, Cabinet No.=0, Subrack No.=0, Slot No.=1">
                <measResults>0 3 2 0 </measResults>
            </measValue>
            <measValue measObjLdn="MMLG9276HUNB001/BBUBoard:Board Type=UBBP, Cabinet No.=0, Subrack No.=0, Slot No.=2">
                <measResults>0 3 2 0 </measResults>
            </measValue>
            <measValue measObjLdn="MMLG9276HUNB001/BBUBoard:Board Type=UBBP, Cabinet No.=0, Subrack No.=0, Slot No.=3">
                <measResults>0 4 3 0 </measResults>
            </measValue>
            <measValue measObjLdn="MMLG9276HUNB001/BBUBoard:Board Type=UMPT, Cabinet No.=0, Subrack No.=0, Slot No.=7">
                <measResults>0 3 1 0 </measResults>
            </measValue>
        </measInfo>
        <measInfo measInfoId="1593835535">
            <granPeriod duration="PT3600S" endTime="2021-08-19T12:00:00+08:00"/>
            <repPeriod duration="PT3600S"/>
            <measTypes>1593835652 1593835653 1593835654 1593835655 1593835656 1593835657 1593835658 1593835659 1593835660 1593835661 1593835662 1593835663 1593835664 1593835665 1593835666 1593835667 1593835668 1593835669 1593835670 1593835671 </measTypes>
            <measValue measObjLdn="MMLG9276HUNB001/RADIOEQM:Cabinet No.=0, Subrack No.=60, Slot No.=0">
                <measResults>NIL NIL NIL NIL NIL NIL NIL NIL NIL NIL 0 0 0 5 0 0 0 0 0 0 </measResults>
            </measValue>
            <measValue measObjLdn="MMLG9276HUNB001/RADIOEQM:Cabinet No.=0, Subrack No.=61, Slot No.=0">
                <measResults>NIL NIL NIL NIL NIL NIL NIL NIL NIL NIL 0 0 0 0 0 0 0 0 0 0 </measResults>
            </measValue>
            <measValue measObjLdn="MMLG9276HUNB001/RADIOEQM:Cabinet No.=0, Subrack No.=62, Slot No.=0">
                <measResults>NIL NIL NIL NIL NIL NIL NIL NIL NIL NIL 0 0 0 10 0 0 0 0 0 0 </measResults>
            </measValue>
            <measValue measObjLdn="MMLG9276HUNB001/RADIOEQM:Cabinet No.=0, Subrack No.=80, Slot No.=0">
                <measResults>NIL NIL NIL NIL NIL NIL NIL NIL NIL NIL 0 0 0 0 0 0 0 0 0 0 </measResults>
            </measValue>
            <measValue measObjLdn="MMLG9276HUNB001/RADIOEQM:Cabinet No.=0, Subrack No.=81, Slot No.=0">
                <measResults>NIL NIL NIL NIL NIL NIL NIL NIL NIL NIL 0 0 0 15 0 0 0 0 0 0 </measResults>
            </measValue>
            <measValue measObjLdn="MMLG9276HUNB001/RADIOEQM:Cabinet No.=0, Subrack No.=82, Slot No.=0">
                <measResults>NIL NIL NIL NIL NIL NIL NIL NIL NIL NIL 0 0 0 0 0 0 0 0 0 0 </measResults>
            </measValue>
        </measInfo>
        <measInfo measInfoId="1593835539">
            <granPeriod duration="PT3600S" endTime="2021-08-19T12:00:00+08:00"/>
            <repPeriod duration="PT3600S"/>
            <measTypes>1593835767 </measTypes>
            <measValue measObjLdn="MMLG9276HUNB001/RADIOEQM:Cabinet No.=0, Subrack No.=60, Slot No.=0">
                <measResults>3600 </measResults>
            </measValue>
            <measValue measObjLdn="MMLG9276HUNB001/RADIOEQM:Cabinet No.=0, Subrack No.=61, Slot No.=0">
                <measResults>3600 </measResults>
            </measValue>
            <measValue measObjLdn="MMLG9276HUNB001/RADIOEQM:Cabinet No.=0, Subrack No.=62, Slot No.=0">
                <measResults>3600 </measResults>
            </measValue>
            <measValue measObjLdn="MMLG9276HUNB001/RADIOEQM:Cabinet No.=0, Subrack No.=80, Slot No.=0">
                <measResults>3600 </measResults>
            </measValue>
            <measValue measObjLdn="MMLG9276HUNB001/RADIOEQM:Cabinet No.=0, Subrack No.=81, Slot No.=0">
                <measResults>3600 </measResults>
            </measValue>
            <measValue measObjLdn="MMLG9276HUNB001/RADIOEQM:Cabinet No.=0, Subrack No.=82, Slot No.=0">
                <measResults>3600 </measResults>
            </measValue>
        </measInfo>
        <measInfo measInfoId="1593835544">
            <granPeriod duration="PT3600S" endTime="2021-08-19T12:00:00+08:00"/>
            <repPeriod duration="PT3600S"/>
            <measTypes>1593835835 </measTypes>
            <measValue measObjLdn="MMLG9276HUNB001/BU:Cabinet No.=0, Subrack No.=0">
                <measResults>0.23469362 </measResults>
            </measValue>
        </measInfo>
        <measInfo measInfoId="1593835545">
            <granPeriod duration="PT3600S" endTime="2021-08-19T12:00:00+08:00"/>
            <repPeriod duration="PT3600S"/>
            <measTypes>1593835836 </measTypes>
            <measValue measObjLdn="MMLG9276HUNB001/BTSBoard:Cabinet No.=0, Subrack No.=60, Slot No.=0">
                <measResults>0.152585 </measResults>
            </measValue>
            <measValue measObjLdn="MMLG9276HUNB001/BTSBoard:Cabinet No.=0, Subrack No.=61, Slot No.=0">
                <measResults>0.1486425 </measResults>
            </measValue>
            <measValue measObjLdn="MMLG9276HUNB001/BTSBoard:Cabinet No.=0, Subrack No.=62, Slot No.=0">
                <measResults>0.162045 </measResults>
            </measValue>
            <measValue measObjLdn="MMLG9276HUNB001/BTSBoard:Cabinet No.=0, Subrack No.=80, Slot No.=0">
                <measResults>0.19820583 </measResults>
            </measValue>
            <measValue measObjLdn="MMLG9276HUNB001/BTSBoard:Cabinet No.=0, Subrack No.=81, Slot No.=0">
                <measResults>0.18477499 </measResults>
            </measValue>
            <measValue measObjLdn="MMLG9276HUNB001/BTSBoard:Cabinet No.=0, Subrack No.=82, Slot No.=0">
                <measResults>0.23730752 </measResults>
            </measValue>
        </measInfo>
        <measInfo measInfoId="50331648">
            <granPeriod duration="PT3600S" endTime="2021-08-19T12:00:00+08:00"/>
            <repPeriod duration="PT3600S"/>
            <measTypes>50331654 50331655 50331656 50331657 50331658 50331659 50331660 50331661 50331662 50331663 50331664 50331665 50331666 50331667 50331668 50331669 50331670 50331671 50331672 50331673 50331674 50331675 50331676 50331677 50331678 50331679 50331680 50331681 50331682 50331683 50331684 50331685 50331686 50331687 50331688 50331689 50331690 50331691 50331692 50331693 50331694 50331695 50331696 50331697 50331698 50331699 50331709 50331710 50331711 50331712 50331713 50331714 50331717 50331718 50331719 50331720 50331721 50331722 50331723 50331724 50331745 50331746 50331754 50331755 50331756 50331757 50331758 50331759 50331760 50331761 50331762 50331763 50331764 50331765 50331766 50331767 50331768 50331769 50331770 50331771 50331772 50331773 50331774 50331775 50331776 50331777 50331778 50331779 50331780 50331781 50331782 50331783 50331784 50331785 50331786 50331787 50331788 50331789 50331790 50331791 50331792 50331793 50331794 50331795 50331796 50331797 50331798 50331799 50331800 50331801 50331802 50331803 50331804 50331805 50331806 50331807 50331808 50331809 50331810 50331811 50331812 50331813 50331814 50331815 50331816 50331817 50331818 50331819 50331820 50331821 50331838 50331839 50331840 50332168 50332169 50332170 50332173 50332174 50332215 50332216 50332217 50341648 50341649 50341650 50341651 50341652 50341653 50341654 50341655 50341656 50341657 50341658 50341659 50341668 50341669 50341670 50341671 50341672 50341675 50341676 50341677 50341678 50341679 50341680 50341685 50341686 50341687 50341688 50341689 50341690 50341691 50341692 50341693 50341694 50341695 50341696 50341697 50341698 50341699 50341700 50341701 50341702 50341703 50341704 50341705 50341706 50341707 50341708 50341709 50341710 50341711 50341712 50341713 50341714 50341715 50341716 50341717 50341722 50341739 50341740 </measTypes>
            <measValue measObjLdn="MMLG9276HUNB001/ULoCell:NodeB Function Name=MMLG9276HUNB001, Local Cell ID=10911, Cell Name=SNTYMU1">
                <measResults>169234 22313 24436 145521 20640 1544 804 725 0 0 0 0 0 0 3750 2356 691 929 1323 1663 3763 3807 7738 9594 15702 18967 26576 34456 42072 62271 53241 67731 60999 70797 67010 63763 65106 57288 48380 37421 34093 19025 9594 2882 1540 845 3802 202749 0 0 0 0 0 0 0 0 0 92042 120155 215999 239174 1017934237 0 30389 5190 335 730 3179 1445 10947 2615 2090 1513 3772 4543 5263 4148 7867 8775 10146 11471 14212 13965 14569 14674 13429 10497 6240 4182 3684 1928 1579 1287 1204 0 0 0 0 0 0 0 0 0 0 0 0 0 0 0 0 0 0 0 0 0 0 0 0 0 0 0 0 0 0 0 0 0 0 0 0 1017659424 221359 20379 0 0 0 0 0 0 0 0 29 279 0 77 908 0 30 228 79 593 978 122 280685 4269707 0 286999 2300697 3 37 0 58 668 0 0 6 0 0.981 11.299 12.635 14 0 11 33 0 0 0 0 0 0 0 NIL 754 814 577 0 0 0 0 0 0 0 0 0 0 0 0 17363 0 0 </measResults>
            </measValue>
            <measValue measObjLdn="MMLG9276HUNB001/ULoCell:NodeB Function Name=MMLG9276HUNB001, Local Cell ID=10912, Cell Name=SNTYMU2">
                <measResults>142432 17198 9816 125237 15503 1117 375 200 0 0 0 0 0 0 1523 7258 3682 3194 4372 4575 6509 5320 9211 10530 13114 13540 15242 17423 23290 34949 37030 42709 36107 34482 28553 22515 21206 16335 14824 16515 20286 8185 2154 903 546 558 1131 164838 0 0 0 0 0 0 0 0 0 60157 108191 169479 199927 934029168 0 13255 1716 462 2039 2552 2712 7061 3191 4299 4032 3901 4555 5363 4449 4917 7715 6447 10135 13289 13387 11475 8705 6324 6795 6000 6173 4261 1982 1212 528 394 0 0 0 0 0 0 0 0 0 0 0 0 0 0 0 0 0 0 0 0 0 0 0 0 0 0 0 0 0 0 0 0 0 0 0 0 933923236 189210 24632 0 0 0 0 0 0 0 0 23 249 0 64 915 0 29 220 81 609 791 105 257351 3817306 0 325349 2450962 3 53 0 57 668 0 0 2 0 0.855 11.896 13.24 14 0 13 14 0 0 0 0 0 0 0 NIL 785 835 639 0 0 0 0 0 0 0 0 0 0 0 0 16116 0 0 </measResults>
            </measValue>
            <measValue measObjLdn="MMLG9276HUNB001/ULoCell:NodeB Function Name=MMLG9276HUNB001, Local Cell ID=10913, Cell Name=SNTYMU3">
                <measResults>444513 45808 99802 386094 48919 4928 2615 1957 0 0 0 0 0 0 17311 3348 4068 3550 10539 12154 13833 7665 13502 17162 30880 43685 61680 73932 80614 108375 96793 103232 97122 97118 103055 87782 88344 72814 69482 71994 90442 76069 60891 40482 31038 20574 65238 572357 0 0 0 0 0 0 0 0 0 219064 305887 590189 740062 3256079135 0 65871 6205 2285 3132 19685 5849 43613 10436 9397 8750 16002 14051 20424 19512 28502 21293 22968 16625 17553 15619 17418 22417 23194 26349 19187 18876 17787 14794 12369 9222 40602 0 0 0 0 0 0 0 0 0 0 0 0 0 0 0 0 0 0 0 0 0 0 0 0 0 0 0 0 0 0 0 0 0 0 0 0 3255733043 557530 23249 0 0 0 0 0 0 0 0 81 346 1 199 991 0 82 261 199 643 998 309 896977 7822122 14 898775 2902838 10 61 0 138 717 0 0 9 0 2.256 10.944 11.3 13 0.005 12 82 4 0 0 0 0 0 0 NIL 689 791 460 0 0 0 0 0 0 0 0 0 0 0 0 19589 0 1 </measResults>
            </measValue>
            <measValue measObjLdn="MMLG9276HUNB001/ULoCell:NodeB Function Name=MMLG9276HUNB001, Local Cell ID=50911, Cell Name=SNTYMN4">
                <measResults>189199 28200 21307 160845 24675 2131 802 746 0 0 0 0 0 0 3426 1149 926 214 242 301 482 478 831 1089 1845 2714 4272 6745 9720 15465 14908 22617 25873 39316 51325 59407 69536 64587 67391 67206 90238 73814 35059 24537 29883 70467 13332 238533 0 0 0 0 0 0 0 0 0 109701 115705 238738 256467 1616346245 0 28689 6503 403 267 1642 750 12093 1283 1314 1120 3755 3214 6701 6667 7118 6479 7740 8932 10608 14078 15592 14567 11693 11839 9424 10996 12515 4899 5367 3060 9242 0 0 0 0 0 0 0 0 0 0 0 0 0 0 0 0 0 0 0 0 0 0 0 0 0 0 0 0 0 0 0 0 0 0 0 0 1616117027 240727 17127 0 0 0 0 0 0 0 0 33 288 0 91 986 0 36 237 99 657 919 133 446096 8974288 0 485415 3354105 5 84 0 81 875 0 0 0 0 1.241 13.512 13.606 14.09 0 9 27 0 0 0 0 0 0 0 NIL 897 917 832 0 0 0 0 0 0 0 0 0 0 0 0 21557 0 0 </measResults>
            </measValue>
            <measValue measObjLdn="MMLG9276HUNB001/ULoCell:NodeB Function Name=MMLG9276HUNB001, Local Cell ID=50912, Cell Name=SNTYMN5">
                <measResults>191388 24482 18490 165992 21810 1407 1386 793 0 0 0 0 0 0 2435 157 269 79 95 92 224 259 465 808 1708 2918 5160 8260 11330 15973 18859 26610 29819 37204 48230 58354 74716 68729 64432 53561 69058 41718 31826 25295 19524 20616 10232 234377 0 0 0 0 0 0 0 0 0 128248 95897 234377 251984 1838376424 0 21353 5645 214 336 1886 582 9952 872 1134 1282 3221 2815 5665 4924 5571 5945 6305 7206 9428 11265 13263 14483 15418 20207 19097 16212 14150 3201 3356 1882 7438 0 0 0 0 0 0 0 0 0 0 0 0 0 0 0 0 0 0 0 0 0 0 0 0 0 0 0 0 0 0 0 0 0 0 0 0 1838213208 228872 6600 0 0 0 0 0 0 0 0 32 258 0 97 994 0 36 246 109 739 886 127 507254 7240613 0 572521 3994126 5 86 0 86 880 0 0 1 0 1.335 13.911 13.712 14 0 3 22 0 0 0 0 0 0 0 NIL 898 918 810 0 0 0 0 0 0 0 0 0 0 0 0 21448 0 0 </measResults>
            </measValue>
            <measValue measObjLdn="MMLG9276HUNB001/ULoCell:NodeB Function Name=MMLG9276HUNB001, Local Cell ID=50913, Cell Name=SNTYMN6">
                <measResults>370601 39458 44632 327722 38675 2346 1082 776 0 0 0 0 0 0 8351 411 1420 290 372 455 887 703 1527 1991 3859 5440 8515 13476 18532 28094 27940 42838 51996 78547 110681 110239 152105 141307 173618 169200 281612 238963 217009 144594 114615 207289 37904 452770 0 0 0 0 0 0 0 0 0 169660 247184 454748 531705 2555182188 0 92068 8179 975 1219 5680 1904 39459 4959 3259 2557 9845 7068 31253 12523 10410 9922 12456 7163 9853 13713 18877 20697 16156 20685 14029 13639 16409 7683 10327 4871 26556 0 0 0 0 0 0 0 0 0 0 0 0 0 0 0 0 0 0 0 0 0 0 0 0 0 0 0 0 0 0 0 0 0 0 0 0 2554652494 434208 22793 0 0 0 0 0 0 0 0 63 271 3 137 993 2 63 255 137 559 999 241 703518 9526614 1184 704222 2919162 10 74 0 119 865 0 0 3 0 1.781 13.42 12.918 14 0.026 12 74 4 0 0 0 0 0 0 NIL 873 906 791 0 0 0 0 0 0 0 0 0 0 0 0 23442 0 0 </measResults>
            </measValue>
            <measValue measObjLdn="MMLG9276HUNB001/ULoCell:NodeB Function Name=MMLG9276HUNB001, Local Cell ID=60911, Cell Name=SNTYMN1">
                <measResults>198907 30501 29837 166818 27393 2246 1565 885 0 0 0 0 0 0 4600 2204 1049 736 995 1472 3737 3939 7831 10437 14835 18815 26283 34615 39518 55839 54575 58430 52788 65131 70346 61958 58455 40604 32338 26661 39432 35488 24130 16122 14019 15478 17355 251604 0 0 0 0 0 0 0 0 0 132300 109607 259262 280605 1684913558 0 31531 10648 205 509 2791 464 12455 2086 1156 1390 3955 3374 5924 5177 6193 5600 7577 8715 15061 12666 12607 13712 12569 14938 14140 14154 11408 6639 5149 4667 11676 0 0 0 0 0 0 0 0 0 0 0 0 0 0 0 0 0 0 0 0 0 0 0 0 0 0 0 0 0 0 0 0 0 0 0 0 1684193861 255317 17374 0 0 0 0 0 0 0 0 36 266 0 96 961 0 37 238 99 639 972 141 464758 5727403 0 478146 3296156 6 87 0 79 794 0 0 32 0 1.208 11.529 12.525 14 0 9 33 0 0 0 0 0 0 0 NIL 876 907 808 0 0 0 0 0 0 0 0 0 0 0 0 17949 0 0 </measResults>
            </measValue>
            <measValue measObjLdn="MMLG9276HUNB001/ULoCell:NodeB Function Name=MMLG9276HUNB001, Local Cell ID=60912, Cell Name=SNTYMN2">
                <measResults>171355 26292 27393 143497 23384 1972 1772 730 0 0 0 0 0 0 4412 788 429 347 428 578 1100 1787 3173 4094 6185 9854 20190 44004 77628 88663 56074 45335 39339 51307 56969 52408 59930 49538 39919 30951 35690 19531 12318 7138 4667 4958 13218 221600 0 0 0 0 0 0 0 0 0 113377 98456 225051 243711 1438688219 0 27073 6184 257 483 3084 556 14003 1870 1583 1439 2865 2708 4159 3255 5025 5817 7204 7664 9421 9208 11562 14647 15993 18754 13727 8828 6718 4530 5012 4819 6488 0 0 0 0 0 0 0 0 0 0 0 0 0 0 0 0 0 0 0 0 0 0 0 0 0 0 0 0 0 0 0 0 0 0 0 0 1438534556 223070 10872 0 0 0 0 0 0 0 0 31 208 0 85 808 0 32 242 88 663 964 123 396646 5277152 0 411459 3224764 5 92 0 72 701 0 0 3 0 1.097 11.309 12.836 14 0 5 25 0 0 0 0 0 0 0 NIL 880 911 824 0 0 0 0 0 0 0 0 0 0 0 0 19538 0 0 </measResults>
            </measValue>
            <measValue measObjLdn="MMLG9276HUNB001/ULoCell:NodeB Function Name=MMLG9276HUNB001, Local Cell ID=60913, Cell Name=SNTYMN3">
                <measResults>330747 39210 57011 287081 37774 3577 1383 932 0 0 0 0 0 0 10399 1465 1537 946 1409 1790 3646 3644 6997 7356 12169 16785 26341 32005 39854 60508 43779 67966 71002 97329 105076 95793 107419 96536 103201 104366 170837 155622 146105 122565 111676 126158 34620 419581 0 0 0 0 0 0 0 0 0 142552 249831 427003 488877 2016115389 0 81682 14659 598 1334 6894 2955 32613 4510 4031 5138 10231 8638 10893 10698 17592 28594 15984 13469 14589 11038 11871 14209 12963 16972 11087 11165 10405 9597 7910 7428 17081 0 0 0 0 0 0 0 0 0 0 0 0 0 0 0 0 0 0 0 0 0 0 0 0 0 0 0 0 0 0 0 0 0 0 0 0 2015701124 404237 25387 0 0 0 0 0 0 0 0 59 303 1 131 974 0 59 249 131 554 999 224 554996 11547824 611 555552 2477661 10 133 0 107 832 0 0 8 0 1.552 11.626 11.828 13 0.006 13 72 4 0 0 0 0 0 0 NIL 853 893 724 0 0 0 0 0 0 0 0 0 0 0 0 19478 0 0 </measResults>
            </measValue>
        </measInfo>
        <measInfo measInfoId="50331650">
            <granPeriod duration="PT3600S" endTime="2021-08-19T12:00:00+08:00"/>
            <repPeriod duration="PT3600S"/>
            <measTypes>50332548 50332549 50332550 50332554 50342548 50342549 50342550 50342554 50342612 50342613 50342615 50342616 </measTypes>
            <measValue measObjLdn="MMLG9276HUNB001/ULoCell:NodeB Function Name=MMLG9276HUNB001, Local Cell ID=10911, Cell Name=SNTYMU1">
                <measResults>0 0 13.257 7.404 0 0 26 16 0 0 0 0 </measResults>
            </measValue>
            <measValue measObjLdn="MMLG9276HUNB001/ULoCell:NodeB Function Name=MMLG9276HUNB001, Local Cell ID=10912, Cell Name=SNTYMU2">
                <measResults>0 0 6.476 3.651 0 0 19 10 0 0 0 0 </measResults>
            </measValue>
            <measValue measObjLdn="MMLG9276HUNB001/ULoCell:NodeB Function Name=MMLG9276HUNB001, Local Cell ID=10913, Cell Name=SNTYMU3">
                <measResults>0 0 31.137 17.043 0 0 75.5 30 0 0 0 0 </measResults>
            </measValue>
            <measValue measObjLdn="MMLG9276HUNB001/ULoCell:NodeB Function Name=MMLG9276HUNB001, Local Cell ID=50911, Cell Name=SNTYMN4">
                <measResults>0 0 7.694 2.985 0 0 20.5 10 0 0 0 0 </measResults>
            </measValue>
            <measValue measObjLdn="MMLG9276HUNB001/ULoCell:NodeB Function Name=MMLG9276HUNB001, Local Cell ID=50912, Cell Name=SNTYMN5">
                <measResults>0 0 6.438 2.701 0 0 23.5 11 0 0 0 0 </measResults>
            </measValue>
            <measValue measObjLdn="MMLG9276HUNB001/ULoCell:NodeB Function Name=MMLG9276HUNB001, Local Cell ID=50913, Cell Name=SNTYMN6">
                <measResults>0 0 23.305 9.793 0 0 46.5 23 0 0 0 0 </measResults>
            </measValue>
            <measValue measObjLdn="MMLG9276HUNB001/ULoCell:NodeB Function Name=MMLG9276HUNB001, Local Cell ID=60911, Cell Name=SNTYMN1">
                <measResults>0 0 14.446 7.653 0 0 52 16 0 0 0 0 </measResults>
            </measValue>
            <measValue measObjLdn="MMLG9276HUNB001/ULoCell:NodeB Function Name=MMLG9276HUNB001, Local Cell ID=60912, Cell Name=SNTYMN2">
                <measResults>0 0 10.044 5.035 0 0 26.5 12 0 0 0 0 </measResults>
            </measValue>
            <measValue measObjLdn="MMLG9276HUNB001/ULoCell:NodeB Function Name=MMLG9276HUNB001, Local Cell ID=60913, Cell Name=SNTYMN3">
                <measResults>0 0 28.663 14.51 0 0 63 25 0 0 0 0 </measResults>
            </measValue>
        </measInfo>
        <measInfo measInfoId="50331651">
            <granPeriod duration="PT3600S" endTime="2021-08-19T12:00:00+08:00"/>
            <repPeriod duration="PT3600S"/>
            <measTypes>50331850 50331851 50331852 50331853 50331854 50331855 50331856 50331857 50331858 50331859 50331860 50331861 50331862 50331863 50331864 50331865 50331866 50331867 50331868 50331869 50331870 50331871 50331872 50331873 50331874 50331875 50331876 50331877 50331878 50331879 50331885 50331886 50331887 50331888 50331889 50331892 50331903 50331904 50331908 50331925 50331926 50331927 50331928 50331929 50331930 50331931 50331957 50331958 50331959 50331961 50331962 50331963 50331964 50331965 50331966 50331967 50331971 50331972 50331973 50331974 50331987 50331988 50331989 50331990 50331991 50331992 50331993 50331995 50332378 50332379 50332380 50332385 50332386 50332387 50332498 50332499 50332500 50332501 50332503 50332507 50332623 50332638 50341849 50341850 50341851 50341852 50341853 50341854 50341855 50341856 50341857 50341858 50341859 50341864 50341865 50341866 50341868 50341869 50341870 50341871 50341872 50341873 50341874 50341875 50341876 50341877 50341878 50341879 50341880 50341881 50341882 50341883 50341884 50341885 50341886 50341887 50341888 50341889 50341890 50341891 50341892 50341893 50341894 50341895 50341896 50341897 50341898 50341980 50341981 50341982 50341983 50341984 50341985 50341986 50341994 50361698 50361699 50361701 </measTypes>
            <measValue measObjLdn="MMLG9276HUNB001/ULoCell:NodeB Function Name=MMLG9276HUNB001, Local Cell ID=10911, Cell Name=SNTYMU1">
                <measResults>1792157 3832 1574 619 346 208 333 181 130 90 90 44 53 62 111 46 5 1 4 6 11 7 0 0 0 93 124 405777 1796771 733426 333359 70199 7304473 207071 33701 1 156 307 377108 269 0 0 0 0 0 0 0 61 41 791 0 0 0 0 0 0 2093 5509 7153 119925 497 1623 5685 50589 77513 24726 4110 172784 168412 85159 69050 0.236 70464 103038 0 0 NIL NIL 0 0.166 0 0 49 0.538 2.454 0.018 0.074 1 0 0 0 79 0 36 30 0 NIL NIL 2.406 0.042 0.002 0 0 0 19.032 0 0 0 0 0 0 287542.531 1.879 0.105 0.05 0.035 0.046 0.01 0.002 0 2.109 0 0 114 NIL NIL 346 246.354 784.194 2576.658 20027.455 33211.258 13397.242 2535.568 46805.402 0 NIL 0 </measResults>
            </measValue>
            <measValue measObjLdn="MMLG9276HUNB001/ULoCell:NodeB Function Name=MMLG9276HUNB001, Local Cell ID=10912, Cell Name=SNTYMU2">
                <measResults>1798171 1347 226 24 19 25 27 12 18 11 12 16 18 11 27 8 6 4 1 0 0 0 0 0 0 24 30 276317 1713374 582573 199440 47704 3634831 108304 21813 1 170 274 282729 0 0 0 0 0 0 0 0 33 28 0 0 0 0 0 0 0 3293 3755 2510 39384 1205 2986 6559 38083 38436 13972 995 118857 106750 38343 52129 0.148 33667 76115 0 0 NIL NIL 0 0.118 0 0 63 0.409 3.409 0.01 0.053 2 0 0 0 39 0 22 19 0 NIL NIL 0.836 0.026 0.001 0 0 0 0 0 0 0 0 0 0 190517.25 1.353 0.083 0.04 0.028 0.036 0.009 0.001 0 0.716 0 0 151 NIL NIL 409 433.932 1031.064 1907.136 13028.952 17742.732 8709.966 839.82 23349.275 0 NIL 0 </measResults>
            </measValue>
            <measValue measObjLdn="MMLG9276HUNB001/ULoCell:NodeB Function Name=MMLG9276HUNB001, Local Cell ID=10913, Cell Name=SNTYMU3">
                <measResults>1785045 8596 1850 734 368 329 315 208 333 258 230 227 789 288 71 59 80 26 10 18 27 25 17 0 0 104 248 846629 1799699 1187160 569004 141324 8979613 513084 107862 3 318 642 861776 1093 748 620 260 122 40 0 1 129 105 1369 734 684 200 51 0 0 9263 13283 17148 255432 3002 9466 25972 124669 143614 144338 31409 726855 896991 249357 168347 0.57 662154 248648 0 0 NIL NIL 0 0.448 0 0 77 1.101 4.893 0.041 0.199 6 0 0 0 38 0 129 89 0 NIL NIL 2.036 0.085 0.008 0.016 0.026 0.002 220.35 126.288 122.076 44.862 7.356 0 0 939346.438 3.522 0.166 0.067 0.03 0.04 0.011 0.005 0.008 1.817 0 0 91 NIL NIL 585 438.024 1381.014 4334.742 28304.285 89053.773 505617.844 71872.305 516387.531 0 NIL 0 </measResults>
            </measValue>
            <measValue measObjLdn="MMLG9276HUNB001/ULoCell:NodeB Function Name=MMLG9276HUNB001, Local Cell ID=50911, Cell Name=SNTYMN4">
                <measResults>1723110 37287 14512 9122 6193 3261 1986 1266 1431 650 527 180 87 68 56 43 34 21 11 12 22 4 4 8 5 114 202 455249 1759448 789367 398147 121250 5706224 250395 67203 6 230 259 381901 1376 225 155 69 69 69 35 0 69 40 1799 127 84 20 20 20 0 11033 7477 4892 153460 302 334 1235 13898 42620 46292 29144 148885 200276 131784 57466 0.202 124105 82703 0 0 NIL NIL 0 0.136 0 0 66 0.639 4.288 0.02 0.092 2 0 0 0 80 0 47 30 0 NIL NIL 1.728 0.094 0.003 0.001 0 0 693.79 48.048 41.922 27.024 27.024 27.024 0 339179.813 1.727 0.12 0.048 0.023 0.035 0.008 0.002 0.001 1.424 0 0 100 NIL NIL 311 76.872 99.72 544.902 6110.742 19503.086 23416.621 20712.377 33936.035 0 NIL 0 </measResults>
            </measValue>
            <measValue measObjLdn="MMLG9276HUNB001/ULoCell:NodeB Function Name=MMLG9276HUNB001, Local Cell ID=50912, Cell Name=SNTYMN5">
                <measResults>392992 679039 401216 189406 71958 28862 15226 7954 6329 2708 1755 953 592 316 229 149 130 18 21 24 17 12 5 8 4 89 204 479452 1778685 814378 354147 89726 4966346 203806 42591 4 218 375 410880 12993 1027 544 283 196 73 73 0 40 28 19520 993 406 133 83 25 25 3767 2129 5028 106778 225 340 2816 19902 49775 52016 19003 208981 174044 99489 70622 0.242 89976 89816 0 0 NIL NIL 0 0.188 0 0 78 0.622 3.033 0.016 0.12 3 0 0 0 46 0 49 34 0 NIL NIL 1.241 0.094 0.003 0.001 0 0 9571.386 794.744 61.008 48.186 10.74 9.792 9.792 310836.438 1.805 0.113 0.048 0.022 0.031 0.005 0.002 0.001 1.023 0 0 66 NIL NIL 397 65.796 167.856 1404.318 6795.842 15654.914 22348.871 13800.226 39246.422 0 NIL 0 </measResults>
            </measValue>
            <measValue measObjLdn="MMLG9276HUNB001/ULoCell:NodeB Function Name=MMLG9276HUNB001, Local Cell ID=50913, Cell Name=SNTYMN6">
                <measResults>123710 349596 422963 376251 242188 131848 67936 33447 28307 10940 4806 2482 1444 978 659 416 252 182 183 162 184 182 259 305 59 271 1807 1679485 1799991 1560103 969975 312061 9784554 802574 202918 8 464 775 1005655 114097 3490 2296 991 798 599 424 8 262 180 324399 9661 5403 2471 2078 1527 1103 61264 56955 16761 315797 1085 394 3464 26547 77286 231907 192390 1264119 485687 293620 214945 0.772 264205 239033 0 0 NIL NIL 0 0.594 0 0 123 2.145 7.358 0.066 0.215 14 0 0 0 51 0 215 147 0 NIL NIL 2.392 0.128 0.004 0.001 0 0 89862.617 5651.122 3572.254 725.04 571.992 96.678 49.956 614998.375 4.428 0.297 0.126 0.057 0.061 0.011 0.002 0 1.869 0 0 67 NIL NIL 563 386.388 81.446 1061.1 9577.656 22235.688 60191.375 89038.852 127200.328 0 NIL 0 </measResults>
            </measValue>
            <measValue measObjLdn="MMLG9276HUNB001/ULoCell:NodeB Function Name=MMLG9276HUNB001, Local Cell ID=60911, Cell Name=SNTYMN1">
                <measResults>1292881 262193 116954 58161 27191 13149 6777 4210 5777 3928 2032 827 661 552 490 462 426 391 396 491 591 381 572 302 18 199 3465 891387 1797357 1120183 461681 192017 6480142 258407 77364 7 227 370 439702 12975 3710 2455 1646 1560 1037 485 7 74 66 25278 5786 3384 2497 2340 1414 666 13670 16334 5022 107157 304 2038 7934 43293 52142 33861 11006 275967 220312 109052 76169 0.376 123364 102958 0 0 NIL NIL 0 0.284 0 0 104 1.154 5.791 0.029 0.112 6 0 0 0 62 0 72 51 0 NIL NIL 1.569 0.061 0.002 0 0 0.002 47150.262 7216.2 310.374 207.93 185.67 78.336 36.618 364059.688 2.767 0.167 0.077 0.035 0.036 0.006 0.002 0 1.311 0 0 71 NIL NIL 467 74.832 755.01 3130.762 14738.772 19828.83 19183.324 27263.754 66580.812 0 NIL 0 </measResults>
            </measValue>
            <measValue measObjLdn="MMLG9276HUNB001/ULoCell:NodeB Function Name=MMLG9276HUNB001, Local Cell ID=60912, Cell Name=SNTYMN2">
                <measResults>0 0 0 105 12570 182246 552940 552596 396205 68982 15625 6772 3480 2114 1045 794 524 444 405 386 677 609 654 644 93 103 4181 644714 1797603 1432012 558234 124872 6473990 338561 45840 6 310 503 455340 1345873 19672 10457 5380 4595 2211 734 17 32 38 2459106 44392 23313 10461 8821 3975 1199 7071 24793 6749 44099 393 1193 4170 62936 65949 69781 28615 1109053 143124 52609 84907 0.842 57276 90402 0 0 NIL NIL 0 0.784 0 0 71 1.445 5.265 0.029 0.102 20 0 0 0 47 0 90 84 0 NIL NIL 1.276 0.037 0.002 0.002 0 0.001 319104.094 26963.189 13289.292 516.572 429.776 156.468 29.22 326887.125 3.387 0.161 0.075 0.035 0.032 0.006 0.003 0.003 1.1 0 1 59 NIL NIL 847 125.22 233.352 671.538 9361.266 19750.967 31258.367 21575.902 68201.141 0 NIL 0 </measResults>
            </measValue>
            <measValue measObjLdn="MMLG9276HUNB001/ULoCell:NodeB Function Name=MMLG9276HUNB001, Local Cell ID=60913, Cell Name=SNTYMN3">
                <measResults>0 0 0 0 0 0 0 0 0 0 2930 326781 763523 502914 141247 39099 14544 4772 2084 850 534 248 161 118 11 196 9807 1094878 1800012 1561003 1097397 332409 10364808 863075 241129 11 509 682 1073354 1561041 1561041 1560937 679965 179819 1478 0 20 206 164 4122076 4122076 4121972 2052194 661842 6071 0 42674 46470 25711 350349 934 9171 20952 124453 222850 235538 181035 1490882 403195 313198 272885 1.15 166716 256170 0 0 NIL NIL 0 0.96 0 0 75 2.29 8.108 0.058 0.193 12 2 0 0 44 0 214 152 3 NIL NIL 2.302 0.131 0.002 0.002 0 0 608063.938 608063.938 608032.563 319741.188 123648.914 1059.106 0 608063.938 5.029 0.306 0.118 0.056 0.063 0.008 0.003 0.003 1.802 0 50 62 NIL NIL 483 203.448 1987.332 3861.816 23328.391 50326.266 54735.973 63095.094 137466.406 0 NIL 0 </measResults>
            </measValue>
        </measInfo>
        <measInfo measInfoId="50331653">
            <granPeriod duration="PT3600S" endTime="2021-08-19T12:00:00+08:00"/>
            <repPeriod duration="PT3600S"/>
            <measTypes>50331748 50331749 50331750 50331751 50331752 50331753 50361697 </measTypes>
            <measValue measObjLdn="MMLG9276HUNB001/ULoCell:NodeB Function Name=MMLG9276HUNB001, Local Cell ID=10911, Cell Name=SNTYMU1">
                <measResults>0.696 0.628 0.696 0.6 0 0 0.089 </measResults>
            </measValue>
            <measValue measObjLdn="MMLG9276HUNB001/ULoCell:NodeB Function Name=MMLG9276HUNB001, Local Cell ID=10912, Cell Name=SNTYMU2">
                <measResults>0.131 0.117 0.131 0.079 0 0 0.08 </measResults>
            </measValue>
            <measValue measObjLdn="MMLG9276HUNB001/ULoCell:NodeB Function Name=MMLG9276HUNB001, Local Cell ID=10913, Cell Name=SNTYMU3">
                <measResults>0.338 0.279 0.338 0.242 0 0 0.069 </measResults>
            </measValue>
            <measValue measObjLdn="MMLG9276HUNB001/ULoCell:NodeB Function Name=MMLG9276HUNB001, Local Cell ID=50911, Cell Name=SNTYMN4">
                <measResults>0.549 0.447 0.549 0.424 0 0 0.113 </measResults>
            </measValue>
            <measValue measObjLdn="MMLG9276HUNB001/ULoCell:NodeB Function Name=MMLG9276HUNB001, Local Cell ID=50912, Cell Name=SNTYMN5">
                <measResults>0.229 0.172 0.229 0.161 0 0 0.094 </measResults>
            </measValue>
            <measValue measObjLdn="MMLG9276HUNB001/ULoCell:NodeB Function Name=MMLG9276HUNB001, Local Cell ID=50913, Cell Name=SNTYMN6">
                <measResults>0.89 0.703 0.89 0.607 0 0 0.403 </measResults>
            </measValue>
            <measValue measObjLdn="MMLG9276HUNB001/ULoCell:NodeB Function Name=MMLG9276HUNB001, Local Cell ID=60911, Cell Name=SNTYMN1">
                <measResults>0.818 0.707 0.818 0.669 0 0 0.085 </measResults>
            </measValue>
            <measValue measObjLdn="MMLG9276HUNB001/ULoCell:NodeB Function Name=MMLG9276HUNB001, Local Cell ID=60912, Cell Name=SNTYMN2">
                <measResults>0.203 0.169 0.203 0.135 0 0 0.067 </measResults>
            </measValue>
            <measValue measObjLdn="MMLG9276HUNB001/ULoCell:NodeB Function Name=MMLG9276HUNB001, Local Cell ID=60913, Cell Name=SNTYMN3">
                <measResults>1.107 0.956 1.107 0.924 0 0 0.493 </measResults>
            </measValue>
        </measInfo>
        <measInfo measInfoId="50331658">
            <granPeriod duration="PT3600S" endTime="2021-08-19T12:00:00+08:00"/>
            <repPeriod duration="PT3600S"/>
            <measTypes>50332250 50332251 50332410 50332411 </measTypes>
            <measValue measObjLdn="MMLG9276HUNB001/ULoCell:NodeB Function Name=MMLG9276HUNB001, Local Cell ID=10911, Cell Name=SNTYMU1">
                <measResults>0 0 0 0 </measResults>
            </measValue>
            <measValue measObjLdn="MMLG9276HUNB001/ULoCell:NodeB Function Name=MMLG9276HUNB001, Local Cell ID=10912, Cell Name=SNTYMU2">
                <measResults>0 0 0 0 </measResults>
            </measValue>
            <measValue measObjLdn="MMLG9276HUNB001/ULoCell:NodeB Function Name=MMLG9276HUNB001, Local Cell ID=10913, Cell Name=SNTYMU3">
                <measResults>0 0 0 0 </measResults>
            </measValue>
            <measValue measObjLdn="MMLG9276HUNB001/ULoCell:NodeB Function Name=MMLG9276HUNB001, Local Cell ID=50911, Cell Name=SNTYMN4">
                <measResults>0 0 0 0 </measResults>
            </measValue>
            <measValue measObjLdn="MMLG9276HUNB001/ULoCell:NodeB Function Name=MMLG9276HUNB001, Local Cell ID=50912, Cell Name=SNTYMN5">
                <measResults>0 0 0 0 </measResults>
            </measValue>
            <measValue measObjLdn="MMLG9276HUNB001/ULoCell:NodeB Function Name=MMLG9276HUNB001, Local Cell ID=50913, Cell Name=SNTYMN6">
                <measResults>0 0 0 0 </measResults>
            </measValue>
            <measValue measObjLdn="MMLG9276HUNB001/ULoCell:NodeB Function Name=MMLG9276HUNB001, Local Cell ID=60911, Cell Name=SNTYMN1">
                <measResults>0 0 0 0 </measResults>
            </measValue>
            <measValue measObjLdn="MMLG9276HUNB001/ULoCell:NodeB Function Name=MMLG9276HUNB001, Local Cell ID=60912, Cell Name=SNTYMN2">
                <measResults>0 0 0 0 </measResults>
            </measValue>
            <measValue measObjLdn="MMLG9276HUNB001/ULoCell:NodeB Function Name=MMLG9276HUNB001, Local Cell ID=60913, Cell Name=SNTYMN3">
                <measResults>0 0 0 0 </measResults>
            </measValue>
        </measInfo>
        <measInfo measInfoId="50331660">
            <granPeriod duration="PT3600S" endTime="2021-08-19T12:00:00+08:00"/>
            <repPeriod duration="PT3600S"/>
            <measTypes>50361670 50361671 50361672 50361673 </measTypes>
            <measValue measObjLdn="MMLG9276HUNB001/ULoCell:NodeB Function Name=MMLG9276HUNB001, Local Cell ID=10911, Cell Name=SNTYMU1">
                <measResults>0 0 0 0 </measResults>
            </measValue>
            <measValue measObjLdn="MMLG9276HUNB001/ULoCell:NodeB Function Name=MMLG9276HUNB001, Local Cell ID=10912, Cell Name=SNTYMU2">
                <measResults>0 0 0 0 </measResults>
            </measValue>
            <measValue measObjLdn="MMLG9276HUNB001/ULoCell:NodeB Function Name=MMLG9276HUNB001, Local Cell ID=10913, Cell Name=SNTYMU3">
                <measResults>0 0 0 0 </measResults>
            </measValue>
            <measValue measObjLdn="MMLG9276HUNB001/ULoCell:NodeB Function Name=MMLG9276HUNB001, Local Cell ID=50911, Cell Name=SNTYMN4">
                <measResults>0 0 0 0 </measResults>
            </measValue>
            <measValue measObjLdn="MMLG9276HUNB001/ULoCell:NodeB Function Name=MMLG9276HUNB001, Local Cell ID=50912, Cell Name=SNTYMN5">
                <measResults>0 0 0 0 </measResults>
            </measValue>
            <measValue measObjLdn="MMLG9276HUNB001/ULoCell:NodeB Function Name=MMLG9276HUNB001, Local Cell ID=50913, Cell Name=SNTYMN6">
                <measResults>0 0 0 0 </measResults>
            </measValue>
            <measValue measObjLdn="MMLG9276HUNB001/ULoCell:NodeB Function Name=MMLG9276HUNB001, Local Cell ID=60911, Cell Name=SNTYMN1">
                <measResults>0 0 0 0 </measResults>
            </measValue>
            <measValue measObjLdn="MMLG9276HUNB001/ULoCell:NodeB Function Name=MMLG9276HUNB001, Local Cell ID=60912, Cell Name=SNTYMN2">
                <measResults>0 0 0 0 </measResults>
            </measValue>
            <measValue measObjLdn="MMLG9276HUNB001/ULoCell:NodeB Function Name=MMLG9276HUNB001, Local Cell ID=60913, Cell Name=SNTYMN3">
                <measResults>0 0 0 0 </measResults>
            </measValue>
        </measInfo>
        <measInfo measInfoId="50331661">
            <granPeriod duration="PT3600S" endTime="2021-08-19T12:00:00+08:00"/>
            <repPeriod duration="PT3600S"/>
            <measTypes>50332048 50332049 50332050 50332051 </measTypes>
            <measValue measObjLdn="MMLG9276HUNB001/ULoCell:NodeB Function Name=MMLG9276HUNB001, Local Cell ID=10911, Cell Name=SNTYMU1">
                <measResults>25722 0 172751 0 </measResults>
            </measValue>
            <measValue measObjLdn="MMLG9276HUNB001/ULoCell:NodeB Function Name=MMLG9276HUNB001, Local Cell ID=10912, Cell Name=SNTYMU2">
                <measResults>9036 0 172532 0 </measResults>
            </measValue>
            <measValue measObjLdn="MMLG9276HUNB001/ULoCell:NodeB Function Name=MMLG9276HUNB001, Local Cell ID=10913, Cell Name=SNTYMU3">
                <measResults>44292 0 175062 0 </measResults>
            </measValue>
            <measValue measObjLdn="MMLG9276HUNB001/ULoCell:NodeB Function Name=MMLG9276HUNB001, Local Cell ID=50911, Cell Name=SNTYMN4">
                <measResults>26030 0 172798 0 </measResults>
            </measValue>
            <measValue measObjLdn="MMLG9276HUNB001/ULoCell:NodeB Function Name=MMLG9276HUNB001, Local Cell ID=50912, Cell Name=SNTYMN5">
                <measResults>19919 0 172839 0 </measResults>
            </measValue>
            <measValue measObjLdn="MMLG9276HUNB001/ULoCell:NodeB Function Name=MMLG9276HUNB001, Local Cell ID=50913, Cell Name=SNTYMN6">
                <measResults>59252 0 175853 0 </measResults>
            </measValue>
            <measValue measObjLdn="MMLG9276HUNB001/ULoCell:NodeB Function Name=MMLG9276HUNB001, Local Cell ID=60911, Cell Name=SNTYMN1">
                <measResults>28469 0 173238 0 </measResults>
            </measValue>
            <measValue measObjLdn="MMLG9276HUNB001/ULoCell:NodeB Function Name=MMLG9276HUNB001, Local Cell ID=60912, Cell Name=SNTYMN2">
                <measResults>18500 0 172845 0 </measResults>
            </measValue>
            <measValue measObjLdn="MMLG9276HUNB001/ULoCell:NodeB Function Name=MMLG9276HUNB001, Local Cell ID=60913, Cell Name=SNTYMN3">
                <measResults>39903 0 174655 0 </measResults>
            </measValue>
        </measInfo>
        <measInfo measInfoId="50331662">
            <granPeriod duration="PT3600S" endTime="2021-08-19T12:00:00+08:00"/>
            <repPeriod duration="PT3600S"/>
            <measTypes>50332052 50332053 50332054 50332070 50332505 </measTypes>
            <measValue measObjLdn="MMLG9276HUNB001/ULoCell:NodeB Function Name=MMLG9276HUNB001, Local Cell ID=10911, Cell Name=SNTYMU1">
                <measResults>39 104 757349 0 0 </measResults>
            </measValue>
            <measValue measObjLdn="MMLG9276HUNB001/ULoCell:NodeB Function Name=MMLG9276HUNB001, Local Cell ID=10912, Cell Name=SNTYMU2">
                <measResults>0 79 408646 0 0 </measResults>
            </measValue>
            <measValue measObjLdn="MMLG9276HUNB001/ULoCell:NodeB Function Name=MMLG9276HUNB001, Local Cell ID=10913, Cell Name=SNTYMU3">
                <measResults>150 199 1326539 0 0 </measResults>
            </measValue>
            <measValue measObjLdn="MMLG9276HUNB001/ULoCell:NodeB Function Name=MMLG9276HUNB001, Local Cell ID=50911, Cell Name=SNTYMN4">
                <measResults>0 32 183772 0 0 </measResults>
            </measValue>
            <measValue measObjLdn="MMLG9276HUNB001/ULoCell:NodeB Function Name=MMLG9276HUNB001, Local Cell ID=50912, Cell Name=SNTYMN5">
                <measResults>0 33 163522 0 0 </measResults>
            </measValue>
            <measValue measObjLdn="MMLG9276HUNB001/ULoCell:NodeB Function Name=MMLG9276HUNB001, Local Cell ID=50913, Cell Name=SNTYMN6">
                <measResults>0 95 297496 0 0 </measResults>
            </measValue>
            <measValue measObjLdn="MMLG9276HUNB001/ULoCell:NodeB Function Name=MMLG9276HUNB001, Local Cell ID=60911, Cell Name=SNTYMN1">
                <measResults>59 72 770113 0 0 </measResults>
            </measValue>
            <measValue measObjLdn="MMLG9276HUNB001/ULoCell:NodeB Function Name=MMLG9276HUNB001, Local Cell ID=60912, Cell Name=SNTYMN2">
                <measResults>43 48 574140 0 0 </measResults>
            </measValue>
            <measValue measObjLdn="MMLG9276HUNB001/ULoCell:NodeB Function Name=MMLG9276HUNB001, Local Cell ID=60913, Cell Name=SNTYMN3">
                <measResults>59 85 1164594 0 0 </measResults>
            </measValue>
        </measInfo>
        <measInfo measInfoId="50331663">
            <granPeriod duration="PT3600S" endTime="2021-08-19T12:00:00+08:00"/>
            <repPeriod duration="PT3600S"/>
            <measTypes>50331917 50332061 50332064 50332065 50332069 50332071 50332072 50332073 50332074 50332079 50332258 50332388 50332389 50332504 50332626 50332632 50332639 50332640 50332641 50332645 50342048 50342049 50342050 50342051 50361705 50361706 50361725 50361726 50361735 50361740 50361743 50361744 50361747 50361749 50361751 50361753 50361755 50361757 50361759 50361761 50361763 50361765 50361767 50361769 50361771 50361773 50361775 50361777 50361779 50361781 50361783 50361785 50361787 50361789 50361791 50361793 50361795 </measTypes>
            <measValue measObjLdn="MMLG9276HUNB001/ULoCell:NodeB Function Name=MMLG9276HUNB001, Local Cell ID=10911, Cell Name=SNTYMU1">
                <measResults>1000 0 256 0 0 0 0 0 0 0 4.035 0 1.09 0 0 0 3600 0 NIL 0 6 57.895 0 0 0 0 0 NIL NIL NIL NIL NIL NIL NIL NIL NIL NIL NIL NIL NIL NIL NIL NIL NIL NIL NIL NIL NIL NIL NIL NIL NIL NIL NIL NIL NIL NIL </measResults>
            </measValue>
            <measValue measObjLdn="MMLG9276HUNB001/ULoCell:NodeB Function Name=MMLG9276HUNB001, Local Cell ID=10912, Cell Name=SNTYMU2">
                <measResults>997.825 0 256 0 0 0 0 0 0 0 2.346 0 0.649 0 0 0 3600 0 NIL 0 2 46.139 0 0 0 0 0 NIL NIL NIL NIL NIL NIL NIL NIL NIL NIL NIL NIL NIL NIL NIL NIL NIL NIL NIL NIL NIL NIL NIL NIL NIL NIL NIL NIL NIL NIL </measResults>
            </measValue>
            <measValue measObjLdn="MMLG9276HUNB001/ULoCell:NodeB Function Name=MMLG9276HUNB001, Local Cell ID=10913, Cell Name=SNTYMU3">
                <measResults>999.928 2 256 0 0 0 0 0 0 0 5.528 0 2.154 0 0 0 3600 0 NIL 0 17 96.847 0 0 0 0 0 NIL NIL NIL NIL NIL NIL NIL NIL NIL NIL NIL NIL NIL NIL NIL NIL NIL NIL NIL NIL NIL NIL NIL NIL NIL NIL NIL NIL NIL NIL </measResults>
            </measValue>
            <measValue measObjLdn="MMLG9276HUNB001/ULoCell:NodeB Function Name=MMLG9276HUNB001, Local Cell ID=50911, Cell Name=SNTYMN4">
                <measResults>998.882 1 256 0 0 0 0 0 0 0 0.85 0 0.996 33.333 0 0 0 0 NIL 0 11 50.373 0 0 0 0 0 NIL NIL NIL NIL NIL NIL NIL NIL NIL NIL NIL NIL NIL NIL NIL NIL NIL NIL NIL NIL NIL NIL NIL NIL NIL NIL NIL NIL NIL NIL </measResults>
            </measValue>
            <measValue measObjLdn="MMLG9276HUNB001/ULoCell:NodeB Function Name=MMLG9276HUNB001, Local Cell ID=50912, Cell Name=SNTYMN5">
                <measResults>987.189 0 256 0 0 0 0 0 0 0 0.907 0 0.926 41.667 0 0 0 0 NIL 0 8 50.731 0 0 0 0 0 NIL NIL NIL NIL NIL NIL NIL NIL NIL NIL NIL NIL NIL NIL NIL NIL NIL NIL NIL NIL NIL NIL NIL NIL NIL NIL NIL NIL NIL NIL </measResults>
            </measValue>
            <measValue measObjLdn="MMLG9276HUNB001/ULoCell:NodeB Function Name=MMLG9276HUNB001, Local Cell ID=50913, Cell Name=SNTYMN6">
                <measResults>996.154 4 256 0 0 0 0 0 0 0 1.276 0 2.81 0 0 0 0 0 NIL 0 18 65.466 0 2.31 0 0 0 1 NIL NIL NIL NIL NIL NIL NIL NIL NIL NIL NIL NIL NIL NIL NIL NIL NIL NIL NIL NIL NIL NIL NIL NIL NIL NIL NIL NIL NIL </measResults>
            </measValue>
            <measValue measObjLdn="MMLG9276HUNB001/ULoCell:NodeB Function Name=MMLG9276HUNB001, Local Cell ID=60911, Cell Name=SNTYMN1">
                <measResults>999.031 3 256 0 0 0 0 0 0 0 3.832 0 1.267 0 0 0 3600 0 NIL 0 11 61.744 0 0 0 0 0 NIL NIL NIL NIL NIL NIL NIL NIL NIL NIL NIL NIL NIL NIL NIL NIL NIL NIL NIL NIL NIL NIL NIL NIL NIL NIL NIL NIL NIL NIL </measResults>
            </measValue>
            <measValue measObjLdn="MMLG9276HUNB001/ULoCell:NodeB Function Name=MMLG9276HUNB001, Local Cell ID=60912, Cell Name=SNTYMN2">
                <measResults>988.743 1 256 0 0 0 0 0 0 0 2.704 0 1.234 0 0 0 3600 0 NIL 0 8 57.714 0 0 0 0 0 NIL NIL NIL NIL NIL NIL NIL NIL NIL NIL NIL NIL NIL NIL NIL NIL NIL NIL NIL NIL NIL NIL NIL NIL NIL NIL NIL NIL NIL NIL </measResults>
            </measValue>
            <measValue measObjLdn="MMLG9276HUNB001/ULoCell:NodeB Function Name=MMLG9276HUNB001, Local Cell ID=60913, Cell Name=SNTYMN3">
                <measResults>858.508 6 256 0 0 0 0 0 0 0 4.678 0 2.748 0 0 0 3600 0 NIL 0 16 79.464 0 3.64 0 0 0 0.999 NIL NIL NIL NIL NIL NIL NIL NIL NIL NIL NIL NIL NIL NIL NIL NIL NIL NIL NIL NIL NIL NIL NIL NIL NIL NIL NIL NIL NIL </measResults>
            </measValue>
        </measInfo>
        <measInfo measInfoId="50331665">
            <granPeriod duration="PT3600S" endTime="2021-08-19T12:00:00+08:00"/>
            <repPeriod duration="PT3600S"/>
            <measTypes>50331740 50331741 50331742 50331743 50331744 50331909 50331910 50331911 50331912 50331913 50332381 50332382 50332576 50332577 </measTypes>
            <measValue measObjLdn="MMLG9276HUNB001/ULoCell:NodeB Function Name=MMLG9276HUNB001, Local Cell ID=10911, Cell Name=SNTYMU1">
                <measResults>0 0 0 0 0 0 0 0 0 0 0 0 0 0 </measResults>
            </measValue>
            <measValue measObjLdn="MMLG9276HUNB001/ULoCell:NodeB Function Name=MMLG9276HUNB001, Local Cell ID=10912, Cell Name=SNTYMU2">
                <measResults>0 0 0 0 0 0 0 0 0 0 0 0 0 0 </measResults>
            </measValue>
            <measValue measObjLdn="MMLG9276HUNB001/ULoCell:NodeB Function Name=MMLG9276HUNB001, Local Cell ID=10913, Cell Name=SNTYMU3">
                <measResults>0 0 0 0 0 0 0 0 0 0 0 0 0 0 </measResults>
            </measValue>
            <measValue measObjLdn="MMLG9276HUNB001/ULoCell:NodeB Function Name=MMLG9276HUNB001, Local Cell ID=50911, Cell Name=SNTYMN4">
                <measResults>0 0 0 0 0 0 0 0 0 0 0 0 0 0 </measResults>
            </measValue>
            <measValue measObjLdn="MMLG9276HUNB001/ULoCell:NodeB Function Name=MMLG9276HUNB001, Local Cell ID=50912, Cell Name=SNTYMN5">
                <measResults>0 0 0 0 0 0 0 0 0 0 0 0 0 0 </measResults>
            </measValue>
            <measValue measObjLdn="MMLG9276HUNB001/ULoCell:NodeB Function Name=MMLG9276HUNB001, Local Cell ID=50913, Cell Name=SNTYMN6">
                <measResults>0 0 0 0 0 0 0 0 0 0 0 0 0 0 </measResults>
            </measValue>
            <measValue measObjLdn="MMLG9276HUNB001/ULoCell:NodeB Function Name=MMLG9276HUNB001, Local Cell ID=60911, Cell Name=SNTYMN1">
                <measResults>0 0 0 0 0 0 0 0 0 0 0 0 0 0 </measResults>
            </measValue>
            <measValue measObjLdn="MMLG9276HUNB001/ULoCell:NodeB Function Name=MMLG9276HUNB001, Local Cell ID=60912, Cell Name=SNTYMN2">
                <measResults>0 0 0 0 0 0 0 0 0 0 0 0 0 0 </measResults>
            </measValue>
            <measValue measObjLdn="MMLG9276HUNB001/ULoCell:NodeB Function Name=MMLG9276HUNB001, Local Cell ID=60913, Cell Name=SNTYMN3">
                <measResults>0 0 0 0 0 0 0 0 0 0 0 0 0 0 </measResults>
            </measValue>
        </measInfo>
        <measInfo measInfoId="50331673">
            <granPeriod duration="PT3600S" endTime="2021-08-19T12:00:00+08:00"/>
            <repPeriod duration="PT3600S"/>
            <measTypes>50332055 50332056 50332057 50332058 50332059 50332060 50332278 50332279 50332280 50332281 50332282 50332283 50332284 50332285 50332286 50361648 50361649 50361650 50361651 </measTypes>
            <measValue measObjLdn="MMLG9276HUNB001/ULoCell:NodeB Function Name=MMLG9276HUNB001, Local Cell ID=10911, Cell Name=SNTYMU1">
                <measResults>22 35 11 0 0 0 11 10 1 2 6 0 0 4 5 0 0 0 0 </measResults>
            </measValue>
            <measValue measObjLdn="MMLG9276HUNB001/ULoCell:NodeB Function Name=MMLG9276HUNB001, Local Cell ID=10912, Cell Name=SNTYMU2">
                <measResults>16 21 7 0 0 0 5 5 0 2 1 0 0 3 1 0 0 0 0 </measResults>
            </measValue>
            <measValue measObjLdn="MMLG9276HUNB001/ULoCell:NodeB Function Name=MMLG9276HUNB001, Local Cell ID=10913, Cell Name=SNTYMU3">
                <measResults>39 50 38 0 0 0 24 27 3 6 6 0 0 11 23 0 0 0 0 </measResults>
            </measValue>
            <measValue measObjLdn="MMLG9276HUNB001/ULoCell:NodeB Function Name=MMLG9276HUNB001, Local Cell ID=50911, Cell Name=SNTYMN4">
                <measResults>8 4 0 0 0 0 7 6 5 8 14 0 1 10 12 0 0 0 0 </measResults>
            </measValue>
            <measValue measObjLdn="MMLG9276HUNB001/ULoCell:NodeB Function Name=MMLG9276HUNB001, Local Cell ID=50912, Cell Name=SNTYMN5">
                <measResults>8 4 0 0 0 0 3 4 3 6 5 0 0 7 6 0 0 0 0 </measResults>
            </measValue>
            <measValue measObjLdn="MMLG9276HUNB001/ULoCell:NodeB Function Name=MMLG9276HUNB001, Local Cell ID=50913, Cell Name=SNTYMN6">
                <measResults>22 6 2 0 0 0 13 12 11 25 20 3 2 25 16 0 0 0 0 </measResults>
            </measValue>
            <measValue measObjLdn="MMLG9276HUNB001/ULoCell:NodeB Function Name=MMLG9276HUNB001, Local Cell ID=60911, Cell Name=SNTYMN1">
                <measResults>13 13 6 0 0 0 30 30 5 10 10 1 1 12 9 0 0 0 0 </measResults>
            </measValue>
            <measValue measObjLdn="MMLG9276HUNB001/ULoCell:NodeB Function Name=MMLG9276HUNB001, Local Cell ID=60912, Cell Name=SNTYMN2">
                <measResults>17 8 5 0 0 0 9 9 4 8 4 1 0 7 3 0 0 0 0 </measResults>
            </measValue>
            <measValue measObjLdn="MMLG9276HUNB001/ULoCell:NodeB Function Name=MMLG9276HUNB001, Local Cell ID=60913, Cell Name=SNTYMN3">
                <measResults>19 17 16 0 0 0 46 42 9 18 15 2 3 23 15 0 0 0 0 </measResults>
            </measValue>
        </measInfo>
        <measInfo measInfoId="50331674">
            <granPeriod duration="PT3600S" endTime="2021-08-19T12:00:00+08:00"/>
            <repPeriod duration="PT3600S"/>
            <measTypes>50332161 50332162 50332163 50332164 50332165 50341718 50341719 50341720 50341721 </measTypes>
            <measValue measObjLdn="MMLG9276HUNB001/ULoCell:NodeB Function Name=MMLG9276HUNB001, Local Cell ID=10911, Cell Name=SNTYMU1">
                <measResults>0 0 0 0 0 0 0 0 0 </measResults>
            </measValue>
            <measValue measObjLdn="MMLG9276HUNB001/ULoCell:NodeB Function Name=MMLG9276HUNB001, Local Cell ID=10912, Cell Name=SNTYMU2">
                <measResults>0 0 0 0 0 0 0 0 0 </measResults>
            </measValue>
            <measValue measObjLdn="MMLG9276HUNB001/ULoCell:NodeB Function Name=MMLG9276HUNB001, Local Cell ID=10913, Cell Name=SNTYMU3">
                <measResults>0 0 0 0 0 0 0 0 0 </measResults>
            </measValue>
            <measValue measObjLdn="MMLG9276HUNB001/ULoCell:NodeB Function Name=MMLG9276HUNB001, Local Cell ID=50911, Cell Name=SNTYMN4">
                <measResults>0 0 0 0 0 0 0 0 0 </measResults>
            </measValue>
            <measValue measObjLdn="MMLG9276HUNB001/ULoCell:NodeB Function Name=MMLG9276HUNB001, Local Cell ID=50912, Cell Name=SNTYMN5">
                <measResults>0 0 0 0 0 0 0 0 0 </measResults>
            </measValue>
            <measValue measObjLdn="MMLG9276HUNB001/ULoCell:NodeB Function Name=MMLG9276HUNB001, Local Cell ID=50913, Cell Name=SNTYMN6">
                <measResults>0 0 0 0 0 0 0 0 0 </measResults>
            </measValue>
            <measValue measObjLdn="MMLG9276HUNB001/ULoCell:NodeB Function Name=MMLG9276HUNB001, Local Cell ID=60911, Cell Name=SNTYMN1">
                <measResults>0 0 0 0 0 0 0 0 0 </measResults>
            </measValue>
            <measValue measObjLdn="MMLG9276HUNB001/ULoCell:NodeB Function Name=MMLG9276HUNB001, Local Cell ID=60912, Cell Name=SNTYMN2">
                <measResults>0 0 0 0 0 0 0 0 0 </measResults>
            </measValue>
            <measValue measObjLdn="MMLG9276HUNB001/ULoCell:NodeB Function Name=MMLG9276HUNB001, Local Cell ID=60913, Cell Name=SNTYMN3">
                <measResults>0 0 0 0 0 0 0 0 0 </measResults>
            </measValue>
        </measInfo>
        <measInfo measInfoId="50331676">
            <granPeriod duration="PT3600S" endTime="2021-08-19T12:00:00+08:00"/>
            <repPeriod duration="PT3600S"/>
            <measTypes>50331747 50332175 50332176 50332177 50332178 50332179 50332180 50332181 50332182 50332183 50332184 50332185 50332186 50332187 50332188 50332189 50332190 50332192 50332193 50332194 50332195 50332196 50332197 50332198 50332199 50332200 50332201 50332202 50332203 50332204 50332205 50332206 50332207 50332208 50332209 50332210 50332211 50332212 50332213 50332214 50332219 50332232 50332233 50332234 50332235 50332236 50332237 50332238 50332245 50332246 50332648 50332649 50332650 50332651 50332652 50332653 50332654 50332655 50332656 50332657 50332658 50332670 50332848 50332849 50332850 50332853 50332854 50332855 50332856 50332865 50332866 50332867 50332868 50332869 50332870 50332871 50332872 50332873 50332874 50332875 50332876 50332877 50332878 50332879 50332880 50332881 50332882 50332883 50332884 50332885 50332886 50332887 50332888 50332889 50332890 50332891 50332892 50332894 50332895 50332896 50332897 50332898 50332899 50332900 50332901 50332902 50332903 50332904 50332905 50332906 50332907 50332908 50332909 50332910 50332943 50332944 50332945 50332946 50332947 50332948 50332949 50332950 50332951 50332952 50332953 50332954 50332955 50332956 50332957 50332958 50332959 50332960 50332961 50332962 50332963 50332964 50332965 50332966 50332967 50332968 50332969 50332970 50332971 50332972 50332973 50332974 50332985 50332986 50332987 50332990 50341723 50341741 50341742 50341743 50341748 50341749 50341750 50341751 50341752 50341753 50341754 50341755 50341756 50341757 50341758 50341759 </measTypes>
            <measValue measObjLdn="MMLG9276HUNB001/ULoCell:NodeB Function Name=MMLG9276HUNB001, Local Cell ID=10911, Cell Name=SNTYMU1">
                <measResults>1029061140 1591399 52642 6899 4875 2444 3367 2349 3678 2072 4577 3389 9469 46928 63991 1921 0 0 956572079 15846 0 2686 0 0 0 0 1 5970 8507 966 90 191 289 321 190 254 123 19 2 0 38365408 1017934237 239139 1334667754 269913 312244 236424 32862 278330533 75625 30469 4281 12798 31264 41401 21474 14102 2164 264 2 0 123469 0 0 0 28478 0 2 56357 0 0 0 0 0 0 0 0 0 0 0 0 23250101 232330951 486847509 196140008 43813 67923 91882 38752 0 0 0 0 3302661 16262 6277 0 0 0 0 0 0 0 0 0 0 0 0 0 0 0 0 0 0 0 0 0 0 0 0 0 0 0 0 0 0 0 0 0 0 NIL NIL NIL NIL NIL NIL NIL NIL NIL NIL NIL NIL NIL NIL NIL NIL 0 0 0 162766 2.892 NIL 0 0 3576.501 6521.133 41009.625 155921.234 284543.938 190545.391 163202.703 34276.57 5919.512 61.768 0 875480.75 </measResults>
            </measValue>
            <measValue measObjLdn="MMLG9276HUNB001/ULoCell:NodeB Function Name=MMLG9276HUNB001, Local Cell ID=10912, Cell Name=SNTYMU2">
                <measResults>931163804 1633126 29833 8193 6210 3415 4359 1129 4259 1084 4067 1308 5553 3624 75449 18391 0 0 919388888 23352 0 1930 0 0 0 0 0 3601 6625 441 76 115 161 289 138 162 150 16 3 4 12093920 934029168 199902 1113570448 198674 154587 86980 12098 209256199 78911 43018 6611 10999 19769 38658 13880 12441 8696 39 0 0 104482 0 0 0 36282 0 0 27857 0 0 0 0 0 0 0 0 0 0 0 0 37827996 232893015 389066556 264254479 62874 51811 56973 28903 0 0 0 0 816547 3192 1569 0 0 0 0 0 0 0 0 0 0 0 0 0 0 0 0 0 0 0 0 0 0 0 0 0 0 0 0 0 0 0 0 0 0 NIL NIL NIL NIL NIL NIL NIL NIL NIL NIL NIL NIL NIL NIL NIL NIL 0 0 0 146001 1.346 NIL 0 0 11172.181 10109.517 32114.426 102179.516 271079.125 123814.125 150952.172 134817.984 854.296 0 0 815811.625 </measResults>
            </measValue>
            <measValue measObjLdn="MMLG9276HUNB001/ULoCell:NodeB Function Name=MMLG9276HUNB001, Local Cell ID=10913, Cell Name=SNTYMU3">
                <measResults>3286234208 1259833 125401 26420 14667 8669 11254 6198 14886 8926 22300 54494 178796 63153 5003 0 0 0 3218593788 20493 0 8841 0 0 0 0 28 69825 96419 2967 408 603 526 513 424 657 525 149 13 7 1067904776 3256079135 739963 4078027896 525286 462793 386575 228721 775765760 303553 109838 51561 62176 54685 53672 42551 55807 40173 9491 3 0 318558 0 0 0 90123 14 47 130015 0 0 0 0 0 0 0 0 0 5293 0 0 51509961 338007281 810034988 1211859457 100649 228268 172742 167404 0 0 0 0 2621680 9308 4733 0 0 0 0 0 0 0 0 0 0 0 0 0 0 0 0 0 0 0 0 0 0 0 0 0 0 0 0 0 0 0 0 0 0 NIL NIL NIL NIL NIL NIL NIL NIL NIL NIL NIL NIL NIL NIL NIL NIL 0 0 0 581461 5.335 NIL 0 0 29134.887 76357.18 182475.359 268318.5 376073.063 383170.625 654894.688 668179.438 204913.734 93.456 0 2738119 </measResults>
            </measValue>
            <measValue measObjLdn="MMLG9276HUNB001/ULoCell:NodeB Function Name=MMLG9276HUNB001, Local Cell ID=50911, Cell Name=SNTYMN4">
                <measResults>1621321520 1568020 50145 5943 3550 2870 3203 1418 3592 2244 7510 2098 7110 3034 70212 68827 224 0 1619633784 13103 0 2155 0 0 0 0 8 6536 9537 660 52 151 196 238 302 312 243 73 12 3 238965944 1616346245 256438 2037407444 58266 197737 358957 233760 318095510 70689 20018 3633 17987 24494 31690 25327 20887 25425 6393 22 0 152225 0 0 0 24689 0 0 51103 0 0 0 0 0 0 0 0 0 0 0 0 7078321 115824369 428909793 650108936 23040 38216 77030 81562 0 0 0 0 3519294 11953 6201 0 0 0 0 0 0 0 0 0 0 0 0 0 0 0 0 0 0 0 0 0 0 0 0 0 0 0 0 0 0 0 0 0 0 NIL NIL NIL NIL NIL NIL NIL NIL NIL NIL NIL NIL NIL NIL NIL NIL 0 0 0 187301 2.559 NIL 0 0 2466.699 5649.634 52257.617 123082.922 220284.25 226263.359 246113.953 408325.625 143305.688 733.712 0 1420367.125 </measResults>
            </measValue>
            <measValue measObjLdn="MMLG9276HUNB001/ULoCell:NodeB Function Name=MMLG9276HUNB001, Local Cell ID=50912, Cell Name=SNTYMN5">
                <measResults>1834335048 1570964 39390 4056 2965 2534 3114 1235 3591 1586 6209 1628 5657 2386 52665 102020 0 0 1840420768 3811 0 1397 0 0 0 0 1 14229 17459 476 58 139 172 186 271 396 267 50 8 4 168462376 1838376424 251969 2230244496 66656 200216 330494 138979 197032664 37661 15570 8538 15836 19483 24390 22094 56205 27728 2276 6 0 168018 0 0 0 23166 0 0 39167 0 0 0 0 0 0 0 0 0 0 0 0 7968728 99401048 478316928 964107688 13974 43106 75100 97712 0 0 0 0 2044344 9943 4127 0 0 0 0 0 0 0 0 0 0 0 0 0 0 0 0 0 0 0 0 0 0 0 0 0 0 0 0 0 0 0 0 0 0 NIL NIL NIL NIL NIL NIL NIL NIL NIL NIL NIL NIL NIL NIL NIL NIL 0 0 0 204494 2.101 NIL 0 0 2457.808 13138.36 47649.77 99454.813 168384.141 199622.688 676279.313 443159.219 49470.855 194.52 0 1684215.25 </measResults>
            </measValue>
            <measValue measObjLdn="MMLG9276HUNB001/ULoCell:NodeB Function Name=MMLG9276HUNB001, Local Cell ID=50913, Cell Name=SNTYMN6">
                <measResults>2550512460 1380556 134251 16673 7477 5780 6883 3940 12963 5472 22793 4545 9916 28221 145305 15225 0 0 2552572824 18172 0 8640 0 0 0 0 26 31842 47019 2694 189 399 318 432 599 838 594 167 22 2 667292200 2555182188 531643 3118458742 113144 390746 915259 921218 474100236 124347 62098 16969 35289 28429 38085 30398 45185 29447 12658 14 0 219505 0 0 0 56335 1 2 137076 0 0 0 0 0 0 0 0 0 0 0 0 7561928 158304989 441380667 966173902 31516 101474 98673 165641 0 0 0 0 4037150 12923 6492 0 0 0 0 0 0 0 0 0 0 0 0 0 0 0 0 0 0 0 0 0 0 0 0 0 0 0 0 0 0 0 0 0 0 NIL NIL NIL NIL NIL NIL NIL NIL NIL NIL NIL NIL NIL NIL NIL NIL 0 0 0 364480 7.113 NIL 0 0 9008.384 27081.498 100201.555 139700.734 271134.375 273225.844 535751.625 487239.219 290363.969 484.768 0 2098102.25 </measResults>
            </measValue>
            <measValue measObjLdn="MMLG9276HUNB001/ULoCell:NodeB Function Name=MMLG9276HUNB001, Local Cell ID=60911, Cell Name=SNTYMN1">
                <measResults>1682962580 1549648 59368 7667 5063 3297 3739 2109 4105 2770 5880 3560 9038 70341 71198 2217 0 0 1614182614 14377 0 3096 0 0 0 0 0 12971 15053 978 58 198 248 318 321 401 372 83 16 1 290514192 1684913558 280575 2125469241 264309 301990 194545 103520 128415645 51409 21889 3454 19627 29358 24934 25622 31276 21729 3685 19 0 156250 0 0 0 17584 0 0 60596 0 0 0 0 0 0 0 0 0 148 0 0 66844952 416334004 646645274 446136963 45028 96198 90212 48414 0 0 0 0 3407884 17957 7826 0 0 0 0 0 0 0 0 0 0 0 0 0 0 0 0 0 0 0 0 0 0 0 0 0 0 0 0 0 0 0 0 0 0 NIL NIL NIL NIL NIL NIL NIL NIL NIL NIL NIL NIL NIL NIL NIL NIL 0 0 0 198602 3.156 NIL 0 0 2016.333 5088.163 58475.961 147786.266 172334.172 230192.531 367911.375 358845.813 82350.047 624.024 0 1418520.125 </measResults>
            </measValue>
            <measValue measObjLdn="MMLG9276HUNB001/ULoCell:NodeB Function Name=MMLG9276HUNB001, Local Cell ID=60912, Cell Name=SNTYMN2">
                <measResults>1438336068 1580866 51985 6228 3707 2603 2732 1459 3274 2230 3899 2862 7818 28307 92451 9579 0 0 1422174040 6794 0 2336 0 0 0 0 1 10982 12946 653 46 116 208 281 281 487 277 34 9 2 206767584 1438688219 243668 1840859473 311801 238696 211343 46398 125597041 44292 20763 2142 10323 22508 29233 19723 32127 17562 707 3 0 132186 0 0 0 21533 0 0 50211 0 0 0 0 0 0 0 0 0 471 0 0 23420219 216183952 624872423 484466174 23413 72905 90880 53309 0 0 0 0 1578983 10364 3780 0 0 0 0 0 0 0 0 0 0 0 0 0 0 0 0 0 0 0 0 0 0 0 0 0 0 0 0 0 0 0 0 0 0 NIL NIL NIL NIL NIL NIL NIL NIL NIL NIL NIL NIL NIL NIL NIL NIL 0 0 0 175285 2.531 NIL 0 0 1578.336 3246.812 32218.693 117212.273 204974.063 178334.375 378649.469 293191.219 14892.592 99.344 0 1219572.125 </measResults>
            </measValue>
            <measValue measObjLdn="MMLG9276HUNB001/ULoCell:NodeB Function Name=MMLG9276HUNB001, Local Cell ID=60913, Cell Name=SNTYMN3">
                <measResults>2020372488 1406034 125440 16697 10047 7009 7588 3412 7719 4617 10247 8455 76392 102977 13366 0 0 0 2016943126 33009 0 3372 0 0 0 0 33 32019 41209 2235 181 359 395 338 332 686 546 109 16 5 519792632 2016115389 488837 2510513378 256266 426215 574227 659453 428945657 132454 73059 22015 42923 46027 25573 21576 36977 24640 4231 7 0 201954 0 0 0 72574 0 9 124309 0 0 0 0 0 0 0 0 0 1903 0 0 64002389 378737464 535618418 705915160 85348 147796 101515 101524 0 0 0 0 4560779 29484 9183 0 0 0 0 0 0 0 0 0 0 0 0 0 0 0 0 0 0 0 0 0 0 0 0 0 0 0 0 0 0 0 0 0 0 NIL NIL NIL NIL NIL NIL NIL NIL NIL NIL NIL NIL NIL NIL NIL NIL 0 0 0 334205 6.432 NIL 0 0 12792.592 32484.775 130134.234 222812.297 176533.563 196740.906 442494.344 399061.188 96568.25 225.464 0 1664570.25 </measResults>
            </measValue>
        </measInfo>
        <measInfo measInfoId="50331649">
            <granPeriod duration="PT3600S" endTime="2021-08-19T12:00:00+08:00"/>
            <repPeriod duration="PT3600S"/>
            <measTypes>50332578 50332579 50332580 50332581 50342578 50342579 50342580 50342581 </measTypes>
            <measValue measObjLdn="MMLG9276HUNB001/NodeBFunction:NodeB Function Name=MMLG9276HUNB001">
                <measResults>6.798 2.441 5.911 74.144 10.6 5.6 10.8 113.8 </measResults>
            </measValue>
        </measInfo>
        <measInfo measInfoId="50331654">
            <granPeriod duration="PT3600S" endTime="2021-08-19T12:00:00+08:00"/>
            <repPeriod duration="PT3600S"/>
            <measTypes>50332565 50332566 50332633 50332635 </measTypes>
            <measValue measObjLdn="MMLG9276HUNB001/NodeBFunction:NodeB Function Name=MMLG9276HUNB001">
                <measResults>3072 1792 0 0 </measResults>
            </measValue>
        </measInfo>
        <measInfo measInfoId="50331664">
            <granPeriod duration="PT3600S" endTime="2021-08-19T12:00:00+08:00"/>
            <repPeriod duration="PT3600S"/>
            <measTypes>50332572 50332585 50332587 50332588 50332589 50332590 50332617 50332618 50332625 </measTypes>
            <measValue measObjLdn="MMLG9276HUNB001/NodeBFunction:NodeB Function Name=MMLG9276HUNB001">
                <measResults>2 0 36 36 0 21 0 0 3 </measResults>
            </measValue>
        </measInfo>
        <measInfo measInfoId="50331666">
            <granPeriod duration="PT3600S" endTime="2021-08-19T12:00:00+08:00"/>
            <repPeriod duration="PT3600S"/>
            <measTypes>50332567 50332568 50332569 50332570 50332571 </measTypes>
            <measValue measObjLdn="MMLG9276HUNB001/NodeBFunction:NodeB Function Name=MMLG9276HUNB001">
                <measResults>0 0 0 0 0 </measResults>
            </measValue>
        </measInfo>
        <measInfo measInfoId="50331681">
            <granPeriod duration="PT3600S" endTime="2021-08-19T12:00:00+08:00"/>
            <repPeriod duration="PT3600S"/>
            <measTypes>50342640 50342641 50342642 50342643 50342644 50342645 50342646 50342647 </measTypes>
            <measValue measObjLdn="MMLG9276HUNB001/NodeBFunction:NodeB Function Name=MMLG9276HUNB001">
                <measResults>12619081 14323205 1041419897 2765380950 5649952 2314266 16099874 6145291 </measResults>
            </measValue>
        </measInfo>
        <measInfo measInfoId="50331652">
            <granPeriod duration="PT3600S" endTime="2021-08-19T12:00:00+08:00"/>
            <repPeriod duration="PT3600S"/>
            <measTypes>50332555 50332556 50332557 50332558 50332559 50332560 50332561 50332562 50332563 50332564 50332593 50332594 50342555 50342556 50342561 50342562 50342563 50342564 50342567 50342568 50342569 50342570 50342571 50342572 50342618 50342619 50342621 50342622 50342624 50342625 50342627 50342628 </measTypes>
            <measValue measObjLdn="MMLG9276HUNB001/NodeBFunction:NodeB Function Name=MMLG9276HUNB001/MocID:2/CnOperator:-1">
                <measResults>0 0 0 0 3936 3472 141.459 70.956 0 57.203 0 0 0 0 205 97 0 109.5 44 94.5 30.5 0 0 0 0 0 0 0 0 0 0 0 </measResults>
            </measValue>
        </measInfo>
        <measInfo measInfoId="50331667">
            <granPeriod duration="PT3600S" endTime="2021-08-19T12:00:00+08:00"/>
            <repPeriod duration="PT3600S"/>
            <measTypes>50332591 50332592 50332595 50332596 50332597 </measTypes>
            <measValue measObjLdn="MMLG9276HUNB001/NodeBFunction:NodeB Function Name=MMLG9276HUNB001/MocID:2/CnOperator:-1">
                <measResults>0 0 0 0 0 </measResults>
            </measValue>
        </measInfo>
        <measInfo measInfoId="50331668">
            <granPeriod duration="PT3600S" endTime="2021-08-19T12:00:00+08:00"/>
            <repPeriod duration="PT3600S"/>
            <measTypes>50332348 50332349 </measTypes>
            <measValue measObjLdn="MMLG9276HUNB001/LOCELL_SECTOREQM:NodeB Function Name=MMLG9276HUNB001, Local Cell ID=10911, Sector Equipment ID=0">
                <measResults>0 0 </measResults>
            </measValue>
            <measValue measObjLdn="MMLG9276HUNB001/LOCELL_SECTOREQM:NodeB Function Name=MMLG9276HUNB001, Local Cell ID=10912, Sector Equipment ID=1">
                <measResults>0 0 </measResults>
            </measValue>
            <measValue measObjLdn="MMLG9276HUNB001/LOCELL_SECTOREQM:NodeB Function Name=MMLG9276HUNB001, Local Cell ID=10913, Sector Equipment ID=2">
                <measResults>0 0 </measResults>
            </measValue>
            <measValue measObjLdn="MMLG9276HUNB001/LOCELL_SECTOREQM:NodeB Function Name=MMLG9276HUNB001, Local Cell ID=50911, Sector Equipment ID=6">
                <measResults>0 0 </measResults>
            </measValue>
            <measValue measObjLdn="MMLG9276HUNB001/LOCELL_SECTOREQM:NodeB Function Name=MMLG9276HUNB001, Local Cell ID=50912, Sector Equipment ID=7">
                <measResults>0 0 </measResults>
            </measValue>
            <measValue measObjLdn="MMLG9276HUNB001/LOCELL_SECTOREQM:NodeB Function Name=MMLG9276HUNB001, Local Cell ID=50913, Sector Equipment ID=8">
                <measResults>0 0 </measResults>
            </measValue>
            <measValue measObjLdn="MMLG9276HUNB001/LOCELL_SECTOREQM:NodeB Function Name=MMLG9276HUNB001, Local Cell ID=60911, Sector Equipment ID=10">
                <measResults>0 0 </measResults>
            </measValue>
            <measValue measObjLdn="MMLG9276HUNB001/LOCELL_SECTOREQM:NodeB Function Name=MMLG9276HUNB001, Local Cell ID=60912, Sector Equipment ID=11">
                <measResults>0 0 </measResults>
            </measValue>
            <measValue measObjLdn="MMLG9276HUNB001/LOCELL_SECTOREQM:NodeB Function Name=MMLG9276HUNB001, Local Cell ID=60913, Sector Equipment ID=12">
                <measResults>0 0 </measResults>
            </measValue>
        </measInfo>
        <measInfo measInfoId="50331669">
            <granPeriod duration="PT3600S" endTime="2021-08-19T12:00:00+08:00"/>
            <repPeriod duration="PT3600S"/>
            <measTypes>50332350 50332351 50332352 50332353 </measTypes>
            <measValue measObjLdn="MMLG9276HUNB001/LOCELL_SECTOREQM:NodeB Function Name=MMLG9276HUNB001, Local Cell ID=10911, Sector Equipment ID=0">
                <measResults>23822 39 23336 23369 </measResults>
            </measValue>
            <measValue measObjLdn="MMLG9276HUNB001/LOCELL_SECTOREQM:NodeB Function Name=MMLG9276HUNB001, Local Cell ID=10912, Sector Equipment ID=1">
                <measResults>6156 5 6028 6035 </measResults>
            </measValue>
            <measValue measObjLdn="MMLG9276HUNB001/LOCELL_SECTOREQM:NodeB Function Name=MMLG9276HUNB001, Local Cell ID=10913, Sector Equipment ID=2">
                <measResults>35774 38 34932 34992 </measResults>
            </measValue>
            <measValue measObjLdn="MMLG9276HUNB001/LOCELL_SECTOREQM:NodeB Function Name=MMLG9276HUNB001, Local Cell ID=50911, Sector Equipment ID=6">
                <measResults>28278 52 27673 27706 </measResults>
            </measValue>
            <measValue measObjLdn="MMLG9276HUNB001/LOCELL_SECTOREQM:NodeB Function Name=MMLG9276HUNB001, Local Cell ID=50912, Sector Equipment ID=7">
                <measResults>13979 28 13560 13572 </measResults>
            </measValue>
            <measValue measObjLdn="MMLG9276HUNB001/LOCELL_SECTOREQM:NodeB Function Name=MMLG9276HUNB001, Local Cell ID=50913, Sector Equipment ID=8">
                <measResults>40646 98 38430 38549 </measResults>
            </measValue>
            <measValue measObjLdn="MMLG9276HUNB001/LOCELL_SECTOREQM:NodeB Function Name=MMLG9276HUNB001, Local Cell ID=60911, Sector Equipment ID=10">
                <measResults>20113 42 19324 19384 </measResults>
            </measValue>
            <measValue measObjLdn="MMLG9276HUNB001/LOCELL_SECTOREQM:NodeB Function Name=MMLG9276HUNB001, Local Cell ID=60912, Sector Equipment ID=11">
                <measResults>10292 38 9649 9709 </measResults>
            </measValue>
            <measValue measObjLdn="MMLG9276HUNB001/LOCELL_SECTOREQM:NodeB Function Name=MMLG9276HUNB001, Local Cell ID=60913, Sector Equipment ID=12">
                <measResults>35425 34 34567 34656 </measResults>
            </measValue>
        </measInfo>
        <measInfo measInfoId="50331670">
            <granPeriod duration="PT3600S" endTime="2021-08-19T12:00:00+08:00"/>
            <repPeriod duration="PT3600S"/>
            <measTypes>50332354 50332355 </measTypes>
            <measValue measObjLdn="MMLG9276HUNB001/LOCELL_SECTOREQM:NodeB Function Name=MMLG9276HUNB001, Local Cell ID=10911, Sector Equipment ID=0">
                <measResults>0 0 </measResults>
            </measValue>
            <measValue measObjLdn="MMLG9276HUNB001/LOCELL_SECTOREQM:NodeB Function Name=MMLG9276HUNB001, Local Cell ID=10912, Sector Equipment ID=1">
                <measResults>0 0 </measResults>
            </measValue>
            <measValue measObjLdn="MMLG9276HUNB001/LOCELL_SECTOREQM:NodeB Function Name=MMLG9276HUNB001, Local Cell ID=10913, Sector Equipment ID=2">
                <measResults>0 0 </measResults>
            </measValue>
            <measValue measObjLdn="MMLG9276HUNB001/LOCELL_SECTOREQM:NodeB Function Name=MMLG9276HUNB001, Local Cell ID=50911, Sector Equipment ID=6">
                <measResults>0 0 </measResults>
            </measValue>
            <measValue measObjLdn="MMLG9276HUNB001/LOCELL_SECTOREQM:NodeB Function Name=MMLG9276HUNB001, Local Cell ID=50912, Sector Equipment ID=7">
                <measResults>0 0 </measResults>
            </measValue>
            <measValue measObjLdn="MMLG9276HUNB001/LOCELL_SECTOREQM:NodeB Function Name=MMLG9276HUNB001, Local Cell ID=50913, Sector Equipment ID=8">
                <measResults>0 0 </measResults>
            </measValue>
            <measValue measObjLdn="MMLG9276HUNB001/LOCELL_SECTOREQM:NodeB Function Name=MMLG9276HUNB001, Local Cell ID=60911, Sector Equipment ID=10">
                <measResults>0 0 </measResults>
            </measValue>
            <measValue measObjLdn="MMLG9276HUNB001/LOCELL_SECTOREQM:NodeB Function Name=MMLG9276HUNB001, Local Cell ID=60912, Sector Equipment ID=11">
                <measResults>0 0 </measResults>
            </measValue>
            <measValue measObjLdn="MMLG9276HUNB001/LOCELL_SECTOREQM:NodeB Function Name=MMLG9276HUNB001, Local Cell ID=60913, Sector Equipment ID=12">
                <measResults>0 0 </measResults>
            </measValue>
        </measInfo>
        <measInfo measInfoId="50331672">
            <granPeriod duration="PT3600S" endTime="2021-08-19T12:00:00+08:00"/>
            <repPeriod duration="PT3600S"/>
            <measTypes>50342590 50342591 50342592 50342593 50342594 50342595 50342596 50342597 </measTypes>
            <measValue measObjLdn="MMLG9276HUNB001/LOCELL_SECTOREQM:NodeB Function Name=MMLG9276HUNB001, Local Cell ID=10911, Sector Equipment ID=0">
                <measResults>-98.718 -100.505 -99.985 -100.326 -99.6 -101.2 -100.7 -101 </measResults>
            </measValue>
            <measValue measObjLdn="MMLG9276HUNB001/LOCELL_SECTOREQM:NodeB Function Name=MMLG9276HUNB001, Local Cell ID=10912, Sector Equipment ID=1">
                <measResults>-99.59 -100.003 -100.393 -100.051 -100.3 -100.8 -101.1 -100.7 </measResults>
            </measValue>
            <measValue measObjLdn="MMLG9276HUNB001/LOCELL_SECTOREQM:NodeB Function Name=MMLG9276HUNB001, Local Cell ID=10913, Sector Equipment ID=2">
                <measResults>-96.964 -97.887 -97.597 -97.823 -98.1 -99.1 -98.7 -99.1 </measResults>
            </measValue>
            <measValue measObjLdn="MMLG9276HUNB001/LOCELL_SECTOREQM:NodeB Function Name=MMLG9276HUNB001, Local Cell ID=50911, Sector Equipment ID=6">
                <measResults>-93.847 -94.257 NIL NIL -95.2 -95.6 NIL NIL </measResults>
            </measValue>
            <measValue measObjLdn="MMLG9276HUNB001/LOCELL_SECTOREQM:NodeB Function Name=MMLG9276HUNB001, Local Cell ID=50912, Sector Equipment ID=7">
                <measResults>-91.328 -90.71 NIL NIL -92.2 -91.9 NIL NIL </measResults>
            </measValue>
            <measValue measObjLdn="MMLG9276HUNB001/LOCELL_SECTOREQM:NodeB Function Name=MMLG9276HUNB001, Local Cell ID=50913, Sector Equipment ID=8">
                <measResults>-90.526 -90.138 NIL NIL -92.1 -91.6 NIL NIL </measResults>
            </measValue>
            <measValue measObjLdn="MMLG9276HUNB001/LOCELL_SECTOREQM:NodeB Function Name=MMLG9276HUNB001, Local Cell ID=60911, Sector Equipment ID=10">
                <measResults>-91.912 -91.854 NIL NIL -93.4 -93.1 NIL NIL </measResults>
            </measValue>
            <measValue measObjLdn="MMLG9276HUNB001/LOCELL_SECTOREQM:NodeB Function Name=MMLG9276HUNB001, Local Cell ID=60912, Sector Equipment ID=11">
                <measResults>-88.817 -87.699 NIL NIL -90.3 -88.7 NIL NIL </measResults>
            </measValue>
            <measValue measObjLdn="MMLG9276HUNB001/LOCELL_SECTOREQM:NodeB Function Name=MMLG9276HUNB001, Local Cell ID=60913, Sector Equipment ID=12">
                <measResults>-83.314 -83.151 NIL NIL -84.6 -84.5 NIL NIL </measResults>
            </measValue>
        </measInfo>
        <measInfo measInfoId="50331682">
            <granPeriod duration="PT3600S" endTime="2021-08-19T12:00:00+08:00"/>
            <repPeriod duration="PT3600S"/>
            <measTypes>50332602 50332603 50332615 50332616 </measTypes>
            <measValue measObjLdn="MMLG9276HUNB001/LOCELL_SECTOREQM:NodeB Function Name=MMLG9276HUNB001, Local Cell ID=10911, Sector Equipment ID=0">
                <measResults>558 378 353 453 </measResults>
            </measValue>
            <measValue measObjLdn="MMLG9276HUNB001/LOCELL_SECTOREQM:NodeB Function Name=MMLG9276HUNB001, Local Cell ID=10912, Sector Equipment ID=1">
                <measResults>518 388 394 399 </measResults>
            </measValue>
            <measValue measObjLdn="MMLG9276HUNB001/LOCELL_SECTOREQM:NodeB Function Name=MMLG9276HUNB001, Local Cell ID=10913, Sector Equipment ID=2">
                <measResults>488 528 512 521 </measResults>
            </measValue>
            <measValue measObjLdn="MMLG9276HUNB001/LOCELL_SECTOREQM:NodeB Function Name=MMLG9276HUNB001, Local Cell ID=50911, Sector Equipment ID=6">
                <measResults>NIL NIL NIL NIL </measResults>
            </measValue>
            <measValue measObjLdn="MMLG9276HUNB001/LOCELL_SECTOREQM:NodeB Function Name=MMLG9276HUNB001, Local Cell ID=50912, Sector Equipment ID=7">
                <measResults>NIL NIL NIL NIL </measResults>
            </measValue>
            <measValue measObjLdn="MMLG9276HUNB001/LOCELL_SECTOREQM:NodeB Function Name=MMLG9276HUNB001, Local Cell ID=50913, Sector Equipment ID=8">
                <measResults>NIL NIL NIL NIL </measResults>
            </measValue>
            <measValue measObjLdn="MMLG9276HUNB001/LOCELL_SECTOREQM:NodeB Function Name=MMLG9276HUNB001, Local Cell ID=60911, Sector Equipment ID=10">
                <measResults>613 697 NIL NIL </measResults>
            </measValue>
            <measValue measObjLdn="MMLG9276HUNB001/LOCELL_SECTOREQM:NodeB Function Name=MMLG9276HUNB001, Local Cell ID=60912, Sector Equipment ID=11">
                <measResults>918 555 NIL NIL </measResults>
            </measValue>
            <measValue measObjLdn="MMLG9276HUNB001/LOCELL_SECTOREQM:NodeB Function Name=MMLG9276HUNB001, Local Cell ID=60913, Sector Equipment ID=12">
                <measResults>330 989 NIL NIL </measResults>
            </measValue>
        </measInfo>
    </measData>
    <fileFooter>
        <measCollec endTime="2021-08-19T12:00:00+08:00"/>
    </fileFooter>
</measCollecFile>
