<?xml version="1.0" encoding="UTF-8"?>
<measCollecFile xmlns="http://latest/nmc-omc/cmNrm.doc#measCollec" xmlns:xsi="http://www.w3.org/2001/XMLSchema-instance" xsi:schemaLocation="http://latest/nmc-omc/cmNrm.doc#measCollec schema\pmResultSchedule.xsd">
    <fileHeader fileFormatVersion="32.435 V7.2" vendorName="Huawei">
        <fileSender elementType="NodeB"/>
        <measCollec beginTime="2021-08-17T22:00:00+08:00"/>
    </fileHeader>
    <measData>
        <managedElement userLabel="MMLG4521HUNB001"/>
        <measInfo measInfoId="50331655">
            <granPeriod duration="PT3600S" endTime="2021-08-17T23:00:00+08:00"/>
            <repPeriod duration="PT3600S"/>
            <measTypes>50332573 50332574 50342574 50342575 50342635 50342636 </measTypes>
            <measValue measObjLdn="MMLG4521HUNB001/ULGROUP:UL BB Resource Group No.=1">
                <measResults>768 26.692 9 40.5 0 0 </measResults>
            </measValue>
            <measValue measObjLdn="MMLG4521HUNB001/ULGROUP:UL BB Resource Group No.=2">
                <measResults>1024 13.379 4 28 0 0 </measResults>
            </measValue>
        </measInfo>
        <measInfo measInfoId="50331656">
            <granPeriod duration="PT3600S" endTime="2021-08-17T23:00:00+08:00"/>
            <repPeriod duration="PT3600S"/>
            <measTypes>50332582 50332583 50332584 50332586 50342584 50342585 50342586 50342587 50342606 50342607 50342608 50342609 50342632 50342633 </measTypes>
            <measValue measObjLdn="MMLG4521HUNB001/BRD:Board Type=UBBP, Cabinet No.=0, Subrack No.=0, Slot No.=1">
                <measResults>1024 1024 0 0 0 0 0 0 0 0 0 0 0 0 </measResults>
            </measValue>
            <measValue measObjLdn="MMLG4521HUNB001/BRD:Board Type=UBBP, Cabinet No.=0, Subrack No.=0, Slot No.=2">
                <measResults>1024 768 30.742 26.692 23 37 9 40.5 1 2 1 4 0 0 </measResults>
            </measValue>
            <measValue measObjLdn="MMLG4521HUNB001/BRD:Board Type=UBBP, Cabinet No.=0, Subrack No.=0, Slot No.=3">
                <measResults>1024 1024 15.95 13.379 11 21 4 28 0 2 1 2 0 0 </measResults>
            </measValue>
            <measValue measObjLdn="MMLG4521HUNB001/BRD:Board Type=UMPT, Cabinet No.=0, Subrack No.=0, Slot No.=7">
                <measResults>0 0 0 0 0 0 0 0 0 0 0 0 0 0 </measResults>
            </measValue>
        </measInfo>
        <measInfo measInfoId="50331683">
            <granPeriod duration="PT3600S" endTime="2021-08-17T23:00:00+08:00"/>
            <repPeriod duration="PT3600S"/>
            <measTypes>50332627 </measTypes>
            <measValue measObjLdn="MMLG4521HUNB001/NODEBRRU:Cabinet No.=0, Subrack No.=60, Slot No.=0">
                <measResults>0 </measResults>
            </measValue>
            <measValue measObjLdn="MMLG4521HUNB001/NODEBRRU:Cabinet No.=0, Subrack No.=61, Slot No.=0">
                <measResults>0 </measResults>
            </measValue>
            <measValue measObjLdn="MMLG4521HUNB001/NODEBRRU:Cabinet No.=0, Subrack No.=62, Slot No.=0">
                <measResults>0 </measResults>
            </measValue>
            <measValue measObjLdn="MMLG4521HUNB001/NODEBRRU:Cabinet No.=0, Subrack No.=80, Slot No.=0">
                <measResults>0 </measResults>
            </measValue>
            <measValue measObjLdn="MMLG4521HUNB001/NODEBRRU:Cabinet No.=0, Subrack No.=81, Slot No.=0">
                <measResults>0 </measResults>
            </measValue>
            <measValue measObjLdn="MMLG4521HUNB001/NODEBRRU:Cabinet No.=0, Subrack No.=82, Slot No.=0">
                <measResults>0 </measResults>
            </measValue>
        </measInfo>
        <measInfo measInfoId="1542455297">
            <granPeriod duration="PT3600S" endTime="2021-08-17T23:00:00+08:00"/>
            <repPeriod duration="PT3600S"/>
            <measTypes>1542455297 1542455298 1542455299 1542455300 1542455301 1542455302 1542455303 1542455304 1542455305 1542455306 1542455307 1542460296 1542460297 </measTypes>
            <measValue measObjLdn="MMLG4521HUNB001/ETHPORT:Cabinet No.=0, Subrack No.=0, Slot No.=7, Port No.=0, Subboard Type=BASE_BOARD">
                <measResults>0 0 0 0 0 0 0 0 0 0 0 0 0 </measResults>
            </measValue>
            <measValue measObjLdn="MMLG4521HUNB001/ETHPORT:Cabinet No.=0, Subrack No.=0, Slot No.=7, Port No.=1, Subboard Type=BASE_BOARD">
                <measResults>524220271 4576321 3597433242 7414284 0 3295536 433768 1164923 36611832 437776 7994262 1000000 1000000 </measResults>
            </measValue>
        </measInfo>
        <measInfo measInfoId="1542455301">
            <granPeriod duration="PT3600S" endTime="2021-08-17T23:00:00+08:00"/>
            <repPeriod duration="PT3600S"/>
            <measTypes>1542455326 1542455327 1542455328 1542455329 1542455330 1542455331 1542455332 1542455333 1542460727 1542460728 1542460729 </measTypes>
            <measValue measObjLdn="MMLG4521HUNB001/IP:Board Type=UMPT, Cabinet No.=0, Subrack No.=0, Slot No.=7">
                <measResults>4575877 416679973 0 0 7408345 3418506001 0 0 3972 0 0 </measResults>
            </measValue>
        </measInfo>
        <measInfo measInfoId="1542455303">
            <granPeriod duration="PT3600S" endTime="2021-08-17T23:00:00+08:00"/>
            <repPeriod duration="PT3600S"/>
            <measTypes>1542455365 1542455367 1542455369 1542455371 1542455375 1542455376 1542455377 1542455378 </measTypes>
            <measValue measObjLdn="MMLG4521HUNB001/RSCGRP:Transmission Resource Group Bear Type=IP, Cabinet No.=0, Bearing Port No.=0, Bearing Port Type=ETH, Transmission Resource Group ID=AUTOPORT, Subboard Type=BASE_BOARD, Slot No.=7, Subrack No.=0">
                <measResults>0 0 0 0 0 0 0 0 </measResults>
            </measValue>
            <measValue measObjLdn="MMLG4521HUNB001/RSCGRP:Transmission Resource Group Bear Type=IP, Cabinet No.=0, Bearing Port No.=1, Bearing Port Type=ETH, Transmission Resource Group ID=AUTOPORT, Subboard Type=BASE_BOARD, Slot No.=7, Subrack No.=0">
                <measResults>499123483 4576262 0 0 3203240 397312 1109212 0 </measResults>
            </measValue>
        </measInfo>
        <measInfo measInfoId="1542455312">
            <granPeriod duration="PT3600S" endTime="2021-08-17T23:00:00+08:00"/>
            <repPeriod duration="PT3600S"/>
            <measTypes>1542460308 1542460309 1542460310 1542460311 1542460312 1542460313 1542460314 1542460315 1542460316 1542460317 1542460318 1542460319 1542460320 1542460321 1542460322 1542460323 1542460324 1542460325 1542460326 1542460327 1542460328 1542460329 1542460330 1542460331 1542460332 </measTypes>
            <measValue measObjLdn="MMLG4521HUNB001/RSCGRP:Transmission Resource Group Bear Type=IP, Cabinet No.=0, Bearing Port No.=0, Bearing Port Type=ETH, Transmission Resource Group ID=AUTOPORT, Subboard Type=BASE_BOARD, Slot No.=7, Subrack No.=0">
                <measResults>0 0 0 0 0 0 0 0 0 0 0 0 0 0 0 0 0 0 0 0 0 0 0 0 0 </measResults>
            </measValue>
            <measValue measObjLdn="MMLG4521HUNB001/RSCGRP:Transmission Resource Group Bear Type=IP, Cabinet No.=0, Bearing Port No.=1, Bearing Port Type=ETH, Transmission Resource Group ID=AUTOPORT, Subboard Type=BASE_BOARD, Slot No.=7, Subrack No.=0">
                <measResults>31869 31869 31869 0 0 0 0 0 0 0 0 0 0 1809569 0 0 0 2 0 0 0 0 0 0 0 </measResults>
            </measValue>
        </measInfo>
        <measInfo measInfoId="1542455309">
            <granPeriod duration="PT3600S" endTime="2021-08-17T23:00:00+08:00"/>
            <repPeriod duration="PT3600S"/>
            <measTypes>1542455826 1542455827 1542455828 1542455829 1542455833 1542455834 1542455835 1542455836 1542455837 1542455838 1542455839 1542455840 1542455841 1542455842 1542455843 1542455844 1542455845 1542455846 1542455847 1542455848 </measTypes>
            <measValue measObjLdn="MMLG4521HUNB001/OMCH:Standby Status=MASTER, Bearer Type=IPV4">
                <measResults>597 170 0 0 0 0 0 0 0 436 0 0 635 0 0 0 0 579 0 56 </measResults>
            </measValue>
        </measInfo>
        <measInfo measInfoId="1542455815">
            <granPeriod duration="PT3600S" endTime="2021-08-17T23:00:00+08:00"/>
            <repPeriod duration="PT3600S"/>
            <measTypes>1542460340 1542460341 1542460342 1542460343 1542460496 1542460497 1542460498 1542460499 1542460500 1542460501 1542460502 1542460503 1542460504 1542460505 1542460506 1542460507 1542460510 </measTypes>
            <measValue measObjLdn="MMLG4521HUNB001/IKE:Board Type=UMPT, Cabinet No.=0, Subrack No.=0, Slot No.=7">
                <measResults>0 0 0 0 0 0 0 0 0 0 0 0 0 0 0 0 0 </measResults>
            </measValue>
        </measInfo>
        <measInfo measInfoId="1542455817">
            <granPeriod duration="PT3600S" endTime="2021-08-17T23:00:00+08:00"/>
            <repPeriod duration="PT3600S"/>
            <measTypes>1542460356 1542460357 1542460358 1542460359 1542460360 1542460361 1542460362 1542460363 1542460364 1542460365 1542460366 1542460367 1542460368 1542460369 1542460370 1542460371 1542460372 1542460373 1542460374 1542460375 1542460376 </measTypes>
            <measValue measObjLdn="MMLG4521HUNB001/SCTPLNK:Link No.=31">
                <measResults>1981930 7730712 60230 107794 0 22248 0 4405 24200 15176 17180 4831 102031 0 0 0 0 0 0 102031 4831 </measResults>
            </measValue>
            <measValue measObjLdn="MMLG4521HUNB001/SCTPLNK:Link No.=32">
                <measResults>3393263 3537297 110101 135495 0 26264 344 7541 24000 1160 7860 51069 97118 0 0 0 0 0 0 97118 51069 </measResults>
            </measValue>
        </measInfo>
        <measInfo measInfoId="1542455818">
            <granPeriod duration="PT3600S" endTime="2021-08-17T23:00:00+08:00"/>
            <repPeriod duration="PT3600S"/>
            <measTypes>1542455526 1542455527 1542455528 1542455529 1542455530 1542455531 1542455532 1542455533 1542455534 1542455535 </measTypes>
            <measValue measObjLdn="MMLG4521HUNB001/USERPLANEHOST:User Plane Host ID=3">
                <measResults>4109666 7017118 376084305 3387691717 2745832 835735 33848584 7528207 NIL NIL </measResults>
            </measValue>
        </measInfo>
        <measInfo measInfoId="1593835529">
            <granPeriod duration="PT3600S" endTime="2021-08-17T23:00:00+08:00"/>
            <repPeriod duration="PT3600S"/>
            <measTypes>1593835620 1593835628 1593835629 </measTypes>
            <measValue measObjLdn="MMLG4521HUNB001/NODE:NODE">
                <measResults>NIL 0.698 0 </measResults>
            </measValue>
        </measInfo>
        <measInfo measInfoId="1593835533">
            <granPeriod duration="PT3600S" endTime="2021-08-17T23:00:00+08:00"/>
            <repPeriod duration="PT3600S"/>
            <measTypes>1593835647 1593835648 1593835649 </measTypes>
            <measValue measObjLdn="MMLG4521HUNB001/NODE:NODE">
                <measResults>32155 32143 32149 </measResults>
            </measValue>
        </measInfo>
        <measInfo measInfoId="1593835531">
            <granPeriod duration="PT3600S" endTime="2021-08-17T23:00:00+08:00"/>
            <repPeriod duration="PT3600S"/>
            <measTypes>1593835630 1593835632 1593835633 1593835634 </measTypes>
            <measValue measObjLdn="MMLG4521HUNB001/BBUBoard:Board Type=UBBP, Cabinet No.=0, Subrack No.=0, Slot No.=1">
                <measResults>0 2 2 0 </measResults>
            </measValue>
            <measValue measObjLdn="MMLG4521HUNB001/BBUBoard:Board Type=UBBP, Cabinet No.=0, Subrack No.=0, Slot No.=2">
                <measResults>0 3 2 0 </measResults>
            </measValue>
            <measValue measObjLdn="MMLG4521HUNB001/BBUBoard:Board Type=UBBP, Cabinet No.=0, Subrack No.=0, Slot No.=3">
                <measResults>0 3 2 0 </measResults>
            </measValue>
            <measValue measObjLdn="MMLG4521HUNB001/BBUBoard:Board Type=UMPT, Cabinet No.=0, Subrack No.=0, Slot No.=7">
                <measResults>0 2 1 0 </measResults>
            </measValue>
        </measInfo>
        <measInfo measInfoId="1593835535">
            <granPeriod duration="PT3600S" endTime="2021-08-17T23:00:00+08:00"/>
            <repPeriod duration="PT3600S"/>
            <measTypes>1593835652 1593835653 1593835654 1593835655 1593835656 1593835657 1593835658 1593835659 1593835660 1593835661 1593835662 1593835663 1593835664 1593835665 1593835666 1593835667 1593835668 1593835669 1593835670 1593835671 </measTypes>
            <measValue measObjLdn="MMLG4521HUNB001/RADIOEQM:Cabinet No.=0, Subrack No.=60, Slot No.=0">
                <measResults>NIL NIL NIL NIL NIL NIL NIL NIL NIL NIL 0 0 0 0 0 0 0 0 0 0 </measResults>
            </measValue>
            <measValue measObjLdn="MMLG4521HUNB001/RADIOEQM:Cabinet No.=0, Subrack No.=61, Slot No.=0">
                <measResults>NIL NIL NIL NIL NIL NIL NIL NIL NIL NIL 0 0 0 0 0 0 0 0 0 0 </measResults>
            </measValue>
            <measValue measObjLdn="MMLG4521HUNB001/RADIOEQM:Cabinet No.=0, Subrack No.=62, Slot No.=0">
                <measResults>NIL NIL NIL NIL NIL NIL NIL NIL NIL NIL 0 0 0 0 0 0 0 0 0 0 </measResults>
            </measValue>
            <measValue measObjLdn="MMLG4521HUNB001/RADIOEQM:Cabinet No.=0, Subrack No.=80, Slot No.=0">
                <measResults>NIL NIL NIL NIL NIL NIL NIL NIL NIL NIL 0 0 0 0 0 0 0 0 0 0 </measResults>
            </measValue>
            <measValue measObjLdn="MMLG4521HUNB001/RADIOEQM:Cabinet No.=0, Subrack No.=81, Slot No.=0">
                <measResults>NIL NIL NIL NIL NIL NIL NIL NIL NIL NIL 0 0 0 0 0 0 0 0 0 0 </measResults>
            </measValue>
            <measValue measObjLdn="MMLG4521HUNB001/RADIOEQM:Cabinet No.=0, Subrack No.=82, Slot No.=0">
                <measResults>NIL NIL NIL NIL NIL NIL NIL NIL NIL NIL 0 0 0 0 0 0 0 0 0 0 </measResults>
            </measValue>
        </measInfo>
        <measInfo measInfoId="1593835539">
            <granPeriod duration="PT3600S" endTime="2021-08-17T23:00:00+08:00"/>
            <repPeriod duration="PT3600S"/>
            <measTypes>1593835767 </measTypes>
            <measValue measObjLdn="MMLG4521HUNB001/RADIOEQM:Cabinet No.=0, Subrack No.=60, Slot No.=0">
                <measResults>3600 </measResults>
            </measValue>
            <measValue measObjLdn="MMLG4521HUNB001/RADIOEQM:Cabinet No.=0, Subrack No.=61, Slot No.=0">
                <measResults>3600 </measResults>
            </measValue>
            <measValue measObjLdn="MMLG4521HUNB001/RADIOEQM:Cabinet No.=0, Subrack No.=62, Slot No.=0">
                <measResults>3600 </measResults>
            </measValue>
            <measValue measObjLdn="MMLG4521HUNB001/RADIOEQM:Cabinet No.=0, Subrack No.=80, Slot No.=0">
                <measResults>3600 </measResults>
            </measValue>
            <measValue measObjLdn="MMLG4521HUNB001/RADIOEQM:Cabinet No.=0, Subrack No.=81, Slot No.=0">
                <measResults>3600 </measResults>
            </measValue>
            <measValue measObjLdn="MMLG4521HUNB001/RADIOEQM:Cabinet No.=0, Subrack No.=82, Slot No.=0">
                <measResults>3600 </measResults>
            </measValue>
        </measInfo>
        <measInfo measInfoId="1593835544">
            <granPeriod duration="PT3600S" endTime="2021-08-17T23:00:00+08:00"/>
            <repPeriod duration="PT3600S"/>
            <measTypes>1593835835 </measTypes>
            <measValue measObjLdn="MMLG4521HUNB001/BU:Cabinet No.=0, Subrack No.=0">
                <measResults>0.20019472 </measResults>
            </measValue>
        </measInfo>
        <measInfo measInfoId="1593835545">
            <granPeriod duration="PT3600S" endTime="2021-08-17T23:00:00+08:00"/>
            <repPeriod duration="PT3600S"/>
            <measTypes>1593835836 </measTypes>
            <measValue measObjLdn="MMLG4521HUNB001/BTSBoard:Cabinet No.=0, Subrack No.=60, Slot No.=0">
                <measResults>0.17409918 </measResults>
            </measValue>
            <measValue measObjLdn="MMLG4521HUNB001/BTSBoard:Cabinet No.=0, Subrack No.=61, Slot No.=0">
                <measResults>0.151455 </measResults>
            </measValue>
            <measValue measObjLdn="MMLG4521HUNB001/BTSBoard:Cabinet No.=0, Subrack No.=62, Slot No.=0">
                <measResults>0.14291416 </measResults>
            </measValue>
            <measValue measObjLdn="MMLG4521HUNB001/BTSBoard:Cabinet No.=0, Subrack No.=80, Slot No.=0">
                <measResults>0.23832585 </measResults>
            </measValue>
            <measValue measObjLdn="MMLG4521HUNB001/BTSBoard:Cabinet No.=0, Subrack No.=81, Slot No.=0">
                <measResults>0.15483417 </measResults>
            </measValue>
            <measValue measObjLdn="MMLG4521HUNB001/BTSBoard:Cabinet No.=0, Subrack No.=82, Slot No.=0">
                <measResults>0.18346584 </measResults>
            </measValue>
        </measInfo>
        <measInfo measInfoId="50331648">
            <granPeriod duration="PT3600S" endTime="2021-08-17T23:00:00+08:00"/>
            <repPeriod duration="PT3600S"/>
            <measTypes>50331654 50331655 50331656 50331657 50331658 50331659 50331660 50331661 50331662 50331663 50331664 50331665 50331666 50331667 50331668 50331669 50331670 50331671 50331672 50331673 50331674 50331675 50331676 50331677 50331678 50331679 50331680 50331681 50331682 50331683 50331684 50331685 50331686 50331687 50331688 50331689 50331690 50331691 50331692 50331693 50331694 50331695 50331696 50331697 50331698 50331699 50331709 50331710 50331711 50331712 50331713 50331714 50331717 50331718 50331719 50331720 50331721 50331722 50331723 50331724 50331745 50331746 50331754 50331755 50331756 50331757 50331758 50331759 50331760 50331761 50331762 50331763 50331764 50331765 50331766 50331767 50331768 50331769 50331770 50331771 50331772 50331773 50331774 50331775 50331776 50331777 50331778 50331779 50331780 50331781 50331782 50331783 50331784 50331785 50331786 50331787 50331788 50331789 50331790 50331791 50331792 50331793 50331794 50331795 50331796 50331797 50331798 50331799 50331800 50331801 50331802 50331803 50331804 50331805 50331806 50331807 50331808 50331809 50331810 50331811 50331812 50331813 50331814 50331815 50331816 50331817 50331818 50331819 50331820 50331821 50331838 50331839 50331840 50332168 50332169 50332170 50332173 50332174 50332215 50332216 50332217 50341648 50341649 50341650 50341651 50341652 50341653 50341654 50341655 50341656 50341657 50341658 50341659 50341668 50341669 50341670 50341671 50341672 50341675 50341676 50341677 50341678 50341679 50341680 50341685 50341686 50341687 50341688 50341689 50341690 50341691 50341692 50341693 50341694 50341695 50341696 50341697 50341698 50341699 50341700 50341701 50341702 50341703 50341704 50341705 50341706 50341707 50341708 50341709 50341710 50341711 50341712 50341713 50341714 50341715 50341716 50341717 50341722 50341739 50341740 </measTypes>
            <measValue measObjLdn="MMLG4521HUNB001/ULoCell:NodeB Function Name=MMLG4521HUNB001, Local Cell ID=10491, Cell Name=CBLRSU1">
                <measResults>288053 21673 17594 263047 22887 1380 390 349 0 0 0 0 0 0 2413 4485 2688 4386 6733 6432 11643 11957 22422 22079 28459 30489 36607 40499 41039 42176 30883 23264 17506 14738 12451 9870 7554 6338 7027 9431 49487 95454 166977 76675 6626 69 131834 319785 0 0 0 0 0 0 0 0 0 49164 146339 327337 372007 3854373767 0 27335 2129 374 752 2014 4307 8102 6194 5607 7466 12520 13968 17607 13100 13300 9208 9856 6295 7415 5244 3829 3285 1766 2415 1695 2234 3340 3854 6723 9276 116112 0 0 0 0 0 0 0 0 0 0 0 0 0 0 0 0 0 0 0 0 0 0 0 0 0 0 0 0 0 0 0 0 0 0 0 0 3854158374 328469 19443 0 0 0 0 0 0 0 0 45 246 0 115 824 0 47 247 120 628 956 182 1063039 7714672 0 1111965 5840874 4 46 0 100 720 0 0 8 0 1.554 10.707 13.498 14.145 0 10 44 0 0 0 0 0 0 0 NIL 812 843 703 0 0 0 0 0 0 0 0 0 0 0 0 19417 0 0 </measResults>
            </measValue>
            <measValue measObjLdn="MMLG4521HUNB001/ULoCell:NodeB Function Name=MMLG4521HUNB001, Local Cell ID=10492, Cell Name=CBLRSU2">
                <measResults>27401 939 1190 26279 981 83 46 12 0 0 0 0 0 0 159 251 197 145 363 785 3095 3231 6612 7165 10017 6683 4764 2866 1138 574 316 319 487 540 1207 1082 1170 904 972 864 1696 226 122 60 8 2 2953 28934 0 0 0 0 0 0 0 0 0 3689 22889 29531 29963 176526840 0 1220 115 10 61 46 118 434 155 183 194 409 852 1054 2742 5488 4794 3534 1218 694 119 76 98 87 365 125 718 445 653 1592 664 1268 0 0 0 0 0 0 0 0 0 0 0 0 0 0 0 0 0 0 0 0 0 0 0 0 0 0 0 0 0 0 0 0 0 0 0 0 176524198 29642 473 0 0 0 0 0 0 0 0 4 110 0 12 395 0 29 244 93 764 137 16 48621 2914242 0 354898 3038813 0 21 0 11 340 0 0 0 0 0.177 5.526 13.877 14 0 0 5 0 0 0 0 0 0 0 NIL 833 849 753 0 0 0 0 0 0 0 0 0 0 0 0 13336 0 0 </measResults>
            </measValue>
            <measValue measObjLdn="MMLG4521HUNB001/ULoCell:NodeB Function Name=MMLG4521HUNB001, Local Cell ID=10493, Cell Name=CBLRSU3">
                <measResults>238037 28495 1419 209075 28760 176 14 12 0 0 0 0 0 0 159 2105 647 814 1315 1300 2860 2455 5429 5727 9470 9887 13774 15660 19079 30846 19090 33989 26931 37872 25975 20491 17026 13973 16260 24273 85918 89427 24222 1425 98 57 92117 267838 0 0 0 0 0 0 0 0 0 115535 60294 267946 291131 3172706748 0 20912 585 207 762 1920 558 3864 6212 1905 1265 4442 4533 11154 6463 4965 3341 7595 4106 5777 6226 8756 15792 10766 16267 5420 7423 8345 5601 6439 8224 78121 0 0 0 0 0 0 0 0 0 0 0 0 0 0 0 0 0 0 0 0 0 0 0 0 0 0 0 0 0 0 0 0 0 0 0 0 3172552017 265148 6541 0 0 0 0 0 0 0 0 37 155 0 96 532 0 40 251 105 650 908 147 874296 5698392 0 962881 5947592 1 24 0 82 441 0 0 0 0 1.346 7.442 13.991 14.012 0 3 33 0 0 0 0 0 0 0 NIL 831 846 753 0 0 0 0 0 0 0 0 0 0 0 0 18629 0 0 </measResults>
            </measValue>
            <measValue measObjLdn="MMLG4521HUNB001/ULoCell:NodeB Function Name=MMLG4521HUNB001, Local Cell ID=50491, Cell Name=CBLRSN4">
                <measResults>517340 43802 21775 470415 43910 1461 870 684 0 0 0 0 0 0 2992 2639 112 67 97 151 279 198 559 890 1893 2893 7118 14035 15948 25140 27385 53136 76033 83692 75390 47853 39609 22930 28751 25188 70836 84807 58383 27661 21395 38019 28637 582909 0 0 0 0 0 0 0 0 0 131755 422517 582909 676651 4103066608 0 36647 2391 237 249 2069 2084 17759 2597 3466 1527 7949 5755 11272 7621 15042 17090 37492 65738 141493 84844 23609 8317 3269 3210 2362 3018 6479 15471 28290 13234 12245 0 0 0 0 0 0 0 0 0 0 0 0 0 0 0 0 0 0 0 0 0 0 0 0 0 0 0 0 0 0 0 0 0 0 0 0 4102819656 567861 19644 0 0 0 0 0 0 0 0 80 308 0 258 999 0 85 255 272 819 950 315 1131014 9705602 0 1190541 3590521 9 67 0 227 893 0 0 25 0 3.583 13.984 13.869 14.024 0 10 54 1 0 0 0 0 0 0 NIL 904 922 846 0 0 0 0 0 0 0 0 0 0 0 0 19713 0 0 </measResults>
            </measValue>
            <measValue measObjLdn="MMLG4521HUNB001/ULoCell:NodeB Function Name=MMLG4521HUNB001, Local Cell ID=50492, Cell Name=CBLRSN5">
                <measResults>340562 76508 7822 270268 63663 4852 1301 478 0 0 0 0 0 0 1160 6 14 12 23 46 35 20 34 88 312 587 1253 1904 4999 12742 14933 13705 9334 7717 6040 4911 4509 4217 6896 16128 46193 12385 10196 24440 6900 341 9356 424893 0 0 0 0 0 0 0 0 0 254715 160822 424893 435322 4599174000 0 2816 376 59 64 172 81 1811 187 83 85 344 205 1190 1993 3338 12745 50696 56002 27007 5289 6107 9764 7563 7124 11690 36560 98748 59176 14507 4463 4644 0 0 0 0 0 0 0 0 0 0 0 0 0 0 0 0 0 0 0 0 0 0 0 0 0 0 0 0 0 0 0 0 0 0 0 0 4599141120 424966 1984 0 0 0 0 0 0 0 0 59 821 0 229 1000 0 119 256 459 968 499 236 1269978 9046664 0 2545046 5381263 7 80 0 201 902 0 0 1 0 3.204 14.689 13.99 14.892 0 1 2 0 0 0 0 0 0 0 NIL 913 924 868 0 0 0 0 0 0 0 0 0 0 0 0 20965 0 0 </measResults>
            </measValue>
            <measValue measObjLdn="MMLG4521HUNB001/ULoCell:NodeB Function Name=MMLG4521HUNB001, Local Cell ID=50493, Cell Name=CBLRSN6">
                <measResults>5437 477 891 4908 455 50 18 6 0 0 0 0 0 0 159 210 117 135 54 50 76 91 92 118 351 279 312 424 445 835 494 958 1171 4419 7576 11079 15158 12458 7257 3459 601 132 350 352 86 27 10 6809 0 0 0 0 0 0 0 0 0 1849 4950 6809 7801 11802216 0 2076 107 26 48 277 57 1641 123 22 46 184 75 260 33 226 67 165 158 139 171 146 190 137 95 73 107 54 72 24 10 0 0 0 0 0 0 0 0 0 0 0 0 0 0 0 0 0 0 0 0 0 0 0 0 0 0 0 0 0 0 0 0 0 0 0 0 0 11797232 7798 1176 0 0 0 0 0 0 0 0 0 83 0 0 325 0 5 209 5 220 184 4 3200 1046238 0 17391 800000 0 18 0 0 285 0 0 0 0 0.014 4.553 14 14 0 0 0 0 0 0 0 0 0 0 NIL 920 924 896 0 0 0 0 0 0 0 0 0 0 0 0 20757 0 0 </measResults>
            </measValue>
            <measValue measObjLdn="MMLG4521HUNB001/ULoCell:NodeB Function Name=MMLG4521HUNB001, Local Cell ID=60491, Cell Name=CBLRSN1">
                <measResults>600879 64298 26339 534397 62760 1867 899 956 0 0 0 0 0 0 3877 379 186 101 139 226 379 483 1449 3600 10501 21068 35988 44945 47891 64973 47480 57772 48520 48743 65902 44385 57516 49170 86305 89536 167330 87627 79403 46700 29663 42720 240908 688079 0 0 0 0 0 0 0 0 0 277672 172953 691533 787421 8595296144 0 50556 1742 267 244 1589 1564 26645 3748 1939 798 7711 4707 9874 5500 11706 10000 13439 14830 29634 21819 18377 18454 19053 26303 18037 19883 30145 36509 57941 90163 138314 0 0 0 0 0 0 0 0 0 0 0 0 0 0 0 0 0 0 0 0 0 0 0 0 0 0 0 0 0 0 0 0 0 0 0 0 8595148153 652462 6328 0 0 0 0 0 0 0 0 96 280 0 303 998 0 97 264 308 837 985 362 2372268 10406310 0 2408394 6553227 9 58 0 261 887 0 0 9 0 4.002 13.252 13.197 14 0 3 62 2 0 0 0 0 0 0 NIL 896 917 829 0 0 0 0 0 0 0 0 0 0 0 0 22337 0 0 </measResults>
            </measValue>
            <measValue measObjLdn="MMLG4521HUNB001/ULoCell:NodeB Function Name=MMLG4521HUNB001, Local Cell ID=60492, Cell Name=CBLRSN2">
                <measResults>7352 1156 2877 6144 997 131 43 37 0 0 0 0 0 0 605 61 201 55 49 89 106 82 174 283 423 586 841 1049 1542 2824 3341 4608 4643 6691 8115 7510 5306 3542 3213 2591 4147 1354 893 1072 2348 1196 129 10414 0 0 0 0 0 0 0 0 0 5003 6253 11385 12083 40252084 0 3017 228 11 21 222 45 1251 553 128 72 256 358 393 111 227 163 234 106 152 111 114 235 224 812 1102 771 222 103 53 70 12 0 0 0 0 0 0 0 0 0 0 0 0 0 0 0 0 0 0 0 0 0 0 0 0 0 0 0 0 0 0 0 0 0 0 0 0 40238288 12070 1077 0 0 0 0 0 0 0 0 1 172 0 2 654 0 7 226 12 368 202 6 11079 3378560 0 54847 1846500 0 22 0 2 579 0 0 45 0 0.036 9.152 13.898 14 0 0 0 0 0 0 0 0 0 0 NIL 771 924 240 0 0 0 0 0 0 0 0 0 0 0 0 19559 0 0 </measResults>
            </measValue>
            <measValue measObjLdn="MMLG4521HUNB001/ULoCell:NodeB Function Name=MMLG4521HUNB001, Local Cell ID=60493, Cell Name=CBLRSN3">
                <measResults>11277 1910 872 9350 1819 66 29 13 0 0 0 0 0 0 172 154 38 60 71 80 126 104 243 324 611 712 820 950 1220 2414 2131 2826 3244 3637 2507 1759 1546 962 870 1061 1373 1132 1506 1285 587 1491 1914 10990 0 0 0 0 0 0 0 0 0 6762 5383 14059 14493 130101339 0 1525 132 27 20 89 56 352 49 120 36 266 463 326 229 422 512 889 426 609 319 474 515 476 389 255 341 639 514 574 1309 1706 0 0 0 0 0 0 0 0 0 0 0 0 0 0 0 0 0 0 0 0 0 0 0 0 0 0 0 0 0 0 0 0 0 0 0 0 130096231 14484 608 0 0 0 0 0 0 0 0 1 177 0 5 683 0 18 240 51 668 106 8 35782 6355365 0 337566 4472750 0 20 0 4 590 0 0 0 0 0.076 9.561 13.999 14.019 0 0 0 0 0 0 0 0 0 0 NIL 858 924 245 0 0 0 0 0 0 0 0 0 0 0 0 19906 0 0 </measResults>
            </measValue>
        </measInfo>
        <measInfo measInfoId="50331650">
            <granPeriod duration="PT3600S" endTime="2021-08-17T23:00:00+08:00"/>
            <repPeriod duration="PT3600S"/>
            <measTypes>50332548 50332549 50332550 50332554 50342548 50342549 50342550 50342554 50342612 50342613 50342615 50342616 </measTypes>
            <measValue measObjLdn="MMLG4521HUNB001/ULoCell:NodeB Function Name=MMLG4521HUNB001, Local Cell ID=10491, Cell Name=CBLRSU1">
                <measResults>0 0 7.274 3.668 0 0 17.5 8 0 0 0 0 </measResults>
            </measValue>
            <measValue measObjLdn="MMLG4521HUNB001/ULoCell:NodeB Function Name=MMLG4521HUNB001, Local Cell ID=10492, Cell Name=CBLRSU2">
                <measResults>0 0 2.253 1.592 0 0 10 5 0 0 0 0 </measResults>
            </measValue>
            <measValue measObjLdn="MMLG4521HUNB001/ULoCell:NodeB Function Name=MMLG4521HUNB001, Local Cell ID=10493, Cell Name=CBLRSU3">
                <measResults>0 0 3.849 1.728 0 0 10 5 0 0 0 0 </measResults>
            </measValue>
            <measValue measObjLdn="MMLG4521HUNB001/ULoCell:NodeB Function Name=MMLG4521HUNB001, Local Cell ID=50491, Cell Name=CBLRSN4">
                <measResults>0 0 7.905 3.09 0 0 24.5 8 0 0 0 0 </measResults>
            </measValue>
            <measValue measObjLdn="MMLG4521HUNB001/ULoCell:NodeB Function Name=MMLG4521HUNB001, Local Cell ID=50492, Cell Name=CBLRSN5">
                <measResults>0 0 2.727 1.546 0 0 11 5 0 0 0 0 </measResults>
            </measValue>
            <measValue measObjLdn="MMLG4521HUNB001/ULoCell:NodeB Function Name=MMLG4521HUNB001, Local Cell ID=50493, Cell Name=CBLRSN6">
                <measResults>0 0 0.558 0.242 0 0 5 2 0 0 0 0 </measResults>
            </measValue>
            <measValue measObjLdn="MMLG4521HUNB001/ULoCell:NodeB Function Name=MMLG4521HUNB001, Local Cell ID=60491, Cell Name=CBLRSN1">
                <measResults>0 0 12.694 6.233 0 0 28 14 0 0 0 0 </measResults>
            </measValue>
            <measValue measObjLdn="MMLG4521HUNB001/ULoCell:NodeB Function Name=MMLG4521HUNB001, Local Cell ID=60492, Cell Name=CBLRSN2">
                <measResults>0 0 1.398 0.968 0 0 8 5 0 0 0 0 </measResults>
            </measValue>
            <measValue measObjLdn="MMLG4521HUNB001/ULoCell:NodeB Function Name=MMLG4521HUNB001, Local Cell ID=60493, Cell Name=CBLRSN3">
                <measResults>0 0 1.025 0.637 0 0 8.5 3 0 0 0 0 </measResults>
            </measValue>
        </measInfo>
        <measInfo measInfoId="50331651">
            <granPeriod duration="PT3600S" endTime="2021-08-17T23:00:00+08:00"/>
            <repPeriod duration="PT3600S"/>
            <measTypes>50331850 50331851 50331852 50331853 50331854 50331855 50331856 50331857 50331858 50331859 50331860 50331861 50331862 50331863 50331864 50331865 50331866 50331867 50331868 50331869 50331870 50331871 50331872 50331873 50331874 50331875 50331876 50331877 50331878 50331879 50331885 50331886 50331887 50331888 50331889 50331892 50331903 50331904 50331908 50331925 50331926 50331927 50331928 50331929 50331930 50331931 50331957 50331958 50331959 50331961 50331962 50331963 50331964 50331965 50331966 50331967 50331971 50331972 50331973 50331974 50331987 50331988 50331989 50331990 50331991 50331992 50331993 50331995 50332378 50332379 50332380 50332385 50332386 50332387 50332498 50332499 50332500 50332501 50332503 50332507 50332623 50332638 50341849 50341850 50341851 50341852 50341853 50341854 50341855 50341856 50341857 50341858 50341859 50341864 50341865 50341866 50341868 50341869 50341870 50341871 50341872 50341873 50341874 50341875 50341876 50341877 50341878 50341879 50341880 50341881 50341882 50341883 50341884 50341885 50341886 50341887 50341888 50341889 50341890 50341891 50341892 50341893 50341894 50341895 50341896 50341897 50341898 50341980 50341981 50341982 50341983 50341984 50341985 50341986 50341994 50361698 50361699 50361701 </measTypes>
            <measValue measObjLdn="MMLG4521HUNB001/ULoCell:NodeB Function Name=MMLG4521HUNB001, Local Cell ID=10491, Cell Name=CBLRSU1">
                <measResults>1795194 3313 1092 163 37 18 7 0 4 3 3 3 4 3 14 2 4 4 4 4 3 0 0 0 0 102 118 259845 1778097 720437 403285 52274 4255723 298040 37907 2 223 333 472686 0 0 0 0 0 0 0 0 153 125 0 0 0 0 0 0 0 10640 32373 14649 140059 2231 11517 19600 55156 23107 5911 9828 182960 190909 149089 72088 0.146 112032 86166 0 0 NIL NIL 0 0.092 0 0 50 0.487 2.449 0.02 0.09 6 0 0 0 42 0 31 25 0 NIL NIL 1.75 0.109 0.001 0 0 0 0 0 0 0 0 0 0 281321.906 0.817 0.094 0.027 0.015 0.018 0.005 0.001 0 1.442 0 0 127 NIL NIL 359 456.636 3119.058 6126.234 22682.576 14172.284 3664.332 7376.818 43995.797 0 NIL 0 </measResults>
            </measValue>
            <measValue measObjLdn="MMLG4521HUNB001/ULoCell:NodeB Function Name=MMLG4521HUNB001, Local Cell ID=10492, Cell Name=CBLRSU2">
                <measResults>1799508 314 65 3 16 2 3 2 6 6 13 14 6 7 7 11 0 0 0 0 0 0 0 0 0 0 0 59923 692121 160495 49210 7661 704374 18084 2406 0 74 29 37465 0 0 0 0 0 0 0 0 2 1 0 0 0 0 0 0 0 1310 906 149 8474 48 1882 4125 1093 624 1353 65 12135 12747 6840 6100 0.024 4522 8673 0 0 NIL NIL 0 0.018 0 0 68 0.094 1.122 0.001 0.034 3 0 0 0 16 0 1 2 0 NIL NIL 0.161 0.003 0 0 0 0 0 0 0 0 0 0 0 33094.828 0.278 0.025 0.007 0.004 0.003 0.001 0 0 0.138 0 0 83 NIL NIL 373 9.84 608.7 909.114 419.46 375.504 1969.404 86.436 916.37 0 NIL 0 </measResults>
            </measValue>
            <measValue measObjLdn="MMLG4521HUNB001/ULoCell:NodeB Function Name=MMLG4521HUNB001, Local Cell ID=10493, Cell Name=CBLRSU3">
                <measResults>1798526 1024 128 12 9 1 2 1 4 3 5 3 2 6 2 0 0 0 0 0 0 0 0 0 0 252 252 97858 1747430 491697 409255 41640 2539847 343644 31622 1 42 227 358433 0 0 0 0 0 0 0 0 91 62 0 0 0 0 0 0 0 1 364 176 330358 320 1327 4541 24271 51763 16511 2219 544 373626 309345 10069 0.106 361991 22809 0 0 NIL NIL 0 0.014 0 0 31 0.303 1.635 0.009 0.046 0 0 0 0 61 0 3 6 0 NIL NIL 1.184 0.226 0.017 0.001 0 0 0 0 0 0 0 0 0 445066.156 0.237 0.017 0.007 0.006 0.009 0.005 0.001 0 0.814 0 0 240 NIL NIL 2 590.088 2309.178 8509.168 43438.164 90082.656 29761.033 3417.186 997.398 0 NIL 0 </measResults>
            </measValue>
            <measValue measObjLdn="MMLG4521HUNB001/ULoCell:NodeB Function Name=MMLG4521HUNB001, Local Cell ID=50491, Cell Name=CBLRSN4">
                <measResults>1720312 14823 6063 6249 6587 5958 5866 5172 9411 7324 4614 2032 1111 1643 819 485 98 81 57 82 107 91 86 165 147 622 1496 467016 1773679 924028 675053 92052 4210624 415493 39098 10 212 312 516559 18607 7678 4662 2254 1290 126 0 7 69 54 22949 10752 6924 3617 2220 166 0 23405 35861 1126 256345 45 292 403 12468 60712 25494 16770 143509 218800 238953 68956 0.168 143155 85616 0 0 NIL NIL 0 0.096 0 0 83 0.759 3.647 0.025 0.134 8 0 0 0 80 0 42 36 0 NIL NIL 1.764 0.072 0.002 0.001 0 0 6357.24 2034.316 1260.22 659.704 469.786 26.268 0 391291.406 0.992 0.139 0.058 0.025 0.023 0.006 0.002 0 1.082 0 0 79 NIL NIL 256 21.636 232.32 175.884 8200.336 35752.594 8741.138 12143.842 21294.992 0 NIL 0 </measResults>
            </measValue>
            <measValue measObjLdn="MMLG4521HUNB001/ULoCell:NodeB Function Name=MMLG4521HUNB001, Local Cell ID=50492, Cell Name=CBLRSN5">
                <measResults>1786568 3175 1300 1820 1870 1831 1964 963 321 53 43 39 32 14 4 5 3 0 0 0 0 0 0 0 0 0 0 79858 1127840 346607 174692 26228 1172042 133408 13613 5 82 83 247299 0 0 0 0 0 0 0 0 21 14 0 0 0 0 0 0 0 1735 4157 4450 93589 10 10 25 1460 3107 10125 9775 31192 87181 95306 29744 0.028 57886 33663 0 0 NIL NIL 0 0.018 0 0 51 0.215 2.427 0.004 0.041 3 0 0 0 80 0 2 5 0 NIL NIL 0.503 0.027 0 0 0 0 0 0 0 0 0 0 0 126827.828 0.229 0.054 0.03 0.011 0.005 0.001 0 0 0.307 0 0 111 NIL NIL 293 3.096 1.08 11.268 503.376 1080.882 3438.594 5372.958 8677.454 0 NIL 0 </measResults>
            </measValue>
            <measValue measObjLdn="MMLG4521HUNB001/ULoCell:NodeB Function Name=MMLG4521HUNB001, Local Cell ID=50493, Cell Name=CBLRSN6">
                <measResults>1738367 23215 14326 11415 6906 2605 1000 1587 554 9 9 4 6 2 0 0 0 0 0 0 0 0 0 0 0 0 0 22017 324352 149810 42850 21578 183717 18285 7775 2 172 0 23969 596 0 0 0 0 0 0 0 6 6 491 0 0 0 0 0 0 936 523 2 113 110 75 85 635 7360 8895 10 78370 3907 19 5120 0.05 12 4051 0 0 NIL NIL 0 0.044 0 0 64 0.088 1.112 0.002 0.034 31 0 0 0 80 0 0 8 0 NIL NIL 0.043 0.001 0 0 0 0 10.2 0 0 0 0 0 0 9054.072 0.131 0.006 0.002 0.001 0.001 0 0 0 0.037 0 0 31 NIL NIL 877 74.712 67.404 64.452 425.244 1325.76 1139.244 1.416 3112.668 0 NIL 0 </measResults>
            </measValue>
            <measValue measObjLdn="MMLG4521HUNB001/ULoCell:NodeB Function Name=MMLG4521HUNB001, Local Cell ID=60491, Cell Name=CBLRSN1">
                <measResults>1772424 15599 4141 2834 2110 983 438 229 270 210 127 147 121 76 56 34 22 22 10 23 46 38 14 7 0 22 183 740047 1778608 1065749 631051 153212 5245897 587011 125962 9 247 358 794509 637 110 60 13 13 13 0 2 63 53 1347 236 151 42 42 42 0 7545 59937 14514 359988 278 390 2252 28916 80130 106472 31757 420272 391796 392519 108922 0.402 278388 130151 0 0 NIL NIL 0 0.264 0 0 107 0.904 3.271 0.041 0.186 8 0 0 0 80 0 89 67 0 NIL NIL 1.495 0.201 0.002 0 0 0 290.988 70.68 50.238 11.52 11.52 11.52 0 437005.625 1.858 0.114 0.056 0.034 0.03 0.004 0.001 0 1.05 0 0 52 NIL NIL 395 56.184 97.56 1099.76 12556.058 21024.398 37655.211 21785.762 47323.219 0 NIL 0 </measResults>
            </measValue>
            <measValue measObjLdn="MMLG4521HUNB001/ULoCell:NodeB Function Name=MMLG4521HUNB001, Local Cell ID=60492, Cell Name=CBLRSN2">
                <measResults>1377052 6767 8554 25820 71552 163448 119144 22263 2343 1202 1703 73 16 24 19 19 7 2 0 0 0 0 0 0 0 0 2 59105 694524 193012 60977 27520 628907 23099 7014 5 148 0 41138 29158 602 8 0 0 0 0 0 12 10 36712 706 49 0 0 0 0 3628 2525 1968 5882 12 60 161 1127 3885 5387 3576 32189 15065 6915 6795 0.052 5515 10018 0 0 NIL NIL 0 0.042 0 0 69 0.123 1.479 0.002 0.038 5 0 0 0 80 0 0 3 0 NIL NIL 0.164 0.008 0 0 0 0 5497.016 259.674 19.842 0 0 0 0 38466.672 0.253 0.023 0.009 0.006 0.005 0.001 0 0 0.14 0 0 38 NIL NIL 647 10.368 41.76 86.532 338.748 1136.936 1861.884 2328.654 4998.126 0 NIL 0 </measResults>
            </measValue>
            <measValue measObjLdn="MMLG4521HUNB001/ULoCell:NodeB Function Name=MMLG4521HUNB001, Local Cell ID=60493, Cell Name=CBLRSN3">
                <measResults>1798757 502 133 161 137 88 46 49 48 61 17 5 4 0 0 0 0 0 0 0 0 0 0 0 0 0 0 60692 436148 120567 38108 21579 319361 14930 2646 3 88 33 31749 0 0 0 0 0 0 0 0 1 1 0 0 0 0 0 0 0 996 171 1270 6566 115 100 177 2533 5088 3899 1375 17074 14991 6858 4977 0.016 5951 9447 0 0 NIL NIL 0 0.01 0 0 129 0.082 1.718 0.001 0.031 3 0 0 0 68 0 1 1 0 NIL NIL 0.063 0.006 0 0 0 0 0 0 0 0 0 0 0 29799.592 0.16 0.014 0.007 0.003 0.005 0.001 0 0 0.049 0 0 39 NIL NIL 486 103.644 18.864 82.548 1597.704 3479.784 1994.298 928.476 5603.928 0 NIL 0 </measResults>
            </measValue>
        </measInfo>
        <measInfo measInfoId="50331653">
            <granPeriod duration="PT3600S" endTime="2021-08-17T23:00:00+08:00"/>
            <repPeriod duration="PT3600S"/>
            <measTypes>50331748 50331749 50331750 50331751 50331752 50331753 50361697 </measTypes>
            <measValue measObjLdn="MMLG4521HUNB001/ULoCell:NodeB Function Name=MMLG4521HUNB001, Local Cell ID=10491, Cell Name=CBLRSU1">
                <measResults>0.056 0.035 0.056 0.033 0 0 0.107 </measResults>
            </measValue>
            <measValue measObjLdn="MMLG4521HUNB001/ULoCell:NodeB Function Name=MMLG4521HUNB001, Local Cell ID=10492, Cell Name=CBLRSU2">
                <measResults>0.006 0.004 0.006 0.004 0 0 0.136 </measResults>
            </measValue>
            <measValue measObjLdn="MMLG4521HUNB001/ULoCell:NodeB Function Name=MMLG4521HUNB001, Local Cell ID=10493, Cell Name=CBLRSU3">
                <measResults>0.05 0.035 0.05 0.035 0 0 0.102 </measResults>
            </measValue>
            <measValue measObjLdn="MMLG4521HUNB001/ULoCell:NodeB Function Name=MMLG4521HUNB001, Local Cell ID=50491, Cell Name=CBLRSN4">
                <measResults>0.431 0.393 0.431 0.382 0 0 0.062 </measResults>
            </measValue>
            <measValue measObjLdn="MMLG4521HUNB001/ULoCell:NodeB Function Name=MMLG4521HUNB001, Local Cell ID=50492, Cell Name=CBLRSN5">
                <measResults>0.013 0.008 0.013 0.008 0 0 0.049 </measResults>
            </measValue>
            <measValue measObjLdn="MMLG4521HUNB001/ULoCell:NodeB Function Name=MMLG4521HUNB001, Local Cell ID=50493, Cell Name=CBLRSN6">
                <measResults>0 0 0 0 0 0 NIL </measResults>
            </measValue>
            <measValue measObjLdn="MMLG4521HUNB001/ULoCell:NodeB Function Name=MMLG4521HUNB001, Local Cell ID=60491, Cell Name=CBLRSN1">
                <measResults>0.411 0.375 0.411 0.364 0 0 0.071 </measResults>
            </measValue>
            <measValue measObjLdn="MMLG4521HUNB001/ULoCell:NodeB Function Name=MMLG4521HUNB001, Local Cell ID=60492, Cell Name=CBLRSN2">
                <measResults>0.028 0.024 0.028 0.024 0 0 0.088 </measResults>
            </measValue>
            <measValue measObjLdn="MMLG4521HUNB001/ULoCell:NodeB Function Name=MMLG4521HUNB001, Local Cell ID=60493, Cell Name=CBLRSN3">
                <measResults>0.011 0.008 0.011 0.008 0 0 0.106 </measResults>
            </measValue>
        </measInfo>
        <measInfo measInfoId="50331658">
            <granPeriod duration="PT3600S" endTime="2021-08-17T23:00:00+08:00"/>
            <repPeriod duration="PT3600S"/>
            <measTypes>50332250 50332251 50332410 50332411 </measTypes>
            <measValue measObjLdn="MMLG4521HUNB001/ULoCell:NodeB Function Name=MMLG4521HUNB001, Local Cell ID=10491, Cell Name=CBLRSU1">
                <measResults>0 0 0 0 </measResults>
            </measValue>
            <measValue measObjLdn="MMLG4521HUNB001/ULoCell:NodeB Function Name=MMLG4521HUNB001, Local Cell ID=10492, Cell Name=CBLRSU2">
                <measResults>0 0 0 0 </measResults>
            </measValue>
            <measValue measObjLdn="MMLG4521HUNB001/ULoCell:NodeB Function Name=MMLG4521HUNB001, Local Cell ID=10493, Cell Name=CBLRSU3">
                <measResults>0 0 0 0 </measResults>
            </measValue>
            <measValue measObjLdn="MMLG4521HUNB001/ULoCell:NodeB Function Name=MMLG4521HUNB001, Local Cell ID=50491, Cell Name=CBLRSN4">
                <measResults>0 0 0 0 </measResults>
            </measValue>
            <measValue measObjLdn="MMLG4521HUNB001/ULoCell:NodeB Function Name=MMLG4521HUNB001, Local Cell ID=50492, Cell Name=CBLRSN5">
                <measResults>0 0 0 0 </measResults>
            </measValue>
            <measValue measObjLdn="MMLG4521HUNB001/ULoCell:NodeB Function Name=MMLG4521HUNB001, Local Cell ID=50493, Cell Name=CBLRSN6">
                <measResults>0 0 0 0 </measResults>
            </measValue>
            <measValue measObjLdn="MMLG4521HUNB001/ULoCell:NodeB Function Name=MMLG4521HUNB001, Local Cell ID=60491, Cell Name=CBLRSN1">
                <measResults>0 0 0 0 </measResults>
            </measValue>
            <measValue measObjLdn="MMLG4521HUNB001/ULoCell:NodeB Function Name=MMLG4521HUNB001, Local Cell ID=60492, Cell Name=CBLRSN2">
                <measResults>0 0 0 0 </measResults>
            </measValue>
            <measValue measObjLdn="MMLG4521HUNB001/ULoCell:NodeB Function Name=MMLG4521HUNB001, Local Cell ID=60493, Cell Name=CBLRSN3">
                <measResults>0 0 0 0 </measResults>
            </measValue>
        </measInfo>
        <measInfo measInfoId="50331660">
            <granPeriod duration="PT3600S" endTime="2021-08-17T23:00:00+08:00"/>
            <repPeriod duration="PT3600S"/>
            <measTypes>50361670 50361671 50361672 50361673 </measTypes>
            <measValue measObjLdn="MMLG4521HUNB001/ULoCell:NodeB Function Name=MMLG4521HUNB001, Local Cell ID=10491, Cell Name=CBLRSU1">
                <measResults>0 0 0 0 </measResults>
            </measValue>
            <measValue measObjLdn="MMLG4521HUNB001/ULoCell:NodeB Function Name=MMLG4521HUNB001, Local Cell ID=10492, Cell Name=CBLRSU2">
                <measResults>0 0 0 0 </measResults>
            </measValue>
            <measValue measObjLdn="MMLG4521HUNB001/ULoCell:NodeB Function Name=MMLG4521HUNB001, Local Cell ID=10493, Cell Name=CBLRSU3">
                <measResults>0 0 0 0 </measResults>
            </measValue>
            <measValue measObjLdn="MMLG4521HUNB001/ULoCell:NodeB Function Name=MMLG4521HUNB001, Local Cell ID=50491, Cell Name=CBLRSN4">
                <measResults>0 0 0 0 </measResults>
            </measValue>
            <measValue measObjLdn="MMLG4521HUNB001/ULoCell:NodeB Function Name=MMLG4521HUNB001, Local Cell ID=50492, Cell Name=CBLRSN5">
                <measResults>0 0 0 0 </measResults>
            </measValue>
            <measValue measObjLdn="MMLG4521HUNB001/ULoCell:NodeB Function Name=MMLG4521HUNB001, Local Cell ID=50493, Cell Name=CBLRSN6">
                <measResults>0 0 0 0 </measResults>
            </measValue>
            <measValue measObjLdn="MMLG4521HUNB001/ULoCell:NodeB Function Name=MMLG4521HUNB001, Local Cell ID=60491, Cell Name=CBLRSN1">
                <measResults>0 0 0 0 </measResults>
            </measValue>
            <measValue measObjLdn="MMLG4521HUNB001/ULoCell:NodeB Function Name=MMLG4521HUNB001, Local Cell ID=60492, Cell Name=CBLRSN2">
                <measResults>0 0 0 0 </measResults>
            </measValue>
            <measValue measObjLdn="MMLG4521HUNB001/ULoCell:NodeB Function Name=MMLG4521HUNB001, Local Cell ID=60493, Cell Name=CBLRSN3">
                <measResults>0 0 0 0 </measResults>
            </measValue>
        </measInfo>
        <measInfo measInfoId="50331661">
            <granPeriod duration="PT3600S" endTime="2021-08-17T23:00:00+08:00"/>
            <repPeriod duration="PT3600S"/>
            <measTypes>50332048 50332049 50332050 50332051 </measTypes>
            <measValue measObjLdn="MMLG4521HUNB001/ULoCell:NodeB Function Name=MMLG4521HUNB001, Local Cell ID=10491, Cell Name=CBLRSU1">
                <measResults>10896 0 83564 0 </measResults>
            </measValue>
            <measValue measObjLdn="MMLG4521HUNB001/ULoCell:NodeB Function Name=MMLG4521HUNB001, Local Cell ID=10492, Cell Name=CBLRSU2">
                <measResults>1801 0 82169 0 </measResults>
            </measValue>
            <measValue measObjLdn="MMLG4521HUNB001/ULoCell:NodeB Function Name=MMLG4521HUNB001, Local Cell ID=10493, Cell Name=CBLRSU3">
                <measResults>6090 0 82986 0 </measResults>
            </measValue>
            <measValue measObjLdn="MMLG4521HUNB001/ULoCell:NodeB Function Name=MMLG4521HUNB001, Local Cell ID=50491, Cell Name=CBLRSN4">
                <measResults>15359 0 83593 0 </measResults>
            </measValue>
            <measValue measObjLdn="MMLG4521HUNB001/ULoCell:NodeB Function Name=MMLG4521HUNB001, Local Cell ID=50492, Cell Name=CBLRSN5">
                <measResults>4802 0 82323 0 </measResults>
            </measValue>
            <measValue measObjLdn="MMLG4521HUNB001/ULoCell:NodeB Function Name=MMLG4521HUNB001, Local Cell ID=50493, Cell Name=CBLRSN6">
                <measResults>2318 0 83004 0 </measResults>
            </measValue>
            <measValue measObjLdn="MMLG4521HUNB001/ULoCell:NodeB Function Name=MMLG4521HUNB001, Local Cell ID=60491, Cell Name=CBLRSN1">
                <measResults>16468 0 83239 0 </measResults>
            </measValue>
            <measValue measObjLdn="MMLG4521HUNB001/ULoCell:NodeB Function Name=MMLG4521HUNB001, Local Cell ID=60492, Cell Name=CBLRSN2">
                <measResults>1981 0 82284 0 </measResults>
            </measValue>
            <measValue measObjLdn="MMLG4521HUNB001/ULoCell:NodeB Function Name=MMLG4521HUNB001, Local Cell ID=60493, Cell Name=CBLRSN3">
                <measResults>1624 0 82151 0 </measResults>
            </measValue>
        </measInfo>
        <measInfo measInfoId="50331662">
            <granPeriod duration="PT3600S" endTime="2021-08-17T23:00:00+08:00"/>
            <repPeriod duration="PT3600S"/>
            <measTypes>50332052 50332053 50332054 50332070 50332505 </measTypes>
            <measValue measObjLdn="MMLG4521HUNB001/ULoCell:NodeB Function Name=MMLG4521HUNB001, Local Cell ID=10491, Cell Name=CBLRSU1">
                <measResults>45 32 272758 0 0 </measResults>
            </measValue>
            <measValue measObjLdn="MMLG4521HUNB001/ULoCell:NodeB Function Name=MMLG4521HUNB001, Local Cell ID=10492, Cell Name=CBLRSU2">
                <measResults>45 29 165611 0 0 </measResults>
            </measValue>
            <measValue measObjLdn="MMLG4521HUNB001/ULoCell:NodeB Function Name=MMLG4521HUNB001, Local Cell ID=10493, Cell Name=CBLRSU3">
                <measResults>0 49 72527 0 0 </measResults>
            </measValue>
            <measValue measObjLdn="MMLG4521HUNB001/ULoCell:NodeB Function Name=MMLG4521HUNB001, Local Cell ID=50491, Cell Name=CBLRSN4">
                <measResults>63 40 116465 0 0 </measResults>
            </measValue>
            <measValue measObjLdn="MMLG4521HUNB001/ULoCell:NodeB Function Name=MMLG4521HUNB001, Local Cell ID=50492, Cell Name=CBLRSN5">
                <measResults>0 16 123710 0 0 </measResults>
            </measValue>
            <measValue measObjLdn="MMLG4521HUNB001/ULoCell:NodeB Function Name=MMLG4521HUNB001, Local Cell ID=50493, Cell Name=CBLRSN6">
                <measResults>0 3 7489 0 0 </measResults>
            </measValue>
            <measValue measObjLdn="MMLG4521HUNB001/ULoCell:NodeB Function Name=MMLG4521HUNB001, Local Cell ID=60491, Cell Name=CBLRSN1">
                <measResults>0 46 360896 0 0 </measResults>
            </measValue>
            <measValue measObjLdn="MMLG4521HUNB001/ULoCell:NodeB Function Name=MMLG4521HUNB001, Local Cell ID=60492, Cell Name=CBLRSN2">
                <measResults>0 3 120608 0 0 </measResults>
            </measValue>
            <measValue measObjLdn="MMLG4521HUNB001/ULoCell:NodeB Function Name=MMLG4521HUNB001, Local Cell ID=60493, Cell Name=CBLRSN3">
                <measResults>0 10 43553 0 0 </measResults>
            </measValue>
        </measInfo>
        <measInfo measInfoId="50331663">
            <granPeriod duration="PT3600S" endTime="2021-08-17T23:00:00+08:00"/>
            <repPeriod duration="PT3600S"/>
            <measTypes>50331917 50332061 50332064 50332065 50332069 50332071 50332072 50332073 50332074 50332079 50332258 50332388 50332389 50332504 50332626 50332632 50332639 50332640 50332641 50332645 50342048 50342049 50342050 50342051 50361705 50361706 50361725 50361726 50361735 50361740 50361743 50361744 50361747 50361749 50361751 50361753 50361755 50361757 50361759 50361761 50361763 50361765 50361767 50361769 50361771 50361773 50361775 50361777 50361779 50361781 50361783 50361785 50361787 50361789 50361791 50361793 50361795 </measTypes>
            <measValue measObjLdn="MMLG4521HUNB001/ULoCell:NodeB Function Name=MMLG4521HUNB001, Local Cell ID=10491, Cell Name=CBLRSU1">
                <measResults>983.338 0 256 0 0 0 0 0 0 0 1.635 0 0.959 0 0 0 3600 0 NIL 0 4 57.171 0 0 0 0 0 NIL NIL NIL NIL NIL NIL NIL NIL NIL NIL NIL NIL NIL NIL NIL NIL NIL NIL NIL NIL NIL NIL NIL NIL NIL NIL NIL NIL NIL NIL </measResults>
            </measValue>
            <measValue measObjLdn="MMLG4521HUNB001/ULoCell:NodeB Function Name=MMLG4521HUNB001, Local Cell ID=10492, Cell Name=CBLRSU2">
                <measResults>795.787 0 256 0 0 0 0 0 0 0 1.049 0 0.124 0 0 0 3600 0 NIL 0 2 29.739 0 0 0 0 0 NIL NIL NIL NIL NIL NIL NIL NIL NIL NIL NIL NIL NIL NIL NIL NIL NIL NIL NIL NIL NIL NIL NIL NIL NIL NIL NIL NIL NIL NIL </measResults>
            </measValue>
            <measValue measObjLdn="MMLG4521HUNB001/ULoCell:NodeB Function Name=MMLG4521HUNB001, Local Cell ID=10493, Cell Name=CBLRSU3">
                <measResults>968.434 0 255 0 0 0 0 0 0 0 0.489 0 0.614 0 0 0 3600 0 NIL 0 6 46.518 0 0 0 0 0 NIL NIL NIL NIL NIL NIL NIL NIL NIL NIL NIL NIL NIL NIL NIL NIL NIL NIL NIL NIL NIL NIL NIL NIL NIL NIL NIL NIL NIL NIL </measResults>
            </measValue>
            <measValue measObjLdn="MMLG4521HUNB001/ULoCell:NodeB Function Name=MMLG4521HUNB001, Local Cell ID=50491, Cell Name=CBLRSN4">
                <measResults>987.519 1 256 0 0 0 0 0 0 0 0.547 0 1.17 41.667 0 0 3600 0 NIL 0 46 86.725 0 0 0 0 0 NIL NIL NIL NIL NIL NIL NIL NIL NIL NIL NIL NIL NIL NIL NIL NIL NIL NIL NIL NIL NIL NIL NIL NIL NIL NIL NIL NIL NIL NIL </measResults>
            </measValue>
            <measValue measObjLdn="MMLG4521HUNB001/ULoCell:NodeB Function Name=MMLG4521HUNB001, Local Cell ID=50492, Cell Name=CBLRSN5">
                <measResults>901.008 0 256 0 0 0 0 0 0 0 0.829 0 0.333 8.333 0 0 3600 0 NIL 0 6 77.209 0 0 0 0 0 NIL NIL NIL NIL NIL NIL NIL NIL NIL NIL NIL NIL NIL NIL NIL NIL NIL NIL NIL NIL NIL NIL NIL NIL NIL NIL NIL NIL NIL NIL </measResults>
            </measValue>
            <measValue measObjLdn="MMLG4521HUNB001/ULoCell:NodeB Function Name=MMLG4521HUNB001, Local Cell ID=50493, Cell Name=CBLRSN6">
                <measResults>989.15 0 249 0 0 0 0 0 0 0 0.006 0 0.078 66.667 0 0 3600 0 NIL 0 40 23.499 0 0 0 0 0 NIL NIL NIL NIL NIL NIL NIL NIL NIL NIL NIL NIL NIL NIL NIL NIL NIL NIL NIL NIL NIL NIL NIL NIL NIL NIL NIL NIL NIL NIL </measResults>
            </measValue>
            <measValue measObjLdn="MMLG4521HUNB001/ULoCell:NodeB Function Name=MMLG4521HUNB001, Local Cell ID=60491, Cell Name=CBLRSN1">
                <measResults>986.658 2 256 0 0 0 0 0 0 0 1.818 0 1.488 991.667 0 0 0 0 NIL 0 19 96.628 0 0 0 0 0 NIL NIL NIL NIL NIL NIL NIL NIL NIL NIL NIL NIL NIL NIL NIL NIL NIL NIL NIL NIL NIL NIL NIL NIL NIL NIL NIL NIL NIL NIL </measResults>
            </measValue>
            <measValue measObjLdn="MMLG4521HUNB001/ULoCell:NodeB Function Name=MMLG4521HUNB001, Local Cell ID=60492, Cell Name=CBLRSN2">
                <measResults>862.551 0 251 0 0 0 0 0 0 0 0.708 0 0.138 683.333 0 0 0 0 NIL 0 3 27.399 0 0 0 0 0 NIL NIL NIL NIL NIL NIL NIL NIL NIL NIL NIL NIL NIL NIL NIL NIL NIL NIL NIL NIL NIL NIL NIL NIL NIL NIL NIL NIL NIL NIL </measResults>
            </measValue>
            <measValue measObjLdn="MMLG4521HUNB001/ULoCell:NodeB Function Name=MMLG4521HUNB001, Local Cell ID=60493, Cell Name=CBLRSN3">
                <measResults>951.644 0 252 0 0 0 0 0 0 0 0.436 0 0.074 0 0 0 0 0 NIL 0 5 25.475 0 0 0 0 0 NIL NIL NIL NIL NIL NIL NIL NIL NIL NIL NIL NIL NIL NIL NIL NIL NIL NIL NIL NIL NIL NIL NIL NIL NIL NIL NIL NIL NIL NIL </measResults>
            </measValue>
        </measInfo>
        <measInfo measInfoId="50331665">
            <granPeriod duration="PT3600S" endTime="2021-08-17T23:00:00+08:00"/>
            <repPeriod duration="PT3600S"/>
            <measTypes>50331740 50331741 50331742 50331743 50331744 50331909 50331910 50331911 50331912 50331913 50332381 50332382 50332576 50332577 </measTypes>
            <measValue measObjLdn="MMLG4521HUNB001/ULoCell:NodeB Function Name=MMLG4521HUNB001, Local Cell ID=10491, Cell Name=CBLRSU1">
                <measResults>0 0 0 0 0 0 0 0 0 0 0 0 0 0 </measResults>
            </measValue>
            <measValue measObjLdn="MMLG4521HUNB001/ULoCell:NodeB Function Name=MMLG4521HUNB001, Local Cell ID=10492, Cell Name=CBLRSU2">
                <measResults>0 0 0 0 0 0 0 0 0 0 0 0 0 0 </measResults>
            </measValue>
            <measValue measObjLdn="MMLG4521HUNB001/ULoCell:NodeB Function Name=MMLG4521HUNB001, Local Cell ID=10493, Cell Name=CBLRSU3">
                <measResults>0 0 0 0 0 0 0 0 0 0 0 0 0 0 </measResults>
            </measValue>
            <measValue measObjLdn="MMLG4521HUNB001/ULoCell:NodeB Function Name=MMLG4521HUNB001, Local Cell ID=50491, Cell Name=CBLRSN4">
                <measResults>0 0 0 0 0 0 0 0 0 0 0 0 0 0 </measResults>
            </measValue>
            <measValue measObjLdn="MMLG4521HUNB001/ULoCell:NodeB Function Name=MMLG4521HUNB001, Local Cell ID=50492, Cell Name=CBLRSN5">
                <measResults>0 0 0 0 0 0 0 0 0 0 0 0 0 0 </measResults>
            </measValue>
            <measValue measObjLdn="MMLG4521HUNB001/ULoCell:NodeB Function Name=MMLG4521HUNB001, Local Cell ID=50493, Cell Name=CBLRSN6">
                <measResults>0 0 0 0 0 0 0 0 0 0 0 0 0 0 </measResults>
            </measValue>
            <measValue measObjLdn="MMLG4521HUNB001/ULoCell:NodeB Function Name=MMLG4521HUNB001, Local Cell ID=60491, Cell Name=CBLRSN1">
                <measResults>0 0 0 0 0 0 0 0 0 0 0 0 0 0 </measResults>
            </measValue>
            <measValue measObjLdn="MMLG4521HUNB001/ULoCell:NodeB Function Name=MMLG4521HUNB001, Local Cell ID=60492, Cell Name=CBLRSN2">
                <measResults>0 0 0 0 0 0 0 0 0 0 0 0 0 0 </measResults>
            </measValue>
            <measValue measObjLdn="MMLG4521HUNB001/ULoCell:NodeB Function Name=MMLG4521HUNB001, Local Cell ID=60493, Cell Name=CBLRSN3">
                <measResults>0 0 0 0 0 0 0 0 0 0 0 0 0 0 </measResults>
            </measValue>
        </measInfo>
        <measInfo measInfoId="50331673">
            <granPeriod duration="PT3600S" endTime="2021-08-17T23:00:00+08:00"/>
            <repPeriod duration="PT3600S"/>
            <measTypes>50332055 50332056 50332057 50332058 50332059 50332060 50332278 50332279 50332280 50332281 50332282 50332283 50332284 50332285 50332286 50361648 50361649 50361650 50361651 </measTypes>
            <measValue measObjLdn="MMLG4521HUNB001/ULoCell:NodeB Function Name=MMLG4521HUNB001, Local Cell ID=10491, Cell Name=CBLRSU1">
                <measResults>11 13 2 0 0 0 5 6 1 2 5 0 0 3 3 0 0 0 0 </measResults>
            </measValue>
            <measValue measObjLdn="MMLG4521HUNB001/ULoCell:NodeB Function Name=MMLG4521HUNB001, Local Cell ID=10492, Cell Name=CBLRSU2">
                <measResults>2 5 1 0 0 0 3 3 0 0 0 0 0 0 0 0 0 0 0 </measResults>
            </measValue>
            <measValue measObjLdn="MMLG4521HUNB001/ULoCell:NodeB Function Name=MMLG4521HUNB001, Local Cell ID=10493, Cell Name=CBLRSU3">
                <measResults>5 3 0 0 0 0 0 0 1 0 7 0 1 1 16 0 0 0 0 </measResults>
            </measValue>
            <measValue measObjLdn="MMLG4521HUNB001/ULoCell:NodeB Function Name=MMLG4521HUNB001, Local Cell ID=50491, Cell Name=CBLRSN4">
                <measResults>8 3 0 0 0 0 4 6 5 6 20 0 6 10 18 0 0 0 0 </measResults>
            </measValue>
            <measValue measObjLdn="MMLG4521HUNB001/ULoCell:NodeB Function Name=MMLG4521HUNB001, Local Cell ID=50492, Cell Name=CBLRSN5">
                <measResults>3 2 0 0 0 0 3 1 0 0 1 0 0 1 2 0 0 0 0 </measResults>
            </measValue>
            <measValue measObjLdn="MMLG4521HUNB001/ULoCell:NodeB Function Name=MMLG4521HUNB001, Local Cell ID=50493, Cell Name=CBLRSN6">
                <measResults>0 0 0 0 0 0 0 0 1 0 3 0 3 0 1 0 0 0 0 </measResults>
            </measValue>
            <measValue measObjLdn="MMLG4521HUNB001/ULoCell:NodeB Function Name=MMLG4521HUNB001, Local Cell ID=60491, Cell Name=CBLRSN1">
                <measResults>10 8 1 0 0 0 11 14 5 9 15 1 2 11 23 0 0 0 0 </measResults>
            </measValue>
            <measValue measObjLdn="MMLG4521HUNB001/ULoCell:NodeB Function Name=MMLG4521HUNB001, Local Cell ID=60492, Cell Name=CBLRSN2">
                <measResults>1 1 0 0 0 0 2 3 0 0 0 0 0 0 0 0 0 0 0 </measResults>
            </measValue>
            <measValue measObjLdn="MMLG4521HUNB001/ULoCell:NodeB Function Name=MMLG4521HUNB001, Local Cell ID=60493, Cell Name=CBLRSN3">
                <measResults>0 0 0 0 0 0 3 3 0 0 0 0 0 1 0 0 0 0 0 </measResults>
            </measValue>
        </measInfo>
        <measInfo measInfoId="50331674">
            <granPeriod duration="PT3600S" endTime="2021-08-17T23:00:00+08:00"/>
            <repPeriod duration="PT3600S"/>
            <measTypes>50332161 50332162 50332163 50332164 50332165 50341718 50341719 50341720 50341721 </measTypes>
            <measValue measObjLdn="MMLG4521HUNB001/ULoCell:NodeB Function Name=MMLG4521HUNB001, Local Cell ID=10491, Cell Name=CBLRSU1">
                <measResults>0 0 0 0 0 0 0 0 0 </measResults>
            </measValue>
            <measValue measObjLdn="MMLG4521HUNB001/ULoCell:NodeB Function Name=MMLG4521HUNB001, Local Cell ID=10492, Cell Name=CBLRSU2">
                <measResults>0 0 0 0 0 0 0 0 0 </measResults>
            </measValue>
            <measValue measObjLdn="MMLG4521HUNB001/ULoCell:NodeB Function Name=MMLG4521HUNB001, Local Cell ID=10493, Cell Name=CBLRSU3">
                <measResults>0 0 0 0 0 0 0 0 0 </measResults>
            </measValue>
            <measValue measObjLdn="MMLG4521HUNB001/ULoCell:NodeB Function Name=MMLG4521HUNB001, Local Cell ID=50491, Cell Name=CBLRSN4">
                <measResults>0 0 0 0 0 0 0 0 0 </measResults>
            </measValue>
            <measValue measObjLdn="MMLG4521HUNB001/ULoCell:NodeB Function Name=MMLG4521HUNB001, Local Cell ID=50492, Cell Name=CBLRSN5">
                <measResults>0 0 0 0 0 0 0 0 0 </measResults>
            </measValue>
            <measValue measObjLdn="MMLG4521HUNB001/ULoCell:NodeB Function Name=MMLG4521HUNB001, Local Cell ID=50493, Cell Name=CBLRSN6">
                <measResults>0 0 0 0 0 0 0 0 0 </measResults>
            </measValue>
            <measValue measObjLdn="MMLG4521HUNB001/ULoCell:NodeB Function Name=MMLG4521HUNB001, Local Cell ID=60491, Cell Name=CBLRSN1">
                <measResults>0 0 0 0 0 0 0 0 0 </measResults>
            </measValue>
            <measValue measObjLdn="MMLG4521HUNB001/ULoCell:NodeB Function Name=MMLG4521HUNB001, Local Cell ID=60492, Cell Name=CBLRSN2">
                <measResults>0 0 0 0 0 0 0 0 0 </measResults>
            </measValue>
            <measValue measObjLdn="MMLG4521HUNB001/ULoCell:NodeB Function Name=MMLG4521HUNB001, Local Cell ID=60493, Cell Name=CBLRSN3">
                <measResults>0 0 0 0 0 0 0 0 0 </measResults>
            </measValue>
        </measInfo>
        <measInfo measInfoId="50331676">
            <granPeriod duration="PT3600S" endTime="2021-08-17T23:00:00+08:00"/>
            <repPeriod duration="PT3600S"/>
            <measTypes>50331747 50332175 50332176 50332177 50332178 50332179 50332180 50332181 50332182 50332183 50332184 50332185 50332186 50332187 50332188 50332189 50332190 50332192 50332193 50332194 50332195 50332196 50332197 50332198 50332199 50332200 50332201 50332202 50332203 50332204 50332205 50332206 50332207 50332208 50332209 50332210 50332211 50332212 50332213 50332214 50332219 50332232 50332233 50332234 50332235 50332236 50332237 50332238 50332245 50332246 50332648 50332649 50332650 50332651 50332652 50332653 50332654 50332655 50332656 50332657 50332658 50332670 50332848 50332849 50332850 50332853 50332854 50332855 50332856 50332865 50332866 50332867 50332868 50332869 50332870 50332871 50332872 50332873 50332874 50332875 50332876 50332877 50332878 50332879 50332880 50332881 50332882 50332883 50332884 50332885 50332886 50332887 50332888 50332889 50332890 50332891 50332892 50332894 50332895 50332896 50332897 50332898 50332899 50332900 50332901 50332902 50332903 50332904 50332905 50332906 50332907 50332908 50332909 50332910 50332943 50332944 50332945 50332946 50332947 50332948 50332949 50332950 50332951 50332952 50332953 50332954 50332955 50332956 50332957 50332958 50332959 50332960 50332961 50332962 50332963 50332964 50332965 50332966 50332967 50332968 50332969 50332970 50332971 50332972 50332973 50332974 50332985 50332986 50332987 50332990 50341723 50341741 50341742 50341743 50341748 50341749 50341750 50341751 50341752 50341753 50341754 50341755 50341756 50341757 50341758 50341759 </measTypes>
            <measValue measObjLdn="MMLG4521HUNB001/ULoCell:NodeB Function Name=MMLG4521HUNB001, Local Cell ID=10491, Cell Name=CBLRSU1">
                <measResults>3836525168 1487242 50539 19651 14372 7495 11321 2984 12640 4346 11219 4741 14529 5193 86100 66986 642 0 3842528516 13720 0 6565 0 0 0 0 1 18864 22914 838 153 232 180 165 92 121 188 1037 185 19 3239998120 3854373767 371966 4379119401 330183 71465 79174 345779 220388714 95615 35122 21272 30640 16031 10439 2117 6442 14755 89232 7535 0 177191 0 0 0 49659 0 0 76176 0 0 0 0 0 0 0 0 0 0 0 0 199794487 164488162 105221939 1821584442 119584 64127 23715 84804 0 0 0 0 2387303 3808 3319 0 0 0 0 0 0 0 0 0 0 0 0 0 0 0 0 0 0 0 0 0 0 0 0 0 0 0 0 0 0 0 0 0 0 NIL NIL NIL NIL NIL NIL NIL NIL NIL NIL NIL NIL NIL NIL NIL NIL 0 0 0 269826 2.152 NIL 0 0 10794.784 31434.361 90280.477 77107.133 71944.406 18501.553 79129.992 252485.219 2274360.25 235463.797 0 3099272.75 </measResults>
            </measValue>
            <measValue measObjLdn="MMLG4521HUNB001/ULoCell:NodeB Function Name=MMLG4521HUNB001, Local Cell ID=10492, Cell Name=CBLRSU2">
                <measResults>176923480 1770629 2190 413 496 371 572 173 2007 752 1841 191 3577 280 3572 12936 0 0 170258760 522 0 173 0 0 0 0 0 93 192 24 6 28 96 10 5 7 17 20 0 0 45687008 176526840 29951 201796190 44272 3180 5322 418 6651834 2424 719 105 3406 13337 294 153 490 1168 933 0 0 19781 0 0 0 15604 0 0 4053 0 0 0 0 0 0 0 0 0 0 0 0 86411126 4346462 12917644 71208221 21929 1377 1507 5353 0 0 0 0 95061 538 179 0 0 0 0 0 0 0 0 0 0 0 0 0 0 0 0 0 0 0 0 0 0 0 0 0 0 0 0 0 0 0 0 0 0 NIL NIL NIL NIL NIL NIL NIL NIL NIL NIL NIL NIL NIL NIL NIL NIL 0 0 0 23697 0.158 NIL 0 0 78.955 189.921 11723.17 62239.473 1907.728 1405.576 5917.616 21966.08 20291.016 0 0 125450.656 </measResults>
            </measValue>
            <measValue measObjLdn="MMLG4521HUNB001/ULoCell:NodeB Function Name=MMLG4521HUNB001, Local Cell ID=10493, Cell Name=CBLRSU3">
                <measResults>3147764756 1540759 43189 17221 6224 3399 4542 4157 13081 10142 9082 6435 7586 5490 5104 123560 29 0 3173022776 7113 0 116 0 0 0 0 0 15163 16637 164 64 197 159 169 187 422 549 781 76 8 2152587944 3172706748 291122 3673074964 139708 144430 157189 115210 202436212 53608 7412 8049 11957 7327 6303 4205 7699 14218 75442 727 0 127878 0 0 0 7311 0 0 67055 0 0 0 0 0 0 0 0 0 0 0 0 48089439 233178416 531702750 2151090030 26640 51427 84562 110834 0 0 0 0 351652 822 541 0 0 0 0 0 0 0 0 0 0 0 0 0 0 0 0 0 0 0 0 0 0 0 0 0 0 0 0 0 0 0 0 0 0 NIL NIL NIL NIL NIL NIL NIL NIL NIL NIL NIL NIL NIL NIL NIL NIL 0 0 0 179606 1.329 NIL 0 0 1038.32 12409.872 35242.129 36258.441 44497.191 37689.055 91326.758 250682.719 1799199.5 22298.881 0 2317194.75 </measResults>
            </measValue>
            <measValue measObjLdn="MMLG4521HUNB001/ULoCell:NodeB Function Name=MMLG4521HUNB001, Local Cell ID=50491, Cell Name=CBLRSN4">
                <measResults>4084929136 1248844 60780 11008 4464 2528 3743 1651 3737 2151 4704 2490 9443 6008 109911 328444 94 0 4104395744 5321 0 5390 0 0 0 0 1 55159 60637 1472 100 197 348 911 259 174 300 187 32 1 492866432 4103066608 676587 4654663168 99404 336104 187314 230265 2227707656 403601 52787 10960 35489 70829 255350 35768 15636 49533 4759 63 0 467427 0 0 0 37956 0 0 73102 0 0 0 0 0 0 0 0 0 0 0 0 2253992 339878512 2205132608 684646248 29674 111342 359237 81330 0 0 0 0 1329136 3944 2405 0 0 0 0 0 0 0 0 0 0 0 0 0 0 0 0 0 0 0 0 0 0 0 0 0 0 0 0 0 0 0 0 0 0 NIL NIL NIL NIL NIL NIL NIL NIL NIL NIL NIL NIL NIL NIL NIL NIL 0 0 0 585404 2.413 NIL 0 0 3461.336 17525.783 111027.328 373782.031 1792108.25 311040.188 184178.125 876601.25 109184.578 2031.72 0 3759953.5 </measResults>
            </measValue>
            <measValue measObjLdn="MMLG4521HUNB001/ULoCell:NodeB Function Name=MMLG4521HUNB001, Local Cell ID=50492, Cell Name=CBLRSN5">
                <measResults>4584154128 1376353 5465 763 944 772 1110 890 878 960 2671 1272 4478 3522 13020 370859 16043 0 4599280352 739 0 1138 0 0 0 0 0 8048 9010 64 6 40 267 110 82 204 459 20 3 0 105493960 4599174000 435276 5683109960 37008 41707 77943 54262 6654952 2027 2972 675 12861 106651 40062 24274 56294 162116 338 0 0 402596 0 0 0 65427 0 0 7255 0 0 0 0 0 0 0 0 0 0 0 0 264096 560349240 382316640 3377646136 1704 118149 70461 221471 0 0 0 0 106352 1035 223 0 0 0 0 0 0 0 0 0 0 0 0 0 0 0 0 0 0 0 0 0 0 0 0 0 0 0 0 0 0 0 0 0 0 NIL NIL NIL NIL NIL NIL NIL NIL NIL NIL NIL NIL NIL NIL NIL NIL 0 0 0 424329 0.571 NIL 0 0 511.728 1048.328 46663.695 527166 270990.563 216038.75 677018.875 2650838.5 7077.728 0 0 4395794 </measResults>
            </measValue>
            <measValue measObjLdn="MMLG4521HUNB001/ULoCell:NodeB Function Name=MMLG4521HUNB001, Local Cell ID=50493, Cell Name=CBLRSN6">
                <measResults>11789264 1793193 4644 411 210 63 62 18 59 37 31 17 75 62 41 1077 0 0 11850616 313 0 821 0 0 0 0 0 0 1 73 8 2 4 4 16 20 3 1 0 0 0 11802216 7798 18978640 4083 25203 38933 947 5697448 1495 1080 90 88 54 794 60 50 3 0 0 0 1049 0 0 0 71 0 0 4683 0 0 0 0 0 0 0 0 0 0 0 0 31216 654256 6772512 4378600 608 444 2865 4121 0 0 0 0 48400 323 61 0 0 0 0 0 0 0 0 0 0 0 0 0 0 0 0 0 0 0 0 0 0 0 0 0 0 0 0 0 0 0 0 0 0 NIL NIL NIL NIL NIL NIL NIL NIL NIL NIL NIL NIL NIL NIL NIL NIL 0 0 0 1888 0.189 NIL 0 0 105.208 143.8 260.888 256.208 5211.28 545.056 577.64 44.872 0 0 0 6895.944 </measResults>
            </measValue>
            <measValue measObjLdn="MMLG4521HUNB001/ULoCell:NodeB Function Name=MMLG4521HUNB001, Local Cell ID=60491, Cell Name=CBLRSN1">
                <measResults>8563704324 1151526 78025 11445 4367 2880 3577 3039 4337 4977 5272 5302 10312 11078 428954 74909 0 0 8582033912 1936 0 5366 0 0 0 0 4 74310 81223 1540 77 230 275 333 283 539 1141 675 31 2 4822045344 8595296144 787355 9835484877 279131 261187 446426 285027 2276089683 268617 21721 7192 46568 41777 49552 42179 67333 214676 101952 62 0 564099 0 0 0 16251 0 1 86867 0 0 0 0 0 0 0 0 0 0 0 0 32609110 489060372 938571171 5615930025 17957 129070 130250 384939 0 0 0 0 1357510 3162 2358 0 0 0 0 0 0 0 0 0 0 0 0 0 0 0 0 0 0 0 0 0 0 0 0 0 0 0 0 0 0 0 0 0 0 NIL NIL NIL NIL NIL NIL NIL NIL NIL NIL NIL NIL NIL NIL NIL NIL 0 0 0 684777 3.586 NIL 0 0 2383.043 11698.189 146351.766 205858.078 340574.25 382938.313 809200.688 3733430.25 2241737.5 2024.84 0 7862115.5 </measResults>
            </measValue>
            <measValue measObjLdn="MMLG4521HUNB001/ULoCell:NodeB Function Name=MMLG4521HUNB001, Local Cell ID=60492, Cell Name=CBLRSN2">
                <measResults>41901488 1788631 5557 1027 314 136 182 54 164 107 170 95 131 82 90 3260 0 0 40127688 725 0 226 0 0 0 0 0 2 17 64 3 5 6 9 11 42 38 3 0 0 878336 40252084 12081 61950531 11114 29780 17315 5385 2061365 3178 1263 93 180 72 148 656 1574 206 2 0 0 2838 0 0 0 341 0 0 4998 0 0 0 0 0 0 0 0 0 0 0 0 370832 1898663 27398831 9868110 1518 1866 4775 2936 0 0 0 0 166388 500 302 0 0 0 0 0 0 0 0 0 0 0 0 0 0 0 0 0 0 0 0 0 0 0 0 0 0 0 0 0 0 0 0 0 0 NIL NIL NIL NIL NIL NIL NIL NIL NIL NIL NIL NIL NIL NIL NIL NIL 0 0 0 4601 0.22 NIL 0 0 142.224 132.992 554.063 378.684 1050.488 6119.32 18933.033 3041.336 42.424 0 0 30119.348 </measResults>
            </measValue>
            <measValue measObjLdn="MMLG4521HUNB001/ULoCell:NodeB Function Name=MMLG4521HUNB001, Local Cell ID=60493, Cell Name=CBLRSN3">
                <measResults>129681380 1785948 2891 631 258 148 198 110 257 235 268 243 376 235 152 7976 74 0 82426240 390 0 37 0 0 0 0 0 3 28 15 1 5 13 6 15 14 19 11 1 1 37383488 130101339 14491 155800164 10036 13645 4896 4193 16656960 3927 227 34 552 1579 534 293 408 2858 1581 0 0 7805 0 0 0 1244 0 0 3325 0 0 0 0 0 0 0 0 0 0 0 0 1927128 12112209 17906368 75580147 1170 3424 3905 4625 0 0 0 0 76409 192 151 0 0 0 0 0 0 0 0 0 0 0 0 0 0 0 0 0 0 0 0 0 0 0 0 0 0 0 0 0 0 0 0 0 0 NIL NIL NIL NIL NIL NIL NIL NIL NIL NIL NIL NIL NIL NIL NIL NIL 0 0 0 9503 0.115 NIL 0 0 11.184 63.632 1916.824 7724.288 3584.192 2771.935 5160.878 52821.953 34323.336 0 0 108303.406 </measResults>
            </measValue>
        </measInfo>
        <measInfo measInfoId="50331649">
            <granPeriod duration="PT3600S" endTime="2021-08-17T23:00:00+08:00"/>
            <repPeriod duration="PT3600S"/>
            <measTypes>50332578 50332579 50332580 50332581 50342578 50342579 50342580 50342581 </measTypes>
            <measValue measObjLdn="MMLG4521HUNB001/NodeBFunction:NodeB Function Name=MMLG4521HUNB001">
                <measResults>1.342 0.529 1.465 16.499 2.6 2.2 3.8 31.6 </measResults>
            </measValue>
        </measInfo>
        <measInfo measInfoId="50331654">
            <granPeriod duration="PT3600S" endTime="2021-08-17T23:00:00+08:00"/>
            <repPeriod duration="PT3600S"/>
            <measTypes>50332565 50332566 50332633 50332635 </measTypes>
            <measValue measObjLdn="MMLG4521HUNB001/NodeBFunction:NodeB Function Name=MMLG4521HUNB001">
                <measResults>3072 1792 0 0 </measResults>
            </measValue>
        </measInfo>
        <measInfo measInfoId="50331664">
            <granPeriod duration="PT3600S" endTime="2021-08-17T23:00:00+08:00"/>
            <repPeriod duration="PT3600S"/>
            <measTypes>50332572 50332585 50332587 50332588 50332589 50332590 50332617 50332618 50332625 </measTypes>
            <measValue measObjLdn="MMLG4521HUNB001/NodeBFunction:NodeB Function Name=MMLG4521HUNB001">
                <measResults>1 0 11 11 0 4 0 0 1 </measResults>
            </measValue>
        </measInfo>
        <measInfo measInfoId="50331666">
            <granPeriod duration="PT3600S" endTime="2021-08-17T23:00:00+08:00"/>
            <repPeriod duration="PT3600S"/>
            <measTypes>50332567 50332568 50332569 50332570 50332571 </measTypes>
            <measValue measObjLdn="MMLG4521HUNB001/NodeBFunction:NodeB Function Name=MMLG4521HUNB001">
                <measResults>0 0 0 0 0 </measResults>
            </measValue>
        </measInfo>
        <measInfo measInfoId="50331681">
            <granPeriod duration="PT3600S" endTime="2021-08-17T23:00:00+08:00"/>
            <repPeriod duration="PT3600S"/>
            <measTypes>50342640 50342641 50342642 50342643 50342644 50342645 50342646 50342647 </measTypes>
            <measValue measObjLdn="MMLG4521HUNB001/NodeBFunction:NodeB Function Name=MMLG4521HUNB001">
                <measResults>4341464 7182979 398922091 3404373011 1610202 886493 19401246 7565273 </measResults>
            </measValue>
        </measInfo>
        <measInfo measInfoId="50331652">
            <granPeriod duration="PT3600S" endTime="2021-08-17T23:00:00+08:00"/>
            <repPeriod duration="PT3600S"/>
            <measTypes>50332555 50332556 50332557 50332558 50332559 50332560 50332561 50332562 50332563 50332564 50332593 50332594 50342555 50342556 50342561 50342562 50342563 50342564 50342567 50342568 50342569 50342570 50342571 50342572 50342618 50342619 50342621 50342622 50342624 50342625 50342627 50342628 </measTypes>
            <measValue measObjLdn="MMLG4521HUNB001/NodeBFunction:NodeB Function Name=MMLG4521HUNB001/MocID:2/CnOperator:-1">
                <measResults>0 0 0 0 3872 3472 39.682 19.733 0 20.181 0 0 0 0 68 30 0 40.5 11 22 9 0 0 0 0 0 0 0 0 0 0 0 </measResults>
            </measValue>
        </measInfo>
        <measInfo measInfoId="50331667">
            <granPeriod duration="PT3600S" endTime="2021-08-17T23:00:00+08:00"/>
            <repPeriod duration="PT3600S"/>
            <measTypes>50332591 50332592 50332595 50332596 50332597 </measTypes>
            <measValue measObjLdn="MMLG4521HUNB001/NodeBFunction:NodeB Function Name=MMLG4521HUNB001/MocID:2/CnOperator:-1">
                <measResults>0 0 0 0 0 </measResults>
            </measValue>
        </measInfo>
        <measInfo measInfoId="50331668">
            <granPeriod duration="PT3600S" endTime="2021-08-17T23:00:00+08:00"/>
            <repPeriod duration="PT3600S"/>
            <measTypes>50332348 50332349 </measTypes>
            <measValue measObjLdn="MMLG4521HUNB001/LOCELL_SECTOREQM:NodeB Function Name=MMLG4521HUNB001, Local Cell ID=10491, Sector Equipment ID=0">
                <measResults>0 0 </measResults>
            </measValue>
            <measValue measObjLdn="MMLG4521HUNB001/LOCELL_SECTOREQM:NodeB Function Name=MMLG4521HUNB001, Local Cell ID=10492, Sector Equipment ID=1">
                <measResults>0 0 </measResults>
            </measValue>
            <measValue measObjLdn="MMLG4521HUNB001/LOCELL_SECTOREQM:NodeB Function Name=MMLG4521HUNB001, Local Cell ID=10493, Sector Equipment ID=2">
                <measResults>0 0 </measResults>
            </measValue>
            <measValue measObjLdn="MMLG4521HUNB001/LOCELL_SECTOREQM:NodeB Function Name=MMLG4521HUNB001, Local Cell ID=50491, Sector Equipment ID=6">
                <measResults>0 0 </measResults>
            </measValue>
            <measValue measObjLdn="MMLG4521HUNB001/LOCELL_SECTOREQM:NodeB Function Name=MMLG4521HUNB001, Local Cell ID=50492, Sector Equipment ID=7">
                <measResults>0 0 </measResults>
            </measValue>
            <measValue measObjLdn="MMLG4521HUNB001/LOCELL_SECTOREQM:NodeB Function Name=MMLG4521HUNB001, Local Cell ID=50493, Sector Equipment ID=8">
                <measResults>0 0 </measResults>
            </measValue>
            <measValue measObjLdn="MMLG4521HUNB001/LOCELL_SECTOREQM:NodeB Function Name=MMLG4521HUNB001, Local Cell ID=60491, Sector Equipment ID=10">
                <measResults>0 0 </measResults>
            </measValue>
            <measValue measObjLdn="MMLG4521HUNB001/LOCELL_SECTOREQM:NodeB Function Name=MMLG4521HUNB001, Local Cell ID=60492, Sector Equipment ID=11">
                <measResults>0 0 </measResults>
            </measValue>
            <measValue measObjLdn="MMLG4521HUNB001/LOCELL_SECTOREQM:NodeB Function Name=MMLG4521HUNB001, Local Cell ID=60493, Sector Equipment ID=12">
                <measResults>0 0 </measResults>
            </measValue>
        </measInfo>
        <measInfo measInfoId="50331669">
            <granPeriod duration="PT3600S" endTime="2021-08-17T23:00:00+08:00"/>
            <repPeriod duration="PT3600S"/>
            <measTypes>50332350 50332351 50332352 50332353 </measTypes>
            <measValue measObjLdn="MMLG4521HUNB001/LOCELL_SECTOREQM:NodeB Function Name=MMLG4521HUNB001, Local Cell ID=10491, Sector Equipment ID=0">
                <measResults>6166 14 6108 6108 </measResults>
            </measValue>
            <measValue measObjLdn="MMLG4521HUNB001/LOCELL_SECTOREQM:NodeB Function Name=MMLG4521HUNB001, Local Cell ID=10492, Sector Equipment ID=1">
                <measResults>464 0 459 459 </measResults>
            </measValue>
            <measValue measObjLdn="MMLG4521HUNB001/LOCELL_SECTOREQM:NodeB Function Name=MMLG4521HUNB001, Local Cell ID=10493, Sector Equipment ID=2">
                <measResults>1929 0 1926 1926 </measResults>
            </measValue>
            <measValue measObjLdn="MMLG4521HUNB001/LOCELL_SECTOREQM:NodeB Function Name=MMLG4521HUNB001, Local Cell ID=50491, Sector Equipment ID=6">
                <measResults>13900 96 13307 13314 </measResults>
            </measValue>
            <measValue measObjLdn="MMLG4521HUNB001/LOCELL_SECTOREQM:NodeB Function Name=MMLG4521HUNB001, Local Cell ID=50492, Sector Equipment ID=7">
                <measResults>1949 0 1861 1861 </measResults>
            </measValue>
            <measValue measObjLdn="MMLG4521HUNB001/LOCELL_SECTOREQM:NodeB Function Name=MMLG4521HUNB001, Local Cell ID=50493, Sector Equipment ID=8">
                <measResults>942 2 929 929 </measResults>
            </measValue>
            <measValue measObjLdn="MMLG4521HUNB001/LOCELL_SECTOREQM:NodeB Function Name=MMLG4521HUNB001, Local Cell ID=60491, Sector Equipment ID=10">
                <measResults>13447 13 13218 13262 </measResults>
            </measValue>
            <measValue measObjLdn="MMLG4521HUNB001/LOCELL_SECTOREQM:NodeB Function Name=MMLG4521HUNB001, Local Cell ID=60492, Sector Equipment ID=11">
                <measResults>541 0 535 535 </measResults>
            </measValue>
            <measValue measObjLdn="MMLG4521HUNB001/LOCELL_SECTOREQM:NodeB Function Name=MMLG4521HUNB001, Local Cell ID=60493, Sector Equipment ID=12">
                <measResults>200 2 187 187 </measResults>
            </measValue>
        </measInfo>
        <measInfo measInfoId="50331670">
            <granPeriod duration="PT3600S" endTime="2021-08-17T23:00:00+08:00"/>
            <repPeriod duration="PT3600S"/>
            <measTypes>50332354 50332355 </measTypes>
            <measValue measObjLdn="MMLG4521HUNB001/LOCELL_SECTOREQM:NodeB Function Name=MMLG4521HUNB001, Local Cell ID=10491, Sector Equipment ID=0">
                <measResults>0 0 </measResults>
            </measValue>
            <measValue measObjLdn="MMLG4521HUNB001/LOCELL_SECTOREQM:NodeB Function Name=MMLG4521HUNB001, Local Cell ID=10492, Sector Equipment ID=1">
                <measResults>0 0 </measResults>
            </measValue>
            <measValue measObjLdn="MMLG4521HUNB001/LOCELL_SECTOREQM:NodeB Function Name=MMLG4521HUNB001, Local Cell ID=10493, Sector Equipment ID=2">
                <measResults>0 0 </measResults>
            </measValue>
            <measValue measObjLdn="MMLG4521HUNB001/LOCELL_SECTOREQM:NodeB Function Name=MMLG4521HUNB001, Local Cell ID=50491, Sector Equipment ID=6">
                <measResults>0 0 </measResults>
            </measValue>
            <measValue measObjLdn="MMLG4521HUNB001/LOCELL_SECTOREQM:NodeB Function Name=MMLG4521HUNB001, Local Cell ID=50492, Sector Equipment ID=7">
                <measResults>0 0 </measResults>
            </measValue>
            <measValue measObjLdn="MMLG4521HUNB001/LOCELL_SECTOREQM:NodeB Function Name=MMLG4521HUNB001, Local Cell ID=50493, Sector Equipment ID=8">
                <measResults>0 0 </measResults>
            </measValue>
            <measValue measObjLdn="MMLG4521HUNB001/LOCELL_SECTOREQM:NodeB Function Name=MMLG4521HUNB001, Local Cell ID=60491, Sector Equipment ID=10">
                <measResults>0 0 </measResults>
            </measValue>
            <measValue measObjLdn="MMLG4521HUNB001/LOCELL_SECTOREQM:NodeB Function Name=MMLG4521HUNB001, Local Cell ID=60492, Sector Equipment ID=11">
                <measResults>0 0 </measResults>
            </measValue>
            <measValue measObjLdn="MMLG4521HUNB001/LOCELL_SECTOREQM:NodeB Function Name=MMLG4521HUNB001, Local Cell ID=60493, Sector Equipment ID=12">
                <measResults>0 0 </measResults>
            </measValue>
        </measInfo>
        <measInfo measInfoId="50331672">
            <granPeriod duration="PT3600S" endTime="2021-08-17T23:00:00+08:00"/>
            <repPeriod duration="PT3600S"/>
            <measTypes>50342590 50342591 50342592 50342593 50342594 50342595 50342596 50342597 </measTypes>
            <measValue measObjLdn="MMLG4521HUNB001/LOCELL_SECTOREQM:NodeB Function Name=MMLG4521HUNB001, Local Cell ID=10491, Sector Equipment ID=0">
                <measResults>-104.03 -104.065 -104.173 -104.881 -104.8 -105 -105.2 -105.6 </measResults>
            </measValue>
            <measValue measObjLdn="MMLG4521HUNB001/LOCELL_SECTOREQM:NodeB Function Name=MMLG4521HUNB001, Local Cell ID=10492, Sector Equipment ID=1">
                <measResults>-105.659 -105.207 -104.364 -105.33 -105.9 -105.7 -104.9 -105.8 </measResults>
            </measValue>
            <measValue measObjLdn="MMLG4521HUNB001/LOCELL_SECTOREQM:NodeB Function Name=MMLG4521HUNB001, Local Cell ID=10493, Sector Equipment ID=2">
                <measResults>-105.337 -105.501 -104.881 -105.308 -105.6 -105.9 -105.1 -105.7 </measResults>
            </measValue>
            <measValue measObjLdn="MMLG4521HUNB001/LOCELL_SECTOREQM:NodeB Function Name=MMLG4521HUNB001, Local Cell ID=50491, Sector Equipment ID=6">
                <measResults>-100.695 -99.872 NIL NIL -102.9 -102.4 NIL NIL </measResults>
            </measValue>
            <measValue measObjLdn="MMLG4521HUNB001/LOCELL_SECTOREQM:NodeB Function Name=MMLG4521HUNB001, Local Cell ID=50492, Sector Equipment ID=7">
                <measResults>-100.846 -99.622 NIL NIL -102.6 -101.5 NIL NIL </measResults>
            </measValue>
            <measValue measObjLdn="MMLG4521HUNB001/LOCELL_SECTOREQM:NodeB Function Name=MMLG4521HUNB001, Local Cell ID=50493, Sector Equipment ID=8">
                <measResults>-102.039 -101.161 NIL NIL -103.9 -102.9 NIL NIL </measResults>
            </measValue>
            <measValue measObjLdn="MMLG4521HUNB001/LOCELL_SECTOREQM:NodeB Function Name=MMLG4521HUNB001, Local Cell ID=60491, Sector Equipment ID=10">
                <measResults>-94.943 -97.103 NIL NIL -95.9 -98.3 NIL NIL </measResults>
            </measValue>
            <measValue measObjLdn="MMLG4521HUNB001/LOCELL_SECTOREQM:NodeB Function Name=MMLG4521HUNB001, Local Cell ID=60492, Sector Equipment ID=11">
                <measResults>-95.642 -92.035 NIL NIL -97 -94.6 NIL NIL </measResults>
            </measValue>
            <measValue measObjLdn="MMLG4521HUNB001/LOCELL_SECTOREQM:NodeB Function Name=MMLG4521HUNB001, Local Cell ID=60493, Sector Equipment ID=12">
                <measResults>-99.809 -98.426 NIL NIL -100.9 -99.4 NIL NIL </measResults>
            </measValue>
        </measInfo>
        <measInfo measInfoId="50331682">
            <granPeriod duration="PT3600S" endTime="2021-08-17T23:00:00+08:00"/>
            <repPeriod duration="PT3600S"/>
            <measTypes>50332602 50332603 50332615 50332616 </measTypes>
            <measValue measObjLdn="MMLG4521HUNB001/LOCELL_SECTOREQM:NodeB Function Name=MMLG4521HUNB001, Local Cell ID=10491, Sector Equipment ID=0">
                <measResults>240 252 235 241 </measResults>
            </measValue>
            <measValue measObjLdn="MMLG4521HUNB001/LOCELL_SECTOREQM:NodeB Function Name=MMLG4521HUNB001, Local Cell ID=10492, Sector Equipment ID=1">
                <measResults>211 237 224 220 </measResults>
            </measValue>
            <measValue measObjLdn="MMLG4521HUNB001/LOCELL_SECTOREQM:NodeB Function Name=MMLG4521HUNB001, Local Cell ID=10493, Sector Equipment ID=2">
                <measResults>212 200 211 201 </measResults>
            </measValue>
            <measValue measObjLdn="MMLG4521HUNB001/LOCELL_SECTOREQM:NodeB Function Name=MMLG4521HUNB001, Local Cell ID=50491, Sector Equipment ID=6">
                <measResults>524 437 NIL NIL </measResults>
            </measValue>
            <measValue measObjLdn="MMLG4521HUNB001/LOCELL_SECTOREQM:NodeB Function Name=MMLG4521HUNB001, Local Cell ID=50492, Sector Equipment ID=7">
                <measResults>967 559 NIL NIL </measResults>
            </measValue>
            <measValue measObjLdn="MMLG4521HUNB001/LOCELL_SECTOREQM:NodeB Function Name=MMLG4521HUNB001, Local Cell ID=50493, Sector Equipment ID=8">
                <measResults>912 693 NIL NIL </measResults>
            </measValue>
            <measValue measObjLdn="MMLG4521HUNB001/LOCELL_SECTOREQM:NodeB Function Name=MMLG4521HUNB001, Local Cell ID=60491, Sector Equipment ID=10">
                <measResults>NIL NIL NIL NIL </measResults>
            </measValue>
            <measValue measObjLdn="MMLG4521HUNB001/LOCELL_SECTOREQM:NodeB Function Name=MMLG4521HUNB001, Local Cell ID=60492, Sector Equipment ID=11">
                <measResults>NIL NIL NIL NIL </measResults>
            </measValue>
            <measValue measObjLdn="MMLG4521HUNB001/LOCELL_SECTOREQM:NodeB Function Name=MMLG4521HUNB001, Local Cell ID=60493, Sector Equipment ID=12">
                <measResults>NIL NIL NIL NIL </measResults>
            </measValue>
        </measInfo>
    </measData>
    <fileFooter>
        <measCollec endTime="2021-08-17T23:00:00+08:00"/>
    </fileFooter>
</measCollecFile>
