<?xml version="1.0" encoding="UTF-8"?>
<measCollecFile xmlns="http://latest/nmc-omc/cmNrm.doc#measCollec" xmlns:xsi="http://www.w3.org/2001/XMLSchema-instance" xsi:schemaLocation="http://latest/nmc-omc/cmNrm.doc#measCollec schema\pmResultSchedule.xsd">
    <fileHeader fileFormatVersion="32.435 V7.2" vendorName="Huawei">
        <fileSender elementType="vUSN"/>
        <measCollec beginTime="2021-08-11T23:00:00+08:00"/>
    </fileHeader>
    <measData>
        <managedElement userLabel="sm1USN01"/>
        <measInfo measInfoId="117440528">
            <granPeriod duration="PT3600S" endTime="2021-08-12T00:00:00+08:00"/>
            <repPeriod duration="PT3600S"/>
            <measTypes>117452213 117452214 117452215 117452216 117452217 117452218 117452219 117452220 117452221 </measTypes>
            <measValue measObjLdn="sm1USN01/UsnFunction:nodeName=link, USN Function Configuration Name=LINK_VNFC">
                <measResults>0 0 541 276 2538 2769 288 362 288 </measResults>
            </measValue>
        </measInfo>
        <measInfo measInfoId="117440542">
            <granPeriod duration="PT3600S" endTime="2021-08-12T00:00:00+08:00"/>
            <repPeriod duration="PT3600S"/>
            <measTypes>117453613 117453614 117453615 117453616 117453617 117453618 117453619 117453620 117453621 117453622 117453623 117453624 117453625 117453626 117453627 117453628 117453629 117453630 117453631 117453632 117453633 117453634 117453635 117453636 117453637 117453638 117453639 117453640 117453641 117453642 117453643 117453644 117453645 117453646 117453647 117453648 117453649 117453650 117453651 117453652 117453653 117453654 117453655 117453656 117453657 117453658 117453659 117453660 117453661 117453662 117453663 127996546 </measTypes>
            <measValue measObjLdn="sm1USN01/UsnFunction:nodeName=link, USN Function Configuration Name=LINK_VNFC">
                <measResults>1163497 1116210 5 0 0 0 0 0 0 0 1 1 0 1005737 419931 1124296 1106149 1240 157761 110683 66551 63626 9296 983734 0 986429 981941 1799 0 11635 0 0 0 0 0 0 0 0 0 0 0 0 0 30327 115 0 0 0 45249 3779 370788 0 </measResults>
            </measValue>
        </measInfo>
        <measInfo measInfoId="117440614">
            <granPeriod duration="PT3600S" endTime="2021-08-12T00:00:00+08:00"/>
            <repPeriod duration="PT3600S"/>
            <measTypes>117460813 117460814 117460815 117460816 117460817 117460819 117460820 117460821 </measTypes>
            <measValue measObjLdn="sm1USN01/UsnFunction:nodeName=link, USN Function Configuration Name=LINK_VNFC">
                <measResults>0 0 0 0 0 0 0 0 </measResults>
            </measValue>
        </measInfo>
        <measInfo measInfoId="117440615">
            <granPeriod duration="PT3600S" endTime="2021-08-12T00:00:00+08:00"/>
            <repPeriod duration="PT3600S"/>
            <measTypes>117460913 117460914 117460916 117460917 </measTypes>
            <measValue measObjLdn="sm1USN01/UsnFunction:nodeName=link, USN Function Configuration Name=LINK_VNFC">
                <measResults>0 0 0 0 </measResults>
            </measValue>
        </measInfo>
        <measInfo measInfoId="117440616">
            <granPeriod duration="PT3600S" endTime="2021-08-12T00:00:00+08:00"/>
            <repPeriod duration="PT3600S"/>
            <measTypes>117461013 117461014 117461015 117461016 117461017 117461019 117461020 117461021 117461022 </measTypes>
            <measValue measObjLdn="sm1USN01/UsnFunction:nodeName=link, USN Function Configuration Name=LINK_VNFC">
                <measResults>0 2 18851559 1803330 1534852 9431204 7873007 963942 797558 </measResults>
            </measValue>
        </measInfo>
        <measInfo measInfoId="117440618">
            <granPeriod duration="PT3600S" endTime="2021-08-12T00:00:00+08:00"/>
            <repPeriod duration="PT3600S"/>
            <measTypes>117461213 117461214 117461215 117461216 117461217 117461218 117461219 117461220 117461221 117461222 </measTypes>
            <measValue measObjLdn="sm1USN01/UsnFunction:nodeName=link, USN Function Configuration Name=LINK_VNFC">
                <measResults>346518 420398 420354 324101 0 0 44 21907 0 0 </measResults>
            </measValue>
        </measInfo>
        <measInfo measInfoId="117440619">
            <granPeriod duration="PT3600S" endTime="2021-08-12T00:00:00+08:00"/>
            <repPeriod duration="PT3600S"/>
            <measTypes>117461313 117461314 117461315 117461316 117461317 117461318 117461319 117461320 117461321 117461322 </measTypes>
            <measValue measObjLdn="sm1USN01/UsnFunction:nodeName=link, USN Function Configuration Name=LINK_VNFC">
                <measResults>346518 420398 420354 324101 0 0 44 21915 0 0 </measResults>
            </measValue>
        </measInfo>
        <measInfo measInfoId="117440620">
            <granPeriod duration="PT3600S" endTime="2021-08-12T00:00:00+08:00"/>
            <repPeriod duration="PT3600S"/>
            <measTypes>117461418 117461419 117461420 117461421 117461422 117461423 117461424 117461425 117461426 117461427 </measTypes>
            <measValue measObjLdn="sm1USN01/UsnFunction:nodeName=link, USN Function Configuration Name=LINK_VNFC">
                <measResults>0 0 0 1 0 0 0 0 101 0 </measResults>
            </measValue>
        </measInfo>
        <measInfo measInfoId="117440621">
            <granPeriod duration="PT3600S" endTime="2021-08-12T00:00:00+08:00"/>
            <repPeriod duration="PT3600S"/>
            <measTypes>117461513 117461514 117461515 117461516 117461517 117461518 117461519 117461520 </measTypes>
            <measValue measObjLdn="sm1USN01/UsnFunction:nodeName=link, USN Function Configuration Name=LINK_VNFC">
                <measResults>0 0 0 0 0 0 0 8 </measResults>
            </measValue>
        </measInfo>
        <measInfo measInfoId="117496538">
            <granPeriod duration="PT3600S" endTime="2021-08-12T00:00:00+08:00"/>
            <repPeriod duration="PT3600S"/>
            <measTypes>117498413 117498414 117498415 117498416 117498417 117498418 117498419 117498420 117498421 117498422 117498423 117498424 117498425 117498426 117498427 </measTypes>
            <measValue measObjLdn="sm1USN01/UsnFunction:nodeName=link, USN Function Configuration Name=LINK_VNFC">
                <measResults>0 0 0 0 0 0 0 0 0 0 0 0 0 0 0 </measResults>
            </measValue>
        </measInfo>
        <measInfo measInfoId="1912209408">
            <granPeriod duration="PT3600S" endTime="2021-08-12T00:00:00+08:00"/>
            <repPeriod duration="PT3600S"/>
            <measTypes>1912209408 1912209409 1912209410 1912209411 1912209412 1912209413 1912209414 1912209415 1912209416 1912209417 1912209418 1912209419 1912209420 1912209421 1912209422 1912209423 1912209424 1912209425 1912209426 1912209427 1912209428 1912209429 1912209430 1912209431 1912209432 1912209433 1912209434 1912209435 1912209436 1912209437 1912209438 1912209439 1912209440 1912209441 1912209442 1912209443 </measTypes>
            <measValue measObjLdn="sm1USN01/UsnFunction:nodeName=link, USN Function Configuration Name=LINK_VNFC">
                <measResults>29735 29828 370 389 0 0 29735 29828 0 0 0 0 0 0 59563 38 760 0 0 23 0 440 29 29 0 0 59 77 5055 4965 64 67 4 4 0 0 </measResults>
            </measValue>
        </measInfo>
        <measInfo measInfoId="1912209409">
            <granPeriod duration="PT3600S" endTime="2021-08-12T00:00:00+08:00"/>
            <repPeriod duration="PT3600S"/>
            <measTypes>1912209444 1912209445 1912209446 1912209447 1912209448 1912209449 1912209450 1912209451 </measTypes>
            <measValue measObjLdn="sm1USN01/UsnFunction:nodeName=link, USN Function Configuration Name=LINK_VNFC">
                <measResults>5008 5007 1027 5 5 13313 12654 489 </measResults>
            </measValue>
        </measInfo>
        <measInfo measInfoId="1912209413">
            <granPeriod duration="PT3600S" endTime="2021-08-12T00:00:00+08:00"/>
            <repPeriod duration="PT3600S"/>
            <measTypes>1912209473 </measTypes>
            <measValue measObjLdn="sm1USN01/UsnFunction:nodeName=link, USN Function Configuration Name=LINK_VNFC">
                <measResults>0 </measResults>
            </measValue>
        </measInfo>
        <measInfo measInfoId="1912209416">
            <granPeriod duration="PT3600S" endTime="2021-08-12T00:00:00+08:00"/>
            <repPeriod duration="PT3600S"/>
            <measTypes>117490652 117490663 1912209484 1912209485 1912209486 1912209487 1912209488 1912209489 1912209490 1912209491 1912209492 1912209493 1912209494 1912209495 1912209496 1912209497 1912209498 1912209499 1912209500 1912209501 1912209502 1912209503 1912209504 1912209505 1912209506 1912209507 1912209508 1912209509 1912209510 1912209511 1912209512 1912209513 1912209514 1912209515 1912209516 1912209517 1912209518 1912209519 1912209520 1912209521 1912209522 1912209523 1912209524 1912209525 1912209526 1912209527 1912209528 1912209529 1912209530 1912209531 1912209532 1912209533 1912209534 1912209535 1912209536 1912209537 1912209538 1912209539 1912209540 1912209541 1912209542 1912209543 1912209544 1912209545 1912209546 1912209547 1912209548 1912209549 1912209550 1912209551 1912209552 1912209553 1912209554 1912209555 1912209556 1912209557 1912209558 1912209559 1912209560 1912209561 1912209562 1912209563 1912209564 1912209565 1912209566 1912209567 1912209568 1912209569 1912209570 1912209571 1912209572 1912209573 1912209574 1912209575 1912209576 1912209577 1912209578 1912209579 1912209580 1912209581 1912209582 1912209583 1912209584 1912209585 1912209586 1912209587 1912209588 1912209589 1912209590 1912209591 1912209592 1912209593 1912209781 1912209782 1912209783 1912209784 1912209785 1912209786 1912209787 1912209788 1912209789 1912209790 </measTypes>
            <measValue measObjLdn="sm1USN01/UsnFunction:nodeName=link, USN Function Configuration Name=LINK_VNFC">
                <measResults>11 3384 196 148 0 0 11393597 11367472 8853 8545 46832 46440 230 58998007 100480351 2892891 7642161 8506596 2224115 0 0 0 9986 7679457 2888014 165616125 165442941 102037859 64162255 1287887 11000109 826 0 1264 0 141761 28489 34797 373 61888 0 0 0 0 230 0 0 0 0 0 0 0 0 0 0 0 0 0 0 219 12628767 12600255 253 64 127 0 0 46 2 0 0 3 11 8853 8545 239 0 0 0 0 9 0 0 211 0 19 36249 13 196 1 0 0 196 0 0 0 0 0 0 0 0 0 0 0 0 0 0 0 0 0 0 0 0 0 0 0 0 28434 28402 75.51 99.771 10535052 </measResults>
            </measValue>
        </measInfo>
        <measInfo measInfoId="1912209417">
            <granPeriod duration="PT3600S" endTime="2021-08-12T00:00:00+08:00"/>
            <repPeriod duration="PT3600S"/>
            <measTypes>1912209594 1912209595 1912209596 1912209597 1912209598 1912209599 1912209600 1912209601 1912209602 1912209603 1912209604 1912209605 1912209606 1912209607 1912209608 1912209609 1912209610 1912209612 1912209613 1912209755 1912209756 1912209757 1912209758 1912209759 1912209760 1912209761 1912209762 1912209763 1912209764 1912209765 1912209766 </measTypes>
            <measValue measObjLdn="sm1USN01/UsnFunction:nodeName=link, USN Function Configuration Name=LINK_VNFC">
                <measResults>406890 393795 210927 209508 0 0 206984 206982 9212 8810 1086 1079 58139 57907 893243 892995 253 5 5 9212 8810 9212 8810 9212 8810 9212 8810 9212 8810 0 0 </measResults>
            </measValue>
        </measInfo>
        <measInfo measInfoId="1912209418">
            <granPeriod duration="PT3600S" endTime="2021-08-12T00:00:00+08:00"/>
            <repPeriod duration="PT3600S"/>
            <measTypes>1912209614 1912209615 1912209616 1912209617 1912209618 1912209619 1912209620 1912209621 </measTypes>
            <measValue measObjLdn="sm1USN01/UsnFunction:nodeName=link, USN Function Configuration Name=LINK_VNFC">
                <measResults>5562186 0 31097389 27533837 64198155 0 0 0 </measResults>
            </measValue>
        </measInfo>
        <measInfo measInfoId="1912209422">
            <granPeriod duration="PT3600S" endTime="2021-08-12T00:00:00+08:00"/>
            <repPeriod duration="PT3600S"/>
            <measTypes>1912209630 1912209631 1912209632 1912209633 1912209634 1912209635 1912209636 1912209637 1912209638 1912209639 1912209640 1912209643 1912209644 1912209645 1912209646 1912209647 1912209648 1912209649 1912209650 1912209651 1912209652 1912209653 1912209654 1912209655 1912209657 1912209658 1912209659 1912209664 1912209665 </measTypes>
            <measValue measObjLdn="sm1USN01/UsnFunction:nodeName=link, USN Function Configuration Name=LINK_VNFC">
                <measResults>1004083 1004020 66 9203 9202 51490 10446 61935 98121 13368 99776 2652 2643 9 353 0 0 0 0 647133 639679 419330 427886 858563 99.994 88082 11694 0 12 </measResults>
            </measValue>
        </measInfo>
        <measInfo measInfoId="1912209425">
            <granPeriod duration="PT3600S" endTime="2021-08-12T00:00:00+08:00"/>
            <repPeriod duration="PT3600S"/>
            <measTypes>1912209704 </measTypes>
            <measValue measObjLdn="sm1USN01/UsnFunction:nodeName=link, USN Function Configuration Name=LINK_VNFC">
                <measResults>0 </measResults>
            </measValue>
        </measInfo>
        <measInfo measInfoId="1912209427">
            <granPeriod duration="PT3600S" endTime="2021-08-12T00:00:00+08:00"/>
            <repPeriod duration="PT3600S"/>
            <measTypes>1912209717 1912209718 1912209719 1912209720 1912209721 1912209722 1912209723 1912209724 </measTypes>
            <measValue measObjLdn="sm1USN01/UsnFunction:nodeName=link, USN Function Configuration Name=LINK_VNFC">
                <measResults>0 0 0 0 0 0 0 0 </measResults>
            </measValue>
        </measInfo>
        <measInfo measInfoId="1912209428">
            <granPeriod duration="PT3600S" endTime="2021-08-12T00:00:00+08:00"/>
            <repPeriod duration="PT3600S"/>
            <measTypes>1912209725 1912209726 </measTypes>
            <measValue measObjLdn="sm1USN01/UsnFunction:nodeName=link, USN Function Configuration Name=LINK_VNFC">
                <measResults>350520068 220904464 </measResults>
            </measValue>
        </measInfo>
        <measInfo measInfoId="1912209429">
            <granPeriod duration="PT3600S" endTime="2021-08-12T00:00:00+08:00"/>
            <repPeriod duration="PT3600S"/>
            <measTypes>1912209727 1912209728 1912209729 </measTypes>
            <measValue measObjLdn="sm1USN01/UsnFunction:nodeName=link, USN Function Configuration Name=LINK_VNFC">
                <measResults>414269 414280 631 </measResults>
            </measValue>
        </measInfo>
        <measInfo measInfoId="1912209430">
            <granPeriod duration="PT3600S" endTime="2021-08-12T00:00:00+08:00"/>
            <repPeriod duration="PT3600S"/>
            <measTypes>1912209730 </measTypes>
            <measValue measObjLdn="sm1USN01/UsnFunction:nodeName=link, USN Function Configuration Name=LINK_VNFC">
                <measResults>0 </measResults>
            </measValue>
        </measInfo>
        <measInfo measInfoId="1912209431">
            <granPeriod duration="PT3600S" endTime="2021-08-12T00:00:00+08:00"/>
            <repPeriod duration="PT3600S"/>
            <measTypes>1912209731 </measTypes>
            <measValue measObjLdn="sm1USN01/UsnFunction:nodeName=link, USN Function Configuration Name=LINK_VNFC">
                <measResults>0 </measResults>
            </measValue>
        </measInfo>
        <measInfo measInfoId="1912209435">
            <granPeriod duration="PT3600S" endTime="2021-08-12T00:00:00+08:00"/>
            <repPeriod duration="PT3600S"/>
            <measTypes>1912209823 1912209824 1912209825 1912209826 1912209827 </measTypes>
            <measValue measObjLdn="sm1USN01/UsnFunction:nodeName=link, USN Function Configuration Name=LINK_VNFC">
                <measResults>0 0 0 0 0 </measResults>
            </measValue>
        </measInfo>
        <measInfo measInfoId="117440656">
            <granPeriod duration="PT3600S" endTime="2021-08-12T00:00:00+08:00"/>
            <repPeriod duration="PT3600S"/>
            <measTypes>117465013 117465014 117465015 117465016 117465017 117465018 117465019 117465020 117465021 </measTypes>
            <measValue measObjLdn="sm1USN01/M3UA link:nodeName=link, Link No.=0">
                <measResults>0 0 3600 0 0 0 0 0 0 </measResults>
            </measValue>
            <measValue measObjLdn="sm1USN01/M3UA link:nodeName=link, Link No.=1">
                <measResults>0 0 0 0 0 0 0 8837 1155 </measResults>
            </measValue>
            <measValue measObjLdn="sm1USN01/M3UA link:nodeName=link, Link No.=10">
                <measResults>0 0 0 0 0 95749 10071 87722 14716 </measResults>
            </measValue>
            <measValue measObjLdn="sm1USN01/M3UA link:nodeName=link, Link No.=100">
                <measResults>0 0 0 0 0 151492 9368 132511 8302 </measResults>
            </measValue>
            <measValue measObjLdn="sm1USN01/M3UA link:nodeName=link, Link No.=103">
                <measResults>0 0 0 0 0 96519 5836 78819 5161 </measResults>
            </measValue>
            <measValue measObjLdn="sm1USN01/M3UA link:nodeName=link, Link No.=104">
                <measResults>0 0 0 0 0 97832 5874 78376 5133 </measResults>
            </measValue>
            <measValue measObjLdn="sm1USN01/M3UA link:nodeName=link, Link No.=107">
                <measResults>0 0 0 0 0 171853 13416 132397 8415 </measResults>
            </measValue>
            <measValue measObjLdn="sm1USN01/M3UA link:nodeName=link, Link No.=108">
                <measResults>0 0 0 0 0 171598 13349 133030 8467 </measResults>
            </measValue>
            <measValue measObjLdn="sm1USN01/M3UA link:nodeName=link, Link No.=109">
                <measResults>0 0 0 0 0 102207 6551 87020 5859 </measResults>
            </measValue>
            <measValue measObjLdn="sm1USN01/M3UA link:nodeName=link, Link No.=11">
                <measResults>0 0 0 0 0 96104 10114 88061 14768 </measResults>
            </measValue>
            <measValue measObjLdn="sm1USN01/M3UA link:nodeName=link, Link No.=110">
                <measResults>0 0 0 0 0 103035 6630 86739 5846 </measResults>
            </measValue>
            <measValue measObjLdn="sm1USN01/M3UA link:nodeName=link, Link No.=111">
                <measResults>0 0 0 0 0 113020 7504 91822 6140 </measResults>
            </measValue>
            <measValue measObjLdn="sm1USN01/M3UA link:nodeName=link, Link No.=112">
                <measResults>0 0 0 0 0 113007 7559 92455 6195 </measResults>
            </measValue>
            <measValue measObjLdn="sm1USN01/M3UA link:nodeName=link, Link No.=113">
                <measResults>0 0 0 0 0 124492 7471 94658 6182 </measResults>
            </measValue>
            <measValue measObjLdn="sm1USN01/M3UA link:nodeName=link, Link No.=114">
                <measResults>0 0 0 0 0 123711 7457 94792 6208 </measResults>
            </measValue>
            <measValue measObjLdn="sm1USN01/M3UA link:nodeName=link, Link No.=115">
                <measResults>0 0 0 0 0 147071 11657 108662 7008 </measResults>
            </measValue>
            <measValue measObjLdn="sm1USN01/M3UA link:nodeName=link, Link No.=116">
                <measResults>0 0 0 0 0 146505 11643 108224 7000 </measResults>
            </measValue>
            <measValue measObjLdn="sm1USN01/M3UA link:nodeName=link, Link No.=117">
                <measResults>0 0 0 0 0 112459 7190 96710 6392 </measResults>
            </measValue>
            <measValue measObjLdn="sm1USN01/M3UA link:nodeName=link, Link No.=118">
                <measResults>0 0 0 0 0 115449 7344 96816 6419 </measResults>
            </measValue>
            <measValue measObjLdn="sm1USN01/M3UA link:nodeName=link, Link No.=119">
                <measResults>0 0 0 0 0 115299 7393 101773 6719 </measResults>
            </measValue>
            <measValue measObjLdn="sm1USN01/M3UA link:nodeName=link, Link No.=12">
                <measResults>0 0 0 0 0 95391 10044 86401 14479 </measResults>
            </measValue>
            <measValue measObjLdn="sm1USN01/M3UA link:nodeName=link, Link No.=120">
                <measResults>0 0 0 0 0 114587 7331 101739 6723 </measResults>
            </measValue>
            <measValue measObjLdn="sm1USN01/M3UA link:nodeName=link, Link No.=125">
                <measResults>0 0 0 0 0 75323 4572 58344 3842 </measResults>
            </measValue>
            <measValue measObjLdn="sm1USN01/M3UA link:nodeName=link, Link No.=126">
                <measResults>0 0 0 0 0 73168 4441 58398 3843 </measResults>
            </measValue>
            <measValue measObjLdn="sm1USN01/M3UA link:nodeName=link, Link No.=13">
                <measResults>0 0 0 0 0 95891 10078 86621 14535 </measResults>
            </measValue>
            <measValue measObjLdn="sm1USN01/M3UA link:nodeName=link, Link No.=131">
                <measResults>0 0 0 0 0 101618 6123 81771 5380 </measResults>
            </measValue>
            <measValue measObjLdn="sm1USN01/M3UA link:nodeName=link, Link No.=132">
                <measResults>0 0 0 0 0 99671 6031 81246 5356 </measResults>
            </measValue>
            <measValue measObjLdn="sm1USN01/M3UA link:nodeName=link, Link No.=133">
                <measResults>0 0 0 0 0 117783 8358 91039 5940 </measResults>
            </measValue>
            <measValue measObjLdn="sm1USN01/M3UA link:nodeName=link, Link No.=134">
                <measResults>0 0 0 0 0 118085 8333 91471 5971 </measResults>
            </measValue>
            <measValue measObjLdn="sm1USN01/M3UA link:nodeName=link, Link No.=135">
                <measResults>0 0 0 0 0 105005 6493 85722 5714 </measResults>
            </measValue>
            <measValue measObjLdn="sm1USN01/M3UA link:nodeName=link, Link No.=136">
                <measResults>0 0 0 0 0 105331 6499 85866 5736 </measResults>
            </measValue>
            <measValue measObjLdn="sm1USN01/M3UA link:nodeName=link, Link No.=137">
                <measResults>0 0 0 0 0 55221 3271 43106 2859 </measResults>
            </measValue>
            <measValue measObjLdn="sm1USN01/M3UA link:nodeName=link, Link No.=138">
                <measResults>0 0 0 0 0 55547 3291 42770 2836 </measResults>
            </measValue>
            <measValue measObjLdn="sm1USN01/M3UA link:nodeName=link, Link No.=139">
                <measResults>0 0 0 0 0 38882 2423 31850 2133 </measResults>
            </measValue>
            <measValue measObjLdn="sm1USN01/M3UA link:nodeName=link, Link No.=14">
                <measResults>0 0 0 0 0 96086 10103 88460 14853 </measResults>
            </measValue>
            <measValue measObjLdn="sm1USN01/M3UA link:nodeName=link, Link No.=140">
                <measResults>0 0 0 0 0 39123 2408 31147 2084 </measResults>
            </measValue>
            <measValue measObjLdn="sm1USN01/M3UA link:nodeName=link, Link No.=143">
                <measResults>0 0 0 0 0 47880 3019 39163 2680 </measResults>
            </measValue>
            <measValue measObjLdn="sm1USN01/M3UA link:nodeName=link, Link No.=144">
                <measResults>0 0 0 0 0 47392 2973 39164 2678 </measResults>
            </measValue>
            <measValue measObjLdn="sm1USN01/M3UA link:nodeName=link, Link No.=145">
                <measResults>0 0 0 0 0 60787 3810 51232 3428 </measResults>
            </measValue>
            <measValue measObjLdn="sm1USN01/M3UA link:nodeName=link, Link No.=146">
                <measResults>0 0 0 0 0 60638 3828 51247 3436 </measResults>
            </measValue>
            <measValue measObjLdn="sm1USN01/M3UA link:nodeName=link, Link No.=15">
                <measResults>0 0 0 0 0 95891 10093 87906 14748 </measResults>
            </measValue>
            <measValue measObjLdn="sm1USN01/M3UA link:nodeName=link, Link No.=159">
                <measResults>0 0 0 0 0 51143 3141 41596 2759 </measResults>
            </measValue>
            <measValue measObjLdn="sm1USN01/M3UA link:nodeName=link, Link No.=16">
                <measResults>0 0 0 0 0 96059 10093 84616 14163 </measResults>
            </measValue>
            <measValue measObjLdn="sm1USN01/M3UA link:nodeName=link, Link No.=160">
                <measResults>0 0 0 0 0 50642 3117 41713 2784 </measResults>
            </measValue>
            <measValue measObjLdn="sm1USN01/M3UA link:nodeName=link, Link No.=2">
                <measResults>0 0 0 0 0 0 0 8975 1178 </measResults>
            </measValue>
            <measValue measObjLdn="sm1USN01/M3UA link:nodeName=link, Link No.=20">
                <measResults>0 0 0 0 0 40881 2402 31893 2245 </measResults>
            </measValue>
            <measValue measObjLdn="sm1USN01/M3UA link:nodeName=link, Link No.=21">
                <measResults>0 0 0 0 0 41091 2412 31945 2246 </measResults>
            </measValue>
            <measValue measObjLdn="sm1USN01/M3UA link:nodeName=link, Link No.=24">
                <measResults>0 0 0 0 0 38004 2244 30063 2103 </measResults>
            </measValue>
            <measValue measObjLdn="sm1USN01/M3UA link:nodeName=link, Link No.=25">
                <measResults>0 0 0 0 0 39674 2319 30542 2139 </measResults>
            </measValue>
            <measValue measObjLdn="sm1USN01/M3UA link:nodeName=link, Link No.=26">
                <measResults>0 0 0 0 0 113916 6703 89433 6251 </measResults>
            </measValue>
            <measValue measObjLdn="sm1USN01/M3UA link:nodeName=link, Link No.=27">
                <measResults>0 0 0 0 0 113276 6653 88940 6227 </measResults>
            </measValue>
            <measValue measObjLdn="sm1USN01/M3UA link:nodeName=link, Link No.=28">
                <measResults>0 0 0 0 0 41289 2431 32447 2256 </measResults>
            </measValue>
            <measValue measObjLdn="sm1USN01/M3UA link:nodeName=link, Link No.=29">
                <measResults>0 0 0 0 0 41434 2419 32653 2278 </measResults>
            </measValue>
            <measValue measObjLdn="sm1USN01/M3UA link:nodeName=link, Link No.=3">
                <measResults>0 0 0 0 0 0 0 8833 1157 </measResults>
            </measValue>
            <measValue measObjLdn="sm1USN01/M3UA link:nodeName=link, Link No.=30">
                <measResults>0 0 0 0 0 42085 2461 32361 2254 </measResults>
            </measValue>
            <measValue measObjLdn="sm1USN01/M3UA link:nodeName=link, Link No.=31">
                <measResults>0 0 0 0 0 41290 2419 32669 2275 </measResults>
            </measValue>
            <measValue measObjLdn="sm1USN01/M3UA link:nodeName=link, Link No.=32">
                <measResults>0 0 0 0 0 20774 1221 15777 1114 </measResults>
            </measValue>
            <measValue measObjLdn="sm1USN01/M3UA link:nodeName=link, Link No.=33">
                <measResults>0 0 0 0 0 20391 1201 16164 1148 </measResults>
            </measValue>
            <measValue measObjLdn="sm1USN01/M3UA link:nodeName=link, Link No.=34">
                <measResults>0 0 0 0 0 20916 1219 16167 1143 </measResults>
            </measValue>
            <measValue measObjLdn="sm1USN01/M3UA link:nodeName=link, Link No.=35">
                <measResults>0 0 0 0 0 20661 1210 16050 1130 </measResults>
            </measValue>
            <measValue measObjLdn="sm1USN01/M3UA link:nodeName=link, Link No.=36">
                <measResults>0 0 0 0 0 14051 835 11073 791 </measResults>
            </measValue>
            <measValue measObjLdn="sm1USN01/M3UA link:nodeName=link, Link No.=37">
                <measResults>0 0 0 0 0 13978 820 11002 792 </measResults>
            </measValue>
            <measValue measObjLdn="sm1USN01/M3UA link:nodeName=link, Link No.=38">
                <measResults>0 0 0 0 0 13629 811 11081 790 </measResults>
            </measValue>
            <measValue measObjLdn="sm1USN01/M3UA link:nodeName=link, Link No.=39">
                <measResults>0 0 0 0 0 14127 831 11036 790 </measResults>
            </measValue>
            <measValue measObjLdn="sm1USN01/M3UA link:nodeName=link, Link No.=4">
                <measResults>0 0 0 0 0 0 0 9747 1311 </measResults>
            </measValue>
            <measValue measObjLdn="sm1USN01/M3UA link:nodeName=link, Link No.=40">
                <measResults>0 0 0 0 0 47236 2748 37587 2587 </measResults>
            </measValue>
            <measValue measObjLdn="sm1USN01/M3UA link:nodeName=link, Link No.=41">
                <measResults>0 0 0 0 0 47311 2760 36912 2556 </measResults>
            </measValue>
            <measValue measObjLdn="sm1USN01/M3UA link:nodeName=link, Link No.=42">
                <measResults>0 0 0 0 0 47529 2754 36544 2531 </measResults>
            </measValue>
            <measValue measObjLdn="sm1USN01/M3UA link:nodeName=link, Link No.=43">
                <measResults>0 0 0 0 0 47457 2763 36690 2547 </measResults>
            </measValue>
            <measValue measObjLdn="sm1USN01/M3UA link:nodeName=link, Link No.=44">
                <measResults>0 0 0 0 0 29096 1695 21852 1518 </measResults>
            </measValue>
            <measValue measObjLdn="sm1USN01/M3UA link:nodeName=link, Link No.=45">
                <measResults>0 0 0 0 0 28372 1652 21967 1516 </measResults>
            </measValue>
            <measValue measObjLdn="sm1USN01/M3UA link:nodeName=link, Link No.=46">
                <measResults>0 0 0 0 0 28861 1675 22259 1537 </measResults>
            </measValue>
            <measValue measObjLdn="sm1USN01/M3UA link:nodeName=link, Link No.=47">
                <measResults>0 0 0 0 0 29199 1687 22430 1558 </measResults>
            </measValue>
            <measValue measObjLdn="sm1USN01/M3UA link:nodeName=link, Link No.=48">
                <measResults>0 0 0 0 0 30077 1793 23946 1696 </measResults>
            </measValue>
            <measValue measObjLdn="sm1USN01/M3UA link:nodeName=link, Link No.=49">
                <measResults>0 0 0 0 0 30207 1816 24229 1720 </measResults>
            </measValue>
            <measValue measObjLdn="sm1USN01/M3UA link:nodeName=link, Link No.=5">
                <measResults>0 0 0 0 0 0 0 9612 1297 </measResults>
            </measValue>
            <measValue measObjLdn="sm1USN01/M3UA link:nodeName=link, Link No.=50">
                <measResults>0 0 0 0 0 29938 1807 24182 1716 </measResults>
            </measValue>
            <measValue measObjLdn="sm1USN01/M3UA link:nodeName=link, Link No.=51">
                <measResults>0 0 0 0 0 30792 1840 24240 1721 </measResults>
            </measValue>
            <measValue measObjLdn="sm1USN01/M3UA link:nodeName=link, Link No.=52">
                <measResults>0 0 0 0 0 28941 1710 23219 1613 </measResults>
            </measValue>
            <measValue measObjLdn="sm1USN01/M3UA link:nodeName=link, Link No.=53">
                <measResults>0 0 0 0 0 28823 1713 23237 1622 </measResults>
            </measValue>
            <measValue measObjLdn="sm1USN01/M3UA link:nodeName=link, Link No.=54">
                <measResults>0 0 0 0 0 29307 1728 23253 1622 </measResults>
            </measValue>
            <measValue measObjLdn="sm1USN01/M3UA link:nodeName=link, Link No.=55">
                <measResults>0 0 0 0 0 28981 1710 23113 1614 </measResults>
            </measValue>
            <measValue measObjLdn="sm1USN01/M3UA link:nodeName=link, Link No.=56">
                <measResults>0 0 0 0 0 40049 2401 32186 2275 </measResults>
            </measValue>
            <measValue measObjLdn="sm1USN01/M3UA link:nodeName=link, Link No.=57">
                <measResults>0 0 0 0 0 39708 2411 32365 2288 </measResults>
            </measValue>
            <measValue measObjLdn="sm1USN01/M3UA link:nodeName=link, Link No.=58">
                <measResults>0 0 0 0 0 39660 2400 32380 2281 </measResults>
            </measValue>
            <measValue measObjLdn="sm1USN01/M3UA link:nodeName=link, Link No.=59">
                <measResults>0 0 0 0 0 40058 2399 32309 2285 </measResults>
            </measValue>
            <measValue measObjLdn="sm1USN01/M3UA link:nodeName=link, Link No.=6">
                <measResults>0 0 0 0 0 0 0 8184 1035 </measResults>
            </measValue>
            <measValue measObjLdn="sm1USN01/M3UA link:nodeName=link, Link No.=60">
                <measResults>0 0 0 0 0 10405 606 8096 577 </measResults>
            </measValue>
            <measValue measObjLdn="sm1USN01/M3UA link:nodeName=link, Link No.=61">
                <measResults>0 0 0 0 0 10442 599 7992 567 </measResults>
            </measValue>
            <measValue measObjLdn="sm1USN01/M3UA link:nodeName=link, Link No.=62">
                <measResults>0 0 0 0 0 9922 582 8065 579 </measResults>
            </measValue>
            <measValue measObjLdn="sm1USN01/M3UA link:nodeName=link, Link No.=63">
                <measResults>0 0 0 0 0 10016 583 7937 563 </measResults>
            </measValue>
            <measValue measObjLdn="sm1USN01/M3UA link:nodeName=link, Link No.=64">
                <measResults>0 0 0 0 0 14028 831 11020 775 </measResults>
            </measValue>
            <measValue measObjLdn="sm1USN01/M3UA link:nodeName=link, Link No.=65">
                <measResults>0 0 0 0 0 13458 809 11077 782 </measResults>
            </measValue>
            <measValue measObjLdn="sm1USN01/M3UA link:nodeName=link, Link No.=66">
                <measResults>0 0 0 0 0 14079 833 11236 793 </measResults>
            </measValue>
            <measValue measObjLdn="sm1USN01/M3UA link:nodeName=link, Link No.=67">
                <measResults>0 0 0 0 0 13837 820 11153 788 </measResults>
            </measValue>
            <measValue measObjLdn="sm1USN01/M3UA link:nodeName=link, Link No.=68">
                <measResults>0 0 0 0 0 24826 1467 20011 1400 </measResults>
            </measValue>
            <measValue measObjLdn="sm1USN01/M3UA link:nodeName=link, Link No.=69">
                <measResults>0 0 0 0 0 25203 1490 20254 1409 </measResults>
            </measValue>
            <measValue measObjLdn="sm1USN01/M3UA link:nodeName=link, Link No.=7">
                <measResults>0 0 0 0 0 0 0 8264 1044 </measResults>
            </measValue>
            <measValue measObjLdn="sm1USN01/M3UA link:nodeName=link, Link No.=70">
                <measResults>0 0 0 0 0 24450 1442 20013 1399 </measResults>
            </measValue>
            <measValue measObjLdn="sm1USN01/M3UA link:nodeName=link, Link No.=71">
                <measResults>0 0 0 0 0 25347 1500 19829 1381 </measResults>
            </measValue>
            <measValue measObjLdn="sm1USN01/M3UA link:nodeName=link, Link No.=72">
                <measResults>0 0 0 0 0 27688 1633 21834 1526 </measResults>
            </measValue>
            <measValue measObjLdn="sm1USN01/M3UA link:nodeName=link, Link No.=73">
                <measResults>0 0 0 0 0 27197 1603 21677 1514 </measResults>
            </measValue>
            <measValue measObjLdn="sm1USN01/M3UA link:nodeName=link, Link No.=74">
                <measResults>0 0 0 0 0 26918 1588 21782 1526 </measResults>
            </measValue>
            <measValue measObjLdn="sm1USN01/M3UA link:nodeName=link, Link No.=75">
                <measResults>0 0 0 0 0 27698 1631 21781 1520 </measResults>
            </measValue>
            <measValue measObjLdn="sm1USN01/M3UA link:nodeName=link, Link No.=77">
                <measResults>0 0 0 0 0 61937 3643 53241 3600 </measResults>
            </measValue>
            <measValue measObjLdn="sm1USN01/M3UA link:nodeName=link, Link No.=78">
                <measResults>0 0 0 0 0 60222 3567 53962 3639 </measResults>
            </measValue>
            <measValue measObjLdn="sm1USN01/M3UA link:nodeName=link, Link No.=79">
                <measResults>0 0 0 0 0 43215 2773 35048 2394 </measResults>
            </measValue>
            <measValue measObjLdn="sm1USN01/M3UA link:nodeName=link, Link No.=8">
                <measResults>0 0 0 0 0 0 0 8516 1115 </measResults>
            </measValue>
            <measValue measObjLdn="sm1USN01/M3UA link:nodeName=link, Link No.=82">
                <measResults>0 0 0 0 0 43585 2787 34387 2337 </measResults>
            </measValue>
            <measValue measObjLdn="sm1USN01/M3UA link:nodeName=link, Link No.=83">
                <measResults>0 0 0 0 0 42771 2854 31904 2127 </measResults>
            </measValue>
            <measValue measObjLdn="sm1USN01/M3UA link:nodeName=link, Link No.=84">
                <measResults>0 0 0 0 0 41946 2823 31957 2130 </measResults>
            </measValue>
            <measValue measObjLdn="sm1USN01/M3UA link:nodeName=link, Link No.=85">
                <measResults>0 0 0 0 0 33999 2096 25863 1752 </measResults>
            </measValue>
            <measValue measObjLdn="sm1USN01/M3UA link:nodeName=link, Link No.=86">
                <measResults>0 0 0 0 0 34492 2131 26199 1771 </measResults>
            </measValue>
            <measValue measObjLdn="sm1USN01/M3UA link:nodeName=link, Link No.=9">
                <measResults>0 0 0 0 0 95986 10115 87023 14614 </measResults>
            </measValue>
            <measValue measObjLdn="sm1USN01/M3UA link:nodeName=link, Link No.=91">
                <measResults>0 0 0 0 0 130933 7912 110656 7506 </measResults>
            </measValue>
            <measValue measObjLdn="sm1USN01/M3UA link:nodeName=link, Link No.=92">
                <measResults>0 0 0 0 0 130135 7850 110073 7491 </measResults>
            </measValue>
            <measValue measObjLdn="sm1USN01/M3UA link:nodeName=link, Link No.=93">
                <measResults>0 0 0 0 0 65604 3830 49524 3600 </measResults>
            </measValue>
            <measValue measObjLdn="sm1USN01/M3UA link:nodeName=link, Link No.=94">
                <measResults>0 0 0 0 0 64045 3787 49317 3577 </measResults>
            </measValue>
            <measValue measObjLdn="sm1USN01/M3UA link:nodeName=link, Link No.=95">
                <measResults>0 0 0 0 0 153611 9524 135654 8531 </measResults>
            </measValue>
            <measValue measObjLdn="sm1USN01/M3UA link:nodeName=link, Link No.=96">
                <measResults>0 0 0 0 0 154365 9548 136051 8567 </measResults>
            </measValue>
            <measValue measObjLdn="sm1USN01/M3UA link:nodeName=link, Link No.=97">
                <measResults>0 0 0 0 0 93496 5754 82812 5145 </measResults>
            </measValue>
            <measValue measObjLdn="sm1USN01/M3UA link:nodeName=link, Link No.=98">
                <measResults>0 0 0 0 0 91466 5671 83227 5174 </measResults>
            </measValue>
            <measValue measObjLdn="sm1USN01/M3UA link:nodeName=link, Link No.=99">
                <measResults>0 0 0 0 0 151690 9363 133054 8332 </measResults>
            </measValue>
        </measInfo>
        <measInfo measInfoId="117440657">
            <granPeriod duration="PT3600S" endTime="2021-08-12T00:00:00+08:00"/>
            <repPeriod duration="PT3600S"/>
            <measTypes>117465113 117465114 117465115 117465116 117465117 117465118 </measTypes>
            <measValue measObjLdn="sm1USN01/M3UA linkset:nodeName=link, Linkset index=0">
                <measResults>0 72000 0 0 0 0 </measResults>
            </measValue>
            <measValue measObjLdn="sm1USN01/M3UA linkset:nodeName=link, Linkset index=1">
                <measResults>0 0 767320 80722 696963 116899 </measResults>
            </measValue>
            <measValue measObjLdn="sm1USN01/M3UA linkset:nodeName=link, Linkset index=10">
                <measResults>0 0 115504 6708 88502 6127 </measResults>
            </measValue>
            <measValue measObjLdn="sm1USN01/M3UA linkset:nodeName=link, Linkset index=11">
                <measResults>0 0 121006 7257 96586 6854 </measResults>
            </measValue>
            <measValue measObjLdn="sm1USN01/M3UA linkset:nodeName=link, Linkset index=12">
                <measResults>0 0 116037 6863 92801 6469 </measResults>
            </measValue>
            <measValue measObjLdn="sm1USN01/M3UA linkset:nodeName=link, Linkset index=13">
                <measResults>0 0 159450 9608 129224 9129 </measResults>
            </measValue>
            <measValue measObjLdn="sm1USN01/M3UA linkset:nodeName=link, Linkset index=14">
                <measResults>0 0 40801 2369 32097 2284 </measResults>
            </measValue>
            <measValue measObjLdn="sm1USN01/M3UA linkset:nodeName=link, Linkset index=15">
                <measResults>0 0 55435 3294 44521 3140 </measResults>
            </measValue>
            <measValue measObjLdn="sm1USN01/M3UA linkset:nodeName=link, Linkset index=16">
                <measResults>0 0 99814 5898 80103 5588 </measResults>
            </measValue>
            <measValue measObjLdn="sm1USN01/M3UA linkset:nodeName=link, Linkset index=17">
                <measResults>0 0 109531 6457 87099 6088 </measResults>
            </measValue>
            <measValue measObjLdn="sm1USN01/M3UA linkset:nodeName=link, Linkset index=18">
                <measResults>0 0 261014 15760 220674 14995 </measResults>
            </measValue>
            <measValue measObjLdn="sm1USN01/M3UA linkset:nodeName=link, Linkset index=19">
                <measResults>0 0 129691 7618 98865 7176 </measResults>
            </measValue>
            <measValue measObjLdn="sm1USN01/M3UA linkset:nodeName=link, Linkset index=2">
                <measResults>0 0 0 0 70973 9294 </measResults>
            </measValue>
            <measValue measObjLdn="sm1USN01/M3UA linkset:nodeName=link, Linkset index=20">
                <measResults>0 0 122142 7209 107196 7239 </measResults>
            </measValue>
            <measValue measObjLdn="sm1USN01/M3UA linkset:nodeName=link, Linkset index=21">
                <measResults>0 0 86811 5561 69439 4732 </measResults>
            </measValue>
            <measValue measObjLdn="sm1USN01/M3UA linkset:nodeName=link, Linkset index=22">
                <measResults>0 0 84727 5679 63867 4258 </measResults>
            </measValue>
            <measValue measObjLdn="sm1USN01/M3UA linkset:nodeName=link, Linkset index=23">
                <measResults>0 0 68497 4227 52074 3523 </measResults>
            </measValue>
            <measValue measObjLdn="sm1USN01/M3UA linkset:nodeName=link, Linkset index=24">
                <measResults>0 0 307988 19073 271701 17102 </measResults>
            </measValue>
            <measValue measObjLdn="sm1USN01/M3UA linkset:nodeName=link, Linkset index=25">
                <measResults>0 0 184957 11424 166028 10318 </measResults>
            </measValue>
            <measValue measObjLdn="sm1USN01/M3UA linkset:nodeName=link, Linkset index=26">
                <measResults>0 0 303237 18740 265612 16641 </measResults>
            </measValue>
            <measValue measObjLdn="sm1USN01/M3UA linkset:nodeName=link, Linkset index=27">
                <measResults>0 0 217518 13554 182096 12018 </measResults>
            </measValue>
            <measValue measObjLdn="sm1USN01/M3UA linkset:nodeName=link, Linkset index=28">
                <measResults>0 0 194342 11712 157178 10294 </measResults>
            </measValue>
            <measValue measObjLdn="sm1USN01/M3UA linkset:nodeName=link, Linkset index=29">
                <measResults>0 0 365452 23307 304716 20428 </measResults>
            </measValue>
            <measValue measObjLdn="sm1USN01/M3UA linkset:nodeName=link, Linkset index=3">
                <measResults>0 0 81964 4813 63828 4490 </measResults>
            </measValue>
            <measValue measObjLdn="sm1USN01/M3UA linkset:nodeName=link, Linkset index=30">
                <measResults>0 0 343432 26768 265425 16883 </measResults>
            </measValue>
            <measValue measObjLdn="sm1USN01/M3UA linkset:nodeName=link, Linkset index=31">
                <measResults>0 0 205250 13185 173778 11710 </measResults>
            </measValue>
            <measValue measObjLdn="sm1USN01/M3UA linkset:nodeName=link, Linkset index=32">
                <measResults>0 0 226020 15063 184272 12335 </measResults>
            </measValue>
            <measValue measObjLdn="sm1USN01/M3UA linkset:nodeName=link, Linkset index=33">
                <measResults>0 0 248259 14933 189487 12392 </measResults>
            </measValue>
            <measValue measObjLdn="sm1USN01/M3UA linkset:nodeName=link, Linkset index=34">
                <measResults>0 0 293643 23308 216918 14012 </measResults>
            </measValue>
            <measValue measObjLdn="sm1USN01/M3UA linkset:nodeName=link, Linkset index=35">
                <measResults>0 0 227914 14530 193549 12809 </measResults>
            </measValue>
            <measValue measObjLdn="sm1USN01/M3UA linkset:nodeName=link, Linkset index=36">
                <measResults>0 0 229974 14729 203591 13447 </measResults>
            </measValue>
            <measValue measObjLdn="sm1USN01/M3UA linkset:nodeName=link, Linkset index=38">
                <measResults>0 0 185773 11224 149376 9920 </measResults>
            </measValue>
            <measValue measObjLdn="sm1USN01/M3UA linkset:nodeName=link, Linkset index=39">
                <measResults>0 0 148522 9014 116753 7685 </measResults>
            </measValue>
            <measValue measObjLdn="sm1USN01/M3UA linkset:nodeName=link, Linkset index=4">
                <measResults>0 0 77697 4564 60625 4244 </measResults>
            </measValue>
            <measValue measObjLdn="sm1USN01/M3UA linkset:nodeName=link, Linkset index=40">
                <measResults>0 0 98270 5920 77275 5160 </measResults>
            </measValue>
            <measValue measObjLdn="sm1USN01/M3UA linkset:nodeName=link, Linkset index=41">
                <measResults>0 0 278331 17023 225546 15043 </measResults>
            </measValue>
            <measValue measObjLdn="sm1USN01/M3UA linkset:nodeName=link, Linkset index=42">
                <measResults>0 0 201242 12149 162974 10733 </measResults>
            </measValue>
            <measValue measObjLdn="sm1USN01/M3UA linkset:nodeName=link, Linkset index=43">
                <measResults>0 0 235829 16687 182491 11908 </measResults>
            </measValue>
            <measValue measObjLdn="sm1USN01/M3UA linkset:nodeName=link, Linkset index=44">
                <measResults>0 0 210336 12995 171588 11453 </measResults>
            </measValue>
            <measValue measObjLdn="sm1USN01/M3UA linkset:nodeName=link, Linkset index=45">
                <measResults>0 0 110795 6564 85897 5697 </measResults>
            </measValue>
            <measValue measObjLdn="sm1USN01/M3UA linkset:nodeName=link, Linkset index=46">
                <measResults>0 0 78003 4830 62993 4216 </measResults>
            </measValue>
            <measValue measObjLdn="sm1USN01/M3UA linkset:nodeName=link, Linkset index=47">
                <measResults>0 0 229394 14345 195152 13041 </measResults>
            </measValue>
            <measValue measObjLdn="sm1USN01/M3UA linkset:nodeName=link, Linkset index=48">
                <measResults>0 0 95253 5991 78315 5357 </measResults>
            </measValue>
            <measValue measObjLdn="sm1USN01/M3UA linkset:nodeName=link, Linkset index=49">
                <measResults>0 0 121425 7638 102479 6864 </measResults>
            </measValue>
            <measValue measObjLdn="sm1USN01/M3UA linkset:nodeName=link, Linkset index=5">
                <measResults>0 0 227149 13354 178334 12477 </measResults>
            </measValue>
            <measValue measObjLdn="sm1USN01/M3UA linkset:nodeName=link, Linkset index=51">
                <measResults>0 0 163492 9146 146215 8962 </measResults>
            </measValue>
            <measValue measObjLdn="sm1USN01/M3UA linkset:nodeName=link, Linkset index=53">
                <measResults>0 0 373 54 233 9 </measResults>
            </measValue>
            <measValue measObjLdn="sm1USN01/M3UA linkset:nodeName=link, Linkset index=54">
                <measResults>0 0 702123 40015 624091 39142 </measResults>
            </measValue>
            <measValue measObjLdn="sm1USN01/M3UA linkset:nodeName=link, Linkset index=56">
                <measResults>0 0 101791 6258 83322 5544 </measResults>
            </measValue>
            <measValue measObjLdn="sm1USN01/M3UA linkset:nodeName=link, Linkset index=57">
                <measResults>0 0 67282 4248 56574 3849 </measResults>
            </measValue>
            <measValue measObjLdn="sm1USN01/M3UA linkset:nodeName=link, Linkset index=58">
                <measResults>0 0 160567 9751 131971 8703 </measResults>
            </measValue>
            <measValue measObjLdn="sm1USN01/M3UA linkset:nodeName=link, Linkset index=6">
                <measResults>0 0 166101 9730 130146 9065 </measResults>
            </measValue>
            <measValue measObjLdn="sm1USN01/M3UA linkset:nodeName=link, Linkset index=63">
                <measResults>0 0 94872 5715 75749 5046 </measResults>
            </measValue>
            <measValue measObjLdn="sm1USN01/M3UA linkset:nodeName=link, Linkset index=7">
                <measResults>0 0 82738 4852 64145 4535 </measResults>
            </measValue>
            <measValue measObjLdn="sm1USN01/M3UA linkset:nodeName=link, Linkset index=70">
                <measResults>0 0 8977 545 7329 487 </measResults>
            </measValue>
            <measValue measObjLdn="sm1USN01/M3UA linkset:nodeName=link, Linkset index=71">
                <measResults>0 0 6 0 0 0 </measResults>
            </measValue>
            <measValue measObjLdn="sm1USN01/M3UA linkset:nodeName=link, Linkset index=72">
                <measResults>0 0 0 0 0 0 </measResults>
            </measValue>
            <measValue measObjLdn="sm1USN01/M3UA linkset:nodeName=link, Linkset index=73">
                <measResults>0 0 104275 6544 83905 5686 </measResults>
            </measValue>
            <measValue measObjLdn="sm1USN01/M3UA linkset:nodeName=link, Linkset index=74">
                <measResults>0 0 79790 4951 63761 4342 </measResults>
            </measValue>
            <measValue measObjLdn="sm1USN01/M3UA linkset:nodeName=link, Linkset index=75">
                <measResults>0 0 194077 13077 164492 9200 </measResults>
            </measValue>
            <measValue measObjLdn="sm1USN01/M3UA linkset:nodeName=link, Linkset index=76">
                <measResults>0 0 0 0 0 0 </measResults>
            </measValue>
            <measValue measObjLdn="sm1USN01/M3UA linkset:nodeName=link, Linkset index=77">
                <measResults>0 0 3769 214 2923 190 </measResults>
            </measValue>
            <measValue measObjLdn="sm1USN01/M3UA linkset:nodeName=link, Linkset index=78">
                <measResults>0 0 0 0 0 0 </measResults>
            </measValue>
            <measValue measObjLdn="sm1USN01/M3UA linkset:nodeName=link, Linkset index=79">
                <measResults>0 72000 0 0 0 0 </measResults>
            </measValue>
            <measValue measObjLdn="sm1USN01/M3UA linkset:nodeName=link, Linkset index=8">
                <measResults>0 0 55800 3298 44205 3164 </measResults>
            </measValue>
            <measValue measObjLdn="sm1USN01/M3UA linkset:nodeName=link, Linkset index=80">
                <measResults>0 0 0 0 0 0 </measResults>
            </measValue>
            <measValue measObjLdn="sm1USN01/M3UA linkset:nodeName=link, Linkset index=81">
                <measResults>0 72000 0 0 0 0 </measResults>
            </measValue>
            <measValue measObjLdn="sm1USN01/M3UA linkset:nodeName=link, Linkset index=82">
                <measResults>0 72000 0 0 0 0 </measResults>
            </measValue>
            <measValue measObjLdn="sm1USN01/M3UA linkset:nodeName=link, Linkset index=83">
                <measResults>0 72000 0 0 0 0 </measResults>
            </measValue>
            <measValue measObjLdn="sm1USN01/M3UA linkset:nodeName=link, Linkset index=84">
                <measResults>0 0 149224 9144 121454 8122 </measResults>
            </measValue>
            <measValue measObjLdn="sm1USN01/M3UA linkset:nodeName=link, Linkset index=85">
                <measResults>0 0 570 35 468 34 </measResults>
            </measValue>
            <measValue measObjLdn="sm1USN01/M3UA linkset:nodeName=link, Linkset index=86">
                <measResults>0 0 4096 245 3178 207 </measResults>
            </measValue>
            <measValue measObjLdn="sm1USN01/M3UA linkset:nodeName=link, Linkset index=87">
                <measResults>0 0 70 5 67 4 </measResults>
            </measValue>
            <measValue measObjLdn="sm1USN01/M3UA linkset:nodeName=link, Linkset index=88">
                <measResults>0 0 0 0 0 0 </measResults>
            </measValue>
            <measValue measObjLdn="sm1USN01/M3UA linkset:nodeName=link, Linkset index=89">
                <measResults>0 0 0 0 0 0 </measResults>
            </measValue>
            <measValue measObjLdn="sm1USN01/M3UA linkset:nodeName=link, Linkset index=9">
                <measResults>0 0 189528 11026 147720 10222 </measResults>
            </measValue>
            <measValue measObjLdn="sm1USN01/M3UA linkset:nodeName=link, Linkset index=90">
                <measResults>0 0 0 0 0 0 </measResults>
            </measValue>
            <measValue measObjLdn="sm1USN01/M3UA linkset:nodeName=link, Linkset index=91">
                <measResults>0 0 0 0 0 0 </measResults>
            </measValue>
        </measInfo>
        <measInfo measInfoId="117440658">
            <granPeriod duration="PT3600S" endTime="2021-08-12T00:00:00+08:00"/>
            <repPeriod duration="PT3600S"/>
            <measTypes>117465213 117465214 </measTypes>
            <measValue measObjLdn="sm1USN01/M3DE:nodeName=link, Destination entity index=0">
                <measResults>0 72000 </measResults>
            </measValue>
            <measValue measObjLdn="sm1USN01/M3DE:nodeName=link, Destination entity index=1">
                <measResults>0 0 </measResults>
            </measValue>
            <measValue measObjLdn="sm1USN01/M3DE:nodeName=link, Destination entity index=10">
                <measResults>0 0 </measResults>
            </measValue>
            <measValue measObjLdn="sm1USN01/M3DE:nodeName=link, Destination entity index=11">
                <measResults>0 0 </measResults>
            </measValue>
            <measValue measObjLdn="sm1USN01/M3DE:nodeName=link, Destination entity index=12">
                <measResults>0 0 </measResults>
            </measValue>
            <measValue measObjLdn="sm1USN01/M3DE:nodeName=link, Destination entity index=13">
                <measResults>0 0 </measResults>
            </measValue>
            <measValue measObjLdn="sm1USN01/M3DE:nodeName=link, Destination entity index=14">
                <measResults>0 0 </measResults>
            </measValue>
            <measValue measObjLdn="sm1USN01/M3DE:nodeName=link, Destination entity index=15">
                <measResults>0 0 </measResults>
            </measValue>
            <measValue measObjLdn="sm1USN01/M3DE:nodeName=link, Destination entity index=16">
                <measResults>0 0 </measResults>
            </measValue>
            <measValue measObjLdn="sm1USN01/M3DE:nodeName=link, Destination entity index=17">
                <measResults>0 0 </measResults>
            </measValue>
            <measValue measObjLdn="sm1USN01/M3DE:nodeName=link, Destination entity index=18">
                <measResults>0 0 </measResults>
            </measValue>
            <measValue measObjLdn="sm1USN01/M3DE:nodeName=link, Destination entity index=19">
                <measResults>0 0 </measResults>
            </measValue>
            <measValue measObjLdn="sm1USN01/M3DE:nodeName=link, Destination entity index=2">
                <measResults>0 0 </measResults>
            </measValue>
            <measValue measObjLdn="sm1USN01/M3DE:nodeName=link, Destination entity index=20">
                <measResults>0 0 </measResults>
            </measValue>
            <measValue measObjLdn="sm1USN01/M3DE:nodeName=link, Destination entity index=21">
                <measResults>0 0 </measResults>
            </measValue>
            <measValue measObjLdn="sm1USN01/M3DE:nodeName=link, Destination entity index=22">
                <measResults>0 0 </measResults>
            </measValue>
            <measValue measObjLdn="sm1USN01/M3DE:nodeName=link, Destination entity index=23">
                <measResults>0 0 </measResults>
            </measValue>
            <measValue measObjLdn="sm1USN01/M3DE:nodeName=link, Destination entity index=24">
                <measResults>0 0 </measResults>
            </measValue>
            <measValue measObjLdn="sm1USN01/M3DE:nodeName=link, Destination entity index=25">
                <measResults>0 0 </measResults>
            </measValue>
            <measValue measObjLdn="sm1USN01/M3DE:nodeName=link, Destination entity index=26">
                <measResults>0 0 </measResults>
            </measValue>
            <measValue measObjLdn="sm1USN01/M3DE:nodeName=link, Destination entity index=27">
                <measResults>0 0 </measResults>
            </measValue>
            <measValue measObjLdn="sm1USN01/M3DE:nodeName=link, Destination entity index=28">
                <measResults>0 0 </measResults>
            </measValue>
            <measValue measObjLdn="sm1USN01/M3DE:nodeName=link, Destination entity index=29">
                <measResults>0 0 </measResults>
            </measValue>
            <measValue measObjLdn="sm1USN01/M3DE:nodeName=link, Destination entity index=3">
                <measResults>0 0 </measResults>
            </measValue>
            <measValue measObjLdn="sm1USN01/M3DE:nodeName=link, Destination entity index=30">
                <measResults>0 0 </measResults>
            </measValue>
            <measValue measObjLdn="sm1USN01/M3DE:nodeName=link, Destination entity index=31">
                <measResults>0 0 </measResults>
            </measValue>
            <measValue measObjLdn="sm1USN01/M3DE:nodeName=link, Destination entity index=32">
                <measResults>0 0 </measResults>
            </measValue>
            <measValue measObjLdn="sm1USN01/M3DE:nodeName=link, Destination entity index=33">
                <measResults>0 0 </measResults>
            </measValue>
            <measValue measObjLdn="sm1USN01/M3DE:nodeName=link, Destination entity index=34">
                <measResults>0 0 </measResults>
            </measValue>
            <measValue measObjLdn="sm1USN01/M3DE:nodeName=link, Destination entity index=35">
                <measResults>0 0 </measResults>
            </measValue>
            <measValue measObjLdn="sm1USN01/M3DE:nodeName=link, Destination entity index=36">
                <measResults>0 0 </measResults>
            </measValue>
            <measValue measObjLdn="sm1USN01/M3DE:nodeName=link, Destination entity index=38">
                <measResults>0 0 </measResults>
            </measValue>
            <measValue measObjLdn="sm1USN01/M3DE:nodeName=link, Destination entity index=39">
                <measResults>0 0 </measResults>
            </measValue>
            <measValue measObjLdn="sm1USN01/M3DE:nodeName=link, Destination entity index=4">
                <measResults>0 0 </measResults>
            </measValue>
            <measValue measObjLdn="sm1USN01/M3DE:nodeName=link, Destination entity index=40">
                <measResults>0 0 </measResults>
            </measValue>
            <measValue measObjLdn="sm1USN01/M3DE:nodeName=link, Destination entity index=41">
                <measResults>0 0 </measResults>
            </measValue>
            <measValue measObjLdn="sm1USN01/M3DE:nodeName=link, Destination entity index=42">
                <measResults>0 0 </measResults>
            </measValue>
            <measValue measObjLdn="sm1USN01/M3DE:nodeName=link, Destination entity index=43">
                <measResults>0 0 </measResults>
            </measValue>
            <measValue measObjLdn="sm1USN01/M3DE:nodeName=link, Destination entity index=44">
                <measResults>0 0 </measResults>
            </measValue>
            <measValue measObjLdn="sm1USN01/M3DE:nodeName=link, Destination entity index=45">
                <measResults>0 0 </measResults>
            </measValue>
            <measValue measObjLdn="sm1USN01/M3DE:nodeName=link, Destination entity index=46">
                <measResults>0 0 </measResults>
            </measValue>
            <measValue measObjLdn="sm1USN01/M3DE:nodeName=link, Destination entity index=47">
                <measResults>0 0 </measResults>
            </measValue>
            <measValue measObjLdn="sm1USN01/M3DE:nodeName=link, Destination entity index=48">
                <measResults>0 0 </measResults>
            </measValue>
            <measValue measObjLdn="sm1USN01/M3DE:nodeName=link, Destination entity index=49">
                <measResults>0 0 </measResults>
            </measValue>
            <measValue measObjLdn="sm1USN01/M3DE:nodeName=link, Destination entity index=5">
                <measResults>0 0 </measResults>
            </measValue>
            <measValue measObjLdn="sm1USN01/M3DE:nodeName=link, Destination entity index=51">
                <measResults>0 0 </measResults>
            </measValue>
            <measValue measObjLdn="sm1USN01/M3DE:nodeName=link, Destination entity index=53">
                <measResults>0 0 </measResults>
            </measValue>
            <measValue measObjLdn="sm1USN01/M3DE:nodeName=link, Destination entity index=54">
                <measResults>0 0 </measResults>
            </measValue>
            <measValue measObjLdn="sm1USN01/M3DE:nodeName=link, Destination entity index=56">
                <measResults>0 0 </measResults>
            </measValue>
            <measValue measObjLdn="sm1USN01/M3DE:nodeName=link, Destination entity index=57">
                <measResults>0 0 </measResults>
            </measValue>
            <measValue measObjLdn="sm1USN01/M3DE:nodeName=link, Destination entity index=58">
                <measResults>0 0 </measResults>
            </measValue>
            <measValue measObjLdn="sm1USN01/M3DE:nodeName=link, Destination entity index=6">
                <measResults>0 0 </measResults>
            </measValue>
            <measValue measObjLdn="sm1USN01/M3DE:nodeName=link, Destination entity index=63">
                <measResults>0 0 </measResults>
            </measValue>
            <measValue measObjLdn="sm1USN01/M3DE:nodeName=link, Destination entity index=7">
                <measResults>0 0 </measResults>
            </measValue>
            <measValue measObjLdn="sm1USN01/M3DE:nodeName=link, Destination entity index=70">
                <measResults>0 0 </measResults>
            </measValue>
            <measValue measObjLdn="sm1USN01/M3DE:nodeName=link, Destination entity index=71">
                <measResults>0 0 </measResults>
            </measValue>
            <measValue measObjLdn="sm1USN01/M3DE:nodeName=link, Destination entity index=72">
                <measResults>0 0 </measResults>
            </measValue>
            <measValue measObjLdn="sm1USN01/M3DE:nodeName=link, Destination entity index=73">
                <measResults>0 0 </measResults>
            </measValue>
            <measValue measObjLdn="sm1USN01/M3DE:nodeName=link, Destination entity index=74">
                <measResults>0 0 </measResults>
            </measValue>
            <measValue measObjLdn="sm1USN01/M3DE:nodeName=link, Destination entity index=75">
                <measResults>0 0 </measResults>
            </measValue>
            <measValue measObjLdn="sm1USN01/M3DE:nodeName=link, Destination entity index=76">
                <measResults>0 0 </measResults>
            </measValue>
            <measValue measObjLdn="sm1USN01/M3DE:nodeName=link, Destination entity index=77">
                <measResults>0 0 </measResults>
            </measValue>
            <measValue measObjLdn="sm1USN01/M3DE:nodeName=link, Destination entity index=78">
                <measResults>0 0 </measResults>
            </measValue>
            <measValue measObjLdn="sm1USN01/M3DE:nodeName=link, Destination entity index=79">
                <measResults>0 72000 </measResults>
            </measValue>
            <measValue measObjLdn="sm1USN01/M3DE:nodeName=link, Destination entity index=8">
                <measResults>0 0 </measResults>
            </measValue>
            <measValue measObjLdn="sm1USN01/M3DE:nodeName=link, Destination entity index=80">
                <measResults>0 0 </measResults>
            </measValue>
            <measValue measObjLdn="sm1USN01/M3DE:nodeName=link, Destination entity index=81">
                <measResults>0 72000 </measResults>
            </measValue>
            <measValue measObjLdn="sm1USN01/M3DE:nodeName=link, Destination entity index=82">
                <measResults>0 72000 </measResults>
            </measValue>
            <measValue measObjLdn="sm1USN01/M3DE:nodeName=link, Destination entity index=83">
                <measResults>0 72000 </measResults>
            </measValue>
            <measValue measObjLdn="sm1USN01/M3DE:nodeName=link, Destination entity index=84">
                <measResults>0 0 </measResults>
            </measValue>
            <measValue measObjLdn="sm1USN01/M3DE:nodeName=link, Destination entity index=85">
                <measResults>0 0 </measResults>
            </measValue>
            <measValue measObjLdn="sm1USN01/M3DE:nodeName=link, Destination entity index=86">
                <measResults>0 0 </measResults>
            </measValue>
            <measValue measObjLdn="sm1USN01/M3DE:nodeName=link, Destination entity index=87">
                <measResults>0 0 </measResults>
            </measValue>
            <measValue measObjLdn="sm1USN01/M3DE:nodeName=link, Destination entity index=88">
                <measResults>0 0 </measResults>
            </measValue>
            <measValue measObjLdn="sm1USN01/M3DE:nodeName=link, Destination entity index=89">
                <measResults>0 0 </measResults>
            </measValue>
            <measValue measObjLdn="sm1USN01/M3DE:nodeName=link, Destination entity index=9">
                <measResults>0 0 </measResults>
            </measValue>
            <measValue measObjLdn="sm1USN01/M3DE:nodeName=link, Destination entity index=90">
                <measResults>0 0 </measResults>
            </measValue>
            <measValue measObjLdn="sm1USN01/M3DE:nodeName=link, Destination entity index=91">
                <measResults>0 0 </measResults>
            </measValue>
        </measInfo>
        <measInfo measInfoId="1912209423">
            <granPeriod duration="PT3600S" endTime="2021-08-12T00:00:00+08:00"/>
            <repPeriod duration="PT3600S"/>
            <measTypes>1912209666 1912209667 1912209668 1912209669 1912209670 1912209671 1912209672 1912209673 1912209674 1912209675 1912209676 1912209677 1912209678 1912209679 1912209680 1912209681 1912209682 1912209683 1912209684 1912209685 1912209686 1912209687 1912209688 1912209689 1912209690 1912209691 1912209692 1912209694 </measTypes>
            <measValue measObjLdn="sm1USN01/VLR:nodeName=link, VLR No.=639180007010">
                <measResults>66270 66271 0 467 467 3664 1495 5159 5044 715 4937 316 316 0 49 0 0 0 0 66271 65950 16259 16686 0 0 0 0 0 </measResults>
            </measValue>
            <measValue measObjLdn="sm1USN01/VLR:nodeName=link, VLR No.=639180007020">
                <measResults>79183 79184 0 396 396 7302 1509 8810 4946 846 5008 301 301 0 39 0 0 0 0 79184 78942 16575 16988 0 0 0 0 0 </measResults>
            </measValue>
            <measValue measObjLdn="sm1USN01/VLR:nodeName=link, VLR No.=639180007011">
                <measResults>0 0 0 0 0 0 0 0 0 0 0 0 0 0 0 0 0 0 0 0 0 0 0 0 0 0 0 0 </measResults>
            </measValue>
            <measValue measObjLdn="sm1USN01/VLR:nodeName=link, VLR No.=639180007041">
                <measResults>23340 23341 0 317 317 1333 397 1730 3272 409 3240 101 100 1 12 0 0 0 0 14923 14658 12841 13155 23341 0 0 1033 0 </measResults>
            </measValue>
            <measValue measObjLdn="sm1USN01/VLR:nodeName=link, VLR No.=639180007022">
                <measResults>61974 61975 6 762 762 3237 897 4134 6744 1014 6941 158 155 3 23 0 0 0 0 41400 40812 25485 26403 61976 0 0 0 1 </measResults>
            </measValue>
            <measValue measObjLdn="sm1USN01/VLR:nodeName=link, VLR No.=639180007042">
                <measResults>22953 22949 1 329 329 1563 368 1931 3364 434 3285 104 104 0 19 0 0 0 0 15782 15468 10983 11335 22948 0 0 745 0 </measResults>
            </measValue>
            <measValue measObjLdn="sm1USN01/VLR:nodeName=link, VLR No.=639180007013">
                <measResults>81502 81492 7 415 415 4023 260 4283 6933 842 6998 155 155 0 18 0 0 0 0 41757 40588 25199 25602 81492 0 0 0 0 </measResults>
            </measValue>
            <measValue measObjLdn="sm1USN01/VLR:nodeName=link, VLR No.=639180007023">
                <measResults>79521 79511 10 475 475 2958 295 3253 7212 937 7441 132 132 0 14 0 0 0 0 42404 42172 28980 30084 79511 0 0 0 1 </measResults>
            </measValue>
            <measValue measObjLdn="sm1USN01/VLR:nodeName=link, VLR No.=639180007043">
                <measResults>22083 22078 5 240 240 1434 381 1815 3409 467 3400 111 110 1 14 0 0 0 0 14058 13843 12618 12915 22078 0 0 650 0 </measResults>
            </measValue>
            <measValue measObjLdn="sm1USN01/VLR:nodeName=link, VLR No.=639180007014">
                <measResults>76777 76779 0 477 477 3121 282 3403 7153 899 7424 93 93 0 12 0 0 0 0 41809 41568 28438 28779 76779 0 0 0 0 </measResults>
            </measValue>
            <measValue measObjLdn="sm1USN01/VLR:nodeName=link, VLR No.=639180007044">
                <measResults>23029 23024 5 321 321 1385 391 1776 3201 441 3042 141 141 0 19 0 0 0 0 14138 13887 12483 12756 23024 0 0 750 0 </measResults>
            </measValue>
            <measValue measObjLdn="sm1USN01/VLR:nodeName=link, VLR No.=639180007015">
                <measResults>59342 59343 2 730 730 3143 822 3965 6530 953 6651 165 163 2 24 0 0 0 0 40964 40409 26462 26939 59343 0 0 0 2 </measResults>
            </measValue>
            <measValue measObjLdn="sm1USN01/VLR:nodeName=link, VLR No.=639180007025">
                <measResults>78758 78737 20 587 587 2988 323 3311 6422 901 6727 121 121 0 11 0 0 0 0 39695 39378 28641 28928 78737 0 0 0 4 </measResults>
            </measValue>
            <measValue measObjLdn="sm1USN01/VLR:nodeName=link, VLR No.=639180007045">
                <measResults>22744 22744 0 398 397 1401 383 1784 3448 494 3493 108 108 0 15 0 0 0 0 14577 14209 13850 14177 22744 0 0 645 2 </measResults>
            </measValue>
            <measValue measObjLdn="sm1USN01/VLR:nodeName=link, VLR No.=639180007006">
                <measResults>61263 61257 5 824 824 3140 884 4024 6483 904 6692 151 150 1 19 0 0 0 0 41772 41160 23592 24030 61256 0 0 0 2 </measResults>
            </measValue>
            <measValue measObjLdn="sm1USN01/VLR:nodeName=link, VLR No.=639180007016">
                <measResults>62208 62198 5 758 758 3139 848 3987 7043 928 7248 143 142 1 18 0 0 0 0 41510 40805 36898 37347 62198 0 0 0 0 </measResults>
            </measValue>
            <measValue measObjLdn="sm1USN01/VLR:nodeName=link, VLR No.=639180007046">
                <measResults>28172 28170 0 622 622 1360 389 1749 2841 408 2917 78 78 0 17 0 0 0 0 15586 15143 23225 23412 28170 0 0 684 0 </measResults>
            </measValue>
            <measValue measObjLdn="sm1USN01/VLR:nodeName=link, VLR No.=639180007007">
                <measResults>75902 75905 0 582 582 3100 274 3374 7191 808 7299 131 131 0 14 0 0 0 0 40133 39842 48077 49238 75904 0 0 0 0 </measResults>
            </measValue>
            <measValue measObjLdn="sm1USN01/VLR:nodeName=link, VLR No.=639180007008">
                <measResults>79062 79062 0 503 503 3199 248 3447 6885 968 7033 143 143 0 16 0 0 0 0 41170 40845 28724 29112 79062 0 0 0 0 </measResults>
            </measValue>
            <measValue measObjLdn="sm1USN01/VLR:nodeName=link, VLR No.=639180000287">
                <measResults>0 0 0 0 0 0 0 0 0 0 0 0 0 0 0 0 0 0 0 0 0 0 0 0 0 0 0 0 </measResults>
            </measValue>
        </measInfo>
        <measInfo measInfoId="117440688">
            <granPeriod duration="PT3600S" endTime="2021-08-12T00:00:00+08:00"/>
            <repPeriod duration="PT3600S"/>
            <measTypes>117470813 117470814 117470815 </measTypes>
            <measValue measObjLdn="sm1USN01/DNS inquiry:nodeName=link, IP address=121.54.10.154">
                <measResults>6038 4723 6 </measResults>
            </measValue>
            <measValue measObjLdn="sm1USN01/DNS inquiry:nodeName=link, IP address=121.54.10.158">
                <measResults>61 60 0 </measResults>
            </measValue>
            <measValue measObjLdn="sm1USN01/DNS inquiry:nodeName=link, IP address=121.54.77.138">
                <measResults>26 26 0 </measResults>
            </measValue>
            <measValue measObjLdn="sm1USN01/DNS inquiry:nodeName=link, IP address=121.54.77.142">
                <measResults>12658 12658 12 </measResults>
            </measValue>
        </measInfo>
        <measInfo measInfoId="117490515">
            <granPeriod duration="PT3600S" endTime="2021-08-12T00:00:00+08:00"/>
            <repPeriod duration="PT3600S"/>
            <measTypes>117490812 117490813 117490814 117490815 </measTypes>
            <measValue measObjLdn="sm1USN01/Diameter link:nodeName=link, Link No.=0">
                <measResults>0 0 0 0 </measResults>
            </measValue>
            <measValue measObjLdn="sm1USN01/Diameter link:nodeName=link, Link No.=1">
                <measResults>0 0 0 0 </measResults>
            </measValue>
            <measValue measObjLdn="sm1USN01/Diameter link:nodeName=link, Link No.=10">
                <measResults>0 0 0 0 </measResults>
            </measValue>
            <measValue measObjLdn="sm1USN01/Diameter link:nodeName=link, Link No.=11">
                <measResults>0 0 0 0 </measResults>
            </measValue>
            <measValue measObjLdn="sm1USN01/Diameter link:nodeName=link, Link No.=12">
                <measResults>0 0 0 0 </measResults>
            </measValue>
            <measValue measObjLdn="sm1USN01/Diameter link:nodeName=link, Link No.=13">
                <measResults>0 0 0 0 </measResults>
            </measValue>
            <measValue measObjLdn="sm1USN01/Diameter link:nodeName=link, Link No.=14">
                <measResults>0 0 0 0 </measResults>
            </measValue>
            <measValue measObjLdn="sm1USN01/Diameter link:nodeName=link, Link No.=15">
                <measResults>0 0 0 0 </measResults>
            </measValue>
            <measValue measObjLdn="sm1USN01/Diameter link:nodeName=link, Link No.=2">
                <measResults>0 0 0 0 </measResults>
            </measValue>
            <measValue measObjLdn="sm1USN01/Diameter link:nodeName=link, Link No.=3">
                <measResults>0 0 0 0 </measResults>
            </measValue>
            <measValue measObjLdn="sm1USN01/Diameter link:nodeName=link, Link No.=4">
                <measResults>0 0 0 0 </measResults>
            </measValue>
            <measValue measObjLdn="sm1USN01/Diameter link:nodeName=link, Link No.=5">
                <measResults>0 0 0 0 </measResults>
            </measValue>
            <measValue measObjLdn="sm1USN01/Diameter link:nodeName=link, Link No.=6">
                <measResults>0 0 0 0 </measResults>
            </measValue>
            <measValue measObjLdn="sm1USN01/Diameter link:nodeName=link, Link No.=7">
                <measResults>0 0 0 0 </measResults>
            </measValue>
            <measValue measObjLdn="sm1USN01/Diameter link:nodeName=link, Link No.=8">
                <measResults>0 0 0 0 </measResults>
            </measValue>
            <measValue measObjLdn="sm1USN01/Diameter link:nodeName=link, Link No.=9">
                <measResults>0 0 0 0 </measResults>
            </measValue>
        </measInfo>
        <measInfo measInfoId="117496524">
            <granPeriod duration="PT3600S" endTime="2021-08-12T00:00:00+08:00"/>
            <repPeriod duration="PT3600S"/>
            <measTypes>117497332 117497333 117497334 117497335 117497336 117497337 117497338 117497339 117497340 </measTypes>
            <measValue measObjLdn="sm1USN01/Diameter link:nodeName=link, Link No.=0">
                <measResults>26316 26125 192 0 11 1 23 0 0 </measResults>
            </measValue>
            <measValue measObjLdn="sm1USN01/Diameter link:nodeName=link, Link No.=1">
                <measResults>26287 26120 166 0 9 3 20 0 0 </measResults>
            </measValue>
            <measValue measObjLdn="sm1USN01/Diameter link:nodeName=link, Link No.=10">
                <measResults>0 0 0 0 0 0 0 0 0 </measResults>
            </measValue>
            <measValue measObjLdn="sm1USN01/Diameter link:nodeName=link, Link No.=11">
                <measResults>0 0 0 0 0 0 0 0 0 </measResults>
            </measValue>
            <measValue measObjLdn="sm1USN01/Diameter link:nodeName=link, Link No.=12">
                <measResults>0 0 0 0 0 0 0 0 0 </measResults>
            </measValue>
            <measValue measObjLdn="sm1USN01/Diameter link:nodeName=link, Link No.=13">
                <measResults>0 0 0 0 0 0 0 0 0 </measResults>
            </measValue>
            <measValue measObjLdn="sm1USN01/Diameter link:nodeName=link, Link No.=14">
                <measResults>0 0 0 0 0 0 0 0 0 </measResults>
            </measValue>
            <measValue measObjLdn="sm1USN01/Diameter link:nodeName=link, Link No.=15">
                <measResults>0 0 0 0 0 0 0 0 0 </measResults>
            </measValue>
            <measValue measObjLdn="sm1USN01/Diameter link:nodeName=link, Link No.=2">
                <measResults>26380 26201 180 0 11 0 22 0 0 </measResults>
            </measValue>
            <measValue measObjLdn="sm1USN01/Diameter link:nodeName=link, Link No.=3">
                <measResults>26408 26228 180 0 13 1 18 0 0 </measResults>
            </measValue>
            <measValue measObjLdn="sm1USN01/Diameter link:nodeName=link, Link No.=4">
                <measResults>26409 26227 183 0 10 2 15 0 0 </measResults>
            </measValue>
            <measValue measObjLdn="sm1USN01/Diameter link:nodeName=link, Link No.=5">
                <measResults>26282 26125 158 0 10 2 18 0 0 </measResults>
            </measValue>
            <measValue measObjLdn="sm1USN01/Diameter link:nodeName=link, Link No.=6">
                <measResults>26324 26155 169 0 6 0 15 0 0 </measResults>
            </measValue>
            <measValue measObjLdn="sm1USN01/Diameter link:nodeName=link, Link No.=7">
                <measResults>26521 26327 196 0 11 1 18 0 0 </measResults>
            </measValue>
            <measValue measObjLdn="sm1USN01/Diameter link:nodeName=link, Link No.=8">
                <measResults>0 0 0 0 0 0 0 0 0 </measResults>
            </measValue>
            <measValue measObjLdn="sm1USN01/Diameter link:nodeName=link, Link No.=9">
                <measResults>0 0 0 0 0 0 0 0 0 </measResults>
            </measValue>
        </measInfo>
        <measInfo measInfoId="117496525">
            <granPeriod duration="PT3600S" endTime="2021-08-12T00:00:00+08:00"/>
            <repPeriod duration="PT3600S"/>
            <measTypes>117497392 117497393 117497394 117497395 117497396 117497397 117497398 117497399 117497400 </measTypes>
            <measValue measObjLdn="sm1USN01/Diameter link:nodeName=link, Link No.=0">
                <measResults>50783 49187 1585 532 877 2 11 0 0 </measResults>
            </measValue>
            <measValue measObjLdn="sm1USN01/Diameter link:nodeName=link, Link No.=1">
                <measResults>51100 49403 1682 534 926 6 26 0 0 </measResults>
            </measValue>
            <measValue measObjLdn="sm1USN01/Diameter link:nodeName=link, Link No.=10">
                <measResults>0 0 0 0 0 0 0 0 0 </measResults>
            </measValue>
            <measValue measObjLdn="sm1USN01/Diameter link:nodeName=link, Link No.=11">
                <measResults>0 0 0 0 0 0 0 0 0 </measResults>
            </measValue>
            <measValue measObjLdn="sm1USN01/Diameter link:nodeName=link, Link No.=12">
                <measResults>0 0 0 0 0 0 0 0 0 </measResults>
            </measValue>
            <measValue measObjLdn="sm1USN01/Diameter link:nodeName=link, Link No.=13">
                <measResults>0 0 0 0 0 0 0 0 0 </measResults>
            </measValue>
            <measValue measObjLdn="sm1USN01/Diameter link:nodeName=link, Link No.=14">
                <measResults>0 0 0 0 0 0 0 0 0 </measResults>
            </measValue>
            <measValue measObjLdn="sm1USN01/Diameter link:nodeName=link, Link No.=15">
                <measResults>0 0 0 0 0 0 0 0 0 </measResults>
            </measValue>
            <measValue measObjLdn="sm1USN01/Diameter link:nodeName=link, Link No.=2">
                <measResults>50900 49320 1574 512 873 3 16 0 0 </measResults>
            </measValue>
            <measValue measObjLdn="sm1USN01/Diameter link:nodeName=link, Link No.=3">
                <measResults>51119 49464 1649 529 924 4 23 0 0 </measResults>
            </measValue>
            <measValue measObjLdn="sm1USN01/Diameter link:nodeName=link, Link No.=4">
                <measResults>50885 49242 1639 527 932 6 13 0 0 </measResults>
            </measValue>
            <measValue measObjLdn="sm1USN01/Diameter link:nodeName=link, Link No.=5">
                <measResults>50963 49304 1650 546 894 6 23 0 0 </measResults>
            </measValue>
            <measValue measObjLdn="sm1USN01/Diameter link:nodeName=link, Link No.=6">
                <measResults>50555 48930 1616 523 915 2 18 0 0 </measResults>
            </measValue>
            <measValue measObjLdn="sm1USN01/Diameter link:nodeName=link, Link No.=7">
                <measResults>50585 48945 1635 521 915 5 29 0 0 </measResults>
            </measValue>
            <measValue measObjLdn="sm1USN01/Diameter link:nodeName=link, Link No.=8">
                <measResults>0 0 0 0 0 0 0 0 0 </measResults>
            </measValue>
            <measValue measObjLdn="sm1USN01/Diameter link:nodeName=link, Link No.=9">
                <measResults>0 0 0 0 0 0 0 0 0 </measResults>
            </measValue>
        </measInfo>
        <measInfo measInfoId="117496861">
            <granPeriod duration="PT3600S" endTime="2021-08-12T00:00:00+08:00"/>
            <repPeriod duration="PT3600S"/>
            <measTypes>117501013 117501014 117501015 117501016 117501017 117501018 </measTypes>
            <measValue measObjLdn="sm1USN01/Diameter link:nodeName=link, Link No.=0">
                <measResults>51873 51878 70 51805 3 0 </measResults>
            </measValue>
            <measValue measObjLdn="sm1USN01/Diameter link:nodeName=link, Link No.=1">
                <measResults>51505 51504 64 51436 4 0 </measResults>
            </measValue>
            <measValue measObjLdn="sm1USN01/Diameter link:nodeName=link, Link No.=10">
                <measResults>0 0 0 0 0 0 </measResults>
            </measValue>
            <measValue measObjLdn="sm1USN01/Diameter link:nodeName=link, Link No.=11">
                <measResults>0 0 0 0 0 0 </measResults>
            </measValue>
            <measValue measObjLdn="sm1USN01/Diameter link:nodeName=link, Link No.=12">
                <measResults>0 0 0 0 0 0 </measResults>
            </measValue>
            <measValue measObjLdn="sm1USN01/Diameter link:nodeName=link, Link No.=13">
                <measResults>0 0 0 0 0 0 </measResults>
            </measValue>
            <measValue measObjLdn="sm1USN01/Diameter link:nodeName=link, Link No.=14">
                <measResults>0 0 0 0 0 0 </measResults>
            </measValue>
            <measValue measObjLdn="sm1USN01/Diameter link:nodeName=link, Link No.=15">
                <measResults>0 0 0 0 0 0 </measResults>
            </measValue>
            <measValue measObjLdn="sm1USN01/Diameter link:nodeName=link, Link No.=2">
                <measResults>51835 51833 80 51750 3 0 </measResults>
            </measValue>
            <measValue measObjLdn="sm1USN01/Diameter link:nodeName=link, Link No.=3">
                <measResults>51653 51654 84 51566 4 0 </measResults>
            </measValue>
            <measValue measObjLdn="sm1USN01/Diameter link:nodeName=link, Link No.=4">
                <measResults>51717 51722 80 51640 2 0 </measResults>
            </measValue>
            <measValue measObjLdn="sm1USN01/Diameter link:nodeName=link, Link No.=5">
                <measResults>51674 51674 83 51587 4 0 </measResults>
            </measValue>
            <measValue measObjLdn="sm1USN01/Diameter link:nodeName=link, Link No.=6">
                <measResults>51961 51964 73 51887 4 0 </measResults>
            </measValue>
            <measValue measObjLdn="sm1USN01/Diameter link:nodeName=link, Link No.=7">
                <measResults>52051 52051 97 51953 1 0 </measResults>
            </measValue>
            <measValue measObjLdn="sm1USN01/Diameter link:nodeName=link, Link No.=8">
                <measResults>0 0 0 0 0 0 </measResults>
            </measValue>
            <measValue measObjLdn="sm1USN01/Diameter link:nodeName=link, Link No.=9">
                <measResults>0 0 0 0 0 0 </measResults>
            </measValue>
        </measInfo>
        <measInfo measInfoId="117490516">
            <granPeriod duration="PT3600S" endTime="2021-08-12T00:00:00+08:00"/>
            <repPeriod duration="PT3600S"/>
            <measTypes>117490912 117490913 117490914 </measTypes>
            <measValue measObjLdn="sm1USN01/Diameter linkset:nodeName=link, Diameter links index=10">
                <measResults>0 0 8 </measResults>
            </measValue>
            <measValue measObjLdn="sm1USN01/Diameter linkset:nodeName=link, Diameter links index=11">
                <measResults>0 0 8 </measResults>
            </measValue>
        </measInfo>
        <measInfo measInfoId="1912209433">
            <granPeriod duration="PT3600S" endTime="2021-08-12T00:00:00+08:00"/>
            <repPeriod duration="PT3600S"/>
            <measTypes>1912209771 1912209772 </measTypes>
            <measValue measObjLdn="sm1USN01/VM_USN:nodeName=link, VM NAME=SPU_O_0070">
                <measResults>471522 471486 </measResults>
            </measValue>
            <measValue measObjLdn="sm1USN01/VM_USN:nodeName=link, VM NAME=SPU_O_0071">
                <measResults>0 0 </measResults>
            </measValue>
            <measValue measObjLdn="sm1USN01/VM_USN:nodeName=link, VM NAME=SPU_O_0072">
                <measResults>390240 390228 </measResults>
            </measValue>
            <measValue measObjLdn="sm1USN01/VM_USN:nodeName=link, VM NAME=SPU_O_0084">
                <measResults>0 0 </measResults>
            </measValue>
            <measValue measObjLdn="sm1USN01/VM_USN:nodeName=link, VM NAME=SPU_O_0085">
                <measResults>0 0 </measResults>
            </measValue>
            <measValue measObjLdn="sm1USN01/VM_USN:nodeName=link, VM NAME=SPU_O_0086">
                <measResults>114149 114136 </measResults>
            </measValue>
            <measValue measObjLdn="sm1USN01/VM_USN:nodeName=link, VM NAME=SPU_O_0087">
                <measResults>0 0 </measResults>
            </measValue>
            <measValue measObjLdn="sm1USN01/VM_USN:nodeName=link, VM NAME=SPU_O_0088">
                <measResults>0 0 </measResults>
            </measValue>
            <measValue measObjLdn="sm1USN01/VM_USN:nodeName=link, VM NAME=SPU_O_0089">
                <measResults>28172 28170 </measResults>
            </measValue>
        </measInfo>
        <measInfo measInfoId="1912209434">
            <granPeriod duration="PT3600S" endTime="2021-08-12T00:00:00+08:00"/>
            <repPeriod duration="PT3600S"/>
            <measTypes>1912209821 1912209822 </measTypes>
            <measValue measObjLdn="sm1USN01/VM_USN:nodeName=link, VM NAME=SPU_O_0070">
                <measResults>2369 2369 </measResults>
            </measValue>
            <measValue measObjLdn="sm1USN01/VM_USN:nodeName=link, VM NAME=SPU_O_0071">
                <measResults>0 0 </measResults>
            </measValue>
            <measValue measObjLdn="sm1USN01/VM_USN:nodeName=link, VM NAME=SPU_O_0072">
                <measResults>27366 27459 </measResults>
            </measValue>
            <measValue measObjLdn="sm1USN01/VM_USN:nodeName=link, VM NAME=SPU_O_0084">
                <measResults>0 0 </measResults>
            </measValue>
            <measValue measObjLdn="sm1USN01/VM_USN:nodeName=link, VM NAME=SPU_O_0085">
                <measResults>0 0 </measResults>
            </measValue>
            <measValue measObjLdn="sm1USN01/VM_USN:nodeName=link, VM NAME=SPU_O_0086">
                <measResults>0 0 </measResults>
            </measValue>
            <measValue measObjLdn="sm1USN01/VM_USN:nodeName=link, VM NAME=SPU_O_0087">
                <measResults>0 0 </measResults>
            </measValue>
            <measValue measObjLdn="sm1USN01/VM_USN:nodeName=link, VM NAME=SPU_O_0088">
                <measResults>0 0 </measResults>
            </measValue>
            <measValue measObjLdn="sm1USN01/VM_USN:nodeName=link, VM NAME=SPU_O_0089">
                <measResults>0 0 </measResults>
            </measValue>
        </measInfo>
        <measInfo measInfoId="1912209437">
            <granPeriod duration="PT3600S" endTime="2021-08-12T00:00:00+08:00"/>
            <repPeriod duration="PT3600S"/>
            <measTypes>1912209800 1912209801 </measTypes>
            <measValue measObjLdn="sm1USN01/RU_USN:nodeName=link, RU NAME=LINK_SP_RU_0064">
                <measResults>25 19 </measResults>
            </measValue>
            <measValue measObjLdn="sm1USN01/RU_USN:nodeName=link, RU NAME=LINK_SP_RU_0065">
                <measResults>22 19 </measResults>
            </measValue>
            <measValue measObjLdn="sm1USN01/RU_USN:nodeName=link, RU NAME=LINK_SP_RU_0066">
                <measResults>23 21 </measResults>
            </measValue>
            <measValue measObjLdn="sm1USN01/RU_USN:nodeName=link, RU NAME=LINK_SP_RU_0070">
                <measResults>23 19 </measResults>
            </measValue>
            <measValue measObjLdn="sm1USN01/RU_USN:nodeName=link, RU NAME=LINK_SP_RU_0071">
                <measResults>24 19 </measResults>
            </measValue>
            <measValue measObjLdn="sm1USN01/RU_USN:nodeName=link, RU NAME=LINK_SP_RU_0072">
                <measResults>23 19 </measResults>
            </measValue>
            <measValue measObjLdn="sm1USN01/RU_USN:nodeName=link, RU NAME=LINK_SP_RU_0073">
                <measResults>25 20 </measResults>
            </measValue>
            <measValue measObjLdn="sm1USN01/RU_USN:nodeName=link, RU NAME=LINK_SP_RU_0074">
                <measResults>23 20 </measResults>
            </measValue>
            <measValue measObjLdn="sm1USN01/RU_USN:nodeName=link, RU NAME=LINK_SP_RU_0075">
                <measResults>23 19 </measResults>
            </measValue>
        </measInfo>
        <measInfo measInfoId="1912209438">
            <granPeriod duration="PT3600S" endTime="2021-08-12T00:00:00+08:00"/>
            <repPeriod duration="PT3600S"/>
            <measTypes>1912209810 1912209811 </measTypes>
            <measValue measObjLdn="sm1USN01/ScaleGroup_USN:nodeName=link, ScaleRroupName=SG1_LINK">
                <measResults>21 20 </measResults>
            </measValue>
        </measInfo>
    </measData>
    <fileFooter>
        <measCollec endTime="2021-08-12T00:00:00+08:00"/>
    </fileFooter>
</measCollecFile>
