<?xml version="1.0" encoding="UTF-8"?>
<measCollecFile xmlns="http://latest/nmc-omc/cmNrm.doc#measCollec" xmlns:xsi="http://www.w3.org/2001/XMLSchema-instance" xsi:schemaLocation="http://latest/nmc-omc/cmNrm.doc#measCollec schema\pmResultSchedule.xsd">
    <fileHeader fileFormatVersion="32.435 V7.2" vendorName="Huawei">
        <fileSender elementType="NodeB"/>
        <measCollec beginTime="2021-08-19T11:00:00+08:00"/>
    </fileHeader>
    <measData>
        <managedElement userLabel="PSYG3777HUNB001"/>
        <measInfo measInfoId="50331655">
            <granPeriod duration="PT3600S" endTime="2021-08-19T12:00:00+08:00"/>
            <repPeriod duration="PT3600S"/>
            <measTypes>50332573 50332574 50342574 50342575 50342635 50342636 </measTypes>
            <measValue measObjLdn="PSYG3777HUNB001/ULGROUP:UL BB Resource Group No.=0">
                <measResults>3072 0.788 0 4.5 0 0 </measResults>
            </measValue>
        </measInfo>
        <measInfo measInfoId="50331656">
            <granPeriod duration="PT3600S" endTime="2021-08-19T12:00:00+08:00"/>
            <repPeriod duration="PT3600S"/>
            <measTypes>50332582 50332583 50332584 50332586 50342584 50342585 50342586 50342587 50342606 50342607 50342608 50342609 50342632 50342633 </measTypes>
            <measValue measObjLdn="PSYG3777HUNB001/BRD:Board Type=UBBP, Cabinet No.=1, Subrack No.=0, Slot No.=0">
                <measResults>1024 1024 0 0.229 0 0 0 2.5 0 0 0 0 0 0 </measResults>
            </measValue>
            <measValue measObjLdn="PSYG3777HUNB001/BRD:Board Type=UBBP, Cabinet No.=1, Subrack No.=0, Slot No.=2">
                <measResults>1024 1024 27.408 0.546 27 29 0 4.5 0 1 0 1 0 0 </measResults>
            </measValue>
            <measValue measObjLdn="PSYG3777HUNB001/BRD:Board Type=UBBP, Cabinet No.=1, Subrack No.=0, Slot No.=3">
                <measResults>1024 1024 0 0.013 0 0 0 1 0 0 0 0 0 0 </measResults>
            </measValue>
            <measValue measObjLdn="PSYG3777HUNB001/BRD:Board Type=UMPT, Cabinet No.=1, Subrack No.=0, Slot No.=7">
                <measResults>0 0 0 0 0 0 0 0 0 0 0 0 0 0 </measResults>
            </measValue>
        </measInfo>
        <measInfo measInfoId="50331683">
            <granPeriod duration="PT3600S" endTime="2021-08-19T12:00:00+08:00"/>
            <repPeriod duration="PT3600S"/>
            <measTypes>50332627 </measTypes>
            <measValue measObjLdn="PSYG3777HUNB001/NODEBRRU:Cabinet No.=0, Subrack No.=5, Slot No.=0">
                <measResults>0 </measResults>
            </measValue>
            <measValue measObjLdn="PSYG3777HUNB001/NODEBRRU:Cabinet No.=0, Subrack No.=5, Slot No.=1">
                <measResults>0 </measResults>
            </measValue>
            <measValue measObjLdn="PSYG3777HUNB001/NODEBRRU:Cabinet No.=0, Subrack No.=5, Slot No.=2">
                <measResults>0 </measResults>
            </measValue>
            <measValue measObjLdn="PSYG3777HUNB001/NODEBRRU:Cabinet No.=0, Subrack No.=5, Slot No.=3">
                <measResults>0 </measResults>
            </measValue>
            <measValue measObjLdn="PSYG3777HUNB001/NODEBRRU:Cabinet No.=0, Subrack No.=5, Slot No.=4">
                <measResults>0 </measResults>
            </measValue>
            <measValue measObjLdn="PSYG3777HUNB001/NODEBRRU:Cabinet No.=0, Subrack No.=5, Slot No.=5">
                <measResults>0 </measResults>
            </measValue>
            <measValue measObjLdn="PSYG3777HUNB001/NODEBRRU:Cabinet No.=1, Subrack No.=5, Slot No.=0">
                <measResults>0 </measResults>
            </measValue>
            <measValue measObjLdn="PSYG3777HUNB001/NODEBRRU:Cabinet No.=1, Subrack No.=5, Slot No.=1">
                <measResults>0 </measResults>
            </measValue>
            <measValue measObjLdn="PSYG3777HUNB001/NODEBRRU:Cabinet No.=1, Subrack No.=5, Slot No.=2">
                <measResults>0 </measResults>
            </measValue>
        </measInfo>
        <measInfo measInfoId="1542455297">
            <granPeriod duration="PT3600S" endTime="2021-08-19T12:00:00+08:00"/>
            <repPeriod duration="PT3600S"/>
            <measTypes>1542455297 1542455298 1542455299 1542455300 1542455301 1542455302 1542455303 1542455304 1542455305 1542455306 1542455307 1542460296 1542460297 </measTypes>
            <measValue measObjLdn="PSYG3777HUNB001/ETHPORT:Cabinet No.=1, Subrack No.=0, Slot No.=7, Port No.=0, Subboard Type=BASE_BOARD">
                <measResults>40721251 406752 142080812 1793519 0 477736 75960 90492 1589776 145144 315738 1000000 1000000 </measResults>
            </measValue>
            <measValue measObjLdn="PSYG3777HUNB001/ETHPORT:Cabinet No.=1, Subrack No.=0, Slot No.=7, Port No.=1, Subboard Type=BASE_BOARD">
                <measResults>0 0 0 0 0 0 0 0 0 0 0 0 0 </measResults>
            </measValue>
        </measInfo>
        <measInfo measInfoId="1542455301">
            <granPeriod duration="PT3600S" endTime="2021-08-19T12:00:00+08:00"/>
            <repPeriod duration="PT3600S"/>
            <measTypes>1542455326 1542455327 1542455328 1542455329 1542455330 1542455331 1542455332 1542455333 1542460727 1542460728 1542460729 </measTypes>
            <measValue measObjLdn="PSYG3777HUNB001/IP:Board Type=UMPT, Cabinet No.=1, Subrack No.=0, Slot No.=7">
                <measResults>406626 31131950 0 0 1791483 100281215 0 0 0 0 0 </measResults>
            </measValue>
        </measInfo>
        <measInfo measInfoId="1542455303">
            <granPeriod duration="PT3600S" endTime="2021-08-19T12:00:00+08:00"/>
            <repPeriod duration="PT3600S"/>
            <measTypes>1542455365 1542455367 1542455369 1542455371 1542455375 1542455376 1542455377 1542455378 </measTypes>
            <measValue measObjLdn="PSYG3777HUNB001/RSCGRP:Transmission Resource Group Bear Type=IP, Cabinet No.=1, Bearing Port No.=0, Bearing Port Type=ETH, Transmission Resource Group ID=AUTOPORT, Subboard Type=BASE_BOARD, Slot No.=7, Subrack No.=0">
                <measResults>38466100 406651 0 0 465640 69816 85504 0 </measResults>
            </measValue>
            <measValue measObjLdn="PSYG3777HUNB001/RSCGRP:Transmission Resource Group Bear Type=IP, Cabinet No.=1, Bearing Port No.=1, Bearing Port Type=ETH, Transmission Resource Group ID=AUTOPORT, Subboard Type=BASE_BOARD, Slot No.=7, Subrack No.=0">
                <measResults>0 0 0 0 0 0 0 0 </measResults>
            </measValue>
            <measValue measObjLdn="PSYG3777HUNB001/RSCGRP:Transmission Resource Group Bear Type=IP, Cabinet No.=1, Bearing Port No.=0, Bearing Port Type=TUNNEL, Transmission Resource Group ID=AUTOPORT, Subboard Type=BACK_BOARD, Slot No.=7, Subrack No.=0">
                <measResults>0 0 0 0 0 0 0 0 </measResults>
            </measValue>
        </measInfo>
        <measInfo measInfoId="1542455312">
            <granPeriod duration="PT3600S" endTime="2021-08-19T12:00:00+08:00"/>
            <repPeriod duration="PT3600S"/>
            <measTypes>1542460308 1542460309 1542460310 1542460311 1542460312 1542460313 1542460314 1542460315 1542460316 1542460317 1542460318 1542460319 1542460320 1542460321 1542460322 1542460323 1542460324 1542460325 1542460326 1542460327 1542460328 1542460329 1542460330 1542460331 1542460332 </measTypes>
            <measValue measObjLdn="PSYG3777HUNB001/RSCGRP:Transmission Resource Group Bear Type=IP, Cabinet No.=1, Bearing Port No.=0, Bearing Port Type=ETH, Transmission Resource Group ID=AUTOPORT, Subboard Type=BASE_BOARD, Slot No.=7, Subrack No.=0">
                <measResults>5990 5990 5990 0 0 0 0 0 0 0 0 0 0 5618 0 50 0 0 0 0 0 0 0 0 0 </measResults>
            </measValue>
            <measValue measObjLdn="PSYG3777HUNB001/RSCGRP:Transmission Resource Group Bear Type=IP, Cabinet No.=1, Bearing Port No.=1, Bearing Port Type=ETH, Transmission Resource Group ID=AUTOPORT, Subboard Type=BASE_BOARD, Slot No.=7, Subrack No.=0">
                <measResults>0 0 0 0 0 0 0 0 0 0 0 0 0 0 0 0 0 0 0 0 0 0 0 0 0 </measResults>
            </measValue>
            <measValue measObjLdn="PSYG3777HUNB001/RSCGRP:Transmission Resource Group Bear Type=IP, Cabinet No.=1, Bearing Port No.=0, Bearing Port Type=TUNNEL, Transmission Resource Group ID=AUTOPORT, Subboard Type=BACK_BOARD, Slot No.=7, Subrack No.=0">
                <measResults>0 0 0 0 0 0 0 0 0 0 0 0 0 0 0 0 0 0 0 0 0 0 0 0 0 </measResults>
            </measValue>
        </measInfo>
        <measInfo measInfoId="1542455309">
            <granPeriod duration="PT3600S" endTime="2021-08-19T12:00:00+08:00"/>
            <repPeriod duration="PT3600S"/>
            <measTypes>1542455826 1542455827 1542455828 1542455829 1542455833 1542455834 1542455835 1542455836 1542455837 1542455838 1542455839 1542455840 1542455841 1542455842 1542455843 1542455844 1542455845 1542455846 1542455847 1542455848 </measTypes>
            <measValue measObjLdn="PSYG3777HUNB001/OMCH:Standby Status=MASTER, Bearer Type=IPV4">
                <measResults>667 169 0 0 0 0 0 0 0 510 0 0 638 0 0 0 0 585 0 53 </measResults>
            </measValue>
        </measInfo>
        <measInfo measInfoId="1542455310">
            <granPeriod duration="PT3600S" endTime="2021-08-19T12:00:00+08:00"/>
            <repPeriod duration="PT3600S"/>
            <measTypes>1542455856 1542455857 1542455858 1542455859 1542455860 1542455861 1542455862 1542455863 1542455864 1542455865 </measTypes>
            <measValue measObjLdn="PSYG3777HUNB001/TUNNEL:Source Cabinet No.=1, Source Slot No.=7, Source Subrack No.=0, Tunnel No.=0">
                <measResults>0 0 0 0 0 0 0 0 0 0 </measResults>
            </measValue>
        </measInfo>
        <measInfo measInfoId="1542455815">
            <granPeriod duration="PT3600S" endTime="2021-08-19T12:00:00+08:00"/>
            <repPeriod duration="PT3600S"/>
            <measTypes>1542460340 1542460341 1542460342 1542460343 1542460496 1542460497 1542460498 1542460499 1542460500 1542460501 1542460502 1542460503 1542460504 1542460505 1542460506 1542460507 1542460510 </measTypes>
            <measValue measObjLdn="PSYG3777HUNB001/IKE:Board Type=UMPT, Cabinet No.=1, Subrack No.=0, Slot No.=7">
                <measResults>0 0 0 0 0 0 0 0 0 0 0 0 0 0 0 0 0 </measResults>
            </measValue>
        </measInfo>
        <measInfo measInfoId="1542455817">
            <granPeriod duration="PT3600S" endTime="2021-08-19T12:00:00+08:00"/>
            <repPeriod duration="PT3600S"/>
            <measTypes>1542460356 1542460357 1542460358 1542460359 1542460360 1542460361 1542460362 1542460363 1542460364 1542460365 1542460366 1542460367 1542460368 1542460369 1542460370 1542460371 1542460372 1542460373 1542460374 1542460375 1542460376 </measTypes>
            <measValue measObjLdn="PSYG3777HUNB001/SCTPLNK:Link No.=31">
                <measResults>42862 7051101 53764 99934 0 5248 0 95 18568 14120 15674 136 97308 951 0 0 0 0 0 98259 136 </measResults>
            </measValue>
            <measValue measObjLdn="PSYG3777HUNB001/SCTPLNK:Link No.=32">
                <measResults>92179 107629 5415 5962 0 5664 0 204 4952 0 239 1622 2977 21 0 0 0 0 0 2998 1622 </measResults>
            </measValue>
        </measInfo>
        <measInfo measInfoId="1542455818">
            <granPeriod duration="PT3600S" endTime="2021-08-19T12:00:00+08:00"/>
            <repPeriod duration="PT3600S"/>
            <measTypes>1542455526 1542455527 1542455528 1542455529 1542455530 1542455531 1542455532 1542455533 1542455534 1542455535 </measTypes>
            <measValue measObjLdn="PSYG3777HUNB001/USERPLANEHOST:User Plane Host ID=3">
                <measResults>82624 1514254 3344649 82103947 311848 7433 1423704 182505 NIL NIL </measResults>
            </measValue>
        </measInfo>
        <measInfo measInfoId="1593835529">
            <granPeriod duration="PT3600S" endTime="2021-08-19T12:00:00+08:00"/>
            <repPeriod duration="PT3600S"/>
            <measTypes>1593835620 1593835628 1593835629 </measTypes>
            <measValue measObjLdn="PSYG3777HUNB001/NODE:NODE">
                <measResults>NIL 0.731 0 </measResults>
            </measValue>
        </measInfo>
        <measInfo measInfoId="1593835533">
            <granPeriod duration="PT3600S" endTime="2021-08-19T12:00:00+08:00"/>
            <repPeriod duration="PT3600S"/>
            <measTypes>1593835647 1593835648 1593835649 </measTypes>
            <measValue measObjLdn="PSYG3777HUNB001/NODE:NODE">
                <measResults>32962 32956 32966 </measResults>
            </measValue>
        </measInfo>
        <measInfo measInfoId="1593835531">
            <granPeriod duration="PT3600S" endTime="2021-08-19T12:00:00+08:00"/>
            <repPeriod duration="PT3600S"/>
            <measTypes>1593835630 1593835632 1593835633 1593835634 </measTypes>
            <measValue measObjLdn="PSYG3777HUNB001/BBUBoard:Board Type=UBBP, Cabinet No.=1, Subrack No.=0, Slot No.=0">
                <measResults>0 2 2 0 </measResults>
            </measValue>
            <measValue measObjLdn="PSYG3777HUNB001/BBUBoard:Board Type=UBBP, Cabinet No.=1, Subrack No.=0, Slot No.=2">
                <measResults>0 3 2 0 </measResults>
            </measValue>
            <measValue measObjLdn="PSYG3777HUNB001/BBUBoard:Board Type=UBBP, Cabinet No.=1, Subrack No.=0, Slot No.=3">
                <measResults>0 3 2 0 </measResults>
            </measValue>
            <measValue measObjLdn="PSYG3777HUNB001/BBUBoard:Board Type=UMPT, Cabinet No.=1, Subrack No.=0, Slot No.=7">
                <measResults>0 2 1 0 </measResults>
            </measValue>
        </measInfo>
        <measInfo measInfoId="1593835535">
            <granPeriod duration="PT3600S" endTime="2021-08-19T12:00:00+08:00"/>
            <repPeriod duration="PT3600S"/>
            <measTypes>1593835652 1593835653 1593835654 1593835655 1593835656 1593835657 1593835658 1593835659 1593835660 1593835661 1593835662 1593835663 1593835664 1593835665 1593835666 1593835667 1593835668 1593835669 1593835670 1593835671 </measTypes>
            <measValue measObjLdn="PSYG3777HUNB001/RADIOEQM:Cabinet No.=0, Subrack No.=5, Slot No.=0">
                <measResults>NIL NIL NIL NIL NIL NIL NIL NIL NIL NIL 0 0 0 0 0 0 0 0 0 0 </measResults>
            </measValue>
            <measValue measObjLdn="PSYG3777HUNB001/RADIOEQM:Cabinet No.=0, Subrack No.=5, Slot No.=1">
                <measResults>NIL NIL NIL NIL NIL NIL NIL NIL NIL NIL 0 0 0 0 0 0 0 0 0 0 </measResults>
            </measValue>
            <measValue measObjLdn="PSYG3777HUNB001/RADIOEQM:Cabinet No.=0, Subrack No.=5, Slot No.=2">
                <measResults>NIL NIL NIL NIL NIL NIL NIL NIL NIL NIL 0 0 0 0 0 0 0 0 0 0 </measResults>
            </measValue>
            <measValue measObjLdn="PSYG3777HUNB001/RADIOEQM:Cabinet No.=0, Subrack No.=5, Slot No.=3">
                <measResults>NIL NIL NIL NIL NIL NIL NIL NIL NIL NIL 0 0 0 25 0 0 0 0 0 0 </measResults>
            </measValue>
            <measValue measObjLdn="PSYG3777HUNB001/RADIOEQM:Cabinet No.=0, Subrack No.=5, Slot No.=4">
                <measResults>NIL NIL NIL NIL NIL NIL NIL NIL NIL NIL 0 0 0 0 0 0 0 0 0 0 </measResults>
            </measValue>
            <measValue measObjLdn="PSYG3777HUNB001/RADIOEQM:Cabinet No.=0, Subrack No.=5, Slot No.=5">
                <measResults>NIL NIL NIL NIL NIL NIL NIL NIL NIL NIL 0 0 0 0 0 0 0 0 0 0 </measResults>
            </measValue>
            <measValue measObjLdn="PSYG3777HUNB001/RADIOEQM:Cabinet No.=1, Subrack No.=5, Slot No.=0">
                <measResults>NIL NIL NIL NIL NIL NIL NIL NIL NIL NIL 0 0 0 0 0 0 0 0 0 0 </measResults>
            </measValue>
            <measValue measObjLdn="PSYG3777HUNB001/RADIOEQM:Cabinet No.=1, Subrack No.=5, Slot No.=1">
                <measResults>NIL NIL NIL NIL NIL NIL NIL NIL NIL NIL 0 0 0 0 0 0 0 0 0 0 </measResults>
            </measValue>
            <measValue measObjLdn="PSYG3777HUNB001/RADIOEQM:Cabinet No.=1, Subrack No.=5, Slot No.=2">
                <measResults>NIL NIL NIL NIL NIL NIL NIL NIL NIL NIL 0 0 0 0 0 0 0 0 0 0 </measResults>
            </measValue>
        </measInfo>
        <measInfo measInfoId="1593835539">
            <granPeriod duration="PT3600S" endTime="2021-08-19T12:00:00+08:00"/>
            <repPeriod duration="PT3600S"/>
            <measTypes>1593835767 </measTypes>
            <measValue measObjLdn="PSYG3777HUNB001/RADIOEQM:Cabinet No.=0, Subrack No.=5, Slot No.=0">
                <measResults>3600 </measResults>
            </measValue>
            <measValue measObjLdn="PSYG3777HUNB001/RADIOEQM:Cabinet No.=0, Subrack No.=5, Slot No.=1">
                <measResults>3600 </measResults>
            </measValue>
            <measValue measObjLdn="PSYG3777HUNB001/RADIOEQM:Cabinet No.=0, Subrack No.=5, Slot No.=2">
                <measResults>3600 </measResults>
            </measValue>
            <measValue measObjLdn="PSYG3777HUNB001/RADIOEQM:Cabinet No.=0, Subrack No.=5, Slot No.=3">
                <measResults>3600 </measResults>
            </measValue>
            <measValue measObjLdn="PSYG3777HUNB001/RADIOEQM:Cabinet No.=0, Subrack No.=5, Slot No.=4">
                <measResults>3600 </measResults>
            </measValue>
            <measValue measObjLdn="PSYG3777HUNB001/RADIOEQM:Cabinet No.=0, Subrack No.=5, Slot No.=5">
                <measResults>3600 </measResults>
            </measValue>
            <measValue measObjLdn="PSYG3777HUNB001/RADIOEQM:Cabinet No.=1, Subrack No.=5, Slot No.=0">
                <measResults>3600 </measResults>
            </measValue>
            <measValue measObjLdn="PSYG3777HUNB001/RADIOEQM:Cabinet No.=1, Subrack No.=5, Slot No.=1">
                <measResults>3600 </measResults>
            </measValue>
            <measValue measObjLdn="PSYG3777HUNB001/RADIOEQM:Cabinet No.=1, Subrack No.=5, Slot No.=2">
                <measResults>3600 </measResults>
            </measValue>
        </measInfo>
        <measInfo measInfoId="1593835544">
            <granPeriod duration="PT3600S" endTime="2021-08-19T12:00:00+08:00"/>
            <repPeriod duration="PT3600S"/>
            <measTypes>1593835835 </measTypes>
            <measValue measObjLdn="PSYG3777HUNB001/BU:Cabinet No.=1, Subrack No.=0">
                <measResults>0.20456001 </measResults>
            </measValue>
        </measInfo>
        <measInfo measInfoId="1593835545">
            <granPeriod duration="PT3600S" endTime="2021-08-19T12:00:00+08:00"/>
            <repPeriod duration="PT3600S"/>
            <measTypes>1593835836 </measTypes>
            <measValue measObjLdn="PSYG3777HUNB001/BTSBoard:Cabinet No.=0, Subrack No.=5, Slot No.=0">
                <measResults>0.11721167 </measResults>
            </measValue>
            <measValue measObjLdn="PSYG3777HUNB001/BTSBoard:Cabinet No.=0, Subrack No.=5, Slot No.=1">
                <measResults>0.11867917 </measResults>
            </measValue>
            <measValue measObjLdn="PSYG3777HUNB001/BTSBoard:Cabinet No.=0, Subrack No.=5, Slot No.=2">
                <measResults>0.11268583 </measResults>
            </measValue>
            <measValue measObjLdn="PSYG3777HUNB001/BTSBoard:Cabinet No.=0, Subrack No.=5, Slot No.=3">
                <measResults>0.11970416 </measResults>
            </measValue>
            <measValue measObjLdn="PSYG3777HUNB001/BTSBoard:Cabinet No.=0, Subrack No.=5, Slot No.=4">
                <measResults>0.11880333 </measResults>
            </measValue>
            <measValue measObjLdn="PSYG3777HUNB001/BTSBoard:Cabinet No.=0, Subrack No.=5, Slot No.=5">
                <measResults>0.11779417 </measResults>
            </measValue>
            <measValue measObjLdn="PSYG3777HUNB001/BTSBoard:Cabinet No.=1, Subrack No.=5, Slot No.=0">
                <measResults>0.11978583 </measResults>
            </measValue>
            <measValue measObjLdn="PSYG3777HUNB001/BTSBoard:Cabinet No.=1, Subrack No.=5, Slot No.=1">
                <measResults>0.11436334 </measResults>
            </measValue>
            <measValue measObjLdn="PSYG3777HUNB001/BTSBoard:Cabinet No.=1, Subrack No.=5, Slot No.=2">
                <measResults>0.11429666 </measResults>
            </measValue>
        </measInfo>
        <measInfo measInfoId="50331648">
            <granPeriod duration="PT3600S" endTime="2021-08-19T12:00:00+08:00"/>
            <repPeriod duration="PT3600S"/>
            <measTypes>50331654 50331655 50331656 50331657 50331658 50331659 50331660 50331661 50331662 50331663 50331664 50331665 50331666 50331667 50331668 50331669 50331670 50331671 50331672 50331673 50331674 50331675 50331676 50331677 50331678 50331679 50331680 50331681 50331682 50331683 50331684 50331685 50331686 50331687 50331688 50331689 50331690 50331691 50331692 50331693 50331694 50331695 50331696 50331697 50331698 50331699 50331709 50331710 50331711 50331712 50331713 50331714 50331717 50331718 50331719 50331720 50331721 50331722 50331723 50331724 50331745 50331746 50331754 50331755 50331756 50331757 50331758 50331759 50331760 50331761 50331762 50331763 50331764 50331765 50331766 50331767 50331768 50331769 50331770 50331771 50331772 50331773 50331774 50331775 50331776 50331777 50331778 50331779 50331780 50331781 50331782 50331783 50331784 50331785 50331786 50331787 50331788 50331789 50331790 50331791 50331792 50331793 50331794 50331795 50331796 50331797 50331798 50331799 50331800 50331801 50331802 50331803 50331804 50331805 50331806 50331807 50331808 50331809 50331810 50331811 50331812 50331813 50331814 50331815 50331816 50331817 50331818 50331819 50331820 50331821 50331838 50331839 50331840 50332168 50332169 50332170 50332173 50332174 50332215 50332216 50332217 50341648 50341649 50341650 50341651 50341652 50341653 50341654 50341655 50341656 50341657 50341658 50341659 50341668 50341669 50341670 50341671 50341672 50341675 50341676 50341677 50341678 50341679 50341680 50341685 50341686 50341687 50341688 50341689 50341690 50341691 50341692 50341693 50341694 50341695 50341696 50341697 50341698 50341699 50341700 50341701 50341702 50341703 50341704 50341705 50341706 50341707 50341708 50341709 50341710 50341711 50341712 50341713 50341714 50341715 50341716 50341717 50341722 50341739 50341740 </measTypes>
            <measValue measObjLdn="PSYG3777HUNB001/ULoCell:NodeB Function Name=PSYG3777HUNB001, Local Cell ID=11301, Cell Name=MARBLU1">
                <measResults>0 0 0 0 0 0 0 0 0 0 0 0 0 0 0 0 0 0 0 0 0 0 0 0 0 0 0 0 0 0 0 0 0 0 0 0 0 0 0 0 0 0 0 0 0 0 0 0 0 0 0 0 0 0 0 0 0 0 0 0 0 0 0 0 0 0 0 0 0 0 0 0 0 0 0 0 0 0 0 0 0 0 0 0 0 0 0 0 0 0 0 0 0 0 0 0 0 0 0 0 0 0 0 0 0 0 0 0 0 0 0 0 0 0 0 0 0 0 0 0 0 0 0 0 0 0 0 0 0 0 0 0 0 0 0 0 0 0 0 0 0 0 0 0 0 0 0 NIL NIL NIL NIL 0 0 0 0 0 NIL NIL 0 0 0 0 0 0 NIL NIL NIL 0 0 14 14 0 0 NIL NIL NIL 0 0 0 0 0 NIL 836 843 829 0 0 0 0 0 0 0 0 0 0 0 0 NIL 0 NIL </measResults>
            </measValue>
            <measValue measObjLdn="PSYG3777HUNB001/ULoCell:NodeB Function Name=PSYG3777HUNB001, Local Cell ID=11302, Cell Name=MARBLU2">
                <measResults>0 0 0 0 0 0 0 0 0 0 0 0 0 0 0 0 0 0 0 0 0 0 0 0 0 0 0 0 0 0 0 0 0 0 0 0 0 0 0 0 0 0 0 0 0 0 0 0 0 0 0 0 0 0 0 0 0 0 0 0 0 0 0 0 0 0 0 0 0 0 0 0 0 0 0 0 0 0 0 0 0 0 0 0 0 0 0 0 0 0 0 0 0 0 0 0 0 0 0 0 0 0 0 0 0 0 0 0 0 0 0 0 0 0 0 0 0 0 0 0 0 0 0 0 0 0 0 0 0 0 0 0 0 0 0 0 0 0 0 0 0 0 0 0 0 0 0 NIL NIL NIL NIL 0 0 0 0 0 NIL NIL 0 0 0 0 0 0 NIL NIL NIL 0 0 14 14 0 0 NIL NIL NIL 0 0 0 0 0 NIL 836 843 828 0 0 0 0 0 0 0 0 0 0 0 0 NIL 0 NIL </measResults>
            </measValue>
            <measValue measObjLdn="PSYG3777HUNB001/ULoCell:NodeB Function Name=PSYG3777HUNB001, Local Cell ID=11303, Cell Name=MARBLU3">
                <measResults>9 0 0 9 0 0 0 0 0 0 0 0 0 0 0 0 0 0 0 0 0 0 0 1 2 5 5 3 12 18 42 46 78 113 90 85 46 31 15 0 0 0 0 0 0 0 0 0 0 0 0 0 0 0 0 0 0 1 8 9 19 6844 0 0 0 0 0 0 0 0 8 0 0 0 0 1 0 0 0 0 0 0 0 0 0 0 0 0 0 0 0 0 0 0 0 0 0 0 0 0 0 0 0 0 0 0 0 0 0 0 0 0 0 0 0 0 0 0 0 0 0 0 0 0 0 0 0 0 0 0 6844 19 10 0 0 0 0 0 0 0 0 0 1 0 0 0 0 0 118 0 67 1 0 1 1050 0 1000 NIL 0 0 0 0 0 0 0 0 0 0 0.006 14 14 0 0 0 0 0 0 0 0 0 0 NIL 836 843 818 0 0 0 0 0 0 0 0 0 0 0 0 NIL 0 0 </measResults>
            </measValue>
            <measValue measObjLdn="PSYG3777HUNB001/ULoCell:NodeB Function Name=PSYG3777HUNB001, Local Cell ID=11304, Cell Name=MARBLUA">
                <measResults>0 0 0 0 0 0 0 0 0 0 0 0 0 0 0 0 0 0 0 0 0 0 0 0 0 0 0 0 0 0 0 0 0 0 0 0 0 0 0 0 0 0 0 0 0 0 0 0 0 0 0 0 0 0 0 0 0 0 0 0 0 0 0 0 0 0 0 0 0 0 0 0 0 0 0 0 0 0 0 0 0 0 0 0 0 0 0 0 0 0 0 0 0 0 0 0 0 0 0 0 0 0 0 0 0 0 0 0 0 0 0 0 0 0 0 0 0 0 0 0 0 0 0 0 0 0 0 0 0 0 0 0 0 0 0 0 0 0 0 0 0 0 0 0 0 0 0 NIL NIL NIL NIL 0 0 0 0 0 NIL NIL 0 0 0 0 0 0 NIL NIL NIL 0 0 14 14 0 0 NIL NIL NIL 0 0 0 0 0 NIL 836 843 825 0 0 0 0 0 0 0 0 0 0 0 0 NIL 0 NIL </measResults>
            </measValue>
            <measValue measObjLdn="PSYG3777HUNB001/ULoCell:NodeB Function Name=PSYG3777HUNB001, Local Cell ID=11305, Cell Name=MARBLUB">
                <measResults>575 79 248 431 109 20 7 8 0 0 0 0 0 0 25 6 3 2 6 4 9 16 15 22 18 41 78 181 371 564 444 340 174 77 55 35 13 11 8 4 0 4 0 0 0 0 0 889 0 0 0 0 0 0 0 0 0 0 902 902 1020 1139784 0 82 11 2 5 5 3 307 17 80 24 42 52 38 32 75 100 27 0 0 0 0 0 0 0 0 0 0 0 0 0 0 0 0 0 0 0 0 0 0 0 0 0 0 0 0 0 0 0 0 0 0 0 0 0 0 0 0 0 0 0 0 0 0 0 0 0 0 1139792 1020 136 0 0 0 0 0 0 0 0 0 43 0 0 92 0 13 217 18 290 9 0 310 191672 0 34444 NIL 0 5 0 0 93 0 0 0 0 0.002 1.282 14 14 0 0 0 0 0 0 0 0 0 0 NIL 835 843 761 0 0 0 0 0 0 0 0 0 0 0 0 14080 0 0 </measResults>
            </measValue>
            <measValue measObjLdn="PSYG3777HUNB001/ULoCell:NodeB Function Name=PSYG3777HUNB001, Local Cell ID=11306, Cell Name=MARBLUC">
                <measResults>0 0 0 0 0 0 0 0 0 0 0 0 0 0 0 0 0 0 0 0 0 0 0 0 0 0 0 0 0 0 0 0 0 0 0 0 0 0 0 0 0 0 0 0 0 0 0 0 0 0 0 0 0 0 0 0 0 0 0 0 0 0 0 0 0 0 0 0 0 0 0 0 0 0 0 0 0 0 0 0 0 0 0 0 0 0 0 0 0 0 0 0 0 0 0 0 0 0 0 0 0 0 0 0 0 0 0 0 0 0 0 0 0 0 0 0 0 0 0 0 0 0 0 0 0 0 0 0 0 0 0 0 0 0 0 0 0 0 0 0 0 0 0 0 0 0 0 NIL NIL NIL NIL 0 0 0 0 0 NIL NIL 0 0 0 0 0 0 NIL NIL NIL 0 0 14 14 0 0 NIL NIL NIL 0 0 0 0 0 NIL 837 843 829 0 0 0 0 0 0 0 0 0 0 0 0 NIL 0 NIL </measResults>
            </measValue>
            <measValue measObjLdn="PSYG3777HUNB001/ULoCell:NodeB Function Name=PSYG3777HUNB001, Local Cell ID=11307, Cell Name=MARBLUJ">
                <measResults>0 0 0 0 0 0 0 0 0 0 0 0 0 0 0 0 0 0 0 0 0 0 0 0 0 0 0 0 0 0 0 0 0 0 0 0 0 0 0 0 0 0 0 0 0 0 0 0 0 0 0 0 0 0 0 0 0 0 0 0 0 0 0 0 0 0 0 0 0 0 0 0 0 0 0 0 0 0 0 0 0 0 0 0 0 0 0 0 0 0 0 0 0 0 0 0 0 0 0 0 0 0 0 0 0 0 0 0 0 0 0 0 0 0 0 0 0 0 0 0 0 0 0 0 0 0 0 0 0 0 0 0 0 0 0 0 0 0 0 0 0 0 0 0 0 0 0 NIL NIL NIL NIL 0 0 0 0 0 NIL NIL 0 0 0 0 0 0 NIL NIL NIL 0 0 14 14 0 0 NIL NIL NIL 0 0 0 0 0 NIL 836 843 828 0 0 0 0 0 0 0 0 0 0 0 0 NIL 0 NIL </measResults>
            </measValue>
            <measValue measObjLdn="PSYG3777HUNB001/ULoCell:NodeB Function Name=PSYG3777HUNB001, Local Cell ID=11308, Cell Name=MARBLUK">
                <measResults>2062 74 1238 1788 208 35 12 19 0 0 0 0 0 0 212 5 2 0 0 1 3 6 11 23 51 57 86 171 292 414 653 935 2702 3611 5820 1274 818 275 136 97 260 21 49 7 4 0 0 2941 0 0 0 0 0 0 0 0 0 589 2785 3374 3543 4424018 0 741 232 5 2 179 3 328 173 67 58 183 253 363 122 100 73 43 47 143 142 83 14 10 7 3 0 0 0 0 0 0 0 0 0 0 0 0 0 0 0 0 0 0 0 0 0 0 0 0 0 0 0 0 0 0 0 0 0 0 0 0 0 0 0 0 0 0 4420226 3543 478 0 0 0 0 0 0 0 0 0 39 0 0 111 0 6 134 6 145 73 1 1206 321326 0 16521 1206000 0 5 0 0 91 0 0 7 0 0.007 1.553 14 14 0 0 0 0 0 0 0 0 0 0 NIL 835 842 822 0 0 0 0 0 0 0 0 0 0 0 0 18087 0 0 </measResults>
            </measValue>
            <measValue measObjLdn="PSYG3777HUNB001/ULoCell:NodeB Function Name=PSYG3777HUNB001, Local Cell ID=11309, Cell Name=MARBLUL">
                <measResults>0 0 0 0 0 0 0 0 0 0 0 0 0 0 0 0 0 0 0 0 0 0 0 0 0 0 0 0 0 0 0 0 0 0 0 0 0 0 0 0 0 0 0 0 0 0 0 0 0 0 0 0 0 0 0 0 0 0 0 0 0 0 0 0 0 0 0 0 0 0 0 0 0 0 0 0 0 0 0 0 0 0 0 0 0 0 0 0 0 0 0 0 0 0 0 0 0 0 0 0 0 0 0 0 0 0 0 0 0 0 0 0 0 0 0 0 0 0 0 0 0 0 0 0 0 0 0 0 0 0 0 0 0 0 0 0 0 0 0 0 0 0 0 0 0 0 0 NIL NIL NIL NIL 0 0 0 0 0 NIL NIL 0 0 0 0 0 0 NIL NIL NIL 0 0 14 14 0 0 NIL NIL NIL 0 0 0 0 0 NIL 836 843 829 0 0 0 0 0 0 0 0 0 0 0 0 NIL 0 NIL </measResults>
            </measValue>
        </measInfo>
        <measInfo measInfoId="50331650">
            <granPeriod duration="PT3600S" endTime="2021-08-19T12:00:00+08:00"/>
            <repPeriod duration="PT3600S"/>
            <measTypes>50332548 50332549 50332550 50332554 50342548 50342549 50342550 50342554 50342612 50342613 50342615 50342616 </measTypes>
            <measValue measObjLdn="PSYG3777HUNB001/ULoCell:NodeB Function Name=PSYG3777HUNB001, Local Cell ID=11301, Cell Name=MARBLU1">
                <measResults>0 0 0 0 0 0 0 0 0 0 0 0 </measResults>
            </measValue>
            <measValue measObjLdn="PSYG3777HUNB001/ULoCell:NodeB Function Name=PSYG3777HUNB001, Local Cell ID=11302, Cell Name=MARBLU2">
                <measResults>0 0 0 0 0 0 0 0 0 0 0 0 </measResults>
            </measValue>
            <measValue measObjLdn="PSYG3777HUNB001/ULoCell:NodeB Function Name=PSYG3777HUNB001, Local Cell ID=11303, Cell Name=MARBLU3">
                <measResults>0 0 0.097 0.075 0 0 2 3 0 0 0 0 </measResults>
            </measValue>
            <measValue measObjLdn="PSYG3777HUNB001/ULoCell:NodeB Function Name=PSYG3777HUNB001, Local Cell ID=11304, Cell Name=MARBLUA">
                <measResults>0 0 0.022 0.025 0 0 1 1 0 0 0 0 </measResults>
            </measValue>
            <measValue measObjLdn="PSYG3777HUNB001/ULoCell:NodeB Function Name=PSYG3777HUNB001, Local Cell ID=11305, Cell Name=MARBLUB">
                <measResults>0 0 0.436 0.2 0 0 6 2 0 0 0 0 </measResults>
            </measValue>
            <measValue measObjLdn="PSYG3777HUNB001/ULoCell:NodeB Function Name=PSYG3777HUNB001, Local Cell ID=11306, Cell Name=MARBLUC">
                <measResults>0 0 0 0 0 0 0 0 0 0 0 0 </measResults>
            </measValue>
            <measValue measObjLdn="PSYG3777HUNB001/ULoCell:NodeB Function Name=PSYG3777HUNB001, Local Cell ID=11307, Cell Name=MARBLUJ">
                <measResults>0 0 0.001 0 0 0 0.5 0 0 0 0 0 </measResults>
            </measValue>
            <measValue measObjLdn="PSYG3777HUNB001/ULoCell:NodeB Function Name=PSYG3777HUNB001, Local Cell ID=11308, Cell Name=MARBLUK">
                <measResults>0 0 0.312 0.161 0 0 4.5 2 0 0 0 0 </measResults>
            </measValue>
            <measValue measObjLdn="PSYG3777HUNB001/ULoCell:NodeB Function Name=PSYG3777HUNB001, Local Cell ID=11309, Cell Name=MARBLUL">
                <measResults>0 0 0 0 0 0 0 0 0 0 0 0 </measResults>
            </measValue>
        </measInfo>
        <measInfo measInfoId="50331651">
            <granPeriod duration="PT3600S" endTime="2021-08-19T12:00:00+08:00"/>
            <repPeriod duration="PT3600S"/>
            <measTypes>50331850 50331851 50331852 50331853 50331854 50331855 50331856 50331857 50331858 50331859 50331860 50331861 50331862 50331863 50331864 50331865 50331866 50331867 50331868 50331869 50331870 50331871 50331872 50331873 50331874 50331875 50331876 50331877 50331878 50331879 50331885 50331886 50331887 50331888 50331889 50331892 50331903 50331904 50331908 50331925 50331926 50331927 50331928 50331929 50331930 50331931 50331957 50331958 50331959 50331961 50331962 50331963 50331964 50331965 50331966 50331967 50331971 50331972 50331973 50331974 50331987 50331988 50331989 50331990 50331991 50331992 50331993 50331995 50332378 50332379 50332380 50332385 50332386 50332387 50332498 50332499 50332500 50332501 50332503 50332507 50332623 50332638 50341849 50341850 50341851 50341852 50341853 50341854 50341855 50341856 50341857 50341858 50341859 50341864 50341865 50341866 50341868 50341869 50341870 50341871 50341872 50341873 50341874 50341875 50341876 50341877 50341878 50341879 50341880 50341881 50341882 50341883 50341884 50341885 50341886 50341887 50341888 50341889 50341890 50341891 50341892 50341893 50341894 50341895 50341896 50341897 50341898 50341980 50341981 50341982 50341983 50341984 50341985 50341986 50341994 50361698 50361699 50361701 </measTypes>
            <measValue measObjLdn="PSYG3777HUNB001/ULoCell:NodeB Function Name=PSYG3777HUNB001, Local Cell ID=11301, Cell Name=MARBLU1">
                <measResults>1798492 1 0 1 0 0 1 0 1 1 1 0 1 1 1 1 1 0 1 1 2 2 2 6 6 1516 1537 0 0 0 0 0 0 0 0 0 0 NIL 0 0 0 0 0 0 0 0 0 0 0 0 0 0 0 0 0 0 0 0 0 0 0 0 0 0 0 0 0 0 0 0 0 0 0 0 0 0 NIL NIL 0 0 0 0 NIL 0 0 0 0 NIL NIL NIL NIL 0 NIL NIL 0 0 NIL NIL 0 0 0 0 0 0 0 0 0 0 0 0 0 0 0 0 0 0 0 0 0 0 0 NIL NIL NIL NIL NIL NIL 0 0 0 0 0 0 0 0 0 NIL 0 </measResults>
            </measValue>
            <measValue measObjLdn="PSYG3777HUNB001/ULoCell:NodeB Function Name=PSYG3777HUNB001, Local Cell ID=11302, Cell Name=MARBLU2">
                <measResults>1798493 1 0 1 0 1 0 0 1 1 1 1 0 1 1 1 1 1 0 1 2 1 3 5 6 1516 1535 0 0 0 0 0 0 0 0 0 0 NIL 0 0 0 0 0 0 0 0 0 0 0 0 0 0 0 0 0 0 0 0 0 0 0 0 0 0 0 0 0 0 0 0 0 0 0 0 0 0 NIL NIL 0 0 0 0 NIL 0 0 0 0 NIL NIL NIL NIL 0 NIL NIL 0 0 NIL NIL 0 0 0 0 0 0 0 0 0 0 0 0 0 0 0 0 0 0 0 0 0 0 0 NIL NIL NIL NIL NIL NIL 0 0 0 0 0 0 0 0 0 NIL 0 </measResults>
            </measValue>
            <measValue measObjLdn="PSYG3777HUNB001/ULoCell:NodeB Function Name=PSYG3777HUNB001, Local Cell ID=11303, Cell Name=MARBLU3">
                <measResults>1799693 27 13 19 32 12 19 17 45 40 41 40 21 13 6 3 0 0 0 0 0 0 0 0 0 0 0 47306 178471 58863 17266 20292 115033 49 8 0 0 0 40 0 0 0 0 0 0 0 0 0 0 0 0 0 0 0 0 0 0 0 0 48 0 0 0 0 0 0 0 0 11 33 0 0.014 12 0 0 0 NIL NIL 0 0.004 0 0 265 0.035 1 0 0 0 0 0 0 24 0 0 0 0 NIL NIL 0.057 0 0 0 0 0 0 0 0 0 0 0 0 2363.88 0.04 0 0 0 0.001 0 0 0 0.054 0 0 0 NIL NIL 0 0 0 0 0 0 0 0 0 0 NIL 0 </measResults>
            </measValue>
            <measValue measObjLdn="PSYG3777HUNB001/ULoCell:NodeB Function Name=PSYG3777HUNB001, Local Cell ID=11304, Cell Name=MARBLUA">
                <measResults>1800042 0 0 0 0 0 0 0 0 0 0 0 0 0 0 0 0 0 0 0 0 0 0 0 0 0 0 0 0 0 0 0 0 0 0 0 0 NIL 0 0 0 0 0 0 0 0 0 0 0 0 0 0 0 0 0 0 0 0 0 0 0 0 0 0 0 0 0 0 0 0 0 0 0 0 0 0 NIL NIL 0 0 0 0 NIL 0 0 0 0 NIL NIL NIL NIL 9 NIL NIL 0 0 NIL NIL 0 0 0 0 0 0 0 0 0 0 0 0 0 0 0 0 0 0 0 0 0 0 0 NIL NIL NIL NIL NIL NIL 0 0 0 0 0 0 0 0 0 NIL 0 </measResults>
            </measValue>
            <measValue measObjLdn="PSYG3777HUNB001/ULoCell:NodeB Function Name=PSYG3777HUNB001, Local Cell ID=11305, Cell Name=MARBLUB">
                <measResults>1800039 0 0 0 0 0 0 0 0 0 0 0 0 0 0 0 0 0 0 0 0 0 0 0 0 0 0 64512 361769 48194 6929 18375 291874 587 510 0 89 0 2090 0 0 0 0 0 0 0 0 0 0 0 0 0 0 0 0 0 0 0 0 0 20 30 45 1725 100 0 0 2935 897 0 430 0.004 0 911 0 0 NIL NIL 0 0.004 0 0 175 0.041 1 0 0.018 0 0 0 0 25 0 0 0 0 NIL NIL 0.005 0 0 0 0 0 0 0 0 0 0 0 0 1741.242 0.196 0 0 0 0.001 0 0 0 0.004 0 0 0 NIL NIL 1000 4.176 2.232 8.388 843.684 51.792 0 0 913.926 0 NIL 0 </measResults>
            </measValue>
            <measValue measObjLdn="PSYG3777HUNB001/ULoCell:NodeB Function Name=PSYG3777HUNB001, Local Cell ID=11306, Cell Name=MARBLUC">
                <measResults>1799999 1 1 2 2 0 1 1 2 1 1 2 2 2 2 3 1 1 2 2 7 6 0 0 0 0 19 0 0 0 0 0 0 0 0 0 0 NIL 0 0 0 0 0 0 0 0 0 0 0 0 0 0 0 0 0 0 0 0 0 0 0 0 0 0 0 0 0 0 0 0 0 0 0 0 0 0 NIL NIL 0 0 0 0 NIL 0 0 0 0 NIL NIL NIL NIL 0 NIL NIL 0 0 NIL NIL 0 0 0 0 0 0 0 0 0 0 0 0 0 0 0 0 0 0 0 0 0 0 0 NIL NIL NIL NIL NIL NIL 0 0 0 0 0 0 0 0 0 NIL 0 </measResults>
            </measValue>
            <measValue measObjLdn="PSYG3777HUNB001/ULoCell:NodeB Function Name=PSYG3777HUNB001, Local Cell ID=11307, Cell Name=MARBLUJ">
                <measResults>1800042 0 0 0 0 0 0 0 0 0 0 0 0 0 0 0 0 0 0 0 0 0 0 0 0 0 0 0 0 0 0 0 0 0 0 0 0 NIL 0 0 0 0 0 0 0 0 0 0 0 0 0 0 0 0 0 0 0 0 0 0 0 0 0 0 0 0 0 0 0 0 0 0 0 0 0 0 NIL NIL 0 0 0 0 NIL 0 0 0 0 NIL NIL NIL NIL 5 NIL NIL 0 0 NIL NIL 0 0 0 0 0 0 0 0 0 0 0 0 0 0 0 0 0 0 0 0 0 0 0 NIL NIL NIL NIL NIL NIL 0 0 0 0 0 0 0 0 0 NIL 0 </measResults>
            </measValue>
            <measValue measObjLdn="PSYG3777HUNB001/ULoCell:NodeB Function Name=PSYG3777HUNB001, Local Cell ID=11308, Cell Name=MARBLUK">
                <measResults>1799238 500 197 42 4 4 8 10 37 1 0 0 0 0 0 0 0 0 0 0 0 0 0 0 0 0 0 39025 252597 44932 13709 11710 216488 12944 10081 0 97 0 6337 0 0 0 0 0 0 0 0 0 0 0 0 0 0 0 0 0 108 3556 11 6839 0 0 0 3 1388 625 65 13520 549 3183 336 0.016 472 129 0 0 NIL NIL 0 0.006 0 0 146 0.028 0.976 0.001 0.058 8 0 0 0 10 0 0 2 0 NIL NIL 0.026 0 0 0 0 0 0 0 0 0 0 0 0 877.068 0.121 0 0 0 0 0 0 0 0.022 0 0 3 NIL NIL 421 0 0 0 1.116 414.6 108.492 6.516 611.46 0 NIL 0 </measResults>
            </measValue>
            <measValue measObjLdn="PSYG3777HUNB001/ULoCell:NodeB Function Name=PSYG3777HUNB001, Local Cell ID=11309, Cell Name=MARBLUL">
                <measResults>1802541 0 0 0 0 0 0 0 0 0 0 0 0 0 0 0 0 0 0 0 0 0 0 0 0 0 0 0 0 0 0 0 0 0 0 0 0 NIL 0 0 0 0 0 0 0 0 0 0 0 0 0 0 0 0 0 0 0 0 0 0 0 0 0 0 0 0 0 0 0 0 0 0 0 0 0 0 NIL NIL 0 0 0 0 NIL 0 0 0 0 NIL NIL NIL NIL 0 NIL NIL 0 0 NIL NIL 0 0 0 0 0 0 0 0 0 0 0 0 0 0 0 0 0 0 0 0 0 0 0 NIL NIL NIL NIL NIL NIL 0 0 0 0 0 0 0 0 0 NIL 0 </measResults>
            </measValue>
        </measInfo>
        <measInfo measInfoId="50331653">
            <granPeriod duration="PT3600S" endTime="2021-08-19T12:00:00+08:00"/>
            <repPeriod duration="PT3600S"/>
            <measTypes>50331748 50331749 50331750 50331751 50331752 50331753 50361697 </measTypes>
            <measValue measObjLdn="PSYG3777HUNB001/ULoCell:NodeB Function Name=PSYG3777HUNB001, Local Cell ID=11301, Cell Name=MARBLU1">
                <measResults>0 0 0 0 0 0 NIL </measResults>
            </measValue>
            <measValue measObjLdn="PSYG3777HUNB001/ULoCell:NodeB Function Name=PSYG3777HUNB001, Local Cell ID=11302, Cell Name=MARBLU2">
                <measResults>0 0 0 0 0 0 NIL </measResults>
            </measValue>
            <measValue measObjLdn="PSYG3777HUNB001/ULoCell:NodeB Function Name=PSYG3777HUNB001, Local Cell ID=11303, Cell Name=MARBLU3">
                <measResults>0 0 0 0 0 0 NIL </measResults>
            </measValue>
            <measValue measObjLdn="PSYG3777HUNB001/ULoCell:NodeB Function Name=PSYG3777HUNB001, Local Cell ID=11304, Cell Name=MARBLUA">
                <measResults>0 0 0 0 0 0 NIL </measResults>
            </measValue>
            <measValue measObjLdn="PSYG3777HUNB001/ULoCell:NodeB Function Name=PSYG3777HUNB001, Local Cell ID=11305, Cell Name=MARBLUB">
                <measResults>0 0 0 0 0 0 NIL </measResults>
            </measValue>
            <measValue measObjLdn="PSYG3777HUNB001/ULoCell:NodeB Function Name=PSYG3777HUNB001, Local Cell ID=11306, Cell Name=MARBLUC">
                <measResults>0 0 0 0 0 0 NIL </measResults>
            </measValue>
            <measValue measObjLdn="PSYG3777HUNB001/ULoCell:NodeB Function Name=PSYG3777HUNB001, Local Cell ID=11307, Cell Name=MARBLUJ">
                <measResults>0 0 0 0 0 0 NIL </measResults>
            </measValue>
            <measValue measObjLdn="PSYG3777HUNB001/ULoCell:NodeB Function Name=PSYG3777HUNB001, Local Cell ID=11308, Cell Name=MARBLUK">
                <measResults>0 0 0 0 0 0 NIL </measResults>
            </measValue>
            <measValue measObjLdn="PSYG3777HUNB001/ULoCell:NodeB Function Name=PSYG3777HUNB001, Local Cell ID=11309, Cell Name=MARBLUL">
                <measResults>0 0 0 0 0 0 NIL </measResults>
            </measValue>
        </measInfo>
        <measInfo measInfoId="50331658">
            <granPeriod duration="PT3600S" endTime="2021-08-19T12:00:00+08:00"/>
            <repPeriod duration="PT3600S"/>
            <measTypes>50332250 50332251 50332410 50332411 </measTypes>
            <measValue measObjLdn="PSYG3777HUNB001/ULoCell:NodeB Function Name=PSYG3777HUNB001, Local Cell ID=11301, Cell Name=MARBLU1">
                <measResults>0 0 0 0 </measResults>
            </measValue>
            <measValue measObjLdn="PSYG3777HUNB001/ULoCell:NodeB Function Name=PSYG3777HUNB001, Local Cell ID=11302, Cell Name=MARBLU2">
                <measResults>0 0 0 0 </measResults>
            </measValue>
            <measValue measObjLdn="PSYG3777HUNB001/ULoCell:NodeB Function Name=PSYG3777HUNB001, Local Cell ID=11303, Cell Name=MARBLU3">
                <measResults>0 0 0 0 </measResults>
            </measValue>
            <measValue measObjLdn="PSYG3777HUNB001/ULoCell:NodeB Function Name=PSYG3777HUNB001, Local Cell ID=11304, Cell Name=MARBLUA">
                <measResults>0 0 0 0 </measResults>
            </measValue>
            <measValue measObjLdn="PSYG3777HUNB001/ULoCell:NodeB Function Name=PSYG3777HUNB001, Local Cell ID=11305, Cell Name=MARBLUB">
                <measResults>0 0 0 0 </measResults>
            </measValue>
            <measValue measObjLdn="PSYG3777HUNB001/ULoCell:NodeB Function Name=PSYG3777HUNB001, Local Cell ID=11306, Cell Name=MARBLUC">
                <measResults>0 0 0 0 </measResults>
            </measValue>
            <measValue measObjLdn="PSYG3777HUNB001/ULoCell:NodeB Function Name=PSYG3777HUNB001, Local Cell ID=11307, Cell Name=MARBLUJ">
                <measResults>0 0 0 0 </measResults>
            </measValue>
            <measValue measObjLdn="PSYG3777HUNB001/ULoCell:NodeB Function Name=PSYG3777HUNB001, Local Cell ID=11308, Cell Name=MARBLUK">
                <measResults>0 0 0 0 </measResults>
            </measValue>
            <measValue measObjLdn="PSYG3777HUNB001/ULoCell:NodeB Function Name=PSYG3777HUNB001, Local Cell ID=11309, Cell Name=MARBLUL">
                <measResults>0 0 0 0 </measResults>
            </measValue>
        </measInfo>
        <measInfo measInfoId="50331660">
            <granPeriod duration="PT3600S" endTime="2021-08-19T12:00:00+08:00"/>
            <repPeriod duration="PT3600S"/>
            <measTypes>50361670 50361671 50361672 50361673 </measTypes>
            <measValue measObjLdn="PSYG3777HUNB001/ULoCell:NodeB Function Name=PSYG3777HUNB001, Local Cell ID=11301, Cell Name=MARBLU1">
                <measResults>0 0 0 0 </measResults>
            </measValue>
            <measValue measObjLdn="PSYG3777HUNB001/ULoCell:NodeB Function Name=PSYG3777HUNB001, Local Cell ID=11302, Cell Name=MARBLU2">
                <measResults>0 0 0 0 </measResults>
            </measValue>
            <measValue measObjLdn="PSYG3777HUNB001/ULoCell:NodeB Function Name=PSYG3777HUNB001, Local Cell ID=11303, Cell Name=MARBLU3">
                <measResults>0 0 0 0 </measResults>
            </measValue>
            <measValue measObjLdn="PSYG3777HUNB001/ULoCell:NodeB Function Name=PSYG3777HUNB001, Local Cell ID=11304, Cell Name=MARBLUA">
                <measResults>0 0 0 0 </measResults>
            </measValue>
            <measValue measObjLdn="PSYG3777HUNB001/ULoCell:NodeB Function Name=PSYG3777HUNB001, Local Cell ID=11305, Cell Name=MARBLUB">
                <measResults>0 0 0 0 </measResults>
            </measValue>
            <measValue measObjLdn="PSYG3777HUNB001/ULoCell:NodeB Function Name=PSYG3777HUNB001, Local Cell ID=11306, Cell Name=MARBLUC">
                <measResults>0 0 0 0 </measResults>
            </measValue>
            <measValue measObjLdn="PSYG3777HUNB001/ULoCell:NodeB Function Name=PSYG3777HUNB001, Local Cell ID=11307, Cell Name=MARBLUJ">
                <measResults>0 0 0 0 </measResults>
            </measValue>
            <measValue measObjLdn="PSYG3777HUNB001/ULoCell:NodeB Function Name=PSYG3777HUNB001, Local Cell ID=11308, Cell Name=MARBLUK">
                <measResults>0 0 0 0 </measResults>
            </measValue>
            <measValue measObjLdn="PSYG3777HUNB001/ULoCell:NodeB Function Name=PSYG3777HUNB001, Local Cell ID=11309, Cell Name=MARBLUL">
                <measResults>0 0 0 0 </measResults>
            </measValue>
        </measInfo>
        <measInfo measInfoId="50331661">
            <granPeriod duration="PT3600S" endTime="2021-08-19T12:00:00+08:00"/>
            <repPeriod duration="PT3600S"/>
            <measTypes>50332048 50332049 50332050 50332051 </measTypes>
            <measValue measObjLdn="PSYG3777HUNB001/ULoCell:NodeB Function Name=PSYG3777HUNB001, Local Cell ID=11301, Cell Name=MARBLU1">
                <measResults>937 0 161481 0 </measResults>
            </measValue>
            <measValue measObjLdn="PSYG3777HUNB001/ULoCell:NodeB Function Name=PSYG3777HUNB001, Local Cell ID=11302, Cell Name=MARBLU2">
                <measResults>937 0 161502 0 </measResults>
            </measValue>
            <measValue measObjLdn="PSYG3777HUNB001/ULoCell:NodeB Function Name=PSYG3777HUNB001, Local Cell ID=11303, Cell Name=MARBLU3">
                <measResults>961 0 161509 0 </measResults>
            </measValue>
            <measValue measObjLdn="PSYG3777HUNB001/ULoCell:NodeB Function Name=PSYG3777HUNB001, Local Cell ID=11304, Cell Name=MARBLUA">
                <measResults>940 0 161463 0 </measResults>
            </measValue>
            <measValue measObjLdn="PSYG3777HUNB001/ULoCell:NodeB Function Name=PSYG3777HUNB001, Local Cell ID=11305, Cell Name=MARBLUB">
                <measResults>938 0 161475 0 </measResults>
            </measValue>
            <measValue measObjLdn="PSYG3777HUNB001/ULoCell:NodeB Function Name=PSYG3777HUNB001, Local Cell ID=11306, Cell Name=MARBLUC">
                <measResults>937 0 161505 0 </measResults>
            </measValue>
            <measValue measObjLdn="PSYG3777HUNB001/ULoCell:NodeB Function Name=PSYG3777HUNB001, Local Cell ID=11307, Cell Name=MARBLUJ">
                <measResults>948 0 161515 0 </measResults>
            </measValue>
            <measValue measObjLdn="PSYG3777HUNB001/ULoCell:NodeB Function Name=PSYG3777HUNB001, Local Cell ID=11308, Cell Name=MARBLUK">
                <measResults>1106 0 161498 0 </measResults>
            </measValue>
            <measValue measObjLdn="PSYG3777HUNB001/ULoCell:NodeB Function Name=PSYG3777HUNB001, Local Cell ID=11309, Cell Name=MARBLUL">
                <measResults>937 0 161481 0 </measResults>
            </measValue>
        </measInfo>
        <measInfo measInfoId="50331662">
            <granPeriod duration="PT3600S" endTime="2021-08-19T12:00:00+08:00"/>
            <repPeriod duration="PT3600S"/>
            <measTypes>50332052 50332053 50332054 50332070 50332505 </measTypes>
            <measValue measObjLdn="PSYG3777HUNB001/ULoCell:NodeB Function Name=PSYG3777HUNB001, Local Cell ID=11301, Cell Name=MARBLU1">
                <measResults>0 0 0 0 0 </measResults>
            </measValue>
            <measValue measObjLdn="PSYG3777HUNB001/ULoCell:NodeB Function Name=PSYG3777HUNB001, Local Cell ID=11302, Cell Name=MARBLU2">
                <measResults>0 0 0 0 0 </measResults>
            </measValue>
            <measValue measObjLdn="PSYG3777HUNB001/ULoCell:NodeB Function Name=PSYG3777HUNB001, Local Cell ID=11303, Cell Name=MARBLU3">
                <measResults>0 7 4701 0 0 </measResults>
            </measValue>
            <measValue measObjLdn="PSYG3777HUNB001/ULoCell:NodeB Function Name=PSYG3777HUNB001, Local Cell ID=11304, Cell Name=MARBLUA">
                <measResults>0 1 3557 0 0 </measResults>
            </measValue>
            <measValue measObjLdn="PSYG3777HUNB001/ULoCell:NodeB Function Name=PSYG3777HUNB001, Local Cell ID=11305, Cell Name=MARBLUB">
                <measResults>0 10 1973 0 0 </measResults>
            </measValue>
            <measValue measObjLdn="PSYG3777HUNB001/ULoCell:NodeB Function Name=PSYG3777HUNB001, Local Cell ID=11306, Cell Name=MARBLUC">
                <measResults>0 0 14 0 0 </measResults>
            </measValue>
            <measValue measObjLdn="PSYG3777HUNB001/ULoCell:NodeB Function Name=PSYG3777HUNB001, Local Cell ID=11307, Cell Name=MARBLUJ">
                <measResults>0 1 20 0 0 </measResults>
            </measValue>
            <measValue measObjLdn="PSYG3777HUNB001/ULoCell:NodeB Function Name=PSYG3777HUNB001, Local Cell ID=11308, Cell Name=MARBLUK">
                <measResults>0 20 2957 0 0 </measResults>
            </measValue>
            <measValue measObjLdn="PSYG3777HUNB001/ULoCell:NodeB Function Name=PSYG3777HUNB001, Local Cell ID=11309, Cell Name=MARBLUL">
                <measResults>0 0 0 0 0 </measResults>
            </measValue>
        </measInfo>
        <measInfo measInfoId="50331663">
            <granPeriod duration="PT3600S" endTime="2021-08-19T12:00:00+08:00"/>
            <repPeriod duration="PT3600S"/>
            <measTypes>50331917 50332061 50332064 50332065 50332069 50332071 50332072 50332073 50332074 50332079 50332258 50332388 50332389 50332504 50332626 50332632 50332639 50332640 50332641 50332645 50342048 50342049 50342050 50342051 50361705 50361706 50361725 50361726 50361735 50361740 50361743 50361744 50361747 50361749 50361751 50361753 50361755 50361757 50361759 50361761 50361763 50361765 50361767 50361769 50361771 50361773 50361775 50361777 50361779 50361781 50361783 50361785 50361787 50361789 50361791 50361793 50361795 </measTypes>
            <measValue measObjLdn="PSYG3777HUNB001/ULoCell:NodeB Function Name=PSYG3777HUNB001, Local Cell ID=11301, Cell Name=MARBLU1">
                <measResults>1000 0 23 0 0 0 0 0 0 0 0 0 0 0 0 0 0 0 NIL 0 0 23 0 0 0 0 0 NIL NIL NIL NIL NIL NIL NIL NIL NIL NIL NIL NIL NIL NIL NIL NIL NIL NIL NIL NIL NIL NIL NIL NIL NIL NIL NIL NIL NIL NIL </measResults>
            </measValue>
            <measValue measObjLdn="PSYG3777HUNB001/ULoCell:NodeB Function Name=PSYG3777HUNB001, Local Cell ID=11302, Cell Name=MARBLU2">
                <measResults>1000 0 23 0 0 0 0 0 0 0 0 0 0 0 0 0 0 0 NIL 0 0 23 0 0 0 0 0 NIL NIL NIL NIL NIL NIL NIL NIL NIL NIL NIL NIL NIL NIL NIL NIL NIL NIL NIL NIL NIL NIL NIL NIL NIL NIL NIL NIL NIL NIL </measResults>
            </measValue>
            <measValue measObjLdn="PSYG3777HUNB001/ULoCell:NodeB Function Name=PSYG3777HUNB001, Local Cell ID=11303, Cell Name=MARBLU3">
                <measResults>1000 0 28 0 0 0 0 0 0 0 0.015 0 0.016 0 0 0 0 0 NIL 0 1 23.161 0 0 0 0 0 NIL NIL NIL NIL NIL NIL NIL NIL NIL NIL NIL NIL NIL NIL NIL NIL NIL NIL NIL NIL NIL NIL NIL NIL NIL NIL NIL NIL NIL NIL </measResults>
            </measValue>
            <measValue measObjLdn="PSYG3777HUNB001/ULoCell:NodeB Function Name=PSYG3777HUNB001, Local Cell ID=11304, Cell Name=MARBLUA">
                <measResults>1000 0 25 0 0 0 0 0 0 0 0.021 0 0 0 0 0 0 0 NIL 0 0 23.047 0 0 0 0 0 NIL NIL NIL NIL NIL NIL NIL NIL NIL NIL NIL NIL NIL NIL NIL NIL NIL NIL NIL NIL NIL NIL NIL NIL NIL NIL NIL NIL NIL NIL </measResults>
            </measValue>
            <measValue measObjLdn="PSYG3777HUNB001/ULoCell:NodeB Function Name=PSYG3777HUNB001, Local Cell ID=11305, Cell Name=MARBLUB">
                <measResults>1000 0 248 0 0 0 0 0 0 0 0 0 0.008 0 0 0 0 0 NIL 0 1 23.316 0 0 0 0 0 NIL NIL NIL NIL NIL NIL NIL NIL NIL NIL NIL NIL NIL NIL NIL NIL NIL NIL NIL NIL NIL NIL NIL NIL NIL NIL NIL NIL NIL NIL </measResults>
            </measValue>
            <measValue measObjLdn="PSYG3777HUNB001/ULoCell:NodeB Function Name=PSYG3777HUNB001, Local Cell ID=11306, Cell Name=MARBLUC">
                <measResults>1000 0 24 0 0 0 0 0 0 0 0 0 0 0 0 0 0 0 NIL 0 0 23 0 0 0 0 0 NIL NIL NIL NIL NIL NIL NIL NIL NIL NIL NIL NIL NIL NIL NIL NIL NIL NIL NIL NIL NIL NIL NIL NIL NIL NIL NIL NIL NIL NIL </measResults>
            </measValue>
            <measValue measObjLdn="PSYG3777HUNB001/ULoCell:NodeB Function Name=PSYG3777HUNB001, Local Cell ID=11307, Cell Name=MARBLUJ">
                <measResults>1000 0 27 0 0 0 0 0 0 0 0 0 0 0 0 0 0 0 NIL 0 0 23.001 0 0 0 0 0 NIL NIL NIL NIL NIL NIL NIL NIL NIL NIL NIL NIL NIL NIL NIL NIL NIL NIL NIL NIL NIL NIL NIL NIL NIL NIL NIL NIL NIL NIL </measResults>
            </measValue>
            <measValue measObjLdn="PSYG3777HUNB001/ULoCell:NodeB Function Name=PSYG3777HUNB001, Local Cell ID=11308, Cell Name=MARBLUK">
                <measResults>1000 0 249 0 0 0 0 0 0 0 0.006 0 0.033 0 0 0 0 0 NIL 0 0 23.477 0 0 0 0 0 NIL NIL NIL NIL NIL NIL NIL NIL NIL NIL NIL NIL NIL NIL NIL NIL NIL NIL NIL NIL NIL NIL NIL NIL NIL NIL NIL NIL NIL NIL </measResults>
            </measValue>
            <measValue measObjLdn="PSYG3777HUNB001/ULoCell:NodeB Function Name=PSYG3777HUNB001, Local Cell ID=11309, Cell Name=MARBLUL">
                <measResults>1000 0 23 0 0 0 0 0 0 0 0 0 0 0 0 0 0 0 NIL 0 0 23 0 0 0 0 0 NIL NIL NIL NIL NIL NIL NIL NIL NIL NIL NIL NIL NIL NIL NIL NIL NIL NIL NIL NIL NIL NIL NIL NIL NIL NIL NIL NIL NIL NIL </measResults>
            </measValue>
        </measInfo>
        <measInfo measInfoId="50331665">
            <granPeriod duration="PT3600S" endTime="2021-08-19T12:00:00+08:00"/>
            <repPeriod duration="PT3600S"/>
            <measTypes>50331740 50331741 50331742 50331743 50331744 50331909 50331910 50331911 50331912 50331913 50332381 50332382 50332576 50332577 </measTypes>
            <measValue measObjLdn="PSYG3777HUNB001/ULoCell:NodeB Function Name=PSYG3777HUNB001, Local Cell ID=11301, Cell Name=MARBLU1">
                <measResults>0 0 0 0 0 0 0 0 0 0 0 0 0 0 </measResults>
            </measValue>
            <measValue measObjLdn="PSYG3777HUNB001/ULoCell:NodeB Function Name=PSYG3777HUNB001, Local Cell ID=11302, Cell Name=MARBLU2">
                <measResults>0 0 0 0 0 0 0 0 0 0 0 0 0 0 </measResults>
            </measValue>
            <measValue measObjLdn="PSYG3777HUNB001/ULoCell:NodeB Function Name=PSYG3777HUNB001, Local Cell ID=11303, Cell Name=MARBLU3">
                <measResults>0 0 0 0 0 0 0 0 0 0 0 0 0 0 </measResults>
            </measValue>
            <measValue measObjLdn="PSYG3777HUNB001/ULoCell:NodeB Function Name=PSYG3777HUNB001, Local Cell ID=11304, Cell Name=MARBLUA">
                <measResults>0 0 0 0 0 0 0 0 0 0 0 0 0 0 </measResults>
            </measValue>
            <measValue measObjLdn="PSYG3777HUNB001/ULoCell:NodeB Function Name=PSYG3777HUNB001, Local Cell ID=11305, Cell Name=MARBLUB">
                <measResults>0 0 0 0 0 0 0 0 0 0 0 0 0 0 </measResults>
            </measValue>
            <measValue measObjLdn="PSYG3777HUNB001/ULoCell:NodeB Function Name=PSYG3777HUNB001, Local Cell ID=11306, Cell Name=MARBLUC">
                <measResults>0 0 0 0 0 0 0 0 0 0 0 0 0 0 </measResults>
            </measValue>
            <measValue measObjLdn="PSYG3777HUNB001/ULoCell:NodeB Function Name=PSYG3777HUNB001, Local Cell ID=11307, Cell Name=MARBLUJ">
                <measResults>0 0 0 0 0 0 0 0 0 0 0 0 0 0 </measResults>
            </measValue>
            <measValue measObjLdn="PSYG3777HUNB001/ULoCell:NodeB Function Name=PSYG3777HUNB001, Local Cell ID=11308, Cell Name=MARBLUK">
                <measResults>0 0 0 0 0 0 0 0 0 0 0 0 0 0 </measResults>
            </measValue>
            <measValue measObjLdn="PSYG3777HUNB001/ULoCell:NodeB Function Name=PSYG3777HUNB001, Local Cell ID=11309, Cell Name=MARBLUL">
                <measResults>0 0 0 0 0 0 0 0 0 0 0 0 0 0 </measResults>
            </measValue>
        </measInfo>
        <measInfo measInfoId="50331673">
            <granPeriod duration="PT3600S" endTime="2021-08-19T12:00:00+08:00"/>
            <repPeriod duration="PT3600S"/>
            <measTypes>50332055 50332056 50332057 50332058 50332059 50332060 50332278 50332279 50332280 50332281 50332282 50332283 50332284 50332285 50332286 50361648 50361649 50361650 50361651 </measTypes>
            <measValue measObjLdn="PSYG3777HUNB001/ULoCell:NodeB Function Name=PSYG3777HUNB001, Local Cell ID=11301, Cell Name=MARBLU1">
                <measResults>0 0 0 0 0 0 0 0 0 0 0 0 0 0 0 0 0 0 0 </measResults>
            </measValue>
            <measValue measObjLdn="PSYG3777HUNB001/ULoCell:NodeB Function Name=PSYG3777HUNB001, Local Cell ID=11302, Cell Name=MARBLU2">
                <measResults>0 0 0 0 0 0 0 0 0 0 0 0 0 0 0 0 0 0 0 </measResults>
            </measValue>
            <measValue measObjLdn="PSYG3777HUNB001/ULoCell:NodeB Function Name=PSYG3777HUNB001, Local Cell ID=11303, Cell Name=MARBLU3">
                <measResults>0 0 0 0 0 0 0 0 0 0 1 0 0 0 0 0 0 0 0 </measResults>
            </measValue>
            <measValue measObjLdn="PSYG3777HUNB001/ULoCell:NodeB Function Name=PSYG3777HUNB001, Local Cell ID=11304, Cell Name=MARBLUA">
                <measResults>0 0 0 0 0 0 0 0 0 0 0 0 0 0 0 0 0 0 0 </measResults>
            </measValue>
            <measValue measObjLdn="PSYG3777HUNB001/ULoCell:NodeB Function Name=PSYG3777HUNB001, Local Cell ID=11305, Cell Name=MARBLUB">
                <measResults>0 0 0 0 0 0 0 0 0 0 0 0 0 0 0 0 0 0 0 </measResults>
            </measValue>
            <measValue measObjLdn="PSYG3777HUNB001/ULoCell:NodeB Function Name=PSYG3777HUNB001, Local Cell ID=11306, Cell Name=MARBLUC">
                <measResults>0 0 0 0 0 0 0 0 0 0 0 0 0 0 0 0 0 0 0 </measResults>
            </measValue>
            <measValue measObjLdn="PSYG3777HUNB001/ULoCell:NodeB Function Name=PSYG3777HUNB001, Local Cell ID=11307, Cell Name=MARBLUJ">
                <measResults>0 0 0 0 0 0 0 0 0 0 0 0 0 0 0 0 0 0 0 </measResults>
            </measValue>
            <measValue measObjLdn="PSYG3777HUNB001/ULoCell:NodeB Function Name=PSYG3777HUNB001, Local Cell ID=11308, Cell Name=MARBLUK">
                <measResults>0 0 0 0 0 0 0 0 0 0 0 0 0 0 0 0 0 0 0 </measResults>
            </measValue>
            <measValue measObjLdn="PSYG3777HUNB001/ULoCell:NodeB Function Name=PSYG3777HUNB001, Local Cell ID=11309, Cell Name=MARBLUL">
                <measResults>0 0 0 0 0 0 0 0 0 0 0 0 0 0 0 0 0 0 0 </measResults>
            </measValue>
        </measInfo>
        <measInfo measInfoId="50331674">
            <granPeriod duration="PT3600S" endTime="2021-08-19T12:00:00+08:00"/>
            <repPeriod duration="PT3600S"/>
            <measTypes>50332161 50332162 50332163 50332164 50332165 50341718 50341719 50341720 50341721 </measTypes>
            <measValue measObjLdn="PSYG3777HUNB001/ULoCell:NodeB Function Name=PSYG3777HUNB001, Local Cell ID=11301, Cell Name=MARBLU1">
                <measResults>0 0 0 0 0 0 0 0 0 </measResults>
            </measValue>
            <measValue measObjLdn="PSYG3777HUNB001/ULoCell:NodeB Function Name=PSYG3777HUNB001, Local Cell ID=11302, Cell Name=MARBLU2">
                <measResults>0 0 0 0 0 0 0 0 0 </measResults>
            </measValue>
            <measValue measObjLdn="PSYG3777HUNB001/ULoCell:NodeB Function Name=PSYG3777HUNB001, Local Cell ID=11303, Cell Name=MARBLU3">
                <measResults>0 0 0 0 0 0 0 0 0 </measResults>
            </measValue>
            <measValue measObjLdn="PSYG3777HUNB001/ULoCell:NodeB Function Name=PSYG3777HUNB001, Local Cell ID=11304, Cell Name=MARBLUA">
                <measResults>0 0 0 0 0 0 0 0 0 </measResults>
            </measValue>
            <measValue measObjLdn="PSYG3777HUNB001/ULoCell:NodeB Function Name=PSYG3777HUNB001, Local Cell ID=11305, Cell Name=MARBLUB">
                <measResults>0 0 0 0 0 0 0 0 0 </measResults>
            </measValue>
            <measValue measObjLdn="PSYG3777HUNB001/ULoCell:NodeB Function Name=PSYG3777HUNB001, Local Cell ID=11306, Cell Name=MARBLUC">
                <measResults>0 0 0 0 0 0 0 0 0 </measResults>
            </measValue>
            <measValue measObjLdn="PSYG3777HUNB001/ULoCell:NodeB Function Name=PSYG3777HUNB001, Local Cell ID=11307, Cell Name=MARBLUJ">
                <measResults>0 0 0 0 0 0 0 0 0 </measResults>
            </measValue>
            <measValue measObjLdn="PSYG3777HUNB001/ULoCell:NodeB Function Name=PSYG3777HUNB001, Local Cell ID=11308, Cell Name=MARBLUK">
                <measResults>0 0 0 0 0 0 0 0 0 </measResults>
            </measValue>
            <measValue measObjLdn="PSYG3777HUNB001/ULoCell:NodeB Function Name=PSYG3777HUNB001, Local Cell ID=11309, Cell Name=MARBLUL">
                <measResults>0 0 0 0 0 0 0 0 0 </measResults>
            </measValue>
        </measInfo>
        <measInfo measInfoId="50331676">
            <granPeriod duration="PT3600S" endTime="2021-08-19T12:00:00+08:00"/>
            <repPeriod duration="PT3600S"/>
            <measTypes>50331747 50332175 50332176 50332177 50332178 50332179 50332180 50332181 50332182 50332183 50332184 50332185 50332186 50332187 50332188 50332189 50332190 50332192 50332193 50332194 50332195 50332196 50332197 50332198 50332199 50332200 50332201 50332202 50332203 50332204 50332205 50332206 50332207 50332208 50332209 50332210 50332211 50332212 50332213 50332214 50332219 50332232 50332233 50332234 50332235 50332236 50332237 50332238 50332245 50332246 50332648 50332649 50332650 50332651 50332652 50332653 50332654 50332655 50332656 50332657 50332658 50332670 50332848 50332849 50332850 50332853 50332854 50332855 50332856 50332865 50332866 50332867 50332868 50332869 50332870 50332871 50332872 50332873 50332874 50332875 50332876 50332877 50332878 50332879 50332880 50332881 50332882 50332883 50332884 50332885 50332886 50332887 50332888 50332889 50332890 50332891 50332892 50332894 50332895 50332896 50332897 50332898 50332899 50332900 50332901 50332902 50332903 50332904 50332905 50332906 50332907 50332908 50332909 50332910 50332943 50332944 50332945 50332946 50332947 50332948 50332949 50332950 50332951 50332952 50332953 50332954 50332955 50332956 50332957 50332958 50332959 50332960 50332961 50332962 50332963 50332964 50332965 50332966 50332967 50332968 50332969 50332970 50332971 50332972 50332973 50332974 50332985 50332986 50332987 50332990 50341723 50341741 50341742 50341743 50341748 50341749 50341750 50341751 50341752 50341753 50341754 50341755 50341756 50341757 50341758 50341759 </measTypes>
            <measValue measObjLdn="PSYG3777HUNB001/ULoCell:NodeB Function Name=PSYG3777HUNB001, Local Cell ID=11301, Cell Name=MARBLU1">
                <measResults>0 1800000 0 0 0 0 0 0 0 0 0 0 0 0 0 0 0 0 0 0 0 0 0 0 0 0 0 0 0 0 0 0 0 0 0 0 0 0 0 0 0 0 0 0 0 0 0 0 0 0 0 0 0 0 0 0 0 0 0 0 0 0 0 0 0 0 0 0 0 0 0 0 0 0 0 0 0 0 0 0 0 0 0 0 0 0 0 0 0 0 0 0 0 0 0 0 0 0 0 0 0 0 0 0 0 0 0 0 0 0 0 0 0 0 0 0 0 0 0 0 0 0 0 0 0 0 0 0 0 0 NIL NIL NIL NIL NIL NIL NIL NIL NIL NIL NIL NIL NIL NIL NIL NIL 0 0 0 0 0 NIL 0 0 0 0 0 0 0 0 0 0 0 0 0 0 </measResults>
            </measValue>
            <measValue measObjLdn="PSYG3777HUNB001/ULoCell:NodeB Function Name=PSYG3777HUNB001, Local Cell ID=11302, Cell Name=MARBLU2">
                <measResults>0 1800000 0 0 0 0 0 0 0 0 0 0 0 0 0 0 0 0 0 0 0 0 0 0 0 0 0 0 0 0 0 0 0 0 0 0 0 0 0 0 0 0 0 0 0 0 0 0 0 0 0 0 0 0 0 0 0 0 0 0 0 0 0 0 0 0 0 0 0 0 0 0 0 0 0 0 0 0 0 0 0 0 0 0 0 0 0 0 0 0 0 0 0 0 0 0 0 0 0 0 0 0 0 0 0 0 0 0 0 0 0 0 0 0 0 0 0 0 0 0 0 0 0 0 0 0 0 0 0 0 NIL NIL NIL NIL NIL NIL NIL NIL NIL NIL NIL NIL NIL NIL NIL NIL 0 0 0 0 0 NIL 0 0 0 0 0 0 0 0 0 0 0 0 0 0 </measResults>
            </measValue>
            <measValue measObjLdn="PSYG3777HUNB001/ULoCell:NodeB Function Name=PSYG3777HUNB001, Local Cell ID=11303, Cell Name=MARBLU3">
                <measResults>6560 1799991 0 9 0 0 0 0 0 0 0 0 0 0 0 0 0 0 0 10 0 0 0 0 0 0 0 0 0 1 0 0 0 0 0 0 0 0 0 0 0 6844 19 6844 0 0 0 0 6844 19 10 0 0 0 0 0 0 0 0 0 0 0 0 0 0 0 0 0 9 0 0 0 0 0 0 0 0 0 0 0 0 0 1372 4116 1356 10 2 6 1 0 0 0 0 0 0 0 0 0 0 0 0 0 0 0 0 0 0 0 0 0 0 0 0 0 0 0 0 0 0 0 0 0 0 0 0 0 0 0 0 0 NIL NIL NIL NIL NIL NIL NIL NIL NIL NIL NIL NIL NIL NIL NIL NIL 0 0 0 1 0.001 NIL 0 0 0 0 0 0 0 0 0 0 0 0 0 0 </measResults>
            </measValue>
            <measValue measObjLdn="PSYG3777HUNB001/ULoCell:NodeB Function Name=PSYG3777HUNB001, Local Cell ID=11304, Cell Name=MARBLUA">
                <measResults>0 1800000 0 0 0 0 0 0 0 0 0 0 0 0 0 0 0 0 0 0 0 0 0 0 0 0 0 0 0 0 0 0 0 0 0 0 0 0 0 0 0 0 0 0 0 0 0 0 0 0 0 0 0 0 0 0 0 0 0 0 0 0 0 0 0 0 0 0 0 0 0 0 0 0 0 0 0 0 0 0 0 0 0 0 0 0 0 0 0 0 0 0 0 0 0 0 0 0 0 0 0 0 0 0 0 0 0 0 0 0 0 0 0 0 0 0 0 0 0 0 0 0 0 0 0 0 0 0 0 0 NIL NIL NIL NIL NIL NIL NIL NIL NIL NIL NIL NIL NIL NIL NIL NIL 0 0 0 0 0 NIL 0 0 0 0 0 0 0 0 0 0 0 0 0 0 </measResults>
            </measValue>
            <measValue measObjLdn="PSYG3777HUNB001/ULoCell:NodeB Function Name=PSYG3777HUNB001, Local Cell ID=11305, Cell Name=MARBLUB">
                <measResults>1139200 1799098 413 40 98 41 48 11 33 4 23 14 43 1 1 132 0 0 1139856 97 0 34 0 0 0 0 0 0 0 8 0 3 3 0 0 0 0 0 0 0 0 1139784 1020 1567422 1681 556 4 0 1145344 1037 172 0 159 36 0 0 0 0 0 0 0 195 0 0 0 171 0 0 429 0 0 0 0 0 0 0 0 0 0 0 0 26510 1089014 29820 0 223 699 115 0 0 0 0 0 5560 17 14 0 0 0 0 0 0 0 0 0 0 0 0 0 0 0 0 0 0 0 0 0 0 0 0 0 0 0 0 0 0 0 0 0 0 NIL NIL NIL NIL NIL NIL NIL NIL NIL NIL NIL NIL NIL NIL NIL NIL 0 0 0 351 0.009 NIL 0 0 9.456 0 559.944 151.76 0 0 0 0 0 0 0 711.704 </measResults>
            </measValue>
            <measValue measObjLdn="PSYG3777HUNB001/ULoCell:NodeB Function Name=PSYG3777HUNB001, Local Cell ID=11306, Cell Name=MARBLUC">
                <measResults>0 1800000 0 0 0 0 0 0 0 0 0 0 0 0 0 0 0 0 0 0 0 0 0 0 0 0 0 0 0 0 0 0 0 0 0 0 0 0 0 0 0 0 0 0 0 0 0 0 0 0 0 0 0 0 0 0 0 0 0 0 0 0 0 0 0 0 0 0 0 0 0 0 0 0 0 0 0 0 0 0 0 0 0 0 0 0 0 0 0 0 0 0 0 0 0 0 0 0 0 0 0 0 0 0 0 0 0 0 0 0 0 0 0 0 0 0 0 0 0 0 0 0 0 0 0 0 0 0 0 0 NIL NIL NIL NIL NIL NIL NIL NIL NIL NIL NIL NIL NIL NIL NIL NIL 0 0 0 0 0 NIL 0 0 0 0 0 0 0 0 0 0 0 0 0 0 </measResults>
            </measValue>
            <measValue measObjLdn="PSYG3777HUNB001/ULoCell:NodeB Function Name=PSYG3777HUNB001, Local Cell ID=11307, Cell Name=MARBLUJ">
                <measResults>0 1800000 0 0 0 0 0 0 0 0 0 0 0 0 0 0 0 0 0 0 0 0 0 0 0 0 0 0 0 0 0 0 0 0 0 0 0 0 0 0 0 0 0 0 0 0 0 0 0 0 0 0 0 0 0 0 0 0 0 0 0 0 0 0 0 0 0 0 0 0 0 0 0 0 0 0 0 0 0 0 0 0 0 0 0 0 0 0 0 0 0 0 0 0 0 0 0 0 0 0 0 0 0 0 0 0 0 0 0 0 0 0 0 0 0 0 0 0 0 0 0 0 0 0 0 0 0 0 0 0 NIL NIL NIL NIL NIL NIL NIL NIL NIL NIL NIL NIL NIL NIL NIL NIL 0 0 0 0 0 NIL 0 0 0 0 0 0 0 0 0 0 0 0 0 0 </measResults>
            </measValue>
            <measValue measObjLdn="PSYG3777HUNB001/ULoCell:NodeB Function Name=PSYG3777HUNB001, Local Cell ID=11308, Cell Name=MARBLUK">
                <measResults>4533512 1796626 1764 401 202 78 133 31 172 35 113 18 30 36 2 359 0 0 3842656 2096 0 491 0 0 0 0 0 0 3 32 4 3 2 8 2 2 0 0 0 0 0 4424018 3542 6614679 1337 13555 1204 54 3820124 5589 2552 113 108 102 190 15 2 0 0 0 0 417 0 0 0 547 0 0 1729 0 0 0 0 0 0 0 0 0 0 0 0 42392 966364 3162934 254739 2582 1213 2003 402 0 0 0 0 23368 2741 97 0 0 0 0 0 0 0 0 0 0 0 0 0 0 0 0 0 0 0 0 0 0 0 0 0 0 0 0 0 0 0 0 0 0 NIL NIL NIL NIL NIL NIL NIL NIL NIL NIL NIL NIL NIL NIL NIL NIL 0 0 0 1108 0.073 NIL 0 0 43.064 141.36 318.341 519.575 1177.672 135.78 21.845 0 0 0 0 2173.213 </measResults>
            </measValue>
            <measValue measObjLdn="PSYG3777HUNB001/ULoCell:NodeB Function Name=PSYG3777HUNB001, Local Cell ID=11309, Cell Name=MARBLUL">
                <measResults>0 1800000 0 0 0 0 0 0 0 0 0 0 0 0 0 0 0 0 0 0 0 0 0 0 0 0 0 0 0 0 0 0 0 0 0 0 0 0 0 0 0 0 0 0 0 0 0 0 0 0 0 0 0 0 0 0 0 0 0 0 0 0 0 0 0 0 0 0 0 0 0 0 0 0 0 0 0 0 0 0 0 0 0 0 0 0 0 0 0 0 0 0 0 0 0 0 0 0 0 0 0 0 0 0 0 0 0 0 0 0 0 0 0 0 0 0 0 0 0 0 0 0 0 0 0 0 0 0 0 0 NIL NIL NIL NIL NIL NIL NIL NIL NIL NIL NIL NIL NIL NIL NIL NIL 0 0 0 0 0 NIL 0 0 0 0 0 0 0 0 0 0 0 0 0 0 </measResults>
            </measValue>
        </measInfo>
        <measInfo measInfoId="50331649">
            <granPeriod duration="PT3600S" endTime="2021-08-19T12:00:00+08:00"/>
            <repPeriod duration="PT3600S"/>
            <measTypes>50332578 50332579 50332580 50332581 50342578 50342579 50342580 50342581 </measTypes>
            <measValue measObjLdn="PSYG3777HUNB001/NodeBFunction:NodeB Function Name=PSYG3777HUNB001">
                <measResults>0.037 0.013 0.041 0.537 0.6 0.4 0.8 4.4 </measResults>
            </measValue>
        </measInfo>
        <measInfo measInfoId="50331654">
            <granPeriod duration="PT3600S" endTime="2021-08-19T12:00:00+08:00"/>
            <repPeriod duration="PT3600S"/>
            <measTypes>50332565 50332566 50332633 50332635 </measTypes>
            <measValue measObjLdn="PSYG3777HUNB001/NodeBFunction:NodeB Function Name=PSYG3777HUNB001">
                <measResults>3072 3072 0 0 </measResults>
            </measValue>
        </measInfo>
        <measInfo measInfoId="50331664">
            <granPeriod duration="PT3600S" endTime="2021-08-19T12:00:00+08:00"/>
            <repPeriod duration="PT3600S"/>
            <measTypes>50332572 50332585 50332587 50332588 50332589 50332590 50332617 50332618 50332625 </measTypes>
            <measValue measObjLdn="PSYG3777HUNB001/NodeBFunction:NodeB Function Name=PSYG3777HUNB001">
                <measResults>0 0 2 2 0 0 0 0 1 </measResults>
            </measValue>
        </measInfo>
        <measInfo measInfoId="50331666">
            <granPeriod duration="PT3600S" endTime="2021-08-19T12:00:00+08:00"/>
            <repPeriod duration="PT3600S"/>
            <measTypes>50332567 50332568 50332569 50332570 50332571 </measTypes>
            <measValue measObjLdn="PSYG3777HUNB001/NodeBFunction:NodeB Function Name=PSYG3777HUNB001">
                <measResults>0 0 0 0 0 </measResults>
            </measValue>
        </measInfo>
        <measInfo measInfoId="50331681">
            <granPeriod duration="PT3600S" endTime="2021-08-19T12:00:00+08:00"/>
            <repPeriod duration="PT3600S"/>
            <measTypes>50342640 50342641 50342642 50342643 50342644 50342645 50342646 50342647 </measTypes>
            <measValue measObjLdn="PSYG3777HUNB001/NodeBFunction:NodeB Function Name=PSYG3777HUNB001">
                <measResults>181549 1569639 15791651 85816109 142086 35092 446784 190702 </measResults>
            </measValue>
        </measInfo>
        <measInfo measInfoId="50331652">
            <granPeriod duration="PT3600S" endTime="2021-08-19T12:00:00+08:00"/>
            <repPeriod duration="PT3600S"/>
            <measTypes>50332555 50332556 50332557 50332558 50332559 50332560 50332561 50332562 50332563 50332564 50332593 50332594 50342555 50342556 50342561 50342562 50342563 50342564 50342567 50342568 50342569 50342570 50342571 50342572 50342618 50342619 50342621 50342622 50342624 50342625 50342627 50342628 </measTypes>
            <measValue measObjLdn="PSYG3777HUNB001/NodeBFunction:NodeB Function Name=PSYG3777HUNB001/MocID:2/CnOperator:-1">
                <measResults>0 0 0 0 3680 3376 0.867 0.464 0 0.419 0 0 0 0 6 3 0 5 0 0 0 0 0 0 0 0 0 0 0 0 0 0 </measResults>
            </measValue>
        </measInfo>
        <measInfo measInfoId="50331667">
            <granPeriod duration="PT3600S" endTime="2021-08-19T12:00:00+08:00"/>
            <repPeriod duration="PT3600S"/>
            <measTypes>50332591 50332592 50332595 50332596 50332597 </measTypes>
            <measValue measObjLdn="PSYG3777HUNB001/NodeBFunction:NodeB Function Name=PSYG3777HUNB001/MocID:2/CnOperator:-1">
                <measResults>0 0 0 0 0 </measResults>
            </measValue>
        </measInfo>
        <measInfo measInfoId="50331668">
            <granPeriod duration="PT3600S" endTime="2021-08-19T12:00:00+08:00"/>
            <repPeriod duration="PT3600S"/>
            <measTypes>50332348 50332349 </measTypes>
            <measValue measObjLdn="PSYG3777HUNB001/LOCELL_SECTOREQM:NodeB Function Name=PSYG3777HUNB001, Local Cell ID=11301, Sector Equipment ID=20">
                <measResults>0 0 </measResults>
            </measValue>
            <measValue measObjLdn="PSYG3777HUNB001/LOCELL_SECTOREQM:NodeB Function Name=PSYG3777HUNB001, Local Cell ID=11302, Sector Equipment ID=21">
                <measResults>0 0 </measResults>
            </measValue>
            <measValue measObjLdn="PSYG3777HUNB001/LOCELL_SECTOREQM:NodeB Function Name=PSYG3777HUNB001, Local Cell ID=11303, Sector Equipment ID=22">
                <measResults>0 0 </measResults>
            </measValue>
            <measValue measObjLdn="PSYG3777HUNB001/LOCELL_SECTOREQM:NodeB Function Name=PSYG3777HUNB001, Local Cell ID=11304, Sector Equipment ID=23">
                <measResults>0 0 </measResults>
            </measValue>
            <measValue measObjLdn="PSYG3777HUNB001/LOCELL_SECTOREQM:NodeB Function Name=PSYG3777HUNB001, Local Cell ID=11305, Sector Equipment ID=24">
                <measResults>0 0 </measResults>
            </measValue>
            <measValue measObjLdn="PSYG3777HUNB001/LOCELL_SECTOREQM:NodeB Function Name=PSYG3777HUNB001, Local Cell ID=11306, Sector Equipment ID=25">
                <measResults>0 0 </measResults>
            </measValue>
            <measValue measObjLdn="PSYG3777HUNB001/LOCELL_SECTOREQM:NodeB Function Name=PSYG3777HUNB001, Local Cell ID=11307, Sector Equipment ID=26">
                <measResults>0 0 </measResults>
            </measValue>
            <measValue measObjLdn="PSYG3777HUNB001/LOCELL_SECTOREQM:NodeB Function Name=PSYG3777HUNB001, Local Cell ID=11308, Sector Equipment ID=27">
                <measResults>0 0 </measResults>
            </measValue>
            <measValue measObjLdn="PSYG3777HUNB001/LOCELL_SECTOREQM:NodeB Function Name=PSYG3777HUNB001, Local Cell ID=11309, Sector Equipment ID=28">
                <measResults>0 0 </measResults>
            </measValue>
        </measInfo>
        <measInfo measInfoId="50331669">
            <granPeriod duration="PT3600S" endTime="2021-08-19T12:00:00+08:00"/>
            <repPeriod duration="PT3600S"/>
            <measTypes>50332350 50332351 50332352 50332353 </measTypes>
            <measValue measObjLdn="PSYG3777HUNB001/LOCELL_SECTOREQM:NodeB Function Name=PSYG3777HUNB001, Local Cell ID=11301, Sector Equipment ID=20">
                <measResults>74 0 74 74 </measResults>
            </measValue>
            <measValue measObjLdn="PSYG3777HUNB001/LOCELL_SECTOREQM:NodeB Function Name=PSYG3777HUNB001, Local Cell ID=11302, Sector Equipment ID=21">
                <measResults>10 0 10 10 </measResults>
            </measValue>
            <measValue measObjLdn="PSYG3777HUNB001/LOCELL_SECTOREQM:NodeB Function Name=PSYG3777HUNB001, Local Cell ID=11303, Sector Equipment ID=22">
                <measResults>23 0 23 23 </measResults>
            </measValue>
            <measValue measObjLdn="PSYG3777HUNB001/LOCELL_SECTOREQM:NodeB Function Name=PSYG3777HUNB001, Local Cell ID=11304, Sector Equipment ID=23">
                <measResults>1 0 1 1 </measResults>
            </measValue>
            <measValue measObjLdn="PSYG3777HUNB001/LOCELL_SECTOREQM:NodeB Function Name=PSYG3777HUNB001, Local Cell ID=11305, Sector Equipment ID=24">
                <measResults>1 0 1 1 </measResults>
            </measValue>
            <measValue measObjLdn="PSYG3777HUNB001/LOCELL_SECTOREQM:NodeB Function Name=PSYG3777HUNB001, Local Cell ID=11306, Sector Equipment ID=25">
                <measResults>0 0 0 0 </measResults>
            </measValue>
            <measValue measObjLdn="PSYG3777HUNB001/LOCELL_SECTOREQM:NodeB Function Name=PSYG3777HUNB001, Local Cell ID=11307, Sector Equipment ID=26">
                <measResults>11 0 11 11 </measResults>
            </measValue>
            <measValue measObjLdn="PSYG3777HUNB001/LOCELL_SECTOREQM:NodeB Function Name=PSYG3777HUNB001, Local Cell ID=11308, Sector Equipment ID=27">
                <measResults>67 1 61 61 </measResults>
            </measValue>
            <measValue measObjLdn="PSYG3777HUNB001/LOCELL_SECTOREQM:NodeB Function Name=PSYG3777HUNB001, Local Cell ID=11309, Sector Equipment ID=28">
                <measResults>0 0 0 0 </measResults>
            </measValue>
        </measInfo>
        <measInfo measInfoId="50331670">
            <granPeriod duration="PT3600S" endTime="2021-08-19T12:00:00+08:00"/>
            <repPeriod duration="PT3600S"/>
            <measTypes>50332354 50332355 </measTypes>
            <measValue measObjLdn="PSYG3777HUNB001/LOCELL_SECTOREQM:NodeB Function Name=PSYG3777HUNB001, Local Cell ID=11301, Sector Equipment ID=20">
                <measResults>0 0 </measResults>
            </measValue>
            <measValue measObjLdn="PSYG3777HUNB001/LOCELL_SECTOREQM:NodeB Function Name=PSYG3777HUNB001, Local Cell ID=11302, Sector Equipment ID=21">
                <measResults>0 0 </measResults>
            </measValue>
            <measValue measObjLdn="PSYG3777HUNB001/LOCELL_SECTOREQM:NodeB Function Name=PSYG3777HUNB001, Local Cell ID=11303, Sector Equipment ID=22">
                <measResults>0 0 </measResults>
            </measValue>
            <measValue measObjLdn="PSYG3777HUNB001/LOCELL_SECTOREQM:NodeB Function Name=PSYG3777HUNB001, Local Cell ID=11304, Sector Equipment ID=23">
                <measResults>0 0 </measResults>
            </measValue>
            <measValue measObjLdn="PSYG3777HUNB001/LOCELL_SECTOREQM:NodeB Function Name=PSYG3777HUNB001, Local Cell ID=11305, Sector Equipment ID=24">
                <measResults>0 0 </measResults>
            </measValue>
            <measValue measObjLdn="PSYG3777HUNB001/LOCELL_SECTOREQM:NodeB Function Name=PSYG3777HUNB001, Local Cell ID=11306, Sector Equipment ID=25">
                <measResults>0 0 </measResults>
            </measValue>
            <measValue measObjLdn="PSYG3777HUNB001/LOCELL_SECTOREQM:NodeB Function Name=PSYG3777HUNB001, Local Cell ID=11307, Sector Equipment ID=26">
                <measResults>0 0 </measResults>
            </measValue>
            <measValue measObjLdn="PSYG3777HUNB001/LOCELL_SECTOREQM:NodeB Function Name=PSYG3777HUNB001, Local Cell ID=11308, Sector Equipment ID=27">
                <measResults>0 0 </measResults>
            </measValue>
            <measValue measObjLdn="PSYG3777HUNB001/LOCELL_SECTOREQM:NodeB Function Name=PSYG3777HUNB001, Local Cell ID=11309, Sector Equipment ID=28">
                <measResults>0 0 </measResults>
            </measValue>
        </measInfo>
        <measInfo measInfoId="50331672">
            <granPeriod duration="PT3600S" endTime="2021-08-19T12:00:00+08:00"/>
            <repPeriod duration="PT3600S"/>
            <measTypes>50342590 50342591 50342592 50342593 50342594 50342595 50342596 50342597 </measTypes>
            <measValue measObjLdn="PSYG3777HUNB001/LOCELL_SECTOREQM:NodeB Function Name=PSYG3777HUNB001, Local Cell ID=11301, Sector Equipment ID=20">
                <measResults>-105.23 NIL NIL NIL -105.3 NIL NIL NIL </measResults>
            </measValue>
            <measValue measObjLdn="PSYG3777HUNB001/LOCELL_SECTOREQM:NodeB Function Name=PSYG3777HUNB001, Local Cell ID=11302, Sector Equipment ID=21">
                <measResults>-105.156 NIL NIL NIL -105.2 NIL NIL NIL </measResults>
            </measValue>
            <measValue measObjLdn="PSYG3777HUNB001/LOCELL_SECTOREQM:NodeB Function Name=PSYG3777HUNB001, Local Cell ID=11303, Sector Equipment ID=22">
                <measResults>-105.119 NIL NIL NIL -105.4 NIL NIL NIL </measResults>
            </measValue>
            <measValue measObjLdn="PSYG3777HUNB001/LOCELL_SECTOREQM:NodeB Function Name=PSYG3777HUNB001, Local Cell ID=11304, Sector Equipment ID=23">
                <measResults>-105.19 NIL NIL NIL -105.2 NIL NIL NIL </measResults>
            </measValue>
            <measValue measObjLdn="PSYG3777HUNB001/LOCELL_SECTOREQM:NodeB Function Name=PSYG3777HUNB001, Local Cell ID=11305, Sector Equipment ID=24">
                <measResults>-105.151 NIL NIL NIL -105.4 NIL NIL NIL </measResults>
            </measValue>
            <measValue measObjLdn="PSYG3777HUNB001/LOCELL_SECTOREQM:NodeB Function Name=PSYG3777HUNB001, Local Cell ID=11306, Sector Equipment ID=25">
                <measResults>-104.999 NIL NIL NIL -105 NIL NIL NIL </measResults>
            </measValue>
            <measValue measObjLdn="PSYG3777HUNB001/LOCELL_SECTOREQM:NodeB Function Name=PSYG3777HUNB001, Local Cell ID=11307, Sector Equipment ID=26">
                <measResults>-105.6 NIL NIL NIL -105.6 NIL NIL NIL </measResults>
            </measValue>
            <measValue measObjLdn="PSYG3777HUNB001/LOCELL_SECTOREQM:NodeB Function Name=PSYG3777HUNB001, Local Cell ID=11308, Sector Equipment ID=27">
                <measResults>-105.586 NIL NIL NIL -105.6 NIL NIL NIL </measResults>
            </measValue>
            <measValue measObjLdn="PSYG3777HUNB001/LOCELL_SECTOREQM:NodeB Function Name=PSYG3777HUNB001, Local Cell ID=11309, Sector Equipment ID=28">
                <measResults>-105.796 NIL NIL NIL -105.9 NIL NIL NIL </measResults>
            </measValue>
        </measInfo>
        <measInfo measInfoId="50331682">
            <granPeriod duration="PT3600S" endTime="2021-08-19T12:00:00+08:00"/>
            <repPeriod duration="PT3600S"/>
            <measTypes>50332602 50332603 50332615 50332616 </measTypes>
            <measValue measObjLdn="PSYG3777HUNB001/LOCELL_SECTOREQM:NodeB Function Name=PSYG3777HUNB001, Local Cell ID=11301, Sector Equipment ID=20">
                <measResults>NIL NIL NIL NIL </measResults>
            </measValue>
            <measValue measObjLdn="PSYG3777HUNB001/LOCELL_SECTOREQM:NodeB Function Name=PSYG3777HUNB001, Local Cell ID=11302, Sector Equipment ID=21">
                <measResults>NIL NIL NIL NIL </measResults>
            </measValue>
            <measValue measObjLdn="PSYG3777HUNB001/LOCELL_SECTOREQM:NodeB Function Name=PSYG3777HUNB001, Local Cell ID=11303, Sector Equipment ID=22">
                <measResults>NIL NIL NIL NIL </measResults>
            </measValue>
            <measValue measObjLdn="PSYG3777HUNB001/LOCELL_SECTOREQM:NodeB Function Name=PSYG3777HUNB001, Local Cell ID=11304, Sector Equipment ID=23">
                <measResults>NIL NIL NIL NIL </measResults>
            </measValue>
            <measValue measObjLdn="PSYG3777HUNB001/LOCELL_SECTOREQM:NodeB Function Name=PSYG3777HUNB001, Local Cell ID=11305, Sector Equipment ID=24">
                <measResults>NIL NIL NIL NIL </measResults>
            </measValue>
            <measValue measObjLdn="PSYG3777HUNB001/LOCELL_SECTOREQM:NodeB Function Name=PSYG3777HUNB001, Local Cell ID=11306, Sector Equipment ID=25">
                <measResults>NIL NIL NIL NIL </measResults>
            </measValue>
            <measValue measObjLdn="PSYG3777HUNB001/LOCELL_SECTOREQM:NodeB Function Name=PSYG3777HUNB001, Local Cell ID=11307, Sector Equipment ID=26">
                <measResults>NIL NIL NIL NIL </measResults>
            </measValue>
            <measValue measObjLdn="PSYG3777HUNB001/LOCELL_SECTOREQM:NodeB Function Name=PSYG3777HUNB001, Local Cell ID=11308, Sector Equipment ID=27">
                <measResults>NIL NIL NIL NIL </measResults>
            </measValue>
            <measValue measObjLdn="PSYG3777HUNB001/LOCELL_SECTOREQM:NodeB Function Name=PSYG3777HUNB001, Local Cell ID=11309, Sector Equipment ID=28">
                <measResults>NIL NIL NIL NIL </measResults>
            </measValue>
        </measInfo>
    </measData>
    <fileFooter>
        <measCollec endTime="2021-08-19T12:00:00+08:00"/>
    </fileFooter>
</measCollecFile>
