<?xml version="1.0" encoding="UTF-8"?>
<measCollecFile xmlns="http://latest/nmc-omc/cmNrm.doc#measCollec" xmlns:xsi="http://www.w3.org/2001/XMLSchema-instance" xsi:schemaLocation="http://latest/nmc-omc/cmNrm.doc#measCollec schema\pmResultSchedule.xsd">
    <fileHeader fileFormatVersion="32.435 V7.2" vendorName="Huawei">
        <fileSender elementType="MGW"/>
        <measCollec beginTime="2021-08-11T22:00:00+08:00"/>
    </fileHeader>
    <measData>
        <managedElement userLabel="MG07EILO"/>
        <measInfo measInfoId="100665880">
            <granPeriod duration="PT3600S" endTime="2021-08-11T23:00:00+08:00"/>
            <repPeriod duration="PT3600S"/>
            <measTypes>100991622 100991623 </measTypes>
            <measValue measObjLdn="MG07EILO/MGWFunction:MG07EILO">
                <measResults>0 0 </measResults>
            </measValue>
        </measInfo>
        <measInfo measInfoId="100665892">
            <granPeriod duration="PT3600S" endTime="2021-08-11T23:00:00+08:00"/>
            <repPeriod duration="PT3600S"/>
            <measTypes>100991900 100991901 100991902 100991903 100991904 100991905 100992144 100992145 100992146 100992147 100992148 100992149 100992150 100992151 100992152 100992153 100992154 100992155 100992156 100992157 100992160 100992161 100992162 100992163 </measTypes>
            <measValue measObjLdn="MG07EILO/MGWFunction:MG07EILO">
                <measResults>1636 2547 0 0 0 0 0 0 0 0 0 0 0 0 0 0 0 0 0 0 109 183 0 0 </measResults>
            </measValue>
        </measInfo>
        <measInfo measInfoId="100665814">
            <granPeriod duration="PT3600S" endTime="2021-08-11T23:00:00+08:00"/>
            <repPeriod duration="PT3600S"/>
            <measTypes>100991139 100991140 100991243 100991244 100991245 100991246 100991247 100991248 100991249 100991250 100991251 100991821 100991822 100991823 </measTypes>
            <measValue measObjLdn="MG07EILO/MGWFunction:MG07EILO">
                <measResults>2787 62784 73728 62784 59973 52506 52506 0 0 10639924 54112 0 0 0 </measResults>
            </measValue>
        </measInfo>
        <measInfo measInfoId="100665911">
            <granPeriod duration="PT3600S" endTime="2021-08-11T23:00:00+08:00"/>
            <repPeriod duration="PT3600S"/>
            <measTypes>100991997 100991998 100991999 100992000 100992001 100992002 100992003 100992004 100992005 100992006 100992007 100992008 100992009 100992010 100992011 100992012 100992013 100992014 100992015 </measTypes>
            <measValue measObjLdn="MG07EILO/MGW:VMGWID=4">
                <measResults>82184 0 154187 0 0 0 82184 154187 82184 154187 0 0 0 0 0 0 0 0 0 </measResults>
            </measValue>
            <measValue measObjLdn="MG07EILO/MGW:VMGWID=2">
                <measResults>86407 0 158413 0 0 0 86407 158413 86407 158413 0 0 0 0 0 0 0 0 0 </measResults>
            </measValue>
            <measValue measObjLdn="MG07EILO/MGW:VMGWID=0">
                <measResults>0 0 0 0 0 0 0 0 0 0 0 0 0 0 0 0 0 0 0 </measResults>
            </measValue>
            <measValue measObjLdn="MG07EILO/MGW:VMGWID=3">
                <measResults>90277 0 162280 0 0 0 90277 162280 90277 162280 0 0 0 0 0 0 0 0 0 </measResults>
            </measValue>
            <measValue measObjLdn="MG07EILO/MGW:VMGWID=9">
                <measResults>85580 0 157578 0 0 0 85580 157578 85580 157578 0 0 0 0 0 0 0 0 0 </measResults>
            </measValue>
        </measInfo>
        <measInfo measInfoId="100665806">
            <granPeriod duration="PT3600S" endTime="2021-08-11T23:00:00+08:00"/>
            <repPeriod duration="PT3600S"/>
            <measTypes>100991105 100991106 100991107 100991108 100991141 100991142 100991143 100991144 100991767 100991768 </measTypes>
            <measValue measObjLdn="MG07EILO/MGW:VMGWID=4">
                <measResults>1115 710 0 0 0 0 5 2 0 0 </measResults>
            </measValue>
            <measValue measObjLdn="MG07EILO/MGW:VMGWID=0">
                <measResults>0 0 0 0 0 0 0 0 0 0 </measResults>
            </measValue>
            <measValue measObjLdn="MG07EILO/MGW:VMGWID=2">
                <measResults>1057 696 0 0 0 0 3 0 0 0 </measResults>
            </measValue>
            <measValue measObjLdn="MG07EILO/MGW:VMGWID=9">
                <measResults>1170 734 0 0 0 0 3 0 0 0 </measResults>
            </measValue>
            <measValue measObjLdn="MG07EILO/MGW:VMGWID=3">
                <measResults>1077 675 0 0 0 0 3 0 0 0 </measResults>
            </measValue>
        </measInfo>
        <measInfo measInfoId="100665798">
            <granPeriod duration="PT3600S" endTime="2021-08-11T23:00:00+08:00"/>
            <repPeriod duration="PT3600S"/>
            <measTypes>100991027 100991028 100991029 100991030 100991031 100991032 100991033 100991034 100991035 100991036 100991037 100991038 100991039 100991040 100991041 100991042 100991043 100991044 100991045 100991046 100991047 100991048 100991049 100991050 100991051 100991052 100991053 100991054 100991234 100991235 100991427 100991428 100991429 100991430 100991431 100991432 100991433 100991434 100991523 </measTypes>
            <measValue measObjLdn="MG07EILO/MGW:VMGWID=3">
                <measResults>90278 90277 69741 20535 20537 69742 70010 20535 20537 70011 0 0 0 0 20535 20537 20970 20970 21773 21774 73 73 26766 26766 805 805 0 0 25641852 11349973 3 0 0 0 0 0 0 0 0 </measResults>
            </measValue>
            <measValue measObjLdn="MG07EILO/MGW:VMGWID=4">
                <measResults>82182 82184 63571 18611 18611 63573 63859 18611 18611 63861 0 0 0 0 18611 18611 18656 18656 19446 19446 40 40 25344 25344 846 846 0 0 22961786 10279983 2 0 1 0 0 0 0 0 0 </measResults>
            </measValue>
            <measValue measObjLdn="MG07EILO/MGW:VMGWID=0">
                <measResults>0 0 0 0 0 0 0 0 0 0 0 0 0 0 0 0 0 0 0 0 0 0 0 0 0 0 0 0 0 0 0 0 0 0 0 0 0 0 0 </measResults>
            </measValue>
            <measValue measObjLdn="MG07EILO/MGW:VMGWID=2">
                <measResults>86408 86407 66859 19548 19549 66859 67132 19548 19549 67132 0 0 0 0 19548 19549 19701 19701 20372 20372 70 70 26550 26550 849 849 0 0 24187879 10804136 6 0 0 0 0 0 0 0 0 </measResults>
            </measValue>
            <measValue measObjLdn="MG07EILO/MGW:VMGWID=9">
                <measResults>85578 85580 66183 19395 19395 66185 66483 19395 19395 66485 0 0 0 0 19395 19395 19190 19190 20015 20016 73 73 26790 26791 882 882 0 0 24069800 10692898 4 0 0 0 0 0 0 0 0 </measResults>
            </measValue>
        </measInfo>
        <measInfo measInfoId="100665906">
            <granPeriod duration="PT3600S" endTime="2021-08-11T23:00:00+08:00"/>
            <repPeriod duration="PT3600S"/>
            <measTypes>100991853 100991854 100991855 100991856 100991857 100991858 100991859 100991860 100991863 100991864 100991865 100991866 100991867 100991868 100991869 100991870 100991871 100991872 100991873 100991874 100991875 100991876 100991877 100991878 100991879 100991880 100991881 100991882 100991883 100991884 100991885 100991886 100991887 100991888 100991995 100991996 </measTypes>
            <measValue measObjLdn="MG07EILO/MGW:VMGWID=3">
                <measResults>69 69 0 0 0 0 0 0 10610 10610 473 473 4 4 638 638 83 83 0 0 0 0 0 0 0 0 0 0 0 0 0 0 165 165 0 0 </measResults>
            </measValue>
            <measValue measObjLdn="MG07EILO/MGW:VMGWID=4">
                <measResults>60 60 0 0 0 0 0 0 10786 10786 435 435 2 2 869 869 84 84 0 0 0 0 0 0 0 0 0 0 0 0 0 0 120 120 0 0 </measResults>
            </measValue>
            <measValue measObjLdn="MG07EILO/MGW:VMGWID=0">
                <measResults>0 0 0 0 0 0 0 0 0 0 0 0 0 0 0 0 0 0 0 0 0 0 0 0 0 0 0 0 0 0 0 0 0 0 0 0 </measResults>
            </measValue>
            <measValue measObjLdn="MG07EILO/MGW:VMGWID=2">
                <measResults>57 57 0 0 0 0 0 0 11171 11171 480 480 2 2 866 866 78 78 0 0 0 0 0 0 0 0 0 0 0 0 0 0 198 198 0 0 </measResults>
            </measValue>
            <measValue measObjLdn="MG07EILO/MGW:VMGWID=9">
                <measResults>64 64 0 0 0 0 0 0 11534 11534 559 559 2 2 814 814 83 83 0 0 0 0 0 0 0 0 0 0 0 0 0 0 225 225 0 0 </measResults>
            </measValue>
        </measInfo>
        <measInfo measInfoId="100665805">
            <granPeriod duration="PT3600S" endTime="2021-08-11T23:00:00+08:00"/>
            <repPeriod duration="PT3600S"/>
            <measTypes>100991088 100991089 100991090 100991091 100991092 100991093 100991094 100991095 100991096 100991097 100991098 100991145 100991146 100991147 100991418 100991419 100991663 100991664 100991764 100991765 100991766 </measTypes>
            <measValue measObjLdn="MG07EILO/MGW:VMGWID=2">
                <measResults>9063 9371 1423995 583 374 0 0 0 8109 0 0 0 0 0 6 1262 9057 100 0 0 0 </measResults>
            </measValue>
            <measValue measObjLdn="MG07EILO/MGW:VMGWID=3">
                <measResults>9627 9996 1378148 571 356 0 0 0 7923 0 0 0 0 0 3 2073 9624 100 0 0 0 </measResults>
            </measValue>
            <measValue measObjLdn="MG07EILO/MGW:VMGWID=4">
                <measResults>8378 8743 1456112 597 379 0 0 0 7967 0 0 1 2 1 2 775 8376 100 0 0 0 </measResults>
            </measValue>
            <measValue measObjLdn="MG07EILO/MGW:VMGWID=0">
                <measResults>0 0 0 0 0 0 0 0 0 0 0 0 0 0 0 0 0 NIL 0 0 0 </measResults>
            </measValue>
            <measValue measObjLdn="MG07EILO/MGW:VMGWID=9">
                <measResults>8701 9088 1486669 632 382 0 0 0 8242 0 0 0 0 0 4 846 8697 100 0 0 0 </measResults>
            </measValue>
        </measInfo>
        <measInfo measInfoId="100665916">
            <granPeriod duration="PT3600S" endTime="2021-08-11T23:00:00+08:00"/>
            <repPeriod duration="PT3600S"/>
            <measTypes>100992080 100992081 100992082 100992083 100992084 100992085 </measTypes>
            <measValue measObjLdn="MG07EILO/MGW:VMGWID=3">
                <measResults>0 0 0 0 0 0 </measResults>
            </measValue>
            <measValue measObjLdn="MG07EILO/MGW:VMGWID=4">
                <measResults>0 0 0 0 0 0 </measResults>
            </measValue>
            <measValue measObjLdn="MG07EILO/MGW:VMGWID=2">
                <measResults>0 0 0 0 0 0 </measResults>
            </measValue>
            <measValue measObjLdn="MG07EILO/MGW:VMGWID=0">
                <measResults>0 0 0 0 0 0 </measResults>
            </measValue>
            <measValue measObjLdn="MG07EILO/MGW:VMGWID=9">
                <measResults>0 0 0 0 0 0 </measResults>
            </measValue>
        </measInfo>
        <measInfo measInfoId="100665842">
            <granPeriod duration="PT3600S" endTime="2021-08-11T23:00:00+08:00"/>
            <repPeriod duration="PT3600S"/>
            <measTypes>100991422 100991423 100991424 100991425 100991426 100992111 100992112 100992113 </measTypes>
            <measValue measObjLdn="MG07EILO/MGW:VMGWID=3">
                <measResults>5964 370 9956 0 5937 0 0 3 </measResults>
            </measValue>
            <measValue measObjLdn="MG07EILO/MGW:VMGWID=4">
                <measResults>6182 381 8724 0 6114 0 0 2 </measResults>
            </measValue>
            <measValue measObjLdn="MG07EILO/MGW:VMGWID=0">
                <measResults>0 0 0 0 0 0 0 0 </measResults>
            </measValue>
            <measValue measObjLdn="MG07EILO/MGW:VMGWID=2">
                <measResults>6261 509 9335 0 6321 0 0 6 </measResults>
            </measValue>
            <measValue measObjLdn="MG07EILO/MGW:VMGWID=9">
                <measResults>6506 374 9046 0 6528 0 0 4 </measResults>
            </measValue>
        </measInfo>
        <measInfo measInfoId="100665915">
            <granPeriod duration="PT3600S" endTime="2021-08-11T23:00:00+08:00"/>
            <repPeriod duration="PT3600S"/>
            <measTypes>100992048 100992049 100992050 100992051 100992052 100992053 100992054 100992055 100992056 100992057 100992058 100992059 100992060 100992061 100992062 100992063 100992064 100992065 100992066 100992067 100992068 100992069 100992070 100992071 100992072 100992073 100992074 100992075 100992076 100992077 100992078 100992079 </measTypes>
            <measValue measObjLdn="MG07EILO/MGW:VMGWID=4">
                <measResults>60 60 0 0 0 0 0 0 0 0 10786 10786 435 435 2 2 869 869 84 84 0 0 0 0 0 0 0 0 120 120 0 0 </measResults>
            </measValue>
            <measValue measObjLdn="MG07EILO/MGW:VMGWID=0">
                <measResults>0 0 0 0 0 0 0 0 0 0 0 0 0 0 0 0 0 0 0 0 0 0 0 0 0 0 0 0 0 0 0 0 </measResults>
            </measValue>
            <measValue measObjLdn="MG07EILO/MGW:VMGWID=2">
                <measResults>57 57 0 0 0 0 0 0 0 0 11171 11171 480 480 2 2 866 866 78 78 0 0 0 0 0 0 0 0 198 198 0 0 </measResults>
            </measValue>
            <measValue measObjLdn="MG07EILO/MGW:VMGWID=9">
                <measResults>64 64 0 0 0 0 0 0 0 0 11534 11534 559 559 2 2 814 814 83 83 0 0 0 0 0 0 0 0 225 225 0 0 </measResults>
            </measValue>
            <measValue measObjLdn="MG07EILO/MGW:VMGWID=3">
                <measResults>69 69 0 0 0 0 0 0 0 0 10610 10610 473 473 4 4 638 638 83 83 0 0 0 0 0 0 0 0 165 165 0 0 </measResults>
            </measValue>
        </measInfo>
        <measInfo measInfoId="100665835">
            <granPeriod duration="PT3600S" endTime="2021-08-11T23:00:00+08:00"/>
            <repPeriod duration="PT3600S"/>
            <measTypes>100991386 100991387 100991388 </measTypes>
            <measValue measObjLdn="MG07EILO/Board:FN=1, SN=1, BP=Front">
                <measResults>266 3072 9 </measResults>
            </measValue>
            <measValue measObjLdn="MG07EILO/Board:FN=1, SN=2, BP=Front">
                <measResults>23 2304 1 </measResults>
            </measValue>
            <measValue measObjLdn="MG07EILO/Board:FN=2, SN=0, BP=Front">
                <measResults>25 2816 1 </measResults>
            </measValue>
            <measValue measObjLdn="MG07EILO/Board:FN=3, SN=13, BP=Front">
                <measResults>20 1344 1 </measResults>
            </measValue>
            <measValue measObjLdn="MG07EILO/Board:FN=3, SN=11, BP=Front">
                <measResults>22 1344 2 </measResults>
            </measValue>
            <measValue measObjLdn="MG07EILO/Board:FN=3, SN=12, BP=Front">
                <measResults>22 1344 2 </measResults>
            </measValue>
            <measValue measObjLdn="MG07EILO/Board:FN=1, SN=13, BP=Front">
                <measResults>23 1344 2 </measResults>
            </measValue>
            <measValue measObjLdn="MG07EILO/Board:FN=1, SN=12, BP=Front">
                <measResults>27 3072 1 </measResults>
            </measValue>
            <measValue measObjLdn="MG07EILO/Board:FN=1, SN=11, BP=Front">
                <measResults>28 3072 1 </measResults>
            </measValue>
            <measValue measObjLdn="MG07EILO/Board:FN=2, SN=10, BP=Front">
                <measResults>275 3072 9 </measResults>
            </measValue>
            <measValue measObjLdn="MG07EILO/Board:FN=2, SN=3, BP=Front">
                <measResults>24 3072 1 </measResults>
            </measValue>
            <measValue measObjLdn="MG07EILO/Board:FN=2, SN=1, BP=Front">
                <measResults>264 3072 9 </measResults>
            </measValue>
            <measValue measObjLdn="MG07EILO/Board:FN=2, SN=2, BP=Front">
                <measResults>22 1344 2 </measResults>
            </measValue>
            <measValue measObjLdn="MG07EILO/Board:FN=3, SN=0, BP=Front">
                <measResults>23 2816 1 </measResults>
            </measValue>
            <measValue measObjLdn="MG07EILO/Board:FN=1, SN=0, BP=Front">
                <measResults>25 2816 1 </measResults>
            </measValue>
            <measValue measObjLdn="MG07EILO/Board:FN=2, SN=13, BP=Front">
                <measResults>266 3072 9 </measResults>
            </measValue>
            <measValue measObjLdn="MG07EILO/Board:FN=2, SN=11, BP=Front">
                <measResults>28 3072 1 </measResults>
            </measValue>
            <measValue measObjLdn="MG07EILO/Board:FN=2, SN=12, BP=Front">
                <measResults>272 3072 9 </measResults>
            </measValue>
            <measValue measObjLdn="MG07EILO/Board:FN=3, SN=10, BP=Front">
                <measResults>272 3072 9 </measResults>
            </measValue>
            <measValue measObjLdn="MG07EILO/Board:FN=1, SN=10, BP=Front">
                <measResults>267 3072 9 </measResults>
            </measValue>
            <measValue measObjLdn="MG07EILO/Board:FN=3, SN=3, BP=Front">
                <measResults>272 3072 9 </measResults>
            </measValue>
            <measValue measObjLdn="MG07EILO/Board:FN=3, SN=2, BP=Front">
                <measResults>19 2304 1 </measResults>
            </measValue>
            <measValue measObjLdn="MG07EILO/Board:FN=3, SN=1, BP=Front">
                <measResults>277 3072 9 </measResults>
            </measValue>
            <measValue measObjLdn="MG07EILO/Board:FN=1, SN=3, BP=Front">
                <measResults>25 3072 1 </measResults>
            </measValue>
        </measInfo>
        <measInfo measInfoId="100665859">
            <granPeriod duration="PT3600S" endTime="2021-08-11T23:00:00+08:00"/>
            <repPeriod duration="PT3600S"/>
            <measTypes>100991582 100991583 100991584 </measTypes>
            <measValue measObjLdn="MG07EILO/Board:FN=1, SN=12, BP=Front">
                <measResults>0 0 NIL </measResults>
            </measValue>
            <measValue measObjLdn="MG07EILO/Board:FN=1, SN=11, BP=Front">
                <measResults>0 0 NIL </measResults>
            </measValue>
            <measValue measObjLdn="MG07EILO/Board:FN=2, SN=3, BP=Front">
                <measResults>0 0 NIL </measResults>
            </measValue>
            <measValue measObjLdn="MG07EILO/Board:FN=2, SN=1, BP=Front">
                <measResults>0 0 NIL </measResults>
            </measValue>
            <measValue measObjLdn="MG07EILO/Board:FN=2, SN=2, BP=Front">
                <measResults>0 0 NIL </measResults>
            </measValue>
            <measValue measObjLdn="MG07EILO/Board:FN=3, SN=0, BP=Front">
                <measResults>2 340 1 </measResults>
            </measValue>
            <measValue measObjLdn="MG07EILO/Board:FN=1, SN=0, BP=Front">
                <measResults>0 340 0 </measResults>
            </measValue>
            <measValue measObjLdn="MG07EILO/Board:FN=2, SN=13, BP=Front">
                <measResults>0 0 NIL </measResults>
            </measValue>
            <measValue measObjLdn="MG07EILO/Board:FN=2, SN=11, BP=Front">
                <measResults>0 0 NIL </measResults>
            </measValue>
            <measValue measObjLdn="MG07EILO/Board:FN=2, SN=12, BP=Front">
                <measResults>0 0 NIL </measResults>
            </measValue>
            <measValue measObjLdn="MG07EILO/Board:FN=3, SN=10, BP=Front">
                <measResults>0 0 NIL </measResults>
            </measValue>
            <measValue measObjLdn="MG07EILO/Board:FN=1, SN=10, BP=Front">
                <measResults>0 0 NIL </measResults>
            </measValue>
            <measValue measObjLdn="MG07EILO/Board:FN=3, SN=3, BP=Front">
                <measResults>0 0 NIL </measResults>
            </measValue>
            <measValue measObjLdn="MG07EILO/Board:FN=3, SN=2, BP=Front">
                <measResults>0 0 NIL </measResults>
            </measValue>
            <measValue measObjLdn="MG07EILO/Board:FN=3, SN=1, BP=Front">
                <measResults>0 0 NIL </measResults>
            </measValue>
            <measValue measObjLdn="MG07EILO/Board:FN=1, SN=3, BP=Front">
                <measResults>0 0 NIL </measResults>
            </measValue>
            <measValue measObjLdn="MG07EILO/Board:FN=1, SN=1, BP=Front">
                <measResults>0 0 NIL </measResults>
            </measValue>
            <measValue measObjLdn="MG07EILO/Board:FN=1, SN=2, BP=Front">
                <measResults>0 0 NIL </measResults>
            </measValue>
            <measValue measObjLdn="MG07EILO/Board:FN=2, SN=0, BP=Front">
                <measResults>0 340 0 </measResults>
            </measValue>
            <measValue measObjLdn="MG07EILO/Board:FN=3, SN=13, BP=Front">
                <measResults>0 0 NIL </measResults>
            </measValue>
            <measValue measObjLdn="MG07EILO/Board:FN=3, SN=11, BP=Front">
                <measResults>0 0 NIL </measResults>
            </measValue>
            <measValue measObjLdn="MG07EILO/Board:FN=3, SN=12, BP=Front">
                <measResults>0 0 NIL </measResults>
            </measValue>
            <measValue measObjLdn="MG07EILO/Board:FN=1, SN=13, BP=Front">
                <measResults>0 0 NIL </measResults>
            </measValue>
            <measValue measObjLdn="MG07EILO/Board:FN=2, SN=10, BP=Front">
                <measResults>0 0 NIL </measResults>
            </measValue>
        </measInfo>
        <measInfo measInfoId="100665821">
            <granPeriod duration="PT3600S" endTime="2021-08-11T23:00:00+08:00"/>
            <repPeriod duration="PT3600S"/>
            <measTypes>100991203 100991204 </measTypes>
            <measValue measObjLdn="MG07EILO/M3UADsp:Label=MS02EILO_0, INDEX =0">
                <measResults>0 0 </measResults>
            </measValue>
            <measValue measObjLdn="MG07EILO/M3UADsp:Label=MS02EILO_1, INDEX =100">
                <measResults>0 3600 </measResults>
            </measValue>
        </measInfo>
        <measInfo measInfoId="100665819">
            <granPeriod duration="PT3600S" endTime="2021-08-11T23:00:00+08:00"/>
            <repPeriod duration="PT3600S"/>
            <measTypes>100991155 100991156 100991157 100991158 100991159 100991160 100991161 100991162 100991163 100991164 100991165 100991166 100991167 100991168 100991169 100991170 100991171 100991172 100991173 100991174 100991175 100991176 100991177 100991836 100991837 100991838 100991839 100991840 100991841 100991842 100991843 100991844 </measTypes>
            <measValue measObjLdn="MG07EILO/M3UALinkSet:Label=MS02EILO, INDEX =0">
                <measResults>0 0 0 0 0 0 0 0 0 0 0 0 0 0 0 0 0 0 0 0 0 0 0 0 0 0 0 0 0 0 0 0 </measResults>
            </measValue>
        </measInfo>
        <measInfo measInfoId="100665820">
            <granPeriod duration="PT3600S" endTime="2021-08-11T23:00:00+08:00"/>
            <repPeriod duration="PT3600S"/>
            <measTypes>100991178 100991179 100991180 100991181 100991182 100991183 100991184 100991185 100991186 100991187 100991188 100991189 100991190 100991191 100991192 100991193 100991194 100991195 100991196 100991197 100991198 100991199 100991200 100991201 100991202 100991395 100991396 </measTypes>
            <measValue measObjLdn="MG07EILO/M3UALink:Label=MS02EILO_05, LinkNo=5">
                <measResults>0 0 0 0 0 0 0 0 0 0 0 0 0 0 0 0 0 0 0 0 0 0 0 0 0 50 50 </measResults>
            </measValue>
            <measValue measObjLdn="MG07EILO/M3UALink:Label=MS02EILO_10, LinkNo=10">
                <measResults>0 0 0 0 0 0 0 0 0 0 0 0 0 0 0 0 0 0 0 0 0 0 0 0 0 50 50 </measResults>
            </measValue>
            <measValue measObjLdn="MG07EILO/M3UALink:Label=MS02EILO_04, LinkNo=4">
                <measResults>0 0 0 0 0 0 0 0 0 0 0 0 0 0 0 0 0 0 0 0 0 0 0 0 0 50 50 </measResults>
            </measValue>
            <measValue measObjLdn="MG07EILO/M3UALink:Label=MS02EILO_01, LinkNo=1">
                <measResults>0 0 0 0 0 0 0 0 0 0 0 0 0 0 0 0 0 0 0 0 0 0 0 0 0 50 50 </measResults>
            </measValue>
            <measValue measObjLdn="MG07EILO/M3UALink:Label=MS02EILO_02, LinkNo=2">
                <measResults>0 0 0 0 0 0 0 0 0 0 0 0 0 0 0 0 0 0 0 0 0 0 0 0 0 50 50 </measResults>
            </measValue>
            <measValue measObjLdn="MG07EILO/M3UALink:Label=MS02EILO_00, LinkNo=0">
                <measResults>0 0 0 0 0 0 0 0 0 0 0 0 0 0 0 0 0 0 0 0 0 0 0 0 0 50 50 </measResults>
            </measValue>
            <measValue measObjLdn="MG07EILO/M3UALink:Label=MS02EILO_06, LinkNo=6">
                <measResults>0 0 0 0 0 0 0 0 0 0 0 0 0 0 0 0 0 0 0 0 0 0 0 0 0 50 50 </measResults>
            </measValue>
            <measValue measObjLdn="MG07EILO/M3UALink:Label=MS02EILO_11, LinkNo=11">
                <measResults>0 0 0 0 0 0 0 0 0 0 0 0 0 0 0 0 0 0 0 0 0 0 0 0 0 50 50 </measResults>
            </measValue>
            <measValue measObjLdn="MG07EILO/M3UALink:Label=MS02EILO_08, LinkNo=8">
                <measResults>0 0 0 0 0 0 0 0 0 0 0 0 0 0 0 0 0 0 0 0 0 0 0 0 0 50 50 </measResults>
            </measValue>
            <measValue measObjLdn="MG07EILO/M3UALink:Label=MS02EILO_09, LinkNo=9">
                <measResults>0 0 0 0 0 0 0 0 0 0 0 0 0 0 0 0 0 0 0 0 0 0 0 0 0 50 50 </measResults>
            </measValue>
            <measValue measObjLdn="MG07EILO/M3UALink:Label=MS02EILO_07, LinkNo=7">
                <measResults>0 0 0 0 0 0 0 0 0 0 0 0 0 0 0 0 0 0 0 0 0 0 0 0 0 50 50 </measResults>
            </measValue>
            <measValue measObjLdn="MG07EILO/M3UALink:Label=MS02EILO_03, LinkNo=3">
                <measResults>0 0 0 0 0 0 0 0 0 0 0 0 0 0 0 0 0 0 0 0 0 0 0 0 0 50 50 </measResults>
            </measValue>
        </measInfo>
        <measInfo measInfoId="100665837">
            <granPeriod duration="PT3600S" endTime="2021-08-11T23:00:00+08:00"/>
            <repPeriod duration="PT3600S"/>
            <measTypes>100991393 100991394 </measTypes>
            <measValue measObjLdn="MG07EILO/IntfNo:BN=0, IN=0, BT=OMU">
                <measResults>0 0 </measResults>
            </measValue>
            <measValue measObjLdn="MG07EILO/IntfNo:BN=1, IN=1, BT=HRB">
                <measResults>0 0 </measResults>
            </measValue>
            <measValue measObjLdn="MG07EILO/IntfNo:BN=2, IN=0, BT=TNU">
                <measResults>0 0 </measResults>
            </measValue>
            <measValue measObjLdn="MG07EILO/IntfNo:BN=3, IN=0, BT=TNU">
                <measResults>0 0 </measResults>
            </measValue>
            <measValue measObjLdn="MG07EILO/IntfNo:BN=5, IN=3, BT=HRB">
                <measResults>0 0 </measResults>
            </measValue>
            <measValue measObjLdn="MG07EILO/IntfNo:BN=1, IN=0, BT=TNU">
                <measResults>3538 19851 </measResults>
            </measValue>
            <measValue measObjLdn="MG07EILO/IntfNo:BN=1, IN=0, BT=HRB">
                <measResults>0 0 </measResults>
            </measValue>
            <measValue measObjLdn="MG07EILO/IntfNo:BN=4, IN=0, BT=HRB">
                <measResults>0 0 </measResults>
            </measValue>
            <measValue measObjLdn="MG07EILO/IntfNo:BN=2, IN=1, BT=HRB">
                <measResults>0 0 </measResults>
            </measValue>
            <measValue measObjLdn="MG07EILO/IntfNo:BN=5, IN=2, BT=HRB">
                <measResults>0 0 </measResults>
            </measValue>
            <measValue measObjLdn="MG07EILO/IntfNo:BN=2, IN=0, BT=HRB">
                <measResults>0 0 </measResults>
            </measValue>
            <measValue measObjLdn="MG07EILO/IntfNo:BN=0, IN=0, BT=HRB">
                <measResults>0 0 </measResults>
            </measValue>
            <measValue measObjLdn="MG07EILO/IntfNo:BN=3, IN=0, BT=HRB">
                <measResults>0 0 </measResults>
            </measValue>
            <measValue measObjLdn="MG07EILO/IntfNo:BN=3, IN=1, BT=HRB">
                <measResults>0 0 </measResults>
            </measValue>
            <measValue measObjLdn="MG07EILO/IntfNo:BN=0, IN=1, BT=HRB">
                <measResults>0 0 </measResults>
            </measValue>
            <measValue measObjLdn="MG07EILO/IntfNo:BN=4, IN=1, BT=HRB">
                <measResults>0 0 </measResults>
            </measValue>
            <measValue measObjLdn="MG07EILO/IntfNo:BN=5, IN=0, BT=HRB">
                <measResults>0 0 </measResults>
            </measValue>
            <measValue measObjLdn="MG07EILO/IntfNo:BN=5, IN=1, BT=HRB">
                <measResults>0 0 </measResults>
            </measValue>
        </measInfo>
        <measInfo measInfoId="100666295">
            <granPeriod duration="PT3600S" endTime="2021-08-11T23:00:00+08:00"/>
            <repPeriod duration="PT3600S"/>
            <measTypes>101053297 101053298 101053299 101053300 101053301 </measTypes>
            <measValue measObjLdn="MG07EILO/Local IP:0@10.241.174.68/28/Remote IP:0@10.129.148.100/28">
                <measResults>1910494 1041259 64561 30795 1 </measResults>
            </measValue>
            <measValue measObjLdn="MG07EILO/Local IP:0@10.241.174.68/28/Remote IP:0@10.241.164.4/32">
                <measResults>5982682 6102435 98643 103188 0 </measResults>
            </measValue>
            <measValue measObjLdn="MG07EILO/Local IP:0@10.241.174.68/28/Remote IP:0@10.169.18.76/32">
                <measResults>45577418 45519073 785897 822908 442 </measResults>
            </measValue>
            <measValue measObjLdn="MG07EILO/Local IP:0@10.241.174.68/28/Remote IP:0@10.241.177.36/28">
                <measResults>0 0 0 0 0 </measResults>
            </measValue>
            <measValue measObjLdn="MG07EILO/Local IP:0@10.241.174.68/28/Remote IP:0@10.245.70.12/32">
                <measResults>1031584 887028 17263 15547 750 </measResults>
            </measValue>
            <measValue measObjLdn="MG07EILO/Local IP:0@10.241.174.68/28/Remote IP:0@10.169.36.68/28">
                <measResults>213543 137970 7154 4157 0 </measResults>
            </measValue>
            <measValue measObjLdn="MG07EILO/Local IP:0@10.241.174.68/28/Remote IP:0@10.241.174.52/28">
                <measResults>64501 27077 2203 765 0 </measResults>
            </measValue>
            <measValue measObjLdn="MG07EILO/Local IP:0@10.241.174.68/28/Remote IP:0@10.169.36.52/28">
                <measResults>218556 136966 7463 4294 0 </measResults>
            </measValue>
            <measValue measObjLdn="MG07EILO/Local IP:0@10.241.174.68/28/Remote IP:0@10.129.130.180/28">
                <measResults>312327 250269 9382 7135 0 </measResults>
            </measValue>
            <measValue measObjLdn="MG07EILO/Local IP:0@10.241.174.68/28/Remote IP:0@10.129.148.116/28">
                <measResults>19162797 11335933 632918 337405 429 </measResults>
            </measValue>
            <measValue measObjLdn="MG07EILO/Local IP:0@10.241.174.68/28/Remote IP:0@10.167.73.20/28">
                <measResults>7206639 5037362 238254 152373 29 </measResults>
            </measValue>
            <measValue measObjLdn="MG07EILO/Local IP:0@10.241.174.68/28/Remote IP:0@10.167.104.36/28">
                <measResults>258514 153640 8894 4844 0 </measResults>
            </measValue>
            <measValue measObjLdn="MG07EILO/Local IP:0@10.241.174.68/28/Remote IP:0@10.241.177.20/28">
                <measResults>26752 12211 913 345 0 </measResults>
            </measValue>
            <measValue measObjLdn="MG07EILO/Local IP:0@10.241.174.68/28/Remote IP:0@10.241.173.4/28">
                <measResults>264777 167832 8826 5064 0 </measResults>
            </measValue>
            <measValue measObjLdn="MG07EILO/Local IP:0@10.241.174.68/28/Remote IP:0@10.241.174.36/28">
                <measResults>1031682 695573 34881 21399 0 </measResults>
            </measValue>
            <measValue measObjLdn="MG07EILO/Local IP:0@10.241.174.68/28/Remote IP:0@10.241.176.68/28">
                <measResults>188 56 6 2 0 </measResults>
            </measValue>
            <measValue measObjLdn="MG07EILO/Local IP:0@10.241.174.68/28/Remote IP:0@10.245.69.36/28">
                <measResults>30822412 30506441 924928 908254 34 </measResults>
            </measValue>
            <measValue measObjLdn="MG07EILO/Local IP:0@10.241.174.68/28/Remote IP:0@10.167.73.36/28">
                <measResults>4099693 4004528 177265 180124 3 </measResults>
            </measValue>
            <measValue measObjLdn="MG07EILO/Local IP:0@10.241.174.68/28/Remote IP:0@10.241.176.52/28">
                <measResults>288380 173272 9665 5162 0 </measResults>
            </measValue>
            <measValue measObjLdn="MG07EILO/Local IP:0@10.241.174.68/28/Remote IP:0@10.245.69.52/28">
                <measResults>22904 7772 760 189 0 </measResults>
            </measValue>
            <measValue measObjLdn="MG07EILO/Local IP:0@10.241.174.68/28/Remote IP:0@10.241.164.12/32">
                <measResults>5881141 5837091 95844 97307 0 </measResults>
            </measValue>
            <measValue measObjLdn="MG07EILO/Local IP:0@10.241.174.68/28/Remote IP:0@10.167.104.4/28">
                <measResults>235835 152837 7974 4726 0 </measResults>
            </measValue>
            <measValue measObjLdn="MG07EILO/Local IP:0@10.241.174.68/28/Remote IP:0@10.169.18.68/32">
                <measResults>44870762 46836548 769719 848814 377 </measResults>
            </measValue>
            <measValue measObjLdn="MG07EILO/Local IP:0@10.241.174.68/28/Remote IP:0@10.167.73.52/28">
                <measResults>1119970 1055987 34353 31691 1 </measResults>
            </measValue>
            <measValue measObjLdn="MG07EILO/Local IP:0@10.241.174.68/28/Remote IP:0@10.245.70.4/32">
                <measResults>1082695 1013902 18166 18213 872 </measResults>
            </measValue>
            <measValue measObjLdn="MG07EILO/Local IP:0@10.241.174.68/28/Remote IP:0@10.129.130.197/28">
                <measResults>161236 121120 5305 3777 0 </measResults>
            </measValue>
        </measInfo>
        <measInfo measInfoId="100665905">
            <granPeriod duration="PT3600S" endTime="2021-08-11T23:00:00+08:00"/>
            <repPeriod duration="PT3600S"/>
            <measTypes>100991826 100991827 100991828 100991829 100991830 100991832 100991833 100991834 100991835 100991898 100991899 </measTypes>
            <measValue measObjLdn="MG07EILO/Local IP:0@10.241.174.68/28/Remote IP:0@10.245.69.36/28">
                <measResults>4.1 2.6 3.9 0 0 0 11 104 2336 2451 6319 </measResults>
            </measValue>
            <measValue measObjLdn="MG07EILO/Local IP:0@10.241.174.68/28/Remote IP:0@10.241.174.36/28">
                <measResults>0 0 0 0 0 0 0 0 31 31 123 </measResults>
            </measValue>
            <measValue measObjLdn="MG07EILO/Local IP:0@10.241.174.68/28/Remote IP:0@10.129.148.100/28">
                <measResults>4.1 3.4 1.2 0 0 0 0 2 65 67 256 </measResults>
            </measValue>
            <measValue measObjLdn="MG07EILO/Local IP:0@10.241.174.68/28/Remote IP:0@10.245.69.52/28">
                <measResults>0 0 0 0 0 0 0 0 2 2 44 </measResults>
            </measValue>
            <measValue measObjLdn="MG07EILO/Local IP:0@10.241.174.68/28/Remote IP:0@10.241.173.4/28">
                <measResults>0 0 0 0 0 0 0 0 5 5 24 </measResults>
            </measValue>
            <measValue measObjLdn="MG07EILO/Local IP:0@10.241.174.68/28/Remote IP:0@10.129.130.180/28">
                <measResults>0 0 0 0 0 0 0 3 3 6 37 </measResults>
            </measValue>
            <measValue measObjLdn="MG07EILO/Local IP:0@10.241.174.68/28/Remote IP:0@10.129.148.116/28">
                <measResults>4.1 2.6 3.8 0 2 0 8 64 878 950 2589 </measResults>
            </measValue>
            <measValue measObjLdn="MG07EILO/Local IP:0@10.241.174.68/28/Remote IP:0@10.167.104.4/28">
                <measResults>0 0 0 0 0 0 0 0 4 4 30 </measResults>
            </measValue>
            <measValue measObjLdn="MG07EILO/Local IP:0@10.241.174.68/28/Remote IP:0@10.241.177.20/28">
                <measResults>0 0 0 0 0 0 0 0 0 0 7 </measResults>
            </measValue>
            <measValue measObjLdn="MG07EILO/Local IP:0@10.241.174.68/28/Remote IP:0@10.129.130.197/28">
                <measResults>0 0 0 0 0 0 0 0 2 2 17 </measResults>
            </measValue>
            <measValue measObjLdn="MG07EILO/Local IP:0@10.241.174.68/28/Remote IP:0@10.241.174.52/28">
                <measResults>0 0 0 0 0 0 0 0 3 3 9 </measResults>
            </measValue>
            <measValue measObjLdn="MG07EILO/Local IP:0@10.241.174.68/28/Remote IP:0@10.167.73.20/28">
                <measResults>4.3 3.1 2.3 0 0 0 0 0 94 94 1193 </measResults>
            </measValue>
            <measValue measObjLdn="MG07EILO/Local IP:0@10.241.174.68/28/Remote IP:0@10.169.18.76/32">
                <measResults>4.1 1 3.4 0 47 0 197 2650 291 3138 9623 </measResults>
            </measValue>
            <measValue measObjLdn="MG07EILO/Local IP:0@10.241.174.68/28/Remote IP:0@10.241.177.36/28">
                <measResults>0 0 0 0 0 0 0 0 0 0 2 </measResults>
            </measValue>
            <measValue measObjLdn="MG07EILO/Local IP:0@10.241.174.68/28/Remote IP:0@10.245.70.12/32">
                <measResults>4.1 2.6 0.4 0 1 0 5 45 5 55 183 </measResults>
            </measValue>
            <measValue measObjLdn="MG07EILO/Local IP:0@10.241.174.68/28/Remote IP:0@10.241.176.52/28">
                <measResults>0 0 0 0 0 0 0 0 7 7 28 </measResults>
            </measValue>
            <measValue measObjLdn="MG07EILO/Local IP:0@10.241.174.68/28/Remote IP:0@10.169.36.52/28">
                <measResults>0 0 0 0 0 0 0 0 4 4 17 </measResults>
            </measValue>
            <measValue measObjLdn="MG07EILO/Local IP:0@10.241.174.68/28/Remote IP:0@10.169.18.68/32">
                <measResults>4.1 2.6 3.4 0 47 0 206 2608 280 3094 9731 </measResults>
            </measValue>
            <measValue measObjLdn="MG07EILO/Local IP:0@10.241.174.68/28/Remote IP:0@10.241.176.68/28">
                <measResults>0 0 0 0 0 0 0 0 0 0 3 </measResults>
            </measValue>
            <measValue measObjLdn="MG07EILO/Local IP:0@10.241.174.68/28/Remote IP:0@10.245.70.4/32">
                <measResults>4.1 2.6 0.9 0 1 0 4 51 3 58 209 </measResults>
            </measValue>
            <measValue measObjLdn="MG07EILO/Local IP:0@10.241.174.68/28/Remote IP:0@10.167.73.52/28">
                <measResults>4.1 2.6 1.3 0 0 0 0 0 44 44 243 </measResults>
            </measValue>
            <measValue measObjLdn="MG07EILO/Local IP:0@10.241.174.68/28/Remote IP:0@10.241.164.12/32">
                <measResults>4.1 2.6 1.6 0 5 0 36 275 20 331 1221 </measResults>
            </measValue>
            <measValue measObjLdn="MG07EILO/Local IP:0@10.241.174.68/28/Remote IP:0@10.241.164.4/32">
                <measResults>4.1 2.6 2.2 0 5 0 24 276 24 324 1272 </measResults>
            </measValue>
            <measValue measObjLdn="MG07EILO/Local IP:0@10.241.174.68/28/Remote IP:0@10.167.73.36/28">
                <measResults>4.3 2.7 1.3 0 0 0 1 6 434 441 1572 </measResults>
            </measValue>
            <measValue measObjLdn="MG07EILO/Local IP:0@10.241.174.68/28/Remote IP:0@10.167.104.36/28">
                <measResults>0 0 0 0 0 0 0 0 6 6 23 </measResults>
            </measValue>
            <measValue measObjLdn="MG07EILO/Local IP:0@10.241.174.68/28/Remote IP:0@10.169.36.68/28">
                <measResults>0 0 0 0 0 0 0 0 1 1 58 </measResults>
            </measValue>
        </measInfo>
        <measInfo measInfoId="100666003">
            <granPeriod duration="PT3600S" endTime="2021-08-11T23:00:00+08:00"/>
            <repPeriod duration="PT3600S"/>
            <measTypes>100991561 100993025 100993026 100993027 100993028 100993029 </measTypes>
            <measValue measObjLdn="MG07EILO/Board:FN=1, SN=1, BP=Back">
                <measResults>20 19 0 0 0 0 </measResults>
            </measValue>
            <measValue measObjLdn="MG07EILO/Board:FN=2, SN=10, BP=Back">
                <measResults>0 0 0 0 0 0 </measResults>
            </measValue>
            <measValue measObjLdn="MG07EILO/Board:FN=3, SN=11, BP=Front">
                <measResults>4 3 0 0 0 0 </measResults>
            </measValue>
            <measValue measObjLdn="MG07EILO/Board:FN=1, SN=12, BP=Front">
                <measResults>3 3 0 0 0 0 </measResults>
            </measValue>
            <measValue measObjLdn="MG07EILO/Board:FN=1, SN=1, BP=Front">
                <measResults>7 5 0 0 0 0 </measResults>
            </measValue>
            <measValue measObjLdn="MG07EILO/Board:FN=1, SN=2, BP=Front">
                <measResults>4 3 0 0 0 0 </measResults>
            </measValue>
            <measValue measObjLdn="MG07EILO/Board:FN=2, SN=5, BP=Front">
                <measResults>0 0 0 0 0 0 </measResults>
            </measValue>
            <measValue measObjLdn="MG07EILO/Board:FN=1, SN=7, BP=Back">
                <measResults>7 3 0 0 0 0 </measResults>
            </measValue>
            <measValue measObjLdn="MG07EILO/Board:FN=2, SN=11, BP=Back">
                <measResults>0 0 0 0 0 0 </measResults>
            </measValue>
            <measValue measObjLdn="MG07EILO/Board:FN=2, SN=12, BP=Back">
                <measResults>0 0 0 0 0 0 </measResults>
            </measValue>
            <measValue measObjLdn="MG07EILO/Board:FN=3, SN=14, BP=Front">
                <measResults>0 0 0 0 0 0 </measResults>
            </measValue>
            <measValue measObjLdn="MG07EILO/Board:FN=2, SN=9, BP=Front">
                <measResults>0 0 0 0 0 0 </measResults>
            </measValue>
            <measValue measObjLdn="MG07EILO/Board:FN=1, SN=14, BP=Front">
                <measResults>0 0 0 0 0 0 </measResults>
            </measValue>
            <measValue measObjLdn="MG07EILO/Board:FN=1, SN=11, BP=Front">
                <measResults>4 3 0 0 0 0 </measResults>
            </measValue>
            <measValue measObjLdn="MG07EILO/Board:FN=2, SN=7, BP=Front">
                <measResults>4 2 0 0 0 0 </measResults>
            </measValue>
            <measValue measObjLdn="MG07EILO/Board:FN=1, SN=0, BP=Back">
                <measResults>20 18 0 0 0 0 </measResults>
            </measValue>
            <measValue measObjLdn="MG07EILO/Board:FN=2, SN=14, BP=Back">
                <measResults>2 0 0 0 0 0 </measResults>
            </measValue>
            <measValue measObjLdn="MG07EILO/Board:FN=2, SN=14, BP=Front">
                <measResults>0 0 0 0 0 0 </measResults>
            </measValue>
            <measValue measObjLdn="MG07EILO/Board:FN=1, SN=5, BP=Front">
                <measResults>0 0 0 0 0 0 </measResults>
            </measValue>
            <measValue measObjLdn="MG07EILO/Board:FN=2, SN=4, BP=Front">
                <measResults>0 0 0 0 0 0 </measResults>
            </measValue>
            <measValue measObjLdn="MG07EILO/Board:FN=1, SN=6, BP=Front">
                <measResults>0 0 0 0 0 0 </measResults>
            </measValue>
            <measValue measObjLdn="MG07EILO/Board:FN=3, SN=6, BP=Front">
                <measResults>0 0 0 0 0 0 </measResults>
            </measValue>
            <measValue measObjLdn="MG07EILO/Board:FN=3, SN=13, BP=Front">
                <measResults>4 3 0 0 0 0 </measResults>
            </measValue>
            <measValue measObjLdn="MG07EILO/Board:FN=2, SN=15, BP=Back">
                <measResults>0 0 0 0 0 0 </measResults>
            </measValue>
            <measValue measObjLdn="MG07EILO/Board:FN=2, SN=13, BP=Back">
                <measResults>0 0 0 0 0 0 </measResults>
            </measValue>
            <measValue measObjLdn="MG07EILO/Board:FN=3, SN=8, BP=Back">
                <measResults>4 1 0 0 0 0 </measResults>
            </measValue>
            <measValue measObjLdn="MG07EILO/Board:FN=3, SN=15, BP=Front">
                <measResults>0 0 0 0 0 0 </measResults>
            </measValue>
            <measValue measObjLdn="MG07EILO/Board:FN=1, SN=2, BP=Back">
                <measResults>5 3 0 0 0 0 </measResults>
            </measValue>
            <measValue measObjLdn="MG07EILO/Board:FN=1, SN=15, BP=Front">
                <measResults>0 0 0 0 0 0 </measResults>
            </measValue>
            <measValue measObjLdn="MG07EILO/Board:FN=1, SN=11, BP=Back">
                <measResults>0 0 0 0 0 0 </measResults>
            </measValue>
            <measValue measObjLdn="MG07EILO/Board:FN=2, SN=9, BP=Front">
                <measResults>0 0 0 0 0 0 </measResults>
            </measValue>
            <measValue measObjLdn="MG07EILO/Board:FN=1, SN=0, BP=Front">
                <measResults>4 3 0 0 0 0 </measResults>
            </measValue>
            <measValue measObjLdn="MG07EILO/Board:FN=3, SN=0, BP=Front">
                <measResults>4 3 0 0 0 0 </measResults>
            </measValue>
            <measValue measObjLdn="MG07EILO/Board:FN=2, SN=7, BP=Back">
                <measResults>4 1 0 0 0 0 </measResults>
            </measValue>
            <measValue measObjLdn="MG07EILO/Board:FN=3, SN=7, BP=Back">
                <measResults>6 3 0 0 0 0 </measResults>
            </measValue>
            <measValue measObjLdn="MG07EILO/Board:FN=3, SN=10, BP=Back">
                <measResults>0 0 0 0 0 0 </measResults>
            </measValue>
            <measValue measObjLdn="MG07EILO/Board:FN=1, SN=9, BP=Front">
                <measResults>0 0 0 0 0 0 </measResults>
            </measValue>
            <measValue measObjLdn="MG07EILO/Board:FN=1, SN=10, BP=Front">
                <measResults>6 4 0 0 0 0 </measResults>
            </measValue>
            <measValue measObjLdn="MG07EILO/Board:FN=2, SN=8, BP=Front">
                <measResults>5 2 0 0 0 0 </measResults>
            </measValue>
            <measValue measObjLdn="MG07EILO/Board:FN=1, SN=6, BP=Front">
                <measResults>1 0 0 0 0 0 </measResults>
            </measValue>
            <measValue measObjLdn="MG07EILO/Board:FN=2, SN=11, BP=Front">
                <measResults>3 3 0 0 0 0 </measResults>
            </measValue>
            <measValue measObjLdn="MG07EILO/Board:FN=3, SN=2, BP=Front">
                <measResults>4 3 0 0 0 0 </measResults>
            </measValue>
            <measValue measObjLdn="MG07EILO/Board:FN=1, SN=4, BP=Front">
                <measResults>0 0 0 0 0 0 </measResults>
            </measValue>
            <measValue measObjLdn="MG07EILO/Board:FN=1, SN=8, BP=Back">
                <measResults>5 2 0 0 0 0 </measResults>
            </measValue>
            <measValue measObjLdn="MG07EILO/Board:FN=1, SN=3, BP=Back">
                <measResults>5 3 0 0 0 0 </measResults>
            </measValue>
            <measValue measObjLdn="MG07EILO/Board:FN=3, SN=12, BP=Back">
                <measResults>0 0 0 0 0 0 </measResults>
            </measValue>
            <measValue measObjLdn="MG07EILO/Board:FN=3, SN=4, BP=Front">
                <measResults>0 0 0 0 0 0 </measResults>
            </measValue>
            <measValue measObjLdn="MG07EILO/Board:FN=3, SN=9, BP=Front">
                <measResults>0 0 0 0 0 0 </measResults>
            </measValue>
            <measValue measObjLdn="MG07EILO/Board:FN=2, SN=2, BP=Front">
                <measResults>4 3 0 0 0 0 </measResults>
            </measValue>
            <measValue measObjLdn="MG07EILO/Board:FN=2, SN=13, BP=Front">
                <measResults>6 4 0 0 0 0 </measResults>
            </measValue>
            <measValue measObjLdn="MG07EILO/Board:FN=3, SN=1, BP=Front">
                <measResults>8 5 0 0 0 0 </measResults>
            </measValue>
            <measValue measObjLdn="MG07EILO/Board:FN=3, SN=3, BP=Front">
                <measResults>6 4 0 0 0 0 </measResults>
            </measValue>
            <measValue measObjLdn="MG07EILO/Board:FN=3, SN=6, BP=Front">
                <measResults>1 0 0 0 0 0 </measResults>
            </measValue>
            <measValue measObjLdn="MG07EILO/Board:FN=3, SN=15, BP=Back">
                <measResults>0 0 0 0 0 0 </measResults>
            </measValue>
            <measValue measObjLdn="MG07EILO/Board:FN=2, SN=15, BP=Front">
                <measResults>0 0 0 0 0 0 </measResults>
            </measValue>
            <measValue measObjLdn="MG07EILO/Board:FN=1, SN=10, BP=Back">
                <measResults>0 0 0 0 0 0 </measResults>
            </measValue>
            <measValue measObjLdn="MG07EILO/Board:FN=3, SN=11, BP=Back">
                <measResults>0 0 0 0 0 0 </measResults>
            </measValue>
            <measValue measObjLdn="MG07EILO/Board:FN=2, SN=12, BP=Front">
                <measResults>7 4 0 0 0 0 </measResults>
            </measValue>
            <measValue measObjLdn="MG07EILO/Board:FN=1, SN=3, BP=Front">
                <measResults>4 3 0 0 0 0 </measResults>
            </measValue>
            <measValue measObjLdn="MG07EILO/Board:FN=1, SN=13, BP=Front">
                <measResults>4 3 0 0 0 0 </measResults>
            </measValue>
            <measValue measObjLdn="MG07EILO/Board:FN=1, SN=15, BP=Back">
                <measResults>6 6 0 0 0 0 </measResults>
            </measValue>
            <measValue measObjLdn="MG07EILO/Board:FN=3, SN=13, BP=Back">
                <measResults>0 0 0 0 0 0 </measResults>
            </measValue>
            <measValue measObjLdn="MG07EILO/Board:FN=3, SN=8, BP=Front">
                <measResults>4 2 0 0 0 0 </measResults>
            </measValue>
            <measValue measObjLdn="MG07EILO/Board:FN=1, SN=7, BP=Front">
                <measResults>7 3 0 0 0 0 </measResults>
            </measValue>
            <measValue measObjLdn="MG07EILO/Board:FN=1, SN=9, BP=Front">
                <measResults>0 0 0 0 0 0 </measResults>
            </measValue>
            <measValue measObjLdn="MG07EILO/Board:FN=3, SN=5, BP=Front">
                <measResults>0 0 0 0 0 0 </measResults>
            </measValue>
            <measValue measObjLdn="MG07EILO/Board:FN=3, SN=7, BP=Front">
                <measResults>5 2 0 0 0 0 </measResults>
            </measValue>
            <measValue measObjLdn="MG07EILO/Board:FN=2, SN=6, BP=Front">
                <measResults>0 0 0 0 0 0 </measResults>
            </measValue>
            <measValue measObjLdn="MG07EILO/Board:FN=2, SN=6, BP=Front">
                <measResults>1 0 0 0 0 0 </measResults>
            </measValue>
            <measValue measObjLdn="MG07EILO/Board:FN=2, SN=8, BP=Back">
                <measResults>6 3 0 0 0 0 </measResults>
            </measValue>
            <measValue measObjLdn="MG07EILO/Board:FN=2, SN=2, BP=Back">
                <measResults>6 6 0 0 0 0 </measResults>
            </measValue>
            <measValue measObjLdn="MG07EILO/Board:FN=2, SN=1, BP=Front">
                <measResults>7 5 0 0 0 0 </measResults>
            </measValue>
            <measValue measObjLdn="MG07EILO/Board:FN=3, SN=14, BP=Back">
                <measResults>2 0 0 0 0 0 </measResults>
            </measValue>
            <measValue measObjLdn="MG07EILO/Board:FN=3, SN=10, BP=Front">
                <measResults>6 4 0 0 0 0 </measResults>
            </measValue>
            <measValue measObjLdn="MG07EILO/Board:FN=1, SN=8, BP=Front">
                <measResults>12 3 0 0 0 0 </measResults>
            </measValue>
            <measValue measObjLdn="MG07EILO/Board:FN=2, SN=0, BP=Front">
                <measResults>4 3 0 0 0 0 </measResults>
            </measValue>
            <measValue measObjLdn="MG07EILO/Board:FN=3, SN=9, BP=Front">
                <measResults>0 0 0 0 0 0 </measResults>
            </measValue>
            <measValue measObjLdn="MG07EILO/Board:FN=2, SN=3, BP=Front">
                <measResults>3 3 0 0 0 0 </measResults>
            </measValue>
            <measValue measObjLdn="MG07EILO/Board:FN=3, SN=12, BP=Front">
                <measResults>4 3 0 0 0 0 </measResults>
            </measValue>
            <measValue measObjLdn="MG07EILO/Board:FN=2, SN=10, BP=Front">
                <measResults>6 4 0 0 0 0 </measResults>
            </measValue>
        </measInfo>
        <measInfo measInfoId="100665865">
            <granPeriod duration="PT3600S" endTime="2021-08-11T23:00:00+08:00"/>
            <repPeriod duration="PT3600S"/>
            <measTypes>100991585 </measTypes>
            <measValue measObjLdn="MG07EILO/Board:BN=1, IN=1, BT=HRB">
                <measResults>0 </measResults>
            </measValue>
            <measValue measObjLdn="MG07EILO/Board:BN=0, IN=1, BT=HRB">
                <measResults>0 </measResults>
            </measValue>
            <measValue measObjLdn="MG07EILO/Board:BN=0, IN=0, BT=HRB">
                <measResults>10177 </measResults>
            </measValue>
            <measValue measObjLdn="MG07EILO/Board:BN=1, IN=0, BT=HRB">
                <measResults>10149 </measResults>
            </measValue>
            <measValue measObjLdn="MG07EILO/Board:BN=5, IN=1, BT=HRB">
                <measResults>10406 </measResults>
            </measValue>
            <measValue measObjLdn="MG07EILO/Board:BN=5, IN=2, BT=HRB">
                <measResults>0 </measResults>
            </measValue>
            <measValue measObjLdn="MG07EILO/Board:BN=5, IN=3, BT=HRB">
                <measResults>0 </measResults>
            </measValue>
            <measValue measObjLdn="MG07EILO/Board:BN=3, IN=0, BT=HRB">
                <measResults>10288 </measResults>
            </measValue>
            <measValue measObjLdn="MG07EILO/Board:BN=5, IN=0, BT=HRB">
                <measResults>10066 </measResults>
            </measValue>
            <measValue measObjLdn="MG07EILO/Board:BN=4, IN=1, BT=HRB">
                <measResults>0 </measResults>
            </measValue>
            <measValue measObjLdn="MG07EILO/Board:BN=4, IN=0, BT=HRB">
                <measResults>10202 </measResults>
            </measValue>
            <measValue measObjLdn="MG07EILO/Board:BN=2, IN=1, BT=HRB">
                <measResults>0 </measResults>
            </measValue>
            <measValue measObjLdn="MG07EILO/Board:BN=3, IN=1, BT=HRB">
                <measResults>0 </measResults>
            </measValue>
            <measValue measObjLdn="MG07EILO/Board:BN=2, IN=0, BT=HRB">
                <measResults>10178 </measResults>
            </measValue>
        </measInfo>
        <measInfo measInfoId="100665860">
            <granPeriod duration="PT3600S" endTime="2021-08-11T23:00:00+08:00"/>
            <repPeriod duration="PT3600S"/>
            <measTypes>100991525 100991526 100991527 100991528 100991529 </measTypes>
            <measValue measObjLdn="MG07EILO/Board:BN=1, IN=1, BT=HRB">
                <measResults>0 0 0 0 0 </measResults>
            </measValue>
            <measValue measObjLdn="MG07EILO/Board:BN=2, IN=0, BT=HRB">
                <measResults>37411510 881852 40713606 998401 501 </measResults>
            </measValue>
            <measValue measObjLdn="MG07EILO/Board:BN=2, IN=1, BT=HRB">
                <measResults>0 0 0 0 0 </measResults>
            </measValue>
            <measValue measObjLdn="MG07EILO/Board:BN=5, IN=1, BT=HRB">
                <measResults>41019114 1022383 44459607 1136726 462 </measResults>
            </measValue>
            <measValue measObjLdn="MG07EILO/Board:BN=5, IN=0, BT=HRB">
                <measResults>41010360 1006861 44435088 1127238 571 </measResults>
            </measValue>
            <measValue measObjLdn="MG07EILO/Board:BN=0, IN=0, BT=HRB">
                <measResults>37623224 903574 40935347 1020263 599 </measResults>
            </measValue>
            <measValue measObjLdn="MG07EILO/Board:BN=0, IN=1, BT=HRB">
                <measResults>0 0 0 0 0 </measResults>
            </measValue>
            <measValue measObjLdn="MG07EILO/Board:BN=5, IN=3, BT=HRB">
                <measResults>0 0 0 0 0 </measResults>
            </measValue>
            <measValue measObjLdn="MG07EILO/Board:BN=3, IN=0, BT=HRB">
                <measResults>40975006 983816 43043558 1075648 360 </measResults>
            </measValue>
            <measValue measObjLdn="MG07EILO/Board:BN=3, IN=1, BT=HRB">
                <measResults>0 0 0 0 0 </measResults>
            </measValue>
            <measValue measObjLdn="MG07EILO/Board:BN=1, IN=0, BT=HRB">
                <measResults>38277815 897687 41470897 1013615 505 </measResults>
            </measValue>
            <measValue measObjLdn="MG07EILO/Board:BN=5, IN=2, BT=HRB">
                <measResults>0 0 0 0 0 </measResults>
            </measValue>
            <measValue measObjLdn="MG07EILO/Board:BN=4, IN=0, BT=HRB">
                <measResults>36734768 864829 40148317 979995 1053 </measResults>
            </measValue>
            <measValue measObjLdn="MG07EILO/Board:BN=4, IN=1, BT=HRB">
                <measResults>0 0 0 0 0 </measResults>
            </measValue>
        </measInfo>
        <measInfo measInfoId="100665878">
            <granPeriod duration="PT3600S" endTime="2021-08-11T23:00:00+08:00"/>
            <repPeriod duration="PT3600S"/>
            <measTypes>100991615 100991616 </measTypes>
            <measValue measObjLdn="MG07EILO/M3UARoute:LSX=0, DEX=0">
                <measResults>0 0 </measResults>
            </measValue>
        </measInfo>
        <measInfo measInfoId="100665882">
            <granPeriod duration="PT3600S" endTime="2021-08-11T23:00:00+08:00"/>
            <repPeriod duration="PT3600S"/>
            <measTypes>100991629 100991630 100991631 100991632 100991633 100991665 100991666 100991667 100991668 100991669 100991670 100991671 100991672 100992016 </measTypes>
            <measValue measObjLdn="MG07EILO/M3UALink:Label=MS02EILO_05, LinkNo=5">
                <measResults>0 0 5399 5399 0 4 0 1 1 407 407 2 814 0 </measResults>
            </measValue>
            <measValue measObjLdn="MG07EILO/M3UALink:Label=MS02EILO_04, LinkNo=4">
                <measResults>0 0 5398 5398 0 4 0 1 1 407 407 2 814 0 </measResults>
            </measValue>
            <measValue measObjLdn="MG07EILO/M3UALink:Label=MS02EILO_01, LinkNo=1">
                <measResults>0 0 5399 5399 0 4 0 1 1 407 407 2 814 0 </measResults>
            </measValue>
            <measValue measObjLdn="MG07EILO/M3UALink:Label=MS02EILO_00, LinkNo=0">
                <measResults>0 0 5399 5399 0 4 0 1 1 407 407 2 814 0 </measResults>
            </measValue>
            <measValue measObjLdn="MG07EILO/M3UALink:Label=MS02EILO_11, LinkNo=11">
                <measResults>0 0 5397 5395 0 4 0 1 1 407 407 2 814 0 </measResults>
            </measValue>
            <measValue measObjLdn="MG07EILO/M3UALink:Label=MS02EILO_07, LinkNo=7">
                <measResults>0 0 5399 5397 0 4 0 1 1 407 407 2 814 0 </measResults>
            </measValue>
            <measValue measObjLdn="MG07EILO/M3UALink:Label=MS02EILO_10, LinkNo=10">
                <measResults>0 0 5398 5396 0 4 0 1 1 407 407 2 814 0 </measResults>
            </measValue>
            <measValue measObjLdn="MG07EILO/M3UALink:Label=MS02EILO_06, LinkNo=6">
                <measResults>0 0 5396 5395 0 4 0 1 1 407 407 2 814 0 </measResults>
            </measValue>
            <measValue measObjLdn="MG07EILO/M3UALink:Label=MS02EILO_09, LinkNo=9">
                <measResults>0 0 5398 5397 0 4 0 1 1 407 407 2 814 0 </measResults>
            </measValue>
            <measValue measObjLdn="MG07EILO/M3UALink:Label=MS02EILO_08, LinkNo=8">
                <measResults>0 0 5397 5394 0 4 0 1 1 407 407 2 814 0 </measResults>
            </measValue>
            <measValue measObjLdn="MG07EILO/M3UALink:Label=MS02EILO_02, LinkNo=2">
                <measResults>0 0 5398 5394 0 4 0 1 1 407 407 2 814 0 </measResults>
            </measValue>
            <measValue measObjLdn="MG07EILO/M3UALink:Label=MS02EILO_03, LinkNo=3">
                <measResults>0 0 5398 5398 0 4 0 1 1 407 407 2 814 0 </measResults>
            </measValue>
        </measInfo>
        <measInfo measInfoId="100665886">
            <granPeriod duration="PT3600S" endTime="2021-08-11T23:00:00+08:00"/>
            <repPeriod duration="PT3600S"/>
            <measTypes>100991659 100991660 100991661 100991662 100991893 100991894 100991895 </measTypes>
            <measValue measObjLdn="MG07EILO/DomainID:DMID=0">
                <measResults>7168000 45525 7122475 0 0 0 0 </measResults>
            </measValue>
        </measInfo>
        <measInfo measInfoId="100665891">
            <granPeriod duration="PT3600S" endTime="2021-08-11T23:00:00+08:00"/>
            <repPeriod duration="PT3600S"/>
            <measTypes>100991693 100991694 100991695 100991696 100991697 </measTypes>
            <measValue measObjLdn="MG07EILO/BoardframeslotNo:FN=1, SN=7, BP=Front">
                <measResults>1953 352 18 0 0 </measResults>
            </measValue>
            <measValue measObjLdn="MG07EILO/BoardframeslotNo:FN=1, SN=8, BP=Front">
                <measResults>1953 353 18 0 0 </measResults>
            </measValue>
        </measInfo>
        <measInfo measInfoId="100665918">
            <granPeriod duration="PT3600S" endTime="2021-08-11T23:00:00+08:00"/>
            <repPeriod duration="PT3600S"/>
            <measTypes>100992096 100992097 100992098 100992099 100992100 100992101 </measTypes>
            <measValue measObjLdn="MG07EILO/Board:FN=2, SN=7, BP=Front, SUBBN=Mother Board, BT=MPU">
                <measResults>2 0 0 0 0 4 </measResults>
            </measValue>
            <measValue measObjLdn="MG07EILO/Board:FN=1, SN=0, BP=Back, SUBBN=Mother Board, BT=CLK">
                <measResults>18 0 0 0 0 20 </measResults>
            </measValue>
            <measValue measObjLdn="MG07EILO/Board:FN=1, SN=4, BP=Front, SUBBN=Mother Board, BT=SPF">
                <measResults>0 0 0 0 0 0 </measResults>
            </measValue>
            <measValue measObjLdn="MG07EILO/Board:FN=2, SN=5, BP=Front, SUBBN=Mother Board, BT=SPF">
                <measResults>0 0 0 0 0 0 </measResults>
            </measValue>
            <measValue measObjLdn="MG07EILO/Board:FN=1, SN=7, BP=Back, SUBBN=Mother Board, BT=TNU">
                <measResults>3 0 0 0 0 7 </measResults>
            </measValue>
            <measValue measObjLdn="MG07EILO/Board:FN=3, SN=6, BP=Front, SUBBN=Mother Board, BT=CMU">
                <measResults>0 0 0 0 0 1 </measResults>
            </measValue>
            <measValue measObjLdn="MG07EILO/Board:FN=1, SN=1, BP=Back, SUBBN=Mother Board, BT=CLK">
                <measResults>19 0 0 0 0 20 </measResults>
            </measValue>
            <measValue measObjLdn="MG07EILO/Board:FN=1, SN=2, BP=Front, SUBBN=Mother Board, BT=VPU">
                <measResults>3 0 0 0 0 4 </measResults>
            </measValue>
            <measValue measObjLdn="MG07EILO/Board:FN=3, SN=8, BP=Front, SUBBN=Mother Board, BT=MPU">
                <measResults>2 0 0 0 0 4 </measResults>
            </measValue>
            <measValue measObjLdn="MG07EILO/Board:FN=2, SN=11, BP=Back, SUBBN=Mother Board, BT=HRB">
                <measResults>0 0 0 0 0 0 </measResults>
            </measValue>
            <measValue measObjLdn="MG07EILO/Board:FN=2, SN=14, BP=Back, SUBBN=Mother Board, BT=IFU">
                <measResults>0 0 0 0 0 2 </measResults>
            </measValue>
            <measValue measObjLdn="MG07EILO/Board:FN=3, SN=10, BP=Back, SUBBN=Mother Board, BT=HRB">
                <measResults>0 0 0 0 0 0 </measResults>
            </measValue>
            <measValue measObjLdn="MG07EILO/Board:FN=3, SN=15, BP=Back, SUBBN=Mother Board, BT=HRB">
                <measResults>0 0 0 0 0 0 </measResults>
            </measValue>
            <measValue measObjLdn="MG07EILO/Board:FN=3, SN=13, BP=Front, SUBBN=Mother Board, BT=VPU">
                <measResults>3 0 0 0 0 4 </measResults>
            </measValue>
            <measValue measObjLdn="MG07EILO/Board:FN=3, SN=10, BP=Front, SUBBN=Mother Board, BT=VPU">
                <measResults>4 0 0 0 0 6 </measResults>
            </measValue>
            <measValue measObjLdn="MG07EILO/Board:FN=2, SN=6, BP=Front, SUBBN=Mother Board, BT=CMU">
                <measResults>0 0 0 0 0 0 </measResults>
            </measValue>
            <measValue measObjLdn="MG07EILO/Board:FN=3, SN=11, BP=Front, SUBBN=Mother Board, BT=VPU">
                <measResults>3 0 0 0 0 4 </measResults>
            </measValue>
            <measValue measObjLdn="MG07EILO/Board:FN=1, SN=12, BP=Front, SUBBN=Mother Board, BT=VPU">
                <measResults>3 0 0 0 0 3 </measResults>
            </measValue>
            <measValue measObjLdn="MG07EILO/Board:FN=2, SN=13, BP=Back, SUBBN=Mother Board, BT=HRB">
                <measResults>0 0 0 0 0 0 </measResults>
            </measValue>
            <measValue measObjLdn="MG07EILO/Board:FN=1, SN=15, BP=Front, SUBBN=Mother Board, BT=SPF">
                <measResults>0 0 0 0 0 0 </measResults>
            </measValue>
            <measValue measObjLdn="MG07EILO/Board:FN=2, SN=3, BP=Front, SUBBN=Mother Board, BT=VPU">
                <measResults>3 0 0 0 0 3 </measResults>
            </measValue>
            <measValue measObjLdn="MG07EILO/Board:FN=2, SN=9, BP=Front, SUBBN=Mother Board, BT=CMU">
                <measResults>0 0 0 0 0 0 </measResults>
            </measValue>
            <measValue measObjLdn="MG07EILO/Board:FN=2, SN=10, BP=Front, SUBBN=Mother Board, BT=VPU">
                <measResults>4 0 0 0 0 6 </measResults>
            </measValue>
            <measValue measObjLdn="MG07EILO/Board:FN=3, SN=11, BP=Back, SUBBN=Mother Board, BT=HRB">
                <measResults>0 0 0 0 0 0 </measResults>
            </measValue>
            <measValue measObjLdn="MG07EILO/Board:FN=3, SN=8, BP=Back, SUBBN=Mother Board, BT=TNU">
                <measResults>1 0 0 0 0 4 </measResults>
            </measValue>
            <measValue measObjLdn="MG07EILO/Board:FN=3, SN=15, BP=Front, SUBBN=Mother Board, BT=SPF">
                <measResults>0 0 0 0 0 0 </measResults>
            </measValue>
            <measValue measObjLdn="MG07EILO/Board:FN=2, SN=14, BP=Front, SUBBN=Mother Board, BT=SPF">
                <measResults>0 0 0 0 0 0 </measResults>
            </measValue>
            <measValue measObjLdn="MG07EILO/Board:FN=3, SN=7, BP=Back, SUBBN=Mother Board, BT=TNU">
                <measResults>3 0 0 0 0 6 </measResults>
            </measValue>
            <measValue measObjLdn="MG07EILO/Board:FN=2, SN=10, BP=Back, SUBBN=Mother Board, BT=HRB">
                <measResults>0 0 0 0 0 0 </measResults>
            </measValue>
            <measValue measObjLdn="MG07EILO/Board:FN=2, SN=15, BP=Front, SUBBN=Mother Board, BT=SPF">
                <measResults>0 0 0 0 0 0 </measResults>
            </measValue>
            <measValue measObjLdn="MG07EILO/Board:FN=1, SN=11, BP=Back, SUBBN=Mother Board, BT=HRB">
                <measResults>0 0 0 0 0 0 </measResults>
            </measValue>
            <measValue measObjLdn="MG07EILO/Board:FN=3, SN=3, BP=Front, SUBBN=Mother Board, BT=VPU">
                <measResults>4 0 0 0 0 6 </measResults>
            </measValue>
            <measValue measObjLdn="MG07EILO/Board:FN=3, SN=4, BP=Front, SUBBN=Mother Board, BT=SPF">
                <measResults>0 0 0 0 0 0 </measResults>
            </measValue>
            <measValue measObjLdn="MG07EILO/Board:FN=2, SN=6, BP=Front, SUBBN=Sub-Board 0, BT=CMU">
                <measResults>0 0 0 0 0 1 </measResults>
            </measValue>
            <measValue measObjLdn="MG07EILO/Board:FN=2, SN=4, BP=Front, SUBBN=Mother Board, BT=SPF">
                <measResults>0 0 0 0 0 0 </measResults>
            </measValue>
            <measValue measObjLdn="MG07EILO/Board:FN=2, SN=15, BP=Back, SUBBN=Mother Board, BT=IFU">
                <measResults>0 0 0 0 0 0 </measResults>
            </measValue>
            <measValue measObjLdn="MG07EILO/Board:FN=2, SN=8, BP=Front, SUBBN=Mother Board, BT=MPU">
                <measResults>2 0 0 0 0 5 </measResults>
            </measValue>
            <measValue measObjLdn="MG07EILO/Board:FN=1, SN=15, BP=Back, SUBBN=Mother Board, BT=S4L">
                <measResults>6 0 0 0 0 6 </measResults>
            </measValue>
            <measValue measObjLdn="MG07EILO/Board:FN=2, SN=7, BP=Back, SUBBN=Mother Board, BT=TNU">
                <measResults>1 0 0 0 0 4 </measResults>
            </measValue>
            <measValue measObjLdn="MG07EILO/Board:FN=1, SN=11, BP=Front, SUBBN=Mother Board, BT=VPU">
                <measResults>3 0 0 0 0 4 </measResults>
            </measValue>
            <measValue measObjLdn="MG07EILO/Board:FN=3, SN=2, BP=Front, SUBBN=Mother Board, BT=VPU">
                <measResults>3 0 0 0 0 4 </measResults>
            </measValue>
            <measValue measObjLdn="MG07EILO/Board:FN=2, SN=2, BP=Front, SUBBN=Mother Board, BT=VPU">
                <measResults>3 0 0 0 0 4 </measResults>
            </measValue>
            <measValue measObjLdn="MG07EILO/Board:FN=3, SN=9, BP=Front, SUBBN=Mother Board, BT=CMU">
                <measResults>0 0 0 0 0 0 </measResults>
            </measValue>
            <measValue measObjLdn="MG07EILO/Board:FN=3, SN=14, BP=Back, SUBBN=Mother Board, BT=HRB">
                <measResults>0 0 0 0 0 2 </measResults>
            </measValue>
            <measValue measObjLdn="MG07EILO/Board:FN=1, SN=10, BP=Back, SUBBN=Mother Board, BT=HRB">
                <measResults>0 0 0 0 0 0 </measResults>
            </measValue>
            <measValue measObjLdn="MG07EILO/Board:FN=1, SN=14, BP=Front, SUBBN=Mother Board, BT=SPF">
                <measResults>0 0 0 0 0 0 </measResults>
            </measValue>
            <measValue measObjLdn="MG07EILO/Board:FN=2, SN=1, BP=Front, SUBBN=Mother Board, BT=VPU">
                <measResults>5 0 0 0 0 7 </measResults>
            </measValue>
            <measValue measObjLdn="MG07EILO/Board:FN=3, SN=13, BP=Back, SUBBN=Mother Board, BT=HRB">
                <measResults>0 0 0 0 0 0 </measResults>
            </measValue>
            <measValue measObjLdn="MG07EILO/Board:FN=3, SN=0, BP=Front, SUBBN=Mother Board, BT=VPU">
                <measResults>3 0 0 0 0 4 </measResults>
            </measValue>
            <measValue measObjLdn="MG07EILO/Board:FN=1, SN=9, BP=Front, SUBBN=Mother Board, BT=CMU">
                <measResults>0 0 0 0 0 0 </measResults>
            </measValue>
            <measValue measObjLdn="MG07EILO/Board:FN=1, SN=8, BP=Front, SUBBN=Mother Board, BT=OMU">
                <measResults>3 0 0 0 0 12 </measResults>
            </measValue>
            <measValue measObjLdn="MG07EILO/Board:FN=3, SN=7, BP=Front, SUBBN=Mother Board, BT=MPU">
                <measResults>2 0 0 0 0 5 </measResults>
            </measValue>
            <measValue measObjLdn="MG07EILO/Board:FN=1, SN=10, BP=Front, SUBBN=Mother Board, BT=VPU">
                <measResults>4 0 0 0 0 6 </measResults>
            </measValue>
            <measValue measObjLdn="MG07EILO/Board:FN=1, SN=7, BP=Front, SUBBN=Mother Board, BT=OMU">
                <measResults>3 0 0 0 0 7 </measResults>
            </measValue>
            <measValue measObjLdn="MG07EILO/Board:FN=1, SN=8, BP=Back, SUBBN=Mother Board, BT=TNU">
                <measResults>2 0 0 0 0 5 </measResults>
            </measValue>
            <measValue measObjLdn="MG07EILO/Board:FN=3, SN=12, BP=Front, SUBBN=Mother Board, BT=VPU">
                <measResults>3 0 0 0 0 4 </measResults>
            </measValue>
            <measValue measObjLdn="MG07EILO/Board:FN=3, SN=14, BP=Front, SUBBN=Mother Board, BT=SPF">
                <measResults>0 0 0 0 0 0 </measResults>
            </measValue>
            <measValue measObjLdn="MG07EILO/Board:FN=2, SN=9, BP=Front, SUBBN=Sub-Board 0, BT=CMU">
                <measResults>0 0 0 0 0 0 </measResults>
            </measValue>
            <measValue measObjLdn="MG07EILO/Board:FN=2, SN=2, BP=Back, SUBBN=Mother Board, BT=S4L">
                <measResults>6 0 0 0 0 6 </measResults>
            </measValue>
            <measValue measObjLdn="MG07EILO/Board:FN=1, SN=1, BP=Front, SUBBN=Mother Board, BT=VPU">
                <measResults>5 0 0 0 0 7 </measResults>
            </measValue>
            <measValue measObjLdn="MG07EILO/Board:FN=2, SN=11, BP=Front, SUBBN=Mother Board, BT=VPU">
                <measResults>3 0 0 0 0 3 </measResults>
            </measValue>
            <measValue measObjLdn="MG07EILO/Board:FN=1, SN=9, BP=Front, SUBBN=Sub-Board 0, BT=CMU">
                <measResults>0 0 0 0 0 0 </measResults>
            </measValue>
            <measValue measObjLdn="MG07EILO/Board:FN=2, SN=12, BP=Back, SUBBN=Mother Board, BT=HRB">
                <measResults>0 0 0 0 0 0 </measResults>
            </measValue>
            <measValue measObjLdn="MG07EILO/Board:FN=3, SN=6, BP=Front, SUBBN=Sub-Board 0, BT=CMU">
                <measResults>0 0 0 0 0 0 </measResults>
            </measValue>
            <measValue measObjLdn="MG07EILO/Board:FN=3, SN=1, BP=Front, SUBBN=Mother Board, BT=VPU">
                <measResults>5 0 0 0 0 8 </measResults>
            </measValue>
            <measValue measObjLdn="MG07EILO/Board:FN=1, SN=6, BP=Front, SUBBN=Sub-Board 0, BT=CMU">
                <measResults>0 0 0 0 0 1 </measResults>
            </measValue>
            <measValue measObjLdn="MG07EILO/Board:FN=1, SN=0, BP=Front, SUBBN=Mother Board, BT=VPU">
                <measResults>3 0 0 0 0 4 </measResults>
            </measValue>
            <measValue measObjLdn="MG07EILO/Board:FN=1, SN=2, BP=Back, SUBBN=Mother Board, BT=E63">
                <measResults>3 0 0 0 0 5 </measResults>
            </measValue>
            <measValue measObjLdn="MG07EILO/Board:FN=1, SN=6, BP=Front, SUBBN=Mother Board, BT=CMU">
                <measResults>0 0 0 0 0 0 </measResults>
            </measValue>
            <measValue measObjLdn="MG07EILO/Board:FN=2, SN=0, BP=Front, SUBBN=Mother Board, BT=VPU">
                <measResults>3 0 0 0 0 4 </measResults>
            </measValue>
            <measValue measObjLdn="MG07EILO/Board:FN=2, SN=13, BP=Front, SUBBN=Mother Board, BT=VPU">
                <measResults>4 0 0 0 0 6 </measResults>
            </measValue>
            <measValue measObjLdn="MG07EILO/Board:FN=3, SN=9, BP=Front, SUBBN=Sub-Board 0, BT=CMU">
                <measResults>0 0 0 0 0 0 </measResults>
            </measValue>
            <measValue measObjLdn="MG07EILO/Board:FN=1, SN=3, BP=Front, SUBBN=Mother Board, BT=VPU">
                <measResults>3 0 0 0 0 4 </measResults>
            </measValue>
            <measValue measObjLdn="MG07EILO/Board:FN=1, SN=13, BP=Front, SUBBN=Mother Board, BT=VPU">
                <measResults>3 0 0 0 0 4 </measResults>
            </measValue>
            <measValue measObjLdn="MG07EILO/Board:FN=2, SN=12, BP=Front, SUBBN=Mother Board, BT=VPU">
                <measResults>4 0 0 0 0 7 </measResults>
            </measValue>
            <measValue measObjLdn="MG07EILO/Board:FN=3, SN=5, BP=Front, SUBBN=Mother Board, BT=SPF">
                <measResults>0 0 0 0 0 0 </measResults>
            </measValue>
            <measValue measObjLdn="MG07EILO/Board:FN=1, SN=3, BP=Back, SUBBN=Mother Board, BT=E63">
                <measResults>3 0 0 0 0 5 </measResults>
            </measValue>
            <measValue measObjLdn="MG07EILO/Board:FN=1, SN=5, BP=Front, SUBBN=Mother Board, BT=SPF">
                <measResults>0 0 0 0 0 0 </measResults>
            </measValue>
            <measValue measObjLdn="MG07EILO/Board:FN=2, SN=8, BP=Back, SUBBN=Mother Board, BT=TNU">
                <measResults>3 0 0 0 0 6 </measResults>
            </measValue>
            <measValue measObjLdn="MG07EILO/Board:FN=3, SN=12, BP=Back, SUBBN=Mother Board, BT=HRB">
                <measResults>0 0 0 0 0 0 </measResults>
            </measValue>
        </measInfo>
        <measInfo measInfoId="100666008">
            <granPeriod duration="PT3600S" endTime="2021-08-11T23:00:00+08:00"/>
            <repPeriod duration="PT3600S"/>
            <measTypes>100992118 100992119 100992120 100992121 100992122 100992123 100992124 100992125 </measTypes>
            <measValue measObjLdn="MG07EILO/Frame:FN=2/Board:FN=2, SN=13, BP=Back">
                <measResults>0 0 0 0 0 0 0 0 </measResults>
            </measValue>
            <measValue measObjLdn="MG07EILO/Frame:FN=3/Board:FN=3, SN=8, BP=Back">
                <measResults>0 0 0 0 0 0 0 0 </measResults>
            </measValue>
            <measValue measObjLdn="MG07EILO/Frame:FN=2/Board:FN=2, SN=1, BP=Front">
                <measResults>0 0 0 0 0 0 0 2931 </measResults>
            </measValue>
            <measValue measObjLdn="MG07EILO/Frame:FN=1/Board:FN=1, SN=3, BP=Back">
                <measResults>0 0 0 0 0 0 0 0 </measResults>
            </measValue>
            <measValue measObjLdn="MG07EILO/Frame:FN=3/Board:FN=3, SN=12, BP=Back">
                <measResults>0 0 0 0 0 0 0 10669 </measResults>
            </measValue>
            <measValue measObjLdn="MG07EILO/Frame:FN=3/Board:FN=3, SN=11, BP=Back">
                <measResults>0 0 0 0 0 0 0 10672 </measResults>
            </measValue>
            <measValue measObjLdn="MG07EILO/Frame:FN=1/Board:FN=1, SN=0, BP=Front">
                <measResults>0 0 0 0 0 0 0 360 </measResults>
            </measValue>
            <measValue measObjLdn="MG07EILO/Frame:FN=1/Board:FN=1, SN=10, BP=Front">
                <measResults>0 0 0 0 0 0 0 2935 </measResults>
            </measValue>
            <measValue measObjLdn="MG07EILO/Frame:FN=3/Board:FN=3, SN=2, BP=Front">
                <measResults>0 0 0 0 0 0 0 190 </measResults>
            </measValue>
            <measValue measObjLdn="MG07EILO/Frame:FN=2/Board:FN=2, SN=10, BP=Back">
                <measResults>0 0 0 0 0 0 0 10652 </measResults>
            </measValue>
            <measValue measObjLdn="MG07EILO/Frame:FN=3/Board:FN=3, SN=14, BP=Back">
                <measResults>0 0 0 0 0 0 0 21299 </measResults>
            </measValue>
            <measValue measObjLdn="MG07EILO/Frame:FN=2/Board:FN=2, SN=8, BP=Back">
                <measResults>0 0 0 0 0 0 0 0 </measResults>
            </measValue>
            <measValue measObjLdn="MG07EILO/Frame:FN=2/Board:FN=2, SN=10, BP=Front">
                <measResults>0 0 0 0 0 0 0 2975 </measResults>
            </measValue>
            <measValue measObjLdn="MG07EILO/Frame:FN=3/Board:FN=3, SN=13, BP=Front">
                <measResults>0 0 0 0 0 0 0 410 </measResults>
            </measValue>
            <measValue measObjLdn="MG07EILO/Frame:FN=3/Board:FN=3, SN=12, BP=Front">
                <measResults>0 0 0 0 0 0 0 406 </measResults>
            </measValue>
            <measValue measObjLdn="MG07EILO/Frame:FN=1/Board:FN=1, SN=10, BP=Back">
                <measResults>0 0 0 0 0 0 0 0 </measResults>
            </measValue>
            <measValue measObjLdn="MG07EILO/Frame:FN=1/Board:FN=1, SN=11, BP=Front">
                <measResults>0 0 0 0 0 0 0 386 </measResults>
            </measValue>
            <measValue measObjLdn="MG07EILO/Frame:FN=2/Board:FN=2, SN=12, BP=Back">
                <measResults>0 0 0 0 0 0 0 10620 </measResults>
            </measValue>
            <measValue measObjLdn="MG07EILO/Frame:FN=3/Board:FN=3, SN=7, BP=Back">
                <measResults>0 0 0 0 0 0 0 0 </measResults>
            </measValue>
            <measValue measObjLdn="MG07EILO/Frame:FN=2/Board:FN=2, SN=12, BP=Front">
                <measResults>0 0 0 0 0 0 0 2948 </measResults>
            </measValue>
            <measValue measObjLdn="MG07EILO/Frame:FN=2/Board:FN=2, SN=2, BP=Back">
                <measResults>0 0 0 0 0 0 0 0 </measResults>
            </measValue>
            <measValue measObjLdn="MG07EILO/Frame:FN=1/Board:FN=1, SN=13, BP=Front">
                <measResults>0 0 0 0 0 0 0 407 </measResults>
            </measValue>
            <measValue measObjLdn="MG07EILO/Frame:FN=1/Board:FN=1, SN=15, BP=Back">
                <measResults>0 0 0 0 0 0 0 0 </measResults>
            </measValue>
            <measValue measObjLdn="MG07EILO/Frame:FN=1/Board:FN=1, SN=12, BP=Front">
                <measResults>0 0 0 0 0 0 0 394 </measResults>
            </measValue>
            <measValue measObjLdn="MG07EILO/Frame:FN=1/Board:FN=1, SN=2, BP=Back">
                <measResults>0 0 0 0 0 0 0 0 </measResults>
            </measValue>
            <measValue measObjLdn="MG07EILO/Frame:FN=2/Board:FN=2, SN=11, BP=Back">
                <measResults>0 0 0 0 0 0 0 0 </measResults>
            </measValue>
            <measValue measObjLdn="MG07EILO/Frame:FN=1/Board:FN=1, SN=8, BP=Back">
                <measResults>0 0 0 0 0 0 0 0 </measResults>
            </measValue>
            <measValue measObjLdn="MG07EILO/Frame:FN=2/Board:FN=2, SN=0, BP=Front">
                <measResults>0 0 0 0 0 0 0 361 </measResults>
            </measValue>
            <measValue measObjLdn="MG07EILO/Frame:FN=3/Board:FN=3, SN=10, BP=Back">
                <measResults>0 0 0 0 0 0 0 0 </measResults>
            </measValue>
            <measValue measObjLdn="MG07EILO/Frame:FN=2/Board:FN=2, SN=3, BP=Front">
                <measResults>0 0 0 0 0 0 0 389 </measResults>
            </measValue>
            <measValue measObjLdn="MG07EILO/Frame:FN=3/Board:FN=3, SN=1, BP=Front">
                <measResults>0 0 0 0 0 0 0 2955 </measResults>
            </measValue>
            <measValue measObjLdn="MG07EILO/Frame:FN=3/Board:FN=3, SN=11, BP=Front">
                <measResults>0 0 0 0 0 0 0 413 </measResults>
            </measValue>
            <measValue measObjLdn="MG07EILO/Frame:FN=2/Board:FN=2, SN=7, BP=Back">
                <measResults>0 0 0 0 0 0 0 0 </measResults>
            </measValue>
            <measValue measObjLdn="MG07EILO/Frame:FN=2/Board:FN=2, SN=2, BP=Front">
                <measResults>0 0 0 0 0 0 0 419 </measResults>
            </measValue>
            <measValue measObjLdn="MG07EILO/Frame:FN=3/Board:FN=3, SN=13, BP=Back">
                <measResults>0 0 0 0 0 0 0 0 </measResults>
            </measValue>
            <measValue measObjLdn="MG07EILO/Frame:FN=1/Board:FN=1, SN=1, BP=Front">
                <measResults>0 0 0 0 0 0 0 2933 </measResults>
            </measValue>
            <measValue measObjLdn="MG07EILO/Frame:FN=1/Board:FN=1, SN=7, BP=Back">
                <measResults>0 0 0 0 0 0 0 0 </measResults>
            </measValue>
            <measValue measObjLdn="MG07EILO/Frame:FN=3/Board:FN=3, SN=15, BP=Back">
                <measResults>0 0 0 0 0 0 0 0 </measResults>
            </measValue>
            <measValue measObjLdn="MG07EILO/Frame:FN=3/Board:FN=3, SN=3, BP=Front">
                <measResults>0 0 0 0 0 0 0 2918 </measResults>
            </measValue>
            <measValue measObjLdn="MG07EILO/Frame:FN=1/Board:FN=1, SN=3, BP=Front">
                <measResults>0 0 0 0 0 0 0 395 </measResults>
            </measValue>
            <measValue measObjLdn="MG07EILO/Frame:FN=1/Board:FN=1, SN=2, BP=Front">
                <measResults>0 0 0 0 0 0 0 190 </measResults>
            </measValue>
            <measValue measObjLdn="MG07EILO/Frame:FN=2/Board:FN=2, SN=11, BP=Front">
                <measResults>0 0 0 0 0 0 0 392 </measResults>
            </measValue>
            <measValue measObjLdn="MG07EILO/Frame:FN=2/Board:FN=2, SN=13, BP=Front">
                <measResults>0 0 0 0 0 0 0 2970 </measResults>
            </measValue>
            <measValue measObjLdn="MG07EILO/Frame:FN=1/Board:FN=1, SN=11, BP=Back">
                <measResults>0 0 0 0 0 0 0 10661 </measResults>
            </measValue>
            <measValue measObjLdn="MG07EILO/Frame:FN=3/Board:FN=3, SN=0, BP=Front">
                <measResults>0 0 0 0 0 0 0 362 </measResults>
            </measValue>
            <measValue measObjLdn="MG07EILO/Frame:FN=3/Board:FN=3, SN=10, BP=Front">
                <measResults>0 0 0 0 0 0 0 2951 </measResults>
            </measValue>
        </measInfo>
    </measData>
    <fileFooter>
        <measCollec endTime="2021-08-11T23:00:00+08:00"/>
    </fileFooter>
</measCollecFile>
