<?xml version="1.0" encoding="UTF-8"?>
<measCollecFile xmlns="http://latest/nmc-omc/cmNrm.doc#measCollec" xmlns:xsi="http://www.w3.org/2001/XMLSchema-instance" xsi:schemaLocation="http://latest/nmc-omc/cmNrm.doc#measCollec schema\pmResultSchedule.xsd">
    <fileHeader fileFormatVersion="32.435 V7.2" vendorName="Huawei">
        <fileSender elementType="NodeB"/>
        <measCollec beginTime="2021-08-19T11:00:00+08:00"/>
    </fileHeader>
    <measData>
        <managedElement userLabel="MMLG0757HUNB001"/>
        <measInfo measInfoId="50331655">
            <granPeriod duration="PT3600S" endTime="2021-08-19T12:00:00+08:00"/>
            <repPeriod duration="PT3600S"/>
            <measTypes>50332573 50332574 50342574 50342575 50342635 50342636 </measTypes>
            <measValue measObjLdn="MMLG0757HUNB001/ULGROUP:UL BB Resource Group No.=1">
                <measResults>768 63.579 44.5 85 0 0 </measResults>
            </measValue>
            <measValue measObjLdn="MMLG0757HUNB001/ULGROUP:UL BB Resource Group No.=2">
                <measResults>1024 25.246 12 45.5 0 0 </measResults>
            </measValue>
        </measInfo>
        <measInfo measInfoId="50331656">
            <granPeriod duration="PT3600S" endTime="2021-08-19T12:00:00+08:00"/>
            <repPeriod duration="PT3600S"/>
            <measTypes>50332582 50332583 50332584 50332586 50342584 50342585 50342586 50342587 50342606 50342607 50342608 50342609 50342632 50342633 </measTypes>
            <measValue measObjLdn="MMLG0757HUNB001/BRD:Board Type=UBBP, Cabinet No.=0, Subrack No.=0, Slot No.=1">
                <measResults>1024 1024 7.85 0 3 16 0 0 0 1 0 2 0 0 </measResults>
            </measValue>
            <measValue measObjLdn="MMLG0757HUNB001/BRD:Board Type=UBBP, Cabinet No.=0, Subrack No.=0, Slot No.=2">
                <measResults>1024 768 48.483 63.579 34 62 44.5 85 2 4 3 6 0 0 </measResults>
            </measValue>
            <measValue measObjLdn="MMLG0757HUNB001/BRD:Board Type=UBBP, Cabinet No.=0, Subrack No.=0, Slot No.=3">
                <measResults>1024 1024 15.933 25.246 9 25 12 45.5 0 2 1 2 0 0 </measResults>
            </measValue>
            <measValue measObjLdn="MMLG0757HUNB001/BRD:Board Type=UMPT, Cabinet No.=0, Subrack No.=0, Slot No.=7">
                <measResults>0 0 0 0 0 0 0 0 0 0 0 0 0 0 </measResults>
            </measValue>
        </measInfo>
        <measInfo measInfoId="50331683">
            <granPeriod duration="PT3600S" endTime="2021-08-19T12:00:00+08:00"/>
            <repPeriod duration="PT3600S"/>
            <measTypes>50332627 </measTypes>
            <measValue measObjLdn="MMLG0757HUNB001/NODEBRRU:Cabinet No.=0, Subrack No.=60, Slot No.=0">
                <measResults>0 </measResults>
            </measValue>
            <measValue measObjLdn="MMLG0757HUNB001/NODEBRRU:Cabinet No.=0, Subrack No.=61, Slot No.=0">
                <measResults>0 </measResults>
            </measValue>
            <measValue measObjLdn="MMLG0757HUNB001/NODEBRRU:Cabinet No.=0, Subrack No.=62, Slot No.=0">
                <measResults>0 </measResults>
            </measValue>
            <measValue measObjLdn="MMLG0757HUNB001/NODEBRRU:Cabinet No.=0, Subrack No.=80, Slot No.=0">
                <measResults>0 </measResults>
            </measValue>
            <measValue measObjLdn="MMLG0757HUNB001/NODEBRRU:Cabinet No.=0, Subrack No.=81, Slot No.=0">
                <measResults>0 </measResults>
            </measValue>
            <measValue measObjLdn="MMLG0757HUNB001/NODEBRRU:Cabinet No.=0, Subrack No.=82, Slot No.=0">
                <measResults>0 </measResults>
            </measValue>
        </measInfo>
        <measInfo measInfoId="1542455297">
            <granPeriod duration="PT3600S" endTime="2021-08-19T12:00:00+08:00"/>
            <repPeriod duration="PT3600S"/>
            <measTypes>1542455297 1542455298 1542455299 1542455300 1542455301 1542455302 1542455303 1542455304 1542455305 1542455306 1542455307 1542460296 1542460297 </measTypes>
            <measValue measObjLdn="MMLG0757HUNB001/ETHPORT:Cabinet No.=0, Subrack No.=0, Slot No.=7, Port No.=0, Subboard Type=BASE_BOARD">
                <measResults>0 0 0 0 0 0 0 0 0 0 0 0 0 </measResults>
            </measValue>
            <measValue measObjLdn="MMLG0757HUNB001/ETHPORT:Cabinet No.=0, Subrack No.=0, Slot No.=7, Port No.=1, Subboard Type=BASE_BOARD">
                <measResults>769863871 8165875 3155167714 10940993 0 4594728 999416 1711280 33784248 1195336 7013436 1000000 1000000 </measResults>
            </measValue>
        </measInfo>
        <measInfo measInfoId="1542455301">
            <granPeriod duration="PT3600S" endTime="2021-08-19T12:00:00+08:00"/>
            <repPeriod duration="PT3600S"/>
            <measTypes>1542455326 1542455327 1542455328 1542455329 1542455330 1542455331 1542455332 1542455333 1542460727 1542460728 1542460729 </measTypes>
            <measValue measObjLdn="MMLG0757HUNB001/IP:Board Type=UMPT, Cabinet No.=0, Subrack No.=0, Slot No.=7">
                <measResults>8165828 573380808 0 0 10935607 2884817892 0 0 4010 0 0 </measResults>
            </measValue>
        </measInfo>
        <measInfo measInfoId="1542455303">
            <granPeriod duration="PT3600S" endTime="2021-08-19T12:00:00+08:00"/>
            <repPeriod duration="PT3600S"/>
            <measTypes>1542455365 1542455367 1542455369 1542455371 1542455375 1542455376 1542455377 1542455378 </measTypes>
            <measValue measObjLdn="MMLG0757HUNB001/RSCGRP:Transmission Resource Group Bear Type=IP, Cabinet No.=0, Bearing Port No.=0, Bearing Port Type=ETH, Transmission Resource Group ID=AUTOPORT, Subboard Type=BASE_BOARD, Slot No.=7, Subrack No.=0">
                <measResults>0 0 0 0 0 0 0 0 </measResults>
            </measValue>
            <measValue measObjLdn="MMLG0757HUNB001/RSCGRP:Transmission Resource Group Bear Type=IP, Cabinet No.=0, Bearing Port No.=1, Bearing Port Type=ETH, Transmission Resource Group ID=AUTOPORT, Subboard Type=BASE_BOARD, Slot No.=7, Subrack No.=0">
                <measResults>720584561 8168214 0 0 3404648 963608 1601296 0 </measResults>
            </measValue>
        </measInfo>
        <measInfo measInfoId="1542455312">
            <granPeriod duration="PT3600S" endTime="2021-08-19T12:00:00+08:00"/>
            <repPeriod duration="PT3600S"/>
            <measTypes>1542460308 1542460309 1542460310 1542460311 1542460312 1542460313 1542460314 1542460315 1542460316 1542460317 1542460318 1542460319 1542460320 1542460321 1542460322 1542460323 1542460324 1542460325 1542460326 1542460327 1542460328 1542460329 1542460330 1542460331 1542460332 </measTypes>
            <measValue measObjLdn="MMLG0757HUNB001/RSCGRP:Transmission Resource Group Bear Type=IP, Cabinet No.=0, Bearing Port No.=0, Bearing Port Type=ETH, Transmission Resource Group ID=AUTOPORT, Subboard Type=BASE_BOARD, Slot No.=7, Subrack No.=0">
                <measResults>0 0 0 0 0 0 0 0 0 0 0 0 0 0 0 0 0 0 0 0 0 0 0 0 0 </measResults>
            </measValue>
            <measValue measObjLdn="MMLG0757HUNB001/RSCGRP:Transmission Resource Group Bear Type=IP, Cabinet No.=0, Bearing Port No.=1, Bearing Port Type=ETH, Transmission Resource Group ID=AUTOPORT, Subboard Type=BASE_BOARD, Slot No.=7, Subrack No.=0">
                <measResults>27773 27773 27773 0 0 0 0 0 0 0 0 0 0 1518019 0 0 0 1 0 0 0 0 0 0 0 </measResults>
            </measValue>
        </measInfo>
        <measInfo measInfoId="1542455309">
            <granPeriod duration="PT3600S" endTime="2021-08-19T12:00:00+08:00"/>
            <repPeriod duration="PT3600S"/>
            <measTypes>1542455826 1542455827 1542455828 1542455829 1542455833 1542455834 1542455835 1542455836 1542455837 1542455838 1542455839 1542455840 1542455841 1542455842 1542455843 1542455844 1542455845 1542455846 1542455847 1542455848 </measTypes>
            <measValue measObjLdn="MMLG0757HUNB001/OMCH:Standby Status=MASTER, Bearer Type=IPV4">
                <measResults>639 172 0 0 0 0 0 0 0 476 0 0 641 0 0 0 0 594 0 47 </measResults>
            </measValue>
        </measInfo>
        <measInfo measInfoId="1542455815">
            <granPeriod duration="PT3600S" endTime="2021-08-19T12:00:00+08:00"/>
            <repPeriod duration="PT3600S"/>
            <measTypes>1542460340 1542460341 1542460342 1542460343 1542460496 1542460497 1542460498 1542460499 1542460500 1542460501 1542460502 1542460503 1542460504 1542460505 1542460506 1542460507 1542460510 </measTypes>
            <measValue measObjLdn="MMLG0757HUNB001/IKE:Board Type=UMPT, Cabinet No.=0, Subrack No.=0, Slot No.=7">
                <measResults>0 0 0 0 0 0 0 0 0 0 0 0 0 0 0 0 0 </measResults>
            </measValue>
        </measInfo>
        <measInfo measInfoId="1542455817">
            <granPeriod duration="PT3600S" endTime="2021-08-19T12:00:00+08:00"/>
            <repPeriod duration="PT3600S"/>
            <measTypes>1542460356 1542460357 1542460358 1542460359 1542460360 1542460361 1542460362 1542460363 1542460364 1542460365 1542460366 1542460367 1542460368 1542460369 1542460370 1542460371 1542460372 1542460373 1542460374 1542460375 1542460376 </measTypes>
            <measValue measObjLdn="MMLG0757HUNB001/SCTPLNK:Link No.=31">
                <measResults>6766560 9375522 82555 132519 0 46824 0 15041 71976 15480 20840 17539 114712 0 0 0 0 0 0 114716 17541 </measResults>
            </measValue>
            <measValue measObjLdn="MMLG0757HUNB001/SCTPLNK:Link No.=32">
                <measResults>9652522 10213565 332617 408394 0 43704 5944 21450 40832 7176 22696 158349 298300 0 0 0 0 0 0 298300 158349 </measResults>
            </measValue>
        </measInfo>
        <measInfo measInfoId="1542455818">
            <granPeriod duration="PT3600S" endTime="2021-08-19T12:00:00+08:00"/>
            <repPeriod duration="PT3600S"/>
            <measTypes>1542455526 1542455527 1542455528 1542455529 1542455530 1542455531 1542455532 1542455533 1542455534 1542455535 </measTypes>
            <measValue measObjLdn="MMLG0757HUNB001/USERPLANEHOST:User Plane Host ID=3">
                <measResults>7401833 10299840 510617742 2831759129 3975184 1134703 34930472 6292787 NIL NIL </measResults>
            </measValue>
        </measInfo>
        <measInfo measInfoId="1593835529">
            <granPeriod duration="PT3600S" endTime="2021-08-19T12:00:00+08:00"/>
            <repPeriod duration="PT3600S"/>
            <measTypes>1593835620 1593835628 1593835629 </measTypes>
            <measValue measObjLdn="MMLG0757HUNB001/NODE:NODE">
                <measResults>NIL 0.819 0 </measResults>
            </measValue>
        </measInfo>
        <measInfo measInfoId="1593835533">
            <granPeriod duration="PT3600S" endTime="2021-08-19T12:00:00+08:00"/>
            <repPeriod duration="PT3600S"/>
            <measTypes>1593835647 1593835648 1593835649 </measTypes>
            <measValue measObjLdn="MMLG0757HUNB001/NODE:NODE">
                <measResults>32532 32513 32521 </measResults>
            </measValue>
        </measInfo>
        <measInfo measInfoId="1593835531">
            <granPeriod duration="PT3600S" endTime="2021-08-19T12:00:00+08:00"/>
            <repPeriod duration="PT3600S"/>
            <measTypes>1593835630 1593835632 1593835633 1593835634 </measTypes>
            <measValue measObjLdn="MMLG0757HUNB001/BBUBoard:Board Type=UBBP, Cabinet No.=0, Subrack No.=0, Slot No.=1">
                <measResults>0 3 2 0 </measResults>
            </measValue>
            <measValue measObjLdn="MMLG0757HUNB001/BBUBoard:Board Type=UBBP, Cabinet No.=0, Subrack No.=0, Slot No.=2">
                <measResults>0 3 2 0 </measResults>
            </measValue>
            <measValue measObjLdn="MMLG0757HUNB001/BBUBoard:Board Type=UBBP, Cabinet No.=0, Subrack No.=0, Slot No.=3">
                <measResults>0 3 2 0 </measResults>
            </measValue>
            <measValue measObjLdn="MMLG0757HUNB001/BBUBoard:Board Type=UMPT, Cabinet No.=0, Subrack No.=0, Slot No.=7">
                <measResults>0 3 1 0 </measResults>
            </measValue>
        </measInfo>
        <measInfo measInfoId="1593835535">
            <granPeriod duration="PT3600S" endTime="2021-08-19T12:00:00+08:00"/>
            <repPeriod duration="PT3600S"/>
            <measTypes>1593835652 1593835653 1593835654 1593835655 1593835656 1593835657 1593835658 1593835659 1593835660 1593835661 1593835662 1593835663 1593835664 1593835665 1593835666 1593835667 1593835668 1593835669 1593835670 1593835671 </measTypes>
            <measValue measObjLdn="MMLG0757HUNB001/RADIOEQM:Cabinet No.=0, Subrack No.=60, Slot No.=0">
                <measResults>NIL NIL NIL NIL NIL NIL NIL NIL NIL NIL 0 0 0 0 0 0 0 0 0 0 </measResults>
            </measValue>
            <measValue measObjLdn="MMLG0757HUNB001/RADIOEQM:Cabinet No.=0, Subrack No.=61, Slot No.=0">
                <measResults>NIL NIL NIL NIL NIL NIL NIL NIL NIL NIL 0 0 0 0 0 0 0 0 0 0 </measResults>
            </measValue>
            <measValue measObjLdn="MMLG0757HUNB001/RADIOEQM:Cabinet No.=0, Subrack No.=62, Slot No.=0">
                <measResults>NIL NIL NIL NIL NIL NIL NIL NIL NIL NIL 0 0 0 0 0 0 0 0 0 0 </measResults>
            </measValue>
            <measValue measObjLdn="MMLG0757HUNB001/RADIOEQM:Cabinet No.=0, Subrack No.=80, Slot No.=0">
                <measResults>NIL NIL NIL NIL NIL NIL NIL NIL NIL NIL 0 0 0 0 0 0 0 0 0 0 </measResults>
            </measValue>
            <measValue measObjLdn="MMLG0757HUNB001/RADIOEQM:Cabinet No.=0, Subrack No.=81, Slot No.=0">
                <measResults>NIL NIL NIL NIL NIL NIL NIL NIL NIL NIL 0 0 0 0 0 0 0 0 0 0 </measResults>
            </measValue>
            <measValue measObjLdn="MMLG0757HUNB001/RADIOEQM:Cabinet No.=0, Subrack No.=82, Slot No.=0">
                <measResults>0 0 0 0 0 0 0 0 0 0 NIL NIL NIL NIL NIL NIL NIL NIL NIL NIL </measResults>
            </measValue>
        </measInfo>
        <measInfo measInfoId="1593835539">
            <granPeriod duration="PT3600S" endTime="2021-08-19T12:00:00+08:00"/>
            <repPeriod duration="PT3600S"/>
            <measTypes>1593835767 </measTypes>
            <measValue measObjLdn="MMLG0757HUNB001/RADIOEQM:Cabinet No.=0, Subrack No.=60, Slot No.=0">
                <measResults>3600 </measResults>
            </measValue>
            <measValue measObjLdn="MMLG0757HUNB001/RADIOEQM:Cabinet No.=0, Subrack No.=61, Slot No.=0">
                <measResults>3600 </measResults>
            </measValue>
            <measValue measObjLdn="MMLG0757HUNB001/RADIOEQM:Cabinet No.=0, Subrack No.=62, Slot No.=0">
                <measResults>3600 </measResults>
            </measValue>
            <measValue measObjLdn="MMLG0757HUNB001/RADIOEQM:Cabinet No.=0, Subrack No.=80, Slot No.=0">
                <measResults>3600 </measResults>
            </measValue>
            <measValue measObjLdn="MMLG0757HUNB001/RADIOEQM:Cabinet No.=0, Subrack No.=81, Slot No.=0">
                <measResults>3600 </measResults>
            </measValue>
            <measValue measObjLdn="MMLG0757HUNB001/RADIOEQM:Cabinet No.=0, Subrack No.=82, Slot No.=0">
                <measResults>3600 </measResults>
            </measValue>
        </measInfo>
        <measInfo measInfoId="1593835544">
            <granPeriod duration="PT3600S" endTime="2021-08-19T12:00:00+08:00"/>
            <repPeriod duration="PT3600S"/>
            <measTypes>1593835835 </measTypes>
            <measValue measObjLdn="MMLG0757HUNB001/BU:Cabinet No.=0, Subrack No.=0">
                <measResults>0.20170668 </measResults>
            </measValue>
        </measInfo>
        <measInfo measInfoId="1593835545">
            <granPeriod duration="PT3600S" endTime="2021-08-19T12:00:00+08:00"/>
            <repPeriod duration="PT3600S"/>
            <measTypes>1593835836 </measTypes>
            <measValue measObjLdn="MMLG0757HUNB001/BTSBoard:Cabinet No.=0, Subrack No.=60, Slot No.=0">
                <measResults>0.13127333 </measResults>
            </measValue>
            <measValue measObjLdn="MMLG0757HUNB001/BTSBoard:Cabinet No.=0, Subrack No.=61, Slot No.=0">
                <measResults>0.16121501 </measResults>
            </measValue>
            <measValue measObjLdn="MMLG0757HUNB001/BTSBoard:Cabinet No.=0, Subrack No.=62, Slot No.=0">
                <measResults>0.1453225 </measResults>
            </measValue>
            <measValue measObjLdn="MMLG0757HUNB001/BTSBoard:Cabinet No.=0, Subrack No.=80, Slot No.=0">
                <measResults>0.19489667 </measResults>
            </measValue>
            <measValue measObjLdn="MMLG0757HUNB001/BTSBoard:Cabinet No.=0, Subrack No.=81, Slot No.=0">
                <measResults>0.188045 </measResults>
            </measValue>
            <measValue measObjLdn="MMLG0757HUNB001/BTSBoard:Cabinet No.=0, Subrack No.=82, Slot No.=0">
                <measResults>0.17696667 </measResults>
            </measValue>
        </measInfo>
        <measInfo measInfoId="50331648">
            <granPeriod duration="PT3600S" endTime="2021-08-19T12:00:00+08:00"/>
            <repPeriod duration="PT3600S"/>
            <measTypes>50331654 50331655 50331656 50331657 50331658 50331659 50331660 50331661 50331662 50331663 50331664 50331665 50331666 50331667 50331668 50331669 50331670 50331671 50331672 50331673 50331674 50331675 50331676 50331677 50331678 50331679 50331680 50331681 50331682 50331683 50331684 50331685 50331686 50331687 50331688 50331689 50331690 50331691 50331692 50331693 50331694 50331695 50331696 50331697 50331698 50331699 50331709 50331710 50331711 50331712 50331713 50331714 50331717 50331718 50331719 50331720 50331721 50331722 50331723 50331724 50331745 50331746 50331754 50331755 50331756 50331757 50331758 50331759 50331760 50331761 50331762 50331763 50331764 50331765 50331766 50331767 50331768 50331769 50331770 50331771 50331772 50331773 50331774 50331775 50331776 50331777 50331778 50331779 50331780 50331781 50331782 50331783 50331784 50331785 50331786 50331787 50331788 50331789 50331790 50331791 50331792 50331793 50331794 50331795 50331796 50331797 50331798 50331799 50331800 50331801 50331802 50331803 50331804 50331805 50331806 50331807 50331808 50331809 50331810 50331811 50331812 50331813 50331814 50331815 50331816 50331817 50331818 50331819 50331820 50331821 50331838 50331839 50331840 50332168 50332169 50332170 50332173 50332174 50332215 50332216 50332217 50341648 50341649 50341650 50341651 50341652 50341653 50341654 50341655 50341656 50341657 50341658 50341659 50341668 50341669 50341670 50341671 50341672 50341675 50341676 50341677 50341678 50341679 50341680 50341685 50341686 50341687 50341688 50341689 50341690 50341691 50341692 50341693 50341694 50341695 50341696 50341697 50341698 50341699 50341700 50341701 50341702 50341703 50341704 50341705 50341706 50341707 50341708 50341709 50341710 50341711 50341712 50341713 50341714 50341715 50341716 50341717 50341722 50341739 50341740 </measTypes>
            <measValue measObjLdn="MMLG0757HUNB001/ULoCell:NodeB Function Name=MMLG0757HUNB001, Local Cell ID=10421, Cell Name=M999MU1">
                <measResults>68421 6804 70613 54204 9884 2538 1052 743 0 0 0 0 0 0 14917 2270 1516 943 1741 2338 3368 4385 7999 10770 16187 23356 29302 26290 20046 20507 16741 18961 16965 15365 13547 9824 9480 6973 6254 5272 9149 6399 7387 8537 5753 1714 8081 138157 0 0 0 0 0 0 0 0 0 26305 111500 145886 182458 400112344 0 20631 1948 688 1850 2952 4183 14479 6848 7209 5499 6070 6415 6202 6833 8161 9953 2943 3064 3141 3025 2828 2804 1578 1987 1867 973 1522 1264 1429 960 6443 0 0 0 0 0 0 0 0 0 0 0 0 0 0 0 0 0 0 0 0 0 0 0 0 0 0 0 0 0 0 0 0 0 0 0 0 400045060 164533 26192 0 0 0 0 0 0 0 0 20 321 0 35 997 0 26 216 46 377 750 91 109931 7849083 0 146575 1208033 4 120 0 37 767 0 0 1000 0 0.452 12.959 12.829 14 0 14 33 1 0 0 0 0 0 0 NIL 773 830 595 0 0 0 0 0 0 0 0 0 0 0 0 16640 0 0 </measResults>
            </measValue>
            <measValue measObjLdn="MMLG0757HUNB001/ULoCell:NodeB Function Name=MMLG0757HUNB001, Local Cell ID=10422, Cell Name=M999MU2">
                <measResults>237535 28549 30769 208053 27426 1254 507 295 0 0 0 0 0 0 7096 1411 2451 1230 1255 1470 2476 2697 4458 6675 10454 11138 11600 12454 13408 17188 15945 14053 13576 14359 20423 13897 17571 13888 18909 23046 82543 115228 149347 87506 17029 2125 139003 294052 0 0 0 0 0 0 0 0 0 72531 85365 296899 326217 3801788643 0 24862 1628 189 566 2091 1182 15583 2841 2349 2430 5019 5899 7216 5703 5195 6552 4050 2514 2132 1683 2215 3341 2529 6014 3820 8102 12305 12752 17085 22754 105718 0 0 0 0 0 0 0 0 0 0 0 0 0 0 0 0 0 0 0 0 0 0 0 0 0 0 0 0 0 0 0 0 0 0 0 0 3801729106 287943 8228 0 0 0 0 0 0 0 0 41 269 0 114 940 0 46 255 130 720 886 159 1047614 9007813 0 1182409 6588767 3 50 0 93 722 0 0 26 0 1.54 12.3 13.396 14.003 0 4 50 1 0 0 0 0 0 0 NIL 794 835 656 0 0 0 0 0 0 0 0 0 0 0 0 24477 0 0 </measResults>
            </measValue>
            <measValue measObjLdn="MMLG0757HUNB001/ULoCell:NodeB Function Name=MMLG0757HUNB001, Local Cell ID=10423, Cell Name=M999MU3">
                <measResults>79275 8797 11436 69261 8749 726 298 241 0 0 0 0 0 0 1681 4435 1841 2072 2255 2167 3534 2962 5270 7331 12552 15708 16585 13561 12643 15102 12058 13984 11709 11305 10157 9033 9371 8428 8090 7457 13591 8378 11011 13002 7171 2989 17989 92088 0 0 0 0 0 0 0 0 0 20661 60871 99521 115971 734147058 0 7992 1568 115 327 1027 770 4116 1932 1925 1846 2210 2289 2956 2995 3259 3593 6247 6084 6230 7706 7085 3548 1530 1050 778 595 720 753 808 872 16429 0 0 0 0 0 0 0 0 0 0 0 0 0 0 0 0 0 0 0 0 0 0 0 0 0 0 0 0 0 0 0 0 0 0 0 0 734034348 111782 15848 0 0 0 0 0 0 0 0 13 250 0 38 995 0 22 215 62 599 618 62 202180 5213362 0 327152 3260968 1 46 0 33 787 0 0 2 0 0.524 13.926 13.573 14 0 8 10 0 0 0 0 0 0 0 NIL 807 841 705 0 0 0 0 0 0 0 0 0 0 0 0 17635 0 0 </measResults>
            </measValue>
            <measValue measObjLdn="MMLG0757HUNB001/ULoCell:NodeB Function Name=MMLG0757HUNB001, Local Cell ID=50421, Cell Name=M999MN4">
                <measResults>160026 23914 80408 131162 22109 4553 1465 737 0 0 0 0 0 0 18408 469 563 336 441 551 1206 1099 2070 4152 9513 14596 20751 26502 33055 40040 34842 35268 27207 26693 26667 28601 36979 36590 42667 46682 94289 127934 127661 66706 36991 48030 2021 263646 0 0 0 0 0 0 0 0 0 22778 239613 264412 284740 388414934 0 44822 15925 4537 3525 4639 3088 20146 5083 10519 10285 12936 9946 34123 21085 15516 12747 10232 6032 3304 2357 2351 2956 1531 1925 821 837 1025 286 374 325 1115 0 0 0 0 0 0 0 0 0 0 0 0 0 0 0 0 0 0 0 0 0 0 0 0 0 0 0 0 0 0 0 0 0 0 0 0 388296205 260514 12669 0 0 0 0 0 0 0 0 36 274 0 59 609 0 37 245 59 395 988 144 106058 856266 0 107346 736514 11 144 0 75 706 0 0 5 0 0.773 7.92 13.084 14 0 6 37 0 0 0 0 0 0 0 NIL 883 912 788 0 0 0 0 0 0 0 0 0 0 0 0 17158 0 0 </measResults>
            </measValue>
            <measValue measObjLdn="MMLG0757HUNB001/ULoCell:NodeB Function Name=MMLG0757HUNB001, Local Cell ID=50422, Cell Name=M999MN5">
                <measResults>342987 41293 24505 299245 40752 1780 764 446 0 0 0 0 0 0 4283 166 252 232 153 249 566 782 1676 2679 4020 5407 8142 11823 16517 23868 26516 29812 30075 31105 48755 46951 69914 40650 71103 54742 140240 111329 84969 36531 39681 84283 28244 408129 0 0 0 0 0 0 0 0 0 216775 163788 408807 453700 3320808794 0 48531 5415 475 615 2580 676 38534 3073 2426 1738 5105 4347 11624 9216 7390 5067 8050 8708 14851 14403 12518 18344 18081 22120 19899 22101 35476 21344 20690 7895 17234 0 0 0 0 0 0 0 0 0 0 0 0 0 0 0 0 0 0 0 0 0 0 0 0 0 0 0 0 0 0 0 0 0 0 0 0 3320503340 398531 14235 0 0 0 0 0 0 0 0 56 269 1 148 996 1 56 251 148 658 999 221 914293 8167818 2325 915208 4137072 6 95 0 132 887 0 0 16 0 2.009 13.733 13.576 14 0.008 7 44 1 0 0 0 0 0 0 NIL 895 916 832 0 0 0 0 0 0 0 0 0 0 0 0 23983 0 0 </measResults>
            </measValue>
            <measValue measObjLdn="MMLG0757HUNB001/ULoCell:NodeB Function Name=MMLG0757HUNB001, Local Cell ID=50423, Cell Name=M999MN6">
                <measResults>195913 19111 18002 174438 18223 2224 664 364 0 0 0 0 0 0 2307 41 75 42 46 85 116 216 486 931 1942 3472 5537 8263 12962 19646 26072 31622 31204 27161 21655 16557 14785 12215 13092 12571 28011 46251 63793 88158 100983 185153 45895 232971 0 0 0 0 0 0 0 0 0 72206 114927 233028 247570 1931687899 0 28047 5361 256 247 1212 782 12710 1485 1363 827 3215 1470 19829 24121 2259 2153 3598 4396 5510 6646 8324 7531 5465 6520 6669 5754 10712 4555 8139 5014 38086 0 0 0 0 0 0 0 0 0 0 0 0 0 0 0 0 0 0 0 0 0 0 0 0 0 0 0 0 0 0 0 0 0 0 0 0 1931228462 229207 10920 0 0 0 0 0 0 0 0 32 196 0 83 765 0 34 245 88 631 942 127 532333 7446389 0 565109 4191598 6 42 0 78 663 0 0 0 0 1.151 10.71 13.783 14.002 0 5 29 0 0 0 0 0 0 0 NIL 901 918 832 0 0 0 0 0 0 0 0 0 0 0 0 25428 0 0 </measResults>
            </measValue>
            <measValue measObjLdn="MMLG0757HUNB001/ULoCell:NodeB Function Name=MMLG0757HUNB001, Local Cell ID=60421, Cell Name=M999MN1">
                <measResults>89908 10399 73911 74200 10929 2947 1159 673 0 0 0 0 0 0 15958 1351 589 851 955 1096 2520 3370 8295 11552 16201 18234 20877 25391 31594 37326 25915 28053 26479 37080 44138 46090 50908 42207 43317 53021 103996 76116 39026 31425 32581 20468 3665 172976 0 0 0 0 0 0 0 0 0 22589 148007 174261 184206 183059612 0 49326 11783 275 453 4125 1119 25750 2303 2946 3291 6864 5898 8268 10699 7620 11749 5472 1323 1406 1162 1410 1433 1792 1824 950 719 777 554 524 849 1546 0 0 0 0 0 0 0 0 0 0 0 0 0 0 0 0 0 0 0 0 0 0 0 0 0 0 0 0 0 0 0 0 0 0 0 0 182954587 171939 19845 0 0 0 0 0 0 0 0 24 195 0 29 491 0 24 230 29 281 980 95 50069 1166763 0 51091 527042 5 77 0 27 413 0 0 3 0 0.377 6.317 12.83 14 0 10 44 1 0 0 0 0 0 0 NIL 876 911 757 0 0 0 0 0 0 0 0 0 0 0 0 18817 0 0 </measResults>
            </measValue>
            <measValue measObjLdn="MMLG0757HUNB001/ULoCell:NodeB Function Name=MMLG0757HUNB001, Local Cell ID=60422, Cell Name=M999MN2">
                <measResults>640986 51235 101238 530804 91988 13368 3510 1316 0 0 0 0 0 0 3955 201 98 82 152 166 353 400 837 1017 1541 1813 3675 6970 6612 9025 14228 25274 48940 98198 117510 93407 47266 19101 17905 16810 25882 31924 33567 22134 15570 11559 2274 792025 0 0 0 0 0 0 0 0 0 696052 95153 793479 819588 6949617123 0 23316 3723 579 721 1620 1093 7821 995 397 625 1540 1489 3496 1940 5187 6256 15640 10411 11460 25168 52710 125023 231007 201581 51375 4630 1119 404 249 346 1521 0 0 0 0 0 0 0 0 0 0 0 0 0 0 0 0 0 0 0 0 0 0 0 0 0 0 0 0 0 0 0 0 0 0 0 0 6949160103 781894 3477 0 0 0 0 0 0 0 0 110 242 0 394 894 0 114 252 409 907 963 433 1914819 5101587 0 1988389 4422215 21 78 0 341 771 0 0 3 0 5.352 12.517 13.563 14.272 0 1 14 0 0 0 0 0 0 0 NIL 900 917 847 0 0 0 0 0 0 0 0 0 0 0 0 18464 0 0 </measResults>
            </measValue>
            <measValue measObjLdn="MMLG0757HUNB001/ULoCell:NodeB Function Name=MMLG0757HUNB001, Local Cell ID=60423, Cell Name=M999MN3">
                <measResults>121007 15818 45023 101434 15923 2119 894 637 0 0 0 0 0 0 8277 526 194 344 405 539 996 1029 2051 3416 6998 9532 15622 21179 26683 35416 25331 30363 26727 25634 14789 9946 11223 10751 15169 16002 34963 37234 44659 36851 39698 87036 18928 181441 0 0 0 0 0 0 0 0 0 55856 107085 181869 188865 912982443 0 23360 4636 140 191 1882 446 8239 1081 983 957 3463 2423 5150 8719 8278 15172 20027 6315 6307 4213 3155 4254 3329 5273 4701 6081 5418 5691 4480 6204 10885 0 0 0 0 0 0 0 0 0 0 0 0 0 0 0 0 0 0 0 0 0 0 0 0 0 0 0 0 0 0 0 0 0 0 0 0 912681204 181446 9960 0 0 0 0 0 0 0 0 25 219 0 64 635 0 28 241 71 615 899 100 251468 4113610 0 279720 2514680 5 88 0 56 669 0 0 51 0 0.872 8.888 13.509 14.096 0 5 21 0 0 0 0 0 0 0 NIL 899 918 826 0 0 0 0 0 0 0 0 0 0 0 0 20854 0 0 </measResults>
            </measValue>
        </measInfo>
        <measInfo measInfoId="50331650">
            <granPeriod duration="PT3600S" endTime="2021-08-19T12:00:00+08:00"/>
            <repPeriod duration="PT3600S"/>
            <measTypes>50332548 50332549 50332550 50332554 50342548 50342549 50342550 50342554 50342612 50342613 50342615 50342616 </measTypes>
            <measValue measObjLdn="MMLG0757HUNB001/ULoCell:NodeB Function Name=MMLG0757HUNB001, Local Cell ID=10421, Cell Name=M999MU1">
                <measResults>0 0 11.022 6.875 0 0 28 14 0 0 0 0 </measResults>
            </measValue>
            <measValue measObjLdn="MMLG0757HUNB001/ULoCell:NodeB Function Name=MMLG0757HUNB001, Local Cell ID=10422, Cell Name=M999MU2">
                <measResults>0 0 9.055 4.592 0 0 32.5 14 0 0 0 0 </measResults>
            </measValue>
            <measValue measObjLdn="MMLG0757HUNB001/ULoCell:NodeB Function Name=MMLG0757HUNB001, Local Cell ID=10423, Cell Name=M999MU3">
                <measResults>0 0 5.028 2.942 0 0 15 8 0 0 0 0 </measResults>
            </measValue>
            <measValue measObjLdn="MMLG0757HUNB001/ULoCell:NodeB Function Name=MMLG0757HUNB001, Local Cell ID=50421, Cell Name=M999MN4">
                <measResults>0 0 14.394 7.365 0 0 30 17 0 0 0 0 </measResults>
            </measValue>
            <measValue measObjLdn="MMLG0757HUNB001/ULoCell:NodeB Function Name=MMLG0757HUNB001, Local Cell ID=50422, Cell Name=M999MN5">
                <measResults>0 0 10.49 4.144 0 0 31.5 11 0 0 0 0 </measResults>
            </measValue>
            <measValue measObjLdn="MMLG0757HUNB001/ULoCell:NodeB Function Name=MMLG0757HUNB001, Local Cell ID=50423, Cell Name=M999MN6">
                <measResults>0 0 6.628 2.842 0 0 16.5 9 0 0 0 0 </measResults>
            </measValue>
            <measValue measObjLdn="MMLG0757HUNB001/ULoCell:NodeB Function Name=MMLG0757HUNB001, Local Cell ID=60421, Cell Name=M999MN1">
                <measResults>0 0 16.356 8.306 0 0 29.5 18 0 0 0 0 </measResults>
            </measValue>
            <measValue measObjLdn="MMLG0757HUNB001/ULoCell:NodeB Function Name=MMLG0757HUNB001, Local Cell ID=60422, Cell Name=M999MN2">
                <measResults>0 0 8.714 3.864 0 0 23.5 9 0 0 0 0 </measResults>
            </measValue>
            <measValue measObjLdn="MMLG0757HUNB001/ULoCell:NodeB Function Name=MMLG0757HUNB001, Local Cell ID=60423, Cell Name=M999MN3">
                <measResults>0 0 7.572 3.794 0 0 19 10 0 0 0 0 </measResults>
            </measValue>
        </measInfo>
        <measInfo measInfoId="50331651">
            <granPeriod duration="PT3600S" endTime="2021-08-19T12:00:00+08:00"/>
            <repPeriod duration="PT3600S"/>
            <measTypes>50331850 50331851 50331852 50331853 50331854 50331855 50331856 50331857 50331858 50331859 50331860 50331861 50331862 50331863 50331864 50331865 50331866 50331867 50331868 50331869 50331870 50331871 50331872 50331873 50331874 50331875 50331876 50331877 50331878 50331879 50331885 50331886 50331887 50331888 50331889 50331892 50331903 50331904 50331908 50331925 50331926 50331927 50331928 50331929 50331930 50331931 50331957 50331958 50331959 50331961 50331962 50331963 50331964 50331965 50331966 50331967 50331971 50331972 50331973 50331974 50331987 50331988 50331989 50331990 50331991 50331992 50331993 50331995 50332378 50332379 50332380 50332385 50332386 50332387 50332498 50332499 50332500 50332501 50332503 50332507 50332623 50332638 50341849 50341850 50341851 50341852 50341853 50341854 50341855 50341856 50341857 50341858 50341859 50341864 50341865 50341866 50341868 50341869 50341870 50341871 50341872 50341873 50341874 50341875 50341876 50341877 50341878 50341879 50341880 50341881 50341882 50341883 50341884 50341885 50341886 50341887 50341888 50341889 50341890 50341891 50341892 50341893 50341894 50341895 50341896 50341897 50341898 50341980 50341981 50341982 50341983 50341984 50341985 50341986 50341994 50361698 50361699 50361701 </measTypes>
            <measValue measObjLdn="MMLG0757HUNB001/ULoCell:NodeB Function Name=MMLG0757HUNB001, Local Cell ID=10421, Cell Name=M999MU1">
                <measResults>919681 320952 175339 127687 80447 47593 37183 38247 38109 6409 1454 1705 1854 1670 949 540 160 12 6 8 12 2 0 0 0 12 55 254193 1640625 465390 132692 85656 3484173 74170 23754 2 163 157 186577 29552 995 901 244 146 0 0 0 53 41 36779 1093 846 237 159 0 0 4172 2912 972 28349 475 2795 9438 24203 23156 6611 5629 98818 66526 23863 33229 0.132 25434 42856 0 0 NIL NIL 0 0.106 0 0 60 0.388 3.154 0.011 0.188 2 0 0 0 62 0 19 20 0 NIL NIL 0.735 0.015 0.001 0 0 0 14803.212 2785.762 2509.726 109.512 77.838 0 0 102946.836 1.455 0.058 0.021 0.008 0.007 0.001 0.001 0.001 0.659 0 0 73 NIL NIL 457 212.316 937.644 2992.83 5796.414 4588.152 6726.032 11039.554 12711.774 0 NIL 0 </measResults>
            </measValue>
            <measValue measObjLdn="MMLG0757HUNB001/ULoCell:NodeB Function Name=MMLG0757HUNB001, Local Cell ID=10422, Cell Name=M999MU2">
                <measResults>1768629 13828 5710 2235 1234 911 566 390 454 279 388 1110 3635 294 69 31 34 30 22 3 1 1 0 0 0 140 199 447008 1642566 694815 461077 87787 3299183 434927 49486 1 334 603 388738 726 353 233 0 0 0 0 0 311 261 329 120 21 0 0 0 0 8497 10074 4672 344682 825 2518 4389 28727 26785 29980 59724 215318 237521 205412 45801 0.262 191754 54308 0 0 NIL NIL 0 0.15 0 0 102 0.58 4.159 0.036 0.188 8 0 0 0 58 0 56 40 0 NIL NIL 1.126 0.122 0.004 0.001 0 0 102.366 64.92 7.11 0 0 0 0 257570.547 1.051 0.047 0.019 0.008 0.011 0.003 0.001 0 0.935 0 0 103 NIL NIL 187 121.152 355.638 549.618 4685.826 5006.22 22988.043 60337.164 21385.588 0 NIL 0 </measResults>
            </measValue>
            <measValue measObjLdn="MMLG0757HUNB001/ULoCell:NodeB Function Name=MMLG0757HUNB001, Local Cell ID=10423, Cell Name=M999MU3">
                <measResults>1796711 1196 357 138 120 126 83 55 88 112 146 222 162 74 54 321 49 2 1 1 0 0 0 0 0 12 16 180405 1537966 352479 124781 54594 2537563 68315 16175 1 135 322 114366 81 38 38 15 15 0 0 0 44 30 8 2 2 0 0 0 0 1264 2182 2943 41927 986 3156 7574 9099 6278 3321 4281 38053 49716 33991 16369 0.07 30765 20663 0 0 NIL NIL 0 0.052 0 0 59 0.264 3.86 0.006 0.068 1 0 0 0 37 0 16 10 0 NIL NIL 0.643 0.017 0.001 0 0 0 2.868 0.744 0.744 0 0 0 0 100233.766 0.908 0.056 0.021 0.009 0.008 0.002 0.001 0 0.545 0 0 85 NIL NIL 206 327.168 1054.116 2462.94 3338.082 3309.828 1906.206 4964.65 6570.552 0 NIL 0 </measResults>
            </measValue>
            <measValue measObjLdn="MMLG0757HUNB001/ULoCell:NodeB Function Name=MMLG0757HUNB001, Local Cell ID=50421, Cell Name=M999MN4">
                <measResults>0 0 0 0 0 0 0 0 0 0 0 0 0 0 0 0 0 0 0 0 0 68210 1068110 420072 56659 186984 1800035 1446932 1797205 1417314 739940 241095 5697941 680576 188920 9 286 969 744262 1417315 1417315 1417315 1417315 1417315 1417315 1407621 341 18 314 2588655 2588655 2588655 2588655 2588655 2588655 2577249 135399 20625 14974 248367 406 1517 19827 119590 84772 112636 295812 977709 85498 57403 172725 0.884 20653 72340 0 0 NIL NIL 0 0.538 0 0 174 1.437 6.07 0.042 0.353 20 21 0 0 45 0 262 88 1000 NIL NIL 1.041 0.006 0 0 0 0 131538.109 131538.109 131538.109 131538.109 131538.109 131538.109 130761.57 131538.109 3.458 0.056 0.013 0.003 0.004 0.001 0 0 0.906 0 575 2 NIL NIL 477 46.2 148.812 1741.956 10330.896 7525.62 12354.648 32398.914 36913.066 0 NIL 0 </measResults>
            </measValue>
            <measValue measObjLdn="MMLG0757HUNB001/ULoCell:NodeB Function Name=MMLG0757HUNB001, Local Cell ID=50422, Cell Name=M999MN5">
                <measResults>4661 29185 110914 237871 295394 280209 224672 164259 194832 107463 66643 40350 23756 8726 4066 2402 999 695 600 740 589 446 269 97 4 192 3704 493978 1800034 1021151 411360 109782 4738698 351413 66760 5 269 393 768592 492276 75261 41118 6483 2683 726 0 7 131 91 705105 101774 54483 8120 2811 968 0 8212 10895 20686 157788 124 489 2209 20173 78087 49719 40589 253666 230132 143078 143341 0.286 109914 129885 0 0 NIL NIL 0 0.226 0 0 79 0.835 3.718 0.026 0.13 3 0 0 0 44 0 65 49 0 NIL NIL 1.412 0.041 0.003 0.001 0 0 157179.594 30507.934 18755.082 3824.648 1748.25 82.83 0 283351.75 1.731 0.158 0.06 0.017 0.019 0.004 0.001 0 1.147 0 3 88 NIL NIL 300 47.574 204.936 1091.748 5136.014 12802.46 15125.976 31526.48 30179.426 0 NIL 0 </measResults>
            </measValue>
            <measValue measObjLdn="MMLG0757HUNB001/ULoCell:NodeB Function Name=MMLG0757HUNB001, Local Cell ID=50423, Cell Name=M999MN6">
                <measResults>831246 218686 162141 143021 106819 65407 40208 29283 39407 28653 32492 53838 24418 14774 6511 1366 571 261 135 71 66 27 25 176 18 413 1234 393896 1716460 757993 357999 74434 3619313 329560 56358 6 230 666 454984 109585 46949 27290 4107 1273 107 95 3 243 173 151817 65936 42035 8743 3081 47 47 10375 59684 32386 120389 66 1010 2359 17641 30589 18559 106294 319969 197428 158828 70063 0.28 123151 81665 0 0 NIL NIL 0 0.188 0 0 85 0.549 4 0.031 0.281 15 0 0 0 43 0 58 46 0 NIL NIL 1.347 0.054 0.002 0 0 0 29347.598 11943.246 7063.09 1482.864 463.95 99.99 99.99 221844.844 0.982 0.096 0.039 0.016 0.016 0.002 0 0 1.092 0 2 119 NIL NIL 580 14.856 528.198 711.738 5077.44 11105.908 6532.034 48568.211 57926.816 0 NIL 0 </measResults>
            </measValue>
            <measValue measObjLdn="MMLG0757HUNB001/ULoCell:NodeB Function Name=MMLG0757HUNB001, Local Cell ID=60421, Cell Name=M999MN1">
                <measResults>0 0 0 0 0 0 0 0 0 0 0 0 0 0 0 0 0 0 0 22365 1008961 438344 124330 165144 5554 35337 1800035 1197456 1792249 1105943 429379 154093 7221019 374573 126998 5 322 842 521790 1105944 1105944 1105944 1105944 1105944 1105944 163909 292 33 298 1762110 1762110 1762110 1762110 1762110 1762110 230530 36846 38629 15386 111747 876 5548 36697 41215 60531 132584 152709 758829 56281 51204 112120 0.708 18255 43248 0 0 NIL NIL 0 0.402 0 0 133 0.979 5.481 0.029 0.142 12 12 0 0 39 0 193 77 1000 NIL NIL 1.068 0.002 0 0 0 0 80350.172 80350.172 80350.172 80350.172 80350.172 80350.172 7489.214 80350.172 3.844 0.025 0.004 0.001 0.001 0 0 0 0.997 0 476 6 NIL NIL 578 74.88 477.074 2962.374 3722.196 6334.098 13737.354 19650.51 32912.281 0 NIL 0 </measResults>
            </measValue>
            <measValue measObjLdn="MMLG0757HUNB001/ULoCell:NodeB Function Name=MMLG0757HUNB001, Local Cell ID=60422, Cell Name=M999MN2">
                <measResults>0 0 4 176 2978 17349 48545 122247 505727 441353 236739 140942 92835 72077 51043 34984 15331 6018 3558 2403 2788 1709 686 359 32 151 19270 477962 1763762 555084 250354 172518 3338176 210914 119861 9 192 504 155478 552838 238104 152384 66215 41221 8490 346 40 61 88 784577 369342 242803 105623 69343 16550 1021 2919 1675 1017 176202 22 769 1296 4307 28581 13191 7835 56050 64001 63784 19071 0.376 41059 25611 0 0 NIL NIL 0 0.11 0 0 116 0.429 3.887 0.018 0.078 1 0 0 0 90 0 21 25 20 NIL NIL 1.298 0.013 0.001 0 0 0 85066.797 44371.777 27700.697 9760.236 6008.262 516.138 4.17 85206.148 0.907 0.032 0.011 0.005 0.006 0.002 0.001 0 1.17 0 7 27 NIL NIL 79 6.072 100.674 190.35 1527.602 12024.844 5812.43 4764.714 3996.64 0 NIL 0 </measResults>
            </measValue>
            <measValue measObjLdn="MMLG0757HUNB001/ULoCell:NodeB Function Name=MMLG0757HUNB001, Local Cell ID=60423, Cell Name=M999MN3">
                <measResults>1263517 301294 107362 50737 26706 15706 9556 7831 9633 3797 1556 691 445 285 185 146 90 71 70 64 132 60 11 9 0 81 506 321426 1683659 648068 253942 84352 3362785 222205 49201 3 255 322 303349 10162 603 286 149 99 49 0 1 186 129 15330 769 361 142 117 49 0 10586 12694 5474 115195 121 639 4143 32359 67853 13797 24439 287949 117400 94395 45174 0.282 84795 37262 0 0 NIL NIL 0 0.226 0 0 75 0.484 3.057 0.02 0.139 10 0 0 0 34 0 64 37 0 NIL NIL 1.123 0.04 0.002 0 0 0 7475.684 570.96 166.602 5.742 3.582 0.774 0 138112.656 1.09 0.053 0.014 0.006 0.006 0.001 0 0 0.955 0 0 91 NIL NIL 520 30.66 132.648 668.592 4191.282 7983.468 6905.092 18365.227 29531.246 0 NIL 0 </measResults>
            </measValue>
        </measInfo>
        <measInfo measInfoId="50331653">
            <granPeriod duration="PT3600S" endTime="2021-08-19T12:00:00+08:00"/>
            <repPeriod duration="PT3600S"/>
            <measTypes>50331748 50331749 50331750 50331751 50331752 50331753 50361697 </measTypes>
            <measValue measObjLdn="MMLG0757HUNB001/ULoCell:NodeB Function Name=MMLG0757HUNB001, Local Cell ID=10421, Cell Name=M999MU1">
                <measResults>0.153 0.122 0.153 0.108 0 0 0.046 </measResults>
            </measValue>
            <measValue measObjLdn="MMLG0757HUNB001/ULoCell:NodeB Function Name=MMLG0757HUNB001, Local Cell ID=10422, Cell Name=M999MU2">
                <measResults>0.18 0.144 0.18 0.086 0 0 0.024 </measResults>
            </measValue>
            <measValue measObjLdn="MMLG0757HUNB001/ULoCell:NodeB Function Name=MMLG0757HUNB001, Local Cell ID=10423, Cell Name=M999MU3">
                <measResults>0.215 0.176 0.215 0.144 0 0 0.104 </measResults>
            </measValue>
            <measValue measObjLdn="MMLG0757HUNB001/ULoCell:NodeB Function Name=MMLG0757HUNB001, Local Cell ID=50421, Cell Name=M999MN4">
                <measResults>0.244 0.205 0.244 0.204 0 0 0.093 </measResults>
            </measValue>
            <measValue measObjLdn="MMLG0757HUNB001/ULoCell:NodeB Function Name=MMLG0757HUNB001, Local Cell ID=50422, Cell Name=M999MN5">
                <measResults>0.75 0.627 0.75 0.569 0 0 0.458 </measResults>
            </measValue>
            <measValue measObjLdn="MMLG0757HUNB001/ULoCell:NodeB Function Name=MMLG0757HUNB001, Local Cell ID=50423, Cell Name=M999MN6">
                <measResults>0.839 0.526 0.839 0.441 0 0 0.336 </measResults>
            </measValue>
            <measValue measObjLdn="MMLG0757HUNB001/ULoCell:NodeB Function Name=MMLG0757HUNB001, Local Cell ID=60421, Cell Name=M999MN1">
                <measResults>0.394 0.348 0.394 0.344 0 0 0.048 </measResults>
            </measValue>
            <measValue measObjLdn="MMLG0757HUNB001/ULoCell:NodeB Function Name=MMLG0757HUNB001, Local Cell ID=60422, Cell Name=M999MN2">
                <measResults>0.122 0.101 0.122 0.09 0 0 0.094 </measResults>
            </measValue>
            <measValue measObjLdn="MMLG0757HUNB001/ULoCell:NodeB Function Name=MMLG0757HUNB001, Local Cell ID=60423, Cell Name=M999MN3">
                <measResults>0.685 0.481 0.685 0.436 0 0 0.414 </measResults>
            </measValue>
        </measInfo>
        <measInfo measInfoId="50331658">
            <granPeriod duration="PT3600S" endTime="2021-08-19T12:00:00+08:00"/>
            <repPeriod duration="PT3600S"/>
            <measTypes>50332250 50332251 50332410 50332411 </measTypes>
            <measValue measObjLdn="MMLG0757HUNB001/ULoCell:NodeB Function Name=MMLG0757HUNB001, Local Cell ID=10421, Cell Name=M999MU1">
                <measResults>0 0 0 0 </measResults>
            </measValue>
            <measValue measObjLdn="MMLG0757HUNB001/ULoCell:NodeB Function Name=MMLG0757HUNB001, Local Cell ID=10422, Cell Name=M999MU2">
                <measResults>0 0 0 0 </measResults>
            </measValue>
            <measValue measObjLdn="MMLG0757HUNB001/ULoCell:NodeB Function Name=MMLG0757HUNB001, Local Cell ID=10423, Cell Name=M999MU3">
                <measResults>0 0 0 0 </measResults>
            </measValue>
            <measValue measObjLdn="MMLG0757HUNB001/ULoCell:NodeB Function Name=MMLG0757HUNB001, Local Cell ID=50421, Cell Name=M999MN4">
                <measResults>0 0 0 0 </measResults>
            </measValue>
            <measValue measObjLdn="MMLG0757HUNB001/ULoCell:NodeB Function Name=MMLG0757HUNB001, Local Cell ID=50422, Cell Name=M999MN5">
                <measResults>0 0 0 0 </measResults>
            </measValue>
            <measValue measObjLdn="MMLG0757HUNB001/ULoCell:NodeB Function Name=MMLG0757HUNB001, Local Cell ID=50423, Cell Name=M999MN6">
                <measResults>0 0 0 0 </measResults>
            </measValue>
            <measValue measObjLdn="MMLG0757HUNB001/ULoCell:NodeB Function Name=MMLG0757HUNB001, Local Cell ID=60421, Cell Name=M999MN1">
                <measResults>0 0 0 0 </measResults>
            </measValue>
            <measValue measObjLdn="MMLG0757HUNB001/ULoCell:NodeB Function Name=MMLG0757HUNB001, Local Cell ID=60422, Cell Name=M999MN2">
                <measResults>0 0 0 0 </measResults>
            </measValue>
            <measValue measObjLdn="MMLG0757HUNB001/ULoCell:NodeB Function Name=MMLG0757HUNB001, Local Cell ID=60423, Cell Name=M999MN3">
                <measResults>0 0 0 0 </measResults>
            </measValue>
        </measInfo>
        <measInfo measInfoId="50331660">
            <granPeriod duration="PT3600S" endTime="2021-08-19T12:00:00+08:00"/>
            <repPeriod duration="PT3600S"/>
            <measTypes>50361670 50361671 50361672 50361673 </measTypes>
            <measValue measObjLdn="MMLG0757HUNB001/ULoCell:NodeB Function Name=MMLG0757HUNB001, Local Cell ID=10421, Cell Name=M999MU1">
                <measResults>0 0 0 0 </measResults>
            </measValue>
            <measValue measObjLdn="MMLG0757HUNB001/ULoCell:NodeB Function Name=MMLG0757HUNB001, Local Cell ID=10422, Cell Name=M999MU2">
                <measResults>0 0 0 0 </measResults>
            </measValue>
            <measValue measObjLdn="MMLG0757HUNB001/ULoCell:NodeB Function Name=MMLG0757HUNB001, Local Cell ID=10423, Cell Name=M999MU3">
                <measResults>0 0 0 0 </measResults>
            </measValue>
            <measValue measObjLdn="MMLG0757HUNB001/ULoCell:NodeB Function Name=MMLG0757HUNB001, Local Cell ID=50421, Cell Name=M999MN4">
                <measResults>0 0 0 0 </measResults>
            </measValue>
            <measValue measObjLdn="MMLG0757HUNB001/ULoCell:NodeB Function Name=MMLG0757HUNB001, Local Cell ID=50422, Cell Name=M999MN5">
                <measResults>0 0 0 0 </measResults>
            </measValue>
            <measValue measObjLdn="MMLG0757HUNB001/ULoCell:NodeB Function Name=MMLG0757HUNB001, Local Cell ID=50423, Cell Name=M999MN6">
                <measResults>0 0 0 0 </measResults>
            </measValue>
            <measValue measObjLdn="MMLG0757HUNB001/ULoCell:NodeB Function Name=MMLG0757HUNB001, Local Cell ID=60421, Cell Name=M999MN1">
                <measResults>0 0 0 0 </measResults>
            </measValue>
            <measValue measObjLdn="MMLG0757HUNB001/ULoCell:NodeB Function Name=MMLG0757HUNB001, Local Cell ID=60422, Cell Name=M999MN2">
                <measResults>0 0 0 0 </measResults>
            </measValue>
            <measValue measObjLdn="MMLG0757HUNB001/ULoCell:NodeB Function Name=MMLG0757HUNB001, Local Cell ID=60423, Cell Name=M999MN3">
                <measResults>0 0 0 0 </measResults>
            </measValue>
        </measInfo>
        <measInfo measInfoId="50331661">
            <granPeriod duration="PT3600S" endTime="2021-08-19T12:00:00+08:00"/>
            <repPeriod duration="PT3600S"/>
            <measTypes>50332048 50332049 50332050 50332051 </measTypes>
            <measValue measObjLdn="MMLG0757HUNB001/ULoCell:NodeB Function Name=MMLG0757HUNB001, Local Cell ID=10421, Cell Name=M999MU1">
                <measResults>12887 0 157474 0 </measResults>
            </measValue>
            <measValue measObjLdn="MMLG0757HUNB001/ULoCell:NodeB Function Name=MMLG0757HUNB001, Local Cell ID=10422, Cell Name=M999MU2">
                <measResults>20570 0 158248 0 </measResults>
            </measValue>
            <measValue measObjLdn="MMLG0757HUNB001/ULoCell:NodeB Function Name=MMLG0757HUNB001, Local Cell ID=10423, Cell Name=M999MU3">
                <measResults>7996 0 157527 0 </measResults>
            </measValue>
            <measValue measObjLdn="MMLG0757HUNB001/ULoCell:NodeB Function Name=MMLG0757HUNB001, Local Cell ID=50421, Cell Name=M999MN4">
                <measResults>20176 0 157495 0 </measResults>
            </measValue>
            <measValue measObjLdn="MMLG0757HUNB001/ULoCell:NodeB Function Name=MMLG0757HUNB001, Local Cell ID=50422, Cell Name=M999MN5">
                <measResults>24723 0 158637 0 </measResults>
            </measValue>
            <measValue measObjLdn="MMLG0757HUNB001/ULoCell:NodeB Function Name=MMLG0757HUNB001, Local Cell ID=50423, Cell Name=M999MN6">
                <measResults>21893 0 158246 0 </measResults>
            </measValue>
            <measValue measObjLdn="MMLG0757HUNB001/ULoCell:NodeB Function Name=MMLG0757HUNB001, Local Cell ID=60421, Cell Name=M999MN1">
                <measResults>19177 0 157647 0 </measResults>
            </measValue>
            <measValue measObjLdn="MMLG0757HUNB001/ULoCell:NodeB Function Name=MMLG0757HUNB001, Local Cell ID=60422, Cell Name=M999MN2">
                <measResults>8178 0 157557 0 </measResults>
            </measValue>
            <measValue measObjLdn="MMLG0757HUNB001/ULoCell:NodeB Function Name=MMLG0757HUNB001, Local Cell ID=60423, Cell Name=M999MN3">
                <measResults>20650 0 158183 0 </measResults>
            </measValue>
        </measInfo>
        <measInfo measInfoId="50331662">
            <granPeriod duration="PT3600S" endTime="2021-08-19T12:00:00+08:00"/>
            <repPeriod duration="PT3600S"/>
            <measTypes>50332052 50332053 50332054 50332070 50332505 </measTypes>
            <measValue measObjLdn="MMLG0757HUNB001/ULoCell:NodeB Function Name=MMLG0757HUNB001, Local Cell ID=10421, Cell Name=M999MU1">
                <measResults>0 75 643872 0 0 </measResults>
            </measValue>
            <measValue measObjLdn="MMLG0757HUNB001/ULoCell:NodeB Function Name=MMLG0757HUNB001, Local Cell ID=10422, Cell Name=M999MU2">
                <measResults>0 43 305894 0 0 </measResults>
            </measValue>
            <measValue measObjLdn="MMLG0757HUNB001/ULoCell:NodeB Function Name=MMLG0757HUNB001, Local Cell ID=10423, Cell Name=M999MU3">
                <measResults>0 27 284984 0 0 </measResults>
            </measValue>
            <measValue measObjLdn="MMLG0757HUNB001/ULoCell:NodeB Function Name=MMLG0757HUNB001, Local Cell ID=50421, Cell Name=M999MN4">
                <measResults>0 61 426594 0 0 </measResults>
            </measValue>
            <measValue measObjLdn="MMLG0757HUNB001/ULoCell:NodeB Function Name=MMLG0757HUNB001, Local Cell ID=50422, Cell Name=M999MN5">
                <measResults>0 31 185315 0 0 </measResults>
            </measValue>
            <measValue measObjLdn="MMLG0757HUNB001/ULoCell:NodeB Function Name=MMLG0757HUNB001, Local Cell ID=50423, Cell Name=M999MN6">
                <measResults>0 62 173430 0 0 </measResults>
            </measValue>
            <measValue measObjLdn="MMLG0757HUNB001/ULoCell:NodeB Function Name=MMLG0757HUNB001, Local Cell ID=60421, Cell Name=M999MN1">
                <measResults>19 74 592340 0 0 </measResults>
            </measValue>
            <measValue measObjLdn="MMLG0757HUNB001/ULoCell:NodeB Function Name=MMLG0757HUNB001, Local Cell ID=60422, Cell Name=M999MN2">
                <measResults>0 49 272959 0 0 </measResults>
            </measValue>
            <measValue measObjLdn="MMLG0757HUNB001/ULoCell:NodeB Function Name=MMLG0757HUNB001, Local Cell ID=60423, Cell Name=M999MN3">
                <measResults>0 35 271766 0 0 </measResults>
            </measValue>
        </measInfo>
        <measInfo measInfoId="50331663">
            <granPeriod duration="PT3600S" endTime="2021-08-19T12:00:00+08:00"/>
            <repPeriod duration="PT3600S"/>
            <measTypes>50331917 50332061 50332064 50332065 50332069 50332071 50332072 50332073 50332074 50332079 50332258 50332388 50332389 50332504 50332626 50332632 50332639 50332640 50332641 50332645 50342048 50342049 50342050 50342051 50361705 50361706 50361725 50361726 50361735 50361740 50361743 50361744 50361747 50361749 50361751 50361753 50361755 50361757 50361759 50361761 50361763 50361765 50361767 50361769 50361771 50361773 50361775 50361777 50361779 50361781 50361783 50361785 50361787 50361789 50361791 50361793 50361795 </measTypes>
            <measValue measObjLdn="MMLG0757HUNB001/ULoCell:NodeB Function Name=MMLG0757HUNB001, Local Cell ID=10421, Cell Name=M999MU1">
                <measResults>740.419 0 256 0 0 0 0 0 0 0 2.206 0 0.546 8.333 0 0 3600 0 NIL 0 3 46.828 0 0 0 0 0 NIL NIL NIL NIL NIL NIL NIL NIL NIL NIL NIL NIL NIL NIL NIL NIL NIL NIL NIL NIL NIL NIL NIL NIL NIL NIL NIL NIL NIL NIL </measResults>
            </measValue>
            <measValue measObjLdn="MMLG0757HUNB001/ULoCell:NodeB Function Name=MMLG0757HUNB001, Local Cell ID=10422, Cell Name=M999MU2">
                <measResults>981.348 0 256 0 0 0 0 0 0 0 1.044 0 0.914 966.667 0 0 3600 0 NIL 0 3 57.362 0 0 0 0 0 NIL NIL NIL NIL NIL NIL NIL NIL NIL NIL NIL NIL NIL NIL NIL NIL NIL NIL NIL NIL NIL NIL NIL NIL NIL NIL NIL NIL NIL NIL </measResults>
            </measValue>
            <measValue measObjLdn="MMLG0757HUNB001/ULoCell:NodeB Function Name=MMLG0757HUNB001, Local Cell ID=10423, Cell Name=M999MU3">
                <measResults>991.656 0 255 0 0 0 0 0 0 0 0.961 0 0.358 0 0 0 3600 0 NIL 0 22 39.062 0 0 0 0 0 NIL NIL NIL NIL NIL NIL NIL NIL NIL NIL NIL NIL NIL NIL NIL NIL NIL NIL NIL NIL NIL NIL NIL NIL NIL NIL NIL NIL NIL NIL </measResults>
            </measValue>
            <measValue measObjLdn="MMLG0757HUNB001/ULoCell:NodeB Function Name=MMLG0757HUNB001, Local Cell ID=50421, Cell Name=M999MN4">
                <measResults>563.767 1 255 0 0 0 0 0 0 0 1.653 0 1.653 0 0 0 0 0 NIL 0 14 49.205 0 13.816 0 0 0 1 NIL NIL NIL NIL NIL NIL NIL NIL NIL NIL NIL NIL NIL NIL NIL NIL NIL NIL NIL NIL NIL NIL NIL NIL NIL NIL NIL NIL NIL </measResults>
            </measValue>
            <measValue measObjLdn="MMLG0757HUNB001/ULoCell:NodeB Function Name=MMLG0757HUNB001, Local Cell ID=50422, Cell Name=M999MN5">
                <measResults>920.298 1 256 0 0 0 0 0 0 0 0.863 0 1.329 0 0 0 0 0 NIL 0 14 58.242 0 2.567 0 0 0 0.997 NIL NIL NIL NIL NIL NIL NIL NIL NIL NIL NIL NIL NIL NIL NIL NIL NIL NIL NIL NIL NIL NIL NIL NIL NIL NIL NIL NIL NIL </measResults>
            </measValue>
            <measValue measObjLdn="MMLG0757HUNB001/ULoCell:NodeB Function Name=MMLG0757HUNB001, Local Cell ID=50423, Cell Name=M999MN6">
                <measResults>981.004 1 256 0 0 0 0 0 0 0 0.847 0 0.88 0 0 0 0 0 NIL 0 12 49.25 0 3.928 0 0 0 1 NIL NIL NIL NIL NIL NIL NIL NIL NIL NIL NIL NIL NIL NIL NIL NIL NIL NIL NIL NIL NIL NIL NIL NIL NIL NIL NIL NIL NIL </measResults>
            </measValue>
            <measValue measObjLdn="MMLG0757HUNB001/ULoCell:NodeB Function Name=MMLG0757HUNB001, Local Cell ID=60421, Cell Name=M999MN1">
                <measResults>786.181 1 255 0 0 0 0 0 0 0 2.447 0 1.305 0 0 0 3600 0 NIL 0 9 45.503 0 6.223 0 0 0 1 NIL NIL NIL NIL NIL NIL NIL NIL NIL NIL NIL NIL NIL NIL NIL NIL NIL NIL NIL NIL NIL NIL NIL NIL NIL NIL NIL NIL NIL </measResults>
            </measValue>
            <measValue measObjLdn="MMLG0757HUNB001/ULoCell:NodeB Function Name=MMLG0757HUNB001, Local Cell ID=60422, Cell Name=M999MN2">
                <measResults>966.532 1 256 0 0 0 0 0 0 0 1.669 0 1.04 0 0 0 3600 0 NIL 0 77 117.727 0 0 0 0 0 NIL NIL NIL NIL NIL NIL NIL NIL NIL NIL NIL NIL NIL NIL NIL NIL NIL NIL NIL NIL NIL NIL NIL NIL NIL NIL NIL NIL NIL NIL </measResults>
            </measValue>
            <measValue measObjLdn="MMLG0757HUNB001/ULoCell:NodeB Function Name=MMLG0757HUNB001, Local Cell ID=60423, Cell Name=M999MN3">
                <measResults>980.26 1 256 0 0 0 0 0 0 0 1.389 0 0.688 0 0 0 3600 0 NIL 0 9 44.785 0 1.883 0 0 0 1 NIL NIL NIL NIL NIL NIL NIL NIL NIL NIL NIL NIL NIL NIL NIL NIL NIL NIL NIL NIL NIL NIL NIL NIL NIL NIL NIL NIL NIL </measResults>
            </measValue>
        </measInfo>
        <measInfo measInfoId="50331665">
            <granPeriod duration="PT3600S" endTime="2021-08-19T12:00:00+08:00"/>
            <repPeriod duration="PT3600S"/>
            <measTypes>50331740 50331741 50331742 50331743 50331744 50331909 50331910 50331911 50331912 50331913 50332381 50332382 50332576 50332577 </measTypes>
            <measValue measObjLdn="MMLG0757HUNB001/ULoCell:NodeB Function Name=MMLG0757HUNB001, Local Cell ID=10421, Cell Name=M999MU1">
                <measResults>0 0 0 0 0 0 0 0 0 0 0 0 0 0 </measResults>
            </measValue>
            <measValue measObjLdn="MMLG0757HUNB001/ULoCell:NodeB Function Name=MMLG0757HUNB001, Local Cell ID=10422, Cell Name=M999MU2">
                <measResults>0 0 0 0 0 0 0 0 0 0 0 0 0 0 </measResults>
            </measValue>
            <measValue measObjLdn="MMLG0757HUNB001/ULoCell:NodeB Function Name=MMLG0757HUNB001, Local Cell ID=10423, Cell Name=M999MU3">
                <measResults>0 0 0 0 0 0 0 0 0 0 0 0 0 0 </measResults>
            </measValue>
            <measValue measObjLdn="MMLG0757HUNB001/ULoCell:NodeB Function Name=MMLG0757HUNB001, Local Cell ID=50421, Cell Name=M999MN4">
                <measResults>0 0 0 0 0 0 0 0 0 0 0 0 0 0 </measResults>
            </measValue>
            <measValue measObjLdn="MMLG0757HUNB001/ULoCell:NodeB Function Name=MMLG0757HUNB001, Local Cell ID=50422, Cell Name=M999MN5">
                <measResults>0 0 0 0 0 0 0 0 0 0 0 0 0 0 </measResults>
            </measValue>
            <measValue measObjLdn="MMLG0757HUNB001/ULoCell:NodeB Function Name=MMLG0757HUNB001, Local Cell ID=50423, Cell Name=M999MN6">
                <measResults>0 0 0 0 0 0 0 0 0 0 0 0 0 0 </measResults>
            </measValue>
            <measValue measObjLdn="MMLG0757HUNB001/ULoCell:NodeB Function Name=MMLG0757HUNB001, Local Cell ID=60421, Cell Name=M999MN1">
                <measResults>0 0 0 0 0 0 0 0 0 0 0 0 0 0 </measResults>
            </measValue>
            <measValue measObjLdn="MMLG0757HUNB001/ULoCell:NodeB Function Name=MMLG0757HUNB001, Local Cell ID=60422, Cell Name=M999MN2">
                <measResults>0 0 0 0 0 0 0 0 0 0 0 0 0 0 </measResults>
            </measValue>
            <measValue measObjLdn="MMLG0757HUNB001/ULoCell:NodeB Function Name=MMLG0757HUNB001, Local Cell ID=60423, Cell Name=M999MN3">
                <measResults>0 0 0 0 0 0 0 0 0 0 0 0 0 0 </measResults>
            </measValue>
        </measInfo>
        <measInfo measInfoId="50331673">
            <granPeriod duration="PT3600S" endTime="2021-08-19T12:00:00+08:00"/>
            <repPeriod duration="PT3600S"/>
            <measTypes>50332055 50332056 50332057 50332058 50332059 50332060 50332278 50332279 50332280 50332281 50332282 50332283 50332284 50332285 50332286 50361648 50361649 50361650 50361651 </measTypes>
            <measValue measObjLdn="MMLG0757HUNB001/ULoCell:NodeB Function Name=MMLG0757HUNB001, Local Cell ID=10421, Cell Name=M999MU1">
                <measResults>19 21 16 0 0 0 4 5 0 0 0 0 0 1 2 0 0 0 0 </measResults>
            </measValue>
            <measValue measObjLdn="MMLG0757HUNB001/ULoCell:NodeB Function Name=MMLG0757HUNB001, Local Cell ID=10422, Cell Name=M999MU2">
                <measResults>17 9 7 0 0 0 4 5 1 1 4 0 0 2 8 0 0 0 0 </measResults>
            </measValue>
            <measValue measObjLdn="MMLG0757HUNB001/ULoCell:NodeB Function Name=MMLG0757HUNB001, Local Cell ID=10423, Cell Name=M999MU3">
                <measResults>11 7 6 0 0 0 5 6 0 1 2 0 0 2 2 0 0 0 0 </measResults>
            </measValue>
            <measValue measObjLdn="MMLG0757HUNB001/ULoCell:NodeB Function Name=MMLG0757HUNB001, Local Cell ID=50421, Cell Name=M999MN4">
                <measResults>15 10 3 0 0 0 11 10 4 9 4 1 2 7 1 0 0 0 0 </measResults>
            </measValue>
            <measValue measObjLdn="MMLG0757HUNB001/ULoCell:NodeB Function Name=MMLG0757HUNB001, Local Cell ID=50422, Cell Name=M999MN5">
                <measResults>12 3 1 0 0 0 8 9 4 10 10 0 1 10 7 0 0 0 0 </measResults>
            </measValue>
            <measValue measObjLdn="MMLG0757HUNB001/ULoCell:NodeB Function Name=MMLG0757HUNB001, Local Cell ID=50423, Cell Name=M999MN6">
                <measResults>7 2 1 0 0 0 7 7 4 6 13 0 1 7 7 0 0 0 0 </measResults>
            </measValue>
            <measValue measObjLdn="MMLG0757HUNB001/ULoCell:NodeB Function Name=MMLG0757HUNB001, Local Cell ID=60421, Cell Name=M999MN1">
                <measResults>14 14 8 0 0 0 13 14 3 7 3 1 1 4 2 0 0 0 0 </measResults>
            </measValue>
            <measValue measObjLdn="MMLG0757HUNB001/ULoCell:NodeB Function Name=MMLG0757HUNB001, Local Cell ID=60422, Cell Name=M999MN2">
                <measResults>4 7 2 0 0 0 10 11 1 5 6 1 1 4 7 0 0 0 0 </measResults>
            </measValue>
            <measValue measObjLdn="MMLG0757HUNB001/ULoCell:NodeB Function Name=MMLG0757HUNB001, Local Cell ID=60423, Cell Name=M999MN3">
                <measResults>6 5 2 0 0 0 11 10 2 4 8 0 0 4 5 0 0 0 0 </measResults>
            </measValue>
        </measInfo>
        <measInfo measInfoId="50331674">
            <granPeriod duration="PT3600S" endTime="2021-08-19T12:00:00+08:00"/>
            <repPeriod duration="PT3600S"/>
            <measTypes>50332161 50332162 50332163 50332164 50332165 50341718 50341719 50341720 50341721 </measTypes>
            <measValue measObjLdn="MMLG0757HUNB001/ULoCell:NodeB Function Name=MMLG0757HUNB001, Local Cell ID=10421, Cell Name=M999MU1">
                <measResults>0 0 0 0 0 0 0 0 0 </measResults>
            </measValue>
            <measValue measObjLdn="MMLG0757HUNB001/ULoCell:NodeB Function Name=MMLG0757HUNB001, Local Cell ID=10422, Cell Name=M999MU2">
                <measResults>0 0 0 0 0 0 0 0 0 </measResults>
            </measValue>
            <measValue measObjLdn="MMLG0757HUNB001/ULoCell:NodeB Function Name=MMLG0757HUNB001, Local Cell ID=10423, Cell Name=M999MU3">
                <measResults>0 0 0 0 0 0 0 0 0 </measResults>
            </measValue>
            <measValue measObjLdn="MMLG0757HUNB001/ULoCell:NodeB Function Name=MMLG0757HUNB001, Local Cell ID=50421, Cell Name=M999MN4">
                <measResults>0 0 0 0 0 0 0 0 0 </measResults>
            </measValue>
            <measValue measObjLdn="MMLG0757HUNB001/ULoCell:NodeB Function Name=MMLG0757HUNB001, Local Cell ID=50422, Cell Name=M999MN5">
                <measResults>0 0 0 0 0 0 0 0 0 </measResults>
            </measValue>
            <measValue measObjLdn="MMLG0757HUNB001/ULoCell:NodeB Function Name=MMLG0757HUNB001, Local Cell ID=50423, Cell Name=M999MN6">
                <measResults>0 0 0 0 0 0 0 0 0 </measResults>
            </measValue>
            <measValue measObjLdn="MMLG0757HUNB001/ULoCell:NodeB Function Name=MMLG0757HUNB001, Local Cell ID=60421, Cell Name=M999MN1">
                <measResults>0 0 0 0 0 0 0 0 0 </measResults>
            </measValue>
            <measValue measObjLdn="MMLG0757HUNB001/ULoCell:NodeB Function Name=MMLG0757HUNB001, Local Cell ID=60422, Cell Name=M999MN2">
                <measResults>0 0 0 0 0 0 0 0 0 </measResults>
            </measValue>
            <measValue measObjLdn="MMLG0757HUNB001/ULoCell:NodeB Function Name=MMLG0757HUNB001, Local Cell ID=60423, Cell Name=M999MN3">
                <measResults>0 0 0 0 0 0 0 0 0 </measResults>
            </measValue>
        </measInfo>
        <measInfo measInfoId="50331676">
            <granPeriod duration="PT3600S" endTime="2021-08-19T12:00:00+08:00"/>
            <repPeriod duration="PT3600S"/>
            <measTypes>50331747 50332175 50332176 50332177 50332178 50332179 50332180 50332181 50332182 50332183 50332184 50332185 50332186 50332187 50332188 50332189 50332190 50332192 50332193 50332194 50332195 50332196 50332197 50332198 50332199 50332200 50332201 50332202 50332203 50332204 50332205 50332206 50332207 50332208 50332209 50332210 50332211 50332212 50332213 50332214 50332219 50332232 50332233 50332234 50332235 50332236 50332237 50332238 50332245 50332246 50332648 50332649 50332650 50332651 50332652 50332653 50332654 50332655 50332656 50332657 50332658 50332670 50332848 50332849 50332850 50332853 50332854 50332855 50332856 50332865 50332866 50332867 50332868 50332869 50332870 50332871 50332872 50332873 50332874 50332875 50332876 50332877 50332878 50332879 50332880 50332881 50332882 50332883 50332884 50332885 50332886 50332887 50332888 50332889 50332890 50332891 50332892 50332894 50332895 50332896 50332897 50332898 50332899 50332900 50332901 50332902 50332903 50332904 50332905 50332906 50332907 50332908 50332909 50332910 50332943 50332944 50332945 50332946 50332947 50332948 50332949 50332950 50332951 50332952 50332953 50332954 50332955 50332956 50332957 50332958 50332959 50332960 50332961 50332962 50332963 50332964 50332965 50332966 50332967 50332968 50332969 50332970 50332971 50332972 50332973 50332974 50332985 50332986 50332987 50332990 50341723 50341741 50341742 50341743 50341748 50341749 50341750 50341751 50341752 50341753 50341754 50341755 50341756 50341757 50341758 50341759 </measTypes>
            <measValue measObjLdn="MMLG0757HUNB001/ULoCell:NodeB Function Name=MMLG0757HUNB001, Local Cell ID=10421, Cell Name=M999MU1">
                <measResults>436471948 1661853 44586 16046 8849 5671 6587 2178 4717 1993 4541 5269 6847 9375 22921 1067 0 0 394612976 23970 0 3045 0 0 0 0 0 1305 10419 723 101 136 77 75 47 51 44 52 16 2 184552048 400112344 182427 656741152 182192 67182 34543 29580 131526690 141235 64848 8593 11616 3927 3951 2695 3727 2093 4530 936 0 33475 0 0 0 33567 0 1 33431 0 0 0 0 0 0 0 0 0 0 0 0 26386395 48628511 61416655 88461708 73806 62971 27259 11685 0 0 0 0 578664 4508 1299 0 0 0 0 0 0 0 0 0 0 0 0 0 0 0 0 0 0 0 0 0 0 0 0 0 0 0 0 0 0 0 0 0 0 NIL NIL NIL NIL NIL NIL NIL NIL NIL NIL NIL NIL NIL NIL NIL NIL 0 0 0 109950 1.39 NIL 0 0 18814.729 12694.301 33296.727 19359.264 27641.242 24581.162 45607.668 36134.184 115390.32 29535.896 0 331546.469 </measResults>
            </measValue>
            <measValue measObjLdn="MMLG0757HUNB001/ULoCell:NodeB Function Name=MMLG0757HUNB001, Local Cell ID=10422, Cell Name=M999MU2">
                <measResults>3794541476 1521006 46214 8214 6176 3825 6095 3075 7948 3460 6035 3663 6144 11546 117846 51246 7 0 3791959064 5859 0 1918 0 0 0 0 0 16654 21538 692 72 111 77 76 66 194 584 625 35 2 2854026264 3801788643 326193 4469836581 111225 71839 152978 370856 143745048 63864 21872 6525 8584 3852 5032 4663 19589 63883 81923 33 0 187559 0 0 0 13197 1 1 50562 0 0 0 0 0 0 0 0 0 0 0 0 14576496 43461266 82815132 1571206011 35288 31118 17431 105583 0 0 0 0 545952 3021 1313 0 0 0 0 0 0 0 0 0 0 0 0 0 0 0 0 0 0 0 0 0 0 0 0 0 0 0 0 0 0 0 0 0 0 NIL NIL NIL NIL NIL NIL NIL NIL NIL NIL NIL NIL NIL NIL NIL NIL 0 0 0 253897 2.084 NIL 0 0 8251.094 9783.233 24946.164 19025.396 36138.199 42255.109 235619.656 1123389.75 1841864.75 1062.856 0 3324302 </measResults>
            </measValue>
            <measValue measObjLdn="MMLG0757HUNB001/ULoCell:NodeB Function Name=MMLG0757HUNB001, Local Cell ID=10423, Cell Name=M999MU3">
                <measResults>747577320 1704188 16961 4684 2281 2232 2528 470 2724 882 3043 1154 3591 1544 24064 32154 0 0 715977820 12729 0 1117 0 0 0 0 0 2161 3443 273 48 55 85 88 65 70 92 134 29 5 383451232 734147058 115952 959433565 121726 52079 45721 42407 201437784 59308 19872 6323 6974 13171 15881 5205 2412 4210 10461 1450 0 59764 0 0 0 21361 0 0 17384 0 0 0 0 0 0 0 0 0 0 0 0 24252076 155239585 122756499 25186353 35395 34140 19847 5088 0 0 0 0 694169 3727 1484 0 0 0 0 0 0 0 0 0 0 0 0 0 0 0 0 0 0 0 0 0 0 0 0 0 0 0 0 0 0 0 0 0 0 NIL NIL NIL NIL NIL NIL NIL NIL NIL NIL NIL NIL NIL NIL NIL NIL 0 0 0 82040 0.88 NIL 0 0 4678.217 10465.567 19301.145 65822.516 109880.75 44359.684 29150.721 72337.648 258322.359 44824.313 0 643999.125 </measResults>
            </measValue>
            <measValue measObjLdn="MMLG0757HUNB001/ULoCell:NodeB Function Name=MMLG0757HUNB001, Local Cell ID=50421, Cell Name=M999MN4">
                <measResults>419428196 1548087 89764 17746 13998 10671 13022 7824 12637 3225 27843 3136 14802 6021 31587 2137 0 0 389997248 11493 0 1919 0 0 0 0 0 2188 12148 1165 162 420 240 102 144 196 147 48 8 2 23068056 388414934 284704 650385155 190045 143392 256020 406286 140987926 166659 76306 28290 44041 11728 2218 1786 1875 1007 101 7 0 62763 0 0 0 96568 1 0 69402 0 0 0 0 0 0 0 0 0 198 0 0 29011032 188597103 56251087 55083616 65450 133435 30810 30823 0 0 0 0 1973625 9492 4200 0 0 0 0 0 0 0 0 0 0 0 0 0 0 0 0 0 0 0 0 0 0 0 0 0 0 0 0 0 0 0 0 0 0 NIL NIL NIL NIL NIL NIL NIL NIL NIL NIL NIL NIL NIL NIL NIL NIL 0 0 0 192517 3.098 NIL 0 0 29203.117 38449.734 129872.938 53845.16 14960 15871.278 22053.809 17022.816 2348.392 243.32 0 256217.719 </measResults>
            </measValue>
            <measValue measObjLdn="MMLG0757HUNB001/ULoCell:NodeB Function Name=MMLG0757HUNB001, Local Cell ID=50422, Cell Name=M999MN5">
                <measResults>3304354812 1412132 93329 10828 6058 5383 5807 4456 6756 4624 12792 4122 8439 6534 97815 123425 0 0 3322730472 9283 0 4650 0 0 0 0 0 27012 31984 1383 112 233 237 298 560 1313 1341 233 23 11 507961488 3320808794 453632 3948265883 102399 183242 373194 354632 1968414253 275397 33563 8129 17263 17689 17857 23914 72338 69799 8544 20 0 227424 0 0 0 23294 0 0 105144 0 0 0 0 0 0 0 0 0 0 0 0 4573091 89295343 315868235 1731284744 18544 59355 71689 190163 0 0 0 0 2550625 9757 5006 0 0 0 0 0 0 0 0 0 0 0 0 0 0 0 0 0 0 0 0 0 0 0 0 0 0 0 0 0 0 0 0 0 0 NIL NIL NIL NIL NIL NIL NIL NIL NIL NIL NIL NIL NIL NIL NIL NIL 0 0 0 323759 3.213 NIL 0 0 4002.579 12426.595 50139.859 90338.164 123791.844 215388.859 879988.438 1125130.25 196962.453 666.864 0 2682406.75 </measResults>
            </measValue>
            <measValue measObjLdn="MMLG0757HUNB001/ULoCell:NodeB Function Name=MMLG0757HUNB001, Local Cell ID=50423, Cell Name=M999MN6">
                <measResults>1931039264 1577107 48891 4737 3201 2383 2431 2160 5690 3120 37090 2679 2659 2704 22395 85248 5 0 1935138960 11397 0 318 0 0 0 0 0 9034 10956 488 138 199 134 181 177 355 602 428 41 12 916513976 1931687899 247561 2404555907 79932 127991 80175 483720 188281336 41251 9160 14423 36245 12681 17480 7451 17913 29272 25026 331 0 146399 0 0 0 45072 0 0 50477 0 0 0 0 0 0 0 0 0 0 0 0 1737248 134010136 200432667 329658555 14516 56395 41726 35220 0 0 0 0 3525929 9216 5341 0 0 0 0 0 0 0 0 0 0 0 0 0 0 0 0 0 0 0 0 0 0 0 0 0 0 0 0 0 0 0 0 0 0 NIL NIL NIL NIL NIL NIL NIL NIL NIL NIL NIL NIL NIL NIL NIL NIL 0 0 0 182220 2.383 NIL 0 0 1939.768 24381.592 96064.227 65192.832 123769.922 66391.812 215948.906 499796.094 574142.438 10292.328 0 1651598.5 </measResults>
            </measValue>
            <measValue measObjLdn="MMLG0757HUNB001/ULoCell:NodeB Function Name=MMLG0757HUNB001, Local Cell ID=60421, Cell Name=M999MN1">
                <measResults>217082776 1636093 93062 8544 5440 4191 6292 2364 9202 2066 6192 3074 5425 4289 15949 317 0 0 185641664 13663 0 5379 0 0 0 0 1 1497 4645 1231 90 161 85 93 106 187 119 41 25 0 24952648 183059612 184187 387123428 205037 180889 292830 199098 112882498 122019 25315 12235 13032 3900 1713 1670 858 539 120 28 0 21860 0 0 0 24203 0 1 72721 0 0 0 0 0 0 0 0 0 0 0 0 39242614 38667155 35160882 35567880 45594 57675 28126 36841 0 0 0 0 2804449 18223 7250 0 0 0 0 0 0 0 0 0 0 0 0 0 0 0 0 0 0 0 0 0 0 0 0 0 0 0 0 0 0 0 0 0 0 NIL NIL NIL NIL NIL NIL NIL NIL NIL NIL NIL NIL NIL NIL NIL NIL 0 0 0 73826 3.058 NIL 0 0 3512.138 17509.332 38355.656 18266 11998.937 14905.017 10388.981 8952.968 2772.336 941.088 0 106580.984 </measResults>
            </measValue>
            <measValue measObjLdn="MMLG0757HUNB001/ULoCell:NodeB Function Name=MMLG0757HUNB001, Local Cell ID=60422, Cell Name=M999MN2">
                <measResults>6931161952 1020634 34896 6130 3920 4278 3417 2289 3932 8809 15622 12568 15044 37635 308884 322658 1784 0 6947513152 2919 0 933 0 0 0 0 1 22819 26380 707 22 59 125 323 763 1425 119 21 3 1 36035304 6949617123 819503 8589328614 45955 378890 125673 114541 5219377507 610223 24678 171 12287 29920 90991 207779 299952 1403 583 2 0 642917 0 0 0 11880 0 0 46466 0 0 0 0 0 0 0 0 0 0 0 0 2444931 378773224 6389029245 144596997 7051 90542 692399 26335 0 0 0 0 1432096 6668 3005 0 0 0 0 0 0 0 0 0 0 0 0 0 0 0 0 0 0 0 0 0 0 0 0 0 0 0 0 0 0 0 0 0 0 NIL NIL NIL NIL NIL NIL NIL NIL NIL NIL NIL NIL NIL NIL NIL NIL 0 0 0 742407 1.915 NIL 0 0 677.832 273.608 39618.137 153109.188 662228.875 1913028.5 3330080.5 21981.4 12500.608 74.496 0 6132622 </measResults>
            </measValue>
            <measValue measObjLdn="MMLG0757HUNB001/ULoCell:NodeB Function Name=MMLG0757HUNB001, Local Cell ID=60423, Cell Name=M999MN3">
                <measResults>957875820 1624839 43330 5373 3526 2274 4350 2270 5209 2177 7414 2832 7172 4060 41137 46264 273 0 915065400 7015 0 2080 0 0 0 0 0 2205 3393 579 58 147 190 122 119 208 321 124 12 2 247438992 912982443 188854 1411170880 147260 105853 87355 245352 178058658 81280 11689 12178 18335 25471 6374 6051 15057 16482 3500 11 0 91281 0 0 0 37213 0 0 47294 0 0 0 0 0 0 0 0 0 0 0 0 23026152 185787007 155994503 361039268 23630 66353 31064 35327 0 0 0 0 2540412 7854 3965 0 0 0 0 0 0 0 0 0 0 0 0 0 0 0 0 0 0 0 0 0 0 0 0 0 0 0 0 0 0 0 0 0 0 NIL NIL NIL NIL NIL NIL NIL NIL NIL NIL NIL NIL NIL NIL NIL NIL 0 0 0 127890 2.028 NIL 0 0 3553.975 18806.555 55406.641 119422.227 43627.621 53098.977 182203.453 269429.188 74970.375 352.744 0 798511.25 </measResults>
            </measValue>
        </measInfo>
        <measInfo measInfoId="50331649">
            <granPeriod duration="PT3600S" endTime="2021-08-19T12:00:00+08:00"/>
            <repPeriod duration="PT3600S"/>
            <measTypes>50332578 50332579 50332580 50332581 50342578 50342579 50342580 50342581 </measTypes>
            <measValue measObjLdn="MMLG0757HUNB001/NodeBFunction:NodeB Function Name=MMLG0757HUNB001">
                <measResults>4.871 0.253 3.851 50.171 8.4 1.4 7.4 72.8 </measResults>
            </measValue>
        </measInfo>
        <measInfo measInfoId="50331654">
            <granPeriod duration="PT3600S" endTime="2021-08-19T12:00:00+08:00"/>
            <repPeriod duration="PT3600S"/>
            <measTypes>50332565 50332566 50332633 50332635 </measTypes>
            <measValue measObjLdn="MMLG0757HUNB001/NodeBFunction:NodeB Function Name=MMLG0757HUNB001">
                <measResults>3072 1792 0 0 </measResults>
            </measValue>
        </measInfo>
        <measInfo measInfoId="50331664">
            <granPeriod duration="PT3600S" endTime="2021-08-19T12:00:00+08:00"/>
            <repPeriod duration="PT3600S"/>
            <measTypes>50332572 50332585 50332587 50332588 50332589 50332590 50332617 50332618 50332625 </measTypes>
            <measValue measObjLdn="MMLG0757HUNB001/NodeBFunction:NodeB Function Name=MMLG0757HUNB001">
                <measResults>1 0 23 23 0 13 0 0 2 </measResults>
            </measValue>
        </measInfo>
        <measInfo measInfoId="50331666">
            <granPeriod duration="PT3600S" endTime="2021-08-19T12:00:00+08:00"/>
            <repPeriod duration="PT3600S"/>
            <measTypes>50332567 50332568 50332569 50332570 50332571 </measTypes>
            <measValue measObjLdn="MMLG0757HUNB001/NodeBFunction:NodeB Function Name=MMLG0757HUNB001">
                <measResults>0 0 0 0 0 </measResults>
            </measValue>
        </measInfo>
        <measInfo measInfoId="50331681">
            <granPeriod duration="PT3600S" endTime="2021-08-19T12:00:00+08:00"/>
            <repPeriod duration="PT3600S"/>
            <measTypes>50342640 50342641 50342642 50342643 50342644 50342645 50342646 50342647 </measTypes>
            <measValue measObjLdn="MMLG0757HUNB001/NodeBFunction:NodeB Function Name=MMLG0757HUNB001">
                <measResults>7899458 10681841 553267076 2864310843 1760340 1229482 18059975 6365135 </measResults>
            </measValue>
        </measInfo>
        <measInfo measInfoId="50331652">
            <granPeriod duration="PT3600S" endTime="2021-08-19T12:00:00+08:00"/>
            <repPeriod duration="PT3600S"/>
            <measTypes>50332555 50332556 50332557 50332558 50332559 50332560 50332561 50332562 50332563 50332564 50332593 50332594 50342555 50342556 50342561 50342562 50342563 50342564 50342567 50342568 50342569 50342570 50342571 50342572 50342618 50342619 50342621 50342622 50342624 50342625 50342627 50342628 </measTypes>
            <measValue measObjLdn="MMLG0757HUNB001/NodeBFunction:NodeB Function Name=MMLG0757HUNB001/MocID:2/CnOperator:-1">
                <measResults>0 0 0 0 4576 3760 89.258 44.854 0 34.881 0 0 0 0 121 63 0 54 29 62.5 17 0 0 0 0 0 0 0 0 0 0 0 </measResults>
            </measValue>
        </measInfo>
        <measInfo measInfoId="50331667">
            <granPeriod duration="PT3600S" endTime="2021-08-19T12:00:00+08:00"/>
            <repPeriod duration="PT3600S"/>
            <measTypes>50332591 50332592 50332595 50332596 50332597 </measTypes>
            <measValue measObjLdn="MMLG0757HUNB001/NodeBFunction:NodeB Function Name=MMLG0757HUNB001/MocID:2/CnOperator:-1">
                <measResults>0 0 0 0 0 </measResults>
            </measValue>
        </measInfo>
        <measInfo measInfoId="50331668">
            <granPeriod duration="PT3600S" endTime="2021-08-19T12:00:00+08:00"/>
            <repPeriod duration="PT3600S"/>
            <measTypes>50332348 50332349 </measTypes>
            <measValue measObjLdn="MMLG0757HUNB001/LOCELL_SECTOREQM:NodeB Function Name=MMLG0757HUNB001, Local Cell ID=10421, Sector Equipment ID=0">
                <measResults>0 0 </measResults>
            </measValue>
            <measValue measObjLdn="MMLG0757HUNB001/LOCELL_SECTOREQM:NodeB Function Name=MMLG0757HUNB001, Local Cell ID=10422, Sector Equipment ID=1">
                <measResults>0 0 </measResults>
            </measValue>
            <measValue measObjLdn="MMLG0757HUNB001/LOCELL_SECTOREQM:NodeB Function Name=MMLG0757HUNB001, Local Cell ID=10423, Sector Equipment ID=2">
                <measResults>0 0 </measResults>
            </measValue>
            <measValue measObjLdn="MMLG0757HUNB001/LOCELL_SECTOREQM:NodeB Function Name=MMLG0757HUNB001, Local Cell ID=50421, Sector Equipment ID=6">
                <measResults>0 0 </measResults>
            </measValue>
            <measValue measObjLdn="MMLG0757HUNB001/LOCELL_SECTOREQM:NodeB Function Name=MMLG0757HUNB001, Local Cell ID=50422, Sector Equipment ID=7">
                <measResults>0 0 </measResults>
            </measValue>
            <measValue measObjLdn="MMLG0757HUNB001/LOCELL_SECTOREQM:NodeB Function Name=MMLG0757HUNB001, Local Cell ID=50423, Sector Equipment ID=8">
                <measResults>0 0 </measResults>
            </measValue>
            <measValue measObjLdn="MMLG0757HUNB001/LOCELL_SECTOREQM:NodeB Function Name=MMLG0757HUNB001, Local Cell ID=60421, Sector Equipment ID=10">
                <measResults>0 0 </measResults>
            </measValue>
            <measValue measObjLdn="MMLG0757HUNB001/LOCELL_SECTOREQM:NodeB Function Name=MMLG0757HUNB001, Local Cell ID=60422, Sector Equipment ID=11">
                <measResults>0 0 </measResults>
            </measValue>
            <measValue measObjLdn="MMLG0757HUNB001/LOCELL_SECTOREQM:NodeB Function Name=MMLG0757HUNB001, Local Cell ID=60423, Sector Equipment ID=12">
                <measResults>0 0 </measResults>
            </measValue>
        </measInfo>
        <measInfo measInfoId="50331669">
            <granPeriod duration="PT3600S" endTime="2021-08-19T12:00:00+08:00"/>
            <repPeriod duration="PT3600S"/>
            <measTypes>50332350 50332351 50332352 50332353 </measTypes>
            <measValue measObjLdn="MMLG0757HUNB001/LOCELL_SECTOREQM:NodeB Function Name=MMLG0757HUNB001, Local Cell ID=10421, Sector Equipment ID=0">
                <measResults>12447 38 12213 12237 </measResults>
            </measValue>
            <measValue measObjLdn="MMLG0757HUNB001/LOCELL_SECTOREQM:NodeB Function Name=MMLG0757HUNB001, Local Cell ID=10422, Sector Equipment ID=1">
                <measResults>15799 40 14734 14743 </measResults>
            </measValue>
            <measValue measObjLdn="MMLG0757HUNB001/LOCELL_SECTOREQM:NodeB Function Name=MMLG0757HUNB001, Local Cell ID=10423, Sector Equipment ID=2">
                <measResults>6559 2 6444 6445 </measResults>
            </measValue>
            <measValue measObjLdn="MMLG0757HUNB001/LOCELL_SECTOREQM:NodeB Function Name=MMLG0757HUNB001, Local Cell ID=50421, Sector Equipment ID=6">
                <measResults>16724 76 16136 16188 </measResults>
            </measValue>
            <measValue measObjLdn="MMLG0757HUNB001/LOCELL_SECTOREQM:NodeB Function Name=MMLG0757HUNB001, Local Cell ID=50422, Sector Equipment ID=7">
                <measResults>24934 24 24529 24555 </measResults>
            </measValue>
            <measValue measObjLdn="MMLG0757HUNB001/LOCELL_SECTOREQM:NodeB Function Name=MMLG0757HUNB001, Local Cell ID=50423, Sector Equipment ID=8">
                <measResults>14959 16 14729 14758 </measResults>
            </measValue>
            <measValue measObjLdn="MMLG0757HUNB001/LOCELL_SECTOREQM:NodeB Function Name=MMLG0757HUNB001, Local Cell ID=60421, Sector Equipment ID=10">
                <measResults>17642 22 17218 17301 </measResults>
            </measValue>
            <measValue measObjLdn="MMLG0757HUNB001/LOCELL_SECTOREQM:NodeB Function Name=MMLG0757HUNB001, Local Cell ID=60422, Sector Equipment ID=11">
                <measResults>6499 13 6346 6355 </measResults>
            </measValue>
            <measValue measObjLdn="MMLG0757HUNB001/LOCELL_SECTOREQM:NodeB Function Name=MMLG0757HUNB001, Local Cell ID=60423, Sector Equipment ID=12">
                <measResults>19904 1136 16621 16627 </measResults>
            </measValue>
        </measInfo>
        <measInfo measInfoId="50331670">
            <granPeriod duration="PT3600S" endTime="2021-08-19T12:00:00+08:00"/>
            <repPeriod duration="PT3600S"/>
            <measTypes>50332354 50332355 </measTypes>
            <measValue measObjLdn="MMLG0757HUNB001/LOCELL_SECTOREQM:NodeB Function Name=MMLG0757HUNB001, Local Cell ID=10421, Sector Equipment ID=0">
                <measResults>0 0 </measResults>
            </measValue>
            <measValue measObjLdn="MMLG0757HUNB001/LOCELL_SECTOREQM:NodeB Function Name=MMLG0757HUNB001, Local Cell ID=10422, Sector Equipment ID=1">
                <measResults>0 0 </measResults>
            </measValue>
            <measValue measObjLdn="MMLG0757HUNB001/LOCELL_SECTOREQM:NodeB Function Name=MMLG0757HUNB001, Local Cell ID=10423, Sector Equipment ID=2">
                <measResults>0 0 </measResults>
            </measValue>
            <measValue measObjLdn="MMLG0757HUNB001/LOCELL_SECTOREQM:NodeB Function Name=MMLG0757HUNB001, Local Cell ID=50421, Sector Equipment ID=6">
                <measResults>0 0 </measResults>
            </measValue>
            <measValue measObjLdn="MMLG0757HUNB001/LOCELL_SECTOREQM:NodeB Function Name=MMLG0757HUNB001, Local Cell ID=50422, Sector Equipment ID=7">
                <measResults>0 0 </measResults>
            </measValue>
            <measValue measObjLdn="MMLG0757HUNB001/LOCELL_SECTOREQM:NodeB Function Name=MMLG0757HUNB001, Local Cell ID=50423, Sector Equipment ID=8">
                <measResults>0 0 </measResults>
            </measValue>
            <measValue measObjLdn="MMLG0757HUNB001/LOCELL_SECTOREQM:NodeB Function Name=MMLG0757HUNB001, Local Cell ID=60421, Sector Equipment ID=10">
                <measResults>0 0 </measResults>
            </measValue>
            <measValue measObjLdn="MMLG0757HUNB001/LOCELL_SECTOREQM:NodeB Function Name=MMLG0757HUNB001, Local Cell ID=60422, Sector Equipment ID=11">
                <measResults>0 0 </measResults>
            </measValue>
            <measValue measObjLdn="MMLG0757HUNB001/LOCELL_SECTOREQM:NodeB Function Name=MMLG0757HUNB001, Local Cell ID=60423, Sector Equipment ID=12">
                <measResults>0 0 </measResults>
            </measValue>
        </measInfo>
        <measInfo measInfoId="50331672">
            <granPeriod duration="PT3600S" endTime="2021-08-19T12:00:00+08:00"/>
            <repPeriod duration="PT3600S"/>
            <measTypes>50342590 50342591 50342592 50342593 50342594 50342595 50342596 50342597 </measTypes>
            <measValue measObjLdn="MMLG0757HUNB001/LOCELL_SECTOREQM:NodeB Function Name=MMLG0757HUNB001, Local Cell ID=10421, Sector Equipment ID=0">
                <measResults>-89.088 -94.979 -93.679 -89.882 -90.4 -96.4 -95 -91.5 </measResults>
            </measValue>
            <measValue measObjLdn="MMLG0757HUNB001/LOCELL_SECTOREQM:NodeB Function Name=MMLG0757HUNB001, Local Cell ID=10422, Sector Equipment ID=1">
                <measResults>-94.888 -94.204 -93.071 -93.931 -95.7 -95.1 -93.9 -95 </measResults>
            </measValue>
            <measValue measObjLdn="MMLG0757HUNB001/LOCELL_SECTOREQM:NodeB Function Name=MMLG0757HUNB001, Local Cell ID=10423, Sector Equipment ID=2">
                <measResults>-103.599 -104.231 -103.963 -104.088 -104.2 -104.8 -104.7 -104.7 </measResults>
            </measValue>
            <measValue measObjLdn="MMLG0757HUNB001/LOCELL_SECTOREQM:NodeB Function Name=MMLG0757HUNB001, Local Cell ID=50421, Sector Equipment ID=6">
                <measResults>-69.658 -70.076 NIL NIL -71.6 -72 NIL NIL </measResults>
            </measValue>
            <measValue measObjLdn="MMLG0757HUNB001/LOCELL_SECTOREQM:NodeB Function Name=MMLG0757HUNB001, Local Cell ID=50422, Sector Equipment ID=7">
                <measResults>-88.627 -88.942 NIL NIL -90.5 -92 NIL NIL </measResults>
            </measValue>
            <measValue measObjLdn="MMLG0757HUNB001/LOCELL_SECTOREQM:NodeB Function Name=MMLG0757HUNB001, Local Cell ID=50423, Sector Equipment ID=8">
                <measResults>-91.865 -89.869 NIL NIL -95.9 -94.2 NIL NIL </measResults>
            </measValue>
            <measValue measObjLdn="MMLG0757HUNB001/LOCELL_SECTOREQM:NodeB Function Name=MMLG0757HUNB001, Local Cell ID=60421, Sector Equipment ID=10">
                <measResults>-73.589 -73.911 NIL NIL -75.3 -75.9 NIL NIL </measResults>
            </measValue>
            <measValue measObjLdn="MMLG0757HUNB001/LOCELL_SECTOREQM:NodeB Function Name=MMLG0757HUNB001, Local Cell ID=60422, Sector Equipment ID=11">
                <measResults>-86.157 -86.094 NIL NIL -88.3 -89.3 NIL NIL </measResults>
            </measValue>
            <measValue measObjLdn="MMLG0757HUNB001/LOCELL_SECTOREQM:NodeB Function Name=MMLG0757HUNB001, Local Cell ID=60423, Sector Equipment ID=12">
                <measResults>-93.091 -90.754 NIL NIL -94.2 -92 NIL NIL </measResults>
            </measValue>
        </measInfo>
        <measInfo measInfoId="50331682">
            <granPeriod duration="PT3600S" endTime="2021-08-19T12:00:00+08:00"/>
            <repPeriod duration="PT3600S"/>
            <measTypes>50332602 50332603 50332615 50332616 </measTypes>
            <measValue measObjLdn="MMLG0757HUNB001/LOCELL_SECTOREQM:NodeB Function Name=MMLG0757HUNB001, Local Cell ID=10421, Sector Equipment ID=0">
                <measResults>853 731 868 586 </measResults>
            </measValue>
            <measValue measObjLdn="MMLG0757HUNB001/LOCELL_SECTOREQM:NodeB Function Name=MMLG0757HUNB001, Local Cell ID=10422, Sector Equipment ID=1">
                <measResults>233 293 196 285 </measResults>
            </measValue>
            <measValue measObjLdn="MMLG0757HUNB001/LOCELL_SECTOREQM:NodeB Function Name=MMLG0757HUNB001, Local Cell ID=10423, Sector Equipment ID=2">
                <measResults>184 170 172 174 </measResults>
            </measValue>
            <measValue measObjLdn="MMLG0757HUNB001/LOCELL_SECTOREQM:NodeB Function Name=MMLG0757HUNB001, Local Cell ID=50421, Sector Equipment ID=6">
                <measResults>NIL NIL NIL NIL </measResults>
            </measValue>
            <measValue measObjLdn="MMLG0757HUNB001/LOCELL_SECTOREQM:NodeB Function Name=MMLG0757HUNB001, Local Cell ID=50422, Sector Equipment ID=7">
                <measResults>NIL NIL NIL NIL </measResults>
            </measValue>
            <measValue measObjLdn="MMLG0757HUNB001/LOCELL_SECTOREQM:NodeB Function Name=MMLG0757HUNB001, Local Cell ID=50423, Sector Equipment ID=8">
                <measResults>NIL NIL NIL NIL </measResults>
            </measValue>
            <measValue measObjLdn="MMLG0757HUNB001/LOCELL_SECTOREQM:NodeB Function Name=MMLG0757HUNB001, Local Cell ID=60421, Sector Equipment ID=10">
                <measResults>231 238 NIL NIL </measResults>
            </measValue>
            <measValue measObjLdn="MMLG0757HUNB001/LOCELL_SECTOREQM:NodeB Function Name=MMLG0757HUNB001, Local Cell ID=60422, Sector Equipment ID=11">
                <measResults>804 816 NIL NIL </measResults>
            </measValue>
            <measValue measObjLdn="MMLG0757HUNB001/LOCELL_SECTOREQM:NodeB Function Name=MMLG0757HUNB001, Local Cell ID=60423, Sector Equipment ID=12">
                <measResults>977 697 NIL NIL </measResults>
            </measValue>
        </measInfo>
    </measData>
    <fileFooter>
        <measCollec endTime="2021-08-19T12:00:00+08:00"/>
    </fileFooter>
</measCollecFile>
