<?xml version="1.0" encoding="UTF-8"?>
<measCollecFile xmlns="http://latest/nmc-omc/cmNrm.doc#measCollec" xmlns:xsi="http://www.w3.org/2001/XMLSchema-instance" xsi:schemaLocation="http://latest/nmc-omc/cmNrm.doc#measCollec schema\pmResultSchedule.xsd">
    <fileHeader fileFormatVersion="32.435 V7.2" vendorName="Huawei">
        <fileSender elementType="MGW"/>
        <measCollec beginTime="2021-08-11T22:00:00+08:00"/>
    </fileHeader>
    <measData>
        <managedElement userLabel="MG05EILO"/>
        <measInfo measInfoId="100665811">
            <granPeriod duration="PT3600S" endTime="2021-08-11T23:00:00+08:00"/>
            <repPeriod duration="PT3600S"/>
            <measTypes>100991130 100991131 </measTypes>
            <measValue measObjLdn="MG05EILO/MGWFunction:MG05EILO">
                <measResults>36618 0 </measResults>
            </measValue>
        </measInfo>
        <measInfo measInfoId="100665892">
            <granPeriod duration="PT3600S" endTime="2021-08-11T23:00:00+08:00"/>
            <repPeriod duration="PT3600S"/>
            <measTypes>100991900 100991901 100991902 100991903 100991904 100991905 100992144 100992145 100992146 100992147 100992148 100992149 100992150 100992151 100992152 100992153 100992154 100992155 100992156 100992157 100992160 100992161 100992162 100992163 </measTypes>
            <measValue measObjLdn="MG05EILO/MGWFunction:MG05EILO">
                <measResults>2421 3459 0 0 0 0 0 0 0 0 0 0 0 0 0 0 0 0 0 0 655 976 0 0 </measResults>
            </measValue>
        </measInfo>
        <measInfo measInfoId="100665880">
            <granPeriod duration="PT3600S" endTime="2021-08-11T23:00:00+08:00"/>
            <repPeriod duration="PT3600S"/>
            <measTypes>100991622 100991623 </measTypes>
            <measValue measObjLdn="MG05EILO/MGWFunction:MG05EILO">
                <measResults>0 0 </measResults>
            </measValue>
        </measInfo>
        <measInfo measInfoId="100665814">
            <granPeriod duration="PT3600S" endTime="2021-08-11T23:00:00+08:00"/>
            <repPeriod duration="PT3600S"/>
            <measTypes>100991139 100991140 100991243 100991244 100991245 100991246 100991247 100991248 100991249 100991250 100991251 100991821 100991822 100991823 </measTypes>
            <measValue measObjLdn="MG05EILO/MGWFunction:MG05EILO">
                <measResults>3324 50496 61440 50496 47152 77381 77381 0 0 12736606 79583 0 0 0 </measResults>
            </measValue>
        </measInfo>
        <measInfo measInfoId="100665805">
            <granPeriod duration="PT3600S" endTime="2021-08-11T23:00:00+08:00"/>
            <repPeriod duration="PT3600S"/>
            <measTypes>100991088 100991089 100991090 100991091 100991092 100991093 100991094 100991095 100991096 100991097 100991098 100991145 100991146 100991147 100991418 100991419 100991663 100991664 100991764 100991765 100991766 </measTypes>
            <measValue measObjLdn="MG05EILO/MGW:VMGWID=2">
                <measResults>10874 11313 2004402 759 517 0 0 0 10337 0 0 3 1 0 3 973 10871 100 0 0 0 </measResults>
            </measValue>
            <measValue measObjLdn="MG05EILO/MGW:VMGWID=9">
                <measResults>10144 10623 1924371 775 496 0 0 0 9991 0 0 1 1 0 3 631 10141 100 0 0 0 </measResults>
            </measValue>
            <measValue measObjLdn="MG05EILO/MGW:VMGWID=4">
                <measResults>10500 10919 2004021 763 524 0 0 0 10198 0 0 0 0 0 5 721 10495 100 0 0 0 </measResults>
            </measValue>
            <measValue measObjLdn="MG05EILO/MGW:VMGWID=3">
                <measResults>12481 12929 2129558 796 561 0 0 0 11128 0 0 0 0 0 2 1801 12479 100 0 0 0 </measResults>
            </measValue>
        </measInfo>
        <measInfo measInfoId="100665806">
            <granPeriod duration="PT3600S" endTime="2021-08-11T23:00:00+08:00"/>
            <repPeriod duration="PT3600S"/>
            <measTypes>100991105 100991106 100991107 100991108 100991141 100991142 100991143 100991144 100991767 100991768 </measTypes>
            <measValue measObjLdn="MG05EILO/MGW:VMGWID=3">
                <measResults>1287 877 0 0 0 0 6 0 0 0 </measResults>
            </measValue>
            <measValue measObjLdn="MG05EILO/MGW:VMGWID=9">
                <measResults>1247 772 0 0 0 0 6 0 0 0 </measResults>
            </measValue>
            <measValue measObjLdn="MG05EILO/MGW:VMGWID=2">
                <measResults>1201 836 0 0 0 0 5 0 0 0 </measResults>
            </measValue>
            <measValue measObjLdn="MG05EILO/MGW:VMGWID=4">
                <measResults>1253 864 0 0 0 0 3 0 0 0 </measResults>
            </measValue>
        </measInfo>
        <measInfo measInfoId="100665906">
            <granPeriod duration="PT3600S" endTime="2021-08-11T23:00:00+08:00"/>
            <repPeriod duration="PT3600S"/>
            <measTypes>100991853 100991854 100991855 100991856 100991857 100991858 100991859 100991860 100991863 100991864 100991865 100991866 100991867 100991868 100991869 100991870 100991871 100991872 100991873 100991874 100991875 100991876 100991877 100991878 100991879 100991880 100991881 100991882 100991883 100991884 100991885 100991886 100991887 100991888 100991995 100991996 </measTypes>
            <measValue measObjLdn="MG05EILO/MGW:VMGWID=3">
                <measResults>386 386 0 0 0 0 0 0 10796 10796 3641 3641 0 0 2137 2137 41 41 0 0 0 0 0 0 0 0 0 0 0 0 0 0 447 447 0 0 </measResults>
            </measValue>
            <measValue measObjLdn="MG05EILO/MGW:VMGWID=9">
                <measResults>83 83 0 0 0 0 0 0 9892 9892 3066 3066 1 1 1747 1747 49 49 0 0 0 0 0 0 0 0 0 0 0 0 0 0 282 282 0 0 </measResults>
            </measValue>
            <measValue measObjLdn="MG05EILO/MGW:VMGWID=2">
                <measResults>27 27 0 0 0 0 0 0 9020 9020 3417 3417 0 0 2902 2902 43 43 0 0 0 0 0 0 0 0 0 0 0 0 0 0 159 159 0 0 </measResults>
            </measValue>
            <measValue measObjLdn="MG05EILO/MGW:VMGWID=4">
                <measResults>63 63 0 0 0 0 0 0 9369 9369 3322 3322 0 0 1948 1948 61 61 0 0 0 0 0 0 0 0 0 0 0 0 0 0 258 258 0 0 </measResults>
            </measValue>
        </measInfo>
        <measInfo measInfoId="100665915">
            <granPeriod duration="PT3600S" endTime="2021-08-11T23:00:00+08:00"/>
            <repPeriod duration="PT3600S"/>
            <measTypes>100992048 100992049 100992050 100992051 100992052 100992053 100992054 100992055 100992056 100992057 100992058 100992059 100992060 100992061 100992062 100992063 100992064 100992065 100992066 100992067 100992068 100992069 100992070 100992071 100992072 100992073 100992074 100992075 100992076 100992077 100992078 100992079 </measTypes>
            <measValue measObjLdn="MG05EILO/MGW:VMGWID=2">
                <measResults>27 27 0 0 0 0 0 0 0 0 9020 9020 3417 3417 0 0 2902 2902 43 43 0 0 0 0 0 0 0 0 159 159 0 0 </measResults>
            </measValue>
            <measValue measObjLdn="MG05EILO/MGW:VMGWID=4">
                <measResults>63 63 0 0 0 0 0 0 0 0 9369 9369 3322 3322 0 0 1948 1948 61 61 0 0 0 0 0 0 0 0 258 258 0 0 </measResults>
            </measValue>
            <measValue measObjLdn="MG05EILO/MGW:VMGWID=3">
                <measResults>386 386 0 0 0 0 0 0 0 0 10796 10796 3641 3641 0 0 2137 2137 41 41 0 0 0 0 0 0 0 0 447 447 0 0 </measResults>
            </measValue>
            <measValue measObjLdn="MG05EILO/MGW:VMGWID=9">
                <measResults>83 83 0 0 0 0 0 0 0 0 9892 9892 3066 3066 1 1 1747 1747 49 49 0 0 0 0 0 0 0 0 282 282 0 0 </measResults>
            </measValue>
        </measInfo>
        <measInfo measInfoId="100665842">
            <granPeriod duration="PT3600S" endTime="2021-08-11T23:00:00+08:00"/>
            <repPeriod duration="PT3600S"/>
            <measTypes>100991422 100991423 100991424 100991425 100991426 100992111 100992112 100992113 </measTypes>
            <measValue measObjLdn="MG05EILO/MGW:VMGWID=9">
                <measResults>6411 1582 10580 0 7350 0 0 3 </measResults>
            </measValue>
            <measValue measObjLdn="MG05EILO/MGW:VMGWID=2">
                <measResults>6805 1551 11258 0 7638 0 0 3 </measResults>
            </measValue>
            <measValue measObjLdn="MG05EILO/MGW:VMGWID=4">
                <measResults>6605 1467 10862 0 7315 0 0 5 </measResults>
            </measValue>
            <measValue measObjLdn="MG05EILO/MGW:VMGWID=3">
                <measResults>7044 1568 12864 0 8428 0 0 2 </measResults>
            </measValue>
        </measInfo>
        <measInfo measInfoId="100665798">
            <granPeriod duration="PT3600S" endTime="2021-08-11T23:00:00+08:00"/>
            <repPeriod duration="PT3600S"/>
            <measTypes>100991027 100991028 100991029 100991030 100991031 100991032 100991033 100991034 100991035 100991036 100991037 100991038 100991039 100991040 100991041 100991042 100991043 100991044 100991045 100991046 100991047 100991048 100991049 100991050 100991051 100991052 100991053 100991054 100991234 100991235 100991427 100991428 100991429 100991430 100991431 100991432 100991433 100991434 100991523 </measTypes>
            <measValue measObjLdn="MG05EILO/MGW:VMGWID=9">
                <measResults>120545 120548 88693 31852 31852 88696 90588 31852 31852 90591 0 0 0 0 31852 31852 26940 26941 28083 28085 87 87 34789 34789 2260 2260 0 0 36515457 16398263 2 0 0 0 0 0 0 0 0 </measResults>
            </measValue>
            <measValue measObjLdn="MG05EILO/MGW:VMGWID=2">
                <measResults>126048 126046 92216 33830 33832 92216 93905 33830 33832 93905 0 0 0 0 33830 33832 28273 28272 29327 29327 126 126 35418 35418 2217 2218 0 0 36935566 17177357 2 0 1 0 0 0 0 0 0 </measResults>
            </measValue>
            <measValue measObjLdn="MG05EILO/MGW:VMGWID=4">
                <measResults>124202 124202 91834 32367 32368 91835 93535 32367 32368 93536 0 0 0 0 32367 32368 27768 27768 28800 28801 101 101 35734 35733 2607 2607 0 0 36862804 16757512 3 0 3 0 0 0 0 0 0 </measResults>
            </measValue>
            <measValue measObjLdn="MG05EILO/MGW:VMGWID=3">
                <measResults>140463 140464 104422 36040 36041 104424 106566 36040 36041 106568 0 0 0 0 36040 36041 32500 32501 33555 33555 127 127 39463 39464 2529 2529 0 0 42101881 19027005 2 0 0 0 0 0 0 0 0 </measResults>
            </measValue>
        </measInfo>
        <measInfo measInfoId="100665911">
            <granPeriod duration="PT3600S" endTime="2021-08-11T23:00:00+08:00"/>
            <repPeriod duration="PT3600S"/>
            <measTypes>100991997 100991998 100991999 100992000 100992001 100992002 100992003 100992004 100992005 100992006 100992007 100992008 100992009 100992010 100992011 100992012 100992013 100992014 100992015 </measTypes>
            <measValue measObjLdn="MG05EILO/MGW:VMGWID=9">
                <measResults>120548 0 192546 0 0 0 120548 192546 120548 192546 0 0 0 0 0 0 0 0 0 </measResults>
            </measValue>
            <measValue measObjLdn="MG05EILO/MGW:VMGWID=2">
                <measResults>126046 0 198052 0 0 0 126046 198052 126046 198052 0 0 0 0 0 0 0 0 0 </measResults>
            </measValue>
            <measValue measObjLdn="MG05EILO/MGW:VMGWID=4">
                <measResults>124202 0 196206 0 0 0 124202 196206 124202 196206 0 0 0 0 0 0 0 0 0 </measResults>
            </measValue>
            <measValue measObjLdn="MG05EILO/MGW:VMGWID=3">
                <measResults>140464 0 212467 0 0 0 140464 212467 140464 212467 0 0 0 0 0 0 0 0 0 </measResults>
            </measValue>
        </measInfo>
        <measInfo measInfoId="100665916">
            <granPeriod duration="PT3600S" endTime="2021-08-11T23:00:00+08:00"/>
            <repPeriod duration="PT3600S"/>
            <measTypes>100992080 100992081 100992082 100992083 100992084 100992085 </measTypes>
            <measValue measObjLdn="MG05EILO/MGW:VMGWID=2">
                <measResults>0 0 0 0 0 0 </measResults>
            </measValue>
            <measValue measObjLdn="MG05EILO/MGW:VMGWID=4">
                <measResults>0 0 0 0 0 0 </measResults>
            </measValue>
            <measValue measObjLdn="MG05EILO/MGW:VMGWID=3">
                <measResults>0 0 0 0 0 0 </measResults>
            </measValue>
            <measValue measObjLdn="MG05EILO/MGW:VMGWID=9">
                <measResults>0 0 0 0 0 0 </measResults>
            </measValue>
        </measInfo>
        <measInfo measInfoId="100665835">
            <granPeriod duration="PT3600S" endTime="2021-08-11T23:00:00+08:00"/>
            <repPeriod duration="PT3600S"/>
            <measTypes>100991386 100991387 100991388 </measTypes>
            <measValue measObjLdn="MG05EILO/Board:FN=3, SN=2, BP=Front">
                <measResults>266 3072 9 </measResults>
            </measValue>
            <measValue measObjLdn="MG05EILO/Board:FN=2, SN=0, BP=Front">
                <measResults>84 2816 3 </measResults>
            </measValue>
            <measValue measObjLdn="MG05EILO/Board:FN=3, SN=10, BP=Front">
                <measResults>281 3072 9 </measResults>
            </measValue>
            <measValue measObjLdn="MG05EILO/Board:FN=1, SN=0, BP=Front">
                <measResults>84 2816 3 </measResults>
            </measValue>
            <measValue measObjLdn="MG05EILO/Board:FN=2, SN=2, BP=Front">
                <measResults>94 3072 3 </measResults>
            </measValue>
            <measValue measObjLdn="MG05EILO/Board:FN=2, SN=10, BP=Front">
                <measResults>134 1344 10 </measResults>
            </measValue>
            <measValue measObjLdn="MG05EILO/Board:FN=1, SN=2, BP=Front">
                <measResults>93 3072 3 </measResults>
            </measValue>
            <measValue measObjLdn="MG05EILO/Board:FN=2, SN=12, BP=Front">
                <measResults>134 1344 10 </measResults>
            </measValue>
            <measValue measObjLdn="MG05EILO/Board:FN=1, SN=10, BP=Front">
                <measResults>272 3072 9 </measResults>
            </measValue>
            <measValue measObjLdn="MG05EILO/Board:FN=1, SN=12, BP=Front">
                <measResults>144 1344 11 </measResults>
            </measValue>
            <measValue measObjLdn="MG05EILO/Board:FN=3, SN=1, BP=Front">
                <measResults>262 3072 9 </measResults>
            </measValue>
            <measValue measObjLdn="MG05EILO/Board:FN=2, SN=1, BP=Front">
                <measResults>277 3072 9 </measResults>
            </measValue>
            <measValue measObjLdn="MG05EILO/Board:FN=3, SN=3, BP=Front">
                <measResults>135 1344 10 </measResults>
            </measValue>
            <measValue measObjLdn="MG05EILO/Board:FN=3, SN=11, BP=Front">
                <measResults>137 1344 10 </measResults>
            </measValue>
            <measValue measObjLdn="MG05EILO/Board:FN=1, SN=1, BP=Front">
                <measResults>272 3072 9 </measResults>
            </measValue>
            <measValue measObjLdn="MG05EILO/Board:FN=2, SN=3, BP=Front">
                <measResults>275 3072 9 </measResults>
            </measValue>
            <measValue measObjLdn="MG05EILO/Board:FN=1, SN=3, BP=Front">
                <measResults>274 3072 9 </measResults>
            </measValue>
            <measValue measObjLdn="MG05EILO/Board:FN=2, SN=11, BP=Front">
                <measResults>9 2304 0 </measResults>
            </measValue>
            <measValue measObjLdn="MG05EILO/Board:FN=1, SN=11, BP=Front">
                <measResults>9 2304 0 </measResults>
            </measValue>
            <measValue measObjLdn="MG05EILO/Board:FN=3, SN=0, BP=Front">
                <measResults>88 2816 3 </measResults>
            </measValue>
        </measInfo>
        <measInfo measInfoId="100665859">
            <granPeriod duration="PT3600S" endTime="2021-08-11T23:00:00+08:00"/>
            <repPeriod duration="PT3600S"/>
            <measTypes>100991582 100991583 100991584 </measTypes>
            <measValue measObjLdn="MG05EILO/Board:FN=3, SN=10, BP=Front">
                <measResults>0 0 NIL </measResults>
            </measValue>
            <measValue measObjLdn="MG05EILO/Board:FN=1, SN=0, BP=Front">
                <measResults>0 340 0 </measResults>
            </measValue>
            <measValue measObjLdn="MG05EILO/Board:FN=2, SN=2, BP=Front">
                <measResults>0 0 NIL </measResults>
            </measValue>
            <measValue measObjLdn="MG05EILO/Board:FN=2, SN=10, BP=Front">
                <measResults>0 0 NIL </measResults>
            </measValue>
            <measValue measObjLdn="MG05EILO/Board:FN=1, SN=2, BP=Front">
                <measResults>0 0 NIL </measResults>
            </measValue>
            <measValue measObjLdn="MG05EILO/Board:FN=2, SN=12, BP=Front">
                <measResults>0 0 NIL </measResults>
            </measValue>
            <measValue measObjLdn="MG05EILO/Board:FN=1, SN=10, BP=Front">
                <measResults>0 0 NIL </measResults>
            </measValue>
            <measValue measObjLdn="MG05EILO/Board:FN=1, SN=12, BP=Front">
                <measResults>0 0 NIL </measResults>
            </measValue>
            <measValue measObjLdn="MG05EILO/Board:FN=3, SN=1, BP=Front">
                <measResults>0 0 NIL </measResults>
            </measValue>
            <measValue measObjLdn="MG05EILO/Board:FN=2, SN=1, BP=Front">
                <measResults>0 0 NIL </measResults>
            </measValue>
            <measValue measObjLdn="MG05EILO/Board:FN=3, SN=3, BP=Front">
                <measResults>0 0 NIL </measResults>
            </measValue>
            <measValue measObjLdn="MG05EILO/Board:FN=3, SN=11, BP=Front">
                <measResults>0 0 NIL </measResults>
            </measValue>
            <measValue measObjLdn="MG05EILO/Board:FN=1, SN=1, BP=Front">
                <measResults>0 0 NIL </measResults>
            </measValue>
            <measValue measObjLdn="MG05EILO/Board:FN=2, SN=3, BP=Front">
                <measResults>0 0 NIL </measResults>
            </measValue>
            <measValue measObjLdn="MG05EILO/Board:FN=1, SN=3, BP=Front">
                <measResults>0 0 NIL </measResults>
            </measValue>
            <measValue measObjLdn="MG05EILO/Board:FN=2, SN=11, BP=Front">
                <measResults>0 0 NIL </measResults>
            </measValue>
            <measValue measObjLdn="MG05EILO/Board:FN=1, SN=11, BP=Front">
                <measResults>0 0 NIL </measResults>
            </measValue>
            <measValue measObjLdn="MG05EILO/Board:FN=3, SN=0, BP=Front">
                <measResults>0 340 0 </measResults>
            </measValue>
            <measValue measObjLdn="MG05EILO/Board:FN=3, SN=2, BP=Front">
                <measResults>0 0 NIL </measResults>
            </measValue>
            <measValue measObjLdn="MG05EILO/Board:FN=2, SN=0, BP=Front">
                <measResults>0 340 0 </measResults>
            </measValue>
        </measInfo>
        <measInfo measInfoId="100665821">
            <granPeriod duration="PT3600S" endTime="2021-08-11T23:00:00+08:00"/>
            <repPeriod duration="PT3600S"/>
            <measTypes>100991203 100991204 </measTypes>
            <measValue measObjLdn="MG05EILO/M3UADsp:Label=MS01EILO_1, INDEX =101">
                <measResults>0 3600 </measResults>
            </measValue>
            <measValue measObjLdn="MG05EILO/M3UADsp:Label=MS01EILO, INDEX =0">
                <measResults>0 0 </measResults>
            </measValue>
        </measInfo>
        <measInfo measInfoId="100665819">
            <granPeriod duration="PT3600S" endTime="2021-08-11T23:00:00+08:00"/>
            <repPeriod duration="PT3600S"/>
            <measTypes>100991155 100991156 100991157 100991158 100991159 100991160 100991161 100991162 100991163 100991164 100991165 100991166 100991167 100991168 100991169 100991170 100991171 100991172 100991173 100991174 100991175 100991176 100991177 100991836 100991837 100991838 100991839 100991840 100991841 100991842 100991843 100991844 </measTypes>
            <measValue measObjLdn="MG05EILO/M3UALinkSet:Label=MS01EILO, INDEX =0">
                <measResults>0 0 0 0 0 0 0 0 0 0 0 0 0 0 0 0 0 0 0 0 0 0 0 0 0 0 0 0 0 0 0 0 </measResults>
            </measValue>
        </measInfo>
        <measInfo measInfoId="100665820">
            <granPeriod duration="PT3600S" endTime="2021-08-11T23:00:00+08:00"/>
            <repPeriod duration="PT3600S"/>
            <measTypes>100991178 100991179 100991180 100991181 100991182 100991183 100991184 100991185 100991186 100991187 100991188 100991189 100991190 100991191 100991192 100991193 100991194 100991195 100991196 100991197 100991198 100991199 100991200 100991201 100991202 100991395 100991396 </measTypes>
            <measValue measObjLdn="MG05EILO/M3UALink:Label=MS01EILO_6, LinkNo=6">
                <measResults>0 0 0 0 0 0 0 0 0 0 0 0 0 0 0 0 0 0 0 0 0 0 0 0 0 50 50 </measResults>
            </measValue>
            <measValue measObjLdn="MG05EILO/M3UALink:Label=MS01EILO_8, LinkNo=8">
                <measResults>0 0 0 0 0 0 0 0 0 0 0 0 0 0 0 0 0 0 0 0 0 0 0 0 0 50 50 </measResults>
            </measValue>
            <measValue measObjLdn="MG05EILO/M3UALink:Label=MS01EILO_10, LinkNo=10">
                <measResults>0 0 0 0 0 0 0 0 0 0 0 0 0 0 0 0 0 0 0 0 0 0 0 0 0 50 50 </measResults>
            </measValue>
            <measValue measObjLdn="MG05EILO/M3UALink:Label=MS01EILO_1, LinkNo=1">
                <measResults>0 0 0 0 0 0 0 0 0 0 0 0 0 0 0 0 0 0 0 0 0 0 0 0 0 50 50 </measResults>
            </measValue>
            <measValue measObjLdn="MG05EILO/M3UALink:Label=MS01EILO_12, LinkNo=12">
                <measResults>0 0 0 0 0 0 0 0 0 0 0 0 0 0 0 0 0 0 0 0 0 0 0 0 0 51 51 </measResults>
            </measValue>
            <measValue measObjLdn="MG05EILO/M3UALink:Label=MS01EILO_3, LinkNo=3">
                <measResults>0 0 0 0 0 0 0 0 0 0 0 0 0 0 0 0 0 0 0 0 0 0 0 0 0 50 50 </measResults>
            </measValue>
            <measValue measObjLdn="MG05EILO/M3UALink:Label=MS01EILO_14, LinkNo=14">
                <measResults>0 0 0 0 0 0 0 0 0 0 0 0 0 0 0 0 0 0 0 0 0 0 0 0 0 50 50 </measResults>
            </measValue>
            <measValue measObjLdn="MG05EILO/M3UALink:Label=MS01EILO_5, LinkNo=5">
                <measResults>0 0 0 0 0 0 0 0 0 0 0 0 0 0 0 0 0 0 0 0 0 0 0 0 0 51 51 </measResults>
            </measValue>
            <measValue measObjLdn="MG05EILO/M3UALink:Label=MS01EILO_7, LinkNo=7">
                <measResults>0 0 0 0 0 0 0 0 0 0 0 0 0 0 0 0 0 0 0 0 0 0 0 0 0 50 50 </measResults>
            </measValue>
            <measValue measObjLdn="MG05EILO/M3UALink:Label=MS01EILO_0, LinkNo=0">
                <measResults>0 0 0 0 0 0 0 0 0 0 0 0 0 0 0 0 0 0 0 0 0 0 0 0 0 50 50 </measResults>
            </measValue>
            <measValue measObjLdn="MG05EILO/M3UALink:Label=MS01EILO_9, LinkNo=9">
                <measResults>0 0 0 0 0 0 0 0 0 0 0 0 0 0 0 0 0 0 0 0 0 0 0 0 0 50 50 </measResults>
            </measValue>
            <measValue measObjLdn="MG05EILO/M3UALink:Label=MS01EILO_2, LinkNo=2">
                <measResults>0 0 0 0 0 0 0 0 0 0 0 0 0 0 0 0 0 0 0 0 0 0 0 0 0 50 50 </measResults>
            </measValue>
            <measValue measObjLdn="MG05EILO/M3UALink:Label=MS01EILO_11, LinkNo=11">
                <measResults>0 0 0 0 0 0 0 0 0 0 0 0 0 0 0 0 0 0 0 0 0 0 0 0 0 50 50 </measResults>
            </measValue>
            <measValue measObjLdn="MG05EILO/M3UALink:Label=MS01EILO_4, LinkNo=4">
                <measResults>0 0 0 0 0 0 0 0 0 0 0 0 0 0 0 0 0 0 0 0 0 0 0 0 0 50 50 </measResults>
            </measValue>
            <measValue measObjLdn="MG05EILO/M3UALink:Label=MS01EILO_13, LinkNo=13">
                <measResults>0 0 0 0 0 0 0 0 0 0 0 0 0 0 0 0 0 0 0 0 0 0 0 0 0 50 50 </measResults>
            </measValue>
        </measInfo>
        <measInfo measInfoId="100665837">
            <granPeriod duration="PT3600S" endTime="2021-08-11T23:00:00+08:00"/>
            <repPeriod duration="PT3600S"/>
            <measTypes>100991393 100991394 </measTypes>
            <measValue measObjLdn="MG05EILO/IntfNo:BN=0, IN=0, BT=OMU">
                <measResults>0 0 </measResults>
            </measValue>
            <measValue measObjLdn="MG05EILO/IntfNo:BN=0, IN=1, BT=HRB">
                <measResults>0 0 </measResults>
            </measValue>
            <measValue measObjLdn="MG05EILO/IntfNo:BN=5, IN=0, BT=HRB">
                <measResults>0 0 </measResults>
            </measValue>
            <measValue measObjLdn="MG05EILO/IntfNo:BN=1, IN=1, BT=HRB">
                <measResults>0 0 </measResults>
            </measValue>
            <measValue measObjLdn="MG05EILO/IntfNo:BN=5, IN=2, BT=HRB">
                <measResults>0 0 </measResults>
            </measValue>
            <measValue measObjLdn="MG05EILO/IntfNo:BN=1, IN=0, BT=TNU">
                <measResults>5465 32111 </measResults>
            </measValue>
            <measValue measObjLdn="MG05EILO/IntfNo:BN=2, IN=1, BT=HRB">
                <measResults>0 0 </measResults>
            </measValue>
            <measValue measObjLdn="MG05EILO/IntfNo:BN=3, IN=0, BT=TNU">
                <measResults>0 0 </measResults>
            </measValue>
            <measValue measObjLdn="MG05EILO/IntfNo:BN=3, IN=1, BT=HRB">
                <measResults>0 0 </measResults>
            </measValue>
            <measValue measObjLdn="MG05EILO/IntfNo:BN=0, IN=0, BT=HRB">
                <measResults>0 0 </measResults>
            </measValue>
            <measValue measObjLdn="MG05EILO/IntfNo:BN=4, IN=1, BT=HRB">
                <measResults>0 0 </measResults>
            </measValue>
            <measValue measObjLdn="MG05EILO/IntfNo:BN=1, IN=0, BT=HRB">
                <measResults>0 0 </measResults>
            </measValue>
            <measValue measObjLdn="MG05EILO/IntfNo:BN=5, IN=1, BT=HRB">
                <measResults>0 0 </measResults>
            </measValue>
            <measValue measObjLdn="MG05EILO/IntfNo:BN=2, IN=0, BT=HRB">
                <measResults>0 0 </measResults>
            </measValue>
            <measValue measObjLdn="MG05EILO/IntfNo:BN=5, IN=3, BT=HRB">
                <measResults>0 0 </measResults>
            </measValue>
            <measValue measObjLdn="MG05EILO/IntfNo:BN=2, IN=0, BT=TNU">
                <measResults>0 0 </measResults>
            </measValue>
            <measValue measObjLdn="MG05EILO/IntfNo:BN=3, IN=0, BT=HRB">
                <measResults>0 0 </measResults>
            </measValue>
            <measValue measObjLdn="MG05EILO/IntfNo:BN=4, IN=0, BT=HRB">
                <measResults>0 0 </measResults>
            </measValue>
        </measInfo>
        <measInfo measInfoId="100666295">
            <granPeriod duration="PT3600S" endTime="2021-08-11T23:00:00+08:00"/>
            <repPeriod duration="PT3600S"/>
            <measTypes>100991634 100991635 100991636 101053297 101053298 101053299 101053300 101053301 101053302 101053303 101053304 101053305 101053306 101053307 101053308 101053309 101053310 101053311 101053312 101053313 101053314 101053315 101053316 101053317 101053318 101053319 101053320 101053321 101053322 101053323 101053324 </measTypes>
            <measValue measObjLdn="MG05EILO/Local IP:0@10.241.174.36/28/Remote IP:0@10.129.130.180/27">
                <measResults>0 0 11 793961 1065562 25472 36071 1 0 "10.241.174.39" "10.129.130.186" 0 "10.241.174.39" "10.129.130.186" 0 "10.241.174.39" "10.129.130.186" 0 "10.241.174.39" "10.129.130.186" 29 "10.241.174.39" "10.129.130.186" 0 "10.241.174.39" "10.129.130.186" 6 9 0 0 0 </measResults>
            </measValue>
            <measValue measObjLdn="MG05EILO/Local IP:0@10.241.174.36/28/Remote IP:0@10.167.73.53/28">
                <measResults>0 0 11 44511 56983 1428 1923 0 0 "10.241.174.39" "10.167.73.52" 0 "10.241.174.39" "10.167.73.52" 0 "10.241.174.39" "10.167.73.52" 0 "10.241.174.39" "10.167.73.52" 20 "10.241.174.37" "10.167.73.54" 0 "10.241.174.37" "10.167.73.54" 0 0 0 0 0 </measResults>
            </measValue>
            <measValue measObjLdn="MG05EILO/Local IP:0@10.241.174.36/28/Remote IP:0@10.241.131.4/32">
                <measResults>0 0 4 21416497 39655775 411702 924788 40 12 "10.241.174.40" "10.241.131.4" 0 "10.241.174.37" "10.241.131.4" 2 "10.241.174.39" "10.241.131.4" 0 "10.241.174.37" "10.241.131.4" 16 "10.241.174.38" "10.241.131.4" 0 "10.241.174.37" "10.241.131.4" 114 256 0 0 0 </measResults>
            </measValue>
            <measValue measObjLdn="MG05EILO/Local IP:0@10.241.174.36/28/Remote IP:0@10.167.104.4/27">
                <measResults>0 0 33 1674836 1551256 56789 51770 1 0 "10.241.174.40" "10.167.104.4" 0 "10.241.174.40" "10.167.104.4" 0 "10.241.174.40" "10.167.104.4" 0 "10.241.174.40" "10.167.104.4" 50 "10.241.174.40" "10.167.104.4" 0 "10.241.174.40" "10.167.104.4" 15 14 0 0 0 </measResults>
            </measValue>
            <measValue measObjLdn="MG05EILO/Local IP:0@10.241.174.36/28/Remote IP:0@10.241.177.20/28">
                <measResults>0 0 15 103144 78152 3562 2551 0 0 "10.241.174.39" "10.241.177.22" 0 "10.241.174.39" "10.241.177.22" 0 "10.241.174.39" "10.241.177.22" 0 "10.241.174.39" "10.241.177.22" 30 "10.241.174.38" "10.241.177.20" 0 "10.241.174.39" "10.241.177.22" 0 0 0 0 0 </measResults>
            </measValue>
            <measValue measObjLdn="MG05EILO/Local IP:0@10.241.174.36/28/Remote IP:0@10.245.77.4/32">
                <measResults>0 1 12 3139873 4984404 58533 111886 24 6 "10.241.174.37" "10.245.77.4" 0 "10.241.174.39" "10.245.77.4" 2 "10.241.174.39" "10.245.77.4" 0 "10.241.174.39" "10.245.77.4" 26 "10.241.174.40" "10.245.77.4" 0 "10.241.174.39" "10.245.77.4" 16 30 0 0 0 </measResults>
            </measValue>
            <measValue measObjLdn="MG05EILO/Local IP:0@10.241.174.36/28/Remote IP:0@10.129.148.116/28">
                <measResults>0 0 2 4390225 4436065 148232 148642 2 0 "10.241.174.39" "10.129.148.119" 0 "10.241.174.39" "10.129.148.119" 2 "10.241.174.40" "10.129.148.119" 0 "10.241.174.39" "10.129.148.119" 20 "10.241.174.37" "10.129.148.120" 0 "10.241.174.39" "10.129.148.119" 41 41 0 0 0 </measResults>
            </measValue>
            <measValue measObjLdn="MG05EILO/Local IP:0@10.241.174.36/28/Remote IP:0@10.241.174.52/28">
                <measResults>0 0 0 186011 270613 6026 9387 0 0 "10.241.174.39" "10.241.174.55" 0 "10.241.174.39" "10.241.174.55" 0 "10.241.174.39" "10.241.174.55" 0 "10.241.174.39" "10.241.174.55" 20 "10.241.174.40" "10.241.174.53" 0 "10.241.174.39" "10.241.174.55" 1 2 0 0 0 </measResults>
            </measValue>
            <measValue measObjLdn="MG05EILO/Local IP:0@10.241.174.36/28/Remote IP:0@10.241.174.68/28">
                <measResults>0 0 1 636683 1202520 19489 40692 0 0 "10.241.174.37" "10.241.174.69" 0 "10.241.174.37" "10.241.174.69" 2 "10.241.174.39" "10.241.174.70" 0 "10.241.174.37" "10.241.174.69" 20 "10.241.174.36" "10.241.174.69" 0 "10.241.174.36" "10.241.174.68" 5 11 0 0 0 </measResults>
            </measValue>
            <measValue measObjLdn="MG05EILO/Local IP:0@10.241.174.36/28/Remote IP:0@10.127.26.246/32">
                <measResults>0 0 7 25562828 37837582 817726 1298491 85 17 "10.241.174.38" "10.127.26.246" 0 "10.241.174.38" "10.127.26.246" 665 "10.241.174.39" "10.127.26.246" 0 "10.241.174.38" "10.127.26.246" 986 "10.241.174.37" "10.127.26.246" 0 "10.241.174.38" "10.127.26.246" 227 360 0 0 0 </measResults>
            </measValue>
            <measValue measObjLdn="MG05EILO/Local IP:0@10.241.174.36/28/Remote IP:0@10.129.130.197/28">
                <measResults>0 0 14 642079 752784 21514 25654 1 0 "10.241.174.40" "10.129.130.196" 0 "10.241.174.40" "10.129.130.196" 0 "10.241.174.40" "10.129.130.196" 0 "10.241.174.40" "10.129.130.196" 30 "10.241.174.37" "10.129.130.197" 0 "10.241.174.40" "10.129.130.196" 5 7 0 0 0 </measResults>
            </measValue>
            <measValue measObjLdn="MG05EILO/Local IP:0@10.241.174.36/28/Remote IP:0@10.241.173.4/28">
                <measResults>0 0 27 284066 287087 9655 9755 0 0 "10.241.174.40" "10.241.173.5" 0 "10.241.174.40" "10.241.173.5" 0 "10.241.174.40" "10.241.173.5" 0 "10.241.174.40" "10.241.173.5" 40 "10.241.174.38" "10.241.173.6" 0 "10.241.174.40" "10.241.173.5" 2 2 0 0 0 </measResults>
            </measValue>
            <measValue measObjLdn="MG05EILO/Local IP:0@10.241.174.36/28/Remote IP:0@10.241.133.12/32">
                <measResults>0 0 3 11639031 22825786 206898 488817 29459 36 "10.241.174.37" "10.241.133.12" 0 "10.241.174.39" "10.241.133.12" 2 "10.241.174.36" "10.241.133.12" 0 "10.241.174.39" "10.241.133.12" 17 "10.241.174.39" "10.241.133.12" 0 "10.241.174.40" "10.241.133.12" 57 135 0 0 0 </measResults>
            </measValue>
            <measValue measObjLdn="MG05EILO/Local IP:0@10.241.174.36/28/Remote IP:0@10.241.135.12/32">
                <measResults>0 0 5 6488063 11359282 112665 233419 273 3 "10.241.174.40" "10.241.135.12" 0 "10.241.174.37" "10.241.135.12" 244 "10.241.174.39" "10.241.135.12" 0 "10.241.174.39" "10.241.135.12" 19 "10.241.174.40" "10.241.135.12" 0 "10.241.174.37" "10.241.135.12" 31 64 0 0 0 </measResults>
            </measValue>
            <measValue measObjLdn="MG05EILO/Local IP:0@10.241.174.36/28/Remote IP:0@10.169.36.52/28">
                <measResults>0 0 18 1114827 1215840 37444 41393 0 0 "10.241.174.37" "10.169.36.55" 0 "10.241.174.37" "10.169.36.55" 556 "10.241.174.38" "10.169.36.54" 0 "10.241.174.37" "10.169.36.55" 40 "10.241.174.40" "10.169.36.53" 0 "10.241.174.37" "10.169.36.55" 10 11 0 0 0 </measResults>
            </measValue>
            <measValue measObjLdn="MG05EILO/Local IP:0@10.241.174.36/28/Remote IP:0@10.241.131.12/32">
                <measResults>0 0 3 21012313 38583175 400418 900099 1 1 "10.241.174.39" "10.241.131.12" 0 "10.241.174.37" "10.241.131.12" 2 "10.241.174.37" "10.241.131.12" 0 "10.241.174.37" "10.241.131.12" 24 "10.241.174.37" "10.241.131.12" 0 "10.241.174.40" "10.241.131.12" 111 249 0 0 0 </measResults>
            </measValue>
            <measValue measObjLdn="MG05EILO/Local IP:0@10.241.174.36/28/Remote IP:0@10.127.26.244/32">
                <measResults>0 0 0 0 0 0 0 0 0 "0.0.0.0" "0.0.0.0" 0 "0.0.0.0" "0.0.0.0" 0 "0.0.0.0" "0.0.0.0" 0 "0.0.0.0" "0.0.0.0" 0 "0.0.0.0" "0.0.0.0" 0 "0.0.0.0" "0.0.0.0" 0 0 0 0 0 </measResults>
            </measValue>
            <measValue measObjLdn="MG05EILO/Local IP:0@10.241.174.36/28/Remote IP:0@10.167.73.20/28">
                <measResults>0 0 5 54306582 60053681 1818858 2044799 98 25 "10.241.174.39" "10.167.73.25" 0 "10.241.174.36" "10.167.73.23" 2 "10.241.174.36" "10.167.73.24" 0 "10.241.174.36" "10.167.73.23" 849 "10.241.174.40" "10.167.73.21" 0 "10.241.174.40" "10.167.73.26" 505 567 0 0 0 </measResults>
            </measValue>
            <measValue measObjLdn="MG05EILO/Local IP:0@10.241.174.36/28/Remote IP:0@10.245.69.36/28">
                <measResults>0 0 5 8509106 15061009 254965 497221 449 6 "10.241.174.39" "10.245.69.40" 0 "10.241.174.37" "10.245.69.37" 2 "10.241.174.39" "10.245.69.37" 0 "10.241.174.37" "10.245.69.37" 29 "10.241.174.39" "10.245.69.39" 0 "10.241.174.37" "10.245.69.37" 70 137 0 0 0 </measResults>
            </measValue>
            <measValue measObjLdn="MG05EILO/Local IP:0@10.241.174.36/28/Remote IP:0@10.245.77.12/32">
                <measResults>0 1 12 2812580 4891162 54896 114593 10 2 "10.241.174.38" "10.245.77.12" 0 "10.241.174.40" "10.245.77.12" 2 "10.241.174.40" "10.245.77.12" 0 "10.241.174.39" "10.245.77.12" 25 "10.241.174.40" "10.245.77.12" 0 "10.241.174.40" "10.245.77.12" 15 31 0 0 0 </measResults>
            </measValue>
            <measValue measObjLdn="MG05EILO/Local IP:0@10.241.174.36/28/Remote IP:0@10.167.104.36/28">
                <measResults>0 0 36 566283 488863 22058 18841 0 0 "10.241.174.39" "10.167.104.40" 0 "10.241.174.39" "10.167.104.40" 0 "10.241.174.39" "10.167.104.40" 0 "10.241.174.39" "10.167.104.40" 50 "10.241.174.39" "10.167.104.40" 0 "10.241.174.39" "10.167.104.40" 6 5 0 0 0 </measResults>
            </measValue>
            <measValue measObjLdn="MG05EILO/Local IP:0@10.241.174.36/28/Remote IP:0@10.241.176.52/28">
                <measResults>0 0 35 1117971 1139229 37506 38014 1 0 "10.241.174.36" "10.241.176.56" 0 "10.241.174.36" "10.241.176.56" 0 "10.241.174.36" "10.241.176.56" 0 "10.241.174.36" "10.241.176.56" 50 "10.241.174.39" "10.241.176.54" 0 "10.241.174.39" "10.241.176.56" 10 10 0 0 0 </measResults>
            </measValue>
            <measValue measObjLdn="MG05EILO/Local IP:0@10.241.174.36/28/Remote IP:0@10.245.69.52/28">
                <measResults>0 0 5 834456 1394787 25015 46591 1 1 "10.241.174.36" "10.245.69.55" 0 "10.241.174.39" "10.245.69.52" 2 "10.241.174.36" "10.245.69.54" 0 "10.241.174.39" "10.245.69.52" 20 "10.241.174.40" "10.245.69.55" 0 "10.241.174.39" "10.245.69.52" 6 12 0 0 0 </measResults>
            </measValue>
            <measValue measObjLdn="MG05EILO/Local IP:0@10.241.174.36/28/Remote IP:0@10.127.26.248/32">
                <measResults>0 0 9 23689488 34297177 743124 1161509 60 13 "10.241.174.39" "10.127.26.248" 0 "10.241.174.40" "10.127.26.248" 760 "10.241.174.37" "10.127.26.248" 0 "10.241.174.40" "10.127.26.248" 958 "10.241.174.40" "10.127.26.248" 0 "10.241.174.37" "10.127.26.248" 206 322 0 0 0 </measResults>
            </measValue>
            <measValue measObjLdn="MG05EILO/Local IP:0@10.241.174.36/28/Remote IP:0@10.129.148.100/28">
                <measResults>0 0 1 27000275 29573888 902626 1005759 7 1 "10.241.174.36" "10.129.148.100" 0 "10.241.174.39" "10.129.148.103" 538 "10.241.174.37" "10.129.148.102" 0 "10.241.174.39" "10.129.148.103" 639 "10.241.174.38" "10.129.148.104" 0 "10.241.174.37" "10.129.148.101" 250 279 0 0 0 </measResults>
            </measValue>
            <measValue measObjLdn="MG05EILO/Local IP:0@10.241.174.36/28/Remote IP:0@10.241.174.20/28">
                <measResults>0 0 4 426441 350750 14852 11844 0 0 "10.241.174.40" "10.241.174.21" 0 "10.241.174.40" "10.241.174.21" 0 "10.241.174.40" "10.241.174.21" 0 "10.241.174.40" "10.241.174.21" 20 "10.241.174.39" "10.241.174.22" 0 "10.241.174.40" "10.241.174.21" 4 3 0 0 0 </measResults>
            </measValue>
            <measValue measObjLdn="MG05EILO/Local IP:0@10.241.174.36/28/Remote IP:0@10.167.73.36/28">
                <measResults>0 0 8 12133961 22262971 451981 847490 9 1 "10.241.174.38" "10.167.73.39" 0 "10.241.174.39" "10.167.73.38" 143 "10.241.174.39" "10.167.73.39" 0 "10.241.174.39" "10.167.73.38" 20 "10.241.174.39" "10.167.73.37" 0 "10.241.174.38" "10.167.73.40" 125 235 0 0 0 </measResults>
            </measValue>
            <measValue measObjLdn="MG05EILO/Local IP:0@10.241.174.36/28/Remote IP:0@10.241.135.20/32">
                <measResults>0 0 8 10436358 15405538 326943 521786 28 13 "10.241.174.39" "10.241.135.20" 0 "10.241.174.36" "10.241.135.20" 0 "10.241.174.36" "10.241.135.20" 0 "10.241.174.36" "10.241.135.20" 675 "10.241.174.38" "10.241.135.20" 0 "10.241.174.36" "10.241.135.20" 90 144 0 0 0 </measResults>
            </measValue>
            <measValue measObjLdn="MG05EILO/Local IP:0@10.241.174.36/28/Remote IP:0@10.169.36.68/28">
                <measResults>0 0 15 584053 465027 28700 23953 0 0 "10.241.174.36" "10.169.36.72" 0 "10.241.174.36" "10.169.36.72" 0 "10.241.174.36" "10.169.36.72" 0 "10.241.174.36" "10.169.36.72" 39 "10.241.174.40" "10.169.36.71" 0 "10.241.174.36" "10.169.36.72" 7 6 0 0 0 </measResults>
            </measValue>
            <measValue measObjLdn="MG05EILO/Local IP:0@10.241.174.36/28/Remote IP:0@10.241.133.4/32">
                <measResults>0 0 4 12085048 23296032 213896 500605 29941 39 "10.241.174.39" "10.241.133.4" 0 "10.241.174.39" "10.241.133.4" 2 "10.241.174.40" "10.241.133.4" 0 "10.241.174.39" "10.241.133.4" 17 "10.241.174.39" "10.241.133.4" 0 "10.241.174.38" "10.241.133.4" 59 138 0 0 0 </measResults>
            </measValue>
            <measValue measObjLdn="MG05EILO/Local IP:0@10.241.174.36/28/Remote IP:0@10.241.135.4/32">
                <measResults>0 0 5 7716180 13755056 132416 286742 341 7 "10.241.174.38" "10.241.135.4" 0 "10.241.174.40" "10.241.135.4" 116 "10.241.174.37" "10.241.135.4" 0 "10.241.174.36" "10.241.135.4" 19 "10.241.174.40" "10.241.135.4" 0 "10.241.174.36" "10.241.135.4" 36 79 0 0 0 </measResults>
            </measValue>
            <measValue measObjLdn="MG05EILO/Local IP:0@10.241.174.36/28/Remote IP:0@10.127.26.243/32">
                <measResults>0 1 6 11468055 19469820 209052 434970 145 6 "10.241.174.36" "10.127.26.243" 0 "10.241.174.40" "10.127.26.243" 208 "10.241.174.39" "10.127.26.243" 0 "10.241.174.36" "10.127.26.243" 19 "10.241.174.37" "10.127.26.243" 0 "10.241.174.40" "10.127.26.243" 57 120 0 0 0 </measResults>
            </measValue>
        </measInfo>
        <measInfo measInfoId="100665905">
            <granPeriod duration="PT3600S" endTime="2021-08-11T23:00:00+08:00"/>
            <repPeriod duration="PT3600S"/>
            <measTypes>100991826 100991827 100991828 100991829 100991830 100991832 100991833 100991834 100991835 100991898 100991899 </measTypes>
            <measValue measObjLdn="MG05EILO/Local IP:0@10.241.174.36/28/Remote IP:0@10.167.104.4/27">
                <measResults>0 0 0 0 0 0 0 10 14 24 163 </measResults>
            </measValue>
            <measValue measObjLdn="MG05EILO/Local IP:0@10.241.174.36/28/Remote IP:0@10.129.148.116/28">
                <measResults>4.1 2.7 1 0 0 0 0 6 101 107 422 </measResults>
            </measValue>
            <measValue measObjLdn="MG05EILO/Local IP:0@10.241.174.36/28/Remote IP:0@10.241.174.52/28">
                <measResults>0 0 0 0 0 0 0 0 6 6 25 </measResults>
            </measValue>
            <measValue measObjLdn="MG05EILO/Local IP:0@10.241.174.36/28/Remote IP:0@10.129.130.197/28">
                <measResults>0 0 0 0 0 0 0 1 5 6 68 </measResults>
            </measValue>
            <measValue measObjLdn="MG05EILO/Local IP:0@10.241.174.36/28/Remote IP:0@10.241.173.4/28">
                <measResults>0 0 0 0 0 0 0 0 14 14 25 </measResults>
            </measValue>
            <measValue measObjLdn="MG05EILO/Local IP:0@10.241.174.36/28/Remote IP:0@10.241.133.12/32">
                <measResults>4.1 1 3.6 0 14 1 59 600 97 757 2246 </measResults>
            </measValue>
            <measValue measObjLdn="MG05EILO/Local IP:0@10.241.174.36/28/Remote IP:0@10.169.36.52/28">
                <measResults>0 0 0 0 0 0 0 1 10 11 124 </measResults>
            </measValue>
            <measValue measObjLdn="MG05EILO/Local IP:0@10.241.174.36/28/Remote IP:0@10.241.131.12/32">
                <measResults>4.1 2.6 3 0 12 0 65 1141 295 1501 4264 </measResults>
            </measValue>
            <measValue measObjLdn="MG05EILO/Local IP:0@10.241.174.36/28/Remote IP:0@10.127.26.244/32">
                <measResults>0 0 0 0 0 0 0 0 0 0 2 </measResults>
            </measValue>
            <measValue measObjLdn="MG05EILO/Local IP:0@10.241.174.36/28/Remote IP:0@10.167.73.20/28">
                <measResults>4.1 2.6 3.8 0 0 0 2 99 1481 1582 6172 </measResults>
            </measValue>
            <measValue measObjLdn="MG05EILO/Local IP:0@10.241.174.36/28/Remote IP:0@10.245.69.36/28">
                <measResults>4.3 2.6 2.5 0 0 0 0 23 466 489 1814 </measResults>
            </measValue>
            <measValue measObjLdn="MG05EILO/Local IP:0@10.241.174.36/28/Remote IP:0@10.245.77.12/32">
                <measResults>4.1 2.6 1.9 0 2 0 7 126 26 159 473 </measResults>
            </measValue>
            <measValue measObjLdn="MG05EILO/Local IP:0@10.241.174.36/28/Remote IP:0@10.167.104.36/28">
                <measResults>0 0 0 0 0 0 0 0 9 9 58 </measResults>
            </measValue>
            <measValue measObjLdn="MG05EILO/Local IP:0@10.241.174.36/28/Remote IP:0@10.241.176.52/28">
                <measResults>0 0 0 0 0 0 0 1 10 11 129 </measResults>
            </measValue>
            <measValue measObjLdn="MG05EILO/Local IP:0@10.241.174.36/28/Remote IP:0@10.245.69.52/28">
                <measResults>4.1 3.6 0.7 0 0 0 0 0 29 29 191 </measResults>
            </measValue>
            <measValue measObjLdn="MG05EILO/Local IP:0@10.241.174.36/28/Remote IP:0@10.127.26.248/32">
                <measResults>4.1 2 0.1 0 0 0 2 5 134 141 4292 </measResults>
            </measValue>
            <measValue measObjLdn="MG05EILO/Local IP:0@10.241.174.36/28/Remote IP:0@10.129.148.100/28">
                <measResults>4.1 2.6 3.7 0 0 0 2 46 847 895 2860 </measResults>
            </measValue>
            <measValue measObjLdn="MG05EILO/Local IP:0@10.241.174.36/28/Remote IP:0@10.241.174.20/28">
                <measResults>0 0 0 0 0 0 0 0 4 4 35 </measResults>
            </measValue>
            <measValue measObjLdn="MG05EILO/Local IP:0@10.241.174.36/28/Remote IP:0@10.167.73.36/28">
                <measResults>4.3 2.9 3.2 0 0 0 1 30 947 978 3575 </measResults>
            </measValue>
            <measValue measObjLdn="MG05EILO/Local IP:0@10.241.174.36/28/Remote IP:0@10.241.135.20/32">
                <measResults>0 0 0 0 1 0 3 7 56 66 1833 </measResults>
            </measValue>
            <measValue measObjLdn="MG05EILO/Local IP:0@10.241.174.36/28/Remote IP:0@10.129.130.180/27">
                <measResults>4.1 3.4 0.8 0 0 0 0 4 6 10 90 </measResults>
            </measValue>
            <measValue measObjLdn="MG05EILO/Local IP:0@10.241.174.36/28/Remote IP:0@10.169.36.68/28">
                <measResults>4.1 3.4 1.6 0 0 0 0 1 4 5 67 </measResults>
            </measValue>
            <measValue measObjLdn="MG05EILO/Local IP:0@10.241.174.36/28/Remote IP:0@10.241.133.4/32">
                <measResults>4.1 1 3.5 0 20 1 58 599 114 772 2317 </measResults>
            </measValue>
            <measValue measObjLdn="MG05EILO/Local IP:0@10.241.174.36/28/Remote IP:0@10.241.135.4/32">
                <measResults>4.1 2.6 3.1 0 4 0 19 382 24 425 1271 </measResults>
            </measValue>
            <measValue measObjLdn="MG05EILO/Local IP:0@10.241.174.36/28/Remote IP:0@10.167.73.53/28">
                <measResults>0 0 0 0 0 0 0 1 7 8 86 </measResults>
            </measValue>
            <measValue measObjLdn="MG05EILO/Local IP:0@10.241.174.36/28/Remote IP:0@10.241.131.4/32">
                <measResults>4.1 2.6 3.5 0 17 0 66 1122 294 1482 4312 </measResults>
            </measValue>
            <measValue measObjLdn="MG05EILO/Local IP:0@10.241.174.36/28/Remote IP:0@10.127.26.243/32">
                <measResults>4.1 2.6 3 0 12 0 47 571 73 691 2042 </measResults>
            </measValue>
            <measValue measObjLdn="MG05EILO/Local IP:0@10.241.174.36/28/Remote IP:0@10.241.177.20/28">
                <measResults>4.1 4.1 2 0 0 0 0 0 2 2 12 </measResults>
            </measValue>
            <measValue measObjLdn="MG05EILO/Local IP:0@10.241.174.36/28/Remote IP:0@10.245.77.4/32">
                <measResults>4.1 2.6 1.8 0 1 0 9 134 25 168 545 </measResults>
            </measValue>
            <measValue measObjLdn="MG05EILO/Local IP:0@10.241.174.36/28/Remote IP:0@10.241.174.68/28">
                <measResults>4.1 3.1 0.1 0 0 0 0 1 30 31 217 </measResults>
            </measValue>
            <measValue measObjLdn="MG05EILO/Local IP:0@10.241.174.36/28/Remote IP:0@10.127.26.246/32">
                <measResults>4.1 2.6 2.1 0 0 0 1 13 190 204 4763 </measResults>
            </measValue>
            <measValue measObjLdn="MG05EILO/Local IP:0@10.241.174.36/28/Remote IP:0@10.241.135.12/32">
                <measResults>4.1 2.6 3.6 0 2 0 14 347 28 389 1188 </measResults>
            </measValue>
        </measInfo>
        <measInfo measInfoId="100666003">
            <granPeriod duration="PT3600S" endTime="2021-08-11T23:00:00+08:00"/>
            <repPeriod duration="PT3600S"/>
            <measTypes>100991561 100993025 100993026 100993027 100993028 100993029 </measTypes>
            <measValue measObjLdn="MG05EILO/Board:FN=1, SN=10, BP=Back">
                <measResults>7 5 0 0 0 0 </measResults>
            </measValue>
            <measValue measObjLdn="MG05EILO/Board:FN=1, SN=8, BP=Front">
                <measResults>22 3 0 0 0 0 </measResults>
            </measValue>
            <measValue measObjLdn="MG05EILO/Board:FN=1, SN=12, BP=Back">
                <measResults>2 1 0 0 0 0 </measResults>
            </measValue>
            <measValue measObjLdn="MG05EILO/Board:FN=3, SN=2, BP=Back">
                <measResults>7 7 0 0 0 0 </measResults>
            </measValue>
            <measValue measObjLdn="MG05EILO/Board:FN=2, SN=7, BP=Back">
                <measResults>5 2 0 0 0 0 </measResults>
            </measValue>
            <measValue measObjLdn="MG05EILO/Board:FN=3, SN=14, BP=Back">
                <measResults>5 4 0 0 0 0 </measResults>
            </measValue>
            <measValue measObjLdn="MG05EILO/Board:FN=1, SN=3, BP=Back">
                <measResults>5 3 0 0 0 0 </measResults>
            </measValue>
            <measValue measObjLdn="MG05EILO/Board:FN=2, SN=14, BP=Front">
                <measResults>0 0 0 0 0 0 </measResults>
            </measValue>
            <measValue measObjLdn="MG05EILO/Board:FN=3, SN=9, BP=Front">
                <measResults>1 0 0 0 0 0 </measResults>
            </measValue>
            <measValue measObjLdn="MG05EILO/Board:FN=2, SN=5, BP=Front">
                <measResults>0 0 0 0 0 0 </measResults>
            </measValue>
            <measValue measObjLdn="MG05EILO/Board:FN=3, SN=7, BP=Back">
                <measResults>5 1 0 0 0 0 </measResults>
            </measValue>
            <measValue measObjLdn="MG05EILO/Board:FN=1, SN=5, BP=Back">
                <measResults>5 3 0 0 0 0 </measResults>
            </measValue>
            <measValue measObjLdn="MG05EILO/Board:FN=2, SN=7, BP=Front">
                <measResults>5 2 0 0 0 0 </measResults>
            </measValue>
            <measValue measObjLdn="MG05EILO/Board:FN=2, SN=0, BP=Back">
                <measResults>5 3 0 0 0 0 </measResults>
            </measValue>
            <measValue measObjLdn="MG05EILO/Board:FN=1, SN=14, BP=Back">
                <measResults>11 10 0 0 0 0 </measResults>
            </measValue>
            <measValue measObjLdn="MG05EILO/Board:FN=2, SN=9, BP=Front">
                <measResults>1 0 0 0 0 0 </measResults>
            </measValue>
            <measValue measObjLdn="MG05EILO/Board:FN=1, SN=3, BP=Front">
                <measResults>7 5 0 0 0 0 </measResults>
            </measValue>
            <measValue measObjLdn="MG05EILO/Board:FN=3, SN=11, BP=Front">
                <measResults>7 4 0 0 0 0 </measResults>
            </measValue>
            <measValue measObjLdn="MG05EILO/Board:FN=3, SN=2, BP=Front">
                <measResults>7 5 0 0 0 0 </measResults>
            </measValue>
            <measValue measObjLdn="MG05EILO/Board:FN=1, SN=12, BP=Front">
                <measResults>5 4 0 0 0 0 </measResults>
            </measValue>
            <measValue measObjLdn="MG05EILO/Board:FN=1, SN=7, BP=Back">
                <measResults>8 4 0 0 0 0 </measResults>
            </measValue>
            <measValue measObjLdn="MG05EILO/Board:FN=2, SN=2, BP=Back">
                <measResults>11 10 0 0 0 0 </measResults>
            </measValue>
            <measValue measObjLdn="MG05EILO/Board:FN=2, SN=11, BP=Back">
                <measResults>7 5 0 0 0 0 </measResults>
            </measValue>
            <measValue measObjLdn="MG05EILO/Board:FN=2, SN=9, BP=Front">
                <measResults>1 0 0 0 0 0 </measResults>
            </measValue>
            <measValue measObjLdn="MG05EILO/Board:FN=3, SN=4, BP=Front">
                <measResults>0 0 0 0 0 0 </measResults>
            </measValue>
            <measValue measObjLdn="MG05EILO/Board:FN=1, SN=5, BP=Front">
                <measResults>0 0 0 0 0 0 </measResults>
            </measValue>
            <measValue measObjLdn="MG05EILO/Board:FN=3, SN=9, BP=Front">
                <measResults>1 0 0 0 0 0 </measResults>
            </measValue>
            <measValue measObjLdn="MG05EILO/Board:FN=3, SN=13, BP=Front">
                <measResults>0 0 0 0 0 0 </measResults>
            </measValue>
            <measValue measObjLdn="MG05EILO/Board:FN=1, SN=14, BP=Front">
                <measResults>0 0 0 0 0 0 </measResults>
            </measValue>
            <measValue measObjLdn="MG05EILO/Board:FN=2, SN=0, BP=Front">
                <measResults>6 4 0 0 0 0 </measResults>
            </measValue>
            <measValue measObjLdn="MG05EILO/Board:FN=3, SN=6, BP=Front">
                <measResults>1 0 0 0 0 0 </measResults>
            </measValue>
            <measValue measObjLdn="MG05EILO/Board:FN=3, SN=15, BP=Front">
                <measResults>0 0 0 0 0 0 </measResults>
            </measValue>
            <measValue measObjLdn="MG05EILO/Board:FN=2, SN=4, BP=Back">
                <measResults>0 0 0 0 0 0 </measResults>
            </measValue>
            <measValue measObjLdn="MG05EILO/Board:FN=3, SN=11, BP=Back">
                <measResults>2 1 0 0 0 0 </measResults>
            </measValue>
            <measValue measObjLdn="MG05EILO/Board:FN=1, SN=9, BP=Front">
                <measResults>2 1 0 0 0 0 </measResults>
            </measValue>
            <measValue measObjLdn="MG05EILO/Board:FN=1, SN=0, BP=Back">
                <measResults>19 18 0 0 0 0 </measResults>
            </measValue>
            <measValue measObjLdn="MG05EILO/Board:FN=2, SN=13, BP=Back">
                <measResults>7 5 0 0 0 0 </measResults>
            </measValue>
            <measValue measObjLdn="MG05EILO/Board:FN=2, SN=11, BP=Front">
                <measResults>4 3 0 0 0 0 </measResults>
            </measValue>
            <measValue measObjLdn="MG05EILO/Board:FN=2, SN=2, BP=Front">
                <measResults>6 4 0 0 0 0 </measResults>
            </measValue>
            <measValue measObjLdn="MG05EILO/Board:FN=3, SN=1, BP=Back">
                <measResults>5 3 0 0 0 0 </measResults>
            </measValue>
            <measValue measObjLdn="MG05EILO/Board:FN=1, SN=9, BP=Front">
                <measResults>1 0 0 0 0 0 </measResults>
            </measValue>
            <measValue measObjLdn="MG05EILO/Board:FN=1, SN=11, BP=Back">
                <measResults>2 1 0 0 0 0 </measResults>
            </measValue>
            <measValue measObjLdn="MG05EILO/Board:FN=2, SN=6, BP=Front">
                <measResults>1 0 0 0 0 0 </measResults>
            </measValue>
            <measValue measObjLdn="MG05EILO/Board:FN=2, SN=15, BP=Back">
                <measResults>5 4 0 0 0 0 </measResults>
            </measValue>
            <measValue measObjLdn="MG05EILO/Board:FN=2, SN=13, BP=Front">
                <measResults>0 0 0 0 0 0 </measResults>
            </measValue>
            <measValue measObjLdn="MG05EILO/Board:FN=2, SN=4, BP=Front">
                <measResults>0 0 0 0 0 0 </measResults>
            </measValue>
            <measValue measObjLdn="MG05EILO/Board:FN=1, SN=2, BP=Back">
                <measResults>5 3 0 0 0 0 </measResults>
            </measValue>
            <measValue measObjLdn="MG05EILO/Board:FN=3, SN=8, BP=Front">
                <measResults>4 2 0 0 0 0 </measResults>
            </measValue>
            <measValue measObjLdn="MG05EILO/Board:FN=3, SN=13, BP=Back">
                <measResults>1 0 0 0 0 0 </measResults>
            </measValue>
            <measValue measObjLdn="MG05EILO/Board:FN=1, SN=0, BP=Front">
                <measResults>5 4 0 0 0 0 </measResults>
            </measValue>
            <measValue measObjLdn="MG05EILO/Board:FN=2, SN=15, BP=Front">
                <measResults>0 0 0 0 0 0 </measResults>
            </measValue>
            <measValue measObjLdn="MG05EILO/Board:FN=3, SN=6, BP=Front">
                <measResults>1 0 0 0 0 0 </measResults>
            </measValue>
            <measValue measObjLdn="MG05EILO/Board:FN=1, SN=13, BP=Back">
                <measResults>7 5 0 0 0 0 </measResults>
            </measValue>
            <measValue measObjLdn="MG05EILO/Board:FN=1, SN=4, BP=Back">
                <measResults>5 3 0 0 0 0 </measResults>
            </measValue>
            <measValue measObjLdn="MG05EILO/Board:FN=2, SN=8, BP=Back">
                <measResults>6 3 0 0 0 0 </measResults>
            </measValue>
            <measValue measObjLdn="MG05EILO/Board:FN=3, SN=15, BP=Back">
                <measResults>5 3 0 0 0 0 </measResults>
            </measValue>
            <measValue measObjLdn="MG05EILO/Board:FN=2, SN=6, BP=Front">
                <measResults>0 0 0 0 0 0 </measResults>
            </measValue>
            <measValue measObjLdn="MG05EILO/Board:FN=1, SN=2, BP=Front">
                <measResults>5 3 0 0 0 0 </measResults>
            </measValue>
            <measValue measObjLdn="MG05EILO/Board:FN=3, SN=10, BP=Front">
                <measResults>8 5 0 0 0 0 </measResults>
            </measValue>
            <measValue measObjLdn="MG05EILO/Board:FN=1, SN=11, BP=Front">
                <measResults>4 3 0 0 0 0 </measResults>
            </measValue>
            <measValue measObjLdn="MG05EILO/Board:FN=3, SN=1, BP=Front">
                <measResults>7 5 0 0 0 0 </measResults>
            </measValue>
            <measValue measObjLdn="MG05EILO/Board:FN=1, SN=4, BP=Front">
                <measResults>0 0 0 0 0 0 </measResults>
            </measValue>
            <measValue measObjLdn="MG05EILO/Board:FN=1, SN=13, BP=Front">
                <measResults>0 0 0 0 0 0 </measResults>
            </measValue>
            <measValue measObjLdn="MG05EILO/Board:FN=1, SN=6, BP=Front">
                <measResults>1 1 0 0 0 0 </measResults>
            </measValue>
            <measValue measObjLdn="MG05EILO/Board:FN=2, SN=1, BP=Back">
                <measResults>5 3 0 0 0 0 </measResults>
            </measValue>
            <measValue measObjLdn="MG05EILO/Board:FN=2, SN=8, BP=Front">
                <measResults>6 2 0 0 0 0 </measResults>
            </measValue>
            <measValue measObjLdn="MG05EILO/Board:FN=3, SN=8, BP=Back">
                <measResults>6 3 0 0 0 0 </measResults>
            </measValue>
            <measValue measObjLdn="MG05EILO/Board:FN=2, SN=10, BP=Back">
                <measResults>2 1 0 0 0 0 </measResults>
            </measValue>
            <measValue measObjLdn="MG05EILO/Board:FN=3, SN=12, BP=Front">
                <measResults>0 0 0 0 0 0 </measResults>
            </measValue>
            <measValue measObjLdn="MG05EILO/Board:FN=1, SN=15, BP=Back">
                <measResults>7 7 0 0 0 0 </measResults>
            </measValue>
            <measValue measObjLdn="MG05EILO/Board:FN=3, SN=3, BP=Front">
                <measResults>7 4 0 0 0 0 </measResults>
            </measValue>
            <measValue measObjLdn="MG05EILO/Board:FN=2, SN=3, BP=Back">
                <measResults>11 10 0 0 0 0 </measResults>
            </measValue>
            <measValue measObjLdn="MG05EILO/Board:FN=1, SN=8, BP=Back">
                <measResults>6 2 0 0 0 0 </measResults>
            </measValue>
            <measValue measObjLdn="MG05EILO/Board:FN=1, SN=6, BP=Front">
                <measResults>1 0 0 0 0 0 </measResults>
            </measValue>
            <measValue measObjLdn="MG05EILO/Board:FN=1, SN=15, BP=Front">
                <measResults>0 0 0 0 0 0 </measResults>
            </measValue>
            <measValue measObjLdn="MG05EILO/Board:FN=3, SN=10, BP=Back">
                <measResults>8 5 0 0 0 0 </measResults>
            </measValue>
            <measValue measObjLdn="MG05EILO/Board:FN=2, SN=12, BP=Back">
                <measResults>2 1 0 0 0 0 </measResults>
            </measValue>
            <measValue measObjLdn="MG05EILO/Board:FN=3, SN=5, BP=Front">
                <measResults>0 0 0 0 0 0 </measResults>
            </measValue>
            <measValue measObjLdn="MG05EILO/Board:FN=3, SN=14, BP=Front">
                <measResults>0 0 0 0 0 0 </measResults>
            </measValue>
            <measValue measObjLdn="MG05EILO/Board:FN=2, SN=10, BP=Front">
                <measResults>5 4 0 0 0 0 </measResults>
            </measValue>
            <measValue measObjLdn="MG05EILO/Board:FN=2, SN=1, BP=Front">
                <measResults>8 5 0 0 0 0 </measResults>
            </measValue>
            <measValue measObjLdn="MG05EILO/Board:FN=1, SN=1, BP=Back">
                <measResults>21 20 0 0 0 0 </measResults>
            </measValue>
            <measValue measObjLdn="MG05EILO/Board:FN=3, SN=7, BP=Front">
                <measResults>6 2 0 0 0 0 </measResults>
            </measValue>
            <measValue measObjLdn="MG05EILO/Board:FN=2, SN=5, BP=Back">
                <measResults>3 0 0 0 0 0 </measResults>
            </measValue>
            <measValue measObjLdn="MG05EILO/Board:FN=3, SN=0, BP=Back">
                <measResults>5 3 0 0 0 0 </measResults>
            </measValue>
            <measValue measObjLdn="MG05EILO/Board:FN=2, SN=14, BP=Back">
                <measResults>5 3 0 0 0 0 </measResults>
            </measValue>
            <measValue measObjLdn="MG05EILO/Board:FN=3, SN=12, BP=Back">
                <measResults>0 0 0 0 0 0 </measResults>
            </measValue>
            <measValue measObjLdn="MG05EILO/Board:FN=2, SN=12, BP=Front">
                <measResults>6 4 0 0 0 0 </measResults>
            </measValue>
            <measValue measObjLdn="MG05EILO/Board:FN=2, SN=3, BP=Front">
                <measResults>7 5 0 0 0 0 </measResults>
            </measValue>
            <measValue measObjLdn="MG05EILO/Board:FN=3, SN=0, BP=Front">
                <measResults>5 4 0 0 0 0 </measResults>
            </measValue>
            <measValue measObjLdn="MG05EILO/Board:FN=1, SN=1, BP=Front">
                <measResults>8 5 0 0 0 0 </measResults>
            </measValue>
            <measValue measObjLdn="MG05EILO/Board:FN=1, SN=10, BP=Front">
                <measResults>8 5 0 0 0 0 </measResults>
            </measValue>
            <measValue measObjLdn="MG05EILO/Board:FN=1, SN=7, BP=Front">
                <measResults>11 3 0 0 0 0 </measResults>
            </measValue>
        </measInfo>
        <measInfo measInfoId="100665860">
            <granPeriod duration="PT3600S" endTime="2021-08-11T23:00:00+08:00"/>
            <repPeriod duration="PT3600S"/>
            <measTypes>100991525 100991526 100991527 100991528 100991529 </measTypes>
            <measValue measObjLdn="MG05EILO/Board:BN=0, IN=1, BT=HRB">
                <measResults>0 0 0 0 0 </measResults>
            </measValue>
            <measValue measObjLdn="MG05EILO/Board:BN=5, IN=0, BT=HRB">
                <measResults>106323075 3244084 69469286 2035010 12209 </measResults>
            </measValue>
            <measValue measObjLdn="MG05EILO/Board:BN=1, IN=1, BT=HRB">
                <measResults>0 0 0 0 0 </measResults>
            </measValue>
            <measValue measObjLdn="MG05EILO/Board:BN=5, IN=2, BT=HRB">
                <measResults>0 0 0 0 0 </measResults>
            </measValue>
            <measValue measObjLdn="MG05EILO/Board:BN=2, IN=1, BT=HRB">
                <measResults>0 0 0 0 0 </measResults>
            </measValue>
            <measValue measObjLdn="MG05EILO/Board:BN=3, IN=1, BT=HRB">
                <measResults>0 0 0 0 0 </measResults>
            </measValue>
            <measValue measObjLdn="MG05EILO/Board:BN=0, IN=0, BT=HRB">
                <measResults>98906697 2961396 65110100 1864688 11464 </measResults>
            </measValue>
            <measValue measObjLdn="MG05EILO/Board:BN=4, IN=1, BT=HRB">
                <measResults>0 0 0 0 0 </measResults>
            </measValue>
            <measValue measObjLdn="MG05EILO/Board:BN=1, IN=0, BT=HRB">
                <measResults>96682365 2916216 62859305 1806968 11836 </measResults>
            </measValue>
            <measValue measObjLdn="MG05EILO/Board:BN=5, IN=1, BT=HRB">
                <measResults>103387587 3144073 67665430 1992107 11870 </measResults>
            </measValue>
            <measValue measObjLdn="MG05EILO/Board:BN=2, IN=0, BT=HRB">
                <measResults>97123966 2923041 64677056 1870433 12762 </measResults>
            </measValue>
            <measValue measObjLdn="MG05EILO/Board:BN=5, IN=3, BT=HRB">
                <measResults>0 0 0 0 0 </measResults>
            </measValue>
            <measValue measObjLdn="MG05EILO/Board:BN=3, IN=0, BT=HRB">
                <measResults>95791925 2858514 62737960 1794392 13108 </measResults>
            </measValue>
            <measValue measObjLdn="MG05EILO/Board:BN=4, IN=0, BT=HRB">
                <measResults>97234245 2920422 63374572 1808287 12436 </measResults>
            </measValue>
        </measInfo>
        <measInfo measInfoId="100665865">
            <granPeriod duration="PT3600S" endTime="2021-08-11T23:00:00+08:00"/>
            <repPeriod duration="PT3600S"/>
            <measTypes>100991585 </measTypes>
            <measValue measObjLdn="MG05EILO/Board:BN=2, IN=1, BT=HRB">
                <measResults>0 </measResults>
            </measValue>
            <measValue measObjLdn="MG05EILO/Board:BN=3, IN=1, BT=HRB">
                <measResults>0 </measResults>
            </measValue>
            <measValue measObjLdn="MG05EILO/Board:BN=0, IN=0, BT=HRB">
                <measResults>15256 </measResults>
            </measValue>
            <measValue measObjLdn="MG05EILO/Board:BN=4, IN=1, BT=HRB">
                <measResults>0 </measResults>
            </measValue>
            <measValue measObjLdn="MG05EILO/Board:BN=1, IN=0, BT=HRB">
                <measResults>15158 </measResults>
            </measValue>
            <measValue measObjLdn="MG05EILO/Board:BN=5, IN=1, BT=HRB">
                <measResults>15154 </measResults>
            </measValue>
            <measValue measObjLdn="MG05EILO/Board:BN=2, IN=0, BT=HRB">
                <measResults>15148 </measResults>
            </measValue>
            <measValue measObjLdn="MG05EILO/Board:BN=5, IN=3, BT=HRB">
                <measResults>0 </measResults>
            </measValue>
            <measValue measObjLdn="MG05EILO/Board:BN=3, IN=0, BT=HRB">
                <measResults>14968 </measResults>
            </measValue>
            <measValue measObjLdn="MG05EILO/Board:BN=4, IN=0, BT=HRB">
                <measResults>15198 </measResults>
            </measValue>
            <measValue measObjLdn="MG05EILO/Board:BN=0, IN=1, BT=HRB">
                <measResults>0 </measResults>
            </measValue>
            <measValue measObjLdn="MG05EILO/Board:BN=5, IN=0, BT=HRB">
                <measResults>15176 </measResults>
            </measValue>
            <measValue measObjLdn="MG05EILO/Board:BN=1, IN=1, BT=HRB">
                <measResults>0 </measResults>
            </measValue>
            <measValue measObjLdn="MG05EILO/Board:BN=5, IN=2, BT=HRB">
                <measResults>0 </measResults>
            </measValue>
        </measInfo>
        <measInfo measInfoId="100665878">
            <granPeriod duration="PT3600S" endTime="2021-08-11T23:00:00+08:00"/>
            <repPeriod duration="PT3600S"/>
            <measTypes>100991615 100991616 </measTypes>
            <measValue measObjLdn="MG05EILO/M3UARoute:LSX=0, DEX=0">
                <measResults>0 0 </measResults>
            </measValue>
        </measInfo>
        <measInfo measInfoId="100665882">
            <granPeriod duration="PT3600S" endTime="2021-08-11T23:00:00+08:00"/>
            <repPeriod duration="PT3600S"/>
            <measTypes>100991629 100991630 100991631 100991632 100991633 100991665 100991666 100991667 100991668 100991669 100991670 100991671 100991672 100992016 </measTypes>
            <measValue measObjLdn="MG05EILO/M3UALink:Label=MS01EILO_0, LinkNo=0">
                <measResults>0 0 5398 5398 0 4 0 1 1 407 407 2 814 0 </measResults>
            </measValue>
            <measValue measObjLdn="MG05EILO/M3UALink:Label=MS01EILO_9, LinkNo=9">
                <measResults>0 0 5398 5398 0 4 0 1 1 408 408 2 816 0 </measResults>
            </measValue>
            <measValue measObjLdn="MG05EILO/M3UALink:Label=MS01EILO_2, LinkNo=2">
                <measResults>0 0 5398 5398 0 4 0 1 1 408 408 2 816 0 </measResults>
            </measValue>
            <measValue measObjLdn="MG05EILO/M3UALink:Label=MS01EILO_11, LinkNo=11">
                <measResults>0 0 5398 5398 0 4 0 1 1 407 407 2 814 0 </measResults>
            </measValue>
            <measValue measObjLdn="MG05EILO/M3UALink:Label=MS01EILO_4, LinkNo=4">
                <measResults>0 0 5398 5398 0 4 0 1 1 408 408 2 816 0 </measResults>
            </measValue>
            <measValue measObjLdn="MG05EILO/M3UALink:Label=MS01EILO_13, LinkNo=13">
                <measResults>0 0 5398 5398 0 4 0 1 1 407 407 2 814 0 </measResults>
            </measValue>
            <measValue measObjLdn="MG05EILO/M3UALink:Label=MS01EILO_6, LinkNo=6">
                <measResults>0 0 5398 5398 0 4 0 1 1 407 407 2 814 0 </measResults>
            </measValue>
            <measValue measObjLdn="MG05EILO/M3UALink:Label=MS01EILO_8, LinkNo=8">
                <measResults>0 0 5398 5398 0 4 0 1 1 407 407 2 814 0 </measResults>
            </measValue>
            <measValue measObjLdn="MG05EILO/M3UALink:Label=MS01EILO_10, LinkNo=10">
                <measResults>0 0 5399 5399 0 4 0 1 1 407 407 2 814 0 </measResults>
            </measValue>
            <measValue measObjLdn="MG05EILO/M3UALink:Label=MS01EILO_1, LinkNo=1">
                <measResults>0 0 5398 5398 0 4 0 1 1 407 407 2 814 0 </measResults>
            </measValue>
            <measValue measObjLdn="MG05EILO/M3UALink:Label=MS01EILO_12, LinkNo=12">
                <measResults>0 0 5400 5400 0 4 0 1 1 407 407 2 814 0 </measResults>
            </measValue>
            <measValue measObjLdn="MG05EILO/M3UALink:Label=MS01EILO_3, LinkNo=3">
                <measResults>0 0 5398 5398 0 4 0 1 1 407 407 2 814 0 </measResults>
            </measValue>
            <measValue measObjLdn="MG05EILO/M3UALink:Label=MS01EILO_14, LinkNo=14">
                <measResults>0 0 5398 5398 0 4 0 1 1 407 407 2 814 0 </measResults>
            </measValue>
            <measValue measObjLdn="MG05EILO/M3UALink:Label=MS01EILO_5, LinkNo=5">
                <measResults>0 0 5400 5400 0 4 0 1 1 407 407 2 814 0 </measResults>
            </measValue>
            <measValue measObjLdn="MG05EILO/M3UALink:Label=MS01EILO_7, LinkNo=7">
                <measResults>0 0 5398 5398 0 4 0 1 1 407 407 2 814 0 </measResults>
            </measValue>
        </measInfo>
        <measInfo measInfoId="100665884">
            <granPeriod duration="PT3600S" endTime="2021-08-11T23:00:00+08:00"/>
            <repPeriod duration="PT3600S"/>
            <measTypes>100991645 100991646 100991647 100991648 100991649 100991650 100991651 100991652 100991653 100991699 100991986 100991987 100992104 100992105 100992106 100992107 100992108 100992109 100992110 </measTypes>
            <measValue measObjLdn="MG05EILO/CNNode:CNID=4">
                <measResults>0 0 0 0 0 0 0 0 0 0 0 0 0 0 0 0 0 0 0 </measResults>
            </measValue>
        </measInfo>
        <measInfo measInfoId="100665885">
            <granPeriod duration="PT3600S" endTime="2021-08-11T23:00:00+08:00"/>
            <repPeriod duration="PT3600S"/>
            <measTypes>100991654 </measTypes>
            <measValue measObjLdn="MG05EILO/NRI AND MSC Map:NRIV=4">
                <measResults>0 </measResults>
            </measValue>
        </measInfo>
        <measInfo measInfoId="100665886">
            <granPeriod duration="PT3600S" endTime="2021-08-11T23:00:00+08:00"/>
            <repPeriod duration="PT3600S"/>
            <measTypes>100991659 100991660 100991661 100991662 100991893 100991894 100991895 </measTypes>
            <measValue measObjLdn="MG05EILO/DomainID:DMID=0">
                <measResults>7168000 133130 7034870 1 0 0 0 </measResults>
            </measValue>
        </measInfo>
        <measInfo measInfoId="100665891">
            <granPeriod duration="PT3600S" endTime="2021-08-11T23:00:00+08:00"/>
            <repPeriod duration="PT3600S"/>
            <measTypes>100991693 100991694 100991695 100991696 100991697 </measTypes>
            <measValue measObjLdn="MG05EILO/BoardframeslotNo:FN=1, SN=8, BP=Front">
                <measResults>1953 366 18 0 0 </measResults>
            </measValue>
            <measValue measObjLdn="MG05EILO/BoardframeslotNo:FN=1, SN=7, BP=Front">
                <measResults>1953 360 18 0 0 </measResults>
            </measValue>
        </measInfo>
        <measInfo measInfoId="100665918">
            <granPeriod duration="PT3600S" endTime="2021-08-11T23:00:00+08:00"/>
            <repPeriod duration="PT3600S"/>
            <measTypes>100992096 100992097 100992098 100992099 100992100 100992101 </measTypes>
            <measValue measObjLdn="MG05EILO/Board:FN=3, SN=7, BP=Back, SUBBN=Mother Board, BT=TNU">
                <measResults>1 0 0 0 0 5 </measResults>
            </measValue>
            <measValue measObjLdn="MG05EILO/Board:FN=1, SN=5, BP=Back, SUBBN=Mother Board, BT=E63">
                <measResults>3 0 0 0 0 5 </measResults>
            </measValue>
            <measValue measObjLdn="MG05EILO/Board:FN=1, SN=7, BP=Back, SUBBN=Mother Board, BT=TNU">
                <measResults>4 0 0 0 0 8 </measResults>
            </measValue>
            <measValue measObjLdn="MG05EILO/Board:FN=2, SN=2, BP=Back, SUBBN=Mother Board, BT=S4L">
                <measResults>10 0 0 0 0 11 </measResults>
            </measValue>
            <measValue measObjLdn="MG05EILO/Board:FN=2, SN=11, BP=Back, SUBBN=Mother Board, BT=HRB">
                <measResults>5 0 0 0 0 7 </measResults>
            </measValue>
            <measValue measObjLdn="MG05EILO/Board:FN=2, SN=9, BP=Front, SUBBN=Mother Board, BT=CMU">
                <measResults>0 0 0 0 0 1 </measResults>
            </measValue>
            <measValue measObjLdn="MG05EILO/Board:FN=3, SN=4, BP=Front, SUBBN=Mother Board, BT=SPF">
                <measResults>0 0 0 0 0 0 </measResults>
            </measValue>
            <measValue measObjLdn="MG05EILO/Board:FN=1, SN=5, BP=Front, SUBBN=Mother Board, BT=SPF">
                <measResults>0 0 0 0 0 0 </measResults>
            </measValue>
            <measValue measObjLdn="MG05EILO/Board:FN=3, SN=9, BP=Front, SUBBN=Sub-Board 0, BT=CMU">
                <measResults>0 0 0 0 0 1 </measResults>
            </measValue>
            <measValue measObjLdn="MG05EILO/Board:FN=3, SN=13, BP=Front, SUBBN=Mother Board, BT=SPF">
                <measResults>0 0 0 0 0 0 </measResults>
            </measValue>
            <measValue measObjLdn="MG05EILO/Board:FN=1, SN=14, BP=Front, SUBBN=Mother Board, BT=SPF">
                <measResults>0 0 0 0 0 0 </measResults>
            </measValue>
            <measValue measObjLdn="MG05EILO/Board:FN=3, SN=6, BP=Front, SUBBN=Mother Board, BT=CMU">
                <measResults>0 0 0 0 0 1 </measResults>
            </measValue>
            <measValue measObjLdn="MG05EILO/Board:FN=3, SN=15, BP=Front, SUBBN=Mother Board, BT=SPF">
                <measResults>0 0 0 0 0 0 </measResults>
            </measValue>
            <measValue measObjLdn="MG05EILO/Board:FN=2, SN=4, BP=Back, SUBBN=Mother Board, BT=IFU">
                <measResults>0 0 0 0 0 0 </measResults>
            </measValue>
            <measValue measObjLdn="MG05EILO/Board:FN=3, SN=11, BP=Back, SUBBN=Mother Board, BT=HRB">
                <measResults>1 0 0 0 0 2 </measResults>
            </measValue>
            <measValue measObjLdn="MG05EILO/Board:FN=1, SN=9, BP=Front, SUBBN=Sub-Board 0, BT=CMU">
                <measResults>1 0 0 0 0 2 </measResults>
            </measValue>
            <measValue measObjLdn="MG05EILO/Board:FN=1, SN=0, BP=Back, SUBBN=Mother Board, BT=CLK">
                <measResults>18 0 0 0 0 19 </measResults>
            </measValue>
            <measValue measObjLdn="MG05EILO/Board:FN=2, SN=13, BP=Back, SUBBN=Mother Board, BT=HRB">
                <measResults>5 0 0 0 0 7 </measResults>
            </measValue>
            <measValue measObjLdn="MG05EILO/Board:FN=2, SN=11, BP=Front, SUBBN=Mother Board, BT=VPU">
                <measResults>3 0 0 0 0 4 </measResults>
            </measValue>
            <measValue measObjLdn="MG05EILO/Board:FN=2, SN=2, BP=Front, SUBBN=Mother Board, BT=VPU">
                <measResults>4 0 0 0 0 6 </measResults>
            </measValue>
            <measValue measObjLdn="MG05EILO/Board:FN=3, SN=1, BP=Back, SUBBN=Mother Board, BT=E63">
                <measResults>3 0 0 0 0 5 </measResults>
            </measValue>
            <measValue measObjLdn="MG05EILO/Board:FN=1, SN=9, BP=Front, SUBBN=Mother Board, BT=CMU">
                <measResults>0 0 0 0 0 1 </measResults>
            </measValue>
            <measValue measObjLdn="MG05EILO/Board:FN=1, SN=11, BP=Back, SUBBN=Mother Board, BT=HRB">
                <measResults>1 0 0 0 0 2 </measResults>
            </measValue>
            <measValue measObjLdn="MG05EILO/Board:FN=2, SN=6, BP=Front, SUBBN=Sub-Board 0, BT=CMU">
                <measResults>0 0 0 0 0 1 </measResults>
            </measValue>
            <measValue measObjLdn="MG05EILO/Board:FN=2, SN=15, BP=Back, SUBBN=Mother Board, BT=E63">
                <measResults>4 0 0 0 0 5 </measResults>
            </measValue>
            <measValue measObjLdn="MG05EILO/Board:FN=2, SN=13, BP=Front, SUBBN=Mother Board, BT=SPF">
                <measResults>0 0 0 0 0 0 </measResults>
            </measValue>
            <measValue measObjLdn="MG05EILO/Board:FN=2, SN=4, BP=Front, SUBBN=Mother Board, BT=SPF">
                <measResults>0 0 0 0 0 0 </measResults>
            </measValue>
            <measValue measObjLdn="MG05EILO/Board:FN=3, SN=13, BP=Back, SUBBN=Mother Board, BT=HRB">
                <measResults>0 0 0 0 0 1 </measResults>
            </measValue>
            <measValue measObjLdn="MG05EILO/Board:FN=1, SN=2, BP=Back, SUBBN=Mother Board, BT=E63">
                <measResults>3 0 0 0 0 5 </measResults>
            </measValue>
            <measValue measObjLdn="MG05EILO/Board:FN=3, SN=8, BP=Front, SUBBN=Mother Board, BT=MPU">
                <measResults>2 0 0 0 0 4 </measResults>
            </measValue>
            <measValue measObjLdn="MG05EILO/Board:FN=1, SN=0, BP=Front, SUBBN=Mother Board, BT=VPU">
                <measResults>4 0 0 0 0 5 </measResults>
            </measValue>
            <measValue measObjLdn="MG05EILO/Board:FN=2, SN=15, BP=Front, SUBBN=Mother Board, BT=SPF">
                <measResults>0 0 0 0 0 0 </measResults>
            </measValue>
            <measValue measObjLdn="MG05EILO/Board:FN=3, SN=6, BP=Front, SUBBN=Sub-Board 0, BT=CMU">
                <measResults>0 0 0 0 0 1 </measResults>
            </measValue>
            <measValue measObjLdn="MG05EILO/Board:FN=1, SN=13, BP=Back, SUBBN=Mother Board, BT=HRB">
                <measResults>5 0 0 0 0 7 </measResults>
            </measValue>
            <measValue measObjLdn="MG05EILO/Board:FN=1, SN=4, BP=Back, SUBBN=Mother Board, BT=E63">
                <measResults>3 0 0 0 0 5 </measResults>
            </measValue>
            <measValue measObjLdn="MG05EILO/Board:FN=2, SN=8, BP=Back, SUBBN=Mother Board, BT=TNU">
                <measResults>3 0 0 0 0 6 </measResults>
            </measValue>
            <measValue measObjLdn="MG05EILO/Board:FN=3, SN=15, BP=Back, SUBBN=Mother Board, BT=E63">
                <measResults>3 0 0 0 0 5 </measResults>
            </measValue>
            <measValue measObjLdn="MG05EILO/Board:FN=2, SN=6, BP=Front, SUBBN=Mother Board, BT=CMU">
                <measResults>0 0 0 0 0 0 </measResults>
            </measValue>
            <measValue measObjLdn="MG05EILO/Board:FN=1, SN=2, BP=Front, SUBBN=Mother Board, BT=VPU">
                <measResults>3 0 0 0 0 5 </measResults>
            </measValue>
            <measValue measObjLdn="MG05EILO/Board:FN=3, SN=10, BP=Front, SUBBN=Mother Board, BT=VPU">
                <measResults>5 0 0 0 0 8 </measResults>
            </measValue>
            <measValue measObjLdn="MG05EILO/Board:FN=1, SN=11, BP=Front, SUBBN=Mother Board, BT=VPU">
                <measResults>3 0 0 0 0 4 </measResults>
            </measValue>
            <measValue measObjLdn="MG05EILO/Board:FN=3, SN=1, BP=Front, SUBBN=Mother Board, BT=VPU">
                <measResults>5 0 0 0 0 7 </measResults>
            </measValue>
            <measValue measObjLdn="MG05EILO/Board:FN=1, SN=4, BP=Front, SUBBN=Mother Board, BT=SPF">
                <measResults>0 0 0 0 0 0 </measResults>
            </measValue>
            <measValue measObjLdn="MG05EILO/Board:FN=1, SN=13, BP=Front, SUBBN=Mother Board, BT=SPF">
                <measResults>0 0 0 0 0 0 </measResults>
            </measValue>
            <measValue measObjLdn="MG05EILO/Board:FN=1, SN=6, BP=Front, SUBBN=Sub-Board 0, BT=CMU">
                <measResults>1 0 0 0 0 1 </measResults>
            </measValue>
            <measValue measObjLdn="MG05EILO/Board:FN=2, SN=1, BP=Back, SUBBN=Mother Board, BT=E63">
                <measResults>3 0 0 0 0 5 </measResults>
            </measValue>
            <measValue measObjLdn="MG05EILO/Board:FN=2, SN=8, BP=Front, SUBBN=Mother Board, BT=MPU">
                <measResults>2 0 0 0 0 6 </measResults>
            </measValue>
            <measValue measObjLdn="MG05EILO/Board:FN=3, SN=8, BP=Back, SUBBN=Mother Board, BT=TNU">
                <measResults>3 0 0 0 0 6 </measResults>
            </measValue>
            <measValue measObjLdn="MG05EILO/Board:FN=2, SN=10, BP=Back, SUBBN=Mother Board, BT=HRB">
                <measResults>1 0 0 0 0 2 </measResults>
            </measValue>
            <measValue measObjLdn="MG05EILO/Board:FN=3, SN=12, BP=Front, SUBBN=Mother Board, BT=SPF">
                <measResults>0 0 0 0 0 0 </measResults>
            </measValue>
            <measValue measObjLdn="MG05EILO/Board:FN=1, SN=15, BP=Back, SUBBN=Mother Board, BT=S4L">
                <measResults>7 0 0 0 0 7 </measResults>
            </measValue>
            <measValue measObjLdn="MG05EILO/Board:FN=3, SN=3, BP=Front, SUBBN=Mother Board, BT=VPU">
                <measResults>4 0 0 0 0 7 </measResults>
            </measValue>
            <measValue measObjLdn="MG05EILO/Board:FN=2, SN=3, BP=Back, SUBBN=Mother Board, BT=S4L">
                <measResults>10 0 0 0 0 11 </measResults>
            </measValue>
            <measValue measObjLdn="MG05EILO/Board:FN=1, SN=8, BP=Back, SUBBN=Mother Board, BT=TNU">
                <measResults>2 0 0 0 0 6 </measResults>
            </measValue>
            <measValue measObjLdn="MG05EILO/Board:FN=1, SN=6, BP=Front, SUBBN=Mother Board, BT=CMU">
                <measResults>0 0 0 0 0 1 </measResults>
            </measValue>
            <measValue measObjLdn="MG05EILO/Board:FN=1, SN=15, BP=Front, SUBBN=Mother Board, BT=SPF">
                <measResults>0 0 0 0 0 0 </measResults>
            </measValue>
            <measValue measObjLdn="MG05EILO/Board:FN=3, SN=10, BP=Back, SUBBN=Mother Board, BT=HRB">
                <measResults>5 0 0 0 0 8 </measResults>
            </measValue>
            <measValue measObjLdn="MG05EILO/Board:FN=2, SN=12, BP=Back, SUBBN=Mother Board, BT=HRB">
                <measResults>1 0 0 0 0 2 </measResults>
            </measValue>
            <measValue measObjLdn="MG05EILO/Board:FN=3, SN=5, BP=Front, SUBBN=Mother Board, BT=SPF">
                <measResults>0 0 0 0 0 0 </measResults>
            </measValue>
            <measValue measObjLdn="MG05EILO/Board:FN=3, SN=14, BP=Front, SUBBN=Mother Board, BT=SPF">
                <measResults>0 0 0 0 0 0 </measResults>
            </measValue>
            <measValue measObjLdn="MG05EILO/Board:FN=2, SN=10, BP=Front, SUBBN=Mother Board, BT=VPU">
                <measResults>4 0 0 0 0 5 </measResults>
            </measValue>
            <measValue measObjLdn="MG05EILO/Board:FN=2, SN=1, BP=Front, SUBBN=Mother Board, BT=VPU">
                <measResults>5 0 0 0 0 8 </measResults>
            </measValue>
            <measValue measObjLdn="MG05EILO/Board:FN=1, SN=10, BP=Back, SUBBN=Mother Board, BT=HRB">
                <measResults>5 0 0 0 0 7 </measResults>
            </measValue>
            <measValue measObjLdn="MG05EILO/Board:FN=1, SN=8, BP=Front, SUBBN=Mother Board, BT=OMU">
                <measResults>3 0 0 0 0 22 </measResults>
            </measValue>
            <measValue measObjLdn="MG05EILO/Board:FN=1, SN=1, BP=Back, SUBBN=Mother Board, BT=CLK">
                <measResults>20 0 0 0 0 21 </measResults>
            </measValue>
            <measValue measObjLdn="MG05EILO/Board:FN=3, SN=7, BP=Front, SUBBN=Mother Board, BT=MPU">
                <measResults>2 0 0 0 0 6 </measResults>
            </measValue>
            <measValue measObjLdn="MG05EILO/Board:FN=2, SN=5, BP=Back, SUBBN=Mother Board, BT=IFU">
                <measResults>0 0 0 0 0 3 </measResults>
            </measValue>
            <measValue measObjLdn="MG05EILO/Board:FN=3, SN=0, BP=Back, SUBBN=Mother Board, BT=E63">
                <measResults>3 0 0 0 0 5 </measResults>
            </measValue>
            <measValue measObjLdn="MG05EILO/Board:FN=2, SN=14, BP=Back, SUBBN=Mother Board, BT=E63">
                <measResults>3 0 0 0 0 5 </measResults>
            </measValue>
            <measValue measObjLdn="MG05EILO/Board:FN=3, SN=12, BP=Back, SUBBN=Mother Board, BT=HRB">
                <measResults>0 0 0 0 0 0 </measResults>
            </measValue>
            <measValue measObjLdn="MG05EILO/Board:FN=2, SN=12, BP=Front, SUBBN=Mother Board, BT=VPU">
                <measResults>4 0 0 0 0 6 </measResults>
            </measValue>
            <measValue measObjLdn="MG05EILO/Board:FN=2, SN=3, BP=Front, SUBBN=Mother Board, BT=VPU">
                <measResults>5 0 0 0 0 7 </measResults>
            </measValue>
            <measValue measObjLdn="MG05EILO/Board:FN=1, SN=12, BP=Back, SUBBN=Mother Board, BT=HRB">
                <measResults>1 0 0 0 0 2 </measResults>
            </measValue>
            <measValue measObjLdn="MG05EILO/Board:FN=3, SN=2, BP=Back, SUBBN=Mother Board, BT=S4L">
                <measResults>7 0 0 0 0 7 </measResults>
            </measValue>
            <measValue measObjLdn="MG05EILO/Board:FN=2, SN=7, BP=Back, SUBBN=Mother Board, BT=TNU">
                <measResults>2 0 0 0 0 5 </measResults>
            </measValue>
            <measValue measObjLdn="MG05EILO/Board:FN=3, SN=14, BP=Back, SUBBN=Mother Board, BT=E63">
                <measResults>4 0 0 0 0 5 </measResults>
            </measValue>
            <measValue measObjLdn="MG05EILO/Board:FN=1, SN=3, BP=Back, SUBBN=Mother Board, BT=E63">
                <measResults>3 0 0 0 0 5 </measResults>
            </measValue>
            <measValue measObjLdn="MG05EILO/Board:FN=2, SN=14, BP=Front, SUBBN=Mother Board, BT=SPF">
                <measResults>0 0 0 0 0 0 </measResults>
            </measValue>
            <measValue measObjLdn="MG05EILO/Board:FN=3, SN=9, BP=Front, SUBBN=Mother Board, BT=CMU">
                <measResults>0 0 0 0 0 1 </measResults>
            </measValue>
            <measValue measObjLdn="MG05EILO/Board:FN=2, SN=5, BP=Front, SUBBN=Mother Board, BT=SPF">
                <measResults>0 0 0 0 0 0 </measResults>
            </measValue>
            <measValue measObjLdn="MG05EILO/Board:FN=3, SN=0, BP=Front, SUBBN=Mother Board, BT=VPU">
                <measResults>4 0 0 0 0 5 </measResults>
            </measValue>
            <measValue measObjLdn="MG05EILO/Board:FN=1, SN=1, BP=Front, SUBBN=Mother Board, BT=VPU">
                <measResults>5 0 0 0 0 8 </measResults>
            </measValue>
            <measValue measObjLdn="MG05EILO/Board:FN=1, SN=10, BP=Front, SUBBN=Mother Board, BT=VPU">
                <measResults>5 0 0 0 0 8 </measResults>
            </measValue>
            <measValue measObjLdn="MG05EILO/Board:FN=2, SN=7, BP=Front, SUBBN=Mother Board, BT=MPU">
                <measResults>2 0 0 0 0 5 </measResults>
            </measValue>
            <measValue measObjLdn="MG05EILO/Board:FN=2, SN=0, BP=Back, SUBBN=Mother Board, BT=E63">
                <measResults>3 0 0 0 0 5 </measResults>
            </measValue>
            <measValue measObjLdn="MG05EILO/Board:FN=1, SN=14, BP=Back, SUBBN=Mother Board, BT=S4L">
                <measResults>10 0 0 0 0 11 </measResults>
            </measValue>
            <measValue measObjLdn="MG05EILO/Board:FN=2, SN=9, BP=Front, SUBBN=Sub-Board 0, BT=CMU">
                <measResults>0 0 0 0 0 1 </measResults>
            </measValue>
            <measValue measObjLdn="MG05EILO/Board:FN=1, SN=3, BP=Front, SUBBN=Mother Board, BT=VPU">
                <measResults>5 0 0 0 0 7 </measResults>
            </measValue>
            <measValue measObjLdn="MG05EILO/Board:FN=3, SN=11, BP=Front, SUBBN=Mother Board, BT=VPU">
                <measResults>4 0 0 0 0 7 </measResults>
            </measValue>
            <measValue measObjLdn="MG05EILO/Board:FN=3, SN=2, BP=Front, SUBBN=Mother Board, BT=VPU">
                <measResults>5 0 0 0 0 7 </measResults>
            </measValue>
            <measValue measObjLdn="MG05EILO/Board:FN=1, SN=12, BP=Front, SUBBN=Mother Board, BT=VPU">
                <measResults>4 0 0 0 0 5 </measResults>
            </measValue>
            <measValue measObjLdn="MG05EILO/Board:FN=2, SN=0, BP=Front, SUBBN=Mother Board, BT=VPU">
                <measResults>4 0 0 0 0 6 </measResults>
            </measValue>
            <measValue measObjLdn="MG05EILO/Board:FN=1, SN=7, BP=Front, SUBBN=Mother Board, BT=OMU">
                <measResults>3 0 0 0 0 11 </measResults>
            </measValue>
        </measInfo>
        <measInfo measInfoId="100666008">
            <granPeriod duration="PT3600S" endTime="2021-08-11T23:00:00+08:00"/>
            <repPeriod duration="PT3600S"/>
            <measTypes>100992118 100992119 100992120 100992121 100992122 100992123 100992124 100992125 </measTypes>
            <measValue measObjLdn="MG05EILO/Frame:FN=1/Board:FN=1, SN=13, BP=Back">
                <measResults>0 0 0 0 0 0 0 15748 </measResults>
            </measValue>
            <measValue measObjLdn="MG05EILO/Frame:FN=3/Board:FN=3, SN=13, BP=Back">
                <measResults>0 0 0 0 0 0 0 31601 </measResults>
            </measValue>
            <measValue measObjLdn="MG05EILO/Frame:FN=2/Board:FN=2, SN=12, BP=Back">
                <measResults>0 0 0 0 0 0 0 0 </measResults>
            </measValue>
            <measValue measObjLdn="MG05EILO/Frame:FN=1/Board:FN=1, SN=2, BP=Back">
                <measResults>0 0 0 0 0 0 0 0 </measResults>
            </measValue>
            <measValue measObjLdn="MG05EILO/Frame:FN=3/Board:FN=3, SN=1, BP=Back">
                <measResults>0 0 0 0 0 0 0 0 </measResults>
            </measValue>
            <measValue measObjLdn="MG05EILO/Frame:FN=2/Board:FN=2, SN=14, BP=Back">
                <measResults>0 0 0 0 0 0 0 0 </measResults>
            </measValue>
            <measValue measObjLdn="MG05EILO/Frame:FN=1/Board:FN=1, SN=4, BP=Back">
                <measResults>0 0 0 0 0 0 0 0 </measResults>
            </measValue>
            <measValue measObjLdn="MG05EILO/Frame:FN=2/Board:FN=2, SN=1, BP=Back">
                <measResults>0 0 0 0 0 0 0 0 </measResults>
            </measValue>
            <measValue measObjLdn="MG05EILO/Frame:FN=3/Board:FN=3, SN=15, BP=Back">
                <measResults>0 0 0 0 0 0 0 0 </measResults>
            </measValue>
            <measValue measObjLdn="MG05EILO/Frame:FN=1/Board:FN=1, SN=15, BP=Back">
                <measResults>0 0 0 0 0 0 0 0 </measResults>
            </measValue>
            <measValue measObjLdn="MG05EILO/Frame:FN=1/Board:FN=1, SN=0, BP=Front">
                <measResults>0 0 0 0 0 0 0 1514 </measResults>
            </measValue>
            <measValue measObjLdn="MG05EILO/Frame:FN=1/Board:FN=1, SN=7, BP=Back">
                <measResults>0 0 0 0 0 0 0 0 </measResults>
            </measValue>
            <measValue measObjLdn="MG05EILO/Frame:FN=2/Board:FN=2, SN=3, BP=Back">
                <measResults>0 0 0 0 0 0 0 0 </measResults>
            </measValue>
            <measValue measObjLdn="MG05EILO/Frame:FN=3/Board:FN=3, SN=7, BP=Back">
                <measResults>0 0 0 0 0 0 0 0 </measResults>
            </measValue>
            <measValue measObjLdn="MG05EILO/Frame:FN=2/Board:FN=2, SN=1, BP=Front">
                <measResults>0 0 0 0 0 0 0 3541 </measResults>
            </measValue>
            <measValue measObjLdn="MG05EILO/Frame:FN=1/Board:FN=1, SN=2, BP=Front">
                <measResults>0 0 0 0 0 0 0 1652 </measResults>
            </measValue>
            <measValue measObjLdn="MG05EILO/Frame:FN=3/Board:FN=3, SN=0, BP=Front">
                <measResults>0 0 0 0 0 0 0 1516 </measResults>
            </measValue>
            <measValue measObjLdn="MG05EILO/Frame:FN=1/Board:FN=1, SN=10, BP=Back">
                <measResults>0 0 0 0 0 0 0 15901 </measResults>
            </measValue>
            <measValue measObjLdn="MG05EILO/Frame:FN=3/Board:FN=3, SN=10, BP=Back">
                <measResults>0 0 0 0 0 0 0 15780 </measResults>
            </measValue>
            <measValue measObjLdn="MG05EILO/Frame:FN=2/Board:FN=2, SN=8, BP=Back">
                <measResults>0 0 0 0 0 0 0 0 </measResults>
            </measValue>
            <measValue measObjLdn="MG05EILO/Frame:FN=3/Board:FN=3, SN=2, BP=Front">
                <measResults>0 0 0 0 0 0 0 3535 </measResults>
            </measValue>
            <measValue measObjLdn="MG05EILO/Frame:FN=1/Board:FN=1, SN=10, BP=Front">
                <measResults>0 0 0 0 0 0 0 3567 </measResults>
            </measValue>
            <measValue measObjLdn="MG05EILO/Frame:FN=2/Board:FN=2, SN=3, BP=Front">
                <measResults>0 0 0 0 0 0 0 3566 </measResults>
            </measValue>
            <measValue measObjLdn="MG05EILO/Frame:FN=1/Board:FN=1, SN=12, BP=Back">
                <measResults>0 0 0 0 0 0 0 0 </measResults>
            </measValue>
            <measValue measObjLdn="MG05EILO/Frame:FN=2/Board:FN=2, SN=11, BP=Back">
                <measResults>0 0 0 0 0 0 0 15779 </measResults>
            </measValue>
            <measValue measObjLdn="MG05EILO/Frame:FN=3/Board:FN=3, SN=12, BP=Back">
                <measResults>0 0 0 0 0 0 0 0 </measResults>
            </measValue>
            <measValue measObjLdn="MG05EILO/Frame:FN=2/Board:FN=2, SN=11, BP=Front">
                <measResults>0 0 0 0 0 0 0 109 </measResults>
            </measValue>
            <measValue measObjLdn="MG05EILO/Frame:FN=3/Board:FN=3, SN=10, BP=Front">
                <measResults>0 0 0 0 0 0 0 3556 </measResults>
            </measValue>
            <measValue measObjLdn="MG05EILO/Frame:FN=1/Board:FN=1, SN=12, BP=Front">
                <measResults>0 0 0 0 0 0 0 2814 </measResults>
            </measValue>
            <measValue measObjLdn="MG05EILO/Frame:FN=3/Board:FN=3, SN=0, BP=Back">
                <measResults>0 0 0 0 0 0 0 0 </measResults>
            </measValue>
            <measValue measObjLdn="MG05EILO/Frame:FN=3/Board:FN=3, SN=14, BP=Back">
                <measResults>0 0 0 0 0 0 0 0 </measResults>
            </measValue>
            <measValue measObjLdn="MG05EILO/Frame:FN=1/Board:FN=1, SN=3, BP=Back">
                <measResults>0 0 0 0 0 0 0 0 </measResults>
            </measValue>
            <measValue measObjLdn="MG05EILO/Frame:FN=2/Board:FN=2, SN=0, BP=Back">
                <measResults>0 0 0 0 0 0 0 0 </measResults>
            </measValue>
            <measValue measObjLdn="MG05EILO/Frame:FN=1/Board:FN=1, SN=14, BP=Back">
                <measResults>0 0 0 0 0 0 0 0 </measResults>
            </measValue>
            <measValue measObjLdn="MG05EILO/Frame:FN=2/Board:FN=2, SN=13, BP=Back">
                <measResults>0 0 0 0 0 0 0 15538 </measResults>
            </measValue>
            <measValue measObjLdn="MG05EILO/Frame:FN=2/Board:FN=2, SN=2, BP=Back">
                <measResults>0 0 0 0 0 0 0 0 </measResults>
            </measValue>
            <measValue measObjLdn="MG05EILO/Frame:FN=3/Board:FN=3, SN=2, BP=Back">
                <measResults>0 0 0 0 0 0 0 0 </measResults>
            </measValue>
            <measValue measObjLdn="MG05EILO/Frame:FN=1/Board:FN=1, SN=5, BP=Back">
                <measResults>0 0 0 0 0 0 0 0 </measResults>
            </measValue>
            <measValue measObjLdn="MG05EILO/Frame:FN=2/Board:FN=2, SN=15, BP=Back">
                <measResults>0 0 0 0 0 0 0 0 </measResults>
            </measValue>
            <measValue measObjLdn="MG05EILO/Frame:FN=1/Board:FN=1, SN=1, BP=Front">
                <measResults>0 0 0 0 0 0 0 3553 </measResults>
            </measValue>
            <measValue measObjLdn="MG05EILO/Frame:FN=2/Board:FN=2, SN=0, BP=Front">
                <measResults>0 0 0 0 0 0 0 1515 </measResults>
            </measValue>
            <measValue measObjLdn="MG05EILO/Frame:FN=1/Board:FN=1, SN=8, BP=Back">
                <measResults>0 0 0 0 0 0 0 0 </measResults>
            </measValue>
            <measValue measObjLdn="MG05EILO/Frame:FN=2/Board:FN=2, SN=7, BP=Back">
                <measResults>0 0 0 0 0 0 0 0 </measResults>
            </measValue>
            <measValue measObjLdn="MG05EILO/Frame:FN=3/Board:FN=3, SN=8, BP=Back">
                <measResults>0 0 0 0 0 0 0 0 </measResults>
            </measValue>
            <measValue measObjLdn="MG05EILO/Frame:FN=1/Board:FN=1, SN=3, BP=Front">
                <measResults>0 0 0 0 0 0 0 3558 </measResults>
            </measValue>
            <measValue measObjLdn="MG05EILO/Frame:FN=3/Board:FN=3, SN=1, BP=Front">
                <measResults>0 0 0 0 0 0 0 3573 </measResults>
            </measValue>
            <measValue measObjLdn="MG05EILO/Frame:FN=2/Board:FN=2, SN=2, BP=Front">
                <measResults>0 0 0 0 0 0 0 1653 </measResults>
            </measValue>
            <measValue measObjLdn="MG05EILO/Frame:FN=1/Board:FN=1, SN=11, BP=Back">
                <measResults>0 0 0 0 0 0 0 0 </measResults>
            </measValue>
            <measValue measObjLdn="MG05EILO/Frame:FN=3/Board:FN=3, SN=11, BP=Back">
                <measResults>0 0 0 0 0 0 0 0 </measResults>
            </measValue>
            <measValue measObjLdn="MG05EILO/Frame:FN=2/Board:FN=2, SN=10, BP=Back">
                <measResults>0 0 0 0 0 0 0 0 </measResults>
            </measValue>
            <measValue measObjLdn="MG05EILO/Frame:FN=2/Board:FN=2, SN=10, BP=Front">
                <measResults>0 0 0 0 0 0 0 2805 </measResults>
            </measValue>
            <measValue measObjLdn="MG05EILO/Frame:FN=3/Board:FN=3, SN=3, BP=Front">
                <measResults>0 0 0 0 0 0 0 2799 </measResults>
            </measValue>
            <measValue measObjLdn="MG05EILO/Frame:FN=1/Board:FN=1, SN=11, BP=Front">
                <measResults>0 0 0 0 0 0 0 112 </measResults>
            </measValue>
            <measValue measObjLdn="MG05EILO/Frame:FN=3/Board:FN=3, SN=11, BP=Front">
                <measResults>0 0 0 0 0 0 0 2792 </measResults>
            </measValue>
            <measValue measObjLdn="MG05EILO/Frame:FN=2/Board:FN=2, SN=12, BP=Front">
                <measResults>0 0 0 0 0 0 0 2814 </measResults>
            </measValue>
        </measInfo>
    </measData>
    <fileFooter>
        <measCollec endTime="2021-08-11T23:00:00+08:00"/>
    </fileFooter>
</measCollecFile>
