<?xml version="1.0" encoding="UTF-8"?>
<measCollecFile xmlns="http://latest/nmc-omc/cmNrm.doc#measCollec" xmlns:xsi="http://www.w3.org/2001/XMLSchema-instance" xsi:schemaLocation="http://latest/nmc-omc/cmNrm.doc#measCollec schema\pmResultSchedule.xsd">
    <fileHeader fileFormatVersion="32.435 V7.2" vendorName="Huawei">
        <fileSender elementType="NodeB"/>
        <measCollec beginTime="2021-08-19T11:00:00+08:00"/>
    </fileHeader>
    <measData>
        <managedElement userLabel="MML00951HUNB001"/>
        <measInfo measInfoId="50331655">
            <granPeriod duration="PT3600S" endTime="2021-08-19T12:00:00+08:00"/>
            <repPeriod duration="PT3600S"/>
            <measTypes>50332573 50332574 50342574 50342575 50342635 50342636 </measTypes>
            <measValue measObjLdn="MML00951HUNB001/ULGROUP:UL BB Resource Group No.=1">
                <measResults>768 121.042 99 148.5 0 0 </measResults>
            </measValue>
            <measValue measObjLdn="MML00951HUNB001/ULGROUP:UL BB Resource Group No.=2">
                <measResults>1024 64.983 49.5 92.5 0 0 </measResults>
            </measValue>
        </measInfo>
        <measInfo measInfoId="50331656">
            <granPeriod duration="PT3600S" endTime="2021-08-19T12:00:00+08:00"/>
            <repPeriod duration="PT3600S"/>
            <measTypes>50332582 50332583 50332584 50332586 50342584 50342585 50342586 50342587 50342606 50342607 50342608 50342609 50342632 50342633 </measTypes>
            <measValue measObjLdn="MML00951HUNB001/BRD:Board Type=UBBP, Cabinet No.=0, Subrack No.=0, Slot No.=1">
                <measResults>1024 1024 0 0 0 0 0 0 0 0 0 0 0 0 </measResults>
            </measValue>
            <measValue measObjLdn="MML00951HUNB001/BRD:Board Type=UBBP, Cabinet No.=0, Subrack No.=0, Slot No.=2">
                <measResults>1024 768 73.617 121.042 59 92 99 148.5 5 7 8 12 0 0 </measResults>
            </measValue>
            <measValue measObjLdn="MML00951HUNB001/BRD:Board Type=UBBP, Cabinet No.=0, Subrack No.=0, Slot No.=3">
                <measResults>1024 1024 44.917 64.983 35 57 49.5 92.5 2 3 3 5 0 0 </measResults>
            </measValue>
            <measValue measObjLdn="MML00951HUNB001/BRD:Board Type=UMPT, Cabinet No.=0, Subrack No.=0, Slot No.=7">
                <measResults>0 0 0 0 0 0 0 0 0 0 0 0 0 0 </measResults>
            </measValue>
        </measInfo>
        <measInfo measInfoId="50331683">
            <granPeriod duration="PT3600S" endTime="2021-08-19T12:00:00+08:00"/>
            <repPeriod duration="PT3600S"/>
            <measTypes>50332627 </measTypes>
            <measValue measObjLdn="MML00951HUNB001/NODEBRRU:Cabinet No.=0, Subrack No.=60, Slot No.=0">
                <measResults>0 </measResults>
            </measValue>
            <measValue measObjLdn="MML00951HUNB001/NODEBRRU:Cabinet No.=0, Subrack No.=61, Slot No.=0">
                <measResults>0 </measResults>
            </measValue>
            <measValue measObjLdn="MML00951HUNB001/NODEBRRU:Cabinet No.=0, Subrack No.=62, Slot No.=0">
                <measResults>0 </measResults>
            </measValue>
            <measValue measObjLdn="MML00951HUNB001/NODEBRRU:Cabinet No.=0, Subrack No.=80, Slot No.=0">
                <measResults>0 </measResults>
            </measValue>
            <measValue measObjLdn="MML00951HUNB001/NODEBRRU:Cabinet No.=0, Subrack No.=81, Slot No.=0">
                <measResults>0 </measResults>
            </measValue>
            <measValue measObjLdn="MML00951HUNB001/NODEBRRU:Cabinet No.=0, Subrack No.=82, Slot No.=0">
                <measResults>0 </measResults>
            </measValue>
        </measInfo>
        <measInfo measInfoId="1542455297">
            <granPeriod duration="PT3600S" endTime="2021-08-19T12:00:00+08:00"/>
            <repPeriod duration="PT3600S"/>
            <measTypes>1542455297 1542455298 1542455299 1542455300 1542455301 1542455302 1542455303 1542455304 1542455305 1542455306 1542455307 1542460296 1542460297 </measTypes>
            <measValue measObjLdn="MML00951HUNB001/ETHPORT:Cabinet No.=0, Subrack No.=0, Slot No.=7, Port No.=0, Subboard Type=BASE_BOARD">
                <measResults>1859334470 18754497 3970669812 18721156 0 6994152 2892256 4133003 27598976 2695544 8826217 1000000 1000000 </measResults>
            </measValue>
            <measValue measObjLdn="MML00951HUNB001/ETHPORT:Cabinet No.=0, Subrack No.=0, Slot No.=7, Port No.=1, Subboard Type=BASE_BOARD">
                <measResults>0 0 0 0 0 0 0 0 0 0 0 0 0 </measResults>
            </measValue>
        </measInfo>
        <measInfo measInfoId="1542455301">
            <granPeriod duration="PT3600S" endTime="2021-08-19T12:00:00+08:00"/>
            <repPeriod duration="PT3600S"/>
            <measTypes>1542455326 1542455327 1542455328 1542455329 1542455330 1542455331 1542455332 1542455333 1542460727 1542460728 1542460729 </measTypes>
            <measValue measObjLdn="MML00951HUNB001/IP:Board Type=UMPT, Cabinet No.=0, Subrack No.=0, Slot No.=7">
                <measResults>18759255 1415972393 0 0 18720681 3497238173 0 0 16102 0 0 </measResults>
            </measValue>
        </measInfo>
        <measInfo measInfoId="1542455303">
            <granPeriod duration="PT3600S" endTime="2021-08-19T12:00:00+08:00"/>
            <repPeriod duration="PT3600S"/>
            <measTypes>1542455365 1542455367 1542455369 1542455371 1542455375 1542455376 1542455377 1542455378 </measTypes>
            <measValue measObjLdn="MML00951HUNB001/RSCGRP:Transmission Resource Group Bear Type=IP, Cabinet No.=0, Bearing Port No.=0, Bearing Port Type=ETH, Transmission Resource Group ID=AUTOPORT, Subboard Type=BASE_BOARD, Slot No.=7, Subrack No.=0">
                <measResults>1753668910 18759425 0 0 6190184 2724296 3897047 0 </measResults>
            </measValue>
            <measValue measObjLdn="MML00951HUNB001/RSCGRP:Transmission Resource Group Bear Type=IP, Cabinet No.=0, Bearing Port No.=1, Bearing Port Type=ETH, Transmission Resource Group ID=AUTOPORT, Subboard Type=BASE_BOARD, Slot No.=7, Subrack No.=0">
                <measResults>0 0 0 0 0 0 0 0 </measResults>
            </measValue>
        </measInfo>
        <measInfo measInfoId="1542455312">
            <granPeriod duration="PT3600S" endTime="2021-08-19T12:00:00+08:00"/>
            <repPeriod duration="PT3600S"/>
            <measTypes>1542460308 1542460309 1542460310 1542460311 1542460312 1542460313 1542460314 1542460315 1542460316 1542460317 1542460318 1542460319 1542460320 1542460321 1542460322 1542460323 1542460324 1542460325 1542460326 1542460327 1542460328 1542460329 1542460330 1542460331 1542460332 </measTypes>
            <measValue measObjLdn="MML00951HUNB001/RSCGRP:Transmission Resource Group Bear Type=IP, Cabinet No.=0, Bearing Port No.=0, Bearing Port Type=ETH, Transmission Resource Group ID=AUTOPORT, Subboard Type=BASE_BOARD, Slot No.=7, Subrack No.=0">
                <measResults>32826 32826 32826 0 0 0 0 0 0 0 0 0 0 6362163 0 0 0 1 0 0 0 0 0 0 0 </measResults>
            </measValue>
            <measValue measObjLdn="MML00951HUNB001/RSCGRP:Transmission Resource Group Bear Type=IP, Cabinet No.=0, Bearing Port No.=1, Bearing Port Type=ETH, Transmission Resource Group ID=AUTOPORT, Subboard Type=BASE_BOARD, Slot No.=7, Subrack No.=0">
                <measResults>0 0 0 0 0 0 0 0 0 0 0 0 0 0 0 0 0 0 0 0 0 0 0 0 0 </measResults>
            </measValue>
        </measInfo>
        <measInfo measInfoId="1542455309">
            <granPeriod duration="PT3600S" endTime="2021-08-19T12:00:00+08:00"/>
            <repPeriod duration="PT3600S"/>
            <measTypes>1542455826 1542455827 1542455828 1542455829 1542455833 1542455834 1542455835 1542455836 1542455837 1542455838 1542455839 1542455840 1542455841 1542455842 1542455843 1542455844 1542455845 1542455846 1542455847 1542455848 </measTypes>
            <measValue measObjLdn="MML00951HUNB001/OMCH:Standby Status=MASTER, Bearer Type=IPV4">
                <measResults>681 172 0 0 0 0 0 0 0 519 0 0 650 0 0 0 0 596 0 54 </measResults>
            </measValue>
        </measInfo>
        <measInfo measInfoId="1542455815">
            <granPeriod duration="PT3600S" endTime="2021-08-19T12:00:00+08:00"/>
            <repPeriod duration="PT3600S"/>
            <measTypes>1542460340 1542460341 1542460342 1542460343 1542460496 1542460497 1542460498 1542460499 1542460500 1542460501 1542460502 1542460503 1542460504 1542460505 1542460506 1542460507 1542460510 </measTypes>
            <measValue measObjLdn="MML00951HUNB001/IKE:Board Type=UMPT, Cabinet No.=0, Subrack No.=0, Slot No.=7">
                <measResults>0 0 0 0 0 0 0 0 0 0 0 0 0 0 0 0 0 </measResults>
            </measValue>
        </measInfo>
        <measInfo measInfoId="1542455817">
            <granPeriod duration="PT3600S" endTime="2021-08-19T12:00:00+08:00"/>
            <repPeriod duration="PT3600S"/>
            <measTypes>1542460356 1542460357 1542460358 1542460359 1542460360 1542460361 1542460362 1542460363 1542460364 1542460365 1542460366 1542460367 1542460368 1542460369 1542460370 1542460371 1542460372 1542460373 1542460374 1542460375 1542460376 </measTypes>
            <measValue measObjLdn="MML00951HUNB001/SCTPLNK:Link No.=31">
                <measResults>11525291 11306338 107160 159559 0 68528 1560 25612 39744 16152 25125 31859 129058 0 0 0 0 0 0 129058 31863 </measResults>
            </measValue>
            <measValue measObjLdn="MML00951HUNB001/SCTPLNK:Link No.=32">
                <measResults>19332428 21665471 652395 812788 0 76560 15848 42972 77096 22176 48158 304760 605035 0 0 0 0 0 0 605035 304760 </measResults>
            </measValue>
        </measInfo>
        <measInfo measInfoId="1542455818">
            <granPeriod duration="PT3600S" endTime="2021-08-19T12:00:00+08:00"/>
            <repPeriod duration="PT3600S"/>
            <measTypes>1542455526 1542455527 1542455528 1542455529 1542455530 1542455531 1542455532 1542455533 1542455534 1542455535 </measTypes>
            <measValue measObjLdn="MML00951HUNB001/USERPLANEHOST:User Plane Host ID=3">
                <measResults>17645057 17935367 1324404571 3425068814 5015736 2943119 24646960 7611185 NIL NIL </measResults>
            </measValue>
        </measInfo>
        <measInfo measInfoId="1593835529">
            <granPeriod duration="PT3600S" endTime="2021-08-19T12:00:00+08:00"/>
            <repPeriod duration="PT3600S"/>
            <measTypes>1593835620 1593835628 1593835629 </measTypes>
            <measValue measObjLdn="MML00951HUNB001/NODE:NODE">
                <measResults>NIL 0.663 0 </measResults>
            </measValue>
        </measInfo>
        <measInfo measInfoId="1593835533">
            <granPeriod duration="PT3600S" endTime="2021-08-19T12:00:00+08:00"/>
            <repPeriod duration="PT3600S"/>
            <measTypes>1593835647 1593835648 1593835649 </measTypes>
            <measValue measObjLdn="MML00951HUNB001/NODE:NODE">
                <measResults>32307 32295 32313 </measResults>
            </measValue>
        </measInfo>
        <measInfo measInfoId="1593835531">
            <granPeriod duration="PT3600S" endTime="2021-08-19T12:00:00+08:00"/>
            <repPeriod duration="PT3600S"/>
            <measTypes>1593835630 1593835632 1593835633 1593835634 </measTypes>
            <measValue measObjLdn="MML00951HUNB001/BBUBoard:Board Type=UBBP, Cabinet No.=0, Subrack No.=0, Slot No.=1">
                <measResults>0 3 2 0 </measResults>
            </measValue>
            <measValue measObjLdn="MML00951HUNB001/BBUBoard:Board Type=UBBP, Cabinet No.=0, Subrack No.=0, Slot No.=2">
                <measResults>0 4 3 0 </measResults>
            </measValue>
            <measValue measObjLdn="MML00951HUNB001/BBUBoard:Board Type=UBBP, Cabinet No.=0, Subrack No.=0, Slot No.=3">
                <measResults>0 4 3 0 </measResults>
            </measValue>
            <measValue measObjLdn="MML00951HUNB001/BBUBoard:Board Type=UMPT, Cabinet No.=0, Subrack No.=0, Slot No.=7">
                <measResults>0 7 1 0 </measResults>
            </measValue>
        </measInfo>
        <measInfo measInfoId="1593835535">
            <granPeriod duration="PT3600S" endTime="2021-08-19T12:00:00+08:00"/>
            <repPeriod duration="PT3600S"/>
            <measTypes>1593835652 1593835653 1593835654 1593835655 1593835656 1593835657 1593835658 1593835659 1593835660 1593835661 1593835662 1593835663 1593835664 1593835665 1593835666 1593835667 1593835668 1593835669 1593835670 1593835671 </measTypes>
            <measValue measObjLdn="MML00951HUNB001/RADIOEQM:Cabinet No.=0, Subrack No.=60, Slot No.=0">
                <measResults>NIL NIL NIL NIL NIL NIL NIL NIL NIL NIL 0 0 0 0 0 0 0 0 0 0 </measResults>
            </measValue>
            <measValue measObjLdn="MML00951HUNB001/RADIOEQM:Cabinet No.=0, Subrack No.=61, Slot No.=0">
                <measResults>NIL NIL NIL NIL NIL NIL NIL NIL NIL NIL 0 0 0 0 0 0 0 0 0 0 </measResults>
            </measValue>
            <measValue measObjLdn="MML00951HUNB001/RADIOEQM:Cabinet No.=0, Subrack No.=62, Slot No.=0">
                <measResults>NIL NIL NIL NIL NIL NIL NIL NIL NIL NIL 0 0 0 0 0 0 0 0 0 0 </measResults>
            </measValue>
            <measValue measObjLdn="MML00951HUNB001/RADIOEQM:Cabinet No.=0, Subrack No.=80, Slot No.=0">
                <measResults>NIL NIL NIL NIL NIL NIL NIL NIL NIL NIL 0 0 0 0 0 0 0 0 0 0 </measResults>
            </measValue>
            <measValue measObjLdn="MML00951HUNB001/RADIOEQM:Cabinet No.=0, Subrack No.=81, Slot No.=0">
                <measResults>NIL NIL NIL NIL NIL NIL NIL NIL NIL NIL 0 0 0 0 0 0 0 0 0 0 </measResults>
            </measValue>
            <measValue measObjLdn="MML00951HUNB001/RADIOEQM:Cabinet No.=0, Subrack No.=82, Slot No.=0">
                <measResults>NIL NIL NIL NIL NIL NIL NIL NIL NIL NIL 0 0 0 15 0 0 0 0 0 0 </measResults>
            </measValue>
        </measInfo>
        <measInfo measInfoId="1593835539">
            <granPeriod duration="PT3600S" endTime="2021-08-19T12:00:00+08:00"/>
            <repPeriod duration="PT3600S"/>
            <measTypes>1593835767 </measTypes>
            <measValue measObjLdn="MML00951HUNB001/RADIOEQM:Cabinet No.=0, Subrack No.=60, Slot No.=0">
                <measResults>3600 </measResults>
            </measValue>
            <measValue measObjLdn="MML00951HUNB001/RADIOEQM:Cabinet No.=0, Subrack No.=61, Slot No.=0">
                <measResults>3600 </measResults>
            </measValue>
            <measValue measObjLdn="MML00951HUNB001/RADIOEQM:Cabinet No.=0, Subrack No.=62, Slot No.=0">
                <measResults>3600 </measResults>
            </measValue>
            <measValue measObjLdn="MML00951HUNB001/RADIOEQM:Cabinet No.=0, Subrack No.=80, Slot No.=0">
                <measResults>3600 </measResults>
            </measValue>
            <measValue measObjLdn="MML00951HUNB001/RADIOEQM:Cabinet No.=0, Subrack No.=81, Slot No.=0">
                <measResults>3600 </measResults>
            </measValue>
            <measValue measObjLdn="MML00951HUNB001/RADIOEQM:Cabinet No.=0, Subrack No.=82, Slot No.=0">
                <measResults>3600 </measResults>
            </measValue>
        </measInfo>
        <measInfo measInfoId="1593835544">
            <granPeriod duration="PT3600S" endTime="2021-08-19T12:00:00+08:00"/>
            <repPeriod duration="PT3600S"/>
            <measTypes>1593835835 </measTypes>
            <measValue measObjLdn="MML00951HUNB001/BU:Cabinet No.=0, Subrack No.=0">
                <measResults>0.20337331 </measResults>
            </measValue>
        </measInfo>
        <measInfo measInfoId="1593835545">
            <granPeriod duration="PT3600S" endTime="2021-08-19T12:00:00+08:00"/>
            <repPeriod duration="PT3600S"/>
            <measTypes>1593835836 </measTypes>
            <measValue measObjLdn="MML00951HUNB001/BTSBoard:Cabinet No.=0, Subrack No.=60, Slot No.=0">
                <measResults>0.16327751 </measResults>
            </measValue>
            <measValue measObjLdn="MML00951HUNB001/BTSBoard:Cabinet No.=0, Subrack No.=61, Slot No.=0">
                <measResults>0.14052416 </measResults>
            </measValue>
            <measValue measObjLdn="MML00951HUNB001/BTSBoard:Cabinet No.=0, Subrack No.=62, Slot No.=0">
                <measResults>0.1543425 </measResults>
            </measValue>
            <measValue measObjLdn="MML00951HUNB001/BTSBoard:Cabinet No.=0, Subrack No.=80, Slot No.=0">
                <measResults>0.21517332 </measResults>
            </measValue>
            <measValue measObjLdn="MML00951HUNB001/BTSBoard:Cabinet No.=0, Subrack No.=81, Slot No.=0">
                <measResults>0.2413 </measResults>
            </measValue>
            <measValue measObjLdn="MML00951HUNB001/BTSBoard:Cabinet No.=0, Subrack No.=82, Slot No.=0">
                <measResults>0.20764416 </measResults>
            </measValue>
        </measInfo>
        <measInfo measInfoId="50331648">
            <granPeriod duration="PT3600S" endTime="2021-08-19T12:00:00+08:00"/>
            <repPeriod duration="PT3600S"/>
            <measTypes>50331654 50331655 50331656 50331657 50331658 50331659 50331660 50331661 50331662 50331663 50331664 50331665 50331666 50331667 50331668 50331669 50331670 50331671 50331672 50331673 50331674 50331675 50331676 50331677 50331678 50331679 50331680 50331681 50331682 50331683 50331684 50331685 50331686 50331687 50331688 50331689 50331690 50331691 50331692 50331693 50331694 50331695 50331696 50331697 50331698 50331699 50331709 50331710 50331711 50331712 50331713 50331714 50331717 50331718 50331719 50331720 50331721 50331722 50331723 50331724 50331745 50331746 50331754 50331755 50331756 50331757 50331758 50331759 50331760 50331761 50331762 50331763 50331764 50331765 50331766 50331767 50331768 50331769 50331770 50331771 50331772 50331773 50331774 50331775 50331776 50331777 50331778 50331779 50331780 50331781 50331782 50331783 50331784 50331785 50331786 50331787 50331788 50331789 50331790 50331791 50331792 50331793 50331794 50331795 50331796 50331797 50331798 50331799 50331800 50331801 50331802 50331803 50331804 50331805 50331806 50331807 50331808 50331809 50331810 50331811 50331812 50331813 50331814 50331815 50331816 50331817 50331818 50331819 50331820 50331821 50331838 50331839 50331840 50332168 50332169 50332170 50332173 50332174 50332215 50332216 50332217 50341648 50341649 50341650 50341651 50341652 50341653 50341654 50341655 50341656 50341657 50341658 50341659 50341668 50341669 50341670 50341671 50341672 50341675 50341676 50341677 50341678 50341679 50341680 50341685 50341686 50341687 50341688 50341689 50341690 50341691 50341692 50341693 50341694 50341695 50341696 50341697 50341698 50341699 50341700 50341701 50341702 50341703 50341704 50341705 50341706 50341707 50341708 50341709 50341710 50341711 50341712 50341713 50341714 50341715 50341716 50341717 50341722 50341739 50341740 </measTypes>
            <measValue measObjLdn="MML00951HUNB001/ULoCell:NodeB Function Name=MML00951HUNB001, Local Cell ID=10151, Cell Name=MCUMAU1">
                <measResults>397982 44381 37863 352262 39972 3496 1390 862 0 0 0 0 0 0 5688 8915 6411 6058 8874 11159 22092 22413 45584 51279 80899 81854 96339 89960 88698 106899 72012 80509 62034 65158 57443 46320 43053 31534 25023 17857 14585 5445 1412 317 107 69 794 468174 0 0 0 0 0 0 0 0 0 88736 390802 480332 574088 1537536257 0 35806 4189 5494 4703 4729 5734 18475 11324 15490 20728 28690 32115 34824 33283 35979 30305 32441 31164 30112 20836 14642 9410 6730 4265 2677 1995 2253 941 457 218 284 0 0 0 0 0 0 0 0 0 0 0 0 0 0 0 0 0 0 0 0 0 0 0 0 0 0 0 0 0 0 0 0 0 0 0 0 1537410738 486660 28022 0 0 0 0 0 0 0 0 66 282 0 164 946 0 69 244 170 606 966 270 422259 3765581 0 437121 1563922 9 147 0 144 698 0 0 11 0 1.997 11.351 12.154 13.312 0 15 37 0 0 0 0 0 0 0 NIL 695 807 490 0 0 0 0 0 0 0 0 0 0 0 0 12528 1 4 </measResults>
            </measValue>
            <measValue measObjLdn="MML00951HUNB001/ULoCell:NodeB Function Name=MML00951HUNB001, Local Cell ID=10152, Cell Name=MCUMAU2">
                <measResults>533519 54132 52585 476035 53218 2148 1275 843 0 0 0 0 0 0 9345 4319 3624 2753 3192 4005 7396 7355 15319 21338 39491 55070 80944 101183 123038 204146 136812 142926 130049 129521 100200 77984 75967 70985 72056 76931 109171 72668 43559 28391 16449 12241 80949 628614 0 0 0 0 0 0 0 0 0 255549 303833 640331 803490 4561246860 0 60464 5053 1933 2896 5141 3774 33787 7049 7322 6984 11816 13671 18254 18828 28541 29296 31604 30372 28629 22604 20133 23772 24019 28184 24585 26180 24792 21096 19742 15409 44007 0 0 0 0 0 0 0 0 0 0 0 0 0 0 0 0 0 0 0 0 0 0 0 0 0 0 0 0 0 0 0 0 0 0 0 0 4560988771 610026 19143 0 0 0 0 0 0 0 0 88 307 3 255 999 1 88 259 255 747 1000 338 1257413 12622654 179 1257413 3720157 9 66 0 173 709 0 0 1 0 2.917 12.479 11.408 13 0.011 10 67 2 0 0 0 0 0 0 NIL 669 782 462 0 0 0 0 0 0 0 0 0 0 0 0 18853 0 9 </measResults>
            </measValue>
            <measValue measObjLdn="MML00951HUNB001/ULoCell:NodeB Function Name=MML00951HUNB001, Local Cell ID=10153, Cell Name=MCUMAU3">
                <measResults>524418 74868 31684 448655 70305 3568 1029 861 0 0 0 0 0 0 4738 25019 10994 12374 11564 14763 24124 26729 45925 51344 62293 55465 63076 65566 66186 86553 53684 73652 62925 84073 73487 66252 71390 56618 53997 43497 69452 59557 51085 20478 6982 1818 28203 619762 0 0 0 0 0 0 0 0 0 110193 492671 631067 819889 2455316287 0 40824 3316 1927 4516 7083 7819 25561 16831 32468 43510 48025 44339 46229 35262 37432 35813 30115 27250 21342 20638 16129 14776 8785 7697 5346 5729 6302 5540 6321 4956 18772 0 0 0 0 0 0 0 0 0 0 0 0 0 0 0 0 0 0 0 0 0 0 0 0 0 0 0 0 0 0 0 0 0 0 0 0 2455030159 653450 56581 0 0 0 0 0 0 0 0 87 271 0 204 964 0 87 239 204 559 997 363 675238 4545662 163 677270 1860160 12 97 0 199 710 0 0 9 0 2.545 12.07 12.474 14 0.001 31 47 1 0 0 0 0 0 0 NIL 723 806 535 0 0 0 0 0 0 0 0 0 0 0 0 13767 0 0 </measResults>
            </measValue>
            <measValue measObjLdn="MML00951HUNB001/ULoCell:NodeB Function Name=MML00951HUNB001, Local Cell ID=50151, Cell Name=MCUMAN4">
                <measResults>404505 47381 79301 348345 45929 5362 2608 2261 0 0 0 0 0 0 10940 226 330 203 235 292 385 442 830 1128 2015 3103 5438 9085 11641 18587 22269 35633 41749 70217 97657 118860 105896 82337 67749 64096 100727 93212 82715 52043 36862 34649 22699 528417 0 0 0 0 0 0 0 0 0 306094 202432 531225 606544 3203198267 0 47479 4727 650 822 2902 3920 17629 3717 2166 2246 6751 6809 20762 11156 14233 10411 12658 14778 23322 50900 77239 86736 30526 15037 9738 9660 11500 5800 6290 4180 16245 0 0 0 0 0 0 0 0 0 0 0 0 0 0 0 0 0 0 0 0 0 0 0 0 0 0 0 0 0 0 0 0 0 0 0 0 3202923737 522219 23719 0 0 0 0 0 0 0 0 73 292 0 216 980 0 74 250 218 734 991 290 882699 6246240 19 890715 3043790 14 71 0 185 805 0 0 4 0 2.823 12.736 13.053 14 0.001 12 47 1 0 0 0 0 0 0 NIL 882 912 793 0 0 0 0 0 0 0 0 0 0 0 0 21366 0 0 </measResults>
            </measValue>
            <measValue measObjLdn="MML00951HUNB001/ULoCell:NodeB Function Name=MML00951HUNB001, Local Cell ID=50152, Cell Name=MCUMAN5">
                <measResults>311157 25366 84391 277761 26965 3865 1555 1011 0 0 0 0 0 0 15699 425 583 339 232 273 1689 654 931 1321 1998 2781 4189 6114 9254 17799 22256 34263 43307 82421 112067 105193 122673 117019 166222 194176 425110 437771 380040 233508 242939 573411 29280 383122 0 0 0 0 0 0 0 0 0 107533 284187 421000 415753 1080910121 0 146059 26769 779 768 9194 1209 62619 7973 2896 2688 10922 10517 17181 4217 8471 4734 8583 3850 4059 4018 5135 9151 7738 11583 6124 5507 8238 2178 4316 2610 20905 0 0 0 0 0 0 0 0 0 0 0 0 0 0 0 0 0 0 0 0 0 0 0 0 0 0 0 0 0 0 0 0 0 0 0 0 1080632216 366180 13141 0 0 0 0 0 0 0 0 58 252 8 60 564 3 58 264 60 273 1000 203 295635 2412130 3995 295635 1456330 8 88 1 47 593 1 0 4 0 0.75 6.773 12.455 14 0.041 6 93 6 0 0 0 0 0 0 NIL 861 896 794 0 0 0 0 0 0 0 0 0 0 0 0 26998 0 0 </measResults>
            </measValue>
            <measValue measObjLdn="MML00951HUNB001/ULoCell:NodeB Function Name=MML00951HUNB001, Local Cell ID=50153, Cell Name=MCUMAN6">
                <measResults>253022 33980 41533 219008 29648 2548 1045 773 0 0 0 0 0 0 7519 349 266 154 212 222 523 479 943 1573 3093 4947 8527 13261 18148 26899 31067 41170 42011 49841 54525 56875 65350 68174 71310 65133 116814 101695 94781 70535 67967 89796 30891 321136 0 0 0 0 0 0 0 0 0 133582 164121 328594 354674 2027464575 0 46538 10940 523 813 3056 1367 20759 3869 1989 1615 6792 5509 19696 11288 8165 7033 8844 9432 10973 14436 16431 16607 11788 12618 9942 9574 17187 4778 8148 4580 22713 0 0 0 0 0 0 0 0 0 0 0 0 0 0 0 0 0 0 0 0 0 0 0 0 0 0 0 0 0 0 0 0 0 0 0 0 2027003389 307719 8795 0 0 0 0 0 0 0 0 45 273 0 109 979 0 46 254 111 611 986 170 559056 9451003 0 566994 3288565 7 87 0 97 867 0 0 0 0 1.428 12.722 13.038 14 0 4 50 1 0 0 0 0 0 0 NIL 884 911 811 0 0 0 0 0 0 0 0 0 0 0 0 23800 0 0 </measResults>
            </measValue>
            <measValue measObjLdn="MML00951HUNB001/ULoCell:NodeB Function Name=MML00951HUNB001, Local Cell ID=60151, Cell Name=MCUMAN1">
                <measResults>311493 36544 26297 273967 33722 2052 1144 608 0 0 0 0 0 0 4342 1161 1001 847 913 1013 2234 2781 5308 6549 9918 13250 19614 26124 33193 46379 43469 59281 59570 78818 78440 73463 77230 84174 80485 84202 123360 90711 50950 26263 13890 6015 52326 371427 0 0 0 0 0 0 0 0 0 170751 151302 374379 415392 2876464226 0 44254 8655 418 764 2519 1489 21465 3174 1665 1376 5087 4206 7531 4788 8272 8834 15071 19660 14342 14660 13449 16260 12679 18033 15022 17331 19726 17349 17949 17561 20595 0 0 0 0 0 0 0 0 0 0 0 0 0 0 0 0 0 0 0 0 0 0 0 0 0 0 0 0 0 0 0 0 0 0 0 0 2875766902 364056 18557 0 0 0 0 0 0 0 0 51 246 1 142 911 0 52 247 143 680 988 202 793090 7213704 0 802723 3926188 7 57 0 117 761 0 0 21 0 1.768 11.841 12.448 13.515 0.004 10 48 1 0 0 0 0 0 0 NIL 871 906 765 0 0 0 0 0 0 0 0 0 0 0 0 20313 0 0 </measResults>
            </measValue>
            <measValue measObjLdn="MML00951HUNB001/ULoCell:NodeB Function Name=MML00951HUNB001, Local Cell ID=60152, Cell Name=MCUMAN2">
                <measResults>311611 27974 162237 275205 28880 4109 1937 1480 0 0 0 0 0 0 36822 2609 1763 1248 1167 1709 4432 2897 5117 6834 11242 15635 23294 30032 38338 58552 61869 79308 84450 121585 145396 140291 167939 161171 182347 199393 331361 317358 331886 268517 211004 233569 27925 472309 0 0 0 0 0 0 0 0 0 102168 371844 501937 522118 769494680 0 171007 36367 736 1026 13560 2029 73121 11563 2660 3807 13339 11230 17617 13764 9823 5260 26709 11757 4497 3350 3912 5549 3674 10070 5620 6664 7447 3805 4272 4210 13461 0 0 0 0 0 0 0 0 0 0 0 0 0 0 0 0 0 0 0 0 0 0 0 0 0 0 0 0 0 0 0 0 0 0 0 0 769168100 440773 32503 0 0 0 0 0 0 0 0 69 334 19 74 881 8 69 261 74 279 1000 244 209356 1830299 11442 209356 858016 8 98 1 51 710 1 0 3 0 0.814 9.225 10.954 12.46 0.089 17 110 10 1 0 0 0 0 0 NIL 840 884 746 0 0 0 0 0 0 0 0 0 0 0 0 24201 0 0 </measResults>
            </measValue>
            <measValue measObjLdn="MML00951HUNB001/ULoCell:NodeB Function Name=MML00951HUNB001, Local Cell ID=60153, Cell Name=MCUMAN3">
                <measResults>255717 37854 30258 216897 35247 2201 829 543 0 0 0 0 0 0 5286 838 940 912 1009 1057 2103 2218 4247 6014 10308 14310 20108 26214 34135 49784 60211 69130 69075 80763 90455 75873 82010 67297 67429 64026 101402 81914 62174 41855 26205 15464 30125 313215 0 0 0 0 0 0 0 0 0 136998 156726 323849 345153 1913017032 0 43591 12634 317 529 3570 1095 18542 4396 1948 1858 5247 5822 7599 5653 9232 9640 17429 18622 17626 15216 12412 13096 10533 13606 10732 11078 12356 8635 7665 7728 15184 0 0 0 0 0 0 0 0 0 0 0 0 0 0 0 0 0 0 0 0 0 0 0 0 0 0 0 0 0 0 0 0 0 0 0 0 1912347884 305609 12508 0 0 0 0 0 0 0 0 44 259 0 112 962 0 45 250 113 626 990 169 527386 5565678 0 532713 3120627 6 61 0 94 828 0 0 0 0 1.391 11.617 12.398 13 0 6 47 1 0 0 0 0 0 0 NIL 872 902 795 0 0 0 0 0 0 0 0 0 0 0 0 19675 0 0 </measResults>
            </measValue>
        </measInfo>
        <measInfo measInfoId="50331650">
            <granPeriod duration="PT3600S" endTime="2021-08-19T12:00:00+08:00"/>
            <repPeriod duration="PT3600S"/>
            <measTypes>50332548 50332549 50332550 50332554 50342548 50342549 50342550 50342554 50342612 50342613 50342615 50342616 </measTypes>
            <measValue measObjLdn="MML00951HUNB001/ULoCell:NodeB Function Name=MML00951HUNB001, Local Cell ID=10151, Cell Name=MCUMAU1">
                <measResults>0 0 16.704 9.381 0 0 33 20 0 0 0 0 </measResults>
            </measValue>
            <measValue measObjLdn="MML00951HUNB001/ULoCell:NodeB Function Name=MML00951HUNB001, Local Cell ID=10152, Cell Name=MCUMAU2">
                <measResults>0 0 30.803 17.089 0 0 48.5 29 0 0 0 0 </measResults>
            </measValue>
            <measValue measObjLdn="MML00951HUNB001/ULoCell:NodeB Function Name=MML00951HUNB001, Local Cell ID=10153, Cell Name=MCUMAU3">
                <measResults>0 0 17.312 9.238 0 0 42 19 0 0 0 0 </measResults>
            </measValue>
            <measValue measObjLdn="MML00951HUNB001/ULoCell:NodeB Function Name=MML00951HUNB001, Local Cell ID=50151, Cell Name=MCUMAN4">
                <measResults>0 0 11.77 5.351 0 0 26.5 11 0 0 0 0 </measResults>
            </measValue>
            <measValue measObjLdn="MML00951HUNB001/ULoCell:NodeB Function Name=MML00951HUNB001, Local Cell ID=50152, Cell Name=MCUMAN5">
                <measResults>0 0 30.791 12.107 0 0 45.5 23 0 0 0 0 </measResults>
            </measValue>
            <measValue measObjLdn="MML00951HUNB001/ULoCell:NodeB Function Name=MML00951HUNB001, Local Cell ID=50153, Cell Name=MCUMAN6">
                <measResults>0 0 12.556 5.624 0 0 24 13 0 0 0 0 </measResults>
            </measValue>
            <measValue measObjLdn="MML00951HUNB001/ULoCell:NodeB Function Name=MML00951HUNB001, Local Cell ID=60151, Cell Name=MCUMAN1">
                <measResults>0 0 13.287 6.34 0 0 29 14 0 0 0 0 </measResults>
            </measValue>
            <measValue measObjLdn="MML00951HUNB001/ULoCell:NodeB Function Name=MML00951HUNB001, Local Cell ID=60152, Cell Name=MCUMAN2">
                <measResults>0 0 38.593 19.307 0 0 63 32 0 0 0 0 </measResults>
            </measValue>
            <measValue measObjLdn="MML00951HUNB001/ULoCell:NodeB Function Name=MML00951HUNB001, Local Cell ID=60153, Cell Name=MCUMAN3">
                <measResults>0 0 14.926 7.204 0 0 29.5 15 0 0 0 0 </measResults>
            </measValue>
        </measInfo>
        <measInfo measInfoId="50331651">
            <granPeriod duration="PT3600S" endTime="2021-08-19T12:00:00+08:00"/>
            <repPeriod duration="PT3600S"/>
            <measTypes>50331850 50331851 50331852 50331853 50331854 50331855 50331856 50331857 50331858 50331859 50331860 50331861 50331862 50331863 50331864 50331865 50331866 50331867 50331868 50331869 50331870 50331871 50331872 50331873 50331874 50331875 50331876 50331877 50331878 50331879 50331885 50331886 50331887 50331888 50331889 50331892 50331903 50331904 50331908 50331925 50331926 50331927 50331928 50331929 50331930 50331931 50331957 50331958 50331959 50331961 50331962 50331963 50331964 50331965 50331966 50331967 50331971 50331972 50331973 50331974 50331987 50331988 50331989 50331990 50331991 50331992 50331993 50331995 50332378 50332379 50332380 50332385 50332386 50332387 50332498 50332499 50332500 50332501 50332503 50332507 50332623 50332638 50341849 50341850 50341851 50341852 50341853 50341854 50341855 50341856 50341857 50341858 50341859 50341864 50341865 50341866 50341868 50341869 50341870 50341871 50341872 50341873 50341874 50341875 50341876 50341877 50341878 50341879 50341880 50341881 50341882 50341883 50341884 50341885 50341886 50341887 50341888 50341889 50341890 50341891 50341892 50341893 50341894 50341895 50341896 50341897 50341898 50341980 50341981 50341982 50341983 50341984 50341985 50341986 50341994 50361698 50361699 50361701 </measTypes>
            <measValue measObjLdn="MML00951HUNB001/ULoCell:NodeB Function Name=MML00951HUNB001, Local Cell ID=10151, Cell Name=MCUMAU1">
                <measResults>1788545 5296 2408 993 461 411 362 306 379 239 141 62 56 68 25 13 16 5 4 6 0 0 0 0 0 227 243 1101135 1800023 1400274 805757 397615 8924821 277659 38551 5 197 320 571408 417 50 50 0 0 0 0 0 56 53 766 62 62 0 0 0 0 2323 4430 2620 148040 5586 13629 26148 62201 40616 10568 1101 135236 235100 133397 105779 0.318 110926 132419 0 0 NIL NIL 0 0.244 0 0 87 2.034 9.011 0.022 0.092 0 0 0 0 80 0 60 42 0 NIL NIL 2.912 0.07 0.002 0.001 0 0 230.748 61.506 61.506 0 0 0 0 577705.75 3.443 0.315 0.107 0.045 0.05 0.014 0.006 0 2.275 0 0 44 NIL NIL 184 2104.08 5011.044 9575.33 28065.404 17485.928 6167.65 690.228 26618.094 0 NIL 0 </measResults>
            </measValue>
            <measValue measObjLdn="MML00951HUNB001/ULoCell:NodeB Function Name=MML00951HUNB001, Local Cell ID=10152, Cell Name=MCUMAU2">
                <measResults>1773852 11465 6347 2154 910 511 395 260 859 2015 750 174 58 44 37 42 37 16 8 17 0 1 0 0 0 71 117 2322613 1800023 1659350 1008369 469561 10080959 581369 135533 7 353 537 1015595 1930 488 150 100 100 0 0 0 65 51 4114 885 244 194 194 0 0 4816 8828 5264 222252 3807 9821 35573 169555 136025 92913 29270 880063 519406 205355 238213 0.898 188252 346189 0 0 NIL NIL 0 0.802 0 0 154 2.739 8.473 0.062 0.19 7 0 0 0 80 0 176 154 0 NIL NIL 2.157 0.122 0.005 0.001 0 0 396.348 84.504 33.738 27.792 27.792 0 0 783051.188 5.223 0.406 0.166 0.076 0.112 0.031 0.006 0.001 1.744 0 0 45 NIL NIL 454 1134.868 3213.99 11181.222 55476.961 60495.133 54631.59 18271.465 92807.539 0 NIL 0 </measResults>
            </measValue>
            <measValue measObjLdn="MML00951HUNB001/ULoCell:NodeB Function Name=MML00951HUNB001, Local Cell ID=10153, Cell Name=MCUMAU3">
                <measResults>1785977 7263 2015 758 513 428 343 285 386 381 343 336 229 187 74 18 14 13 11 4 7 8 0 0 0 430 474 874502 1799880 1320518 711642 246082 8162899 408721 62154 5 188 310 709369 441 0 0 0 0 0 0 0 112 82 374 0 0 0 0 0 0 1941 5743 5365 248787 25830 30742 34933 51541 31119 22011 18328 213897 327215 184904 131488 0.33 167326 170871 0 0 NIL NIL 0 0.252 0 0 79 1.55 6.757 0.03 0.11 1 0 0 0 80 0 75 55 0 NIL NIL 2.468 0.09 0.003 0.002 0 0 64.062 0 0 0 0 0 0 590038.313 2.991 0.25 0.102 0.054 0.079 0.013 0.007 0.003 1.982 0 0 75 NIL NIL 198 4344.462 10168.058 13773.644 28760.156 25796.404 20486.779 15457.786 43585.598 0 NIL 0 </measResults>
            </measValue>
            <measValue measObjLdn="MML00951HUNB001/ULoCell:NodeB Function Name=MML00951HUNB001, Local Cell ID=50151, Cell Name=MCUMAN4">
                <measResults>0 0 0 0 0 0 0 0 157 150799 845941 501083 192048 64087 24639 10854 4137 1618 916 615 1550 800 301 192 26 267 6526 1618113 1798877 1487990 888444 157454 7055988 481685 68185 6 254 452 714944 1487995 1436860 747372 55135 15929 2685 38 22 103 103 2956152 2869842 1594685 130048 39509 5197 27 6552 10229 10465 280028 79 318 1238 19780 144013 131940 64246 471377 280142 264720 123992 0.976 160081 132893 0 0 NIL NIL 0 0.796 0 0 161 1.64 4.911 0.034 0.237 4 0 0 0 40 0 82 58 1 NIL NIL 1.647 0.123 0.004 0.001 0 0 501356.781 489617.531 290170.625 24898.514 7405.206 627.138 15.696 501356.781 3.357 0.256 0.073 0.023 0.03 0.006 0.002 0 1.265 0 4 25 NIL NIL 268 23.82 95.634 273.906 5520.534 36166.922 40035.129 40254.297 50021.285 0 NIL 0 </measResults>
            </measValue>
            <measValue measObjLdn="MML00951HUNB001/ULoCell:NodeB Function Name=MML00951HUNB001, Local Cell ID=50152, Cell Name=MCUMAN5">
                <measResults>0 0 0 0 0 0 0 0 0 0 0 0 0 0 0 0 0 0 0 0 0 0 625891 807856 34968 331312 1800027 8991570 1800027 1793793 3002620 638781 12782541 2408019 396291 17 489 917 1723535 1793766 1793766 1793766 1793766 1793766 1793766 1793766 1133 99 1066 10049109 10049109 10049109 10049109 10049109 10049109 10049109 108077 152391 69522 1024726 563 1318 4417 45189 313399 903344 2401322 2467077 414908 167107 935423 3.696 63299 388086 0 0 NIL NIL 0 2.612 0 0 393 5.583 11.218 0.097 0.654 17 39 0 0 62 0 587 190 1000 NIL NIL 2.811 0.033 0 0 0 0 625266.563 625266.563 625266.563 625266.563 625266.563 625266.563 625266.563 625266.563 9.475 0.243 0.039 0.013 0.018 0.002 0.001 0 2.166 0 513 6 NIL NIL 331 54.954 123.204 425.568 4037.67 26429.652 76388.422 222080.813 120585.023 0 NIL 0 </measResults>
            </measValue>
            <measValue measObjLdn="MML00951HUNB001/ULoCell:NodeB Function Name=MML00951HUNB001, Local Cell ID=50153, Cell Name=MCUMAN6">
                <measResults>0 0 360 13092 88322 221578 309316 319391 434443 197605 87209 44166 32847 20767 10601 5842 3155 1943 1284 971 1399 1143 931 2553 225 882 11578 997122 1795212 1255548 732629 166257 7008566 486526 96936 7 317 425 640632 1110392 119412 64096 24466 12182 4364 1492 38 163 160 2022570 247690 131855 46826 25348 9292 2311 11355 15132 15027 263902 202 353 947 15155 61516 110499 89219 442192 328800 251477 103454 0.528 220461 120080 0 0 NIL NIL 0 0.354 0 0 107 1.238 4.626 0.049 0.489 6 0 0 0 63 0 97 70 3 NIL NIL 2.088 0.146 0.006 0.001 0 0 429609 73816.492 35198.91 9246.046 5348.272 1434.738 247.788 462620.313 2.606 0.149 0.052 0.023 0.031 0.007 0.003 0 1.704 0 8 64 NIL NIL 313 60.516 113.55 341.202 4461.3 19321.758 38280.82 57203.309 42700.438 0 NIL 0 </measResults>
            </measValue>
            <measValue measObjLdn="MML00951HUNB001/ULoCell:NodeB Function Name=MML00951HUNB001, Local Cell ID=60151, Cell Name=MCUMAN1">
                <measResults>0 0 0 0 0 0 0 0 0 0 0 0 1218 281619 1007398 412610 73803 15088 3909 1859 1565 412 173 98 22 254 26608 1700226 1799943 1549505 911131 170729 7554910 496250 76792 7 231 840 952529 1549476 1549476 1549476 1549476 1403644 9016 0 19 105 101 3234998 3234998 3234998 3234998 2969413 19719 0 24524 16837 12262 194249 1117 3246 9694 57591 150687 249956 87520 517651 318751 166467 223339 0.976 83545 248119 0 0 NIL NIL 0 0.78 0 0 157 1.797 5.504 0.04 0.188 5 4 0 0 45 0 91 70 120 NIL NIL 1.493 0.096 0.002 0 0 0 541860.813 541860.813 541860.813 541860.813 509876.938 2700.282 0 541860.813 3.793 0.306 0.139 0.058 0.069 0.01 0.002 0 1.215 0 77 27 NIL NIL 341 189.588 653.688 2090.562 11924.382 38729.305 74061.133 25748.34 69582.273 0 NIL 0 </measResults>
            </measValue>
            <measValue measObjLdn="MML00951HUNB001/ULoCell:NodeB Function Name=MML00951HUNB001, Local Cell ID=60152, Cell Name=MCUMAN2">
                <measResults>0 0 0 0 0 0 0 0 0 0 0 0 0 0 0 0 0 0 283 85749 1168115 369380 74654 49977 8396 45974 1802528 9357577 1802528 1802515 3947668 466481 14754411 3556231 324581 15 461 974 1728977 1802487 1802487 1802487 1802487 1802487 1802487 50800 1201 48 1069 10654677 10654677 10654677 10654677 10654677 10654677 322138 67931 139229 157724 2144530 2324 5816 18943 135541 478830 1235688 2240693 3728717 453770 264499 966563 4.608 96350 398145 0 0 NIL NIL 0 3.044 0 0 368 5.911 10.92 0.097 0.342 42 43 0 0 55 0 707 165 1000 NIL NIL 3.598 0.036 0 0 0 0 698474.063 698474.063 698474.063 698474.063 698474.063 698474.063 19424.598 698474.063 10.02 0.281 0.051 0.021 0.032 0.003 0 0 2.501 0 624 6 NIL NIL 461 208.752 532.41 1684.026 12114.264 42412.262 114621.43 239357.938 220469.781 0 NIL 0 </measResults>
            </measValue>
            <measValue measObjLdn="MML00951HUNB001/ULoCell:NodeB Function Name=MML00951HUNB001, Local Cell ID=60153, Cell Name=MCUMAN3">
                <measResults>0 0 0 0 16 75 690 4771 66467 289788 543874 486646 252205 83810 35693 21750 8837 2947 1750 1331 799 318 119 138 19 485 8394 1497803 1800450 1477231 1003641 204523 7595528 580823 137824 8 265 783 797449 1477253 1242590 795010 105429 42069 3532 0 17 139 147 3036068 2596044 1702800 226209 85728 7733 0 63045 29559 14597 268839 801 1629 7212 60973 127839 153150 116343 586307 286502 266901 145290 0.88 165589 134011 0 0 NIL NIL 0 0.596 0 0 140 1.684 5.495 0.036 0.18 8 0 0 0 48 0 97 68 5 NIL NIL 1.917 0.114 0.003 0 0 0 508750.563 455879.688 329741.844 52447.828 16583.115 746.364 0 508750.563 3.429 0.203 0.092 0.044 0.048 0.009 0.003 0 1.528 0 412 16 NIL NIL 354 115.98 573.756 1972.524 15118.926 30698.021 43214.363 46684.504 48520.598 0 NIL 0 </measResults>
            </measValue>
        </measInfo>
        <measInfo measInfoId="50331653">
            <granPeriod duration="PT3600S" endTime="2021-08-19T12:00:00+08:00"/>
            <repPeriod duration="PT3600S"/>
            <measTypes>50331748 50331749 50331750 50331751 50331752 50331753 50361697 </measTypes>
            <measValue measObjLdn="MML00951HUNB001/ULoCell:NodeB Function Name=MML00951HUNB001, Local Cell ID=10151, Cell Name=MCUMAU1">
                <measResults>0.347 0.333 0.347 0.326 0 0 0.115 </measResults>
            </measValue>
            <measValue measObjLdn="MML00951HUNB001/ULoCell:NodeB Function Name=MML00951HUNB001, Local Cell ID=10152, Cell Name=MCUMAU2">
                <measResults>0.568 0.504 0.568 0.435 0 0 0.102 </measResults>
            </measValue>
            <measValue measObjLdn="MML00951HUNB001/ULoCell:NodeB Function Name=MML00951HUNB001, Local Cell ID=10153, Cell Name=MCUMAU3">
                <measResults>0.471 0.396 0.471 0.364 0 0 0.114 </measResults>
            </measValue>
            <measValue measObjLdn="MML00951HUNB001/ULoCell:NodeB Function Name=MML00951HUNB001, Local Cell ID=50151, Cell Name=MCUMAN4">
                <measResults>0.347 0.281 0.347 0.261 0 0 0.349 </measResults>
            </measValue>
            <measValue measObjLdn="MML00951HUNB001/ULoCell:NodeB Function Name=MML00951HUNB001, Local Cell ID=50152, Cell Name=MCUMAN5">
                <measResults>0.735 0.6 0.735 0.599 0 0 0.084 </measResults>
            </measValue>
            <measValue measObjLdn="MML00951HUNB001/ULoCell:NodeB Function Name=MML00951HUNB001, Local Cell ID=50153, Cell Name=MCUMAN6">
                <measResults>1.09 0.932 1.09 0.868 0 0 0.302 </measResults>
            </measValue>
            <measValue measObjLdn="MML00951HUNB001/ULoCell:NodeB Function Name=MML00951HUNB001, Local Cell ID=60151, Cell Name=MCUMAN1">
                <measResults>0.403 0.329 0.403 0.301 0 0 0.267 </measResults>
            </measValue>
            <measValue measObjLdn="MML00951HUNB001/ULoCell:NodeB Function Name=MML00951HUNB001, Local Cell ID=60152, Cell Name=MCUMAN2">
                <measResults>1.017 0.951 1.017 0.943 0 0 0.074 </measResults>
            </measValue>
            <measValue measObjLdn="MML00951HUNB001/ULoCell:NodeB Function Name=MML00951HUNB001, Local Cell ID=60153, Cell Name=MCUMAN3">
                <measResults>0.917 0.774 0.917 0.725 0 0 0.304 </measResults>
            </measValue>
        </measInfo>
        <measInfo measInfoId="50331658">
            <granPeriod duration="PT3600S" endTime="2021-08-19T12:00:00+08:00"/>
            <repPeriod duration="PT3600S"/>
            <measTypes>50332250 50332251 50332410 50332411 </measTypes>
            <measValue measObjLdn="MML00951HUNB001/ULoCell:NodeB Function Name=MML00951HUNB001, Local Cell ID=10151, Cell Name=MCUMAU1">
                <measResults>0 0 0 0 </measResults>
            </measValue>
            <measValue measObjLdn="MML00951HUNB001/ULoCell:NodeB Function Name=MML00951HUNB001, Local Cell ID=10152, Cell Name=MCUMAU2">
                <measResults>0 0 0 0 </measResults>
            </measValue>
            <measValue measObjLdn="MML00951HUNB001/ULoCell:NodeB Function Name=MML00951HUNB001, Local Cell ID=10153, Cell Name=MCUMAU3">
                <measResults>0 0 0 0 </measResults>
            </measValue>
            <measValue measObjLdn="MML00951HUNB001/ULoCell:NodeB Function Name=MML00951HUNB001, Local Cell ID=50151, Cell Name=MCUMAN4">
                <measResults>0 0 0 0 </measResults>
            </measValue>
            <measValue measObjLdn="MML00951HUNB001/ULoCell:NodeB Function Name=MML00951HUNB001, Local Cell ID=50152, Cell Name=MCUMAN5">
                <measResults>0 0 0 0 </measResults>
            </measValue>
            <measValue measObjLdn="MML00951HUNB001/ULoCell:NodeB Function Name=MML00951HUNB001, Local Cell ID=50153, Cell Name=MCUMAN6">
                <measResults>0 0 0 0 </measResults>
            </measValue>
            <measValue measObjLdn="MML00951HUNB001/ULoCell:NodeB Function Name=MML00951HUNB001, Local Cell ID=60151, Cell Name=MCUMAN1">
                <measResults>0 0 0 0 </measResults>
            </measValue>
            <measValue measObjLdn="MML00951HUNB001/ULoCell:NodeB Function Name=MML00951HUNB001, Local Cell ID=60152, Cell Name=MCUMAN2">
                <measResults>0 0 0 0 </measResults>
            </measValue>
            <measValue measObjLdn="MML00951HUNB001/ULoCell:NodeB Function Name=MML00951HUNB001, Local Cell ID=60153, Cell Name=MCUMAN3">
                <measResults>0 0 0 0 </measResults>
            </measValue>
        </measInfo>
        <measInfo measInfoId="50331660">
            <granPeriod duration="PT3600S" endTime="2021-08-19T12:00:00+08:00"/>
            <repPeriod duration="PT3600S"/>
            <measTypes>50361670 50361671 50361672 50361673 </measTypes>
            <measValue measObjLdn="MML00951HUNB001/ULoCell:NodeB Function Name=MML00951HUNB001, Local Cell ID=10151, Cell Name=MCUMAU1">
                <measResults>0 0 0 0 </measResults>
            </measValue>
            <measValue measObjLdn="MML00951HUNB001/ULoCell:NodeB Function Name=MML00951HUNB001, Local Cell ID=10152, Cell Name=MCUMAU2">
                <measResults>0 0 0 0 </measResults>
            </measValue>
            <measValue measObjLdn="MML00951HUNB001/ULoCell:NodeB Function Name=MML00951HUNB001, Local Cell ID=10153, Cell Name=MCUMAU3">
                <measResults>0 0 0 0 </measResults>
            </measValue>
            <measValue measObjLdn="MML00951HUNB001/ULoCell:NodeB Function Name=MML00951HUNB001, Local Cell ID=50151, Cell Name=MCUMAN4">
                <measResults>0 0 0 0 </measResults>
            </measValue>
            <measValue measObjLdn="MML00951HUNB001/ULoCell:NodeB Function Name=MML00951HUNB001, Local Cell ID=50152, Cell Name=MCUMAN5">
                <measResults>0 0 0 0 </measResults>
            </measValue>
            <measValue measObjLdn="MML00951HUNB001/ULoCell:NodeB Function Name=MML00951HUNB001, Local Cell ID=50153, Cell Name=MCUMAN6">
                <measResults>0 0 0 0 </measResults>
            </measValue>
            <measValue measObjLdn="MML00951HUNB001/ULoCell:NodeB Function Name=MML00951HUNB001, Local Cell ID=60151, Cell Name=MCUMAN1">
                <measResults>0 0 0 0 </measResults>
            </measValue>
            <measValue measObjLdn="MML00951HUNB001/ULoCell:NodeB Function Name=MML00951HUNB001, Local Cell ID=60152, Cell Name=MCUMAN2">
                <measResults>0 0 0 0 </measResults>
            </measValue>
            <measValue measObjLdn="MML00951HUNB001/ULoCell:NodeB Function Name=MML00951HUNB001, Local Cell ID=60153, Cell Name=MCUMAN3">
                <measResults>0 0 0 0 </measResults>
            </measValue>
        </measInfo>
        <measInfo measInfoId="50331661">
            <granPeriod duration="PT3600S" endTime="2021-08-19T12:00:00+08:00"/>
            <repPeriod duration="PT3600S"/>
            <measTypes>50332048 50332049 50332050 50332051 </measTypes>
            <measValue measObjLdn="MML00951HUNB001/ULoCell:NodeB Function Name=MML00951HUNB001, Local Cell ID=10151, Cell Name=MCUMAU1">
                <measResults>26051 0 144846 0 </measResults>
            </measValue>
            <measValue measObjLdn="MML00951HUNB001/ULoCell:NodeB Function Name=MML00951HUNB001, Local Cell ID=10152, Cell Name=MCUMAU2">
                <measResults>37799 0 146015 0 </measResults>
            </measValue>
            <measValue measObjLdn="MML00951HUNB001/ULoCell:NodeB Function Name=MML00951HUNB001, Local Cell ID=10153, Cell Name=MCUMAU3">
                <measResults>34990 0 145546 0 </measResults>
            </measValue>
            <measValue measObjLdn="MML00951HUNB001/ULoCell:NodeB Function Name=MML00951HUNB001, Local Cell ID=50151, Cell Name=MCUMAN4">
                <measResults>31011 0 145099 0 </measResults>
            </measValue>
            <measValue measObjLdn="MML00951HUNB001/ULoCell:NodeB Function Name=MML00951HUNB001, Local Cell ID=50152, Cell Name=MCUMAN5">
                <measResults>64775 0 146350 0 </measResults>
            </measValue>
            <measValue measObjLdn="MML00951HUNB001/ULoCell:NodeB Function Name=MML00951HUNB001, Local Cell ID=50153, Cell Name=MCUMAN6">
                <measResults>38835 0 145756 0 </measResults>
            </measValue>
            <measValue measObjLdn="MML00951HUNB001/ULoCell:NodeB Function Name=MML00951HUNB001, Local Cell ID=60151, Cell Name=MCUMAN1">
                <measResults>27051 0 145212 0 </measResults>
            </measValue>
            <measValue measObjLdn="MML00951HUNB001/ULoCell:NodeB Function Name=MML00951HUNB001, Local Cell ID=60152, Cell Name=MCUMAN2">
                <measResults>54900 0 146605 0 </measResults>
            </measValue>
            <measValue measObjLdn="MML00951HUNB001/ULoCell:NodeB Function Name=MML00951HUNB001, Local Cell ID=60153, Cell Name=MCUMAN3">
                <measResults>44726 0 146007 0 </measResults>
            </measValue>
        </measInfo>
        <measInfo measInfoId="50331662">
            <granPeriod duration="PT3600S" endTime="2021-08-19T12:00:00+08:00"/>
            <repPeriod duration="PT3600S"/>
            <measTypes>50332052 50332053 50332054 50332070 50332505 </measTypes>
            <measValue measObjLdn="MML00951HUNB001/ULoCell:NodeB Function Name=MML00951HUNB001, Local Cell ID=10151, Cell Name=MCUMAU1">
                <measResults>0 118 875440 0 0 </measResults>
            </measValue>
            <measValue measObjLdn="MML00951HUNB001/ULoCell:NodeB Function Name=MML00951HUNB001, Local Cell ID=10152, Cell Name=MCUMAU2">
                <measResults>124 170 1406255 0 0 </measResults>
            </measValue>
            <measValue measObjLdn="MML00951HUNB001/ULoCell:NodeB Function Name=MML00951HUNB001, Local Cell ID=10153, Cell Name=MCUMAU3">
                <measResults>26 166 712177 0 0 </measResults>
            </measValue>
            <measValue measObjLdn="MML00951HUNB001/ULoCell:NodeB Function Name=MML00951HUNB001, Local Cell ID=50151, Cell Name=MCUMAN4">
                <measResults>36 71 359899 0 0 </measResults>
            </measValue>
            <measValue measObjLdn="MML00951HUNB001/ULoCell:NodeB Function Name=MML00951HUNB001, Local Cell ID=50152, Cell Name=MCUMAN5">
                <measResults>281 89 706465 0 0 </measResults>
            </measValue>
            <measValue measObjLdn="MML00951HUNB001/ULoCell:NodeB Function Name=MML00951HUNB001, Local Cell ID=50153, Cell Name=MCUMAN6">
                <measResults>78 75 429896 0 0 </measResults>
            </measValue>
            <measValue measObjLdn="MML00951HUNB001/ULoCell:NodeB Function Name=MML00951HUNB001, Local Cell ID=60151, Cell Name=MCUMAN1">
                <measResults>1 98 826069 0 0 </measResults>
            </measValue>
            <measValue measObjLdn="MML00951HUNB001/ULoCell:NodeB Function Name=MML00951HUNB001, Local Cell ID=60152, Cell Name=MCUMAN2">
                <measResults>281 139 1515517 0 0 </measResults>
            </measValue>
            <measValue measObjLdn="MML00951HUNB001/ULoCell:NodeB Function Name=MML00951HUNB001, Local Cell ID=60153, Cell Name=MCUMAN3">
                <measResults>2 79 789845 0 0 </measResults>
            </measValue>
        </measInfo>
        <measInfo measInfoId="50331663">
            <granPeriod duration="PT3600S" endTime="2021-08-19T12:00:00+08:00"/>
            <repPeriod duration="PT3600S"/>
            <measTypes>50331917 50332061 50332064 50332065 50332069 50332071 50332072 50332073 50332074 50332079 50332258 50332388 50332389 50332504 50332626 50332632 50332639 50332640 50332641 50332645 50342048 50342049 50342050 50342051 50361705 50361706 50361725 50361726 50361735 50361740 50361743 50361744 50361747 50361749 50361751 50361753 50361755 50361757 50361759 50361761 50361763 50361765 50361767 50361769 50361771 50361773 50361775 50361777 50361779 50361781 50361783 50361785 50361787 50361789 50361791 50361793 50361795 </measTypes>
            <measValue measObjLdn="MML00951HUNB001/ULoCell:NodeB Function Name=MML00951HUNB001, Local Cell ID=10151, Cell Name=MCUMAU1">
                <measResults>999.632 2 256 0 0 0 0 0 0 0 3.99 0 1.814 0 0 0 3600 0 NIL 0 34 79.309 0 0 0 0 0 NIL NIL NIL NIL NIL NIL NIL NIL NIL NIL NIL NIL NIL NIL NIL NIL NIL NIL NIL NIL NIL NIL NIL NIL NIL NIL NIL NIL NIL NIL </measResults>
            </measValue>
            <measValue measObjLdn="MML00951HUNB001/ULoCell:NodeB Function Name=MML00951HUNB001, Local Cell ID=10152, Cell Name=MCUMAU2">
                <measResults>946.819 3 255 0.01 0 0 0 0 0 0 6.101 0 2.712 0 0 0 3600 0 NIL 0 32 106.887 0.004 0 0 0 0 NIL NIL NIL NIL NIL NIL NIL NIL NIL NIL NIL NIL NIL NIL NIL NIL NIL NIL NIL NIL NIL NIL NIL NIL NIL NIL NIL NIL NIL NIL </measResults>
            </measValue>
            <measValue measObjLdn="MML00951HUNB001/ULoCell:NodeB Function Name=MML00951HUNB001, Local Cell ID=10153, Cell Name=MCUMAU3">
                <measResults>1000 2 256 0 0 0 0 0 0 0 3.425 0 1.89 0 0 0 3600 0 NIL 0 23 85.411 0 0 0 0 0 NIL NIL NIL NIL NIL NIL NIL NIL NIL NIL NIL NIL NIL NIL NIL NIL NIL NIL NIL NIL NIL NIL NIL NIL NIL NIL NIL NIL NIL NIL </measResults>
            </measValue>
            <measValue measObjLdn="MML00951HUNB001/ULoCell:NodeB Function Name=MML00951HUNB001, Local Cell ID=50151, Cell Name=MCUMAN4">
                <measResults>921.175 2 256 0 0 0 0 0 0 0 1.908 0 2.108 0 0 0 0 0 NIL 0 10 79.791 0 1.638 0 0 0 1 NIL NIL NIL NIL NIL NIL NIL NIL NIL NIL NIL NIL NIL NIL NIL NIL NIL NIL NIL NIL NIL NIL NIL NIL NIL NIL NIL NIL NIL </measResults>
            </measValue>
            <measValue measObjLdn="MML00951HUNB001/ULoCell:NodeB Function Name=MML00951HUNB001, Local Cell ID=50152, Cell Name=MCUMAN5">
                <measResults>580.117 6 254 0 0 0 0 0 0 0 3.508 0 6.489 0 0 0 0 0 NIL 0 30 56.904 0 7.428 0 0 0 1 NIL NIL NIL NIL NIL NIL NIL NIL NIL NIL NIL NIL NIL NIL NIL NIL NIL NIL NIL NIL NIL NIL NIL NIL NIL NIL NIL NIL NIL </measResults>
            </measValue>
            <measValue measObjLdn="MML00951HUNB001/ULoCell:NodeB Function Name=MML00951HUNB001, Local Cell ID=50153, Cell Name=MCUMAN6">
                <measResults>999.552 2 256 0 0 0 0 0 0 0 2.144 0 1.566 0 0 0 0 0 NIL 0 13 59.553 0 1.424 0 0 0 1 NIL NIL NIL NIL NIL NIL NIL NIL NIL NIL NIL NIL NIL NIL NIL NIL NIL NIL NIL NIL NIL NIL NIL NIL NIL NIL NIL NIL NIL </measResults>
            </measValue>
            <measValue measObjLdn="MML00951HUNB001/ULoCell:NodeB Function Name=MML00951HUNB001, Local Cell ID=60151, Cell Name=MCUMAN1">
                <measResults>860.909 2 256 0 0 0 0 0 0 0 3.357 0 2.207 0 0 0 3600 0 NIL 0 11 73.631 0 3.406 0 0 0 1 NIL NIL NIL NIL NIL NIL NIL NIL NIL NIL NIL NIL NIL NIL NIL NIL NIL NIL NIL NIL NIL NIL NIL NIL NIL NIL NIL NIL NIL </measResults>
            </measValue>
            <measValue measObjLdn="MML00951HUNB001/ULoCell:NodeB Function Name=MML00951HUNB001, Local Cell ID=60152, Cell Name=MCUMAN2">
                <measResults>695.113 8 255 0 0 0 0 0 0 0 6.512 0 7.216 0 0 0 3600 0 NIL 0 20 80.366 0 1.739 0 0 0 0.999 NIL NIL NIL NIL NIL NIL NIL NIL NIL NIL NIL NIL NIL NIL NIL NIL NIL NIL NIL NIL NIL NIL NIL NIL NIL NIL NIL NIL NIL </measResults>
            </measValue>
            <measValue measObjLdn="MML00951HUNB001/ULoCell:NodeB Function Name=MML00951HUNB001, Local Cell ID=60153, Cell Name=MCUMAN3">
                <measResults>970.224 3 256 0 0 0 0 0 0 0 3.542 0 2.102 0 0 0 3600 0 NIL 0 14 68.117 0 1.797 0 0 0 0.999 NIL NIL NIL NIL NIL NIL NIL NIL NIL NIL NIL NIL NIL NIL NIL NIL NIL NIL NIL NIL NIL NIL NIL NIL NIL NIL NIL NIL NIL </measResults>
            </measValue>
        </measInfo>
        <measInfo measInfoId="50331665">
            <granPeriod duration="PT3600S" endTime="2021-08-19T12:00:00+08:00"/>
            <repPeriod duration="PT3600S"/>
            <measTypes>50331740 50331741 50331742 50331743 50331744 50331909 50331910 50331911 50331912 50331913 50332381 50332382 50332576 50332577 </measTypes>
            <measValue measObjLdn="MML00951HUNB001/ULoCell:NodeB Function Name=MML00951HUNB001, Local Cell ID=10151, Cell Name=MCUMAU1">
                <measResults>0 0 0 0 0 0 0 0 0 0 0 0 0 0 </measResults>
            </measValue>
            <measValue measObjLdn="MML00951HUNB001/ULoCell:NodeB Function Name=MML00951HUNB001, Local Cell ID=10152, Cell Name=MCUMAU2">
                <measResults>0 0 0 0 0 0 0 0 0 0 0 0 0 0 </measResults>
            </measValue>
            <measValue measObjLdn="MML00951HUNB001/ULoCell:NodeB Function Name=MML00951HUNB001, Local Cell ID=10153, Cell Name=MCUMAU3">
                <measResults>0 0 0 0 0 0 0 0 0 0 0 0 0 0 </measResults>
            </measValue>
            <measValue measObjLdn="MML00951HUNB001/ULoCell:NodeB Function Name=MML00951HUNB001, Local Cell ID=50151, Cell Name=MCUMAN4">
                <measResults>0 0 0 0 0 0 0 0 0 0 0 0 0 0 </measResults>
            </measValue>
            <measValue measObjLdn="MML00951HUNB001/ULoCell:NodeB Function Name=MML00951HUNB001, Local Cell ID=50152, Cell Name=MCUMAN5">
                <measResults>0 0 0 0 0 0 0 0 0 0 0 0 0 0 </measResults>
            </measValue>
            <measValue measObjLdn="MML00951HUNB001/ULoCell:NodeB Function Name=MML00951HUNB001, Local Cell ID=50153, Cell Name=MCUMAN6">
                <measResults>0 0 0 0 0 0 0 0 0 0 0 0 0 0 </measResults>
            </measValue>
            <measValue measObjLdn="MML00951HUNB001/ULoCell:NodeB Function Name=MML00951HUNB001, Local Cell ID=60151, Cell Name=MCUMAN1">
                <measResults>0 0 0 0 0 0 0 0 0 0 0 0 0 0 </measResults>
            </measValue>
            <measValue measObjLdn="MML00951HUNB001/ULoCell:NodeB Function Name=MML00951HUNB001, Local Cell ID=60152, Cell Name=MCUMAN2">
                <measResults>0 0 0 0 0 0 0 0 0 0 0 0 0 0 </measResults>
            </measValue>
            <measValue measObjLdn="MML00951HUNB001/ULoCell:NodeB Function Name=MML00951HUNB001, Local Cell ID=60153, Cell Name=MCUMAN3">
                <measResults>0 0 0 0 0 0 0 0 0 0 0 0 0 0 </measResults>
            </measValue>
        </measInfo>
        <measInfo measInfoId="50331673">
            <granPeriod duration="PT3600S" endTime="2021-08-19T12:00:00+08:00"/>
            <repPeriod duration="PT3600S"/>
            <measTypes>50332055 50332056 50332057 50332058 50332059 50332060 50332278 50332279 50332280 50332281 50332282 50332283 50332284 50332285 50332286 50361648 50361649 50361650 50361651 </measTypes>
            <measValue measObjLdn="MML00951HUNB001/ULoCell:NodeB Function Name=MML00951HUNB001, Local Cell ID=10151, Cell Name=MCUMAU1">
                <measResults>61 42 24 0 0 0 17 19 2 7 10 0 0 11 6 0 0 0 0 </measResults>
            </measValue>
            <measValue measObjLdn="MML00951HUNB001/ULoCell:NodeB Function Name=MML00951HUNB001, Local Cell ID=10152, Cell Name=MCUMAU2">
                <measResults>64 53 33 0 0 0 26 30 3 12 7 1 0 22 9 0 0 0 0 </measResults>
            </measValue>
            <measValue measObjLdn="MML00951HUNB001/ULoCell:NodeB Function Name=MML00951HUNB001, Local Cell ID=10153, Cell Name=MCUMAU3">
                <measResults>47 30 20 0 0 0 17 20 3 10 10 0 0 16 8 0 0 0 0 </measResults>
            </measValue>
            <measValue measObjLdn="MML00951HUNB001/ULoCell:NodeB Function Name=MML00951HUNB001, Local Cell ID=50151, Cell Name=MCUMAN4">
                <measResults>14 9 3 0 0 0 11 10 5 10 10 0 1 15 9 0 0 0 0 </measResults>
            </measValue>
            <measValue measObjLdn="MML00951HUNB001/ULoCell:NodeB Function Name=MML00951HUNB001, Local Cell ID=50152, Cell Name=MCUMAN5">
                <measResults>21 14 4 0 0 0 27 22 14 29 17 5 9 29 7 0 0 0 0 </measResults>
            </measValue>
            <measValue measObjLdn="MML00951HUNB001/ULoCell:NodeB Function Name=MML00951HUNB001, Local Cell ID=50153, Cell Name=MCUMAN6">
                <measResults>12 8 4 0 0 0 17 15 8 11 17 1 3 11 14 0 0 0 0 </measResults>
            </measValue>
            <measValue measObjLdn="MML00951HUNB001/ULoCell:NodeB Function Name=MML00951HUNB001, Local Cell ID=60151, Cell Name=MCUMAN1">
                <measResults>12 17 8 0 0 0 19 19 5 11 7 1 1 17 5 0 0 0 0 </measResults>
            </measValue>
            <measValue measObjLdn="MML00951HUNB001/ULoCell:NodeB Function Name=MML00951HUNB001, Local Cell ID=60152, Cell Name=MCUMAN2">
                <measResults>27 22 15 0 0 0 41 46 13 24 21 5 14 27 10 0 0 0 0 </measResults>
            </measValue>
            <measValue measObjLdn="MML00951HUNB001/ULoCell:NodeB Function Name=MML00951HUNB001, Local Cell ID=60153, Cell Name=MCUMAN3">
                <measResults>13 14 9 0 0 0 29 29 8 14 13 1 2 15 10 0 0 0 0 </measResults>
            </measValue>
        </measInfo>
        <measInfo measInfoId="50331674">
            <granPeriod duration="PT3600S" endTime="2021-08-19T12:00:00+08:00"/>
            <repPeriod duration="PT3600S"/>
            <measTypes>50332161 50332162 50332163 50332164 50332165 50341718 50341719 50341720 50341721 </measTypes>
            <measValue measObjLdn="MML00951HUNB001/ULoCell:NodeB Function Name=MML00951HUNB001, Local Cell ID=10151, Cell Name=MCUMAU1">
                <measResults>0 0 0 0 0 0 0 0 0 </measResults>
            </measValue>
            <measValue measObjLdn="MML00951HUNB001/ULoCell:NodeB Function Name=MML00951HUNB001, Local Cell ID=10152, Cell Name=MCUMAU2">
                <measResults>0 0 0 0 0 0 0 0 0 </measResults>
            </measValue>
            <measValue measObjLdn="MML00951HUNB001/ULoCell:NodeB Function Name=MML00951HUNB001, Local Cell ID=10153, Cell Name=MCUMAU3">
                <measResults>0 0 0 0 0 0 0 0 0 </measResults>
            </measValue>
            <measValue measObjLdn="MML00951HUNB001/ULoCell:NodeB Function Name=MML00951HUNB001, Local Cell ID=50151, Cell Name=MCUMAN4">
                <measResults>0 0 0 0 0 0 0 0 0 </measResults>
            </measValue>
            <measValue measObjLdn="MML00951HUNB001/ULoCell:NodeB Function Name=MML00951HUNB001, Local Cell ID=50152, Cell Name=MCUMAN5">
                <measResults>0 0 0 0 0 0 0 0 0 </measResults>
            </measValue>
            <measValue measObjLdn="MML00951HUNB001/ULoCell:NodeB Function Name=MML00951HUNB001, Local Cell ID=50153, Cell Name=MCUMAN6">
                <measResults>0 0 0 0 0 0 0 0 0 </measResults>
            </measValue>
            <measValue measObjLdn="MML00951HUNB001/ULoCell:NodeB Function Name=MML00951HUNB001, Local Cell ID=60151, Cell Name=MCUMAN1">
                <measResults>0 0 0 0 0 0 0 0 0 </measResults>
            </measValue>
            <measValue measObjLdn="MML00951HUNB001/ULoCell:NodeB Function Name=MML00951HUNB001, Local Cell ID=60152, Cell Name=MCUMAN2">
                <measResults>0 0 0 0 0 0 0 0 0 </measResults>
            </measValue>
            <measValue measObjLdn="MML00951HUNB001/ULoCell:NodeB Function Name=MML00951HUNB001, Local Cell ID=60153, Cell Name=MCUMAN3">
                <measResults>0 0 0 0 0 0 0 0 0 </measResults>
            </measValue>
        </measInfo>
        <measInfo measInfoId="50331676">
            <granPeriod duration="PT3600S" endTime="2021-08-19T12:00:00+08:00"/>
            <repPeriod duration="PT3600S"/>
            <measTypes>50331747 50332175 50332176 50332177 50332178 50332179 50332180 50332181 50332182 50332183 50332184 50332185 50332186 50332187 50332188 50332189 50332190 50332192 50332193 50332194 50332195 50332196 50332197 50332198 50332199 50332200 50332201 50332202 50332203 50332204 50332205 50332206 50332207 50332208 50332209 50332210 50332211 50332212 50332213 50332214 50332219 50332232 50332233 50332234 50332235 50332236 50332237 50332238 50332245 50332246 50332648 50332649 50332650 50332651 50332652 50332653 50332654 50332655 50332656 50332657 50332658 50332670 50332848 50332849 50332850 50332853 50332854 50332855 50332856 50332865 50332866 50332867 50332868 50332869 50332870 50332871 50332872 50332873 50332874 50332875 50332876 50332877 50332878 50332879 50332880 50332881 50332882 50332883 50332884 50332885 50332886 50332887 50332888 50332889 50332890 50332891 50332892 50332894 50332895 50332896 50332897 50332898 50332899 50332900 50332901 50332902 50332903 50332904 50332905 50332906 50332907 50332908 50332909 50332910 50332943 50332944 50332945 50332946 50332947 50332948 50332949 50332950 50332951 50332952 50332953 50332954 50332955 50332956 50332957 50332958 50332959 50332960 50332961 50332962 50332963 50332964 50332965 50332966 50332967 50332968 50332969 50332970 50332971 50332972 50332973 50332974 50332985 50332986 50332987 50332990 50341723 50341741 50341742 50341743 50341748 50341749 50341750 50341751 50341752 50341753 50341754 50341755 50341756 50341757 50341758 50341759 </measTypes>
            <measValue measObjLdn="MML00951HUNB001/ULoCell:NodeB Function Name=MML00951HUNB001, Local Cell ID=10151, Cell Name=MCUMAU1">
                <measResults>1539442628 1337776 66558 25670 22359 25688 31050 3416 32516 3721 32140 7060 57057 128912 25990 87 0 0 1491259419 25264 0 3889 0 0 0 0 1 29736 58356 1472 462 729 555 316 181 167 29 3 1 1 9390080 1537536257 573976 1874711103 756990 300329 129251 7023 744719240 338664 108236 84151 121430 72010 32920 12893 10023 2132 2 0 0 251410 0 0 0 233627 0 12 60479 0 0 0 0 0 0 0 0 0 1919 0 0 293537581 697289948 428351644 115509933 257640 210908 87907 20718 0 0 0 0 1317352 4261 2666 0 0 0 0 0 0 0 0 0 0 0 0 0 0 0 0 0 0 0 0 0 0 0 0 0 0 0 0 0 0 0 0 0 0 NIL NIL NIL NIL NIL NIL NIL NIL NIL NIL NIL NIL NIL NIL NIL NIL 0 0 0 487501 3.343 NIL 0 0 47994.805 123598.234 353469.906 351321 223114.453 112022.461 114497.461 32422.205 44.104 0 0 1186891.625 </measResults>
            </measValue>
            <measValue measObjLdn="MML00951HUNB001/ULoCell:NodeB Function Name=MML00951HUNB001, Local Cell ID=10152, Cell Name=MCUMAU2">
                <measResults>4556508176 1203695 89340 18420 12097 9754 13483 5255 14932 6865 18605 45052 201076 138188 23238 0 0 0 4518133770 17438 0 6640 0 0 0 0 12 87301 114193 2337 443 791 741 565 417 799 589 182 17 7 1506133000 4561246860 803399 5224637978 789197 567837 401996 172924 1979684496 443571 93974 48131 95774 88131 56977 48578 89380 55747 18711 310 0 453608 0 0 0 117397 4 10 98844 0 0 0 0 0 0 0 0 0 3923 0 0 79510644 610150096 1047014384 1924304621 105201 257856 189744 195288 0 0 0 0 3274183 9314 5214 0 0 0 0 0 0 0 0 0 0 0 0 0 0 0 0 0 0 0 0 0 0 0 0 0 0 0 0 0 0 0 0 0 0 NIL NIL NIL NIL NIL NIL NIL NIL NIL NIL NIL NIL NIL NIL NIL NIL 0 0 0 680583 5.576 NIL 0 0 27059.197 72091.984 289131.469 441056.688 395791.906 438863.594 1059208.125 905068.375 450874.563 9388.912 0 3989383.5 </measResults>
            </measValue>
            <measValue measObjLdn="MML00951HUNB001/ULoCell:NodeB Function Name=MML00951HUNB001, Local Cell ID=10153, Cell Name=MCUMAU3">
                <measResults>2452361084 1199263 73054 41687 46341 45516 43838 4877 42300 5129 35512 6829 45759 104225 103577 2093 0 0 2433269168 71021 0 3514 0 0 0 0 2 56758 103185 2402 610 747 566 405 237 355 427 153 7 7 540343416 2455316287 819786 2984912111 622274 347831 290605 139385 636064859 386619 240597 128038 122213 80954 33133 14498 17834 21635 8524 2 0 298793 0 0 0 299360 0 1 67351 0 0 0 0 0 0 0 0 0 446 0 0 398421269 687428639 458729259 458858573 419589 210188 100452 57241 0 0 0 0 2253821 6074 3850 0 0 0 0 0 0 0 0 0 0 0 0 0 0 0 0 0 0 0 0 0 0 0 0 0 0 0 0 0 0 0 0 0 0 NIL NIL NIL NIL NIL NIL NIL NIL NIL NIL NIL NIL NIL NIL NIL NIL 0 0 0 696057 4.061 NIL 0 0 103790.984 187283.813 357759.063 395651.156 227346.375 129596.938 210197.391 365445.375 189675.063 62.296 0 1875733.625 </measResults>
            </measValue>
            <measValue measObjLdn="MML00951HUNB001/ULoCell:NodeB Function Name=MML00951HUNB001, Local Cell ID=50151, Cell Name=MCUMAN4">
                <measResults>3251545352 1294395 72275 12282 10175 7050 7613 4416 9096 6240 18979 10115 20559 21426 282412 22967 0 0 3197926104 13228 0 10917 0 0 0 0 0 39329 49824 1384 138 369 598 857 637 459 320 105 13 3 413509944 3203198267 606454 4261332720 73649 360186 418061 296394 1830317225 382230 28465 8524 55369 85690 146338 47219 23904 19264 5920 10 0 383714 0 0 0 40075 0 1 92462 0 0 0 0 0 0 0 0 0 0 0 0 5713740 153663343 1604206180 796247540 24203 66078 301161 152561 0 0 0 0 2200017 10939 4181 0 0 0 0 0 0 0 0 0 0 0 0 0 0 0 0 0 0 0 0 0 0 0 0 0 0 0 0 0 0 0 0 0 0 NIL NIL NIL NIL NIL NIL NIL NIL NIL NIL NIL NIL NIL NIL NIL NIL 0 0 0 483235 3.305 NIL 0 0 4209.993 13400.641 161699.219 436743.188 1028035.688 410319.844 282395.156 314829.719 131290.906 330.168 0 2765644 </measResults>
            </measValue>
            <measValue measObjLdn="MML00951HUNB001/ULoCell:NodeB Function Name=MML00951HUNB001, Local Cell ID=50152, Cell Name=MCUMAN5">
                <measResults>1081516892 1420113 226802 32711 10172 5987 9888 5899 7479 7884 16759 13799 7134 23875 11408 90 0 0 880265790 13954 0 2044 0 0 0 0 29 3871 9483 2032 105 205 222 322 634 1062 722 259 130 7 411394032 1080910121 415720 1385706451 67676 367874 1002112 1795981 174548570 117074 33679 4322 8044 7107 7221 9373 11978 5265 654 173 0 49815 0 0 0 11317 2 1 221812 0 0 0 0 0 0 0 0 0 0 0 0 1970585 26217177 77896891 210243711 22839 47745 45805 104789 0 0 0 0 7179488 38927 17532 0 0 0 0 0 0 0 0 0 0 0 0 0 0 0 0 0 0 0 0 0 0 0 0 0 0 0 0 0 0 0 0 0 0 NIL NIL NIL NIL NIL NIL NIL NIL NIL NIL NIL NIL NIL NIL NIL NIL 0 0 0 162048 9.561 NIL 0 0 7319.48 6597.039 23694.262 35594.355 50385.512 84190.773 136827.016 85869.055 14917.746 5630 0 437108.719 </measResults>
            </measValue>
            <measValue measObjLdn="MML00951HUNB001/ULoCell:NodeB Function Name=MML00951HUNB001, Local Cell ID=50153, Cell Name=MCUMAN6">
                <measResults>2036272364 1488837 83270 10978 6004 4843 4840 3288 8343 4165 20974 5107 8315 9932 134065 7039 0 0 2003034288 8193 0 1160 0 0 0 0 1 20452 25501 1131 112 269 255 325 370 563 480 153 20 6 553149704 2027464575 354623 2551674047 103876 224309 360354 417601 171912743 53857 29606 6217 37653 28890 28250 20045 27487 30868 10190 19 0 183402 0 0 0 40740 0 3 81052 0 0 0 0 0 0 0 0 0 0 0 0 3975512 129885035 376052064 584101420 19013 66015 84816 101128 0 0 0 0 3877584 17786 8365 0 0 0 0 0 0 0 0 0 0 0 0 0 0 0 0 0 0 0 0 0 0 0 0 0 0 0 0 0 0 0 0 0 0 NIL NIL NIL NIL NIL NIL NIL NIL NIL NIL NIL NIL NIL NIL NIL NIL 0 0 0 257901 3.902 NIL 0 0 3856.536 9527.889 107730.297 139838.391 194434.547 178646.484 330259.906 517716 236733.047 623.544 0 1705982.25 </measResults>
            </measValue>
            <measValue measObjLdn="MML00951HUNB001/ULoCell:NodeB Function Name=MML00951HUNB001, Local Cell ID=60151, Cell Name=MCUMAN1">
                <measResults>2866636812 1444288 77561 9523 5317 3876 4856 2741 5917 4347 6706 4299 16649 129388 84480 52 0 0 2878298432 20501 0 552 0 0 0 0 1 24538 29035 978 61 206 341 325 309 622 826 144 10 2 859217104 2876464226 415355 3381188348 209860 343702 446934 187367 185994112 63236 31668 4694 25439 42316 29431 27748 48222 59682 3846 8 0 236692 0 0 0 27144 0 4 81460 0 0 0 0 0 0 0 0 0 1119 0 0 51844079 441523523 751825288 1471939768 50504 102672 105466 142456 0 0 0 0 2934406 15788 7043 0 0 0 0 0 0 0 0 0 0 0 0 0 0 0 0 0 0 0 0 0 0 0 0 0 0 0 0 0 0 0 0 0 0 NIL NIL NIL NIL NIL NIL NIL NIL NIL NIL NIL NIL NIL NIL NIL NIL 0 0 0 308894 3.473 NIL 0 0 3340.642 7098.356 80119.477 215826.594 204267.984 251833.547 575019.25 980088.375 82163.313 271.88 0 2389590.5 </measResults>
            </measValue>
            <measValue measObjLdn="MML00951HUNB001/ULoCell:NodeB Function Name=MML00951HUNB001, Local Cell ID=60152, Cell Name=MCUMAN2">
                <measResults>835700784 1357348 266915 40232 11271 10120 13493 6836 7094 7296 14375 26332 29451 9220 17 0 0 0 682959979 39030 0 2375 0 0 0 0 84 8425 17020 3317 131 255 325 356 346 874 1042 629 150 6 260476128 769494680 522056 1300500081 241752 523021 999360 1344843 110227798 165442 59544 11917 13769 9999 7450 4764 7179 6577 1145 167 0 51050 0 0 0 19616 2 19 254237 0 0 0 0 0 0 0 0 0 432 0 0 13966798 68294606 144787264 263200617 61541 123629 73121 125661 0 0 0 0 6238638 50232 18956 0 0 0 0 0 0 0 0 0 0 0 0 0 0 0 0 0 0 0 0 0 0 0 0 0 0 0 0 0 0 0 0 0 0 NIL NIL NIL NIL NIL NIL NIL NIL NIL NIL NIL NIL NIL NIL NIL NIL 0 0 0 224339 10.365 NIL 0 0 6162.786 17246.574 42457.277 49276.594 51723.363 42534.934 86093.898 106463.234 28140 5119.848 0 411809.156 </measResults>
            </measValue>
            <measValue measObjLdn="MML00951HUNB001/ULoCell:NodeB Function Name=MML00951HUNB001, Local Cell ID=60153, Cell Name=MCUMAN3">
                <measResults>1910536288 1492256 81021 12309 6027 4086 4552 3054 5632 3988 6825 4935 11320 116261 47734 0 0 0 1887922592 9705 0 2521 0 0 0 0 1 18867 23444 1226 73 250 313 386 283 509 545 82 7 4 480122920 1913017032 345093 2372927973 197089 333027 364883 223038 105482927 34198 27080 5694 25509 34572 32842 17528 28685 26683 4296 1 0 170116 0 0 0 30296 0 0 85293 0 0 0 0 0 0 0 0 0 0 0 0 68527036 459534811 503602292 741021486 43162 114519 88702 87521 0 0 0 0 3984472 21167 9675 0 0 0 0 0 0 0 0 0 0 0 0 0 0 0 0 0 0 0 0 0 0 0 0 0 0 0 0 0 0 0 0 0 0 NIL NIL NIL NIL NIL NIL NIL NIL NIL NIL NIL NIL NIL NIL NIL NIL 0 0 0 241988 3.971 NIL 0 0 3724.072 8385.356 81324.961 174125.625 222345.016 155985.219 345645.656 435493.625 91867.422 35.28 0 1506822.75 </measResults>
            </measValue>
        </measInfo>
        <measInfo measInfoId="50331649">
            <granPeriod duration="PT3600S" endTime="2021-08-19T12:00:00+08:00"/>
            <repPeriod duration="PT3600S"/>
            <measTypes>50332578 50332579 50332580 50332581 50342578 50342579 50342580 50342581 </measTypes>
            <measValue measObjLdn="MML00951HUNB001/NodeBFunction:NodeB Function Name=MML00951HUNB001">
                <measResults>8.848 3.717 7.778 101.789 12.8 8.2 12.6 134.6 </measResults>
            </measValue>
        </measInfo>
        <measInfo measInfoId="50331654">
            <granPeriod duration="PT3600S" endTime="2021-08-19T12:00:00+08:00"/>
            <repPeriod duration="PT3600S"/>
            <measTypes>50332565 50332566 50332633 50332635 </measTypes>
            <measValue measObjLdn="MML00951HUNB001/NodeBFunction:NodeB Function Name=MML00951HUNB001">
                <measResults>3072 1792 0 0 </measResults>
            </measValue>
        </measInfo>
        <measInfo measInfoId="50331664">
            <granPeriod duration="PT3600S" endTime="2021-08-19T12:00:00+08:00"/>
            <repPeriod duration="PT3600S"/>
            <measTypes>50332572 50332585 50332587 50332588 50332589 50332590 50332617 50332618 50332625 </measTypes>
            <measValue measObjLdn="MML00951HUNB001/NodeBFunction:NodeB Function Name=MML00951HUNB001">
                <measResults>2 0 46 46 0 29 0 0 4 </measResults>
            </measValue>
        </measInfo>
        <measInfo measInfoId="50331666">
            <granPeriod duration="PT3600S" endTime="2021-08-19T12:00:00+08:00"/>
            <repPeriod duration="PT3600S"/>
            <measTypes>50332567 50332568 50332569 50332570 50332571 </measTypes>
            <measValue measObjLdn="MML00951HUNB001/NodeBFunction:NodeB Function Name=MML00951HUNB001">
                <measResults>0 0 0 0 0 </measResults>
            </measValue>
        </measInfo>
        <measInfo measInfoId="50331681">
            <granPeriod duration="PT3600S" endTime="2021-08-19T12:00:00+08:00"/>
            <repPeriod duration="PT3600S"/>
            <measTypes>50342640 50342641 50342642 50342643 50342644 50342645 50342646 50342647 </measTypes>
            <measValue measObjLdn="MML00951HUNB001/NodeBFunction:NodeB Function Name=MML00951HUNB001">
                <measResults>18540974 18635718 1398579163 3486067161 4221613 3107953 16501771 7746815 </measResults>
            </measValue>
        </measInfo>
        <measInfo measInfoId="50331652">
            <granPeriod duration="PT3600S" endTime="2021-08-19T12:00:00+08:00"/>
            <repPeriod duration="PT3600S"/>
            <measTypes>50332555 50332556 50332557 50332558 50332559 50332560 50332561 50332562 50332563 50332564 50332593 50332594 50342555 50342556 50342561 50342562 50342563 50342564 50342567 50342568 50342569 50342570 50342571 50342572 50342618 50342619 50342621 50342622 50342624 50342625 50342627 50342628 </measTypes>
            <measValue measObjLdn="MML00951HUNB001/NodeBFunction:NodeB Function Name=MML00951HUNB001/MocID:2/CnOperator:-1">
                <measResults>0 0 0 0 4736 3840 186.742 91.864 0 76.725 0 0 0 0 234 117 0 100.5 73 151.5 58.5 0 0 0 0 0 0 0 0 0 0 0 </measResults>
            </measValue>
        </measInfo>
        <measInfo measInfoId="50331667">
            <granPeriod duration="PT3600S" endTime="2021-08-19T12:00:00+08:00"/>
            <repPeriod duration="PT3600S"/>
            <measTypes>50332591 50332592 50332595 50332596 50332597 </measTypes>
            <measValue measObjLdn="MML00951HUNB001/NodeBFunction:NodeB Function Name=MML00951HUNB001/MocID:2/CnOperator:-1">
                <measResults>0 0 0 0 0 </measResults>
            </measValue>
        </measInfo>
        <measInfo measInfoId="50331668">
            <granPeriod duration="PT3600S" endTime="2021-08-19T12:00:00+08:00"/>
            <repPeriod duration="PT3600S"/>
            <measTypes>50332348 50332349 </measTypes>
            <measValue measObjLdn="MML00951HUNB001/LOCELL_SECTOREQM:NodeB Function Name=MML00951HUNB001, Local Cell ID=10151, Sector Equipment ID=0">
                <measResults>0 0 </measResults>
            </measValue>
            <measValue measObjLdn="MML00951HUNB001/LOCELL_SECTOREQM:NodeB Function Name=MML00951HUNB001, Local Cell ID=10152, Sector Equipment ID=1">
                <measResults>0 0 </measResults>
            </measValue>
            <measValue measObjLdn="MML00951HUNB001/LOCELL_SECTOREQM:NodeB Function Name=MML00951HUNB001, Local Cell ID=10153, Sector Equipment ID=2">
                <measResults>0 0 </measResults>
            </measValue>
            <measValue measObjLdn="MML00951HUNB001/LOCELL_SECTOREQM:NodeB Function Name=MML00951HUNB001, Local Cell ID=50151, Sector Equipment ID=6">
                <measResults>0 0 </measResults>
            </measValue>
            <measValue measObjLdn="MML00951HUNB001/LOCELL_SECTOREQM:NodeB Function Name=MML00951HUNB001, Local Cell ID=50152, Sector Equipment ID=7">
                <measResults>0 0 </measResults>
            </measValue>
            <measValue measObjLdn="MML00951HUNB001/LOCELL_SECTOREQM:NodeB Function Name=MML00951HUNB001, Local Cell ID=50153, Sector Equipment ID=8">
                <measResults>0 0 </measResults>
            </measValue>
            <measValue measObjLdn="MML00951HUNB001/LOCELL_SECTOREQM:NodeB Function Name=MML00951HUNB001, Local Cell ID=60151, Sector Equipment ID=10">
                <measResults>0 0 </measResults>
            </measValue>
            <measValue measObjLdn="MML00951HUNB001/LOCELL_SECTOREQM:NodeB Function Name=MML00951HUNB001, Local Cell ID=60152, Sector Equipment ID=11">
                <measResults>0 0 </measResults>
            </measValue>
            <measValue measObjLdn="MML00951HUNB001/LOCELL_SECTOREQM:NodeB Function Name=MML00951HUNB001, Local Cell ID=60153, Sector Equipment ID=12">
                <measResults>0 0 </measResults>
            </measValue>
        </measInfo>
        <measInfo measInfoId="50331669">
            <granPeriod duration="PT3600S" endTime="2021-08-19T12:00:00+08:00"/>
            <repPeriod duration="PT3600S"/>
            <measTypes>50332350 50332351 50332352 50332353 </measTypes>
            <measValue measObjLdn="MML00951HUNB001/LOCELL_SECTOREQM:NodeB Function Name=MML00951HUNB001, Local Cell ID=10151, Sector Equipment ID=0">
                <measResults>31064 67 30548 30570 </measResults>
            </measValue>
            <measValue measObjLdn="MML00951HUNB001/LOCELL_SECTOREQM:NodeB Function Name=MML00951HUNB001, Local Cell ID=10152, Sector Equipment ID=1">
                <measResults>36000 31 34742 34773 </measResults>
            </measValue>
            <measValue measObjLdn="MML00951HUNB001/LOCELL_SECTOREQM:NodeB Function Name=MML00951HUNB001, Local Cell ID=10153, Sector Equipment ID=2">
                <measResults>20342 34 18998 19012 </measResults>
            </measValue>
            <measValue measObjLdn="MML00951HUNB001/LOCELL_SECTOREQM:NodeB Function Name=MML00951HUNB001, Local Cell ID=50151, Sector Equipment ID=6">
                <measResults>25710 161 23976 24012 </measResults>
            </measValue>
            <measValue measObjLdn="MML00951HUNB001/LOCELL_SECTOREQM:NodeB Function Name=MML00951HUNB001, Local Cell ID=50152, Sector Equipment ID=7">
                <measResults>72743 167 71761 71937 </measResults>
            </measValue>
            <measValue measObjLdn="MML00951HUNB001/LOCELL_SECTOREQM:NodeB Function Name=MML00951HUNB001, Local Cell ID=50153, Sector Equipment ID=8">
                <measResults>36359 298 31822 31903 </measResults>
            </measValue>
            <measValue measObjLdn="MML00951HUNB001/LOCELL_SECTOREQM:NodeB Function Name=MML00951HUNB001, Local Cell ID=60151, Sector Equipment ID=10">
                <measResults>23168 57 21720 21758 </measResults>
            </measValue>
            <measValue measObjLdn="MML00951HUNB001/LOCELL_SECTOREQM:NodeB Function Name=MML00951HUNB001, Local Cell ID=60152, Sector Equipment ID=11">
                <measResults>53569 81 52537 52681 </measResults>
            </measValue>
            <measValue measObjLdn="MML00951HUNB001/LOCELL_SECTOREQM:NodeB Function Name=MML00951HUNB001, Local Cell ID=60153, Sector Equipment ID=12">
                <measResults>38862 160 34613 34680 </measResults>
            </measValue>
        </measInfo>
        <measInfo measInfoId="50331670">
            <granPeriod duration="PT3600S" endTime="2021-08-19T12:00:00+08:00"/>
            <repPeriod duration="PT3600S"/>
            <measTypes>50332354 50332355 </measTypes>
            <measValue measObjLdn="MML00951HUNB001/LOCELL_SECTOREQM:NodeB Function Name=MML00951HUNB001, Local Cell ID=10151, Sector Equipment ID=0">
                <measResults>0 0 </measResults>
            </measValue>
            <measValue measObjLdn="MML00951HUNB001/LOCELL_SECTOREQM:NodeB Function Name=MML00951HUNB001, Local Cell ID=10152, Sector Equipment ID=1">
                <measResults>0 0 </measResults>
            </measValue>
            <measValue measObjLdn="MML00951HUNB001/LOCELL_SECTOREQM:NodeB Function Name=MML00951HUNB001, Local Cell ID=10153, Sector Equipment ID=2">
                <measResults>0 0 </measResults>
            </measValue>
            <measValue measObjLdn="MML00951HUNB001/LOCELL_SECTOREQM:NodeB Function Name=MML00951HUNB001, Local Cell ID=50151, Sector Equipment ID=6">
                <measResults>0 0 </measResults>
            </measValue>
            <measValue measObjLdn="MML00951HUNB001/LOCELL_SECTOREQM:NodeB Function Name=MML00951HUNB001, Local Cell ID=50152, Sector Equipment ID=7">
                <measResults>0 0 </measResults>
            </measValue>
            <measValue measObjLdn="MML00951HUNB001/LOCELL_SECTOREQM:NodeB Function Name=MML00951HUNB001, Local Cell ID=50153, Sector Equipment ID=8">
                <measResults>0 0 </measResults>
            </measValue>
            <measValue measObjLdn="MML00951HUNB001/LOCELL_SECTOREQM:NodeB Function Name=MML00951HUNB001, Local Cell ID=60151, Sector Equipment ID=10">
                <measResults>0 0 </measResults>
            </measValue>
            <measValue measObjLdn="MML00951HUNB001/LOCELL_SECTOREQM:NodeB Function Name=MML00951HUNB001, Local Cell ID=60152, Sector Equipment ID=11">
                <measResults>0 0 </measResults>
            </measValue>
            <measValue measObjLdn="MML00951HUNB001/LOCELL_SECTOREQM:NodeB Function Name=MML00951HUNB001, Local Cell ID=60153, Sector Equipment ID=12">
                <measResults>0 0 </measResults>
            </measValue>
        </measInfo>
        <measInfo measInfoId="50331672">
            <granPeriod duration="PT3600S" endTime="2021-08-19T12:00:00+08:00"/>
            <repPeriod duration="PT3600S"/>
            <measTypes>50342590 50342591 50342592 50342593 50342594 50342595 50342596 50342597 </measTypes>
            <measValue measObjLdn="MML00951HUNB001/LOCELL_SECTOREQM:NodeB Function Name=MML00951HUNB001, Local Cell ID=10151, Sector Equipment ID=0">
                <measResults>-100.721 -100.421 -99.509 -100.269 -102.4 -102 -101.5 -102.8 </measResults>
            </measValue>
            <measValue measObjLdn="MML00951HUNB001/LOCELL_SECTOREQM:NodeB Function Name=MML00951HUNB001, Local Cell ID=10152, Sector Equipment ID=1">
                <measResults>-94.767 -97.824 -97.581 -94.565 -95.9 -99.5 -99.6 -95.5 </measResults>
            </measValue>
            <measValue measObjLdn="MML00951HUNB001/LOCELL_SECTOREQM:NodeB Function Name=MML00951HUNB001, Local Cell ID=10153, Sector Equipment ID=2">
                <measResults>-102.352 -101.819 -101.699 -101.878 -104.1 -103.5 -103.4 -103.3 </measResults>
            </measValue>
            <measValue measObjLdn="MML00951HUNB001/LOCELL_SECTOREQM:NodeB Function Name=MML00951HUNB001, Local Cell ID=50151, Sector Equipment ID=6">
                <measResults>-83.726 -86.375 NIL NIL -84.9 -87.8 NIL NIL </measResults>
            </measValue>
            <measValue measObjLdn="MML00951HUNB001/LOCELL_SECTOREQM:NodeB Function Name=MML00951HUNB001, Local Cell ID=50152, Sector Equipment ID=7">
                <measResults>-66.599 -75.422 NIL NIL -68.1 -77.1 NIL NIL </measResults>
            </measValue>
            <measValue measObjLdn="MML00951HUNB001/LOCELL_SECTOREQM:NodeB Function Name=MML00951HUNB001, Local Cell ID=50153, Sector Equipment ID=8">
                <measResults>-87.724 -87.539 NIL NIL -90.1 -89.3 NIL NIL </measResults>
            </measValue>
            <measValue measObjLdn="MML00951HUNB001/LOCELL_SECTOREQM:NodeB Function Name=MML00951HUNB001, Local Cell ID=60151, Sector Equipment ID=10">
                <measResults>-81.074 -81.655 NIL NIL -82.2 -82.8 NIL NIL </measResults>
            </measValue>
            <measValue measObjLdn="MML00951HUNB001/LOCELL_SECTOREQM:NodeB Function Name=MML00951HUNB001, Local Cell ID=60152, Sector Equipment ID=11">
                <measResults>-72.497 -79.277 NIL NIL -73.6 -80.7 NIL NIL </measResults>
            </measValue>
            <measValue measObjLdn="MML00951HUNB001/LOCELL_SECTOREQM:NodeB Function Name=MML00951HUNB001, Local Cell ID=60153, Sector Equipment ID=12">
                <measResults>-84.391 -85.392 NIL NIL -87 -87.8 NIL NIL </measResults>
            </measValue>
        </measInfo>
        <measInfo measInfoId="50331682">
            <granPeriod duration="PT3600S" endTime="2021-08-19T12:00:00+08:00"/>
            <repPeriod duration="PT3600S"/>
            <measTypes>50332602 50332603 50332615 50332616 </measTypes>
            <measValue measObjLdn="MML00951HUNB001/LOCELL_SECTOREQM:NodeB Function Name=MML00951HUNB001, Local Cell ID=10151, Sector Equipment ID=0">
                <measResults>220 227 229 237 </measResults>
            </measValue>
            <measValue measObjLdn="MML00951HUNB001/LOCELL_SECTOREQM:NodeB Function Name=MML00951HUNB001, Local Cell ID=10152, Sector Equipment ID=1">
                <measResults>164 165 170 191 </measResults>
            </measValue>
            <measValue measObjLdn="MML00951HUNB001/LOCELL_SECTOREQM:NodeB Function Name=MML00951HUNB001, Local Cell ID=10153, Sector Equipment ID=2">
                <measResults>246 237 241 248 </measResults>
            </measValue>
            <measValue measObjLdn="MML00951HUNB001/LOCELL_SECTOREQM:NodeB Function Name=MML00951HUNB001, Local Cell ID=50151, Sector Equipment ID=6">
                <measResults>NIL NIL NIL NIL </measResults>
            </measValue>
            <measValue measObjLdn="MML00951HUNB001/LOCELL_SECTOREQM:NodeB Function Name=MML00951HUNB001, Local Cell ID=50152, Sector Equipment ID=7">
                <measResults>NIL NIL NIL NIL </measResults>
            </measValue>
            <measValue measObjLdn="MML00951HUNB001/LOCELL_SECTOREQM:NodeB Function Name=MML00951HUNB001, Local Cell ID=50153, Sector Equipment ID=8">
                <measResults>NIL NIL NIL NIL </measResults>
            </measValue>
            <measValue measObjLdn="MML00951HUNB001/LOCELL_SECTOREQM:NodeB Function Name=MML00951HUNB001, Local Cell ID=60151, Sector Equipment ID=10">
                <measResults>997 979 NIL NIL </measResults>
            </measValue>
            <measValue measObjLdn="MML00951HUNB001/LOCELL_SECTOREQM:NodeB Function Name=MML00951HUNB001, Local Cell ID=60152, Sector Equipment ID=11">
                <measResults>152 932 NIL NIL </measResults>
            </measValue>
            <measValue measObjLdn="MML00951HUNB001/LOCELL_SECTOREQM:NodeB Function Name=MML00951HUNB001, Local Cell ID=60153, Sector Equipment ID=12">
                <measResults>763 923 NIL NIL </measResults>
            </measValue>
        </measInfo>
    </measData>
    <fileFooter>
        <measCollec endTime="2021-08-19T12:00:00+08:00"/>
    </fileFooter>
</measCollecFile>
