<?xml version="1.0" encoding="UTF-8"?>
<measCollecFile xmlns="http://latest/nmc-omc/cmNrm.doc#measCollec" xmlns:xsi="http://www.w3.org/2001/XMLSchema-instance" xsi:schemaLocation="http://latest/nmc-omc/cmNrm.doc#measCollec schema\pmResultSchedule.xsd">
    <fileHeader fileFormatVersion="32.435 V7.2" vendorName="Huawei">
        <fileSender elementType="USCDB"/>
        <measCollec beginTime="2021-08-11T23:00:00+08:00"/>
    </fileHeader>
    <measData>
        <managedElement userLabel="vis1ENSAAABE01"/>
        <measInfo measInfoId="1682984641">
            <granPeriod duration="PT3600S" endTime="2021-08-12T00:00:00+08:00"/>
            <repPeriod duration="PT3600S"/>
            <measTypes>1683015482 1683015483 1683015484 1683015485 1683015486 1683015487 </measTypes>
            <measValue measObjLdn="vis1ENSAAABE01/UIM Measurement:ME type=UIM, Measurement OBJECT ID=OBJECT0">
                <measResults>0 0 0 0 0 0 </measResults>
            </measValue>
        </measInfo>
        <measInfo measInfoId="1682984620">
            <granPeriod duration="PT3600S" endTime="2021-08-12T00:00:00+08:00"/>
            <repPeriod duration="PT3600S"/>
            <measTypes>1683014980 1683014981 1683014982 1683014983 1683014984 1683014985 1683014986 1683014987 1683014988 1683014989 1683014990 1683014991 1683014992 1683015179 </measTypes>
            <measValue measObjLdn="vis1ENSAAABE01/ENS Resource Data Measurement:ME type=ENS, Measurement OBJECT ID=OBJECT0">
                <measResults>34 0 39 0 0 6 0 14 2 1 76 76 0 73 </measResults>
            </measValue>
        </measInfo>
        <measInfo measInfoId="1682984621">
            <granPeriod duration="PT3600S" endTime="2021-08-12T00:00:00+08:00"/>
            <repPeriod duration="PT3600S"/>
            <measTypes>1683014995 1683014996 1683014997 1683014998 </measTypes>
            <measValue measObjLdn="vis1ENSAAABE01/ENS Resource Data Measurement:ME type=ENS, Measurement OBJECT ID=OBJECT0">
                <measResults>4999864 0 0 0 </measResults>
            </measValue>
        </measInfo>
        <measInfo measInfoId="1682984690">
            <granPeriod duration="PT3600S" endTime="2021-08-12T00:00:00+08:00"/>
            <repPeriod duration="PT3600S"/>
            <measTypes>1682994560 1682994561 1682994562 1682994563 1682994564 1682994565 </measTypes>
            <measValue measObjLdn="vis1ENSAAABE01/USCDB Provisioning Statistic Measurement:Provisioning Statistic Object Index=0, Provisioning Statistic Object Name=ALL Commands Statistic">
                <measResults>0 0 0 0 0 0 </measResults>
            </measValue>
        </measInfo>
        <measInfo measInfoId="1682984681">
            <granPeriod duration="PT3600S" endTime="2021-08-12T00:00:00+08:00"/>
            <repPeriod duration="PT3600S"/>
            <measTypes>1682994488 1682994570 </measTypes>
            <measValue measObjLdn="vis1ENSAAABE01/USCDB Object Data Measurement:Cluster ID=1037, Node ID=1038">
                <measResults>2045481 2045481 </measResults>
            </measValue>
            <measValue measObjLdn="vis1ENSAAABE01/USCDB Object Data Measurement:Cluster ID=1069, Node ID=1070">
                <measResults>227364 227364 </measResults>
            </measValue>
            <measValue measObjLdn="vis1ENSAAABE01/USCDB Object Data Measurement:Cluster ID=1081, Node ID=1082">
                <measResults>227364 227364 </measResults>
            </measValue>
            <measValue measObjLdn="vis1ENSAAABE01/USCDB Object Data Measurement:Cluster ID=1077, Node ID=1078">
                <measResults>227364 227364 </measResults>
            </measValue>
            <measValue measObjLdn="vis1ENSAAABE01/USCDB Object Data Measurement:Cluster ID=1057, Node ID=1057">
                <measResults>364186 364186 </measResults>
            </measValue>
            <measValue measObjLdn="vis1ENSAAABE01/USCDB Object Data Measurement:Cluster ID=1041, Node ID=1042">
                <measResults>2045097 2045097 </measResults>
            </measValue>
            <measValue measObjLdn="vis1ENSAAABE01/USCDB Object Data Measurement:Cluster ID=1081, Node ID=1081">
                <measResults>227364 227364 </measResults>
            </measValue>
            <measValue measObjLdn="vis1ENSAAABE01/USCDB Object Data Measurement:Cluster ID=1037, Node ID=1037">
                <measResults>2045481 2045481 </measResults>
            </measValue>
            <measValue measObjLdn="vis1ENSAAABE01/USCDB Object Data Measurement:Cluster ID=1077, Node ID=1077">
                <measResults>227364 227364 </measResults>
            </measValue>
            <measValue measObjLdn="vis1ENSAAABE01/USCDB Object Data Measurement:Cluster ID=1041, Node ID=1041">
                <measResults>2045097 2045097 </measResults>
            </measValue>
            <measValue measObjLdn="vis1ENSAAABE01/USCDB Object Data Measurement:Cluster ID=1065, Node ID=1065">
                <measResults>227364 227364 </measResults>
            </measValue>
            <measValue measObjLdn="vis1ENSAAABE01/USCDB Object Data Measurement:Cluster ID=1065, Node ID=1066">
                <measResults>227364 227364 </measResults>
            </measValue>
            <measValue measObjLdn="vis1ENSAAABE01/USCDB Object Data Measurement:Cluster ID=1069, Node ID=1069">
                <measResults>227364 227364 </measResults>
            </measValue>
            <measValue measObjLdn="vis1ENSAAABE01/USCDB Object Data Measurement:Cluster ID=1057, Node ID=1058">
                <measResults>364209 364209 </measResults>
            </measValue>
            <measValue measObjLdn="vis1ENSAAABE01/USCDB Object Data Measurement:Cluster ID=1053, Node ID=1053">
                <measResults>363711 363711 </measResults>
            </measValue>
            <measValue measObjLdn="vis1ENSAAABE01/USCDB Object Data Measurement:Cluster ID=1053, Node ID=1054">
                <measResults>363740 363740 </measResults>
            </measValue>
        </measInfo>
    </measData>
    <fileFooter>
        <measCollec endTime="2021-08-12T00:00:00+08:00"/>
    </fileFooter>
</measCollecFile>
