<?xml version="1.0" encoding="UTF-8"?>
<measCollecFile xmlns="http://www.3gpp.org/ftp/specs/archive/32_series/32.435#measCollec">
<fileHeader fileFormatVersion="32.435 V10.0" vendorName="Nokia Networks">
<fileSender elementType="MGW"/>
<measCollec beginTime="2021-08-21T21:30:00+08:00"/>
</fileHeader>
<measData>
<managedElement/>
<measInfo measInfoId="MTP_SL_Util">
<granPeriod duration="PT1800S" endTime="2021-08-21T22:00:00+08:00"/>
<repPeriod duration="PT1800S"/>
<measTypes>M210B1C2 M210B2C1 M210B2C2 M210B2C3 M210B2C4 M210B2C5 M210B2C6 M210B2C7 M210B2C8 M210B2C15 M210B2C16 M210B2C17 M210B2C9 M210B2C10 M210B2C11 M210B2C12 M210B2C13 M210B2C14 M210B3C1 M210B3C2 M210B3C3 M210B3C4 M210B3C5 M210B3C6 M210B3C7 M210B3C8</measTypes>
<measValue measObjLdn="PLMN-PLMN/MGW-360422,SL_TYPE=SLN-32_4/SL_TYPE-0,SPC_TOPO=SNET-NA1/SPCD-86,SIGNALLING_LINK_SETNAME=SLSN-TSC05">
<measResults>256 0 0 0 0 0 0 0 0 0 0 0 0 0 0 0 0 0 0 0 0 0 0 0 0 0</measResults>
</measValue>
</measInfo>
<measInfo measInfoId="MTP_SL_Util">
<granPeriod duration="PT1800S" endTime="2021-08-21T22:00:00+08:00"/>
<repPeriod duration="PT1800S"/>
<measTypes>M210B1C2 M210B2C1 M210B2C2 M210B2C3 M210B2C4 M210B2C5 M210B2C6 M210B2C7 M210B2C8 M210B2C15 M210B2C16 M210B2C17 M210B2C9 M210B2C10 M210B2C11 M210B2C12 M210B2C13 M210B2C14 M210B3C1 M210B3C2 M210B3C3 M210B3C4 M210B3C5 M210B3C6 M210B3C7 M210B3C8</measTypes>
<measValue measObjLdn="PLMN-PLMN/MGW-360422,SL_TYPE=SLN-33_5/SL_TYPE-0,SPC_TOPO=SNET-NA1/SPCD-86,SIGNALLING_LINK_SETNAME=SLSN-TSC05">
<measResults>256 0 0 0 0 0 0 0 0 0 0 0 0 0 0 0 0 0 0 0 0 0 0 0 0 0</measResults>
</measValue>
</measInfo>
<measInfo measInfoId="MTP_SL_Util">
<granPeriod duration="PT1800S" endTime="2021-08-21T22:00:00+08:00"/>
<repPeriod duration="PT1800S"/>
<measTypes>M210B1C2 M210B2C1 M210B2C2 M210B2C3 M210B2C4 M210B2C5 M210B2C6 M210B2C7 M210B2C8 M210B2C15 M210B2C16 M210B2C17 M210B2C9 M210B2C10 M210B2C11 M210B2C12 M210B2C13 M210B2C14 M210B3C1 M210B3C2 M210B3C3 M210B3C4 M210B3C5 M210B3C6 M210B3C7 M210B3C8</measTypes>
<measValue measObjLdn="PLMN-PLMN/MGW-360422,SL_TYPE=SLN-34_6/SL_TYPE-0,SPC_TOPO=SNET-NA1/SPCD-86,SIGNALLING_LINK_SETNAME=SLSN-TSC05">
<measResults>256 0 0 0 0 0 0 0 0 0 0 0 0 0 0 0 0 0 0 0 0 0 0 0 0 0</measResults>
</measValue>
</measInfo>
<measInfo measInfoId="MTP_SL_Util">
<granPeriod duration="PT1800S" endTime="2021-08-21T22:00:00+08:00"/>
<repPeriod duration="PT1800S"/>
<measTypes>M210B1C2 M210B2C1 M210B2C2 M210B2C3 M210B2C4 M210B2C5 M210B2C6 M210B2C7 M210B2C8 M210B2C15 M210B2C16 M210B2C17 M210B2C9 M210B2C10 M210B2C11 M210B2C12 M210B2C13 M210B2C14 M210B3C1 M210B3C2 M210B3C3 M210B3C4 M210B3C5 M210B3C6 M210B3C7 M210B3C8</measTypes>
<measValue measObjLdn="PLMN-PLMN/MGW-360422,SL_TYPE=SLN-35_7/SL_TYPE-0,SPC_TOPO=SNET-NA1/SPCD-86,SIGNALLING_LINK_SETNAME=SLSN-TSC05">
<measResults>256 0 0 0 0 0 0 0 0 0 0 0 0 0 0 0 0 0 0 0 0 0 0 0 0 0</measResults>
</measValue>
</measInfo>
<measInfo measInfoId="MTP_SL_Util">
<granPeriod duration="PT1800S" endTime="2021-08-21T22:00:00+08:00"/>
<repPeriod duration="PT1800S"/>
<measTypes>M210B1C2 M210B2C1 M210B2C2 M210B2C3 M210B2C4 M210B2C5 M210B2C6 M210B2C7 M210B2C8 M210B2C15 M210B2C16 M210B2C17 M210B2C9 M210B2C10 M210B2C11 M210B2C12 M210B2C13 M210B2C14 M210B3C1 M210B3C2 M210B3C3 M210B3C4 M210B3C5 M210B3C6 M210B3C7 M210B3C8</measTypes>
<measValue measObjLdn="PLMN-PLMN/MGW-360422,SL_TYPE=SLN-36_0/SL_TYPE-0,SPC_TOPO=SNET-NA1/SPCD-875,SIGNALLING_LINK_SETNAME=SLSN-VMCA7">
<measResults>64 0 0 0 0 0 0 0 0 0 0 0 0 0 0 0 0 0 0 0 0 0 0 0 0 0</measResults>
</measValue>
</measInfo>
</measData>
<fileFooter>
<measCollec endTime="2021-08-21T22:00:00+08:00"/>
</fileFooter>
</measCollecFile>