<?xml version="1.0" encoding="UTF-8"?>
<measCollecFile xmlns="http://latest/nmc-omc/cmNrm.doc#measCollec" xmlns:xsi="http://www.w3.org/2001/XMLSchema-instance" xsi:schemaLocation="http://latest/nmc-omc/cmNrm.doc#measCollec schema\pmResultSchedule.xsd">
    <fileHeader fileFormatVersion="32.435 V7.2" vendorName="Huawei">
        <fileSender elementType="vUSN"/>
        <measCollec beginTime="2021-08-11T23:00:00+08:00"/>
    </fileHeader>
    <measData>
        <managedElement userLabel="sl2USN04"/>
        <measInfo measInfoId="117440524">
            <granPeriod duration="PT3600S" endTime="2021-08-12T00:00:00+08:00"/>
            <repPeriod duration="PT3600S"/>
            <measTypes>117451813 117451814 117451815 117451816 117451817 117451818 117451819 117451820 </measTypes>
            <measValue measObjLdn="sl2USN04/Gb interface NSE:nodeName=gb, NSE ID=176">
                <measResults>0 0 0 0 0 0 0 0 </measResults>
            </measValue>
            <measValue measObjLdn="sl2USN04/Gb interface NSE:nodeName=gb, NSE ID=17600">
                <measResults>58226 50604 0 207930 305498 0 82 44 </measResults>
            </measValue>
            <measValue measObjLdn="sl2USN04/Gb interface NSE:nodeName=gb, NSE ID=17616">
                <measResults>46190 52302 0 165666 260818 0 103 72 </measResults>
            </measValue>
            <measValue measObjLdn="sl2USN04/Gb interface NSE:nodeName=gb, NSE ID=17632">
                <measResults>136851 45561 0 294444 291559 0 189 43 </measResults>
            </measValue>
            <measValue measObjLdn="sl2USN04/Gb interface NSE:nodeName=gb, NSE ID=17648">
                <measResults>202918 64846 0 383294 396323 0 175 63 </measResults>
            </measValue>
            <measValue measObjLdn="sl2USN04/Gb interface NSE:nodeName=gb, NSE ID=17664">
                <measResults>34916 29624 0 125252 165727 0 57 33 </measResults>
            </measValue>
            <measValue measObjLdn="sl2USN04/Gb interface NSE:nodeName=gb, NSE ID=17680">
                <measResults>73492 61097 0 295736 386443 0 79 58 </measResults>
            </measValue>
            <measValue measObjLdn="sl2USN04/Gb interface NSE:nodeName=gb, NSE ID=17696">
                <measResults>38618 30748 0 144611 180695 0 82 34 </measResults>
            </measValue>
            <measValue measObjLdn="sl2USN04/Gb interface NSE:nodeName=gb, NSE ID=17712">
                <measResults>0 0 0 0 0 0 0 0 </measResults>
            </measValue>
            <measValue measObjLdn="sl2USN04/Gb interface NSE:nodeName=gb, NSE ID=17728">
                <measResults>149934 95648 0 518492 625608 0 173 79 </measResults>
            </measValue>
            <measValue measObjLdn="sl2USN04/Gb interface NSE:nodeName=gb, NSE ID=17744">
                <measResults>48280 27224 0 167245 180379 0 69 37 </measResults>
            </measValue>
            <measValue measObjLdn="sl2USN04/Gb interface NSE:nodeName=gb, NSE ID=17760">
                <measResults>87707 49514 0 263503 332657 0 106 46 </measResults>
            </measValue>
            <measValue measObjLdn="sl2USN04/Gb interface NSE:nodeName=gb, NSE ID=17776">
                <measResults>99627 61347 0 310913 397856 0 90 57 </measResults>
            </measValue>
            <measValue measObjLdn="sl2USN04/Gb interface NSE:nodeName=gb, NSE ID=17792">
                <measResults>28391 16751 0 102783 108285 0 61 32 </measResults>
            </measValue>
            <measValue measObjLdn="sl2USN04/Gb interface NSE:nodeName=gb, NSE ID=17808">
                <measResults>73433 52974 0 234600 294053 0 99 49 </measResults>
            </measValue>
            <measValue measObjLdn="sl2USN04/Gb interface NSE:nodeName=gb, NSE ID=17824">
                <measResults>51710 38205 0 167660 223381 0 72 35 </measResults>
            </measValue>
            <measValue measObjLdn="sl2USN04/Gb interface NSE:nodeName=gb, NSE ID=17840">
                <measResults>8879 18072 0 49405 93442 0 27 27 </measResults>
            </measValue>
            <measValue measObjLdn="sl2USN04/Gb interface NSE:nodeName=gb, NSE ID=17856">
                <measResults>24433 21360 0 109993 128817 0 34 27 </measResults>
            </measValue>
            <measValue measObjLdn="sl2USN04/Gb interface NSE:nodeName=gb, NSE ID=17872">
                <measResults>29807 39883 0 136267 161517 0 46 50 </measResults>
            </measValue>
            <measValue measObjLdn="sl2USN04/Gb interface NSE:nodeName=gb, NSE ID=17888">
                <measResults>0 0 0 0 0 0 0 0 </measResults>
            </measValue>
            <measValue measObjLdn="sl2USN04/Gb interface NSE:nodeName=gb, NSE ID=17904">
                <measResults>39190 27530 0 134116 173685 0 49 27 </measResults>
            </measValue>
            <measValue measObjLdn="sl2USN04/Gb interface NSE:nodeName=gb, NSE ID=17920">
                <measResults>48433 20052 0 137025 141806 0 79 27 </measResults>
            </measValue>
            <measValue measObjLdn="sl2USN04/Gb interface NSE:nodeName=gb, NSE ID=17952">
                <measResults>0 0 0 0 0 0 0 0 </measResults>
            </measValue>
            <measValue measObjLdn="sl2USN04/Gb interface NSE:nodeName=gb, NSE ID=17984">
                <measResults>0 0 0 0 0 0 0 0 </measResults>
            </measValue>
            <measValue measObjLdn="sl2USN04/Gb interface NSE:nodeName=gb, NSE ID=18000">
                <measResults>99888 55614 0 358916 387042 0 148 61 </measResults>
            </measValue>
            <measValue measObjLdn="sl2USN04/Gb interface NSE:nodeName=gb, NSE ID=18016">
                <measResults>28460 36335 0 126080 205002 0 79 40 </measResults>
            </measValue>
            <measValue measObjLdn="sl2USN04/Gb interface NSE:nodeName=gb, NSE ID=18032">
                <measResults>89784 57803 0 297606 376402 0 107 59 </measResults>
            </measValue>
            <measValue measObjLdn="sl2USN04/Gb interface NSE:nodeName=gb, NSE ID=22400">
                <measResults>97308 71940 0 283775 387800 0 144 58 </measResults>
            </measValue>
            <measValue measObjLdn="sl2USN04/Gb interface NSE:nodeName=gb, NSE ID=22416">
                <measResults>30133 15116 0 95155 100232 0 64 18 </measResults>
            </measValue>
            <measValue measObjLdn="sl2USN04/Gb interface NSE:nodeName=gb, NSE ID=22432">
                <measResults>13680 16682 0 64023 92606 0 38 30 </measResults>
            </measValue>
            <measValue measObjLdn="sl2USN04/Gb interface NSE:nodeName=gb, NSE ID=22448">
                <measResults>25029 28124 0 112198 165533 0 54 47 </measResults>
            </measValue>
            <measValue measObjLdn="sl2USN04/Gb interface NSE:nodeName=gb, NSE ID=22464">
                <measResults>111648 41061 0 253943 242044 0 123 53 </measResults>
            </measValue>
            <measValue measObjLdn="sl2USN04/Gb interface NSE:nodeName=gb, NSE ID=22480">
                <measResults>87788 16228 0 113740 118191 0 146 38 </measResults>
            </measValue>
            <measValue measObjLdn="sl2USN04/Gb interface NSE:nodeName=gb, NSE ID=22496">
                <measResults>102673 23327 0 190452 154043 0 117 26 </measResults>
            </measValue>
            <measValue measObjLdn="sl2USN04/Gb interface NSE:nodeName=gb, NSE ID=22512">
                <measResults>27875 17487 0 88716 110660 0 48 18 </measResults>
            </measValue>
            <measValue measObjLdn="sl2USN04/Gb interface NSE:nodeName=gb, NSE ID=22528">
                <measResults>92661 50049 0 266616 335714 0 115 54 </measResults>
            </measValue>
            <measValue measObjLdn="sl2USN04/Gb interface NSE:nodeName=gb, NSE ID=22544">
                <measResults>21827 11589 0 77939 79332 0 49 19 </measResults>
            </measValue>
            <measValue measObjLdn="sl2USN04/Gb interface NSE:nodeName=gb, NSE ID=22560">
                <measResults>83559 64930 0 265408 341556 0 107 52 </measResults>
            </measValue>
            <measValue measObjLdn="sl2USN04/Gb interface NSE:nodeName=gb, NSE ID=22576">
                <measResults>19168 10091 0 52839 64886 0 56 20 </measResults>
            </measValue>
            <measValue measObjLdn="sl2USN04/Gb interface NSE:nodeName=gb, NSE ID=22592">
                <measResults>66010 40726 0 221099 263233 0 88 40 </measResults>
            </measValue>
            <measValue measObjLdn="sl2USN04/Gb interface NSE:nodeName=gb, NSE ID=22608">
                <measResults>231251 95995 0 484867 563634 0 247 79 </measResults>
            </measValue>
            <measValue measObjLdn="sl2USN04/Gb interface NSE:nodeName=gb, NSE ID=22624">
                <measResults>78498 35154 0 178982 211987 0 109 45 </measResults>
            </measValue>
            <measValue measObjLdn="sl2USN04/Gb interface NSE:nodeName=gb, NSE ID=22640">
                <measResults>38087 19858 0 103183 129039 0 66 28 </measResults>
            </measValue>
            <measValue measObjLdn="sl2USN04/Gb interface NSE:nodeName=gb, NSE ID=22656">
                <measResults>40862 30046 0 164288 188655 0 62 39 </measResults>
            </measValue>
            <measValue measObjLdn="sl2USN04/Gb interface NSE:nodeName=gb, NSE ID=22672">
                <measResults>109861 72691 0 321663 476956 0 115 52 </measResults>
            </measValue>
            <measValue measObjLdn="sl2USN04/Gb interface NSE:nodeName=gb, NSE ID=22688">
                <measResults>215921 73356 0 466153 423767 0 266 69 </measResults>
            </measValue>
            <measValue measObjLdn="sl2USN04/Gb interface NSE:nodeName=gb, NSE ID=22704">
                <measResults>43826 44242 0 181435 259044 0 62 41 </measResults>
            </measValue>
            <measValue measObjLdn="sl2USN04/Gb interface NSE:nodeName=gb, NSE ID=22720">
                <measResults>0 0 0 0 0 0 0 0 </measResults>
            </measValue>
            <measValue measObjLdn="sl2USN04/Gb interface NSE:nodeName=gb, NSE ID=27200">
                <measResults>207415 40858 0 315731 270136 0 240 42 </measResults>
            </measValue>
            <measValue measObjLdn="sl2USN04/Gb interface NSE:nodeName=gb, NSE ID=27216">
                <measResults>203675 33524 0 319411 227426 0 205 32 </measResults>
            </measValue>
            <measValue measObjLdn="sl2USN04/Gb interface NSE:nodeName=gb, NSE ID=27232">
                <measResults>92741 34734 0 272758 230072 0 99 40 </measResults>
            </measValue>
            <measValue measObjLdn="sl2USN04/Gb interface NSE:nodeName=gb, NSE ID=32000">
                <measResults>38444 29278 0 412200 425971 0 106 33 </measResults>
            </measValue>
            <measValue measObjLdn="sl2USN04/Gb interface NSE:nodeName=gb, NSE ID=32016">
                <measResults>88991 74191 0 1053220 1077978 0 160 71 </measResults>
            </measValue>
            <measValue measObjLdn="sl2USN04/Gb interface NSE:nodeName=gb, NSE ID=32032">
                <measResults>27138 24223 0 570292 569329 0 41 29 </measResults>
            </measValue>
            <measValue measObjLdn="sl2USN04/Gb interface NSE:nodeName=gb, NSE ID=32048">
                <measResults>26044 33156 0 581656 607211 0 44 29 </measResults>
            </measValue>
            <measValue measObjLdn="sl2USN04/Gb interface NSE:nodeName=gb, NSE ID=32064">
                <measResults>7918 18605 0 648194 649474 0 24 23 </measResults>
            </measValue>
            <measValue measObjLdn="sl2USN04/Gb interface NSE:nodeName=gb, NSE ID=32080">
                <measResults>224666 92571 0 1023391 1000783 0 195 88 </measResults>
            </measValue>
            <measValue measObjLdn="sl2USN04/Gb interface NSE:nodeName=gb, NSE ID=32096">
                <measResults>293333 80285 0 983747 882939 0 229 70 </measResults>
            </measValue>
            <measValue measObjLdn="sl2USN04/Gb interface NSE:nodeName=gb, NSE ID=32112">
                <measResults>80745 51854 0 645784 656745 0 101 60 </measResults>
            </measValue>
            <measValue measObjLdn="sl2USN04/Gb interface NSE:nodeName=gb, NSE ID=32128">
                <measResults>51420 29816 0 501781 485850 0 81 31 </measResults>
            </measValue>
            <measValue measObjLdn="sl2USN04/Gb interface NSE:nodeName=gb, NSE ID=32144">
                <measResults>17929 24941 0 580149 591673 0 26 24 </measResults>
            </measValue>
            <measValue measObjLdn="sl2USN04/Gb interface NSE:nodeName=gb, NSE ID=32160">
                <measResults>238984 85476 0 1133608 1007383 0 213 77 </measResults>
            </measValue>
            <measValue measObjLdn="sl2USN04/Gb interface NSE:nodeName=gb, NSE ID=32176">
                <measResults>144823 31644 0 771569 644991 0 178 37 </measResults>
            </measValue>
            <measValue measObjLdn="sl2USN04/Gb interface NSE:nodeName=gb, NSE ID=32192">
                <measResults>31848 25562 0 374681 392098 0 64 39 </measResults>
            </measValue>
            <measValue measObjLdn="sl2USN04/Gb interface NSE:nodeName=gb, NSE ID=32208">
                <measResults>45925 32855 0 583127 600106 0 77 32 </measResults>
            </measValue>
            <measValue measObjLdn="sl2USN04/Gb interface NSE:nodeName=gb, NSE ID=32224">
                <measResults>22109 33782 0 602317 631776 0 47 36 </measResults>
            </measValue>
            <measValue measObjLdn="sl2USN04/Gb interface NSE:nodeName=gb, NSE ID=33600">
                <measResults>215633 113153 0 836243 895173 0 224 101 </measResults>
            </measValue>
            <measValue measObjLdn="sl2USN04/Gb interface NSE:nodeName=gb, NSE ID=33616">
                <measResults>299343 162172 0 1127180 1187673 0 229 116 </measResults>
            </measValue>
            <measValue measObjLdn="sl2USN04/Gb interface NSE:nodeName=gb, NSE ID=33680">
                <measResults>219152 161625 0 1144884 1265344 0 188 130 </measResults>
            </measValue>
            <measValue measObjLdn="sl2USN04/Gb interface NSE:nodeName=gb, NSE ID=33696">
                <measResults>92876 30154 0 302428 307154 0 127 40 </measResults>
            </measValue>
            <measValue measObjLdn="sl2USN04/Gb interface NSE:nodeName=gb, NSE ID=33712">
                <measResults>245367 115204 0 1007696 992358 0 254 101 </measResults>
            </measValue>
            <measValue measObjLdn="sl2USN04/Gb interface NSE:nodeName=gb, NSE ID=36800">
                <measResults>317583 197600 0 1581149 1692328 0 296 147 </measResults>
            </measValue>
            <measValue measObjLdn="sl2USN04/Gb interface NSE:nodeName=gb, NSE ID=36816">
                <measResults>80967 53353 0 450060 470005 0 92 50 </measResults>
            </measValue>
            <measValue measObjLdn="sl2USN04/Gb interface NSE:nodeName=gb, NSE ID=36832">
                <measResults>0 0 0 0 0 0 0 0 </measResults>
            </measValue>
            <measValue measObjLdn="sl2USN04/Gb interface NSE:nodeName=gb, NSE ID=44752">
                <measResults>350832 99480 0 1098331 1026608 0 354 93 </measResults>
            </measValue>
            <measValue measObjLdn="sl2USN04/Gb interface NSE:nodeName=gb, NSE ID=44768">
                <measResults>98378 86366 0 849846 910120 0 125 76 </measResults>
            </measValue>
            <measValue measObjLdn="sl2USN04/Gb interface NSE:nodeName=gb, NSE ID=44784">
                <measResults>139908 78734 0 771022 773085 0 161 65 </measResults>
            </measValue>
        </measInfo>
        <measInfo measInfoId="117440525">
            <granPeriod duration="PT3600S" endTime="2021-08-12T00:00:00+08:00"/>
            <repPeriod duration="PT3600S"/>
            <measTypes>117451913 117451914 117451915 117451916 117451917 117451918 117451919 117451920 117451923 </measTypes>
            <measValue measObjLdn="sl2USN04/Gb interface NSE:nodeName=gb, NSE ID=176">
                <measResults>0 0 0 0 0 0 0 0 0 </measResults>
            </measValue>
            <measValue measObjLdn="sl2USN04/Gb interface NSE:nodeName=gb, NSE ID=17600">
                <measResults>0 0 0 0 1112 930 703 742 702 </measResults>
            </measValue>
            <measValue measObjLdn="sl2USN04/Gb interface NSE:nodeName=gb, NSE ID=17616">
                <measResults>0 0 0 0 999 866 614 621 695 </measResults>
            </measValue>
            <measValue measObjLdn="sl2USN04/Gb interface NSE:nodeName=gb, NSE ID=17632">
                <measResults>0 0 0 0 972 839 500 500 526 </measResults>
            </measValue>
            <measValue measObjLdn="sl2USN04/Gb interface NSE:nodeName=gb, NSE ID=17648">
                <measResults>0 0 0 0 1176 964 947 946 721 </measResults>
            </measValue>
            <measValue measObjLdn="sl2USN04/Gb interface NSE:nodeName=gb, NSE ID=17664">
                <measResults>0 0 0 0 697 591 518 638 495 </measResults>
            </measValue>
            <measValue measObjLdn="sl2USN04/Gb interface NSE:nodeName=gb, NSE ID=17680">
                <measResults>0 0 0 0 1868 1606 1141 1364 1038 </measResults>
            </measValue>
            <measValue measObjLdn="sl2USN04/Gb interface NSE:nodeName=gb, NSE ID=17696">
                <measResults>0 0 0 0 866 810 224 328 916 </measResults>
            </measValue>
            <measValue measObjLdn="sl2USN04/Gb interface NSE:nodeName=gb, NSE ID=17712">
                <measResults>0 0 0 0 0 0 0 0 0 </measResults>
            </measValue>
            <measValue measObjLdn="sl2USN04/Gb interface NSE:nodeName=gb, NSE ID=17728">
                <measResults>0 0 0 0 2564 2126 1626 1735 263 </measResults>
            </measValue>
            <measValue measObjLdn="sl2USN04/Gb interface NSE:nodeName=gb, NSE ID=17744">
                <measResults>0 0 0 0 765 620 710 710 997 </measResults>
            </measValue>
            <measValue measObjLdn="sl2USN04/Gb interface NSE:nodeName=gb, NSE ID=17760">
                <measResults>0 0 0 0 2056 1748 977 1173 559 </measResults>
            </measValue>
            <measValue measObjLdn="sl2USN04/Gb interface NSE:nodeName=gb, NSE ID=17776">
                <measResults>0 0 0 0 2108 1901 725 985 603 </measResults>
            </measValue>
            <measValue measObjLdn="sl2USN04/Gb interface NSE:nodeName=gb, NSE ID=17792">
                <measResults>0 0 0 0 452 406 142 154 624 </measResults>
            </measValue>
            <measValue measObjLdn="sl2USN04/Gb interface NSE:nodeName=gb, NSE ID=17808">
                <measResults>0 0 0 0 1176 1060 572 1372 676 </measResults>
            </measValue>
            <measValue measObjLdn="sl2USN04/Gb interface NSE:nodeName=gb, NSE ID=17824">
                <measResults>0 0 0 0 524 474 168 168 1037 </measResults>
            </measValue>
            <measValue measObjLdn="sl2USN04/Gb interface NSE:nodeName=gb, NSE ID=17840">
                <measResults>0 0 0 0 214 195 61 61 849 </measResults>
            </measValue>
            <measValue measObjLdn="sl2USN04/Gb interface NSE:nodeName=gb, NSE ID=17856">
                <measResults>0 0 0 0 607 546 196 288 734 </measResults>
            </measValue>
            <measValue measObjLdn="sl2USN04/Gb interface NSE:nodeName=gb, NSE ID=17872">
                <measResults>0 0 0 0 687 613 168 169 840 </measResults>
            </measValue>
            <measValue measObjLdn="sl2USN04/Gb interface NSE:nodeName=gb, NSE ID=17888">
                <measResults>0 0 0 0 0 0 0 0 0 </measResults>
            </measValue>
            <measValue measObjLdn="sl2USN04/Gb interface NSE:nodeName=gb, NSE ID=17904">
                <measResults>0 0 0 0 475 413 160 241 822 </measResults>
            </measValue>
            <measValue measObjLdn="sl2USN04/Gb interface NSE:nodeName=gb, NSE ID=17920">
                <measResults>0 0 0 0 567 511 176 182 692 </measResults>
            </measValue>
            <measValue measObjLdn="sl2USN04/Gb interface NSE:nodeName=gb, NSE ID=17952">
                <measResults>120 0 0 0 0 0 0 0 0 </measResults>
            </measValue>
            <measValue measObjLdn="sl2USN04/Gb interface NSE:nodeName=gb, NSE ID=17984">
                <measResults>0 0 0 0 0 0 0 0 0 </measResults>
            </measValue>
            <measValue measObjLdn="sl2USN04/Gb interface NSE:nodeName=gb, NSE ID=18000">
                <measResults>0 0 0 0 1822 1551 1233 1233 900 </measResults>
            </measValue>
            <measValue measObjLdn="sl2USN04/Gb interface NSE:nodeName=gb, NSE ID=18016">
                <measResults>0 0 0 0 869 769 524 522 893 </measResults>
            </measValue>
            <measValue measObjLdn="sl2USN04/Gb interface NSE:nodeName=gb, NSE ID=18032">
                <measResults>0 0 0 0 1539 1267 1000 996 656 </measResults>
            </measValue>
            <measValue measObjLdn="sl2USN04/Gb interface NSE:nodeName=gb, NSE ID=22400">
                <measResults>0 0 0 0 1003 885 430 430 842 </measResults>
            </measValue>
            <measValue measObjLdn="sl2USN04/Gb interface NSE:nodeName=gb, NSE ID=22416">
                <measResults>0 0 0 0 413 367 144 143 973 </measResults>
            </measValue>
            <measValue measObjLdn="sl2USN04/Gb interface NSE:nodeName=gb, NSE ID=22432">
                <measResults>0 0 0 0 383 331 310 310 758 </measResults>
            </measValue>
            <measValue measObjLdn="sl2USN04/Gb interface NSE:nodeName=gb, NSE ID=22448">
                <measResults>0 0 0 0 759 606 671 671 690 </measResults>
            </measValue>
            <measValue measObjLdn="sl2USN04/Gb interface NSE:nodeName=gb, NSE ID=22464">
                <measResults>0 0 0 0 962 791 705 704 835 </measResults>
            </measValue>
            <measValue measObjLdn="sl2USN04/Gb interface NSE:nodeName=gb, NSE ID=22480">
                <measResults>0 0 0 0 524 441 469 469 881 </measResults>
            </measValue>
            <measValue measObjLdn="sl2USN04/Gb interface NSE:nodeName=gb, NSE ID=22496">
                <measResults>0 0 0 0 638 504 609 607 758 </measResults>
            </measValue>
            <measValue measObjLdn="sl2USN04/Gb interface NSE:nodeName=gb, NSE ID=22512">
                <measResults>0 0 0 0 473 392 332 331 791 </measResults>
            </measValue>
            <measValue measObjLdn="sl2USN04/Gb interface NSE:nodeName=gb, NSE ID=22528">
                <measResults>0 0 0 0 2562 2134 1795 1794 1238 </measResults>
            </measValue>
            <measValue measObjLdn="sl2USN04/Gb interface NSE:nodeName=gb, NSE ID=22544">
                <measResults>0 0 0 0 501 369 652 652 1476 </measResults>
            </measValue>
            <measValue measObjLdn="sl2USN04/Gb interface NSE:nodeName=gb, NSE ID=22560">
                <measResults>0 0 0 0 1387 1108 1143 1143 1095 </measResults>
            </measValue>
            <measValue measObjLdn="sl2USN04/Gb interface NSE:nodeName=gb, NSE ID=22576">
                <measResults>0 0 0 0 356 303 289 289 847 </measResults>
            </measValue>
            <measValue measObjLdn="sl2USN04/Gb interface NSE:nodeName=gb, NSE ID=22592">
                <measResults>0 0 0 0 1599 1433 951 1065 629 </measResults>
            </measValue>
            <measValue measObjLdn="sl2USN04/Gb interface NSE:nodeName=gb, NSE ID=22608">
                <measResults>0 0 0 0 1993 1693 1352 1764 1187 </measResults>
            </measValue>
            <measValue measObjLdn="sl2USN04/Gb interface NSE:nodeName=gb, NSE ID=22624">
                <measResults>0 0 0 0 1346 1081 1157 1184 1109 </measResults>
            </measValue>
            <measValue measObjLdn="sl2USN04/Gb interface NSE:nodeName=gb, NSE ID=22640">
                <measResults>0 0 0 0 337 303 123 123 636 </measResults>
            </measValue>
            <measValue measObjLdn="sl2USN04/Gb interface NSE:nodeName=gb, NSE ID=22656">
                <measResults>0 0 0 0 581 489 405 405 1169 </measResults>
            </measValue>
            <measValue measObjLdn="sl2USN04/Gb interface NSE:nodeName=gb, NSE ID=22672">
                <measResults>0 0 0 0 2016 1696 1145 1144 976 </measResults>
            </measValue>
            <measValue measObjLdn="sl2USN04/Gb interface NSE:nodeName=gb, NSE ID=22688">
                <measResults>0 0 0 0 1110 947 855 855 1116 </measResults>
            </measValue>
            <measValue measObjLdn="sl2USN04/Gb interface NSE:nodeName=gb, NSE ID=22704">
                <measResults>0 0 0 0 644 568 277 603 831 </measResults>
            </measValue>
            <measValue measObjLdn="sl2USN04/Gb interface NSE:nodeName=gb, NSE ID=22720">
                <measResults>0 0 0 0 0 0 0 0 0 </measResults>
            </measValue>
            <measValue measObjLdn="sl2USN04/Gb interface NSE:nodeName=gb, NSE ID=27200">
                <measResults>0 0 0 0 694 578 482 518 925 </measResults>
            </measValue>
            <measValue measObjLdn="sl2USN04/Gb interface NSE:nodeName=gb, NSE ID=27216">
                <measResults>0 0 0 0 836 718 612 612 895 </measResults>
            </measValue>
            <measValue measObjLdn="sl2USN04/Gb interface NSE:nodeName=gb, NSE ID=27232">
                <measResults>0 0 0 0 946 840 471 501 661 </measResults>
            </measValue>
            <measValue measObjLdn="sl2USN04/Gb interface NSE:nodeName=gb, NSE ID=32000">
                <measResults>0 0 0 0 1711 1104 592 591 1275 </measResults>
            </measValue>
            <measValue measObjLdn="sl2USN04/Gb interface NSE:nodeName=gb, NSE ID=32016">
                <measResults>0 0 0 0 6058 4118 1627 1890 1008 </measResults>
            </measValue>
            <measValue measObjLdn="sl2USN04/Gb interface NSE:nodeName=gb, NSE ID=32032">
                <measResults>0 0 0 0 1272 781 490 489 987 </measResults>
            </measValue>
            <measValue measObjLdn="sl2USN04/Gb interface NSE:nodeName=gb, NSE ID=32048">
                <measResults>0 0 0 0 2080 1316 819 819 1089 </measResults>
            </measValue>
            <measValue measObjLdn="sl2USN04/Gb interface NSE:nodeName=gb, NSE ID=32064">
                <measResults>0 0 0 0 797 520 327 327 948 </measResults>
            </measValue>
            <measValue measObjLdn="sl2USN04/Gb interface NSE:nodeName=gb, NSE ID=32080">
                <measResults>0 0 0 0 5886 4090 1324 2342 973 </measResults>
            </measValue>
            <measValue measObjLdn="sl2USN04/Gb interface NSE:nodeName=gb, NSE ID=32096">
                <measResults>0 0 0 0 4459 3242 1101 1101 835 </measResults>
            </measValue>
            <measValue measObjLdn="sl2USN04/Gb interface NSE:nodeName=gb, NSE ID=32112">
                <measResults>0 0 0 0 2409 1772 597 594 1464 </measResults>
            </measValue>
            <measValue measObjLdn="sl2USN04/Gb interface NSE:nodeName=gb, NSE ID=32128">
                <measResults>0 0 0 0 3711 2312 1097 1096 1202 </measResults>
            </measValue>
            <measValue measObjLdn="sl2USN04/Gb interface NSE:nodeName=gb, NSE ID=32144">
                <measResults>0 0 0 0 2791 1878 1037 1499 999 </measResults>
            </measValue>
            <measValue measObjLdn="sl2USN04/Gb interface NSE:nodeName=gb, NSE ID=32160">
                <measResults>0 0 0 0 5001 3332 1450 1640 1147 </measResults>
            </measValue>
            <measValue measObjLdn="sl2USN04/Gb interface NSE:nodeName=gb, NSE ID=32176">
                <measResults>0 0 0 0 502 289 216 216 924 </measResults>
            </measValue>
            <measValue measObjLdn="sl2USN04/Gb interface NSE:nodeName=gb, NSE ID=32192">
                <measResults>0 0 0 0 1126 630 539 538 1074 </measResults>
            </measValue>
            <measValue measObjLdn="sl2USN04/Gb interface NSE:nodeName=gb, NSE ID=32208">
                <measResults>0 0 0 0 1815 1023 979 978 960 </measResults>
            </measValue>
            <measValue measObjLdn="sl2USN04/Gb interface NSE:nodeName=gb, NSE ID=32224">
                <measResults>0 0 0 0 2325 1486 775 773 1182 </measResults>
            </measValue>
            <measValue measObjLdn="sl2USN04/Gb interface NSE:nodeName=gb, NSE ID=33600">
                <measResults>0 0 0 0 6491 3514 4266 4289 1744 </measResults>
            </measValue>
            <measValue measObjLdn="sl2USN04/Gb interface NSE:nodeName=gb, NSE ID=33616">
                <measResults>0 0 0 0 7429 3931 6113 6387 1694 </measResults>
            </measValue>
            <measValue measObjLdn="sl2USN04/Gb interface NSE:nodeName=gb, NSE ID=33680">
                <measResults>0 0 0 0 8634 4685 8679 8679 1706 </measResults>
            </measValue>
            <measValue measObjLdn="sl2USN04/Gb interface NSE:nodeName=gb, NSE ID=33696">
                <measResults>0 0 0 0 2156 1203 2157 2157 1452 </measResults>
            </measValue>
            <measValue measObjLdn="sl2USN04/Gb interface NSE:nodeName=gb, NSE ID=33712">
                <measResults>0 0 0 0 4852 2579 3823 3822 1517 </measResults>
            </measValue>
            <measValue measObjLdn="sl2USN04/Gb interface NSE:nodeName=gb, NSE ID=36800">
                <measResults>0 0 0 0 8480 5009 4590 4589 1513 </measResults>
            </measValue>
            <measValue measObjLdn="sl2USN04/Gb interface NSE:nodeName=gb, NSE ID=36816">
                <measResults>0 0 0 0 4821 2596 4403 4403 1992 </measResults>
            </measValue>
            <measValue measObjLdn="sl2USN04/Gb interface NSE:nodeName=gb, NSE ID=36832">
                <measResults>0 0 0 0 0 0 0 0 0 </measResults>
            </measValue>
            <measValue measObjLdn="sl2USN04/Gb interface NSE:nodeName=gb, NSE ID=44752">
                <measResults>0 0 0 0 5815 3961 1420 1678 1346 </measResults>
            </measValue>
            <measValue measObjLdn="sl2USN04/Gb interface NSE:nodeName=gb, NSE ID=44768">
                <measResults>0 0 0 0 4179 2858 1339 1338 1369 </measResults>
            </measValue>
            <measValue measObjLdn="sl2USN04/Gb interface NSE:nodeName=gb, NSE ID=44784">
                <measResults>0 0 0 0 5155 3229 1830 1837 1571 </measResults>
            </measValue>
        </measInfo>
        <measInfo measInfoId="117440515">
            <granPeriod duration="PT3600S" endTime="2021-08-12T00:00:00+08:00"/>
            <repPeriod duration="PT3600S"/>
            <measTypes>117450913 117450914 117450915 117450916 117450917 117450918 117450919 117450920 117450921 117450922 117450923 117450924 117450925 117450926 117450927 117450928 117450929 117450930 117450931 117450932 117450933 117450934 117450935 117450936 117450937 117450938 117450939 117450940 117450941 117450942 117450943 117450944 117450945 117450946 117450947 117450948 117450949 117450950 117450951 117450952 117450953 117450954 117450955 117450956 117450957 117450958 </measTypes>
            <measValue measObjLdn="sl2USN04/UsnFunction:nodeName=gb">
                <measResults>237062 0 0 15600516 6042994 16979143 2900519 860743 27360 1037127 33465 16673989 2678267 15621177 5909960 49329 16 861389 22333 304855 0 7625 339 41130 4892 0 4398 0 0 0 0 8943505 3213 21614 5776 2224 6116 1053 298 9 350 24 2492 1263 9929 10376 </measResults>
            </measValue>
        </measInfo>
        <measInfo measInfoId="117440516">
            <granPeriod duration="PT3600S" endTime="2021-08-12T00:00:00+08:00"/>
            <repPeriod duration="PT3600S"/>
            <measTypes>117451013 117451014 117451015 117451016 117451017 117451018 117451019 117451020 117451021 117451022 117451023 117451024 117451025 117451026 117451027 </measTypes>
            <measValue measObjLdn="sl2USN04/UsnFunction:nodeName=gb">
                <measResults>0 0 87 14700 15234200 2599700 12031353 5852393 15621177 5909960 16673989 2678267 29363 87 0 </measResults>
            </measValue>
        </measInfo>
        <measInfo measInfoId="117440519">
            <granPeriod duration="PT3600S" endTime="2021-08-12T00:00:00+08:00"/>
            <repPeriod duration="PT3600S"/>
            <measTypes>117451313 117451314 117451315 117451316 117451317 117451318 117451319 117451320 117451321 117451322 117451323 117451324 117451325 117451326 117451327 117451328 117451329 117451330 117451331 117451332 117451333 117451334 117451335 117451336 117451337 117451338 117451343 117475733 117475734 </measTypes>
            <measValue measObjLdn="sl2USN04/UsnFunction:nodeName=gb">
                <measResults>41744 116877 0 0 42 0 346240 174956 10648824 35 25 120 11 31137 1307065 29646001 7049173 18557933 3335378 18515981 2947691 16692103 6028488 0 1613 54395 1174 11306553 5896346 </measResults>
            </measValue>
        </measInfo>
        <measInfo measInfoId="117440520">
            <granPeriod duration="PT3600S" endTime="2021-08-12T00:00:00+08:00"/>
            <repPeriod duration="PT3600S"/>
            <measTypes>117451413 117451414 117451415 117451416 117451417 117451418 117451419 117451420 117451421 117451422 117451423 117451424 117451425 117451426 117451427 117451428 117451429 117451430 117451431 117451432 117451433 117451434 117451435 117451436 117451437 117451438 117451439 117451440 117451441 117451442 117451443 117451444 117451445 117451446 117451447 117451448 </measTypes>
            <measValue measObjLdn="sl2USN04/UsnFunction:nodeName=gb">
                <measResults>29646001 7049173 0 0 0 0 31581055 3586942 0 0 0 0 0 0 0 0 0 0 0 0 0 0 0 0 0 0 0 0 0 0 17007 2988 61226936 10759476 20306 3814 </measResults>
            </measValue>
        </measInfo>
        <measInfo measInfoId="117440521">
            <granPeriod duration="PT3600S" endTime="2021-08-12T00:00:00+08:00"/>
            <repPeriod duration="PT3600S"/>
            <measTypes>117451513 117451514 117451515 117451516 117451517 117451518 117451519 117451520 117451521 117451522 117451523 117451524 117451525 117451526 117451527 117451528 127938275 127938276 127938277 127938278 127938279 127938280 </measTypes>
            <measValue measObjLdn="sl2USN04/UsnFunction:nodeName=gb">
                <measResults>0 0 0 0 0 0 0 0 0 0 0 0 0 0 0 0 NIL NIL NIL NIL NIL NIL </measResults>
            </measValue>
        </measInfo>
        <measInfo measInfoId="117440522">
            <granPeriod duration="PT3600S" endTime="2021-08-12T00:00:00+08:00"/>
            <repPeriod duration="PT3600S"/>
            <measTypes>117451616 117451617 </measTypes>
            <measValue measObjLdn="sl2USN04/UsnFunction:nodeName=gb">
                <measResults>24378 279 </measResults>
            </measValue>
        </measInfo>
        <measInfo measInfoId="117440665">
            <granPeriod duration="PT3600S" endTime="2021-08-12T00:00:00+08:00"/>
            <repPeriod duration="PT3600S"/>
            <measTypes>117465913 117465914 117465915 117465916 117465920 117465921 </measTypes>
            <measValue measObjLdn="sl2USN04/UsnFunction:nodeName=gb">
                <measResults>0 0 0 0 0 0 </measResults>
            </measValue>
        </measInfo>
        <measInfo measInfoId="117440666">
            <granPeriod duration="PT3600S" endTime="2021-08-12T00:00:00+08:00"/>
            <repPeriod duration="PT3600S"/>
            <measTypes>117466013 117466014 117466015 117466016 117466017 117466018 117466019 117466020 </measTypes>
            <measValue measObjLdn="sl2USN04/UsnFunction:nodeName=gb">
                <measResults>31581055 3710302 29645881 7049170 0 0 120 2 </measResults>
            </measValue>
        </measInfo>
        <measInfo measInfoId="1912143876">
            <granPeriod duration="PT3600S" endTime="2021-08-12T00:00:00+08:00"/>
            <repPeriod duration="PT3600S"/>
            <measTypes>1912143892 </measTypes>
            <measValue measObjLdn="sl2USN04/UsnFunction:nodeName=gb">
                <measResults>0 </measResults>
            </measValue>
        </measInfo>
        <measInfo measInfoId="1912143877">
            <granPeriod duration="PT3600S" endTime="2021-08-12T00:00:00+08:00"/>
            <repPeriod duration="PT3600S"/>
            <measTypes>1912143893 1912143894 </measTypes>
            <measValue measObjLdn="sl2USN04/UsnFunction:nodeName=gb">
                <measResults>50348366 29837335 </measResults>
            </measValue>
        </measInfo>
        <measInfo measInfoId="117440526">
            <granPeriod duration="PT3600S" endTime="2021-08-12T00:00:00+08:00"/>
            <repPeriod duration="PT3600S"/>
            <measTypes>117452013 117452014 117452015 117452016 117452017 117452018 117452019 117452020 117452021 </measTypes>
            <measValue measObjLdn="sl2USN04/Gb interface BSSID:nodeName=gb, BSSID=176">
                <measResults>0 0 0 0 0 0 0 0 0 </measResults>
            </measValue>
            <measValue measObjLdn="sl2USN04/Gb interface BSSID:nodeName=gb, BSSID=17600">
                <measResults>58226 50604 108826 16 14 30 82 44 119 </measResults>
            </measValue>
            <measValue measObjLdn="sl2USN04/Gb interface BSSID:nodeName=gb, BSSID=17616">
                <measResults>46190 52302 98495 12 14 26 103 72 154 </measResults>
            </measValue>
            <measValue measObjLdn="sl2USN04/Gb interface BSSID:nodeName=gb, BSSID=17632">
                <measResults>136851 45561 182416 38 12 50 189 43 218 </measResults>
            </measValue>
            <measValue measObjLdn="sl2USN04/Gb interface BSSID:nodeName=gb, BSSID=17648">
                <measResults>202918 64846 267761 56 18 74 175 63 212 </measResults>
            </measValue>
            <measValue measObjLdn="sl2USN04/Gb interface BSSID:nodeName=gb, BSSID=17664">
                <measResults>34916 29624 64539 9 8 17 57 33 90 </measResults>
            </measValue>
            <measValue measObjLdn="sl2USN04/Gb interface BSSID:nodeName=gb, BSSID=17680">
                <measResults>73492 61097 134598 20 16 36 79 58 138 </measResults>
            </measValue>
            <measValue measObjLdn="sl2USN04/Gb interface BSSID:nodeName=gb, BSSID=17696">
                <measResults>38618 30748 69366 10 8 18 82 34 118 </measResults>
            </measValue>
            <measValue measObjLdn="sl2USN04/Gb interface BSSID:nodeName=gb, BSSID=17712">
                <measResults>0 0 0 0 0 0 0 0 0 </measResults>
            </measValue>
            <measValue measObjLdn="sl2USN04/Gb interface BSSID:nodeName=gb, BSSID=17728">
                <measResults>149934 95648 245577 41 26 67 173 79 244 </measResults>
            </measValue>
            <measValue measObjLdn="sl2USN04/Gb interface BSSID:nodeName=gb, BSSID=17744">
                <measResults>48280 27224 75501 13 7 20 69 37 92 </measResults>
            </measValue>
            <measValue measObjLdn="sl2USN04/Gb interface BSSID:nodeName=gb, BSSID=17760">
                <measResults>87707 49514 137224 24 13 37 106 46 142 </measResults>
            </measValue>
            <measValue measObjLdn="sl2USN04/Gb interface BSSID:nodeName=gb, BSSID=17776">
                <measResults>99627 61347 160970 27 17 44 90 57 145 </measResults>
            </measValue>
            <measValue measObjLdn="sl2USN04/Gb interface BSSID:nodeName=gb, BSSID=17792">
                <measResults>28391 16751 45140 7 4 11 61 32 78 </measResults>
            </measValue>
            <measValue measObjLdn="sl2USN04/Gb interface BSSID:nodeName=gb, BSSID=17808">
                <measResults>73433 52974 126401 20 14 34 99 49 137 </measResults>
            </measValue>
            <measValue measObjLdn="sl2USN04/Gb interface BSSID:nodeName=gb, BSSID=17824">
                <measResults>51710 38205 89912 14 10 24 72 35 108 </measResults>
            </measValue>
            <measValue measObjLdn="sl2USN04/Gb interface BSSID:nodeName=gb, BSSID=17840">
                <measResults>8879 18072 26946 2 5 7 27 27 50 </measResults>
            </measValue>
            <measValue measObjLdn="sl2USN04/Gb interface BSSID:nodeName=gb, BSSID=17856">
                <measResults>24433 21360 45793 6 5 11 34 27 60 </measResults>
            </measValue>
            <measValue measObjLdn="sl2USN04/Gb interface BSSID:nodeName=gb, BSSID=17872">
                <measResults>29807 39883 69685 8 11 19 46 50 91 </measResults>
            </measValue>
            <measValue measObjLdn="sl2USN04/Gb interface BSSID:nodeName=gb, BSSID=17888">
                <measResults>0 0 0 0 0 0 0 0 0 </measResults>
            </measValue>
            <measValue measObjLdn="sl2USN04/Gb interface BSSID:nodeName=gb, BSSID=17904">
                <measResults>39190 27530 66725 10 7 17 49 27 66 </measResults>
            </measValue>
            <measValue measObjLdn="sl2USN04/Gb interface BSSID:nodeName=gb, BSSID=17920">
                <measResults>48433 20052 68483 13 5 18 79 27 94 </measResults>
            </measValue>
            <measValue measObjLdn="sl2USN04/Gb interface BSSID:nodeName=gb, BSSID=17952">
                <measResults>0 0 0 0 0 0 0 0 0 </measResults>
            </measValue>
            <measValue measObjLdn="sl2USN04/Gb interface BSSID:nodeName=gb, BSSID=17984">
                <measResults>0 0 0 0 0 0 0 0 0 </measResults>
            </measValue>
            <measValue measObjLdn="sl2USN04/Gb interface BSSID:nodeName=gb, BSSID=18000">
                <measResults>99888 55614 155512 27 15 42 148 61 209 </measResults>
            </measValue>
            <measValue measObjLdn="sl2USN04/Gb interface BSSID:nodeName=gb, BSSID=18016">
                <measResults>28460 36335 64793 7 10 17 79 40 98 </measResults>
            </measValue>
            <measValue measObjLdn="sl2USN04/Gb interface BSSID:nodeName=gb, BSSID=18032">
                <measResults>89784 57803 147587 24 16 40 107 59 155 </measResults>
            </measValue>
            <measValue measObjLdn="sl2USN04/Gb interface BSSID:nodeName=gb, BSSID=22400">
                <measResults>97308 71940 169251 27 19 46 144 58 192 </measResults>
            </measValue>
            <measValue measObjLdn="sl2USN04/Gb interface BSSID:nodeName=gb, BSSID=22416">
                <measResults>30133 15116 45246 8 4 12 64 18 76 </measResults>
            </measValue>
            <measValue measObjLdn="sl2USN04/Gb interface BSSID:nodeName=gb, BSSID=22432">
                <measResults>13680 16682 30355 3 4 7 38 30 54 </measResults>
            </measValue>
            <measValue measObjLdn="sl2USN04/Gb interface BSSID:nodeName=gb, BSSID=22448">
                <measResults>25029 28124 53145 6 7 13 54 47 90 </measResults>
            </measValue>
            <measValue measObjLdn="sl2USN04/Gb interface BSSID:nodeName=gb, BSSID=22464">
                <measResults>111648 41061 152711 31 11 42 123 53 164 </measResults>
            </measValue>
            <measValue measObjLdn="sl2USN04/Gb interface BSSID:nodeName=gb, BSSID=22480">
                <measResults>87788 16228 104029 24 4 28 146 38 163 </measResults>
            </measValue>
            <measValue measObjLdn="sl2USN04/Gb interface BSSID:nodeName=gb, BSSID=22496">
                <measResults>102673 23327 125990 28 6 34 117 26 139 </measResults>
            </measValue>
            <measValue measObjLdn="sl2USN04/Gb interface BSSID:nodeName=gb, BSSID=22512">
                <measResults>27875 17487 45361 7 4 11 48 18 60 </measResults>
            </measValue>
            <measValue measObjLdn="sl2USN04/Gb interface BSSID:nodeName=gb, BSSID=22528">
                <measResults>92661 50049 142708 25 13 38 115 54 166 </measResults>
            </measValue>
            <measValue measObjLdn="sl2USN04/Gb interface BSSID:nodeName=gb, BSSID=22544">
                <measResults>21827 11589 33411 6 3 9 49 19 59 </measResults>
            </measValue>
            <measValue measObjLdn="sl2USN04/Gb interface BSSID:nodeName=gb, BSSID=22560">
                <measResults>83559 64930 148490 23 18 41 107 52 155 </measResults>
            </measValue>
            <measValue measObjLdn="sl2USN04/Gb interface BSSID:nodeName=gb, BSSID=22576">
                <measResults>19168 10091 29255 5 2 7 56 20 70 </measResults>
            </measValue>
            <measValue measObjLdn="sl2USN04/Gb interface BSSID:nodeName=gb, BSSID=22592">
                <measResults>66010 40726 106738 18 11 29 88 40 119 </measResults>
            </measValue>
            <measValue measObjLdn="sl2USN04/Gb interface BSSID:nodeName=gb, BSSID=22608">
                <measResults>231251 95995 327251 64 26 90 247 79 308 </measResults>
            </measValue>
            <measValue measObjLdn="sl2USN04/Gb interface BSSID:nodeName=gb, BSSID=22624">
                <measResults>78498 35154 113655 21 9 30 109 45 134 </measResults>
            </measValue>
            <measValue measObjLdn="sl2USN04/Gb interface BSSID:nodeName=gb, BSSID=22640">
                <measResults>38087 19858 57947 10 5 15 66 28 84 </measResults>
            </measValue>
            <measValue measObjLdn="sl2USN04/Gb interface BSSID:nodeName=gb, BSSID=22656">
                <measResults>40862 30046 70902 11 8 19 62 39 90 </measResults>
            </measValue>
            <measValue measObjLdn="sl2USN04/Gb interface BSSID:nodeName=gb, BSSID=22672">
                <measResults>109861 72691 182555 30 20 50 115 52 168 </measResults>
            </measValue>
            <measValue measObjLdn="sl2USN04/Gb interface BSSID:nodeName=gb, BSSID=22688">
                <measResults>215921 73356 289277 59 20 79 266 69 320 </measResults>
            </measValue>
            <measValue measObjLdn="sl2USN04/Gb interface BSSID:nodeName=gb, BSSID=22704">
                <measResults>43826 44242 88063 12 12 24 62 41 87 </measResults>
            </measValue>
            <measValue measObjLdn="sl2USN04/Gb interface BSSID:nodeName=gb, BSSID=22720">
                <measResults>0 0 0 0 0 0 0 0 0 </measResults>
            </measValue>
            <measValue measObjLdn="sl2USN04/Gb interface BSSID:nodeName=gb, BSSID=27200">
                <measResults>207415 40858 248279 57 11 68 240 42 275 </measResults>
            </measValue>
            <measValue measObjLdn="sl2USN04/Gb interface BSSID:nodeName=gb, BSSID=27216">
                <measResults>203675 33524 237200 56 9 65 205 32 223 </measResults>
            </measValue>
            <measValue measObjLdn="sl2USN04/Gb interface BSSID:nodeName=gb, BSSID=27232">
                <measResults>92741 34734 127474 25 9 34 99 40 119 </measResults>
            </measValue>
            <measValue measObjLdn="sl2USN04/Gb interface BSSID:nodeName=gb, BSSID=32000">
                <measResults>38444 29278 67717 10 8 18 106 33 125 </measResults>
            </measValue>
            <measValue measObjLdn="sl2USN04/Gb interface BSSID:nodeName=gb, BSSID=32016">
                <measResults>88991 74191 163186 24 20 44 160 71 232 </measResults>
            </measValue>
            <measValue measObjLdn="sl2USN04/Gb interface BSSID:nodeName=gb, BSSID=32032">
                <measResults>27138 24223 51356 7 6 13 41 29 64 </measResults>
            </measValue>
            <measValue measObjLdn="sl2USN04/Gb interface BSSID:nodeName=gb, BSSID=32048">
                <measResults>26044 33156 59207 7 9 16 44 29 62 </measResults>
            </measValue>
            <measValue measObjLdn="sl2USN04/Gb interface BSSID:nodeName=gb, BSSID=32064">
                <measResults>7918 18605 26517 2 5 7 24 23 48 </measResults>
            </measValue>
            <measValue measObjLdn="sl2USN04/Gb interface BSSID:nodeName=gb, BSSID=32080">
                <measResults>224666 92571 317225 62 25 87 195 88 267 </measResults>
            </measValue>
            <measValue measObjLdn="sl2USN04/Gb interface BSSID:nodeName=gb, BSSID=32096">
                <measResults>293333 80285 373620 81 22 103 229 70 282 </measResults>
            </measValue>
            <measValue measObjLdn="sl2USN04/Gb interface BSSID:nodeName=gb, BSSID=32112">
                <measResults>80745 51854 132603 22 14 36 101 60 145 </measResults>
            </measValue>
            <measValue measObjLdn="sl2USN04/Gb interface BSSID:nodeName=gb, BSSID=32128">
                <measResults>51420 29816 81228 14 8 22 81 31 104 </measResults>
            </measValue>
            <measValue measObjLdn="sl2USN04/Gb interface BSSID:nodeName=gb, BSSID=32144">
                <measResults>17929 24941 42868 4 6 10 26 24 49 </measResults>
            </measValue>
            <measValue measObjLdn="sl2USN04/Gb interface BSSID:nodeName=gb, BSSID=32160">
                <measResults>238984 85476 324461 66 23 89 213 77 274 </measResults>
            </measValue>
            <measValue measObjLdn="sl2USN04/Gb interface BSSID:nodeName=gb, BSSID=32176">
                <measResults>144823 31644 176466 40 8 48 178 37 202 </measResults>
            </measValue>
            <measValue measObjLdn="sl2USN04/Gb interface BSSID:nodeName=gb, BSSID=32192">
                <measResults>31848 25562 57410 8 7 15 64 39 79 </measResults>
            </measValue>
            <measValue measObjLdn="sl2USN04/Gb interface BSSID:nodeName=gb, BSSID=32208">
                <measResults>45925 32855 78773 12 9 21 77 32 104 </measResults>
            </measValue>
            <measValue measObjLdn="sl2USN04/Gb interface BSSID:nodeName=gb, BSSID=32224">
                <measResults>22109 33782 55885 6 9 15 47 36 72 </measResults>
            </measValue>
            <measValue measObjLdn="sl2USN04/Gb interface BSSID:nodeName=gb, BSSID=33600">
                <measResults>215633 113153 328782 59 31 90 224 101 300 </measResults>
            </measValue>
            <measValue measObjLdn="sl2USN04/Gb interface BSSID:nodeName=gb, BSSID=33616">
                <measResults>299343 162172 461512 83 45 128 229 116 330 </measResults>
            </measValue>
            <measValue measObjLdn="sl2USN04/Gb interface BSSID:nodeName=gb, BSSID=33680">
                <measResults>219152 161625 380772 60 44 104 188 130 310 </measResults>
            </measValue>
            <measValue measObjLdn="sl2USN04/Gb interface BSSID:nodeName=gb, BSSID=33696">
                <measResults>92876 30154 123027 25 8 33 127 40 157 </measResults>
            </measValue>
            <measValue measObjLdn="sl2USN04/Gb interface BSSID:nodeName=gb, BSSID=33712">
                <measResults>245367 115204 360578 68 32 100 254 101 336 </measResults>
            </measValue>
            <measValue measObjLdn="sl2USN04/Gb interface BSSID:nodeName=gb, BSSID=36800">
                <measResults>317583 197600 515184 88 54 142 296 147 436 </measResults>
            </measValue>
            <measValue measObjLdn="sl2USN04/Gb interface BSSID:nodeName=gb, BSSID=36816">
                <measResults>80967 53353 134313 22 14 36 92 50 133 </measResults>
            </measValue>
            <measValue measObjLdn="sl2USN04/Gb interface BSSID:nodeName=gb, BSSID=36832">
                <measResults>0 0 0 0 0 0 0 0 0 </measResults>
            </measValue>
            <measValue measObjLdn="sl2USN04/Gb interface BSSID:nodeName=gb, BSSID=44752">
                <measResults>350832 99480 450305 97 27 124 354 93 444 </measResults>
            </measValue>
            <measValue measObjLdn="sl2USN04/Gb interface BSSID:nodeName=gb, BSSID=44768">
                <measResults>98378 86366 184739 27 23 50 125 76 169 </measResults>
            </measValue>
            <measValue measObjLdn="sl2USN04/Gb interface BSSID:nodeName=gb, BSSID=44784">
                <measResults>139908 78734 218642 38 21 59 161 65 213 </measResults>
            </measValue>
        </measInfo>
        <measInfo measInfoId="1912143879">
            <granPeriod duration="PT3600S" endTime="2021-08-12T00:00:00+08:00"/>
            <repPeriod duration="PT3600S"/>
            <measTypes>1912143940 1912143941 </measTypes>
            <measValue measObjLdn="sl2USN04/RU_USN:nodeName=gb, RU NAME=GB_SP_RU_0064">
                <measResults>13 11 </measResults>
            </measValue>
            <measValue measObjLdn="sl2USN04/RU_USN:nodeName=gb, RU NAME=GB_SP_RU_0065">
                <measResults>13 10 </measResults>
            </measValue>
            <measValue measObjLdn="sl2USN04/RU_USN:nodeName=gb, RU NAME=GB_SP_RU_0066">
                <measResults>12 10 </measResults>
            </measValue>
            <measValue measObjLdn="sl2USN04/RU_USN:nodeName=gb, RU NAME=GB_SP_RU_0067">
                <measResults>12 10 </measResults>
            </measValue>
            <measValue measObjLdn="sl2USN04/RU_USN:nodeName=gb, RU NAME=GB_SP_RU_0068">
                <measResults>12 10 </measResults>
            </measValue>
        </measInfo>
        <measInfo measInfoId="1912143880">
            <granPeriod duration="PT3600S" endTime="2021-08-12T00:00:00+08:00"/>
            <repPeriod duration="PT3600S"/>
            <measTypes>1912143950 1912143951 </measTypes>
            <measValue measObjLdn="sl2USN04/ScaleGroup_USN:nodeName=gb, ScaleRroupName=SG1_GB">
                <measResults>11 10 </measResults>
            </measValue>
        </measInfo>
    </measData>
    <fileFooter>
        <measCollec endTime="2021-08-12T00:00:00+08:00"/>
    </fileFooter>
</measCollecFile>
