<?xml version="1.0" encoding="UTF-8"?>
<measCollecFile xmlns="http://latest/nmc-omc/cmNrm.doc#measCollec" xmlns:xsi="http://www.w3.org/2001/XMLSchema-instance" xsi:schemaLocation="http://latest/nmc-omc/cmNrm.doc#measCollec schema\pmResultSchedule.xsd">
    <fileHeader fileFormatVersion="32.435 V7.2" vendorName="Huawei">
        <fileSender elementType="BTS3900"/>
        <measCollec beginTime="2021-08-17T22:00:00+08:00"/>
    </fileHeader>
    <measData>
        <managedElement userLabel="PSY06685HUNB001"/>
        <measInfo measInfoId="50331655">
            <granPeriod duration="PT3600S" endTime="2021-08-17T23:00:00+08:00"/>
            <repPeriod duration="PT3600S"/>
            <measTypes>50332573 50332574 50342574 50342575 50342635 50342636 </measTypes>
            <measValue measObjLdn="PSY06685HUNB001/ULGROUP:UL BB Resource Group No.=1">
                <measResults>1024 97.021 68.5 142.5 0 0 </measResults>
            </measValue>
            <measValue measObjLdn="PSY06685HUNB001/ULGROUP:UL BB Resource Group No.=3">
                <measResults>2048 19.417 6.5 42 0 0 </measResults>
            </measValue>
        </measInfo>
        <measInfo measInfoId="50331656">
            <granPeriod duration="PT3600S" endTime="2021-08-17T23:00:00+08:00"/>
            <repPeriod duration="PT3600S"/>
            <measTypes>50332582 50332583 50332584 50332586 50342584 50342585 50342586 50342587 50342606 50342607 50342608 50342609 50342632 50342633 </measTypes>
            <measValue measObjLdn="PSY06685HUNB001/BRD:Board Type=BBP, Cabinet No.=0, Subrack No.=0, Slot No.=0">
                <measResults>1024 1024 60.775 97.021 42 81 68.5 142.5 3 6 5 7 0 0 </measResults>
            </measValue>
            <measValue measObjLdn="PSY06685HUNB001/BRD:Board Type=BBP, Cabinet No.=0, Subrack No.=0, Slot No.=2">
                <measResults>1024 1024 0 1.975 0 0 0 8.5 0 0 0 0 0 0 </measResults>
            </measValue>
            <measValue measObjLdn="PSY06685HUNB001/BRD:Board Type=BBP, Cabinet No.=0, Subrack No.=0, Slot No.=3">
                <measResults>1024 1024 18.892 17.442 12 31 6 40 1 2 1 2 0 0 </measResults>
            </measValue>
        </measInfo>
        <measInfo measInfoId="50331683">
            <granPeriod duration="PT3600S" endTime="2021-08-17T23:00:00+08:00"/>
            <repPeriod duration="PT3600S"/>
            <measTypes>50332627 </measTypes>
            <measValue measObjLdn="PSY06685HUNB001/NODEBRRU:Cabinet No.=0, Subrack No.=60, Slot No.=0">
                <measResults>0 </measResults>
            </measValue>
            <measValue measObjLdn="PSY06685HUNB001/NODEBRRU:Cabinet No.=0, Subrack No.=61, Slot No.=0">
                <measResults>0 </measResults>
            </measValue>
            <measValue measObjLdn="PSY06685HUNB001/NODEBRRU:Cabinet No.=0, Subrack No.=62, Slot No.=0">
                <measResults>0 </measResults>
            </measValue>
            <measValue measObjLdn="PSY06685HUNB001/NODEBRRU:Cabinet No.=0, Subrack No.=80, Slot No.=0">
                <measResults>0 </measResults>
            </measValue>
            <measValue measObjLdn="PSY06685HUNB001/NODEBRRU:Cabinet No.=0, Subrack No.=81, Slot No.=0">
                <measResults>0 </measResults>
            </measValue>
            <measValue measObjLdn="PSY06685HUNB001/NODEBRRU:Cabinet No.=0, Subrack No.=82, Slot No.=0">
                <measResults>0 </measResults>
            </measValue>
        </measInfo>
        <measInfo measInfoId="1526726682">
            <granPeriod duration="PT3600S" endTime="2021-08-17T23:00:00+08:00"/>
            <repPeriod duration="PT3600S"/>
            <measTypes>1526727075 1526727076 1526727077 1526727078 1526727079 1526727080 </measTypes>
            <measValue measObjLdn="PSY06685HUNB001/GTPU:Board Type=MPT, Cabinet No.=0, Subrack No.=0, Slot No.=7">
                <measResults>0 0 0 0 0 0 </measResults>
            </measValue>
        </measInfo>
        <measInfo measInfoId="1542455297">
            <granPeriod duration="PT3600S" endTime="2021-08-17T23:00:00+08:00"/>
            <repPeriod duration="PT3600S"/>
            <measTypes>1542455297 1542455298 1542455299 1542455300 1542455301 1542455302 1542455303 1542455304 1542455305 1542455306 1542455307 1542460296 1542460297 </measTypes>
            <measValue measObjLdn="PSY06685HUNB001/ETHPORT:Cabinet No.=0, Subrack No.=0, Slot No.=7, Port No.=0, Subboard Type=BASE_BOARD">
                <measResults>774570268 7262211 3158635639 9109602 0 5659264 689736 1721307 24789000 946112 7019613 1000000 1000000 </measResults>
            </measValue>
        </measInfo>
        <measInfo measInfoId="1542455301">
            <granPeriod duration="PT3600S" endTime="2021-08-17T23:00:00+08:00"/>
            <repPeriod duration="PT3600S"/>
            <measTypes>1542455326 1542455327 1542455328 1542455329 1542455330 1542455331 1542455332 1542455333 1542460727 1542460728 1542460729 </measTypes>
            <measValue measObjLdn="PSY06685HUNB001/IP:Board Type=MPT, Cabinet No.=0, Subrack No.=0, Slot No.=7">
                <measResults>7262122 600328187 0 0 9103330 2931085143 0 0 4986 0 0 </measResults>
            </measValue>
        </measInfo>
        <measInfo measInfoId="1542455303">
            <granPeriod duration="PT3600S" endTime="2021-08-17T23:00:00+08:00"/>
            <repPeriod duration="PT3600S"/>
            <measTypes>1542455365 1542455367 1542455369 1542455371 1542455375 1542455376 1542455377 1542455378 </measTypes>
            <measValue measObjLdn="PSY06685HUNB001/RSCGRP:Cabinet No.=0, Subrack No.=0, Slot No.=7, Subboard Type=BASE_BOARD, Bearing Type=IP, Bearing Port No.=0, Bearing Port Type=ETH, Resource Group ID=AUTOPORT">
                <measResults>731082494 7262188 0 0 5483920 631944 1624661 0 </measResults>
            </measValue>
            <measValue measObjLdn="PSY06685HUNB001/RSCGRP:Cabinet No.=0, Subrack No.=0, Slot No.=7, Subboard Type=BASE_BOARD, Bearing Type=IP, Bearing Port No.=1, Bearing Port Type=ETH, Resource Group ID=AUTOPORT">
                <measResults>0 0 0 0 0 0 0 0 </measResults>
            </measValue>
        </measInfo>
        <measInfo measInfoId="1542455312">
            <granPeriod duration="PT3600S" endTime="2021-08-17T23:00:00+08:00"/>
            <repPeriod duration="PT3600S"/>
            <measTypes>1542460308 1542460309 1542460310 1542460311 1542460312 1542460313 1542460314 1542460315 1542460316 1542460317 1542460318 1542460319 1542460320 1542460321 1542460322 1542460323 1542460324 1542460325 1542460326 1542460327 1542460328 1542460329 1542460330 1542460331 1542460332 </measTypes>
            <measValue measObjLdn="PSY06685HUNB001/RSCGRP:Cabinet No.=0, Subrack No.=0, Slot No.=7, Subboard Type=BASE_BOARD, Bearing Type=IP, Bearing Port No.=0, Bearing Port Type=ETH, Resource Group ID=AUTOPORT">
                <measResults>31330 31330 31330 0 0 0 0 0 0 0 0 0 0 1968579 0 0 0 1 0 0 0 0 0 0 0 </measResults>
            </measValue>
            <measValue measObjLdn="PSY06685HUNB001/RSCGRP:Cabinet No.=0, Subrack No.=0, Slot No.=7, Subboard Type=BASE_BOARD, Bearing Type=IP, Bearing Port No.=1, Bearing Port Type=ETH, Resource Group ID=AUTOPORT">
                <measResults>0 0 0 0 0 0 0 0 0 0 0 0 0 0 0 0 0 0 0 0 0 0 0 0 0 </measResults>
            </measValue>
        </measInfo>
        <measInfo measInfoId="1542455824">
            <granPeriod duration="PT3600S" endTime="2021-08-17T23:00:00+08:00"/>
            <repPeriod duration="PT3600S"/>
            <measTypes>1542460390 1542460391 1542460392 1542460393 1542460394 1542460395 1542460396 1542460397 </measTypes>
            <measValue measObjLdn="PSY06685HUNB001/RSCGRP:Cabinet No.=0, Subrack No.=0, Slot No.=7, Subboard Type=BASE_BOARD, Bearing Type=IP, Bearing Port No.=0, Bearing Port Type=ETH, Resource Group ID=AUTOPORT">
                <measResults>0 0 0 0 0 0 0 0 </measResults>
            </measValue>
            <measValue measObjLdn="PSY06685HUNB001/RSCGRP:Cabinet No.=0, Subrack No.=0, Slot No.=7, Subboard Type=BASE_BOARD, Bearing Type=IP, Bearing Port No.=1, Bearing Port Type=ETH, Resource Group ID=AUTOPORT">
                <measResults>0 0 0 0 0 0 0 0 </measResults>
            </measValue>
        </measInfo>
        <measInfo measInfoId="1542455307">
            <granPeriod duration="PT3600S" endTime="2021-08-17T23:00:00+08:00"/>
            <repPeriod duration="PT3600S"/>
            <measTypes>1542455796 1542455797 1542455798 1542455799 1542455800 1542455801 1542455802 1542455803 1542460730 1542460731 1542460732 </measTypes>
            <measValue measObjLdn="PSY06685HUNB001/IPv6:Board Type=MPT, Cabinet No.=0, Subrack No.=0, Slot No.=7">
                <measResults>0 0 0 0 0 0 0 0 0 0 0 </measResults>
            </measValue>
        </measInfo>
        <measInfo measInfoId="1542455309">
            <granPeriod duration="PT3600S" endTime="2021-08-17T23:00:00+08:00"/>
            <repPeriod duration="PT3600S"/>
            <measTypes>1542455826 1542455827 1542455828 1542455829 1542455833 1542455834 1542455835 1542455836 1542455837 1542455838 1542455839 1542455840 1542455841 1542455842 1542455843 1542455844 1542455845 1542455846 1542455847 1542455848 </measTypes>
            <measValue measObjLdn="PSY06685HUNB001/OMCH:Standby Status=MASTER, Bearer Type=IPV4">
                <measResults>672 177 0 0 0 0 0 0 0 507 0 0 654 0 0 0 0 593 0 61 </measResults>
            </measValue>
        </measInfo>
        <measInfo measInfoId="1542455815">
            <granPeriod duration="PT3600S" endTime="2021-08-17T23:00:00+08:00"/>
            <repPeriod duration="PT3600S"/>
            <measTypes>1542460340 1542460341 1542460342 1542460343 1542460496 1542460497 1542460498 1542460499 1542460500 1542460501 1542460502 1542460503 1542460504 1542460505 1542460506 1542460507 1542460510 </measTypes>
            <measValue measObjLdn="PSY06685HUNB001/IKE:Board Type=MPT, Cabinet No.=0, Subrack No.=0, Slot No.=7">
                <measResults>0 0 0 0 0 0 0 0 0 0 0 0 0 0 0 0 0 </measResults>
            </measValue>
        </measInfo>
        <measInfo measInfoId="1542455817">
            <granPeriod duration="PT3600S" endTime="2021-08-17T23:00:00+08:00"/>
            <repPeriod duration="PT3600S"/>
            <measTypes>1542460356 1542460357 1542460358 1542460359 1542460360 1542460361 1542460362 1542460363 1542460364 1542460365 1542460366 1542460367 1542460368 1542460369 1542460370 1542460371 1542460372 1542460373 1542460374 1542460375 1542460376 </measTypes>
            <measValue measObjLdn="PSY06685HUNB001/SCTPLNK:Link No.=31">
                <measResults>6269109 9426013 85184 135705 0 55984 0 13932 37904 15480 20947 19119 116318 0 0 0 0 0 0 116318 19126 </measResults>
            </measValue>
            <measValue measObjLdn="PSY06685HUNB001/SCTPLNK:Link No.=32">
                <measResults>9983005 11155002 352277 436115 0 51912 4336 22185 47088 8072 24789 165251 320628 0 0 0 0 0 0 320628 165251 </measResults>
            </measValue>
        </measInfo>
        <measInfo measInfoId="1542455818">
            <granPeriod duration="PT3600S" endTime="2021-08-17T23:00:00+08:00"/>
            <repPeriod duration="PT3600S"/>
            <measTypes>1542455526 1542455527 1542455528 1542455529 1542455530 1542455531 1542455532 1542455533 1542455534 1542455535 </measTypes>
            <measValue measObjLdn="PSY06685HUNB001/USERPLANEHOST:User Plane Host ID=3">
                <measResults>6465730 8442561 534877471 2875334636 5201680 1188645 23919776 6389635 NIL NIL </measResults>
            </measValue>
        </measInfo>
        <measInfo measInfoId="1593835529">
            <granPeriod duration="PT3600S" endTime="2021-08-17T23:00:00+08:00"/>
            <repPeriod duration="PT3600S"/>
            <measTypes>1593835620 1593835628 1593835629 1593835637 1593835638 1593835639 1593835640 1593835801 1593835802 1593835804 1593835805 </measTypes>
            <measValue measObjLdn="PSY06685HUNB001/NODE:NODE">
                <measResults>NIL 0.596 0 0 0 0 0 0 0 0 0 </measResults>
            </measValue>
        </measInfo>
        <measInfo measInfoId="1593835533">
            <granPeriod duration="PT3600S" endTime="2021-08-17T23:00:00+08:00"/>
            <repPeriod duration="PT3600S"/>
            <measTypes>1593835647 1593835648 1593835649 </measTypes>
            <measValue measObjLdn="PSY06685HUNB001/NODE:NODE">
                <measResults>32302 32289 32295 </measResults>
            </measValue>
        </measInfo>
        <measInfo measInfoId="1593835534">
            <granPeriod duration="PT3600S" endTime="2021-08-17T23:00:00+08:00"/>
            <repPeriod duration="PT3600S"/>
            <measTypes>1593835650 1593835651 </measTypes>
            <measValue measObjLdn="PSY06685HUNB001/NODE:NODE">
                <measResults>NIL NIL </measResults>
            </measValue>
        </measInfo>
        <measInfo measInfoId="1593835531">
            <granPeriod duration="PT3600S" endTime="2021-08-17T23:00:00+08:00"/>
            <repPeriod duration="PT3600S"/>
            <measTypes>1593835630 1593835632 1593835633 1593835634 1593835679 1593835680 1593835681 1593835682 </measTypes>
            <measValue measObjLdn="PSY06685HUNB001/BBUBoard:Board Type=BBP, Cabinet No.=0, Subrack No.=0, Slot No.=0">
                <measResults>0 3 2 0 NIL NIL NIL NIL </measResults>
            </measValue>
            <measValue measObjLdn="PSY06685HUNB001/BBUBoard:Board Type=BBP, Cabinet No.=0, Subrack No.=0, Slot No.=2">
                <measResults>0 3 2 0 NIL NIL NIL NIL </measResults>
            </measValue>
            <measValue measObjLdn="PSY06685HUNB001/BBUBoard:Board Type=BBP, Cabinet No.=0, Subrack No.=0, Slot No.=3">
                <measResults>0 3 2 0 NIL NIL NIL NIL </measResults>
            </measValue>
            <measValue measObjLdn="PSY06685HUNB001/BBUBoard:Board Type=MPT, Cabinet No.=0, Subrack No.=0, Slot No.=7">
                <measResults>0 2 1 0 NIL NIL NIL NIL </measResults>
            </measValue>
        </measInfo>
        <measInfo measInfoId="1593835535">
            <granPeriod duration="PT3600S" endTime="2021-08-17T23:00:00+08:00"/>
            <repPeriod duration="PT3600S"/>
            <measTypes>1593835652 1593835653 1593835654 1593835655 1593835656 1593835657 1593835658 1593835659 1593835660 1593835661 1593835662 1593835663 1593835664 1593835665 1593835666 1593835667 1593835668 1593835669 1593835670 1593835671 </measTypes>
            <measValue measObjLdn="PSY06685HUNB001/RADIOEQM:Cabinet No.=0, Subrack No.=60, Slot No.=0">
                <measResults>NIL NIL NIL NIL NIL NIL NIL NIL NIL NIL 0 0 0 10 0 0 0 0 0 0 </measResults>
            </measValue>
            <measValue measObjLdn="PSY06685HUNB001/RADIOEQM:Cabinet No.=0, Subrack No.=61, Slot No.=0">
                <measResults>NIL NIL NIL NIL NIL NIL NIL NIL NIL NIL 0 0 0 5 0 0 0 0 0 0 </measResults>
            </measValue>
            <measValue measObjLdn="PSY06685HUNB001/RADIOEQM:Cabinet No.=0, Subrack No.=62, Slot No.=0">
                <measResults>NIL NIL NIL NIL NIL NIL NIL NIL NIL NIL 0 0 0 10 0 0 0 0 0 0 </measResults>
            </measValue>
            <measValue measObjLdn="PSY06685HUNB001/RADIOEQM:Cabinet No.=0, Subrack No.=80, Slot No.=0">
                <measResults>NIL NIL NIL NIL NIL NIL NIL NIL NIL NIL 0 0 0 0 0 0 0 0 0 0 </measResults>
            </measValue>
            <measValue measObjLdn="PSY06685HUNB001/RADIOEQM:Cabinet No.=0, Subrack No.=81, Slot No.=0">
                <measResults>NIL NIL NIL NIL NIL NIL NIL NIL NIL NIL 0 0 0 0 0 0 0 0 0 0 </measResults>
            </measValue>
            <measValue measObjLdn="PSY06685HUNB001/RADIOEQM:Cabinet No.=0, Subrack No.=82, Slot No.=0">
                <measResults>NIL NIL NIL NIL NIL NIL NIL NIL NIL NIL 0 0 0 0 0 0 0 0 0 0 </measResults>
            </measValue>
        </measInfo>
        <measInfo measInfoId="1593835537">
            <granPeriod duration="PT3600S" endTime="2021-08-17T23:00:00+08:00"/>
            <repPeriod duration="PT3600S"/>
            <measTypes>1593835675 1593835676 </measTypes>
            <measValue measObjLdn="PSY06685HUNB001/RADIOEQM:Cabinet No.=0, Subrack No.=60, Slot No.=0">
                <measResults>NIL NIL </measResults>
            </measValue>
            <measValue measObjLdn="PSY06685HUNB001/RADIOEQM:Cabinet No.=0, Subrack No.=61, Slot No.=0">
                <measResults>NIL NIL </measResults>
            </measValue>
            <measValue measObjLdn="PSY06685HUNB001/RADIOEQM:Cabinet No.=0, Subrack No.=62, Slot No.=0">
                <measResults>NIL NIL </measResults>
            </measValue>
            <measValue measObjLdn="PSY06685HUNB001/RADIOEQM:Cabinet No.=0, Subrack No.=80, Slot No.=0">
                <measResults>NIL NIL </measResults>
            </measValue>
            <measValue measObjLdn="PSY06685HUNB001/RADIOEQM:Cabinet No.=0, Subrack No.=81, Slot No.=0">
                <measResults>NIL NIL </measResults>
            </measValue>
            <measValue measObjLdn="PSY06685HUNB001/RADIOEQM:Cabinet No.=0, Subrack No.=82, Slot No.=0">
                <measResults>NIL NIL </measResults>
            </measValue>
        </measInfo>
        <measInfo measInfoId="1593835539">
            <granPeriod duration="PT3600S" endTime="2021-08-17T23:00:00+08:00"/>
            <repPeriod duration="PT3600S"/>
            <measTypes>1593835767 </measTypes>
            <measValue measObjLdn="PSY06685HUNB001/RADIOEQM:Cabinet No.=0, Subrack No.=60, Slot No.=0">
                <measResults>3600 </measResults>
            </measValue>
            <measValue measObjLdn="PSY06685HUNB001/RADIOEQM:Cabinet No.=0, Subrack No.=61, Slot No.=0">
                <measResults>3600 </measResults>
            </measValue>
            <measValue measObjLdn="PSY06685HUNB001/RADIOEQM:Cabinet No.=0, Subrack No.=62, Slot No.=0">
                <measResults>3600 </measResults>
            </measValue>
            <measValue measObjLdn="PSY06685HUNB001/RADIOEQM:Cabinet No.=0, Subrack No.=80, Slot No.=0">
                <measResults>3600 </measResults>
            </measValue>
            <measValue measObjLdn="PSY06685HUNB001/RADIOEQM:Cabinet No.=0, Subrack No.=81, Slot No.=0">
                <measResults>3600 </measResults>
            </measValue>
            <measValue measObjLdn="PSY06685HUNB001/RADIOEQM:Cabinet No.=0, Subrack No.=82, Slot No.=0">
                <measResults>3600 </measResults>
            </measValue>
        </measInfo>
        <measInfo measInfoId="1593835544">
            <granPeriod duration="PT3600S" endTime="2021-08-17T23:00:00+08:00"/>
            <repPeriod duration="PT3600S"/>
            <measTypes>1593835835 </measTypes>
            <measValue measObjLdn="PSY06685HUNB001/BU:Cabinet No.=0, Subrack No.=0">
                <measResults>0.20219333 </measResults>
            </measValue>
        </measInfo>
        <measInfo measInfoId="1593835545">
            <granPeriod duration="PT3600S" endTime="2021-08-17T23:00:00+08:00"/>
            <repPeriod duration="PT3600S"/>
            <measTypes>1593835836 </measTypes>
            <measValue measObjLdn="PSY06685HUNB001/BTSBoard:Cabinet No.=0, Subrack No.=60, Slot No.=0">
                <measResults>0.14009084 </measResults>
            </measValue>
            <measValue measObjLdn="PSY06685HUNB001/BTSBoard:Cabinet No.=0, Subrack No.=61, Slot No.=0">
                <measResults>0.12770666 </measResults>
            </measValue>
            <measValue measObjLdn="PSY06685HUNB001/BTSBoard:Cabinet No.=0, Subrack No.=62, Slot No.=0">
                <measResults>0.18170083 </measResults>
            </measValue>
            <measValue measObjLdn="PSY06685HUNB001/BTSBoard:Cabinet No.=0, Subrack No.=80, Slot No.=0">
                <measResults>0.23406166 </measResults>
            </measValue>
            <measValue measObjLdn="PSY06685HUNB001/BTSBoard:Cabinet No.=0, Subrack No.=81, Slot No.=0">
                <measResults>0.16017666 </measResults>
            </measValue>
            <measValue measObjLdn="PSY06685HUNB001/BTSBoard:Cabinet No.=0, Subrack No.=82, Slot No.=0">
                <measResults>0.14550333 </measResults>
            </measValue>
        </measInfo>
        <measInfo measInfoId="50331648">
            <granPeriod duration="PT3600S" endTime="2021-08-17T23:00:00+08:00"/>
            <repPeriod duration="PT3600S"/>
            <measTypes>50331654 50331655 50331656 50331657 50331658 50331659 50331660 50331661 50331662 50331663 50331664 50331665 50331666 50331667 50331668 50331669 50331670 50331671 50331672 50331673 50331674 50331675 50331676 50331677 50331678 50331679 50331680 50331681 50331682 50331683 50331684 50331685 50331686 50331687 50331688 50331689 50331690 50331691 50331692 50331693 50331694 50331695 50331696 50331697 50331698 50331699 50331709 50331710 50331711 50331712 50331713 50331714 50331717 50331718 50331719 50331720 50331721 50331722 50331723 50331724 50331745 50331746 50331754 50331755 50331756 50331757 50331758 50331759 50331760 50331761 50331762 50331763 50331764 50331765 50331766 50331767 50331768 50331769 50331770 50331771 50331772 50331773 50331774 50331775 50331776 50331777 50331778 50331779 50331780 50331781 50331782 50331783 50331784 50331785 50331786 50331787 50331788 50331789 50331790 50331791 50331792 50331793 50331794 50331795 50331796 50331797 50331798 50331799 50331800 50331801 50331802 50331803 50331804 50331805 50331806 50331807 50331808 50331809 50331810 50331811 50331812 50331813 50331814 50331815 50331816 50331817 50331818 50331819 50331820 50331821 50331838 50331839 50331840 50332168 50332169 50332170 50332173 50332174 50332215 50332216 50332217 50341648 50341649 50341650 50341651 50341652 50341653 50341654 50341655 50341656 50341657 50341658 50341659 50341668 50341669 50341670 50341671 50341672 50341675 50341676 50341677 50341678 50341679 50341680 50341685 50341686 50341687 50341688 50341689 50341690 50341691 50341692 50341693 50341694 50341695 50341696 50341697 50341698 50341699 50341700 50341701 50341702 50341703 50341704 50341705 50341706 50341707 50341708 50341709 50341710 50341711 50341712 50341713 50341714 50341715 50341716 50341717 50341722 50341739 50341740 </measTypes>
            <measValue measObjLdn="PSY06685HUNB001/ULoCell:NodeB Function Name=PSY06685HUNB001, Local Cell ID=10351, Cell Name=SMOANU1">
                <measResults>1086625 86991 127736 973165 98875 9321 3222 2042 0 0 0 0 0 0 18818 780 892 796 1185 1449 3218 3282 5934 9241 18418 37669 82517 143656 159598 145346 101201 86770 75312 60155 72102 38653 33079 20927 17451 10519 12051 9685 12407 11503 3893 2143 11292 1277163 0 0 0 0 0 0 0 0 0 105021 1185101 1301414 1671153 5309726867 0 36286 1882 1192 2495 9801 12295 24568 10518 13494 17593 22972 32814 44250 85464 213433 271266 253447 94400 39637 30992 23407 13542 7782 6209 4699 5210 6662 3614 2366 2162 6954 0 0 0 0 0 0 0 0 0 0 0 0 0 0 0 0 0 0 0 0 0 0 0 0 0 0 0 0 0 0 0 0 0 0 0 0 5309671168 1248955 45413 0 0 0 0 0 0 0 0 180 354 1 590 999 0 181 260 591 848 998 693 1460973 5025549 354 1463901 2108186 21 105 0 502 859 0 0 9 0 7.6 13.984 12.88 14 0.006 25 67 2 0 0 0 0 0 0 NIL 818 870 693 0 0 0 0 0 0 0 0 0 0 0 0 13678 1 0 </measResults>
            </measValue>
            <measValue measObjLdn="PSY06685HUNB001/ULoCell:NodeB Function Name=PSY06685HUNB001, Local Cell ID=10352, Cell Name=SMOANU2">
                <measResults>26461 4429 5000 21532 4041 565 202 121 0 0 0 0 0 0 660 74 395 357 1200 2277 3590 5683 7586 8824 8034 8624 10233 11762 8279 11744 5928 6189 4833 4885 5133 4213 3913 2194 1521 1296 898 345 60 19 7 58 12 33051 0 0 0 0 0 0 0 0 0 4490 31391 35893 38119 63704093 0 4176 178 52 187 579 451 3305 1059 1652 2256 2430 3904 3617 1274 2537 2036 1422 1874 1552 685 282 192 45 71 33 30 13 1 0 0 0 0 0 0 0 0 0 0 0 0 0 0 0 0 0 0 0 0 0 0 0 0 0 0 0 0 0 0 0 0 0 0 0 0 0 0 0 63704890 37503 2191 0 0 0 0 0 0 0 0 4 255 0 7 556 0 13 237 21 374 357 20 17388 1728368 0 48706 869400 1 100 0 10 720 0 0 4 0 0.11 7.786 13.974 14 0 1 3 0 0 0 0 0 0 0 NIL 881 894 816 0 0 0 0 0 0 0 0 0 0 0 0 15188 0 0 </measResults>
            </measValue>
            <measValue measObjLdn="PSY06685HUNB001/ULoCell:NodeB Function Name=PSY06685HUNB001, Local Cell ID=10353, Cell Name=SMOANU3">
                <measResults>14634 1978 2318 12565 1905 54 57 53 0 0 0 0 0 0 465 42 689 216 302 325 449 439 579 708 1440 2763 4177 4928 4923 5374 6359 8296 8142 6971 4638 2729 1916 1337 1080 1135 1473 1151 506 225 197 121 98 18635 0 0 0 0 0 0 0 0 0 9024 9812 18934 22867 118149054 0 2301 307 188 527 186 115 914 253 154 102 201 187 273 181 251 228 393 829 1309 1765 1883 1760 1796 1141 510 270 208 392 212 10 80 0 0 0 0 0 0 0 0 0 0 0 0 0 0 0 0 0 0 0 0 0 0 0 0 0 0 0 0 0 0 0 0 0 0 0 0 118128699 22866 4502 0 0 0 0 0 0 0 0 2 89 0 7 305 0 11 207 32 556 225 12 32591 2101106 0 144849 2715917 0 38 0 6 257 0 0 0 0 0.102 4.307 14 14.1 0 2 0 0 0 0 0 0 0 0 NIL 874 881 799 0 0 0 0 0 0 0 0 0 0 0 0 18229 0 0 </measResults>
            </measValue>
            <measValue measObjLdn="PSY06685HUNB001/ULoCell:NodeB Function Name=PSY06685HUNB001, Local Cell ID=50351, Cell Name=SMOANN4">
                <measResults>235790 28474 39734 203134 28568 2399 1096 593 0 0 0 0 0 0 7579 109 129 46 76 78 679 127 377 517 794 1260 1844 3442 7102 14844 14471 21580 24203 31822 34005 33464 38911 30273 31532 31292 60103 63548 64810 64130 87026 149246 36155 285193 0 0 0 0 0 0 0 0 0 134621 133257 304033 331404 1790407147 0 42021 4095 276 398 3958 641 27356 4826 3320 1506 9554 8423 13840 3675 9862 7667 12747 8516 8901 12205 17172 16175 8932 8999 5701 6814 11163 8286 8635 6335 21828 0 0 0 0 0 0 0 0 0 0 0 0 0 0 0 0 0 0 0 0 0 0 0 0 0 0 0 0 0 0 0 0 0 0 0 0 1790203124 297029 13064 0 0 0 0 0 0 0 0 42 273 0 89 999 0 43 250 92 533 970 165 493207 10148142 0 508461 2989133 6 63 0 79 885 0 0 1 0 1.193 13.525 13.349 14 0 7 46 1 0 0 0 0 0 0 NIL 921 936 874 0 0 0 0 0 0 0 0 0 0 0 0 23588 0 0 </measResults>
            </measValue>
            <measValue measObjLdn="PSY06685HUNB001/ULoCell:NodeB Function Name=PSY06685HUNB001, Local Cell ID=50352, Cell Name=SMOANN5">
                <measResults>75496 5935 11128 68431 6235 594 124 112 0 0 0 0 0 0 2114 40 726 97 288 652 790 857 1580 1601 1629 2148 2837 6632 8698 14989 9706 9555 8051 13242 14050 15506 10307 4586 2274 983 670 175 19 24 13 191 122 92460 0 0 0 0 0 0 0 0 0 6374 86060 92556 97294 321430563 0 7024 1646 169 488 1181 547 4399 692 1646 1071 1454 2936 3801 6398 14818 17088 16862 2477 1414 1676 1831 1880 678 178 52 19 14 8 10 7 92 0 0 0 0 0 0 0 0 0 0 0 0 0 0 0 0 0 0 0 0 0 0 0 0 0 0 0 0 0 0 0 0 0 0 0 0 321430609 96776 6562 0 0 0 0 0 0 0 0 12 481 0 36 980 0 39 249 109 668 330 53 88321 2436422 0 267639 1666434 2 101 0 38 928 0 0 0 0 0.508 14.342 13.999 14.636 0 3 3 0 0 0 0 0 0 0 NIL 940 946 892 0 0 0 0 0 0 0 0 0 0 0 0 14850 0 0 </measResults>
            </measValue>
            <measValue measObjLdn="PSY06685HUNB001/ULoCell:NodeB Function Name=PSY06685HUNB001, Local Cell ID=50353, Cell Name=SMOANN6">
                <measResults>501636 64302 114982 427483 62262 7298 2754 1839 0 0 0 0 0 0 22406 1056 1216 589 861 917 1231 1000 2044 2193 3153 4585 7792 15028 24451 51965 51701 87623 99772 173132 269758 241651 227768 156534 171342 157399 263746 256412 189852 99198 60069 65556 62164 665010 0 0 0 0 0 0 0 0 0 296546 322295 681005 820684 3760774157 0 85232 11425 1003 1337 12533 3197 40899 7006 5382 4538 17379 20631 51134 11938 23084 21060 26898 24820 26197 28303 30820 32935 21736 24505 18038 19315 22887 17294 18633 19630 30473 0 0 0 0 0 0 0 0 0 0 0 0 0 0 0 0 0 0 0 0 0 0 0 0 0 0 0 0 0 0 0 0 0 0 0 0 3760265044 626499 29734 0 0 0 0 0 0 0 0 94 330 4 222 999 2 94 265 222 625 1000 348 1036078 9886810 3773 1036078 2977236 19 160 1 197 867 1 0 4 0 2.802 12.496 12.621 14 0.024 16 101 7 0 0 0 0 0 0 NIL 896 929 809 0 0 0 0 0 0 0 0 0 0 0 0 22585 1 0 </measResults>
            </measValue>
            <measValue measObjLdn="PSY06685HUNB001/ULoCell:NodeB Function Name=PSY06685HUNB001, Local Cell ID=60351, Cell Name=SMOANN1">
                <measResults>156005 22729 101986 116835 29074 6445 2501 1150 0 0 0 0 0 0 19870 218 393 118 287 298 1068 474 1022 2205 5784 8038 11357 15009 16465 19422 14267 20663 19751 23848 28648 26871 31538 29305 38547 35625 58228 57913 51498 42420 32067 23576 10299 269906 0 0 0 0 0 0 0 0 0 71085 199437 280821 338662 774190384 0 35208 6459 411 665 4659 1744 19787 5782 4182 3290 7630 9596 12645 17906 28669 26917 16181 10263 7667 5438 5986 8292 6912 8932 4237 5873 3626 2058 2414 2046 5312 0 0 0 0 0 0 0 0 0 0 0 0 0 0 0 0 0 0 0 0 0 0 0 0 0 0 0 0 0 0 0 0 0 0 0 0 774150933 293258 35309 0 0 0 0 0 0 0 0 39 287 0 85 939 0 40 233 89 512 960 162 212744 2049264 0 221608 1313235 11 134 0 78 791 0 0 8 0 1.099 12.209 12.824 14 0 19 53 2 0 0 0 0 0 0 NIL 907 935 846 0 0 0 0 0 0 0 0 0 0 0 0 21238 0 0 </measResults>
            </measValue>
            <measValue measObjLdn="PSY06685HUNB001/ULoCell:NodeB Function Name=PSY06685HUNB001, Local Cell ID=60352, Cell Name=SMOANN2">
                <measResults>56364 5471 15248 50105 4925 615 423 296 0 0 0 0 0 0 2894 1037 546 449 1033 2214 3984 4218 9294 10001 11416 11545 13965 16445 20509 26225 17532 14392 9378 8142 6097 5983 5658 5036 5839 5512 6499 5965 4053 2806 2750 2330 1734 76709 0 0 0 0 0 0 0 0 0 19164 56185 77083 91739 252852093 0 7666 1789 148 366 929 647 6498 4265 7356 4441 7394 4295 3621 2650 1456 1676 890 921 1324 884 1059 1911 3098 2544 2120 2048 1475 1090 906 341 1266 0 0 0 0 0 0 0 0 0 0 0 0 0 0 0 0 0 0 0 0 0 0 0 0 0 0 0 0 0 0 0 0 0 0 0 0 252844200 83122 9251 0 0 0 0 0 0 0 0 10 257 0 18 587 0 18 219 32 382 567 46 69491 2304531 0 122559 1510674 3 134 0 27 877 0 0 19 0 0.261 8.222 13.991 14 0 5 7 0 0 0 0 0 0 0 NIL 936 947 885 0 0 0 0 0 0 0 0 0 0 0 0 15084 0 0 </measResults>
            </measValue>
            <measValue measObjLdn="PSY06685HUNB001/ULoCell:NodeB Function Name=PSY06685HUNB001, Local Cell ID=60353, Cell Name=SMOANN3">
                <measResults>715858 91696 276988 607555 83807 14356 7146 2994 0 0 0 0 0 0 61408 1643 2311 1281 1438 1579 2277 2549 3719 5717 11248 18760 34997 47979 62841 102826 110069 160376 149227 154061 189473 154206 185457 157266 204990 176814 225251 191241 100125 63928 33039 61997 62224 808015 0 0 0 0 0 0 0 0 0 645465 376945 1084634 1675285 7229335073 0 84489 18639 2526 4986 10921 8271 43249 12337 8427 7123 17271 28731 24701 19611 93080 28238 30679 21256 25130 28288 36186 51001 45762 64371 42831 45357 63449 52890 45082 31311 88224 0 0 0 0 0 0 0 0 0 0 0 0 0 0 0 0 0 0 0 0 0 0 0 0 0 0 0 0 0 0 0 0 0 0 0 0 7229087214 948888 21811 0 0 0 0 0 0 0 0 150 349 3 405 999 2 150 281 405 756 1000 527 1989358 8646349 3581 1989358 3774873 31 119 0 329 838 1 0 16 0 4.788 12.992 11.808 13.585 0.023 11 124 12 1 0 0 0 0 0 NIL 860 913 773 0 0 0 0 0 0 0 0 0 0 0 0 22388 0 0 </measResults>
            </measValue>
        </measInfo>
        <measInfo measInfoId="50331650">
            <granPeriod duration="PT3600S" endTime="2021-08-17T23:00:00+08:00"/>
            <repPeriod duration="PT3600S"/>
            <measTypes>50332548 50332549 50332550 50332554 50342548 50342549 50342550 50342554 50342612 50342613 50342615 50342616 </measTypes>
            <measValue measObjLdn="PSY06685HUNB001/ULoCell:NodeB Function Name=PSY06685HUNB001, Local Cell ID=10351, Cell Name=SMOANU1">
                <measResults>0 0 16.924 8.515 0 0 43.5 22 0 0 0 0 </measResults>
            </measValue>
            <measValue measObjLdn="PSY06685HUNB001/ULoCell:NodeB Function Name=PSY06685HUNB001, Local Cell ID=10352, Cell Name=SMOANU2">
                <measResults>0 0 1.84 0.949 0 0 9.5 5 0 0 0 0 </measResults>
            </measValue>
            <measValue measObjLdn="PSY06685HUNB001/ULoCell:NodeB Function Name=PSY06685HUNB001, Local Cell ID=10353, Cell Name=SMOANU3">
                <measResults>0 0 0.818 0.397 0 0 5.5 3 0 0 0 0 </measResults>
            </measValue>
            <measValue measObjLdn="PSY06685HUNB001/ULoCell:NodeB Function Name=PSY06685HUNB001, Local Cell ID=50351, Cell Name=SMOANN4">
                <measResults>0 0 12.956 5.201 0 0 27.5 13 0 0 0 0 </measResults>
            </measValue>
            <measValue measObjLdn="PSY06685HUNB001/ULoCell:NodeB Function Name=PSY06685HUNB001, Local Cell ID=50352, Cell Name=SMOANN5">
                <measResults>0 0 1.569 0.669 0 0 24 5 0 0 0 0 </measResults>
            </measValue>
            <measValue measObjLdn="PSY06685HUNB001/ULoCell:NodeB Function Name=PSY06685HUNB001, Local Cell ID=50353, Cell Name=SMOANN6">
                <measResults>0 0 26.485 11.119 0 0 61 26 0 0 0 0 </measResults>
            </measValue>
            <measValue measObjLdn="PSY06685HUNB001/ULoCell:NodeB Function Name=PSY06685HUNB001, Local Cell ID=60351, Cell Name=SMOANN1">
                <measResults>0 0 15.042 7.733 0 0 33 17 0 0 0 0 </measResults>
            </measValue>
            <measValue measObjLdn="PSY06685HUNB001/ULoCell:NodeB Function Name=PSY06685HUNB001, Local Cell ID=60352, Cell Name=SMOANN2">
                <measResults>0 0 2.222 1.135 0 0 8 6 0 0 0 0 </measResults>
            </measValue>
            <measValue measObjLdn="PSY06685HUNB001/ULoCell:NodeB Function Name=PSY06685HUNB001, Local Cell ID=60353, Cell Name=SMOANN3">
                <measResults>0 0 38.567 17.39 0 0 70.5 31 0 0 0 0 </measResults>
            </measValue>
        </measInfo>
        <measInfo measInfoId="50331651">
            <granPeriod duration="PT3600S" endTime="2021-08-17T23:00:00+08:00"/>
            <repPeriod duration="PT3600S"/>
            <measTypes>50331850 50331851 50331852 50331853 50331854 50331855 50331856 50331857 50331858 50331859 50331860 50331861 50331862 50331863 50331864 50331865 50331866 50331867 50331868 50331869 50331870 50331871 50331872 50331873 50331874 50331875 50331876 50331877 50331878 50331879 50331885 50331886 50331887 50331888 50331889 50331892 50331903 50331904 50331908 50331925 50331926 50331927 50331928 50331929 50331930 50331931 50331957 50331958 50331959 50331961 50331962 50331963 50331964 50331965 50331966 50331967 50331971 50331972 50331973 50331974 50331987 50331988 50331989 50331990 50331991 50331992 50331993 50331995 50332378 50332379 50332380 50332385 50332386 50332387 50332498 50332499 50332500 50332501 50332503 50332507 50332623 50332638 50341849 50341850 50341851 50341852 50341853 50341854 50341855 50341856 50341857 50341858 50341859 50341864 50341865 50341866 50341868 50341869 50341870 50341871 50341872 50341873 50341874 50341875 50341876 50341877 50341878 50341879 50341880 50341881 50341882 50341883 50341884 50341885 50341886 50341887 50341888 50341889 50341890 50341891 50341892 50341893 50341894 50341895 50341896 50341897 50341898 50341980 50341981 50341982 50341983 50341984 50341985 50341986 50341994 50361698 50361699 50361701 </measTypes>
            <measValue measObjLdn="PSY06685HUNB001/ULoCell:NodeB Function Name=PSY06685HUNB001, Local Cell ID=10351, Cell Name=SMOANU1">
                <measResults>1767434 25484 3282 1064 506 252 167 118 132 138 202 222 131 37 46 5 4 3 2 1 0 0 0 0 0 779 786 1293077 1800010 1455417 485100 156650 5921075 432063 103089 7 455 490 1186672 693 293 182 30 0 0 0 0 16 13 366 151 41 0 0 0 0 4935 4968 9567 40430 580 2371 21788 424973 137303 29886 2697 1075439 459971 45604 276864 0.73 30886 438910 0 0 NIL NIL 0 0.688 0 0 149 1.522 6.026 0.052 0.137 10 0 0 0 78 0 137 115 0 NIL NIL 0.98 0.023 0 0 0 0 37.416 10.074 1.752 0 0 0 0 505438.063 3.193 0.265 0.094 0.047 0.125 0.068 0.002 0.001 0.882 0 0 17 NIL NIL 620 147.984 478.044 7046.754 248134.266 48963.012 18274.902 1205.154 289178.25 0 NIL 0 </measResults>
            </measValue>
            <measValue measObjLdn="PSY06685HUNB001/ULoCell:NodeB Function Name=PSY06685HUNB001, Local Cell ID=10352, Cell Name=SMOANU2">
                <measResults>1798227 1459 229 4 34 2 0 0 0 0 0 0 0 0 0 0 0 0 0 0 0 0 0 0 0 60 60 221586 915138 347817 75267 40685 768073 44899 17537 1 188 373 97716 0 0 0 0 0 0 0 0 1 1 0 0 0 0 0 0 0 976 1983 953 5353 145 1531 5623 18449 8084 1141 30 123280 19594 5113 19247 0.076 2923 17472 0 0 NIL NIL 0 0.07 0 0 181 0.25 2.87 0.004 0.102 10 0 0 0 30 0 22 13 0 NIL NIL 0.092 0.006 0 0 0 0 0 0 0 0 0 0 0 39019.059 0.525 0.034 0.007 0.003 0.003 0 0 0 0.074 0 0 11 NIL NIL 704 30.42 241.878 1236.492 5079.804 2143.104 429.834 5.928 9413.164 0 NIL 0 </measResults>
            </measValue>
            <measValue measObjLdn="PSY06685HUNB001/ULoCell:NodeB Function Name=PSY06685HUNB001, Local Cell ID=10353, Cell Name=SMOANU3">
                <measResults>1798320 1221 24 149 26 0 0 0 0 0 0 0 0 0 0 0 0 0 0 0 0 0 0 0 0 274 274 27837 632879 72270 19836 12658 631786 11315 2611 1 110 153 36121 0 0 0 0 0 0 0 0 0 0 0 0 0 0 0 0 0 1 130 48 3326 95 555 330 2387 5711 924 358 22127 8552 2986 6983 0.01 2800 6086 0 0 NIL NIL 0 0.01 0 0 38 0.049 1.186 0.001 0.046 2 0 0 0 47 0 2 4 0 NIL NIL 0.096 0.001 0 0 0 0 0 0 0 0 0 0 0 15483.944 0.287 0.008 0.003 0.001 0.001 0 0 0 0.085 0 0 36 NIL NIL 613 29.898 117.564 50.76 412.26 1565.364 782.808 243.288 2949.084 0 NIL 0 </measResults>
            </measValue>
            <measValue measObjLdn="PSY06685HUNB001/ULoCell:NodeB Function Name=PSY06685HUNB001, Local Cell ID=50351, Cell Name=SMOANN4">
                <measResults>0 0 0 0 0 0 0 0 1 6 203 116711 1325613 304997 31865 10308 6257 2008 1096 463 292 78 31 25 6 48 4398 669893 1794524 1165332 448667 82502 7880488 357426 50379 12 240 712 731859 1165312 1165312 1165285 283658 16245 20 0 0 125 92 1785080 1785080 1785080 484886 32056 30 0 9979 21883 48454 97312 1 143 1410 25332 102108 125184 113587 554450 189731 113962 151180 0.62 59468 139137 0 0 NIL NIL 0 0.556 0 0 69 0.992 4.29 0.019 0.089 5 0 0 0 75 0 52 52 0 NIL NIL 1.024 0.03 0.001 0 0 0 254343.781 254343.781 254343.781 91469.508 9760.1 1.842 0 254343.781 4.005 0.179 0.05 0.021 0.029 0.007 0.002 0 0.859 0 15 45 NIL NIL 516 0.708 28.98 438.552 4042.59 16060.146 26893.309 52173.852 73348.25 0 NIL 0 </measResults>
            </measValue>
            <measValue measObjLdn="PSY06685HUNB001/ULoCell:NodeB Function Name=PSY06685HUNB001, Local Cell ID=50352, Cell Name=SMOANN5">
                <measResults>191253 72317 115863 139827 467575 683822 111677 12009 4540 733 135 63 50 49 61 24 7 1 0 0 0 0 0 0 0 0 1 97381 743467 229072 66672 19459 790844 62248 13123 3 204 136 159660 20383 0 0 0 0 0 0 0 3 2 30724 0 0 0 0 0 0 921 429 687 27634 209 1080 3401 23732 23169 15137 45 90950 66822 24272 25452 0.102 34746 33751 0 0 NIL NIL 0 0.092 0 0 92 0.147 2 0.006 0.267 5 0 0 0 80 0 14 11 0 NIL NIL 0.098 0.007 0.001 0.001 0 0.001 32266.699 0 0 0 0 0 0 70474.852 0.432 0.023 0.008 0.003 0.006 0.002 0.001 0.001 0.073 0 0 62 NIL NIL 402 42.228 1477.138 5187.724 31757.242 4379.994 1744.068 4.02 24417.236 0 NIL 0 </measResults>
            </measValue>
            <measValue measObjLdn="PSY06685HUNB001/ULoCell:NodeB Function Name=PSY06685HUNB001, Local Cell ID=50353, Cell Name=SMOANN6">
                <measResults>536002 15958 12740 27702 39980 28879 15427 16733 52158 45351 31888 55602 161175 221710 273408 199316 52077 7171 2650 1945 1131 317 149 106 16 418 15907 3013547 1800009 1696709 1155831 460103 13540854 1041885 372287 12 758 831 1215124 1051347 925859 900809 713412 523027 4414 0 9 128 115 2734626 2402369 2332080 1865799 1415743 10058 0 70271 66508 16060 284624 109 573 2941 49803 318717 341275 246570 2545682 418538 270112 323155 1.594 160284 277472 0 0 NIL NIL 0 1.394 0 0 156 3.191 13.21 0.083 0.246 17 1 0 0 87 0 410 274 214 NIL NIL 1.634 0.1 0.001 0 0 0 222237.734 198165.422 194034.875 150223.75 109073.492 409.554 0 507191.625 8.377 0.308 0.105 0.055 0.067 0.008 0.002 0 1.379 0 25 22 NIL NIL 665 18.708 104.484 384.084 7512.868 50797.715 66215.187 85513.266 170304.313 0 NIL 0 </measResults>
            </measValue>
            <measValue measObjLdn="PSY06685HUNB001/ULoCell:NodeB Function Name=PSY06685HUNB001, Local Cell ID=60351, Cell Name=SMOANN1">
                <measResults>0 0 0 0 0 0 0 0 0 0 0 0 0 0 0 261 138355 1087420 455446 96662 17397 2623 981 397 72 396 1721981 1559319 1797285 1180310 439531 127459 7908819 368799 92089 3 286 822 632823 1180300 1180300 1180300 1180300 1180300 1160407 0 203 6 179 1772636 1772636 1772636 1772636 1772636 1745637 0 20953 33435 29039 107824 61 398 2299 24217 55523 150647 370774 871520 57946 15171 145669 0.802 5512 57666 0 0 NIL NIL 0 0.642 0 0 161 0.985 4.49 0.042 0.311 14 13 0 0 46 0 134 55 1000 NIL NIL 0.931 0.001 0 0 0 0 86789.305 86789.305 86789.305 86789.305 86789.305 84456.391 0 86789.305 4.37 0.039 0.008 0.004 0.003 0 0 0 0.866 0 401 4 NIL NIL 761 13.956 46.944 287.85 2305.026 5038.626 14076.096 32939.07 50603.219 0 NIL 0 </measResults>
            </measValue>
            <measValue measObjLdn="PSY06685HUNB001/ULoCell:NodeB Function Name=PSY06685HUNB001, Local Cell ID=60352, Cell Name=SMOANN2">
                <measResults>1784827 5654 2667 1743 1527 1176 914 670 645 162 18 6 0 0 0 0 0 0 0 0 0 0 0 0 0 0 0 273640 1097445 473005 122203 59822 1126160 111679 48193 5 252 264 159615 0 0 0 0 0 0 0 0 8 8 0 0 0 0 0 0 0 8262 14956 5367 16444 1413 12230 17478 25964 13291 20693 3771 303868 38364 20196 29576 0.142 10422 29545 0 0 NIL NIL 0 0.116 0 0 159 0.327 2.112 0.009 0.078 23 0 0 0 80 0 42 33 0 NIL NIL 0.2 0.007 0 0 0 0 0 0 0 0 0 0 0 45104.855 0.691 0.024 0.011 0.005 0.005 0.001 0.001 0 0.176 0 0 23 NIL NIL 797 457.812 4726.248 6422.016 4210.058 2973.474 5950.458 2178.434 26456.506 0 NIL 0 </measResults>
            </measValue>
            <measValue measObjLdn="PSY06685HUNB001/ULoCell:NodeB Function Name=PSY06685HUNB001, Local Cell ID=60353, Cell Name=SMOANN3">
                <measResults>28 3460 46360 195306 350857 353619 241195 147740 150730 94798 28769 10601 6368 4088 2752 2103 1652 1377 1149 1210 2076 2043 2176 5846 12575 131131 159845 3946162 1800009 1642168 1160811 573685 15939972 976314 368958 15 644 783 1088224 826058 183925 153110 134893 128168 116363 100442 702 56 697 2956904 214970 118208 85449 77720 65907 51049 32047 57234 33210 257399 451 1500 10139 72509 191511 341558 161623 2237597 427149 166166 328867 1.756 109240 333614 0 0 NIL NIL 0 1.538 0 0 177 3.487 9.602 0.101 0.272 13 0 0 0 90 0 394 307 2 NIL NIL 1.456 0.04 0.001 0 0 0 305945.594 18722.002 8704.564 5055.224 4359.074 3526.22 2726.748 508509.219 10.164 0.331 0.134 0.061 0.072 0.013 0.004 0.001 1.148 0 3 31 NIL NIL 604 110.22 399.36 1881.498 17513.539 50591.688 99227.359 65581.523 173250.391 0 NIL 0 </measResults>
            </measValue>
        </measInfo>
        <measInfo measInfoId="50331653">
            <granPeriod duration="PT3600S" endTime="2021-08-17T23:00:00+08:00"/>
            <repPeriod duration="PT3600S"/>
            <measTypes>50331748 50331749 50331750 50331751 50331752 50331753 50361697 </measTypes>
            <measValue measObjLdn="PSY06685HUNB001/ULoCell:NodeB Function Name=PSY06685HUNB001, Local Cell ID=10351, Cell Name=SMOANU1">
                <measResults>0.079 0.064 0.079 0.063 0 0 0.472 </measResults>
            </measValue>
            <measValue measObjLdn="PSY06685HUNB001/ULoCell:NodeB Function Name=PSY06685HUNB001, Local Cell ID=10352, Cell Name=SMOANU2">
                <measResults>0 0 0 0 0 0 0.203 </measResults>
            </measValue>
            <measValue measObjLdn="PSY06685HUNB001/ULoCell:NodeB Function Name=PSY06685HUNB001, Local Cell ID=10353, Cell Name=SMOANU3">
                <measResults>0.015 0.014 0.015 0.013 0 0 0.335 </measResults>
            </measValue>
            <measValue measObjLdn="PSY06685HUNB001/ULoCell:NodeB Function Name=PSY06685HUNB001, Local Cell ID=50351, Cell Name=SMOANN4">
                <measResults>0.474 0.36 0.474 0.319 0 0 0.251 </measResults>
            </measValue>
            <measValue measObjLdn="PSY06685HUNB001/ULoCell:NodeB Function Name=PSY06685HUNB001, Local Cell ID=50352, Cell Name=SMOANN5">
                <measResults>0.001 0.001 0.001 0.001 0 0 0.119 </measResults>
            </measValue>
            <measValue measObjLdn="PSY06685HUNB001/ULoCell:NodeB Function Name=PSY06685HUNB001, Local Cell ID=50353, Cell Name=SMOANN6">
                <measResults>0.551 0.432 0.551 0.382 0 0 0.28 </measResults>
            </measValue>
            <measValue measObjLdn="PSY06685HUNB001/ULoCell:NodeB Function Name=PSY06685HUNB001, Local Cell ID=60351, Cell Name=SMOANN1">
                <measResults>0.132 0.118 0.132 0.117 0 0 0.085 </measResults>
            </measValue>
            <measValue measObjLdn="PSY06685HUNB001/ULoCell:NodeB Function Name=PSY06685HUNB001, Local Cell ID=60352, Cell Name=SMOANN2">
                <measResults>0.021 0.018 0.021 0.017 0 0 0.405 </measResults>
            </measValue>
            <measValue measObjLdn="PSY06685HUNB001/ULoCell:NodeB Function Name=PSY06685HUNB001, Local Cell ID=60353, Cell Name=SMOANN3">
                <measResults>0.382 0.347 0.382 0.301 0 0 0.181 </measResults>
            </measValue>
        </measInfo>
        <measInfo measInfoId="50331658">
            <granPeriod duration="PT3600S" endTime="2021-08-17T23:00:00+08:00"/>
            <repPeriod duration="PT3600S"/>
            <measTypes>50332250 50332251 50332410 50332411 </measTypes>
            <measValue measObjLdn="PSY06685HUNB001/ULoCell:NodeB Function Name=PSY06685HUNB001, Local Cell ID=10351, Cell Name=SMOANU1">
                <measResults>0 0 0 0 </measResults>
            </measValue>
            <measValue measObjLdn="PSY06685HUNB001/ULoCell:NodeB Function Name=PSY06685HUNB001, Local Cell ID=10352, Cell Name=SMOANU2">
                <measResults>0 0 0 0 </measResults>
            </measValue>
            <measValue measObjLdn="PSY06685HUNB001/ULoCell:NodeB Function Name=PSY06685HUNB001, Local Cell ID=10353, Cell Name=SMOANU3">
                <measResults>0 0 0 0 </measResults>
            </measValue>
            <measValue measObjLdn="PSY06685HUNB001/ULoCell:NodeB Function Name=PSY06685HUNB001, Local Cell ID=50351, Cell Name=SMOANN4">
                <measResults>0 0 0 0 </measResults>
            </measValue>
            <measValue measObjLdn="PSY06685HUNB001/ULoCell:NodeB Function Name=PSY06685HUNB001, Local Cell ID=50352, Cell Name=SMOANN5">
                <measResults>0 0 0 0 </measResults>
            </measValue>
            <measValue measObjLdn="PSY06685HUNB001/ULoCell:NodeB Function Name=PSY06685HUNB001, Local Cell ID=50353, Cell Name=SMOANN6">
                <measResults>0 0 0 0 </measResults>
            </measValue>
            <measValue measObjLdn="PSY06685HUNB001/ULoCell:NodeB Function Name=PSY06685HUNB001, Local Cell ID=60351, Cell Name=SMOANN1">
                <measResults>0 0 0 0 </measResults>
            </measValue>
            <measValue measObjLdn="PSY06685HUNB001/ULoCell:NodeB Function Name=PSY06685HUNB001, Local Cell ID=60352, Cell Name=SMOANN2">
                <measResults>0 0 0 0 </measResults>
            </measValue>
            <measValue measObjLdn="PSY06685HUNB001/ULoCell:NodeB Function Name=PSY06685HUNB001, Local Cell ID=60353, Cell Name=SMOANN3">
                <measResults>0 0 0 0 </measResults>
            </measValue>
        </measInfo>
        <measInfo measInfoId="50331660">
            <granPeriod duration="PT3600S" endTime="2021-08-17T23:00:00+08:00"/>
            <repPeriod duration="PT3600S"/>
            <measTypes>50361670 50361671 50361672 50361673 </measTypes>
            <measValue measObjLdn="PSY06685HUNB001/ULoCell:NodeB Function Name=PSY06685HUNB001, Local Cell ID=10351, Cell Name=SMOANU1">
                <measResults>0 0 0 0 </measResults>
            </measValue>
            <measValue measObjLdn="PSY06685HUNB001/ULoCell:NodeB Function Name=PSY06685HUNB001, Local Cell ID=10352, Cell Name=SMOANU2">
                <measResults>0 0 0 0 </measResults>
            </measValue>
            <measValue measObjLdn="PSY06685HUNB001/ULoCell:NodeB Function Name=PSY06685HUNB001, Local Cell ID=10353, Cell Name=SMOANU3">
                <measResults>0 0 0 0 </measResults>
            </measValue>
            <measValue measObjLdn="PSY06685HUNB001/ULoCell:NodeB Function Name=PSY06685HUNB001, Local Cell ID=50351, Cell Name=SMOANN4">
                <measResults>0 0 0 0 </measResults>
            </measValue>
            <measValue measObjLdn="PSY06685HUNB001/ULoCell:NodeB Function Name=PSY06685HUNB001, Local Cell ID=50352, Cell Name=SMOANN5">
                <measResults>0 0 0 0 </measResults>
            </measValue>
            <measValue measObjLdn="PSY06685HUNB001/ULoCell:NodeB Function Name=PSY06685HUNB001, Local Cell ID=50353, Cell Name=SMOANN6">
                <measResults>0 0 0 0 </measResults>
            </measValue>
            <measValue measObjLdn="PSY06685HUNB001/ULoCell:NodeB Function Name=PSY06685HUNB001, Local Cell ID=60351, Cell Name=SMOANN1">
                <measResults>0 0 0 0 </measResults>
            </measValue>
            <measValue measObjLdn="PSY06685HUNB001/ULoCell:NodeB Function Name=PSY06685HUNB001, Local Cell ID=60352, Cell Name=SMOANN2">
                <measResults>0 0 0 0 </measResults>
            </measValue>
            <measValue measObjLdn="PSY06685HUNB001/ULoCell:NodeB Function Name=PSY06685HUNB001, Local Cell ID=60353, Cell Name=SMOANN3">
                <measResults>0 0 0 0 </measResults>
            </measValue>
        </measInfo>
        <measInfo measInfoId="50331661">
            <granPeriod duration="PT3600S" endTime="2021-08-17T23:00:00+08:00"/>
            <repPeriod duration="PT3600S"/>
            <measTypes>50332048 50332049 50332050 50332051 </measTypes>
            <measValue measObjLdn="PSY06685HUNB001/ULoCell:NodeB Function Name=PSY06685HUNB001, Local Cell ID=10351, Cell Name=SMOANU1">
                <measResults>28166 0 74170 0 </measResults>
            </measValue>
            <measValue measObjLdn="PSY06685HUNB001/ULoCell:NodeB Function Name=PSY06685HUNB001, Local Cell ID=10352, Cell Name=SMOANU2">
                <measResults>2840 0 74408 0 </measResults>
            </measValue>
            <measValue measObjLdn="PSY06685HUNB001/ULoCell:NodeB Function Name=PSY06685HUNB001, Local Cell ID=10353, Cell Name=SMOANU3">
                <measResults>1751 0 73817 0 </measResults>
            </measValue>
            <measValue measObjLdn="PSY06685HUNB001/ULoCell:NodeB Function Name=PSY06685HUNB001, Local Cell ID=50351, Cell Name=SMOANN4">
                <measResults>20899 0 74887 0 </measResults>
            </measValue>
            <measValue measObjLdn="PSY06685HUNB001/ULoCell:NodeB Function Name=PSY06685HUNB001, Local Cell ID=50352, Cell Name=SMOANN5">
                <measResults>1630 0 74031 0 </measResults>
            </measValue>
            <measValue measObjLdn="PSY06685HUNB001/ULoCell:NodeB Function Name=PSY06685HUNB001, Local Cell ID=50353, Cell Name=SMOANN6">
                <measResults>58035 0 78558 0 </measResults>
            </measValue>
            <measValue measObjLdn="PSY06685HUNB001/ULoCell:NodeB Function Name=PSY06685HUNB001, Local Cell ID=60351, Cell Name=SMOANN1">
                <measResults>11963 0 74624 0 </measResults>
            </measValue>
            <measValue measObjLdn="PSY06685HUNB001/ULoCell:NodeB Function Name=PSY06685HUNB001, Local Cell ID=60352, Cell Name=SMOANN2">
                <measResults>7026 0 74525 0 </measResults>
            </measValue>
            <measValue measObjLdn="PSY06685HUNB001/ULoCell:NodeB Function Name=PSY06685HUNB001, Local Cell ID=60353, Cell Name=SMOANN3">
                <measResults>55165 0 78214 0 </measResults>
            </measValue>
        </measInfo>
        <measInfo measInfoId="50331662">
            <granPeriod duration="PT3600S" endTime="2021-08-17T23:00:00+08:00"/>
            <repPeriod duration="PT3600S"/>
            <measTypes>50332052 50332053 50332054 50332070 50332505 </measTypes>
            <measValue measObjLdn="PSY06685HUNB001/ULoCell:NodeB Function Name=PSY06685HUNB001, Local Cell ID=10351, Cell Name=SMOANU1">
                <measResults>0 75 464578 0 0 </measResults>
            </measValue>
            <measValue measObjLdn="PSY06685HUNB001/ULoCell:NodeB Function Name=PSY06685HUNB001, Local Cell ID=10352, Cell Name=SMOANU2">
                <measResults>0 9 43512 0 0 </measResults>
            </measValue>
            <measValue measObjLdn="PSY06685HUNB001/ULoCell:NodeB Function Name=PSY06685HUNB001, Local Cell ID=10353, Cell Name=SMOANU3">
                <measResults>0 13 25780 0 0 </measResults>
            </measValue>
            <measValue measObjLdn="PSY06685HUNB001/ULoCell:NodeB Function Name=PSY06685HUNB001, Local Cell ID=50351, Cell Name=SMOANN4">
                <measResults>0 70 122390 0 0 </measResults>
            </measValue>
            <measValue measObjLdn="PSY06685HUNB001/ULoCell:NodeB Function Name=PSY06685HUNB001, Local Cell ID=50352, Cell Name=SMOANN5">
                <measResults>0 1 9653 0 0 </measResults>
            </measValue>
            <measValue measObjLdn="PSY06685HUNB001/ULoCell:NodeB Function Name=PSY06685HUNB001, Local Cell ID=50353, Cell Name=SMOANN6">
                <measResults>52 174 221886 0 0 </measResults>
            </measValue>
            <measValue measObjLdn="PSY06685HUNB001/ULoCell:NodeB Function Name=PSY06685HUNB001, Local Cell ID=60351, Cell Name=SMOANN1">
                <measResults>211 78 482686 0 0 </measResults>
            </measValue>
            <measValue measObjLdn="PSY06685HUNB001/ULoCell:NodeB Function Name=PSY06685HUNB001, Local Cell ID=60352, Cell Name=SMOANN2">
                <measResults>0 22 18212 0 0 </measResults>
            </measValue>
            <measValue measObjLdn="PSY06685HUNB001/ULoCell:NodeB Function Name=PSY06685HUNB001, Local Cell ID=60353, Cell Name=SMOANN3">
                <measResults>154 168 567554 0 0 </measResults>
            </measValue>
        </measInfo>
        <measInfo measInfoId="50331663">
            <granPeriod duration="PT3600S" endTime="2021-08-17T23:00:00+08:00"/>
            <repPeriod duration="PT3600S"/>
            <measTypes>50331917 50332061 50332064 50332065 50332069 50332071 50332072 50332073 50332074 50332079 50332258 50332388 50332389 50332504 50332626 50332632 50332639 50332640 50332641 50332645 50342048 50342049 50342050 50342051 50361705 50361706 50361725 50361726 50361735 50361740 50361743 50361744 50361747 50361749 50361751 50361753 50361755 50361757 50361759 50361761 50361763 50361765 50361767 50361769 50361771 50361773 50361775 50361777 50361779 50361781 50361783 50361785 50361787 50361789 50361791 50361793 50361795 </measTypes>
            <measValue measObjLdn="PSY06685HUNB001/ULoCell:NodeB Function Name=PSY06685HUNB001, Local Cell ID=10351, Cell Name=SMOANU1">
                <measResults>994.723 2 256 0 0 0 0 0 0 0 2.169 0 1.782 0 0 0 0 0 NIL 0 10 160.496 0 0 0 0 0 NIL NIL NIL NIL NIL NIL NIL NIL NIL NIL NIL NIL NIL NIL NIL NIL NIL NIL NIL NIL NIL NIL NIL NIL NIL NIL NIL NIL NIL NIL </measResults>
            </measValue>
            <measValue measObjLdn="PSY06685HUNB001/ULoCell:NodeB Function Name=PSY06685HUNB001, Local Cell ID=10352, Cell Name=SMOANU2">
                <measResults>935.25 0 251 0 0 0 0 0 0 0 0.14 0 0.211 0 0 0 0 0 NIL 0 2 26.152 0 0 0 0 0 NIL NIL NIL NIL NIL NIL NIL NIL NIL NIL NIL NIL NIL NIL NIL NIL NIL NIL NIL NIL NIL NIL NIL NIL NIL NIL NIL NIL NIL NIL </measResults>
            </measValue>
            <measValue measObjLdn="PSY06685HUNB001/ULoCell:NodeB Function Name=PSY06685HUNB001, Local Cell ID=10353, Cell Name=SMOANU3">
                <measResults>940.506 0 256 0 0 0 0 0 0 0 0.039 0 0.084 0 0 0 0 0 NIL 0 17 25.416 0 0 0 0 0 NIL NIL NIL NIL NIL NIL NIL NIL NIL NIL NIL NIL NIL NIL NIL NIL NIL NIL NIL NIL NIL NIL NIL NIL NIL NIL NIL NIL NIL NIL </measResults>
            </measValue>
            <measValue measObjLdn="PSY06685HUNB001/ULoCell:NodeB Function Name=PSY06685HUNB001, Local Cell ID=50351, Cell Name=SMOANN4">
                <measResults>866.654 0 256 0 0 0 0 0 0 0 0.299 0 1.41 1000 0 0 0 0 NIL 0 13 50.296 0 0 0 0 0 NIL NIL NIL NIL NIL NIL NIL NIL NIL NIL NIL NIL NIL NIL NIL NIL NIL NIL NIL NIL NIL NIL NIL NIL NIL NIL NIL NIL NIL NIL </measResults>
            </measValue>
            <measValue measObjLdn="PSY06685HUNB001/ULoCell:NodeB Function Name=PSY06685HUNB001, Local Cell ID=50352, Cell Name=SMOANN5">
                <measResults>947.213 0 256 0 0 0 0 0 0 0 0.017 0 0.231 975 0 0 0 0 NIL 0 2 31.735 0 0 0 0 0 NIL NIL NIL NIL NIL NIL NIL NIL NIL NIL NIL NIL NIL NIL NIL NIL NIL NIL NIL NIL NIL NIL NIL NIL NIL NIL NIL NIL NIL NIL </measResults>
            </measValue>
            <measValue measObjLdn="PSY06685HUNB001/ULoCell:NodeB Function Name=PSY06685HUNB001, Local Cell ID=50353, Cell Name=SMOANN6">
                <measResults>924.298 3 255 0 0 0 0 0 0 0 0.36 0 3.509 691.667 0 0 0 0 NIL 0 18 85.154 0 0 0 0 0 NIL NIL NIL NIL NIL NIL NIL NIL NIL NIL NIL NIL NIL NIL NIL NIL NIL NIL NIL NIL NIL NIL NIL NIL NIL NIL NIL NIL NIL NIL </measResults>
            </measValue>
            <measValue measObjLdn="PSY06685HUNB001/ULoCell:NodeB Function Name=PSY06685HUNB001, Local Cell ID=60351, Cell Name=SMOANN1">
                <measResults>995.451 0 255 0 0 0 0 0 0 0 1.792 0 1.596 1000 0 0 0 0 NIL 0 16 56.357 0 0 0 0 0 NIL NIL NIL NIL NIL NIL NIL NIL NIL NIL NIL NIL NIL NIL NIL NIL NIL NIL NIL NIL NIL NIL NIL NIL NIL NIL NIL NIL NIL NIL </measResults>
            </measValue>
            <measValue measObjLdn="PSY06685HUNB001/ULoCell:NodeB Function Name=PSY06685HUNB001, Local Cell ID=60352, Cell Name=SMOANN2">
                <measResults>921.636 0 252 0 0 0 0 0 0 0 0.008 0 0.317 225 0 0 0 0 NIL 0 6 28.787 0 0 0 0 0 NIL NIL NIL NIL NIL NIL NIL NIL NIL NIL NIL NIL NIL NIL NIL NIL NIL NIL NIL NIL NIL NIL NIL NIL NIL NIL NIL NIL NIL NIL </measResults>
            </measValue>
            <measValue measObjLdn="PSY06685HUNB001/ULoCell:NodeB Function Name=PSY06685HUNB001, Local Cell ID=60353, Cell Name=SMOANN3">
                <measResults>999.682 5 255 0 0 0 0 0 0 0 2.568 0 3.833 616.667 0 0 0 0 NIL 0 78 129.26 0 0 0 0 0 NIL NIL NIL NIL NIL NIL NIL NIL NIL NIL NIL NIL NIL NIL NIL NIL NIL NIL NIL NIL NIL NIL NIL NIL NIL NIL NIL NIL NIL NIL </measResults>
            </measValue>
        </measInfo>
        <measInfo measInfoId="50331665">
            <granPeriod duration="PT3600S" endTime="2021-08-17T23:00:00+08:00"/>
            <repPeriod duration="PT3600S"/>
            <measTypes>50331740 50331741 50331742 50331743 50331744 50331909 50331910 50331911 50331912 50331913 50332381 50332382 50332576 50332577 </measTypes>
            <measValue measObjLdn="PSY06685HUNB001/ULoCell:NodeB Function Name=PSY06685HUNB001, Local Cell ID=10351, Cell Name=SMOANU1">
                <measResults>0 0 0 0 0 0 0 0 0 0 0 0 0 0 </measResults>
            </measValue>
            <measValue measObjLdn="PSY06685HUNB001/ULoCell:NodeB Function Name=PSY06685HUNB001, Local Cell ID=10352, Cell Name=SMOANU2">
                <measResults>0 0 0 0 0 0 0 0 0 0 0 0 0 0 </measResults>
            </measValue>
            <measValue measObjLdn="PSY06685HUNB001/ULoCell:NodeB Function Name=PSY06685HUNB001, Local Cell ID=10353, Cell Name=SMOANU3">
                <measResults>0 0 0 0 0 0 0 0 0 0 0 0 0 0 </measResults>
            </measValue>
            <measValue measObjLdn="PSY06685HUNB001/ULoCell:NodeB Function Name=PSY06685HUNB001, Local Cell ID=50351, Cell Name=SMOANN4">
                <measResults>0 0 0 0 0 0 0 0 0 0 0 0 0 0 </measResults>
            </measValue>
            <measValue measObjLdn="PSY06685HUNB001/ULoCell:NodeB Function Name=PSY06685HUNB001, Local Cell ID=50352, Cell Name=SMOANN5">
                <measResults>0 0 0 0 0 0 0 0 0 0 0 0 0 0 </measResults>
            </measValue>
            <measValue measObjLdn="PSY06685HUNB001/ULoCell:NodeB Function Name=PSY06685HUNB001, Local Cell ID=50353, Cell Name=SMOANN6">
                <measResults>0 0 0 0 0 0 0 0 0 0 0 0 0 0 </measResults>
            </measValue>
            <measValue measObjLdn="PSY06685HUNB001/ULoCell:NodeB Function Name=PSY06685HUNB001, Local Cell ID=60351, Cell Name=SMOANN1">
                <measResults>0 0 0 0 0 0 0 0 0 0 0 0 0 0 </measResults>
            </measValue>
            <measValue measObjLdn="PSY06685HUNB001/ULoCell:NodeB Function Name=PSY06685HUNB001, Local Cell ID=60352, Cell Name=SMOANN2">
                <measResults>0 0 0 0 0 0 0 0 0 0 0 0 0 0 </measResults>
            </measValue>
            <measValue measObjLdn="PSY06685HUNB001/ULoCell:NodeB Function Name=PSY06685HUNB001, Local Cell ID=60353, Cell Name=SMOANN3">
                <measResults>0 0 0 0 0 0 0 0 0 0 0 0 0 0 </measResults>
            </measValue>
        </measInfo>
        <measInfo measInfoId="50331673">
            <granPeriod duration="PT3600S" endTime="2021-08-17T23:00:00+08:00"/>
            <repPeriod duration="PT3600S"/>
            <measTypes>50332055 50332056 50332057 50332058 50332059 50332060 50332278 50332279 50332280 50332281 50332282 50332283 50332284 50332285 50332286 50361648 50361649 50361650 50361651 </measTypes>
            <measValue measObjLdn="PSY06685HUNB001/ULoCell:NodeB Function Name=PSY06685HUNB001, Local Cell ID=10351, Cell Name=SMOANU1">
                <measResults>25 16 7 0 0 0 13 12 5 14 4 2 0 35 4 0 0 0 0 </measResults>
            </measValue>
            <measValue measObjLdn="PSY06685HUNB001/ULoCell:NodeB Function Name=PSY06685HUNB001, Local Cell ID=10352, Cell Name=SMOANU2">
                <measResults>5 1 0 0 0 0 0 0 0 2 0 0 0 2 1 0 0 0 0 </measResults>
            </measValue>
            <measValue measObjLdn="PSY06685HUNB001/ULoCell:NodeB Function Name=PSY06685HUNB001, Local Cell ID=10353, Cell Name=SMOANU3">
                <measResults>2 0 0 0 0 0 0 0 0 1 1 0 0 1 0 0 0 0 0 </measResults>
            </measValue>
            <measValue measObjLdn="PSY06685HUNB001/ULoCell:NodeB Function Name=PSY06685HUNB001, Local Cell ID=50351, Cell Name=SMOANN4">
                <measResults>9 1 0 0 0 0 1 1 2 7 4 0 0 10 4 0 0 0 0 </measResults>
            </measValue>
            <measValue measObjLdn="PSY06685HUNB001/ULoCell:NodeB Function Name=PSY06685HUNB001, Local Cell ID=50352, Cell Name=SMOANN5">
                <measResults>3 0 0 0 0 0 0 0 0 1 0 0 0 2 1 0 0 0 0 </measResults>
            </measValue>
            <measValue measObjLdn="PSY06685HUNB001/ULoCell:NodeB Function Name=PSY06685HUNB001, Local Cell ID=50353, Cell Name=SMOANN6">
                <measResults>26 4 2 0 0 0 5 4 12 25 12 4 3 27 13 0 0 0 0 </measResults>
            </measValue>
            <measValue measObjLdn="PSY06685HUNB001/ULoCell:NodeB Function Name=PSY06685HUNB001, Local Cell ID=60351, Cell Name=SMOANN1">
                <measResults>11 10 4 0 0 0 8 6 1 5 2 1 1 8 2 0 0 0 0 </measResults>
            </measValue>
            <measValue measObjLdn="PSY06685HUNB001/ULoCell:NodeB Function Name=PSY06685HUNB001, Local Cell ID=60352, Cell Name=SMOANN2">
                <measResults>6 1 0 0 0 0 0 0 1 2 1 0 0 2 1 0 0 0 0 </measResults>
            </measValue>
            <measValue measObjLdn="PSY06685HUNB001/ULoCell:NodeB Function Name=PSY06685HUNB001, Local Cell ID=60353, Cell Name=SMOANN3">
                <measResults>42 19 6 0 0 0 72 78 53 81 29 9 9 68 25 0 0 0 0 </measResults>
            </measValue>
        </measInfo>
        <measInfo measInfoId="50331674">
            <granPeriod duration="PT3600S" endTime="2021-08-17T23:00:00+08:00"/>
            <repPeriod duration="PT3600S"/>
            <measTypes>50332161 50332162 50332163 50332164 50332165 50341718 50341719 50341720 50341721 </measTypes>
            <measValue measObjLdn="PSY06685HUNB001/ULoCell:NodeB Function Name=PSY06685HUNB001, Local Cell ID=10351, Cell Name=SMOANU1">
                <measResults>0 0 0 0 0 0 0 0 0 </measResults>
            </measValue>
            <measValue measObjLdn="PSY06685HUNB001/ULoCell:NodeB Function Name=PSY06685HUNB001, Local Cell ID=10352, Cell Name=SMOANU2">
                <measResults>0 0 0 0 0 0 0 0 0 </measResults>
            </measValue>
            <measValue measObjLdn="PSY06685HUNB001/ULoCell:NodeB Function Name=PSY06685HUNB001, Local Cell ID=10353, Cell Name=SMOANU3">
                <measResults>0 0 0 0 0 0 0 0 0 </measResults>
            </measValue>
            <measValue measObjLdn="PSY06685HUNB001/ULoCell:NodeB Function Name=PSY06685HUNB001, Local Cell ID=50351, Cell Name=SMOANN4">
                <measResults>0 0 0 0 0 0 0 0 0 </measResults>
            </measValue>
            <measValue measObjLdn="PSY06685HUNB001/ULoCell:NodeB Function Name=PSY06685HUNB001, Local Cell ID=50352, Cell Name=SMOANN5">
                <measResults>0 0 0 0 0 0 0 0 0 </measResults>
            </measValue>
            <measValue measObjLdn="PSY06685HUNB001/ULoCell:NodeB Function Name=PSY06685HUNB001, Local Cell ID=50353, Cell Name=SMOANN6">
                <measResults>0 0 0 0 0 0 0 0 0 </measResults>
            </measValue>
            <measValue measObjLdn="PSY06685HUNB001/ULoCell:NodeB Function Name=PSY06685HUNB001, Local Cell ID=60351, Cell Name=SMOANN1">
                <measResults>0 0 0 0 0 0 0 0 0 </measResults>
            </measValue>
            <measValue measObjLdn="PSY06685HUNB001/ULoCell:NodeB Function Name=PSY06685HUNB001, Local Cell ID=60352, Cell Name=SMOANN2">
                <measResults>0 0 0 0 0 0 0 0 0 </measResults>
            </measValue>
            <measValue measObjLdn="PSY06685HUNB001/ULoCell:NodeB Function Name=PSY06685HUNB001, Local Cell ID=60353, Cell Name=SMOANN3">
                <measResults>0 0 0 0 0 0 0 0 0 </measResults>
            </measValue>
        </measInfo>
        <measInfo measInfoId="50331676">
            <granPeriod duration="PT3600S" endTime="2021-08-17T23:00:00+08:00"/>
            <repPeriod duration="PT3600S"/>
            <measTypes>50331747 50332175 50332176 50332177 50332178 50332179 50332180 50332181 50332182 50332183 50332184 50332185 50332186 50332187 50332188 50332189 50332190 50332192 50332193 50332194 50332195 50332196 50332197 50332198 50332199 50332200 50332201 50332202 50332203 50332204 50332205 50332206 50332207 50332208 50332209 50332210 50332211 50332212 50332213 50332214 50332219 50332232 50332233 50332234 50332235 50332236 50332237 50332238 50332245 50332246 50332648 50332649 50332650 50332651 50332652 50332653 50332654 50332655 50332656 50332657 50332658 50332670 50332848 50332849 50332850 50332853 50332854 50332855 50332856 50332865 50332866 50332867 50332868 50332869 50332870 50332871 50332872 50332873 50332874 50332875 50332876 50332877 50332878 50332879 50332880 50332881 50332882 50332883 50332884 50332885 50332886 50332887 50332888 50332889 50332890 50332891 50332892 50332894 50332895 50332896 50332897 50332898 50332899 50332900 50332901 50332902 50332903 50332904 50332905 50332906 50332907 50332908 50332909 50332910 50332943 50332944 50332945 50332946 50332947 50332948 50332949 50332950 50332951 50332952 50332953 50332954 50332955 50332956 50332957 50332958 50332959 50332960 50332961 50332962 50332963 50332964 50332965 50332966 50332967 50332968 50332969 50332970 50332971 50332972 50332973 50332974 50332985 50332986 50332987 50332990 50341723 50341741 50341742 50341743 50341748 50341749 50341750 50341751 50341752 50341753 50341754 50341755 50341756 50341757 50341758 50341759 </measTypes>
            <measValue measObjLdn="PSY06685HUNB001/ULoCell:NodeB Function Name=PSY06685HUNB001, Local Cell ID=10351, Cell Name=SMOANU1">
                <measResults>5330272684 586970 47003 16367 19100 12539 21722 7052 24595 8808 50663 19773 176773 201355 416961 190319 0 0 5205653132 10772 0 50479 0 0 0 0 34 165944 248958 2691 485 1470 1595 297 165 115 81 19 1 0 170699904 5309726867 1671039 6309569995 693527 285152 66167 38983 3959067634 1264808 243597 130917 468417 533912 44018 16894 11612 7231 987 0 0 1083071 0 0 0 717854 7 19 73369 0 0 0 0 0 0 0 0 0 0 0 0 186035860 4128439871 551345271 308288770 186348 1275369 153519 44375 0 0 0 0 807919 2177 1528 0 0 0 0 0 0 0 0 0 0 0 0 0 0 0 0 0 0 0 0 0 0 0 0 0 0 0 0 0 0 0 0 0 0 NIL NIL NIL NIL NIL NIL NIL NIL NIL NIL NIL NIL NIL NIL NIL NIL 0 0 0 1556686 3.39 NIL 0 0 81628.328 198111.141 1497978.25 2558297.75 295798.969 148540 133860.844 118344.477 21224.904 0 0 4774045 </measResults>
            </measValue>
            <measValue measObjLdn="PSY06685HUNB001/ULoCell:NodeB Function Name=PSY06685HUNB001, Local Cell ID=10352, Cell Name=SMOANU2">
                <measResults>63676968 1764240 10312 3461 3227 2823 3128 451 2715 205 1117 283 1535 172 108 6223 0 0 56101560 435 0 898 0 0 0 0 0 1 423 126 54 36 21 40 10 7 1 0 0 0 25752 63704093 38113 88820498 88362 19011 8503 382 26598176 19976 6847 5386 3757 634 2508 300 8 2 0 0 0 7209 0 0 0 10724 0 0 13863 0 0 0 0 0 0 0 0 0 0 0 0 14467963 32525151 13655219 3032937 15580 13548 6509 2613 0 0 0 0 118504 247 233 0 0 0 0 0 0 0 0 0 0 0 0 0 0 0 0 0 0 0 0 0 0 0 0 0 0 0 0 0 0 0 0 0 0 NIL NIL NIL NIL NIL NIL NIL NIL NIL NIL NIL NIL NIL NIL NIL NIL 0 0 0 22478 0.407 NIL 0 0 3872.248 7677.761 11321.746 3416.923 17049.086 2457.783 93.631 29.11 0 0 0 34368.277 </measResults>
            </measValue>
            <measValue measObjLdn="PSY06685HUNB001/ULoCell:NodeB Function Name=PSY06685HUNB001, Local Cell ID=10353, Cell Name=SMOANU3">
                <measResults>118011420 1781079 4848 594 332 224 202 135 155 83 186 114 213 167 110 10705 853 0 118161864 3667 0 380 0 0 0 0 0 0 33 65 4 10 8 52 40 30 10 0 1 0 1349880 118149054 22864 140615932 13944 29580 6861 2151 79500133 15457 4189 88 129 272 4387 3377 1768 989 0 0 0 10922 0 0 0 2777 0 0 3957 0 0 0 0 0 0 0 0 0 0 0 0 490851 16992710 74076386 25099452 5956 4199 10349 2568 0 0 0 0 158155 585 405 0 0 0 0 0 0 0 0 0 0 0 0 0 0 0 0 0 0 0 0 0 0 0 0 0 0 0 0 0 0 0 0 0 0 NIL NIL NIL NIL NIL NIL NIL NIL NIL NIL NIL NIL NIL NIL NIL NIL 0 0 0 13958 0.24 NIL 0 0 168.474 151.264 384.088 1579.616 32054.832 30536.545 19760.553 16569.064 0 0 0 100884.695 </measResults>
            </measValue>
            <measValue measObjLdn="PSY06685HUNB001/ULoCell:NodeB Function Name=PSY06685HUNB001, Local Cell ID=50351, Cell Name=SMOANN4">
                <measResults>1790493304 1510450 102800 16096 6887 4362 4259 2348 3264 2714 6235 2942 4984 7403 88293 36963 0 0 1689574312 8203 0 2829 0 0 0 0 3 15038 18397 1011 44 103 157 225 263 287 349 129 25 4 579626608 1790407147 331356 2252804454 45264 141801 183370 418906 447126845 89166 24141 5049 7816 19431 27904 20433 12120 34903 10263 323 0 133193 0 0 0 17712 0 0 110013 0 0 0 0 0 0 0 0 0 1080 0 0 2959793 75903648 343755425 513455143 13568 44715 67983 72513 0 0 0 0 2169289 6696 4417 0 0 0 0 0 0 0 0 0 0 0 0 0 0 0 0 0 0 0 0 0 0 0 0 0 0 0 0 0 0 0 0 0 0 NIL NIL NIL NIL NIL NIL NIL NIL NIL NIL NIL NIL NIL NIL NIL NIL 0 0 0 206052 2.9 NIL 0 0 4072.7 7391.168 24916.242 97597.297 196277.297 181947 143691.641 599701.375 225253.109 10054.76 0 1479438.75 </measResults>
            </measValue>
            <measValue measObjLdn="PSY06685HUNB001/ULoCell:NodeB Function Name=PSY06685HUNB001, Local Cell ID=50352, Cell Name=SMOANN5">
                <measResults>322269684 1707763 15261 2371 2293 1172 2481 360 3033 205 5144 704 14096 434 418 37691 6574 0 321423224 382 0 3043 0 0 0 0 0 56 462 181 27 94 132 66 89 51 0 0 0 1 135464 321430563 97290 376361715 52773 60212 18810 422 77682856 27368 7102 3836 24417 33628 2742 2473 1019 0 0 0 0 64279 0 0 0 59022 0 0 13282 0 0 0 0 0 0 0 0 0 0 0 0 5928726 256259985 49066536 10081942 10202 69953 13576 4272 0 0 0 0 39322 1023 273 0 0 0 0 0 0 0 0 0 0 0 0 0 0 0 0 0 0 0 0 0 0 0 0 0 0 0 0 0 0 0 0 0 0 NIL NIL NIL NIL NIL NIL NIL NIL NIL NIL NIL NIL NIL NIL NIL NIL 0 0 0 75778 0.417 NIL 0 0 2629.36 5885.08 79899.484 166805.219 17937.736 22083.184 10984.288 0 0 0 0 297709.906 </measResults>
            </measValue>
            <measValue measObjLdn="PSY06685HUNB001/ULoCell:NodeB Function Name=PSY06685HUNB001, Local Cell ID=50353, Cell Name=SMOANN6">
                <measResults>3793211560 1191837 138478 28536 15086 10046 15781 12393 16630 8617 23161 8142 37567 113333 163879 16514 0 0 3702117392 27582 0 14463 0 0 0 0 77 67237 89223 3980 244 553 717 673 885 861 534 68 4 2 987476248 3760774157 820571 4795152454 166752 856673 948022 640306 1066550882 294209 111599 26370 60893 81915 52326 39741 56787 60844 5102 0 0 357608 0 0 0 79526 9 14 159747 0 0 0 0 0 0 0 0 0 3987 0 0 13079026 244742571 756738288 1501406493 51693 153950 214767 238219 0 0 0 0 4446777 20207 9156 0 0 0 0 0 0 0 0 0 0 0 0 0 0 0 0 0 0 0 0 0 0 0 0 0 0 0 0 0 0 0 0 0 0 NIL NIL NIL NIL NIL NIL NIL NIL NIL NIL NIL NIL NIL NIL NIL NIL 0 0 0 624860 8.429 NIL 0 0 27118.332 39159.949 181577.547 407103.781 361054.969 355319.094 677350.125 992032.063 109845.539 0 0 3084283 </measResults>
            </measValue>
            <measValue measObjLdn="PSY06685HUNB001/ULoCell:NodeB Function Name=PSY06685HUNB001, Local Cell ID=60351, Cell Name=SMOANN1">
                <measResults>825947476 1534575 69824 14449 7856 4685 8033 3740 12115 5331 20275 5859 26480 14405 71487 886 0 0 763693056 35485 0 3801 0 0 0 0 0 9502 21664 1056 160 325 199 149 127 292 200 34 9 0 102223688 774190384 338620 1309995815 93996 111357 174309 187809 477402734 240893 57704 33414 60292 14498 6820 6524 10401 3071 146 9 0 101761 0 0 0 64582 0 30 70838 0 0 0 0 0 0 0 0 0 61 0 0 82540397 176960290 153131185 192815440 85950 123564 40803 49117 0 0 0 0 1434959 9243 4151 0 0 0 0 0 0 0 0 0 0 0 0 0 0 0 0 0 0 0 0 0 0 0 0 0 0 0 0 0 0 0 0 0 0 NIL NIL NIL NIL NIL NIL NIL NIL NIL NIL NIL NIL NIL NIL NIL NIL 0 0 0 209259 2.622 NIL 0 0 8925.471 50838.633 173592.703 70040.195 46558.652 58161.855 120892.055 48517.348 3323.36 297.264 0 521383.438 </measResults>
            </measValue>
            <measValue measObjLdn="PSY06685HUNB001/ULoCell:NodeB Function Name=PSY06685HUNB001, Local Cell ID=60352, Cell Name=SMOANN2">
                <measResults>261336084 1723515 17881 12143 5169 7269 4385 368 3188 436 2862 853 2240 828 670 18193 0 0 252885064 4925 0 4038 0 0 0 0 0 452 7708 376 100 63 37 38 30 64 63 21 6 0 29401712 252852093 91725 368138449 150358 43398 28092 16657 60343651 14085 28603 17427 3464 3719 3802 2170 4114 2348 1206 1 0 20824 0 0 0 29805 0 0 15145 0 0 0 0 0 0 0 0 0 0 0 0 37472660 18221730 60695699 104692155 44574 22496 11751 12826 0 0 0 0 289100 4595 856 0 0 0 0 0 0 0 0 0 0 0 0 0 0 0 0 0 0 0 0 0 0 0 0 0 0 0 0 0 0 0 0 0 0 NIL NIL NIL NIL NIL NIL NIL NIL NIL NIL NIL NIL NIL NIL NIL NIL 0 0 0 65006 0.84 NIL 0 0 9583.672 24070.48 10240.336 17895.023 26917.592 19987.648 47902.922 39754.941 25992.359 30.576 0 188721.406 </measResults>
            </measValue>
            <measValue measObjLdn="PSY06685HUNB001/ULoCell:NodeB Function Name=PSY06685HUNB001, Local Cell ID=60353, Cell Name=SMOANN3">
                <measResults>7391741340 858818 128734 35039 17441 13037 15107 11259 33656 17060 25051 40106 172472 343374 88043 803 0 0 3852542406 18607 0 14674 0 0 0 0 343 295493 328344 5828 522 959 902 862 701 1076 545 55 4 2 759165448 7229335073 1675144 9476642213 393251 738074 833738 344642 946973530 417649 241987 119362 216445 181678 164724 114323 127417 65390 3373 1 0 873351 0 0 0 94003 113 333 159287 0 0 0 0 0 0 0 0 0 5668 310038 0 21220397 306697209 1577351441 3092712491 67691 436999 397330 526850 0 0 0 0 3912835 22323 10289 0 0 0 0 0 0 0 0 0 0 0 0 0 0 0 0 0 0 0 0 0 0 0 0 0 0 0 0 0 0 0 0 0 0 NIL NIL NIL NIL NIL NIL NIL NIL NIL NIL NIL NIL NIL NIL NIL NIL 0 0 0 1482821 9.361 NIL 0 0 47961.578 179598.344 637710.125 902404.25 1145797.875 1021227.375 1505761.75 1051138.625 73041.359 32.264 0 6337113.5 </measResults>
            </measValue>
        </measInfo>
        <measInfo measInfoId="50331649">
            <granPeriod duration="PT3600S" endTime="2021-08-17T23:00:00+08:00"/>
            <repPeriod duration="PT3600S"/>
            <measTypes>50332578 50332579 50332580 50332581 50342578 50342579 50342580 50342581 </measTypes>
            <measValue measObjLdn="PSY06685HUNB001/NodeBFunction:NodeB Function Name=PSY06685HUNB001">
                <measResults>5.309 0.338 4.233 55.13 9.2 1.6 8.4 88.6 </measResults>
            </measValue>
        </measInfo>
        <measInfo measInfoId="50331654">
            <granPeriod duration="PT3600S" endTime="2021-08-17T23:00:00+08:00"/>
            <repPeriod duration="PT3600S"/>
            <measTypes>50332565 50332566 50332633 50332635 </measTypes>
            <measValue measObjLdn="PSY06685HUNB001/NodeBFunction:NodeB Function Name=PSY06685HUNB001">
                <measResults>3072 3072 0 0 </measResults>
            </measValue>
        </measInfo>
        <measInfo measInfoId="50331664">
            <granPeriod duration="PT3600S" endTime="2021-08-17T23:00:00+08:00"/>
            <repPeriod duration="PT3600S"/>
            <measTypes>50332572 50332585 50332587 50332588 50332589 50332590 50332617 50332618 50332625 </measTypes>
            <measValue measObjLdn="PSY06685HUNB001/NodeBFunction:NodeB Function Name=PSY06685HUNB001">
                <measResults>1 0 25 25 0 14 0 0 3 </measResults>
            </measValue>
        </measInfo>
        <measInfo measInfoId="50331666">
            <granPeriod duration="PT3600S" endTime="2021-08-17T23:00:00+08:00"/>
            <repPeriod duration="PT3600S"/>
            <measTypes>50332567 50332568 50332569 50332570 50332571 </measTypes>
            <measValue measObjLdn="PSY06685HUNB001/NodeBFunction:NodeB Function Name=PSY06685HUNB001">
                <measResults>0 0 0 0 0 </measResults>
            </measValue>
        </measInfo>
        <measInfo measInfoId="50331681">
            <granPeriod duration="PT3600S" endTime="2021-08-17T23:00:00+08:00"/>
            <repPeriod duration="PT3600S"/>
            <measTypes>50342640 50342641 50342642 50342643 50342644 50342645 50342646 50342647 </measTypes>
            <measValue measObjLdn="PSY06685HUNB001/NodeBFunction:NodeB Function Name=PSY06685HUNB001">
                <measResults>6996760 8836094 579757403 2895099198 2345915 1288349 16122914 6433553 </measResults>
            </measValue>
        </measInfo>
        <measInfo measInfoId="50331652">
            <granPeriod duration="PT3600S" endTime="2021-08-17T23:00:00+08:00"/>
            <repPeriod duration="PT3600S"/>
            <measTypes>50332555 50332556 50332557 50332558 50332559 50332560 50332561 50332562 50332563 50332564 50332593 50332594 50342555 50342556 50342561 50342562 50342563 50342564 50342567 50342568 50342569 50342570 50342571 50342572 50342618 50342619 50342621 50342622 50342624 50342625 50342627 50342628 </measTypes>
            <measValue measObjLdn="PSY06685HUNB001/NodeBFunction:NodeB Function Name=PSY06685HUNB001/MocID:2/CnOperator:-1">
                <measResults>0 0 0 0 5120 4160 116.424 53.274 0 54.497 0 0 0 0 167.5 78 0 76.5 28 70.5 35.5 0 0 0 0 0 0 0 0 0 0 0 </measResults>
            </measValue>
        </measInfo>
        <measInfo measInfoId="50331667">
            <granPeriod duration="PT3600S" endTime="2021-08-17T23:00:00+08:00"/>
            <repPeriod duration="PT3600S"/>
            <measTypes>50332591 50332592 50332595 50332596 50332597 </measTypes>
            <measValue measObjLdn="PSY06685HUNB001/NodeBFunction:NodeB Function Name=PSY06685HUNB001/MocID:2/CnOperator:-1">
                <measResults>0 0 0 0 0 </measResults>
            </measValue>
        </measInfo>
        <measInfo measInfoId="50331668">
            <granPeriod duration="PT3600S" endTime="2021-08-17T23:00:00+08:00"/>
            <repPeriod duration="PT3600S"/>
            <measTypes>50332348 50332349 </measTypes>
            <measValue measObjLdn="PSY06685HUNB001/LOCELL_SECTOREQM:NodeB Function Name=PSY06685HUNB001, Local Cell ID=10351, Sector Equipment ID=0">
                <measResults>0 0 </measResults>
            </measValue>
            <measValue measObjLdn="PSY06685HUNB001/LOCELL_SECTOREQM:NodeB Function Name=PSY06685HUNB001, Local Cell ID=10352, Sector Equipment ID=1">
                <measResults>0 0 </measResults>
            </measValue>
            <measValue measObjLdn="PSY06685HUNB001/LOCELL_SECTOREQM:NodeB Function Name=PSY06685HUNB001, Local Cell ID=10353, Sector Equipment ID=2">
                <measResults>0 0 </measResults>
            </measValue>
            <measValue measObjLdn="PSY06685HUNB001/LOCELL_SECTOREQM:NodeB Function Name=PSY06685HUNB001, Local Cell ID=50351, Sector Equipment ID=6">
                <measResults>0 0 </measResults>
            </measValue>
            <measValue measObjLdn="PSY06685HUNB001/LOCELL_SECTOREQM:NodeB Function Name=PSY06685HUNB001, Local Cell ID=50352, Sector Equipment ID=7">
                <measResults>0 0 </measResults>
            </measValue>
            <measValue measObjLdn="PSY06685HUNB001/LOCELL_SECTOREQM:NodeB Function Name=PSY06685HUNB001, Local Cell ID=50353, Sector Equipment ID=8">
                <measResults>0 0 </measResults>
            </measValue>
            <measValue measObjLdn="PSY06685HUNB001/LOCELL_SECTOREQM:NodeB Function Name=PSY06685HUNB001, Local Cell ID=60351, Sector Equipment ID=10">
                <measResults>0 0 </measResults>
            </measValue>
            <measValue measObjLdn="PSY06685HUNB001/LOCELL_SECTOREQM:NodeB Function Name=PSY06685HUNB001, Local Cell ID=60352, Sector Equipment ID=11">
                <measResults>0 0 </measResults>
            </measValue>
            <measValue measObjLdn="PSY06685HUNB001/LOCELL_SECTOREQM:NodeB Function Name=PSY06685HUNB001, Local Cell ID=60353, Sector Equipment ID=12">
                <measResults>0 0 </measResults>
            </measValue>
        </measInfo>
        <measInfo measInfoId="50331669">
            <granPeriod duration="PT3600S" endTime="2021-08-17T23:00:00+08:00"/>
            <repPeriod duration="PT3600S"/>
            <measTypes>50332350 50332351 50332352 50332353 </measTypes>
            <measValue measObjLdn="PSY06685HUNB001/LOCELL_SECTOREQM:NodeB Function Name=PSY06685HUNB001, Local Cell ID=10351, Sector Equipment ID=0">
                <measResults>22818 27 22213 22241 </measResults>
            </measValue>
            <measValue measObjLdn="PSY06685HUNB001/LOCELL_SECTOREQM:NodeB Function Name=PSY06685HUNB001, Local Cell ID=10352, Sector Equipment ID=1">
                <measResults>963 1 866 867 </measResults>
            </measValue>
            <measValue measObjLdn="PSY06685HUNB001/LOCELL_SECTOREQM:NodeB Function Name=PSY06685HUNB001, Local Cell ID=10353, Sector Equipment ID=2">
                <measResults>374 0 369 370 </measResults>
            </measValue>
            <measValue measObjLdn="PSY06685HUNB001/LOCELL_SECTOREQM:NodeB Function Name=PSY06685HUNB001, Local Cell ID=50351, Sector Equipment ID=6">
                <measResults>14666 34 14013 14047 </measResults>
            </measValue>
            <measValue measObjLdn="PSY06685HUNB001/LOCELL_SECTOREQM:NodeB Function Name=PSY06685HUNB001, Local Cell ID=50352, Sector Equipment ID=7">
                <measResults>7505 0 350 360 </measResults>
            </measValue>
            <measValue measObjLdn="PSY06685HUNB001/LOCELL_SECTOREQM:NodeB Function Name=PSY06685HUNB001, Local Cell ID=50353, Sector Equipment ID=8">
                <measResults>42145 145 39926 40551 </measResults>
            </measValue>
            <measValue measObjLdn="PSY06685HUNB001/LOCELL_SECTOREQM:NodeB Function Name=PSY06685HUNB001, Local Cell ID=60351, Sector Equipment ID=10">
                <measResults>9388 2 9093 9146 </measResults>
            </measValue>
            <measValue measObjLdn="PSY06685HUNB001/LOCELL_SECTOREQM:NodeB Function Name=PSY06685HUNB001, Local Cell ID=60352, Sector Equipment ID=11">
                <measResults>3348 28 3005 3015 </measResults>
            </measValue>
            <measValue measObjLdn="PSY06685HUNB001/LOCELL_SECTOREQM:NodeB Function Name=PSY06685HUNB001, Local Cell ID=60353, Sector Equipment ID=12">
                <measResults>28823 34 25070 25621 </measResults>
            </measValue>
        </measInfo>
        <measInfo measInfoId="50331670">
            <granPeriod duration="PT3600S" endTime="2021-08-17T23:00:00+08:00"/>
            <repPeriod duration="PT3600S"/>
            <measTypes>50332354 50332355 </measTypes>
            <measValue measObjLdn="PSY06685HUNB001/LOCELL_SECTOREQM:NodeB Function Name=PSY06685HUNB001, Local Cell ID=10351, Sector Equipment ID=0">
                <measResults>0 0 </measResults>
            </measValue>
            <measValue measObjLdn="PSY06685HUNB001/LOCELL_SECTOREQM:NodeB Function Name=PSY06685HUNB001, Local Cell ID=10352, Sector Equipment ID=1">
                <measResults>0 0 </measResults>
            </measValue>
            <measValue measObjLdn="PSY06685HUNB001/LOCELL_SECTOREQM:NodeB Function Name=PSY06685HUNB001, Local Cell ID=10353, Sector Equipment ID=2">
                <measResults>0 0 </measResults>
            </measValue>
            <measValue measObjLdn="PSY06685HUNB001/LOCELL_SECTOREQM:NodeB Function Name=PSY06685HUNB001, Local Cell ID=50351, Sector Equipment ID=6">
                <measResults>0 0 </measResults>
            </measValue>
            <measValue measObjLdn="PSY06685HUNB001/LOCELL_SECTOREQM:NodeB Function Name=PSY06685HUNB001, Local Cell ID=50352, Sector Equipment ID=7">
                <measResults>0 0 </measResults>
            </measValue>
            <measValue measObjLdn="PSY06685HUNB001/LOCELL_SECTOREQM:NodeB Function Name=PSY06685HUNB001, Local Cell ID=50353, Sector Equipment ID=8">
                <measResults>0 0 </measResults>
            </measValue>
            <measValue measObjLdn="PSY06685HUNB001/LOCELL_SECTOREQM:NodeB Function Name=PSY06685HUNB001, Local Cell ID=60351, Sector Equipment ID=10">
                <measResults>0 0 </measResults>
            </measValue>
            <measValue measObjLdn="PSY06685HUNB001/LOCELL_SECTOREQM:NodeB Function Name=PSY06685HUNB001, Local Cell ID=60352, Sector Equipment ID=11">
                <measResults>0 0 </measResults>
            </measValue>
            <measValue measObjLdn="PSY06685HUNB001/LOCELL_SECTOREQM:NodeB Function Name=PSY06685HUNB001, Local Cell ID=60353, Sector Equipment ID=12">
                <measResults>0 0 </measResults>
            </measValue>
        </measInfo>
        <measInfo measInfoId="50331672">
            <granPeriod duration="PT3600S" endTime="2021-08-17T23:00:00+08:00"/>
            <repPeriod duration="PT3600S"/>
            <measTypes>50342590 50342591 50342592 50342593 50342594 50342595 50342596 50342597 </measTypes>
            <measValue measObjLdn="PSY06685HUNB001/LOCELL_SECTOREQM:NodeB Function Name=PSY06685HUNB001, Local Cell ID=10351, Sector Equipment ID=0">
                <measResults>-99.508 -100.871 NIL NIL -100.4 -101.9 NIL NIL </measResults>
            </measValue>
            <measValue measObjLdn="PSY06685HUNB001/LOCELL_SECTOREQM:NodeB Function Name=PSY06685HUNB001, Local Cell ID=10352, Sector Equipment ID=1">
                <measResults>-105.395 -105.688 NIL NIL -106 -106 NIL NIL </measResults>
            </measValue>
            <measValue measObjLdn="PSY06685HUNB001/LOCELL_SECTOREQM:NodeB Function Name=PSY06685HUNB001, Local Cell ID=10353, Sector Equipment ID=2">
                <measResults>-105.447 -105.646 NIL NIL -105.7 -105.8 NIL NIL </measResults>
            </measValue>
            <measValue measObjLdn="PSY06685HUNB001/LOCELL_SECTOREQM:NodeB Function Name=PSY06685HUNB001, Local Cell ID=50351, Sector Equipment ID=6">
                <measResults>-81.391 -86.429 NIL NIL -82 -87.1 NIL NIL </measResults>
            </measValue>
            <measValue measObjLdn="PSY06685HUNB001/LOCELL_SECTOREQM:NodeB Function Name=PSY06685HUNB001, Local Cell ID=50352, Sector Equipment ID=7">
                <measResults>-91.61 -89.284 NIL NIL -103.2 -103.2 NIL NIL </measResults>
            </measValue>
            <measValue measObjLdn="PSY06685HUNB001/LOCELL_SECTOREQM:NodeB Function Name=PSY06685HUNB001, Local Cell ID=50353, Sector Equipment ID=8">
                <measResults>-88.352 -85.758 NIL NIL -97.1 -97.4 NIL NIL </measResults>
            </measValue>
            <measValue measObjLdn="PSY06685HUNB001/LOCELL_SECTOREQM:NodeB Function Name=PSY06685HUNB001, Local Cell ID=60351, Sector Equipment ID=10">
                <measResults>-78.191 -77.892 NIL NIL -79.5 -78.7 NIL NIL </measResults>
            </measValue>
            <measValue measObjLdn="PSY06685HUNB001/LOCELL_SECTOREQM:NodeB Function Name=PSY06685HUNB001, Local Cell ID=60352, Sector Equipment ID=11">
                <measResults>-100.226 -100.184 NIL NIL -102 -101.9 NIL NIL </measResults>
            </measValue>
            <measValue measObjLdn="PSY06685HUNB001/LOCELL_SECTOREQM:NodeB Function Name=PSY06685HUNB001, Local Cell ID=60353, Sector Equipment ID=12">
                <measResults>-86.229 -84.679 NIL NIL -90.3 -88.8 NIL NIL </measResults>
            </measValue>
        </measInfo>
        <measInfo measInfoId="50331682">
            <granPeriod duration="PT3600S" endTime="2021-08-17T23:00:00+08:00"/>
            <repPeriod duration="PT3600S"/>
            <measTypes>50332602 50332603 50332615 50332616 </measTypes>
            <measValue measObjLdn="PSY06685HUNB001/LOCELL_SECTOREQM:NodeB Function Name=PSY06685HUNB001, Local Cell ID=10351, Sector Equipment ID=0">
                <measResults>NIL NIL NIL NIL </measResults>
            </measValue>
            <measValue measObjLdn="PSY06685HUNB001/LOCELL_SECTOREQM:NodeB Function Name=PSY06685HUNB001, Local Cell ID=10352, Sector Equipment ID=1">
                <measResults>NIL NIL NIL NIL </measResults>
            </measValue>
            <measValue measObjLdn="PSY06685HUNB001/LOCELL_SECTOREQM:NodeB Function Name=PSY06685HUNB001, Local Cell ID=10353, Sector Equipment ID=2">
                <measResults>NIL NIL NIL NIL </measResults>
            </measValue>
            <measValue measObjLdn="PSY06685HUNB001/LOCELL_SECTOREQM:NodeB Function Name=PSY06685HUNB001, Local Cell ID=50351, Sector Equipment ID=6">
                <measResults>NIL NIL NIL NIL </measResults>
            </measValue>
            <measValue measObjLdn="PSY06685HUNB001/LOCELL_SECTOREQM:NodeB Function Name=PSY06685HUNB001, Local Cell ID=50352, Sector Equipment ID=7">
                <measResults>NIL NIL NIL NIL </measResults>
            </measValue>
            <measValue measObjLdn="PSY06685HUNB001/LOCELL_SECTOREQM:NodeB Function Name=PSY06685HUNB001, Local Cell ID=50353, Sector Equipment ID=8">
                <measResults>NIL NIL NIL NIL </measResults>
            </measValue>
            <measValue measObjLdn="PSY06685HUNB001/LOCELL_SECTOREQM:NodeB Function Name=PSY06685HUNB001, Local Cell ID=60351, Sector Equipment ID=10">
                <measResults>NIL NIL NIL NIL </measResults>
            </measValue>
            <measValue measObjLdn="PSY06685HUNB001/LOCELL_SECTOREQM:NodeB Function Name=PSY06685HUNB001, Local Cell ID=60352, Sector Equipment ID=11">
                <measResults>NIL NIL NIL NIL </measResults>
            </measValue>
            <measValue measObjLdn="PSY06685HUNB001/LOCELL_SECTOREQM:NodeB Function Name=PSY06685HUNB001, Local Cell ID=60353, Sector Equipment ID=12">
                <measResults>NIL NIL NIL NIL </measResults>
            </measValue>
        </measInfo>
    </measData>
    <fileFooter>
        <measCollec endTime="2021-08-17T23:00:00+08:00"/>
    </fileFooter>
</measCollecFile>
