<?xml version="1.0" encoding="UTF-8"?>
<measCollecFile xmlns="http://latest/nmc-omc/cmNrm.doc#measCollec" xmlns:xsi="http://www.w3.org/2001/XMLSchema-instance" xsi:schemaLocation="http://latest/nmc-omc/cmNrm.doc#measCollec schema\pmResultSchedule.xsd">
    <fileHeader fileFormatVersion="32.435 V7.2" vendorName="Huawei">
        <fileSender elementType="CGPOMU"/>
        <measCollec beginTime="2021-08-11T15:00:00-00:00"/>
    </fileHeader>
    <measData>
        <managedElement userLabel="MDEATS01"/>
        <measInfo measInfoId="1057000002">
            <granPeriod duration="PT1800S" endTime="2021-08-11T15:30:00-00:00"/>
            <repPeriod duration="PT1800S"/>
            <measTypes>1057000210 1057000211 1057000212 1057000213 1057000214 1057000215 1057000216 1057000217 1057000218 1057000219 1057000220 1057000221 1057000222 1057000223 1057000224 1057000225 1057000226 1057000227 1057000228 1057000229 </measTypes>
            <measValue measObjLdn="MDEATS01/VPORT:Virtual machine name=MDEHUHATSF001_SDU_VDU_0, Port name=ETHERNET66/0/2">
                <measResults>32101 17 168379 93 0 0 0 0 32510 18 169440 94 0 0 0 0 NIL NIL 0 0 </measResults>
            </measValue>
            <measValue measObjLdn="MDEATS01/VPORT:Virtual machine name=MDEHUHATSF001_ATDPU_VDU1_0, Port name=BASE1">
                <measResults>42673 23 89959 49 0 0 120 0 41108 22 86181 47 0 0 0 0 0 0 0 0 </measResults>
            </measValue>
            <measValue measObjLdn="MDEATS01/VPORT:Virtual machine name=MDEHUHCGPF001_OMULARGE_1, Port name=VNIC2">
                <measResults>0 0 0 0 0 0 0 0 0 0 0 0 0 0 0 0 0 0 0 0 </measResults>
            </measValue>
            <measValue measObjLdn="MDEATS01/VPORT:Virtual machine name=MDEHUHATSF001_ATCDB_VDU2_0, Port name=VNIC2">
                <measResults>247 0 3735 2 0 0 0 0 0 0 0 0 0 0 0 0 0 0 0 0 </measResults>
            </measValue>
            <measValue measObjLdn="MDEATS01/VPORT:Virtual machine name=MDEHUHCGPF001_OMULARGE_1, Port name=VNIC3">
                <measResults>0 0 0 0 0 0 0 0 0 0 0 0 0 0 0 0 0 0 0 0 </measResults>
            </measValue>
            <measValue measObjLdn="MDEATS01/VPORT:Virtual machine name=MDEHUHCGPF001_OMULARGE_1, Port name=FABRIC1">
                <measResults>45308 24 70581 39 0 0 0 0 43644 24 68428 38 0 0 0 0 0 0 0 0 </measResults>
            </measValue>
            <measValue measObjLdn="MDEATS01/VPORT:Virtual machine name=MDEHUHATSF001_MAJORU_VDU1_1, Port name=ETHERNET68/0/0">
                <measResults>108207 60 199953 111 0 0 0 0 108053 60 225961 125 0 0 0 0 NIL NIL 0 0 </measResults>
            </measValue>
            <measValue measObjLdn="MDEATS01/VPORT:Virtual machine name=MDEHUHATSF001_ATDPU_VDU2_0, Port name=VNIC1">
                <measResults>337 0 4327 2 0 0 0 0 80 0 601 0 0 0 0 0 0 0 0 0 </measResults>
            </measValue>
            <measValue measObjLdn="MDEATS01/VPORT:Virtual machine name=MDEHUHATSF001_ATVCU_1, Port name=FABRIC1">
                <measResults>102195 56 192771 107 0 0 0 0 49716 27 161974 89 0 0 0 0 0 0 0 0 </measResults>
            </measValue>
            <measValue measObjLdn="MDEATS01/VPORT:Virtual machine name=MDEHUHATSF001_ATVCU_0, Port name=FABRIC1">
                <measResults>100353 55 181895 101 0 0 0 0 47161 25 141993 78 0 0 0 0 0 0 0 0 </measResults>
            </measValue>
            <measValue measObjLdn="MDEATS01/VPORT:Virtual machine name=MDEHUHATSF001_SDU_VDU_0, Port name=ETHERNET66/0/3">
                <measResults>55746 30 316964 176 0 0 0 0 330724 183 503992 279 0 0 0 0 NIL NIL 0 0 </measResults>
            </measValue>
            <measValue measObjLdn="MDEATS01/VPORT:Virtual machine name=MDEHUHATSF001_SDU_VDU_1, Port name=ETHERNET67/0/0">
                <measResults>84018 46 158527 88 0 0 0 0 309187 171 307879 171 0 0 0 0 NIL NIL 0 0 </measResults>
            </measValue>
            <measValue measObjLdn="MDEATS01/VPORT:Virtual machine name=MDEHUHATSF001_ATDPU_VDU2_0, Port name=FABRIC2">
                <measResults>34479 18 55992 31 0 0 0 0 39102 21 57516 31 0 0 0 0 0 0 0 0 </measResults>
            </measValue>
            <measValue measObjLdn="MDEATS01/VPORT:Virtual machine name=MDEHUHCGPF001_OMULARGE_0, Port name=FABRIC1">
                <measResults>44173 24 70448 39 0 0 0 0 44766 24 68397 37 0 0 0 0 0 0 0 0 </measResults>
            </measValue>
            <measValue measObjLdn="MDEATS01/VPORT:Virtual machine name=MDEHUHATSF001_ATCDB_VDU1_0, Port name=VNIC4">
                <measResults>245 0 3717 2 0 0 0 0 0 0 0 0 0 0 0 0 0 0 0 0 </measResults>
            </measValue>
            <measValue measObjLdn="MDEATS01/VPORT:Virtual machine name=MDEHUHCGPF001_OMULARGE_0, Port name=FABRIC2">
                <measResults>48771 26 70282 39 0 0 0 0 48592 26 75362 41 0 0 0 0 0 0 0 0 </measResults>
            </measValue>
            <measValue measObjLdn="MDEATS01/VPORT:Virtual machine name=MDEHUHCGPF001_OMULARGE_0, Port name=VNIC3">
                <measResults>0 0 0 0 0 0 0 0 0 0 0 0 0 0 0 0 0 0 0 0 </measResults>
            </measValue>
            <measValue measObjLdn="MDEATS01/VPORT:Virtual machine name=MDEHUHATSF001_ATBSG_1, Port name=BASE2">
                <measResults>33586 18 57317 31 0 0 120 0 34584 18 57205 31 0 0 0 0 0 0 0 0 </measResults>
            </measValue>
            <measValue measObjLdn="MDEATS01/VPORT:Virtual machine name=MDEHUHATSF001_ATVCU_2, Port name=BASE1">
                <measResults>43758 24 105301 58 0 0 120 0 44490 24 101351 56 0 0 0 0 0 0 0 0 </measResults>
            </measValue>
            <measValue measObjLdn="MDEATS01/VPORT:Virtual machine name=MDEHUHATSF001_ATCDB_VDU1_0, Port name=BASE2">
                <measResults>34318 18 64606 35 0 0 120 0 37513 20 77010 42 0 0 0 0 0 0 0 0 </measResults>
            </measValue>
            <measValue measObjLdn="MDEATS01/VPORT:Virtual machine name=MDEHUHATSF001_ATCDB_VDU2_0, Port name=BASE1">
                <measResults>42435 23 88089 48 0 0 120 0 37218 20 82975 46 0 0 0 0 0 0 0 0 </measResults>
            </measValue>
            <measValue measObjLdn="MDEATS01/VPORT:Virtual machine name=MDEHUHATSF001_ATVCU_1, Port name=BASE2">
                <measResults>40702 22 105584 58 0 0 120 0 55435 30 90306 50 0 0 0 0 0 0 0 0 </measResults>
            </measValue>
            <measValue measObjLdn="MDEATS01/VPORT:Virtual machine name=MDEHUHATSF001_ATVCU_0, Port name=BASE1">
                <measResults>43761 23 105369 58 0 0 120 0 44490 24 101393 56 0 0 0 0 0 0 0 0 </measResults>
            </measValue>
            <measValue measObjLdn="MDEATS01/VPORT:Virtual machine name=MDEHUHATSF001_MAJORU_VDU2_1, Port name=ETHERNET69/0/1">
                <measResults>134 0 2160 1 0 0 0 0 0 0 0 0 0 0 0 0 NIL NIL 0 0 </measResults>
            </measValue>
            <measValue measObjLdn="MDEATS01/VPORT:Virtual machine name=MDEHUHATSF001_ATDPU_VDU1_0, Port name=FABRIC2">
                <measResults>35047 19 60439 33 0 0 0 0 44452 24 64784 35 0 0 0 0 0 0 0 0 </measResults>
            </measValue>
            <measValue measObjLdn="MDEATS01/VPORT:Virtual machine name=MDEHUHATSF001_ATVCU_2, Port name=BASE2">
                <measResults>34594 18 71576 39 0 0 120 0 36376 19 72996 40 0 0 0 0 0 0 0 0 </measResults>
            </measValue>
            <measValue measObjLdn="MDEATS01/VPORT:Virtual machine name=MDEHUHCGPF001_OMULARGE_0, Port name=BASE2">
                <measResults>45559 25 77303 42 0 0 0 0 44790 24 80844 44 0 0 0 0 0 0 0 0 </measResults>
            </measValue>
            <measValue measObjLdn="MDEATS01/VPORT:Virtual machine name=MDEHUHATSF001_SDU_VDU_1, Port name=ETHERNET67/0/1">
                <measResults>134 0 2160 1 0 0 119 0 0 0 0 0 0 0 0 0 NIL NIL 0 0 </measResults>
            </measValue>
            <measValue measObjLdn="MDEATS01/VPORT:Virtual machine name=MDEHUHATSF001_ATBSG_0, Port name=BASE2">
                <measResults>33720 18 59883 33 0 0 120 0 38250 20 60480 33 0 0 0 0 0 0 0 0 </measResults>
            </measValue>
            <measValue measObjLdn="MDEATS01/VPORT:Virtual machine name=MDEHUHATSF001_ATVCU_0, Port name=BASE2">
                <measResults>34590 18 71516 39 0 0 120 0 36374 19 72944 40 0 0 0 0 0 0 0 0 </measResults>
            </measValue>
            <measValue measObjLdn="MDEATS01/VPORT:Virtual machine name=MDEHUHATSF001_ATCDB_VDU1_0, Port name=VNIC3">
                <measResults>302 0 3926 2 0 0 0 0 68 0 870 0 0 0 0 0 0 0 0 0 </measResults>
            </measValue>
            <measValue measObjLdn="MDEATS01/VPORT:Virtual machine name=MDEHUHATSF001_SDU_VDU_1, Port name=ETHERNET67/0/3">
                <measResults>56755 31 320849 178 0 0 0 0 334186 185 511833 284 0 0 0 0 NIL NIL 0 0 </measResults>
            </measValue>
            <measValue measObjLdn="MDEATS01/VPORT:Virtual machine name=MDEHUHATSF001_MAJORU_VDU2_1, Port name=ETHERNET69/0/0">
                <measResults>426694 237 417946 232 0 0 0 0 109113 60 197057 109 0 0 0 0 NIL NIL 0 0 </measResults>
            </measValue>
            <measValue measObjLdn="MDEATS01/VPORT:Virtual machine name=MDEHUHATSF001_ATCDB_VDU1_0, Port name=VNIC1">
                <measResults>245 0 3717 2 0 0 0 0 0 0 0 0 0 0 0 0 0 0 0 0 </measResults>
            </measValue>
            <measValue measObjLdn="MDEATS01/VPORT:Virtual machine name=MDEHUHCGPF001_OMULARGE_1, Port name=VNIC1">
                <measResults>4134 1 8147 4 0 0 0 0 1101 0 4738 2 0 0 0 0 0 0 0 0 </measResults>
            </measValue>
            <measValue measObjLdn="MDEATS01/VPORT:Virtual machine name=MDEHUHCGPF001_OMULARGE_1, Port name=FABRIC2">
                <measResults>49146 27 77473 43 0 0 0 0 48248 26 68187 37 0 0 0 0 0 0 0 0 </measResults>
            </measValue>
            <measValue measObjLdn="MDEATS01/VPORT:Virtual machine name=MDEHUHCGPF001_OMULARGE_0, Port name=VNIC2">
                <measResults>0 0 0 0 0 0 0 0 0 0 0 0 0 0 0 0 0 0 0 0 </measResults>
            </measValue>
            <measValue measObjLdn="MDEATS01/VPORT:Virtual machine name=MDEHUHATSF001_ATCDB_VDU2_0, Port name=BASE2">
                <measResults>36990 20 78823 43 0 0 120 0 38234 21 66581 36 0 0 0 0 0 0 0 0 </measResults>
            </measValue>
            <measValue measObjLdn="MDEATS01/VPORT:Virtual machine name=MDEHUHATSF001_ATDPU_VDU1_0, Port name=VNIC2">
                <measResults>2573 1 20246 11 0 0 0 0 2289 1 18529 10 0 0 0 0 0 0 0 0 </measResults>
            </measValue>
            <measValue measObjLdn="MDEATS01/VPORT:Virtual machine name=MDEHUHATSF001_ATBSG_1, Port name=FABRIC2">
                <measResults>35317 19 62613 34 0 0 0 0 46072 25 71967 39 0 0 0 0 0 0 0 0 </measResults>
            </measValue>
            <measValue measObjLdn="MDEATS01/VPORT:Virtual machine name=MDEHUHATSF001_ATDPU_VDU2_0, Port name=FABRIC1">
                <measResults>34412 18 55396 30 0 0 0 0 39023 21 56898 31 0 0 0 0 0 0 0 0 </measResults>
            </measValue>
            <measValue measObjLdn="MDEATS01/VPORT:Virtual machine name=MDEHUHATSF001_ATVCU_0, Port name=FABRIC2">
                <measResults>118132 65 283046 157 0 0 0 0 62647 34 240416 133 0 0 0 0 0 0 0 0 </measResults>
            </measValue>
            <measValue measObjLdn="MDEATS01/VPORT:Virtual machine name=MDEHUHATSF001_ATBSG_1, Port name=FABRIC1">
                <measResults>35321 19 62658 34 0 0 0 0 46075 25 72002 39 0 0 0 0 0 0 0 0 </measResults>
            </measValue>
            <measValue measObjLdn="MDEATS01/VPORT:Virtual machine name=MDEHUHCGPF001_OMULARGE_0, Port name=BASE1">
                <measResults>221352 122 355453 197 0 0 0 0 119628 66 272929 151 0 0 0 0 0 0 0 0 </measResults>
            </measValue>
            <measValue measObjLdn="MDEATS01/VPORT:Virtual machine name=MDEHUHATSF001_SDU_VDU_1, Port name=ETHERNET67/0/2">
                <measResults>31925 17 166077 92 0 0 0 0 32368 17 167897 93 0 0 0 0 NIL NIL 0 0 </measResults>
            </measValue>
            <measValue measObjLdn="MDEATS01/VPORT:Virtual machine name=MDEHUHATSF001_ATVCU_2, Port name=FABRIC1">
                <measResults>102082 56 190368 105 0 0 0 0 48512 26 150079 83 0 0 0 0 0 0 0 0 </measResults>
            </measValue>
            <measValue measObjLdn="MDEATS01/VPORT:Virtual machine name=MDEHUHATSF001_ATCDB_VDU2_0, Port name=VNIC1">
                <measResults>247 0 3735 2 0 0 0 0 0 0 0 0 0 0 0 0 0 0 0 0 </measResults>
            </measValue>
            <measValue measObjLdn="MDEATS01/VPORT:Virtual machine name=MDEHUHATSF001_ATDPU_VDU1_0, Port name=VNIC3">
                <measResults>0 0 0 0 0 0 0 0 0 0 0 0 0 0 0 0 0 0 0 0 </measResults>
            </measValue>
            <measValue measObjLdn="MDEATS01/VPORT:Virtual machine name=MDEHUHATSF001_ATBSG_0, Port name=BASE1">
                <measResults>42517 23 87195 48 0 0 120 0 37692 20 80946 44 0 0 0 0 0 0 0 0 </measResults>
            </measValue>
            <measValue measObjLdn="MDEATS01/VPORT:Virtual machine name=MDEHUHATSF001_ATCDB_VDU1_0, Port name=FABRIC1">
                <measResults>39476 21 87201 48 0 0 0 0 162032 89 161385 89 0 0 0 0 0 0 0 0 </measResults>
            </measValue>
            <measValue measObjLdn="MDEATS01/VPORT:Virtual machine name=MDEHUHATSF001_ATDPU_VDU2_0, Port name=BASE2">
                <measResults>44897 24 122767 68 0 0 120 0 39015 21 72909 40 0 0 0 0 0 0 0 0 </measResults>
            </measValue>
            <measValue measObjLdn="MDEATS01/VPORT:Virtual machine name=MDEHUHATSF001_ATCDB_VDU2_0, Port name=FABRIC1">
                <measResults>37362 20 77386 42 0 0 0 0 37028 20 74984 41 0 0 0 0 0 0 0 0 </measResults>
            </measValue>
            <measValue measObjLdn="MDEATS01/VPORT:Virtual machine name=MDEHUHATSF001_SDU_VDU_0, Port name=ETHERNET66/0/1">
                <measResults>133 0 2158 1 0 0 117 0 0 0 0 0 0 0 0 0 NIL NIL 0 0 </measResults>
            </measValue>
            <measValue measObjLdn="MDEATS01/VPORT:Virtual machine name=MDEHUHATSF001_ATCDB_VDU2_0, Port name=VNIC3">
                <measResults>305 0 3950 2 0 0 0 0 70 0 877 0 0 0 0 0 0 0 0 0 </measResults>
            </measValue>
            <measValue measObjLdn="MDEATS01/VPORT:Virtual machine name=MDEHUHATSF001_ATVCU_1, Port name=FABRIC2">
                <measResults>113307 62 270044 150 0 0 0 0 60801 33 238401 132 0 0 0 0 0 0 0 0 </measResults>
            </measValue>
            <measValue measObjLdn="MDEATS01/VPORT:Virtual machine name=MDEHUHATSF001_ATBSG_0, Port name=FABRIC2">
                <measResults>35308 19 62669 34 0 0 0 0 46111 25 71948 39 0 0 0 0 0 0 0 0 </measResults>
            </measValue>
            <measValue measObjLdn="MDEATS01/VPORT:Virtual machine name=MDEHUHATSF001_ATCDB_VDU1_0, Port name=FABRIC2">
                <measResults>595354 329 500398 277 0 0 0 0 170879 94 205130 113 0 0 0 0 0 0 0 0 </measResults>
            </measValue>
            <measValue measObjLdn="MDEATS01/VPORT:Virtual machine name=MDEHUHATSF001_MAJORU_VDU1_1, Port name=ETHERNET68/0/1">
                <measResults>133 0 2152 1 0 0 0 0 0 0 0 0 0 0 0 0 NIL NIL 0 0 </measResults>
            </measValue>
            <measValue measObjLdn="MDEATS01/VPORT:Virtual machine name=MDEHUHATSF001_ATDPU_VDU2_0, Port name=VNIC3">
                <measResults>0 0 0 0 0 0 0 0 0 0 0 0 0 0 0 0 0 0 0 0 </measResults>
            </measValue>
            <measValue measObjLdn="MDEATS01/VPORT:Virtual machine name=MDEHUHATSF001_ATCDB_VDU2_0, Port name=FABRIC2">
                <measResults>37744 20 80030 44 0 0 0 0 37427 20 77648 43 0 0 0 0 0 0 0 0 </measResults>
            </measValue>
            <measValue measObjLdn="MDEATS01/VPORT:Virtual machine name=MDEHUHATSF001_ATDPU_VDU1_0, Port name=FABRIC1">
                <measResults>35037 19 60257 33 0 0 0 0 44447 24 64630 35 0 0 0 0 0 0 0 0 </measResults>
            </measValue>
            <measValue measObjLdn="MDEATS01/VPORT:Virtual machine name=MDEHUHATSF001_ATDPU_VDU2_0, Port name=VNIC2">
                <measResults>2572 1 20238 11 0 0 0 0 2289 1 18531 10 0 0 0 0 0 0 0 0 </measResults>
            </measValue>
            <measValue measObjLdn="MDEATS01/VPORT:Virtual machine name=MDEHUHATSF001_ATCDB_VDU2_0, Port name=VNIC4">
                <measResults>247 0 3735 2 0 0 0 0 0 0 0 0 0 0 0 0 0 0 0 0 </measResults>
            </measValue>
            <measValue measObjLdn="MDEATS01/VPORT:Virtual machine name=MDEHUHATSF001_ATDPU_VDU1_0, Port name=BASE2">
                <measResults>35004 19 69975 38 0 0 120 0 45169 24 120318 66 0 0 0 0 0 0 0 0 </measResults>
            </measValue>
            <measValue measObjLdn="MDEATS01/VPORT:Virtual machine name=MDEHUHATSF001_ATCDB_VDU1_0, Port name=BASE1">
                <measResults>43179 23 93223 51 0 0 120 0 41175 22 88697 49 0 0 0 0 0 0 0 0 </measResults>
            </measValue>
            <measValue measObjLdn="MDEATS01/VPORT:Virtual machine name=MDEHUHATSF001_ATCDB_VDU1_0, Port name=VNIC2">
                <measResults>245 0 3717 2 0 0 0 0 0 0 0 0 0 0 0 0 0 0 0 0 </measResults>
            </measValue>
            <measValue measObjLdn="MDEATS01/VPORT:Virtual machine name=MDEHUHATSF001_ATBSG_1, Port name=BASE1">
                <measResults>42696 23 89943 49 0 0 120 0 41308 22 84465 46 0 0 0 0 0 0 0 0 </measResults>
            </measValue>
            <measValue measObjLdn="MDEATS01/VPORT:Virtual machine name=MDEHUHCGPF001_OMULARGE_0, Port name=VNIC1">
                <measResults>181 0 2546 1 0 0 0 0 18 0 393 0 0 0 0 0 0 0 0 0 </measResults>
            </measValue>
            <measValue measObjLdn="MDEATS01/VPORT:Virtual machine name=MDEHUHATSF001_ATDPU_VDU1_0, Port name=VNIC1">
                <measResults>621 0 5950 3 0 0 0 0 484 0 4628 2 0 0 0 0 0 0 0 0 </measResults>
            </measValue>
            <measValue measObjLdn="MDEATS01/VPORT:Virtual machine name=MDEHUHCGPF001_OMULARGE_1, Port name=BASE2">
                <measResults>91731 50 271879 151 0 0 0 0 58237 32 257908 143 0 0 0 0 0 0 0 0 </measResults>
            </measValue>
            <measValue measObjLdn="MDEATS01/VPORT:Virtual machine name=MDEHUHATSF001_ATBSG_0, Port name=FABRIC1">
                <measResults>35306 19 62644 34 0 0 0 0 46113 25 72023 40 0 0 0 0 0 0 0 0 </measResults>
            </measValue>
            <measValue measObjLdn="MDEATS01/VPORT:Virtual machine name=MDEHUHCGPF001_OMULARGE_1, Port name=BASE1">
                <measResults>170758 94 493039 273 0 0 0 0 233544 129 561474 311 0 0 0 0 0 0 0 0 </measResults>
            </measValue>
            <measValue measObjLdn="MDEATS01/VPORT:Virtual machine name=MDEHUHATSF001_SDU_VDU_0, Port name=ETHERNET66/0/0">
                <measResults>78276 43 134192 74 0 0 0 0 177310 98 205602 114 0 0 0 0 NIL NIL 0 0 </measResults>
            </measValue>
            <measValue measObjLdn="MDEATS01/VPORT:Virtual machine name=MDEHUHATSF001_ATVCU_1, Port name=BASE1">
                <measResults>45178 24 128021 71 0 0 120 0 96666 53 161647 89 0 0 0 0 0 0 0 0 </measResults>
            </measValue>
            <measValue measObjLdn="MDEATS01/VPORT:Virtual machine name=MDEHUHATSF001_ATVCU_2, Port name=FABRIC2">
                <measResults>116429 64 274914 152 0 0 0 0 61291 33 232798 129 0 0 0 0 0 0 0 0 </measResults>
            </measValue>
            <measValue measObjLdn="MDEATS01/VPORT:Virtual machine name=MDEHUHATSF001_ATDPU_VDU2_0, Port name=BASE1">
                <measResults>42540 23 87589 48 0 0 120 0 37560 20 83523 46 0 0 0 0 0 0 0 0 </measResults>
            </measValue>
        </measInfo>
        <measInfo measInfoId="1056974611">
            <granPeriod duration="PT1800S" endTime="2021-08-11T15:30:00-00:00"/>
            <repPeriod duration="PT1800S"/>
            <measTypes>1056974758 1056974759 1056974760 1056974761 1056974762 1056974763 1056974764 1056974765 1056974766 1056974767 1056974768 1056974769 1056974770 1056974771 1056974772 1056974773 1056974774 1056974775 1056974776 1056974777 1056974778 1056974779 1056974780 1056974781 1056974782 1056974783 1056974784 1056974785 1056974786 1056974787 1056974788 1056974789 1056974790 1056974791 1056974792 1056974793 1056974794 1056974795 1056974796 1056974797 1056974798 1056974799 1056974800 1056974801 1056974802 1056974803 1056974804 1056974805 1056974806 1056974807 1056974808 1056974809 1056974810 1056974811 1056974812 1056974813 1056974814 1056974815 1056974816 1056974817 1056974818 1056974819 1056974820 1056974821 1056974822 1056974823 </measTypes>
            <measValue measObjLdn="MDEATS01/IP:IP index=0, MEID=15, Module=705,IP=10.157.187.6">
                <measResults>1799 359 1440 0 0 0 0 0 0 0 0 0 3239 359 2880 0 0 0 0 0 0 0 0 0 152 103 487 491 0 1 152 185 1 2 0 0 0 0 0 0 0 0 1440 2876 0 0 0 0 0 0 359 0 0 0 0 0 0 0 0 0 0 0 0 0 0 0 </measResults>
            </measValue>
            <measValue measObjLdn="MDEATS01/IP:IP index=1, MEID=15, Module=706,IP=10.157.187.20">
                <measResults>17748 0 0 17748 0 0 0 0 0 0 0 0 17715 0 0 17715 0 0 0 0 0 0 0 0 124 116 176 228 9 9 1221 1143 13 13 0 0 0 0 0 0 17748 17716 0 0 0 0 0 0 0 0 0 0 0 0 0 0 0 0 0 0 0 0 0 0 0 0 </measResults>
            </measValue>
            <measValue measObjLdn="MDEATS01/IP:IP index=4, MEID=15, Module=710,IP=10.157.187.5">
                <measResults>0 0 0 0 0 0 0 0 0 0 0 0 0 0 0 0 0 0 0 0 0 0 0 0 0 0 0 0 0 0 0 0 0 0 0 0 0 0 0 0 0 0 0 0 0 0 0 0 0 0 0 0 0 0 0 0 0 0 0 0 0 0 0 0 0 0 </measResults>
            </measValue>
            <measValue measObjLdn="MDEATS01/IP:IP index=3, MEID=15, Module=709,IP=10.157.187.4">
                <measResults>0 0 0 0 0 0 0 0 0 0 0 0 0 0 0 0 0 0 0 0 0 0 0 0 0 0 0 0 0 0 0 0 0 0 0 0 0 0 0 0 0 0 0 0 0 0 0 0 0 0 0 0 0 0 0 0 0 0 0 0 0 0 0 0 0 0 </measResults>
            </measValue>
            <measValue measObjLdn="MDEATS01/IP:IP index=2, MEID=15, Module=707,IP=10.157.187.28">
                <measResults>17748 0 0 17748 0 0 0 0 0 0 0 0 17717 0 0 17717 0 0 0 0 0 0 0 0 124 116 176 228 9 9 1222 1144 14 14 0 0 0 0 0 0 17748 17717 0 0 0 0 0 0 0 0 0 0 0 0 0 0 0 0 0 0 0 0 0 0 0 0 </measResults>
            </measValue>
        </measInfo>
        <measInfo measInfoId="1057000003">
            <granPeriod duration="PT1800S" endTime="2021-08-11T15:30:00-00:00"/>
            <repPeriod duration="PT1800S"/>
            <measTypes>1057000230 1057000231 1057000232 1057000233 1057000234 1057000235 1057000236 1057000237 1057000238 1057000239 1057000240 </measTypes>
            <measValue measObjLdn="MDEATS01/VM:Virtual machine name=MDEHUHATSF001_ATCDB_VDU2_0">
                <measResults>28 3944 2826 1.95 0 13.265 0 0.807 0.778 0.047 0 </measResults>
            </measValue>
            <measValue measObjLdn="MDEATS01/VM:Virtual machine name=MDEHUHATSF001_SDU_VDU_1">
                <measResults>5 15356 14571 8.99 0 72.67 0 0.5 0.46 0.26 0 </measResults>
            </measValue>
            <measValue measObjLdn="MDEATS01/VM:Virtual machine name=MDEHUHATSF001_MAJORU_VDU1_1">
                <measResults>2 56316 55174 11.45 0 142.65 0.01 0.53 0.47 0.35 0 </measResults>
            </measValue>
            <measValue measObjLdn="MDEATS01/VM:Virtual machine name=MDEHUHATSF001_SDU_VDU_0">
                <measResults>5 15356 14581 9.03 0 72.51 0 0.49 0.46 0.26 0 </measResults>
            </measValue>
            <measValue measObjLdn="MDEATS01/VM:Virtual machine name=MDEHUHATSF001_MAJORU_VDU2_1">
                <measResults>1 56316 55274 10.92 0 116.03 0 0.55 0.49 0.35 0 </measResults>
            </measValue>
            <measValue measObjLdn="MDEATS01/VM:Virtual machine name=MDEHUHATSF001_ATCDB_VDU1_0">
                <measResults>28 3944 2824 2.033 0 15.6 0 0.757 0.75 0.048 0 </measResults>
            </measValue>
            <measValue measObjLdn="MDEATS01/VM:Virtual machine name=MDEHUHATSF001_ATBSG_1">
                <measResults>21 3944 3102 1.9 0 13.467 0 0.783 0.783 0.048 0 </measResults>
            </measValue>
            <measValue measObjLdn="MDEATS01/VM:Virtual machine name=MDEHUHATSF001_ATVCU_1">
                <measResults>24 3944 2981 2.483 0 16.863 0 0.687 0.637 0.04 0 </measResults>
            </measValue>
            <measValue measObjLdn="MDEATS01/VM:Virtual machine name=MDEHUHCGPF001_OMULARGE_0">
                <measResults>31 204405 140673 9.882 0.017 116.265 0.133 0.958 0.288 0.093 0.007 </measResults>
            </measValue>
            <measValue measObjLdn="MDEATS01/VM:Virtual machine name=MDEHUHATSF001_ATDPU_VDU1_0">
                <measResults>21 3944 3106 2.133 0 14.667 0 0.867 0.85 0.057 0 </measResults>
            </measValue>
            <measValue measObjLdn="MDEATS01/VM:Virtual machine name=MDEHUHCGPF001_OMULARGE_1">
                <measResults>27 204405 147438 15.517 0 167.883 0 1.327 0.33 0.12 0.025 </measResults>
            </measValue>
            <measValue measObjLdn="MDEATS01/VM:Virtual machine name=MDEHUHATSF001_ATVCU_0">
                <measResults>24 3944 2977 2.3 0 15.928 0 0.677 0.637 0.04 0 </measResults>
            </measValue>
            <measValue measObjLdn="MDEATS01/VM:Virtual machine name=MDEHUHATSF001_ATBSG_0">
                <measResults>21 3944 3102 2.2 0 16.267 0 0.69 0.66 0.043 0 </measResults>
            </measValue>
            <measValue measObjLdn="MDEATS01/VM:Virtual machine name=MDEHUHATSF001_ATDPU_VDU2_0">
                <measResults>21 3944 3105 2.283 0 16.133 0 0.745 0.735 0.048 0 </measResults>
            </measValue>
            <measValue measObjLdn="MDEATS01/VM:Virtual machine name=MDEHUHATSF001_ATVCU_2">
                <measResults>24 3944 2983 2.15 0 14.997 0 0.687 0.663 0.042 0 </measResults>
            </measValue>
        </measInfo>
        <measInfo measInfoId="1057000000">
            <granPeriod duration="PT1800S" endTime="2021-08-11T15:30:00-00:00"/>
            <repPeriod duration="PT1800S"/>
            <measTypes>1057000200 1057000201 1057000203 1057000205 1057000206 </measTypes>
            <measValue measObjLdn="MDEATS01/VM:Virtual machine name=MDEHUHATSF001_ATCDB_VDU2_0">
                <measResults>6 12 3 0 0 </measResults>
            </measValue>
            <measValue measObjLdn="MDEATS01/VM:Virtual machine name=MDEHUHATSF001_SDU_VDU_1">
                <measResults>8 9 40 NIL NIL </measResults>
            </measValue>
            <measValue measObjLdn="MDEATS01/VM:Virtual machine name=MDEHUHATSF001_MAJORU_VDU1_1">
                <measResults>12 15 50 NIL NIL </measResults>
            </measValue>
            <measValue measObjLdn="MDEATS01/VM:Virtual machine name=MDEHUHATSF001_SDU_VDU_0">
                <measResults>6 7 1170 NIL NIL </measResults>
            </measValue>
            <measValue measObjLdn="MDEATS01/VM:Virtual machine name=MDEHUHATSF001_MAJORU_VDU2_1">
                <measResults>12 14 40 NIL NIL </measResults>
            </measValue>
            <measValue measObjLdn="MDEATS01/VM:Virtual machine name=MDEHUHATSF001_ATCDB_VDU1_0">
                <measResults>6 24 2 0 0 </measResults>
            </measValue>
            <measValue measObjLdn="MDEATS01/VM:Virtual machine name=MDEHUHATSF001_ATBSG_1">
                <measResults>6 24 3 0 0 </measResults>
            </measValue>
            <measValue measObjLdn="MDEATS01/VM:Virtual machine name=MDEHUHATSF001_ATVCU_1">
                <measResults>3 7 4 0 0 </measResults>
            </measValue>
            <measValue measObjLdn="MDEATS01/VM:Virtual machine name=MDEHUHCGPF001_OMULARGE_0">
                <measResults>3 12 3 0 0 </measResults>
            </measValue>
            <measValue measObjLdn="MDEATS01/VM:Virtual machine name=MDEHUHATSF001_ATDPU_VDU1_0">
                <measResults>3 6 2 0 0 </measResults>
            </measValue>
            <measValue measObjLdn="MDEATS01/VM:Virtual machine name=MDEHUHCGPF001_OMULARGE_1">
                <measResults>11 21 5 0 0 </measResults>
            </measValue>
            <measValue measObjLdn="MDEATS01/VM:Virtual machine name=MDEHUHATSF001_ATVCU_0">
                <measResults>3 8 7 0 0 </measResults>
            </measValue>
            <measValue measObjLdn="MDEATS01/VM:Virtual machine name=MDEHUHATSF001_ATBSG_0">
                <measResults>6 13 1 0 0 </measResults>
            </measValue>
            <measValue measObjLdn="MDEATS01/VM:Virtual machine name=MDEHUHATSF001_ATDPU_VDU2_0">
                <measResults>2 7 4 0 0 </measResults>
            </measValue>
            <measValue measObjLdn="MDEATS01/VM:Virtual machine name=MDEHUHATSF001_ATVCU_2">
                <measResults>3 7 2 0 0 </measResults>
            </measValue>
        </measInfo>
    </measData>
    <fileFooter>
        <measCollec endTime="2021-08-11T15:30:00-00:00"/>
    </fileFooter>
</measCollecFile>
