<?xml version="1.0" encoding="UTF-8"?>
<measCollecFile xmlns="http://latest/nmc-omc/cmNrm.doc#measCollec" xmlns:xsi="http://www.w3.org/2001/XMLSchema-instance" xsi:schemaLocation="http://latest/nmc-omc/cmNrm.doc#measCollec schema\pmResultSchedule.xsd">
    <fileHeader fileFormatVersion="32.435 V7.2" vendorName="Huawei">
        <fileSender elementType="vUSN"/>
        <measCollec beginTime="2021-08-11T23:00:00+08:00"/>
    </fileHeader>
    <measData>
        <managedElement userLabel="vis1USN01"/>
        <measInfo measInfoId="117440528">
            <granPeriod duration="PT3600S" endTime="2021-08-12T00:00:00+08:00"/>
            <repPeriod duration="PT3600S"/>
            <measTypes>117452213 117452214 117452215 117452216 117452217 117452218 117452219 117452220 117452221 </measTypes>
            <measValue measObjLdn="vis1USN01/UsnFunction:nodeName=link, USN Function Configuration Name=LINK_VNFC">
                <measResults>2 0 380 494 1456 2236 348 24 70 </measResults>
            </measValue>
        </measInfo>
        <measInfo measInfoId="117440542">
            <granPeriod duration="PT3600S" endTime="2021-08-12T00:00:00+08:00"/>
            <repPeriod duration="PT3600S"/>
            <measTypes>117453613 117453614 117453615 117453616 117453617 117453618 117453619 117453620 117453621 117453622 117453623 117453624 117453625 117453626 117453627 117453628 117453629 117453630 117453631 117453632 117453633 117453634 117453635 117453636 117453637 117453638 117453639 117453640 117453641 117453642 117453643 117453644 117453645 117453646 117453647 117453648 117453649 117453650 117453651 117453652 117453653 117453654 117453655 117453656 117453657 117453658 117453659 117453660 117453661 117453662 117453663 127996546 </measTypes>
            <measValue measObjLdn="vis1USN01/UsnFunction:nodeName=link, USN Function Configuration Name=LINK_VNFC">
                <measResults>1383845 1380146 11 0 0 0 0 0 0 0 0 0 0 1268951 168961 1398003 1397711 1106 114890 111631 191252 183177 18910 1232712 0 1249061 1237371 3713 0 24177 0 0 0 0 0 0 0 0 0 0 0 0 0 54986 493 0 0 0 10627 16487 141354 0 </measResults>
            </measValue>
        </measInfo>
        <measInfo measInfoId="117440614">
            <granPeriod duration="PT3600S" endTime="2021-08-12T00:00:00+08:00"/>
            <repPeriod duration="PT3600S"/>
            <measTypes>117460813 117460814 117460815 117460816 117460817 117460819 117460820 117460821 </measTypes>
            <measValue measObjLdn="vis1USN01/UsnFunction:nodeName=link, USN Function Configuration Name=LINK_VNFC">
                <measResults>0 0 78 0 0 0 0 0 </measResults>
            </measValue>
        </measInfo>
        <measInfo measInfoId="117440615">
            <granPeriod duration="PT3600S" endTime="2021-08-12T00:00:00+08:00"/>
            <repPeriod duration="PT3600S"/>
            <measTypes>117460913 117460914 117460916 117460917 </measTypes>
            <measValue measObjLdn="vis1USN01/UsnFunction:nodeName=link, USN Function Configuration Name=LINK_VNFC">
                <measResults>0 0 0 0 </measResults>
            </measValue>
        </measInfo>
        <measInfo measInfoId="117440616">
            <granPeriod duration="PT3600S" endTime="2021-08-12T00:00:00+08:00"/>
            <repPeriod duration="PT3600S"/>
            <measTypes>117461013 117461014 117461015 117461016 117461017 117461019 117461020 117461021 117461022 </measTypes>
            <measValue measObjLdn="vis1USN01/UsnFunction:nodeName=link, USN Function Configuration Name=LINK_VNFC">
                <measResults>0 0 24776810 1714677 668837 12705911 11272778 468750 445590 </measResults>
            </measValue>
        </measInfo>
        <measInfo measInfoId="117440618">
            <granPeriod duration="PT3600S" endTime="2021-08-12T00:00:00+08:00"/>
            <repPeriod duration="PT3600S"/>
            <measTypes>117461213 117461214 117461215 117461216 117461217 117461218 117461219 117461220 117461221 117461222 </measTypes>
            <measValue measObjLdn="vis1USN01/UsnFunction:nodeName=link, USN Function Configuration Name=LINK_VNFC">
                <measResults>268975 63229 63203 240265 0 0 26 27650 0 0 </measResults>
            </measValue>
        </measInfo>
        <measInfo measInfoId="117440619">
            <granPeriod duration="PT3600S" endTime="2021-08-12T00:00:00+08:00"/>
            <repPeriod duration="PT3600S"/>
            <measTypes>117461313 117461314 117461315 117461316 117461317 117461318 117461319 117461320 117461321 117461322 </measTypes>
            <measValue measObjLdn="vis1USN01/UsnFunction:nodeName=link, USN Function Configuration Name=LINK_VNFC">
                <measResults>268975 63229 63203 240265 0 0 26 27652 0 0 </measResults>
            </measValue>
        </measInfo>
        <measInfo measInfoId="117440620">
            <granPeriod duration="PT3600S" endTime="2021-08-12T00:00:00+08:00"/>
            <repPeriod duration="PT3600S"/>
            <measTypes>117461418 117461419 117461420 117461421 117461422 117461423 117461424 117461425 117461426 117461427 </measTypes>
            <measValue measObjLdn="vis1USN01/UsnFunction:nodeName=link, USN Function Configuration Name=LINK_VNFC">
                <measResults>0 0 0 0 0 0 0 0 310 0 </measResults>
            </measValue>
        </measInfo>
        <measInfo measInfoId="117440621">
            <granPeriod duration="PT3600S" endTime="2021-08-12T00:00:00+08:00"/>
            <repPeriod duration="PT3600S"/>
            <measTypes>117461513 117461514 117461515 117461516 117461517 117461518 117461519 117461520 </measTypes>
            <measValue measObjLdn="vis1USN01/UsnFunction:nodeName=link, USN Function Configuration Name=LINK_VNFC">
                <measResults>0 0 0 0 0 0 0 2 </measResults>
            </measValue>
        </measInfo>
        <measInfo measInfoId="117496538">
            <granPeriod duration="PT3600S" endTime="2021-08-12T00:00:00+08:00"/>
            <repPeriod duration="PT3600S"/>
            <measTypes>117498413 117498414 117498415 117498416 117498417 117498418 117498419 117498420 117498421 117498422 117498423 117498424 117498425 117498426 117498427 </measTypes>
            <measValue measObjLdn="vis1USN01/UsnFunction:nodeName=link, USN Function Configuration Name=LINK_VNFC">
                <measResults>0 0 0 0 0 0 0 0 0 0 0 0 0 0 0 </measResults>
            </measValue>
        </measInfo>
        <measInfo measInfoId="1912209408">
            <granPeriod duration="PT3600S" endTime="2021-08-12T00:00:00+08:00"/>
            <repPeriod duration="PT3600S"/>
            <measTypes>1912209408 1912209409 1912209410 1912209411 1912209412 1912209413 1912209414 1912209415 1912209416 1912209417 1912209418 1912209419 1912209420 1912209421 1912209422 1912209423 1912209424 1912209425 1912209426 1912209427 1912209428 1912209429 1912209430 1912209431 1912209432 1912209433 1912209434 1912209435 1912209436 1912209437 1912209438 1912209439 1912209440 1912209441 1912209442 1912209443 </measTypes>
            <measValue measObjLdn="vis1USN01/UsnFunction:nodeName=link, USN Function Configuration Name=LINK_VNFC">
                <measResults>17179 21933 214 282 0 0 17179 21933 0 0 0 0 0 0 39112 14 494 0 0 25 0 302 17 21 0 0 39 28 2743 1303 35 18 2 1 0 0 </measResults>
            </measValue>
        </measInfo>
        <measInfo measInfoId="1912209409">
            <granPeriod duration="PT3600S" endTime="2021-08-12T00:00:00+08:00"/>
            <repPeriod duration="PT3600S"/>
            <measTypes>1912209444 1912209445 1912209446 1912209447 1912209448 1912209449 1912209450 1912209451 </measTypes>
            <measValue measObjLdn="vis1USN01/UsnFunction:nodeName=link, USN Function Configuration Name=LINK_VNFC">
                <measResults>15775 15775 863 15 15 26707 26552 301 </measResults>
            </measValue>
        </measInfo>
        <measInfo measInfoId="1912209413">
            <granPeriod duration="PT3600S" endTime="2021-08-12T00:00:00+08:00"/>
            <repPeriod duration="PT3600S"/>
            <measTypes>1912209473 </measTypes>
            <measValue measObjLdn="vis1USN01/UsnFunction:nodeName=link, USN Function Configuration Name=LINK_VNFC">
                <measResults>0 </measResults>
            </measValue>
        </measInfo>
        <measInfo measInfoId="1912209416">
            <granPeriod duration="PT3600S" endTime="2021-08-12T00:00:00+08:00"/>
            <repPeriod duration="PT3600S"/>
            <measTypes>117490652 117490663 1912209484 1912209485 1912209486 1912209487 1912209488 1912209489 1912209490 1912209491 1912209492 1912209493 1912209494 1912209495 1912209496 1912209497 1912209498 1912209499 1912209500 1912209501 1912209502 1912209503 1912209504 1912209505 1912209506 1912209507 1912209508 1912209509 1912209510 1912209511 1912209512 1912209513 1912209514 1912209515 1912209516 1912209517 1912209518 1912209519 1912209520 1912209521 1912209522 1912209523 1912209524 1912209525 1912209526 1912209527 1912209528 1912209529 1912209530 1912209531 1912209532 1912209533 1912209534 1912209535 1912209536 1912209537 1912209538 1912209539 1912209540 1912209541 1912209542 1912209543 1912209544 1912209545 1912209546 1912209547 1912209548 1912209549 1912209550 1912209551 1912209552 1912209553 1912209554 1912209555 1912209556 1912209557 1912209558 1912209559 1912209560 1912209561 1912209562 1912209563 1912209564 1912209565 1912209566 1912209567 1912209568 1912209569 1912209570 1912209571 1912209572 1912209573 1912209574 1912209575 1912209576 1912209577 1912209578 1912209579 1912209580 1912209581 1912209582 1912209583 1912209584 1912209585 1912209586 1912209587 1912209588 1912209589 1912209590 1912209591 1912209592 1912209593 1912209781 1912209782 1912209783 1912209784 1912209785 1912209786 1912209787 1912209788 1912209789 1912209790 </measTypes>
            <measValue measObjLdn="vis1USN01/UsnFunction:nodeName=link, USN Function Configuration Name=LINK_VNFC">
                <measResults>17 1009 323 323 0 0 13772013 13746854 6752 6742 65616 64807 618 87653432 134660852 5118064 10080565 12643902 1912 0 0 0 3750 10174258 5105286 203286083 181378102 135528706 87911363 525111 13181057 185 0 0 0 88861 32241 61927 2020 350009 0 0 0 0 618 0 0 0 0 0 0 0 0 0 0 0 0 0 0 601 15232745 15206181 153 0 134 5 0 5 3 0 0 3 3 6752 6742 4 0 0 0 0 1 0 0 0 0 3 70647 27 1711 7 0 0 324 0 0 0 0 0 0 0 0 0 0 0 0 0 0 0 0 0 0 0 0 0 0 0 0 17808 17805 100 99.817 15198629 </measResults>
            </measValue>
        </measInfo>
        <measInfo measInfoId="1912209417">
            <granPeriod duration="PT3600S" endTime="2021-08-12T00:00:00+08:00"/>
            <repPeriod duration="PT3600S"/>
            <measTypes>1912209594 1912209595 1912209596 1912209597 1912209598 1912209599 1912209600 1912209601 1912209602 1912209603 1912209604 1912209605 1912209606 1912209607 1912209608 1912209609 1912209610 1912209612 1912209613 1912209755 1912209756 1912209757 1912209758 1912209759 1912209760 1912209761 1912209762 1912209763 1912209764 1912209765 1912209766 </measTypes>
            <measValue measObjLdn="vis1USN01/UsnFunction:nodeName=link, USN Function Configuration Name=LINK_VNFC">
                <measResults>405929 401942 33181 32828 0 0 27483 27483 10373 10366 1964 1960 5588 5437 484518 484436 73 0 0 10373 10366 10373 10366 10373 10366 10373 10366 10373 10366 0 0 </measResults>
            </measValue>
        </measInfo>
        <measInfo measInfoId="1912209418">
            <granPeriod duration="PT3600S" endTime="2021-08-12T00:00:00+08:00"/>
            <repPeriod duration="PT3600S"/>
            <measTypes>1912209614 1912209615 1912209616 1912209617 1912209618 1912209619 1912209620 1912209621 </measTypes>
            <measValue measObjLdn="vis1USN01/UsnFunction:nodeName=link, USN Function Configuration Name=LINK_VNFC">
                <measResults>6530410 0 29452612 38992096 75007460 0 0 0 </measResults>
            </measValue>
        </measInfo>
        <measInfo measInfoId="1912209422">
            <granPeriod duration="PT3600S" endTime="2021-08-12T00:00:00+08:00"/>
            <repPeriod duration="PT3600S"/>
            <measTypes>1912209630 1912209631 1912209632 1912209633 1912209634 1912209635 1912209636 1912209637 1912209638 1912209639 1912209640 1912209643 1912209644 1912209645 1912209646 1912209647 1912209648 1912209649 1912209650 1912209651 1912209652 1912209653 1912209654 1912209655 1912209657 1912209658 1912209659 1912209664 1912209665 </measTypes>
            <measValue measObjLdn="vis1USN01/UsnFunction:nodeName=link, USN Function Configuration Name=LINK_VNFC">
                <measResults>1884505 1884447 62 13645 13644 115046 28065 143109 157288 23529 166373 4195 4195 0 731 0 0 0 0 1884447 1873839 662075 676491 0 99.997 145280 21093 0 5 </measResults>
            </measValue>
        </measInfo>
        <measInfo measInfoId="1912209425">
            <granPeriod duration="PT3600S" endTime="2021-08-12T00:00:00+08:00"/>
            <repPeriod duration="PT3600S"/>
            <measTypes>1912209704 </measTypes>
            <measValue measObjLdn="vis1USN01/UsnFunction:nodeName=link, USN Function Configuration Name=LINK_VNFC">
                <measResults>0 </measResults>
            </measValue>
        </measInfo>
        <measInfo measInfoId="1912209427">
            <granPeriod duration="PT3600S" endTime="2021-08-12T00:00:00+08:00"/>
            <repPeriod duration="PT3600S"/>
            <measTypes>1912209717 1912209718 1912209719 1912209720 1912209721 1912209722 1912209723 1912209724 </measTypes>
            <measValue measObjLdn="vis1USN01/UsnFunction:nodeName=link, USN Function Configuration Name=LINK_VNFC">
                <measResults>0 0 0 0 0 0 0 0 </measResults>
            </measValue>
        </measInfo>
        <measInfo measInfoId="1912209428">
            <granPeriod duration="PT3600S" endTime="2021-08-12T00:00:00+08:00"/>
            <repPeriod duration="PT3600S"/>
            <measTypes>1912209725 1912209726 </measTypes>
            <measValue measObjLdn="vis1USN01/UsnFunction:nodeName=link, USN Function Configuration Name=LINK_VNFC">
                <measResults>417006865 269778175 </measResults>
            </measValue>
        </measInfo>
        <measInfo measInfoId="1912209429">
            <granPeriod duration="PT3600S" endTime="2021-08-12T00:00:00+08:00"/>
            <repPeriod duration="PT3600S"/>
            <measTypes>1912209727 1912209728 1912209729 </measTypes>
            <measValue measObjLdn="vis1USN01/UsnFunction:nodeName=link, USN Function Configuration Name=LINK_VNFC">
                <measResults>752099 752099 691 </measResults>
            </measValue>
        </measInfo>
        <measInfo measInfoId="1912209430">
            <granPeriod duration="PT3600S" endTime="2021-08-12T00:00:00+08:00"/>
            <repPeriod duration="PT3600S"/>
            <measTypes>1912209730 </measTypes>
            <measValue measObjLdn="vis1USN01/UsnFunction:nodeName=link, USN Function Configuration Name=LINK_VNFC">
                <measResults>0 </measResults>
            </measValue>
        </measInfo>
        <measInfo measInfoId="1912209431">
            <granPeriod duration="PT3600S" endTime="2021-08-12T00:00:00+08:00"/>
            <repPeriod duration="PT3600S"/>
            <measTypes>1912209731 </measTypes>
            <measValue measObjLdn="vis1USN01/UsnFunction:nodeName=link, USN Function Configuration Name=LINK_VNFC">
                <measResults>0 </measResults>
            </measValue>
        </measInfo>
        <measInfo measInfoId="1912209435">
            <granPeriod duration="PT3600S" endTime="2021-08-12T00:00:00+08:00"/>
            <repPeriod duration="PT3600S"/>
            <measTypes>1912209823 1912209824 1912209825 1912209826 1912209827 </measTypes>
            <measValue measObjLdn="vis1USN01/UsnFunction:nodeName=link, USN Function Configuration Name=LINK_VNFC">
                <measResults>0 0 0 0 0 </measResults>
            </measValue>
        </measInfo>
        <measInfo measInfoId="117440656">
            <granPeriod duration="PT3600S" endTime="2021-08-12T00:00:00+08:00"/>
            <repPeriod duration="PT3600S"/>
            <measTypes>117465013 117465014 117465015 117465016 117465017 117465018 117465019 117465020 117465021 </measTypes>
            <measValue measObjLdn="vis1USN01/M3UA link:nodeName=link, Link No.=1">
                <measResults>0 0 0 0 0 41715 4215 25279 5048 </measResults>
            </measValue>
            <measValue measObjLdn="vis1USN01/M3UA link:nodeName=link, Link No.=10">
                <measResults>0 0 0 0 0 0 0 16835 3247 </measResults>
            </measValue>
            <measValue measObjLdn="vis1USN01/M3UA link:nodeName=link, Link No.=11">
                <measResults>0 0 0 0 0 0 0 16950 3272 </measResults>
            </measValue>
            <measValue measObjLdn="vis1USN01/M3UA link:nodeName=link, Link No.=12">
                <measResults>0 0 0 0 0 0 0 16302 3152 </measResults>
            </measValue>
            <measValue measObjLdn="vis1USN01/M3UA link:nodeName=link, Link No.=13">
                <measResults>0 0 0 0 0 0 0 16040 3107 </measResults>
            </measValue>
            <measValue measObjLdn="vis1USN01/M3UA link:nodeName=link, Link No.=14">
                <measResults>0 0 0 0 0 0 0 16851 3254 </measResults>
            </measValue>
            <measValue measObjLdn="vis1USN01/M3UA link:nodeName=link, Link No.=15">
                <measResults>0 0 0 0 0 0 0 16881 3235 </measResults>
            </measValue>
            <measValue measObjLdn="vis1USN01/M3UA link:nodeName=link, Link No.=16">
                <measResults>0 0 0 0 0 0 0 16346 3165 </measResults>
            </measValue>
            <measValue measObjLdn="vis1USN01/M3UA link:nodeName=link, Link No.=2">
                <measResults>0 0 0 0 0 41531 4209 25813 5199 </measResults>
            </measValue>
            <measValue measObjLdn="vis1USN01/M3UA link:nodeName=link, Link No.=20">
                <measResults>0 0 0 0 0 748221 43690 671053 43305 </measResults>
            </measValue>
            <measValue measObjLdn="vis1USN01/M3UA link:nodeName=link, Link No.=21">
                <measResults>0 0 0 0 0 757076 44062 666890 43048 </measResults>
            </measValue>
            <measValue measObjLdn="vis1USN01/M3UA link:nodeName=link, Link No.=22">
                <measResults>0 0 0 0 0 241545 13896 212676 14060 </measResults>
            </measValue>
            <measValue measObjLdn="vis1USN01/M3UA link:nodeName=link, Link No.=23">
                <measResults>0 0 0 0 0 242685 13961 212393 14077 </measResults>
            </measValue>
            <measValue measObjLdn="vis1USN01/M3UA link:nodeName=link, Link No.=24">
                <measResults>0 0 0 0 0 200666 11459 179711 11501 </measResults>
            </measValue>
            <measValue measObjLdn="vis1USN01/M3UA link:nodeName=link, Link No.=25">
                <measResults>0 0 0 0 0 200518 11442 178910 11447 </measResults>
            </measValue>
            <measValue measObjLdn="vis1USN01/M3UA link:nodeName=link, Link No.=28">
                <measResults>0 0 0 0 0 586768 34051 521997 33583 </measResults>
            </measValue>
            <measValue measObjLdn="vis1USN01/M3UA link:nodeName=link, Link No.=29">
                <measResults>0 0 0 0 0 584494 33954 523041 33710 </measResults>
            </measValue>
            <measValue measObjLdn="vis1USN01/M3UA link:nodeName=link, Link No.=3">
                <measResults>0 0 0 0 0 41556 4211 25322 5080 </measResults>
            </measValue>
            <measValue measObjLdn="vis1USN01/M3UA link:nodeName=link, Link No.=38">
                <measResults>0 0 0 0 0 272801 15673 234848 15054 </measResults>
            </measValue>
            <measValue measObjLdn="vis1USN01/M3UA link:nodeName=link, Link No.=39">
                <measResults>0 0 0 0 0 271779 15615 247141 15783 </measResults>
            </measValue>
            <measValue measObjLdn="vis1USN01/M3UA link:nodeName=link, Link No.=4">
                <measResults>0 0 0 0 0 41606 4222 26082 5237 </measResults>
            </measValue>
            <measValue measObjLdn="vis1USN01/M3UA link:nodeName=link, Link No.=40">
                <measResults>0 0 0 0 0 366853 20812 326872 20524 </measResults>
            </measValue>
            <measValue measObjLdn="vis1USN01/M3UA link:nodeName=link, Link No.=41">
                <measResults>0 0 0 0 0 367254 20826 319026 20133 </measResults>
            </measValue>
            <measValue measObjLdn="vis1USN01/M3UA link:nodeName=link, Link No.=42">
                <measResults>0 0 0 0 0 268402 15649 240253 15537 </measResults>
            </measValue>
            <measValue measObjLdn="vis1USN01/M3UA link:nodeName=link, Link No.=43">
                <measResults>0 0 0 0 0 270120 15743 240013 15556 </measResults>
            </measValue>
            <measValue measObjLdn="vis1USN01/M3UA link:nodeName=link, Link No.=44">
                <measResults>0 0 0 0 0 426137 24431 375505 24392 </measResults>
            </measValue>
            <measValue measObjLdn="vis1USN01/M3UA link:nodeName=link, Link No.=45">
                <measResults>0 0 0 0 0 427825 24509 372643 24290 </measResults>
            </measValue>
            <measValue measObjLdn="vis1USN01/M3UA link:nodeName=link, Link No.=46">
                <measResults>0 0 0 0 0 593295 33515 530168 33218 </measResults>
            </measValue>
            <measValue measObjLdn="vis1USN01/M3UA link:nodeName=link, Link No.=47">
                <measResults>0 0 0 0 0 593476 33522 520964 32672 </measResults>
            </measValue>
            <measValue measObjLdn="vis1USN01/M3UA link:nodeName=link, Link No.=48">
                <measResults>0 0 0 0 0 210106 11972 189187 11836 </measResults>
            </measValue>
            <measValue measObjLdn="vis1USN01/M3UA link:nodeName=link, Link No.=49">
                <measResults>0 0 0 0 0 210952 12048 186664 11728 </measResults>
            </measValue>
            <measValue measObjLdn="vis1USN01/M3UA link:nodeName=link, Link No.=5">
                <measResults>0 0 0 0 0 41614 4213 25360 5076 </measResults>
            </measValue>
            <measValue measObjLdn="vis1USN01/M3UA link:nodeName=link, Link No.=50">
                <measResults>0 0 0 0 0 0 0 0 0 </measResults>
            </measValue>
            <measValue measObjLdn="vis1USN01/M3UA link:nodeName=link, Link No.=51">
                <measResults>0 0 0 0 0 0 0 0 0 </measResults>
            </measValue>
            <measValue measObjLdn="vis1USN01/M3UA link:nodeName=link, Link No.=52">
                <measResults>0 0 0 0 0 362537 20777 319060 20717 </measResults>
            </measValue>
            <measValue measObjLdn="vis1USN01/M3UA link:nodeName=link, Link No.=53">
                <measResults>0 0 0 0 0 357450 20611 320764 20741 </measResults>
            </measValue>
            <measValue measObjLdn="vis1USN01/M3UA link:nodeName=link, Link No.=6">
                <measResults>0 0 0 0 0 41765 4224 25518 5119 </measResults>
            </measValue>
            <measValue measObjLdn="vis1USN01/M3UA link:nodeName=link, Link No.=7">
                <measResults>0 0 0 0 0 41707 4212 24838 5002 </measResults>
            </measValue>
            <measValue measObjLdn="vis1USN01/M3UA link:nodeName=link, Link No.=8">
                <measResults>0 0 0 0 0 41733 4231 24707 4958 </measResults>
            </measValue>
            <measValue measObjLdn="vis1USN01/M3UA link:nodeName=link, Link No.=9">
                <measResults>0 0 0 0 0 0 0 16492 3188 </measResults>
            </measValue>
        </measInfo>
        <measInfo measInfoId="117440657">
            <granPeriod duration="PT3600S" endTime="2021-08-12T00:00:00+08:00"/>
            <repPeriod duration="PT3600S"/>
            <measTypes>117465113 117465114 117465115 117465116 117465117 117465118 </measTypes>
            <measValue measObjLdn="vis1USN01/M3UA linkset:nodeName=link, Linkset index=1">
                <measResults>0 0 0 0 132704 25618 </measResults>
            </measValue>
            <measValue measObjLdn="vis1USN01/M3UA linkset:nodeName=link, Linkset index=10">
                <measResults>0 0 719987 41393 639841 41465 </measResults>
            </measValue>
            <measValue measObjLdn="vis1USN01/M3UA linkset:nodeName=link, Linkset index=14">
                <measResults>0 0 544594 31306 482032 30859 </measResults>
            </measValue>
            <measValue measObjLdn="vis1USN01/M3UA linkset:nodeName=link, Linkset index=15">
                <measResults>0 0 734087 41638 645838 40657 </measResults>
            </measValue>
            <measValue measObjLdn="vis1USN01/M3UA linkset:nodeName=link, Linkset index=16">
                <measResults>0 0 538651 31408 480375 31108 </measResults>
            </measValue>
            <measValue measObjLdn="vis1USN01/M3UA linkset:nodeName=link, Linkset index=17">
                <measResults>0 0 853836 48929 748045 48674 </measResults>
            </measValue>
            <measValue measObjLdn="vis1USN01/M3UA linkset:nodeName=link, Linkset index=18">
                <measResults>0 0 1187059 67039 1051387 65892 </measResults>
            </measValue>
            <measValue measObjLdn="vis1USN01/M3UA linkset:nodeName=link, Linkset index=19">
                <measResults>0 0 421090 24027 375864 23570 </measResults>
            </measValue>
            <measValue measObjLdn="vis1USN01/M3UA linkset:nodeName=link, Linkset index=2">
                <measResults>0 0 333199 33733 202886 40710 </measResults>
            </measValue>
            <measValue measObjLdn="vis1USN01/M3UA linkset:nodeName=link, Linkset index=20">
                <measResults>0 0 0 0 0 0 </measResults>
            </measValue>
            <measValue measObjLdn="vis1USN01/M3UA linkset:nodeName=link, Linkset index=21">
                <measResults>0 0 1101938 63038 972127 62004 </measResults>
            </measValue>
            <measValue measObjLdn="vis1USN01/M3UA linkset:nodeName=link, Linkset index=3">
                <measResults>0 0 1505242 87761 1337880 86360 </measResults>
            </measValue>
            <measValue measObjLdn="vis1USN01/M3UA linkset:nodeName=link, Linkset index=30">
                <measResults>0 100800 0 0 0 0 </measResults>
            </measValue>
            <measValue measObjLdn="vis1USN01/M3UA linkset:nodeName=link, Linkset index=31">
                <measResults>0 100800 0 0 0 0 </measResults>
            </measValue>
            <measValue measObjLdn="vis1USN01/M3UA linkset:nodeName=link, Linkset index=32">
                <measResults>0 0 350629 20107 313161 20166 </measResults>
            </measValue>
            <measValue measObjLdn="vis1USN01/M3UA linkset:nodeName=link, Linkset index=33">
                <measResults>0 0 0 0 0 0 </measResults>
            </measValue>
            <measValue measObjLdn="vis1USN01/M3UA linkset:nodeName=link, Linkset index=34">
                <measResults>0 0 4939 536 3705 136 </measResults>
            </measValue>
            <measValue measObjLdn="vis1USN01/M3UA linkset:nodeName=link, Linkset index=35">
                <measResults>0 0 364884 21308 334121 21458 </measResults>
            </measValue>
            <measValue measObjLdn="vis1USN01/M3UA linkset:nodeName=link, Linkset index=36">
                <measResults>0 0 0 0 0 0 </measResults>
            </measValue>
            <measValue measObjLdn="vis1USN01/M3UA linkset:nodeName=link, Linkset index=4">
                <measResults>0 0 484149 27862 424979 28142 </measResults>
            </measValue>
            <measValue measObjLdn="vis1USN01/M3UA linkset:nodeName=link, Linkset index=5">
                <measResults>0 0 401216 22909 358644 22957 </measResults>
            </measValue>
            <measValue measObjLdn="vis1USN01/M3UA linkset:nodeName=link, Linkset index=6">
                <measResults>0 3600 0 0 0 0 </measResults>
            </measValue>
            <measValue measObjLdn="vis1USN01/M3UA linkset:nodeName=link, Linkset index=7">
                <measResults>0 0 1171766 68030 1045496 67318 </measResults>
            </measValue>
            <measValue measObjLdn="vis1USN01/M3UA linkset:nodeName=link, Linkset index=8">
                <measResults>0 0 1149479 65367 1011411 64785 </measResults>
            </measValue>
            <measValue measObjLdn="vis1USN01/M3UA linkset:nodeName=link, Linkset index=9">
                <measResults>0 0 1307803 74539 1157684 73890 </measResults>
            </measValue>
        </measInfo>
        <measInfo measInfoId="117440658">
            <granPeriod duration="PT3600S" endTime="2021-08-12T00:00:00+08:00"/>
            <repPeriod duration="PT3600S"/>
            <measTypes>117465213 117465214 </measTypes>
            <measValue measObjLdn="vis1USN01/M3DE:nodeName=link, Destination entity index=1">
                <measResults>0 0 </measResults>
            </measValue>
            <measValue measObjLdn="vis1USN01/M3DE:nodeName=link, Destination entity index=10">
                <measResults>0 0 </measResults>
            </measValue>
            <measValue measObjLdn="vis1USN01/M3DE:nodeName=link, Destination entity index=14">
                <measResults>0 0 </measResults>
            </measValue>
            <measValue measObjLdn="vis1USN01/M3DE:nodeName=link, Destination entity index=15">
                <measResults>0 0 </measResults>
            </measValue>
            <measValue measObjLdn="vis1USN01/M3DE:nodeName=link, Destination entity index=16">
                <measResults>0 0 </measResults>
            </measValue>
            <measValue measObjLdn="vis1USN01/M3DE:nodeName=link, Destination entity index=17">
                <measResults>0 0 </measResults>
            </measValue>
            <measValue measObjLdn="vis1USN01/M3DE:nodeName=link, Destination entity index=18">
                <measResults>0 0 </measResults>
            </measValue>
            <measValue measObjLdn="vis1USN01/M3DE:nodeName=link, Destination entity index=19">
                <measResults>0 0 </measResults>
            </measValue>
            <measValue measObjLdn="vis1USN01/M3DE:nodeName=link, Destination entity index=2">
                <measResults>0 0 </measResults>
            </measValue>
            <measValue measObjLdn="vis1USN01/M3DE:nodeName=link, Destination entity index=20">
                <measResults>0 0 </measResults>
            </measValue>
            <measValue measObjLdn="vis1USN01/M3DE:nodeName=link, Destination entity index=21">
                <measResults>0 0 </measResults>
            </measValue>
            <measValue measObjLdn="vis1USN01/M3DE:nodeName=link, Destination entity index=3">
                <measResults>0 0 </measResults>
            </measValue>
            <measValue measObjLdn="vis1USN01/M3DE:nodeName=link, Destination entity index=30">
                <measResults>0 100800 </measResults>
            </measValue>
            <measValue measObjLdn="vis1USN01/M3DE:nodeName=link, Destination entity index=31">
                <measResults>0 100800 </measResults>
            </measValue>
            <measValue measObjLdn="vis1USN01/M3DE:nodeName=link, Destination entity index=32">
                <measResults>0 0 </measResults>
            </measValue>
            <measValue measObjLdn="vis1USN01/M3DE:nodeName=link, Destination entity index=33">
                <measResults>0 0 </measResults>
            </measValue>
            <measValue measObjLdn="vis1USN01/M3DE:nodeName=link, Destination entity index=34">
                <measResults>0 0 </measResults>
            </measValue>
            <measValue measObjLdn="vis1USN01/M3DE:nodeName=link, Destination entity index=35">
                <measResults>0 0 </measResults>
            </measValue>
            <measValue measObjLdn="vis1USN01/M3DE:nodeName=link, Destination entity index=36">
                <measResults>0 0 </measResults>
            </measValue>
            <measValue measObjLdn="vis1USN01/M3DE:nodeName=link, Destination entity index=4">
                <measResults>0 0 </measResults>
            </measValue>
            <measValue measObjLdn="vis1USN01/M3DE:nodeName=link, Destination entity index=5">
                <measResults>0 0 </measResults>
            </measValue>
            <measValue measObjLdn="vis1USN01/M3DE:nodeName=link, Destination entity index=6">
                <measResults>0 3600 </measResults>
            </measValue>
            <measValue measObjLdn="vis1USN01/M3DE:nodeName=link, Destination entity index=7">
                <measResults>0 0 </measResults>
            </measValue>
            <measValue measObjLdn="vis1USN01/M3DE:nodeName=link, Destination entity index=8">
                <measResults>0 0 </measResults>
            </measValue>
            <measValue measObjLdn="vis1USN01/M3DE:nodeName=link, Destination entity index=9">
                <measResults>0 0 </measResults>
            </measValue>
        </measInfo>
        <measInfo measInfoId="1912209423">
            <granPeriod duration="PT3600S" endTime="2021-08-12T00:00:00+08:00"/>
            <repPeriod duration="PT3600S"/>
            <measTypes>1912209666 1912209667 1912209668 1912209669 1912209670 1912209671 1912209672 1912209673 1912209674 1912209675 1912209676 1912209677 1912209678 1912209679 1912209680 1912209681 1912209682 1912209683 1912209684 1912209685 1912209686 1912209687 1912209688 1912209689 1912209690 1912209691 1912209692 1912209694 </measTypes>
            <measValue measObjLdn="vis1USN01/VLR:nodeName=link, VLR No.=639180007002">
                <measResults>264302 264248 55 1071 1071 15068 3715 18783 21077 2903 22371 494 494 0 100 0 0 0 0 264248 263610 86970 89253 0 0 0 5173 0 </measResults>
            </measValue>
            <measValue measObjLdn="vis1USN01/VLR:nodeName=link, VLR No.=639180007003">
                <measResults>252073 252072 3 1049 1049 15075 3518 18592 20487 3090 21988 473 473 0 85 0 0 0 0 252072 251423 86471 88329 0 0 0 4710 1 </measResults>
            </measValue>
            <measValue measObjLdn="vis1USN01/VLR:nodeName=link, VLR No.=639180007004">
                <measResults>209561 209561 1 2056 2056 12413 3155 15568 17420 2734 18253 534 534 0 91 0 0 0 0 209561 208232 68344 69881 0 0 0 4774 2 </measResults>
            </measValue>
            <measValue measObjLdn="vis1USN01/VLR:nodeName=link, VLR No.=639180007026">
                <measResults>0 0 0 0 0 0 0 0 0 0 0 0 0 0 0 0 0 0 0 0 0 0 0 0 0 0 0 0 </measResults>
            </measValue>
            <measValue measObjLdn="vis1USN01/VLR:nodeName=link, VLR No.=639180007019">
                <measResults>245784 245782 0 1122 1122 16104 3626 19729 21067 2879 22196 520 520 0 70 0 0 0 0 245782 243778 82470 84378 0 0 0 5974 1 </measResults>
            </measValue>
            <measValue measObjLdn="vis1USN01/VLR:nodeName=link, VLR No.=639180000721">
                <measResults>211154 211157 0 2077 2076 11993 3153 15146 16526 2608 17493 484 484 0 84 0 0 0 0 211157 209895 68740 69895 0 0 0 5075 0 </measResults>
            </measValue>
            <measValue measObjLdn="vis1USN01/VLR:nodeName=link, VLR No.=639180000713">
                <measResults>205588 205589 0 2203 2203 12389 3199 15588 18154 2612 18893 547 547 0 85 0 0 0 0 205589 204206 80186 82327 0 0 0 5336 0 </measResults>
            </measValue>
            <measValue measObjLdn="vis1USN01/VLR:nodeName=link, VLR No.=639180000715">
                <measResults>203848 203846 2 2293 2293 12325 3081 15406 16826 2873 17932 468 468 0 93 0 0 0 0 203846 202280 70557 72210 0 0 0 5592 1 </measResults>
            </measValue>
            <measValue measObjLdn="vis1USN01/VLR:nodeName=link, VLR No.=639180000716">
                <measResults>250570 250568 1 907 907 15754 3621 19375 20557 3018 21865 487 487 0 77 0 0 0 0 250568 249475 97529 98938 0 0 0 5368 0 </measResults>
            </measValue>
        </measInfo>
        <measInfo measInfoId="117490515">
            <granPeriod duration="PT3600S" endTime="2021-08-12T00:00:00+08:00"/>
            <repPeriod duration="PT3600S"/>
            <measTypes>117490812 117490813 117490814 117490815 </measTypes>
            <measValue measObjLdn="vis1USN01/Diameter link:nodeName=link, Link No.=0">
                <measResults>0 0 0 0 </measResults>
            </measValue>
            <measValue measObjLdn="vis1USN01/Diameter link:nodeName=link, Link No.=1">
                <measResults>0 0 0 0 </measResults>
            </measValue>
            <measValue measObjLdn="vis1USN01/Diameter link:nodeName=link, Link No.=2">
                <measResults>0 0 0 0 </measResults>
            </measValue>
            <measValue measObjLdn="vis1USN01/Diameter link:nodeName=link, Link No.=3">
                <measResults>0 0 0 0 </measResults>
            </measValue>
        </measInfo>
        <measInfo measInfoId="117496524">
            <granPeriod duration="PT3600S" endTime="2021-08-12T00:00:00+08:00"/>
            <repPeriod duration="PT3600S"/>
            <measTypes>117497332 117497333 117497334 117497335 117497336 117497337 117497338 117497339 117497340 </measTypes>
            <measValue measObjLdn="vis1USN01/Diameter link:nodeName=link, Link No.=0">
                <measResults>8302 8200 101 0 2 0 49 0 0 </measResults>
            </measValue>
            <measValue measObjLdn="vis1USN01/Diameter link:nodeName=link, Link No.=1">
                <measResults>8227 8144 83 0 7 0 36 0 0 </measResults>
            </measValue>
            <measValue measObjLdn="vis1USN01/Diameter link:nodeName=link, Link No.=2">
                <measResults>8262 8174 88 0 4 0 38 0 0 </measResults>
            </measValue>
            <measValue measObjLdn="vis1USN01/Diameter link:nodeName=link, Link No.=3">
                <measResults>8390 8310 80 0 3 0 36 0 0 </measResults>
            </measValue>
        </measInfo>
        <measInfo measInfoId="117496525">
            <granPeriod duration="PT3600S" endTime="2021-08-12T00:00:00+08:00"/>
            <repPeriod duration="PT3600S"/>
            <measTypes>117497392 117497393 117497394 117497395 117497396 117497397 117497398 117497399 117497400 </measTypes>
            <measValue measObjLdn="vis1USN01/Diameter link:nodeName=link, Link No.=0">
                <measResults>101580 100577 1000 256 519 0 0 0 0 </measResults>
            </measValue>
            <measValue measObjLdn="vis1USN01/Diameter link:nodeName=link, Link No.=1">
                <measResults>101644 100668 976 211 545 0 0 0 0 </measResults>
            </measValue>
            <measValue measObjLdn="vis1USN01/Diameter link:nodeName=link, Link No.=2">
                <measResults>101344 100336 1006 215 538 0 0 0 0 </measResults>
            </measValue>
            <measValue measObjLdn="vis1USN01/Diameter link:nodeName=link, Link No.=3">
                <measResults>101361 100361 993 234 524 3 0 0 0 </measResults>
            </measValue>
        </measInfo>
        <measInfo measInfoId="117496861">
            <granPeriod duration="PT3600S" endTime="2021-08-12T00:00:00+08:00"/>
            <repPeriod duration="PT3600S"/>
            <measTypes>117501013 117501014 117501015 117501016 117501017 117501018 </measTypes>
            <measValue measObjLdn="vis1USN01/Diameter link:nodeName=link, Link No.=0">
                <measResults>187857 187858 183 187672 3 0 </measResults>
            </measValue>
            <measValue measObjLdn="vis1USN01/Diameter link:nodeName=link, Link No.=1">
                <measResults>187963 187967 147 187819 1 0 </measResults>
            </measValue>
            <measValue measObjLdn="vis1USN01/Diameter link:nodeName=link, Link No.=2">
                <measResults>188232 188230 187 188038 5 0 </measResults>
            </measValue>
            <measValue measObjLdn="vis1USN01/Diameter link:nodeName=link, Link No.=3">
                <measResults>188047 188044 174 187864 6 0 </measResults>
            </measValue>
        </measInfo>
        <measInfo measInfoId="117490516">
            <granPeriod duration="PT3600S" endTime="2021-08-12T00:00:00+08:00"/>
            <repPeriod duration="PT3600S"/>
            <measTypes>117490912 117490913 117490914 </measTypes>
            <measValue measObjLdn="vis1USN01/Diameter linkset:nodeName=link, Diameter links index=10">
                <measResults>0 0 4 </measResults>
            </measValue>
        </measInfo>
        <measInfo measInfoId="1912209433">
            <granPeriod duration="PT3600S" endTime="2021-08-12T00:00:00+08:00"/>
            <repPeriod duration="PT3600S"/>
            <measTypes>1912209771 1912209772 </measTypes>
            <measValue measObjLdn="vis1USN01/VM_USN:nodeName=link, VM NAME=SPU_O_0070">
                <measResults>0 0 </measResults>
            </measValue>
            <measValue measObjLdn="vis1USN01/VM_USN:nodeName=link, VM NAME=SPU_O_0071">
                <measResults>0 0 </measResults>
            </measValue>
            <measValue measObjLdn="vis1USN01/VM_USN:nodeName=link, VM NAME=SPU_O_0072">
                <measResults>456627 456627 </measResults>
            </measValue>
            <measValue measObjLdn="vis1USN01/VM_USN:nodeName=link, VM NAME=SPU_O_0084">
                <measResults>0 0 </measResults>
            </measValue>
            <measValue measObjLdn="vis1USN01/VM_USN:nodeName=link, VM NAME=SPU_O_0085">
                <measResults>0 0 </measResults>
            </measValue>
            <measValue measObjLdn="vis1USN01/VM_USN:nodeName=link, VM NAME=SPU_O_0086">
                <measResults>0 0 </measResults>
            </measValue>
            <measValue measObjLdn="vis1USN01/VM_USN:nodeName=link, VM NAME=SPU_O_0087">
                <measResults>1427878 1427820 </measResults>
            </measValue>
            <measValue measObjLdn="vis1USN01/VM_USN:nodeName=link, VM NAME=SPU_O_0088">
                <measResults>0 0 </measResults>
            </measValue>
        </measInfo>
        <measInfo measInfoId="1912209434">
            <granPeriod duration="PT3600S" endTime="2021-08-12T00:00:00+08:00"/>
            <repPeriod duration="PT3600S"/>
            <measTypes>1912209821 1912209822 </measTypes>
            <measValue measObjLdn="vis1USN01/VM_USN:nodeName=link, VM NAME=SPU_O_0070">
                <measResults>0 0 </measResults>
            </measValue>
            <measValue measObjLdn="vis1USN01/VM_USN:nodeName=link, VM NAME=SPU_O_0071">
                <measResults>0 0 </measResults>
            </measValue>
            <measValue measObjLdn="vis1USN01/VM_USN:nodeName=link, VM NAME=SPU_O_0072">
                <measResults>106 106 </measResults>
            </measValue>
            <measValue measObjLdn="vis1USN01/VM_USN:nodeName=link, VM NAME=SPU_O_0084">
                <measResults>0 0 </measResults>
            </measValue>
            <measValue measObjLdn="vis1USN01/VM_USN:nodeName=link, VM NAME=SPU_O_0085">
                <measResults>0 0 </measResults>
            </measValue>
            <measValue measObjLdn="vis1USN01/VM_USN:nodeName=link, VM NAME=SPU_O_0086">
                <measResults>0 0 </measResults>
            </measValue>
            <measValue measObjLdn="vis1USN01/VM_USN:nodeName=link, VM NAME=SPU_O_0087">
                <measResults>17073 21827 </measResults>
            </measValue>
            <measValue measObjLdn="vis1USN01/VM_USN:nodeName=link, VM NAME=SPU_O_0088">
                <measResults>0 0 </measResults>
            </measValue>
        </measInfo>
        <measInfo measInfoId="1912209437">
            <granPeriod duration="PT3600S" endTime="2021-08-12T00:00:00+08:00"/>
            <repPeriod duration="PT3600S"/>
            <measTypes>1912209800 1912209801 </measTypes>
            <measValue measObjLdn="vis1USN01/RU_USN:nodeName=link, RU NAME=LINK_SP_RU_0064">
                <measResults>25 21 </measResults>
            </measValue>
            <measValue measObjLdn="vis1USN01/RU_USN:nodeName=link, RU NAME=LINK_SP_RU_0065">
                <measResults>26 22 </measResults>
            </measValue>
            <measValue measObjLdn="vis1USN01/RU_USN:nodeName=link, RU NAME=LINK_SP_RU_0066">
                <measResults>27 22 </measResults>
            </measValue>
            <measValue measObjLdn="vis1USN01/RU_USN:nodeName=link, RU NAME=LINK_SP_RU_0070">
                <measResults>26 21 </measResults>
            </measValue>
            <measValue measObjLdn="vis1USN01/RU_USN:nodeName=link, RU NAME=LINK_SP_RU_0071">
                <measResults>25 21 </measResults>
            </measValue>
            <measValue measObjLdn="vis1USN01/RU_USN:nodeName=link, RU NAME=LINK_SP_RU_0072">
                <measResults>27 21 </measResults>
            </measValue>
            <measValue measObjLdn="vis1USN01/RU_USN:nodeName=link, RU NAME=LINK_SP_RU_0073">
                <measResults>31 23 </measResults>
            </measValue>
            <measValue measObjLdn="vis1USN01/RU_USN:nodeName=link, RU NAME=LINK_SP_RU_0074">
                <measResults>27 21 </measResults>
            </measValue>
        </measInfo>
        <measInfo measInfoId="1912209438">
            <granPeriod duration="PT3600S" endTime="2021-08-12T00:00:00+08:00"/>
            <repPeriod duration="PT3600S"/>
            <measTypes>1912209810 1912209811 </measTypes>
            <measValue measObjLdn="vis1USN01/ScaleGroup_USN:nodeName=link, ScaleRroupName=SG1_LINK">
                <measResults>24 22 </measResults>
            </measValue>
        </measInfo>
    </measData>
    <fileFooter>
        <measCollec endTime="2021-08-12T00:00:00+08:00"/>
    </fileFooter>
</measCollecFile>
