<?xml version="1.0" encoding="UTF-8"?>
<measCollecFile xmlns="http://www.3gpp.org/ftp/specs/archive/32_series/32.435#measCollec">
<fileHeader fileFormatVersion="32.435 V10.0" vendorName="Nokia Networks">
<fileSender elementType="MGW"/>
<measCollec beginTime="2021-08-22T00:00:00+08:00"/>
</fileHeader>
<measData>
<managedElement/>
<measInfo measInfoId="MTP_SL_Perf">
<granPeriod duration="PT1800S" endTime="2021-08-22T00:30:00+08:00"/>
<repPeriod duration="PT1800S"/>
<measTypes>M209B2C1 M209B2C2 M209B2C3 M209B2C4 M209B2C5 M209B2C6 M209B2C7 M209B3C1 M209B3C2 M209B3C3 M209B3C4 M209B3C5 M209B3C6</measTypes>
<measValue measObjLdn="PLMN-PLMN/MGW-360422,SL_TYPE=SLN-2_0/SL_TYPE-0,SPC_TOPO=SNET-NA1/SPCD-755,SIGNALLING_LINK_SETNAME=SLSN-VSMS2">
<measResults>0 0 0 0 0 0 0 0 0 0 0 0 0</measResults>
</measValue>
</measInfo>
<measInfo measInfoId="MTP_SL_Perf">
<granPeriod duration="PT1800S" endTime="2021-08-22T00:30:00+08:00"/>
<repPeriod duration="PT1800S"/>
<measTypes>M209B2C1 M209B2C2 M209B2C3 M209B2C4 M209B2C5 M209B2C6 M209B2C7 M209B3C1 M209B3C2 M209B3C3 M209B3C4 M209B3C5 M209B3C6</measTypes>
<measValue measObjLdn="PLMN-PLMN/MGW-360422,SL_TYPE=SLN-3_1/SL_TYPE-0,SPC_TOPO=SNET-NA1/SPCD-755,SIGNALLING_LINK_SETNAME=SLSN-VSMS2">
<measResults>0 0 0 0 0 0 0 0 0 0 0 0 0</measResults>
</measValue>
</measInfo>
<measInfo measInfoId="MTP_SL_Perf">
<granPeriod duration="PT1800S" endTime="2021-08-22T00:30:00+08:00"/>
<repPeriod duration="PT1800S"/>
<measTypes>M209B2C1 M209B2C2 M209B2C3 M209B2C4 M209B2C5 M209B2C6 M209B2C7 M209B3C1 M209B3C2 M209B3C3 M209B3C4 M209B3C5 M209B3C6</measTypes>
<measValue measObjLdn="PLMN-PLMN/MGW-360422,SL_TYPE=SLN-4_0/SL_TYPE-0,SPC_TOPO=SNET-NA1/SPCD-754,SIGNALLING_LINK_SETNAME=SLSN-VSMS1">
<measResults>0 0 0 0 0 0 0 0 0 0 0 0 0</measResults>
</measValue>
</measInfo>
<measInfo measInfoId="MTP_SL_Perf">
<granPeriod duration="PT1800S" endTime="2021-08-22T00:30:00+08:00"/>
<repPeriod duration="PT1800S"/>
<measTypes>M209B2C1 M209B2C2 M209B2C3 M209B2C4 M209B2C5 M209B2C6 M209B2C7 M209B3C1 M209B3C2 M209B3C3 M209B3C4 M209B3C5 M209B3C6</measTypes>
<measValue measObjLdn="PLMN-PLMN/MGW-360422,SL_TYPE=SLN-5_1/SL_TYPE-0,SPC_TOPO=SNET-NA1/SPCD-754,SIGNALLING_LINK_SETNAME=SLSN-VSMS1">
<measResults>0 0 0 0 0 0 0 0 0 0 0 0 0</measResults>
</measValue>
</measInfo>
<measInfo measInfoId="MTP_SL_Perf">
<granPeriod duration="PT1800S" endTime="2021-08-22T00:30:00+08:00"/>
<repPeriod duration="PT1800S"/>
<measTypes>M209B2C1 M209B2C2 M209B2C3 M209B2C4 M209B2C5 M209B2C6 M209B2C7 M209B3C1 M209B3C2 M209B3C3 M209B3C4 M209B3C5 M209B3C6</measTypes>
<measValue measObjLdn="PLMN-PLMN/MGW-360422,SL_TYPE=SLN-16_0/SL_TYPE-0,SPC_TOPO=SNET-NA1/SPCD-605,SIGNALLING_LINK_SETNAME=SLSN-VNTXT">
<measResults>0 0 0 0 0 0 0 0 0 0 0 0 0</measResults>
</measValue>
</measInfo>
<measInfo measInfoId="MTP_SL_Perf">
<granPeriod duration="PT1800S" endTime="2021-08-22T00:30:00+08:00"/>
<repPeriod duration="PT1800S"/>
<measTypes>M209B2C1 M209B2C2 M209B2C3 M209B2C4 M209B2C5 M209B2C6 M209B2C7 M209B3C1 M209B3C2 M209B3C3 M209B3C4 M209B3C5 M209B3C6</measTypes>
<measValue measObjLdn="PLMN-PLMN/MGW-360422,SL_TYPE=SLN-17_1/SL_TYPE-0,SPC_TOPO=SNET-NA1/SPCD-605,SIGNALLING_LINK_SETNAME=SLSN-VNTXT">
<measResults>0 0 0 0 0 0 0 0 0 0 0 0 0</measResults>
</measValue>
</measInfo>
<measInfo measInfoId="MTP_SL_Perf">
<granPeriod duration="PT1800S" endTime="2021-08-22T00:30:00+08:00"/>
<repPeriod duration="PT1800S"/>
<measTypes>M209B2C1 M209B2C2 M209B2C3 M209B2C4 M209B2C5 M209B2C6 M209B2C7 M209B3C1 M209B3C2 M209B3C3 M209B3C4 M209B3C5 M209B3C6</measTypes>
<measValue measObjLdn="PLMN-PLMN/MGW-360422,SL_TYPE=SLN-18_2/SL_TYPE-0,SPC_TOPO=SNET-NA1/SPCD-605,SIGNALLING_LINK_SETNAME=SLSN-VNTXT">
<measResults>0 0 0 0 0 0 0 0 0 0 0 0 0</measResults>
</measValue>
</measInfo>
<measInfo measInfoId="MTP_SL_Perf">
<granPeriod duration="PT1800S" endTime="2021-08-22T00:30:00+08:00"/>
<repPeriod duration="PT1800S"/>
<measTypes>M209B2C1 M209B2C2 M209B2C3 M209B2C4 M209B2C5 M209B2C6 M209B2C7 M209B3C1 M209B3C2 M209B3C3 M209B3C4 M209B3C5 M209B3C6</measTypes>
<measValue measObjLdn="PLMN-PLMN/MGW-360422,SL_TYPE=SLN-19_3/SL_TYPE-0,SPC_TOPO=SNET-NA1/SPCD-605,SIGNALLING_LINK_SETNAME=SLSN-VNTXT">
<measResults>0 0 0 0 0 0 0 0 0 0 0 0 0</measResults>
</measValue>
</measInfo>
<measInfo measInfoId="MTP_SL_Perf">
<granPeriod duration="PT1800S" endTime="2021-08-22T00:30:00+08:00"/>
<repPeriod duration="PT1800S"/>
<measTypes>M209B2C1 M209B2C2 M209B2C3 M209B2C4 M209B2C5 M209B2C6 M209B2C7 M209B3C1 M209B3C2 M209B3C3 M209B3C4 M209B3C5 M209B3C6</measTypes>
<measValue measObjLdn="PLMN-PLMN/MGW-360422,SL_TYPE=SLN-20_0/SL_TYPE-0,SPC_TOPO=SNET-NA1/SPCD-46,SIGNALLING_LINK_SETNAME=SLSN-TSC03">
<measResults>0 0 0 0 0 0 0 0 0 0 0 0 0</measResults>
</measValue>
</measInfo>
</measData>
<fileFooter>
<measCollec endTime="2021-08-22T00:30:00+08:00"/>
</fileFooter>
</measCollecFile>