<?xml version="1.0" encoding="UTF-8"?>
<measCollecFile xmlns="http://latest/nmc-omc/cmNrm.doc#measCollec" xmlns:xsi="http://www.w3.org/2001/XMLSchema-instance" xsi:schemaLocation="http://latest/nmc-omc/cmNrm.doc#measCollec schema\pmResultSchedule.xsd">
    <fileHeader fileFormatVersion="32.435 V7.2" vendorName="Huawei">
        <fileSender elementType="NodeB"/>
        <measCollec beginTime="2021-08-19T11:00:00+08:00"/>
    </fileHeader>
    <measData>
        <managedElement userLabel="MMLG6272HUNB001"/>
        <measInfo measInfoId="50331655">
            <granPeriod duration="PT3600S" endTime="2021-08-19T12:00:00+08:00"/>
            <repPeriod duration="PT3600S"/>
            <measTypes>50332573 50332574 50342574 50342575 50342635 50342636 </measTypes>
            <measValue measObjLdn="MMLG6272HUNB001/ULGROUP:UL BB Resource Group No.=0">
                <measResults>1024 17.146 7 62.5 0 0 </measResults>
            </measValue>
            <measValue measObjLdn="MMLG6272HUNB001/ULGROUP:UL BB Resource Group No.=1">
                <measResults>1024 48.596 29.5 73.5 0 0 </measResults>
            </measValue>
        </measInfo>
        <measInfo measInfoId="50331656">
            <granPeriod duration="PT3600S" endTime="2021-08-19T12:00:00+08:00"/>
            <repPeriod duration="PT3600S"/>
            <measTypes>50332582 50332583 50332584 50332586 50342584 50342585 50342586 50342587 50342606 50342607 50342608 50342609 50342632 50342633 </measTypes>
            <measValue measObjLdn="MMLG6272HUNB001/BRD:Board Type=UBBP, Cabinet No.=0, Subrack No.=0, Slot No.=2">
                <measResults>1024 1024 41.642 48.596 32 55 29.5 73.5 1 3 2 5 0 0 </measResults>
            </measValue>
            <measValue measObjLdn="MMLG6272HUNB001/BRD:Board Type=UBBP, Cabinet No.=0, Subrack No.=0, Slot No.=3">
                <measResults>1024 1024 18.55 17.146 12 29 7 62.5 0 1 1 2 0 0 </measResults>
            </measValue>
            <measValue measObjLdn="MMLG6272HUNB001/BRD:Board Type=UMPT, Cabinet No.=0, Subrack No.=0, Slot No.=7">
                <measResults>0 0 0 0 0 0 0 0 0 0 0 0 0 0 </measResults>
            </measValue>
        </measInfo>
        <measInfo measInfoId="50331683">
            <granPeriod duration="PT3600S" endTime="2021-08-19T12:00:00+08:00"/>
            <repPeriod duration="PT3600S"/>
            <measTypes>50332627 </measTypes>
            <measValue measObjLdn="MMLG6272HUNB001/NODEBRRU:Cabinet No.=0, Subrack No.=60, Slot No.=0">
                <measResults>0 </measResults>
            </measValue>
            <measValue measObjLdn="MMLG6272HUNB001/NODEBRRU:Cabinet No.=0, Subrack No.=61, Slot No.=0">
                <measResults>0 </measResults>
            </measValue>
            <measValue measObjLdn="MMLG6272HUNB001/NODEBRRU:Cabinet No.=0, Subrack No.=62, Slot No.=0">
                <measResults>0 </measResults>
            </measValue>
            <measValue measObjLdn="MMLG6272HUNB001/NODEBRRU:Cabinet No.=0, Subrack No.=80, Slot No.=0">
                <measResults>0 </measResults>
            </measValue>
            <measValue measObjLdn="MMLG6272HUNB001/NODEBRRU:Cabinet No.=0, Subrack No.=81, Slot No.=0">
                <measResults>0 </measResults>
            </measValue>
            <measValue measObjLdn="MMLG6272HUNB001/NODEBRRU:Cabinet No.=0, Subrack No.=82, Slot No.=0">
                <measResults>0 </measResults>
            </measValue>
        </measInfo>
        <measInfo measInfoId="1542455297">
            <granPeriod duration="PT3600S" endTime="2021-08-19T12:00:00+08:00"/>
            <repPeriod duration="PT3600S"/>
            <measTypes>1542455297 1542455298 1542455299 1542455300 1542455301 1542455302 1542455303 1542455304 1542455305 1542455306 1542455307 1542460296 1542460297 </measTypes>
            <measValue measObjLdn="MMLG6272HUNB001/ETHPORT:Cabinet No.=0, Subrack No.=0, Slot No.=7, Port No.=0, Subboard Type=BASE_BOARD">
                <measResults>726710201 6687190 4096565255 10232009 0 6792640 735880 1614912 28007608 856056 9103478 1000000 1000000 </measResults>
            </measValue>
            <measValue measObjLdn="MMLG6272HUNB001/ETHPORT:Cabinet No.=0, Subrack No.=0, Slot No.=7, Port No.=1, Subboard Type=BASE_BOARD">
                <measResults>0 0 0 0 0 0 0 0 0 0 0 0 0 </measResults>
            </measValue>
        </measInfo>
        <measInfo measInfoId="1542455301">
            <granPeriod duration="PT3600S" endTime="2021-08-19T12:00:00+08:00"/>
            <repPeriod duration="PT3600S"/>
            <measTypes>1542455326 1542455327 1542455328 1542455329 1542455330 1542455331 1542455332 1542455333 1542460727 1542460728 1542460729 </measTypes>
            <measValue measObjLdn="MMLG6272HUNB001/IP:Board Type=UMPT, Cabinet No.=0, Subrack No.=0, Slot No.=7">
                <measResults>6686882 567907144 0 0 10225170 3847285711 0 0 10994 0 0 </measResults>
            </measValue>
        </measInfo>
        <measInfo measInfoId="1542455303">
            <granPeriod duration="PT3600S" endTime="2021-08-19T12:00:00+08:00"/>
            <repPeriod duration="PT3600S"/>
            <measTypes>1542455365 1542455367 1542455369 1542455371 1542455375 1542455376 1542455377 1542455378 </measTypes>
            <measValue measObjLdn="MMLG6272HUNB001/RSCGRP:Transmission Resource Group Bear Type=IP, Cabinet No.=0, Bearing Port No.=0, Bearing Port Type=ETH, Transmission Resource Group ID=AUTOPORT, Subboard Type=BASE_BOARD, Slot No.=7, Subrack No.=0">
                <measResults>688276208 6686961 0 0 6709312 693968 1529512 0 </measResults>
            </measValue>
            <measValue measObjLdn="MMLG6272HUNB001/RSCGRP:Transmission Resource Group Bear Type=IP, Cabinet No.=0, Bearing Port No.=1, Bearing Port Type=ETH, Transmission Resource Group ID=AUTOPORT, Subboard Type=BASE_BOARD, Slot No.=7, Subrack No.=0">
                <measResults>0 0 0 0 0 0 0 0 </measResults>
            </measValue>
        </measInfo>
        <measInfo measInfoId="1542455312">
            <granPeriod duration="PT3600S" endTime="2021-08-19T12:00:00+08:00"/>
            <repPeriod duration="PT3600S"/>
            <measTypes>1542460308 1542460309 1542460310 1542460311 1542460312 1542460313 1542460314 1542460315 1542460316 1542460317 1542460318 1542460319 1542460320 1542460321 1542460322 1542460323 1542460324 1542460325 1542460326 1542460327 1542460328 1542460329 1542460330 1542460331 1542460332 </measTypes>
            <measValue measObjLdn="MMLG6272HUNB001/RSCGRP:Transmission Resource Group Bear Type=IP, Cabinet No.=0, Bearing Port No.=0, Bearing Port Type=ETH, Transmission Resource Group ID=AUTOPORT, Subboard Type=BASE_BOARD, Slot No.=7, Subrack No.=0">
                <measResults>20590 20186 20318 0 0 0 2 0 0 0 0 0 0 1880526 0 0 0 2 0 0 0 0 0 0 0 </measResults>
            </measValue>
            <measValue measObjLdn="MMLG6272HUNB001/RSCGRP:Transmission Resource Group Bear Type=IP, Cabinet No.=0, Bearing Port No.=1, Bearing Port Type=ETH, Transmission Resource Group ID=AUTOPORT, Subboard Type=BASE_BOARD, Slot No.=7, Subrack No.=0">
                <measResults>0 0 0 0 0 0 0 0 0 0 0 0 0 0 0 0 0 0 0 0 0 0 0 0 0 </measResults>
            </measValue>
        </measInfo>
        <measInfo measInfoId="1542455309">
            <granPeriod duration="PT3600S" endTime="2021-08-19T12:00:00+08:00"/>
            <repPeriod duration="PT3600S"/>
            <measTypes>1542455826 1542455827 1542455828 1542455829 1542455833 1542455834 1542455835 1542455836 1542455837 1542455838 1542455839 1542455840 1542455841 1542455842 1542455843 1542455844 1542455845 1542455846 1542455847 1542455848 </measTypes>
            <measValue measObjLdn="MMLG6272HUNB001/OMCH:Standby Status=MASTER, Bearer Type=IPV4">
                <measResults>677 172 0 0 0 0 0 0 0 516 0 0 659 0 0 0 0 596 0 63 </measResults>
            </measValue>
        </measInfo>
        <measInfo measInfoId="1542455815">
            <granPeriod duration="PT3600S" endTime="2021-08-19T12:00:00+08:00"/>
            <repPeriod duration="PT3600S"/>
            <measTypes>1542460340 1542460341 1542460342 1542460343 1542460496 1542460497 1542460498 1542460499 1542460500 1542460501 1542460502 1542460503 1542460504 1542460505 1542460506 1542460507 1542460510 </measTypes>
            <measValue measObjLdn="MMLG6272HUNB001/IKE:Board Type=UMPT, Cabinet No.=0, Subrack No.=0, Slot No.=7">
                <measResults>0 0 0 0 0 0 0 0 0 0 0 0 0 0 0 0 0 </measResults>
            </measValue>
        </measInfo>
        <measInfo measInfoId="1542455817">
            <granPeriod duration="PT3600S" endTime="2021-08-19T12:00:00+08:00"/>
            <repPeriod duration="PT3600S"/>
            <measTypes>1542460356 1542460357 1542460358 1542460359 1542460360 1542460361 1542460362 1542460363 1542460364 1542460365 1542460366 1542460367 1542460368 1542460369 1542460370 1542460371 1542460372 1542460373 1542460374 1542460375 1542460376 </measTypes>
            <measValue measObjLdn="MMLG6272HUNB001/SCTPLNK:Link No.=31">
                <measResults>3828053 8373524 69505 118993 0 29536 0 8506 27360 15480 18607 10553 107752 0 0 0 0 0 0 107752 10559 </measResults>
            </measValue>
            <measValue measObjLdn="MMLG6272HUNB001/SCTPLNK:Link No.=32">
                <measResults>6456809 7455086 226369 283559 0 38600 2032 14348 37504 3424 16566 103809 209058 0 0 0 0 0 0 209058 103809 </measResults>
            </measValue>
        </measInfo>
        <measInfo measInfoId="1542455818">
            <granPeriod duration="PT3600S" endTime="2021-08-19T12:00:00+08:00"/>
            <repPeriod duration="PT3600S"/>
            <measTypes>1542455526 1542455527 1542455528 1542455529 1542455530 1542455531 1542455532 1542455533 1542455534 1542455535 </measTypes>
            <measValue measObjLdn="MMLG6272HUNB001/USERPLANEHOST:User Plane Host ID=3">
                <measResults>6056704 9707099 515470956 3805887225 6231568 1145492 24226096 8457486 NIL NIL </measResults>
            </measValue>
        </measInfo>
        <measInfo measInfoId="1593835529">
            <granPeriod duration="PT3600S" endTime="2021-08-19T12:00:00+08:00"/>
            <repPeriod duration="PT3600S"/>
            <measTypes>1593835620 1593835628 1593835629 </measTypes>
            <measValue measObjLdn="MMLG6272HUNB001/NODE:NODE">
                <measResults>NIL 0.826 0 </measResults>
            </measValue>
        </measInfo>
        <measInfo measInfoId="1593835533">
            <granPeriod duration="PT3600S" endTime="2021-08-19T12:00:00+08:00"/>
            <repPeriod duration="PT3600S"/>
            <measTypes>1593835647 1593835648 1593835649 </measTypes>
            <measValue measObjLdn="MMLG6272HUNB001/NODE:NODE">
                <measResults>32275 32263 32277 </measResults>
            </measValue>
        </measInfo>
        <measInfo measInfoId="1593835531">
            <granPeriod duration="PT3600S" endTime="2021-08-19T12:00:00+08:00"/>
            <repPeriod duration="PT3600S"/>
            <measTypes>1593835630 1593835632 1593835633 1593835634 </measTypes>
            <measValue measObjLdn="MMLG6272HUNB001/BBUBoard:Board Type=UBBP, Cabinet No.=0, Subrack No.=0, Slot No.=2">
                <measResults>0 3 2 0 </measResults>
            </measValue>
            <measValue measObjLdn="MMLG6272HUNB001/BBUBoard:Board Type=UBBP, Cabinet No.=0, Subrack No.=0, Slot No.=3">
                <measResults>0 3 2 0 </measResults>
            </measValue>
            <measValue measObjLdn="MMLG6272HUNB001/BBUBoard:Board Type=UMPT, Cabinet No.=0, Subrack No.=0, Slot No.=7">
                <measResults>0 3 1 0 </measResults>
            </measValue>
        </measInfo>
        <measInfo measInfoId="1593835535">
            <granPeriod duration="PT3600S" endTime="2021-08-19T12:00:00+08:00"/>
            <repPeriod duration="PT3600S"/>
            <measTypes>1593835652 1593835653 1593835654 1593835655 1593835656 1593835657 1593835658 1593835659 1593835660 1593835661 1593835662 1593835663 1593835664 1593835665 1593835666 1593835667 1593835668 1593835669 1593835670 1593835671 </measTypes>
            <measValue measObjLdn="MMLG6272HUNB001/RADIOEQM:Cabinet No.=0, Subrack No.=60, Slot No.=0">
                <measResults>0 0 0 10 0 0 0 0 0 0 NIL NIL NIL NIL NIL NIL NIL NIL NIL NIL </measResults>
            </measValue>
            <measValue measObjLdn="MMLG6272HUNB001/RADIOEQM:Cabinet No.=0, Subrack No.=61, Slot No.=0">
                <measResults>0 0 0 15 0 0 0 0 0 0 NIL NIL NIL NIL NIL NIL NIL NIL NIL NIL </measResults>
            </measValue>
            <measValue measObjLdn="MMLG6272HUNB001/RADIOEQM:Cabinet No.=0, Subrack No.=62, Slot No.=0">
                <measResults>0 0 0 10 0 0 0 0 0 0 NIL NIL NIL NIL NIL NIL NIL NIL NIL NIL </measResults>
            </measValue>
            <measValue measObjLdn="MMLG6272HUNB001/RADIOEQM:Cabinet No.=0, Subrack No.=80, Slot No.=0">
                <measResults>NIL NIL NIL NIL NIL NIL NIL NIL NIL NIL 0 0 0 0 0 0 0 0 0 0 </measResults>
            </measValue>
            <measValue measObjLdn="MMLG6272HUNB001/RADIOEQM:Cabinet No.=0, Subrack No.=81, Slot No.=0">
                <measResults>NIL NIL NIL NIL NIL NIL NIL NIL NIL NIL 0 0 0 0 0 0 0 0 0 0 </measResults>
            </measValue>
            <measValue measObjLdn="MMLG6272HUNB001/RADIOEQM:Cabinet No.=0, Subrack No.=82, Slot No.=0">
                <measResults>NIL NIL NIL NIL NIL NIL NIL NIL NIL NIL 0 0 0 30 0 0 0 0 0 0 </measResults>
            </measValue>
        </measInfo>
        <measInfo measInfoId="1593835539">
            <granPeriod duration="PT3600S" endTime="2021-08-19T12:00:00+08:00"/>
            <repPeriod duration="PT3600S"/>
            <measTypes>1593835767 </measTypes>
            <measValue measObjLdn="MMLG6272HUNB001/RADIOEQM:Cabinet No.=0, Subrack No.=60, Slot No.=0">
                <measResults>3600 </measResults>
            </measValue>
            <measValue measObjLdn="MMLG6272HUNB001/RADIOEQM:Cabinet No.=0, Subrack No.=61, Slot No.=0">
                <measResults>3600 </measResults>
            </measValue>
            <measValue measObjLdn="MMLG6272HUNB001/RADIOEQM:Cabinet No.=0, Subrack No.=62, Slot No.=0">
                <measResults>3600 </measResults>
            </measValue>
            <measValue measObjLdn="MMLG6272HUNB001/RADIOEQM:Cabinet No.=0, Subrack No.=80, Slot No.=0">
                <measResults>3600 </measResults>
            </measValue>
            <measValue measObjLdn="MMLG6272HUNB001/RADIOEQM:Cabinet No.=0, Subrack No.=81, Slot No.=0">
                <measResults>3600 </measResults>
            </measValue>
            <measValue measObjLdn="MMLG6272HUNB001/RADIOEQM:Cabinet No.=0, Subrack No.=82, Slot No.=0">
                <measResults>3600 </measResults>
            </measValue>
        </measInfo>
        <measInfo measInfoId="1593835544">
            <granPeriod duration="PT3600S" endTime="2021-08-19T12:00:00+08:00"/>
            <repPeriod duration="PT3600S"/>
            <measTypes>1593835835 </measTypes>
            <measValue measObjLdn="MMLG6272HUNB001/BU:Cabinet No.=0, Subrack No.=0">
                <measResults>0.17714721 </measResults>
            </measValue>
        </measInfo>
        <measInfo measInfoId="1593835545">
            <granPeriod duration="PT3600S" endTime="2021-08-19T12:00:00+08:00"/>
            <repPeriod duration="PT3600S"/>
            <measTypes>1593835836 </measTypes>
            <measValue measObjLdn="MMLG6272HUNB001/BTSBoard:Cabinet No.=0, Subrack No.=60, Slot No.=0">
                <measResults>0.17102501 </measResults>
            </measValue>
            <measValue measObjLdn="MMLG6272HUNB001/BTSBoard:Cabinet No.=0, Subrack No.=61, Slot No.=0">
                <measResults>0.12343249 </measResults>
            </measValue>
            <measValue measObjLdn="MMLG6272HUNB001/BTSBoard:Cabinet No.=0, Subrack No.=62, Slot No.=0">
                <measResults>0.12451082 </measResults>
            </measValue>
            <measValue measObjLdn="MMLG6272HUNB001/BTSBoard:Cabinet No.=0, Subrack No.=80, Slot No.=0">
                <measResults>0.21428499 </measResults>
            </measValue>
            <measValue measObjLdn="MMLG6272HUNB001/BTSBoard:Cabinet No.=0, Subrack No.=81, Slot No.=0">
                <measResults>0.2161825 </measResults>
            </measValue>
            <measValue measObjLdn="MMLG6272HUNB001/BTSBoard:Cabinet No.=0, Subrack No.=82, Slot No.=0">
                <measResults>0.20709333 </measResults>
            </measValue>
        </measInfo>
        <measInfo measInfoId="50331648">
            <granPeriod duration="PT3600S" endTime="2021-08-19T12:00:00+08:00"/>
            <repPeriod duration="PT3600S"/>
            <measTypes>50331654 50331655 50331656 50331657 50331658 50331659 50331660 50331661 50331662 50331663 50331664 50331665 50331666 50331667 50331668 50331669 50331670 50331671 50331672 50331673 50331674 50331675 50331676 50331677 50331678 50331679 50331680 50331681 50331682 50331683 50331684 50331685 50331686 50331687 50331688 50331689 50331690 50331691 50331692 50331693 50331694 50331695 50331696 50331697 50331698 50331699 50331709 50331710 50331711 50331712 50331713 50331714 50331717 50331718 50331719 50331720 50331721 50331722 50331723 50331724 50331745 50331746 50331754 50331755 50331756 50331757 50331758 50331759 50331760 50331761 50331762 50331763 50331764 50331765 50331766 50331767 50331768 50331769 50331770 50331771 50331772 50331773 50331774 50331775 50331776 50331777 50331778 50331779 50331780 50331781 50331782 50331783 50331784 50331785 50331786 50331787 50331788 50331789 50331790 50331791 50331792 50331793 50331794 50331795 50331796 50331797 50331798 50331799 50331800 50331801 50331802 50331803 50331804 50331805 50331806 50331807 50331808 50331809 50331810 50331811 50331812 50331813 50331814 50331815 50331816 50331817 50331818 50331819 50331820 50331821 50331838 50331839 50331840 50332168 50332169 50332170 50332173 50332174 50332215 50332216 50332217 50341648 50341649 50341650 50341651 50341652 50341653 50341654 50341655 50341656 50341657 50341658 50341659 50341668 50341669 50341670 50341671 50341672 50341675 50341676 50341677 50341678 50341679 50341680 50341685 50341686 50341687 50341688 50341689 50341690 50341691 50341692 50341693 50341694 50341695 50341696 50341697 50341698 50341699 50341700 50341701 50341702 50341703 50341704 50341705 50341706 50341707 50341708 50341709 50341710 50341711 50341712 50341713 50341714 50341715 50341716 50341717 50341722 50341739 50341740 </measTypes>
            <measValue measObjLdn="MMLG6272HUNB001/ULoCell:NodeB Function Name=MMLG6272HUNB001, Local Cell ID=12151, Cell Name=MCISAU1">
                <measResults>183444 13435 36642 159440 18112 2809 2076 1007 0 0 0 0 0 0 3967 27639 8139 9606 16117 14885 28307 20254 30404 27168 30007 24081 25867 19976 18079 21429 13328 18576 16879 25533 24311 27808 33298 35152 33570 36604 44830 26680 7584 1574 622 304 973 211861 0 0 0 0 0 0 0 0 0 28310 204280 233563 269011 849615541 0 19198 1391 154 572 494 196 7083 5709 2467 4645 4587 7423 9784 17121 26178 29853 24111 18922 19554 14490 6954 4584 2868 2444 693 393 270 278 248 114 762 0 0 0 0 0 0 0 0 0 0 0 0 0 0 0 0 0 0 0 0 0 0 0 0 0 0 0 0 0 0 0 0 0 0 0 0 849559619 254810 27823 0 0 0 0 0 0 0 0 32 281 0 92 988 0 35 226 101 653 916 141 233546 3815371 0 254963 1656355 9 97 0 80 767 0 0 6 0 1.243 13.119 13.433 14 0 15 18 0 0 0 0 0 0 0 NIL 846 869 726 0 0 0 0 0 0 0 0 0 0 0 0 9540 0 0 </measResults>
            </measValue>
            <measValue measObjLdn="MMLG6272HUNB001/ULoCell:NodeB Function Name=MMLG6272HUNB001, Local Cell ID=12152, Cell Name=MCISAU2">
                <measResults>11213 621 5451 10036 747 198 132 100 0 0 0 0 0 0 923 473 243 206 294 373 473 364 729 793 1175 1405 1830 2278 2634 3904 3100 5088 4403 6196 5039 4791 5481 4103 3533 3013 4302 4224 3218 2042 1573 637 1426 16341 0 0 0 0 0 0 0 0 0 2850 13012 17288 19461 46616092 0 4275 1113 125 32 206 74 3831 475 356 398 682 1179 819 239 262 243 301 113 188 150 67 105 93 161 41 104 124 109 92 90 1187 0 0 0 0 0 0 0 0 0 0 0 0 0 0 0 0 0 0 0 0 0 0 0 0 0 0 0 0 0 0 0 0 0 0 0 0 46566877 19349 3613 0 0 0 0 0 0 0 0 2 171 0 2 235 0 8 201 7 192 298 10 12816 3712048 0 43007 1281600 0 88 0 2 440 0 0 5 0 0.031 3.314 13.56 14.088 0 1 3 0 0 0 0 0 0 0 NIL 856 869 793 0 0 0 0 0 0 0 0 0 0 0 0 19894 0 0 </measResults>
            </measValue>
            <measValue measObjLdn="MMLG6272HUNB001/ULoCell:NodeB Function Name=MMLG6272HUNB001, Local Cell ID=12153, Cell Name=MCISAU3">
                <measResults>7316 995 858 6272 915 80 26 23 0 0 0 0 0 0 131 840 422 746 1146 1746 3245 4007 4854 3707 3467 3262 4033 4020 3876 5239 3570 6028 5419 8380 7536 7732 8818 7792 5926 4531 3592 1462 561 216 139 56 594 8584 0 0 0 0 0 0 0 0 0 2729 5846 9169 12361 36417161 0 3617 168 10 20 126 19 715 131 217 82 110 164 197 113 181 68 199 80 81 185 107 225 220 281 195 253 299 219 278 219 388 0 0 0 0 0 0 0 0 0 0 0 0 0 0 0 0 0 0 0 0 0 0 0 0 0 0 0 0 0 0 0 0 0 0 0 0 36407020 12322 3493 0 0 0 0 0 0 0 0 1 53 0 2 194 0 4 174 7 272 264 6 9987 1405165 0 37830 1664500 0 8 0 1 167 0 0 0 0 0.027 2.718 13.522 14.105 0 1 2 0 0 0 0 0 0 0 NIL 852 870 766 0 0 0 0 0 0 0 0 0 0 0 0 15500 0 0 </measResults>
            </measValue>
            <measValue measObjLdn="MMLG6272HUNB001/ULoCell:NodeB Function Name=MMLG6272HUNB001, Local Cell ID=52151, Cell Name=MCISAN4">
                <measResults>1174489 105519 6652 1069121 104156 869 204 139 0 0 0 0 0 0 1013 246 948 104 99 226 427 507 806 1153 1889 2656 3923 5379 6465 10786 9746 16285 18208 32279 49984 51640 75111 68596 96037 103222 165547 103348 44318 16809 9071 8087 117339 1285141 0 0 0 0 0 0 0 0 0 1109981 59517 1286837 1378843 19510014866 0 18826 892 229 419 869 1174 6831 733 776 577 1945 1773 6473 1817 5260 2358 4424 4404 8137 13971 29333 49956 77154 117864 111455 160296 221766 166730 155842 67405 47063 0 0 0 0 0 0 0 0 0 0 0 0 0 0 0 0 0 0 0 0 0 0 0 0 0 0 0 0 0 0 0 0 0 0 0 0 19509979429 1261840 1402 0 0 0 0 0 0 0 0 178 284 0 677 1000 0 182 254 690 964 981 701 5387722 11468894 0 5492071 7685766 10 51 0 567 855 0 0 2 0 9.418 14 13.906 14 0 0 19 0 0 0 0 0 0 0 NIL 850 867 791 0 0 0 0 0 0 0 0 0 0 0 0 23574 0 0 </measResults>
            </measValue>
            <measValue measObjLdn="MMLG6272HUNB001/ULoCell:NodeB Function Name=MMLG6272HUNB001, Local Cell ID=52152, Cell Name=MCISAN5">
                <measResults>64500 11652 5750 53780 9321 963 300 136 0 0 0 0 0 0 1113 83 339 61 108 139 338 340 540 704 1259 2081 3787 5146 6950 14455 14346 20722 22668 26091 29053 26755 28871 21760 22849 14965 15847 10782 8237 8277 10104 5217 295 81336 0 0 0 0 0 0 0 0 0 35606 46028 81929 91989 439136575 0 9969 1466 188 257 943 743 5807 1172 889 1285 2250 2262 6779 2271 2542 2321 2154 1997 2412 2959 4069 4178 4469 5216 5992 3257 2955 489 315 31 223 0 0 0 0 0 0 0 0 0 0 0 0 0 0 0 0 0 0 0 0 0 0 0 0 0 0 0 0 0 0 0 0 0 0 0 0 439028815 84045 5460 0 0 0 0 0 0 0 0 11 259 0 28 990 0 16 234 40 581 703 46 121105 4157714 0 172269 2632717 2 82 0 25 800 0 0 2 0 0.389 13.274 13.789 14.114 0 2 9 0 0 0 0 0 0 0 NIL 855 870 788 0 0 0 0 0 0 0 0 0 0 0 0 19997 0 0 </measResults>
            </measValue>
            <measValue measObjLdn="MMLG6272HUNB001/ULoCell:NodeB Function Name=MMLG6272HUNB001, Local Cell ID=52153, Cell Name=MCISAN6">
                <measResults>115686 15352 4016 100390 14562 577 106 51 0 0 0 0 0 0 639 133 325 145 76 186 296 325 468 516 943 1017 1668 2935 4830 10776 13516 23101 16791 17004 12333 11710 16580 21311 20538 15527 11635 2034 516 236 20 58 123 135068 0 0 0 0 0 0 0 0 0 75074 59871 135068 142706 1045773864 0 5196 1416 305 106 731 814 3045 415 468 490 1450 1834 8189 2718 4064 4451 5041 6526 7414 8467 9971 12923 13160 14463 9149 7488 4075 354 205 35 83 0 0 0 0 0 0 0 0 0 0 0 0 0 0 0 0 0 0 0 0 0 0 0 0 0 0 0 0 0 0 0 0 0 0 0 0 1045617400 135021 2264 0 0 0 0 0 0 0 0 18 219 0 62 813 0 40 253 136 828 462 75 288495 4866757 0 624448 3846600 3 76 0 54 714 0 0 39 0 0.88 11.378 13.977 14.368 0 1 8 0 0 0 0 0 0 0 NIL 859 869 813 0 0 0 0 0 0 0 0 0 0 0 0 19681 0 0 </measResults>
            </measValue>
            <measValue measObjLdn="MMLG6272HUNB001/ULoCell:NodeB Function Name=MMLG6272HUNB001, Local Cell ID=62151, Cell Name=MCISAN1">
                <measResults>297595 33329 41373 260067 32985 2132 1162 1249 0 0 0 0 0 0 6229 702 913 370 358 667 1120 1308 2266 3056 5832 9118 15850 25560 35460 48751 52861 66577 67733 89441 98069 95001 105321 94294 96257 88392 117138 85133 60356 35497 32090 37283 59264 327587 0 0 0 0 0 0 0 0 0 148840 164262 372366 431988 2866943415 0 52639 4167 364 489 15827 1176 24083 3601 2200 1595 5716 5628 7800 4403 7211 5702 8695 9897 14016 22046 23664 25806 18832 16417 9203 7733 7309 4246 5549 6412 49463 0 0 0 0 0 0 0 0 0 0 0 0 0 0 0 0 0 0 0 0 0 0 0 0 0 0 0 0 0 0 0 0 0 0 0 0 2866722641 362252 18149 0 0 0 0 0 0 0 0 51 295 0 130 964 0 52 252 131 631 987 201 790000 9345024 0 800405 3930348 7 48 0 103 794 0 0 14 0 1.674 12.528 12.871 14 0 9 58 1 0 0 0 0 0 0 NIL 826 855 758 0 0 0 0 0 0 0 0 0 0 0 0 22702 0 0 </measResults>
            </measValue>
            <measValue measObjLdn="MMLG6272HUNB001/ULoCell:NodeB Function Name=MMLG6272HUNB001, Local Cell ID=62152, Cell Name=MCISAN2">
                <measResults>159972 26023 19615 131639 24484 2630 977 242 0 0 0 0 0 0 2565 147 822 112 129 204 319 442 816 1146 1788 2537 4595 6458 7270 10555 13387 18461 22752 28806 37055 44261 55991 67958 78395 75840 100812 97194 70967 28164 13554 6251 2734 204398 0 0 0 0 0 0 0 0 0 116734 86161 205629 214546 1376615207 0 24550 6911 269 242 1688 446 11146 1595 694 1000 2506 2866 5246 2236 3618 3572 5206 5681 8655 10067 12910 16082 11857 15220 14340 13126 13788 2961 5390 468 1186 0 0 0 0 0 0 0 0 0 0 0 0 0 0 0 0 0 0 0 0 0 0 0 0 0 0 0 0 0 0 0 0 0 0 0 0 1376286102 199543 6979 0 0 0 0 0 0 0 0 28 230 0 80 582 0 29 245 81 688 982 110 379916 2885480 62 386880 3453782 4 83 0 65 645 0 0 0 0 1.043 7.562 12.979 14 0.001 3 19 0 0 0 0 0 0 0 NIL 840 863 740 0 0 0 0 0 0 0 0 0 0 0 0 22527 0 0 </measResults>
            </measValue>
            <measValue measObjLdn="MMLG6272HUNB001/ULoCell:NodeB Function Name=MMLG6272HUNB001, Local Cell ID=62153, Cell Name=MCISAN3">
                <measResults>99430 16606 8461 82401 15410 1115 344 160 0 0 0 0 0 0 1278 366 379 302 234 461 749 851 1204 1369 2536 3125 4623 7216 9645 14989 15484 18793 16695 20015 18618 17535 19912 20985 18396 13611 15468 12446 7388 4408 1818 789 864 121691 0 0 0 0 0 0 0 0 0 51257 72401 124522 127930 750069709 0 7800 1274 144 150 676 337 4389 1691 801 1168 1622 2873 5244 4561 8184 8445 7206 6616 6282 7742 7889 7170 6364 10448 5885 4257 3209 640 545 347 548 0 0 0 0 0 0 0 0 0 0 0 0 0 0 0 0 0 0 0 0 0 0 0 0 0 0 0 0 0 0 0 0 0 0 0 0 749992334 123960 2078 0 0 0 0 0 0 0 0 17 258 0 53 1000 0 30 246 95 769 562 68 206805 7015666 0 367980 3041250 2 57 0 46 846 0 0 5 0 0.706 13.471 13.11 14 0 1 6 0 0 0 0 0 0 0 NIL 845 865 781 0 0 0 0 0 0 0 0 0 0 0 0 19111 0 0 </measResults>
            </measValue>
        </measInfo>
        <measInfo measInfoId="50331650">
            <granPeriod duration="PT3600S" endTime="2021-08-19T12:00:00+08:00"/>
            <repPeriod duration="PT3600S"/>
            <measTypes>50332548 50332549 50332550 50332554 50342548 50342549 50342550 50342554 50342612 50342613 50342615 50342616 </measTypes>
            <measValue measObjLdn="MMLG6272HUNB001/ULoCell:NodeB Function Name=MMLG6272HUNB001, Local Cell ID=12151, Cell Name=MCISAU1">
                <measResults>0 0 11.038 5.033 0 0 33 13 0 0 0 0 </measResults>
            </measValue>
            <measValue measObjLdn="MMLG6272HUNB001/ULoCell:NodeB Function Name=MMLG6272HUNB001, Local Cell ID=12152, Cell Name=MCISAU2">
                <measResults>0 0 3.652 2.701 0 0 43 7 0 0 0 0 </measResults>
            </measValue>
            <measValue measObjLdn="MMLG6272HUNB001/ULoCell:NodeB Function Name=MMLG6272HUNB001, Local Cell ID=12153, Cell Name=MCISAU3">
                <measResults>0 0 2.418 1.768 0 0 11.5 7 0 0 0 0 </measResults>
            </measValue>
            <measValue measObjLdn="MMLG6272HUNB001/ULoCell:NodeB Function Name=MMLG6272HUNB001, Local Cell ID=52151, Cell Name=MCISAN4">
                <measResults>0 0 7.678 3.306 0 0 20 10 0 0 0 0 </measResults>
            </measValue>
            <measValue measObjLdn="MMLG6272HUNB001/ULoCell:NodeB Function Name=MMLG6272HUNB001, Local Cell ID=52152, Cell Name=MCISAN5">
                <measResults>0 0 5.285 2.476 0 0 17.5 8 0 0 0 0 </measResults>
            </measValue>
            <measValue measObjLdn="MMLG6272HUNB001/ULoCell:NodeB Function Name=MMLG6272HUNB001, Local Cell ID=52153, Cell Name=MCISAN6">
                <measResults>0 0 2.134 0.939 0 0 10 5 0 0 0 0 </measResults>
            </measValue>
            <measValue measObjLdn="MMLG6272HUNB001/ULoCell:NodeB Function Name=MMLG6272HUNB001, Local Cell ID=62151, Cell Name=MCISAN1">
                <measResults>0 0 16.265 7.603 0 0 41 16 0 0 0 0 </measResults>
            </measValue>
            <measValue measObjLdn="MMLG6272HUNB001/ULoCell:NodeB Function Name=MMLG6272HUNB001, Local Cell ID=62152, Cell Name=MCISAN2">
                <measResults>0 0 11.997 6.225 0 0 23 13 0 0 0 0 </measResults>
            </measValue>
            <measValue measObjLdn="MMLG6272HUNB001/ULoCell:NodeB Function Name=MMLG6272HUNB001, Local Cell ID=62153, Cell Name=MCISAN3">
                <measResults>0 0 4.491 2.668 0 0 26 8 0 0 0 0 </measResults>
            </measValue>
        </measInfo>
        <measInfo measInfoId="50331651">
            <granPeriod duration="PT3600S" endTime="2021-08-19T12:00:00+08:00"/>
            <repPeriod duration="PT3600S"/>
            <measTypes>50331850 50331851 50331852 50331853 50331854 50331855 50331856 50331857 50331858 50331859 50331860 50331861 50331862 50331863 50331864 50331865 50331866 50331867 50331868 50331869 50331870 50331871 50331872 50331873 50331874 50331875 50331876 50331877 50331878 50331879 50331885 50331886 50331887 50331888 50331889 50331892 50331903 50331904 50331908 50331925 50331926 50331927 50331928 50331929 50331930 50331931 50331957 50331958 50331959 50331961 50331962 50331963 50331964 50331965 50331966 50331967 50331971 50331972 50331973 50331974 50331987 50331988 50331989 50331990 50331991 50331992 50331993 50331995 50332378 50332379 50332380 50332385 50332386 50332387 50332498 50332499 50332500 50332501 50332503 50332507 50332623 50332638 50341849 50341850 50341851 50341852 50341853 50341854 50341855 50341856 50341857 50341858 50341859 50341864 50341865 50341866 50341868 50341869 50341870 50341871 50341872 50341873 50341874 50341875 50341876 50341877 50341878 50341879 50341880 50341881 50341882 50341883 50341884 50341885 50341886 50341887 50341888 50341889 50341890 50341891 50341892 50341893 50341894 50341895 50341896 50341897 50341898 50341980 50341981 50341982 50341983 50341984 50341985 50341986 50341994 50361698 50361699 50361701 </measTypes>
            <measValue measObjLdn="MMLG6272HUNB001/ULoCell:NodeB Function Name=MMLG6272HUNB001, Local Cell ID=12151, Cell Name=MCISAU1">
                <measResults>1793614 5676 452 236 28 3 5 5 0 0 0 0 0 0 0 0 0 0 0 0 0 0 0 0 0 0 0 289415 1781437 579039 194218 67579 4006831 136471 36416 9 176 308 280385 0 0 0 0 0 0 0 0 0 0 0 0 0 0 0 0 0 4186 6336 1153 70242 2429 7528 13414 17787 23313 24565 3415 122719 135339 69277 43513 0.186 78113 61102 0 0 NIL NIL 0 0.142 0 0 60 0.451 4.201 0.013 0.088 3 0 0 0 51 0 33 26 0 NIL NIL 0.888 0.047 0 0 0 0 0 0 0 0 0 0 0 188969.219 1.575 0.071 0.036 0.015 0.021 0.004 0.001 0 0.702 0 0 104 NIL NIL 320 985.38 2945.694 5576.688 7950.756 9149.656 17103.48 3430.548 18268.139 0 NIL 0 </measResults>
            </measValue>
            <measValue measObjLdn="MMLG6272HUNB001/ULoCell:NodeB Function Name=MMLG6272HUNB001, Local Cell ID=12152, Cell Name=MCISAU2">
                <measResults>1798621 701 120 161 101 94 21 16 138 16 30 0 0 0 0 0 0 0 0 0 0 0 0 0 0 0 0 46250 773542 100799 34132 13029 908039 27695 9067 13 138 192 38005 37 0 0 0 0 0 0 0 0 0 18 0 0 0 0 0 0 1599 788 258 17664 48 210 221 1141 4348 6202 1481 26401 81407 18801 3944 0.026 75423 6720 0 0 NIL NIL 0 0.016 0 0 45 0.066 2.198 0.004 0.166 3 0 0 0 61 0 3 6 0 NIL NIL 0.238 0.003 0.001 0.001 0.001 0.003 88.128 0 0 0 0 0 0 86807.016 0.311 0.005 0.002 0.001 0.001 0 0 0 0.201 0 0 44 NIL NIL 318 44.4 89.406 41.94 292.068 19217.713 42802.488 8833.852 3671.374 0 NIL 0 </measResults>
            </measValue>
            <measValue measObjLdn="MMLG6272HUNB001/ULoCell:NodeB Function Name=MMLG6272HUNB001, Local Cell ID=12153, Cell Name=MCISAU3">
                <measResults>1798844 1053 76 16 13 4 3 4 8 0 0 0 0 0 0 0 0 0 0 0 0 0 0 0 0 0 0 121629 1375205 293393 104919 21050 1917681 28558 4484 7 128 133 72303 0 0 0 0 0 0 0 0 0 0 0 0 0 0 0 0 0 883 1237 181 11627 785 9728 4003 4377 9104 8116 248 35525 26913 11180 12264 0.084 12393 15338 0 0 NIL NIL 0 0.058 0 0 53 0.188 2.469 0.003 0.043 1 0 0 0 79 0 7 5 0 NIL NIL 0.53 0.03 0 0 0 0 0 0 0 0 0 0 0 100812.609 0.624 0.031 0.017 0.006 0.008 0.001 0 0 0.408 0 0 98 NIL NIL 346 261.06 1833.906 972.816 1170.372 3604.41 3511.808 90.816 4303.616 0 NIL 0 </measResults>
            </measValue>
            <measValue measObjLdn="MMLG6272HUNB001/ULoCell:NodeB Function Name=MMLG6272HUNB001, Local Cell ID=52151, Cell Name=MCISAN4">
                <measResults>1774576 12330 2695 1948 1775 1240 973 672 1102 727 537 439 357 320 150 109 41 4 2 4 6 0 0 1 0 2 24 432699 1799261 1052270 788356 265979 3737178 594116 87978 11 199 352 681894 1463 227 154 50 0 0 0 0 0 0 2305 423 270 50 0 0 0 26395 15645 9252 471288 67 121 673 9862 36440 94469 33099 162793 383746 466875 56093 0.268 304151 97848 0 0 NIL NIL 0 0.136 0 0 79 0.946 4.677 0.019 0.127 5 0 0 0 80 0 50 30 0 NIL NIL 1.547 0.215 0.003 0 0 0 2526.642 685.224 511.782 140.808 0 0 0 505855.219 1.065 0.093 0.033 0.018 0.029 0.009 0.004 0.001 0.936 0 0 107 NIL NIL 180 14.316 30.468 229.65 3381.36 21582.238 60284.078 21163.096 30260.873 0 NIL 0 </measResults>
            </measValue>
            <measValue measObjLdn="MMLG6272HUNB001/ULoCell:NodeB Function Name=MMLG6272HUNB001, Local Cell ID=52152, Cell Name=MCISAN5">
                <measResults>1781230 7438 3636 1684 1028 719 567 528 991 1017 637 184 147 97 72 13 9 4 0 1 3 3 1 0 0 0 13 527354 1587909 739461 194739 109228 2553912 115278 50979 6 334 212 212376 164 40 22 2 2 0 0 0 0 0 17 4 0 0 0 0 0 473 2754 1964 21404 20 180 1598 8567 52980 69609 2481 358791 60002 25398 40199 0.204 20723 41308 0 0 NIL NIL 0 0.174 0 0 145 0.594 4.695 0.012 0.108 9 0 0 0 80 0 32 39 0 NIL NIL 0.613 0.018 0 0 0 0 1.674 1.266 0 0 0 0 0 110428.188 1.248 0.068 0.028 0.015 0.012 0.002 0 0 0.533 0 0 19 NIL NIL 833 3.168 61.752 402.48 1689.798 11584.258 17396.408 1052.55 33858.613 0 NIL 0 </measResults>
            </measValue>
            <measValue measObjLdn="MMLG6272HUNB001/ULoCell:NodeB Function Name=MMLG6272HUNB001, Local Cell ID=52153, Cell Name=MCISAN6">
                <measResults>1785554 5206 2085 1654 1904 1068 641 277 372 432 315 153 116 85 36 30 12 3 1 2 5 5 0 2 0 55 75 160389 1310864 415288 168233 45070 1670978 97011 16675 9 140 187 186208 146 0 0 0 0 0 0 0 0 0 337 0 0 0 0 0 0 2430 12295 5557 28479 152 543 1056 13070 27664 27389 731 85871 73449 51022 29474 0.106 37311 38495 0 0 NIL NIL 0 0.064 0 0 73 0.291 2.428 0.006 0.112 6 0 0 0 80 0 8 9 0 NIL NIL 0.39 0.033 0.001 0 0 0 243.054 0 0 0 0 0 0 118643.523 0.698 0.051 0.016 0.009 0.014 0.003 0.001 0 0.306 0 0 139 NIL NIL 524 72.06 95.976 396.44 4074.206 13192.77 15093.092 542.556 21095.174 0 NIL 0 </measResults>
            </measValue>
            <measValue measObjLdn="MMLG6272HUNB001/ULoCell:NodeB Function Name=MMLG6272HUNB001, Local Cell ID=62151, Cell Name=MCISAN1">
                <measResults>306748 84160 95931 173724 244478 243376 192667 146423 175177 77514 33896 10584 4034 2068 1180 675 370 207 160 142 184 144 105 246 348 2973 4545 1322246 1792669 1512402 819183 212782 6427971 679343 146744 12 332 573 980619 586291 39248 11112 2417 1673 1034 541 5 0 4 1350990 98911 23040 2959 1783 921 63 56223 54426 44810 184795 242 1374 5837 58075 218807 367607 59987 1548867 621314 289075 202064 0.954 396000 241076 0 0 NIL NIL 0 0.772 0 0 138 1.735 4.798 0.052 0.174 18 0 0 0 84 0 165 123 2 NIL NIL 1.232 0.138 0.022 0.012 0.002 0.001 463418.469 107467.656 39351.395 3677.236 629.558 63.132 1.242 726803.563 3.464 0.239 0.076 0.034 0.047 0.016 0.008 0.003 1.025 0 1 47 NIL NIL 790 79.992 324.678 1167.306 10740.398 157854.688 261127.563 28158.008 400430.5 0 NIL 0 </measResults>
            </measValue>
            <measValue measObjLdn="MMLG6272HUNB001/ULoCell:NodeB Function Name=MMLG6272HUNB001, Local Cell ID=62152, Cell Name=MCISAN2">
                <measResults>820279 613467 187909 67610 30367 18852 11787 7475 9559 9472 9627 8209 1760 381 282 140 45 32 28 29 17 26 32 26 33 70 294 805263 1796256 931504 439148 153287 5991856 301484 66449 5 262 337 312497 24868 8825 3476 190 96 26 26 2 0 2 41510 15273 5904 120 52 47 47 23438 14415 4365 179693 44 123 611 8289 29294 63955 26438 270983 143185 112522 43684 0.236 95375 53111 0 0 NIL NIL 0 0.142 0 0 107 0.831 6.236 0.025 0.107 6 0 0 0 56 0 58 44 0 NIL NIL 1.672 0.047 0.002 0.001 0 0 10122.382 2136.442 888.552 5.13 2.136 2.118 2.118 225505.406 2.271 0.091 0.031 0.017 0.02 0.004 0.001 0 1.394 0 0 54 NIL NIL 484 35.784 52.476 169.212 2892.726 11904.104 30411.285 12498.588 24556.666 0 NIL 0 </measResults>
            </measValue>
            <measValue measObjLdn="MMLG6272HUNB001/ULoCell:NodeB Function Name=MMLG6272HUNB001, Local Cell ID=62153, Cell Name=MCISAN3">
                <measResults>391586 195518 257205 255723 224448 171493 116768 65457 57785 33757 14112 5668 2496 839 468 255 164 118 85 97 196 167 2958 68 31 52 3786 648227 1739305 957418 386893 101913 3979931 124715 27561 7 168 269 206570 167362 11801 5819 1340 1062 927 623 0 0 0 252450 14326 6555 1041 550 424 218 16394 14848 2819 39550 131 572 2020 14428 26691 30785 8989 162870 64235 41939 33962 0.376 23660 43034 0 0 NIL NIL 0 0.308 0 0 119 0.796 4.077 0.011 0.072 6 0 0 0 80 0 20 17 2 NIL NIL 0.833 0.04 0.002 0 0 0 43660.734 1580.348 669.33 140.304 60.03 38.46 13.674 222208.703 1.915 0.121 0.042 0.02 0.024 0.006 0.002 0 0.664 0 0 37 NIL NIL 624 40.956 141.444 410.706 3858.084 9288.422 11822.976 2637.424 20639.385 0 NIL 0 </measResults>
            </measValue>
        </measInfo>
        <measInfo measInfoId="50331653">
            <granPeriod duration="PT3600S" endTime="2021-08-19T12:00:00+08:00"/>
            <repPeriod duration="PT3600S"/>
            <measTypes>50331748 50331749 50331750 50331751 50331752 50331753 50361697 </measTypes>
            <measValue measObjLdn="MMLG6272HUNB001/ULoCell:NodeB Function Name=MMLG6272HUNB001, Local Cell ID=12151, Cell Name=MCISAU1">
                <measResults>0.146 0.126 0.146 0.118 0 0 0.498 </measResults>
            </measValue>
            <measValue measObjLdn="MMLG6272HUNB001/ULoCell:NodeB Function Name=MMLG6272HUNB001, Local Cell ID=12152, Cell Name=MCISAU2">
                <measResults>0.156 0.133 0.156 0.119 0 0 0.493 </measResults>
            </measValue>
            <measValue measObjLdn="MMLG6272HUNB001/ULoCell:NodeB Function Name=MMLG6272HUNB001, Local Cell ID=12153, Cell Name=MCISAU3">
                <measResults>0.022 0.017 0.022 0.015 0 0 0.278 </measResults>
            </measValue>
            <measValue measObjLdn="MMLG6272HUNB001/ULoCell:NodeB Function Name=MMLG6272HUNB001, Local Cell ID=52151, Cell Name=MCISAN4">
                <measResults>0.143 0.119 0.143 0.114 0 0 0.097 </measResults>
            </measValue>
            <measValue measObjLdn="MMLG6272HUNB001/ULoCell:NodeB Function Name=MMLG6272HUNB001, Local Cell ID=52152, Cell Name=MCISAN5">
                <measResults>0.29 0.239 0.29 0.225 0 0 0.085 </measResults>
            </measValue>
            <measValue measObjLdn="MMLG6272HUNB001/ULoCell:NodeB Function Name=MMLG6272HUNB001, Local Cell ID=52153, Cell Name=MCISAN6">
                <measResults>0.072 0.057 0.072 0.049 0 0 0.029 </measResults>
            </measValue>
            <measValue measObjLdn="MMLG6272HUNB001/ULoCell:NodeB Function Name=MMLG6272HUNB001, Local Cell ID=62151, Cell Name=MCISAN1">
                <measResults>0.515 0.401 0.515 0.344 0 0 0.361 </measResults>
            </measValue>
            <measValue measObjLdn="MMLG6272HUNB001/ULoCell:NodeB Function Name=MMLG6272HUNB001, Local Cell ID=62152, Cell Name=MCISAN2">
                <measResults>0.438 0.379 0.438 0.36 0 0 0.416 </measResults>
            </measValue>
            <measValue measObjLdn="MMLG6272HUNB001/ULoCell:NodeB Function Name=MMLG6272HUNB001, Local Cell ID=62153, Cell Name=MCISAN3">
                <measResults>0.065 0.053 0.065 0.051 0 0 0.229 </measResults>
            </measValue>
        </measInfo>
        <measInfo measInfoId="50331658">
            <granPeriod duration="PT3600S" endTime="2021-08-19T12:00:00+08:00"/>
            <repPeriod duration="PT3600S"/>
            <measTypes>50332250 50332251 50332410 50332411 </measTypes>
            <measValue measObjLdn="MMLG6272HUNB001/ULoCell:NodeB Function Name=MMLG6272HUNB001, Local Cell ID=12151, Cell Name=MCISAU1">
                <measResults>0 0 0 0 </measResults>
            </measValue>
            <measValue measObjLdn="MMLG6272HUNB001/ULoCell:NodeB Function Name=MMLG6272HUNB001, Local Cell ID=12152, Cell Name=MCISAU2">
                <measResults>0 0 0 0 </measResults>
            </measValue>
            <measValue measObjLdn="MMLG6272HUNB001/ULoCell:NodeB Function Name=MMLG6272HUNB001, Local Cell ID=12153, Cell Name=MCISAU3">
                <measResults>0 0 0 0 </measResults>
            </measValue>
            <measValue measObjLdn="MMLG6272HUNB001/ULoCell:NodeB Function Name=MMLG6272HUNB001, Local Cell ID=52151, Cell Name=MCISAN4">
                <measResults>0 0 0 0 </measResults>
            </measValue>
            <measValue measObjLdn="MMLG6272HUNB001/ULoCell:NodeB Function Name=MMLG6272HUNB001, Local Cell ID=52152, Cell Name=MCISAN5">
                <measResults>0 0 0 0 </measResults>
            </measValue>
            <measValue measObjLdn="MMLG6272HUNB001/ULoCell:NodeB Function Name=MMLG6272HUNB001, Local Cell ID=52153, Cell Name=MCISAN6">
                <measResults>0 0 0 0 </measResults>
            </measValue>
            <measValue measObjLdn="MMLG6272HUNB001/ULoCell:NodeB Function Name=MMLG6272HUNB001, Local Cell ID=62151, Cell Name=MCISAN1">
                <measResults>0 0 0 0 </measResults>
            </measValue>
            <measValue measObjLdn="MMLG6272HUNB001/ULoCell:NodeB Function Name=MMLG6272HUNB001, Local Cell ID=62152, Cell Name=MCISAN2">
                <measResults>0 0 0 0 </measResults>
            </measValue>
            <measValue measObjLdn="MMLG6272HUNB001/ULoCell:NodeB Function Name=MMLG6272HUNB001, Local Cell ID=62153, Cell Name=MCISAN3">
                <measResults>0 0 0 0 </measResults>
            </measValue>
        </measInfo>
        <measInfo measInfoId="50331660">
            <granPeriod duration="PT3600S" endTime="2021-08-19T12:00:00+08:00"/>
            <repPeriod duration="PT3600S"/>
            <measTypes>50361670 50361671 50361672 50361673 </measTypes>
            <measValue measObjLdn="MMLG6272HUNB001/ULoCell:NodeB Function Name=MMLG6272HUNB001, Local Cell ID=12151, Cell Name=MCISAU1">
                <measResults>0 0 0 0 </measResults>
            </measValue>
            <measValue measObjLdn="MMLG6272HUNB001/ULoCell:NodeB Function Name=MMLG6272HUNB001, Local Cell ID=12152, Cell Name=MCISAU2">
                <measResults>0 0 0 0 </measResults>
            </measValue>
            <measValue measObjLdn="MMLG6272HUNB001/ULoCell:NodeB Function Name=MMLG6272HUNB001, Local Cell ID=12153, Cell Name=MCISAU3">
                <measResults>0 0 0 0 </measResults>
            </measValue>
            <measValue measObjLdn="MMLG6272HUNB001/ULoCell:NodeB Function Name=MMLG6272HUNB001, Local Cell ID=52151, Cell Name=MCISAN4">
                <measResults>0 0 0 0 </measResults>
            </measValue>
            <measValue measObjLdn="MMLG6272HUNB001/ULoCell:NodeB Function Name=MMLG6272HUNB001, Local Cell ID=52152, Cell Name=MCISAN5">
                <measResults>0 0 0 0 </measResults>
            </measValue>
            <measValue measObjLdn="MMLG6272HUNB001/ULoCell:NodeB Function Name=MMLG6272HUNB001, Local Cell ID=52153, Cell Name=MCISAN6">
                <measResults>0 0 0 0 </measResults>
            </measValue>
            <measValue measObjLdn="MMLG6272HUNB001/ULoCell:NodeB Function Name=MMLG6272HUNB001, Local Cell ID=62151, Cell Name=MCISAN1">
                <measResults>0 0 0 0 </measResults>
            </measValue>
            <measValue measObjLdn="MMLG6272HUNB001/ULoCell:NodeB Function Name=MMLG6272HUNB001, Local Cell ID=62152, Cell Name=MCISAN2">
                <measResults>0 0 0 0 </measResults>
            </measValue>
            <measValue measObjLdn="MMLG6272HUNB001/ULoCell:NodeB Function Name=MMLG6272HUNB001, Local Cell ID=62153, Cell Name=MCISAN3">
                <measResults>0 0 0 0 </measResults>
            </measValue>
        </measInfo>
        <measInfo measInfoId="50331661">
            <granPeriod duration="PT3600S" endTime="2021-08-19T12:00:00+08:00"/>
            <repPeriod duration="PT3600S"/>
            <measTypes>50332048 50332049 50332050 50332051 </measTypes>
            <measValue measObjLdn="MMLG6272HUNB001/ULoCell:NodeB Function Name=MMLG6272HUNB001, Local Cell ID=12151, Cell Name=MCISAU1">
                <measResults>5090 0 164244 0 </measResults>
            </measValue>
            <measValue measObjLdn="MMLG6272HUNB001/ULoCell:NodeB Function Name=MMLG6272HUNB001, Local Cell ID=12152, Cell Name=MCISAU2">
                <measResults>2870 0 164100 0 </measResults>
            </measValue>
            <measValue measObjLdn="MMLG6272HUNB001/ULoCell:NodeB Function Name=MMLG6272HUNB001, Local Cell ID=12153, Cell Name=MCISAU3">
                <measResults>2031 0 164135 0 </measResults>
            </measValue>
            <measValue measObjLdn="MMLG6272HUNB001/ULoCell:NodeB Function Name=MMLG6272HUNB001, Local Cell ID=52151, Cell Name=MCISAN4">
                <measResults>11091 0 164542 0 </measResults>
            </measValue>
            <measValue measObjLdn="MMLG6272HUNB001/ULoCell:NodeB Function Name=MMLG6272HUNB001, Local Cell ID=52152, Cell Name=MCISAN5">
                <measResults>12485 0 164408 0 </measResults>
            </measValue>
            <measValue measObjLdn="MMLG6272HUNB001/ULoCell:NodeB Function Name=MMLG6272HUNB001, Local Cell ID=52153, Cell Name=MCISAN6">
                <measResults>6757 0 164509 0 </measResults>
            </measValue>
            <measValue measObjLdn="MMLG6272HUNB001/ULoCell:NodeB Function Name=MMLG6272HUNB001, Local Cell ID=62151, Cell Name=MCISAN1">
                <measResults>34920 0 165359 0 </measResults>
            </measValue>
            <measValue measObjLdn="MMLG6272HUNB001/ULoCell:NodeB Function Name=MMLG6272HUNB001, Local Cell ID=62152, Cell Name=MCISAN2">
                <measResults>15174 0 164421 0 </measResults>
            </measValue>
            <measValue measObjLdn="MMLG6272HUNB001/ULoCell:NodeB Function Name=MMLG6272HUNB001, Local Cell ID=62153, Cell Name=MCISAN3">
                <measResults>7947 0 164467 0 </measResults>
            </measValue>
        </measInfo>
        <measInfo measInfoId="50331662">
            <granPeriod duration="PT3600S" endTime="2021-08-19T12:00:00+08:00"/>
            <repPeriod duration="PT3600S"/>
            <measTypes>50332052 50332053 50332054 50332070 50332505 </measTypes>
            <measValue measObjLdn="MMLG6272HUNB001/ULoCell:NodeB Function Name=MMLG6272HUNB001, Local Cell ID=12151, Cell Name=MCISAU1">
                <measResults>0 41 331114 0 0 </measResults>
            </measValue>
            <measValue measObjLdn="MMLG6272HUNB001/ULoCell:NodeB Function Name=MMLG6272HUNB001, Local Cell ID=12152, Cell Name=MCISAU2">
                <measResults>0 63 339243 0 0 </measResults>
            </measValue>
            <measValue measObjLdn="MMLG6272HUNB001/ULoCell:NodeB Function Name=MMLG6272HUNB001, Local Cell ID=12153, Cell Name=MCISAU3">
                <measResults>1 78 326220 0 0 </measResults>
            </measValue>
            <measValue measObjLdn="MMLG6272HUNB001/ULoCell:NodeB Function Name=MMLG6272HUNB001, Local Cell ID=52151, Cell Name=MCISAN4">
                <measResults>0 43 112609 0 0 </measResults>
            </measValue>
            <measValue measObjLdn="MMLG6272HUNB001/ULoCell:NodeB Function Name=MMLG6272HUNB001, Local Cell ID=52152, Cell Name=MCISAN5">
                <measResults>0 76 163076 0 0 </measResults>
            </measValue>
            <measValue measObjLdn="MMLG6272HUNB001/ULoCell:NodeB Function Name=MMLG6272HUNB001, Local Cell ID=52153, Cell Name=MCISAN6">
                <measResults>0 25 76519 0 0 </measResults>
            </measValue>
            <measValue measObjLdn="MMLG6272HUNB001/ULoCell:NodeB Function Name=MMLG6272HUNB001, Local Cell ID=62151, Cell Name=MCISAN1">
                <measResults>29 115 476071 0 0 </measResults>
            </measValue>
            <measValue measObjLdn="MMLG6272HUNB001/ULoCell:NodeB Function Name=MMLG6272HUNB001, Local Cell ID=62152, Cell Name=MCISAN2">
                <measResults>1 112 501577 0 0 </measResults>
            </measValue>
            <measValue measObjLdn="MMLG6272HUNB001/ULoCell:NodeB Function Name=MMLG6272HUNB001, Local Cell ID=62153, Cell Name=MCISAN3">
                <measResults>26 102 444103 0 0 </measResults>
            </measValue>
        </measInfo>
        <measInfo measInfoId="50331663">
            <granPeriod duration="PT3600S" endTime="2021-08-19T12:00:00+08:00"/>
            <repPeriod duration="PT3600S"/>
            <measTypes>50331917 50332061 50332064 50332065 50332069 50332071 50332072 50332073 50332074 50332079 50332258 50332388 50332389 50332504 50332626 50332632 50332639 50332640 50332641 50332645 50342048 50342049 50342050 50342051 50361705 50361706 50361725 50361726 50361735 50361740 50361743 50361744 50361747 50361749 50361751 50361753 50361755 50361757 50361759 50361761 50361763 50361765 50361767 50361769 50361771 50361773 50361775 50361777 50361779 50361781 50361783 50361785 50361787 50361789 50361791 50361793 50361795 </measTypes>
            <measValue measObjLdn="MMLG6272HUNB001/ULoCell:NodeB Function Name=MMLG6272HUNB001, Local Cell ID=12151, Cell Name=MCISAU1">
                <measResults>982.118 0 256 0 0 0 0 0 0 0 0 0 0.781 0 0 0 0 0 NIL 0 6 52.489 0 0 0 0 0 NIL NIL NIL NIL NIL NIL NIL NIL NIL NIL NIL NIL NIL NIL NIL NIL NIL NIL NIL NIL NIL NIL NIL NIL NIL NIL NIL NIL NIL NIL </measResults>
            </measValue>
            <measValue measObjLdn="MMLG6272HUNB001/ULoCell:NodeB Function Name=MMLG6272HUNB001, Local Cell ID=12152, Cell Name=MCISAU2">
                <measResults>973.99 0 256 0 0 0 0 0 0 0 0 0 0.09 0 0 0 0 0 NIL 0 7 31.002 0 0 0 0 0 NIL NIL NIL NIL NIL NIL NIL NIL NIL NIL NIL NIL NIL NIL NIL NIL NIL NIL NIL NIL NIL NIL NIL NIL NIL NIL NIL NIL NIL NIL </measResults>
            </measValue>
            <measValue measObjLdn="MMLG6272HUNB001/ULoCell:NodeB Function Name=MMLG6272HUNB001, Local Cell ID=12153, Cell Name=MCISAU3">
                <measResults>939.694 0 252 0 0 0 0 0 0 0 0 0 0.208 0 0 0 0 0 NIL 0 29 30.823 0 0 0 0 0 NIL NIL NIL NIL NIL NIL NIL NIL NIL NIL NIL NIL NIL NIL NIL NIL NIL NIL NIL NIL NIL NIL NIL NIL NIL NIL NIL NIL NIL NIL </measResults>
            </measValue>
            <measValue measObjLdn="MMLG6272HUNB001/ULoCell:NodeB Function Name=MMLG6272HUNB001, Local Cell ID=52151, Cell Name=MCISAN4">
                <measResults>987.809 2 256 0 0 0 0 0 0 0 0 0 1.162 0 0 0 3600 0 NIL 0 48 178.042 0 0 0 0 0 NIL NIL NIL NIL NIL NIL NIL NIL NIL NIL NIL NIL NIL NIL NIL NIL NIL NIL NIL NIL NIL NIL NIL NIL NIL NIL NIL NIL NIL NIL </measResults>
            </measValue>
            <measValue measObjLdn="MMLG6272HUNB001/ULoCell:NodeB Function Name=MMLG6272HUNB001, Local Cell ID=52152, Cell Name=MCISAN5">
                <measResults>966.526 0 256 0 0 0 0 0 0 0 0 0 0.455 0 0 0 3600 0 NIL 0 36 33.897 0 0 0 0 0 NIL NIL NIL NIL NIL NIL NIL NIL NIL NIL NIL NIL NIL NIL NIL NIL NIL NIL NIL NIL NIL NIL NIL NIL NIL NIL NIL NIL NIL NIL </measResults>
            </measValue>
            <measValue measObjLdn="MMLG6272HUNB001/ULoCell:NodeB Function Name=MMLG6272HUNB001, Local Cell ID=52153, Cell Name=MCISAN6">
                <measResults>844.032 0 256 0 0 0 0 0 0 0 0 0 0.322 550 0 0 3600 0 NIL 0 9 38.577 0 0 0 0 0 NIL NIL NIL NIL NIL NIL NIL NIL NIL NIL NIL NIL NIL NIL NIL NIL NIL NIL NIL NIL NIL NIL NIL NIL NIL NIL NIL NIL NIL NIL </measResults>
            </measValue>
            <measValue measObjLdn="MMLG6272HUNB001/ULoCell:NodeB Function Name=MMLG6272HUNB001, Local Cell ID=62151, Cell Name=MCISAN1">
                <measResults>995.84 3 256 0 0 0 0 0 0 0 0 0 1.902 550 0 0 0 0 NIL 0 33 65.432 0 0 0 0 0 NIL NIL NIL NIL NIL NIL NIL NIL NIL NIL NIL NIL NIL NIL NIL NIL NIL NIL NIL NIL NIL NIL NIL NIL NIL NIL NIL NIL NIL NIL </measResults>
            </measValue>
            <measValue measObjLdn="MMLG6272HUNB001/ULoCell:NodeB Function Name=MMLG6272HUNB001, Local Cell ID=62152, Cell Name=MCISAN2">
                <measResults>976.316 2 256 0 0 0 0 0 0 0 0 0 0.99 12.5 0 0 0 0 NIL 0 45 53.378 0 0 0 0 0 NIL NIL NIL NIL NIL NIL NIL NIL NIL NIL NIL NIL NIL NIL NIL NIL NIL NIL NIL NIL NIL NIL NIL NIL NIL NIL NIL NIL NIL NIL </measResults>
            </measValue>
            <measValue measObjLdn="MMLG6272HUNB001/ULoCell:NodeB Function Name=MMLG6272HUNB001, Local Cell ID=62153, Cell Name=MCISAN3">
                <measResults>926.762 0 256 0 0 0 0 0 0 0 0 0 0.702 383.333 0 0 0 0 NIL 0 44 47.127 0 0 0 0 0 NIL NIL NIL NIL NIL NIL NIL NIL NIL NIL NIL NIL NIL NIL NIL NIL NIL NIL NIL NIL NIL NIL NIL NIL NIL NIL NIL NIL NIL NIL </measResults>
            </measValue>
        </measInfo>
        <measInfo measInfoId="50331665">
            <granPeriod duration="PT3600S" endTime="2021-08-19T12:00:00+08:00"/>
            <repPeriod duration="PT3600S"/>
            <measTypes>50331740 50331741 50331742 50331743 50331744 50331909 50331910 50331911 50331912 50331913 50332381 50332382 50332576 50332577 </measTypes>
            <measValue measObjLdn="MMLG6272HUNB001/ULoCell:NodeB Function Name=MMLG6272HUNB001, Local Cell ID=12151, Cell Name=MCISAU1">
                <measResults>0 0 0 0 0 0 0 0 0 0 0 0 0 0 </measResults>
            </measValue>
            <measValue measObjLdn="MMLG6272HUNB001/ULoCell:NodeB Function Name=MMLG6272HUNB001, Local Cell ID=12152, Cell Name=MCISAU2">
                <measResults>0 0 0 0 0 0 0 0 0 0 0 0 0 0 </measResults>
            </measValue>
            <measValue measObjLdn="MMLG6272HUNB001/ULoCell:NodeB Function Name=MMLG6272HUNB001, Local Cell ID=12153, Cell Name=MCISAU3">
                <measResults>0 0 0 0 0 0 0 0 0 0 0 0 0 0 </measResults>
            </measValue>
            <measValue measObjLdn="MMLG6272HUNB001/ULoCell:NodeB Function Name=MMLG6272HUNB001, Local Cell ID=52151, Cell Name=MCISAN4">
                <measResults>0 0 0 0 0 0 0 0 0 0 0 0 0 0 </measResults>
            </measValue>
            <measValue measObjLdn="MMLG6272HUNB001/ULoCell:NodeB Function Name=MMLG6272HUNB001, Local Cell ID=52152, Cell Name=MCISAN5">
                <measResults>0 0 0 0 0 0 0 0 0 0 0 0 0 0 </measResults>
            </measValue>
            <measValue measObjLdn="MMLG6272HUNB001/ULoCell:NodeB Function Name=MMLG6272HUNB001, Local Cell ID=52153, Cell Name=MCISAN6">
                <measResults>0 0 0 0 0 0 0 0 0 0 0 0 0 0 </measResults>
            </measValue>
            <measValue measObjLdn="MMLG6272HUNB001/ULoCell:NodeB Function Name=MMLG6272HUNB001, Local Cell ID=62151, Cell Name=MCISAN1">
                <measResults>0 0 0 0 0 0 0 0 0 0 0 0 0 0 </measResults>
            </measValue>
            <measValue measObjLdn="MMLG6272HUNB001/ULoCell:NodeB Function Name=MMLG6272HUNB001, Local Cell ID=62152, Cell Name=MCISAN2">
                <measResults>0 0 0 0 0 0 0 0 0 0 0 0 0 0 </measResults>
            </measValue>
            <measValue measObjLdn="MMLG6272HUNB001/ULoCell:NodeB Function Name=MMLG6272HUNB001, Local Cell ID=62153, Cell Name=MCISAN3">
                <measResults>0 0 0 0 0 0 0 0 0 0 0 0 0 0 </measResults>
            </measValue>
        </measInfo>
        <measInfo measInfoId="50331673">
            <granPeriod duration="PT3600S" endTime="2021-08-19T12:00:00+08:00"/>
            <repPeriod duration="PT3600S"/>
            <measTypes>50332055 50332056 50332057 50332058 50332059 50332060 50332278 50332279 50332280 50332281 50332282 50332283 50332284 50332285 50332286 50361648 50361649 50361650 50361651 </measTypes>
            <measValue measObjLdn="MMLG6272HUNB001/ULoCell:NodeB Function Name=MMLG6272HUNB001, Local Cell ID=12151, Cell Name=MCISAU1">
                <measResults>8 7 3 0 0 0 7 7 2 5 6 0 0 7 5 0 0 0 0 </measResults>
            </measValue>
            <measValue measObjLdn="MMLG6272HUNB001/ULoCell:NodeB Function Name=MMLG6272HUNB001, Local Cell ID=12152, Cell Name=MCISAU2">
                <measResults>1 6 2 0 0 0 10 8 0 0 0 0 0 0 3 0 0 0 0 </measResults>
            </measValue>
            <measValue measObjLdn="MMLG6272HUNB001/ULoCell:NodeB Function Name=MMLG6272HUNB001, Local Cell ID=12153, Cell Name=MCISAU3">
                <measResults>3 7 2 0 0 0 35 38 3 7 8 0 0 5 6 0 0 0 0 </measResults>
            </measValue>
            <measValue measObjLdn="MMLG6272HUNB001/ULoCell:NodeB Function Name=MMLG6272HUNB001, Local Cell ID=52151, Cell Name=MCISAN4">
                <measResults>7 4 0 0 0 0 3 3 4 7 22 0 5 11 31 0 0 0 0 </measResults>
            </measValue>
            <measValue measObjLdn="MMLG6272HUNB001/ULoCell:NodeB Function Name=MMLG6272HUNB001, Local Cell ID=52152, Cell Name=MCISAN5">
                <measResults>4 2 1 0 0 0 6 5 1 4 3 0 0 5 3 0 0 0 0 </measResults>
            </measValue>
            <measValue measObjLdn="MMLG6272HUNB001/ULoCell:NodeB Function Name=MMLG6272HUNB001, Local Cell ID=52153, Cell Name=MCISAN6">
                <measResults>4 1 0 0 0 0 0 0 0 1 1 0 0 2 1 0 0 0 0 </measResults>
            </measValue>
            <measValue measObjLdn="MMLG6272HUNB001/ULoCell:NodeB Function Name=MMLG6272HUNB001, Local Cell ID=62151, Cell Name=MCISAN1">
                <measResults>17 9 5 0 0 0 19 17 6 16 10 2 3 28 39 0 0 0 0 </measResults>
            </measValue>
            <measValue measObjLdn="MMLG6272HUNB001/ULoCell:NodeB Function Name=MMLG6272HUNB001, Local Cell ID=62152, Cell Name=MCISAN2">
                <measResults>8 8 4 0 0 0 20 18 3 10 11 1 1 10 9 0 0 0 0 </measResults>
            </measValue>
            <measValue measObjLdn="MMLG6272HUNB001/ULoCell:NodeB Function Name=MMLG6272HUNB001, Local Cell ID=62153, Cell Name=MCISAN3">
                <measResults>8 6 3 0 0 0 11 13 1 5 2 0 0 6 3 0 0 0 0 </measResults>
            </measValue>
        </measInfo>
        <measInfo measInfoId="50331674">
            <granPeriod duration="PT3600S" endTime="2021-08-19T12:00:00+08:00"/>
            <repPeriod duration="PT3600S"/>
            <measTypes>50332161 50332162 50332163 50332164 50332165 50341718 50341719 50341720 50341721 </measTypes>
            <measValue measObjLdn="MMLG6272HUNB001/ULoCell:NodeB Function Name=MMLG6272HUNB001, Local Cell ID=12151, Cell Name=MCISAU1">
                <measResults>0 0 0 0 0 0 0 0 0 </measResults>
            </measValue>
            <measValue measObjLdn="MMLG6272HUNB001/ULoCell:NodeB Function Name=MMLG6272HUNB001, Local Cell ID=12152, Cell Name=MCISAU2">
                <measResults>0 0 0 0 0 0 0 0 0 </measResults>
            </measValue>
            <measValue measObjLdn="MMLG6272HUNB001/ULoCell:NodeB Function Name=MMLG6272HUNB001, Local Cell ID=12153, Cell Name=MCISAU3">
                <measResults>0 0 0 0 0 0 0 0 0 </measResults>
            </measValue>
            <measValue measObjLdn="MMLG6272HUNB001/ULoCell:NodeB Function Name=MMLG6272HUNB001, Local Cell ID=52151, Cell Name=MCISAN4">
                <measResults>0 0 0 0 0 0 0 0 0 </measResults>
            </measValue>
            <measValue measObjLdn="MMLG6272HUNB001/ULoCell:NodeB Function Name=MMLG6272HUNB001, Local Cell ID=52152, Cell Name=MCISAN5">
                <measResults>0 0 0 0 0 0 0 0 0 </measResults>
            </measValue>
            <measValue measObjLdn="MMLG6272HUNB001/ULoCell:NodeB Function Name=MMLG6272HUNB001, Local Cell ID=52153, Cell Name=MCISAN6">
                <measResults>0 0 0 0 0 0 0 0 0 </measResults>
            </measValue>
            <measValue measObjLdn="MMLG6272HUNB001/ULoCell:NodeB Function Name=MMLG6272HUNB001, Local Cell ID=62151, Cell Name=MCISAN1">
                <measResults>0 0 0 0 0 0 0 0 0 </measResults>
            </measValue>
            <measValue measObjLdn="MMLG6272HUNB001/ULoCell:NodeB Function Name=MMLG6272HUNB001, Local Cell ID=62152, Cell Name=MCISAN2">
                <measResults>0 0 0 0 0 0 0 0 0 </measResults>
            </measValue>
            <measValue measObjLdn="MMLG6272HUNB001/ULoCell:NodeB Function Name=MMLG6272HUNB001, Local Cell ID=62153, Cell Name=MCISAN3">
                <measResults>0 0 0 0 0 0 0 0 0 </measResults>
            </measValue>
        </measInfo>
        <measInfo measInfoId="50331676">
            <granPeriod duration="PT3600S" endTime="2021-08-19T12:00:00+08:00"/>
            <repPeriod duration="PT3600S"/>
            <measTypes>50331747 50332175 50332176 50332177 50332178 50332179 50332180 50332181 50332182 50332183 50332184 50332185 50332186 50332187 50332188 50332189 50332190 50332192 50332193 50332194 50332195 50332196 50332197 50332198 50332199 50332200 50332201 50332202 50332203 50332204 50332205 50332206 50332207 50332208 50332209 50332210 50332211 50332212 50332213 50332214 50332219 50332232 50332233 50332234 50332235 50332236 50332237 50332238 50332245 50332246 50332648 50332649 50332650 50332651 50332652 50332653 50332654 50332655 50332656 50332657 50332658 50332670 50332848 50332849 50332850 50332853 50332854 50332855 50332856 50332865 50332866 50332867 50332868 50332869 50332870 50332871 50332872 50332873 50332874 50332875 50332876 50332877 50332878 50332879 50332880 50332881 50332882 50332883 50332884 50332885 50332886 50332887 50332888 50332889 50332890 50332891 50332892 50332894 50332895 50332896 50332897 50332898 50332899 50332900 50332901 50332902 50332903 50332904 50332905 50332906 50332907 50332908 50332909 50332910 50332943 50332944 50332945 50332946 50332947 50332948 50332949 50332950 50332951 50332952 50332953 50332954 50332955 50332956 50332957 50332958 50332959 50332960 50332961 50332962 50332963 50332964 50332965 50332966 50332967 50332968 50332969 50332970 50332971 50332972 50332973 50332974 50332985 50332986 50332987 50332990 50341723 50341741 50341742 50341743 50341748 50341749 50341750 50341751 50341752 50341753 50341754 50341755 50341756 50341757 50341758 50341759 </measTypes>
            <measValue measObjLdn="MMLG6272HUNB001/ULoCell:NodeB Function Name=MMLG6272HUNB001, Local Cell ID=12151, Cell Name=MCISAU1">
                <measResults>862113080 1570810 27495 8768 5079 5186 6279 1143 9592 2532 12126 4530 24025 12182 78313 31940 0 0 795512752 28583 0 1912 0 0 0 0 0 1977 4876 702 96 281 266 98 70 40 15 5 0 1 16938064 849615541 268973 1113550714 234716 107143 182716 36582 664450728 201594 33874 12986 65138 67922 15122 8117 3798 370 358 5 0 160830 0 0 0 97369 0 0 36092 0 0 0 0 0 0 0 0 0 0 0 0 518353781 277131574 33256420 12192033 190835 58528 11373 9635 0 0 0 0 627201 3784 1211 0 0 0 0 0 0 0 0 0 0 0 0 0 0 0 0 0 0 0 0 0 0 0 0 0 0 0 0 0 0 0 0 0 0 NIL NIL NIL NIL NIL NIL NIL NIL NIL NIL NIL NIL NIL NIL NIL NIL 0 0 0 202906 1.746 NIL 0 0 3674.286 20111.686 202572.547 331350.531 99600.836 74183.852 42184.07 7077.223 8037.576 176.4 0 765183 </measResults>
            </measValue>
            <measValue measObjLdn="MMLG6272HUNB001/ULoCell:NodeB Function Name=MMLG6272HUNB001, Local Cell ID=12152, Cell Name=MCISAU2">
                <measResults>47505552 1782823 11151 1147 678 464 560 103 575 91 217 102 265 193 494 917 220 0 45870472 3420 0 57 0 0 0 0 0 1 56 105 6 11 9 3 6 10 21 19 3 1 32670000 46616092 19458 62998650 16561 23473 18691 11641 3936103 7546 5584 59 399 206 26 88 37 84 386 469 0 1695 0 0 0 1444 0 0 9049 0 0 0 0 0 0 0 0 0 0 0 0 2894645 1796063 3104650 5395017 7477 2260 3291 4448 0 0 0 0 306273 2249 773 0 0 0 0 0 0 0 0 0 0 0 0 0 0 0 0 0 0 0 0 0 0 0 0 0 0 0 0 0 0 0 0 0 0 NIL NIL NIL NIL NIL NIL NIL NIL NIL NIL NIL NIL NIL NIL NIL NIL 0 0 0 6002 0.351 NIL 0 0 1095.433 83.328 1242.575 1121.056 185.961 813.042 458.785 1416.4 9868.928 15713.704 0 30820.451 </measResults>
            </measValue>
            <measValue measObjLdn="MMLG6272HUNB001/ULoCell:NodeB Function Name=MMLG6272HUNB001, Local Cell ID=12153, Cell Name=MCISAU3">
                <measResults>36348236 1790859 4854 511 323 95 146 53 141 54 131 43 179 91 525 1659 336 0 34999440 3232 0 26 0 0 0 0 0 0 19 58 4 23 5 3 6 4 4 6 0 0 9085208 36417161 12359 53023317 47156 34555 30547 1780 6653379 4320 3395 36 338 135 349 113 576 748 216 0 0 2475 0 0 0 358 0 0 5046 0 0 0 0 0 0 0 0 0 0 0 0 2261093 6344197 15688093 11565775 6346 1897 2999 1970 0 0 0 0 148853 1101 279 0 0 0 0 0 0 0 0 0 0 0 0 0 0 0 0 0 0 0 0 0 0 0 0 0 0 0 0 0 0 0 0 0 0 NIL NIL NIL NIL NIL NIL NIL NIL NIL NIL NIL NIL NIL NIL NIL NIL 0 0 0 3579 0.306 NIL 0 0 87.028 57.733 1182.365 664.024 2496.712 1005.2 7049.072 11804.668 4560.183 0 0 28762.225 </measResults>
            </measValue>
            <measValue measObjLdn="MMLG6272HUNB001/ULoCell:NodeB Function Name=MMLG6272HUNB001, Local Cell ID=52151, Cell Name=MCISAN4">
                <measResults>19407518552 538676 20749 6654 3677 3380 3654 3234 5467 4420 4757 3256 6814 5527 90661 1099074 0 0 19496546416 708 0 1548 0 0 0 0 0 81798 86294 760 44 100 112 174 251 865 1802 307 4 4 2349538104 19510014866 1378793 21409111233 44639 166836 507532 181466 13321828504 963508 9322 2978 12105 23102 45364 66425 296342 696884 93298 1 0 1233521 0 0 0 3283 0 0 31493 0 0 0 0 0 0 0 0 0 0 0 0 895790 22833261 1327567085 13768105751 3193 10380 158150 953932 0 0 0 0 560684 1335 903 0 0 0 0 0 0 0 0 0 0 0 0 0 0 0 0 0 0 0 0 0 0 0 0 0 0 0 0 0 0 0 0 0 0 NIL NIL NIL NIL NIL NIL NIL NIL NIL NIL NIL NIL NIL NIL NIL NIL 0 0 0 1335913 2.249 NIL 0 0 1192.216 4566.152 37710.227 117794.094 323429.063 606745.125 3657750 11796871 1983543.375 37.224 0 18523880 </measResults>
            </measValue>
            <measValue measObjLdn="MMLG6272HUNB001/ULoCell:NodeB Function Name=MMLG6272HUNB001, Local Cell ID=52152, Cell Name=MCISAN5">
                <measResults>439865024 1718929 20619 3031 2155 1780 2021 464 3294 503 4846 437 2189 673 6829 31816 414 0 439535352 6212 0 681 0 0 0 0 0 4464 5294 332 56 80 39 54 103 118 38 2 0 0 1701432 439136575 91972 554052031 49015 125136 104118 42570 73413737 29679 11159 3674 13030 6254 4485 4156 14203 4129 0 0 0 46257 0 0 0 13582 0 0 20755 0 0 0 0 0 0 0 0 0 0 0 0 4764703 40993204 90271015 296183999 12911 19841 22044 35013 0 0 0 0 1052848 3495 1945 0 0 0 0 0 0 0 0 0 0 0 0 0 0 0 0 0 0 0 0 0 0 0 0 0 0 0 0 0 0 0 0 0 0 NIL NIL NIL NIL NIL NIL NIL NIL NIL NIL NIL NIL NIL NIL NIL NIL 0 0 0 65167 1.084 NIL 0 0 2169.047 5704.328 37847.395 28957.576 31879.9 38442.734 171524.703 61549.434 0 0 0 370201.719 </measResults>
            </measValue>
            <measValue measObjLdn="MMLG6272HUNB001/ULoCell:NodeB Function Name=MMLG6272HUNB001, Local Cell ID=52153, Cell Name=MCISAN6">
                <measResults>1041378336 1666082 11914 1352 1278 1271 1648 434 4333 473 5978 566 3881 933 1154 93905 4798 0 1046289384 2340 0 31 0 0 0 0 13 5551 6455 113 21 66 112 156 130 181 48 4 2 1 1399912 1045773864 142682 1228655048 38155 80939 85591 2864 115114152 24766 3453 2664 16050 14884 18440 17088 34220 7568 0 0 0 108250 0 0 0 19061 0 0 14014 0 0 0 0 0 0 0 0 0 0 0 0 2295376 81215400 339345152 617816328 5495 26585 52061 59306 0 0 0 0 515520 1602 806 0 0 0 0 0 0 0 0 0 0 0 0 0 0 0 0 0 0 0 0 0 0 0 0 0 0 0 0 0 0 0 0 0 0 NIL NIL NIL NIL NIL NIL NIL NIL NIL NIL NIL NIL NIL NIL NIL NIL 0 0 0 125413 0.571 NIL 0 0 778.096 4294.064 49289.184 74637.555 127859.391 154456.141 413698.469 111840.32 0 0 0 931781.063 </measResults>
            </measValue>
            <measValue measObjLdn="MMLG6272HUNB001/ULoCell:NodeB Function Name=MMLG6272HUNB001, Local Cell ID=62151, Cell Name=MCISAN1">
                <measResults>2866445892 1450122 93436 10841 6437 4063 5905 2906 4675 3722 8385 5951 8088 32272 143269 19928 0 0 2566432110 9321 0 6468 0 0 0 0 6 33307 40785 1342 124 300 327 454 519 447 269 191 21 3 1344248608 2866943415 431929 3418384375 198655 387531 475877 246387 626054533 137751 26221 6899 28907 39141 46695 24606 29069 23986 26154 1639 0 220197 0 0 0 16521 1 0 93396 0 0 0 0 0 0 0 0 0 0 0 0 2503507 54977399 649196238 655167511 18231 40339 148922 129218 0 0 0 0 2282920 7570 3975 0 0 0 0 0 0 0 0 0 0 0 0 0 0 0 0 0 0 0 0 0 0 0 0 0 0 0 0 0 0 0 0 0 0 NIL NIL NIL NIL NIL NIL NIL NIL NIL NIL NIL NIL NIL NIL NIL NIL 0 0 0 308155 3.965 NIL 0 0 3330.571 10611.564 88816.711 197574 325486.531 218341.875 342541.969 409486.438 631276.5 50638.848 0 2264162.75 </measResults>
            </measValue>
            <measValue measObjLdn="MMLG6272HUNB001/ULoCell:NodeB Function Name=MMLG6272HUNB001, Local Cell ID=62152, Cell Name=MCISAN2">
                <measResults>1374625940 1598486 46006 4084 3125 2233 3072 1237 4191 1645 2768 2135 4860 13521 99139 13498 0 0 1378626694 5071 0 978 0 0 0 0 0 9684 10932 539 62 131 188 273 417 623 242 10 0 1 33329384 1376615207 214519 1724178229 49683 147966 373738 214090 217447916 42758 10734 4095 13494 16909 23396 21072 39791 17143 4 0 0 131809 0 0 0 12353 1 0 44888 0 0 0 0 0 0 0 0 0 0 0 0 1730474 36434023 275673593 909866659 9170 23524 55315 109185 0 0 0 0 2838861 11223 5723 0 0 0 0 0 0 0 0 0 0 0 0 0 0 0 0 0 0 0 0 0 0 0 0 0 0 0 0 0 0 0 0 0 0 NIL NIL NIL NIL NIL NIL NIL NIL NIL NIL NIL NIL NIL NIL NIL NIL 0 0 0 161667 2.378 NIL 0 0 1706.718 6272.983 41666.004 87041.938 162903.594 191604.672 475024.156 264421.281 100.272 0 0 1222761.875 </measResults>
            </measValue>
            <measValue measObjLdn="MMLG6272HUNB001/ULoCell:NodeB Function Name=MMLG6272HUNB001, Local Cell ID=62153, Cell Name=MCISAN3">
                <measResults>748534024 1676297 15660 2954 1996 1777 2569 619 3738 664 4746 1014 7613 4641 63554 12158 0 0 744847392 1167 0 474 0 0 0 0 0 2792 3536 189 37 109 118 147 106 136 50 7 1 0 15756976 750069709 127917 912658146 62495 90621 86136 24905 185280832 48059 4741 4141 21007 18474 16120 8577 18915 5394 302 1 0 88790 0 0 0 28929 0 0 17045 0 0 0 0 0 0 0 0 0 0 0 0 5514910 102446452 227656042 382701665 7189 35629 40485 42366 0 0 0 0 605763 2245 1218 0 0 0 0 0 0 0 0 0 0 0 0 0 0 0 0 0 0 0 0 0 0 0 0 0 0 0 0 0 0 0 0 0 0 NIL NIL NIL NIL NIL NIL NIL NIL NIL NIL NIL NIL NIL NIL NIL NIL 0 0 0 107293 0.779 NIL 0 0 2049.651 6668.096 68521.633 91483.656 112567.234 74826.984 224229.938 86706.875 6211.265 37.896 0 664585.5 </measResults>
            </measValue>
        </measInfo>
        <measInfo measInfoId="50331649">
            <granPeriod duration="PT3600S" endTime="2021-08-19T12:00:00+08:00"/>
            <repPeriod duration="PT3600S"/>
            <measTypes>50332578 50332579 50332580 50332581 50342578 50342579 50342580 50342581 </measTypes>
            <measValue measObjLdn="MMLG6272HUNB001/NodeBFunction:NodeB Function Name=MMLG6272HUNB001">
                <measResults>2.93 1.091 2.524 36.111 5.2 2.8 6.8 62.6 </measResults>
            </measValue>
        </measInfo>
        <measInfo measInfoId="50331654">
            <granPeriod duration="PT3600S" endTime="2021-08-19T12:00:00+08:00"/>
            <repPeriod duration="PT3600S"/>
            <measTypes>50332565 50332566 50332633 50332635 </measTypes>
            <measValue measObjLdn="MMLG6272HUNB001/NodeBFunction:NodeB Function Name=MMLG6272HUNB001">
                <measResults>2048 2048 0 0 </measResults>
            </measValue>
        </measInfo>
        <measInfo measInfoId="50331664">
            <granPeriod duration="PT3600S" endTime="2021-08-19T12:00:00+08:00"/>
            <repPeriod duration="PT3600S"/>
            <measTypes>50332572 50332585 50332587 50332588 50332589 50332590 50332617 50332618 50332625 </measTypes>
            <measValue measObjLdn="MMLG6272HUNB001/NodeBFunction:NodeB Function Name=MMLG6272HUNB001">
                <measResults>1 0 20 20 0 9 0 0 3 </measResults>
            </measValue>
        </measInfo>
        <measInfo measInfoId="50331666">
            <granPeriod duration="PT3600S" endTime="2021-08-19T12:00:00+08:00"/>
            <repPeriod duration="PT3600S"/>
            <measTypes>50332567 50332568 50332569 50332570 50332571 </measTypes>
            <measValue measObjLdn="MMLG6272HUNB001/NodeBFunction:NodeB Function Name=MMLG6272HUNB001">
                <measResults>0 0 0 0 0 </measResults>
            </measValue>
        </measInfo>
        <measInfo measInfoId="50331681">
            <granPeriod duration="PT3600S" endTime="2021-08-19T12:00:00+08:00"/>
            <repPeriod duration="PT3600S"/>
            <measTypes>50342640 50342641 50342642 50342643 50342644 50342645 50342646 50342647 </measTypes>
            <measValue measObjLdn="MMLG6272HUNB001/NodeBFunction:NodeB Function Name=MMLG6272HUNB001">
                <measResults>6429270 9971747 549002685 3820453250 5221183 1220005 18994980 8489896 </measResults>
            </measValue>
        </measInfo>
        <measInfo measInfoId="50331652">
            <granPeriod duration="PT3600S" endTime="2021-08-19T12:00:00+08:00"/>
            <repPeriod duration="PT3600S"/>
            <measTypes>50332555 50332556 50332557 50332558 50332559 50332560 50332561 50332562 50332563 50332564 50332593 50332594 50342555 50342556 50342561 50342562 50342563 50342564 50342567 50342568 50342569 50342570 50342571 50342572 50342618 50342619 50342621 50342622 50342624 50342625 50342627 50342628 </measTypes>
            <measValue measObjLdn="MMLG6272HUNB001/NodeBFunction:NodeB Function Name=MMLG6272HUNB001/MocID:2/CnOperator:-1">
                <measResults>0 0 0 0 4032 3472 64.958 32.779 0 29.981 0 0 0 0 122.5 47 0 89.5 20 40.5 16.5 0 0 0 0 0 0 0 0 0 0 0 </measResults>
            </measValue>
        </measInfo>
        <measInfo measInfoId="50331667">
            <granPeriod duration="PT3600S" endTime="2021-08-19T12:00:00+08:00"/>
            <repPeriod duration="PT3600S"/>
            <measTypes>50332591 50332592 50332595 50332596 50332597 </measTypes>
            <measValue measObjLdn="MMLG6272HUNB001/NodeBFunction:NodeB Function Name=MMLG6272HUNB001/MocID:2/CnOperator:-1">
                <measResults>0 0 0 0 0 </measResults>
            </measValue>
        </measInfo>
        <measInfo measInfoId="50331668">
            <granPeriod duration="PT3600S" endTime="2021-08-19T12:00:00+08:00"/>
            <repPeriod duration="PT3600S"/>
            <measTypes>50332348 50332349 </measTypes>
            <measValue measObjLdn="MMLG6272HUNB001/LOCELL_SECTOREQM:NodeB Function Name=MMLG6272HUNB001, Local Cell ID=12151, Sector Equipment ID=0">
                <measResults>0 0 </measResults>
            </measValue>
            <measValue measObjLdn="MMLG6272HUNB001/LOCELL_SECTOREQM:NodeB Function Name=MMLG6272HUNB001, Local Cell ID=12152, Sector Equipment ID=1">
                <measResults>0 0 </measResults>
            </measValue>
            <measValue measObjLdn="MMLG6272HUNB001/LOCELL_SECTOREQM:NodeB Function Name=MMLG6272HUNB001, Local Cell ID=12153, Sector Equipment ID=2">
                <measResults>0 0 </measResults>
            </measValue>
            <measValue measObjLdn="MMLG6272HUNB001/LOCELL_SECTOREQM:NodeB Function Name=MMLG6272HUNB001, Local Cell ID=52151, Sector Equipment ID=6">
                <measResults>0 0 </measResults>
            </measValue>
            <measValue measObjLdn="MMLG6272HUNB001/LOCELL_SECTOREQM:NodeB Function Name=MMLG6272HUNB001, Local Cell ID=52152, Sector Equipment ID=7">
                <measResults>0 0 </measResults>
            </measValue>
            <measValue measObjLdn="MMLG6272HUNB001/LOCELL_SECTOREQM:NodeB Function Name=MMLG6272HUNB001, Local Cell ID=52153, Sector Equipment ID=8">
                <measResults>0 0 </measResults>
            </measValue>
            <measValue measObjLdn="MMLG6272HUNB001/LOCELL_SECTOREQM:NodeB Function Name=MMLG6272HUNB001, Local Cell ID=62151, Sector Equipment ID=10">
                <measResults>0 0 </measResults>
            </measValue>
            <measValue measObjLdn="MMLG6272HUNB001/LOCELL_SECTOREQM:NodeB Function Name=MMLG6272HUNB001, Local Cell ID=62152, Sector Equipment ID=11">
                <measResults>0 0 </measResults>
            </measValue>
            <measValue measObjLdn="MMLG6272HUNB001/LOCELL_SECTOREQM:NodeB Function Name=MMLG6272HUNB001, Local Cell ID=62153, Sector Equipment ID=12">
                <measResults>0 0 </measResults>
            </measValue>
        </measInfo>
        <measInfo measInfoId="50331669">
            <granPeriod duration="PT3600S" endTime="2021-08-19T12:00:00+08:00"/>
            <repPeriod duration="PT3600S"/>
            <measTypes>50332350 50332351 50332352 50332353 </measTypes>
            <measValue measObjLdn="MMLG6272HUNB001/LOCELL_SECTOREQM:NodeB Function Name=MMLG6272HUNB001, Local Cell ID=12151, Sector Equipment ID=0">
                <measResults>4493 3 4335 4337 </measResults>
            </measValue>
            <measValue measObjLdn="MMLG6272HUNB001/LOCELL_SECTOREQM:NodeB Function Name=MMLG6272HUNB001, Local Cell ID=12152, Sector Equipment ID=1">
                <measResults>2142 67 1646 1646 </measResults>
            </measValue>
            <measValue measObjLdn="MMLG6272HUNB001/LOCELL_SECTOREQM:NodeB Function Name=MMLG6272HUNB001, Local Cell ID=12153, Sector Equipment ID=2">
                <measResults>1018 0 933 943 </measResults>
            </measValue>
            <measValue measObjLdn="MMLG6272HUNB001/LOCELL_SECTOREQM:NodeB Function Name=MMLG6272HUNB001, Local Cell ID=52151, Sector Equipment ID=6">
                <measResults>11375 9 10776 10784 </measResults>
            </measValue>
            <measValue measObjLdn="MMLG6272HUNB001/LOCELL_SECTOREQM:NodeB Function Name=MMLG6272HUNB001, Local Cell ID=52152, Sector Equipment ID=7">
                <measResults>12220 25 12085 12101 </measResults>
            </measValue>
            <measValue measObjLdn="MMLG6272HUNB001/LOCELL_SECTOREQM:NodeB Function Name=MMLG6272HUNB001, Local Cell ID=52153, Sector Equipment ID=8">
                <measResults>3840 3 3479 3497 </measResults>
            </measValue>
            <measValue measObjLdn="MMLG6272HUNB001/LOCELL_SECTOREQM:NodeB Function Name=MMLG6272HUNB001, Local Cell ID=62151, Sector Equipment ID=10">
                <measResults>38817 99 37093 37218 </measResults>
            </measValue>
            <measValue measObjLdn="MMLG6272HUNB001/LOCELL_SECTOREQM:NodeB Function Name=MMLG6272HUNB001, Local Cell ID=62152, Sector Equipment ID=11">
                <measResults>17374 4 17203 17234 </measResults>
            </measValue>
            <measValue measObjLdn="MMLG6272HUNB001/LOCELL_SECTOREQM:NodeB Function Name=MMLG6272HUNB001, Local Cell ID=62153, Sector Equipment ID=12">
                <measResults>4521 2 4205 4209 </measResults>
            </measValue>
        </measInfo>
        <measInfo measInfoId="50331670">
            <granPeriod duration="PT3600S" endTime="2021-08-19T12:00:00+08:00"/>
            <repPeriod duration="PT3600S"/>
            <measTypes>50332354 50332355 </measTypes>
            <measValue measObjLdn="MMLG6272HUNB001/LOCELL_SECTOREQM:NodeB Function Name=MMLG6272HUNB001, Local Cell ID=12151, Sector Equipment ID=0">
                <measResults>0 0 </measResults>
            </measValue>
            <measValue measObjLdn="MMLG6272HUNB001/LOCELL_SECTOREQM:NodeB Function Name=MMLG6272HUNB001, Local Cell ID=12152, Sector Equipment ID=1">
                <measResults>0 0 </measResults>
            </measValue>
            <measValue measObjLdn="MMLG6272HUNB001/LOCELL_SECTOREQM:NodeB Function Name=MMLG6272HUNB001, Local Cell ID=12153, Sector Equipment ID=2">
                <measResults>0 0 </measResults>
            </measValue>
            <measValue measObjLdn="MMLG6272HUNB001/LOCELL_SECTOREQM:NodeB Function Name=MMLG6272HUNB001, Local Cell ID=52151, Sector Equipment ID=6">
                <measResults>0 0 </measResults>
            </measValue>
            <measValue measObjLdn="MMLG6272HUNB001/LOCELL_SECTOREQM:NodeB Function Name=MMLG6272HUNB001, Local Cell ID=52152, Sector Equipment ID=7">
                <measResults>0 0 </measResults>
            </measValue>
            <measValue measObjLdn="MMLG6272HUNB001/LOCELL_SECTOREQM:NodeB Function Name=MMLG6272HUNB001, Local Cell ID=52153, Sector Equipment ID=8">
                <measResults>0 0 </measResults>
            </measValue>
            <measValue measObjLdn="MMLG6272HUNB001/LOCELL_SECTOREQM:NodeB Function Name=MMLG6272HUNB001, Local Cell ID=62151, Sector Equipment ID=10">
                <measResults>0 0 </measResults>
            </measValue>
            <measValue measObjLdn="MMLG6272HUNB001/LOCELL_SECTOREQM:NodeB Function Name=MMLG6272HUNB001, Local Cell ID=62152, Sector Equipment ID=11">
                <measResults>0 0 </measResults>
            </measValue>
            <measValue measObjLdn="MMLG6272HUNB001/LOCELL_SECTOREQM:NodeB Function Name=MMLG6272HUNB001, Local Cell ID=62153, Sector Equipment ID=12">
                <measResults>0 0 </measResults>
            </measValue>
        </measInfo>
        <measInfo measInfoId="50331672">
            <granPeriod duration="PT3600S" endTime="2021-08-19T12:00:00+08:00"/>
            <repPeriod duration="PT3600S"/>
            <measTypes>50342590 50342591 50342592 50342593 50342594 50342595 50342596 50342597 </measTypes>
            <measValue measObjLdn="MMLG6272HUNB001/LOCELL_SECTOREQM:NodeB Function Name=MMLG6272HUNB001, Local Cell ID=12151, Sector Equipment ID=0">
                <measResults>-102.957 -103.402 NIL NIL -104.1 -104.2 NIL NIL </measResults>
            </measValue>
            <measValue measObjLdn="MMLG6272HUNB001/LOCELL_SECTOREQM:NodeB Function Name=MMLG6272HUNB001, Local Cell ID=12152, Sector Equipment ID=1">
                <measResults>-103.39 -104.055 NIL NIL -104.8 -105.1 NIL NIL </measResults>
            </measValue>
            <measValue measObjLdn="MMLG6272HUNB001/LOCELL_SECTOREQM:NodeB Function Name=MMLG6272HUNB001, Local Cell ID=12153, Sector Equipment ID=2">
                <measResults>-100.879 -98.747 NIL NIL -104.5 -103.7 NIL NIL </measResults>
            </measValue>
            <measValue measObjLdn="MMLG6272HUNB001/LOCELL_SECTOREQM:NodeB Function Name=MMLG6272HUNB001, Local Cell ID=52151, Sector Equipment ID=6">
                <measResults>-96.8 -97.592 NIL NIL -99.3 -99.6 NIL NIL </measResults>
            </measValue>
            <measValue measObjLdn="MMLG6272HUNB001/LOCELL_SECTOREQM:NodeB Function Name=MMLG6272HUNB001, Local Cell ID=52152, Sector Equipment ID=7">
                <measResults>-95.795 -97.111 NIL NIL -97.3 -98.8 NIL NIL </measResults>
            </measValue>
            <measValue measObjLdn="MMLG6272HUNB001/LOCELL_SECTOREQM:NodeB Function Name=MMLG6272HUNB001, Local Cell ID=52153, Sector Equipment ID=8">
                <measResults>-97.214 -93.868 NIL NIL -99.6 -97.5 NIL NIL </measResults>
            </measValue>
            <measValue measObjLdn="MMLG6272HUNB001/LOCELL_SECTOREQM:NodeB Function Name=MMLG6272HUNB001, Local Cell ID=62151, Sector Equipment ID=10">
                <measResults>-88.881 -90 NIL NIL -93 -94.1 NIL NIL </measResults>
            </measValue>
            <measValue measObjLdn="MMLG6272HUNB001/LOCELL_SECTOREQM:NodeB Function Name=MMLG6272HUNB001, Local Cell ID=62152, Sector Equipment ID=11">
                <measResults>-90.244 -92.299 NIL NIL -91.2 -93.5 NIL NIL </measResults>
            </measValue>
            <measValue measObjLdn="MMLG6272HUNB001/LOCELL_SECTOREQM:NodeB Function Name=MMLG6272HUNB001, Local Cell ID=62153, Sector Equipment ID=12">
                <measResults>-91.815 -88.944 NIL NIL -94.7 -92.5 NIL NIL </measResults>
            </measValue>
        </measInfo>
        <measInfo measInfoId="50331682">
            <granPeriod duration="PT3600S" endTime="2021-08-19T12:00:00+08:00"/>
            <repPeriod duration="PT3600S"/>
            <measTypes>50332602 50332603 50332615 50332616 </measTypes>
            <measValue measObjLdn="MMLG6272HUNB001/LOCELL_SECTOREQM:NodeB Function Name=MMLG6272HUNB001, Local Cell ID=12151, Sector Equipment ID=0">
                <measResults>NIL NIL NIL NIL </measResults>
            </measValue>
            <measValue measObjLdn="MMLG6272HUNB001/LOCELL_SECTOREQM:NodeB Function Name=MMLG6272HUNB001, Local Cell ID=12152, Sector Equipment ID=1">
                <measResults>NIL NIL NIL NIL </measResults>
            </measValue>
            <measValue measObjLdn="MMLG6272HUNB001/LOCELL_SECTOREQM:NodeB Function Name=MMLG6272HUNB001, Local Cell ID=12153, Sector Equipment ID=2">
                <measResults>NIL NIL NIL NIL </measResults>
            </measValue>
            <measValue measObjLdn="MMLG6272HUNB001/LOCELL_SECTOREQM:NodeB Function Name=MMLG6272HUNB001, Local Cell ID=52151, Sector Equipment ID=6">
                <measResults>631 803 NIL NIL </measResults>
            </measValue>
            <measValue measObjLdn="MMLG6272HUNB001/LOCELL_SECTOREQM:NodeB Function Name=MMLG6272HUNB001, Local Cell ID=52152, Sector Equipment ID=7">
                <measResults>332 305 NIL NIL </measResults>
            </measValue>
            <measValue measObjLdn="MMLG6272HUNB001/LOCELL_SECTOREQM:NodeB Function Name=MMLG6272HUNB001, Local Cell ID=52153, Sector Equipment ID=8">
                <measResults>908 964 NIL NIL </measResults>
            </measValue>
            <measValue measObjLdn="MMLG6272HUNB001/LOCELL_SECTOREQM:NodeB Function Name=MMLG6272HUNB001, Local Cell ID=62151, Sector Equipment ID=10">
                <measResults>NIL NIL NIL NIL </measResults>
            </measValue>
            <measValue measObjLdn="MMLG6272HUNB001/LOCELL_SECTOREQM:NodeB Function Name=MMLG6272HUNB001, Local Cell ID=62152, Sector Equipment ID=11">
                <measResults>NIL NIL NIL NIL </measResults>
            </measValue>
            <measValue measObjLdn="MMLG6272HUNB001/LOCELL_SECTOREQM:NodeB Function Name=MMLG6272HUNB001, Local Cell ID=62153, Sector Equipment ID=12">
                <measResults>NIL NIL NIL NIL </measResults>
            </measValue>
        </measInfo>
    </measData>
    <fileFooter>
        <measCollec endTime="2021-08-19T12:00:00+08:00"/>
    </fileFooter>
</measCollecFile>
