<?xml version="1.0" encoding="UTF-8"?>
<measCollecFile xmlns="http://www.3gpp.org/ftp/specs/archive/32_series/32.435#measCollec">
<fileHeader fileFormatVersion="32.435 V10.0" vendorName="Nokia Networks">
<fileSender elementType="HSSFE"/>
<measCollec beginTime="2021-08-22T00:15:00+08:00"/>
</fileHeader>
<measData>
<managedElement/>
<measInfo measInfoId="DIA">
<granPeriod duration="PT900S" endTime="2021-08-22T00:30:00+08:00"/>
<repPeriod duration="PT900S"/>
<measTypes>CxLIRDropped CxMARDropped CxOlBlockLIRCtr CxOlBlockMARCtr CxOlBlockSARCtr CxOlBlockUARCtr CxSARDropped CxUARDropped DiaCerRejConAvailable DiaCerRejMaxConExcd DiaConnRejAdminBlkd DiaConnRejSysInOvl DiaMessageRcvd DiaMessageSent DiaMsgDropAtSndr DiaProtocolErrors DiaReqDropByRcvr DiaUnknownAVPs DiaWrongProtType DiameterTooBusy E2DroppedCtr HdCLRDropped HdOlBlockCLRCtr HdOlBlockPNRCtr HdPNRDropped MacOctReceivedEth0 MacOctReceivedEth1 MacOctReceivedEth2 MacOctReceivedEth3 MacOctReceivedEth4 MacOctReceivedEth5 MacOctReceivedEth6 MacOctReceivedEth7 MacOctSentEth0 MacOctSentEth1 MacOctSentEth2 MacOctSentEth3 MacOctSentEth4 MacOctSentEth5 MacOctSentEth6 MacOctSentEth7 NbrSctpUnavailable RcvdCeaErrCtr RcvdCerCtr RfDroppedCtr RoDroppedCtr S6OlBlockAIRCtr S6OlBlockNORCtr S6OlBlockPURCtr S6OlBlockULRCtr S6aAIRDropped S6aNORDropped S6aPURDropped S6aULRDropped SWxMARDropped SWxOlBlockMARCtr SWxOlBlockSARCtr SWxSARDropped SctpDataChunkReSent SctpDataChunkReceived SctpDataChunkSent SctpUnavailDuration SendCerCtr SentCeaErrCtr ShOlBlockPURCtr ShOlBlockSNRCtr ShOlBlockUDRCtr ShPURDropped ShSNRDropped ShUDRDropped WxDroppedCtr ZhMARDropped ZhOlBlockMARCtr</measTypes>
<measValue measObjLdn="PLMN-PLMN/HSSFE-HSSGHL02/COMMON-1/DIA-1">
<measResults>0 0 0 0 0 0 0 0 0 0 0 0 0 0 0 0 0 0 0 0 0 0 0 0 0 2 0 0 0 0 1 0 0 1 0 0 0 0 0 0 0 0 0 0 0 0 0 0 0 0 0 0 0 0 0 0 0 0 0 0 0 4500 0 0 0 0 0 0 0 0 0 0 0</measResults>
</measValue>
</measInfo>
<measInfo measInfoId="CX">
<granPeriod duration="PT900S" endTime="2021-08-22T00:30:00+08:00"/>
<repPeriod duration="PT900S"/>
<measTypes>CxPPR CxRTR CxStackMessageDscrd RelayCxPPRNoRoute RelayCxRTRNoRoute RelayRcvdCxPPR RelayRcvdCxRTR</measTypes>
<measValue measObjLdn="PLMN-PLMN/HSSFE-HSSGHL02/COMMON-1/CX-1">
<measResults>0 0 0 0 0 0 0</measResults>
</measValue>
</measInfo>
<measInfo measInfoId="ATI">
<granPeriod duration="PT900S" endTime="2021-08-22T00:30:00+08:00"/>
<repPeriod duration="PT900S"/>
<measTypes>AtiErrResFromHlr AtiErrResSentToTp AtiReqRecvdFromTp AtiReqSentToHlr AtiReqToHlrFailed AtiResToTpFailed AtiSuccResFromHlr AtiSuccResSentToTp AtiTimeOut</measTypes>
<measValue measObjLdn="PLMN-PLMN/HSSFE-HSSGHL02/TP-1/ATI-1">
<measResults>0 0 0 0 0 0 0 0 0</measResults>
</measValue>
</measInfo>
<measInfo measInfoId="ARQ">
<granPeriod duration="PT900S" endTime="2021-08-22T00:30:00+08:00"/>
<repPeriod duration="PT900S"/>
<measTypes>ArqEmtyBegSntTo1xHLR ArqEmtyContFrm1xHLR ArqReqRecvdFromTp ArqReqSentTo1xHLR ArqSuccResFrom1xHLR ArqSuccResSentToTp AsrEmtyBegSntTo1xHLR AsrEmtyContFrm1xHLR AsrReqRecvdFromTp AsrReqSentTo1xHLR AsrSuccResFrom1xHLR AsrSuccResSentToTp</measTypes>
<measValue measObjLdn="PLMN-PLMN/HSSFE-HSSGHL02/TP-1/ARQ-1">
<measResults>0 0 0 0 0 0 0 0 0 0 0 0</measResults>
</measValue>
</measInfo>
<measInfo measInfoId="ANZ">
<granPeriod duration="PT900S" endTime="2021-08-22T00:30:00+08:00"/>
<repPeriod duration="PT900S"/>
<measTypes>AnsSuccResRcvdFrmTp AnzIndRecvdFromSCP AnzReqSentToTp AnzSuccResSntToSCP</measTypes>
<measValue measObjLdn="PLMN-PLMN/HSSFE-HSSGHL02/TP-1/ANZ-1">
<measResults>0 0 0 0</measResults>
</measValue>
</measInfo>
</measData>
<fileFooter>
<measCollec endTime="2021-08-22T00:30:00+08:00"/>
</fileFooter>
</measCollecFile>