<?xml version="1.0" encoding="UTF-8"?>
<measCollecFile xmlns="http://latest/nmc-omc/cmNrm.doc#measCollec" xmlns:xsi="http://www.w3.org/2001/XMLSchema-instance" xsi:schemaLocation="http://latest/nmc-omc/cmNrm.doc#measCollec schema\pmResultSchedule.xsd">
    <fileHeader fileFormatVersion="32.435 V7.2" vendorName="Huawei">
        <fileSender elementType="NodeB"/>
        <measCollec beginTime="2021-08-19T11:00:00+08:00"/>
    </fileHeader>
    <measData>
        <managedElement userLabel="MML00172HUNB001"/>
        <measInfo measInfoId="50331655">
            <granPeriod duration="PT3600S" endTime="2021-08-19T12:00:00+08:00"/>
            <repPeriod duration="PT3600S"/>
            <measTypes>50332573 50332574 50342574 50342575 50342635 50342636 </measTypes>
            <measValue measObjLdn="MML00172HUNB001/ULGROUP:UL BB Resource Group No.=1">
                <measResults>768 127.575 85.5 169.5 0 0 </measResults>
            </measValue>
            <measValue measObjLdn="MML00172HUNB001/ULGROUP:UL BB Resource Group No.=2">
                <measResults>1024 56.929 42 80 0 0 </measResults>
            </measValue>
        </measInfo>
        <measInfo measInfoId="50331656">
            <granPeriod duration="PT3600S" endTime="2021-08-19T12:00:00+08:00"/>
            <repPeriod duration="PT3600S"/>
            <measTypes>50332582 50332583 50332584 50332586 50342584 50342585 50342586 50342587 50342606 50342607 50342608 50342609 50342632 50342633 </measTypes>
            <measValue measObjLdn="MML00172HUNB001/BRD:Board Type=UBBP, Cabinet No.=0, Subrack No.=0, Slot No.=1">
                <measResults>1024 1024 18.3 0 12 29 0 0 1 2 1 2 0 0 </measResults>
            </measValue>
            <measValue measObjLdn="MML00172HUNB001/BRD:Board Type=UBBP, Cabinet No.=0, Subrack No.=0, Slot No.=2">
                <measResults>1024 768 78.633 127.575 61 96 85.5 169.5 5 7 8 11 0 0 </measResults>
            </measValue>
            <measValue measObjLdn="MML00172HUNB001/BRD:Board Type=UBBP, Cabinet No.=0, Subrack No.=0, Slot No.=3">
                <measResults>1024 1024 27.3 56.929 17 38 42 80 1 2 1 3 0 0 </measResults>
            </measValue>
            <measValue measObjLdn="MML00172HUNB001/BRD:Board Type=UMPT, Cabinet No.=0, Subrack No.=0, Slot No.=7">
                <measResults>0 0 0 0 0 0 0 0 0 0 0 0 0 0 </measResults>
            </measValue>
        </measInfo>
        <measInfo measInfoId="50331683">
            <granPeriod duration="PT3600S" endTime="2021-08-19T12:00:00+08:00"/>
            <repPeriod duration="PT3600S"/>
            <measTypes>50332627 </measTypes>
            <measValue measObjLdn="MML00172HUNB001/NODEBRRU:Cabinet No.=0, Subrack No.=60, Slot No.=0">
                <measResults>0 </measResults>
            </measValue>
            <measValue measObjLdn="MML00172HUNB001/NODEBRRU:Cabinet No.=0, Subrack No.=61, Slot No.=0">
                <measResults>0 </measResults>
            </measValue>
            <measValue measObjLdn="MML00172HUNB001/NODEBRRU:Cabinet No.=0, Subrack No.=62, Slot No.=0">
                <measResults>0 </measResults>
            </measValue>
            <measValue measObjLdn="MML00172HUNB001/NODEBRRU:Cabinet No.=0, Subrack No.=80, Slot No.=0">
                <measResults>0 </measResults>
            </measValue>
            <measValue measObjLdn="MML00172HUNB001/NODEBRRU:Cabinet No.=0, Subrack No.=81, Slot No.=0">
                <measResults>0 </measResults>
            </measValue>
            <measValue measObjLdn="MML00172HUNB001/NODEBRRU:Cabinet No.=0, Subrack No.=82, Slot No.=0">
                <measResults>0 </measResults>
            </measValue>
        </measInfo>
        <measInfo measInfoId="1542455297">
            <granPeriod duration="PT3600S" endTime="2021-08-19T12:00:00+08:00"/>
            <repPeriod duration="PT3600S"/>
            <measTypes>1542455297 1542455298 1542455299 1542455300 1542455301 1542455302 1542455303 1542455304 1542455305 1542455306 1542455307 1542460296 1542460297 </measTypes>
            <measValue measObjLdn="MML00172HUNB001/ETHPORT:Cabinet No.=0, Subrack No.=0, Slot No.=7, Port No.=0, Subboard Type=BASE_BOARD">
                <measResults>1842731505 17545142 5713614320 20959480 0 7883944 2489208 4094932 32596608 2565264 12697215 1000000 1000000 </measResults>
            </measValue>
            <measValue measObjLdn="MML00172HUNB001/ETHPORT:Cabinet No.=0, Subrack No.=0, Slot No.=7, Port No.=1, Subboard Type=BASE_BOARD">
                <measResults>0 0 0 0 0 0 0 0 0 0 0 0 0 </measResults>
            </measValue>
        </measInfo>
        <measInfo measInfoId="1542455301">
            <granPeriod duration="PT3600S" endTime="2021-08-19T12:00:00+08:00"/>
            <repPeriod duration="PT3600S"/>
            <measTypes>1542455326 1542455327 1542455328 1542455329 1542455330 1542455331 1542455332 1542455333 1542460727 1542460728 1542460729 </measTypes>
            <measValue measObjLdn="MML00172HUNB001/IP:Board Type=UMPT, Cabinet No.=0, Subrack No.=0, Slot No.=7">
                <measResults>17544773 1425532914 0 0 20953995 5189501490 0 0 15172 0 0 </measResults>
            </measValue>
        </measInfo>
        <measInfo measInfoId="1542455303">
            <granPeriod duration="PT3600S" endTime="2021-08-19T12:00:00+08:00"/>
            <repPeriod duration="PT3600S"/>
            <measTypes>1542455365 1542455367 1542455369 1542455371 1542455375 1542455376 1542455377 1542455378 </measTypes>
            <measValue measObjLdn="MML00172HUNB001/RSCGRP:Transmission Resource Group Bear Type=IP, Cabinet No.=0, Bearing Port No.=0, Bearing Port Type=ETH, Transmission Resource Group ID=AUTOPORT, Subboard Type=BASE_BOARD, Slot No.=7, Subrack No.=0">
                <measResults>1741381731 17545111 0 0 6973616 2268472 3869699 0 </measResults>
            </measValue>
            <measValue measObjLdn="MML00172HUNB001/RSCGRP:Transmission Resource Group Bear Type=IP, Cabinet No.=0, Bearing Port No.=1, Bearing Port Type=ETH, Transmission Resource Group ID=AUTOPORT, Subboard Type=BASE_BOARD, Slot No.=7, Subrack No.=0">
                <measResults>0 0 0 0 0 0 0 0 </measResults>
            </measValue>
        </measInfo>
        <measInfo measInfoId="1542455312">
            <granPeriod duration="PT3600S" endTime="2021-08-19T12:00:00+08:00"/>
            <repPeriod duration="PT3600S"/>
            <measTypes>1542460308 1542460309 1542460310 1542460311 1542460312 1542460313 1542460314 1542460315 1542460316 1542460317 1542460318 1542460319 1542460320 1542460321 1542460322 1542460323 1542460324 1542460325 1542460326 1542460327 1542460328 1542460329 1542460330 1542460331 1542460332 </measTypes>
            <measValue measObjLdn="MML00172HUNB001/RSCGRP:Transmission Resource Group Bear Type=IP, Cabinet No.=0, Bearing Port No.=0, Bearing Port Type=ETH, Transmission Resource Group ID=AUTOPORT, Subboard Type=BASE_BOARD, Slot No.=7, Subrack No.=0">
                <measResults>36218 36218 36218 0 0 0 0 0 0 0 0 0 0 4503071 0 0 0 1 0 0 0 0 0 0 0 </measResults>
            </measValue>
            <measValue measObjLdn="MML00172HUNB001/RSCGRP:Transmission Resource Group Bear Type=IP, Cabinet No.=0, Bearing Port No.=1, Bearing Port Type=ETH, Transmission Resource Group ID=AUTOPORT, Subboard Type=BASE_BOARD, Slot No.=7, Subrack No.=0">
                <measResults>0 0 0 0 0 0 0 0 0 0 0 0 0 0 0 0 0 0 0 0 0 0 0 0 0 </measResults>
            </measValue>
        </measInfo>
        <measInfo measInfoId="1542455309">
            <granPeriod duration="PT3600S" endTime="2021-08-19T12:00:00+08:00"/>
            <repPeriod duration="PT3600S"/>
            <measTypes>1542455826 1542455827 1542455828 1542455829 1542455833 1542455834 1542455835 1542455836 1542455837 1542455838 1542455839 1542455840 1542455841 1542455842 1542455843 1542455844 1542455845 1542455846 1542455847 1542455848 </measTypes>
            <measValue measObjLdn="MML00172HUNB001/OMCH:Standby Status=MASTER, Bearer Type=IPV4">
                <measResults>681 171 0 0 0 0 0 0 0 517 0 0 647 0 0 0 0 594 0 53 </measResults>
            </measValue>
        </measInfo>
        <measInfo measInfoId="1542455815">
            <granPeriod duration="PT3600S" endTime="2021-08-19T12:00:00+08:00"/>
            <repPeriod duration="PT3600S"/>
            <measTypes>1542460340 1542460341 1542460342 1542460343 1542460496 1542460497 1542460498 1542460499 1542460500 1542460501 1542460502 1542460503 1542460504 1542460505 1542460506 1542460507 1542460510 </measTypes>
            <measValue measObjLdn="MML00172HUNB001/IKE:Board Type=UMPT, Cabinet No.=0, Subrack No.=0, Slot No.=7">
                <measResults>0 0 0 0 0 0 0 0 0 0 0 0 0 0 0 0 0 </measResults>
            </measValue>
        </measInfo>
        <measInfo measInfoId="1542455817">
            <granPeriod duration="PT3600S" endTime="2021-08-19T12:00:00+08:00"/>
            <repPeriod duration="PT3600S"/>
            <measTypes>1542460356 1542460357 1542460358 1542460359 1542460360 1542460361 1542460362 1542460363 1542460364 1542460365 1542460366 1542460367 1542460368 1542460369 1542460370 1542460371 1542460372 1542460373 1542460374 1542460375 1542460376 </measTypes>
            <measValue measObjLdn="MML00172HUNB001/SCTPLNK:Link No.=31">
                <measResults>11606753 11325268 103567 157337 0 67912 0 25792 41392 14976 25167 30577 127778 0 0 0 0 0 0 127778 30578 </measResults>
            </measValue>
            <measValue measObjLdn="MML00172HUNB001/SCTPLNK:Link No.=32">
                <measResults>17225605 17796987 564859 693442 0 74064 15456 38279 67352 19616 39548 269755 510247 0 0 0 0 0 0 510247 269756 </measResults>
            </measValue>
        </measInfo>
        <measInfo measInfoId="1542455818">
            <granPeriod duration="PT3600S" endTime="2021-08-19T12:00:00+08:00"/>
            <repPeriod duration="PT3600S"/>
            <measTypes>1542455526 1542455527 1542455528 1542455529 1542455530 1542455531 1542455532 1542455533 1542455534 1542455535 </measTypes>
            <measValue measObjLdn="MML00172HUNB001/USERPLANEHOST:User Plane Host ID=3">
                <measResults>16456736 20054491 1336820481 5108662063 6603576 2971586 31731832 11355873 NIL NIL </measResults>
            </measValue>
        </measInfo>
        <measInfo measInfoId="1593835529">
            <granPeriod duration="PT3600S" endTime="2021-08-19T12:00:00+08:00"/>
            <repPeriod duration="PT3600S"/>
            <measTypes>1593835620 1593835628 1593835629 </measTypes>
            <measValue measObjLdn="MML00172HUNB001/NODE:NODE">
                <measResults>NIL 0.647 0 </measResults>
            </measValue>
        </measInfo>
        <measInfo measInfoId="1593835533">
            <granPeriod duration="PT3600S" endTime="2021-08-19T12:00:00+08:00"/>
            <repPeriod duration="PT3600S"/>
            <measTypes>1593835647 1593835648 1593835649 </measTypes>
            <measValue measObjLdn="MML00172HUNB001/NODE:NODE">
                <measResults>32278 32259 32268 </measResults>
            </measValue>
        </measInfo>
        <measInfo measInfoId="1593835531">
            <granPeriod duration="PT3600S" endTime="2021-08-19T12:00:00+08:00"/>
            <repPeriod duration="PT3600S"/>
            <measTypes>1593835630 1593835632 1593835633 1593835634 </measTypes>
            <measValue measObjLdn="MML00172HUNB001/BBUBoard:Board Type=UBBP, Cabinet No.=0, Subrack No.=0, Slot No.=1">
                <measResults>0 3 2 0 </measResults>
            </measValue>
            <measValue measObjLdn="MML00172HUNB001/BBUBoard:Board Type=UBBP, Cabinet No.=0, Subrack No.=0, Slot No.=2">
                <measResults>0 4 3 0 </measResults>
            </measValue>
            <measValue measObjLdn="MML00172HUNB001/BBUBoard:Board Type=UBBP, Cabinet No.=0, Subrack No.=0, Slot No.=3">
                <measResults>0 4 3 0 </measResults>
            </measValue>
            <measValue measObjLdn="MML00172HUNB001/BBUBoard:Board Type=UMPT, Cabinet No.=0, Subrack No.=0, Slot No.=7">
                <measResults>0 3 1 0 </measResults>
            </measValue>
        </measInfo>
        <measInfo measInfoId="1593835535">
            <granPeriod duration="PT3600S" endTime="2021-08-19T12:00:00+08:00"/>
            <repPeriod duration="PT3600S"/>
            <measTypes>1593835652 1593835653 1593835654 1593835655 1593835656 1593835657 1593835658 1593835659 1593835660 1593835661 1593835662 1593835663 1593835664 1593835665 1593835666 1593835667 1593835668 1593835669 1593835670 1593835671 </measTypes>
            <measValue measObjLdn="MML00172HUNB001/RADIOEQM:Cabinet No.=0, Subrack No.=60, Slot No.=0">
                <measResults>NIL NIL NIL NIL NIL NIL NIL NIL NIL NIL 0 0 0 0 0 0 0 0 0 0 </measResults>
            </measValue>
            <measValue measObjLdn="MML00172HUNB001/RADIOEQM:Cabinet No.=0, Subrack No.=61, Slot No.=0">
                <measResults>NIL NIL NIL NIL NIL NIL NIL NIL NIL NIL 0 0 0 0 0 0 0 0 0 0 </measResults>
            </measValue>
            <measValue measObjLdn="MML00172HUNB001/RADIOEQM:Cabinet No.=0, Subrack No.=62, Slot No.=0">
                <measResults>NIL NIL NIL NIL NIL NIL NIL NIL NIL NIL 0 0 0 0 0 0 0 0 0 0 </measResults>
            </measValue>
            <measValue measObjLdn="MML00172HUNB001/RADIOEQM:Cabinet No.=0, Subrack No.=80, Slot No.=0">
                <measResults>NIL NIL NIL NIL NIL NIL NIL NIL NIL NIL 0 0 0 0 0 0 0 0 0 0 </measResults>
            </measValue>
            <measValue measObjLdn="MML00172HUNB001/RADIOEQM:Cabinet No.=0, Subrack No.=81, Slot No.=0">
                <measResults>NIL NIL NIL NIL NIL NIL NIL NIL NIL NIL 0 0 0 0 0 0 0 0 0 0 </measResults>
            </measValue>
            <measValue measObjLdn="MML00172HUNB001/RADIOEQM:Cabinet No.=0, Subrack No.=82, Slot No.=0">
                <measResults>NIL NIL NIL NIL NIL NIL NIL NIL NIL NIL 0 0 0 15 0 0 0 0 0 0 </measResults>
            </measValue>
        </measInfo>
        <measInfo measInfoId="1593835539">
            <granPeriod duration="PT3600S" endTime="2021-08-19T12:00:00+08:00"/>
            <repPeriod duration="PT3600S"/>
            <measTypes>1593835767 </measTypes>
            <measValue measObjLdn="MML00172HUNB001/RADIOEQM:Cabinet No.=0, Subrack No.=60, Slot No.=0">
                <measResults>3600 </measResults>
            </measValue>
            <measValue measObjLdn="MML00172HUNB001/RADIOEQM:Cabinet No.=0, Subrack No.=61, Slot No.=0">
                <measResults>3600 </measResults>
            </measValue>
            <measValue measObjLdn="MML00172HUNB001/RADIOEQM:Cabinet No.=0, Subrack No.=62, Slot No.=0">
                <measResults>3600 </measResults>
            </measValue>
            <measValue measObjLdn="MML00172HUNB001/RADIOEQM:Cabinet No.=0, Subrack No.=80, Slot No.=0">
                <measResults>3600 </measResults>
            </measValue>
            <measValue measObjLdn="MML00172HUNB001/RADIOEQM:Cabinet No.=0, Subrack No.=81, Slot No.=0">
                <measResults>3600 </measResults>
            </measValue>
            <measValue measObjLdn="MML00172HUNB001/RADIOEQM:Cabinet No.=0, Subrack No.=82, Slot No.=0">
                <measResults>3600 </measResults>
            </measValue>
        </measInfo>
        <measInfo measInfoId="1593835544">
            <granPeriod duration="PT3600S" endTime="2021-08-19T12:00:00+08:00"/>
            <repPeriod duration="PT3600S"/>
            <measTypes>1593835835 </measTypes>
            <measValue measObjLdn="MML00172HUNB001/BU:Cabinet No.=0, Subrack No.=0">
                <measResults>0.20036557 </measResults>
            </measValue>
        </measInfo>
        <measInfo measInfoId="1593835545">
            <granPeriod duration="PT3600S" endTime="2021-08-19T12:00:00+08:00"/>
            <repPeriod duration="PT3600S"/>
            <measTypes>1593835836 </measTypes>
            <measValue measObjLdn="MML00172HUNB001/BTSBoard:Cabinet No.=0, Subrack No.=60, Slot No.=0">
                <measResults>0.16545583 </measResults>
            </measValue>
            <measValue measObjLdn="MML00172HUNB001/BTSBoard:Cabinet No.=0, Subrack No.=61, Slot No.=0">
                <measResults>0.16419917 </measResults>
            </measValue>
            <measValue measObjLdn="MML00172HUNB001/BTSBoard:Cabinet No.=0, Subrack No.=62, Slot No.=0">
                <measResults>0.14865083 </measResults>
            </measValue>
            <measValue measObjLdn="MML00172HUNB001/BTSBoard:Cabinet No.=0, Subrack No.=80, Slot No.=0">
                <measResults>0.23375584 </measResults>
            </measValue>
            <measValue measObjLdn="MML00172HUNB001/BTSBoard:Cabinet No.=0, Subrack No.=81, Slot No.=0">
                <measResults>0.23066415 </measResults>
            </measValue>
            <measValue measObjLdn="MML00172HUNB001/BTSBoard:Cabinet No.=0, Subrack No.=82, Slot No.=0">
                <measResults>0.1504575 </measResults>
            </measValue>
        </measInfo>
        <measInfo measInfoId="50331648">
            <granPeriod duration="PT3600S" endTime="2021-08-19T12:00:00+08:00"/>
            <repPeriod duration="PT3600S"/>
            <measTypes>50331654 50331655 50331656 50331657 50331658 50331659 50331660 50331661 50331662 50331663 50331664 50331665 50331666 50331667 50331668 50331669 50331670 50331671 50331672 50331673 50331674 50331675 50331676 50331677 50331678 50331679 50331680 50331681 50331682 50331683 50331684 50331685 50331686 50331687 50331688 50331689 50331690 50331691 50331692 50331693 50331694 50331695 50331696 50331697 50331698 50331699 50331709 50331710 50331711 50331712 50331713 50331714 50331717 50331718 50331719 50331720 50331721 50331722 50331723 50331724 50331745 50331746 50331754 50331755 50331756 50331757 50331758 50331759 50331760 50331761 50331762 50331763 50331764 50331765 50331766 50331767 50331768 50331769 50331770 50331771 50331772 50331773 50331774 50331775 50331776 50331777 50331778 50331779 50331780 50331781 50331782 50331783 50331784 50331785 50331786 50331787 50331788 50331789 50331790 50331791 50331792 50331793 50331794 50331795 50331796 50331797 50331798 50331799 50331800 50331801 50331802 50331803 50331804 50331805 50331806 50331807 50331808 50331809 50331810 50331811 50331812 50331813 50331814 50331815 50331816 50331817 50331818 50331819 50331820 50331821 50331838 50331839 50331840 50332168 50332169 50332170 50332173 50332174 50332215 50332216 50332217 50341648 50341649 50341650 50341651 50341652 50341653 50341654 50341655 50341656 50341657 50341658 50341659 50341668 50341669 50341670 50341671 50341672 50341675 50341676 50341677 50341678 50341679 50341680 50341685 50341686 50341687 50341688 50341689 50341690 50341691 50341692 50341693 50341694 50341695 50341696 50341697 50341698 50341699 50341700 50341701 50341702 50341703 50341704 50341705 50341706 50341707 50341708 50341709 50341710 50341711 50341712 50341713 50341714 50341715 50341716 50341717 50341722 50341739 50341740 </measTypes>
            <measValue measObjLdn="MML00172HUNB001/ULoCell:NodeB Function Name=MML00172HUNB001, Local Cell ID=10041, Cell Name=TAYUMU1">
                <measResults>710533 97635 47904 608274 96446 3706 1323 784 0 0 0 0 0 0 8486 23563 9741 10122 12728 15220 28182 24023 42389 51181 80048 98873 121860 134684 131448 147452 95312 95251 69535 60632 46443 31834 24912 18092 15580 14416 21878 16184 12194 8247 4039 4170 15849 847395 0 0 0 0 0 0 0 0 0 403232 437075 856156 1182725 4374222058 0 48866 2648 838 1200 4010 4995 30299 10862 9757 8123 14540 17321 23815 24262 38163 44546 69192 90234 116723 84287 68513 48250 29020 20830 12073 8472 5590 3552 2579 3240 9295 0 0 0 0 0 0 0 0 0 0 0 0 0 0 0 0 0 0 0 0 0 0 0 0 0 0 0 0 0 0 0 0 0 0 0 0 4373905997 833161 35813 0 0 0 0 0 0 0 0 118 304 4 372 999 2 118 255 373 808 999 462 1204565 5888059 5754 1205771 2607284 11 59 0 259 724 1 0 17 0 4.174 11.983 11.19 13 0.022 19 66 2 0 0 0 0 0 0 NIL 690 778 510 0 0 0 0 0 0 0 0 0 0 0 0 12678 0 2 </measResults>
            </measValue>
            <measValue measObjLdn="MML00172HUNB001/ULoCell:NodeB Function Name=MML00172HUNB001, Local Cell ID=10042, Cell Name=TAYUMU2">
                <measResults>758735 71325 41107 687937 65551 3166 1322 759 0 0 0 0 0 0 7259 44697 17805 24124 26271 31618 58445 52372 80347 79909 98533 95013 117421 111772 87438 90996 59777 68876 59422 73333 70330 66550 65408 58683 54086 50454 90880 83887 68398 30966 13513 9386 150496 855795 0 0 0 0 0 0 0 0 0 258652 462056 871204 1379632 6180628507 0 57501 10171 1370 1466 3171 4937 33359 25054 23362 20840 27193 32321 40095 42333 43472 36563 37574 30324 42238 19749 20446 21319 19486 26030 21725 27397 30094 26934 27578 34313 82416 0 0 0 0 0 0 0 0 0 0 0 0 0 0 0 0 0 0 0 0 0 0 0 0 0 0 0 0 0 0 0 0 0 0 0 0 6179744841 860598 76590 0 0 0 0 0 0 0 0 121 328 5 332 995 2 121 249 332 690 999 478 1703202 8422434 0 1704907 3563184 12 58 0 260 726 0 0 16 0 3.933 12.065 11.826 13 0.023 42 90 4 0 0 0 0 0 0 NIL 706 789 535 0 0 0 0 0 0 0 0 0 0 0 0 15130 0 1 </measResults>
            </measValue>
            <measValue measObjLdn="MML00172HUNB001/ULoCell:NodeB Function Name=MML00172HUNB001, Local Cell ID=10043, Cell Name=TAYUMU3">
                <measResults>30782 4104 4987 26282 3663 550 197 90 0 0 0 0 0 0 718 2236 2369 1212 1674 2235 3284 4031 6585 8352 10225 11278 11444 11095 8829 8562 6287 5778 4691 5273 4240 2639 2434 1339 1385 1282 1907 1291 958 551 335 174 128 35478 0 0 0 0 0 0 0 0 0 9961 29791 39880 44260 158187534 0 4324 587 81 183 413 94 2464 729 706 639 927 1337 1447 1622 2355 2533 3114 2823 3361 2620 2042 2106 1501 807 366 200 116 165 104 59 54 0 0 0 0 0 0 0 0 0 0 0 0 0 0 0 0 0 0 0 0 0 0 0 0 0 0 0 0 0 0 0 0 0 0 0 0 158170919 43826 5004 0 0 0 0 0 0 0 0 5 219 0 14 796 0 15 196 40 505 350 24 43508 2354614 0 124309 1812833 0 27 0 12 672 0 0 0 0 0.194 10.742 13.445 14 0 2 6 0 0 0 0 0 0 0 NIL 805 841 707 0 0 0 0 0 0 0 0 0 0 0 0 11855 0 0 </measResults>
            </measValue>
            <measValue measObjLdn="MML00172HUNB001/ULoCell:NodeB Function Name=MML00172HUNB001, Local Cell ID=50041, Cell Name=TAYUMN4">
                <measResults>473966 53562 51704 415621 51831 3707 1679 1128 0 0 0 0 0 0 8279 4052 1639 673 640 649 1012 951 1677 2233 4238 5961 10672 16762 25594 43381 38047 59937 63271 90412 96300 101422 118991 112944 128606 137226 257701 249377 224019 140858 86900 44528 68461 578884 0 0 0 0 0 0 0 0 0 249173 261685 579319 718623 4096666219 0 74843 11214 2224 2007 4328 4989 29114 3975 3896 3314 8921 6707 49094 17273 10268 8890 12189 12981 16913 20761 24205 28975 26222 30240 24620 24266 26435 10775 23580 11182 44339 0 0 0 0 0 0 0 0 0 0 0 0 0 0 0 0 0 0 0 0 0 0 0 0 0 0 0 0 0 0 0 0 0 0 0 0 4095846103 561177 38040 0 0 0 0 0 0 0 0 80 277 2 211 998 1 80 251 211 663 997 311 1129828 11310011 555 1133228 3632887 14 93 0 184 865 0 0 316 0 2.694 12.083 12.74 14 0.009 20 75 3 0 0 0 0 0 0 NIL 862 907 762 0 0 0 0 0 0 0 0 0 0 0 0 23605 0 0 </measResults>
            </measValue>
            <measValue measObjLdn="MML00172HUNB001/ULoCell:NodeB Function Name=MML00172HUNB001, Local Cell ID=50042, Cell Name=TAYUMN5">
                <measResults>659946 79843 50981 576767 75035 5045 1911 1188 0 0 0 0 0 0 7708 596 1896 506 452 577 640 721 1276 1703 3057 4548 7527 12933 22126 40108 45286 72356 89356 117335 146080 137679 146985 126815 130208 125418 201243 251606 249692 191811 202134 726454 124590 790347 0 0 0 0 0 0 0 0 0 308734 357478 790802 955736 4891986259 0 126613 13039 1280 1203 5598 3570 54662 13157 5738 4121 19333 12896 28794 15363 31236 21469 32405 24248 30479 32432 38173 36624 24448 30183 17774 21759 20992 12837 18160 14330 77591 0 0 0 0 0 0 0 0 0 0 0 0 0 0 0 0 0 0 0 0 0 0 0 0 0 0 0 0 0 0 0 0 0 0 0 0 4891471019 667995 8681 0 0 0 0 0 0 0 0 109 363 12 236 994 4 109 289 236 624 1000 371 1346257 11422138 6013 1346257 3628725 13 114 1 194 834 0 0 2 0 3 12.901 12.663 13.358 0.049 4 143 15 1 0 0 0 0 0 NIL 859 897 768 0 0 0 0 0 0 0 0 0 0 0 0 24239 0 0 </measResults>
            </measValue>
            <measValue measObjLdn="MML00172HUNB001/ULoCell:NodeB Function Name=MML00172HUNB001, Local Cell ID=50043, Cell Name=TAYUMN6">
                <measResults>321036 48739 21642 272461 44069 3054 901 551 0 0 0 0 0 0 3173 217 1035 628 444 601 703 823 1122 1420 2440 3433 5008 7119 9747 15986 17876 27343 27885 37871 38387 36203 41110 38981 40470 39975 66019 65203 78600 87664 117743 234748 45131 391448 0 0 0 0 0 0 0 0 0 195234 151092 391457 415609 3382920366 0 40997 4679 404 1357 2178 1446 15641 1224 1337 1561 7307 3394 6065 5514 7040 8059 11563 13989 16138 21517 26780 26062 23279 26093 19635 19817 18968 8329 9602 6042 35233 0 0 0 0 0 0 0 0 0 0 0 0 0 0 0 0 0 0 0 0 0 0 0 0 0 0 0 0 0 0 0 0 0 0 0 0 3382758118 378664 8292 0 0 0 0 0 0 0 0 54 263 0 161 996 0 57 253 170 756 949 210 932913 7022661 0 983048 4442443 6 80 0 143 899 0 0 0 0 2.201 13.94 13.628 14 0 4 37 1 0 0 0 0 0 0 NIL 899 918 837 0 0 0 0 0 0 0 0 0 0 0 0 23535 0 0 </measResults>
            </measValue>
            <measValue measObjLdn="MML00172HUNB001/ULoCell:NodeB Function Name=MML00172HUNB001, Local Cell ID=60041, Cell Name=TAYUMN1">
                <measResults>476453 54750 39328 418646 53123 2948 994 742 0 0 0 0 0 0 6441 9754 6103 5146 8472 9714 21891 17764 33916 37186 57134 60637 75938 83701 90872 123308 108783 121600 116679 128145 141187 113017 121079 100320 103747 89641 130022 81348 32449 8790 2927 1752 71056 561973 0 0 0 0 0 0 0 0 0 321132 178409 570597 665794 4226329136 0 64041 9814 553 841 4497 2733 31335 5504 4188 3738 10340 12596 12957 7729 14252 10863 18647 12599 18490 17014 20454 27397 22537 31553 30318 39388 39692 29075 20749 15712 30548 0 0 0 0 0 0 0 0 0 0 0 0 0 0 0 0 0 0 0 0 0 0 0 0 0 0 0 0 0 0 0 0 0 0 0 0 4225666869 532806 22458 0 0 0 0 0 0 0 0 79 283 3 208 994 1 79 261 208 689 999 296 1165234 10277090 1066 1166400 3936601 10 103 0 168 833 0 0 11 0 2.451 12.419 11.763 13 0.016 12 85 4 0 0 0 0 0 0 NIL 848 889 781 0 0 0 0 0 0 0 0 0 0 0 0 17978 0 0 </measResults>
            </measValue>
            <measValue measObjLdn="MML00172HUNB001/ULoCell:NodeB Function Name=MML00172HUNB001, Local Cell ID=60042, Cell Name=TAYUMN2">
                <measResults>476165 65226 86794 403386 60076 7123 3345 2235 0 0 0 0 0 0 12842 6854 6642 5865 7591 13867 32722 42394 48259 40649 52934 61382 77118 89445 104142 140711 124724 154538 148984 170342 167628 153739 150332 138493 134815 122217 175666 165177 153914 88338 60896 81707 84236 622507 0 0 0 0 0 0 0 0 0 247007 296996 628239 732806 3207876032 0 104416 16020 946 1259 6175 4014 45964 11707 7478 6474 15910 15357 24172 18303 23507 12308 19156 15346 19443 18145 19990 26153 19976 30574 15466 18220 19759 16135 13996 14337 47296 0 0 0 0 0 0 0 0 0 0 0 0 0 0 0 0 0 0 0 0 0 0 0 0 0 0 0 0 0 0 0 0 0 0 0 0 3207147715 565341 23783 0 0 0 0 0 0 0 0 87 321 6 188 959 2 87 269 188 581 1000 314 883177 6211902 3053 883177 2812666 14 102 1 152 755 0 0 5 0 2.175 11.506 11.534 13 0.025 12 106 8 0 0 0 0 0 0 NIL 839 885 738 0 0 0 0 0 0 0 0 0 0 0 0 18165 0 0 </measResults>
            </measValue>
            <measValue measObjLdn="MML00172HUNB001/ULoCell:NodeB Function Name=MML00172HUNB001, Local Cell ID=60043, Cell Name=TAYUMN3">
                <measResults>273762 32999 15352 238532 31468 2083 1209 470 0 0 0 0 0 0 1567 1384 2051 1621 2629 3203 5523 5946 11310 14403 23275 27069 35695 40465 45179 57577 45257 59517 47999 63705 56220 49151 53946 53068 49381 52299 66398 54140 46001 37790 27175 10568 33309 320915 0 0 0 0 0 0 0 0 0 160161 128661 322131 334326 2824812898 0 31257 6097 258 272 1552 963 13621 1568 1607 1864 5033 3188 5030 4391 7451 7900 11886 12093 15862 16461 12878 13763 10488 17093 14565 21290 21108 18015 14431 12038 18033 0 0 0 0 0 0 0 0 0 0 0 0 0 0 0 0 0 0 0 0 0 0 0 0 0 0 0 0 0 0 0 0 0 0 0 0 2824484072 311702 7277 0 0 0 0 0 0 0 0 44 259 0 131 963 0 46 251 135 738 971 173 779017 8285371 0 802283 4502988 6 74 0 114 848 0 0 6 0 1.751 12.736 13.338 14 0 3 33 0 0 0 0 0 0 0 NIL 892 912 817 0 0 0 0 0 0 0 0 0 0 0 0 18025 0 0 </measResults>
            </measValue>
        </measInfo>
        <measInfo measInfoId="50331650">
            <granPeriod duration="PT3600S" endTime="2021-08-19T12:00:00+08:00"/>
            <repPeriod duration="PT3600S"/>
            <measTypes>50332548 50332549 50332550 50332554 50342548 50342549 50342550 50342554 50342612 50342613 50342615 50342616 </measTypes>
            <measValue measObjLdn="MML00172HUNB001/ULoCell:NodeB Function Name=MML00172HUNB001, Local Cell ID=10041, Cell Name=TAYUMU1">
                <measResults>0 0 29.233 17.114 0 0 48 26 0 0 0 0 </measResults>
            </measValue>
            <measValue measObjLdn="MML00172HUNB001/ULoCell:NodeB Function Name=MML00172HUNB001, Local Cell ID=10042, Cell Name=TAYUMU2">
                <measResults>0 0 24.521 14.053 0 0 51 27 0 0 0 0 </measResults>
            </measValue>
            <measValue measObjLdn="MML00172HUNB001/ULoCell:NodeB Function Name=MML00172HUNB001, Local Cell ID=10043, Cell Name=TAYUMU3">
                <measResults>0 0 3.197 2.279 0 0 13 7 0 0 0 0 </measResults>
            </measValue>
            <measValue measObjLdn="MML00172HUNB001/ULoCell:NodeB Function Name=MML00172HUNB001, Local Cell ID=50041, Cell Name=TAYUMN4">
                <measResults>0 0 23.422 10.417 0 0 46 21 0 0 0 0 </measResults>
            </measValue>
            <measValue measObjLdn="MML00172HUNB001/ULoCell:NodeB Function Name=MML00172HUNB001, Local Cell ID=50042, Cell Name=TAYUMN5">
                <measResults>0 0 25.526 11.479 0 0 43 21 0 0 0 0 </measResults>
            </measValue>
            <measValue measObjLdn="MML00172HUNB001/ULoCell:NodeB Function Name=MML00172HUNB001, Local Cell ID=50043, Cell Name=TAYUMN6">
                <measResults>0 0 7.977 3.153 0 0 20.5 10 0 0 0 0 </measResults>
            </measValue>
            <measValue measObjLdn="MML00172HUNB001/ULoCell:NodeB Function Name=MML00172HUNB001, Local Cell ID=60041, Cell Name=TAYUMN1">
                <measResults>0 0 28.64 14.951 0 0 48.5 27 0 0 0 0 </measResults>
            </measValue>
            <measValue measObjLdn="MML00172HUNB001/ULoCell:NodeB Function Name=MML00172HUNB001, Local Cell ID=60042, Cell Name=TAYUMN2">
                <measResults>0 0 32.809 16.078 0 0 61 30 0 0 0 0 </measResults>
            </measValue>
            <measValue measObjLdn="MML00172HUNB001/ULoCell:NodeB Function Name=MML00172HUNB001, Local Cell ID=60043, Cell Name=TAYUMN3">
                <measResults>0 0 8.965 4.111 0 0 20.5 10 0 0 0 0 </measResults>
            </measValue>
        </measInfo>
        <measInfo measInfoId="50331651">
            <granPeriod duration="PT3600S" endTime="2021-08-19T12:00:00+08:00"/>
            <repPeriod duration="PT3600S"/>
            <measTypes>50331850 50331851 50331852 50331853 50331854 50331855 50331856 50331857 50331858 50331859 50331860 50331861 50331862 50331863 50331864 50331865 50331866 50331867 50331868 50331869 50331870 50331871 50331872 50331873 50331874 50331875 50331876 50331877 50331878 50331879 50331885 50331886 50331887 50331888 50331889 50331892 50331903 50331904 50331908 50331925 50331926 50331927 50331928 50331929 50331930 50331931 50331957 50331958 50331959 50331961 50331962 50331963 50331964 50331965 50331966 50331967 50331971 50331972 50331973 50331974 50331987 50331988 50331989 50331990 50331991 50331992 50331993 50331995 50332378 50332379 50332380 50332385 50332386 50332387 50332498 50332499 50332500 50332501 50332503 50332507 50332623 50332638 50341849 50341850 50341851 50341852 50341853 50341854 50341855 50341856 50341857 50341858 50341859 50341864 50341865 50341866 50341868 50341869 50341870 50341871 50341872 50341873 50341874 50341875 50341876 50341877 50341878 50341879 50341880 50341881 50341882 50341883 50341884 50341885 50341886 50341887 50341888 50341889 50341890 50341891 50341892 50341893 50341894 50341895 50341896 50341897 50341898 50341980 50341981 50341982 50341983 50341984 50341985 50341986 50341994 50361698 50361699 50361701 </measTypes>
            <measValue measObjLdn="MML00172HUNB001/ULoCell:NodeB Function Name=MML00172HUNB001, Local Cell ID=10041, Cell Name=TAYUMU1">
                <measResults>1771964 15949 2779 1215 914 1067 848 540 718 526 422 333 267 242 258 222 259 255 224 216 317 157 125 118 14 104 1556 926376 1800053 1311802 462275 93216 9431147 374708 62106 8 303 866 1103412 3106 1000 749 540 495 302 0 1 38 30 4135 1092 797 625 560 200 0 4126 7264 5907 55871 9691 24319 73412 191385 78273 15691 3734 544693 453279 45834 287754 0.43 40663 423780 0 0 NIL NIL 0 0.398 0 0 79 1.244 5.182 0.045 0.139 2 0 0 0 54 0 97 82 0 NIL NIL 1.294 0.025 0.001 0 0 0 329.076 64.158 36.774 23.406 13.974 8.232 0 532045.687 4.34 0.337 0.194 0.109 0.135 0.019 0.002 0 1.182 0 0 89 NIL NIL 512 2209.74 6098.994 23601.684 80664.461 34744.758 10409.468 3053.65 140824.563 0 NIL 0 </measResults>
            </measValue>
            <measValue measObjLdn="MML00172HUNB001/ULoCell:NodeB Function Name=MML00172HUNB001, Local Cell ID=10042, Cell Name=TAYUMU2">
                <measResults>1785173 9185 1693 462 285 208 154 165 281 284 249 238 221 170 170 132 127 109 69 66 71 49 51 58 3 364 851 946745 1800037 1414042 740952 188098 8405162 662889 128273 12 326 509 1106394 1531 372 250 100 100 0 0 2 71 63 2070 419 264 116 116 0 0 4295 5115 7561 238930 16651 41063 57356 91417 62715 61986 35938 506381 664076 326068 256387 0.426 274847 407021 0 0 NIL NIL 0 0.33 0 0 84 1.523 7.258 0.047 0.152 4 0 0 0 60 0 130 100 0 NIL NIL 1.828 0.179 0.003 0 0 0 540.672 119.718 71.688 29.208 29.208 0 0 733882.688 3.471 0.324 0.135 0.071 0.121 0.032 0.005 0.001 1.474 0 0 127 NIL NIL 286 4932.648 18244.807 23577.475 36745.613 31619.525 42018.824 24822.721 81654.969 0 NIL 0 </measResults>
            </measValue>
            <measValue measObjLdn="MML00172HUNB001/ULoCell:NodeB Function Name=MML00172HUNB001, Local Cell ID=10043, Cell Name=TAYUMU3">
                <measResults>1796771 487 263 225 161 168 152 139 253 222 198 175 164 120 134 86 82 70 47 30 49 34 8 0 0 12 258 96545 836126 230256 63246 16205 859752 37753 11045 1 126 278 92562 0 0 0 0 0 0 0 0 13 10 0 0 0 0 0 0 0 1205 3939 1370 11819 778 3014 12340 21407 4239 681 33 69638 23200 8611 16477 0.066 6095 17940 0 0 NIL NIL 0 0.054 0 0 87 0.138 1.632 0.003 0.048 6 0 0 0 31 0 12 6 0 NIL NIL 0.189 0.005 0 0 0 0 0 0 0 0 0 0 0 60659.941 0.342 0.03 0.018 0.008 0.013 0.004 0 0 0.159 0 0 61 NIL NIL 624 158.808 808.488 3143.992 5637.588 1839.108 280.452 43.188 10977.888 0 NIL 0 </measResults>
            </measValue>
            <measValue measObjLdn="MML00172HUNB001/ULoCell:NodeB Function Name=MML00172HUNB001, Local Cell ID=50041, Cell Name=TAYUMN4">
                <measResults>868128 318900 198601 144037 98680 64868 38362 22189 20517 9525 5936 3693 2304 881 541 471 341 261 281 291 287 271 79 299 24 275 2093 1182840 1800042 1388127 880593 283648 11346037 679838 149188 7 347 742 904495 51906 6319 4095 1226 855 562 34 12 121 96 124861 14755 8556 2370 1320 877 137 27468 37711 29688 357657 456 663 1833 16867 75869 165281 149134 538167 507023 307456 184237 0.582 273164 250719 0 0 NIL NIL 0 0.404 0 0 82 1.666 6.084 0.056 0.156 6 0 0 0 70 0 143 106 0 NIL NIL 2.861 0.154 0.004 0.001 0 0 60075.516 9397.468 4314.006 278.766 146.73 64.836 14.406 638436.5 4.405 0.245 0.105 0.05 0.067 0.013 0.004 0.002 2.27 0 0 106 NIL NIL 401 241.068 237.252 654.696 4246.036 21171.516 70548.086 90259.047 96793.352 0 NIL 0 </measResults>
            </measValue>
            <measValue measObjLdn="MML00172HUNB001/ULoCell:NodeB Function Name=MML00172HUNB001, Local Cell ID=50042, Cell Name=TAYUMN5">
                <measResults>119995 335016 395270 364009 246556 138960 70732 38325 36742 19237 12228 6796 5445 3704 2316 1534 790 460 218 206 402 401 47 65 70 520 2488 1636259 1800044 1705508 1639634 364564 12846473 1420590 270224 13 407 681 1297719 168355 20925 13706 6103 3468 990 250 20 152 113 655150 74783 49714 21336 9951 2075 559 232810 49127 26595 574174 984 766 1982 34066 146502 232927 361447 1941979 774558 506695 345578 1.136 404491 399145 0 0 NIL NIL 0 0.812 0 0 90 2.887 7.626 0.102 0.267 19 0 0 0 68 0 255 188 0 NIL NIL 4.208 0.22 0.009 0.002 0 0 169804.125 18487.918 11859.566 4473.572 1843.052 304.536 74.97 971236.875 4.758 0.408 0.182 0.096 0.096 0.013 0.003 0 3.188 0 2 91 NIL NIL 579 332.304 207.918 532.608 9466.986 39168.922 71728.133 147948.453 158878.953 0 NIL 0 </measResults>
            </measValue>
            <measValue measObjLdn="MML00172HUNB001/ULoCell:NodeB Function Name=MML00172HUNB001, Local Cell ID=50043, Cell Name=TAYUMN6">
                <measResults>1549443 74346 40809 29192 21454 15049 11025 9556 14610 12685 7506 4664 3100 2283 1265 665 554 338 302 151 154 217 277 210 36 154 1890 590054 1772703 929573 606322 113301 5463616 471207 66359 8 199 426 517227 27844 6466 3964 1329 845 482 200 10 62 45 45660 9544 5725 2305 1600 1256 407 1271 3517 5426 390946 71 202 1123 9849 33490 43184 47608 86269 343847 296424 56236 0.236 267372 88565 0 0 NIL NIL 0 0.106 0 0 86 0.759 4.664 0.036 0.135 2 0 0 0 83 0 51 38 0 NIL NIL 2.184 0.17 0.007 0.001 0 0 17925.893 3689.042 2145.44 566.802 296.022 172.086 43.038 464823.375 1.218 0.093 0.045 0.025 0.032 0.008 0.002 0.001 1.695 0 1 84 NIL NIL 104 33.666 71.112 637.308 5633.49 20678.139 28632.986 49561.918 20985.527 0 NIL 0 </measResults>
            </measValue>
            <measValue measObjLdn="MML00172HUNB001/ULoCell:NodeB Function Name=MML00172HUNB001, Local Cell ID=60041, Cell Name=TAYUMN1">
                <measResults>0 0 0 371 20793 124790 290501 362443 539416 280896 102605 35605 17761 10222 5972 3631 2086 930 482 459 246 150 99 74 20 492 3084 1655497 1800012 1498146 954652 293685 10332283 694455 108425 11 420 683 984318 1436688 135969 42181 9336 4771 172 0 2 108 84 3662289 459773 144429 32310 15956 447 0 41703 41344 29153 324050 3060 9466 21398 138537 162569 95765 16133 634960 460965 282986 219412 0.636 219447 258786 0 0 NIL NIL 0 0.48 0 0 117 2.088 7.302 0.051 0.186 7 0 0 0 48 0 146 96 0 NIL NIL 2.258 0.116 0.006 0.003 0 0 593440.375 128482.773 66179.742 26292.279 14843.036 58.8 0 604950.438 4.864 0.299 0.102 0.052 0.064 0.015 0.005 0.001 1.839 0 5 54 NIL NIL 401 907.986 3295.592 6425.442 36568.719 70789.039 63033.152 10672.378 108731.016 0 NIL 0 </measResults>
            </measValue>
            <measValue measObjLdn="MML00172HUNB001/ULoCell:NodeB Function Name=MML00172HUNB001, Local Cell ID=60042, Cell Name=TAYUMN2">
                <measResults>0 0 0 0 0 0 0 0 0 87 147834 697161 550309 233741 99018 44437 15894 5049 2364 1276 966 411 247 172 34 1045 12437 2189100 1800045 1742337 1821640 1359080 12430725 1552613 1214382 13 538 793 1297657 1742292 1742292 1675782 405920 144297 390 0 10 145 124 8053354 8053354 7848061 2489585 852801 2096 0 161995 79467 39065 343695 6313 28959 32980 183992 317805 291259 184624 3015036 549987 337648 379624 1.806 181276 392880 0 0 NIL NIL 0 1.452 0 0 106 4.474 12.806 0.101 0.218 21 2 0 0 55 0 351 260 3 NIL NIL 2.477 0.116 0.002 0 0 0 750328.063 750328.063 736211.688 243507.281 88190.273 528.342 0 750328.063 7.957 0.437 0.172 0.08 0.096 0.017 0.004 0 1.934 0 51 50 NIL NIL 647 969.684 7753.37 7519.716 38749.066 70660.906 83394.234 63920.133 187593.438 0 NIL 0 </measResults>
            </measValue>
            <measValue measObjLdn="MML00172HUNB001/ULoCell:NodeB Function Name=MML00172HUNB001, Local Cell ID=60043, Cell Name=TAYUMN3">
                <measResults>0 0 0 0 597 29263 209868 468249 742973 255183 55325 18197 9727 3420 2403 1656 1019 521 384 228 257 162 125 132 21 336 2236 514853 1779590 1098700 608271 154343 5104650 474967 111153 7 286 289 574024 1096493 54893 19163 1470 985 350 50 1 52 33 1900611 130173 48936 3285 2449 1380 0 84735 14660 8190 230387 4256 9789 22708 52832 52930 56160 27407 493816 256392 184854 97243 0.408 131254 134801 0 0 NIL NIL 0 0.286 0 0 73 1.056 4.752 0.037 0.133 16 0 0 0 56 0 86 61 0 NIL NIL 1.591 0.07 0.003 0.001 0 0 351548.344 28544.916 8493.372 812.142 469.278 13.914 0 351793.156 1.908 0.137 0.073 0.043 0.048 0.01 0.002 0 1.305 0 13 86 NIL NIL 502 1304.274 3057.168 7776.582 20289.551 27558.795 29483.17 7897.788 62443.676 0 NIL 0 </measResults>
            </measValue>
        </measInfo>
        <measInfo measInfoId="50331653">
            <granPeriod duration="PT3600S" endTime="2021-08-19T12:00:00+08:00"/>
            <repPeriod duration="PT3600S"/>
            <measTypes>50331748 50331749 50331750 50331751 50331752 50331753 50361697 </measTypes>
            <measValue measObjLdn="MML00172HUNB001/ULoCell:NodeB Function Name=MML00172HUNB001, Local Cell ID=10041, Cell Name=TAYUMU1">
                <measResults>0.151 0.133 0.151 0.126 0 0 0.325 </measResults>
            </measValue>
            <measValue measObjLdn="MML00172HUNB001/ULoCell:NodeB Function Name=MML00172HUNB001, Local Cell ID=10042, Cell Name=TAYUMU2">
                <measResults>0.512 0.412 0.512 0.325 0 0 0.3 </measResults>
            </measValue>
            <measValue measObjLdn="MML00172HUNB001/ULoCell:NodeB Function Name=MML00172HUNB001, Local Cell ID=10043, Cell Name=TAYUMU3">
                <measResults>0.025 0.019 0.025 0.019 0 0 0.146 </measResults>
            </measValue>
            <measValue measObjLdn="MML00172HUNB001/ULoCell:NodeB Function Name=MML00172HUNB001, Local Cell ID=50041, Cell Name=TAYUMN4">
                <measResults>0.924 0.708 0.924 0.599 0 0 0.101 </measResults>
            </measValue>
            <measValue measObjLdn="MML00172HUNB001/ULoCell:NodeB Function Name=MML00172HUNB001, Local Cell ID=50042, Cell Name=TAYUMN5">
                <measResults>1.369 1.193 1.369 1.161 0 0 0.101 </measResults>
            </measValue>
            <measValue measObjLdn="MML00172HUNB001/ULoCell:NodeB Function Name=MML00172HUNB001, Local Cell ID=50043, Cell Name=TAYUMN6">
                <measResults>0.717 0.66 0.717 0.635 0 0 0.106 </measResults>
            </measValue>
            <measValue measObjLdn="MML00172HUNB001/ULoCell:NodeB Function Name=MML00172HUNB001, Local Cell ID=60041, Cell Name=TAYUMN1">
                <measResults>0.783 0.661 0.783 0.646 0 0 0.414 </measResults>
            </measValue>
            <measValue measObjLdn="MML00172HUNB001/ULoCell:NodeB Function Name=MML00172HUNB001, Local Cell ID=60042, Cell Name=TAYUMN2">
                <measResults>0.928 0.789 0.928 0.767 0 0 0.337 </measResults>
            </measValue>
            <measValue measObjLdn="MML00172HUNB001/ULoCell:NodeB Function Name=MML00172HUNB001, Local Cell ID=60043, Cell Name=TAYUMN3">
                <measResults>0.535 0.443 0.535 0.435 0 0 0.146 </measResults>
            </measValue>
        </measInfo>
        <measInfo measInfoId="50331658">
            <granPeriod duration="PT3600S" endTime="2021-08-19T12:00:00+08:00"/>
            <repPeriod duration="PT3600S"/>
            <measTypes>50332250 50332251 50332410 50332411 </measTypes>
            <measValue measObjLdn="MML00172HUNB001/ULoCell:NodeB Function Name=MML00172HUNB001, Local Cell ID=10041, Cell Name=TAYUMU1">
                <measResults>0 0 0 0 </measResults>
            </measValue>
            <measValue measObjLdn="MML00172HUNB001/ULoCell:NodeB Function Name=MML00172HUNB001, Local Cell ID=10042, Cell Name=TAYUMU2">
                <measResults>0 0 0 0 </measResults>
            </measValue>
            <measValue measObjLdn="MML00172HUNB001/ULoCell:NodeB Function Name=MML00172HUNB001, Local Cell ID=10043, Cell Name=TAYUMU3">
                <measResults>0 0 0 0 </measResults>
            </measValue>
            <measValue measObjLdn="MML00172HUNB001/ULoCell:NodeB Function Name=MML00172HUNB001, Local Cell ID=50041, Cell Name=TAYUMN4">
                <measResults>0 0 0 0 </measResults>
            </measValue>
            <measValue measObjLdn="MML00172HUNB001/ULoCell:NodeB Function Name=MML00172HUNB001, Local Cell ID=50042, Cell Name=TAYUMN5">
                <measResults>0 0 0 0 </measResults>
            </measValue>
            <measValue measObjLdn="MML00172HUNB001/ULoCell:NodeB Function Name=MML00172HUNB001, Local Cell ID=50043, Cell Name=TAYUMN6">
                <measResults>0 0 0 0 </measResults>
            </measValue>
            <measValue measObjLdn="MML00172HUNB001/ULoCell:NodeB Function Name=MML00172HUNB001, Local Cell ID=60041, Cell Name=TAYUMN1">
                <measResults>0 0 0 0 </measResults>
            </measValue>
            <measValue measObjLdn="MML00172HUNB001/ULoCell:NodeB Function Name=MML00172HUNB001, Local Cell ID=60042, Cell Name=TAYUMN2">
                <measResults>0 0 0 0 </measResults>
            </measValue>
            <measValue measObjLdn="MML00172HUNB001/ULoCell:NodeB Function Name=MML00172HUNB001, Local Cell ID=60043, Cell Name=TAYUMN3">
                <measResults>0 0 0 0 </measResults>
            </measValue>
        </measInfo>
        <measInfo measInfoId="50331660">
            <granPeriod duration="PT3600S" endTime="2021-08-19T12:00:00+08:00"/>
            <repPeriod duration="PT3600S"/>
            <measTypes>50361670 50361671 50361672 50361673 </measTypes>
            <measValue measObjLdn="MML00172HUNB001/ULoCell:NodeB Function Name=MML00172HUNB001, Local Cell ID=10041, Cell Name=TAYUMU1">
                <measResults>0 0 0 0 </measResults>
            </measValue>
            <measValue measObjLdn="MML00172HUNB001/ULoCell:NodeB Function Name=MML00172HUNB001, Local Cell ID=10042, Cell Name=TAYUMU2">
                <measResults>0 0 0 0 </measResults>
            </measValue>
            <measValue measObjLdn="MML00172HUNB001/ULoCell:NodeB Function Name=MML00172HUNB001, Local Cell ID=10043, Cell Name=TAYUMU3">
                <measResults>0 0 0 0 </measResults>
            </measValue>
            <measValue measObjLdn="MML00172HUNB001/ULoCell:NodeB Function Name=MML00172HUNB001, Local Cell ID=50041, Cell Name=TAYUMN4">
                <measResults>0 0 0 0 </measResults>
            </measValue>
            <measValue measObjLdn="MML00172HUNB001/ULoCell:NodeB Function Name=MML00172HUNB001, Local Cell ID=50042, Cell Name=TAYUMN5">
                <measResults>0 0 0 0 </measResults>
            </measValue>
            <measValue measObjLdn="MML00172HUNB001/ULoCell:NodeB Function Name=MML00172HUNB001, Local Cell ID=50043, Cell Name=TAYUMN6">
                <measResults>0 0 0 0 </measResults>
            </measValue>
            <measValue measObjLdn="MML00172HUNB001/ULoCell:NodeB Function Name=MML00172HUNB001, Local Cell ID=60041, Cell Name=TAYUMN1">
                <measResults>0 0 0 0 </measResults>
            </measValue>
            <measValue measObjLdn="MML00172HUNB001/ULoCell:NodeB Function Name=MML00172HUNB001, Local Cell ID=60042, Cell Name=TAYUMN2">
                <measResults>0 0 0 0 </measResults>
            </measValue>
            <measValue measObjLdn="MML00172HUNB001/ULoCell:NodeB Function Name=MML00172HUNB001, Local Cell ID=60043, Cell Name=TAYUMN3">
                <measResults>0 0 0 0 </measResults>
            </measValue>
        </measInfo>
        <measInfo measInfoId="50331661">
            <granPeriod duration="PT3600S" endTime="2021-08-19T12:00:00+08:00"/>
            <repPeriod duration="PT3600S"/>
            <measTypes>50332048 50332049 50332050 50332051 </measTypes>
            <measValue measObjLdn="MML00172HUNB001/ULoCell:NodeB Function Name=MML00172HUNB001, Local Cell ID=10041, Cell Name=TAYUMU1">
                <measResults>24079 0 174544 0 </measResults>
            </measValue>
            <measValue measObjLdn="MML00172HUNB001/ULoCell:NodeB Function Name=MML00172HUNB001, Local Cell ID=10042, Cell Name=TAYUMU2">
                <measResults>34126 0 173899 0 </measResults>
            </measValue>
            <measValue measObjLdn="MML00172HUNB001/ULoCell:NodeB Function Name=MML00172HUNB001, Local Cell ID=10043, Cell Name=TAYUMU3">
                <measResults>9689 0 172147 0 </measResults>
            </measValue>
            <measValue measObjLdn="MML00172HUNB001/ULoCell:NodeB Function Name=MML00172HUNB001, Local Cell ID=50041, Cell Name=TAYUMN4">
                <measResults>52928 0 173923 0 </measResults>
            </measValue>
            <measValue measObjLdn="MML00172HUNB001/ULoCell:NodeB Function Name=MML00172HUNB001, Local Cell ID=50042, Cell Name=TAYUMN5">
                <measResults>57547 0 175365 0 </measResults>
            </measValue>
            <measValue measObjLdn="MML00172HUNB001/ULoCell:NodeB Function Name=MML00172HUNB001, Local Cell ID=50043, Cell Name=TAYUMN6">
                <measResults>20974 0 172953 0 </measResults>
            </measValue>
            <measValue measObjLdn="MML00172HUNB001/ULoCell:NodeB Function Name=MML00172HUNB001, Local Cell ID=60041, Cell Name=TAYUMN1">
                <measResults>45434 0 173926 0 </measResults>
            </measValue>
            <measValue measObjLdn="MML00172HUNB001/ULoCell:NodeB Function Name=MML00172HUNB001, Local Cell ID=60042, Cell Name=TAYUMN2">
                <measResults>70581 0 174649 0 </measResults>
            </measValue>
            <measValue measObjLdn="MML00172HUNB001/ULoCell:NodeB Function Name=MML00172HUNB001, Local Cell ID=60043, Cell Name=TAYUMN3">
                <measResults>31303 0 173104 0 </measResults>
            </measValue>
        </measInfo>
        <measInfo measInfoId="50331662">
            <granPeriod duration="PT3600S" endTime="2021-08-19T12:00:00+08:00"/>
            <repPeriod duration="PT3600S"/>
            <measTypes>50332052 50332053 50332054 50332070 50332505 </measTypes>
            <measValue measObjLdn="MML00172HUNB001/ULoCell:NodeB Function Name=MML00172HUNB001, Local Cell ID=10041, Cell Name=TAYUMU1">
                <measResults>0 100 1548358 0 0 </measResults>
            </measValue>
            <measValue measObjLdn="MML00172HUNB001/ULoCell:NodeB Function Name=MML00172HUNB001, Local Cell ID=10042, Cell Name=TAYUMU2">
                <measResults>0 139 1161897 0 0 </measResults>
            </measValue>
            <measValue measObjLdn="MML00172HUNB001/ULoCell:NodeB Function Name=MML00172HUNB001, Local Cell ID=10043, Cell Name=TAYUMU3">
                <measResults>0 15 364663 0 0 </measResults>
            </measValue>
            <measValue measObjLdn="MML00172HUNB001/ULoCell:NodeB Function Name=MML00172HUNB001, Local Cell ID=50041, Cell Name=TAYUMN4">
                <measResults>1 122 495201 0 0 </measResults>
            </measValue>
            <measValue measObjLdn="MML00172HUNB001/ULoCell:NodeB Function Name=MML00172HUNB001, Local Cell ID=50042, Cell Name=TAYUMN5">
                <measResults>0 113 644434 0 0 </measResults>
            </measValue>
            <measValue measObjLdn="MML00172HUNB001/ULoCell:NodeB Function Name=MML00172HUNB001, Local Cell ID=50043, Cell Name=TAYUMN6">
                <measResults>1 46 192502 0 0 </measResults>
            </measValue>
            <measValue measObjLdn="MML00172HUNB001/ULoCell:NodeB Function Name=MML00172HUNB001, Local Cell ID=60041, Cell Name=TAYUMN1">
                <measResults>42 117 1127388 0 0 </measResults>
            </measValue>
            <measValue measObjLdn="MML00172HUNB001/ULoCell:NodeB Function Name=MML00172HUNB001, Local Cell ID=60042, Cell Name=TAYUMN2">
                <measResults>78 146 1295179 0 0 </measResults>
            </measValue>
            <measValue measObjLdn="MML00172HUNB001/ULoCell:NodeB Function Name=MML00172HUNB001, Local Cell ID=60043, Cell Name=TAYUMN3">
                <measResults>0 70 360431 0 0 </measResults>
            </measValue>
        </measInfo>
        <measInfo measInfoId="50331663">
            <granPeriod duration="PT3600S" endTime="2021-08-19T12:00:00+08:00"/>
            <repPeriod duration="PT3600S"/>
            <measTypes>50331917 50332061 50332064 50332065 50332069 50332071 50332072 50332073 50332074 50332079 50332258 50332388 50332389 50332504 50332626 50332632 50332639 50332640 50332641 50332645 50342048 50342049 50342050 50342051 50361705 50361706 50361725 50361726 50361735 50361740 50361743 50361744 50361747 50361749 50361751 50361753 50361755 50361757 50361759 50361761 50361763 50361765 50361767 50361769 50361771 50361773 50361775 50361777 50361779 50361781 50361783 50361785 50361787 50361789 50361791 50361793 50361795 </measTypes>
            <measValue measObjLdn="MML00172HUNB001/ULoCell:NodeB Function Name=MML00172HUNB001, Local Cell ID=10041, Cell Name=TAYUMU1">
                <measResults>1000 2 255 0 0 0 0 0 0 0 7.032 0 2.128 0 0 0 0 0 NIL 0 27 128.937 0 0 0 0 0 NIL NIL NIL NIL NIL NIL NIL NIL NIL NIL NIL NIL NIL NIL NIL NIL NIL NIL NIL NIL NIL NIL NIL NIL NIL NIL NIL NIL NIL NIL </measResults>
            </measValue>
            <measValue measObjLdn="MML00172HUNB001/ULoCell:NodeB Function Name=MML00172HUNB001, Local Cell ID=10042, Cell Name=TAYUMU2">
                <measResults>999.901 3 256 0 0 0 0 0 0 0 6.529 0 2.305 0 0 0 0 0 NIL 0 25 115.484 0 0 0 0 0 NIL NIL NIL NIL NIL NIL NIL NIL NIL NIL NIL NIL NIL NIL NIL NIL NIL NIL NIL NIL NIL NIL NIL NIL NIL NIL NIL NIL NIL NIL </measResults>
            </measValue>
            <measValue measObjLdn="MML00172HUNB001/ULoCell:NodeB Function Name=MML00172HUNB001, Local Cell ID=10043, Cell Name=TAYUMU3">
                <measResults>967.887 0 256 0 0 0 0 0 0 0 1.886 0 0.22 0 0 0 3600 0 NIL 0 13 33.464 0 0 0 0 0 NIL NIL NIL NIL NIL NIL NIL NIL NIL NIL NIL NIL NIL NIL NIL NIL NIL NIL NIL NIL NIL NIL NIL NIL NIL NIL NIL NIL NIL NIL </measResults>
            </measValue>
            <measValue measObjLdn="MML00172HUNB001/ULoCell:NodeB Function Name=MML00172HUNB001, Local Cell ID=50041, Cell Name=TAYUMN4">
                <measResults>998.139 5 255 0 0 0 0 0 0 0 2.565 0 2.475 8.333 0 0 0 0 NIL 0 29 83.666 0 0 0 0 0 NIL NIL NIL NIL NIL NIL NIL NIL NIL NIL NIL NIL NIL NIL NIL NIL NIL NIL NIL NIL NIL NIL NIL NIL NIL NIL NIL NIL NIL NIL </measResults>
            </measValue>
            <measValue measObjLdn="MML00172HUNB001/ULoCell:NodeB Function Name=MML00172HUNB001, Local Cell ID=50042, Cell Name=TAYUMN5">
                <measResults>999.46 7 256 0 0 0 0 0 0 0 3.478 0 3.682 0 0 0 0 0 NIL 0 23 91.369 0 0 0 0 0 NIL NIL NIL NIL NIL NIL NIL NIL NIL NIL NIL NIL NIL NIL NIL NIL NIL NIL NIL NIL NIL NIL NIL NIL NIL NIL NIL NIL NIL NIL </measResults>
            </measValue>
            <measValue measObjLdn="MML00172HUNB001/ULoCell:NodeB Function Name=MML00172HUNB001, Local Cell ID=50043, Cell Name=TAYUMN6">
                <measResults>980.107 2 256 0 0 0 0 0 0 0 1.094 0 1.158 0 0 0 0 0 NIL 0 16 63.696 0 0 0 0 0 NIL NIL NIL NIL NIL NIL NIL NIL NIL NIL NIL NIL NIL NIL NIL NIL NIL NIL NIL NIL NIL NIL NIL NIL NIL NIL NIL NIL NIL NIL </measResults>
            </measValue>
            <measValue measObjLdn="MML00172HUNB001/ULoCell:NodeB Function Name=MML00172HUNB001, Local Cell ID=60041, Cell Name=TAYUMN1">
                <measResults>995.134 7 256 0 0 0 0 0 0 0 5.59 0 2.562 0 0 0 3600 0 NIL 0 31 94.868 0 1.374 0 0 0 0.999 NIL NIL NIL NIL NIL NIL NIL NIL NIL NIL NIL NIL NIL NIL NIL NIL NIL NIL NIL NIL NIL NIL NIL NIL NIL NIL NIL NIL NIL </measResults>
            </measValue>
            <measValue measObjLdn="MML00172HUNB001/ULoCell:NodeB Function Name=MML00172HUNB001, Local Cell ID=60042, Cell Name=TAYUMN2">
                <measResults>995.227 8 256 0 0 0 0 0 0 0 5.858 0 3.759 0 0 0 3600 0 NIL 0 35 93.655 0 1.838 0 0 0 0.999 NIL NIL NIL NIL NIL NIL NIL NIL NIL NIL NIL NIL NIL NIL NIL NIL NIL NIL NIL NIL NIL NIL NIL NIL NIL NIL NIL NIL NIL </measResults>
            </measValue>
            <measValue measObjLdn="MML00172HUNB001/ULoCell:NodeB Function Name=MML00172HUNB001, Local Cell ID=60043, Cell Name=TAYUMN3">
                <measResults>989.389 1 256 0 0 0 0 0 0 0 1.665 0 1.287 0 0 0 3600 0 NIL 0 17 61.226 0 0 0 0 0 NIL NIL NIL NIL NIL NIL NIL NIL NIL NIL NIL NIL NIL NIL NIL NIL NIL NIL NIL NIL NIL NIL NIL NIL NIL NIL NIL NIL NIL NIL </measResults>
            </measValue>
        </measInfo>
        <measInfo measInfoId="50331665">
            <granPeriod duration="PT3600S" endTime="2021-08-19T12:00:00+08:00"/>
            <repPeriod duration="PT3600S"/>
            <measTypes>50331740 50331741 50331742 50331743 50331744 50331909 50331910 50331911 50331912 50331913 50332381 50332382 50332576 50332577 </measTypes>
            <measValue measObjLdn="MML00172HUNB001/ULoCell:NodeB Function Name=MML00172HUNB001, Local Cell ID=10041, Cell Name=TAYUMU1">
                <measResults>0 0 0 0 0 0 0 0 0 0 0 0 0 0 </measResults>
            </measValue>
            <measValue measObjLdn="MML00172HUNB001/ULoCell:NodeB Function Name=MML00172HUNB001, Local Cell ID=10042, Cell Name=TAYUMU2">
                <measResults>0 0 0 0 0 0 0 0 0 0 0 0 0 0 </measResults>
            </measValue>
            <measValue measObjLdn="MML00172HUNB001/ULoCell:NodeB Function Name=MML00172HUNB001, Local Cell ID=10043, Cell Name=TAYUMU3">
                <measResults>0 0 0 0 0 0 0 0 0 0 0 0 0 0 </measResults>
            </measValue>
            <measValue measObjLdn="MML00172HUNB001/ULoCell:NodeB Function Name=MML00172HUNB001, Local Cell ID=50041, Cell Name=TAYUMN4">
                <measResults>0 0 0 0 0 0 0 0 0 0 0 0 0 0 </measResults>
            </measValue>
            <measValue measObjLdn="MML00172HUNB001/ULoCell:NodeB Function Name=MML00172HUNB001, Local Cell ID=50042, Cell Name=TAYUMN5">
                <measResults>0 0 0 0 0 0 0 0 0 0 0 0 0 0 </measResults>
            </measValue>
            <measValue measObjLdn="MML00172HUNB001/ULoCell:NodeB Function Name=MML00172HUNB001, Local Cell ID=50043, Cell Name=TAYUMN6">
                <measResults>0 0 0 0 0 0 0 0 0 0 0 0 0 0 </measResults>
            </measValue>
            <measValue measObjLdn="MML00172HUNB001/ULoCell:NodeB Function Name=MML00172HUNB001, Local Cell ID=60041, Cell Name=TAYUMN1">
                <measResults>0 0 0 0 0 0 0 0 0 0 0 0 0 0 </measResults>
            </measValue>
            <measValue measObjLdn="MML00172HUNB001/ULoCell:NodeB Function Name=MML00172HUNB001, Local Cell ID=60042, Cell Name=TAYUMN2">
                <measResults>0 0 0 0 0 0 0 0 0 0 0 0 0 0 </measResults>
            </measValue>
            <measValue measObjLdn="MML00172HUNB001/ULoCell:NodeB Function Name=MML00172HUNB001, Local Cell ID=60043, Cell Name=TAYUMN3">
                <measResults>0 0 0 0 0 0 0 0 0 0 0 0 0 0 </measResults>
            </measValue>
        </measInfo>
        <measInfo measInfoId="50331673">
            <granPeriod duration="PT3600S" endTime="2021-08-19T12:00:00+08:00"/>
            <repPeriod duration="PT3600S"/>
            <measTypes>50332055 50332056 50332057 50332058 50332059 50332060 50332278 50332279 50332280 50332281 50332282 50332283 50332284 50332285 50332286 50361648 50361649 50361650 50361651 </measTypes>
            <measValue measObjLdn="MML00172HUNB001/ULoCell:NodeB Function Name=MML00172HUNB001, Local Cell ID=10041, Cell Name=TAYUMU1">
                <measResults>40 49 44 0 0 0 29 30 2 8 2 0 0 21 2 0 0 0 0 </measResults>
            </measValue>
            <measValue measObjLdn="MML00172HUNB001/ULoCell:NodeB Function Name=MML00172HUNB001, Local Cell ID=10042, Cell Name=TAYUMU2">
                <measResults>41 40 32 0 0 0 30 28 4 10 8 0 1 18 11 0 0 0 0 </measResults>
            </measValue>
            <measValue measObjLdn="MML00172HUNB001/ULoCell:NodeB Function Name=MML00172HUNB001, Local Cell ID=10043, Cell Name=TAYUMU3">
                <measResults>4 13 7 0 0 0 4 5 0 0 0 0 0 0 0 0 0 0 0 </measResults>
            </measValue>
            <measValue measObjLdn="MML00172HUNB001/ULoCell:NodeB Function Name=MML00172HUNB001, Local Cell ID=50041, Cell Name=TAYUMN4">
                <measResults>27 11 2 0 0 0 26 23 14 26 31 3 5 31 33 0 0 0 0 </measResults>
            </measValue>
            <measValue measObjLdn="MML00172HUNB001/ULoCell:NodeB Function Name=MML00172HUNB001, Local Cell ID=50042, Cell Name=TAYUMN5">
                <measResults>26 14 4 0 0 0 27 22 15 26 35 4 6 32 32 0 0 0 0 </measResults>
            </measValue>
            <measValue measObjLdn="MML00172HUNB001/ULoCell:NodeB Function Name=MML00172HUNB001, Local Cell ID=50043, Cell Name=TAYUMN6">
                <measResults>8 3 0 0 0 0 12 7 6 6 21 0 2 8 23 0 0 0 0 </measResults>
            </measValue>
            <measValue measObjLdn="MML00172HUNB001/ULoCell:NodeB Function Name=MML00172HUNB001, Local Cell ID=60041, Cell Name=TAYUMN1">
                <measResults>25 21 11 0 0 0 46 44 11 22 17 2 2 23 13 0 0 0 0 </measResults>
            </measValue>
            <measValue measObjLdn="MML00172HUNB001/ULoCell:NodeB Function Name=MML00172HUNB001, Local Cell ID=60042, Cell Name=TAYUMN2">
                <measResults>28 18 14 0 0 0 49 50 14 30 16 4 4 31 11 0 0 0 0 </measResults>
            </measValue>
            <measValue measObjLdn="MML00172HUNB001/ULoCell:NodeB Function Name=MML00172HUNB001, Local Cell ID=60043, Cell Name=TAYUMN3">
                <measResults>9 5 2 0 0 0 10 8 5 8 12 0 1 11 8 0 0 0 0 </measResults>
            </measValue>
        </measInfo>
        <measInfo measInfoId="50331674">
            <granPeriod duration="PT3600S" endTime="2021-08-19T12:00:00+08:00"/>
            <repPeriod duration="PT3600S"/>
            <measTypes>50332161 50332162 50332163 50332164 50332165 50341718 50341719 50341720 50341721 </measTypes>
            <measValue measObjLdn="MML00172HUNB001/ULoCell:NodeB Function Name=MML00172HUNB001, Local Cell ID=10041, Cell Name=TAYUMU1">
                <measResults>0 0 0 0 0 0 0 0 0 </measResults>
            </measValue>
            <measValue measObjLdn="MML00172HUNB001/ULoCell:NodeB Function Name=MML00172HUNB001, Local Cell ID=10042, Cell Name=TAYUMU2">
                <measResults>0 0 0 0 0 0 0 0 0 </measResults>
            </measValue>
            <measValue measObjLdn="MML00172HUNB001/ULoCell:NodeB Function Name=MML00172HUNB001, Local Cell ID=10043, Cell Name=TAYUMU3">
                <measResults>0 0 0 0 0 0 0 0 0 </measResults>
            </measValue>
            <measValue measObjLdn="MML00172HUNB001/ULoCell:NodeB Function Name=MML00172HUNB001, Local Cell ID=50041, Cell Name=TAYUMN4">
                <measResults>0 0 0 0 0 0 0 0 0 </measResults>
            </measValue>
            <measValue measObjLdn="MML00172HUNB001/ULoCell:NodeB Function Name=MML00172HUNB001, Local Cell ID=50042, Cell Name=TAYUMN5">
                <measResults>0 0 0 0 0 0 0 0 0 </measResults>
            </measValue>
            <measValue measObjLdn="MML00172HUNB001/ULoCell:NodeB Function Name=MML00172HUNB001, Local Cell ID=50043, Cell Name=TAYUMN6">
                <measResults>0 0 0 0 0 0 0 0 0 </measResults>
            </measValue>
            <measValue measObjLdn="MML00172HUNB001/ULoCell:NodeB Function Name=MML00172HUNB001, Local Cell ID=60041, Cell Name=TAYUMN1">
                <measResults>0 0 0 0 0 0 0 0 0 </measResults>
            </measValue>
            <measValue measObjLdn="MML00172HUNB001/ULoCell:NodeB Function Name=MML00172HUNB001, Local Cell ID=60042, Cell Name=TAYUMN2">
                <measResults>0 0 0 0 0 0 0 0 0 </measResults>
            </measValue>
            <measValue measObjLdn="MML00172HUNB001/ULoCell:NodeB Function Name=MML00172HUNB001, Local Cell ID=60043, Cell Name=TAYUMN3">
                <measResults>0 0 0 0 0 0 0 0 0 </measResults>
            </measValue>
        </measInfo>
        <measInfo measInfoId="50331676">
            <granPeriod duration="PT3600S" endTime="2021-08-19T12:00:00+08:00"/>
            <repPeriod duration="PT3600S"/>
            <measTypes>50331747 50332175 50332176 50332177 50332178 50332179 50332180 50332181 50332182 50332183 50332184 50332185 50332186 50332187 50332188 50332189 50332190 50332192 50332193 50332194 50332195 50332196 50332197 50332198 50332199 50332200 50332201 50332202 50332203 50332204 50332205 50332206 50332207 50332208 50332209 50332210 50332211 50332212 50332213 50332214 50332219 50332232 50332233 50332234 50332235 50332236 50332237 50332238 50332245 50332246 50332648 50332649 50332650 50332651 50332652 50332653 50332654 50332655 50332656 50332657 50332658 50332670 50332848 50332849 50332850 50332853 50332854 50332855 50332856 50332865 50332866 50332867 50332868 50332869 50332870 50332871 50332872 50332873 50332874 50332875 50332876 50332877 50332878 50332879 50332880 50332881 50332882 50332883 50332884 50332885 50332886 50332887 50332888 50332889 50332890 50332891 50332892 50332894 50332895 50332896 50332897 50332898 50332899 50332900 50332901 50332902 50332903 50332904 50332905 50332906 50332907 50332908 50332909 50332910 50332943 50332944 50332945 50332946 50332947 50332948 50332949 50332950 50332951 50332952 50332953 50332954 50332955 50332956 50332957 50332958 50332959 50332960 50332961 50332962 50332963 50332964 50332965 50332966 50332967 50332968 50332969 50332970 50332971 50332972 50332973 50332974 50332985 50332986 50332987 50332990 50341723 50341741 50341742 50341743 50341748 50341749 50341750 50341751 50341752 50341753 50341754 50341755 50341756 50341757 50341758 50341759 </measTypes>
            <measValue measObjLdn="MML00172HUNB001/ULoCell:NodeB Function Name=MML00172HUNB001, Local Cell ID=10041, Cell Name=TAYUMU1">
                <measResults>4367007936 1000475 65691 24150 14771 11153 15262 4750 16549 7413 29878 101018 360204 144533 4153 0 0 0 4353580264 77340 0 3535 0 0 0 0 15 162499 202073 2285 464 1065 1258 981 409 368 116 39 4 2 256906816 4374222058 1182614 5242341866 994531 293549 93516 44718 2008254761 621546 179806 79033 223781 259351 160323 42398 22055 6363 2347 2 0 716620 0 0 0 179973 1 12 89697 0 0 0 0 0 0 0 0 0 4146 240 0 912958943 2429157050 723128659 203845618 459098 570050 124655 24303 0 0 0 0 1599927 5303 2591 0 0 0 0 0 0 0 0 0 0 0 0 0 0 0 0 0 0 0 0 0 0 0 0 0 0 0 0 0 0 0 0 0 0 NIL NIL NIL NIL NIL NIL NIL NIL NIL NIL NIL NIL NIL NIL NIL NIL 0 0 0 1054349 4.057 NIL 0 0 45053.816 120642.852 682734.188 1308200 1085811.25 370254.625 250707 107635.211 50766.328 61.152 0 3856169.75 </measResults>
            </measValue>
            <measValue measObjLdn="MML00172HUNB001/ULoCell:NodeB Function Name=MML00172HUNB001, Local Cell ID=10042, Cell Name=TAYUMU2">
                <measResults>6154617328 1007540 74789 43632 25390 21904 31936 9743 34442 9328 41054 21119 161451 266004 51668 0 0 0 6130620346 139500 0 5307 0 0 0 0 42 169587 230851 3061 783 1147 721 512 378 598 615 221 23 2 2703536544 6180628507 1379497 7023095720 1041018 329604 318040 205718 230557330 181685 382706 142919 167862 102672 74254 65264 95001 89711 15465 27 0 610256 0 0 0 239524 2 12 87190 0 0 0 0 0 0 0 0 0 0 0 0 740809812 853777864 1504535676 2681127344 640943 274035 196079 232801 0 0 0 0 2631691 15969 5048 0 0 0 0 0 0 0 0 0 0 0 0 0 0 0 0 0 0 0 0 0 0 0 0 0 0 0 0 0 0 0 0 0 0 NIL NIL NIL NIL NIL NIL NIL NIL NIL NIL NIL NIL NIL NIL NIL NIL 0 0 0 1206226 5.277 NIL 0 0 128078.953 210288.938 482565.844 502508.656 510173.406 590401.688 1128850.375 1493306.75 335849.844 857.184 0 5044513.5 </measResults>
            </measValue>
            <measValue measObjLdn="MML00172HUNB001/ULoCell:NodeB Function Name=MML00172HUNB001, Local Cell ID=10043, Cell Name=TAYUMU3">
                <measResults>159200672 1760392 8926 1787 1265 622 1155 216 1268 410 1350 484 2107 667 8770 10581 0 0 139217309 9078 0 589 0 0 0 0 0 73 164 157 16 48 57 61 33 35 15 3 0 2 1200496 158187534 44252 205638498 91996 21145 7837 3256 35971200 17757 9773 1638 4092 7767 6190 1807 1661 101 12 0 0 21630 0 0 0 8996 0 0 10522 0 0 0 0 0 0 0 0 0 0 0 0 49173510 87470388 20009341 1092361 28202 17994 4118 728 0 0 0 0 201536 7013 478 0 0 0 0 0 0 0 0 0 0 0 0 0 0 0 0 0 0 0 0 0 0 0 0 0 0 0 0 0 0 0 0 0 0 NIL NIL NIL NIL NIL NIL NIL NIL NIL NIL NIL NIL NIL NIL NIL NIL 0 0 0 27718 0.433 NIL 0 0 730.754 2523.685 13363.5 37568.289 42333.051 15518.136 17806.189 1566.597 279.12 0 0 128434.883 </measResults>
            </measValue>
            <measValue measObjLdn="MML00172HUNB001/ULoCell:NodeB Function Name=MML00172HUNB001, Local Cell ID=50041, Cell Name=TAYUMN4">
                <measResults>4097317404 1265561 104295 14934 8515 6611 5782 3668 19510 7122 42176 6137 12762 104533 194990 3404 0 0 4102180664 37606 0 9435 0 0 0 0 18 67547 84973 2635 202 495 502 535 561 1079 817 182 17 8 1176141608 4096666219 718540 4987173338 157510 408343 752319 743671 498726873 156509 81641 24188 85180 64520 56784 50337 81533 56130 11561 13 0 406058 0 0 0 88334 3 1 101951 0 0 0 0 0 0 0 0 0 1106 0 0 10059864 248853010 618754814 1537849174 62113 134862 136554 212386 0 0 0 0 5756333 18198 9825 0 0 0 0 0 0 0 0 0 0 0 0 0 0 0 0 0 0 0 0 0 0 0 0 0 0 0 0 0 0 0 0 0 0 NIL NIL NIL NIL NIL NIL NIL NIL NIL NIL NIL NIL NIL NIL NIL NIL 0 0 0 568575 6.148 NIL 0 0 9221.456 37826.52 242303.203 326951.813 396016.75 449962.5 967994.125 921272.313 259821.578 414.944 0 3564737.25 </measResults>
            </measValue>
            <measValue measObjLdn="MML00172HUNB001/ULoCell:NodeB Function Name=MML00172HUNB001, Local Cell ID=50042, Cell Name=TAYUMN5">
                <measResults>4868718016 1129658 177617 33214 11934 8965 12754 10677 14584 11445 17924 12029 22844 143299 192806 250 0 0 4896450248 11188 0 2456 0 0 0 0 340 89545 113697 4503 412 712 650 693 620 811 877 438 112 7 2170138032 4891986259 955667 5901324270 143607 562196 730082 1621321 669522085 182663 88940 49746 95772 71273 62284 34836 49156 49711 38842 648 0 402522 0 0 0 53255 3 4 207133 0 0 0 0 0 0 0 0 0 0 0 0 10073360 214697513 800769520 1169512098 34733 127575 213687 210461 0 0 0 0 5330688 22859 9327 0 0 0 0 0 0 0 0 0 0 0 0 0 0 0 0 0 0 0 0 0 0 0 0 0 0 0 0 0 0 0 0 0 0 NIL NIL NIL NIL NIL NIL NIL NIL NIL NIL NIL NIL NIL NIL NIL NIL 0 0 0 735635 8.487 NIL 0 0 19193.441 73465.492 282263.5 354634.5 433565.875 312592.188 596383.25 831215.5 943506.813 20539.008 0 3774700.75 </measResults>
            </measValue>
            <measValue measObjLdn="MML00172HUNB001/ULoCell:NodeB Function Name=MML00172HUNB001, Local Cell ID=50043, Cell Name=TAYUMN6">
                <measResults>3372509520 1423664 63403 6748 4316 4011 5085 2430 5151 3423 8090 3001 7653 5415 105245 152365 0 0 3385179536 7749 0 1540 0 0 0 0 0 15420 19825 1140 92 200 263 287 343 433 365 349 25 3 936612760 3382920366 415575 4102040382 68602 167686 226250 583402 976044304 136144 22212 7510 19671 34132 43310 45631 59608 34991 31805 84 0 269232 0 0 0 26021 0 0 65815 0 0 0 0 0 0 0 0 0 0 0 0 8532720 143107936 710837488 1296190800 20821 44061 116631 124917 0 0 0 0 2265344 8696 4274 0 0 0 0 0 0 0 0 0 0 0 0 0 0 0 0 0 0 0 0 0 0 0 0 0 0 0 0 0 0 0 0 0 0 NIL NIL NIL NIL NIL NIL NIL NIL NIL NIL NIL NIL NIL NIL NIL NIL 0 0 0 333890 3.046 NIL 0 0 3980.64 12129.256 57685.84 177814.016 303254.938 411766.875 706901.125 574558.313 754884.125 2693.272 0 2989558.5 </measResults>
            </measValue>
            <measValue measObjLdn="MML00172HUNB001/ULoCell:NodeB Function Name=MML00172HUNB001, Local Cell ID=60041, Cell Name=TAYUMN1">
                <measResults>4220498028 1279186 108379 21467 11624 7076 7299 4049 7432 5632 9204 9902 117346 181647 29757 0 0 0 4217701903 24778 0 3761 0 0 0 0 20 59117 69146 2570 149 359 382 472 463 947 952 140 17 6 1088189064 4226329136 665698 5021268788 727738 583547 511745 125118 1132059766 203362 53418 13189 32127 43760 52311 51369 117627 55491 6780 9 0 359474 0 0 0 29966 0 6 125478 0 0 0 0 0 0 0 0 0 2207 0 0 158276411 751128910 1985097678 1248261717 101561 170974 240669 146535 0 0 0 0 4146610 16357 8316 0 0 0 0 0 0 0 0 0 0 0 0 0 0 0 0 0 0 0 0 0 0 0 0 0 0 0 0 0 0 0 0 0 0 NIL NIL NIL NIL NIL NIL NIL NIL NIL NIL NIL NIL NIL NIL NIL NIL 0 0 0 514492 5.902 NIL 0 0 8882.964 19283.771 96443.672 219984.859 367766.906 460122.063 1416722.75 892578.063 146033.594 280.392 0 3599932.25 </measResults>
            </measValue>
            <measValue measObjLdn="MML00172HUNB001/ULoCell:NodeB Function Name=MML00172HUNB001, Local Cell ID=60042, Cell Name=TAYUMN2">
                <measResults>3228800272 1242366 150081 35388 15136 10660 15600 11866 22143 11073 22285 18963 113255 127194 3990 0 0 0 3209254080 32236 0 1487 0 0 0 0 96 51465 71141 3699 350 638 480 519 436 709 801 173 23 6 1231317544 3207876032 732715 4198852685 842663 785251 719365 549318 390094529 173982 91617 33130 56691 45638 43394 32832 48287 49337 2807 17 0 279003 0 0 0 65923 1 15 165685 0 0 0 0 0 0 0 0 0 1015 0 0 211273951 572780625 1005492837 1187998532 169019 182970 182793 156007 0 0 0 0 6773789 24609 12376 0 0 0 0 0 0 0 0 0 0 0 0 0 0 0 0 0 0 0 0 0 0 0 0 0 0 0 0 0 0 0 0 0 0 NIL NIL NIL NIL NIL NIL NIL NIL NIL NIL NIL NIL NIL NIL NIL NIL 0 0 0 524228 8.299 NIL 0 0 21590.176 49522.465 164107.984 224323.609 302333.313 294121.906 577945.063 802581.563 59580.426 538.112 0 2425532 </measResults>
            </measValue>
            <measValue measObjLdn="MML00172HUNB001/ULoCell:NodeB Function Name=MML00172HUNB001, Local Cell ID=60043, Cell Name=TAYUMN3">
                <measResults>2807885936 1488850 53711 6765 5109 4266 4215 2374 5238 3975 5722 3003 7544 5507 134227 69494 0 0 2826122054 8199 0 328 0 0 0 0 0 9735 11744 801 57 136 227 268 217 374 573 160 18 10 595984912 2824812898 334303 3297294691 318753 273177 273422 175291 649232457 85466 13805 4738 12025 27524 29973 18944 47421 65596 9039 16 0 210538 0 0 0 23263 0 0 60521 0 0 0 0 0 0 0 0 0 0 0 0 207704374 508462023 1239355981 833217288 66735 86020 106486 67786 0 0 0 0 1954938 10269 3983 0 0 0 0 0 0 0 0 0 0 0 0 0 0 0 0 0 0 0 0 0 0 0 0 0 0 0 0 0 0 0 0 0 0 NIL NIL NIL NIL NIL NIL NIL NIL NIL NIL NIL NIL NIL NIL NIL NIL 0 0 0 257732 2.989 NIL 0 0 2179.72 7079.912 37520.879 140111.844 204272.672 170615.469 578241 1097844.125 198246.281 544.152 0 2427396.5 </measResults>
            </measValue>
        </measInfo>
        <measInfo measInfoId="50331649">
            <granPeriod duration="PT3600S" endTime="2021-08-19T12:00:00+08:00"/>
            <repPeriod duration="PT3600S"/>
            <measTypes>50332578 50332579 50332580 50332581 50342578 50342579 50342580 50342581 </measTypes>
            <measValue measObjLdn="MML00172HUNB001/NodeBFunction:NodeB Function Name=MML00172HUNB001">
                <measResults>8.487 2.304 6.993 81.276 12.2 5.2 12.8 113.8 </measResults>
            </measValue>
        </measInfo>
        <measInfo measInfoId="50331654">
            <granPeriod duration="PT3600S" endTime="2021-08-19T12:00:00+08:00"/>
            <repPeriod duration="PT3600S"/>
            <measTypes>50332565 50332566 50332633 50332635 </measTypes>
            <measValue measObjLdn="MML00172HUNB001/NodeBFunction:NodeB Function Name=MML00172HUNB001">
                <measResults>3072 1792 0 0 </measResults>
            </measValue>
        </measInfo>
        <measInfo measInfoId="50331664">
            <granPeriod duration="PT3600S" endTime="2021-08-19T12:00:00+08:00"/>
            <repPeriod duration="PT3600S"/>
            <measTypes>50332572 50332585 50332587 50332588 50332589 50332590 50332617 50332618 50332625 </measTypes>
            <measValue measObjLdn="MML00172HUNB001/NodeBFunction:NodeB Function Name=MML00172HUNB001">
                <measResults>2 0 40 40 0 25 0 0 4 </measResults>
            </measValue>
        </measInfo>
        <measInfo measInfoId="50331666">
            <granPeriod duration="PT3600S" endTime="2021-08-19T12:00:00+08:00"/>
            <repPeriod duration="PT3600S"/>
            <measTypes>50332567 50332568 50332569 50332570 50332571 </measTypes>
            <measValue measObjLdn="MML00172HUNB001/NodeBFunction:NodeB Function Name=MML00172HUNB001">
                <measResults>0 0 0 0 0 </measResults>
            </measValue>
        </measInfo>
        <measInfo measInfoId="50331681">
            <granPeriod duration="PT3600S" endTime="2021-08-19T12:00:00+08:00"/>
            <repPeriod duration="PT3600S"/>
            <measTypes>50342640 50342641 50342642 50342643 50342644 50342645 50342646 50342647 </measTypes>
            <measValue measObjLdn="MML00172HUNB001/NodeBFunction:NodeB Function Name=MML00172HUNB001">
                <measResults>17265010 20685367 1404523262 5162142313 4911606 3121162 21381450 11471427 </measResults>
            </measValue>
        </measInfo>
        <measInfo measInfoId="50331652">
            <granPeriod duration="PT3600S" endTime="2021-08-19T12:00:00+08:00"/>
            <repPeriod duration="PT3600S"/>
            <measTypes>50332555 50332556 50332557 50332558 50332559 50332560 50332561 50332562 50332563 50332564 50332593 50332594 50342555 50342556 50342561 50342562 50342563 50342564 50342567 50342568 50342569 50342570 50342571 50342572 50342618 50342619 50342621 50342622 50342624 50342625 50342627 50342628 </measTypes>
            <measValue measObjLdn="MML00172HUNB001/NodeBFunction:NodeB Function Name=MML00172HUNB001/MocID:2/CnOperator:-1">
                <measResults>0 0 0 0 4928 3952 184.289 93.86 0 78.901 0 0 0 0 247.5 131 0 114 66 140 52.5 0 0 0 0 0 0 0 0 0 0 0 </measResults>
            </measValue>
        </measInfo>
        <measInfo measInfoId="50331667">
            <granPeriod duration="PT3600S" endTime="2021-08-19T12:00:00+08:00"/>
            <repPeriod duration="PT3600S"/>
            <measTypes>50332591 50332592 50332595 50332596 50332597 </measTypes>
            <measValue measObjLdn="MML00172HUNB001/NodeBFunction:NodeB Function Name=MML00172HUNB001/MocID:2/CnOperator:-1">
                <measResults>0 0 0 0 0 </measResults>
            </measValue>
        </measInfo>
        <measInfo measInfoId="50331668">
            <granPeriod duration="PT3600S" endTime="2021-08-19T12:00:00+08:00"/>
            <repPeriod duration="PT3600S"/>
            <measTypes>50332348 50332349 </measTypes>
            <measValue measObjLdn="MML00172HUNB001/LOCELL_SECTOREQM:NodeB Function Name=MML00172HUNB001, Local Cell ID=10041, Sector Equipment ID=0">
                <measResults>0 0 </measResults>
            </measValue>
            <measValue measObjLdn="MML00172HUNB001/LOCELL_SECTOREQM:NodeB Function Name=MML00172HUNB001, Local Cell ID=10042, Sector Equipment ID=1">
                <measResults>0 0 </measResults>
            </measValue>
            <measValue measObjLdn="MML00172HUNB001/LOCELL_SECTOREQM:NodeB Function Name=MML00172HUNB001, Local Cell ID=10043, Sector Equipment ID=2">
                <measResults>0 0 </measResults>
            </measValue>
            <measValue measObjLdn="MML00172HUNB001/LOCELL_SECTOREQM:NodeB Function Name=MML00172HUNB001, Local Cell ID=50041, Sector Equipment ID=6">
                <measResults>0 0 </measResults>
            </measValue>
            <measValue measObjLdn="MML00172HUNB001/LOCELL_SECTOREQM:NodeB Function Name=MML00172HUNB001, Local Cell ID=50042, Sector Equipment ID=7">
                <measResults>0 0 </measResults>
            </measValue>
            <measValue measObjLdn="MML00172HUNB001/LOCELL_SECTOREQM:NodeB Function Name=MML00172HUNB001, Local Cell ID=50043, Sector Equipment ID=8">
                <measResults>0 0 </measResults>
            </measValue>
            <measValue measObjLdn="MML00172HUNB001/LOCELL_SECTOREQM:NodeB Function Name=MML00172HUNB001, Local Cell ID=60041, Sector Equipment ID=10">
                <measResults>0 0 </measResults>
            </measValue>
            <measValue measObjLdn="MML00172HUNB001/LOCELL_SECTOREQM:NodeB Function Name=MML00172HUNB001, Local Cell ID=60042, Sector Equipment ID=11">
                <measResults>0 0 </measResults>
            </measValue>
            <measValue measObjLdn="MML00172HUNB001/LOCELL_SECTOREQM:NodeB Function Name=MML00172HUNB001, Local Cell ID=60043, Sector Equipment ID=12">
                <measResults>0 0 </measResults>
            </measValue>
        </measInfo>
        <measInfo measInfoId="50331669">
            <granPeriod duration="PT3600S" endTime="2021-08-19T12:00:00+08:00"/>
            <repPeriod duration="PT3600S"/>
            <measTypes>50332350 50332351 50332352 50332353 </measTypes>
            <measValue measObjLdn="MML00172HUNB001/LOCELL_SECTOREQM:NodeB Function Name=MML00172HUNB001, Local Cell ID=10041, Sector Equipment ID=0">
                <measResults>22508 10 21772 21813 </measResults>
            </measValue>
            <measValue measObjLdn="MML00172HUNB001/LOCELL_SECTOREQM:NodeB Function Name=MML00172HUNB001, Local Cell ID=10042, Sector Equipment ID=1">
                <measResults>33047 9 32258 32487 </measResults>
            </measValue>
            <measValue measObjLdn="MML00172HUNB001/LOCELL_SECTOREQM:NodeB Function Name=MML00172HUNB001, Local Cell ID=10043, Sector Equipment ID=2">
                <measResults>6561 13 6484 6484 </measResults>
            </measValue>
            <measValue measObjLdn="MML00172HUNB001/LOCELL_SECTOREQM:NodeB Function Name=MML00172HUNB001, Local Cell ID=50041, Sector Equipment ID=6">
                <measResults>46031 166 42995 43113 </measResults>
            </measValue>
            <measValue measObjLdn="MML00172HUNB001/LOCELL_SECTOREQM:NodeB Function Name=MML00172HUNB001, Local Cell ID=50042, Sector Equipment ID=7">
                <measResults>42795 77 41573 41683 </measResults>
            </measValue>
            <measValue measObjLdn="MML00172HUNB001/LOCELL_SECTOREQM:NodeB Function Name=MML00172HUNB001, Local Cell ID=50043, Sector Equipment ID=8">
                <measResults>18508 124 17208 17233 </measResults>
            </measValue>
            <measValue measObjLdn="MML00172HUNB001/LOCELL_SECTOREQM:NodeB Function Name=MML00172HUNB001, Local Cell ID=60041, Sector Equipment ID=10">
                <measResults>38065 91 36821 36923 </measResults>
            </measValue>
            <measValue measObjLdn="MML00172HUNB001/LOCELL_SECTOREQM:NodeB Function Name=MML00172HUNB001, Local Cell ID=60042, Sector Equipment ID=11">
                <measResults>54302 842 51204 51502 </measResults>
            </measValue>
            <measValue measObjLdn="MML00172HUNB001/LOCELL_SECTOREQM:NodeB Function Name=MML00172HUNB001, Local Cell ID=60043, Sector Equipment ID=12">
                <measResults>24536 41 22383 22466 </measResults>
            </measValue>
        </measInfo>
        <measInfo measInfoId="50331670">
            <granPeriod duration="PT3600S" endTime="2021-08-19T12:00:00+08:00"/>
            <repPeriod duration="PT3600S"/>
            <measTypes>50332354 50332355 </measTypes>
            <measValue measObjLdn="MML00172HUNB001/LOCELL_SECTOREQM:NodeB Function Name=MML00172HUNB001, Local Cell ID=10041, Sector Equipment ID=0">
                <measResults>0 0 </measResults>
            </measValue>
            <measValue measObjLdn="MML00172HUNB001/LOCELL_SECTOREQM:NodeB Function Name=MML00172HUNB001, Local Cell ID=10042, Sector Equipment ID=1">
                <measResults>0 0 </measResults>
            </measValue>
            <measValue measObjLdn="MML00172HUNB001/LOCELL_SECTOREQM:NodeB Function Name=MML00172HUNB001, Local Cell ID=10043, Sector Equipment ID=2">
                <measResults>0 0 </measResults>
            </measValue>
            <measValue measObjLdn="MML00172HUNB001/LOCELL_SECTOREQM:NodeB Function Name=MML00172HUNB001, Local Cell ID=50041, Sector Equipment ID=6">
                <measResults>0 0 </measResults>
            </measValue>
            <measValue measObjLdn="MML00172HUNB001/LOCELL_SECTOREQM:NodeB Function Name=MML00172HUNB001, Local Cell ID=50042, Sector Equipment ID=7">
                <measResults>0 0 </measResults>
            </measValue>
            <measValue measObjLdn="MML00172HUNB001/LOCELL_SECTOREQM:NodeB Function Name=MML00172HUNB001, Local Cell ID=50043, Sector Equipment ID=8">
                <measResults>0 0 </measResults>
            </measValue>
            <measValue measObjLdn="MML00172HUNB001/LOCELL_SECTOREQM:NodeB Function Name=MML00172HUNB001, Local Cell ID=60041, Sector Equipment ID=10">
                <measResults>0 0 </measResults>
            </measValue>
            <measValue measObjLdn="MML00172HUNB001/LOCELL_SECTOREQM:NodeB Function Name=MML00172HUNB001, Local Cell ID=60042, Sector Equipment ID=11">
                <measResults>0 0 </measResults>
            </measValue>
            <measValue measObjLdn="MML00172HUNB001/LOCELL_SECTOREQM:NodeB Function Name=MML00172HUNB001, Local Cell ID=60043, Sector Equipment ID=12">
                <measResults>0 0 </measResults>
            </measValue>
        </measInfo>
        <measInfo measInfoId="50331672">
            <granPeriod duration="PT3600S" endTime="2021-08-19T12:00:00+08:00"/>
            <repPeriod duration="PT3600S"/>
            <measTypes>50342590 50342591 50342592 50342593 50342594 50342595 50342596 50342597 </measTypes>
            <measValue measObjLdn="MML00172HUNB001/LOCELL_SECTOREQM:NodeB Function Name=MML00172HUNB001, Local Cell ID=10041, Sector Equipment ID=0">
                <measResults>-96.483 -96.413 -96.743 -96.427 -97.4 -97.5 -97.7 -97.4 </measResults>
            </measValue>
            <measValue measObjLdn="MML00172HUNB001/LOCELL_SECTOREQM:NodeB Function Name=MML00172HUNB001, Local Cell ID=10042, Sector Equipment ID=1">
                <measResults>-99.375 -99.104 -98.492 -98.259 -100.3 -100.2 -99.6 -99.4 </measResults>
            </measValue>
            <measValue measObjLdn="MML00172HUNB001/LOCELL_SECTOREQM:NodeB Function Name=MML00172HUNB001, Local Cell ID=10043, Sector Equipment ID=2">
                <measResults>-99.678 -99.866 -101.606 -99.778 -100.3 -100.5 -102.2 -100.5 </measResults>
            </measValue>
            <measValue measObjLdn="MML00172HUNB001/LOCELL_SECTOREQM:NodeB Function Name=MML00172HUNB001, Local Cell ID=50041, Sector Equipment ID=6">
                <measResults>-91.076 -91.534 NIL NIL -93.2 -94.1 NIL NIL </measResults>
            </measValue>
            <measValue measObjLdn="MML00172HUNB001/LOCELL_SECTOREQM:NodeB Function Name=MML00172HUNB001, Local Cell ID=50042, Sector Equipment ID=7">
                <measResults>-89.942 -90.507 NIL NIL -91.7 -92.4 NIL NIL </measResults>
            </measValue>
            <measValue measObjLdn="MML00172HUNB001/LOCELL_SECTOREQM:NodeB Function Name=MML00172HUNB001, Local Cell ID=50043, Sector Equipment ID=8">
                <measResults>-92.896 -93.765 NIL NIL -95.4 -95.9 NIL NIL </measResults>
            </measValue>
            <measValue measObjLdn="MML00172HUNB001/LOCELL_SECTOREQM:NodeB Function Name=MML00172HUNB001, Local Cell ID=60041, Sector Equipment ID=10">
                <measResults>-87.561 -87.634 NIL NIL -89.2 -89.4 NIL NIL </measResults>
            </measValue>
            <measValue measObjLdn="MML00172HUNB001/LOCELL_SECTOREQM:NodeB Function Name=MML00172HUNB001, Local Cell ID=60042, Sector Equipment ID=11">
                <measResults>-84.239 -83.496 NIL NIL -85.9 -84.9 NIL NIL </measResults>
            </measValue>
            <measValue measObjLdn="MML00172HUNB001/LOCELL_SECTOREQM:NodeB Function Name=MML00172HUNB001, Local Cell ID=60043, Sector Equipment ID=12">
                <measResults>-86.95 -88.461 NIL NIL -88.4 -89.6 NIL NIL </measResults>
            </measValue>
        </measInfo>
        <measInfo measInfoId="50331682">
            <granPeriod duration="PT3600S" endTime="2021-08-19T12:00:00+08:00"/>
            <repPeriod duration="PT3600S"/>
            <measTypes>50332602 50332603 50332615 50332616 </measTypes>
            <measValue measObjLdn="MML00172HUNB001/LOCELL_SECTOREQM:NodeB Function Name=MML00172HUNB001, Local Cell ID=10041, Sector Equipment ID=0">
                <measResults>NIL NIL NIL NIL </measResults>
            </measValue>
            <measValue measObjLdn="MML00172HUNB001/LOCELL_SECTOREQM:NodeB Function Name=MML00172HUNB001, Local Cell ID=10042, Sector Equipment ID=1">
                <measResults>NIL NIL NIL NIL </measResults>
            </measValue>
            <measValue measObjLdn="MML00172HUNB001/LOCELL_SECTOREQM:NodeB Function Name=MML00172HUNB001, Local Cell ID=10043, Sector Equipment ID=2">
                <measResults>210 212 218 202 </measResults>
            </measValue>
            <measValue measObjLdn="MML00172HUNB001/LOCELL_SECTOREQM:NodeB Function Name=MML00172HUNB001, Local Cell ID=50041, Sector Equipment ID=6">
                <measResults>NIL NIL NIL NIL </measResults>
            </measValue>
            <measValue measObjLdn="MML00172HUNB001/LOCELL_SECTOREQM:NodeB Function Name=MML00172HUNB001, Local Cell ID=50042, Sector Equipment ID=7">
                <measResults>NIL NIL NIL NIL </measResults>
            </measValue>
            <measValue measObjLdn="MML00172HUNB001/LOCELL_SECTOREQM:NodeB Function Name=MML00172HUNB001, Local Cell ID=50043, Sector Equipment ID=8">
                <measResults>NIL NIL NIL NIL </measResults>
            </measValue>
            <measValue measObjLdn="MML00172HUNB001/LOCELL_SECTOREQM:NodeB Function Name=MML00172HUNB001, Local Cell ID=60041, Sector Equipment ID=10">
                <measResults>840 952 NIL NIL </measResults>
            </measValue>
            <measValue measObjLdn="MML00172HUNB001/LOCELL_SECTOREQM:NodeB Function Name=MML00172HUNB001, Local Cell ID=60042, Sector Equipment ID=11">
                <measResults>981 977 NIL NIL </measResults>
            </measValue>
            <measValue measObjLdn="MML00172HUNB001/LOCELL_SECTOREQM:NodeB Function Name=MML00172HUNB001, Local Cell ID=60043, Sector Equipment ID=12">
                <measResults>276 155 NIL NIL </measResults>
            </measValue>
        </measInfo>
    </measData>
    <fileFooter>
        <measCollec endTime="2021-08-19T12:00:00+08:00"/>
    </fileFooter>
</measCollecFile>
