<?xml version="1.0" encoding="UTF-8"?>
<measCollecFile xmlns="http://latest/nmc-omc/cmNrm.doc#measCollec" xmlns:xsi="http://www.w3.org/2001/XMLSchema-instance" xsi:schemaLocation="http://latest/nmc-omc/cmNrm.doc#measCollec schema\pmResultSchedule.xsd">
    <fileHeader fileFormatVersion="32.435 V7.2" vendorName="Huawei">
        <fileSender elementType="NodeB"/>
        <measCollec beginTime="2021-08-19T11:00:00+08:00"/>
    </fileHeader>
    <measData>
        <managedElement userLabel="MLB00372HUNB001"/>
        <measInfo measInfoId="50331655">
            <granPeriod duration="PT3600S" endTime="2021-08-19T12:00:00+08:00"/>
            <repPeriod duration="PT3600S"/>
            <measTypes>50332573 50332574 50342574 50342575 50342635 50342636 </measTypes>
            <measValue measObjLdn="MLB00372HUNB001/ULGROUP:UL BB Resource Group No.=1">
                <measResults>768 184.608 146 227 0 0 </measResults>
            </measValue>
            <measValue measObjLdn="MLB00372HUNB001/ULGROUP:UL BB Resource Group No.=2">
                <measResults>1024 106.412 79.5 133.5 0 0 </measResults>
            </measValue>
        </measInfo>
        <measInfo measInfoId="50331656">
            <granPeriod duration="PT3600S" endTime="2021-08-19T12:00:00+08:00"/>
            <repPeriod duration="PT3600S"/>
            <measTypes>50332582 50332583 50332584 50332586 50342584 50342585 50342586 50342587 50342606 50342607 50342608 50342609 50342632 50342633 </measTypes>
            <measValue measObjLdn="MLB00372HUNB001/BRD:Board Type=UBBP, Cabinet No.=0, Subrack No.=0, Slot No.=1">
                <measResults>1024 1024 0 0 0 0 0 0 0 0 0 0 0 0 </measResults>
            </measValue>
            <measValue measObjLdn="MLB00372HUNB001/BRD:Board Type=UBBP, Cabinet No.=0, Subrack No.=0, Slot No.=2">
                <measResults>1024 768 105.5 184.608 90 124 146 227 7 10 16 22 0 0 </measResults>
            </measValue>
            <measValue measObjLdn="MLB00372HUNB001/BRD:Board Type=UBBP, Cabinet No.=0, Subrack No.=0, Slot No.=3">
                <measResults>1024 1024 62.908 106.412 48 76 79.5 133.5 4 6 7 11 0 0 </measResults>
            </measValue>
            <measValue measObjLdn="MLB00372HUNB001/BRD:Board Type=UMPT, Cabinet No.=0, Subrack No.=0, Slot No.=7">
                <measResults>0 0 0 0 0 0 0 0 0 0 0 0 0 0 </measResults>
            </measValue>
        </measInfo>
        <measInfo measInfoId="50331683">
            <granPeriod duration="PT3600S" endTime="2021-08-19T12:00:00+08:00"/>
            <repPeriod duration="PT3600S"/>
            <measTypes>50332627 </measTypes>
            <measValue measObjLdn="MLB00372HUNB001/NODEBRRU:Cabinet No.=0, Subrack No.=60, Slot No.=0">
                <measResults>0 </measResults>
            </measValue>
            <measValue measObjLdn="MLB00372HUNB001/NODEBRRU:Cabinet No.=0, Subrack No.=61, Slot No.=0">
                <measResults>0 </measResults>
            </measValue>
            <measValue measObjLdn="MLB00372HUNB001/NODEBRRU:Cabinet No.=0, Subrack No.=62, Slot No.=0">
                <measResults>0 </measResults>
            </measValue>
            <measValue measObjLdn="MLB00372HUNB001/NODEBRRU:Cabinet No.=0, Subrack No.=80, Slot No.=0">
                <measResults>0 </measResults>
            </measValue>
            <measValue measObjLdn="MLB00372HUNB001/NODEBRRU:Cabinet No.=0, Subrack No.=81, Slot No.=0">
                <measResults>0 </measResults>
            </measValue>
            <measValue measObjLdn="MLB00372HUNB001/NODEBRRU:Cabinet No.=0, Subrack No.=82, Slot No.=0">
                <measResults>0 </measResults>
            </measValue>
        </measInfo>
        <measInfo measInfoId="1542455297">
            <granPeriod duration="PT3600S" endTime="2021-08-19T12:00:00+08:00"/>
            <repPeriod duration="PT3600S"/>
            <measTypes>1542455297 1542455298 1542455299 1542455300 1542455301 1542455302 1542455303 1542455304 1542455305 1542455306 1542455307 1542460296 1542460297 </measTypes>
            <measValue measObjLdn="MLB00372HUNB001/ETHPORT:Cabinet No.=0, Subrack No.=0, Slot No.=7, Port No.=0, Subboard Type=BASE_BOARD">
                <measResults>0 0 0 0 0 0 0 0 0 0 0 0 0 </measResults>
            </measValue>
            <measValue measObjLdn="MLB00372HUNB001/ETHPORT:Cabinet No.=0, Subrack No.=0, Slot No.=7, Port No.=1, Subboard Type=BASE_BOARD">
                <measResults>2396676787 20348840 5878621563 21514282 0 9083488 3332680 5327487 30177408 4804600 13067225 1000000 1000000 </measResults>
            </measValue>
        </measInfo>
        <measInfo measInfoId="1542455301">
            <granPeriod duration="PT3600S" endTime="2021-08-19T12:00:00+08:00"/>
            <repPeriod duration="PT3600S"/>
            <measTypes>1542455326 1542455327 1542455328 1542455329 1542455330 1542455331 1542455332 1542455333 1542460727 1542460728 1542460729 </measTypes>
            <measValue measObjLdn="MLB00372HUNB001/IP:Board Type=UMPT, Cabinet No.=0, Subrack No.=0, Slot No.=7">
                <measResults>20348750 1915734643 0 0 21514318 5337916816 0 0 29896 0 0 </measResults>
            </measValue>
        </measInfo>
        <measInfo measInfoId="1542455303">
            <granPeriod duration="PT3600S" endTime="2021-08-19T12:00:00+08:00"/>
            <repPeriod duration="PT3600S"/>
            <measTypes>1542455365 1542455367 1542455369 1542455371 1542455375 1542455376 1542455377 1542455378 </measTypes>
            <measValue measObjLdn="MLB00372HUNB001/RSCGRP:Transmission Resource Group Bear Type=IP, Cabinet No.=0, Bearing Port No.=0, Bearing Port Type=ETH, Transmission Resource Group ID=AUTOPORT, Subboard Type=BASE_BOARD, Slot No.=7, Subrack No.=0">
                <measResults>0 0 0 0 0 0 0 0 </measResults>
            </measValue>
            <measValue measObjLdn="MLB00372HUNB001/RSCGRP:Transmission Resource Group Bear Type=IP, Cabinet No.=0, Bearing Port No.=1, Bearing Port Type=ETH, Transmission Resource Group ID=AUTOPORT, Subboard Type=BASE_BOARD, Slot No.=7, Subrack No.=0">
                <measResults>2282047906 20348852 0 0 7946728 3262712 5072646 0 </measResults>
            </measValue>
        </measInfo>
        <measInfo measInfoId="1542455312">
            <granPeriod duration="PT3600S" endTime="2021-08-19T12:00:00+08:00"/>
            <repPeriod duration="PT3600S"/>
            <measTypes>1542460308 1542460309 1542460310 1542460311 1542460312 1542460313 1542460314 1542460315 1542460316 1542460317 1542460318 1542460319 1542460320 1542460321 1542460322 1542460323 1542460324 1542460325 1542460326 1542460327 1542460328 1542460329 1542460330 1542460331 1542460332 </measTypes>
            <measValue measObjLdn="MLB00372HUNB001/RSCGRP:Transmission Resource Group Bear Type=IP, Cabinet No.=0, Bearing Port No.=0, Bearing Port Type=ETH, Transmission Resource Group ID=AUTOPORT, Subboard Type=BASE_BOARD, Slot No.=7, Subrack No.=0">
                <measResults>0 0 0 0 0 0 0 0 0 0 0 0 0 0 0 0 0 0 0 0 0 0 0 0 0 </measResults>
            </measValue>
            <measValue measObjLdn="MLB00372HUNB001/RSCGRP:Transmission Resource Group Bear Type=IP, Cabinet No.=0, Bearing Port No.=1, Bearing Port Type=ETH, Transmission Resource Group ID=AUTOPORT, Subboard Type=BASE_BOARD, Slot No.=7, Subrack No.=0">
                <measResults>35552 35552 35552 0 0 0 0 0 0 0 0 0 0 9248681 0 0 0 0 0 0 0 0 0 0 0 </measResults>
            </measValue>
        </measInfo>
        <measInfo measInfoId="1542455309">
            <granPeriod duration="PT3600S" endTime="2021-08-19T12:00:00+08:00"/>
            <repPeriod duration="PT3600S"/>
            <measTypes>1542455826 1542455827 1542455828 1542455829 1542455833 1542455834 1542455835 1542455836 1542455837 1542455838 1542455839 1542455840 1542455841 1542455842 1542455843 1542455844 1542455845 1542455846 1542455847 1542455848 </measTypes>
            <measValue measObjLdn="MLB00372HUNB001/OMCH:Standby Status=MASTER, Bearer Type=IPV4">
                <measResults>615 170 0 0 0 0 0 0 0 455 0 0 644 0 0 0 0 583 0 61 </measResults>
            </measValue>
        </measInfo>
        <measInfo measInfoId="1542455815">
            <granPeriod duration="PT3600S" endTime="2021-08-19T12:00:00+08:00"/>
            <repPeriod duration="PT3600S"/>
            <measTypes>1542460340 1542460341 1542460342 1542460343 1542460496 1542460497 1542460498 1542460499 1542460500 1542460501 1542460502 1542460503 1542460504 1542460505 1542460506 1542460507 1542460510 </measTypes>
            <measValue measObjLdn="MLB00372HUNB001/IKE:Board Type=UMPT, Cabinet No.=0, Subrack No.=0, Slot No.=7">
                <measResults>0 0 0 0 0 0 0 0 0 0 0 0 0 0 0 0 0 </measResults>
            </measValue>
        </measInfo>
        <measInfo measInfoId="1542455817">
            <granPeriod duration="PT3600S" endTime="2021-08-19T12:00:00+08:00"/>
            <repPeriod duration="PT3600S"/>
            <measTypes>1542460356 1542460357 1542460358 1542460359 1542460360 1542460361 1542460362 1542460363 1542460364 1542460365 1542460366 1542460367 1542460368 1542460369 1542460370 1542460371 1542460372 1542460373 1542460374 1542460375 1542460376 </measTypes>
            <measValue measObjLdn="MLB00372HUNB001/SCTPLNK:Link No.=31">
                <measResults>14400940 12701494 128624 181567 0 75968 5568 32010 45088 17632 28232 43654 140827 0 0 0 0 0 0 140827 43654 </measResults>
            </measValue>
            <measValue measObjLdn="MLB00372HUNB001/SCTPLNK:Link No.=32">
                <measResults>28824207 32748151 986283 1210256 0 106008 32816 64054 114480 43016 72774 472383 896302 0 0 0 0 0 0 896302 472383 </measResults>
            </measValue>
        </measInfo>
        <measInfo measInfoId="1542455818">
            <granPeriod duration="PT3600S" endTime="2021-08-19T12:00:00+08:00"/>
            <repPeriod duration="PT3600S"/>
            <measTypes>1542455526 1542455527 1542455528 1542455529 1542455530 1542455531 1542455532 1542455533 1542455534 1542455535 </measTypes>
            <measValue measObjLdn="MLB00372HUNB001/USERPLANEHOST:User Plane Host ID=3">
                <measResults>18717065 20175594 1784580709 5223698029 8040480 3966874 29863056 11611486 NIL NIL </measResults>
            </measValue>
        </measInfo>
        <measInfo measInfoId="1593835529">
            <granPeriod duration="PT3600S" endTime="2021-08-19T12:00:00+08:00"/>
            <repPeriod duration="PT3600S"/>
            <measTypes>1593835620 1593835628 1593835629 </measTypes>
            <measValue measObjLdn="MLB00372HUNB001/NODE:NODE">
                <measResults>NIL 0.749 0 </measResults>
            </measValue>
        </measInfo>
        <measInfo measInfoId="1593835533">
            <granPeriod duration="PT3600S" endTime="2021-08-19T12:00:00+08:00"/>
            <repPeriod duration="PT3600S"/>
            <measTypes>1593835647 1593835648 1593835649 </measTypes>
            <measValue measObjLdn="MLB00372HUNB001/NODE:NODE">
                <measResults>32508 32496 32501 </measResults>
            </measValue>
        </measInfo>
        <measInfo measInfoId="1593835531">
            <granPeriod duration="PT3600S" endTime="2021-08-19T12:00:00+08:00"/>
            <repPeriod duration="PT3600S"/>
            <measTypes>1593835630 1593835632 1593835633 1593835634 </measTypes>
            <measValue measObjLdn="MLB00372HUNB001/BBUBoard:Board Type=UBBP, Cabinet No.=0, Subrack No.=0, Slot No.=1">
                <measResults>0 4 3 0 </measResults>
            </measValue>
            <measValue measObjLdn="MLB00372HUNB001/BBUBoard:Board Type=UBBP, Cabinet No.=0, Subrack No.=0, Slot No.=2">
                <measResults>0 4 3 0 </measResults>
            </measValue>
            <measValue measObjLdn="MLB00372HUNB001/BBUBoard:Board Type=UBBP, Cabinet No.=0, Subrack No.=0, Slot No.=3">
                <measResults>0 5 4 0 </measResults>
            </measValue>
            <measValue measObjLdn="MLB00372HUNB001/BBUBoard:Board Type=UMPT, Cabinet No.=0, Subrack No.=0, Slot No.=7">
                <measResults>0 7 1 0 </measResults>
            </measValue>
        </measInfo>
        <measInfo measInfoId="1593835535">
            <granPeriod duration="PT3600S" endTime="2021-08-19T12:00:00+08:00"/>
            <repPeriod duration="PT3600S"/>
            <measTypes>1593835652 1593835653 1593835654 1593835655 1593835656 1593835657 1593835658 1593835659 1593835660 1593835661 1593835662 1593835663 1593835664 1593835665 1593835666 1593835667 1593835668 1593835669 1593835670 1593835671 </measTypes>
            <measValue measObjLdn="MLB00372HUNB001/RADIOEQM:Cabinet No.=0, Subrack No.=60, Slot No.=0">
                <measResults>NIL NIL NIL NIL NIL NIL NIL NIL NIL NIL 0 0 0 0 0 0 0 0 0 0 </measResults>
            </measValue>
            <measValue measObjLdn="MLB00372HUNB001/RADIOEQM:Cabinet No.=0, Subrack No.=61, Slot No.=0">
                <measResults>NIL NIL NIL NIL NIL NIL NIL NIL NIL NIL 0 0 0 0 0 0 0 0 0 0 </measResults>
            </measValue>
            <measValue measObjLdn="MLB00372HUNB001/RADIOEQM:Cabinet No.=0, Subrack No.=62, Slot No.=0">
                <measResults>NIL NIL NIL NIL NIL NIL NIL NIL NIL NIL 0 0 0 0 0 0 0 0 0 0 </measResults>
            </measValue>
            <measValue measObjLdn="MLB00372HUNB001/RADIOEQM:Cabinet No.=0, Subrack No.=80, Slot No.=0">
                <measResults>NIL NIL NIL NIL NIL NIL NIL NIL NIL NIL 0 0 0 0 0 3600 3600 3600 0 0 </measResults>
            </measValue>
            <measValue measObjLdn="MLB00372HUNB001/RADIOEQM:Cabinet No.=0, Subrack No.=81, Slot No.=0">
                <measResults>0 0 0 0 0 0 0 0 0 0 NIL NIL NIL NIL NIL NIL NIL NIL NIL NIL </measResults>
            </measValue>
            <measValue measObjLdn="MLB00372HUNB001/RADIOEQM:Cabinet No.=0, Subrack No.=82, Slot No.=0">
                <measResults>NIL NIL NIL NIL NIL NIL NIL NIL NIL NIL 0 0 0 5 0 0 0 0 0 0 </measResults>
            </measValue>
        </measInfo>
        <measInfo measInfoId="1593835539">
            <granPeriod duration="PT3600S" endTime="2021-08-19T12:00:00+08:00"/>
            <repPeriod duration="PT3600S"/>
            <measTypes>1593835767 </measTypes>
            <measValue measObjLdn="MLB00372HUNB001/RADIOEQM:Cabinet No.=0, Subrack No.=60, Slot No.=0">
                <measResults>3600 </measResults>
            </measValue>
            <measValue measObjLdn="MLB00372HUNB001/RADIOEQM:Cabinet No.=0, Subrack No.=61, Slot No.=0">
                <measResults>3600 </measResults>
            </measValue>
            <measValue measObjLdn="MLB00372HUNB001/RADIOEQM:Cabinet No.=0, Subrack No.=62, Slot No.=0">
                <measResults>3600 </measResults>
            </measValue>
            <measValue measObjLdn="MLB00372HUNB001/RADIOEQM:Cabinet No.=0, Subrack No.=80, Slot No.=0">
                <measResults>3600 </measResults>
            </measValue>
            <measValue measObjLdn="MLB00372HUNB001/RADIOEQM:Cabinet No.=0, Subrack No.=81, Slot No.=0">
                <measResults>3600 </measResults>
            </measValue>
            <measValue measObjLdn="MLB00372HUNB001/RADIOEQM:Cabinet No.=0, Subrack No.=82, Slot No.=0">
                <measResults>3600 </measResults>
            </measValue>
        </measInfo>
        <measInfo measInfoId="1593835544">
            <granPeriod duration="PT3600S" endTime="2021-08-19T12:00:00+08:00"/>
            <repPeriod duration="PT3600S"/>
            <measTypes>1593835835 </measTypes>
            <measValue measObjLdn="MLB00372HUNB001/BU:Cabinet No.=0, Subrack No.=0">
                <measResults>0.2078889 </measResults>
            </measValue>
        </measInfo>
        <measInfo measInfoId="1593835545">
            <granPeriod duration="PT3600S" endTime="2021-08-19T12:00:00+08:00"/>
            <repPeriod duration="PT3600S"/>
            <measTypes>1593835836 </measTypes>
            <measValue measObjLdn="MLB00372HUNB001/BTSBoard:Cabinet No.=0, Subrack No.=60, Slot No.=0">
                <measResults>0.14897084 </measResults>
            </measValue>
            <measValue measObjLdn="MLB00372HUNB001/BTSBoard:Cabinet No.=0, Subrack No.=61, Slot No.=0">
                <measResults>0.20188501 </measResults>
            </measValue>
            <measValue measObjLdn="MLB00372HUNB001/BTSBoard:Cabinet No.=0, Subrack No.=62, Slot No.=0">
                <measResults>0.23604667 </measResults>
            </measValue>
            <measValue measObjLdn="MLB00372HUNB001/BTSBoard:Cabinet No.=0, Subrack No.=80, Slot No.=0">
                <measResults>0.17315333 </measResults>
            </measValue>
            <measValue measObjLdn="MLB00372HUNB001/BTSBoard:Cabinet No.=0, Subrack No.=81, Slot No.=0">
                <measResults>0.2515175 </measResults>
            </measValue>
            <measValue measObjLdn="MLB00372HUNB001/BTSBoard:Cabinet No.=0, Subrack No.=82, Slot No.=0">
                <measResults>0.27798501 </measResults>
            </measValue>
        </measInfo>
        <measInfo measInfoId="50331648">
            <granPeriod duration="PT3600S" endTime="2021-08-19T12:00:00+08:00"/>
            <repPeriod duration="PT3600S"/>
            <measTypes>50331654 50331655 50331656 50331657 50331658 50331659 50331660 50331661 50331662 50331663 50331664 50331665 50331666 50331667 50331668 50331669 50331670 50331671 50331672 50331673 50331674 50331675 50331676 50331677 50331678 50331679 50331680 50331681 50331682 50331683 50331684 50331685 50331686 50331687 50331688 50331689 50331690 50331691 50331692 50331693 50331694 50331695 50331696 50331697 50331698 50331699 50331709 50331710 50331711 50331712 50331713 50331714 50331717 50331718 50331719 50331720 50331721 50331722 50331723 50331724 50331745 50331746 50331754 50331755 50331756 50331757 50331758 50331759 50331760 50331761 50331762 50331763 50331764 50331765 50331766 50331767 50331768 50331769 50331770 50331771 50331772 50331773 50331774 50331775 50331776 50331777 50331778 50331779 50331780 50331781 50331782 50331783 50331784 50331785 50331786 50331787 50331788 50331789 50331790 50331791 50331792 50331793 50331794 50331795 50331796 50331797 50331798 50331799 50331800 50331801 50331802 50331803 50331804 50331805 50331806 50331807 50331808 50331809 50331810 50331811 50331812 50331813 50331814 50331815 50331816 50331817 50331818 50331819 50331820 50331821 50331838 50331839 50331840 50332168 50332169 50332170 50332173 50332174 50332215 50332216 50332217 50341648 50341649 50341650 50341651 50341652 50341653 50341654 50341655 50341656 50341657 50341658 50341659 50341668 50341669 50341670 50341671 50341672 50341675 50341676 50341677 50341678 50341679 50341680 50341685 50341686 50341687 50341688 50341689 50341690 50341691 50341692 50341693 50341694 50341695 50341696 50341697 50341698 50341699 50341700 50341701 50341702 50341703 50341704 50341705 50341706 50341707 50341708 50341709 50341710 50341711 50341712 50341713 50341714 50341715 50341716 50341717 50341722 50341739 50341740 </measTypes>
            <measValue measObjLdn="MLB00372HUNB001/ULoCell:NodeB Function Name=MLB00372HUNB001, Local Cell ID=10151, Cell Name=N/A">
                <measResults>155910 22235 7997 134881 18952 1471 401 205 0 0 0 0 0 0 1395 3422 6544 4153 1872 7278 13075 19050 29720 37928 49540 54018 58729 57086 57855 65447 59018 54065 41779 37500 26900 19660 17745 15498 13404 12812 16560 15180 14168 6713 4183 2850 26915 179675 0 0 0 0 0 0 0 0 0 40990 118255 186160 214590 1373831610 0 27940 2152 334 1068 2554 1566 7106 2648 3065 2785 3812 4093 5188 4264 5905 35128 3527 2830 2763 2572 2816 2389 1920 2784 3035 4199 5704 6718 8851 7749 18303 0 0 0 0 0 0 0 0 0 0 0 0 0 0 0 0 0 0 0 0 0 0 0 0 0 0 0 0 0 0 0 0 0 0 0 0 1373427838 202625 24201 0 0 0 0 0 0 0 0 25 257 0 69 859 0 26 224 71 602 968 112 378701 5718574 0 391220 3381259 3 44 0 58 778 0 0 17 0 0.941 12.024 13.581 14.045 0 13 21 0 0 0 0 0 0 0 NIL 786 832 633 0 0 0 0 0 0 0 0 0 0 0 0 17767 0 0 </measResults>
            </measValue>
            <measValue measObjLdn="MLB00372HUNB001/ULoCell:NodeB Function Name=MLB00372HUNB001, Local Cell ID=10152, Cell Name=N/A">
                <measResults>1218786 226814 149075 985419 209013 14864 6403 3087 0 0 0 0 0 0 23862 99532 45749 53984 68240 74610 124262 101293 149260 151328 187679 175077 185002 180884 172946 191140 166669 185195 144484 134482 106590 88530 61238 94686 62963 53336 55423 28577 24268 14477 7704 4706 21630 1564254 0 0 0 0 0 0 0 0 0 400832 1173057 1595519 4006740 4773228001 0 96545 29083 41662 41806 52468 55983 86280 63162 74372 79899 84530 91701 91414 72470 66046 52561 57916 54071 57973 53332 51333 49381 41054 40992 31422 25534 19515 12450 7064 4324 9145 0 0 0 0 0 0 0 0 0 0 0 0 0 0 0 0 0 0 0 0 0 0 0 0 0 0 0 0 0 0 0 0 0 0 0 0 4773152734 1480731 65737 0 0 0 0 0 0 0 0 221 336 6 487 971 3 221 269 487 592 1000 822 1310913 4496658 3138 1310913 1594785 35 87 1 365 605 2 0 75 0 5.349 11.568 10.978 12.155 0.033 36 107 7 0 0 0 0 0 0 NIL 528 676 362 0 0 0 0 0 0 0 0 0 0 0 0 13516 0 152 </measResults>
            </measValue>
            <measValue measObjLdn="MLB00372HUNB001/ULoCell:NodeB Function Name=MLB00372HUNB001, Local Cell ID=10153, Cell Name=N/A">
                <measResults>1657939 236653 245904 1407858 216163 21146 8033 4739 0 0 0 0 0 0 40636 278627 137067 154358 192913 210988 358363 289016 442123 424744 515261 474463 451508 389585 318515 318645 240012 219507 150364 136946 79943 51285 40665 35977 38329 36390 44654 9967 2054 264 164 156 1372 2121604 0 0 0 0 0 0 0 0 0 146208 1994522 2142102 11207119 2969415756 0 189099 67830 96472 87062 98946 106919 167421 117617 144505 154350 154353 142509 130880 101782 89754 66627 64464 51802 44037 27611 17138 10514 4482 2371 1214 775 519 346 137 176 380 0 0 0 0 0 0 0 0 0 0 0 0 0 0 0 0 0 0 0 0 0 0 0 0 0 0 0 0 0 0 0 0 0 0 0 0 2969400978 1777880 15688 0 0 0 0 0 0 0 0 297 374 69 461 942 80 297 301 461 467 1000 987 807582 2609234 136030 807582 818219 60 95 9 431 583 43 3 98 0 4.868 10.366 10.541 12 0.804 7 169 20 1 0 0 0 0 0 NIL 504 641 279 0 0 0 0 0 0 0 0 0 0 0 0 10675 0 226 </measResults>
            </measValue>
            <measValue measObjLdn="MLB00372HUNB001/ULoCell:NodeB Function Name=MLB00372HUNB001, Local Cell ID=50151, Cell Name=N/A">
                <measResults>281802 59629 32636 224303 49733 4617 1910 1239 0 0 0 0 0 0 4834 598 1659 427 637 1017 2413 2732 5511 7458 14541 22180 36079 53733 79780 107254 98544 111126 90162 80850 59371 44573 35176 25915 19748 18166 24422 22258 16275 14658 13955 11488 7453 363395 0 0 0 0 0 0 0 0 0 57164 309527 374144 403124 1390945864 0 31489 2882 1223 1207 2293 2620 12631 5410 13910 15208 17693 19604 29783 32183 30999 25255 20958 22564 18926 13880 11044 7661 6224 6180 3551 2794 3484 2301 2916 2408 4663 0 0 0 0 0 0 0 0 0 0 0 0 0 0 0 0 0 0 0 0 0 0 0 0 0 0 0 0 0 0 0 0 0 0 0 0 1390834008 367036 7412 0 0 0 0 0 0 0 0 51 309 0 129 988 0 54 253 135 634 956 203 382456 8013997 0 400059 1884020 13 160 0 138 868 0 0 6 0 1.759 13.718 13.584 14 0 4 33 0 0 0 0 0 0 0 NIL 883 915 817 0 0 0 0 0 0 0 0 0 0 0 0 15964 0 0 </measResults>
            </measValue>
            <measValue measObjLdn="MLB00372HUNB001/ULoCell:NodeB Function Name=MLB00372HUNB001, Local Cell ID=50152, Cell Name=N/A">
                <measResults>928254 107944 106805 810586 103515 7809 3815 2529 0 0 0 0 0 0 17430 2992 2318 1843 2384 2567 4850 5520 11829 17997 33529 46850 64525 82702 112436 179096 159539 193323 179720 243441 267316 274126 289671 240898 238258 226481 328286 274160 183143 72375 33168 13101 112730 1118927 0 0 0 0 0 0 0 0 0 499191 531172 1143093 1628228 7318383741 0 125984 5726 3267 3641 8660 7023 58145 17527 26457 32541 38877 33213 42335 24060 35049 27501 41450 39525 55167 53576 53659 56989 47914 52313 39666 38964 39209 22776 23186 22965 65495 0 0 0 0 0 0 0 0 0 0 0 0 0 0 0 0 0 0 0 0 0 0 0 0 0 0 0 0 0 0 0 0 0 0 0 0 7318163973 994098 16284 0 0 0 0 0 0 0 0 158 369 12 408 999 7 158 286 408 739 1000 552 2015566 11980248 17462 2015566 3651388 28 162 2 352 852 4 0 4 0 4.911 12.853 12.027 13 0.09 8 133 13 1 0 0 0 0 0 NIL 817 877 732 0 0 0 0 0 0 0 0 0 0 0 0 20233 0 0 </measResults>
            </measValue>
            <measValue measObjLdn="MLB00372HUNB001/ULoCell:NodeB Function Name=MLB00372HUNB001, Local Cell ID=50153, Cell Name=N/A">
                <measResults>1444595 196467 180683 1238800 181910 13668 5842 4375 0 0 0 0 0 0 29585 11747 8697 8345 9034 14522 25296 26933 53695 78702 154607 220208 345304 479416 530677 667628 494135 511748 371864 350592 284292 182864 164094 98661 89900 65834 81781 42959 14616 5283 2608 1661 11511 1817709 0 0 0 0 0 0 0 0 0 293735 1516778 1822024 4420486 5205449332 0 178918 12770 14631 15898 25867 26312 114600 35466 64300 67174 85615 110297 140654 139184 163810 127591 119514 93838 82211 55898 38199 27526 19869 16982 10381 8917 8062 6569 5031 3125 2802 0 0 0 0 0 0 0 0 0 0 0 0 0 0 0 0 0 0 0 0 0 0 0 0 0 0 0 0 0 0 0 0 0 0 0 0 5205347301 1496430 21232 0 0 0 0 0 0 0 0 253 463 37 601 977 25 253 304 601 724 1000 831 1427214 6399718 31611 1427214 1717466 62 160 10 517 777 21 0 48 0 6.893 12.197 11.468 13 0.298 11 175 24 2 0 0 0 0 0 NIL 747 855 586 0 0 0 0 0 0 0 0 0 0 0 0 15013 0 0 </measResults>
            </measValue>
            <measValue measObjLdn="MLB00372HUNB001/ULoCell:NodeB Function Name=MLB00372HUNB001, Local Cell ID=60151, Cell Name=N/A">
                <measResults>222341 52139 34900 174753 39205 5219 1823 1341 0 0 0 0 0 0 5775 700 3348 1673 1880 3557 8485 13010 21715 30822 41944 46588 46738 41816 36101 34101 30151 32298 28019 26592 22412 18756 16689 16028 13256 13982 20388 18749 12618 7168 3979 1919 6578 305696 0 0 0 0 0 0 0 0 0 37169 265697 309444 330012 965407716 0 20556 1698 310 479 1014 5048 10905 5034 9772 15395 24185 28937 28487 24794 22226 18410 16391 17465 13985 10553 7944 6191 3105 3026 1460 1646 1702 1523 1373 1367 4327 0 0 0 0 0 0 0 0 0 0 0 0 0 0 0 0 0 0 0 0 0 0 0 0 0 0 0 0 0 0 0 0 0 0 0 0 965116615 308815 8099 0 0 0 0 0 0 0 0 42 265 0 99 947 0 50 247 118 579 845 171 265300 4111656 0 313964 1551462 12 134 0 111 821 0 0 2 0 1.323 12.503 13.236 14 0 4 21 0 0 0 0 0 0 0 NIL 883 916 813 0 0 0 0 0 0 0 0 0 0 0 0 12299 0 0 </measResults>
            </measValue>
            <measValue measObjLdn="MLB00372HUNB001/ULoCell:NodeB Function Name=MLB00372HUNB001, Local Cell ID=60152, Cell Name=N/A">
                <measResults>1118473 145860 116780 965411 136418 10055 3928 2661 0 0 0 0 0 0 18430 28285 19702 25411 41594 61152 122346 127709 216629 238842 280547 264543 237074 196466 164257 167608 130989 140672 122689 128097 117599 95227 89806 63621 62991 48303 100581 63808 37275 9083 2056 442 65017 1294796 0 0 0 0 0 0 0 0 0 418555 897730 1381302 2316193 5535287571 0 114695 5497 4895 6794 18071 20931 73675 30241 48798 49624 72262 87408 93496 84810 91682 60807 63322 47056 46877 38875 34195 38803 37073 45322 29644 29425 30422 21610 15740 14738 24461 0 0 0 0 0 0 0 0 0 0 0 0 0 0 0 0 0 0 0 0 0 0 0 0 0 0 0 0 0 0 0 0 0 0 0 0 5535192963 1207089 39211 0 0 0 0 0 0 0 0 191 379 12 456 998 7 191 285 456 680 1000 670 1520707 6928197 7107 1520707 2269712 43 136 2 386 757 5 0 2 0 4.948 11.208 10.831 12 0.08 21 147 14 0 0 0 0 0 0 NIL 742 845 616 0 0 0 0 0 0 0 0 0 0 0 0 14329 1 0 </measResults>
            </measValue>
            <measValue measObjLdn="MLB00372HUNB001/ULoCell:NodeB Function Name=MLB00372HUNB001, Local Cell ID=60153, Cell Name=N/A">
                <measResults>1486035 201582 136758 1280220 185946 12014 4599 3256 0 0 0 0 0 0 22405 66117 56559 50670 90274 116192 238018 236458 440728 499481 637615 601595 555775 451015 314999 253837 136472 104662 74296 66366 50623 39816 34634 28380 21253 16881 14898 9955 5391 2768 1459 795 11934 1811674 0 0 0 0 0 0 0 0 0 250795 1561990 1824719 4890054 5056160909 0 160019 8338 10412 15750 44653 38010 103433 43535 73746 71661 86497 110974 135303 153016 168515 135503 125815 91803 70500 41151 29291 23005 16742 16643 12071 9633 9844 8335 5475 3297 1749 0 0 0 0 0 0 0 0 0 0 0 0 0 0 0 0 0 0 0 0 0 0 0 0 0 0 0 0 0 0 0 0 0 0 0 0 5056110195 1551672 34532 0 0 0 0 0 0 0 0 253 381 28 617 990 23 253 293 618 716 1000 862 1385789 5769003 35632 1385789 1607644 65 151 9 536 776 23 0 84 0 6.673 11.562 10.806 12 0.255 19 160 17 1 0 0 0 0 0 NIL 737 830 572 0 0 0 0 0 0 0 0 0 0 0 0 10530 0 0 </measResults>
            </measValue>
        </measInfo>
        <measInfo measInfoId="50331650">
            <granPeriod duration="PT3600S" endTime="2021-08-19T12:00:00+08:00"/>
            <repPeriod duration="PT3600S"/>
            <measTypes>50332548 50332549 50332550 50332554 50342548 50342549 50342550 50342554 50342612 50342613 50342615 50342616 </measTypes>
            <measValue measObjLdn="MLB00372HUNB001/ULoCell:NodeB Function Name=MLB00372HUNB001, Local Cell ID=10151, Cell Name=N/A">
                <measResults>0 0 6.266 3.401 0 0 17 7 0 0 0 0 </measResults>
            </measValue>
            <measValue measObjLdn="MLB00372HUNB001/ULoCell:NodeB Function Name=MLB00372HUNB001, Local Cell ID=10152, Cell Name=N/A">
                <measResults>0 0 40.165 20.411 0 0 57.5 32 0 0 0 0 </measResults>
            </measValue>
            <measValue measObjLdn="MLB00372HUNB001/ULoCell:NodeB Function Name=MLB00372HUNB001, Local Cell ID=10153, Cell Name=N/A">
                <measResults>0 0 59.803 29.947 0 0 84.5 44 0 0 0 0 </measResults>
            </measValue>
            <measValue measObjLdn="MLB00372HUNB001/ULoCell:NodeB Function Name=MLB00372HUNB001, Local Cell ID=50151, Cell Name=N/A">
                <measResults>0 0 8.276 4.158 0 0 21 12 0 0 0 0 </measResults>
            </measValue>
            <measValue measObjLdn="MLB00372HUNB001/ULoCell:NodeB Function Name=MLB00372HUNB001, Local Cell ID=50152, Cell Name=N/A">
                <measResults>0 0 34.256 15.089 0 0 59.5 31 0 0 0 0 </measResults>
            </measValue>
            <measValue measObjLdn="MLB00372HUNB001/ULoCell:NodeB Function Name=MLB00372HUNB001, Local Cell ID=50153, Cell Name=N/A">
                <measResults>0 0 48.515 22.528 0 0 81.5 43 0 0 0 0 </measResults>
            </measValue>
            <measValue measObjLdn="MLB00372HUNB001/ULoCell:NodeB Function Name=MLB00372HUNB001, Local Cell ID=60151, Cell Name=N/A">
                <measResults>0 0 7.044 3.757 0 0 15.5 11 0 0 0 0 </measResults>
            </measValue>
            <measValue measObjLdn="MLB00372HUNB001/ULoCell:NodeB Function Name=MLB00372HUNB001, Local Cell ID=60152, Cell Name=N/A">
                <measResults>0 0 36.827 17.829 0 0 64 30 0 0 0 0 </measResults>
            </measValue>
            <measValue measObjLdn="MLB00372HUNB001/ULoCell:NodeB Function Name=MLB00372HUNB001, Local Cell ID=60153, Cell Name=N/A">
                <measResults>0 0 49.722 23.607 0 0 69.5 37 0 0 0 0 </measResults>
            </measValue>
        </measInfo>
        <measInfo measInfoId="50331651">
            <granPeriod duration="PT3600S" endTime="2021-08-19T12:00:00+08:00"/>
            <repPeriod duration="PT3600S"/>
            <measTypes>50331850 50331851 50331852 50331853 50331854 50331855 50331856 50331857 50331858 50331859 50331860 50331861 50331862 50331863 50331864 50331865 50331866 50331867 50331868 50331869 50331870 50331871 50331872 50331873 50331874 50331875 50331876 50331877 50331878 50331879 50331885 50331886 50331887 50331888 50331889 50331892 50331903 50331904 50331908 50331925 50331926 50331927 50331928 50331929 50331930 50331931 50331957 50331958 50331959 50331961 50331962 50331963 50331964 50331965 50331966 50331967 50331971 50331972 50331973 50331974 50331987 50331988 50331989 50331990 50331991 50331992 50331993 50331995 50332378 50332379 50332380 50332385 50332386 50332387 50332498 50332499 50332500 50332501 50332503 50332507 50332623 50332638 50341849 50341850 50341851 50341852 50341853 50341854 50341855 50341856 50341857 50341858 50341859 50341864 50341865 50341866 50341868 50341869 50341870 50341871 50341872 50341873 50341874 50341875 50341876 50341877 50341878 50341879 50341880 50341881 50341882 50341883 50341884 50341885 50341886 50341887 50341888 50341889 50341890 50341891 50341892 50341893 50341894 50341895 50341896 50341897 50341898 50341980 50341981 50341982 50341983 50341984 50341985 50341986 50341994 50361698 50361699 50361701 </measTypes>
            <measValue measObjLdn="MLB00372HUNB001/ULoCell:NodeB Function Name=MLB00372HUNB001, Local Cell ID=10151, Cell Name=N/A">
                <measResults>1792172 5677 1388 181 38 55 111 42 64 64 132 0 2 0 0 0 0 0 0 0 0 0 0 0 0 72 72 263886 1791267 479154 281288 45878 5493417 215451 18795 0 167 190 255737 10 0 0 0 0 0 0 0 75 66 3 0 0 0 0 0 0 161 369 1093 181514 2812 7046 13526 20373 12325 6359 5489 53603 171708 122358 28459 0.116 131495 45519 0 0 NIL NIL 0 0.066 0 0 43 0.334 3.194 0.017 0.081 0 0 0 0 47 0 21 20 0 NIL NIL 2.086 0.062 0.002 0.001 0 0 2.46 0 0 0 0 0 0 216489.828 1.146 0.05 0.015 0.006 0.01 0.004 0.001 0 1.745 0 0 89 NIL NIL 104 839.766 2208.12 6734.634 15664.408 7901.212 5514.318 7414.04 15522.24 0 NIL 0 </measResults>
            </measValue>
            <measValue measObjLdn="MLB00372HUNB001/ULoCell:NodeB Function Name=MLB00372HUNB001, Local Cell ID=10152, Cell Name=N/A">
                <measResults>1776007 15540 3369 773 302 196 168 152 237 200 149 132 96 114 118 166 210 187 169 192 261 30 38 28 0 1160 2110 4454083 1799994 1792047 2108359 690915 33963122 854781 155565 8 448 531 1440018 1947 1247 1147 899 849 599 0 5 14 13 6285 3284 2947 1922 1737 1279 0 11362 29789 27870 249062 39173 114111 92386 163054 172342 98683 9814 961782 668100 198963 474828 1.738 150914 539635 0 0 NIL NIL 0 1.544 0 0 100 5.823 12.574 0.114 0.269 1 0 0 0 75 0 237 197 0 NIL NIL 4.411 0.101 0.008 0.004 0 0 841.304 371.876 350.924 262.058 260.972 182.024 0 1441880.75 18.391 0.998 0.34 0.149 0.176 0.038 0.009 0.002 3.789 0 0 33 NIL NIL 326 9006.75 32800.801 32462.07 70094.336 89344.039 46638.746 5078.406 204408.5 0 NIL 0 </measResults>
            </measValue>
            <measValue measObjLdn="MLB00372HUNB001/ULoCell:NodeB Function Name=MLB00372HUNB001, Local Cell ID=10153, Cell Name=N/A">
                <measResults>1772915 21233 3551 683 412 270 191 127 97 66 29 22 29 11 0 0 0 0 0 0 0 0 0 0 0 359 359 5387278 1799995 1794921 2394457 799051 37914528 1683495 377899 7 666 811 1679056 250 0 0 0 0 0 0 0 8 7 709 0 0 0 0 0 0 25230 98619 57921 424365 93132 244974 342102 455221 93875 8349 695 2448010 1035156 456280 818104 2.184 345707 731339 0 0 NIL NIL 0 1.946 0 0 108 6.601 14.76 0.187 0.44 5 0 0 0 37 0 506 411 0 NIL NIL 5.04 0.127 0.009 0.003 0 0 205.346 0 0 0 0 0 0 1502597.75 20.772 1.018 0.314 0.118 0.127 0.03 0.009 0.001 3.943 0 0 29 NIL NIL 464 19647.611 55523.766 91596.531 168098.313 68589.719 5916.156 490.044 347203.875 0 NIL 0 </measResults>
            </measValue>
            <measValue measObjLdn="MLB00372HUNB001/ULoCell:NodeB Function Name=MLB00372HUNB001, Local Cell ID=50151, Cell Name=N/A">
                <measResults>1770139 14477 3827 3094 2927 1440 734 430 560 513 382 336 193 132 49 41 51 59 69 63 91 54 54 168 18 101 688 495689 1792697 780587 441734 72779 6632411 285554 36970 7 146 285 415549 1109 537 272 247 247 143 17 6 27 24 1378 759 367 292 292 186 0 686 1982 2581 203469 296 860 4042 26242 30240 17101 3410 25935 197429 140815 61430 0.158 110286 93979 0 0 NIL NIL 0 0.078 0 0 64 0.604 2.964 0.023 0.094 0 0 0 0 70 0 37 31 0 NIL NIL 1.898 0.069 0.002 0 0 0 311.022 155.166 26.562 24.576 24.576 12.63 0 306070.563 2.077 0.144 0.039 0.017 0.026 0.006 0.002 0 1.518 0 0 66 NIL NIL 51 112.638 324.672 2233.704 14937.128 20023.08 11870.876 2841.5 12415.218 0 NIL 0 </measResults>
            </measValue>
            <measValue measObjLdn="MLB00372HUNB001/ULoCell:NodeB Function Name=MLB00372HUNB001, Local Cell ID=50152, Cell Name=N/A">
                <measResults>1650738 86963 23960 13203 7889 4101 2371 1400 1439 915 530 405 316 229 166 124 107 71 35 32 285 1482 1558 161 17 1505 5157 3390453 1800002 1778694 1916433 631153 21087667 1191013 223735 16 526 700 1536706 6401 4185 3948 3648 3598 3348 1765 5 38 33 25539 11730 10880 9806 9669 9126 5039 12363 29553 29556 430198 2407 7024 23940 179595 350408 332485 165796 1446893 1083149 474377 535167 1.856 428300 687594 0 0 NIL NIL 0 1.606 0 0 112 5.008 12.785 0.115 0.32 4 0 0 0 80 0 289 227 0 NIL NIL 3.082 0.286 0.011 0.001 0 0 5421.002 1132.446 834.108 454.812 391.446 286.194 149.316 1513796.25 11.697 0.839 0.332 0.171 0.219 0.038 0.01 0.003 2.414 0 0 50 NIL NIL 373 635.184 1798.272 6243.312 51147.031 151099.813 167560.266 71573.352 243279.25 0 NIL 0 </measResults>
            </measValue>
            <measValue measObjLdn="MLB00372HUNB001/ULoCell:NodeB Function Name=MLB00372HUNB001, Local Cell ID=50153, Cell Name=N/A">
                <measResults>1665485 80531 16123 7464 5236 2586 1591 1151 1540 954 1367 5367 2804 665 331 357 1462 489 344 220 256 94 133 146 19 788 2658 5003741 1797503 1793168 2512738 1184627 24600142 1755851 507091 21 698 932 1704413 17730 10051 9013 2892 2465 1162 300 15 19 27 68735 28699 25043 5189 4335 1320 239 40942 73232 52820 301268 7430 35927 168233 949008 606967 79414 8702 3853255 1168487 318176 930249 2.842 202208 1007024 0 0 NIL NIL 0 2.644 0 0 128 7.996 17.551 0.197 0.385 8 0 0 0 80 0 511 413 0 NIL NIL 3.939 0.12 0.003 0.001 0 0 4657.664 2109.26 1838.492 404.232 300.054 99.948 13.65 1588762.125 15.562 1.125 0.395 0.174 0.201 0.052 0.022 0.001 3.085 0 0 32 NIL NIL 581 1343.52 7682.018 40985.473 296718.219 207412.438 29586.926 5266.866 567794 0 NIL 0 </measResults>
            </measValue>
            <measValue measObjLdn="MLB00372HUNB001/ULoCell:NodeB Function Name=MLB00372HUNB001, Local Cell ID=60151, Cell Name=N/A">
                <measResults>1776406 9599 2080 1554 1272 600 458 404 891 787 651 606 624 548 497 744 319 237 260 285 504 321 52 57 55 194 2108 384055 1774679 771081 439361 65459 5339388 210164 25961 7 189 307 338512 4398 2593 2350 1729 1434 550 0 10 76 65 5857 3836 3541 2973 2667 1473 0 645 1531 1717 140520 769 6545 14837 26233 16752 5138 2254 40360 164560 100936 51445 0.178 95357 74216 0 0 NIL NIL 0 0.084 0 0 60 0.574 3.211 0.017 0.119 1 0 0 0 90 0 26 25 0 NIL NIL 1.607 0.128 0.003 0 0 0 1257.462 871.728 803.478 631.164 538.902 295.476 0 382054.844 1.573 0.108 0.042 0.025 0.039 0.007 0.002 0 1.272 0 1 98 NIL NIL 105 838.258 3110.154 9064.998 15748.316 9473.37 3737.488 2366.568 7267.47 0 NIL 0 </measResults>
            </measValue>
            <measValue measObjLdn="MLB00372HUNB001/ULoCell:NodeB Function Name=MLB00372HUNB001, Local Cell ID=60152, Cell Name=N/A">
                <measResults>1708219 52946 15181 7778 4812 2649 1637 1168 1581 934 632 498 553 365 183 77 44 37 25 8 15 38 4 2 0 617 753 5870067 1800003 1797088 2681462 1231098 27443221 1054570 233970 12 516 657 1516596 4400 1450 1150 250 50 50 0 0 15 12 34496 8737 6864 965 20 20 0 8990 14678 16189 273903 24939 156366 241093 286111 194024 108371 22601 1765576 827734 293486 561168 2.872 222322 632960 0 0 NIL NIL 0 2.688 0 0 135 8.825 19.706 0.111 0.307 3 0 0 0 80 0 299 246 0 NIL NIL 2.964 0.159 0.004 0 0 0 3840.552 777.51 576.132 66.288 2.442 2.442 0 1853716.125 18.366 1.418 0.505 0.236 0.263 0.052 0.013 0.002 2.178 0 0 20 NIL NIL 480 6238.88 40935.875 74735.867 90486.336 72327.195 46048.535 11623.976 266650.906 0 NIL 0 </measResults>
            </measValue>
            <measValue measObjLdn="MLB00372HUNB001/ULoCell:NodeB Function Name=MLB00372HUNB001, Local Cell ID=60153, Cell Name=N/A">
                <measResults>1676759 85211 12577 5218 3541 2388 1253 1037 1235 755 777 2746 1921 586 578 694 771 463 243 143 183 120 50 31 18 706 2102 5641014 1800004 1797898 2516887 983634 27437631 1642837 361500 20 709 797 1711006 12693 7138 5938 2493 2043 594 100 7 15 21 66030 30702 24792 9091 7257 1606 15 25812 51271 35136 338724 84192 336747 567119 520007 63291 24270 3690 3013130 1182649 326907 912482 2.58 249144 974381 0 0 NIL NIL 0 2.406 0 0 135 7.819 17.39 0.199 0.386 6 0 0 0 80 0 483 394 0 NIL NIL 2.949 0.153 0.005 0 0 0 4647.87 2204.484 1834.266 537.432 409.884 74.04 0.726 1820328.25 17.479 1.348 0.476 0.217 0.259 0.057 0.016 0.002 2.265 0 0 25 NIL NIL 499 21866.033 87277.445 169940.953 184671.641 33876.73 25585.674 3360.216 464122.125 0 NIL 0 </measResults>
            </measValue>
        </measInfo>
        <measInfo measInfoId="50331653">
            <granPeriod duration="PT3600S" endTime="2021-08-19T12:00:00+08:00"/>
            <repPeriod duration="PT3600S"/>
            <measTypes>50331748 50331749 50331750 50331751 50331752 50331753 50361697 </measTypes>
            <measValue measObjLdn="MLB00372HUNB001/ULoCell:NodeB Function Name=MLB00372HUNB001, Local Cell ID=10151, Cell Name=N/A">
                <measResults>0.467 0.368 0.467 0.303 0 0 0.121 </measResults>
            </measValue>
            <measValue measObjLdn="MLB00372HUNB001/ULoCell:NodeB Function Name=MLB00372HUNB001, Local Cell ID=10152, Cell Name=N/A">
                <measResults>0.061 0.054 0.061 0.04 0 0 0.413 </measResults>
            </measValue>
            <measValue measObjLdn="MLB00372HUNB001/ULoCell:NodeB Function Name=MLB00372HUNB001, Local Cell ID=10153, Cell Name=N/A">
                <measResults>0.013 0.013 0.013 0.01 0 0 0.304 </measResults>
            </measValue>
            <measValue measObjLdn="MLB00372HUNB001/ULoCell:NodeB Function Name=MLB00372HUNB001, Local Cell ID=50151, Cell Name=N/A">
                <measResults>0.36 0.317 0.36 0.303 0 0 0.121 </measResults>
            </measValue>
            <measValue measObjLdn="MLB00372HUNB001/ULoCell:NodeB Function Name=MLB00372HUNB001, Local Cell ID=50152, Cell Name=N/A">
                <measResults>0.371 0.331 0.371 0.304 0 0 0.085 </measResults>
            </measValue>
            <measValue measObjLdn="MLB00372HUNB001/ULoCell:NodeB Function Name=MLB00372HUNB001, Local Cell ID=50153, Cell Name=N/A">
                <measResults>0.011 0.008 0.011 0.007 0 0 0.077 </measResults>
            </measValue>
            <measValue measObjLdn="MLB00372HUNB001/ULoCell:NodeB Function Name=MLB00372HUNB001, Local Cell ID=60151, Cell Name=N/A">
                <measResults>0.414 0.333 0.414 0.321 0 0 0.082 </measResults>
            </measValue>
            <measValue measObjLdn="MLB00372HUNB001/ULoCell:NodeB Function Name=MLB00372HUNB001, Local Cell ID=60152, Cell Name=N/A">
                <measResults>0.09 0.085 0.09 0.079 0 0 0.036 </measResults>
            </measValue>
            <measValue measObjLdn="MLB00372HUNB001/ULoCell:NodeB Function Name=MLB00372HUNB001, Local Cell ID=60153, Cell Name=N/A">
                <measResults>0.006 0.006 0.006 0.006 0 0 0.082 </measResults>
            </measValue>
        </measInfo>
        <measInfo measInfoId="50331658">
            <granPeriod duration="PT3600S" endTime="2021-08-19T12:00:00+08:00"/>
            <repPeriod duration="PT3600S"/>
            <measTypes>50332250 50332251 50332410 50332411 </measTypes>
            <measValue measObjLdn="MLB00372HUNB001/ULoCell:NodeB Function Name=MLB00372HUNB001, Local Cell ID=10151, Cell Name=N/A">
                <measResults>0 0 0 0 </measResults>
            </measValue>
            <measValue measObjLdn="MLB00372HUNB001/ULoCell:NodeB Function Name=MLB00372HUNB001, Local Cell ID=10152, Cell Name=N/A">
                <measResults>0 0 0 0 </measResults>
            </measValue>
            <measValue measObjLdn="MLB00372HUNB001/ULoCell:NodeB Function Name=MLB00372HUNB001, Local Cell ID=10153, Cell Name=N/A">
                <measResults>0 0 0 0 </measResults>
            </measValue>
            <measValue measObjLdn="MLB00372HUNB001/ULoCell:NodeB Function Name=MLB00372HUNB001, Local Cell ID=50151, Cell Name=N/A">
                <measResults>0 0 0 0 </measResults>
            </measValue>
            <measValue measObjLdn="MLB00372HUNB001/ULoCell:NodeB Function Name=MLB00372HUNB001, Local Cell ID=50152, Cell Name=N/A">
                <measResults>0 0 0 0 </measResults>
            </measValue>
            <measValue measObjLdn="MLB00372HUNB001/ULoCell:NodeB Function Name=MLB00372HUNB001, Local Cell ID=50153, Cell Name=N/A">
                <measResults>0 0 0 0 </measResults>
            </measValue>
            <measValue measObjLdn="MLB00372HUNB001/ULoCell:NodeB Function Name=MLB00372HUNB001, Local Cell ID=60151, Cell Name=N/A">
                <measResults>0 0 0 0 </measResults>
            </measValue>
            <measValue measObjLdn="MLB00372HUNB001/ULoCell:NodeB Function Name=MLB00372HUNB001, Local Cell ID=60152, Cell Name=N/A">
                <measResults>0 0 0 0 </measResults>
            </measValue>
            <measValue measObjLdn="MLB00372HUNB001/ULoCell:NodeB Function Name=MLB00372HUNB001, Local Cell ID=60153, Cell Name=N/A">
                <measResults>0 0 0 0 </measResults>
            </measValue>
        </measInfo>
        <measInfo measInfoId="50331660">
            <granPeriod duration="PT3600S" endTime="2021-08-19T12:00:00+08:00"/>
            <repPeriod duration="PT3600S"/>
            <measTypes>50361670 50361671 50361672 50361673 </measTypes>
            <measValue measObjLdn="MLB00372HUNB001/ULoCell:NodeB Function Name=MLB00372HUNB001, Local Cell ID=10151, Cell Name=N/A">
                <measResults>0 0 0 0 </measResults>
            </measValue>
            <measValue measObjLdn="MLB00372HUNB001/ULoCell:NodeB Function Name=MLB00372HUNB001, Local Cell ID=10152, Cell Name=N/A">
                <measResults>0 0 0 0 </measResults>
            </measValue>
            <measValue measObjLdn="MLB00372HUNB001/ULoCell:NodeB Function Name=MLB00372HUNB001, Local Cell ID=10153, Cell Name=N/A">
                <measResults>0 0 0 0 </measResults>
            </measValue>
            <measValue measObjLdn="MLB00372HUNB001/ULoCell:NodeB Function Name=MLB00372HUNB001, Local Cell ID=50151, Cell Name=N/A">
                <measResults>0 0 0 0 </measResults>
            </measValue>
            <measValue measObjLdn="MLB00372HUNB001/ULoCell:NodeB Function Name=MLB00372HUNB001, Local Cell ID=50152, Cell Name=N/A">
                <measResults>0 0 0 0 </measResults>
            </measValue>
            <measValue measObjLdn="MLB00372HUNB001/ULoCell:NodeB Function Name=MLB00372HUNB001, Local Cell ID=50153, Cell Name=N/A">
                <measResults>0 0 0 0 </measResults>
            </measValue>
            <measValue measObjLdn="MLB00372HUNB001/ULoCell:NodeB Function Name=MLB00372HUNB001, Local Cell ID=60151, Cell Name=N/A">
                <measResults>0 0 0 0 </measResults>
            </measValue>
            <measValue measObjLdn="MLB00372HUNB001/ULoCell:NodeB Function Name=MLB00372HUNB001, Local Cell ID=60152, Cell Name=N/A">
                <measResults>0 0 0 0 </measResults>
            </measValue>
            <measValue measObjLdn="MLB00372HUNB001/ULoCell:NodeB Function Name=MLB00372HUNB001, Local Cell ID=60153, Cell Name=N/A">
                <measResults>0 0 0 0 </measResults>
            </measValue>
        </measInfo>
        <measInfo measInfoId="50331661">
            <granPeriod duration="PT3600S" endTime="2021-08-19T12:00:00+08:00"/>
            <repPeriod duration="PT3600S"/>
            <measTypes>50332048 50332049 50332050 50332051 </measTypes>
            <measValue measObjLdn="MLB00372HUNB001/ULoCell:NodeB Function Name=MLB00372HUNB001, Local Cell ID=10151, Cell Name=N/A">
                <measResults>13706 0 153136 0 </measResults>
            </measValue>
            <measValue measObjLdn="MLB00372HUNB001/ULoCell:NodeB Function Name=MLB00372HUNB001, Local Cell ID=10152, Cell Name=N/A">
                <measResults>58241 0 154653 0 </measResults>
            </measValue>
            <measValue measObjLdn="MLB00372HUNB001/ULoCell:NodeB Function Name=MLB00372HUNB001, Local Cell ID=10153, Cell Name=N/A">
                <measResults>64823 0 155573 0 </measResults>
            </measValue>
            <measValue measObjLdn="MLB00372HUNB001/ULoCell:NodeB Function Name=MLB00372HUNB001, Local Cell ID=50151, Cell Name=N/A">
                <measResults>20146 0 153636 0 </measResults>
            </measValue>
            <measValue measObjLdn="MLB00372HUNB001/ULoCell:NodeB Function Name=MLB00372HUNB001, Local Cell ID=50152, Cell Name=N/A">
                <measResults>62276 0 155971 0 </measResults>
            </measValue>
            <measValue measObjLdn="MLB00372HUNB001/ULoCell:NodeB Function Name=MLB00372HUNB001, Local Cell ID=50153, Cell Name=N/A">
                <measResults>79330 0 156778 0 </measResults>
            </measValue>
            <measValue measObjLdn="MLB00372HUNB001/ULoCell:NodeB Function Name=MLB00372HUNB001, Local Cell ID=60151, Cell Name=N/A">
                <measResults>17892 0 153336 0 </measResults>
            </measValue>
            <measValue measObjLdn="MLB00372HUNB001/ULoCell:NodeB Function Name=MLB00372HUNB001, Local Cell ID=60152, Cell Name=N/A">
                <measResults>39608 0 155034 0 </measResults>
            </measValue>
            <measValue measObjLdn="MLB00372HUNB001/ULoCell:NodeB Function Name=MLB00372HUNB001, Local Cell ID=60153, Cell Name=N/A">
                <measResults>61300 0 156439 0 </measResults>
            </measValue>
        </measInfo>
        <measInfo measInfoId="50331662">
            <granPeriod duration="PT3600S" endTime="2021-08-19T12:00:00+08:00"/>
            <repPeriod duration="PT3600S"/>
            <measTypes>50332052 50332053 50332054 50332070 50332505 </measTypes>
            <measValue measObjLdn="MLB00372HUNB001/ULoCell:NodeB Function Name=MLB00372HUNB001, Local Cell ID=10151, Cell Name=N/A">
                <measResults>0 25 200033 0 0 </measResults>
            </measValue>
            <measValue measObjLdn="MLB00372HUNB001/ULoCell:NodeB Function Name=MLB00372HUNB001, Local Cell ID=10152, Cell Name=N/A">
                <measResults>43 88 937769 0 0 </measResults>
            </measValue>
            <measValue measObjLdn="MLB00372HUNB001/ULoCell:NodeB Function Name=MLB00372HUNB001, Local Cell ID=10153, Cell Name=N/A">
                <measResults>100 76 1120964 0 0 </measResults>
            </measValue>
            <measValue measObjLdn="MLB00372HUNB001/ULoCell:NodeB Function Name=MLB00372HUNB001, Local Cell ID=50151, Cell Name=N/A">
                <measResults>0 26 201346 0 0 </measResults>
            </measValue>
            <measValue measObjLdn="MLB00372HUNB001/ULoCell:NodeB Function Name=MLB00372HUNB001, Local Cell ID=50152, Cell Name=N/A">
                <measResults>21 69 519212 0 0 </measResults>
            </measValue>
            <measValue measObjLdn="MLB00372HUNB001/ULoCell:NodeB Function Name=MLB00372HUNB001, Local Cell ID=50153, Cell Name=N/A">
                <measResults>8 70 613616 0 0 </measResults>
            </measValue>
            <measValue measObjLdn="MLB00372HUNB001/ULoCell:NodeB Function Name=MLB00372HUNB001, Local Cell ID=60151, Cell Name=N/A">
                <measResults>1 28 330690 0 0 </measResults>
            </measValue>
            <measValue measObjLdn="MLB00372HUNB001/ULoCell:NodeB Function Name=MLB00372HUNB001, Local Cell ID=60152, Cell Name=N/A">
                <measResults>92 105 886499 0 0 </measResults>
            </measValue>
            <measValue measObjLdn="MLB00372HUNB001/ULoCell:NodeB Function Name=MLB00372HUNB001, Local Cell ID=60153, Cell Name=N/A">
                <measResults>41 83 939804 0 0 </measResults>
            </measValue>
        </measInfo>
        <measInfo measInfoId="50331663">
            <granPeriod duration="PT3600S" endTime="2021-08-19T12:00:00+08:00"/>
            <repPeriod duration="PT3600S"/>
            <measTypes>50331917 50332061 50332064 50332065 50332069 50332071 50332072 50332073 50332074 50332079 50332258 50332388 50332389 50332504 50332626 50332632 50332639 50332640 50332641 50332645 50342048 50342049 50342050 50342051 50361705 50361706 50361725 50361726 50361735 50361740 50361743 50361744 50361747 50361749 50361751 50361753 50361755 50361757 50361759 50361761 50361763 50361765 50361767 50361769 50361771 50361773 50361775 50361777 50361779 50361781 50361783 50361785 50361787 50361789 50361791 50361793 50361795 </measTypes>
            <measValue measObjLdn="MLB00372HUNB001/ULoCell:NodeB Function Name=MLB00372HUNB001, Local Cell ID=10151, Cell Name=N/A">
                <measResults>994.115 0 256 0 0 0 0 0 0 0 0.554 0 0.739 0 0 0 3600 0 NIL 0 13 44.801 0 0 0 0 0 NIL NIL NIL NIL NIL NIL NIL NIL NIL NIL NIL NIL NIL NIL NIL NIL NIL NIL NIL NIL NIL NIL NIL NIL NIL NIL NIL NIL NIL NIL </measResults>
            </measValue>
            <measValue measObjLdn="MLB00372HUNB001/ULoCell:NodeB Function Name=MLB00372HUNB001, Local Cell ID=10152, Cell Name=N/A">
                <measResults>1000 4 253 0.954 0 0 0 0 0 0 2.633 0 5.895 0 0 0 0 0 NIL 0 45 147.265 1.322 0 0 0 0 NIL NIL NIL NIL NIL NIL NIL NIL NIL NIL NIL NIL NIL NIL NIL NIL NIL NIL NIL NIL NIL NIL NIL NIL NIL NIL NIL NIL NIL NIL </measResults>
            </measValue>
            <measValue measObjLdn="MLB00372HUNB001/ULoCell:NodeB Function Name=MLB00372HUNB001, Local Cell ID=10153, Cell Name=N/A">
                <measResults>1000 5 251 4.992 0 0 0 0 0 0 3.14 0 8.054 0 0 0 0 0 NIL 0 16 145.91 2.875 0 0 0 0 NIL NIL NIL NIL NIL NIL NIL NIL NIL NIL NIL NIL NIL NIL NIL NIL NIL NIL NIL NIL NIL NIL NIL NIL NIL NIL NIL NIL NIL NIL </measResults>
            </measValue>
            <measValue measObjLdn="MLB00372HUNB001/ULoCell:NodeB Function Name=MLB00372HUNB001, Local Cell ID=50151, Cell Name=N/A">
                <measResults>996.221 2 256 0 0 0 0 0 0 0 0.822 0 1.111 0 0 0 0 0 NIL 0 55 59.227 0 0 0 0 0 NIL NIL NIL NIL NIL NIL NIL NIL NIL NIL NIL NIL NIL NIL NIL NIL NIL NIL NIL NIL NIL NIL NIL NIL NIL NIL NIL NIL NIL NIL </measResults>
            </measValue>
            <measValue measObjLdn="MLB00372HUNB001/ULoCell:NodeB Function Name=MLB00372HUNB001, Local Cell ID=50152, Cell Name=N/A">
                <measResults>997.873 8 256 0 0 0 0 0 0 0 1.938 0 5.317 600 0 0 0 0 NIL 0 31 125.736 0 0 0 0 0 NIL NIL NIL NIL NIL NIL NIL NIL NIL NIL NIL NIL NIL NIL NIL NIL NIL NIL NIL NIL NIL NIL NIL NIL NIL NIL NIL NIL NIL NIL </measResults>
            </measValue>
            <measValue measObjLdn="MLB00372HUNB001/ULoCell:NodeB Function Name=MLB00372HUNB001, Local Cell ID=50153, Cell Name=N/A">
                <measResults>999.149 12 255 0 0 0 0 0 0 0 1.692 0 7.515 0 0 0 0 0 NIL 0 71 162.449 0 0 0 0 0 NIL NIL NIL NIL NIL NIL NIL NIL NIL NIL NIL NIL NIL NIL NIL NIL NIL NIL NIL NIL NIL NIL NIL NIL NIL NIL NIL NIL NIL NIL </measResults>
            </measValue>
            <measValue measObjLdn="MLB00372HUNB001/ULoCell:NodeB Function Name=MLB00372HUNB001, Local Cell ID=60151, Cell Name=N/A">
                <measResults>995.247 1 256 0 0 0 0 0 0 0 0.808 0 0.858 975 0 0 0 0 NIL 0 58 54.732 0 0 0 0 0 NIL NIL NIL NIL NIL NIL NIL NIL NIL NIL NIL NIL NIL NIL NIL NIL NIL NIL NIL NIL NIL NIL NIL NIL NIL NIL NIL NIL NIL NIL </measResults>
            </measValue>
            <measValue measObjLdn="MLB00372HUNB001/ULoCell:NodeB Function Name=MLB00372HUNB001, Local Cell ID=60152, Cell Name=N/A">
                <measResults>999.688 6 252 0 0 0 0 0 0 0 3.057 0 6.667 1000 0 0 0 0 NIL 0 24 140.536 0 0 0 0 0 NIL NIL NIL NIL NIL NIL NIL NIL NIL NIL NIL NIL NIL NIL NIL NIL NIL NIL NIL NIL NIL NIL NIL NIL NIL NIL NIL NIL NIL NIL </measResults>
            </measValue>
            <measValue measObjLdn="MLB00372HUNB001/ULoCell:NodeB Function Name=MLB00372HUNB001, Local Cell ID=60153, Cell Name=N/A">
                <measResults>999.982 12 254 0 0 0 0 0 0 0 2.699 0 7.643 0 0 0 0 0 NIL 0 40 168.059 0 0 0 0 0 NIL NIL NIL NIL NIL NIL NIL NIL NIL NIL NIL NIL NIL NIL NIL NIL NIL NIL NIL NIL NIL NIL NIL NIL NIL NIL NIL NIL NIL NIL </measResults>
            </measValue>
        </measInfo>
        <measInfo measInfoId="50331665">
            <granPeriod duration="PT3600S" endTime="2021-08-19T12:00:00+08:00"/>
            <repPeriod duration="PT3600S"/>
            <measTypes>50331740 50331741 50331742 50331743 50331744 50331909 50331910 50331911 50331912 50331913 50332381 50332382 50332576 50332577 </measTypes>
            <measValue measObjLdn="MLB00372HUNB001/ULoCell:NodeB Function Name=MLB00372HUNB001, Local Cell ID=10151, Cell Name=N/A">
                <measResults>0 0 0 0 0 0 0 0 0 0 0 0 0 0 </measResults>
            </measValue>
            <measValue measObjLdn="MLB00372HUNB001/ULoCell:NodeB Function Name=MLB00372HUNB001, Local Cell ID=10152, Cell Name=N/A">
                <measResults>0 0 0 0 0 0 0 0 0 0 0 0 0 0 </measResults>
            </measValue>
            <measValue measObjLdn="MLB00372HUNB001/ULoCell:NodeB Function Name=MLB00372HUNB001, Local Cell ID=10153, Cell Name=N/A">
                <measResults>0 0 0 0 0 0 0 0 0 0 0 0 0 0 </measResults>
            </measValue>
            <measValue measObjLdn="MLB00372HUNB001/ULoCell:NodeB Function Name=MLB00372HUNB001, Local Cell ID=50151, Cell Name=N/A">
                <measResults>0 0 0 0 0 0 0 0 0 0 0 0 0 0 </measResults>
            </measValue>
            <measValue measObjLdn="MLB00372HUNB001/ULoCell:NodeB Function Name=MLB00372HUNB001, Local Cell ID=50152, Cell Name=N/A">
                <measResults>0 0 0 0 0 0 0 0 0 0 0 0 0 0 </measResults>
            </measValue>
            <measValue measObjLdn="MLB00372HUNB001/ULoCell:NodeB Function Name=MLB00372HUNB001, Local Cell ID=50153, Cell Name=N/A">
                <measResults>0 0 0 0 0 0 0 0 0 0 0 0 0 0 </measResults>
            </measValue>
            <measValue measObjLdn="MLB00372HUNB001/ULoCell:NodeB Function Name=MLB00372HUNB001, Local Cell ID=60151, Cell Name=N/A">
                <measResults>0 0 0 0 0 0 0 0 0 0 0 0 0 0 </measResults>
            </measValue>
            <measValue measObjLdn="MLB00372HUNB001/ULoCell:NodeB Function Name=MLB00372HUNB001, Local Cell ID=60152, Cell Name=N/A">
                <measResults>0 0 0 0 0 0 0 0 0 0 0 0 0 0 </measResults>
            </measValue>
            <measValue measObjLdn="MLB00372HUNB001/ULoCell:NodeB Function Name=MLB00372HUNB001, Local Cell ID=60153, Cell Name=N/A">
                <measResults>0 0 0 0 0 0 0 0 0 0 0 0 0 0 </measResults>
            </measValue>
        </measInfo>
        <measInfo measInfoId="50331673">
            <granPeriod duration="PT3600S" endTime="2021-08-19T12:00:00+08:00"/>
            <repPeriod duration="PT3600S"/>
            <measTypes>50332055 50332056 50332057 50332058 50332059 50332060 50332278 50332279 50332280 50332281 50332282 50332283 50332284 50332285 50332286 50361648 50361649 50361650 50361651 </measTypes>
            <measValue measObjLdn="MLB00372HUNB001/ULoCell:NodeB Function Name=MLB00372HUNB001, Local Cell ID=10151, Cell Name=N/A">
                <measResults>29 5 9 0 0 0 2 3 1 2 10 0 0 2 6 0 0 0 0 </measResults>
            </measValue>
            <measValue measObjLdn="MLB00372HUNB001/ULoCell:NodeB Function Name=MLB00372HUNB001, Local Cell ID=10152, Cell Name=N/A">
                <measResults>217 38 18 0 0 0 11 14 9 28 15 3 2 35 12 0 0 0 0 </measResults>
            </measValue>
            <measValue measObjLdn="MLB00372HUNB001/ULoCell:NodeB Function Name=MLB00372HUNB001, Local Cell ID=10153, Cell Name=N/A">
                <measResults>220 62 14 0 0 0 11 14 11 31 15 3 2 36 15 0 0 0 0 </measResults>
            </measValue>
            <measValue measObjLdn="MLB00372HUNB001/ULoCell:NodeB Function Name=MLB00372HUNB001, Local Cell ID=50151, Cell Name=N/A">
                <measResults>22 5 0 0 0 0 8 8 6 13 16 0 2 10 13 0 0 0 0 </measResults>
            </measValue>
            <measValue measObjLdn="MLB00372HUNB001/ULoCell:NodeB Function Name=MLB00372HUNB001, Local Cell ID=50152, Cell Name=N/A">
                <measResults>63 15 4 0 0 0 13 16 20 51 30 7 4 70 37 0 0 0 0 </measResults>
            </measValue>
            <measValue measObjLdn="MLB00372HUNB001/ULoCell:NodeB Function Name=MLB00372HUNB001, Local Cell ID=50153, Cell Name=N/A">
                <measResults>114 33 3 0 0 0 14 18 29 73 34 11 4 99 22 0 0 0 0 </measResults>
            </measValue>
            <measValue measObjLdn="MLB00372HUNB001/ULoCell:NodeB Function Name=MLB00372HUNB001, Local Cell ID=60151, Cell Name=N/A">
                <measResults>17 4 7 0 0 0 12 13 5 8 13 0 2 10 15 0 0 0 0 </measResults>
            </measValue>
            <measValue measObjLdn="MLB00372HUNB001/ULoCell:NodeB Function Name=MLB00372HUNB001, Local Cell ID=60152, Cell Name=N/A">
                <measResults>119 25 13 1 0 0 20 22 12 36 18 5 3 49 19 0 0 0 0 </measResults>
            </measValue>
            <measValue measObjLdn="MLB00372HUNB001/ULoCell:NodeB Function Name=MLB00372HUNB001, Local Cell ID=60153, Cell Name=N/A">
                <measResults>121 29 11 0 0 0 25 32 29 72 22 10 3 101 17 0 0 0 0 </measResults>
            </measValue>
        </measInfo>
        <measInfo measInfoId="50331674">
            <granPeriod duration="PT3600S" endTime="2021-08-19T12:00:00+08:00"/>
            <repPeriod duration="PT3600S"/>
            <measTypes>50332161 50332162 50332163 50332164 50332165 50341718 50341719 50341720 50341721 </measTypes>
            <measValue measObjLdn="MLB00372HUNB001/ULoCell:NodeB Function Name=MLB00372HUNB001, Local Cell ID=10151, Cell Name=N/A">
                <measResults>0 0 0 0 0 0 0 0 0 </measResults>
            </measValue>
            <measValue measObjLdn="MLB00372HUNB001/ULoCell:NodeB Function Name=MLB00372HUNB001, Local Cell ID=10152, Cell Name=N/A">
                <measResults>0 0 0 0 0 0 0 0 0 </measResults>
            </measValue>
            <measValue measObjLdn="MLB00372HUNB001/ULoCell:NodeB Function Name=MLB00372HUNB001, Local Cell ID=10153, Cell Name=N/A">
                <measResults>0 0 0 0 0 0 0 0 0 </measResults>
            </measValue>
            <measValue measObjLdn="MLB00372HUNB001/ULoCell:NodeB Function Name=MLB00372HUNB001, Local Cell ID=50151, Cell Name=N/A">
                <measResults>0 0 0 0 0 0 0 0 0 </measResults>
            </measValue>
            <measValue measObjLdn="MLB00372HUNB001/ULoCell:NodeB Function Name=MLB00372HUNB001, Local Cell ID=50152, Cell Name=N/A">
                <measResults>0 0 0 0 0 0 0 0 0 </measResults>
            </measValue>
            <measValue measObjLdn="MLB00372HUNB001/ULoCell:NodeB Function Name=MLB00372HUNB001, Local Cell ID=50153, Cell Name=N/A">
                <measResults>0 0 0 0 0 0 0 0 0 </measResults>
            </measValue>
            <measValue measObjLdn="MLB00372HUNB001/ULoCell:NodeB Function Name=MLB00372HUNB001, Local Cell ID=60151, Cell Name=N/A">
                <measResults>0 0 0 0 0 0 0 0 0 </measResults>
            </measValue>
            <measValue measObjLdn="MLB00372HUNB001/ULoCell:NodeB Function Name=MLB00372HUNB001, Local Cell ID=60152, Cell Name=N/A">
                <measResults>0 0 0 0 0 0 0 0 0 </measResults>
            </measValue>
            <measValue measObjLdn="MLB00372HUNB001/ULoCell:NodeB Function Name=MLB00372HUNB001, Local Cell ID=60153, Cell Name=N/A">
                <measResults>0 0 0 0 0 0 0 0 0 </measResults>
            </measValue>
        </measInfo>
        <measInfo measInfoId="50331676">
            <granPeriod duration="PT3600S" endTime="2021-08-19T12:00:00+08:00"/>
            <repPeriod duration="PT3600S"/>
            <measTypes>50331747 50332175 50332176 50332177 50332178 50332179 50332180 50332181 50332182 50332183 50332184 50332185 50332186 50332187 50332188 50332189 50332190 50332192 50332193 50332194 50332195 50332196 50332197 50332198 50332199 50332200 50332201 50332202 50332203 50332204 50332205 50332206 50332207 50332208 50332209 50332210 50332211 50332212 50332213 50332214 50332219 50332232 50332233 50332234 50332235 50332236 50332237 50332238 50332245 50332246 50332648 50332649 50332650 50332651 50332652 50332653 50332654 50332655 50332656 50332657 50332658 50332670 50332848 50332849 50332850 50332853 50332854 50332855 50332856 50332865 50332866 50332867 50332868 50332869 50332870 50332871 50332872 50332873 50332874 50332875 50332876 50332877 50332878 50332879 50332880 50332881 50332882 50332883 50332884 50332885 50332886 50332887 50332888 50332889 50332890 50332891 50332892 50332894 50332895 50332896 50332897 50332898 50332899 50332900 50332901 50332902 50332903 50332904 50332905 50332906 50332907 50332908 50332909 50332910 50332943 50332944 50332945 50332946 50332947 50332948 50332949 50332950 50332951 50332952 50332953 50332954 50332955 50332956 50332957 50332958 50332959 50332960 50332961 50332962 50332963 50332964 50332965 50332966 50332967 50332968 50332969 50332970 50332971 50332972 50332973 50332974 50332985 50332986 50332987 50332990 50341723 50341741 50341742 50341743 50341748 50341749 50341750 50341751 50341752 50341753 50341754 50341755 50341756 50341757 50341758 50341759 </measTypes>
            <measValue measObjLdn="MLB00372HUNB001/ULoCell:NodeB Function Name=MLB00372HUNB001, Local Cell ID=10151, Cell Name=N/A">
                <measResults>1370195388 1618230 40419 6039 4247 3178 4776 922 3995 1147 4005 1223 4371 1523 48299 57350 276 0 1367336696 23696 0 1648 0 0 0 0 3 3988 6321 638 121 215 154 96 63 106 170 100 14 1 564189184 1373831610 214570 1639771390 514820 178073 76018 43093 64082892 47118 29932 9859 22858 21556 10599 6122 15304 24376 12672 499 0 113986 0 0 0 57001 0 0 38645 0 0 0 0 0 0 0 0 0 0 0 0 34578655 246829583 107847121 588059584 64354 69874 21523 40401 0 0 0 0 1143581 5319 2189 0 0 0 0 0 0 0 0 0 0 0 0 0 0 0 0 0 0 0 0 0 0 0 0 0 0 0 0 0 0 0 0 0 0 NIL NIL NIL NIL NIL NIL NIL NIL NIL NIL NIL NIL NIL NIL NIL NIL 0 0 0 148387 2.264 NIL 0 0 7487.772 14650.508 74139.852 107218.578 73649.563 56261.484 185131.156 419902.844 295398.719 15288.024 0 1226990.25 </measResults>
            </measValue>
            <measValue measObjLdn="MLB00372HUNB001/ULoCell:NodeB Function Name=MLB00372HUNB001, Local Cell ID=10152, Cell Name=N/A">
                <measResults>4806245224 382085 239966 126908 84766 77643 87760 16370 85439 19678 83723 125406 373849 96289 118 0 0 0 4659394224 338454 0 48788 0 0 0 0 420 395937 909126 12493 1886 1737 828 457 295 292 82 14 1 4 258838888 4773228001 4006134 6411801862 2080927 622732 318032 78285 1552403841 2100622 2452206 480243 379872 138837 64612 42627 31952 4116 144 0 0 662160 0 0 0 783913 354 111 54198 0 0 0 0 0 0 0 0 0 11539 1104 0 661902456 848249323 1577320819 1518387012 2041899 968952 633333 332729 0 0 0 0 1295697 3876 2980 0 0 0 0 0 0 0 0 0 0 0 0 0 0 0 0 0 0 0 0 0 0 0 0 0 0 0 0 0 0 0 0 0 0 NIL NIL NIL NIL NIL NIL NIL NIL NIL NIL NIL NIL NIL NIL NIL NIL 0 0 0 3887869 8.825 NIL 0 0 700366.313 695383.25 1068973.25 673353.688 445024.063 379226.938 366160.25 64372.371 3065.544 0 0 3000176 </measResults>
            </measValue>
            <measValue measObjLdn="MLB00372HUNB001/ULoCell:NodeB Function Name=MLB00372HUNB001, Local Cell ID=10153, Cell Name=N/A">
                <measResults>3013761960 35982 389806 260486 176061 151951 145188 33371 111121 24988 104223 171069 185837 9917 0 0 0 0 2930277518 950833 0 162880 0 0 0 0 2673 349108 1664231 38153 2027 1002 263 94 21 8 1 0 0 0 3050240 2969415756 11205583 3841049841 5125166 620283 192881 12513 1303898482 6299458 9916566 363170 99152 16611 2180 272 93 0 0 0 0 118308 0 0 0 1332768 196 43 34384 0 0 0 0 0 0 0 0 0 1867 736 0 920362180 1249465280 729018893 67348113 6777695 3467083 864091 93430 0 0 0 0 1068603 3147 3151 0 0 0 0 0 0 0 0 0 0 0 0 0 0 0 0 0 0 0 0 0 0 0 0 0 0 0 0 0 0 0 0 0 0 NIL NIL NIL NIL NIL NIL NIL NIL NIL NIL NIL NIL NIL NIL NIL NIL 0 0 0 11177814 16.068 NIL 0 0 1831114.375 496189.625 262896.688 80530.469 15005.784 2315.035 1192.424 0 0 0 0 361940.406 </measResults>
            </measValue>
            <measValue measObjLdn="MLB00372HUNB001/ULoCell:NodeB Function Name=MLB00372HUNB001, Local Cell ID=50151, Cell Name=N/A">
                <measResults>1390673816 1438571 46785 18667 18888 15529 16039 3265 23188 3763 30151 5013 29642 4107 76062 70330 0 0 1367905256 7123 0 348 0 0 0 0 0 9264 22398 973 240 505 397 239 186 147 78 35 5 0 139351000 1390945864 403069 1814300345 423739 367493 113165 77766 476661199 202816 61404 46392 92081 52960 22908 13498 9451 8994 4034 5 0 203931 0 0 0 159453 1 0 50140 0 0 0 0 0 0 0 0 0 0 0 0 49131117 417804101 439524289 329030731 68129 181370 101779 37373 0 0 0 0 848328 2560 1426 0 0 0 0 0 0 0 0 0 0 0 0 0 0 0 0 0 0 0 0 0 0 0 0 0 0 0 0 0 0 0 0 0 0 NIL NIL NIL NIL NIL NIL NIL NIL NIL NIL NIL NIL NIL NIL NIL NIL 0 0 0 344197 2.693 NIL 0 0 32718.561 67805.508 265754.031 258679.813 156242.078 120829.484 107601.617 155326.922 88727.352 167.288 0 1153328.625 </measResults>
            </measValue>
            <measValue measObjLdn="MLB00372HUNB001/ULoCell:NodeB Function Name=MLB00372HUNB001, Local Cell ID=50152, Cell Name=N/A">
                <measResults>7300025092 818817 116020 41339 41564 28281 28306 11052 27545 13274 30486 36158 116291 400543 90324 0 0 0 7230019827 15692 0 11858 0 0 0 0 415 213292 308162 6582 1030 1749 1319 1176 968 1168 651 112 7 5 2125293840 7318383741 1628083 8504293190 691587 1103756 1302527 574803 1674897416 654516 270211 140394 234088 158463 111900 81002 104762 80674 27973 1 0 798863 0 0 0 167292 60 35 149223 0 0 0 0 0 0 0 0 0 16919 3088 0 64591456 369957957 1635767607 2913450401 164312 299134 487891 474146 0 0 0 0 1808017 5480 3107 0 0 0 0 0 0 0 0 0 0 0 0 0 0 0 0 0 0 0 0 0 0 0 0 0 0 0 0 0 0 0 0 0 0 NIL NIL NIL NIL NIL NIL NIL NIL NIL NIL NIL NIL NIL NIL NIL NIL 0 0 0 1462149 9.958 NIL 0 0 107323.18 209464.188 686679.875 783864.125 779353.813 727536.688 1236979.875 1322780.25 637997.063 32.848 0 6175224.5 </measResults>
            </measValue>
            <measValue measObjLdn="MLB00372HUNB001/ULoCell:NodeB Function Name=MLB00372HUNB001, Local Cell ID=50153, Cell Name=N/A">
                <measResults>5214174596 321981 114976 67986 63038 60978 89471 30559 102794 30812 114274 50737 449176 292785 10433 0 0 0 5194666557 42178 0 112909 0 0 0 0 2842 502566 1009691 19276 3709 3360 1177 535 213 118 42 6 3 1 166190216 5205449332 4419893 6484297627 3121260 1696102 498822 67056 1887222380 2309392 2310511 776925 497050 134747 42251 16518 13867 2301 445 0 0 707179 0 0 0 864365 239 52 101046 0 0 0 0 0 0 0 0 0 5157 136 0 160987511 1940140085 2046701459 829837252 643917 2433384 1054245 256801 0 0 0 0 563216 2024 1211 0 0 0 0 0 0 0 0 0 0 0 0 0 0 0 0 0 0 0 0 0 0 0 0 0 0 0 0 0 0 0 0 0 0 NIL NIL NIL NIL NIL NIL NIL NIL NIL NIL NIL NIL NIL NIL NIL NIL 0 0 0 4320330 15.212 NIL 0 0 932188.438 1107064.625 1379924.25 640346.125 287668.375 147896.594 162374.328 35021.719 10445.136 0 0 2663676.5 </measResults>
            </measValue>
            <measValue measObjLdn="MLB00372HUNB001/ULoCell:NodeB Function Name=MLB00372HUNB001, Local Cell ID=60151, Cell Name=N/A">
                <measResults>972790828 1497149 38649 13886 21737 20600 25866 3551 25082 2654 22442 3586 24580 6676 77321 16221 0 0 959906032 8666 0 253 0 0 0 0 0 6283 14122 678 300 360 234 201 101 153 198 67 7 1 114933000 965407716 329980 1309661318 350683 125233 80067 44430 456674447 198969 45373 79506 60781 25999 20172 4812 5034 5394 2439 6 0 124637 0 0 0 131872 0 2 48054 0 0 0 0 0 0 0 0 0 816 0 0 268244729 365180463 132876976 146704677 179347 104423 25188 16377 0 0 0 0 935425 3819 1709 0 0 0 0 0 0 0 0 0 0 0 0 0 0 0 0 0 0 0 0 0 0 0 0 0 0 0 0 0 0 0 0 0 0 NIL NIL NIL NIL NIL NIL NIL NIL NIL NIL NIL NIL NIL NIL NIL NIL 0 0 0 270772 1.789 NIL 0 0 25830.691 119917.781 168491.938 130455.57 141009 43571.938 58512.121 90206.336 53997.258 186.416 0 686430.563 </measResults>
            </measValue>
            <measValue measObjLdn="MLB00372HUNB001/ULoCell:NodeB Function Name=MLB00372HUNB001, Local Cell ID=60152, Cell Name=N/A">
                <measResults>5527280228 627500 129968 62526 54966 53244 78870 20456 77655 23370 90725 223006 314175 43539 0 0 0 0 4938902903 69788 0 41271 0 0 0 0 500 266741 493754 8964 1925 1942 1082 670 437 609 285 30 5 3 910204984 5535287571 2315925 6628538854 2256535 537536 347207 111616 1466171983 1022242 749366 337485 335373 170021 84150 59176 60657 17300 877 1 0 727555 0 0 0 495939 67 76 137926 0 0 0 0 0 0 0 0 0 1671 0 0 940262852 1097125511 1651528539 1453030871 1105624 566142 356159 226623 0 0 0 0 1037978 2964 1999 0 0 0 0 0 0 0 0 0 0 0 0 0 0 0 0 0 0 0 0 0 0 0 0 0 0 0 0 0 0 0 0 0 0 NIL NIL NIL NIL NIL NIL NIL NIL NIL NIL NIL NIL NIL NIL NIL NIL 0 0 0 2146160 9.448 NIL 0 0 295510.938 502783.938 958201.5 826079.25 578627.188 525304.812 704294.438 270776.344 18509.305 30.576 0 3881823.5 </measResults>
            </measValue>
            <measValue measObjLdn="MLB00372HUNB001/ULoCell:NodeB Function Name=MLB00372HUNB001, Local Cell ID=60153, Cell Name=N/A">
                <measResults>5056318416 280128 123148 84524 68607 65466 98653 29517 104517 33025 139578 251707 442270 78860 0 0 0 0 5035741560 217018 0 126895 0 0 0 0 1587 549630 1073467 19706 3956 2943 939 319 91 75 12 1 0 0 152229592 5056160909 4889452 6237013866 4711030 329698 115598 20320 1963472194 2635485 2812379 818072 493223 115912 37129 15184 8987 207 1 0 0 670643 0 0 0 959967 39 72 90164 0 0 0 0 0 0 0 0 0 17007 512 0 1667435640 2222158091 698715790 462115796 2909133 1685601 200790 90537 0 0 0 0 397039 1261 785 0 0 0 0 0 0 0 0 0 0 0 0 0 0 0 0 0 0 0 0 0 0 0 0 0 0 0 0 0 0 0 0 0 0 NIL NIL NIL NIL NIL NIL NIL NIL NIL NIL NIL NIL NIL NIL NIL NIL 0 0 0 4789907 14.16 NIL 0 0 1022959.125 1168981.625 1356045.375 553027.063 255365.391 132817.391 101527.953 3213.968 20.632 0 0 2402017.75 </measResults>
            </measValue>
        </measInfo>
        <measInfo measInfoId="50331649">
            <granPeriod duration="PT3600S" endTime="2021-08-19T12:00:00+08:00"/>
            <repPeriod duration="PT3600S"/>
            <measTypes>50332578 50332579 50332580 50332581 50342578 50342579 50342580 50342581 </measTypes>
            <measValue measObjLdn="MLB00372HUNB001/NodeBFunction:NodeB Function Name=MLB00372HUNB001">
                <measResults>12.126 4.725 11.752 158.197 17.8 7.8 17 206.6 </measResults>
            </measValue>
        </measInfo>
        <measInfo measInfoId="50331654">
            <granPeriod duration="PT3600S" endTime="2021-08-19T12:00:00+08:00"/>
            <repPeriod duration="PT3600S"/>
            <measTypes>50332565 50332566 50332633 50332635 </measTypes>
            <measValue measObjLdn="MLB00372HUNB001/NodeBFunction:NodeB Function Name=MLB00372HUNB001">
                <measResults>3072 1792 0 0 </measResults>
            </measValue>
        </measInfo>
        <measInfo measInfoId="50331664">
            <granPeriod duration="PT3600S" endTime="2021-08-19T12:00:00+08:00"/>
            <repPeriod duration="PT3600S"/>
            <measTypes>50332572 50332585 50332587 50332588 50332589 50332590 50332617 50332618 50332625 </measTypes>
            <measValue measObjLdn="MLB00372HUNB001/NodeBFunction:NodeB Function Name=MLB00372HUNB001">
                <measResults>4 0 59 59 0 42 0 0 5 </measResults>
            </measValue>
        </measInfo>
        <measInfo measInfoId="50331666">
            <granPeriod duration="PT3600S" endTime="2021-08-19T12:00:00+08:00"/>
            <repPeriod duration="PT3600S"/>
            <measTypes>50332567 50332568 50332569 50332570 50332571 </measTypes>
            <measValue measObjLdn="MLB00372HUNB001/NodeBFunction:NodeB Function Name=MLB00372HUNB001">
                <measResults>0 0 0 0 0 </measResults>
            </measValue>
        </measInfo>
        <measInfo measInfoId="50331681">
            <granPeriod duration="PT3600S" endTime="2021-08-19T12:00:00+08:00"/>
            <repPeriod duration="PT3600S"/>
            <measTypes>50342640 50342641 50342642 50342643 50342644 50342645 50342646 50342647 </measTypes>
            <measValue measObjLdn="MLB00372HUNB001/NodeBFunction:NodeB Function Name=MLB00372HUNB001">
                <measResults>20036394 21243348 1892318060 5326247574 6013770 4205151 22577580 11836105 </measResults>
            </measValue>
        </measInfo>
        <measInfo measInfoId="50331652">
            <granPeriod duration="PT3600S" endTime="2021-08-19T12:00:00+08:00"/>
            <repPeriod duration="PT3600S"/>
            <measTypes>50332555 50332556 50332557 50332558 50332559 50332560 50332561 50332562 50332563 50332564 50332593 50332594 50342555 50342556 50342561 50342562 50342563 50342564 50342567 50342568 50342569 50342570 50342571 50342572 50342618 50342619 50342621 50342622 50342624 50342625 50342627 50342628 </measTypes>
            <measValue measObjLdn="MLB00372HUNB001/NodeBFunction:NodeB Function Name=MLB00372HUNB001/MocID:2/CnOperator:-1">
                <measResults>0 0 0 0 4240 3536 290.876 141.185 0 164.088 0 0 0 0 364.5 175 0 217 112 238.5 127.5 0 0 0 0 0 0 0 0 0 0 0 </measResults>
            </measValue>
        </measInfo>
        <measInfo measInfoId="50331667">
            <granPeriod duration="PT3600S" endTime="2021-08-19T12:00:00+08:00"/>
            <repPeriod duration="PT3600S"/>
            <measTypes>50332591 50332592 50332595 50332596 50332597 </measTypes>
            <measValue measObjLdn="MLB00372HUNB001/NodeBFunction:NodeB Function Name=MLB00372HUNB001/MocID:2/CnOperator:-1">
                <measResults>0 0 0 0 0 </measResults>
            </measValue>
        </measInfo>
        <measInfo measInfoId="50331668">
            <granPeriod duration="PT3600S" endTime="2021-08-19T12:00:00+08:00"/>
            <repPeriod duration="PT3600S"/>
            <measTypes>50332348 50332349 </measTypes>
            <measValue measObjLdn="MLB00372HUNB001/LOCELL_SECTOREQM:NodeB Function Name=MLB00372HUNB001, Local Cell ID=10151, Sector Equipment ID=0">
                <measResults>0 0 </measResults>
            </measValue>
            <measValue measObjLdn="MLB00372HUNB001/LOCELL_SECTOREQM:NodeB Function Name=MLB00372HUNB001, Local Cell ID=10152, Sector Equipment ID=1">
                <measResults>0 0 </measResults>
            </measValue>
            <measValue measObjLdn="MLB00372HUNB001/LOCELL_SECTOREQM:NodeB Function Name=MLB00372HUNB001, Local Cell ID=10153, Sector Equipment ID=2">
                <measResults>0 0 </measResults>
            </measValue>
            <measValue measObjLdn="MLB00372HUNB001/LOCELL_SECTOREQM:NodeB Function Name=MLB00372HUNB001, Local Cell ID=50151, Sector Equipment ID=6">
                <measResults>0 0 </measResults>
            </measValue>
            <measValue measObjLdn="MLB00372HUNB001/LOCELL_SECTOREQM:NodeB Function Name=MLB00372HUNB001, Local Cell ID=50152, Sector Equipment ID=7">
                <measResults>0 0 </measResults>
            </measValue>
            <measValue measObjLdn="MLB00372HUNB001/LOCELL_SECTOREQM:NodeB Function Name=MLB00372HUNB001, Local Cell ID=50153, Sector Equipment ID=8">
                <measResults>0 0 </measResults>
            </measValue>
            <measValue measObjLdn="MLB00372HUNB001/LOCELL_SECTOREQM:NodeB Function Name=MLB00372HUNB001, Local Cell ID=60151, Sector Equipment ID=10">
                <measResults>0 0 </measResults>
            </measValue>
            <measValue measObjLdn="MLB00372HUNB001/LOCELL_SECTOREQM:NodeB Function Name=MLB00372HUNB001, Local Cell ID=60152, Sector Equipment ID=11">
                <measResults>0 0 </measResults>
            </measValue>
            <measValue measObjLdn="MLB00372HUNB001/LOCELL_SECTOREQM:NodeB Function Name=MLB00372HUNB001, Local Cell ID=60153, Sector Equipment ID=12">
                <measResults>0 0 </measResults>
            </measValue>
        </measInfo>
        <measInfo measInfoId="50331669">
            <granPeriod duration="PT3600S" endTime="2021-08-19T12:00:00+08:00"/>
            <repPeriod duration="PT3600S"/>
            <measTypes>50332350 50332351 50332352 50332353 </measTypes>
            <measValue measObjLdn="MLB00372HUNB001/LOCELL_SECTOREQM:NodeB Function Name=MLB00372HUNB001, Local Cell ID=10151, Sector Equipment ID=0">
                <measResults>22566 3 22333 22348 </measResults>
            </measValue>
            <measValue measObjLdn="MLB00372HUNB001/LOCELL_SECTOREQM:NodeB Function Name=MLB00372HUNB001, Local Cell ID=10152, Sector Equipment ID=1">
                <measResults>52510 353 47206 47320 </measResults>
            </measValue>
            <measValue measObjLdn="MLB00372HUNB001/LOCELL_SECTOREQM:NodeB Function Name=MLB00372HUNB001, Local Cell ID=10153, Sector Equipment ID=2">
                <measResults>52595 652 46082 46168 </measResults>
            </measValue>
            <measValue measObjLdn="MLB00372HUNB001/LOCELL_SECTOREQM:NodeB Function Name=MLB00372HUNB001, Local Cell ID=50151, Sector Equipment ID=6">
                <measResults>18355 25 18090 18103 </measResults>
            </measValue>
            <measValue measObjLdn="MLB00372HUNB001/LOCELL_SECTOREQM:NodeB Function Name=MLB00372HUNB001, Local Cell ID=50152, Sector Equipment ID=7">
                <measResults>66917 318 61487 61981 </measResults>
            </measValue>
            <measValue measObjLdn="MLB00372HUNB001/LOCELL_SECTOREQM:NodeB Function Name=MLB00372HUNB001, Local Cell ID=50153, Sector Equipment ID=8">
                <measResults>86127 5390 65511 65711 </measResults>
            </measValue>
            <measValue measObjLdn="MLB00372HUNB001/LOCELL_SECTOREQM:NodeB Function Name=MLB00372HUNB001, Local Cell ID=60151, Sector Equipment ID=10">
                <measResults>17359 16 16951 16963 </measResults>
            </measValue>
            <measValue measObjLdn="MLB00372HUNB001/LOCELL_SECTOREQM:NodeB Function Name=MLB00372HUNB001, Local Cell ID=60152, Sector Equipment ID=11">
                <measResults>32118 121 28432 29241 </measResults>
            </measValue>
            <measValue measObjLdn="MLB00372HUNB001/LOCELL_SECTOREQM:NodeB Function Name=MLB00372HUNB001, Local Cell ID=60153, Sector Equipment ID=12">
                <measResults>64960 1593 45063 45207 </measResults>
            </measValue>
        </measInfo>
        <measInfo measInfoId="50331670">
            <granPeriod duration="PT3600S" endTime="2021-08-19T12:00:00+08:00"/>
            <repPeriod duration="PT3600S"/>
            <measTypes>50332354 50332355 </measTypes>
            <measValue measObjLdn="MLB00372HUNB001/LOCELL_SECTOREQM:NodeB Function Name=MLB00372HUNB001, Local Cell ID=10151, Sector Equipment ID=0">
                <measResults>0 0 </measResults>
            </measValue>
            <measValue measObjLdn="MLB00372HUNB001/LOCELL_SECTOREQM:NodeB Function Name=MLB00372HUNB001, Local Cell ID=10152, Sector Equipment ID=1">
                <measResults>0 0 </measResults>
            </measValue>
            <measValue measObjLdn="MLB00372HUNB001/LOCELL_SECTOREQM:NodeB Function Name=MLB00372HUNB001, Local Cell ID=10153, Sector Equipment ID=2">
                <measResults>0 0 </measResults>
            </measValue>
            <measValue measObjLdn="MLB00372HUNB001/LOCELL_SECTOREQM:NodeB Function Name=MLB00372HUNB001, Local Cell ID=50151, Sector Equipment ID=6">
                <measResults>0 0 </measResults>
            </measValue>
            <measValue measObjLdn="MLB00372HUNB001/LOCELL_SECTOREQM:NodeB Function Name=MLB00372HUNB001, Local Cell ID=50152, Sector Equipment ID=7">
                <measResults>0 0 </measResults>
            </measValue>
            <measValue measObjLdn="MLB00372HUNB001/LOCELL_SECTOREQM:NodeB Function Name=MLB00372HUNB001, Local Cell ID=50153, Sector Equipment ID=8">
                <measResults>0 0 </measResults>
            </measValue>
            <measValue measObjLdn="MLB00372HUNB001/LOCELL_SECTOREQM:NodeB Function Name=MLB00372HUNB001, Local Cell ID=60151, Sector Equipment ID=10">
                <measResults>0 0 </measResults>
            </measValue>
            <measValue measObjLdn="MLB00372HUNB001/LOCELL_SECTOREQM:NodeB Function Name=MLB00372HUNB001, Local Cell ID=60152, Sector Equipment ID=11">
                <measResults>0 0 </measResults>
            </measValue>
            <measValue measObjLdn="MLB00372HUNB001/LOCELL_SECTOREQM:NodeB Function Name=MLB00372HUNB001, Local Cell ID=60153, Sector Equipment ID=12">
                <measResults>0 0 </measResults>
            </measValue>
        </measInfo>
        <measInfo measInfoId="50331672">
            <granPeriod duration="PT3600S" endTime="2021-08-19T12:00:00+08:00"/>
            <repPeriod duration="PT3600S"/>
            <measTypes>50342590 50342591 50342592 50342593 50342594 50342595 50342596 50342597 </measTypes>
            <measValue measObjLdn="MLB00372HUNB001/LOCELL_SECTOREQM:NodeB Function Name=MLB00372HUNB001, Local Cell ID=10151, Sector Equipment ID=0">
                <measResults>-105.54 -105.904 -105.426 -105.927 -106 -106.4 -106.2 -106.5 </measResults>
            </measValue>
            <measValue measObjLdn="MLB00372HUNB001/LOCELL_SECTOREQM:NodeB Function Name=MLB00372HUNB001, Local Cell ID=10152, Sector Equipment ID=1">
                <measResults>-101.349 -102.138 -101.912 -100.707 -102.7 -103.3 -103.2 -102.3 </measResults>
            </measValue>
            <measValue measObjLdn="MLB00372HUNB001/LOCELL_SECTOREQM:NodeB Function Name=MLB00372HUNB001, Local Cell ID=10153, Sector Equipment ID=2">
                <measResults>-103.717 -104.088 -103.442 -103.676 -104.6 -104.9 -104.2 -104.6 </measResults>
            </measValue>
            <measValue measObjLdn="MLB00372HUNB001/LOCELL_SECTOREQM:NodeB Function Name=MLB00372HUNB001, Local Cell ID=50151, Sector Equipment ID=6">
                <measResults>-102.665 -102.65 NIL NIL -104.5 -104.5 NIL NIL </measResults>
            </measValue>
            <measValue measObjLdn="MLB00372HUNB001/LOCELL_SECTOREQM:NodeB Function Name=MLB00372HUNB001, Local Cell ID=50152, Sector Equipment ID=7">
                <measResults>-94.1 -94.433 NIL NIL -97.4 -97.5 NIL NIL </measResults>
            </measValue>
            <measValue measObjLdn="MLB00372HUNB001/LOCELL_SECTOREQM:NodeB Function Name=MLB00372HUNB001, Local Cell ID=50153, Sector Equipment ID=8">
                <measResults>-98.406 -98.124 NIL NIL -102.3 -101.8 NIL NIL </measResults>
            </measValue>
            <measValue measObjLdn="MLB00372HUNB001/LOCELL_SECTOREQM:NodeB Function Name=MLB00372HUNB001, Local Cell ID=60151, Sector Equipment ID=10">
                <measResults>-99.677 -100.613 NIL NIL -101.4 -102.5 NIL NIL </measResults>
            </measValue>
            <measValue measObjLdn="MLB00372HUNB001/LOCELL_SECTOREQM:NodeB Function Name=MLB00372HUNB001, Local Cell ID=60152, Sector Equipment ID=11">
                <measResults>-93.547 -94.356 NIL NIL -94.8 -95.7 NIL NIL </measResults>
            </measValue>
            <measValue measObjLdn="MLB00372HUNB001/LOCELL_SECTOREQM:NodeB Function Name=MLB00372HUNB001, Local Cell ID=60153, Sector Equipment ID=12">
                <measResults>-96.902 -96.803 NIL NIL -99.6 -99.3 NIL NIL </measResults>
            </measValue>
        </measInfo>
        <measInfo measInfoId="50331682">
            <granPeriod duration="PT3600S" endTime="2021-08-19T12:00:00+08:00"/>
            <repPeriod duration="PT3600S"/>
            <measTypes>50332602 50332603 50332615 50332616 </measTypes>
            <measValue measObjLdn="MLB00372HUNB001/LOCELL_SECTOREQM:NodeB Function Name=MLB00372HUNB001, Local Cell ID=10151, Sector Equipment ID=0">
                <measResults>153 156 158 149 </measResults>
            </measValue>
            <measValue measObjLdn="MLB00372HUNB001/LOCELL_SECTOREQM:NodeB Function Name=MLB00372HUNB001, Local Cell ID=10152, Sector Equipment ID=1">
                <measResults>NIL NIL NIL NIL </measResults>
            </measValue>
            <measValue measObjLdn="MLB00372HUNB001/LOCELL_SECTOREQM:NodeB Function Name=MLB00372HUNB001, Local Cell ID=10153, Sector Equipment ID=2">
                <measResults>NIL NIL NIL NIL </measResults>
            </measValue>
            <measValue measObjLdn="MLB00372HUNB001/LOCELL_SECTOREQM:NodeB Function Name=MLB00372HUNB001, Local Cell ID=50151, Sector Equipment ID=6">
                <measResults>NIL NIL NIL NIL </measResults>
            </measValue>
            <measValue measObjLdn="MLB00372HUNB001/LOCELL_SECTOREQM:NodeB Function Name=MLB00372HUNB001, Local Cell ID=50152, Sector Equipment ID=7">
                <measResults>NIL NIL NIL NIL </measResults>
            </measValue>
            <measValue measObjLdn="MLB00372HUNB001/LOCELL_SECTOREQM:NodeB Function Name=MLB00372HUNB001, Local Cell ID=50153, Sector Equipment ID=8">
                <measResults>NIL NIL NIL NIL </measResults>
            </measValue>
            <measValue measObjLdn="MLB00372HUNB001/LOCELL_SECTOREQM:NodeB Function Name=MLB00372HUNB001, Local Cell ID=60151, Sector Equipment ID=10">
                <measResults>NIL NIL NIL NIL </measResults>
            </measValue>
            <measValue measObjLdn="MLB00372HUNB001/LOCELL_SECTOREQM:NodeB Function Name=MLB00372HUNB001, Local Cell ID=60152, Sector Equipment ID=11">
                <measResults>NIL NIL NIL NIL </measResults>
            </measValue>
            <measValue measObjLdn="MLB00372HUNB001/LOCELL_SECTOREQM:NodeB Function Name=MLB00372HUNB001, Local Cell ID=60153, Sector Equipment ID=12">
                <measResults>NIL NIL NIL NIL </measResults>
            </measValue>
        </measInfo>
    </measData>
    <fileFooter>
        <measCollec endTime="2021-08-19T12:00:00+08:00"/>
    </fileFooter>
</measCollecFile>
