<?xml version="1.0" encoding="UTF-8"?>
<measCollecFile xmlns="http://www.3gpp.org/ftp/specs/archive/32_series/32.435#measCollec">
<fileHeader fileFormatVersion="32.435 V10.0" vendorName="Nokia Networks">
<fileSender elementType="HSSFE"/>
<measCollec beginTime="2021-08-21T23:30:00+08:00"/>
</fileHeader>
<measData>
<managedElement/>
<measInfo measInfoId="ACTPADAPTER">
<granPeriod duration="PT900S" endTime="2021-08-21T23:45:00+08:00"/>
<repPeriod duration="PT900S"/>
<measTypes>QNTS_REQ_BY_HSS_IMM QNTS_REQ_BY_HSS_NIMM QNTS_REQ_BY_HSS_RESYN QNTS_RET_TO_HSS_IMM QNTS_RET_TO_HSS_NIMM QNTS_RET_TO_HSS_RESYN RECVD_AFR_IN_AC TRIPLES_REQ_BY_HSS TRIPLES_RET_TO_HSS</measTypes>
<measValue measObjLdn="PLMN-PLMN/HSSFE-HSSQCY01/TP-1/ACP-1/ACTPADAPTER-1">
<measResults>0 0 0 0 0 0 0 0 0</measResults>
</measValue>
</measInfo>
<measInfo measInfoId="ANZ">
<granPeriod duration="PT900S" endTime="2021-08-21T23:45:00+08:00"/>
<repPeriod duration="PT900S"/>
<measTypes>AnsSuccResRcvdFrmTp AnzIndRecvdFromSCP AnzReqSentToTp AnzSuccResSntToSCP</measTypes>
<measValue measObjLdn="PLMN-PLMN/HSSFE-HSSQCY01/TP-1/ANZ-1">
<measResults>0 0 0 0</measResults>
</measValue>
</measInfo>
<measInfo measInfoId="ARQ">
<granPeriod duration="PT900S" endTime="2021-08-21T23:45:00+08:00"/>
<repPeriod duration="PT900S"/>
<measTypes>ArqEmtyBegSntTo1xHLR ArqEmtyContFrm1xHLR ArqReqRecvdFromTp ArqReqSentTo1xHLR ArqSuccResFrom1xHLR ArqSuccResSentToTp AsrEmtyBegSntTo1xHLR AsrEmtyContFrm1xHLR AsrReqRecvdFromTp AsrReqSentTo1xHLR AsrSuccResFrom1xHLR AsrSuccResSentToTp</measTypes>
<measValue measObjLdn="PLMN-PLMN/HSSFE-HSSQCY01/TP-1/ARQ-1">
<measResults>0 0 0 0 0 0 0 0 0 0 0 0</measResults>
</measValue>
</measInfo>
<measInfo measInfoId="ATI">
<granPeriod duration="PT900S" endTime="2021-08-21T23:45:00+08:00"/>
<repPeriod duration="PT900S"/>
<measTypes>AtiErrResFromHlr AtiErrResSentToTp AtiReqRecvdFromTp AtiReqSentToHlr AtiReqToHlrFailed AtiResToTpFailed AtiSuccResFromHlr AtiSuccResSentToTp AtiTimeOut</measTypes>
<measValue measObjLdn="PLMN-PLMN/HSSFE-HSSQCY01/TP-1/ATI-1">
<measResults>0 0 0 0 0 0 0 0 0</measResults>
</measValue>
</measInfo>
<measInfo measInfoId="CX">
<granPeriod duration="PT900S" endTime="2021-08-21T23:45:00+08:00"/>
<repPeriod duration="PT900S"/>
<measTypes>CxPPR CxRTR CxStackMessageDscrd RelayCxPPRNoRoute RelayCxRTRNoRoute RelayRcvdCxPPR RelayRcvdCxRTR</measTypes>
<measValue measObjLdn="PLMN-PLMN/HSSFE-HSSQCY01/COMMON-1/CX-1">
<measResults>0 0 0 0 0 0 0</measResults>
</measValue>
</measInfo>
<measInfo measInfoId="DIA">
<granPeriod duration="PT900S" endTime="2021-08-21T23:45:00+08:00"/>
<repPeriod duration="PT900S"/>
<measTypes>CxLIRDropped CxMARDropped CxOlBlockLIRCtr CxOlBlockMARCtr CxOlBlockSARCtr CxOlBlockUARCtr CxSARDropped CxUARDropped DiaCerRejConAvailable DiaCerRejMaxConExcd DiaConnRejAdminBlkd DiaConnRejSysInOvl DiaMessageRcvd DiaMessageSent DiaMsgDropAtSndr DiaProtocolErrors DiaReqDropByRcvr DiaUnknownAVPs DiaWrongProtType DiameterTooBusy E2DroppedCtr HdCLRDropped HdOlBlockCLRCtr HdOlBlockPNRCtr HdPNRDropped MacOctReceivedEth0 MacOctReceivedEth1 MacOctReceivedEth2 MacOctReceivedEth3 MacOctReceivedEth4 MacOctReceivedEth5 MacOctReceivedEth6 MacOctReceivedEth7 MacOctSentEth0 MacOctSentEth1 MacOctSentEth2 MacOctSentEth3 MacOctSentEth4 MacOctSentEth5 MacOctSentEth6 MacOctSentEth7 NbrSctpUnavailable RcvdCeaErrCtr RcvdCerCtr RfDroppedCtr RoDroppedCtr S6OlBlockAIRCtr S6OlBlockNORCtr S6OlBlockPURCtr S6OlBlockULRCtr S6aAIRDropped S6aNORDropped S6aPURDropped S6aULRDropped SWxMARDropped SWxOlBlockMARCtr SWxOlBlockSARCtr SWxSARDropped SctpDataChunkReSent SctpDataChunkReceived SctpDataChunkSent SctpUnavailDuration SendCerCtr SentCeaErrCtr ShOlBlockPURCtr ShOlBlockSNRCtr ShOlBlockUDRCtr ShPURDropped ShSNRDropped ShUDRDropped WxDroppedCtr ZhMARDropped ZhOlBlockMARCtr</measTypes>
<measValue measObjLdn="PLMN-PLMN/HSSFE-HSSQCY01/COMMON-1/DIA-1">
<measResults>0 0 0 0 0 0 0 0 0 0 0 0 0 0 0 0 0 0 0 0 0 0 0 0 0 2 0 0 0 0 1 0 0 0 0 0 0 0 0 0 0 0 0 0 0 0 0 0 0 0 0 0 0 0 0 0 0 0 0 0 0 5406 0 0 0 0 0 0 0 0 0 0 0</measResults>
</measValue>
</measInfo>
<measInfo measInfoId="DIAMETERDISP">
<granPeriod duration="PT900S" endTime="2021-08-21T23:45:00+08:00"/>
<repPeriod duration="PT900S"/>
<measTypes>ConnectionsCE1 ConnectionsCE2 CtxForInMsgExpired CtxForOutMsgExpired DiaForwardedMsgs DiaResolveTriggered DiaRetransMsg DiaUnknownMsg InvalidShMsgRecCntr NoDiameterConnect ShPNA2001RespSentCntr ShPNA5001RespSentCntr ShPNA5008RespSentCntr ShPNA5012RespSentCntr ShPNA5100RespSentCntr ShPNA5107RespSentCntr ShPNASentCntr ShPNRRecCntr ShPUA2001RespRecCntr ShPUA4002RespRecCntr ShPUA4101RespRecCntr ShPUA5001RespRecCntr ShPUA5008RespRecCntr ShPUA5012RespRecCntr ShPUA5101RespRecCntr ShPUA5103RespRecCntr ShPUA5105RespRecCntr ShPUA5108RespRecCntr ShPUARecCntr ShPURSentCntr ShSNA2001RespRecCntr ShSNA5001RespRecCntr ShSNA5012RespRecCntr ShSNA5101RespRecCntr ShSNA5104RespRecCntr ShSNA5106RespRecCntr ShSNA5108RespRecCntr ShSNARecCntr ShSNRSentCntr ShUDA2001RespRecCntr ShUDA4100RespRecCntr ShUDA5001RespRecCntr ShUDA5012RespRecCntr ShUDA5101RespRecCntr ShUDA5102RespRecCntr ShUDARecCntr ShUDRSentCntr</measTypes>
<measValue measObjLdn="PLMN-PLMN/HSSFE-HSSQCY01/COMMON-1/DIAMETERDISP-1">
<measResults>0 0 0 0 0 0 0 0 0 0 0 0 0 0 0 0 0 0 0 0 0 0 0 0 0 0 0 0 0 0 0 0 0 0 0 0 0 0 0 0 0 0 0 0 0 0 0</measResults>
</measValue>
</measInfo>
<measInfo measInfoId="DNSPH">
<granPeriod duration="PT900S" endTime="2021-08-21T23:45:00+08:00"/>
<repPeriod duration="PT900S"/>
<measTypes>DNSQueriesSentCntr</measTypes>
<measValue measObjLdn="PLMN-PLMN/HSSFE-HSSQCY01/COMMON-1/DNSPH-1">
<measResults>0</measResults>
</measValue>
</measInfo>
<measInfo measInfoId="LCR">
<granPeriod duration="PT900S" endTime="2021-08-21T23:45:00+08:00"/>
<repPeriod duration="PT900S"/>
<measTypes>LcrEmtyBegSntTo1xHLR LcrEmtyContFrm1xHLR LcrReqRecvdFromTp LcrReqSentTo1xHLR LcrSuccResFrom1xHLR LcrSuccResSentToTp</measTypes>
<measValue measObjLdn="PLMN-PLMN/HSSFE-HSSQCY01/TP-1/LCR-1">
<measResults>0 0 0 0 0 0</measResults>
</measValue>
</measInfo>
<measInfo measInfoId="LUP">
<granPeriod duration="PT900S" endTime="2021-08-21T23:45:00+08:00"/>
<repPeriod duration="PT900S"/>
<measTypes>LupAtrmTotal LupClReqRecdFromHlr LupClReqRecdFromTp LupClReqSentToSgsn LupClReqSentToTp LupClSuccResFromSgsn LupClSuccResFromTp LupClSuccResToHlr LupClSuccResToTp LupDsdTotal LupDtrmTotal LupIsdTotal LupUlReqRecdFromTp LupUlReqSentToHlr LupUlSuccResFromHlr LupUlSuccResToTp</measTypes>
<measValue measObjLdn="PLMN-PLMN/HSSFE-HSSQCY01/TP-1/LUP-1">
<measResults>0 0 0 0 0 0 0 0 0 0 0 0 0 0 0 0</measResults>
</measValue>
</measInfo>
<measInfo measInfoId="MTC">
<granPeriod duration="PT900S" endTime="2021-08-21T23:45:00+08:00"/>
<repPeriod duration="PT900S"/>
<measTypes>MtcSriReqRecvdFromTP MtcSriReqSentToHLR MtcSriSuccResFromHLR MtcSriSuccResToTP</measTypes>
<measValue measObjLdn="PLMN-PLMN/HSSFE-HSSQCY01/TP-1/MTC-1">
<measResults>0 0 0 0</measResults>
</measValue>
</measInfo>
<measInfo measInfoId="ORREQ">
<granPeriod duration="PT900S" endTime="2021-08-21T23:45:00+08:00"/>
<repPeriod duration="PT900S"/>
<measTypes>OrreqIndRecvd OrreqReqSentToTp OrreqSuccResRcvdFrmTp OrreqSuccResSnt</measTypes>
<measValue measObjLdn="PLMN-PLMN/HSSFE-HSSQCY01/TP-1/ORREQ-1">
<measResults>0 0 0 0</measResults>
</measValue>
</measInfo>
<measInfo measInfoId="OVERLOADHANDLING">
<granPeriod duration="PT900S" endTime="2021-08-21T23:45:00+08:00"/>
<repPeriod duration="PT900S"/>
<measTypes>CounterForLoadLevel Node2CntrForLoadLevel</measTypes>
<measValue measObjLdn="PLMN-PLMN/HSSFE-HSSQCY01/TP-1/OVERLOADHANDLING-1">
<measResults>0 0</measResults>
</measValue>
</measInfo>
<measInfo measInfoId="RDR">
<granPeriod duration="PT900S" endTime="2021-08-21T23:45:00+08:00"/>
<repPeriod duration="PT900S"/>
<measTypes>RdrIndRecvd RdrReqSentToTp RdrSuccResRcvdFrmTp RdrSuccResSnt</measTypes>
<measValue measObjLdn="PLMN-PLMN/HSSFE-HSSQCY01/TP-1/RDR-1">
<measResults>0 0 0 0</measResults>
</measValue>
</measInfo>
<measInfo measInfoId="RUR">
<granPeriod duration="PT900S" endTime="2021-08-21T23:45:00+08:00"/>
<repPeriod duration="PT900S"/>
<measTypes>RurIndRecvdFrom1xHLR RurReqSentToTp RurSuccResRcvdFrmTp RurSuccResSntTo1xHLR</measTypes>
<measValue measObjLdn="PLMN-PLMN/HSSFE-HSSQCY01/TP-1/RUR-1">
<measResults>0 0 0 0</measResults>
</measValue>
</measInfo>
<measInfo measInfoId="S6A">
<granPeriod duration="PT900S" endTime="2021-08-21T23:45:00+08:00"/>
<repPeriod duration="PT900S"/>
<measTypes>RelayRcvdS6CLR RelayRcvdS6DSR RelayRcvdS6IDR RelayS6CLRNoRoute RelayS6DSRNoRoute RelayS6IDRNoRoute S6aCLR S6aDSR S6aIDR S6aRSR</measTypes>
<measValue measObjLdn="PLMN-PLMN/HSSFE-HSSQCY01/COMMON-1/S6A-1">
<measResults>0 0 0 0 0 0 0 0 0 0</measResults>
</measValue>
</measInfo>
<measInfo measInfoId="SAI">
<granPeriod duration="PT900S" endTime="2021-08-21T23:45:00+08:00"/>
<repPeriod duration="PT900S"/>
<measTypes>REQ_SENT_TO_HLR RESYNC_REQ_SNT_TO_HLR</measTypes>
<measValue measObjLdn="PLMN-PLMN/HSSFE-HSSQCY01/TP-1/SAI-1">
<measResults>0 0</measResults>
</measValue>
</measInfo>
<measInfo measInfoId="SH">
<granPeriod duration="PT900S" endTime="2021-08-21T23:45:00+08:00"/>
<repPeriod duration="PT900S"/>
<measTypes>RelayRcvdShPNR RelayShPNRNoRoute ShPNR</measTypes>
<measValue measObjLdn="PLMN-PLMN/HSSFE-HSSQCY01/COMMON-1/SH-1">
<measResults>0 0 0</measResults>
</measValue>
</measInfo>
<measInfo measInfoId="SMS">
<granPeriod duration="PT900S" endTime="2021-08-21T23:45:00+08:00"/>
<repPeriod duration="PT900S"/>
<measTypes>SmsMoEmtyBegSntToSmsc SmsMoEmtyContFrmSmsc SmsMoReqRecvdFromTp SmsMoReqSentToSmsc SmsMoSuccResFromSmsc SmsMoSuccResSentToTp SmsMtIndRecvdFromSmsc SmsMtReqSentToTp SmsMtSuccResRcvdFrmTp SmsMtSuccResSntToSmsc</measTypes>
<measValue measObjLdn="PLMN-PLMN/HSSFE-HSSQCY01/TP-1/SMS-1">
<measResults>0 0 0 0 0 0 0 0 0 0</measResults>
</measValue>
</measInfo>
<measInfo measInfoId="SWX">
<granPeriod duration="PT900S" endTime="2021-08-21T23:45:00+08:00"/>
<repPeriod duration="PT900S"/>
<measTypes>RelayRcvdSWxPPR RelayRcvdSWxRTR RelaySWxPPRNoRoute RelaySWxRTRNoRoute SWxPPR SWxRTR</measTypes>
<measValue measObjLdn="PLMN-PLMN/HSSFE-HSSQCY01/COMMON-1/SWX-1">
<measResults>0 0 0 0 0 0</measResults>
</measValue>
</measInfo>
<measInfo measInfoId="TRIGGERFRAMEWORK">
<granPeriod duration="PT900S" endTime="2021-08-21T23:45:00+08:00"/>
<repPeriod duration="PT900S"/>
<measTypes>MSSEARCH_HLR_INTR_ERR MSSEARCH_HLR_OTHR_ERR MSSEARCH_REQ_SENT_CTR MSSEARCH_RES_SUCCESS MSSEARCH_UNDELIVERBLE RECVD_TRG_MESSAGES</measTypes>
<measValue measObjLdn="PLMN-PLMN/HSSFE-HSSQCY01/TP-1/TRIGGERFRAMEWORK-1">
<measResults>0 0 0 0 0 0</measResults>
</measValue>
</measInfo>
<measInfo measInfoId="UTIMACOHSM">
<granPeriod duration="PT900S" endTime="2021-08-21T23:45:00+08:00"/>
<repPeriod duration="PT900S"/>
<measTypes>EXT_ERRORS EXT_REQUESTS EXT_RESPONSES TOTAL_ERRORS TOTAL_REQUESTS TOTAL_RESPONSES</measTypes>
<measValue measObjLdn="PLMN-PLMN/HSSFE-HSSQCY01/TP-1/ACS-1/UTIMACOHSM-1">
<measResults>0 0 0 0 2160 2160</measResults>
</measValue>
</measInfo>
<measInfo measInfoId="UMSTP">
<granPeriod duration="PT900S" endTime="2021-08-21T23:45:00+08:00"/>
<repPeriod duration="PT900S"/>
<measTypes>AdminDataChngCntr AdminDataChngErrCntr AuCCtxExpired BlockCxPPROlCntr BlockCxRTROlCntr BlockHdCLROlCntr BlockHdPUROlCntr BlockHdSNROlCntr BlockHdUDROlCntr BlockS6DSROlCntr BlockS6IDROlCntr BlockS6RSROlCntr BlockS6aCLROlCntr BlockS6dCLROlCntr BlockSWxPPROlCntr BlockSWxRTROlCntr BlockShPNROlCntr CxLIAsuccess CxLocInfoErrCntr CxLocInfoReqCntr CxMAAsuccess CxMultimAuthErrCntr CxMultimAuthReqCntr CxPPAErrCntr CxPPRBySubsAdminCntr CxPPRNotPossibleCntr CxRTAErrCntr CxRTRByCxMACntr CxRTRByRadiusCntr CxRTRBySubsAdminCntr CxRTRNotPossibleCntr CxSAAsuccess CxSARPCSCFRecovCtr CxServerAssignErrCntr CxServerAssignReqCntr CxUAAsuccess CxUserAuthErrCntr CxUserAuthReqCntr HdCLAIn5006 HdCLAIn5012 HdCLAInOther HdCLAInSuccess HdCLAOut5001 HdCLAOut5004 HdCLAOut5005 HdCLAOut5012 HdCLAOutOther HdCLAOutSuccess HdCLATimeout HdCLAin5004 HdCLRIn HdCLRInCardChange HdCLRInSgsnAttach HdCLRInSgsnUpdate HdCLRNotPossibleCntr HdCLROut HdCLROutCardChange HdCLROutMmeAttach HdCLROutSgsnUpdate HdCLRinAVPDropped HdPNAOut5001 HdPNAOut5004 HdPNAOut5005 HdPNAOut5012 HdPNAOutOther HdPNAOutSuccess HdPNRIn HdPNRinAVPDropped HdPUATimeout HdPUAin5004 HdPUAin5006 HdPUAin5012 HdPUAinOther HdPUAinSuccess HdPURNotPossibleCntr HdPUROut HdSNATimeout HdSNAin5004 HdSNAin5006 HdSNAin5012 HdSNAinOther HdSNAinSuccess HdSNRNotPossibleCntr HdSNROut HdUDATimeout HdUDAin5004 HdUDAin5006 HdUDAin5012 HdUDAinOther HdUDAinSuccess HdUDRNotPossibleCntr HdUDROut InternalCtxExpired LdapReadErrorCntr LdapReadOtherCntr LdapReadSuccCntr LdapWriteErrorCntr LdapWriteOtherCntr LdapWriteSuccCntr MapAtiNotPossibleCntr MapAtiReqCntr MapAtiRespErr MapCancLocErrCntr MapCancLocReqCntr MapClReqNotPosCntr MapClReqToSgsnCntr MapImrnReqCntr MapLupClRespErr MapMoFSMNotPosCntr MapMoForwardSMReqCntr MapMoForwardSMRespErr MapMtForwardSMErrCntr MapMtForwardSMReqCntr MapRedirectReqCntr MapSaiNotPossibleCntr MapSaiReqCntr MapSaiRespErr MapSriNotPossibleCntr MapSriReqCntr MapSriRespErr MapULNotPossibleCntr MapUpdateLocReqCntr MapUpdateLocRespErr RadAccountReqStartErr RadAccountReqStopErr RadiusAccessReq RadiusAccountReqSTART RadiusAccountReqSTOP ReqRejDueToNoCtx S6AIAOut4002_3G_NOR S6AIAOut4002_3G_RSN S6AIAOut4002_4G_NOR S6AIAOut4002_4G_RSN S6AIAOut4181_3G_NOR S6AIAOut4181_3G_RSN S6AIAOut4181_4G_NOR S6AIAOut4181_4G_RSN S6AIAOut5001_3G_NOR S6AIAOut5001_3G_RSN S6AIAOut5001_4G_NOR S6AIAOut5001_4G_RSN S6AIAOut5003_3G_NOR S6AIAOut5003_3G_RSN S6AIAOut5003_4G_NOR S6AIAOut5003_4G_RSN S6AIAOut5012_3G_NOR S6AIAOut5012_3G_RSN S6AIAOut5012_4G_NOR S6AIAOut5012_4G_RSN S6AIAOut5420_3G_NOR S6AIAOut5420_3G_RSN S6AIAOut5420_4G_NOR S6AIAOut5420_4G_RSN S6AIAOutOtherError S6AIR_3G_NOR S6AIR_3G_RSN S6AIR_4G_NOR S6AIR_4G_RSN S6CLAErrCntr S6CLRByS6ULRCntr S6CLRBySubsAdminCntr S6CLRNotPossibleCntr S6DSAErrCntr S6DSAFailByAdmin S6DSATimeout S6DSRBySubsAdminCntr S6DSRNotPossibleCntr S6IDAErrCntr S6IDATimeout S6IDRByShPURCtr S6IDRBySubsAdminCntr S6IDRNotPossibleCntr S6NOAOut4002 S6NOAOut5001 S6NOAOut5423 S6NOAOutOtherError S6NotifReqCntr S6NotifReqErrCntr S6PUANotRegPeer S6PUAOut4002 S6PUAOut5001 S6PUAOutOtherError S6PurgeUEReqCntr S6PurgeUEReqErrCntr S6RSAErrCntr S6RSAIncNoSuccess S6RSATimeout S6RSRBySubsAdminCntr S6RSRNotPossibleCntr S6RSRSuccess S6ULAOutOtherError S6ULREquIdChksImpos S6ULREquIdChksNeg S6ULREquIdChksPos S6ULREquIdChksnoProv S6UpdateLocReqCntr S6UpdateLocReqErrCntr S6aAIASuccess S6aCLAIncNoSuccess S6aCLATimeout S6aCLRByHdCLR S6aDSAFailByAdmin S6aDSATimeout S6aIDAFailByAdmin S6aIDAFailByCx S6aIDAFailBySWx S6aIDAFailBySh S6aIDASuccessByAdmin S6aIDASuccessByCx S6aIDASuccessBySWx S6aIDASuccessBySh S6aIDATimeout S6aIDRByCxSarCtr S6aIDRBySWxSarCtr S6aIDRByShUDRCtr S6aNOASuccess S6aPUASuccess S6aS6dPUASuccess S6aULAOut4002 S6aULAOut5001 S6aULAOut5004 S6aULAOut5420 S6aULAOut5421 S6aULASuccess S6aULR_HPLMN S6aULR_VPLMN S6dCLAIncNoSuccess S6dCLATimeout S6dCLRByHdCLR S6dDSAFailByAdmin S6dDSATimeout S6dIDATimeout S6dPUASuccess S6dULAOut4002 S6dULAOut5001 S6dULAOut5004 S6dULAOut5420 S6dULAOut5421 S6dULASuccess S6dULR_HPLMN S6dULR_VPLMN S6dUpdLocReqErrCntr SWxMAASuccess SWxMAREquIdChksImpos SWxMAREquIdChksNeg SWxMAREquIdChksPos SWxMAREquIdChksnoProv SWxMultimAuthErrCntr SWxMultimAuthReqCntr SWxPPAErrCntr SWxPPRBySubsAdminCntr SWxPPRNotPossibleCntr SWxRTAErrCntr SWxRTRByHdCLR SWxRTRBySubsAdminCntr SWxRTRNotPossibleCntr SWxSAASuccess SWxServerAsgnErrCntr SWxServerAsgnReqCntr ShPNAErrCntr ShPNAIncNoSuccess ShPNATimeout ShPNRByCxCntr ShPNRByHd ShPNRByRadiusCntr ShPNRByS6 ShPNRByShCntr ShPNRBySubsAdminCntr ShPNRMultSI ShPNRNotPossibleCntr ShPUAOut4002 ShPUAOut5001 ShPUAOut5002 ShPUAOut5008 ShPUAOut5101 ShPUAOut5103 ShPUAOut5105 ShPUAOutOtherError ShPUAout4101 ShPUAsuccess ShPURMultSI ShProfUpdateErrCntr ShProfUpdateReqCntr ShSNAOut4002 ShSNAOut5001 ShSNAOut5002 ShSNAOut5101 ShSNAOut5104 ShSNAOutOtherError ShSNAsuccess ShSubscNotifErrCntr ShSubscNotifReqCntr ShUDAOut4002 ShUDAOut4100 ShUDAOut5001 ShUDAOut5002 ShUDAOut5101 ShUDAOut5102 ShUDAOutOtherError ShUDAsuccess ShUserDataErrCntr ShUserDataReqCntr TpIntErrCntr WxMultimAuthErrCntr WxMultimAuthReqCntr ZhMAASuccess ZhMultimAuthErrCntr ZhMultimAuthReqCntr</measTypes>
<measValue measObjLdn="PLMN-PLMN/HSSFE-HSSQCY01/TP-1/UMSTP-1">
<measResults>0 0 0 0 0 0 0 0 0 0 0 0 0 0 0 0 0 0 0 0 0 0 0 0 0 0 0 0 0 0 0 0 0 0 0 0 0 0 0 0 0 0 0 0 0 0 0 0 0 0 0 0 0 0 0 0 0 0 0 0 0 0 0 0 0 0 0 0 0 0 0 0 0 0 0 0 0 0 0 0 0 0 0 0 0 0 0 0 0 0 0 0 0 0 0 0 0 0 0 0 0 0 0 0 0 0 0 0 0 0 0 0 0 0 0 0 0 0 0 0 0 0 0 0 0 0 0 0 0 0 0 0 0 0 0 0 0 0 0 0 0 0 0 0 0 0 0 0 0 0 0 0 0 0 0 0 0 0 0 0 0 0 0 0 0 0 0 0 0 0 0 0 0 0 0 0 0 0 0 0 0 0 0 0 0 0 0 0 0 0 0 0 0 0 0 0 0 0 0 0 0 0 0 0 0 0 0 0 0 0 0 0 0 0 0 0 0 0 0 0 0 0 0 0 0 0 0 0 0 0 0 0 0 0 0 0 0 0 0 0 0 0 0 0 0 0 0 0 0 0 0 0 0 0 0 0 0 0 0 0 0 0 0 0 0 0 0 0 0 0 0 0 0 0 0 0 0 0 0 0 0 0 0 0 0 0 0 0 0 0 0 0 0 0 0 0 0 0 0 0 0 0 0 0 0 0 0 0</measResults>
</measValue>
</measInfo>
</measData>
<fileFooter>
<measCollec endTime="2021-08-21T23:45:00+08:00"/>
</fileFooter>
</measCollecFile>