<?xml version="1.0" encoding="UTF-8"?>
<measCollecFile xmlns="http://www.3gpp.org/ftp/specs/archive/32_series/32.435#measCollec">
<fileHeader fileFormatVersion="32.435 V10.0" vendorName="Nokia Networks">
<fileSender elementType="MGW"/>
<measCollec beginTime="2021-08-21T21:30:00+08:00"/>
</fileHeader>
<measData>
<managedElement/>
<measInfo measInfoId="MTP_SL_Avail">
<granPeriod duration="PT1800S" endTime="2021-08-21T22:00:00+08:00"/>
<repPeriod duration="PT1800S"/>
<measTypes>M208B2C1 M208B2C2 M208B2C3 M208B2C4 M208B2C5 M208B2C6 M208B2C7 M208B2C8 M208B2C9 M208B2C10 M208B2C11 M208B2C12 M208B2C13 M208B2C14 M208B2C15 M208B2C16</measTypes>
<measValue measObjLdn="PLMN-PLMN/MGW-360422,SL_TYPE=SLN-2_0/SL_TYPE-0,SPC_TOPO=SNET-NA1/SPCD-755,SIGNALLING_LINK_SETNAME=SLSN-VSMS2">
<measResults>1800 0 0 0 0 0 0 0 0 0 0 0 0 0 0 0</measResults>
</measValue>
</measInfo>
<measInfo measInfoId="MTP_SL_Avail">
<granPeriod duration="PT1800S" endTime="2021-08-21T22:00:00+08:00"/>
<repPeriod duration="PT1800S"/>
<measTypes>M208B2C1 M208B2C2 M208B2C3 M208B2C4 M208B2C5 M208B2C6 M208B2C7 M208B2C8 M208B2C9 M208B2C10 M208B2C11 M208B2C12 M208B2C13 M208B2C14 M208B2C15 M208B2C16</measTypes>
<measValue measObjLdn="PLMN-PLMN/MGW-360422,SL_TYPE=SLN-3_1/SL_TYPE-0,SPC_TOPO=SNET-NA1/SPCD-755,SIGNALLING_LINK_SETNAME=SLSN-VSMS2">
<measResults>1800 0 0 0 0 0 0 0 0 0 0 0 0 0 0 0</measResults>
</measValue>
</measInfo>
<measInfo measInfoId="MTP_SL_Avail">
<granPeriod duration="PT1800S" endTime="2021-08-21T22:00:00+08:00"/>
<repPeriod duration="PT1800S"/>
<measTypes>M208B2C1 M208B2C2 M208B2C3 M208B2C4 M208B2C5 M208B2C6 M208B2C7 M208B2C8 M208B2C9 M208B2C10 M208B2C11 M208B2C12 M208B2C13 M208B2C14 M208B2C15 M208B2C16</measTypes>
<measValue measObjLdn="PLMN-PLMN/MGW-360422,SL_TYPE=SLN-4_0/SL_TYPE-0,SPC_TOPO=SNET-NA1/SPCD-754,SIGNALLING_LINK_SETNAME=SLSN-VSMS1">
<measResults>1800 0 0 0 0 0 0 0 0 0 0 0 0 0 0 0</measResults>
</measValue>
</measInfo>
<measInfo measInfoId="MTP_SL_Avail">
<granPeriod duration="PT1800S" endTime="2021-08-21T22:00:00+08:00"/>
<repPeriod duration="PT1800S"/>
<measTypes>M208B2C1 M208B2C2 M208B2C3 M208B2C4 M208B2C5 M208B2C6 M208B2C7 M208B2C8 M208B2C9 M208B2C10 M208B2C11 M208B2C12 M208B2C13 M208B2C14 M208B2C15 M208B2C16</measTypes>
<measValue measObjLdn="PLMN-PLMN/MGW-360422,SL_TYPE=SLN-5_1/SL_TYPE-0,SPC_TOPO=SNET-NA1/SPCD-754,SIGNALLING_LINK_SETNAME=SLSN-VSMS1">
<measResults>1800 0 0 0 0 0 0 0 0 0 0 0 0 0 0 0</measResults>
</measValue>
</measInfo>
<measInfo measInfoId="MTP_SL_Avail">
<granPeriod duration="PT1800S" endTime="2021-08-21T22:00:00+08:00"/>
<repPeriod duration="PT1800S"/>
<measTypes>M208B2C1 M208B2C2 M208B2C3 M208B2C4 M208B2C5 M208B2C6 M208B2C7 M208B2C8 M208B2C9 M208B2C10 M208B2C11 M208B2C12 M208B2C13 M208B2C14 M208B2C15 M208B2C16</measTypes>
<measValue measObjLdn="PLMN-PLMN/MGW-360422,SL_TYPE=SLN-16_0/SL_TYPE-0,SPC_TOPO=SNET-NA1/SPCD-605,SIGNALLING_LINK_SETNAME=SLSN-VNTXT">
<measResults>1800 0 0 0 0 0 0 0 0 0 0 0 0 0 0 0</measResults>
</measValue>
</measInfo>
<measInfo measInfoId="MTP_SL_Avail">
<granPeriod duration="PT1800S" endTime="2021-08-21T22:00:00+08:00"/>
<repPeriod duration="PT1800S"/>
<measTypes>M208B2C1 M208B2C2 M208B2C3 M208B2C4 M208B2C5 M208B2C6 M208B2C7 M208B2C8 M208B2C9 M208B2C10 M208B2C11 M208B2C12 M208B2C13 M208B2C14 M208B2C15 M208B2C16</measTypes>
<measValue measObjLdn="PLMN-PLMN/MGW-360422,SL_TYPE=SLN-17_1/SL_TYPE-0,SPC_TOPO=SNET-NA1/SPCD-605,SIGNALLING_LINK_SETNAME=SLSN-VNTXT">
<measResults>1800 0 0 0 0 0 0 0 0 0 0 0 0 0 0 0</measResults>
</measValue>
</measInfo>
<measInfo measInfoId="MTP_SL_Avail">
<granPeriod duration="PT1800S" endTime="2021-08-21T22:00:00+08:00"/>
<repPeriod duration="PT1800S"/>
<measTypes>M208B2C1 M208B2C2 M208B2C3 M208B2C4 M208B2C5 M208B2C6 M208B2C7 M208B2C8 M208B2C9 M208B2C10 M208B2C11 M208B2C12 M208B2C13 M208B2C14 M208B2C15 M208B2C16</measTypes>
<measValue measObjLdn="PLMN-PLMN/MGW-360422,SL_TYPE=SLN-18_2/SL_TYPE-0,SPC_TOPO=SNET-NA1/SPCD-605,SIGNALLING_LINK_SETNAME=SLSN-VNTXT">
<measResults>1800 0 0 0 0 0 0 0 0 0 0 0 0 0 0 0</measResults>
</measValue>
</measInfo>
<measInfo measInfoId="MTP_SL_Avail">
<granPeriod duration="PT1800S" endTime="2021-08-21T22:00:00+08:00"/>
<repPeriod duration="PT1800S"/>
<measTypes>M208B2C1 M208B2C2 M208B2C3 M208B2C4 M208B2C5 M208B2C6 M208B2C7 M208B2C8 M208B2C9 M208B2C10 M208B2C11 M208B2C12 M208B2C13 M208B2C14 M208B2C15 M208B2C16</measTypes>
<measValue measObjLdn="PLMN-PLMN/MGW-360422,SL_TYPE=SLN-19_3/SL_TYPE-0,SPC_TOPO=SNET-NA1/SPCD-605,SIGNALLING_LINK_SETNAME=SLSN-VNTXT">
<measResults>1800 0 0 0 0 0 0 0 0 0 0 0 0 0 0 0</measResults>
</measValue>
</measInfo>
</measData>
<fileFooter>
<measCollec endTime="2021-08-21T22:00:00+08:00"/>
</fileFooter>
</measCollecFile>