<?xml version="1.0" encoding="UTF-8"?>
<measCollecFile xmlns="http://latest/nmc-omc/cmNrm.doc#measCollec" xmlns:xsi="http://www.w3.org/2001/XMLSchema-instance" xsi:schemaLocation="http://latest/nmc-omc/cmNrm.doc#measCollec schema\pmResultSchedule.xsd">
    <fileHeader fileFormatVersion="32.435 V7.2" vendorName="Huawei">
        <fileSender elementType="CGPOMU"/>
        <measCollec beginTime="2021-08-11T23:30:00+08:00"/>
    </fileHeader>
    <measData>
        <managedElement userLabel="MDEUAC01"/>
        <measInfo measInfoId="1057000002">
            <granPeriod duration="PT1800S" endTime="2021-08-12T00:00:00+08:00"/>
            <repPeriod duration="PT1800S"/>
            <measTypes>1057000210 1057000211 1057000212 1057000213 1057000214 1057000215 1057000216 1057000217 1057000218 1057000219 1057000220 1057000221 1057000222 1057000223 1057000224 1057000225 1057000226 1057000227 1057000228 1057000229 </measTypes>
            <measValue measObjLdn="MDEUAC01/VPORT:Virtual machine name=MDEHUHCC4F001_UACSU_VDU1_0, Port name=BASE1">
                <measResults>226998 125 401773 223 0 0 0 0 185938 102 269370 149 0 0 0 0 0 0 0 0 </measResults>
            </measValue>
            <measValue measObjLdn="MDEUAC01/VPORT:Virtual machine name=MDEHUHCGPF002_OMUBIG_1, Port name=VNIC2">
                <measResults>0 0 0 0 0 0 0 0 0 0 0 0 0 0 0 0 0 0 0 0 </measResults>
            </measValue>
            <measValue measObjLdn="MDEUAC01/VPORT:Virtual machine name=MDEHUHCGPF002_OMUBIG_1, Port name=VNIC3">
                <measResults>0 0 0 0 0 0 0 0 0 0 0 0 0 0 0 0 0 0 0 0 </measResults>
            </measValue>
            <measValue measObjLdn="MDEUAC01/VPORT:Virtual machine name=MDEHUHCC4F001_UACGU_VDU1_0, Port name=VNIC2">
                <measResults>1993 1 10846 6 0 0 0 0 10261 5 36029 20 0 0 0 0 0 0 0 0 </measResults>
            </measValue>
            <measValue measObjLdn="MDEUAC01/VPORT:Virtual machine name=MDEHUHIGWF001_IGWB_VDU1_0, Port name=VNIC3">
                <measResults>198 0 2773 1 0 0 0 0 33 0 786 0 0 0 0 0 0 0 0 0 </measResults>
            </measValue>
            <measValue measObjLdn="MDEUAC01/VPORT:Virtual machine name=MDEHUHIGWF001_IGWB_VDU2_0, Port name=VNIC2">
                <measResults>189 0 2636 1 0 0 0 0 0 0 0 0 0 0 0 0 0 0 0 0 </measResults>
            </measValue>
            <measValue measObjLdn="MDEUAC01/VPORT:Virtual machine name=MDEHUHCGPF002_OMUBIG_1, Port name=FABRIC1">
                <measResults>68397 37 99694 55 0 0 0 0 66018 36 98419 54 0 0 0 0 0 0 0 0 </measResults>
            </measValue>
            <measValue measObjLdn="MDEUAC01/VPORT:Virtual machine name=MDEHUHCC4F001_UACSU_VDU1_4, Port name=FABRIC1">
                <measResults>60510 33 153201 85 0 0 0 0 61116 33 154265 85 0 0 0 0 0 0 0 0 </measResults>
            </measValue>
            <measValue measObjLdn="MDEUAC01/VPORT:Virtual machine name=MDEHUHIGWF001_IGWB_VDU1_0, Port name=VNIC4">
                <measResults>192 0 2952 1 0 0 0 0 0 0 0 0 0 0 0 0 0 0 0 0 </measResults>
            </measValue>
            <measValue measObjLdn="MDEUAC01/VPORT:Virtual machine name=MDEHUHIGWF001_IGWB_VDU2_0, Port name=VNIC3">
                <measResults>208 0 2936 1 0 0 0 0 0 0 0 0 0 0 0 0 0 0 0 0 </measResults>
            </measValue>
            <measValue measObjLdn="MDEUAC01/VPORT:Virtual machine name=MDEHUHCC4F001_UACSU_VDU2_1, Port name=FABRIC1">
                <measResults>63487 34 173217 96 0 0 0 0 64810 35 176791 98 0 0 0 0 0 0 0 0 </measResults>
            </measValue>
            <measValue measObjLdn="MDEUAC01/VPORT:Virtual machine name=MDEHUHCC4F001_UACSU_VDU2_0, Port name=FABRIC1">
                <measResults>59443 32 147751 82 0 0 0 0 60261 32 148775 82 0 0 0 0 0 0 0 0 </measResults>
            </measValue>
            <measValue measObjLdn="MDEUAC01/VPORT:Virtual machine name=MDEHUHCC4F001_UACSU_VDU1_4, Port name=BASE1">
                <measResults>201575 111 263943 146 0 0 0 0 66485 36 148009 82 0 0 0 0 0 0 0 0 </measResults>
            </measValue>
            <measValue measObjLdn="MDEUAC01/VPORT:Virtual machine name=MDEHUHCC4F001_UACSU_VDU1_4, Port name=BASE2">
                <measResults>53009 28 118882 66 0 0 0 0 188559 104 195701 108 0 0 0 0 0 0 0 0 </measResults>
            </measValue>
            <measValue measObjLdn="MDEUAC01/VPORT:Virtual machine name=MDEHUHCC4F001_UACSU_VDU2_5, Port name=FABRIC2">
                <measResults>62358 34 168209 93 0 0 0 0 62686 34 167568 93 0 0 0 0 0 0 0 0 </measResults>
            </measValue>
            <measValue measObjLdn="MDEUAC01/VPORT:Virtual machine name=MDEHUHCC4F001_UACGU_VDU2_0, Port name=VNIC2">
                <measResults>302 0 4040 2 0 0 0 0 80 0 603 0 0 0 0 0 0 0 0 0 </measResults>
            </measValue>
            <measValue measObjLdn="MDEUAC01/VPORT:Virtual machine name=MDEHUHCGPF002_OMUBIG_0, Port name=FABRIC1">
                <measResults>67710 37 102264 56 0 0 0 0 67404 37 97543 54 0 0 0 0 0 0 0 0 </measResults>
            </measValue>
            <measValue measObjLdn="MDEUAC01/VPORT:Virtual machine name=MDEHUHCC4F001_UACGU_VDU1_0, Port name=FABRIC2">
                <measResults>69219 37 156916 87 0 0 0 0 59485 32 121129 67 0 0 0 0 0 0 0 0 </measResults>
            </measValue>
            <measValue measObjLdn="MDEUAC01/VPORT:Virtual machine name=MDEHUHCC4F001_UACSU_VDU1_5, Port name=BASE1">
                <measResults>204701 113 261696 145 0 0 0 0 62115 34 145144 80 0 0 0 0 0 0 0 0 </measResults>
            </measValue>
            <measValue measObjLdn="MDEUAC01/VPORT:Virtual machine name=MDEHUHCGPF002_OMUBIG_0, Port name=FABRIC2">
                <measResults>72609 39 107860 59 0 0 0 0 71257 39 104882 58 0 0 0 0 0 0 0 0 </measResults>
            </measValue>
            <measValue measObjLdn="MDEUAC01/VPORT:Virtual machine name=MDEHUHCGPF002_OMUBIG_0, Port name=VNIC3">
                <measResults>0 0 0 0 0 0 0 0 0 0 0 0 0 0 0 0 0 0 0 0 </measResults>
            </measValue>
            <measValue measObjLdn="MDEUAC01/VPORT:Virtual machine name=MDEHUHCC4F001_UACSU_VDU2_4, Port name=BASE2">
                <measResults>187531 103 209513 116 0 0 0 0 53496 29 100776 55 0 0 0 0 0 0 0 0 </measResults>
            </measValue>
            <measValue measObjLdn="MDEUAC01/VPORT:Virtual machine name=MDEHUHIGWF001_IGWB_VDU1_0, Port name=FABRIC2">
                <measResults>13207 7 19473 10 0 0 0 0 13146 7 16525 9 0 0 0 0 0 0 0 0 </measResults>
            </measValue>
            <measValue measObjLdn="MDEUAC01/VPORT:Virtual machine name=MDEHUHCC4F001_UACSU_VDU2_2, Port name=BASE1">
                <measResults>67169 36 172943 96 0 0 0 0 200788 111 240410 133 0 0 0 0 0 0 0 0 </measResults>
            </measValue>
            <measValue measObjLdn="MDEUAC01/VPORT:Virtual machine name=MDEHUHCC4F001_UACGU_VDU2_0, Port name=VNIC3">
                <measResults>141 0 1868 1 0 0 0 0 0 0 0 0 0 0 0 0 0 0 0 0 </measResults>
            </measValue>
            <measValue measObjLdn="MDEUAC01/VPORT:Virtual machine name=MDEHUHIGWF001_IGWB_VDU2_0, Port name=FABRIC1">
                <measResults>17030 9 24191 13 0 0 0 0 16360 8 20946 11 0 0 0 0 0 0 0 0 </measResults>
            </measValue>
            <measValue measObjLdn="MDEUAC01/VPORT:Virtual machine name=MDEHUHCC4F001_UACSU_VDU1_2, Port name=BASE2">
                <measResults>187603 103 211784 117 0 0 0 0 53926 29 104462 58 0 0 0 0 0 0 0 0 </measResults>
            </measValue>
            <measValue measObjLdn="MDEUAC01/VPORT:Virtual machine name=MDEHUHCC4F001_UACSU_VDU1_1, Port name=BASE1">
                <measResults>137429 75 216793 120 0 0 0 0 129656 71 192689 107 0 0 0 0 0 0 0 0 </measResults>
            </measValue>
            <measValue measObjLdn="MDEUAC01/VPORT:Virtual machine name=MDEHUHCC4F001_UACSU_VDU2_1, Port name=BASE2">
                <measResults>53356 29 124349 69 0 0 0 0 195398 108 202436 112 0 0 0 0 0 0 0 0 </measResults>
            </measValue>
            <measValue measObjLdn="MDEUAC01/VPORT:Virtual machine name=MDEHUHCC4F001_UACGU_VDU1_0, Port name=VNIC3">
                <measResults>141 0 1858 1 0 0 0 0 0 0 0 0 0 0 0 0 0 0 0 0 </measResults>
            </measValue>
            <measValue measObjLdn="MDEUAC01/VPORT:Virtual machine name=MDEHUHCC4F001_UACSU_VDU2_0, Port name=BASE1">
                <measResults>67397 36 172822 96 0 0 0 0 202483 112 242493 134 0 0 0 0 0 0 0 0 </measResults>
            </measValue>
            <measValue measObjLdn="MDEUAC01/VPORT:Virtual machine name=MDEHUHCC4F001_UACSU_VDU1_0, Port name=FABRIC2">
                <measResults>64704 35 160656 89 0 0 0 0 68753 37 177632 98 0 0 0 0 0 0 0 0 </measResults>
            </measValue>
            <measValue measObjLdn="MDEUAC01/VPORT:Virtual machine name=MDEHUHCC4F001_UACSU_VDU2_2, Port name=BASE2">
                <measResults>52991 28 117893 65 0 0 0 0 188439 104 195721 108 0 0 0 0 0 0 0 0 </measResults>
            </measValue>
            <measValue measObjLdn="MDEUAC01/VPORT:Virtual machine name=MDEHUHCGPF002_OMUBIG_0, Port name=BASE2">
                <measResults>70360 38 129817 72 0 0 0 0 67377 37 108997 60 0 0 0 0 0 0 0 0 </measResults>
            </measValue>
            <measValue measObjLdn="MDEUAC01/VPORT:Virtual machine name=MDEHUHCC4F001_UACSU_VDU2_3, Port name=BASE2">
                <measResults>121690 67 174817 97 0 0 0 0 129760 71 158980 88 0 0 0 0 0 0 0 0 </measResults>
            </measValue>
            <measValue measObjLdn="MDEUAC01/VPORT:Virtual machine name=MDEHUHIGWF001_IGWB_VDU1_0, Port name=FABRIC1">
                <measResults>13238 7 19880 11 0 0 0 0 13826 7 17252 9 0 0 0 0 0 0 0 0 </measResults>
            </measValue>
            <measValue measObjLdn="MDEUAC01/VPORT:Virtual machine name=MDEHUHCC4F001_UACSU_VDU2_0, Port name=BASE2">
                <measResults>187865 103 211410 117 0 0 0 0 53972 29 102666 57 0 0 0 0 0 0 0 0 </measResults>
            </measValue>
            <measValue measObjLdn="MDEUAC01/VPORT:Virtual machine name=MDEHUHCC4F001_UACSU_VDU1_3, Port name=FABRIC1">
                <measResults>59914 32 150781 83 0 0 0 0 60614 33 151838 84 0 0 0 0 0 0 0 0 </measResults>
            </measValue>
            <measValue measObjLdn="MDEUAC01/VPORT:Virtual machine name=MDEHUHCC4F001_UACSU_VDU1_3, Port name=BASE1">
                <measResults>134083 74 211630 117 0 0 0 0 126139 69 187397 104 0 0 0 0 0 0 0 0 </measResults>
            </measValue>
            <measValue measObjLdn="MDEUAC01/VPORT:Virtual machine name=MDEHUHIGWF001_IGWB_VDU2_0, Port name=BASE1">
                <measResults>38734 21 165727 92 0 0 0 0 36140 19 122030 67 0 0 0 0 0 0 0 0 </measResults>
            </measValue>
            <measValue measObjLdn="MDEUAC01/VPORT:Virtual machine name=MDEHUHIGWF001_IGWB_VDU1_0, Port name=VNIC2">
                <measResults>173 0 2652 1 0 0 0 0 0 0 0 0 0 0 0 0 0 0 0 0 </measResults>
            </measValue>
            <measValue measObjLdn="MDEUAC01/VPORT:Virtual machine name=MDEHUHCC4F001_UACSU_VDU1_3, Port name=BASE2">
                <measResults>120851 66 171452 95 0 0 0 0 128838 71 155847 86 0 0 0 0 0 0 0 0 </measResults>
            </measValue>
            <measValue measObjLdn="MDEUAC01/VPORT:Virtual machine name=MDEHUHIGWF001_IGWB_VDU2_0, Port name=VNIC1">
                <measResults>189 0 2636 1 0 0 0 0 0 0 0 0 0 0 0 0 0 0 0 0 </measResults>
            </measValue>
            <measValue measObjLdn="MDEUAC01/VPORT:Virtual machine name=MDEHUHCC4F001_UACGU_VDU2_0, Port name=FABRIC1">
                <measResults>53891 29 97495 54 0 0 0 0 50249 27 77197 42 0 0 0 0 0 0 0 0 </measResults>
            </measValue>
            <measValue measObjLdn="MDEUAC01/VPORT:Virtual machine name=MDEHUHCGPF002_OMUBIG_1, Port name=VNIC1">
                <measResults>2444 1 6753 3 0 0 0 0 881 0 3300 1 0 0 0 0 0 0 0 0 </measResults>
            </measValue>
            <measValue measObjLdn="MDEUAC01/VPORT:Virtual machine name=MDEHUHCGPF002_OMUBIG_1, Port name=FABRIC2">
                <measResults>72250 39 106809 59 0 0 0 0 70878 39 103795 57 0 0 0 0 0 0 0 0 </measResults>
            </measValue>
            <measValue measObjLdn="MDEUAC01/VPORT:Virtual machine name=MDEHUHCC4F001_UACGU_VDU2_0, Port name=FABRIC2">
                <measResults>53558 29 95187 52 0 0 0 0 50419 27 79721 44 0 0 0 0 0 0 0 0 </measResults>
            </measValue>
            <measValue measObjLdn="MDEUAC01/VPORT:Virtual machine name=MDEHUHCGPF002_OMUBIG_0, Port name=VNIC2">
                <measResults>0 0 0 0 0 0 0 0 0 0 0 0 0 0 0 0 0 0 0 0 </measResults>
            </measValue>
            <measValue measObjLdn="MDEUAC01/VPORT:Virtual machine name=MDEHUHCC4F001_UACSU_VDU1_1, Port name=BASE2">
                <measResults>190413 105 219973 122 0 0 0 0 64669 35 113641 63 0 0 0 0 0 0 0 0 </measResults>
            </measValue>
            <measValue measObjLdn="MDEUAC01/VPORT:Virtual machine name=MDEHUHIGWF001_IGWB_VDU1_0, Port name=VNIC1">
                <measResults>179 0 2473 1 0 0 0 0 33 0 786 0 0 0 0 0 0 0 0 0 </measResults>
            </measValue>
            <measValue measObjLdn="MDEUAC01/VPORT:Virtual machine name=MDEHUHIGWF001_IGWB_VDU2_0, Port name=VNIC4">
                <measResults>208 0 2936 1 0 0 0 0 0 0 0 0 0 0 0 0 0 0 0 0 </measResults>
            </measValue>
            <measValue measObjLdn="MDEUAC01/VPORT:Virtual machine name=MDEHUHCC4F001_UACSU_VDU1_5, Port name=BASE2">
                <measResults>124061 68 175500 97 0 0 0 0 131928 72 159910 88 0 0 0 0 0 0 0 0 </measResults>
            </measValue>
            <measValue measObjLdn="MDEUAC01/VPORT:Virtual machine name=MDEHUHCC4F001_UACSU_VDU1_5, Port name=FABRIC1">
                <measResults>61546 33 141197 78 0 0 0 0 62501 34 143552 79 0 0 0 0 0 0 0 0 </measResults>
            </measValue>
            <measValue measObjLdn="MDEUAC01/VPORT:Virtual machine name=MDEHUHCC4F001_UACGU_VDU1_0, Port name=VNIC1">
                <measResults>301 0 4015 2 0 0 0 0 79 0 599 0 0 0 0 0 0 0 0 0 </measResults>
            </measValue>
            <measValue measObjLdn="MDEUAC01/VPORT:Virtual machine name=MDEHUHCC4F001_UACSU_VDU2_4, Port name=FABRIC2">
                <measResults>60711 33 154888 86 0 0 0 0 61323 33 155838 86 0 0 0 0 0 0 0 0 </measResults>
            </measValue>
            <measValue measObjLdn="MDEUAC01/VPORT:Virtual machine name=MDEHUHCC4F001_UACGU_VDU2_0, Port name=BASE1">
                <measResults>63923 35 153057 85 0 0 0 0 62270 34 137051 76 0 0 0 0 0 0 0 0 </measResults>
            </measValue>
            <measValue measObjLdn="MDEUAC01/VPORT:Virtual machine name=MDEHUHCC4F001_UACSU_VDU2_5, Port name=FABRIC1">
                <measResults>61477 33 164060 91 0 0 0 0 61964 33 163758 90 0 0 0 0 0 0 0 0 </measResults>
            </measValue>
            <measValue measObjLdn="MDEUAC01/VPORT:Virtual machine name=MDEHUHCC4F001_UACSU_VDU2_0, Port name=FABRIC2">
                <measResults>61104 33 155901 86 0 0 0 0 61677 33 156730 87 0 0 0 0 0 0 0 0 </measResults>
            </measValue>
            <measValue measObjLdn="MDEUAC01/VPORT:Virtual machine name=MDEHUHCC4F001_UACSU_VDU1_5, Port name=FABRIC2">
                <measResults>60764 33 138260 76 0 0 0 0 61779 33 140299 77 0 0 0 0 0 0 0 0 </measResults>
            </measValue>
            <measValue measObjLdn="MDEUAC01/VPORT:Virtual machine name=MDEHUHCC4F001_UACSU_VDU2_4, Port name=FABRIC1">
                <measResults>59096 32 146812 81 0 0 0 0 59850 32 147685 82 0 0 0 0 0 0 0 0 </measResults>
            </measValue>
            <measValue measObjLdn="MDEUAC01/VPORT:Virtual machine name=MDEHUHCC4F001_UACGU_VDU1_0, Port name=FABRIC1">
                <measResults>69401 38 158457 88 0 0 0 0 59283 32 118740 65 0 0 0 0 0 0 0 0 </measResults>
            </measValue>
            <measValue measObjLdn="MDEUAC01/VPORT:Virtual machine name=MDEHUHCGPF002_OMUBIG_0, Port name=BASE1">
                <measResults>117271 64 240595 133 0 0 0 0 90211 49 206929 114 0 0 0 0 0 0 0 0 </measResults>
            </measValue>
            <measValue measObjLdn="MDEUAC01/VPORT:Virtual machine name=MDEHUHIGWF001_IGWB_VDU1_0, Port name=BASE1">
                <measResults>27729 15 113881 63 0 0 0 0 30698 16 135981 75 0 0 0 0 0 0 0 0 </measResults>
            </measValue>
            <measValue measObjLdn="MDEUAC01/VPORT:Virtual machine name=MDEHUHCC4F001_UACGU_VDU1_0, Port name=BASE1">
                <measResults>70264 38 168111 93 0 0 0 0 92851 51 211654 117 0 0 0 0 0 0 0 0 </measResults>
            </measValue>
            <measValue measObjLdn="MDEUAC01/VPORT:Virtual machine name=MDEHUHCC4F001_UACSU_VDU1_4, Port name=FABRIC2">
                <measResults>59268 32 148402 82 0 0 0 0 60099 32 149259 82 0 0 0 0 0 0 0 0 </measResults>
            </measValue>
            <measValue measObjLdn="MDEUAC01/VPORT:Virtual machine name=MDEHUHCC4F001_UACSU_VDU2_2, Port name=FABRIC1">
                <measResults>64752 35 186899 103 0 0 0 0 65504 36 184813 102 0 0 0 0 0 0 0 0 </measResults>
            </measValue>
            <measValue measObjLdn="MDEUAC01/VPORT:Virtual machine name=MDEHUHIGWF001_IGWB_VDU1_0, Port name=BASE2">
                <measResults>22255 12 107976 59 0 0 0 0 36762 20 131894 73 0 0 0 0 0 0 0 0 </measResults>
            </measValue>
            <measValue measObjLdn="MDEUAC01/VPORT:Virtual machine name=MDEHUHCC4F001_UACSU_VDU2_3, Port name=BASE1">
                <measResults>134273 73 209965 116 0 0 0 0 126664 69 186933 103 0 0 0 0 0 0 0 0 </measResults>
            </measValue>
            <measValue measObjLdn="MDEUAC01/VPORT:Virtual machine name=MDEHUHCC4F001_UACSU_VDU1_2, Port name=FABRIC1">
                <measResults>55843 30 119838 66 0 0 0 0 57051 31 123366 68 0 0 0 0 0 0 0 0 </measResults>
            </measValue>
            <measValue measObjLdn="MDEUAC01/VPORT:Virtual machine name=MDEHUHCC4F001_UACGU_VDU2_0, Port name=BASE2">
                <measResults>528148 292 443535 246 0 0 0 0 51614 28 89388 49 0 0 0 0 0 0 0 0 </measResults>
            </measValue>
            <measValue measObjLdn="MDEUAC01/VPORT:Virtual machine name=MDEHUHCC4F001_UACSU_VDU2_5, Port name=BASE2">
                <measResults>120605 66 170046 94 0 0 0 0 128920 71 156002 86 0 0 0 0 0 0 0 0 </measResults>
            </measValue>
            <measValue measObjLdn="MDEUAC01/VPORT:Virtual machine name=MDEHUHCC4F001_UACSU_VDU1_1, Port name=FABRIC1">
                <measResults>61778 33 141504 78 0 0 0 0 63136 34 147197 81 0 0 0 0 0 0 0 0 </measResults>
            </measValue>
            <measValue measObjLdn="MDEUAC01/VPORT:Virtual machine name=MDEHUHCC4F001_UACSU_VDU2_1, Port name=FABRIC2">
                <measResults>63197 34 171666 95 0 0 0 0 64005 35 171324 95 0 0 0 0 0 0 0 0 </measResults>
            </measValue>
            <measValue measObjLdn="MDEUAC01/VPORT:Virtual machine name=MDEHUHCC4F001_UACSU_VDU2_3, Port name=FABRIC2">
                <measResults>60353 32 152321 84 0 0 0 0 60980 33 152957 84 0 0 0 0 0 0 0 0 </measResults>
            </measValue>
            <measValue measObjLdn="MDEUAC01/VPORT:Virtual machine name=MDEHUHIGWF001_IGWB_VDU2_0, Port name=BASE2">
                <measResults>30125 16 128583 71 0 0 0 0 24486 13 84464 46 0 0 0 0 0 0 0 0 </measResults>
            </measValue>
            <measValue measObjLdn="MDEUAC01/VPORT:Virtual machine name=MDEHUHCC4F001_UACSU_VDU1_2, Port name=FABRIC2">
                <measResults>55716 30 119351 66 0 0 0 0 57010 31 122853 68 0 0 0 0 0 0 0 0 </measResults>
            </measValue>
            <measValue measObjLdn="MDEUAC01/VPORT:Virtual machine name=MDEHUHCC4F001_UACSU_VDU1_3, Port name=FABRIC2">
                <measResults>59809 32 150496 83 0 0 0 0 60570 33 151498 84 0 0 0 0 0 0 0 0 </measResults>
            </measValue>
            <measValue measObjLdn="MDEUAC01/VPORT:Virtual machine name=MDEHUHCC4F001_UACGU_VDU1_0, Port name=BASE2">
                <measResults>56259 30 118264 65 0 0 0 0 535659 297 432946 240 0 0 0 0 0 0 0 0 </measResults>
            </measValue>
            <measValue measObjLdn="MDEUAC01/VPORT:Virtual machine name=MDEHUHCC4F001_UACSU_VDU1_1, Port name=FABRIC2">
                <measResults>62231 34 144238 80 0 0 0 0 63271 34 147182 81 0 0 0 0 0 0 0 0 </measResults>
            </measValue>
            <measValue measObjLdn="MDEUAC01/VPORT:Virtual machine name=MDEHUHCC4F001_UACGU_VDU2_0, Port name=VNIC1">
                <measResults>615 0 5489 3 0 0 0 0 2103 1 11281 6 0 0 0 0 0 0 0 0 </measResults>
            </measValue>
            <measValue measObjLdn="MDEUAC01/VPORT:Virtual machine name=MDEHUHCC4F001_UACSU_VDU1_0, Port name=FABRIC1">
                <measResults>65309 35 163666 90 0 0 0 0 69119 37 180750 100 0 0 0 0 0 0 0 0 </measResults>
            </measValue>
            <measValue measObjLdn="MDEUAC01/VPORT:Virtual machine name=MDEHUHCC4F001_UACSU_VDU1_0, Port name=BASE2">
                <measResults>81491 45 247381 137 0 0 0 0 190268 105 206132 114 0 0 0 0 0 0 0 0 </measResults>
            </measValue>
            <measValue measObjLdn="MDEUAC01/VPORT:Virtual machine name=MDEHUHIGWF001_IGWB_VDU2_0, Port name=FABRIC2">
                <measResults>16351 9 23469 13 0 0 0 0 16330 8 20544 11 0 0 0 0 0 0 0 0 </measResults>
            </measValue>
            <measValue measObjLdn="MDEUAC01/VPORT:Virtual machine name=MDEHUHCC4F001_UACSU_VDU1_2, Port name=BASE1">
                <measResults>201049 111 262276 145 0 0 0 0 66268 36 145874 81 0 0 0 0 0 0 0 0 </measResults>
            </measValue>
            <measValue measObjLdn="MDEUAC01/VPORT:Virtual machine name=MDEHUHCC4F001_UACSU_VDU2_4, Port name=BASE1">
                <measResults>67216 36 173248 96 0 0 0 0 201302 111 242686 134 0 0 0 0 0 0 0 0 </measResults>
            </measValue>
            <measValue measObjLdn="MDEUAC01/VPORT:Virtual machine name=MDEHUHCGPF002_OMUBIG_0, Port name=VNIC1">
                <measResults>229 0 3322 1 0 0 0 0 18 0 391 0 0 0 0 0 0 0 0 0 </measResults>
            </measValue>
            <measValue measObjLdn="MDEUAC01/VPORT:Virtual machine name=MDEHUHCGPF002_OMUBIG_1, Port name=BASE2">
                <measResults>156972 86 558979 310 0 0 0 0 97059 53 531096 295 0 0 0 0 0 0 0 0 </measResults>
            </measValue>
            <measValue measObjLdn="MDEUAC01/VPORT:Virtual machine name=MDEHUHCC4F001_UACSU_VDU2_3, Port name=FABRIC1">
                <measResults>60204 32 151618 84 0 0 0 0 61044 33 152969 84 0 0 0 0 0 0 0 0 </measResults>
            </measValue>
            <measValue measObjLdn="MDEUAC01/VPORT:Virtual machine name=MDEHUHCGPF002_OMUBIG_1, Port name=BASE1">
                <measResults>198816 110 668795 371 0 0 0 0 137617 76 636688 353 0 0 0 0 0 0 0 0 </measResults>
            </measValue>
            <measValue measObjLdn="MDEUAC01/VPORT:Virtual machine name=MDEHUHCC4F001_UACSU_VDU2_1, Port name=BASE1">
                <measResults>134140 74 212676 118 0 0 0 0 125976 69 187073 103 0 0 0 0 0 0 0 0 </measResults>
            </measValue>
            <measValue measObjLdn="MDEUAC01/VPORT:Virtual machine name=MDEHUHCC4F001_UACSU_VDU2_2, Port name=FABRIC2">
                <measResults>64826 35 187032 103 0 0 0 0 65550 36 184712 102 0 0 0 0 0 0 0 0 </measResults>
            </measValue>
            <measValue measObjLdn="MDEUAC01/VPORT:Virtual machine name=MDEHUHCC4F001_UACSU_VDU2_5, Port name=BASE1">
                <measResults>66806 36 166459 92 0 0 0 0 193429 107 233195 129 0 0 0 0 0 0 0 0 </measResults>
            </measValue>
        </measInfo>
        <measInfo measInfoId="1056974611">
            <granPeriod duration="PT1800S" endTime="2021-08-12T00:00:00+08:00"/>
            <repPeriod duration="PT1800S"/>
            <measTypes>1056974758 1056974759 1056974760 1056974761 1056974762 1056974763 1056974764 1056974765 1056974766 1056974767 1056974768 1056974769 1056974770 1056974771 1056974772 1056974773 1056974774 1056974775 1056974776 1056974777 1056974778 1056974779 1056974780 1056974781 1056974782 1056974783 1056974784 1056974785 1056974786 1056974787 1056974788 1056974789 1056974790 1056974791 1056974792 1056974793 1056974794 1056974795 1056974796 1056974797 1056974798 1056974799 1056974800 1056974801 1056974802 1056974803 1056974804 1056974805 1056974806 1056974807 1056974808 1056974809 1056974810 1056974811 1056974812 1056974813 1056974814 1056974815 1056974816 1056974817 1056974818 1056974819 1056974820 1056974821 1056974822 1056974823 </measTypes>
            <measValue measObjLdn="MDEUAC01/IP:IP index=0, MEID=281, Module=1700,IP=10.157.187.36">
                <measResults>540 540 0 0 0 0 0 0 0 0 0 0 9844 6660 0 3184 0 0 0 0 0 0 0 0 426 192 427 325 0 5 128 1050 0 8 0 0 0 0 0 3184 0 0 0 0 0 0 0 0 0 0 540 0 0 0 0 0 0 0 0 0 0 0 0 0 0 0 </measResults>
            </measValue>
            <measValue measObjLdn="MDEUAC01/IP:IP index=1, MEID=281, Module=1701,IP=10.157.187.37">
                <measResults>4855 4855 0 0 0 0 0 0 0 0 0 0 34678 31496 0 3182 0 0 0 0 0 0 0 0 311 286 427 325 2 19 839 5509 6 22 0 0 0 0 0 3182 0 0 0 0 0 0 0 0 0 0 4855 0 0 0 0 0 0 0 0 0 0 0 0 0 0 0 </measResults>
            </measValue>
            <measValue measObjLdn="MDEUAC01/IP:IP index=3, MEID=50, Module=1808,IP=10.157.188.4">
                <measResults>0 0 0 0 0 0 0 0 0 0 0 0 0 0 0 0 0 0 0 0 0 0 0 0 0 0 0 0 0 0 0 0 0 0 0 0 0 0 0 0 0 0 0 0 0 0 0 0 0 0 0 0 0 0 0 0 0 0 0 0 0 0 0 0 0 0 </measResults>
            </measValue>
            <measValue measObjLdn="MDEUAC01/IP:IP index=2, MEID=50, Module=1808,IP=10.157.186.20">
                <measResults>0 0 0 0 0 0 0 0 0 0 0 0 0 0 0 0 0 0 0 0 0 0 0 0 0 0 0 0 0 0 0 0 0 0 0 0 0 0 0 0 0 0 0 0 0 0 0 0 0 0 0 0 0 0 0 0 0 0 0 0 0 0 0 0 0 0 </measResults>
            </measValue>
        </measInfo>
        <measInfo measInfoId="1057000003">
            <granPeriod duration="PT1800S" endTime="2021-08-12T00:00:00+08:00"/>
            <repPeriod duration="PT1800S"/>
            <measTypes>1057000230 1057000231 1057000232 1057000233 1057000234 1057000235 1057000236 1057000237 1057000238 1057000239 1057000240 </measTypes>
            <measValue measObjLdn="MDEUAC01/VM:Virtual machine name=MDEHUHCC4F001_UACSU_VDU1_1">
                <measResults>32 3944 2643 2.483 0 16.733 0 0.538 0.532 0.038 0 </measResults>
            </measValue>
            <measValue measObjLdn="MDEUAC01/VM:Virtual machine name=MDEHUHCC4F001_UACSU_VDU1_3">
                <measResults>32 3944 2648 2.3 0 14.533 0 0.692 0.66 0.045 0 </measResults>
            </measValue>
            <measValue measObjLdn="MDEUAC01/VM:Virtual machine name=MDEHUHCC4F001_UACSU_VDU1_5">
                <measResults>32 3944 2644 2.55 0 17.6 0 0.697 0.685 0.042 0 </measResults>
            </measValue>
            <measValue measObjLdn="MDEUAC01/VM:Virtual machine name=MDEHUHCC4F001_UACSU_VDU1_4">
                <measResults>32 3944 2644 2.067 0 13.865 0 0.663 0.663 0.042 0 </measResults>
            </measValue>
            <measValue measObjLdn="MDEUAC01/VM:Virtual machine name=MDEHUHIGWF001_IGWB_VDU1_0">
                <measResults>6 297981 280028 6.083 0 35.612 0 0.513 0.368 0.108 0 </measResults>
            </measValue>
            <measValue measObjLdn="MDEUAC01/VM:Virtual machine name=MDEHUHIGWF001_IGWB_VDU2_0">
                <measResults>11 40015 35250 5.883 0 37.16 0 0.545 0.388 0.095 0 </measResults>
            </measValue>
            <measValue measObjLdn="MDEUAC01/VM:Virtual machine name=MDEHUHCC4F001_UACSU_VDU1_2">
                <measResults>32 3944 2646 2.317 0 14.8 0 0.665 0.637 0.042 0 </measResults>
            </measValue>
            <measValue measObjLdn="MDEUAC01/VM:Virtual machine name=MDEHUHCC4F001_UACSU_VDU2_4">
                <measResults>32 3944 2644 2.633 0 18.267 0 0.7 0.642 0.048 0 </measResults>
            </measValue>
            <measValue measObjLdn="MDEUAC01/VM:Virtual machine name=MDEHUHCC4F001_UACSU_VDU2_1">
                <measResults>32 3944 2645 2.017 0 14.067 0 0.705 0.637 0.04 0 </measResults>
            </measValue>
            <measValue measObjLdn="MDEUAC01/VM:Virtual machine name=MDEHUHCGPF002_OMUBIG_0">
                <measResults>32 204405 138918 7.55 0.117 153.283 4 0.625 0.27 0.098 0.002 </measResults>
            </measValue>
            <measValue measObjLdn="MDEUAC01/VM:Virtual machine name=MDEHUHCC4F001_UACSU_VDU1_0">
                <measResults>32 3944 2645 2.117 0 14.867 0 0.685 0.685 0.047 0 </measResults>
            </measValue>
            <measValue measObjLdn="MDEUAC01/VM:Virtual machine name=MDEHUHCGPF002_OMUBIG_1">
                <measResults>30 204405 141750 12.498 0.517 246.607 7.892 1.318 0.355 0.232 0.012 </measResults>
            </measValue>
            <measValue measObjLdn="MDEUAC01/VM:Virtual machine name=MDEHUHCC4F001_UACGU_VDU1_0">
                <measResults>28 3944 2811 2.083 0 15.333 0 0.658 0.623 0.04 0 </measResults>
            </measValue>
            <measValue measObjLdn="MDEUAC01/VM:Virtual machine name=MDEHUHCC4F001_UACSU_VDU2_0">
                <measResults>32 3944 2647 2.35 0 17.4 0 0.593 0.568 0.038 0 </measResults>
            </measValue>
            <measValue measObjLdn="MDEUAC01/VM:Virtual machine name=MDEHUHCC4F001_UACGU_VDU2_0">
                <measResults>28 3944 2813 2.133 0 13.2 0 0.597 0.547 0.04 0 </measResults>
            </measValue>
            <measValue measObjLdn="MDEUAC01/VM:Virtual machine name=MDEHUHCC4F001_UACSU_VDU2_3">
                <measResults>32 3944 2644 2.383 0 16 0 0.752 0.665 0.048 0 </measResults>
            </measValue>
            <measValue measObjLdn="MDEUAC01/VM:Virtual machine name=MDEHUHCC4F001_UACSU_VDU2_5">
                <measResults>32 3944 2648 2.117 0 16.067 0 0.755 0.755 0.048 0 </measResults>
            </measValue>
            <measValue measObjLdn="MDEUAC01/VM:Virtual machine name=MDEHUHCC4F001_UACSU_VDU2_2">
                <measResults>32 3944 2644 2.233 0 14.133 0 0.613 0.608 0.04 0 </measResults>
            </measValue>
        </measInfo>
        <measInfo measInfoId="1057000000">
            <granPeriod duration="PT1800S" endTime="2021-08-12T00:00:00+08:00"/>
            <repPeriod duration="PT1800S"/>
            <measTypes>1057000200 1057000201 1057000203 1057000205 1057000206 </measTypes>
            <measValue measObjLdn="MDEUAC01/VM:Virtual machine name=MDEHUHCC4F001_UACSU_VDU1_1">
                <measResults>6 10 9 0 0 </measResults>
            </measValue>
            <measValue measObjLdn="MDEUAC01/VM:Virtual machine name=MDEHUHCC4F001_UACSU_VDU1_3">
                <measResults>6 11 1 0 0 </measResults>
            </measValue>
            <measValue measObjLdn="MDEUAC01/VM:Virtual machine name=MDEHUHCC4F001_UACSU_VDU1_5">
                <measResults>6 12 7 0 0 </measResults>
            </measValue>
            <measValue measObjLdn="MDEUAC01/VM:Virtual machine name=MDEHUHCC4F001_UACSU_VDU1_4">
                <measResults>6 13 12 0 0 </measResults>
            </measValue>
            <measValue measObjLdn="MDEUAC01/VM:Virtual machine name=MDEHUHIGWF001_IGWB_VDU1_0">
                <measResults>6 23 1 0 0 </measResults>
            </measValue>
            <measValue measObjLdn="MDEUAC01/VM:Virtual machine name=MDEHUHIGWF001_IGWB_VDU2_0">
                <measResults>5 13 2 0 0 </measResults>
            </measValue>
            <measValue measObjLdn="MDEUAC01/VM:Virtual machine name=MDEHUHCC4F001_UACSU_VDU1_2">
                <measResults>5 11 2 0 0 </measResults>
            </measValue>
            <measValue measObjLdn="MDEUAC01/VM:Virtual machine name=MDEHUHCC4F001_UACSU_VDU2_4">
                <measResults>5 11 5 0 0 </measResults>
            </measValue>
            <measValue measObjLdn="MDEUAC01/VM:Virtual machine name=MDEHUHCC4F001_UACSU_VDU2_1">
                <measResults>6 11 1 0 0 </measResults>
            </measValue>
            <measValue measObjLdn="MDEUAC01/VM:Virtual machine name=MDEHUHCGPF002_OMUBIG_0">
                <measResults>5 18 2 0 0 </measResults>
            </measValue>
            <measValue measObjLdn="MDEUAC01/VM:Virtual machine name=MDEHUHCC4F001_UACSU_VDU1_0">
                <measResults>6 11 9 0 0 </measResults>
            </measValue>
            <measValue measObjLdn="MDEUAC01/VM:Virtual machine name=MDEHUHCGPF002_OMUBIG_1">
                <measResults>16 33 1 0 0 </measResults>
            </measValue>
            <measValue measObjLdn="MDEUAC01/VM:Virtual machine name=MDEHUHCC4F001_UACGU_VDU1_0">
                <measResults>3 11 1 0 0 </measResults>
            </measValue>
            <measValue measObjLdn="MDEUAC01/VM:Virtual machine name=MDEHUHCC4F001_UACSU_VDU2_0">
                <measResults>5 10 6 0 0 </measResults>
            </measValue>
            <measValue measObjLdn="MDEUAC01/VM:Virtual machine name=MDEHUHCC4F001_UACGU_VDU2_0">
                <measResults>2 6 17 0 0 </measResults>
            </measValue>
            <measValue measObjLdn="MDEUAC01/VM:Virtual machine name=MDEHUHCC4F001_UACSU_VDU2_3">
                <measResults>5 10 4 0 0 </measResults>
            </measValue>
            <measValue measObjLdn="MDEUAC01/VM:Virtual machine name=MDEHUHCC4F001_UACSU_VDU2_5">
                <measResults>6 11 1 0 0 </measResults>
            </measValue>
            <measValue measObjLdn="MDEUAC01/VM:Virtual machine name=MDEHUHCC4F001_UACSU_VDU2_2">
                <measResults>6 10 3 0 0 </measResults>
            </measValue>
        </measInfo>
    </measData>
    <fileFooter>
        <measCollec endTime="2021-08-12T00:00:00+08:00"/>
    </fileFooter>
</measCollecFile>
