<?xml version="1.0" encoding="UTF-8"?>
<measCollecFile xmlns="http://latest/nmc-omc/cmNrm.doc#measCollec" xmlns:xsi="http://www.w3.org/2001/XMLSchema-instance" xsi:schemaLocation="http://latest/nmc-omc/cmNrm.doc#measCollec schema\pmResultSchedule.xsd">
    <fileHeader fileFormatVersion="32.435 V7.2" vendorName="Huawei">
        <fileSender elementType="vUSN"/>
        <measCollec beginTime="2021-08-11T23:00:00+08:00"/>
    </fileHeader>
    <measData>
        <managedElement userLabel="min1USN02"/>
        <measInfo measInfoId="117440524">
            <granPeriod duration="PT3600S" endTime="2021-08-12T00:00:00+08:00"/>
            <repPeriod duration="PT3600S"/>
            <measTypes>117451813 117451814 117451815 117451816 117451817 117451818 117451819 117451820 </measTypes>
            <measValue measObjLdn="min1USN02/Gb interface NSE:nodeName=gb, NSE ID=14400">
                <measResults>272229 159385 0 1247368 1300935 0 217 89 </measResults>
            </measValue>
            <measValue measObjLdn="min1USN02/Gb interface NSE:nodeName=gb, NSE ID=14406">
                <measResults>226594 141593 0 1267669 1311802 0 196 91 </measResults>
            </measValue>
            <measValue measObjLdn="min1USN02/Gb interface NSE:nodeName=gb, NSE ID=14412">
                <measResults>291129 223266 0 1434605 1641681 0 202 107 </measResults>
            </measValue>
            <measValue measObjLdn="min1USN02/Gb interface NSE:nodeName=gb, NSE ID=14418">
                <measResults>199367 136778 0 895199 1013883 0 172 82 </measResults>
            </measValue>
            <measValue measObjLdn="min1USN02/Gb interface NSE:nodeName=gb, NSE ID=14424">
                <measResults>344285 175918 0 1350617 1382055 0 256 105 </measResults>
            </measValue>
            <measValue measObjLdn="min1USN02/Gb interface NSE:nodeName=gb, NSE ID=14430">
                <measResults>218574 172992 0 1086759 1273237 0 178 89 </measResults>
            </measValue>
            <measValue measObjLdn="min1USN02/Gb interface NSE:nodeName=gb, NSE ID=14436">
                <measResults>605618 399562 0 2746168 3070237 0 343 209 </measResults>
            </measValue>
            <measValue measObjLdn="min1USN02/Gb interface NSE:nodeName=gb, NSE ID=14442">
                <measResults>285382 190350 0 1135464 1359997 0 155 97 </measResults>
            </measValue>
            <measValue measObjLdn="min1USN02/Gb interface NSE:nodeName=gb, NSE ID=14448">
                <measResults>604357 315419 0 2294228 2370581 0 332 177 </measResults>
            </measValue>
            <measValue measObjLdn="min1USN02/Gb interface NSE:nodeName=gb, NSE ID=14460">
                <measResults>553783 309865 0 2271572 2435999 0 331 164 </measResults>
            </measValue>
            <measValue measObjLdn="min1USN02/Gb interface NSE:nodeName=gb, NSE ID=14478">
                <measResults>135089 109706 0 879235 968877 0 118 68 </measResults>
            </measValue>
            <measValue measObjLdn="min1USN02/Gb interface NSE:nodeName=gb, NSE ID=14484">
                <measResults>424490 235481 0 1856244 1884575 0 254 130 </measResults>
            </measValue>
            <measValue measObjLdn="min1USN02/Gb interface NSE:nodeName=gb, NSE ID=14490">
                <measResults>155588 109903 0 891168 966535 0 126 65 </measResults>
            </measValue>
            <measValue measObjLdn="min1USN02/Gb interface NSE:nodeName=gb, NSE ID=14496">
                <measResults>377048 230413 0 1635846 1790899 0 281 131 </measResults>
            </measValue>
            <measValue measObjLdn="min1USN02/Gb interface NSE:nodeName=gb, NSE ID=14502">
                <measResults>95375 61553 0 763600 789690 0 113 46 </measResults>
            </measValue>
            <measValue measObjLdn="min1USN02/Gb interface NSE:nodeName=gb, NSE ID=15600">
                <measResults>242415 177239 0 1481719 1633850 0 164 114 </measResults>
            </measValue>
            <measValue measObjLdn="min1USN02/Gb interface NSE:nodeName=gb, NSE ID=16200">
                <measResults>271611 176745 0 1231326 1360605 0 215 93 </measResults>
            </measValue>
            <measValue measObjLdn="min1USN02/Gb interface NSE:nodeName=gb, NSE ID=16206">
                <measResults>475088 212039 0 1940470 1826633 0 317 134 </measResults>
            </measValue>
            <measValue measObjLdn="min1USN02/Gb interface NSE:nodeName=gb, NSE ID=16218">
                <measResults>590094 326387 0 2203924 2298129 0 495 212 </measResults>
            </measValue>
            <measValue measObjLdn="min1USN02/Gb interface NSE:nodeName=gb, NSE ID=16224">
                <measResults>224568 53130 0 571563 430346 0 192 50 </measResults>
            </measValue>
            <measValue measObjLdn="min1USN02/Gb interface NSE:nodeName=gb, NSE ID=16230">
                <measResults>145483 102620 0 774405 865536 0 136 71 </measResults>
            </measValue>
            <measValue measObjLdn="min1USN02/Gb interface NSE:nodeName=gb, NSE ID=16236">
                <measResults>211394 127777 0 863483 939150 0 190 88 </measResults>
            </measValue>
            <measValue measObjLdn="min1USN02/Gb interface NSE:nodeName=gb, NSE ID=16242">
                <measResults>0 0 0 0 0 0 0 0 </measResults>
            </measValue>
            <measValue measObjLdn="min1USN02/Gb interface NSE:nodeName=gb, NSE ID=16248">
                <measResults>697667 309219 0 2420331 2485153 0 404 203 </measResults>
            </measValue>
            <measValue measObjLdn="min1USN02/Gb interface NSE:nodeName=gb, NSE ID=16254">
                <measResults>252160 120294 0 803212 899080 0 211 82 </measResults>
            </measValue>
            <measValue measObjLdn="min1USN02/Gb interface NSE:nodeName=gb, NSE ID=16260">
                <measResults>411960 187572 0 1367588 1357118 0 286 117 </measResults>
            </measValue>
            <measValue measObjLdn="min1USN02/Gb interface NSE:nodeName=gb, NSE ID=16266">
                <measResults>545421 224861 0 1802259 1733997 0 402 148 </measResults>
            </measValue>
            <measValue measObjLdn="min1USN02/Gb interface NSE:nodeName=gb, NSE ID=16272">
                <measResults>220140 149482 0 1032439 1137560 0 204 89 </measResults>
            </measValue>
            <measValue measObjLdn="min1USN02/Gb interface NSE:nodeName=gb, NSE ID=16278">
                <measResults>300312 106260 0 1037494 919393 0 255 63 </measResults>
            </measValue>
            <measValue measObjLdn="min1USN02/Gb interface NSE:nodeName=gb, NSE ID=16284">
                <measResults>271850 144106 0 1241891 1311802 0 236 89 </measResults>
            </measValue>
            <measValue measObjLdn="min1USN02/Gb interface NSE:nodeName=gb, NSE ID=16290">
                <measResults>334055 173033 0 1251779 1297150 0 221 91 </measResults>
            </measValue>
            <measValue measObjLdn="min1USN02/Gb interface NSE:nodeName=gb, NSE ID=16296">
                <measResults>247122 175398 0 1108546 1224769 0 175 124 </measResults>
            </measValue>
            <measValue measObjLdn="min1USN02/Gb interface NSE:nodeName=gb, NSE ID=16314">
                <measResults>281175 108505 0 1253956 1238046 0 213 72 </measResults>
            </measValue>
            <measValue measObjLdn="min1USN02/Gb interface NSE:nodeName=gb, NSE ID=2408">
                <measResults>0 0 0 0 0 0 0 0 </measResults>
            </measValue>
            <measValue measObjLdn="min1USN02/Gb interface NSE:nodeName=gb, NSE ID=2413">
                <measResults>0 0 0 0 0 0 0 0 </measResults>
            </measValue>
            <measValue measObjLdn="min1USN02/Gb interface NSE:nodeName=gb, NSE ID=2414">
                <measResults>0 0 0 0 0 0 0 0 </measResults>
            </measValue>
            <measValue measObjLdn="min1USN02/Gb interface NSE:nodeName=gb, NSE ID=2700">
                <measResults>0 0 0 0 0 0 0 0 </measResults>
            </measValue>
            <measValue measObjLdn="min1USN02/Gb interface NSE:nodeName=gb, NSE ID=2703">
                <measResults>0 0 0 0 0 0 0 0 </measResults>
            </measValue>
            <measValue measObjLdn="min1USN02/Gb interface NSE:nodeName=gb, NSE ID=2704">
                <measResults>0 0 0 0 0 0 0 0 </measResults>
            </measValue>
            <measValue measObjLdn="min1USN02/Gb interface NSE:nodeName=gb, NSE ID=2708">
                <measResults>0 0 0 0 0 0 0 0 </measResults>
            </measValue>
            <measValue measObjLdn="min1USN02/Gb interface NSE:nodeName=gb, NSE ID=2709">
                <measResults>0 0 0 0 0 0 0 0 </measResults>
            </measValue>
            <measValue measObjLdn="min1USN02/Gb interface NSE:nodeName=gb, NSE ID=2710">
                <measResults>0 0 0 0 0 0 0 0 </measResults>
            </measValue>
            <measValue measObjLdn="min1USN02/Gb interface NSE:nodeName=gb, NSE ID=2712">
                <measResults>0 0 0 0 0 0 0 0 </measResults>
            </measValue>
            <measValue measObjLdn="min1USN02/Gb interface NSE:nodeName=gb, NSE ID=2714">
                <measResults>0 0 0 0 0 0 0 0 </measResults>
            </measValue>
            <measValue measObjLdn="min1USN02/Gb interface NSE:nodeName=gb, NSE ID=2719">
                <measResults>0 0 0 0 0 0 0 0 </measResults>
            </measValue>
            <measValue measObjLdn="min1USN02/Gb interface NSE:nodeName=gb, NSE ID=5420">
                <measResults>0 0 0 0 0 0 0 0 </measResults>
            </measValue>
            <measValue measObjLdn="min1USN02/Gb interface NSE:nodeName=gb, NSE ID=5424">
                <measResults>0 0 0 0 0 0 0 0 </measResults>
            </measValue>
        </measInfo>
        <measInfo measInfoId="117440525">
            <granPeriod duration="PT3600S" endTime="2021-08-12T00:00:00+08:00"/>
            <repPeriod duration="PT3600S"/>
            <measTypes>117451913 117451914 117451915 117451916 117451917 117451918 117451919 117451920 117451923 </measTypes>
            <measValue measObjLdn="min1USN02/Gb interface NSE:nodeName=gb, NSE ID=14400">
                <measResults>0 0 0 0 11192 6020 10775 10771 1494 </measResults>
            </measValue>
            <measValue measObjLdn="min1USN02/Gb interface NSE:nodeName=gb, NSE ID=14406">
                <measResults>0 0 0 0 18921 10421 17425 17541 2342 </measResults>
            </measValue>
            <measValue measObjLdn="min1USN02/Gb interface NSE:nodeName=gb, NSE ID=14412">
                <measResults>0 0 0 0 14544 8223 14472 14484 1516 </measResults>
            </measValue>
            <measValue measObjLdn="min1USN02/Gb interface NSE:nodeName=gb, NSE ID=14418">
                <measResults>0 0 0 0 6882 3808 5890 6873 1623 </measResults>
            </measValue>
            <measValue measObjLdn="min1USN02/Gb interface NSE:nodeName=gb, NSE ID=14424">
                <measResults>0 0 0 0 10335 5444 11422 11434 1752 </measResults>
            </measValue>
            <measValue measObjLdn="min1USN02/Gb interface NSE:nodeName=gb, NSE ID=14430">
                <measResults>0 0 0 0 9671 4508 9803 9799 1892 </measResults>
            </measValue>
            <measValue measObjLdn="min1USN02/Gb interface NSE:nodeName=gb, NSE ID=14436">
                <measResults>0 0 0 0 22022 10262 26451 26448 2491 </measResults>
            </measValue>
            <measValue measObjLdn="min1USN02/Gb interface NSE:nodeName=gb, NSE ID=14442">
                <measResults>0 0 0 0 6027 3235 5765 5764 2684 </measResults>
            </measValue>
            <measValue measObjLdn="min1USN02/Gb interface NSE:nodeName=gb, NSE ID=14448">
                <measResults>0 0 0 0 14654 8013 8921 8912 1580 </measResults>
            </measValue>
            <measValue measObjLdn="min1USN02/Gb interface NSE:nodeName=gb, NSE ID=14460">
                <measResults>0 0 0 0 19439 11149 10955 11083 1633 </measResults>
            </measValue>
            <measValue measObjLdn="min1USN02/Gb interface NSE:nodeName=gb, NSE ID=14478">
                <measResults>0 0 0 0 8916 5243 3763 3819 2242 </measResults>
            </measValue>
            <measValue measObjLdn="min1USN02/Gb interface NSE:nodeName=gb, NSE ID=14484">
                <measResults>0 0 0 0 18778 9754 20774 20770 2305 </measResults>
            </measValue>
            <measValue measObjLdn="min1USN02/Gb interface NSE:nodeName=gb, NSE ID=14490">
                <measResults>0 0 0 0 8001 4007 7928 7928 1551 </measResults>
            </measValue>
            <measValue measObjLdn="min1USN02/Gb interface NSE:nodeName=gb, NSE ID=14496">
                <measResults>0 0 0 0 16634 8316 17158 17152 3127 </measResults>
            </measValue>
            <measValue measObjLdn="min1USN02/Gb interface NSE:nodeName=gb, NSE ID=14502">
                <measResults>0 0 0 0 4744 2855 1975 1969 1372 </measResults>
            </measValue>
            <measValue measObjLdn="min1USN02/Gb interface NSE:nodeName=gb, NSE ID=15600">
                <measResults>0 0 0 0 14644 8548 5318 5712 2613 </measResults>
            </measValue>
            <measValue measObjLdn="min1USN02/Gb interface NSE:nodeName=gb, NSE ID=16200">
                <measResults>0 0 0 0 9923 6355 3884 3878 1370 </measResults>
            </measValue>
            <measValue measObjLdn="min1USN02/Gb interface NSE:nodeName=gb, NSE ID=16206">
                <measResults>0 0 0 0 12435 7729 3654 3648 2567 </measResults>
            </measValue>
            <measValue measObjLdn="min1USN02/Gb interface NSE:nodeName=gb, NSE ID=16218">
                <measResults>0 0 0 0 14121 8625 4656 5262 2037 </measResults>
            </measValue>
            <measValue measObjLdn="min1USN02/Gb interface NSE:nodeName=gb, NSE ID=16224">
                <measResults>0 0 0 0 1800 1144 542 542 1600 </measResults>
            </measValue>
            <measValue measObjLdn="min1USN02/Gb interface NSE:nodeName=gb, NSE ID=16230">
                <measResults>0 0 0 0 7352 4542 3125 3117 1499 </measResults>
            </measValue>
            <measValue measObjLdn="min1USN02/Gb interface NSE:nodeName=gb, NSE ID=16236">
                <measResults>0 0 0 0 3779 2477 957 954 1397 </measResults>
            </measValue>
            <measValue measObjLdn="min1USN02/Gb interface NSE:nodeName=gb, NSE ID=16242">
                <measResults>0 0 0 0 0 0 0 0 0 </measResults>
            </measValue>
            <measValue measObjLdn="min1USN02/Gb interface NSE:nodeName=gb, NSE ID=16248">
                <measResults>0 0 0 0 23266 15074 4008 4187 1610 </measResults>
            </measValue>
            <measValue measObjLdn="min1USN02/Gb interface NSE:nodeName=gb, NSE ID=16254">
                <measResults>0 0 0 0 4643 2948 741 736 1688 </measResults>
            </measValue>
            <measValue measObjLdn="min1USN02/Gb interface NSE:nodeName=gb, NSE ID=16260">
                <measResults>0 0 0 0 6486 3712 3304 3300 3871 </measResults>
            </measValue>
            <measValue measObjLdn="min1USN02/Gb interface NSE:nodeName=gb, NSE ID=16266">
                <measResults>0 0 0 0 4711 3047 1019 1090 2015 </measResults>
            </measValue>
            <measValue measObjLdn="min1USN02/Gb interface NSE:nodeName=gb, NSE ID=16272">
                <measResults>0 0 0 0 4294 2386 1285 1284 1534 </measResults>
            </measValue>
            <measValue measObjLdn="min1USN02/Gb interface NSE:nodeName=gb, NSE ID=16278">
                <measResults>0 0 0 0 5042 2851 2589 2584 2485 </measResults>
            </measValue>
            <measValue measObjLdn="min1USN02/Gb interface NSE:nodeName=gb, NSE ID=16284">
                <measResults>0 0 0 0 5727 3323 1584 1648 1349 </measResults>
            </measValue>
            <measValue measObjLdn="min1USN02/Gb interface NSE:nodeName=gb, NSE ID=16290">
                <measResults>0 0 0 0 8006 4449 5144 5142 2386 </measResults>
            </measValue>
            <measValue measObjLdn="min1USN02/Gb interface NSE:nodeName=gb, NSE ID=16296">
                <measResults>0 0 0 0 5447 3177 1754 1748 2583 </measResults>
            </measValue>
            <measValue measObjLdn="min1USN02/Gb interface NSE:nodeName=gb, NSE ID=16314">
                <measResults>0 0 0 0 10703 7123 5771 5767 1561 </measResults>
            </measValue>
            <measValue measObjLdn="min1USN02/Gb interface NSE:nodeName=gb, NSE ID=2408">
                <measResults>0 0 0 0 0 0 0 0 0 </measResults>
            </measValue>
            <measValue measObjLdn="min1USN02/Gb interface NSE:nodeName=gb, NSE ID=2413">
                <measResults>0 0 0 0 0 0 0 0 0 </measResults>
            </measValue>
            <measValue measObjLdn="min1USN02/Gb interface NSE:nodeName=gb, NSE ID=2414">
                <measResults>0 0 0 0 0 0 0 0 0 </measResults>
            </measValue>
            <measValue measObjLdn="min1USN02/Gb interface NSE:nodeName=gb, NSE ID=2700">
                <measResults>0 0 0 0 0 0 0 0 0 </measResults>
            </measValue>
            <measValue measObjLdn="min1USN02/Gb interface NSE:nodeName=gb, NSE ID=2703">
                <measResults>0 0 0 0 0 0 0 0 0 </measResults>
            </measValue>
            <measValue measObjLdn="min1USN02/Gb interface NSE:nodeName=gb, NSE ID=2704">
                <measResults>0 0 0 0 0 0 0 0 0 </measResults>
            </measValue>
            <measValue measObjLdn="min1USN02/Gb interface NSE:nodeName=gb, NSE ID=2708">
                <measResults>0 0 0 0 0 0 0 0 0 </measResults>
            </measValue>
            <measValue measObjLdn="min1USN02/Gb interface NSE:nodeName=gb, NSE ID=2709">
                <measResults>0 0 0 0 0 0 0 0 0 </measResults>
            </measValue>
            <measValue measObjLdn="min1USN02/Gb interface NSE:nodeName=gb, NSE ID=2710">
                <measResults>0 0 0 0 0 0 0 0 0 </measResults>
            </measValue>
            <measValue measObjLdn="min1USN02/Gb interface NSE:nodeName=gb, NSE ID=2712">
                <measResults>0 0 0 0 0 0 0 0 0 </measResults>
            </measValue>
            <measValue measObjLdn="min1USN02/Gb interface NSE:nodeName=gb, NSE ID=2714">
                <measResults>0 0 0 0 0 0 0 0 0 </measResults>
            </measValue>
            <measValue measObjLdn="min1USN02/Gb interface NSE:nodeName=gb, NSE ID=2719">
                <measResults>0 0 0 0 0 0 0 0 0 </measResults>
            </measValue>
            <measValue measObjLdn="min1USN02/Gb interface NSE:nodeName=gb, NSE ID=5420">
                <measResults>0 0 0 0 0 0 0 0 0 </measResults>
            </measValue>
            <measValue measObjLdn="min1USN02/Gb interface NSE:nodeName=gb, NSE ID=5424">
                <measResults>0 0 0 0 0 0 0 0 0 </measResults>
            </measValue>
        </measInfo>
        <measInfo measInfoId="117440515">
            <granPeriod duration="PT3600S" endTime="2021-08-12T00:00:00+08:00"/>
            <repPeriod duration="PT3600S"/>
            <measTypes>117450913 117450914 117450915 117450916 117450917 117450918 117450919 117450920 117450921 117450922 117450923 117450924 117450925 117450926 117450927 117450928 117450929 117450930 117450931 117450932 117450933 117450934 117450935 117450936 117450937 117450938 117450939 117450940 117450941 117450942 117450943 117450944 117450945 117450946 117450947 117450948 117450949 117450950 117450951 117450952 117450953 117450954 117450955 117450956 117450957 117450958 </measTypes>
            <measValue measObjLdn="min1USN02/UsnFunction:nodeName=gb">
                <measResults>375790 0 0 27534511 9400427 30367899 4960122 2380568 76613 2728948 92721 29726783 4594058 27583287 9167600 142484 41 2382061 62680 546923 0 17958 865 150189 10819 0 9705 0 3 0 0 14360575 5270 50980 9976 3493 10993 1789 772 25 885 30 4091 2156 15828 16725 </measResults>
            </measValue>
        </measInfo>
        <measInfo measInfoId="117440516">
            <granPeriod duration="PT3600S" endTime="2021-08-12T00:00:00+08:00"/>
            <repPeriod duration="PT3600S"/>
            <measTypes>117451013 117451014 117451015 117451016 117451017 117451018 117451019 117451020 117451021 117451022 117451023 117451024 117451025 117451026 117451027 </measTypes>
            <measValue measObjLdn="min1USN02/UsnFunction:nodeName=gb">
                <measResults>0 0 260 37891 27390687 4454447 21193844 9066100 27583287 9167600 29726783 4594071 103417 260 0 </measResults>
            </measValue>
        </measInfo>
        <measInfo measInfoId="117440519">
            <granPeriod duration="PT3600S" endTime="2021-08-12T00:00:00+08:00"/>
            <repPeriod duration="PT3600S"/>
            <measTypes>117451313 117451314 117451315 117451316 117451317 117451318 117451319 117451320 117451321 117451322 117451323 117451324 117451325 117451326 117451327 117451328 117451329 117451330 117451331 117451332 117451333 117451334 117451335 117451336 117451337 117451338 117451343 117475733 117475734 </measTypes>
            <measValue measObjLdn="min1USN02/UsnFunction:nodeName=gb">
                <measResults>113365 143731 0 75 30 0 1139200 568953 10306311 137 130 0 10 0 3439098 47200497 11320458 33267963 5720351 33154557 5060657 30597483 9407540 0 6117 51735 2014 22851602 8285833 </measResults>
            </measValue>
        </measInfo>
        <measInfo measInfoId="117440520">
            <granPeriod duration="PT3600S" endTime="2021-08-12T00:00:00+08:00"/>
            <repPeriod duration="PT3600S"/>
            <measTypes>117451413 117451414 117451415 117451416 117451417 117451418 117451419 117451420 117451421 117451422 117451423 117451424 117451425 117451426 117451427 117451428 117451429 117451430 117451431 117451432 117451433 117451434 117451435 117451436 117451437 117451438 117451439 117451440 117451441 117451442 117451443 117451444 117451445 117451446 117451447 117451448 </measTypes>
            <measValue measObjLdn="min1USN02/UsnFunction:nodeName=gb">
                <measResults>47200497 11320375 0 0 0 0 49679257 6025572 0 0 0 0 0 0 0 0 0 0 0 0 0 0 0 0 0 0 0 0 0 0 26911 4872 96879754 17540108 32362 6335 </measResults>
            </measValue>
        </measInfo>
        <measInfo measInfoId="117440521">
            <granPeriod duration="PT3600S" endTime="2021-08-12T00:00:00+08:00"/>
            <repPeriod duration="PT3600S"/>
            <measTypes>117451513 117451514 117451515 117451516 117451517 117451518 117451519 117451520 117451521 117451522 117451523 117451524 117451525 117451526 117451527 117451528 127938275 127938276 127938277 127938278 127938279 127938280 </measTypes>
            <measValue measObjLdn="min1USN02/UsnFunction:nodeName=gb">
                <measResults>0 0 0 0 0 0 0 0 0 0 0 0 0 0 0 0 NIL NIL NIL NIL NIL NIL </measResults>
            </measValue>
        </measInfo>
        <measInfo measInfoId="117440522">
            <granPeriod duration="PT3600S" endTime="2021-08-12T00:00:00+08:00"/>
            <repPeriod duration="PT3600S"/>
            <measTypes>117451616 117451617 </measTypes>
            <measValue measObjLdn="min1USN02/UsnFunction:nodeName=gb">
                <measResults>11456 236 </measResults>
            </measValue>
        </measInfo>
        <measInfo measInfoId="117440665">
            <granPeriod duration="PT3600S" endTime="2021-08-12T00:00:00+08:00"/>
            <repPeriod duration="PT3600S"/>
            <measTypes>117465913 117465914 117465915 117465916 117465920 117465921 </measTypes>
            <measValue measObjLdn="min1USN02/UsnFunction:nodeName=gb">
                <measResults>0 0 0 0 0 0 </measResults>
            </measValue>
        </measInfo>
        <measInfo measInfoId="117440666">
            <granPeriod duration="PT3600S" endTime="2021-08-12T00:00:00+08:00"/>
            <repPeriod duration="PT3600S"/>
            <measTypes>117466013 117466014 117466015 117466016 117466017 117466018 117466019 117466020 </measTypes>
            <measValue measObjLdn="min1USN02/UsnFunction:nodeName=gb">
                <measResults>49679257 6219649 47200497 11320458 0 0 0 0 </measResults>
            </measValue>
        </measInfo>
        <measInfo measInfoId="1912143876">
            <granPeriod duration="PT3600S" endTime="2021-08-12T00:00:00+08:00"/>
            <repPeriod duration="PT3600S"/>
            <measTypes>1912143892 </measTypes>
            <measValue measObjLdn="min1USN02/UsnFunction:nodeName=gb">
                <measResults>0 </measResults>
            </measValue>
        </measInfo>
        <measInfo measInfoId="1912143877">
            <granPeriod duration="PT3600S" endTime="2021-08-12T00:00:00+08:00"/>
            <repPeriod duration="PT3600S"/>
            <measTypes>1912143893 1912143894 </measTypes>
            <measValue measObjLdn="min1USN02/UsnFunction:nodeName=gb">
                <measResults>88444120 47217319 </measResults>
            </measValue>
        </measInfo>
        <measInfo measInfoId="117440526">
            <granPeriod duration="PT3600S" endTime="2021-08-12T00:00:00+08:00"/>
            <repPeriod duration="PT3600S"/>
            <measTypes>117452013 117452014 117452015 117452016 117452017 117452018 117452019 117452020 117452021 </measTypes>
            <measValue measObjLdn="min1USN02/Gb interface BSSID:nodeName=gb, BSSID=14400">
                <measResults>272229 159385 431620 75 44 119 217 89 290 </measResults>
            </measValue>
            <measValue measObjLdn="min1USN02/Gb interface BSSID:nodeName=gb, BSSID=14406">
                <measResults>226594 141593 368196 62 39 101 196 91 279 </measResults>
            </measValue>
            <measValue measObjLdn="min1USN02/Gb interface BSSID:nodeName=gb, BSSID=14412">
                <measResults>291129 223266 514402 80 62 142 202 107 305 </measResults>
            </measValue>
            <measValue measObjLdn="min1USN02/Gb interface BSSID:nodeName=gb, BSSID=14418">
                <measResults>199367 136778 336147 55 37 92 172 82 250 </measResults>
            </measValue>
            <measValue measObjLdn="min1USN02/Gb interface BSSID:nodeName=gb, BSSID=14424">
                <measResults>344285 175918 520209 95 48 143 256 105 342 </measResults>
            </measValue>
            <measValue measObjLdn="min1USN02/Gb interface BSSID:nodeName=gb, BSSID=14430">
                <measResults>218574 172992 391567 60 48 108 178 89 262 </measResults>
            </measValue>
            <measValue measObjLdn="min1USN02/Gb interface BSSID:nodeName=gb, BSSID=14436">
                <measResults>605618 399562 1005169 168 110 278 343 209 540 </measResults>
            </measValue>
            <measValue measObjLdn="min1USN02/Gb interface BSSID:nodeName=gb, BSSID=14442">
                <measResults>285382 190350 475735 79 52 131 155 97 233 </measResults>
            </measValue>
            <measValue measObjLdn="min1USN02/Gb interface BSSID:nodeName=gb, BSSID=14448">
                <measResults>604357 315419 919777 167 87 254 332 177 490 </measResults>
            </measValue>
            <measValue measObjLdn="min1USN02/Gb interface BSSID:nodeName=gb, BSSID=14460">
                <measResults>553783 309865 863653 153 86 239 331 164 452 </measResults>
            </measValue>
            <measValue measObjLdn="min1USN02/Gb interface BSSID:nodeName=gb, BSSID=14478">
                <measResults>135089 109706 244792 37 30 67 118 68 186 </measResults>
            </measValue>
            <measValue measObjLdn="min1USN02/Gb interface BSSID:nodeName=gb, BSSID=14484">
                <measResults>424490 235481 659979 117 65 182 254 130 366 </measResults>
            </measValue>
            <measValue measObjLdn="min1USN02/Gb interface BSSID:nodeName=gb, BSSID=14490">
                <measResults>155588 109903 265491 43 30 73 126 65 169 </measResults>
            </measValue>
            <measValue measObjLdn="min1USN02/Gb interface BSSID:nodeName=gb, BSSID=14496">
                <measResults>377048 230413 607461 104 64 168 281 131 402 </measResults>
            </measValue>
            <measValue measObjLdn="min1USN02/Gb interface BSSID:nodeName=gb, BSSID=14502">
                <measResults>95375 61553 156921 26 17 43 113 46 148 </measResults>
            </measValue>
            <measValue measObjLdn="min1USN02/Gb interface BSSID:nodeName=gb, BSSID=15600">
                <measResults>242415 177239 419648 67 49 116 164 114 267 </measResults>
            </measValue>
            <measValue measObjLdn="min1USN02/Gb interface BSSID:nodeName=gb, BSSID=16200">
                <measResults>271611 176745 448354 75 49 124 215 93 287 </measResults>
            </measValue>
            <measValue measObjLdn="min1USN02/Gb interface BSSID:nodeName=gb, BSSID=16206">
                <measResults>475088 212039 687125 131 58 189 317 134 451 </measResults>
            </measValue>
            <measValue measObjLdn="min1USN02/Gb interface BSSID:nodeName=gb, BSSID=16218">
                <measResults>590094 326387 916480 163 90 253 495 212 673 </measResults>
            </measValue>
            <measValue measObjLdn="min1USN02/Gb interface BSSID:nodeName=gb, BSSID=16224">
                <measResults>224568 53130 277693 62 14 76 192 50 224 </measResults>
            </measValue>
            <measValue measObjLdn="min1USN02/Gb interface BSSID:nodeName=gb, BSSID=16230">
                <measResults>145483 102620 248106 40 28 68 136 71 195 </measResults>
            </measValue>
            <measValue measObjLdn="min1USN02/Gb interface BSSID:nodeName=gb, BSSID=16236">
                <measResults>211394 127777 339168 58 35 93 190 88 264 </measResults>
            </measValue>
            <measValue measObjLdn="min1USN02/Gb interface BSSID:nodeName=gb, BSSID=16242">
                <measResults>0 0 0 0 0 0 0 0 0 </measResults>
            </measValue>
            <measValue measObjLdn="min1USN02/Gb interface BSSID:nodeName=gb, BSSID=16248">
                <measResults>697667 309219 1006881 193 85 278 404 203 589 </measResults>
            </measValue>
            <measValue measObjLdn="min1USN02/Gb interface BSSID:nodeName=gb, BSSID=16254">
                <measResults>252160 120294 372456 70 33 103 211 82 283 </measResults>
            </measValue>
            <measValue measObjLdn="min1USN02/Gb interface BSSID:nodeName=gb, BSSID=16260">
                <measResults>411960 187572 599530 114 52 166 286 117 371 </measResults>
            </measValue>
            <measValue measObjLdn="min1USN02/Gb interface BSSID:nodeName=gb, BSSID=16266">
                <measResults>545421 224861 770291 151 62 213 402 148 494 </measResults>
            </measValue>
            <measValue measObjLdn="min1USN02/Gb interface BSSID:nodeName=gb, BSSID=16272">
                <measResults>220140 149482 369624 61 41 102 204 89 293 </measResults>
            </measValue>
            <measValue measObjLdn="min1USN02/Gb interface BSSID:nodeName=gb, BSSID=16278">
                <measResults>300312 106260 406582 83 29 112 255 63 314 </measResults>
            </measValue>
            <measValue measObjLdn="min1USN02/Gb interface BSSID:nodeName=gb, BSSID=16284">
                <measResults>271850 144106 415948 75 40 115 236 89 312 </measResults>
            </measValue>
            <measValue measObjLdn="min1USN02/Gb interface BSSID:nodeName=gb, BSSID=16290">
                <measResults>334055 173033 507090 92 48 140 221 91 293 </measResults>
            </measValue>
            <measValue measObjLdn="min1USN02/Gb interface BSSID:nodeName=gb, BSSID=16296">
                <measResults>247122 175398 422523 68 48 116 175 124 278 </measResults>
            </measValue>
            <measValue measObjLdn="min1USN02/Gb interface BSSID:nodeName=gb, BSSID=16314">
                <measResults>281175 108505 389677 78 30 108 213 72 272 </measResults>
            </measValue>
            <measValue measObjLdn="min1USN02/Gb interface BSSID:nodeName=gb, BSSID=2408">
                <measResults>0 0 0 0 0 0 0 0 0 </measResults>
            </measValue>
            <measValue measObjLdn="min1USN02/Gb interface BSSID:nodeName=gb, BSSID=2413">
                <measResults>0 0 0 0 0 0 0 0 0 </measResults>
            </measValue>
            <measValue measObjLdn="min1USN02/Gb interface BSSID:nodeName=gb, BSSID=2414">
                <measResults>0 0 0 0 0 0 0 0 0 </measResults>
            </measValue>
            <measValue measObjLdn="min1USN02/Gb interface BSSID:nodeName=gb, BSSID=2700">
                <measResults>0 0 0 0 0 0 0 0 0 </measResults>
            </measValue>
            <measValue measObjLdn="min1USN02/Gb interface BSSID:nodeName=gb, BSSID=2703">
                <measResults>0 0 0 0 0 0 0 0 0 </measResults>
            </measValue>
            <measValue measObjLdn="min1USN02/Gb interface BSSID:nodeName=gb, BSSID=2704">
                <measResults>0 0 0 0 0 0 0 0 0 </measResults>
            </measValue>
            <measValue measObjLdn="min1USN02/Gb interface BSSID:nodeName=gb, BSSID=2708">
                <measResults>0 0 0 0 0 0 0 0 0 </measResults>
            </measValue>
            <measValue measObjLdn="min1USN02/Gb interface BSSID:nodeName=gb, BSSID=2709">
                <measResults>0 0 0 0 0 0 0 0 0 </measResults>
            </measValue>
            <measValue measObjLdn="min1USN02/Gb interface BSSID:nodeName=gb, BSSID=2710">
                <measResults>0 0 0 0 0 0 0 0 0 </measResults>
            </measValue>
            <measValue measObjLdn="min1USN02/Gb interface BSSID:nodeName=gb, BSSID=2712">
                <measResults>0 0 0 0 0 0 0 0 0 </measResults>
            </measValue>
            <measValue measObjLdn="min1USN02/Gb interface BSSID:nodeName=gb, BSSID=2714">
                <measResults>0 0 0 0 0 0 0 0 0 </measResults>
            </measValue>
            <measValue measObjLdn="min1USN02/Gb interface BSSID:nodeName=gb, BSSID=2719">
                <measResults>0 0 0 0 0 0 0 0 0 </measResults>
            </measValue>
            <measValue measObjLdn="min1USN02/Gb interface BSSID:nodeName=gb, BSSID=5420">
                <measResults>0 0 0 0 0 0 0 0 0 </measResults>
            </measValue>
            <measValue measObjLdn="min1USN02/Gb interface BSSID:nodeName=gb, BSSID=5424">
                <measResults>0 0 0 0 0 0 0 0 0 </measResults>
            </measValue>
        </measInfo>
        <measInfo measInfoId="1912143879">
            <granPeriod duration="PT3600S" endTime="2021-08-12T00:00:00+08:00"/>
            <repPeriod duration="PT3600S"/>
            <measTypes>1912143940 1912143941 </measTypes>
            <measValue measObjLdn="min1USN02/RU_USN:nodeName=gb, RU NAME=GB_SP_RU_0064">
                <measResults>13 12 </measResults>
            </measValue>
            <measValue measObjLdn="min1USN02/RU_USN:nodeName=gb, RU NAME=GB_SP_RU_0065">
                <measResults>14 11 </measResults>
            </measValue>
            <measValue measObjLdn="min1USN02/RU_USN:nodeName=gb, RU NAME=GB_SP_RU_0069">
                <measResults>15 12 </measResults>
            </measValue>
            <measValue measObjLdn="min1USN02/RU_USN:nodeName=gb, RU NAME=GB_SP_RU_0070">
                <measResults>14 12 </measResults>
            </measValue>
            <measValue measObjLdn="min1USN02/RU_USN:nodeName=gb, RU NAME=GB_SP_RU_0071">
                <measResults>14 12 </measResults>
            </measValue>
        </measInfo>
        <measInfo measInfoId="1912143880">
            <granPeriod duration="PT3600S" endTime="2021-08-12T00:00:00+08:00"/>
            <repPeriod duration="PT3600S"/>
            <measTypes>1912143950 1912143951 </measTypes>
            <measValue measObjLdn="min1USN02/ScaleGroup_USN:nodeName=gb, ScaleRroupName=SG1_GB">
                <measResults>13 12 </measResults>
            </measValue>
        </measInfo>
    </measData>
    <fileFooter>
        <measCollec endTime="2021-08-12T00:00:00+08:00"/>
    </fileFooter>
</measCollecFile>
