<?xml version="1.0" encoding="UTF-8"?>
<measCollecFile xmlns="http://latest/nmc-omc/cmNrm.doc#measCollec" xmlns:xsi="http://www.w3.org/2001/XMLSchema-instance" xsi:schemaLocation="http://latest/nmc-omc/cmNrm.doc#measCollec schema\pmResultSchedule.xsd">
    <fileHeader fileFormatVersion="32.435 V7.2" vendorName="Huawei">
        <fileSender elementType="NodeB"/>
        <measCollec beginTime="2021-08-19T11:00:00+08:00"/>
    </fileHeader>
    <measData>
        <managedElement userLabel="PRQG9207HUNB001"/>
        <measInfo measInfoId="50331655">
            <granPeriod duration="PT3600S" endTime="2021-08-19T12:00:00+08:00"/>
            <repPeriod duration="PT3600S"/>
            <measTypes>50332573 50332574 50342574 50342575 50342635 50342636 </measTypes>
            <measValue measObjLdn="PRQG9207HUNB001/ULGROUP:UL BB Resource Group No.=1">
                <measResults>1024 131.971 89 161 0 0 </measResults>
            </measValue>
            <measValue measObjLdn="PRQG9207HUNB001/ULGROUP:UL BB Resource Group No.=2">
                <measResults>1024 72.912 49.5 100.5 0 0 </measResults>
            </measValue>
        </measInfo>
        <measInfo measInfoId="50331656">
            <granPeriod duration="PT3600S" endTime="2021-08-19T12:00:00+08:00"/>
            <repPeriod duration="PT3600S"/>
            <measTypes>50332582 50332583 50332584 50332586 50342584 50342585 50342586 50342587 50342606 50342607 50342608 50342609 50342632 50342633 </measTypes>
            <measValue measObjLdn="PRQG9207HUNB001/BRD:Board Type=UBBP, Cabinet No.=0, Subrack No.=0, Slot No.=1">
                <measResults>1024 1024 0 0 0 0 0 0 0 0 0 0 0 0 </measResults>
            </measValue>
            <measValue measObjLdn="PRQG9207HUNB001/BRD:Board Type=UBBP, Cabinet No.=0, Subrack No.=0, Slot No.=2">
                <measResults>1024 1024 80.408 131.971 61 97 89 161 5 7 8 12 0 0 </measResults>
            </measValue>
            <measValue measObjLdn="PRQG9207HUNB001/BRD:Board Type=UBBP, Cabinet No.=0, Subrack No.=0, Slot No.=3">
                <measResults>1024 1024 42.567 72.912 29 54 49.5 100.5 2 4 3 6 0 0 </measResults>
            </measValue>
            <measValue measObjLdn="PRQG9207HUNB001/BRD:Board Type=UMPT, Cabinet No.=0, Subrack No.=0, Slot No.=7">
                <measResults>0 0 0 0 0 0 0 0 0 0 0 0 0 0 </measResults>
            </measValue>
        </measInfo>
        <measInfo measInfoId="50331683">
            <granPeriod duration="PT3600S" endTime="2021-08-19T12:00:00+08:00"/>
            <repPeriod duration="PT3600S"/>
            <measTypes>50332627 </measTypes>
            <measValue measObjLdn="PRQG9207HUNB001/NODEBRRU:Cabinet No.=0, Subrack No.=60, Slot No.=0">
                <measResults>0 </measResults>
            </measValue>
            <measValue measObjLdn="PRQG9207HUNB001/NODEBRRU:Cabinet No.=0, Subrack No.=61, Slot No.=0">
                <measResults>0 </measResults>
            </measValue>
            <measValue measObjLdn="PRQG9207HUNB001/NODEBRRU:Cabinet No.=0, Subrack No.=62, Slot No.=0">
                <measResults>0 </measResults>
            </measValue>
            <measValue measObjLdn="PRQG9207HUNB001/NODEBRRU:Cabinet No.=0, Subrack No.=80, Slot No.=0">
                <measResults>0 </measResults>
            </measValue>
            <measValue measObjLdn="PRQG9207HUNB001/NODEBRRU:Cabinet No.=0, Subrack No.=81, Slot No.=0">
                <measResults>0 </measResults>
            </measValue>
            <measValue measObjLdn="PRQG9207HUNB001/NODEBRRU:Cabinet No.=0, Subrack No.=82, Slot No.=0">
                <measResults>0 </measResults>
            </measValue>
        </measInfo>
        <measInfo measInfoId="1542455297">
            <granPeriod duration="PT3600S" endTime="2021-08-19T12:00:00+08:00"/>
            <repPeriod duration="PT3600S"/>
            <measTypes>1542455297 1542455298 1542455299 1542455300 1542455301 1542455302 1542455303 1542455304 1542455305 1542455306 1542455307 1542460296 1542460297 </measTypes>
            <measValue measObjLdn="PRQG9207HUNB001/ETHPORT:Cabinet No.=0, Subrack No.=0, Slot No.=7, Port No.=0, Subboard Type=BASE_BOARD">
                <measResults>1920159591 16555997 4726015271 18336959 0 7242968 2061184 4267022 31460312 2383784 10502208 1000000 1000000 </measResults>
            </measValue>
            <measValue measObjLdn="PRQG9207HUNB001/ETHPORT:Cabinet No.=0, Subrack No.=0, Slot No.=7, Port No.=1, Subboard Type=BASE_BOARD">
                <measResults>0 0 0 0 0 0 0 0 0 0 0 0 0 </measResults>
            </measValue>
        </measInfo>
        <measInfo measInfoId="1542455301">
            <granPeriod duration="PT3600S" endTime="2021-08-19T12:00:00+08:00"/>
            <repPeriod duration="PT3600S"/>
            <measTypes>1542455326 1542455327 1542455328 1542455329 1542455330 1542455331 1542455332 1542455333 1542460727 1542460728 1542460729 </measTypes>
            <measValue measObjLdn="PRQG9207HUNB001/IP:Board Type=UMPT, Cabinet No.=0, Subrack No.=0, Slot No.=7">
                <measResults>16555740 1524996792 0 0 18330591 4265518748 0 0 83174 0 0 </measResults>
            </measValue>
        </measInfo>
        <measInfo measInfoId="1542455303">
            <granPeriod duration="PT3600S" endTime="2021-08-19T12:00:00+08:00"/>
            <repPeriod duration="PT3600S"/>
            <measTypes>1542455365 1542455367 1542455369 1542455371 1542455375 1542455376 1542455377 1542455378 </measTypes>
            <measValue measObjLdn="PRQG9207HUNB001/RSCGRP:Transmission Resource Group Bear Type=IP, Cabinet No.=0, Bearing Port No.=0, Bearing Port Type=ETH, Transmission Resource Group ID=AUTOPORT, Subboard Type=BASE_BOARD, Slot No.=7, Subrack No.=0">
                <measResults>1823453066 16560322 0 0 7075912 1939784 4050990 0 </measResults>
            </measValue>
            <measValue measObjLdn="PRQG9207HUNB001/RSCGRP:Transmission Resource Group Bear Type=IP, Cabinet No.=0, Bearing Port No.=1, Bearing Port Type=ETH, Transmission Resource Group ID=AUTOPORT, Subboard Type=BASE_BOARD, Slot No.=7, Subrack No.=0">
                <measResults>0 0 0 0 0 0 0 0 </measResults>
            </measValue>
        </measInfo>
        <measInfo measInfoId="1542455312">
            <granPeriod duration="PT3600S" endTime="2021-08-19T12:00:00+08:00"/>
            <repPeriod duration="PT3600S"/>
            <measTypes>1542460308 1542460309 1542460310 1542460311 1542460312 1542460313 1542460314 1542460315 1542460316 1542460317 1542460318 1542460319 1542460320 1542460321 1542460322 1542460323 1542460324 1542460325 1542460326 1542460327 1542460328 1542460329 1542460330 1542460331 1542460332 </measTypes>
            <measValue measObjLdn="PRQG9207HUNB001/RSCGRP:Transmission Resource Group Bear Type=IP, Cabinet No.=0, Bearing Port No.=0, Bearing Port Type=ETH, Transmission Resource Group ID=AUTOPORT, Subboard Type=BASE_BOARD, Slot No.=7, Subrack No.=0">
                <measResults>13677 13276 13286 0 0 0 126 0 0 0 0 106 0 6053481 0 61301 0 1 0 0 0 0 0 0 0 </measResults>
            </measValue>
            <measValue measObjLdn="PRQG9207HUNB001/RSCGRP:Transmission Resource Group Bear Type=IP, Cabinet No.=0, Bearing Port No.=1, Bearing Port Type=ETH, Transmission Resource Group ID=AUTOPORT, Subboard Type=BASE_BOARD, Slot No.=7, Subrack No.=0">
                <measResults>0 0 0 0 0 0 0 0 0 0 0 0 0 0 0 0 0 0 0 0 0 0 0 0 0 </measResults>
            </measValue>
        </measInfo>
        <measInfo measInfoId="1542455309">
            <granPeriod duration="PT3600S" endTime="2021-08-19T12:00:00+08:00"/>
            <repPeriod duration="PT3600S"/>
            <measTypes>1542455826 1542455827 1542455828 1542455829 1542455833 1542455834 1542455835 1542455836 1542455837 1542455838 1542455839 1542455840 1542455841 1542455842 1542455843 1542455844 1542455845 1542455846 1542455847 1542455848 </measTypes>
            <measValue measObjLdn="PRQG9207HUNB001/OMCH:Standby Status=MASTER, Bearer Type=IPV4">
                <measResults>667 171 0 2 0 0 0 0 0 473 28 0 664 0 0 0 0 591 12 61 </measResults>
            </measValue>
        </measInfo>
        <measInfo measInfoId="1542455815">
            <granPeriod duration="PT3600S" endTime="2021-08-19T12:00:00+08:00"/>
            <repPeriod duration="PT3600S"/>
            <measTypes>1542460340 1542460341 1542460342 1542460343 1542460496 1542460497 1542460498 1542460499 1542460500 1542460501 1542460502 1542460503 1542460504 1542460505 1542460506 1542460507 1542460510 </measTypes>
            <measValue measObjLdn="PRQG9207HUNB001/IKE:Board Type=UMPT, Cabinet No.=0, Subrack No.=0, Slot No.=7">
                <measResults>0 0 0 0 0 0 0 0 0 0 0 0 0 0 0 0 0 </measResults>
            </measValue>
        </measInfo>
        <measInfo measInfoId="1542455817">
            <granPeriod duration="PT3600S" endTime="2021-08-19T12:00:00+08:00"/>
            <repPeriod duration="PT3600S"/>
            <measTypes>1542460356 1542460357 1542460358 1542460359 1542460360 1542460361 1542460362 1542460363 1542460364 1542460365 1542460366 1542460367 1542460368 1542460369 1542460370 1542460371 1542460372 1542460373 1542460374 1542460375 1542460376 </measTypes>
            <measValue measObjLdn="PRQG9207HUNB001/SCTPLNK:Link No.=31">
                <measResults>12158358 11753753 109415 162782 0 66608 0 27018 94296 15480 26119 32939 130138 1207 0 0 0 0 0 131349 32954 </measResults>
            </measValue>
            <measValue measObjLdn="PRQG9207HUNB001/SCTPLNK:Link No.=32">
                <measResults>19223793 21014302 650925 795087 0 75232 19408 42707 73696 22184 46685 308537 581890 3792 0 0 0 0 0 585682 308537 </measResults>
            </measValue>
        </measInfo>
        <measInfo measInfoId="1542455818">
            <granPeriod duration="PT3600S" endTime="2021-08-19T12:00:00+08:00"/>
            <repPeriod duration="PT3600S"/>
            <measTypes>1542455526 1542455527 1542455528 1542455529 1542455530 1542455531 1542455532 1542455533 1542455534 1542455535 </measTypes>
            <measValue measObjLdn="PRQG9207HUNB001/USERPLANEHOST:User Plane Host ID=3">
                <measResults>15330745 17344458 1427768079 4179392296 6200408 3172819 27794640 9287536 NIL NIL </measResults>
            </measValue>
        </measInfo>
        <measInfo measInfoId="1593835529">
            <granPeriod duration="PT3600S" endTime="2021-08-19T12:00:00+08:00"/>
            <repPeriod duration="PT3600S"/>
            <measTypes>1593835620 1593835628 1593835629 </measTypes>
            <measValue measObjLdn="PRQG9207HUNB001/NODE:NODE">
                <measResults>NIL 0.684 0 </measResults>
            </measValue>
        </measInfo>
        <measInfo measInfoId="1593835533">
            <granPeriod duration="PT3600S" endTime="2021-08-19T12:00:00+08:00"/>
            <repPeriod duration="PT3600S"/>
            <measTypes>1593835647 1593835648 1593835649 </measTypes>
            <measValue measObjLdn="PRQG9207HUNB001/NODE:NODE">
                <measResults>33996 33986 33990 </measResults>
            </measValue>
        </measInfo>
        <measInfo measInfoId="1593835531">
            <granPeriod duration="PT3600S" endTime="2021-08-19T12:00:00+08:00"/>
            <repPeriod duration="PT3600S"/>
            <measTypes>1593835630 1593835632 1593835633 1593835634 </measTypes>
            <measValue measObjLdn="PRQG9207HUNB001/BBUBoard:Board Type=UBBP, Cabinet No.=0, Subrack No.=0, Slot No.=1">
                <measResults>0 3 2 0 </measResults>
            </measValue>
            <measValue measObjLdn="PRQG9207HUNB001/BBUBoard:Board Type=UBBP, Cabinet No.=0, Subrack No.=0, Slot No.=2">
                <measResults>0 4 3 0 </measResults>
            </measValue>
            <measValue measObjLdn="PRQG9207HUNB001/BBUBoard:Board Type=UBBP, Cabinet No.=0, Subrack No.=0, Slot No.=3">
                <measResults>0 4 3 0 </measResults>
            </measValue>
            <measValue measObjLdn="PRQG9207HUNB001/BBUBoard:Board Type=UMPT, Cabinet No.=0, Subrack No.=0, Slot No.=7">
                <measResults>0 2 1 0 </measResults>
            </measValue>
        </measInfo>
        <measInfo measInfoId="1593835535">
            <granPeriod duration="PT3600S" endTime="2021-08-19T12:00:00+08:00"/>
            <repPeriod duration="PT3600S"/>
            <measTypes>1593835652 1593835653 1593835654 1593835655 1593835656 1593835657 1593835658 1593835659 1593835660 1593835661 1593835662 1593835663 1593835664 1593835665 1593835666 1593835667 1593835668 1593835669 1593835670 1593835671 </measTypes>
            <measValue measObjLdn="PRQG9207HUNB001/RADIOEQM:Cabinet No.=0, Subrack No.=60, Slot No.=0">
                <measResults>NIL NIL NIL NIL NIL NIL NIL NIL NIL NIL 0 0 0 10 0 0 0 0 0 0 </measResults>
            </measValue>
            <measValue measObjLdn="PRQG9207HUNB001/RADIOEQM:Cabinet No.=0, Subrack No.=61, Slot No.=0">
                <measResults>NIL NIL NIL NIL NIL NIL NIL NIL NIL NIL 0 0 0 10 0 0 0 0 0 0 </measResults>
            </measValue>
            <measValue measObjLdn="PRQG9207HUNB001/RADIOEQM:Cabinet No.=0, Subrack No.=62, Slot No.=0">
                <measResults>NIL NIL NIL NIL NIL NIL NIL NIL NIL NIL 0 0 0 10 0 0 0 0 0 0 </measResults>
            </measValue>
            <measValue measObjLdn="PRQG9207HUNB001/RADIOEQM:Cabinet No.=0, Subrack No.=80, Slot No.=0">
                <measResults>NIL NIL NIL NIL NIL NIL NIL NIL NIL NIL 0 0 0 0 0 0 0 0 0 0 </measResults>
            </measValue>
            <measValue measObjLdn="PRQG9207HUNB001/RADIOEQM:Cabinet No.=0, Subrack No.=81, Slot No.=0">
                <measResults>NIL NIL NIL NIL NIL NIL NIL NIL NIL NIL 0 0 0 0 0 0 0 0 0 0 </measResults>
            </measValue>
            <measValue measObjLdn="PRQG9207HUNB001/RADIOEQM:Cabinet No.=0, Subrack No.=82, Slot No.=0">
                <measResults>NIL NIL NIL NIL NIL NIL NIL NIL NIL NIL 0 0 0 0 0 0 0 0 0 0 </measResults>
            </measValue>
        </measInfo>
        <measInfo measInfoId="1593835539">
            <granPeriod duration="PT3600S" endTime="2021-08-19T12:00:00+08:00"/>
            <repPeriod duration="PT3600S"/>
            <measTypes>1593835767 </measTypes>
            <measValue measObjLdn="PRQG9207HUNB001/RADIOEQM:Cabinet No.=0, Subrack No.=60, Slot No.=0">
                <measResults>3600 </measResults>
            </measValue>
            <measValue measObjLdn="PRQG9207HUNB001/RADIOEQM:Cabinet No.=0, Subrack No.=61, Slot No.=0">
                <measResults>3600 </measResults>
            </measValue>
            <measValue measObjLdn="PRQG9207HUNB001/RADIOEQM:Cabinet No.=0, Subrack No.=62, Slot No.=0">
                <measResults>3600 </measResults>
            </measValue>
            <measValue measObjLdn="PRQG9207HUNB001/RADIOEQM:Cabinet No.=0, Subrack No.=80, Slot No.=0">
                <measResults>3600 </measResults>
            </measValue>
            <measValue measObjLdn="PRQG9207HUNB001/RADIOEQM:Cabinet No.=0, Subrack No.=81, Slot No.=0">
                <measResults>3600 </measResults>
            </measValue>
            <measValue measObjLdn="PRQG9207HUNB001/RADIOEQM:Cabinet No.=0, Subrack No.=82, Slot No.=0">
                <measResults>3600 </measResults>
            </measValue>
        </measInfo>
        <measInfo measInfoId="1593835544">
            <granPeriod duration="PT3600S" endTime="2021-08-19T12:00:00+08:00"/>
            <repPeriod duration="PT3600S"/>
            <measTypes>1593835835 </measTypes>
            <measValue measObjLdn="PRQG9207HUNB001/BU:Cabinet No.=0, Subrack No.=0">
                <measResults>0.1987 </measResults>
            </measValue>
        </measInfo>
        <measInfo measInfoId="1593835545">
            <granPeriod duration="PT3600S" endTime="2021-08-19T12:00:00+08:00"/>
            <repPeriod duration="PT3600S"/>
            <measTypes>1593835836 </measTypes>
            <measValue measObjLdn="PRQG9207HUNB001/BTSBoard:Cabinet No.=0, Subrack No.=60, Slot No.=0">
                <measResults>0.15558751 </measResults>
            </measValue>
            <measValue measObjLdn="PRQG9207HUNB001/BTSBoard:Cabinet No.=0, Subrack No.=61, Slot No.=0">
                <measResults>0.15345334 </measResults>
            </measValue>
            <measValue measObjLdn="PRQG9207HUNB001/BTSBoard:Cabinet No.=0, Subrack No.=62, Slot No.=0">
                <measResults>0.18441251 </measResults>
            </measValue>
            <measValue measObjLdn="PRQG9207HUNB001/BTSBoard:Cabinet No.=0, Subrack No.=80, Slot No.=0">
                <measResults>0.21882418 </measResults>
            </measValue>
            <measValue measObjLdn="PRQG9207HUNB001/BTSBoard:Cabinet No.=0, Subrack No.=81, Slot No.=0">
                <measResults>0.22708333 </measResults>
            </measValue>
            <measValue measObjLdn="PRQG9207HUNB001/BTSBoard:Cabinet No.=0, Subrack No.=82, Slot No.=0">
                <measResults>0.230645 </measResults>
            </measValue>
        </measInfo>
        <measInfo measInfoId="50331648">
            <granPeriod duration="PT3600S" endTime="2021-08-19T12:00:00+08:00"/>
            <repPeriod duration="PT3600S"/>
            <measTypes>50331654 50331655 50331656 50331657 50331658 50331659 50331660 50331661 50331662 50331663 50331664 50331665 50331666 50331667 50331668 50331669 50331670 50331671 50331672 50331673 50331674 50331675 50331676 50331677 50331678 50331679 50331680 50331681 50331682 50331683 50331684 50331685 50331686 50331687 50331688 50331689 50331690 50331691 50331692 50331693 50331694 50331695 50331696 50331697 50331698 50331699 50331709 50331710 50331711 50331712 50331713 50331714 50331717 50331718 50331719 50331720 50331721 50331722 50331723 50331724 50331745 50331746 50331754 50331755 50331756 50331757 50331758 50331759 50331760 50331761 50331762 50331763 50331764 50331765 50331766 50331767 50331768 50331769 50331770 50331771 50331772 50331773 50331774 50331775 50331776 50331777 50331778 50331779 50331780 50331781 50331782 50331783 50331784 50331785 50331786 50331787 50331788 50331789 50331790 50331791 50331792 50331793 50331794 50331795 50331796 50331797 50331798 50331799 50331800 50331801 50331802 50331803 50331804 50331805 50331806 50331807 50331808 50331809 50331810 50331811 50331812 50331813 50331814 50331815 50331816 50331817 50331818 50331819 50331820 50331821 50331838 50331839 50331840 50332168 50332169 50332170 50332173 50332174 50332215 50332216 50332217 50341648 50341649 50341650 50341651 50341652 50341653 50341654 50341655 50341656 50341657 50341658 50341659 50341668 50341669 50341670 50341671 50341672 50341675 50341676 50341677 50341678 50341679 50341680 50341685 50341686 50341687 50341688 50341689 50341690 50341691 50341692 50341693 50341694 50341695 50341696 50341697 50341698 50341699 50341700 50341701 50341702 50341703 50341704 50341705 50341706 50341707 50341708 50341709 50341710 50341711 50341712 50341713 50341714 50341715 50341716 50341717 50341722 50341739 50341740 </measTypes>
            <measValue measObjLdn="PRQG9207HUNB001/ULoCell:NodeB Function Name=PRQG9207HUNB001, Local Cell ID=10791, Cell Name=SUDONU1">
                <measResults>360803 59428 112481 290770 57582 7987 2718 1746 0 0 0 0 0 0 20529 3818 18036 5947 5921 12409 20457 20192 34234 40127 58638 68924 88047 94453 98669 109953 77822 78532 60233 60007 47779 37279 34285 25534 22292 18443 20232 12482 11112 6108 3112 3061 2375 505775 0 0 0 0 0 0 0 0 0 60119 470335 532829 656167 1184548501 0 44503 5425 5207 16162 11432 7716 30935 17061 22936 23022 26675 32187 42022 46225 52833 39349 28459 20198 16878 11820 8442 7154 4149 3264 2017 1447 1610 1217 781 470 1155 0 0 0 0 0 0 0 0 0 0 0 0 0 0 0 0 0 0 0 0 0 0 0 0 0 0 0 0 0 0 0 0 0 0 0 0 1184464720 532341 34155 0 0 0 0 0 0 0 0 74 327 0 157 932 0 75 248 161 534 978 295 325043 3115358 0 332355 1101841 14 152 0 151 730 0 0 3 0 1.933 12.117 12.262 13.335 0 18 50 2 0 0 0 0 0 0 NIL 710 802 540 0 0 0 0 0 0 0 0 0 0 0 0 12578 1 0 </measResults>
            </measValue>
            <measValue measObjLdn="PRQG9207HUNB001/ULoCell:NodeB Function Name=PRQG9207HUNB001, Local Cell ID=10792, Cell Name=SUDONU2">
                <measResults>288700 37302 195202 242837 38252 4770 1708 1133 0 0 0 0 0 0 51251 5236 3612 2989 3550 4431 7357 7394 11222 12911 19314 24232 32949 41187 50772 74786 68378 97013 96433 131395 129766 126475 123995 97756 82748 70607 102477 63928 34246 14943 6852 4675 45158 485954 0 0 0 0 0 0 0 0 0 128396 347799 521353 655371 1961362399 0 66651 15078 1775 4978 7111 5827 29001 11096 10821 8179 14565 17266 19950 21847 58398 49092 19531 12395 12924 11384 10712 11073 10024 10113 7459 7883 9112 9530 11712 8694 24861 0 0 0 0 0 0 0 0 0 0 0 0 0 0 0 0 0 0 0 0 0 0 0 0 0 0 0 0 0 0 0 0 0 0 0 0 1961068468 512382 47621 0 0 0 0 0 0 0 0 72 333 3 162 880 1 72 246 162 556 999 284 540330 4569050 616 540871 1902570 11 100 0 130 709 0 0 88 0 1.932 11.067 11.917 13 0.011 25 74 4 0 0 0 0 0 0 NIL 729 804 578 0 0 0 0 0 0 0 0 0 0 0 0 18741 0 0 </measResults>
            </measValue>
            <measValue measObjLdn="PRQG9207HUNB001/ULoCell:NodeB Function Name=PRQG9207HUNB001, Local Cell ID=10793, Cell Name=SUDONU3">
                <measResults>831939 122876 86505 700505 118000 8881 2925 1628 0 0 0 0 0 0 14469 13554 7471 7759 8338 12480 19234 17880 28929 32182 42153 42583 50006 55265 61548 83846 64694 85676 82074 122021 120483 114023 135538 138233 141127 170451 270845 175237 98152 45319 25262 13379 112573 1010757 0 0 0 0 0 0 0 0 0 390603 538307 1041483 1486447 6238585286 0 101829 9517 5218 11520 13061 15477 53172 20730 23052 25332 39396 44418 49115 30898 41623 49236 30595 23950 25634 19958 23178 32380 30802 43469 33672 39030 42526 39356 41029 32760 49023 0 0 0 0 0 0 0 0 0 0 0 0 0 0 0 0 0 0 0 0 0 0 0 0 0 0 0 0 0 0 0 0 0 0 0 0 6238109329 936248 42763 0 0 0 0 0 0 0 0 144 340 16 340 975 8 144 275 340 652 1000 520 1717876 7392435 36898 1717876 3303608 17 87 1 283 734 4 0 3 0 4.259 12.68 12.5 13.999 0.1 23 129 11 0 0 0 0 0 0 NIL 728 811 561 0 0 0 0 0 0 0 0 0 0 0 0 19267 0 0 </measResults>
            </measValue>
            <measValue measObjLdn="PRQG9207HUNB001/ULoCell:NodeB Function Name=PRQG9207HUNB001, Local Cell ID=50791, Cell Name=SUDONN4">
                <measResults>310800 39641 32816 268278 37659 2928 1263 672 0 0 0 0 0 0 4982 319 6448 390 419 548 1726 1203 2855 3818 7842 11900 18422 29800 42353 69071 67359 88191 110318 113574 145961 117307 134844 125388 122543 112772 162882 120625 95962 59442 23214 13435 11689 382297 0 0 0 0 0 0 0 0 0 131691 239902 383282 440709 1939129477 0 58396 7750 693 893 3084 2204 22621 3074 4087 5143 9532 9243 17778 14161 15269 15999 18293 16441 18536 20069 19443 19634 15805 16867 10167 8899 9936 3660 5310 3249 6951 0 0 0 0 0 0 0 0 0 0 0 0 0 0 0 0 0 0 0 0 0 0 0 0 0 0 0 0 0 0 0 0 0 0 0 0 1938769154 369803 14532 0 0 0 0 0 0 0 0 53 270 1 133 909 0 53 253 133 636 998 205 533995 5200067 53 535065 2604854 10 101 0 119 791 0 0 3 0 1.743 11.819 13.039 14 0.005 7 52 1 0 0 0 0 0 0 NIL 866 909 766 0 0 0 0 0 0 0 0 0 0 0 0 20428 0 0 </measResults>
            </measValue>
            <measValue measObjLdn="PRQG9207HUNB001/ULoCell:NodeB Function Name=PRQG9207HUNB001, Local Cell ID=50792, Cell Name=SUDONN5">
                <measResults>405680 66631 49733 336425 61480 4459 2078 1238 0 0 0 0 0 0 7616 978 1111 456 523 699 1088 1113 2120 3110 5924 9279 15891 25293 37459 58955 63067 88317 94002 108008 111995 112807 128630 120155 127873 110932 163725 151888 112627 41387 23843 18937 8193 522075 0 0 0 0 0 0 0 0 0 185845 328132 522170 641793 2628064393 0 54690 7935 1268 1307 3244 2289 25718 3581 6289 5924 12546 11487 22627 19966 28538 27253 27280 30625 34685 36472 33002 27766 20851 19722 13344 12508 13277 5446 5847 1938 4083 0 0 0 0 0 0 0 0 0 0 0 0 0 0 0 0 0 0 0 0 0 0 0 0 0 0 0 0 0 0 0 0 0 0 0 0 2627692469 492830 11828 0 0 0 0 0 0 0 0 72 275 1 197 981 0 72 255 197 698 999 273 723873 5256358 70 724598 2651549 14 131 0 176 814 0 0 81 0 2.593 12.758 13.157 14 0.004 6 62 2 0 0 0 0 0 0 NIL 871 908 790 0 0 0 0 0 0 0 0 0 0 0 0 19743 0 0 </measResults>
            </measValue>
            <measValue measObjLdn="PRQG9207HUNB001/ULoCell:NodeB Function Name=PRQG9207HUNB001, Local Cell ID=50793, Cell Name=SUDONN6">
                <measResults>721919 146085 77379 572725 133229 10617 3663 1685 0 0 0 0 0 0 11742 3941 5906 1528 1599 2635 4956 5686 11461 15322 27306 40193 61052 83669 97864 121555 118517 136087 132052 137731 133645 114688 115138 99099 111134 104958 198807 168032 145008 92641 63563 56186 66340 944435 0 0 0 0 0 0 0 0 0 241908 637348 945596 1397616 4585518442 0 78405 9873 5024 4273 9145 6908 35935 11990 16250 21471 35834 47329 65023 60208 62454 48397 52398 48757 47338 41898 37231 31956 20601 20952 13736 16899 17113 7392 14709 8193 47796 0 0 0 0 0 0 0 0 0 0 0 0 0 0 0 0 0 0 0 0 0 0 0 0 0 0 0 0 0 0 0 0 0 0 0 0 4585181458 862811 16309 0 0 0 0 0 0 0 0 131 330 5 342 988 2 131 272 342 709 1000 479 1262343 5686990 1656 1262343 2635372 29 119 1 312 818 1 0 4 0 4.338 12.555 12.678 13.715 0.021 8 95 6 0 0 0 0 0 0 NIL 825 892 686 0 0 0 0 0 0 0 0 0 0 0 0 19169 0 0 </measResults>
            </measValue>
            <measValue measObjLdn="PRQG9207HUNB001/ULoCell:NodeB Function Name=PRQG9207HUNB001, Local Cell ID=60791, Cell Name=SUDONN1">
                <measResults>413090 68259 65082 342862 61598 4712 2209 1709 0 0 0 0 0 0 10415 1556 5217 1339 1963 2673 6277 5867 11195 16315 28942 43441 66496 91139 109426 146117 117572 143551 129361 140733 129204 111558 118268 96903 101764 104243 125255 77613 31642 14701 9059 8543 16096 523181 0 0 0 0 0 0 0 0 0 225790 304621 546507 624210 2506717956 0 67249 7409 893 1797 7596 3660 37056 8271 6103 6079 12077 15958 19077 17706 25405 27597 29043 27662 33182 30143 29477 27103 21933 23821 14032 11447 11108 7110 5321 4835 6157 0 0 0 0 0 0 0 0 0 0 0 0 0 0 0 0 0 0 0 0 0 0 0 0 0 0 0 0 0 0 0 0 0 0 0 0 2506386303 515002 21602 0 0 0 0 0 0 0 0 75 331 1 190 987 0 75 261 190 654 999 286 690174 4077829 61 690865 2413196 14 89 0 158 825 0 0 3 0 2.317 12.666 12.184 13.302 0.004 11 78 4 0 0 0 0 0 0 NIL 844 898 713 0 0 0 0 0 0 0 0 0 0 0 0 17796 0 0 </measResults>
            </measValue>
            <measValue measObjLdn="PRQG9207HUNB001/ULoCell:NodeB Function Name=PRQG9207HUNB001, Local Cell ID=60792, Cell Name=SUDONN2">
                <measResults>217066 28067 133533 180060 28717 4923 2072 1294 0 0 0 0 0 0 31665 786 1042 1232 1102 1469 2520 3091 4995 6295 10128 13490 20924 31132 44069 64162 59284 77312 82738 96430 127132 104390 133306 103894 126634 110319 158420 156059 173844 59522 30187 20935 8626 353888 0 0 0 0 0 0 0 0 0 92133 277971 378730 411733 771052351 0 75851 17408 574 1522 7995 2592 34384 8443 6768 6532 11490 13691 14255 16966 28138 36977 14461 9093 8897 6413 5773 8925 7950 11877 5076 4358 2711 2042 2053 1951 3521 0 0 0 0 0 0 0 0 0 0 0 0 0 0 0 0 0 0 0 0 0 0 0 0 0 0 0 0 0 0 0 0 0 0 0 0 770764275 357661 27250 0 0 0 0 0 0 0 0 52 270 0 89 925 0 52 249 89 427 1000 198 211870 2652171 0 211870 1070051 12 112 0 80 724 0 0 6 0 1.109 11.096 12.329 13.426 0.002 14 72 4 0 0 0 0 0 0 NIL 860 903 790 0 0 0 0 0 0 0 0 0 0 0 0 20190 0 0 </measResults>
            </measValue>
            <measValue measObjLdn="PRQG9207HUNB001/ULoCell:NodeB Function Name=PRQG9207HUNB001, Local Cell ID=60793, Cell Name=SUDONN3">
                <measResults>725322 103229 58247 615820 98892 6972 2309 1329 0 0 0 0 0 0 7987 9810 5683 5658 8150 10805 20035 22119 38450 50279 71851 78788 86380 89559 85726 102273 92778 113866 121677 141578 181247 151523 190031 142929 180729 157366 247276 165379 108432 54146 28720 20593 101376 856062 0 0 0 0 0 0 0 0 0 304939 480574 886889 1187312 4904156687 0 94988 9329 1822 3570 10965 6447 58630 12853 15168 14348 27668 35210 48273 38259 49228 34918 40720 36241 38950 24725 20952 22862 17901 25967 20446 24605 27248 23143 24291 25733 51296 0 0 0 0 0 0 0 0 0 0 0 0 0 0 0 0 0 0 0 0 0 0 0 0 0 0 0 0 0 0 0 0 0 0 0 0 4903729177 800883 32499 0 0 0 0 0 0 0 0 123 327 4 292 996 7 123 273 292 650 1000 444 1350279 8913098 16069 1350279 3041169 23 134 0 249 841 3 0 9 0 3.508 12.944 11.991 13.492 0.084 17 116 10 0 0 0 0 0 0 NIL 816 885 709 0 0 0 0 0 0 0 0 0 0 0 0 18809 0 0 </measResults>
            </measValue>
        </measInfo>
        <measInfo measInfoId="50331650">
            <granPeriod duration="PT3600S" endTime="2021-08-19T12:00:00+08:00"/>
            <repPeriod duration="PT3600S"/>
            <measTypes>50332548 50332549 50332550 50332554 50342548 50342549 50342550 50342554 50342612 50342613 50342615 50342616 </measTypes>
            <measValue measObjLdn="PRQG9207HUNB001/ULoCell:NodeB Function Name=PRQG9207HUNB001, Local Cell ID=10791, Cell Name=SUDONU1">
                <measResults>0 0 19.962 11.115 0 0 36.5 22 0 0 0 0 </measResults>
            </measValue>
            <measValue measObjLdn="PRQG9207HUNB001/ULoCell:NodeB Function Name=PRQG9207HUNB001, Local Cell ID=10792, Cell Name=SUDONU2">
                <measResults>0 0 22.576 12.039 0 0 37 22 0 0 0 0 </measResults>
            </measValue>
            <measValue measObjLdn="PRQG9207HUNB001/ULoCell:NodeB Function Name=PRQG9207HUNB001, Local Cell ID=10793, Cell Name=SUDONU3">
                <measResults>0 0 29.986 10.679 0 0 52 22 0 0 0 0 </measResults>
            </measValue>
            <measValue measObjLdn="PRQG9207HUNB001/ULoCell:NodeB Function Name=PRQG9207HUNB001, Local Cell ID=50791, Cell Name=SUDONN4">
                <measResults>0 0 18.019 8.119 0 0 38.5 16 0 0 0 0 </measResults>
            </measValue>
            <measValue measObjLdn="PRQG9207HUNB001/ULoCell:NodeB Function Name=PRQG9207HUNB001, Local Cell ID=50792, Cell Name=SUDONN5">
                <measResults>0 0 14.221 6.221 0 0 29 14 0 0 0 0 </measResults>
            </measValue>
            <measValue measObjLdn="PRQG9207HUNB001/ULoCell:NodeB Function Name=PRQG9207HUNB001, Local Cell ID=50793, Cell Name=SUDONN6">
                <measResults>0 0 24.377 11.569 0 0 47.5 21 0 0 0 0 </measResults>
            </measValue>
            <measValue measObjLdn="PRQG9207HUNB001/ULoCell:NodeB Function Name=PRQG9207HUNB001, Local Cell ID=60791, Cell Name=SUDONN1">
                <measResults>0 0 24.549 12.564 0 0 39.5 22 0 0 0 0 </measResults>
            </measValue>
            <measValue measObjLdn="PRQG9207HUNB001/ULoCell:NodeB Function Name=PRQG9207HUNB001, Local Cell ID=60792, Cell Name=SUDONN2">
                <measResults>0 0 20.786 9.818 0 0 34 18 0 0 0 0 </measResults>
            </measValue>
            <measValue measObjLdn="PRQG9207HUNB001/ULoCell:NodeB Function Name=PRQG9207HUNB001, Local Cell ID=60793, Cell Name=SUDONN3">
                <measResults>0 0 29.717 14.408 0 0 52 29 0 0 0 0 </measResults>
            </measValue>
        </measInfo>
        <measInfo measInfoId="50331651">
            <granPeriod duration="PT3600S" endTime="2021-08-19T12:00:00+08:00"/>
            <repPeriod duration="PT3600S"/>
            <measTypes>50331850 50331851 50331852 50331853 50331854 50331855 50331856 50331857 50331858 50331859 50331860 50331861 50331862 50331863 50331864 50331865 50331866 50331867 50331868 50331869 50331870 50331871 50331872 50331873 50331874 50331875 50331876 50331877 50331878 50331879 50331885 50331886 50331887 50331888 50331889 50331892 50331903 50331904 50331908 50331925 50331926 50331927 50331928 50331929 50331930 50331931 50331957 50331958 50331959 50331961 50331962 50331963 50331964 50331965 50331966 50331967 50331971 50331972 50331973 50331974 50331987 50331988 50331989 50331990 50331991 50331992 50331993 50331995 50332378 50332379 50332380 50332385 50332386 50332387 50332498 50332499 50332500 50332501 50332503 50332507 50332623 50332638 50341849 50341850 50341851 50341852 50341853 50341854 50341855 50341856 50341857 50341858 50341859 50341864 50341865 50341866 50341868 50341869 50341870 50341871 50341872 50341873 50341874 50341875 50341876 50341877 50341878 50341879 50341880 50341881 50341882 50341883 50341884 50341885 50341886 50341887 50341888 50341889 50341890 50341891 50341892 50341893 50341894 50341895 50341896 50341897 50341898 50341980 50341981 50341982 50341983 50341984 50341985 50341986 50341994 50361698 50361699 50361701 </measTypes>
            <measValue measObjLdn="PRQG9207HUNB001/ULoCell:NodeB Function Name=PRQG9207HUNB001, Local Cell ID=10791, Cell Name=SUDONU1">
                <measResults>1790868 6432 1462 655 287 160 47 14 19 5 10 7 0 0 0 0 0 0 0 0 0 0 0 0 0 46 46 1379097 1799880 1453206 554377 192471 8837760 325645 103506 2 344 400 763894 0 0 0 0 0 0 0 0 19 13 0 0 0 0 0 0 0 16135 18062 8958 33220 7382 27818 78093 221396 106518 44757 5578 919393 216788 43730 189801 0.932 29410 194582 0 0 NIL NIL 0 0.88 0 0 116 1.667 5.8 0.035 0.136 7 0 0 0 30 0 114 102 0 NIL NIL 0.809 0.014 0.001 0 0 0 0 0 0 0 0 0 0 381868.719 5.146 0.319 0.125 0.067 0.063 0.008 0.003 0 0.707 0 0 31 NIL NIL 745 1691.16 7226.64 20584.15 58047.961 32724.283 14015.036 2520.512 121997.406 0 NIL 0 </measResults>
            </measValue>
            <measValue measObjLdn="PRQG9207HUNB001/ULoCell:NodeB Function Name=PRQG9207HUNB001, Local Cell ID=10792, Cell Name=SUDONU2">
                <measResults>0 0 0 0 16 222 3780 29061 170837 112301 233973 884957 343833 14839 2996 1853 712 212 115 84 49 30 22 15 7 97 666 928728 1800011 1524577 811622 177923 12616564 673458 153070 3 384 824 956174 1524616 1265949 1076640 9513 758 0 0 0 88 72 3153584 2621632 2244523 23378 1112 60 0 62895 50030 20763 164267 2459 5532 12392 74649 171777 155796 42535 1389977 275627 211669 221897 0.778 93648 195064 0 0 NIL NIL 0 0.64 0 0 58 1.752 5.449 0.049 0.186 13 0 0 0 62 0 203 140 0 NIL NIL 1.669 0.051 0.001 0 0 0 395772.875 323128.813 273471.719 4669.238 135.786 9.84 0 395772.875 6.562 0.286 0.086 0.035 0.04 0.008 0.002 0 1.369 0 1 55 NIL NIL 634 589.05 1418.898 3272.328 15464.826 32469.486 41987.535 20296.545 90375.586 0 NIL 0 </measResults>
            </measValue>
            <measValue measObjLdn="PRQG9207HUNB001/ULoCell:NodeB Function Name=PRQG9207HUNB001, Local Cell ID=10793, Cell Name=SUDONU3">
                <measResults>1767168 22403 5069 1390 478 360 376 341 736 932 554 68 8 4 1 1 5 1 0 2 3 2 2 2 0 104 116 1756224 1800010 1716913 1259099 169610 12759727 1147796 133813 5 297 415 1635447 887 21 0 0 0 0 0 0 153 117 973 67 0 0 0 0 0 19143 32503 30731 562676 4689 11053 21463 94913 237678 855407 189075 606644 2265646 526889 470834 1.126 714576 1585289 0 0 NIL NIL 0 0.914 0 0 104 2.234 4.833 0.129 0.32 3 0 0 0 64 0 169 137 0 NIL NIL 3.14 0.187 0.045 0.029 0.001 0 337.536 48.318 0 0 0 0 0 2384286 4.552 0.426 0.196 0.12 0.272 0.19 0.097 0.048 2.474 0 0 105 NIL NIL 244 1284.222 2902.38 6380.94 33297.383 163543.969 1221565.875 330274.469 296125.156 0 NIL 0 </measResults>
            </measValue>
            <measValue measObjLdn="PRQG9207HUNB001/ULoCell:NodeB Function Name=PRQG9207HUNB001, Local Cell ID=50791, Cell Name=SUDONN4">
                <measResults>1663410 45338 19513 14602 11132 7676 5916 4769 6565 3826 2489 1837 1389 1268 1129 1046 899 781 640 592 812 551 394 253 42 646 4809 2257671 1796951 1572308 999485 431664 9795683 595916 206205 14 414 614 814639 25376 7642 5530 2936 1900 350 0 11 117 57 71213 22850 16029 8448 5027 1081 0 23675 12232 16025 253053 2380 1665 5655 49061 125472 125565 58793 890774 360180 242744 161949 0.722 178692 194660 0 0 NIL NIL 0 0.552 0 0 160 2.369 8.503 0.061 0.186 8 0 0 0 80 0 185 157 2 NIL NIL 2.347 0.121 0.004 0.001 0 0 12673 2864.018 2090.618 1033.65 713.13 114.726 0 633533.75 4.792 0.27 0.108 0.055 0.079 0.014 0.003 0.001 1.639 0 0 33 NIL NIL 434 263.19 529.524 1872.084 14043.692 36976.48 59994.164 30586.998 90007.211 0 NIL 0 </measResults>
            </measValue>
            <measValue measObjLdn="PRQG9207HUNB001/ULoCell:NodeB Function Name=PRQG9207HUNB001, Local Cell ID=50792, Cell Name=SUDONN5">
                <measResults>286838 260067 256225 250920 219070 173276 129099 89309 72823 24624 12152 7670 5143 2957 1977 1547 1054 732 545 439 475 205 63 49 9 251 2866 1429394 1797519 1449189 926675 251150 10315975 571483 108551 10 509 498 851812 291560 17044 10052 1965 743 50 0 0 93 72 732293 41011 23704 5501 1856 120 0 16900 60095 17945 209194 139 743 2604 28154 119620 192943 60290 826020 327588 152420 191564 0.618 120750 218089 0 0 NIL NIL 0 0.47 0 0 105 1.796 7.242 0.048 0.138 8 0 0 0 88 0 142 110 1 NIL NIL 2.737 0.084 0.002 0 0 0 147209.547 7731.662 3989.988 742.236 258.81 12.348 0 503033.875 4.215 0.249 0.106 0.049 0.054 0.009 0.002 0 2.211 0 0 51 NIL NIL 561 39.702 190.512 989.604 8744.742 35488.027 59149.031 25884.725 101578.313 0 NIL 0 </measResults>
            </measValue>
            <measValue measObjLdn="PRQG9207HUNB001/ULoCell:NodeB Function Name=PRQG9207HUNB001, Local Cell ID=50793, Cell Name=SUDONN6">
                <measResults>1629315 58355 24462 16518 12837 9635 7244 5740 8770 6024 4471 3554 3026 2485 1773 1469 1077 735 565 439 547 206 94 45 10 620 3375 2336766 1800018 1673190 1645775 499398 16328175 978951 183890 18 514 747 1083969 32972 7347 4756 1576 539 40 0 9 84 65 99756 20035 12766 4043 1250 23 0 14264 20987 15860 530246 1716 3383 14211 81648 136334 171511 114858 991367 582255 406997 243158 0.982 317941 285206 0 0 NIL NIL 0 0.68 0 0 106 3.173 9.31 0.081 0.232 5 0 0 0 85 0 222 153 0 NIL NIL 4.2 0.181 0.005 0.003 0.001 0 21278.771 3615.51 2473.362 1029.552 220.896 14.316 0 948788.75 7.082 0.412 0.159 0.069 0.084 0.017 0.005 0.001 3.125 0 0 51 NIL NIL 353 705.372 1308.612 4656.334 32802.188 52601.871 75349.477 71640.633 115781.984 0 NIL 0 </measResults>
            </measValue>
            <measValue measObjLdn="PRQG9207HUNB001/ULoCell:NodeB Function Name=PRQG9207HUNB001, Local Cell ID=60791, Cell Name=SUDONN1">
                <measResults>295184 364469 314602 251480 168581 108035 79373 62254 71479 33072 18751 9945 6075 3293 1992 1638 1263 953 782 759 1015 724 513 420 125 740 6140 2571143 1797517 1673586 1200618 495498 10966835 676250 212431 12 524 575 1110705 255263 37383 18347 6326 4339 1606 145 2 78 53 664200 91330 43220 13582 9040 3142 20 36604 24797 19866 119078 3738 11996 21111 169217 291540 258819 62346 1652017 353738 113687 320393 1.344 74492 292678 0 0 NIL NIL 0 1.14 0 0 155 3.078 9.016 0.073 0.256 10 0 0 0 87 0 232 184 2 NIL NIL 1.497 0.103 0.002 0 0 0 93056.719 10669.064 4039.254 1051.572 736.278 170.172 0.762 587031.563 6.915 0.376 0.114 0.052 0.073 0.011 0.003 0 1.141 0 0 32 NIL NIL 683 793.086 2192.478 6009.396 45292.066 66619.391 64087.063 18572.525 180877.75 0 NIL 0 </measResults>
            </measValue>
            <measValue measObjLdn="PRQG9207HUNB001/ULoCell:NodeB Function Name=PRQG9207HUNB001, Local Cell ID=60792, Cell Name=SUDONN2">
                <measResults>0 0 0 0 0 0 0 0 0 0 0 0 0 153 2670 24585 124821 343807 571942 440408 238457 28665 6799 3630 751 13329 1671312 4073990 1800017 1738489 1881679 338535 14306918 1417339 183753 10 388 959 1149032 1738522 1738522 1738522 1738522 1738522 1644728 0 854 16 753 5590585 5590585 5590585 5590585 5590585 5336121 0 60181 97070 33842 835747 1196 5618 17663 162431 267300 376847 287205 1299442 184480 138344 323401 1.876 52977 146670 0 0 NIL NIL 0 1.192 0 0 204 3.106 8.028 0.097 0.682 17 19 0 0 90 0 468 128 999 NIL NIL 2.072 0.028 0.001 0 0 0 416193.781 416193.781 416193.781 416193.781 416193.781 386529.875 0 416193.781 8.605 0.238 0.032 0.014 0.03 0.003 0.001 0 1.473 0 428 4 NIL NIL 374 144.3 797.484 2458.584 16010.49 26024.316 43149.059 44134.832 75040.43 0 NIL 0 </measResults>
            </measValue>
            <measValue measObjLdn="PRQG9207HUNB001/ULoCell:NodeB Function Name=PRQG9207HUNB001, Local Cell ID=60793, Cell Name=SUDONN3">
                <measResults>1073460 212212 119233 86937 62294 46827 34621 25509 33563 25359 20119 15379 15318 11087 6317 3321 2083 1513 1145 890 896 349 162 113 29 1284 6579 3257928 1800020 1729407 1717704 554225 16192179 1103190 253894 18 521 609 1360637 153373 36199 19173 5074 2137 650 0 15 56 56 616053 144893 73343 20266 8292 1955 0 28398 130128 30289 365145 9908 33825 54218 118754 242567 285873 115330 1523028 635426 344691 408667 1.41 236913 423595 0 0 NIL NIL 0 1.162 0 0 142 3.728 9.28 0.1 0.696 9 0 0 0 83 0 278 195 0 NIL NIL 2.889 0.119 0.005 0.002 0.001 0 96549.875 17500.93 8079.826 1738.88 747.426 355.83 0 920196.375 8.776 0.511 0.174 0.082 0.096 0.021 0.005 0.001 2.077 0 1 43 NIL NIL 517 2590.97 8010.996 13750.672 33269.188 66551.977 96326.867 64663.953 185488.516 0 NIL 0 </measResults>
            </measValue>
        </measInfo>
        <measInfo measInfoId="50331653">
            <granPeriod duration="PT3600S" endTime="2021-08-19T12:00:00+08:00"/>
            <repPeriod duration="PT3600S"/>
            <measTypes>50331748 50331749 50331750 50331751 50331752 50331753 50361697 </measTypes>
            <measValue measObjLdn="PRQG9207HUNB001/ULoCell:NodeB Function Name=PRQG9207HUNB001, Local Cell ID=10791, Cell Name=SUDONU1">
                <measResults>0.06 0.047 0.06 0.036 0 0 0.048 </measResults>
            </measValue>
            <measValue measObjLdn="PRQG9207HUNB001/ULoCell:NodeB Function Name=PRQG9207HUNB001, Local Cell ID=10792, Cell Name=SUDONU2">
                <measResults>0.586 0.508 0.586 0.34 0 0 0.01 </measResults>
            </measValue>
            <measValue measObjLdn="PRQG9207HUNB001/ULoCell:NodeB Function Name=PRQG9207HUNB001, Local Cell ID=10793, Cell Name=SUDONU3">
                <measResults>1.638 1.528 1.638 1.308 0 0 0.099 </measResults>
            </measValue>
            <measValue measObjLdn="PRQG9207HUNB001/ULoCell:NodeB Function Name=PRQG9207HUNB001, Local Cell ID=50791, Cell Name=SUDONN4">
                <measResults>0.515 0.414 0.515 0.404 0 0 0.084 </measResults>
            </measValue>
            <measValue measObjLdn="PRQG9207HUNB001/ULoCell:NodeB Function Name=PRQG9207HUNB001, Local Cell ID=50792, Cell Name=SUDONN5">
                <measResults>0.411 0.344 0.411 0.324 0 0 0.061 </measResults>
            </measValue>
            <measValue measObjLdn="PRQG9207HUNB001/ULoCell:NodeB Function Name=PRQG9207HUNB001, Local Cell ID=50793, Cell Name=SUDONN6">
                <measResults>0.469 0.36 0.469 0.317 0 0 0.085 </measResults>
            </measValue>
            <measValue measObjLdn="PRQG9207HUNB001/ULoCell:NodeB Function Name=PRQG9207HUNB001, Local Cell ID=60791, Cell Name=SUDONN1">
                <measResults>0.368 0.311 0.368 0.285 0 0 0.23 </measResults>
            </measValue>
            <measValue measObjLdn="PRQG9207HUNB001/ULoCell:NodeB Function Name=PRQG9207HUNB001, Local Cell ID=60792, Cell Name=SUDONN2">
                <measResults>0.617 0.553 0.617 0.538 0 0 0.089 </measResults>
            </measValue>
            <measValue measObjLdn="PRQG9207HUNB001/ULoCell:NodeB Function Name=PRQG9207HUNB001, Local Cell ID=60793, Cell Name=SUDONN3">
                <measResults>0.474 0.393 0.474 0.367 0 0 0.257 </measResults>
            </measValue>
        </measInfo>
        <measInfo measInfoId="50331658">
            <granPeriod duration="PT3600S" endTime="2021-08-19T12:00:00+08:00"/>
            <repPeriod duration="PT3600S"/>
            <measTypes>50332250 50332251 50332410 50332411 </measTypes>
            <measValue measObjLdn="PRQG9207HUNB001/ULoCell:NodeB Function Name=PRQG9207HUNB001, Local Cell ID=10791, Cell Name=SUDONU1">
                <measResults>0 0 0 0 </measResults>
            </measValue>
            <measValue measObjLdn="PRQG9207HUNB001/ULoCell:NodeB Function Name=PRQG9207HUNB001, Local Cell ID=10792, Cell Name=SUDONU2">
                <measResults>0 0 0 0 </measResults>
            </measValue>
            <measValue measObjLdn="PRQG9207HUNB001/ULoCell:NodeB Function Name=PRQG9207HUNB001, Local Cell ID=10793, Cell Name=SUDONU3">
                <measResults>0 0 0 0 </measResults>
            </measValue>
            <measValue measObjLdn="PRQG9207HUNB001/ULoCell:NodeB Function Name=PRQG9207HUNB001, Local Cell ID=50791, Cell Name=SUDONN4">
                <measResults>0 0 0 0 </measResults>
            </measValue>
            <measValue measObjLdn="PRQG9207HUNB001/ULoCell:NodeB Function Name=PRQG9207HUNB001, Local Cell ID=50792, Cell Name=SUDONN5">
                <measResults>0 0 0 0 </measResults>
            </measValue>
            <measValue measObjLdn="PRQG9207HUNB001/ULoCell:NodeB Function Name=PRQG9207HUNB001, Local Cell ID=50793, Cell Name=SUDONN6">
                <measResults>0 0 0 0 </measResults>
            </measValue>
            <measValue measObjLdn="PRQG9207HUNB001/ULoCell:NodeB Function Name=PRQG9207HUNB001, Local Cell ID=60791, Cell Name=SUDONN1">
                <measResults>0 0 0 0 </measResults>
            </measValue>
            <measValue measObjLdn="PRQG9207HUNB001/ULoCell:NodeB Function Name=PRQG9207HUNB001, Local Cell ID=60792, Cell Name=SUDONN2">
                <measResults>0 0 0 0 </measResults>
            </measValue>
            <measValue measObjLdn="PRQG9207HUNB001/ULoCell:NodeB Function Name=PRQG9207HUNB001, Local Cell ID=60793, Cell Name=SUDONN3">
                <measResults>0 0 0 0 </measResults>
            </measValue>
        </measInfo>
        <measInfo measInfoId="50331660">
            <granPeriod duration="PT3600S" endTime="2021-08-19T12:00:00+08:00"/>
            <repPeriod duration="PT3600S"/>
            <measTypes>50361670 50361671 50361672 50361673 </measTypes>
            <measValue measObjLdn="PRQG9207HUNB001/ULoCell:NodeB Function Name=PRQG9207HUNB001, Local Cell ID=10791, Cell Name=SUDONU1">
                <measResults>0 0 0 0 </measResults>
            </measValue>
            <measValue measObjLdn="PRQG9207HUNB001/ULoCell:NodeB Function Name=PRQG9207HUNB001, Local Cell ID=10792, Cell Name=SUDONU2">
                <measResults>0 0 0 0 </measResults>
            </measValue>
            <measValue measObjLdn="PRQG9207HUNB001/ULoCell:NodeB Function Name=PRQG9207HUNB001, Local Cell ID=10793, Cell Name=SUDONU3">
                <measResults>0 0 0 0 </measResults>
            </measValue>
            <measValue measObjLdn="PRQG9207HUNB001/ULoCell:NodeB Function Name=PRQG9207HUNB001, Local Cell ID=50791, Cell Name=SUDONN4">
                <measResults>0 0 0 0 </measResults>
            </measValue>
            <measValue measObjLdn="PRQG9207HUNB001/ULoCell:NodeB Function Name=PRQG9207HUNB001, Local Cell ID=50792, Cell Name=SUDONN5">
                <measResults>0 0 0 0 </measResults>
            </measValue>
            <measValue measObjLdn="PRQG9207HUNB001/ULoCell:NodeB Function Name=PRQG9207HUNB001, Local Cell ID=50793, Cell Name=SUDONN6">
                <measResults>0 0 0 0 </measResults>
            </measValue>
            <measValue measObjLdn="PRQG9207HUNB001/ULoCell:NodeB Function Name=PRQG9207HUNB001, Local Cell ID=60791, Cell Name=SUDONN1">
                <measResults>0 0 0 0 </measResults>
            </measValue>
            <measValue measObjLdn="PRQG9207HUNB001/ULoCell:NodeB Function Name=PRQG9207HUNB001, Local Cell ID=60792, Cell Name=SUDONN2">
                <measResults>0 0 0 0 </measResults>
            </measValue>
            <measValue measObjLdn="PRQG9207HUNB001/ULoCell:NodeB Function Name=PRQG9207HUNB001, Local Cell ID=60793, Cell Name=SUDONN3">
                <measResults>0 0 0 0 </measResults>
            </measValue>
        </measInfo>
        <measInfo measInfoId="50331661">
            <granPeriod duration="PT3600S" endTime="2021-08-19T12:00:00+08:00"/>
            <repPeriod duration="PT3600S"/>
            <measTypes>50332048 50332049 50332050 50332051 </measTypes>
            <measValue measObjLdn="PRQG9207HUNB001/ULoCell:NodeB Function Name=PRQG9207HUNB001, Local Cell ID=10791, Cell Name=SUDONU1">
                <measResults>20904 0 163031 0 </measResults>
            </measValue>
            <measValue measObjLdn="PRQG9207HUNB001/ULoCell:NodeB Function Name=PRQG9207HUNB001, Local Cell ID=10792, Cell Name=SUDONU2">
                <measResults>29111 0 163988 0 </measResults>
            </measValue>
            <measValue measObjLdn="PRQG9207HUNB001/ULoCell:NodeB Function Name=PRQG9207HUNB001, Local Cell ID=10793, Cell Name=SUDONU3">
                <measResults>35215 0 163814 0 </measResults>
            </measValue>
            <measValue measObjLdn="PRQG9207HUNB001/ULoCell:NodeB Function Name=PRQG9207HUNB001, Local Cell ID=50791, Cell Name=SUDONN4">
                <measResults>51234 0 164028 0 </measResults>
            </measValue>
            <measValue measObjLdn="PRQG9207HUNB001/ULoCell:NodeB Function Name=PRQG9207HUNB001, Local Cell ID=50792, Cell Name=SUDONN5">
                <measResults>40040 0 163977 0 </measResults>
            </measValue>
            <measValue measObjLdn="PRQG9207HUNB001/ULoCell:NodeB Function Name=PRQG9207HUNB001, Local Cell ID=50793, Cell Name=SUDONN6">
                <measResults>44488 0 163736 0 </measResults>
            </measValue>
            <measValue measObjLdn="PRQG9207HUNB001/ULoCell:NodeB Function Name=PRQG9207HUNB001, Local Cell ID=60791, Cell Name=SUDONN1">
                <measResults>39452 0 163482 0 </measResults>
            </measValue>
            <measValue measObjLdn="PRQG9207HUNB001/ULoCell:NodeB Function Name=PRQG9207HUNB001, Local Cell ID=60792, Cell Name=SUDONN2">
                <measResults>38139 0 164650 0 </measResults>
            </measValue>
            <measValue measObjLdn="PRQG9207HUNB001/ULoCell:NodeB Function Name=PRQG9207HUNB001, Local Cell ID=60793, Cell Name=SUDONN3">
                <measResults>53414 0 164053 0 </measResults>
            </measValue>
        </measInfo>
        <measInfo measInfoId="50331662">
            <granPeriod duration="PT3600S" endTime="2021-08-19T12:00:00+08:00"/>
            <repPeriod duration="PT3600S"/>
            <measTypes>50332052 50332053 50332054 50332070 50332505 </measTypes>
            <measValue measObjLdn="PRQG9207HUNB001/ULoCell:NodeB Function Name=PRQG9207HUNB001, Local Cell ID=10791, Cell Name=SUDONU1">
                <measResults>0 86 872425 0 0 </measResults>
            </measValue>
            <measValue measObjLdn="PRQG9207HUNB001/ULoCell:NodeB Function Name=PRQG9207HUNB001, Local Cell ID=10792, Cell Name=SUDONU2">
                <measResults>167 139 939825 0 0 </measResults>
            </measValue>
            <measValue measObjLdn="PRQG9207HUNB001/ULoCell:NodeB Function Name=PRQG9207HUNB001, Local Cell ID=10793, Cell Name=SUDONU3">
                <measResults>0 133 675372 0 0 </measResults>
            </measValue>
            <measValue measObjLdn="PRQG9207HUNB001/ULoCell:NodeB Function Name=PRQG9207HUNB001, Local Cell ID=50791, Cell Name=SUDONN4">
                <measResults>20 139 290701 0 0 </measResults>
            </measValue>
            <measValue measObjLdn="PRQG9207HUNB001/ULoCell:NodeB Function Name=PRQG9207HUNB001, Local Cell ID=50792, Cell Name=SUDONN5">
                <measResults>25 67 267447 0 0 </measResults>
            </measValue>
            <measValue measObjLdn="PRQG9207HUNB001/ULoCell:NodeB Function Name=PRQG9207HUNB001, Local Cell ID=50793, Cell Name=SUDONN6">
                <measResults>2 147 403200 0 0 </measResults>
            </measValue>
            <measValue measObjLdn="PRQG9207HUNB001/ULoCell:NodeB Function Name=PRQG9207HUNB001, Local Cell ID=60791, Cell Name=SUDONN1">
                <measResults>130 173 775422 0 0 </measResults>
            </measValue>
            <measValue measObjLdn="PRQG9207HUNB001/ULoCell:NodeB Function Name=PRQG9207HUNB001, Local Cell ID=60792, Cell Name=SUDONN2">
                <measResults>0 159 759334 0 0 </measResults>
            </measValue>
            <measValue measObjLdn="PRQG9207HUNB001/ULoCell:NodeB Function Name=PRQG9207HUNB001, Local Cell ID=60793, Cell Name=SUDONN3">
                <measResults>0 173 730110 0 0 </measResults>
            </measValue>
        </measInfo>
        <measInfo measInfoId="50331663">
            <granPeriod duration="PT3600S" endTime="2021-08-19T12:00:00+08:00"/>
            <repPeriod duration="PT3600S"/>
            <measTypes>50331917 50332061 50332064 50332065 50332069 50332071 50332072 50332073 50332074 50332079 50332258 50332388 50332389 50332504 50332626 50332632 50332639 50332640 50332641 50332645 50342048 50342049 50342050 50342051 50361705 50361706 50361725 50361726 50361735 50361740 50361743 50361744 50361747 50361749 50361751 50361753 50361755 50361757 50361759 50361761 50361763 50361765 50361767 50361769 50361771 50361773 50361775 50361777 50361779 50361781 50361783 50361785 50361787 50361789 50361791 50361793 50361795 </measTypes>
            <measValue measObjLdn="PRQG9207HUNB001/ULoCell:NodeB Function Name=PRQG9207HUNB001, Local Cell ID=10791, Cell Name=SUDONU1">
                <measResults>980.501 1 255 0 0 0 0 0 0 0 4.146 0 2.113 225 0 0 3600 0 NIL 0 10 77.683 0 0 0 0 0 NIL NIL NIL NIL NIL NIL NIL NIL NIL NIL NIL NIL NIL NIL NIL NIL NIL NIL NIL NIL NIL NIL NIL NIL NIL NIL NIL NIL NIL NIL </measResults>
            </measValue>
            <measValue measObjLdn="PRQG9207HUNB001/ULoCell:NodeB Function Name=PRQG9207HUNB001, Local Cell ID=10792, Cell Name=SUDONU2">
                <measResults>915.887 0 255 0 0 0 0 0 0 0 3.694 0 2.426 1000 0 0 3600 0 NIL 0 6 82.819 0 0 0 0 0 NIL NIL NIL NIL NIL NIL NIL NIL NIL NIL NIL NIL NIL NIL NIL NIL NIL NIL NIL NIL NIL NIL NIL NIL NIL NIL NIL NIL NIL NIL </measResults>
            </measValue>
            <measValue measObjLdn="PRQG9207HUNB001/ULoCell:NodeB Function Name=PRQG9207HUNB001, Local Cell ID=10793, Cell Name=SUDONU3">
                <measResults>993.021 2 256 0 0 0 0 0 0 0 2.929 0 3.291 0 0 0 3600 0 NIL 0 19 111.989 0 0 0 0 0 NIL NIL NIL NIL NIL NIL NIL NIL NIL NIL NIL NIL NIL NIL NIL NIL NIL NIL NIL NIL NIL NIL NIL NIL NIL NIL NIL NIL NIL NIL </measResults>
            </measValue>
            <measValue measObjLdn="PRQG9207HUNB001/ULoCell:NodeB Function Name=PRQG9207HUNB001, Local Cell ID=50791, Cell Name=SUDONN4">
                <measResults>997.1 5 256 0 0 0 0 0 0 0 1.229 0 2.342 0 0 0 3600 0 NIL 0 46 63.365 0 0 0 0 0 NIL NIL NIL NIL NIL NIL NIL NIL NIL NIL NIL NIL NIL NIL NIL NIL NIL NIL NIL NIL NIL NIL NIL NIL NIL NIL NIL NIL NIL NIL </measResults>
            </measValue>
            <measValue measObjLdn="PRQG9207HUNB001/ULoCell:NodeB Function Name=PRQG9207HUNB001, Local Cell ID=50792, Cell Name=SUDONN5">
                <measResults>964.946 2 256 0 0 0 0 0 0 0 1.292 0 2.267 975 0 0 3600 0 NIL 0 18 76.07 0 0 0 0 0 NIL NIL NIL NIL NIL NIL NIL NIL NIL NIL NIL NIL NIL NIL NIL NIL NIL NIL NIL NIL NIL NIL NIL NIL NIL NIL NIL NIL NIL NIL </measResults>
            </measValue>
            <measValue measObjLdn="PRQG9207HUNB001/ULoCell:NodeB Function Name=PRQG9207HUNB001, Local Cell ID=50793, Cell Name=SUDONN6">
                <measResults>999.666 6 256 0 0 0 0 0 0 0 1.476 0 3.395 0 0 0 3600 0 NIL 0 57 109.626 0 0 0 0 0 NIL NIL NIL NIL NIL NIL NIL NIL NIL NIL NIL NIL NIL NIL NIL NIL NIL NIL NIL NIL NIL NIL NIL NIL NIL NIL NIL NIL NIL NIL </measResults>
            </measValue>
            <measValue measObjLdn="PRQG9207HUNB001/ULoCell:NodeB Function Name=PRQG9207HUNB001, Local Cell ID=60791, Cell Name=SUDONN1">
                <measResults>988.806 6 255 0 0 0 0 0 0 0 3.192 0 3.047 8.333 0 0 0 0 NIL 0 16 85.317 0 0 0 0 0 NIL NIL NIL NIL NIL NIL NIL NIL NIL NIL NIL NIL NIL NIL NIL NIL NIL NIL NIL NIL NIL NIL NIL NIL NIL NIL NIL NIL NIL NIL </measResults>
            </measValue>
            <measValue measObjLdn="PRQG9207HUNB001/ULoCell:NodeB Function Name=PRQG9207HUNB001, Local Cell ID=60792, Cell Name=SUDONN2">
                <measResults>889.602 2 256 0 0 0 0 0 0 0 3.579 0 3.609 1000 0 0 0 0 NIL 0 12 61.535 0 0 0 0 0 NIL NIL NIL NIL NIL NIL NIL NIL NIL NIL NIL NIL NIL NIL NIL NIL NIL NIL NIL NIL NIL NIL NIL NIL NIL NIL NIL NIL NIL NIL </measResults>
            </measValue>
            <measValue measObjLdn="PRQG9207HUNB001/ULoCell:NodeB Function Name=PRQG9207HUNB001, Local Cell ID=60793, Cell Name=SUDONN3">
                <measResults>996.756 8 256 0 0 0 0 0 0 0 2.79 0 4.098 0 0 0 0 0 NIL 0 27 103.105 0 0 0 0 0 NIL NIL NIL NIL NIL NIL NIL NIL NIL NIL NIL NIL NIL NIL NIL NIL NIL NIL NIL NIL NIL NIL NIL NIL NIL NIL NIL NIL NIL NIL </measResults>
            </measValue>
        </measInfo>
        <measInfo measInfoId="50331665">
            <granPeriod duration="PT3600S" endTime="2021-08-19T12:00:00+08:00"/>
            <repPeriod duration="PT3600S"/>
            <measTypes>50331740 50331741 50331742 50331743 50331744 50331909 50331910 50331911 50331912 50331913 50332381 50332382 50332576 50332577 </measTypes>
            <measValue measObjLdn="PRQG9207HUNB001/ULoCell:NodeB Function Name=PRQG9207HUNB001, Local Cell ID=10791, Cell Name=SUDONU1">
                <measResults>0 0 0 0 0 0 0 0 0 0 0 0 0 0 </measResults>
            </measValue>
            <measValue measObjLdn="PRQG9207HUNB001/ULoCell:NodeB Function Name=PRQG9207HUNB001, Local Cell ID=10792, Cell Name=SUDONU2">
                <measResults>0 0 0 0 0 0 0 0 0 0 0 0 0 0 </measResults>
            </measValue>
            <measValue measObjLdn="PRQG9207HUNB001/ULoCell:NodeB Function Name=PRQG9207HUNB001, Local Cell ID=10793, Cell Name=SUDONU3">
                <measResults>0 0 0 0 0 0 0 0 0 0 0 0 0 0 </measResults>
            </measValue>
            <measValue measObjLdn="PRQG9207HUNB001/ULoCell:NodeB Function Name=PRQG9207HUNB001, Local Cell ID=50791, Cell Name=SUDONN4">
                <measResults>0 0 0 0 0 0 0 0 0 0 0 0 0 0 </measResults>
            </measValue>
            <measValue measObjLdn="PRQG9207HUNB001/ULoCell:NodeB Function Name=PRQG9207HUNB001, Local Cell ID=50792, Cell Name=SUDONN5">
                <measResults>0 0 0 0 0 0 0 0 0 0 0 0 0 0 </measResults>
            </measValue>
            <measValue measObjLdn="PRQG9207HUNB001/ULoCell:NodeB Function Name=PRQG9207HUNB001, Local Cell ID=50793, Cell Name=SUDONN6">
                <measResults>0 0 0 0 0 0 0 0 0 0 0 0 0 0 </measResults>
            </measValue>
            <measValue measObjLdn="PRQG9207HUNB001/ULoCell:NodeB Function Name=PRQG9207HUNB001, Local Cell ID=60791, Cell Name=SUDONN1">
                <measResults>0 0 0 0 0 0 0 0 0 0 0 0 0 0 </measResults>
            </measValue>
            <measValue measObjLdn="PRQG9207HUNB001/ULoCell:NodeB Function Name=PRQG9207HUNB001, Local Cell ID=60792, Cell Name=SUDONN2">
                <measResults>0 0 0 0 0 0 0 0 0 0 0 0 0 0 </measResults>
            </measValue>
            <measValue measObjLdn="PRQG9207HUNB001/ULoCell:NodeB Function Name=PRQG9207HUNB001, Local Cell ID=60793, Cell Name=SUDONN3">
                <measResults>0 0 0 0 0 0 0 0 0 0 0 0 0 0 </measResults>
            </measValue>
        </measInfo>
        <measInfo measInfoId="50331673">
            <granPeriod duration="PT3600S" endTime="2021-08-19T12:00:00+08:00"/>
            <repPeriod duration="PT3600S"/>
            <measTypes>50332055 50332056 50332057 50332058 50332059 50332060 50332278 50332279 50332280 50332281 50332282 50332283 50332284 50332285 50332286 50361648 50361649 50361650 50361651 </measTypes>
            <measValue measObjLdn="PRQG9207HUNB001/ULoCell:NodeB Function Name=PRQG9207HUNB001, Local Cell ID=10791, Cell Name=SUDONU1">
                <measResults>54 45 15 0 0 0 16 16 2 8 1 0 0 14 2 0 0 0 0 </measResults>
            </measValue>
            <measValue measObjLdn="PRQG9207HUNB001/ULoCell:NodeB Function Name=PRQG9207HUNB001, Local Cell ID=10792, Cell Name=SUDONU2">
                <measResults>47 26 19 0 0 0 13 13 1 4 2 0 0 5 5 0 0 0 0 </measResults>
            </measValue>
            <measValue measObjLdn="PRQG9207HUNB001/ULoCell:NodeB Function Name=PRQG9207HUNB001, Local Cell ID=10793, Cell Name=SUDONU3">
                <measResults>49 27 14 0 0 0 11 11 5 13 9 1 1 59 28 0 0 0 0 </measResults>
            </measValue>
            <measValue measObjLdn="PRQG9207HUNB001/ULoCell:NodeB Function Name=PRQG9207HUNB001, Local Cell ID=50791, Cell Name=SUDONN4">
                <measResults>25 11 1 0 0 0 9 8 8 23 31 3 6 30 32 0 0 0 0 </measResults>
            </measValue>
            <measValue measObjLdn="PRQG9207HUNB001/ULoCell:NodeB Function Name=PRQG9207HUNB001, Local Cell ID=50792, Cell Name=SUDONN5">
                <measResults>27 7 1 0 0 0 6 6 7 15 15 1 1 20 11 0 0 0 0 </measResults>
            </measValue>
            <measValue measObjLdn="PRQG9207HUNB001/ULoCell:NodeB Function Name=PRQG9207HUNB001, Local Cell ID=50793, Cell Name=SUDONN6">
                <measResults>60 15 4 0 0 0 12 10 13 28 31 3 6 35 44 0 0 0 0 </measResults>
            </measValue>
            <measValue measObjLdn="PRQG9207HUNB001/ULoCell:NodeB Function Name=PRQG9207HUNB001, Local Cell ID=60791, Cell Name=SUDONN1">
                <measResults>31 20 11 0 0 0 29 26 11 29 12 4 4 35 15 0 0 0 0 </measResults>
            </measValue>
            <measValue measObjLdn="PRQG9207HUNB001/ULoCell:NodeB Function Name=PRQG9207HUNB001, Local Cell ID=60792, Cell Name=SUDONN2">
                <measResults>26 14 5 0 0 0 15 10 5 9 8 1 6 8 4 0 0 0 0 </measResults>
            </measValue>
            <measValue measObjLdn="PRQG9207HUNB001/ULoCell:NodeB Function Name=PRQG9207HUNB001, Local Cell ID=60793, Cell Name=SUDONN3">
                <measResults>53 19 13 0 0 0 28 29 15 38 25 5 5 47 24 0 0 0 0 </measResults>
            </measValue>
        </measInfo>
        <measInfo measInfoId="50331674">
            <granPeriod duration="PT3600S" endTime="2021-08-19T12:00:00+08:00"/>
            <repPeriod duration="PT3600S"/>
            <measTypes>50332161 50332162 50332163 50332164 50332165 50341718 50341719 50341720 50341721 </measTypes>
            <measValue measObjLdn="PRQG9207HUNB001/ULoCell:NodeB Function Name=PRQG9207HUNB001, Local Cell ID=10791, Cell Name=SUDONU1">
                <measResults>0 0 0 0 0 0 0 0 0 </measResults>
            </measValue>
            <measValue measObjLdn="PRQG9207HUNB001/ULoCell:NodeB Function Name=PRQG9207HUNB001, Local Cell ID=10792, Cell Name=SUDONU2">
                <measResults>0 0 0 0 0 0 0 0 0 </measResults>
            </measValue>
            <measValue measObjLdn="PRQG9207HUNB001/ULoCell:NodeB Function Name=PRQG9207HUNB001, Local Cell ID=10793, Cell Name=SUDONU3">
                <measResults>0 0 0 0 0 0 0 0 0 </measResults>
            </measValue>
            <measValue measObjLdn="PRQG9207HUNB001/ULoCell:NodeB Function Name=PRQG9207HUNB001, Local Cell ID=50791, Cell Name=SUDONN4">
                <measResults>0 0 0 0 0 0 0 0 0 </measResults>
            </measValue>
            <measValue measObjLdn="PRQG9207HUNB001/ULoCell:NodeB Function Name=PRQG9207HUNB001, Local Cell ID=50792, Cell Name=SUDONN5">
                <measResults>0 0 0 0 0 0 0 0 0 </measResults>
            </measValue>
            <measValue measObjLdn="PRQG9207HUNB001/ULoCell:NodeB Function Name=PRQG9207HUNB001, Local Cell ID=50793, Cell Name=SUDONN6">
                <measResults>0 0 0 0 0 0 0 0 0 </measResults>
            </measValue>
            <measValue measObjLdn="PRQG9207HUNB001/ULoCell:NodeB Function Name=PRQG9207HUNB001, Local Cell ID=60791, Cell Name=SUDONN1">
                <measResults>0 0 0 0 0 0 0 0 0 </measResults>
            </measValue>
            <measValue measObjLdn="PRQG9207HUNB001/ULoCell:NodeB Function Name=PRQG9207HUNB001, Local Cell ID=60792, Cell Name=SUDONN2">
                <measResults>0 0 0 0 0 0 0 0 0 </measResults>
            </measValue>
            <measValue measObjLdn="PRQG9207HUNB001/ULoCell:NodeB Function Name=PRQG9207HUNB001, Local Cell ID=60793, Cell Name=SUDONN3">
                <measResults>0 0 0 0 0 0 0 0 0 </measResults>
            </measValue>
        </measInfo>
        <measInfo measInfoId="50331676">
            <granPeriod duration="PT3600S" endTime="2021-08-19T12:00:00+08:00"/>
            <repPeriod duration="PT3600S"/>
            <measTypes>50331747 50332175 50332176 50332177 50332178 50332179 50332180 50332181 50332182 50332183 50332184 50332185 50332186 50332187 50332188 50332189 50332190 50332192 50332193 50332194 50332195 50332196 50332197 50332198 50332199 50332200 50332201 50332202 50332203 50332204 50332205 50332206 50332207 50332208 50332209 50332210 50332211 50332212 50332213 50332214 50332219 50332232 50332233 50332234 50332235 50332236 50332237 50332238 50332245 50332246 50332648 50332649 50332650 50332651 50332652 50332653 50332654 50332655 50332656 50332657 50332658 50332670 50332848 50332849 50332850 50332853 50332854 50332855 50332856 50332865 50332866 50332867 50332868 50332869 50332870 50332871 50332872 50332873 50332874 50332875 50332876 50332877 50332878 50332879 50332880 50332881 50332882 50332883 50332884 50332885 50332886 50332887 50332888 50332889 50332890 50332891 50332892 50332894 50332895 50332896 50332897 50332898 50332899 50332900 50332901 50332902 50332903 50332904 50332905 50332906 50332907 50332908 50332909 50332910 50332943 50332944 50332945 50332946 50332947 50332948 50332949 50332950 50332951 50332952 50332953 50332954 50332955 50332956 50332957 50332958 50332959 50332960 50332961 50332962 50332963 50332964 50332965 50332966 50332967 50332968 50332969 50332970 50332971 50332972 50332973 50332974 50332985 50332986 50332987 50332990 50341723 50341741 50341742 50341743 50341748 50341749 50341750 50341751 50341752 50341753 50341754 50341755 50341756 50341757 50341758 50341759 </measTypes>
            <measValue measObjLdn="PRQG9207HUNB001/ULoCell:NodeB Function Name=PRQG9207HUNB001, Local Cell ID=10791, Cell Name=SUDONU1">
                <measResults>1222026464 1294845 100500 37911 30415 23711 29222 6775 36955 5994 41701 12473 65701 77781 35919 97 0 0 1121602657 18141 0 15116 0 0 0 0 9 32251 76436 2725 496 877 457 271 138 162 53 5 4 0 25229704 1184548501 656088 1683672020 678345 247056 108222 32062 738159704 471973 198210 76942 143194 44912 16525 6846 4531 963 5 0 0 216976 0 0 0 256186 6 14 73419 0 0 0 0 0 0 0 0 0 2347 0 0 250164365 586050651 233871416 99714001 287765 276250 67819 24129 0 0 0 0 1767398 5400 3671 0 0 0 0 0 0 0 0 0 0 0 0 0 0 0 0 0 0 0 0 0 0 0 0 0 0 0 0 0 0 0 0 0 0 NIL NIL NIL NIL NIL NIL NIL NIL NIL NIL NIL NIL NIL NIL NIL NIL 0 0 0 540572 3.836 NIL 0 0 80930.727 115290.336 414402.75 216451.563 113312.031 60885.844 55867.305 15163.888 102.632 0 0 876186 </measResults>
            </measValue>
            <measValue measObjLdn="PRQG9207HUNB001/ULoCell:NodeB Function Name=PRQG9207HUNB001, Local Cell ID=10792, Cell Name=SUDONU2">
                <measResults>2101747972 1321029 113777 27254 14512 9927 13384 17733 26091 8743 24457 25997 65463 111958 19675 0 0 0 1889278466 41777 0 8827 0 0 0 0 21 44395 76491 3342 266 435 395 320 266 494 410 54 5 1 770063792 1961362399 655292 2906268916 344277 537936 451545 113024 161521508 259540 160075 46329 55130 30252 20024 17759 24628 39584 4757 5 0 192139 0 0 0 108105 4 55 118954 0 0 0 0 0 0 0 0 0 79 0 0 69843306 243049561 385105305 785104651 133353 273407 113521 109156 0 0 0 0 3485921 21197 8793 0 0 0 0 0 0 0 0 0 0 0 0 0 0 0 0 0 0 0 0 0 0 0 0 0 0 0 0 0 0 0 0 0 0 NIL NIL NIL NIL NIL NIL NIL NIL NIL NIL NIL NIL NIL NIL NIL NIL 0 0 0 473555 5.611 NIL 0 0 40342.449 69342.266 159266.344 151178.219 138942.719 157682.953 293802.156 652729.5 102312.047 156.944 0 1656070.875 </measResults>
            </measValue>
            <measValue measObjLdn="PRQG9207HUNB001/ULoCell:NodeB Function Name=PRQG9207HUNB001, Local Cell ID=10793, Cell Name=SUDONU3">
                <measResults>6232207384 899670 138181 50408 34659 33311 38033 12445 37443 13128 32984 16242 50521 218116 223044 1815 0 0 6094884721 62976 0 14829 0 0 0 0 268 179556 256652 5188 741 1150 1052 970 898 1616 1789 517 77 13 1805194792 6238585286 1486252 7636532563 518029 477847 832226 350509 454661246 405557 349201 123040 145011 112206 94595 75827 107528 74421 4758 75 0 614421 0 0 0 224679 9 16 142642 0 0 0 0 0 0 0 0 0 486 0 0 246215771 574854900 1072446788 3270686988 405893 264222 244811 447678 0 0 0 0 4310563 12871 7053 0 0 0 0 0 0 0 0 0 0 0 0 0 0 0 0 0 0 0 0 0 0 0 0 0 0 0 0 0 0 0 0 0 0 NIL NIL NIL NIL NIL NIL NIL NIL NIL NIL NIL NIL NIL NIL NIL NIL 0 0 0 1296153 6.962 NIL 0 0 127736.227 179508.563 429166.031 557111.5 658431.938 675679.25 1265667.375 1213372.125 103109.555 2402.736 0 4904940.5 </measResults>
            </measValue>
            <measValue measObjLdn="PRQG9207HUNB001/ULoCell:NodeB Function Name=PRQG9207HUNB001, Local Cell ID=50791, Cell Name=SUDONN4">
                <measResults>1940329692 1437312 85906 11819 8962 6535 7695 2547 12120 3089 15239 3653 15275 9137 169681 11030 0 0 1941544464 9701 0 6962 0 0 0 0 2 27305 39933 1749 206 404 376 412 503 598 355 96 13 2 193159728 1939129477 440651 2384586204 258401 560435 653926 312326 399988613 127048 48283 19321 55918 51938 34749 29772 30396 17127 3134 13 0 223047 0 0 0 73868 1 4 87214 0 0 0 0 0 0 0 0 0 0 0 0 22798355 247219055 577306490 741506006 40032 114111 126966 118402 0 0 0 0 3147550 9385 5332 0 0 0 0 0 0 0 0 0 0 0 0 0 0 0 0 0 0 0 0 0 0 0 0 0 0 0 0 0 0 0 0 0 0 NIL NIL NIL NIL NIL NIL NIL NIL NIL NIL NIL NIL NIL NIL NIL NIL 0 0 0 335334 5.361 NIL 0 0 9269.601 30162.943 164628.469 255136.188 240274.5 265800.844 357066.375 286427.188 67547.648 411.68 0 1637292.875 </measResults>
            </measValue>
            <measValue measObjLdn="PRQG9207HUNB001/ULoCell:NodeB Function Name=PRQG9207HUNB001, Local Cell ID=50792, Cell Name=SUDONN5">
                <measResults>2630017440 1311189 81366 13833 9836 8443 10266 4184 14596 5203 22720 6688 27214 21177 236781 26504 0 0 2631338680 12480 0 4426 0 0 0 0 12 67351 93503 1996 254 717 607 587 508 567 348 45 7 3 109214456 2628064393 641722 3308906875 226489 514963 651295 348682 566913568 190731 77542 39199 125455 81912 69772 35052 32092 15124 228 3 0 359638 0 0 0 103033 4 2 88063 0 0 0 0 0 0 0 0 0 0 0 0 23722681 360906494 976981197 1013399773 55081 172375 226103 161873 0 0 0 0 3329208 21684 6109 0 0 0 0 0 0 0 0 0 0 0 0 0 0 0 0 0 0 0 0 0 0 0 0 0 0 0 0 0 0 0 0 0 0 NIL NIL NIL NIL NIL NIL NIL NIL NIL NIL NIL NIL NIL NIL NIL NIL 0 0 0 537126 5.026 NIL 0 0 20516.959 60072.352 371969.375 401038.438 484661.344 312700.469 374795.531 241648.484 4957.648 102.424 0 2191873.75 </measResults>
            </measValue>
            <measValue measObjLdn="PRQG9207HUNB001/ULoCell:NodeB Function Name=PRQG9207HUNB001, Local Cell ID=50793, Cell Name=SUDONN6">
                <measResults>4586599128 947725 97232 26158 24702 26227 40052 11662 53946 11786 54727 16134 63978 155873 268290 1508 0 0 4584374224 11970 0 15657 0 0 0 0 125 185280 293327 4743 1064 1537 884 584 446 686 642 245 16 8 1232553264 4585518442 1397412 5913262908 602176 653556 629109 525430 1189454408 631956 287029 229688 290332 115323 50302 27753 43352 43199 14685 18 0 584964 0 0 0 300450 21 5 99142 0 0 0 0 0 0 0 0 0 3416 0 0 87028255 746744152 1092417699 1012092944 176070 497112 357023 205903 0 0 0 0 2821536 7866 4641 0 0 0 0 0 0 0 0 0 0 0 0 0 0 0 0 0 0 0 0 0 0 0 0 0 0 0 0 0 0 0 0 0 0 NIL NIL NIL NIL NIL NIL NIL NIL NIL NIL NIL NIL NIL NIL NIL NIL 0 0 0 1275340 6.693 NIL 0 0 120328.359 342364.813 822696.688 556058.938 344963.594 247229.891 518784.313 727646 330416.25 569.312 0 3548365 </measResults>
            </measValue>
            <measValue measObjLdn="PRQG9207HUNB001/ULoCell:NodeB Function Name=PRQG9207HUNB001, Local Cell ID=60791, Cell Name=SUDONN1">
                <measResults>2519354592 1298282 112111 21726 12877 8982 10190 4383 11617 5532 16015 8933 41126 175979 71653 594 0 0 2418965958 8766 0 9637 0 0 0 0 19 38304 52453 2411 304 661 675 609 425 748 573 85 8 3 217581632 2506717956 624128 3197315799 607052 595301 518722 128214 361378034 164281 44688 28852 78171 88059 54573 32376 36308 18778 802 3 0 309070 0 0 0 96149 3 7 116541 0 0 0 0 0 0 0 0 0 5168 0 0 114875022 692360222 952481714 634598901 90594 211856 194128 108388 0 0 0 0 3451994 10966 6508 0 0 0 0 0 0 0 0 0 0 0 0 0 0 0 0 0 0 0 0 0 0 0 0 0 0 0 0 0 0 0 0 0 0 NIL NIL NIL NIL NIL NIL NIL NIL NIL NIL NIL NIL NIL NIL NIL NIL 0 0 0 474835 5.945 NIL 0 0 11519.985 45295.266 239292.938 436966.25 378045.531 291035.063 423488.969 293013.969 17901.92 92.288 0 2079836.875 </measResults>
            </measValue>
            <measValue measObjLdn="PRQG9207HUNB001/ULoCell:NodeB Function Name=PRQG9207HUNB001, Local Cell ID=60792, Cell Name=SUDONN2">
                <measResults>855775052 1450003 134539 24040 12957 8674 13773 8997 14242 5825 13814 12658 15562 55801 29071 44 0 0 743446184 22758 0 4958 0 0 0 0 8 10836 22129 2479 191 339 349 309 268 517 349 95 8 0 95529552 771052351 411682 1334868219 254302 460736 610851 427791 186632642 191891 61185 23761 28746 24010 11499 6420 7823 3941 606 6 0 83051 0 0 0 57125 0 17 139847 0 0 0 0 0 0 0 0 0 8958 0 0 46871219 183980649 213181152 211694327 69998 159766 82848 76322 0 0 0 0 5541781 26639 12982 0 0 0 0 0 0 0 0 0 0 0 0 0 0 0 0 0 0 0 0 0 0 0 0 0 0 0 0 0 0 0 0 0 0 NIL NIL NIL NIL NIL NIL NIL NIL NIL NIL NIL NIL NIL NIL NIL NIL 0 0 0 232696 6.148 NIL 0 0 16163.959 34174.836 86552.648 114301.469 78729.883 57537.813 92037.133 63570.941 12908.581 191.912 0 505830.375 </measResults>
            </measValue>
            <measValue measObjLdn="PRQG9207HUNB001/ULoCell:NodeB Function Name=PRQG9207HUNB001, Local Cell ID=60793, Cell Name=SUDONN3">
                <measResults>4886867708 1021518 144058 44399 25441 20268 24907 9310 30253 10933 34968 19895 127442 199285 85234 2089 0 0 4735005863 32085 0 17265 0 0 0 0 175 115054 179019 4811 726 1065 716 590 500 1201 1227 183 16 8 1699780256 4904156687 1187171 5927960394 763009 678922 881198 344036 848045296 454298 222509 112810 155915 77290 50977 35411 69693 76058 14394 17 0 479755 0 0 0 176359 10 11 173441 0 0 0 0 0 0 0 0 0 1523 1624 0 273340324 736446761 782844777 2093706929 296613 309469 208995 276928 0 0 0 0 5035371 13787 9309 0 0 0 0 0 0 0 0 0 0 0 0 0 0 0 0 0 0 0 0 0 0 0 0 0 0 0 0 0 0 0 0 0 0 NIL NIL NIL NIL NIL NIL NIL NIL NIL NIL NIL NIL NIL NIL NIL NIL 0 0 0 989480 7.825 NIL 0 0 78704.93 169246.188 443711.438 382807.688 349276.688 318294.281 829874.625 1237472 320134.969 541.528 0 3882113.25 </measResults>
            </measValue>
        </measInfo>
        <measInfo measInfoId="50331649">
            <granPeriod duration="PT3600S" endTime="2021-08-19T12:00:00+08:00"/>
            <repPeriod duration="PT3600S"/>
            <measTypes>50332578 50332579 50332580 50332581 50342578 50342579 50342580 50342581 </measTypes>
            <measValue measObjLdn="PRQG9207HUNB001/NodeBFunction:NodeB Function Name=PRQG9207HUNB001">
                <measResults>9.142 2.482 8.283 96.147 13.4 5 13.8 122.8 </measResults>
            </measValue>
        </measInfo>
        <measInfo measInfoId="50331654">
            <granPeriod duration="PT3600S" endTime="2021-08-19T12:00:00+08:00"/>
            <repPeriod duration="PT3600S"/>
            <measTypes>50332565 50332566 50332633 50332635 </measTypes>
            <measValue measObjLdn="PRQG9207HUNB001/NodeBFunction:NodeB Function Name=PRQG9207HUNB001">
                <measResults>3072 2048 0 0 </measResults>
            </measValue>
        </measInfo>
        <measInfo measInfoId="50331664">
            <granPeriod duration="PT3600S" endTime="2021-08-19T12:00:00+08:00"/>
            <repPeriod duration="PT3600S"/>
            <measTypes>50332572 50332585 50332587 50332588 50332589 50332590 50332617 50332618 50332625 </measTypes>
            <measValue measObjLdn="PRQG9207HUNB001/NodeBFunction:NodeB Function Name=PRQG9207HUNB001">
                <measResults>2 0 41 41 0 29 0 0 4 </measResults>
            </measValue>
        </measInfo>
        <measInfo measInfoId="50331666">
            <granPeriod duration="PT3600S" endTime="2021-08-19T12:00:00+08:00"/>
            <repPeriod duration="PT3600S"/>
            <measTypes>50332567 50332568 50332569 50332570 50332571 </measTypes>
            <measValue measObjLdn="PRQG9207HUNB001/NodeBFunction:NodeB Function Name=PRQG9207HUNB001">
                <measResults>0 0 0 0 0 </measResults>
            </measValue>
        </measInfo>
        <measInfo measInfoId="50331681">
            <granPeriod duration="PT3600S" endTime="2021-08-19T12:00:00+08:00"/>
            <repPeriod duration="PT3600S"/>
            <measTypes>50342640 50342641 50342642 50342643 50342644 50342645 50342646 50342647 </measTypes>
            <measValue measObjLdn="PRQG9207HUNB001/NodeBFunction:NodeB Function Name=PRQG9207HUNB001">
                <measResults>16200999 18029970 1500109153 4237826857 5246902 3333575 17656846 9417392 </measResults>
            </measValue>
        </measInfo>
        <measInfo measInfoId="50331652">
            <granPeriod duration="PT3600S" endTime="2021-08-19T12:00:00+08:00"/>
            <repPeriod duration="PT3600S"/>
            <measTypes>50332555 50332556 50332557 50332558 50332559 50332560 50332561 50332562 50332563 50332564 50332593 50332594 50342555 50342556 50342561 50342562 50342563 50342564 50342567 50342568 50342569 50342570 50342571 50342572 50342618 50342619 50342621 50342622 50342624 50342625 50342627 50342628 </measTypes>
            <measValue measObjLdn="PRQG9207HUNB001/NodeBFunction:NodeB Function Name=PRQG9207HUNB001/MocID:2/CnOperator:-1">
                <measResults>0 0 0 0 4112 3568 204.192 96.801 0 109.751 0 0 0 0 247 121 0 145 71 147.5 73.5 0 0 0 0 0 0 0 0 0 0 0 </measResults>
            </measValue>
        </measInfo>
        <measInfo measInfoId="50331667">
            <granPeriod duration="PT3600S" endTime="2021-08-19T12:00:00+08:00"/>
            <repPeriod duration="PT3600S"/>
            <measTypes>50332591 50332592 50332595 50332596 50332597 </measTypes>
            <measValue measObjLdn="PRQG9207HUNB001/NodeBFunction:NodeB Function Name=PRQG9207HUNB001/MocID:2/CnOperator:-1">
                <measResults>0 0 0 0 0 </measResults>
            </measValue>
        </measInfo>
        <measInfo measInfoId="50331668">
            <granPeriod duration="PT3600S" endTime="2021-08-19T12:00:00+08:00"/>
            <repPeriod duration="PT3600S"/>
            <measTypes>50332348 50332349 </measTypes>
            <measValue measObjLdn="PRQG9207HUNB001/LOCELL_SECTOREQM:NodeB Function Name=PRQG9207HUNB001, Local Cell ID=10791, Sector Equipment ID=0">
                <measResults>0 0 </measResults>
            </measValue>
            <measValue measObjLdn="PRQG9207HUNB001/LOCELL_SECTOREQM:NodeB Function Name=PRQG9207HUNB001, Local Cell ID=10792, Sector Equipment ID=1">
                <measResults>0 0 </measResults>
            </measValue>
            <measValue measObjLdn="PRQG9207HUNB001/LOCELL_SECTOREQM:NodeB Function Name=PRQG9207HUNB001, Local Cell ID=10793, Sector Equipment ID=2">
                <measResults>0 0 </measResults>
            </measValue>
            <measValue measObjLdn="PRQG9207HUNB001/LOCELL_SECTOREQM:NodeB Function Name=PRQG9207HUNB001, Local Cell ID=50791, Sector Equipment ID=6">
                <measResults>0 0 </measResults>
            </measValue>
            <measValue measObjLdn="PRQG9207HUNB001/LOCELL_SECTOREQM:NodeB Function Name=PRQG9207HUNB001, Local Cell ID=50792, Sector Equipment ID=7">
                <measResults>0 0 </measResults>
            </measValue>
            <measValue measObjLdn="PRQG9207HUNB001/LOCELL_SECTOREQM:NodeB Function Name=PRQG9207HUNB001, Local Cell ID=50793, Sector Equipment ID=8">
                <measResults>0 0 </measResults>
            </measValue>
            <measValue measObjLdn="PRQG9207HUNB001/LOCELL_SECTOREQM:NodeB Function Name=PRQG9207HUNB001, Local Cell ID=60791, Sector Equipment ID=10">
                <measResults>0 0 </measResults>
            </measValue>
            <measValue measObjLdn="PRQG9207HUNB001/LOCELL_SECTOREQM:NodeB Function Name=PRQG9207HUNB001, Local Cell ID=60792, Sector Equipment ID=11">
                <measResults>0 0 </measResults>
            </measValue>
            <measValue measObjLdn="PRQG9207HUNB001/LOCELL_SECTOREQM:NodeB Function Name=PRQG9207HUNB001, Local Cell ID=60793, Sector Equipment ID=12">
                <measResults>0 0 </measResults>
            </measValue>
        </measInfo>
        <measInfo measInfoId="50331669">
            <granPeriod duration="PT3600S" endTime="2021-08-19T12:00:00+08:00"/>
            <repPeriod duration="PT3600S"/>
            <measTypes>50332350 50332351 50332352 50332353 </measTypes>
            <measValue measObjLdn="PRQG9207HUNB001/LOCELL_SECTOREQM:NodeB Function Name=PRQG9207HUNB001, Local Cell ID=10791, Sector Equipment ID=0">
                <measResults>16988 33 16483 16523 </measResults>
            </measValue>
            <measValue measObjLdn="PRQG9207HUNB001/LOCELL_SECTOREQM:NodeB Function Name=PRQG9207HUNB001, Local Cell ID=10792, Sector Equipment ID=1">
                <measResults>17119 46 16223 16289 </measResults>
            </measValue>
            <measValue measObjLdn="PRQG9207HUNB001/LOCELL_SECTOREQM:NodeB Function Name=PRQG9207HUNB001, Local Cell ID=10793, Sector Equipment ID=2">
                <measResults>27745 98 27055 27070 </measResults>
            </measValue>
            <measValue measObjLdn="PRQG9207HUNB001/LOCELL_SECTOREQM:NodeB Function Name=PRQG9207HUNB001, Local Cell ID=50791, Sector Equipment ID=6">
                <measResults>46048 132 43970 44143 </measResults>
            </measValue>
            <measValue measObjLdn="PRQG9207HUNB001/LOCELL_SECTOREQM:NodeB Function Name=PRQG9207HUNB001, Local Cell ID=50792, Sector Equipment ID=7">
                <measResults>27356 462 24765 24833 </measResults>
            </measValue>
            <measValue measObjLdn="PRQG9207HUNB001/LOCELL_SECTOREQM:NodeB Function Name=PRQG9207HUNB001, Local Cell ID=50793, Sector Equipment ID=8">
                <measResults>30084 193 28755 28794 </measResults>
            </measValue>
            <measValue measObjLdn="PRQG9207HUNB001/LOCELL_SECTOREQM:NodeB Function Name=PRQG9207HUNB001, Local Cell ID=60791, Sector Equipment ID=10">
                <measResults>32990 92 31574 31677 </measResults>
            </measValue>
            <measValue measObjLdn="PRQG9207HUNB001/LOCELL_SECTOREQM:NodeB Function Name=PRQG9207HUNB001, Local Cell ID=60792, Sector Equipment ID=11">
                <measResults>27394 18 26130 26445 </measResults>
            </measValue>
            <measValue measObjLdn="PRQG9207HUNB001/LOCELL_SECTOREQM:NodeB Function Name=PRQG9207HUNB001, Local Cell ID=60793, Sector Equipment ID=12">
                <measResults>39466 113 38102 38224 </measResults>
            </measValue>
        </measInfo>
        <measInfo measInfoId="50331670">
            <granPeriod duration="PT3600S" endTime="2021-08-19T12:00:00+08:00"/>
            <repPeriod duration="PT3600S"/>
            <measTypes>50332354 50332355 </measTypes>
            <measValue measObjLdn="PRQG9207HUNB001/LOCELL_SECTOREQM:NodeB Function Name=PRQG9207HUNB001, Local Cell ID=10791, Sector Equipment ID=0">
                <measResults>0 0 </measResults>
            </measValue>
            <measValue measObjLdn="PRQG9207HUNB001/LOCELL_SECTOREQM:NodeB Function Name=PRQG9207HUNB001, Local Cell ID=10792, Sector Equipment ID=1">
                <measResults>0 0 </measResults>
            </measValue>
            <measValue measObjLdn="PRQG9207HUNB001/LOCELL_SECTOREQM:NodeB Function Name=PRQG9207HUNB001, Local Cell ID=10793, Sector Equipment ID=2">
                <measResults>0 0 </measResults>
            </measValue>
            <measValue measObjLdn="PRQG9207HUNB001/LOCELL_SECTOREQM:NodeB Function Name=PRQG9207HUNB001, Local Cell ID=50791, Sector Equipment ID=6">
                <measResults>0 0 </measResults>
            </measValue>
            <measValue measObjLdn="PRQG9207HUNB001/LOCELL_SECTOREQM:NodeB Function Name=PRQG9207HUNB001, Local Cell ID=50792, Sector Equipment ID=7">
                <measResults>0 0 </measResults>
            </measValue>
            <measValue measObjLdn="PRQG9207HUNB001/LOCELL_SECTOREQM:NodeB Function Name=PRQG9207HUNB001, Local Cell ID=50793, Sector Equipment ID=8">
                <measResults>0 0 </measResults>
            </measValue>
            <measValue measObjLdn="PRQG9207HUNB001/LOCELL_SECTOREQM:NodeB Function Name=PRQG9207HUNB001, Local Cell ID=60791, Sector Equipment ID=10">
                <measResults>0 0 </measResults>
            </measValue>
            <measValue measObjLdn="PRQG9207HUNB001/LOCELL_SECTOREQM:NodeB Function Name=PRQG9207HUNB001, Local Cell ID=60792, Sector Equipment ID=11">
                <measResults>0 0 </measResults>
            </measValue>
            <measValue measObjLdn="PRQG9207HUNB001/LOCELL_SECTOREQM:NodeB Function Name=PRQG9207HUNB001, Local Cell ID=60793, Sector Equipment ID=12">
                <measResults>0 0 </measResults>
            </measValue>
        </measInfo>
        <measInfo measInfoId="50331672">
            <granPeriod duration="PT3600S" endTime="2021-08-19T12:00:00+08:00"/>
            <repPeriod duration="PT3600S"/>
            <measTypes>50342590 50342591 50342592 50342593 50342594 50342595 50342596 50342597 </measTypes>
            <measValue measObjLdn="PRQG9207HUNB001/LOCELL_SECTOREQM:NodeB Function Name=PRQG9207HUNB001, Local Cell ID=10791, Sector Equipment ID=0">
                <measResults>-95.493 -97.728 -95.065 -95.803 -97.8 -99.9 -97.3 -98.1 </measResults>
            </measValue>
            <measValue measObjLdn="PRQG9207HUNB001/LOCELL_SECTOREQM:NodeB Function Name=PRQG9207HUNB001, Local Cell ID=10792, Sector Equipment ID=1">
                <measResults>-87.075 -83.876 -83.508 -86.151 -90.8 -87.1 -86.4 -89.2 </measResults>
            </measValue>
            <measValue measObjLdn="PRQG9207HUNB001/LOCELL_SECTOREQM:NodeB Function Name=PRQG9207HUNB001, Local Cell ID=10793, Sector Equipment ID=2">
                <measResults>-101.504 -99.551 -101.179 -99.415 -104.1 -101.9 -103.4 -101.8 </measResults>
            </measValue>
            <measValue measObjLdn="PRQG9207HUNB001/LOCELL_SECTOREQM:NodeB Function Name=PRQG9207HUNB001, Local Cell ID=50791, Sector Equipment ID=6">
                <measResults>-94.18 -94.916 NIL NIL -96.8 -98 NIL NIL </measResults>
            </measValue>
            <measValue measObjLdn="PRQG9207HUNB001/LOCELL_SECTOREQM:NodeB Function Name=PRQG9207HUNB001, Local Cell ID=50792, Sector Equipment ID=7">
                <measResults>-89.147 -90.897 NIL NIL -91.7 -93.9 NIL NIL </measResults>
            </measValue>
            <measValue measObjLdn="PRQG9207HUNB001/LOCELL_SECTOREQM:NodeB Function Name=PRQG9207HUNB001, Local Cell ID=50793, Sector Equipment ID=8">
                <measResults>-95.185 -95.108 NIL NIL -99.2 -99.5 NIL NIL </measResults>
            </measValue>
            <measValue measObjLdn="PRQG9207HUNB001/LOCELL_SECTOREQM:NodeB Function Name=PRQG9207HUNB001, Local Cell ID=60791, Sector Equipment ID=10">
                <measResults>-89.734 -90.459 NIL NIL -91.9 -92.7 NIL NIL </measResults>
            </measValue>
            <measValue measObjLdn="PRQG9207HUNB001/LOCELL_SECTOREQM:NodeB Function Name=PRQG9207HUNB001, Local Cell ID=60792, Sector Equipment ID=11">
                <measResults>-75.944 -78.99 NIL NIL -78.4 -82 NIL NIL </measResults>
            </measValue>
            <measValue measObjLdn="PRQG9207HUNB001/LOCELL_SECTOREQM:NodeB Function Name=PRQG9207HUNB001, Local Cell ID=60793, Sector Equipment ID=12">
                <measResults>-91.202 -91.296 NIL NIL -94.3 -95.2 NIL NIL </measResults>
            </measValue>
        </measInfo>
        <measInfo measInfoId="50331682">
            <granPeriod duration="PT3600S" endTime="2021-08-19T12:00:00+08:00"/>
            <repPeriod duration="PT3600S"/>
            <measTypes>50332602 50332603 50332615 50332616 </measTypes>
            <measValue measObjLdn="PRQG9207HUNB001/LOCELL_SECTOREQM:NodeB Function Name=PRQG9207HUNB001, Local Cell ID=10791, Sector Equipment ID=0">
                <measResults>445 380 458 496 </measResults>
            </measValue>
            <measValue measObjLdn="PRQG9207HUNB001/LOCELL_SECTOREQM:NodeB Function Name=PRQG9207HUNB001, Local Cell ID=10792, Sector Equipment ID=1">
                <measResults>478 558 549 582 </measResults>
            </measValue>
            <measValue measObjLdn="PRQG9207HUNB001/LOCELL_SECTOREQM:NodeB Function Name=PRQG9207HUNB001, Local Cell ID=10793, Sector Equipment ID=2">
                <measResults>210 337 216 380 </measResults>
            </measValue>
            <measValue measObjLdn="PRQG9207HUNB001/LOCELL_SECTOREQM:NodeB Function Name=PRQG9207HUNB001, Local Cell ID=50791, Sector Equipment ID=6">
                <measResults>574 504 NIL NIL </measResults>
            </measValue>
            <measValue measObjLdn="PRQG9207HUNB001/LOCELL_SECTOREQM:NodeB Function Name=PRQG9207HUNB001, Local Cell ID=50792, Sector Equipment ID=7">
                <measResults>512 404 NIL NIL </measResults>
            </measValue>
            <measValue measObjLdn="PRQG9207HUNB001/LOCELL_SECTOREQM:NodeB Function Name=PRQG9207HUNB001, Local Cell ID=50793, Sector Equipment ID=8">
                <measResults>554 598 NIL NIL </measResults>
            </measValue>
            <measValue measObjLdn="PRQG9207HUNB001/LOCELL_SECTOREQM:NodeB Function Name=PRQG9207HUNB001, Local Cell ID=60791, Sector Equipment ID=10">
                <measResults>NIL NIL NIL NIL </measResults>
            </measValue>
            <measValue measObjLdn="PRQG9207HUNB001/LOCELL_SECTOREQM:NodeB Function Name=PRQG9207HUNB001, Local Cell ID=60792, Sector Equipment ID=11">
                <measResults>NIL NIL NIL NIL </measResults>
            </measValue>
            <measValue measObjLdn="PRQG9207HUNB001/LOCELL_SECTOREQM:NodeB Function Name=PRQG9207HUNB001, Local Cell ID=60793, Sector Equipment ID=12">
                <measResults>NIL NIL NIL NIL </measResults>
            </measValue>
        </measInfo>
    </measData>
    <fileFooter>
        <measCollec endTime="2021-08-19T12:00:00+08:00"/>
    </fileFooter>
</measCollecFile>
