<?xml version="1.0" encoding="UTF-8"?>
<measCollecFile xmlns="http://latest/nmc-omc/cmNrm.doc#measCollec" xmlns:xsi="http://www.w3.org/2001/XMLSchema-instance" xsi:schemaLocation="http://latest/nmc-omc/cmNrm.doc#measCollec schema\pmResultSchedule.xsd">
    <fileHeader fileFormatVersion="32.435 V7.2" vendorName="Huawei">
        <fileSender elementType="NodeB"/>
        <measCollec beginTime="2021-08-19T11:00:00+08:00"/>
    </fileHeader>
    <measData>
        <managedElement userLabel="MML00G77HUNB001"/>
        <measInfo measInfoId="50331655">
            <granPeriod duration="PT3600S" endTime="2021-08-19T12:00:00+08:00"/>
            <repPeriod duration="PT3600S"/>
            <measTypes>50332573 50332574 50342574 50342575 50342635 50342636 </measTypes>
            <measValue measObjLdn="MML00G77HUNB001/ULGROUP:UL BB Resource Group No.=1">
                <measResults>768 289.017 250.5 360.5 0 0 </measResults>
            </measValue>
            <measValue measObjLdn="MML00G77HUNB001/ULGROUP:UL BB Resource Group No.=2">
                <measResults>1024 140.729 92 203 0 0 </measResults>
            </measValue>
        </measInfo>
        <measInfo measInfoId="50331656">
            <granPeriod duration="PT3600S" endTime="2021-08-19T12:00:00+08:00"/>
            <repPeriod duration="PT3600S"/>
            <measTypes>50332582 50332583 50332584 50332586 50342584 50342585 50342586 50342587 50342606 50342607 50342608 50342609 50342632 50342633 </measTypes>
            <measValue measObjLdn="MML00G77HUNB001/BRD:Board Type=UBBP, Cabinet No.=0, Subrack No.=0, Slot No.=1">
                <measResults>1024 1024 0 0 0 0 0 0 0 0 0 0 0 0 </measResults>
            </measValue>
            <measValue measObjLdn="MML00G77HUNB001/BRD:Board Type=UBBP, Cabinet No.=0, Subrack No.=0, Slot No.=2">
                <measResults>1024 768 153.825 289.017 131 174 250.5 360.5 11 14 18 25 0 0 </measResults>
            </measValue>
            <measValue measObjLdn="MML00G77HUNB001/BRD:Board Type=UBBP, Cabinet No.=0, Subrack No.=0, Slot No.=3">
                <measResults>1024 1024 76.85 140.729 56 91 92 203 4 7 6 11 0 0 </measResults>
            </measValue>
            <measValue measObjLdn="MML00G77HUNB001/BRD:Board Type=UMPT, Cabinet No.=0, Subrack No.=0, Slot No.=7">
                <measResults>0 0 0 0 0 0 0 0 0 0 0 0 0 0 </measResults>
            </measValue>
        </measInfo>
        <measInfo measInfoId="50331683">
            <granPeriod duration="PT3600S" endTime="2021-08-19T12:00:00+08:00"/>
            <repPeriod duration="PT3600S"/>
            <measTypes>50332627 </measTypes>
            <measValue measObjLdn="MML00G77HUNB001/NODEBRRU:Cabinet No.=0, Subrack No.=60, Slot No.=0">
                <measResults>0 </measResults>
            </measValue>
            <measValue measObjLdn="MML00G77HUNB001/NODEBRRU:Cabinet No.=0, Subrack No.=61, Slot No.=0">
                <measResults>0 </measResults>
            </measValue>
            <measValue measObjLdn="MML00G77HUNB001/NODEBRRU:Cabinet No.=0, Subrack No.=62, Slot No.=0">
                <measResults>0 </measResults>
            </measValue>
            <measValue measObjLdn="MML00G77HUNB001/NODEBRRU:Cabinet No.=0, Subrack No.=80, Slot No.=0">
                <measResults>0 </measResults>
            </measValue>
            <measValue measObjLdn="MML00G77HUNB001/NODEBRRU:Cabinet No.=0, Subrack No.=81, Slot No.=0">
                <measResults>0 </measResults>
            </measValue>
            <measValue measObjLdn="MML00G77HUNB001/NODEBRRU:Cabinet No.=0, Subrack No.=82, Slot No.=0">
                <measResults>0 </measResults>
            </measValue>
        </measInfo>
        <measInfo measInfoId="1542455297">
            <granPeriod duration="PT3600S" endTime="2021-08-19T12:00:00+08:00"/>
            <repPeriod duration="PT3600S"/>
            <measTypes>1542455297 1542455298 1542455299 1542455300 1542455301 1542455302 1542455303 1542455304 1542455305 1542455306 1542455307 1542460296 1542460297 </measTypes>
            <measValue measObjLdn="MML00G77HUNB001/ETHPORT:Cabinet No.=0, Subrack No.=0, Slot No.=7, Port No.=0, Subboard Type=BASE_BOARD">
                <measResults>4276880643 33754986 7186026842 31595031 0 15520504 5708288 9504178 39712016 7834784 15968918 1000000 1000000 </measResults>
            </measValue>
            <measValue measObjLdn="MML00G77HUNB001/ETHPORT:Cabinet No.=0, Subrack No.=0, Slot No.=7, Port No.=1, Subboard Type=BASE_BOARD">
                <measResults>0 0 0 0 0 0 0 0 0 0 0 0 0 </measResults>
            </measValue>
        </measInfo>
        <measInfo measInfoId="1542455301">
            <granPeriod duration="PT3600S" endTime="2021-08-19T12:00:00+08:00"/>
            <repPeriod duration="PT3600S"/>
            <measTypes>1542455326 1542455327 1542455328 1542455329 1542455330 1542455331 1542455332 1542455333 1542460727 1542460728 1542460729 </measTypes>
            <measValue measObjLdn="MML00G77HUNB001/IP:Board Type=UMPT, Cabinet No.=0, Subrack No.=0, Slot No.=7">
                <measResults>33754695 3476418697 0 0 31590001 6385360423 0 0 36716 0 0 </measResults>
            </measValue>
        </measInfo>
        <measInfo measInfoId="1542455303">
            <granPeriod duration="PT3600S" endTime="2021-08-19T12:00:00+08:00"/>
            <repPeriod duration="PT3600S"/>
            <measTypes>1542455365 1542455367 1542455369 1542455371 1542455375 1542455376 1542455377 1542455378 </measTypes>
            <measValue measObjLdn="MML00G77HUNB001/RSCGRP:Transmission Resource Group Bear Type=IP, Cabinet No.=0, Bearing Port No.=0, Bearing Port Type=ETH, Transmission Resource Group ID=AUTOPORT, Subboard Type=BASE_BOARD, Slot No.=7, Subrack No.=0">
                <measResults>4084113542 33754921 0 0 15036240 5349672 9075812 0 </measResults>
            </measValue>
            <measValue measObjLdn="MML00G77HUNB001/RSCGRP:Transmission Resource Group Bear Type=IP, Cabinet No.=0, Bearing Port No.=1, Bearing Port Type=ETH, Transmission Resource Group ID=AUTOPORT, Subboard Type=BASE_BOARD, Slot No.=7, Subrack No.=0">
                <measResults>0 0 0 0 0 0 0 0 </measResults>
            </measValue>
        </measInfo>
        <measInfo measInfoId="1542455312">
            <granPeriod duration="PT3600S" endTime="2021-08-19T12:00:00+08:00"/>
            <repPeriod duration="PT3600S"/>
            <measTypes>1542460308 1542460309 1542460310 1542460311 1542460312 1542460313 1542460314 1542460315 1542460316 1542460317 1542460318 1542460319 1542460320 1542460321 1542460322 1542460323 1542460324 1542460325 1542460326 1542460327 1542460328 1542460329 1542460330 1542460331 1542460332 </measTypes>
            <measValue measObjLdn="MML00G77HUNB001/RSCGRP:Transmission Resource Group Bear Type=IP, Cabinet No.=0, Bearing Port No.=0, Bearing Port Type=ETH, Transmission Resource Group ID=AUTOPORT, Subboard Type=BASE_BOARD, Slot No.=7, Subrack No.=0">
                <measResults>49587 49587 49587 900000 18253 447575 0 0 153 0 0 0 0 14120401 130274 0 41 4 0 0 2 0 0 0 0 </measResults>
            </measValue>
            <measValue measObjLdn="MML00G77HUNB001/RSCGRP:Transmission Resource Group Bear Type=IP, Cabinet No.=0, Bearing Port No.=1, Bearing Port Type=ETH, Transmission Resource Group ID=AUTOPORT, Subboard Type=BASE_BOARD, Slot No.=7, Subrack No.=0">
                <measResults>0 0 0 0 0 0 0 0 0 0 0 0 0 0 0 0 0 0 0 0 0 0 0 0 0 </measResults>
            </measValue>
        </measInfo>
        <measInfo measInfoId="1542455309">
            <granPeriod duration="PT3600S" endTime="2021-08-19T12:00:00+08:00"/>
            <repPeriod duration="PT3600S"/>
            <measTypes>1542455826 1542455827 1542455828 1542455829 1542455833 1542455834 1542455835 1542455836 1542455837 1542455838 1542455839 1542455840 1542455841 1542455842 1542455843 1542455844 1542455845 1542455846 1542455847 1542455848 </measTypes>
            <measValue measObjLdn="MML00G77HUNB001/OMCH:Standby Status=MASTER, Bearer Type=IPV4">
                <measResults>650 170 0 0 0 0 0 0 0 489 0 0 646 0 0 0 0 590 0 56 </measResults>
            </measValue>
        </measInfo>
        <measInfo measInfoId="1542455815">
            <granPeriod duration="PT3600S" endTime="2021-08-19T12:00:00+08:00"/>
            <repPeriod duration="PT3600S"/>
            <measTypes>1542460340 1542460341 1542460342 1542460343 1542460496 1542460497 1542460498 1542460499 1542460500 1542460501 1542460502 1542460503 1542460504 1542460505 1542460506 1542460507 1542460510 </measTypes>
            <measValue measObjLdn="MML00G77HUNB001/IKE:Board Type=UMPT, Cabinet No.=0, Subrack No.=0, Slot No.=7">
                <measResults>0 0 0 0 0 0 0 0 0 0 0 0 0 0 0 0 0 </measResults>
            </measValue>
        </measInfo>
        <measInfo measInfoId="1542455817">
            <granPeriod duration="PT3600S" endTime="2021-08-19T12:00:00+08:00"/>
            <repPeriod duration="PT3600S"/>
            <measTypes>1542460356 1542460357 1542460358 1542460359 1542460360 1542460361 1542460362 1542460363 1542460364 1542460365 1542460366 1542460367 1542460368 1542460369 1542460370 1542460371 1542460372 1542460373 1542460374 1542460375 1542460376 </measTypes>
            <measValue measObjLdn="MML00G77HUNB001/SCTPLNK:Link No.=31">
                <measResults>19373478 14685781 156049 209353 0 99272 10144 43052 53304 19696 32635 59010 156209 0 0 0 0 0 0 156209 59021 </measResults>
            </measValue>
            <measValue measObjLdn="MML00G77HUNB001/SCTPLNK:Link No.=32">
                <measResults>37096878 41799315 1217682 1521920 0 133616 37320 82437 135328 57088 92887 568887 1148073 0 0 0 0 0 0 1148073 568887 </measResults>
            </measValue>
        </measInfo>
        <measInfo measInfoId="1542455818">
            <granPeriod duration="PT3600S" endTime="2021-08-19T12:00:00+08:00"/>
            <repPeriod duration="PT3600S"/>
            <measTypes>1542455526 1542455527 1542455528 1542455529 1542455530 1542455531 1542455532 1542455533 1542455534 1542455535 </measTypes>
            <measValue measObjLdn="MML00G77HUNB001/USERPLANEHOST:User Plane Host ID=3">
                <measResults>31778609 29990424 3317373695 6244501369 13083376 7371941 36962144 13876671 NIL NIL </measResults>
            </measValue>
        </measInfo>
        <measInfo measInfoId="1593835529">
            <granPeriod duration="PT3600S" endTime="2021-08-19T12:00:00+08:00"/>
            <repPeriod duration="PT3600S"/>
            <measTypes>1593835620 1593835628 1593835629 </measTypes>
            <measValue measObjLdn="MML00G77HUNB001/NODE:NODE">
                <measResults>NIL 0.846 0 </measResults>
            </measValue>
        </measInfo>
        <measInfo measInfoId="1593835533">
            <granPeriod duration="PT3600S" endTime="2021-08-19T12:00:00+08:00"/>
            <repPeriod duration="PT3600S"/>
            <measTypes>1593835647 1593835648 1593835649 </measTypes>
            <measValue measObjLdn="MML00G77HUNB001/NODE:NODE">
                <measResults>32924 32914 32919 </measResults>
            </measValue>
        </measInfo>
        <measInfo measInfoId="1593835531">
            <granPeriod duration="PT3600S" endTime="2021-08-19T12:00:00+08:00"/>
            <repPeriod duration="PT3600S"/>
            <measTypes>1593835630 1593835632 1593835633 1593835634 </measTypes>
            <measValue measObjLdn="MML00G77HUNB001/BBUBoard:Board Type=UBBP, Cabinet No.=0, Subrack No.=0, Slot No.=1">
                <measResults>0 4 3 0 </measResults>
            </measValue>
            <measValue measObjLdn="MML00G77HUNB001/BBUBoard:Board Type=UBBP, Cabinet No.=0, Subrack No.=0, Slot No.=2">
                <measResults>0 5 4 0 </measResults>
            </measValue>
            <measValue measObjLdn="MML00G77HUNB001/BBUBoard:Board Type=UBBP, Cabinet No.=0, Subrack No.=0, Slot No.=3">
                <measResults>0 6 4 0 </measResults>
            </measValue>
            <measValue measObjLdn="MML00G77HUNB001/BBUBoard:Board Type=UMPT, Cabinet No.=0, Subrack No.=0, Slot No.=7">
                <measResults>0 5 1 0 </measResults>
            </measValue>
        </measInfo>
        <measInfo measInfoId="1593835535">
            <granPeriod duration="PT3600S" endTime="2021-08-19T12:00:00+08:00"/>
            <repPeriod duration="PT3600S"/>
            <measTypes>1593835652 1593835653 1593835654 1593835655 1593835656 1593835657 1593835658 1593835659 1593835660 1593835661 1593835662 1593835663 1593835664 1593835665 1593835666 1593835667 1593835668 1593835669 1593835670 1593835671 </measTypes>
            <measValue measObjLdn="MML00G77HUNB001/RADIOEQM:Cabinet No.=0, Subrack No.=60, Slot No.=0">
                <measResults>0 0 0 0 0 0 0 0 0 0 NIL NIL NIL NIL NIL NIL NIL NIL NIL NIL </measResults>
            </measValue>
            <measValue measObjLdn="MML00G77HUNB001/RADIOEQM:Cabinet No.=0, Subrack No.=61, Slot No.=0">
                <measResults>0 0 0 10 0 0 0 0 0 0 NIL NIL NIL NIL NIL NIL NIL NIL NIL NIL </measResults>
            </measValue>
            <measValue measObjLdn="MML00G77HUNB001/RADIOEQM:Cabinet No.=0, Subrack No.=62, Slot No.=0">
                <measResults>0 0 0 5 0 0 0 0 0 0 NIL NIL NIL NIL NIL NIL NIL NIL NIL NIL </measResults>
            </measValue>
            <measValue measObjLdn="MML00G77HUNB001/RADIOEQM:Cabinet No.=0, Subrack No.=80, Slot No.=0">
                <measResults>NIL NIL NIL NIL NIL NIL NIL NIL NIL NIL 0 0 0 0 0 0 0 0 0 0 </measResults>
            </measValue>
            <measValue measObjLdn="MML00G77HUNB001/RADIOEQM:Cabinet No.=0, Subrack No.=81, Slot No.=0">
                <measResults>NIL NIL NIL NIL NIL NIL NIL NIL NIL NIL 0 0 0 35 0 0 0 0 0 0 </measResults>
            </measValue>
            <measValue measObjLdn="MML00G77HUNB001/RADIOEQM:Cabinet No.=0, Subrack No.=82, Slot No.=0">
                <measResults>NIL NIL NIL NIL NIL NIL NIL NIL NIL NIL 0 0 0 10 0 0 0 0 0 0 </measResults>
            </measValue>
        </measInfo>
        <measInfo measInfoId="1593835539">
            <granPeriod duration="PT3600S" endTime="2021-08-19T12:00:00+08:00"/>
            <repPeriod duration="PT3600S"/>
            <measTypes>1593835767 </measTypes>
            <measValue measObjLdn="MML00G77HUNB001/RADIOEQM:Cabinet No.=0, Subrack No.=60, Slot No.=0">
                <measResults>3600 </measResults>
            </measValue>
            <measValue measObjLdn="MML00G77HUNB001/RADIOEQM:Cabinet No.=0, Subrack No.=61, Slot No.=0">
                <measResults>3600 </measResults>
            </measValue>
            <measValue measObjLdn="MML00G77HUNB001/RADIOEQM:Cabinet No.=0, Subrack No.=62, Slot No.=0">
                <measResults>3600 </measResults>
            </measValue>
            <measValue measObjLdn="MML00G77HUNB001/RADIOEQM:Cabinet No.=0, Subrack No.=80, Slot No.=0">
                <measResults>3600 </measResults>
            </measValue>
            <measValue measObjLdn="MML00G77HUNB001/RADIOEQM:Cabinet No.=0, Subrack No.=81, Slot No.=0">
                <measResults>3600 </measResults>
            </measValue>
            <measValue measObjLdn="MML00G77HUNB001/RADIOEQM:Cabinet No.=0, Subrack No.=82, Slot No.=0">
                <measResults>3600 </measResults>
            </measValue>
        </measInfo>
        <measInfo measInfoId="1593835544">
            <granPeriod duration="PT3600S" endTime="2021-08-19T12:00:00+08:00"/>
            <repPeriod duration="PT3600S"/>
            <measTypes>1593835835 </measTypes>
            <measValue measObjLdn="MML00G77HUNB001/BU:Cabinet No.=0, Subrack No.=0">
                <measResults>0.20312361 </measResults>
            </measValue>
        </measInfo>
        <measInfo measInfoId="1593835545">
            <granPeriod duration="PT3600S" endTime="2021-08-19T12:00:00+08:00"/>
            <repPeriod duration="PT3600S"/>
            <measTypes>1593835836 </measTypes>
            <measValue measObjLdn="MML00G77HUNB001/BTSBoard:Cabinet No.=0, Subrack No.=60, Slot No.=0">
                <measResults>0.19754334 </measResults>
            </measValue>
            <measValue measObjLdn="MML00G77HUNB001/BTSBoard:Cabinet No.=0, Subrack No.=61, Slot No.=0">
                <measResults>0.18675415 </measResults>
            </measValue>
            <measValue measObjLdn="MML00G77HUNB001/BTSBoard:Cabinet No.=0, Subrack No.=62, Slot No.=0">
                <measResults>0.24586833 </measResults>
            </measValue>
            <measValue measObjLdn="MML00G77HUNB001/BTSBoard:Cabinet No.=0, Subrack No.=80, Slot No.=0">
                <measResults>0.23502916 </measResults>
            </measValue>
            <measValue measObjLdn="MML00G77HUNB001/BTSBoard:Cabinet No.=0, Subrack No.=81, Slot No.=0">
                <measResults>0.30673668 </measResults>
            </measValue>
            <measValue measObjLdn="MML00G77HUNB001/BTSBoard:Cabinet No.=0, Subrack No.=82, Slot No.=0">
                <measResults>0.31691664 </measResults>
            </measValue>
        </measInfo>
        <measInfo measInfoId="50331648">
            <granPeriod duration="PT3600S" endTime="2021-08-19T12:00:00+08:00"/>
            <repPeriod duration="PT3600S"/>
            <measTypes>50331654 50331655 50331656 50331657 50331658 50331659 50331660 50331661 50331662 50331663 50331664 50331665 50331666 50331667 50331668 50331669 50331670 50331671 50331672 50331673 50331674 50331675 50331676 50331677 50331678 50331679 50331680 50331681 50331682 50331683 50331684 50331685 50331686 50331687 50331688 50331689 50331690 50331691 50331692 50331693 50331694 50331695 50331696 50331697 50331698 50331699 50331709 50331710 50331711 50331712 50331713 50331714 50331717 50331718 50331719 50331720 50331721 50331722 50331723 50331724 50331745 50331746 50331754 50331755 50331756 50331757 50331758 50331759 50331760 50331761 50331762 50331763 50331764 50331765 50331766 50331767 50331768 50331769 50331770 50331771 50331772 50331773 50331774 50331775 50331776 50331777 50331778 50331779 50331780 50331781 50331782 50331783 50331784 50331785 50331786 50331787 50331788 50331789 50331790 50331791 50331792 50331793 50331794 50331795 50331796 50331797 50331798 50331799 50331800 50331801 50331802 50331803 50331804 50331805 50331806 50331807 50331808 50331809 50331810 50331811 50331812 50331813 50331814 50331815 50331816 50331817 50331818 50331819 50331820 50331821 50331838 50331839 50331840 50332168 50332169 50332170 50332173 50332174 50332215 50332216 50332217 50341648 50341649 50341650 50341651 50341652 50341653 50341654 50341655 50341656 50341657 50341658 50341659 50341668 50341669 50341670 50341671 50341672 50341675 50341676 50341677 50341678 50341679 50341680 50341685 50341686 50341687 50341688 50341689 50341690 50341691 50341692 50341693 50341694 50341695 50341696 50341697 50341698 50341699 50341700 50341701 50341702 50341703 50341704 50341705 50341706 50341707 50341708 50341709 50341710 50341711 50341712 50341713 50341714 50341715 50341716 50341717 50341722 50341739 50341740 </measTypes>
            <measValue measObjLdn="MML00G77HUNB001/ULoCell:NodeB Function Name=MML00G77HUNB001, Local Cell ID=10671, Cell Name=PFLRTU1">
                <measResults>645687 79042 79167 560566 73260 7168 2976 1717 0 0 0 0 0 0 12193 17678 13008 18249 19573 28263 50476 56354 86160 99274 117740 122451 130231 131594 128828 154073 127911 143160 123003 118421 98953 91090 85381 106969 89995 82917 131774 113897 91416 44403 20742 22590 55277 767735 0 0 0 0 0 0 0 0 0 204624 544123 804024 1143904 3460611166 0 95011 10070 9466 11431 14885 17786 48461 24994 28516 30953 34177 36625 37919 31418 35921 29335 33639 29704 27192 20305 16137 17294 17636 27375 18430 18656 17299 14984 13702 11511 22855 0 0 0 0 0 0 0 0 0 0 0 0 0 0 0 0 0 0 0 0 0 0 0 0 0 0 0 0 0 0 0 0 0 0 0 0 3460464002 771306 54165 0 0 0 0 0 0 0 0 111 307 8 249 991 3 111 258 249 579 1000 428 951659 7028710 1466 951659 2223502 16 113 1 181 636 2 0 6 0 2.817 11.715 11.285 12.389 0.036 29 95 6 0 0 0 0 0 0 NIL 581 717 392 0 0 0 0 0 0 0 0 0 0 0 0 17386 1 73 </measResults>
            </measValue>
            <measValue measObjLdn="MML00G77HUNB001/ULoCell:NodeB Function Name=MML00G77HUNB001, Local Cell ID=10672, Cell Name=PFLRTU2">
                <measResults>1188552 147861 156923 1037641 127895 14648 5281 3087 0 0 0 0 0 0 27516 81260 28189 32786 38495 62557 105556 120161 194917 220011 287353 326843 350444 321079 266539 255323 172531 173267 141983 151947 130182 111832 94125 64596 48579 33629 28570 15923 7194 2716 1231 908 5811 1432060 0 0 0 0 0 0 0 0 0 148205 1339632 1493648 3283848 2520529709 0 137817 33640 38792 33220 42615 48647 105980 83060 104091 123015 132112 128475 112257 81505 62900 38188 33477 27399 27392 22322 18772 15412 10459 9667 6146 4957 4068 3039 1793 823 1592 0 0 0 0 0 0 0 0 0 0 0 0 0 0 0 0 0 0 0 0 0 0 0 0 0 0 0 0 0 0 0 0 0 0 0 0 2520482453 1394175 86828 0 0 0 0 0 0 0 0 207 332 19 385 960 10 207 267 386 499 1000 774 687827 3521570 8112 687827 888665 34 83 3 273 549 5 0 168 0 3.605 10.634 9.345 11.497 0.098 47 119 8 0 0 0 0 0 0 NIL 437 609 104 0 0 0 0 0 0 0 0 0 0 0 0 11721 6 358 </measResults>
            </measValue>
            <measValue measObjLdn="MML00G77HUNB001/ULoCell:NodeB Function Name=MML00G77HUNB001, Local Cell ID=10673, Cell Name=PFLRTU3">
                <measResults>1210974 171311 163340 1038829 148762 14215 5727 3441 0 0 0 0 0 0 28918 83131 30404 42324 49733 63158 99996 104334 168888 192835 248298 262487 302086 313017 309461 357251 254010 291871 227241 249504 188138 151699 130651 112223 88166 78532 104105 64179 28957 9423 3988 1553 25376 1467734 0 0 0 0 0 0 0 0 0 229802 1290885 1546063 3275134 3224556627 0 168176 39258 44940 37270 48448 48970 166469 73771 76321 77898 84837 88644 88432 71202 71610 55656 54872 45616 38929 29421 22730 20386 16386 16889 12077 11330 10185 8025 6671 4728 5778 0 0 0 0 0 0 0 0 0 0 0 0 0 0 0 0 0 0 0 0 0 0 0 0 0 0 0 0 0 0 0 0 0 0 0 0 3224418350 1339786 73693 0 0 0 0 0 0 0 0 214 419 22 411 946 19 214 287 412 554 1000 744 881884 4586434 19837 881884 1185328 32 84 3 247 536 13 0 79 0 3.707 9.396 9.017 11 0.182 40 164 21 2 0 0 0 0 0 NIL 432 659 151 0 0 0 0 0 0 0 0 0 0 0 0 13705 6 375 </measResults>
            </measValue>
            <measValue measObjLdn="MML00G77HUNB001/ULoCell:NodeB Function Name=MML00G77HUNB001, Local Cell ID=50671, Cell Name=PFLRTN4">
                <measResults>642274 78713 82911 560465 70407 6225 3303 1874 0 0 0 0 0 0 14239 1914 2541 986 1107 1621 2941 3406 6877 9953 18546 27674 46390 70179 89202 125863 111984 139629 128248 142131 146193 131795 145951 141119 154661 156789 245918 240213 184778 112367 85013 79601 48463 795385 0 0 0 0 0 0 0 0 0 367944 387545 803952 1089741 5466018931 0 104405 9022 2154 2029 4826 4175 47729 6721 9893 9131 14842 13685 23033 19997 25548 24906 29872 31309 36420 27153 30790 30045 28688 36610 36564 47504 57894 29586 20655 7552 30952 0 0 0 0 0 0 0 0 0 0 0 0 0 0 0 0 0 0 0 0 0 0 0 0 0 0 0 0 0 0 0 0 0 0 0 0 5465529115 739352 25223 0 0 0 0 0 0 0 0 111 300 3 301 993 1 111 268 301 725 1000 410 1506308 9002283 1162 1506308 3673922 19 97 0 254 818 0 0 3 0 3.815 12.495 12.654 14 0.013 13 99 7 0 0 0 0 0 0 NIL 844 894 719 0 0 0 0 0 0 0 0 0 0 0 0 21439 1 0 </measResults>
            </measValue>
            <measValue measObjLdn="MML00G77HUNB001/ULoCell:NodeB Function Name=MML00G77HUNB001, Local Cell ID=50672, Cell Name=PFLRTN5">
                <measResults>992902 128174 71248 860775 121465 7467 2076 1119 0 0 0 0 0 0 13087 3478 4361 1664 2097 2263 4329 4907 9981 14244 28231 41290 67738 103247 130677 180936 137678 163050 141509 186088 205063 197567 205145 165445 158329 145235 214571 157886 126799 74632 37515 17073 69698 1188255 0 0 0 0 0 0 0 0 0 136704 985995 1192397 1629643 4847863668 0 104799 5859 2476 2714 9909 4683 55711 13930 16226 26128 59656 87696 114875 138756 153707 98806 62603 36850 23883 16141 14003 11713 8917 10491 7477 9459 12354 10772 13081 11528 47177 0 0 0 0 0 0 0 0 0 0 0 0 0 0 0 0 0 0 0 0 0 0 0 0 0 0 0 0 0 0 0 0 0 0 0 0 4847719884 1081950 24312 0 0 0 0 0 0 0 0 165 350 15 420 998 5 165 274 420 694 1000 601 1332761 11598050 3355 1332761 2217572 25 122 2 411 852 3 0 15 0 5.235 12.803 12.462 13.195 0.069 13 106 8 0 0 0 0 0 0 NIL 821 891 708 0 0 0 0 0 0 0 0 0 0 0 0 17022 0 0 </measResults>
            </measValue>
            <measValue measObjLdn="MML00G77HUNB001/ULoCell:NodeB Function Name=MML00G77HUNB001, Local Cell ID=50673, Cell Name=PFLRTN6">
                <measResults>1935115 317451 206145 1606789 297647 18846 7326 4507 0 0 0 0 0 0 33343 5163 15365 3896 6054 6840 12020 13138 27125 38820 80739 127046 212498 300769 378972 530341 466552 596903 578976 671199 720376 596266 564340 474047 461558 382751 507274 296655 140883 44915 14032 3672 93212 2390734 0 0 0 0 0 0 0 0 0 628975 1736847 2459034 6869378 8147794689 0 300961 16112 14741 12825 24576 20386 216754 52687 63555 87198 137682 156223 174870 146311 139646 97727 110826 84349 83101 65471 58646 63122 53540 59487 42321 43112 32211 27029 22388 20638 30539 0 0 0 0 0 0 0 0 0 0 0 0 0 0 0 0 0 0 0 0 0 0 0 0 0 0 0 0 0 0 0 0 0 0 0 0 8147645657 1707076 9273 0 0 0 0 0 0 0 0 341 457 73 754 989 50 341 360 755 796 1000 948 2235514 6122637 59478 2235514 2358137 56 111 15 574 751 32 0 16 0 7.817 10.864 10.356 12 0.5 5 269 67 14 0 0 0 0 0 NIL 689 788 530 0 0 0 0 0 0 0 0 0 0 0 0 18236 0 0 </measResults>
            </measValue>
            <measValue measObjLdn="MML00G77HUNB001/ULoCell:NodeB Function Name=MML00G77HUNB001, Local Cell ID=60671, Cell Name=PFLRTN1">
                <measResults>936205 100955 61906 832676 91605 7531 2904 1489 0 0 0 0 0 0 9287 2444 3608 2509 3778 7704 19616 40080 62248 71376 75041 77235 92099 114553 110690 146518 102163 127848 123595 175273 183435 170615 177253 153417 153138 147263 215025 175602 110782 50830 28927 29982 43420 1087881 0 0 0 0 0 0 0 0 0 259715 795994 1099129 1392020 3821113338 0 108663 6916 1464 2864 7648 5535 48991 14746 30713 59598 141303 148255 104892 53129 35939 24734 25555 19937 20562 19721 22663 32494 25382 30558 18438 18042 17510 12733 11066 10227 18598 0 0 0 0 0 0 0 0 0 0 0 0 0 0 0 0 0 0 0 0 0 0 0 0 0 0 0 0 0 0 0 0 0 0 0 0 3820754606 986215 13999 0 0 0 0 0 0 0 0 152 324 8 312 977 5 152 276 312 563 1000 547 1048840 5897813 10386 1048840 1917441 23 85 1 358 834 2 0 4 0 3.702 11.629 11.859 13 0.056 7 106 7 0 0 0 0 0 0 NIL 814 883 689 0 0 0 0 0 0 0 0 0 0 0 0 15944 0 0 </measResults>
            </measValue>
            <measValue measObjLdn="MML00G77HUNB001/ULoCell:NodeB Function Name=MML00G77HUNB001, Local Cell ID=60672, Cell Name=PFLRTN2">
                <measResults>512096 62165 91844 440525 60578 5699 3211 2083 0 0 0 0 0 0 15240 6667 4742 5994 6366 8571 16116 21772 41537 58986 90936 122848 165638 191917 187913 230851 178530 230969 205547 240244 210727 164085 167139 123449 127000 106647 149351 96373 50691 24360 13490 11185 16354 640784 0 0 0 0 0 0 0 0 0 173797 476000 666151 833865 1943290228 0 135827 10973 2644 4097 12234 5833 73632 14961 13746 15026 23283 29642 35424 29005 36069 26199 30925 22939 20184 16414 14361 15574 12060 15683 8671 10019 8270 6830 5725 3592 6281 0 0 0 0 0 0 0 0 0 0 0 0 0 0 0 0 0 0 0 0 0 0 0 0 0 0 0 0 0 0 0 0 0 0 0 0 1943113376 617287 44555 0 0 0 0 0 0 0 0 92 300 5 174 976 2 92 265 174 502 1000 342 532408 4222163 2901 532408 1556749 20 121 1 133 770 1 0 4 0 1.89 10.043 10.857 12.233 0.029 24 119 10 0 0 0 0 0 0 NIL 750 835 595 0 0 0 0 0 0 0 0 0 0 0 0 17102 0 0 </measResults>
            </measValue>
            <measValue measObjLdn="MML00G77HUNB001/ULoCell:NodeB Function Name=MML00G77HUNB001, Local Cell ID=60673, Cell Name=PFLRTN3">
                <measResults>1605083 211936 260089 1366013 205152 20094 8493 5331 0 0 0 0 0 0 42268 25545 19864 26068 36248 44508 92422 88001 158160 196316 309768 376081 484859 579450 616331 764513 610411 683388 597623 613464 542775 407044 366713 250171 208102 149652 148627 57067 18527 6306 2865 1441 80727 1873280 0 0 0 0 0 0 0 0 0 797144 1199433 2077304 4545650 5591611879 0 350017 17723 12280 14781 31991 19546 187136 63395 38161 49000 73209 74149 89634 74889 103773 87742 116321 102462 102937 82719 72130 75326 53567 46070 31095 25784 21225 17840 15613 12196 14593 0 0 0 0 0 0 0 0 0 0 0 0 0 0 0 0 0 0 0 0 0 0 0 0 0 0 0 0 0 0 0 0 0 0 0 0 5591459335 1489446 37998 0 0 0 0 0 0 0 0 288 434 103 639 992 87 288 347 641 773 1000 827 1530558 6092667 179142 1530558 1850735 53 135 15 357 672 41 0 38 0 4.685 8.404 7.325 9.188 0.697 20 260 63 12 0 0 0 0 0 NIL 588 737 416 0 0 0 0 0 0 0 0 0 0 0 0 15858 4 35 </measResults>
            </measValue>
        </measInfo>
        <measInfo measInfoId="50331650">
            <granPeriod duration="PT3600S" endTime="2021-08-19T12:00:00+08:00"/>
            <repPeriod duration="PT3600S"/>
            <measTypes>50332548 50332549 50332550 50332554 50342548 50342549 50342550 50342554 50342612 50342613 50342615 50342616 </measTypes>
            <measValue measObjLdn="MML00G77HUNB001/ULoCell:NodeB Function Name=MML00G77HUNB001, Local Cell ID=10671, Cell Name=PFLRTU1">
                <measResults>0 0 31.252 16.028 0 0 48.5 25 0 0 0 0 </measResults>
            </measValue>
            <measValue measObjLdn="MML00G77HUNB001/ULoCell:NodeB Function Name=MML00G77HUNB001, Local Cell ID=10672, Cell Name=PFLRTU2">
                <measResults>0 0 50.345 27.314 0 0 88 40 0 0 0 0 </measResults>
            </measValue>
            <measValue measObjLdn="MML00G77HUNB001/ULoCell:NodeB Function Name=MML00G77HUNB001, Local Cell ID=10673, Cell Name=PFLRTU3">
                <measResults>0 0 59.08 24.621 0 0 114 39 0 0 0 0 </measResults>
            </measValue>
            <measValue measObjLdn="MML00G77HUNB001/ULoCell:NodeB Function Name=MML00G77HUNB001, Local Cell ID=50671, Cell Name=PFLRTN4">
                <measResults>0 0 24.071 10.65 0 0 41 19 0 0 0 0 </measResults>
            </measValue>
            <measValue measObjLdn="MML00G77HUNB001/ULoCell:NodeB Function Name=MML00G77HUNB001, Local Cell ID=50672, Cell Name=PFLRTN5">
                <measResults>0 0 25.222 10.151 0 0 58.5 19 0 0 0 0 </measResults>
            </measValue>
            <measValue measObjLdn="MML00G77HUNB001/ULoCell:NodeB Function Name=MML00G77HUNB001, Local Cell ID=50673, Cell Name=PFLRTN6">
                <measResults>0 0 83.307 32.939 0 0 123 47 0 0 0 0 </measResults>
            </measValue>
            <measValue measObjLdn="MML00G77HUNB001/ULoCell:NodeB Function Name=MML00G77HUNB001, Local Cell ID=60671, Cell Name=PFLRTN1">
                <measResults>0 0 27.377 13.447 0 0 59 27 0 0 0 0 </measResults>
            </measValue>
            <measValue measObjLdn="MML00G77HUNB001/ULoCell:NodeB Function Name=MML00G77HUNB001, Local Cell ID=60672, Cell Name=PFLRTN2">
                <measResults>0 0 34.931 16.678 0 0 57.5 30 0 0 0 0 </measResults>
            </measValue>
            <measValue measObjLdn="MML00G77HUNB001/ULoCell:NodeB Function Name=MML00G77HUNB001, Local Cell ID=60673, Cell Name=PFLRTN3">
                <measResults>0 0 94.662 51.422 0 0 128 67 0 0 0 0 </measResults>
            </measValue>
        </measInfo>
        <measInfo measInfoId="50331651">
            <granPeriod duration="PT3600S" endTime="2021-08-19T12:00:00+08:00"/>
            <repPeriod duration="PT3600S"/>
            <measTypes>50331850 50331851 50331852 50331853 50331854 50331855 50331856 50331857 50331858 50331859 50331860 50331861 50331862 50331863 50331864 50331865 50331866 50331867 50331868 50331869 50331870 50331871 50331872 50331873 50331874 50331875 50331876 50331877 50331878 50331879 50331885 50331886 50331887 50331888 50331889 50331892 50331903 50331904 50331908 50331925 50331926 50331927 50331928 50331929 50331930 50331931 50331957 50331958 50331959 50331961 50331962 50331963 50331964 50331965 50331966 50331967 50331971 50331972 50331973 50331974 50331987 50331988 50331989 50331990 50331991 50331992 50331993 50331995 50332378 50332379 50332380 50332385 50332386 50332387 50332498 50332499 50332500 50332501 50332503 50332507 50332623 50332638 50341849 50341850 50341851 50341852 50341853 50341854 50341855 50341856 50341857 50341858 50341859 50341864 50341865 50341866 50341868 50341869 50341870 50341871 50341872 50341873 50341874 50341875 50341876 50341877 50341878 50341879 50341880 50341881 50341882 50341883 50341884 50341885 50341886 50341887 50341888 50341889 50341890 50341891 50341892 50341893 50341894 50341895 50341896 50341897 50341898 50341980 50341981 50341982 50341983 50341984 50341985 50341986 50341994 50361698 50361699 50361701 </measTypes>
            <measValue measObjLdn="MML00G77HUNB001/ULoCell:NodeB Function Name=MML00G77HUNB001, Local Cell ID=10671, Cell Name=PFLRTU1">
                <measResults>1775635 13415 4613 1495 476 316 359 205 203 134 202 188 116 78 68 93 134 121 199 161 178 33 3 1 0 1600 2316 1938787 1800026 1644292 1204346 311384 15352008 746968 128564 5 557 592 1091448 1496 1196 1000 800 700 500 0 14 190 188 4886 3831 3485 3045 2913 1687 0 17372 26331 19402 355745 13673 60950 80230 166274 100982 97532 54760 757910 561469 296212 261557 1.04 246050 334069 0 0 NIL NIL 0 0.82 0 0 97 2.548 9.139 0.067 0.25 4 0 0 0 52 0 180 129 0 NIL NIL 3.752 0.131 0.007 0.002 0 0.001 768.708 614.184 558.036 398.01 363.378 194.052 0 925691.688 6.162 0.485 0.173 0.087 0.115 0.026 0.008 0.001 3 0 0 73 NIL NIL 349 2959.344 15138.654 22309.135 55660.656 46512.242 61422.375 30689.904 121805.016 0 NIL 0 </measResults>
            </measValue>
            <measValue measObjLdn="MML00G77HUNB001/ULoCell:NodeB Function Name=MML00G77HUNB001, Local Cell ID=10672, Cell Name=PFLRTU2">
                <measResults>1734709 31250 12297 7288 4741 2729 1679 1078 1810 1195 435 220 100 15 4 2 4 0 1 1 2 1 2 2 0 462 472 3170897 1800027 1781632 1812378 543741 17627417 999837 256534 10 508 761 1482732 3235 300 150 0 0 0 0 1 127 114 14801 407 217 0 0 0 0 35100 28071 15196 162232 33541 105779 222542 376262 170952 77096 4844 2206988 817658 141585 544023 2.05 245694 594512 0 0 NIL NIL 0 1.69 0 0 120 4.801 11.876 0.114 0.336 8 0 0 0 78 0 359 263 0 NIL NIL 2.093 0.067 0.013 0.02 0.027 0.1 9129.726 47.016 32.712 0 0 0 0 3338150.25 10.668 0.811 0.276 0.129 0.16 0.035 0.009 0.008 1.671 0 0 34 NIL NIL 612 11861.718 38394.738 121136.727 171057.578 70127.523 29050.873 2534.262 309004.094 0 NIL 0 </measResults>
            </measValue>
            <measValue measObjLdn="MML00G77HUNB001/ULoCell:NodeB Function Name=MML00G77HUNB001, Local Cell ID=10673, Cell Name=PFLRTU3">
                <measResults>1731831 23307 9483 5158 3402 3284 3144 2873 3817 2535 2127 1590 1234 893 893 680 491 289 224 239 312 197 88 222 8 1707 3322 3669334 1800028 1770999 2445464 630414 22177314 1665995 209790 14 601 685 1539887 16742 5545 3245 1636 1086 199 199 9 106 103 91362 25463 13300 5081 2632 405 405 38016 35732 30715 882021 25449 106536 211368 591634 410814 87150 10220 1791447 5038787 849107 515793 2.202 4429968 655295 0 0 NIL NIL 0 1.664 0 0 115 5.288 13.058 0.148 0.492 6 0 0 0 90 0 358 239 0 NIL NIL 4.179 0.162 0.026 0.045 0.054 0.189 80996.969 14705.558 5498.144 1867.788 1006.368 20.628 20.628 5757191.5 11.164 0.89 0.311 0.146 0.186 0.042 0.014 0.01 3.385 0 0 50 NIL NIL 388 23121.553 184965.156 404769.031 1919157.5 1748483.25 235213.281 6865.212 872363.5 0 NIL 0 </measResults>
            </measValue>
            <measValue measObjLdn="MML00G77HUNB001/ULoCell:NodeB Function Name=MML00G77HUNB001, Local Cell ID=50671, Cell Name=PFLRTN4">
                <measResults>1359780 118443 58221 43093 31972 24520 20441 17677 27359 21707 18690 19901 12048 7084 3861 2970 1847 1058 638 786 1002 1186 2537 461 218 2494 10558 1628822 1799994 1561626 1175212 335673 13620569 883899 217237 17 463 637 1128283 122589 50636 37081 14514 10361 6228 3369 36 196 189 295097 118097 86006 34322 24301 14506 7276 20522 16183 13086 491746 691 1502 6066 76105 125361 178666 138236 650691 686938 438839 248793 0.8 381904 327761 0 0 NIL NIL 0 0.568 0 0 92 2.166 5.998 0.076 0.198 4 0 0 0 80 0 208 138 3 NIL NIL 3.777 0.202 0.006 0.002 0 0 72853.703 26153.9 18090.936 4879.344 2926.44 1186.332 564.81 875060.438 5.01 0.357 0.125 0.065 0.081 0.019 0.007 0.003 2.998 0 6 86 NIL NIL 264 326.364 456.66 1804.736 22219.449 45925.879 99823.102 101236.977 77738.344 0 NIL 0 </measResults>
            </measValue>
            <measValue measObjLdn="MML00G77HUNB001/ULoCell:NodeB Function Name=MML00G77HUNB001, Local Cell ID=50672, Cell Name=PFLRTN5">
                <measResults>40298 71671 110604 156294 186453 203393 202642 189502 305480 194939 86648 29624 10410 4069 2288 1713 964 603 502 378 364 175 106 106 65 703 3067 2704949 1799994 1783689 1854772 365959 14402980 908186 189385 13 426 573 1395995 1053067 81623 17491 3575 2489 1050 250 3 95 87 4334986 331963 65104 10058 6031 2191 173 22878 28893 27272 330581 4017 3891 18636 179516 286710 228885 101154 1253511 666281 304003 431404 1.948 227362 463078 0 0 NIL NIL 0 1.658 0 0 124 4.023 9.452 0.077 0.292 5 0 0 0 78 0 216 166 0 NIL NIL 2.615 0.199 0.013 0.014 0.008 0.002 938404.875 74879.688 17192.418 1678.086 842.262 172.782 7.386 1546009.5 7.61 0.865 0.315 0.122 0.131 0.029 0.011 0.004 1.891 0 0 31 NIL NIL 464 5085.138 1719.42 11056.822 74849.609 90329.984 60332.313 46683.305 205788.844 0 NIL 0 </measResults>
            </measValue>
            <measValue measObjLdn="MML00G77HUNB001/ULoCell:NodeB Function Name=MML00G77HUNB001, Local Cell ID=50673, Cell Name=PFLRTN6">
                <measResults>0 0 7 71 663 2785 8467 19157 100242 296559 418239 279162 207327 180726 151979 76792 30078 11066 5371 4102 3398 1057 582 481 125 1559 33663 5735157 1799995 1799811 4466091 982821 34090413 3622783 680330 27 705 814 1785970 1799066 1422843 970172 456498 254850 9200 300 101 148 221 16023411 12907991 9006406 4232430 2316442 65104 525 66964 45868 43423 1736552 10842 13593 69388 587767 1276072 879026 260077 4255747 3819468 1726404 1226244 4.206 2809840 1105533 0 0 NIL NIL 0 3.2 0 0 114 8.905 16.94 0.236 0.434 8 4 0 0 89 0 551 465 5 NIL NIL 5.765 0.509 0.106 0.097 0.06 0.013 4530476.5 4073010.75 3456366 2230111.5 1388525.375 7332.876 40.566 4531280 18.717 1.427 0.478 0.184 0.225 0.047 0.017 0.005 4.261 0 71 37 NIL NIL 387 21866.396 5668.076 46517.707 407646.875 1094088.625 1005353.563 325139.125 1153117 0 NIL 0 </measResults>
            </measValue>
            <measValue measObjLdn="MML00G77HUNB001/ULoCell:NodeB Function Name=MML00G77HUNB001, Local Cell ID=60671, Cell Name=PFLRTN1">
                <measResults>712323 274898 202291 162782 120739 86683 59750 39876 45774 24506 15700 9904 6824 4878 4443 3933 3116 2113 1442 1369 3275 3618 4021 3034 182 2520 21996 3134063 1799994 1753648 1770118 463798 13080501 1154996 253503 14 480 813 1295885 181988 49493 37993 26481 22506 14840 5931 170 92 236 733650 189187 143683 103261 88361 61805 28713 16135 11450 7976 630496 1475 25271 46281 139088 240768 227097 68175 1147687 796126 542539 315179 1.78 458158 366481 0 0 NIL NIL 0 1.436 0 0 159 3.622 8.609 0.095 0.402 5 0 0 0 55 0 242 179 5 NIL NIL 3.504 0.213 0.006 0.003 0.002 0 196118.953 67203.602 46731.633 26434.404 15911.172 5209.74 2177.292 1060653.5 6.291 0.471 0.145 0.068 0.099 0.016 0.005 0.003 2.525 0 7 39 NIL NIL 292 489.06 9899.22 18848.01 45453.32 86146.969 128009.82 40739.457 143480.688 0 NIL 0 </measResults>
            </measValue>
            <measValue measObjLdn="MML00G77HUNB001/ULoCell:NodeB Function Name=MML00G77HUNB001, Local Cell ID=60672, Cell Name=PFLRTN2">
                <measResults>0 0 0 0 0 0 0 0 0 0 0 17 158 10595 133677 600793 706948 260697 58276 16159 7379 2364 812 581 121 1421 400768 7210463 1799998 1798420 2651452 719543 15003056 1460071 347638 15 581 901 1533443 1798422 1798422 1798422 1798422 1794926 329379 100 391 91 456 12126151 12126151 12126151 12126151 12108260 2443292 430 21418 19373 15642 548115 6780 33165 134259 580682 665972 562239 227656 2960398 468557 398571 610853 3.882 161169 340123 0 0 NIL NIL 0 3.37 0 0 265 6.735 15.54 0.105 0.296 10 14 0 0 55 0 377 258 850 NIL NIL 1.971 0.144 0.001 0 0 0 860432.063 860432.063 860432.063 860432.063 858617 130547.789 36.882 860432.063 11.929 0.655 0.136 0.042 0.043 0.002 0 0 1.478 0 201 2 NIL NIL 477 1082.766 4758.528 17399.377 74491.68 93959.406 88156.438 51361.625 199951.5 0 NIL 0 </measResults>
            </measValue>
            <measValue measObjLdn="MML00G77HUNB001/ULoCell:NodeB Function Name=MML00G77HUNB001, Local Cell ID=60673, Cell Name=PFLRTN3">
                <measResults>0 0 0 0 0 0 0 0 0 0 0 978 13054 62649 197551 407302 477847 321227 164476 81982 49482 12402 4387 2453 443 3762 685641 15037910 1799995 1799995 5286618 1546332 30456071 3994255 777487 22 798 928 1795864 1800000 1800000 1800000 1797950 1771400 630650 100 2085 126 2115 25275366 25275366 25275366 25250680 24917923 9541807 721 35649 24932 27089 1374629 50153 205912 548960 2194525 2190001 1000269 73118 7769150 1051508 449992 2034608 7.614 196341 933993 0 0 NIL NIL 0 6.726 0 0 269 14.042 23.486 0.266 0.469 12 20 0 0 63 0 706 557 651 NIL NIL 3.676 0.132 0.002 0.001 0 0 1554307.75 1554307.75 1554307.75 1552385.25 1528392.125 508088.938 39.966 1554307.75 25.384 1.128 0.192 0.059 0.074 0.005 0.001 0 2.761 0 342 3 NIL NIL 442 5990.226 24125.721 64991.129 248516.406 257415.984 131708.297 11888.418 478480.188 0 NIL 0 </measResults>
            </measValue>
        </measInfo>
        <measInfo measInfoId="50331653">
            <granPeriod duration="PT3600S" endTime="2021-08-19T12:00:00+08:00"/>
            <repPeriod duration="PT3600S"/>
            <measTypes>50331748 50331749 50331750 50331751 50331752 50331753 50361697 </measTypes>
            <measValue measObjLdn="MML00G77HUNB001/ULoCell:NodeB Function Name=MML00G77HUNB001, Local Cell ID=10671, Cell Name=PFLRTU1">
                <measResults>0.59 0.532 0.59 0.482 0 0 0.39 </measResults>
            </measValue>
            <measValue measObjLdn="MML00G77HUNB001/ULoCell:NodeB Function Name=MML00G77HUNB001, Local Cell ID=10672, Cell Name=PFLRTU2">
                <measResults>0.129 0.121 0.129 0.118 0 0 0.468 </measResults>
            </measValue>
            <measValue measObjLdn="MML00G77HUNB001/ULoCell:NodeB Function Name=MML00G77HUNB001, Local Cell ID=10673, Cell Name=PFLRTU3">
                <measResults>0.313 0.262 0.313 0.229 0 0 0.459 </measResults>
            </measValue>
            <measValue measObjLdn="MML00G77HUNB001/ULoCell:NodeB Function Name=MML00G77HUNB001, Local Cell ID=50671, Cell Name=PFLRTN4">
                <measResults>0.826 0.725 0.826 0.656 0 0 0.08 </measResults>
            </measValue>
            <measValue measObjLdn="MML00G77HUNB001/ULoCell:NodeB Function Name=MML00G77HUNB001, Local Cell ID=50672, Cell Name=PFLRTN5">
                <measResults>0.225 0.2 0.225 0.199 0 0 0.11 </measResults>
            </measValue>
            <measValue measObjLdn="MML00G77HUNB001/ULoCell:NodeB Function Name=MML00G77HUNB001, Local Cell ID=50673, Cell Name=PFLRTN6">
                <measResults>0.017 0.014 0.017 0.014 0 0 0.11 </measResults>
            </measValue>
            <measValue measObjLdn="MML00G77HUNB001/ULoCell:NodeB Function Name=MML00G77HUNB001, Local Cell ID=60671, Cell Name=PFLRTN1">
                <measResults>0.947 0.842 0.947 0.764 0 0 0.364 </measResults>
            </measValue>
            <measValue measObjLdn="MML00G77HUNB001/ULoCell:NodeB Function Name=MML00G77HUNB001, Local Cell ID=60672, Cell Name=PFLRTN2">
                <measResults>0.304 0.283 0.304 0.279 0 0 0.386 </measResults>
            </measValue>
            <measValue measObjLdn="MML00G77HUNB001/ULoCell:NodeB Function Name=MML00G77HUNB001, Local Cell ID=60673, Cell Name=PFLRTN3">
                <measResults>0.011 0.01 0.011 0.01 0 0 0.278 </measResults>
            </measValue>
        </measInfo>
        <measInfo measInfoId="50331658">
            <granPeriod duration="PT3600S" endTime="2021-08-19T12:00:00+08:00"/>
            <repPeriod duration="PT3600S"/>
            <measTypes>50332250 50332251 50332410 50332411 </measTypes>
            <measValue measObjLdn="MML00G77HUNB001/ULoCell:NodeB Function Name=MML00G77HUNB001, Local Cell ID=10671, Cell Name=PFLRTU1">
                <measResults>0 0 0 0 </measResults>
            </measValue>
            <measValue measObjLdn="MML00G77HUNB001/ULoCell:NodeB Function Name=MML00G77HUNB001, Local Cell ID=10672, Cell Name=PFLRTU2">
                <measResults>0 0 0 0 </measResults>
            </measValue>
            <measValue measObjLdn="MML00G77HUNB001/ULoCell:NodeB Function Name=MML00G77HUNB001, Local Cell ID=10673, Cell Name=PFLRTU3">
                <measResults>0 0 0 0 </measResults>
            </measValue>
            <measValue measObjLdn="MML00G77HUNB001/ULoCell:NodeB Function Name=MML00G77HUNB001, Local Cell ID=50671, Cell Name=PFLRTN4">
                <measResults>0 0 0 0 </measResults>
            </measValue>
            <measValue measObjLdn="MML00G77HUNB001/ULoCell:NodeB Function Name=MML00G77HUNB001, Local Cell ID=50672, Cell Name=PFLRTN5">
                <measResults>0 0 0 0 </measResults>
            </measValue>
            <measValue measObjLdn="MML00G77HUNB001/ULoCell:NodeB Function Name=MML00G77HUNB001, Local Cell ID=50673, Cell Name=PFLRTN6">
                <measResults>0 0 0 0 </measResults>
            </measValue>
            <measValue measObjLdn="MML00G77HUNB001/ULoCell:NodeB Function Name=MML00G77HUNB001, Local Cell ID=60671, Cell Name=PFLRTN1">
                <measResults>0 0 0 0 </measResults>
            </measValue>
            <measValue measObjLdn="MML00G77HUNB001/ULoCell:NodeB Function Name=MML00G77HUNB001, Local Cell ID=60672, Cell Name=PFLRTN2">
                <measResults>0 0 0 0 </measResults>
            </measValue>
            <measValue measObjLdn="MML00G77HUNB001/ULoCell:NodeB Function Name=MML00G77HUNB001, Local Cell ID=60673, Cell Name=PFLRTN3">
                <measResults>0 0 0 0 </measResults>
            </measValue>
        </measInfo>
        <measInfo measInfoId="50331660">
            <granPeriod duration="PT3600S" endTime="2021-08-19T12:00:00+08:00"/>
            <repPeriod duration="PT3600S"/>
            <measTypes>50361670 50361671 50361672 50361673 </measTypes>
            <measValue measObjLdn="MML00G77HUNB001/ULoCell:NodeB Function Name=MML00G77HUNB001, Local Cell ID=10671, Cell Name=PFLRTU1">
                <measResults>0 0 0 0 </measResults>
            </measValue>
            <measValue measObjLdn="MML00G77HUNB001/ULoCell:NodeB Function Name=MML00G77HUNB001, Local Cell ID=10672, Cell Name=PFLRTU2">
                <measResults>0 0 0 0 </measResults>
            </measValue>
            <measValue measObjLdn="MML00G77HUNB001/ULoCell:NodeB Function Name=MML00G77HUNB001, Local Cell ID=10673, Cell Name=PFLRTU3">
                <measResults>0 0 0 0 </measResults>
            </measValue>
            <measValue measObjLdn="MML00G77HUNB001/ULoCell:NodeB Function Name=MML00G77HUNB001, Local Cell ID=50671, Cell Name=PFLRTN4">
                <measResults>0 0 0 0 </measResults>
            </measValue>
            <measValue measObjLdn="MML00G77HUNB001/ULoCell:NodeB Function Name=MML00G77HUNB001, Local Cell ID=50672, Cell Name=PFLRTN5">
                <measResults>0 0 0 0 </measResults>
            </measValue>
            <measValue measObjLdn="MML00G77HUNB001/ULoCell:NodeB Function Name=MML00G77HUNB001, Local Cell ID=50673, Cell Name=PFLRTN6">
                <measResults>0 0 0 0 </measResults>
            </measValue>
            <measValue measObjLdn="MML00G77HUNB001/ULoCell:NodeB Function Name=MML00G77HUNB001, Local Cell ID=60671, Cell Name=PFLRTN1">
                <measResults>0 0 0 0 </measResults>
            </measValue>
            <measValue measObjLdn="MML00G77HUNB001/ULoCell:NodeB Function Name=MML00G77HUNB001, Local Cell ID=60672, Cell Name=PFLRTN2">
                <measResults>0 0 0 0 </measResults>
            </measValue>
            <measValue measObjLdn="MML00G77HUNB001/ULoCell:NodeB Function Name=MML00G77HUNB001, Local Cell ID=60673, Cell Name=PFLRTN3">
                <measResults>0 0 0 0 </measResults>
            </measValue>
        </measInfo>
        <measInfo measInfoId="50331661">
            <granPeriod duration="PT3600S" endTime="2021-08-19T12:00:00+08:00"/>
            <repPeriod duration="PT3600S"/>
            <measTypes>50332048 50332049 50332050 50332051 </measTypes>
            <measValue measObjLdn="MML00G77HUNB001/ULoCell:NodeB Function Name=MML00G77HUNB001, Local Cell ID=10671, Cell Name=PFLRTU1">
                <measResults>51320 0 174838 0 </measResults>
            </measValue>
            <measValue measObjLdn="MML00G77HUNB001/ULoCell:NodeB Function Name=MML00G77HUNB001, Local Cell ID=10672, Cell Name=PFLRTU2">
                <measResults>80229 0 175356 0 </measResults>
            </measValue>
            <measValue measObjLdn="MML00G77HUNB001/ULoCell:NodeB Function Name=MML00G77HUNB001, Local Cell ID=10673, Cell Name=PFLRTU3">
                <measResults>70035 0 176368 0 </measResults>
            </measValue>
            <measValue measObjLdn="MML00G77HUNB001/ULoCell:NodeB Function Name=MML00G77HUNB001, Local Cell ID=50671, Cell Name=PFLRTN4">
                <measResults>66401 0 174818 0 </measResults>
            </measValue>
            <measValue measObjLdn="MML00G77HUNB001/ULoCell:NodeB Function Name=MML00G77HUNB001, Local Cell ID=50672, Cell Name=PFLRTN5">
                <measResults>48286 0 174128 0 </measResults>
            </measValue>
            <measValue measObjLdn="MML00G77HUNB001/ULoCell:NodeB Function Name=MML00G77HUNB001, Local Cell ID=50673, Cell Name=PFLRTN6">
                <measResults>123212 0 178272 0 </measResults>
            </measValue>
            <measValue measObjLdn="MML00G77HUNB001/ULoCell:NodeB Function Name=MML00G77HUNB001, Local Cell ID=60671, Cell Name=PFLRTN1">
                <measResults>58823 0 174019 0 </measResults>
            </measValue>
            <measValue measObjLdn="MML00G77HUNB001/ULoCell:NodeB Function Name=MML00G77HUNB001, Local Cell ID=60672, Cell Name=PFLRTN2">
                <measResults>79940 0 174821 0 </measResults>
            </measValue>
            <measValue measObjLdn="MML00G77HUNB001/ULoCell:NodeB Function Name=MML00G77HUNB001, Local Cell ID=60673, Cell Name=PFLRTN3">
                <measResults>154362 0 178735 0 </measResults>
            </measValue>
        </measInfo>
        <measInfo measInfoId="50331662">
            <granPeriod duration="PT3600S" endTime="2021-08-19T12:00:00+08:00"/>
            <repPeriod duration="PT3600S"/>
            <measTypes>50332052 50332053 50332054 50332070 50332505 </measTypes>
            <measValue measObjLdn="MML00G77HUNB001/ULoCell:NodeB Function Name=MML00G77HUNB001, Local Cell ID=10671, Cell Name=PFLRTU1">
                <measResults>77 166 1098205 0 0 </measResults>
            </measValue>
            <measValue measObjLdn="MML00G77HUNB001/ULoCell:NodeB Function Name=MML00G77HUNB001, Local Cell ID=10672, Cell Name=PFLRTU2">
                <measResults>57 191 2094216 0 0 </measResults>
            </measValue>
            <measValue measObjLdn="MML00G77HUNB001/ULoCell:NodeB Function Name=MML00G77HUNB001, Local Cell ID=10673, Cell Name=PFLRTU3">
                <measResults>168 153 2181216 0 0 </measResults>
            </measValue>
            <measValue measObjLdn="MML00G77HUNB001/ULoCell:NodeB Function Name=MML00G77HUNB001, Local Cell ID=50671, Cell Name=PFLRTN4">
                <measResults>6 113 367200 0 0 </measResults>
            </measValue>
            <measValue measObjLdn="MML00G77HUNB001/ULoCell:NodeB Function Name=MML00G77HUNB001, Local Cell ID=50672, Cell Name=PFLRTN5">
                <measResults>111 192 362567 0 0 </measResults>
            </measValue>
            <measValue measObjLdn="MML00G77HUNB001/ULoCell:NodeB Function Name=MML00G77HUNB001, Local Cell ID=50673, Cell Name=PFLRTN6">
                <measResults>257 198 861774 0 0 </measResults>
            </measValue>
            <measValue measObjLdn="MML00G77HUNB001/ULoCell:NodeB Function Name=MML00G77HUNB001, Local Cell ID=60671, Cell Name=PFLRTN1">
                <measResults>84 136 797028 0 0 </measResults>
            </measValue>
            <measValue measObjLdn="MML00G77HUNB001/ULoCell:NodeB Function Name=MML00G77HUNB001, Local Cell ID=60672, Cell Name=PFLRTN2">
                <measResults>166 121 1122730 0 0 </measResults>
            </measValue>
            <measValue measObjLdn="MML00G77HUNB001/ULoCell:NodeB Function Name=MML00G77HUNB001, Local Cell ID=60673, Cell Name=PFLRTN3">
                <measResults>179 236 2575634 0 0 </measResults>
            </measValue>
        </measInfo>
        <measInfo measInfoId="50331663">
            <granPeriod duration="PT3600S" endTime="2021-08-19T12:00:00+08:00"/>
            <repPeriod duration="PT3600S"/>
            <measTypes>50331917 50332061 50332064 50332065 50332069 50332071 50332072 50332073 50332074 50332079 50332258 50332388 50332389 50332504 50332626 50332632 50332639 50332640 50332641 50332645 50342048 50342049 50342050 50342051 50361705 50361706 50361725 50361726 50361735 50361740 50361743 50361744 50361747 50361749 50361751 50361753 50361755 50361757 50361759 50361761 50361763 50361765 50361767 50361769 50361771 50361773 50361775 50361777 50361779 50361781 50361783 50361785 50361787 50361789 50361791 50361793 50361795 </measTypes>
            <measValue measObjLdn="MML00G77HUNB001/ULoCell:NodeB Function Name=MML00G77HUNB001, Local Cell ID=10671, Cell Name=PFLRTU1">
                <measResults>1000 3 254 0.128 0 0 0 0 0 0 5.267 0 3.531 0 0 0 0 0 NIL 0 52 104.445 0.05 0 0 0 0 NIL NIL NIL NIL NIL NIL NIL NIL NIL NIL NIL NIL NIL NIL NIL NIL NIL NIL NIL NIL NIL NIL NIL NIL NIL NIL NIL NIL NIL NIL </measResults>
            </measValue>
            <measValue measObjLdn="MML00G77HUNB001/ULoCell:NodeB Function Name=MML00G77HUNB001, Local Cell ID=10672, Cell Name=PFLRTU2">
                <measResults>835.979 4 251 5.72 0 0 0 0 0 0 8.097 0 5.544 0 0 0 0 0 NIL 0 18 142.139 1.743 0 0 0 0 NIL NIL NIL NIL NIL NIL NIL NIL NIL NIL NIL NIL NIL NIL NIL NIL NIL NIL NIL NIL NIL NIL NIL NIL NIL NIL NIL NIL NIL NIL </measResults>
            </measValue>
            <measValue measObjLdn="MML00G77HUNB001/ULoCell:NodeB Function Name=MML00G77HUNB001, Local Cell ID=10673, Cell Name=PFLRTU3">
                <measResults>999.796 6 253 7.369 0 0 0 0 0 0 7.896 0 6.341 0 0 0 0 0 NIL 0 19 148.627 2.051 0 0 0 0 NIL NIL NIL NIL NIL NIL NIL NIL NIL NIL NIL NIL NIL NIL NIL NIL NIL NIL NIL NIL NIL NIL NIL NIL NIL NIL NIL NIL NIL NIL </measResults>
            </measValue>
            <measValue measObjLdn="MML00G77HUNB001/ULoCell:NodeB Function Name=MML00G77HUNB001, Local Cell ID=50671, Cell Name=PFLRTN4">
                <measResults>998.901 7 256 0 0 0 0 0 0 0 1.356 0 3.347 0 0 0 0 0 NIL 0 27 100.011 0 0 0 0 0 NIL NIL NIL NIL NIL NIL NIL NIL NIL NIL NIL NIL NIL NIL NIL NIL NIL NIL NIL NIL NIL NIL NIL NIL NIL NIL NIL NIL NIL NIL </measResults>
            </measValue>
            <measValue measObjLdn="MML00G77HUNB001/ULoCell:NodeB Function Name=MML00G77HUNB001, Local Cell ID=50672, Cell Name=PFLRTN5">
                <measResults>999.347 5 255 0 0 0 0 0 0 0 0.95 0 5.023 50 0 0 0 0 NIL 0 16 126.615 0 0 0 0 0 NIL NIL NIL NIL NIL NIL NIL NIL NIL NIL NIL NIL NIL NIL NIL NIL NIL NIL NIL NIL NIL NIL NIL NIL NIL NIL NIL NIL NIL NIL </measResults>
            </measValue>
            <measValue measObjLdn="MML00G77HUNB001/ULoCell:NodeB Function Name=MML00G77HUNB001, Local Cell ID=50673, Cell Name=PFLRTN6">
                <measResults>997.847 12 254 0 0 0 0 0 0 0 2.064 0 11.934 8.333 0 0 0 0 NIL 0 33 193.233 0 0 0 0 0 NIL NIL NIL NIL NIL NIL NIL NIL NIL NIL NIL NIL NIL NIL NIL NIL NIL NIL NIL NIL NIL NIL NIL NIL NIL NIL NIL NIL NIL NIL </measResults>
            </measValue>
            <measValue measObjLdn="MML00G77HUNB001/ULoCell:NodeB Function Name=MML00G77HUNB001, Local Cell ID=60671, Cell Name=PFLRTN1">
                <measResults>995.708 9 256 0 0 0 0 0 0 0 2.833 0 4.158 0 0 0 0 0 NIL 0 29 110.926 0 1.86 0 0 0 0.997 NIL NIL NIL NIL NIL NIL NIL NIL NIL NIL NIL NIL NIL NIL NIL NIL NIL NIL NIL NIL NIL NIL NIL NIL NIL NIL NIL NIL NIL </measResults>
            </measValue>
            <measValue measObjLdn="MML00G77HUNB001/ULoCell:NodeB Function Name=MML00G77HUNB001, Local Cell ID=60672, Cell Name=PFLRTN2">
                <measResults>763.157 8 253 0 0 0 0 0 0 0 4.617 0 6.523 0 0 0 0 0 NIL 0 24 93.528 0 7.225 0 0 0 1 NIL NIL NIL NIL NIL NIL NIL NIL NIL NIL NIL NIL NIL NIL NIL NIL NIL NIL NIL NIL NIL NIL NIL NIL NIL NIL NIL NIL NIL </measResults>
            </measValue>
            <measValue measObjLdn="MML00G77HUNB001/ULoCell:NodeB Function Name=MML00G77HUNB001, Local Cell ID=60673, Cell Name=PFLRTN3">
                <measResults>881.624 15 251 0.088 0 0 0 0 0 0 10.879 0 14.472 0 0 0 0 0 NIL 0 35 187.837 0.017 2.838 0 0 0 1 NIL NIL NIL NIL NIL NIL NIL NIL NIL NIL NIL NIL NIL NIL NIL NIL NIL NIL NIL NIL NIL NIL NIL NIL NIL NIL NIL NIL NIL </measResults>
            </measValue>
        </measInfo>
        <measInfo measInfoId="50331665">
            <granPeriod duration="PT3600S" endTime="2021-08-19T12:00:00+08:00"/>
            <repPeriod duration="PT3600S"/>
            <measTypes>50331740 50331741 50331742 50331743 50331744 50331909 50331910 50331911 50331912 50331913 50332381 50332382 50332576 50332577 </measTypes>
            <measValue measObjLdn="MML00G77HUNB001/ULoCell:NodeB Function Name=MML00G77HUNB001, Local Cell ID=10671, Cell Name=PFLRTU1">
                <measResults>0 0 0 0 0 0 0 0 0 0 0 0 0 0 </measResults>
            </measValue>
            <measValue measObjLdn="MML00G77HUNB001/ULoCell:NodeB Function Name=MML00G77HUNB001, Local Cell ID=10672, Cell Name=PFLRTU2">
                <measResults>0 0 0 0 0 0 0 0 0 0 0 0 0 0 </measResults>
            </measValue>
            <measValue measObjLdn="MML00G77HUNB001/ULoCell:NodeB Function Name=MML00G77HUNB001, Local Cell ID=10673, Cell Name=PFLRTU3">
                <measResults>0 0 0 0 0 0 0 0 0 0 0 0 0 0 </measResults>
            </measValue>
            <measValue measObjLdn="MML00G77HUNB001/ULoCell:NodeB Function Name=MML00G77HUNB001, Local Cell ID=50671, Cell Name=PFLRTN4">
                <measResults>0 0 0 0 0 0 0 0 0 0 0 0 0 0 </measResults>
            </measValue>
            <measValue measObjLdn="MML00G77HUNB001/ULoCell:NodeB Function Name=MML00G77HUNB001, Local Cell ID=50672, Cell Name=PFLRTN5">
                <measResults>0 0 0 0 0 0 0 0 0 0 0 0 0 0 </measResults>
            </measValue>
            <measValue measObjLdn="MML00G77HUNB001/ULoCell:NodeB Function Name=MML00G77HUNB001, Local Cell ID=50673, Cell Name=PFLRTN6">
                <measResults>0 0 0 0 0 0 0 0 0 0 0 0 0 0 </measResults>
            </measValue>
            <measValue measObjLdn="MML00G77HUNB001/ULoCell:NodeB Function Name=MML00G77HUNB001, Local Cell ID=60671, Cell Name=PFLRTN1">
                <measResults>0 0 0 0 0 0 0 0 0 0 0 0 0 0 </measResults>
            </measValue>
            <measValue measObjLdn="MML00G77HUNB001/ULoCell:NodeB Function Name=MML00G77HUNB001, Local Cell ID=60672, Cell Name=PFLRTN2">
                <measResults>0 0 0 0 0 0 0 0 0 0 0 0 0 0 </measResults>
            </measValue>
            <measValue measObjLdn="MML00G77HUNB001/ULoCell:NodeB Function Name=MML00G77HUNB001, Local Cell ID=60673, Cell Name=PFLRTN3">
                <measResults>0 0 0 0 0 0 0 0 0 0 0 0 0 0 </measResults>
            </measValue>
        </measInfo>
        <measInfo measInfoId="50331673">
            <granPeriod duration="PT3600S" endTime="2021-08-19T12:00:00+08:00"/>
            <repPeriod duration="PT3600S"/>
            <measTypes>50332055 50332056 50332057 50332058 50332059 50332060 50332278 50332279 50332280 50332281 50332282 50332283 50332284 50332285 50332286 50361648 50361649 50361650 50361651 </measTypes>
            <measValue measObjLdn="MML00G77HUNB001/ULoCell:NodeB Function Name=MML00G77HUNB001, Local Cell ID=10671, Cell Name=PFLRTU1">
                <measResults>145 56 28 0 0 0 25 25 6 12 12 0 1 17 12 0 0 0 0 </measResults>
            </measValue>
            <measValue measObjLdn="MML00G77HUNB001/ULoCell:NodeB Function Name=MML00G77HUNB001, Local Cell ID=10672, Cell Name=PFLRTU2">
                <measResults>166 113 84 0 0 0 21 24 4 12 2 1 0 16 27 0 0 0 0 </measResults>
            </measValue>
            <measValue measObjLdn="MML00G77HUNB001/ULoCell:NodeB Function Name=MML00G77HUNB001, Local Cell ID=10673, Cell Name=PFLRTU3">
                <measResults>175 110 84 0 0 0 31 38 10 22 16 2 2 29 126 0 0 0 0 </measResults>
            </measValue>
            <measValue measObjLdn="MML00G77HUNB001/ULoCell:NodeB Function Name=MML00G77HUNB001, Local Cell ID=50671, Cell Name=PFLRTN4">
                <measResults>45 9 4 0 0 0 18 19 18 24 40 2 5 34 40 0 0 0 0 </measResults>
            </measValue>
            <measValue measObjLdn="MML00G77HUNB001/ULoCell:NodeB Function Name=MML00G77HUNB001, Local Cell ID=50672, Cell Name=PFLRTN5">
                <measResults>67 9 4 0 0 0 10 12 18 31 20 4 3 50 20 0 0 0 0 </measResults>
            </measValue>
            <measValue measObjLdn="MML00G77HUNB001/ULoCell:NodeB Function Name=MML00G77HUNB001, Local Cell ID=50673, Cell Name=PFLRTN6">
                <measResults>156 27 17 0 0 0 20 24 29 49 42 7 12 70 133 0 0 0 0 </measResults>
            </measValue>
            <measValue measObjLdn="MML00G77HUNB001/ULoCell:NodeB Function Name=MML00G77HUNB001, Local Cell ID=60671, Cell Name=PFLRTN1">
                <measResults>50 21 17 0 0 0 42 35 18 29 32 3 5 35 28 0 0 0 0 </measResults>
            </measValue>
            <measValue measObjLdn="MML00G77HUNB001/ULoCell:NodeB Function Name=MML00G77HUNB001, Local Cell ID=60672, Cell Name=PFLRTN2">
                <measResults>86 41 19 0 0 0 43 37 17 31 11 5 4 35 9 0 0 0 0 </measResults>
            </measValue>
            <measValue measObjLdn="MML00G77HUNB001/ULoCell:NodeB Function Name=MML00G77HUNB001, Local Cell ID=60673, Cell Name=PFLRTN3">
                <measResults>166 87 42 0 0 0 83 78 22 43 19 8 7 57 10 0 0 0 0 </measResults>
            </measValue>
        </measInfo>
        <measInfo measInfoId="50331674">
            <granPeriod duration="PT3600S" endTime="2021-08-19T12:00:00+08:00"/>
            <repPeriod duration="PT3600S"/>
            <measTypes>50332161 50332162 50332163 50332164 50332165 50341718 50341719 50341720 50341721 </measTypes>
            <measValue measObjLdn="MML00G77HUNB001/ULoCell:NodeB Function Name=MML00G77HUNB001, Local Cell ID=10671, Cell Name=PFLRTU1">
                <measResults>0 0 0 0 0 0 0 0 0 </measResults>
            </measValue>
            <measValue measObjLdn="MML00G77HUNB001/ULoCell:NodeB Function Name=MML00G77HUNB001, Local Cell ID=10672, Cell Name=PFLRTU2">
                <measResults>0 0 0 0 0 0 0 0 0 </measResults>
            </measValue>
            <measValue measObjLdn="MML00G77HUNB001/ULoCell:NodeB Function Name=MML00G77HUNB001, Local Cell ID=10673, Cell Name=PFLRTU3">
                <measResults>0 0 0 0 0 0 0 0 0 </measResults>
            </measValue>
            <measValue measObjLdn="MML00G77HUNB001/ULoCell:NodeB Function Name=MML00G77HUNB001, Local Cell ID=50671, Cell Name=PFLRTN4">
                <measResults>0 0 0 0 0 0 0 0 0 </measResults>
            </measValue>
            <measValue measObjLdn="MML00G77HUNB001/ULoCell:NodeB Function Name=MML00G77HUNB001, Local Cell ID=50672, Cell Name=PFLRTN5">
                <measResults>0 0 0 0 0 0 0 0 0 </measResults>
            </measValue>
            <measValue measObjLdn="MML00G77HUNB001/ULoCell:NodeB Function Name=MML00G77HUNB001, Local Cell ID=50673, Cell Name=PFLRTN6">
                <measResults>0 0 0 0 0 0 0 0 0 </measResults>
            </measValue>
            <measValue measObjLdn="MML00G77HUNB001/ULoCell:NodeB Function Name=MML00G77HUNB001, Local Cell ID=60671, Cell Name=PFLRTN1">
                <measResults>0 0 0 0 0 0 0 0 0 </measResults>
            </measValue>
            <measValue measObjLdn="MML00G77HUNB001/ULoCell:NodeB Function Name=MML00G77HUNB001, Local Cell ID=60672, Cell Name=PFLRTN2">
                <measResults>0 0 0 0 0 0 0 0 0 </measResults>
            </measValue>
            <measValue measObjLdn="MML00G77HUNB001/ULoCell:NodeB Function Name=MML00G77HUNB001, Local Cell ID=60673, Cell Name=PFLRTN3">
                <measResults>0 0 0 0 0 0 0 0 0 </measResults>
            </measValue>
        </measInfo>
        <measInfo measInfoId="50331676">
            <granPeriod duration="PT3600S" endTime="2021-08-19T12:00:00+08:00"/>
            <repPeriod duration="PT3600S"/>
            <measTypes>50331747 50332175 50332176 50332177 50332178 50332179 50332180 50332181 50332182 50332183 50332184 50332185 50332186 50332187 50332188 50332189 50332190 50332192 50332193 50332194 50332195 50332196 50332197 50332198 50332199 50332200 50332201 50332202 50332203 50332204 50332205 50332206 50332207 50332208 50332209 50332210 50332211 50332212 50332213 50332214 50332219 50332232 50332233 50332234 50332235 50332236 50332237 50332238 50332245 50332246 50332648 50332649 50332650 50332651 50332652 50332653 50332654 50332655 50332656 50332657 50332658 50332670 50332848 50332849 50332850 50332853 50332854 50332855 50332856 50332865 50332866 50332867 50332868 50332869 50332870 50332871 50332872 50332873 50332874 50332875 50332876 50332877 50332878 50332879 50332880 50332881 50332882 50332883 50332884 50332885 50332886 50332887 50332888 50332889 50332890 50332891 50332892 50332894 50332895 50332896 50332897 50332898 50332899 50332900 50332901 50332902 50332903 50332904 50332905 50332906 50332907 50332908 50332909 50332910 50332943 50332944 50332945 50332946 50332947 50332948 50332949 50332950 50332951 50332952 50332953 50332954 50332955 50332956 50332957 50332958 50332959 50332960 50332961 50332962 50332963 50332964 50332965 50332966 50332967 50332968 50332969 50332970 50332971 50332972 50332973 50332974 50332985 50332986 50332987 50332990 50341723 50341741 50341742 50341743 50341748 50341749 50341750 50341751 50341752 50341753 50341754 50341755 50341756 50341757 50341758 50341759 </measTypes>
            <measValue measObjLdn="MML00G77HUNB001/ULoCell:NodeB Function Name=MML00G77HUNB001, Local Cell ID=10671, Cell Name=PFLRTU1">
                <measResults>3458067940 1075451 142174 54613 40463 32280 34770 8074 33129 10650 37056 35721 209713 85828 78 0 0 0 3356020026 52616 0 24611 0 0 0 0 90 102824 186844 5667 931 1085 710 491 391 621 476 92 10 3 866434400 3460611166 1143725 4097864396 1226264 536074 488229 289302 292266129 229542 341703 117064 137439 82402 46684 38389 53357 34376 2987 11 0 395645 0 0 0 269041 76 27 115202 0 0 0 0 0 0 0 0 0 8958 640 0 210185871 592980442 653874407 1297787072 397924 327627 176420 173111 0 0 0 0 2530563 8351 4943 0 0 0 0 0 0 0 0 0 0 0 0 0 0 0 0 0 0 0 0 0 0 0 0 0 0 0 0 0 0 0 0 0 0 NIL NIL NIL NIL NIL NIL NIL NIL NIL NIL NIL NIL NIL NIL NIL NIL 0 0 0 972762 7.752 NIL 0 0 116703.82 173828.375 398514.125 402768.344 325011.344 344713 635763.938 558090.25 63822.414 348.432 0 2729031.75 </measResults>
            </measValue>
            <measValue measObjLdn="MML00G77HUNB001/ULoCell:NodeB Function Name=MML00G77HUNB001, Local Cell ID=10672, Cell Name=PFLRTU2">
                <measResults>2536814276 488222 241475 167893 131079 129390 133108 21969 113291 79162 191684 80391 20586 1750 0 0 0 0 2344927393 263827 0 58758 0 0 0 0 429 208985 767292 15229 2028 1550 518 216 94 46 7 1 0 0 56091032 2520529709 3283361 3161782364 2758863 643245 248483 24799 411667304 942402 2156949 398680 229348 52125 15915 6144 1392 5 0 0 0 304929 0 0 0 917735 1152 180 89254 0 0 0 0 0 0 0 0 0 44494 39856 0 648032974 896746495 619396779 332533508 1744193 1139478 291581 106171 0 0 0 0 2253474 5430 5049 0 0 0 0 0 0 0 0 0 0 0 0 0 0 0 0 0 0 0 0 0 0 0 0 0 0 0 0 0 0 0 0 0 0 NIL NIL NIL NIL NIL NIL NIL NIL NIL NIL NIL NIL NIL NIL NIL NIL 0 0 0 3113657 11.392 NIL 0 0 681353.563 566118.063 623847.125 248025.625 107386.711 55258.07 15764.268 72.15 0 0 0 1050354 </measResults>
            </measValue>
            <measValue measObjLdn="MML00G77HUNB001/ULoCell:NodeB Function Name=MML00G77HUNB001, Local Cell ID=10673, Cell Name=PFLRTU3">
                <measResults>3236483140 527654 270507 146673 93455 81102 87732 25772 86708 124005 254867 98556 2969 0 0 0 0 0 3037930692 233735 0 64376 0 0 0 0 2062 271867 714230 17246 2200 1794 734 387 254 269 81 4 2 1 335912176 3224556627 3274563 3958940808 2583202 959516 497468 107633 441050612 794956 1912337 359991 253985 82749 28978 19941 19363 3100 5 0 0 408121 0 0 0 753605 1868 465 145942 0 0 0 0 0 0 0 0 0 54313 5352 0 378890787 949100950 886077379 778683584 1411599 1149022 469602 210092 0 0 0 0 2832571 8246 6054 0 0 0 0 0 0 0 0 0 0 0 0 0 0 0 0 0 0 0 0 0 0 0 0 0 0 0 0 0 0 0 0 0 0 NIL NIL NIL NIL NIL NIL NIL NIL NIL NIL NIL NIL NIL NIL NIL NIL 0 0 0 3081839 12.654 NIL 0 0 545816.125 519749.844 717160 399648.844 198262.156 176551.438 226082.875 47968.121 107.848 0 0 1765781.25 </measResults>
            </measValue>
            <measValue measObjLdn="MML00G77HUNB001/ULoCell:NodeB Function Name=MML00G77HUNB001, Local Cell ID=50671, Cell Name=PFLRTN4">
                <measResults>5487567328 1079348 119052 22759 15618 11315 11163 5402 13285 7454 20731 9212 28135 158884 291706 5936 0 0 5449172736 24923 0 10643 0 0 0 0 115 148029 189905 4596 556 921 755 687 637 1159 674 168 14 4 855525976 5466018931 1089636 6627422113 510696 675694 827109 692149 272578456 160095 167153 48523 126024 103185 94388 59450 123352 61161 10509 1401 0 579470 0 0 0 101522 11 7 129595 0 0 0 0 0 0 0 0 0 1025 0 0 24796807 307314414 971067084 2963856494 74178 260107 242338 369556 0 0 0 0 2977872 13622 5034 0 0 0 0 0 0 0 0 0 0 0 0 0 0 0 0 0 0 0 0 0 0 0 0 0 0 0 0 0 0 0 0 0 0 NIL NIL NIL NIL NIL NIL NIL NIL NIL NIL NIL NIL NIL NIL NIL NIL 0 0 0 927432 8.32 NIL 0 0 22934.496 74850.273 369145.656 512921.75 649078.25 536669.187 1483025.75 968511.75 245798.297 43485.871 0 4808636.5 </measResults>
            </measValue>
            <measValue measObjLdn="MML00G77HUNB001/ULoCell:NodeB Function Name=MML00G77HUNB001, Local Cell ID=50672, Cell Name=PFLRTN5">
                <measResults>4826492008 739262 98234 21558 22706 36793 74070 17478 93341 18132 113280 23968 145785 211416 183243 734 0 0 4841543040 15955 0 28675 0 0 0 0 147 148388 291757 5964 1038 1997 928 535 407 480 424 125 5 6 1376423288 4847863668 1629371 5705442229 731902 892233 888696 413903 98870915 76301 325389 234451 424645 131699 30039 25973 32884 43433 16986 3 0 705662 0 0 0 615301 9 6 106042 0 0 0 0 0 0 0 0 0 237 0 0 99486023 1734863227 734856224 784624238 139898 937274 251434 168142 0 0 0 0 1367072 4925 2470 0 0 0 0 0 0 0 0 0 0 0 0 0 0 0 0 0 0 0 0 0 0 0 0 0 0 0 0 0 0 0 0 0 0 NIL NIL NIL NIL NIL NIL NIL NIL NIL NIL NIL NIL NIL NIL NIL NIL 0 0 0 1500602 8.382 NIL 0 0 79086.57 352447.406 1248998.875 623061.625 211722.125 232938.844 400037.813 725125.875 372748.469 96.272 0 3814730 </measResults>
            </measValue>
            <measValue measObjLdn="MML00G77HUNB001/ULoCell:NodeB Function Name=MML00G77HUNB001, Local Cell ID=50673, Cell Name=PFLRTN6">
                <measResults>8108094512 101583 60843 38340 55546 82097 119864 55524 122174 70304 205680 538285 343203 6557 0 0 0 0 7798059224 66823 0 112864 0 0 0 0 20480 814885 1395815 31706 5052 5052 2059 1062 506 440 101 10 2 2 1266666944 8147794689 6868722 9888751213 2163085 3085337 2342920 498843 1251103097 1890889 3613522 1107229 737396 207852 82753 41716 25561 4586 5 0 0 1099869 0 0 0 851829 1053 805 74946 0 0 0 0 0 0 0 0 0 12907 12560 0 106656391 1534544517 2112642850 2710954734 509891 3287633 1562777 1144159 0 0 0 0 711912 3414 1559 0 0 0 0 0 0 0 0 0 0 0 0 0 0 0 0 0 0 0 0 0 0 0 0 0 0 0 0 0 0 0 0 0 0 NIL NIL NIL NIL NIL NIL NIL NIL NIL NIL NIL NIL NIL NIL NIL NIL 0 0 0 6813404 23.614 NIL 0 0 1203247.25 1593762.625 2038897.5 1001542.25 572443.75 370899.844 295142.781 70413.141 112.408 0 0 4349451.5 </measResults>
            </measValue>
            <measValue measObjLdn="MML00G77HUNB001/ULoCell:NodeB Function Name=MML00G77HUNB001, Local Cell ID=60671, Cell Name=PFLRTN1">
                <measResults>3808111040 822068 111266 36980 54267 109297 152210 20179 106737 16965 59209 25463 119077 146180 20102 0 0 0 3774866197 15758 0 11322 0 0 0 0 190 114985 196076 5074 1393 1124 779 613 554 1054 730 134 11 7 630620064 3821113338 1391721 4641462694 919284 751870 827710 392880 918913470 507686 210520 389487 189694 68486 51250 33363 40881 24647 3148 6 0 411475 0 0 0 510811 4 9 127490 0 0 0 0 0 0 0 0 0 2233 0 0 913516836 427678549 1015275913 1067276772 638589 257015 242235 196038 0 0 0 0 3057456 9893 5219 0 0 0 0 0 0 0 0 0 0 0 0 0 0 0 0 0 0 0 0 0 0 0 0 0 0 0 0 0 0 0 0 0 0 NIL NIL NIL NIL NIL NIL NIL NIL NIL NIL NIL NIL NIL NIL NIL NIL 0 0 0 1242697 8.457 NIL 0 0 74832.547 592580.125 513467.688 334147.5 359057.469 299318.688 478014.281 400470.563 69840.609 189.688 0 2454506.5 </measResults>
            </measValue>
            <measValue measObjLdn="MML00G77HUNB001/ULoCell:NodeB Function Name=MML00G77HUNB001, Local Cell ID=60672, Cell Name=PFLRTN2">
                <measResults>1934744596 1217552 190840 40527 24161 17222 22351 8525 23721 11358 31659 66795 128257 17032 0 0 0 0 1861100262 40084 0 14999 0 0 0 0 156 53351 86827 5222 789 1398 1120 800 465 847 398 58 7 1 224435664 1943290228 833799 2397510070 1313198 1005257 639129 181275 133998471 108120 132311 74047 111372 47324 25183 15218 26492 10580 268 1 0 236438 0 0 0 152762 18 23 205776 0 0 0 0 0 0 0 0 0 4463 0 0 162601907 512854631 523717124 593788253 200754 299125 188511 122445 0 0 0 0 3154247 13078 7190 0 0 0 0 0 0 0 0 0 0 0 0 0 0 0 0 0 0 0 0 0 0 0 0 0 0 0 0 0 0 0 0 0 0 NIL NIL NIL NIL NIL NIL NIL NIL NIL NIL NIL NIL NIL NIL NIL NIL 0 0 0 574131 10.365 NIL 0 0 29058.523 110737.273 329973.969 232003.359 173525.703 137059.766 312879.594 163234.141 5745.496 30.576 0 1354452.625 </measResults>
            </measValue>
            <measValue measObjLdn="MML00G77HUNB001/ULoCell:NodeB Function Name=MML00G77HUNB001, Local Cell ID=60673, Cell Name=PFLRTN3">
                <measResults>5577287288 344382 167159 86701 52659 59591 85791 170469 467634 320994 44119 501 0 0 0 0 0 0 5153708423 117631 0 66037 0 0 0 0 13017 646526 867045 30534 4531 5724 2663 1351 693 393 39 10 1 2 788024136 5591611879 4545122 6855794378 4209463 2725522 1094512 83373 588470674 1018040 1953903 626836 615167 180761 62539 19048 7356 1606 1 0 0 886478 0 0 0 640724 696 6117 235046 0 0 0 0 0 0 0 0 0 39010 67602 0 365840956 1631862592 2237134561 1192021861 927010 2137062 1081098 376500 0 0 0 0 2166045 10992 5781 0 0 0 0 0 0 0 0 0 0 0 0 0 0 0 0 0 0 0 0 0 0 0 0 0 0 0 0 0 0 0 0 0 0 NIL NIL NIL NIL NIL NIL NIL NIL NIL NIL NIL NIL NIL NIL NIL NIL 0 0 0 4336342 25.663 NIL 0 0 488450.375 922300.625 1730236.25 858331.063 427083.094 167982.313 82796.508 24826.488 20.264 0 0 3291276 </measResults>
            </measValue>
        </measInfo>
        <measInfo measInfoId="50331649">
            <granPeriod duration="PT3600S" endTime="2021-08-19T12:00:00+08:00"/>
            <repPeriod duration="PT3600S"/>
            <measTypes>50332578 50332579 50332580 50332581 50342578 50342579 50342580 50342581 </measTypes>
            <measValue measObjLdn="MML00G77HUNB001/NodeBFunction:NodeB Function Name=MML00G77HUNB001">
                <measResults>16.389 8.328 14.968 196.622 23.4 12.2 22.2 243.8 </measResults>
            </measValue>
        </measInfo>
        <measInfo measInfoId="50331654">
            <granPeriod duration="PT3600S" endTime="2021-08-19T12:00:00+08:00"/>
            <repPeriod duration="PT3600S"/>
            <measTypes>50332565 50332566 50332633 50332635 </measTypes>
            <measValue measObjLdn="MML00G77HUNB001/NodeBFunction:NodeB Function Name=MML00G77HUNB001">
                <measResults>3072 1792 0 0 </measResults>
            </measValue>
        </measInfo>
        <measInfo measInfoId="50331664">
            <granPeriod duration="PT3600S" endTime="2021-08-19T12:00:00+08:00"/>
            <repPeriod duration="PT3600S"/>
            <measTypes>50332572 50332585 50332587 50332588 50332589 50332590 50332617 50332618 50332625 </measTypes>
            <measValue measObjLdn="MML00G77HUNB001/NodeBFunction:NodeB Function Name=MML00G77HUNB001">
                <measResults>5 0 76 76 0 57 0 0 7 </measResults>
            </measValue>
        </measInfo>
        <measInfo measInfoId="50331666">
            <granPeriod duration="PT3600S" endTime="2021-08-19T12:00:00+08:00"/>
            <repPeriod duration="PT3600S"/>
            <measTypes>50332567 50332568 50332569 50332570 50332571 </measTypes>
            <measValue measObjLdn="MML00G77HUNB001/NodeBFunction:NodeB Function Name=MML00G77HUNB001">
                <measResults>0 0 0 0 0 </measResults>
            </measValue>
        </measInfo>
        <measInfo measInfoId="50331681">
            <granPeriod duration="PT3600S" endTime="2021-08-19T12:00:00+08:00"/>
            <repPeriod duration="PT3600S"/>
            <measTypes>50342640 50342641 50342642 50342643 50342644 50342645 50342646 50342647 </measTypes>
            <measValue measObjLdn="MML00G77HUNB001/NodeBFunction:NodeB Function Name=MML00G77HUNB001">
                <measResults>33364486 31253524 3438362334 6359474187 11971426 7640805 26840106 14132164 </measResults>
            </measValue>
        </measInfo>
        <measInfo measInfoId="50331652">
            <granPeriod duration="PT3600S" endTime="2021-08-19T12:00:00+08:00"/>
            <repPeriod duration="PT3600S"/>
            <measTypes>50332555 50332556 50332557 50332558 50332559 50332560 50332561 50332562 50332563 50332564 50332593 50332594 50342555 50342556 50342561 50342562 50342563 50342564 50342567 50342568 50342569 50342570 50342571 50342572 50342618 50342619 50342621 50342622 50342624 50342625 50342627 50342628 </measTypes>
            <measValue measObjLdn="MML00G77HUNB001/NodeBFunction:NodeB Function Name=MML00G77HUNB001/MocID:2/CnOperator:-1">
                <measResults>0 0 0 0 4672 3680 430.247 203.854 0 182.69 0 0 0 0 523.5 238 0 242 162 356.5 132 0 0 0 0 0 0 0 0 0 0 0 </measResults>
            </measValue>
        </measInfo>
        <measInfo measInfoId="50331667">
            <granPeriod duration="PT3600S" endTime="2021-08-19T12:00:00+08:00"/>
            <repPeriod duration="PT3600S"/>
            <measTypes>50332591 50332592 50332595 50332596 50332597 </measTypes>
            <measValue measObjLdn="MML00G77HUNB001/NodeBFunction:NodeB Function Name=MML00G77HUNB001/MocID:2/CnOperator:-1">
                <measResults>0 0 0 0 0 </measResults>
            </measValue>
        </measInfo>
        <measInfo measInfoId="50331668">
            <granPeriod duration="PT3600S" endTime="2021-08-19T12:00:00+08:00"/>
            <repPeriod duration="PT3600S"/>
            <measTypes>50332348 50332349 </measTypes>
            <measValue measObjLdn="MML00G77HUNB001/LOCELL_SECTOREQM:NodeB Function Name=MML00G77HUNB001, Local Cell ID=10671, Sector Equipment ID=0">
                <measResults>0 0 </measResults>
            </measValue>
            <measValue measObjLdn="MML00G77HUNB001/LOCELL_SECTOREQM:NodeB Function Name=MML00G77HUNB001, Local Cell ID=10672, Sector Equipment ID=1">
                <measResults>0 0 </measResults>
            </measValue>
            <measValue measObjLdn="MML00G77HUNB001/LOCELL_SECTOREQM:NodeB Function Name=MML00G77HUNB001, Local Cell ID=10673, Sector Equipment ID=2">
                <measResults>0 0 </measResults>
            </measValue>
            <measValue measObjLdn="MML00G77HUNB001/LOCELL_SECTOREQM:NodeB Function Name=MML00G77HUNB001, Local Cell ID=50671, Sector Equipment ID=6">
                <measResults>0 0 </measResults>
            </measValue>
            <measValue measObjLdn="MML00G77HUNB001/LOCELL_SECTOREQM:NodeB Function Name=MML00G77HUNB001, Local Cell ID=50672, Sector Equipment ID=7">
                <measResults>0 0 </measResults>
            </measValue>
            <measValue measObjLdn="MML00G77HUNB001/LOCELL_SECTOREQM:NodeB Function Name=MML00G77HUNB001, Local Cell ID=50673, Sector Equipment ID=8">
                <measResults>0 0 </measResults>
            </measValue>
            <measValue measObjLdn="MML00G77HUNB001/LOCELL_SECTOREQM:NodeB Function Name=MML00G77HUNB001, Local Cell ID=60671, Sector Equipment ID=10">
                <measResults>0 0 </measResults>
            </measValue>
            <measValue measObjLdn="MML00G77HUNB001/LOCELL_SECTOREQM:NodeB Function Name=MML00G77HUNB001, Local Cell ID=60672, Sector Equipment ID=11">
                <measResults>0 0 </measResults>
            </measValue>
            <measValue measObjLdn="MML00G77HUNB001/LOCELL_SECTOREQM:NodeB Function Name=MML00G77HUNB001, Local Cell ID=60673, Sector Equipment ID=12">
                <measResults>0 0 </measResults>
            </measValue>
        </measInfo>
        <measInfo measInfoId="50331669">
            <granPeriod duration="PT3600S" endTime="2021-08-19T12:00:00+08:00"/>
            <repPeriod duration="PT3600S"/>
            <measTypes>50332350 50332351 50332352 50332353 </measTypes>
            <measValue measObjLdn="MML00G77HUNB001/LOCELL_SECTOREQM:NodeB Function Name=MML00G77HUNB001, Local Cell ID=10671, Sector Equipment ID=0">
                <measResults>53532 89 52629 52713 </measResults>
            </measValue>
            <measValue measObjLdn="MML00G77HUNB001/LOCELL_SECTOREQM:NodeB Function Name=MML00G77HUNB001, Local Cell ID=10672, Sector Equipment ID=1">
                <measResults>57353 407 54479 54846 </measResults>
            </measValue>
            <measValue measObjLdn="MML00G77HUNB001/LOCELL_SECTOREQM:NodeB Function Name=MML00G77HUNB001, Local Cell ID=10673, Sector Equipment ID=2">
                <measResults>64469 440 62645 62747 </measResults>
            </measValue>
            <measValue measObjLdn="MML00G77HUNB001/LOCELL_SECTOREQM:NodeB Function Name=MML00G77HUNB001, Local Cell ID=50671, Sector Equipment ID=6">
                <measResults>72066 635 69552 69699 </measResults>
            </measValue>
            <measValue measObjLdn="MML00G77HUNB001/LOCELL_SECTOREQM:NodeB Function Name=MML00G77HUNB001, Local Cell ID=50672, Sector Equipment ID=7">
                <measResults>49938 248 46539 46669 </measResults>
            </measValue>
            <measValue measObjLdn="MML00G77HUNB001/LOCELL_SECTOREQM:NodeB Function Name=MML00G77HUNB001, Local Cell ID=50673, Sector Equipment ID=8">
                <measResults>118203 3597 111819 112303 </measResults>
            </measValue>
            <measValue measObjLdn="MML00G77HUNB001/LOCELL_SECTOREQM:NodeB Function Name=MML00G77HUNB001, Local Cell ID=60671, Sector Equipment ID=10">
                <measResults>54505 176 53046 53232 </measResults>
            </measValue>
            <measValue measObjLdn="MML00G77HUNB001/LOCELL_SECTOREQM:NodeB Function Name=MML00G77HUNB001, Local Cell ID=60672, Sector Equipment ID=11">
                <measResults>66080 354 61480 61748 </measResults>
            </measValue>
            <measValue measObjLdn="MML00G77HUNB001/LOCELL_SECTOREQM:NodeB Function Name=MML00G77HUNB001, Local Cell ID=60673, Sector Equipment ID=12">
                <measResults>115464 1884 109603 110991 </measResults>
            </measValue>
        </measInfo>
        <measInfo measInfoId="50331670">
            <granPeriod duration="PT3600S" endTime="2021-08-19T12:00:00+08:00"/>
            <repPeriod duration="PT3600S"/>
            <measTypes>50332354 50332355 </measTypes>
            <measValue measObjLdn="MML00G77HUNB001/LOCELL_SECTOREQM:NodeB Function Name=MML00G77HUNB001, Local Cell ID=10671, Sector Equipment ID=0">
                <measResults>0 0 </measResults>
            </measValue>
            <measValue measObjLdn="MML00G77HUNB001/LOCELL_SECTOREQM:NodeB Function Name=MML00G77HUNB001, Local Cell ID=10672, Sector Equipment ID=1">
                <measResults>0 0 </measResults>
            </measValue>
            <measValue measObjLdn="MML00G77HUNB001/LOCELL_SECTOREQM:NodeB Function Name=MML00G77HUNB001, Local Cell ID=10673, Sector Equipment ID=2">
                <measResults>0 0 </measResults>
            </measValue>
            <measValue measObjLdn="MML00G77HUNB001/LOCELL_SECTOREQM:NodeB Function Name=MML00G77HUNB001, Local Cell ID=50671, Sector Equipment ID=6">
                <measResults>0 0 </measResults>
            </measValue>
            <measValue measObjLdn="MML00G77HUNB001/LOCELL_SECTOREQM:NodeB Function Name=MML00G77HUNB001, Local Cell ID=50672, Sector Equipment ID=7">
                <measResults>0 0 </measResults>
            </measValue>
            <measValue measObjLdn="MML00G77HUNB001/LOCELL_SECTOREQM:NodeB Function Name=MML00G77HUNB001, Local Cell ID=50673, Sector Equipment ID=8">
                <measResults>0 0 </measResults>
            </measValue>
            <measValue measObjLdn="MML00G77HUNB001/LOCELL_SECTOREQM:NodeB Function Name=MML00G77HUNB001, Local Cell ID=60671, Sector Equipment ID=10">
                <measResults>0 0 </measResults>
            </measValue>
            <measValue measObjLdn="MML00G77HUNB001/LOCELL_SECTOREQM:NodeB Function Name=MML00G77HUNB001, Local Cell ID=60672, Sector Equipment ID=11">
                <measResults>0 0 </measResults>
            </measValue>
            <measValue measObjLdn="MML00G77HUNB001/LOCELL_SECTOREQM:NodeB Function Name=MML00G77HUNB001, Local Cell ID=60673, Sector Equipment ID=12">
                <measResults>0 0 </measResults>
            </measValue>
        </measInfo>
        <measInfo measInfoId="50331672">
            <granPeriod duration="PT3600S" endTime="2021-08-19T12:00:00+08:00"/>
            <repPeriod duration="PT3600S"/>
            <measTypes>50342590 50342591 50342592 50342593 50342594 50342595 50342596 50342597 </measTypes>
            <measValue measObjLdn="MML00G77HUNB001/LOCELL_SECTOREQM:NodeB Function Name=MML00G77HUNB001, Local Cell ID=10671, Sector Equipment ID=0">
                <measResults>-102.182 -101.47 -102.045 -101.784 -103.5 -102.9 -103.5 -103.4 </measResults>
            </measValue>
            <measValue measObjLdn="MML00G77HUNB001/LOCELL_SECTOREQM:NodeB Function Name=MML00G77HUNB001, Local Cell ID=10672, Sector Equipment ID=1">
                <measResults>-99.238 -93.096 -96.815 -92.679 -102.4 -96.2 -100.6 -94.7 </measResults>
            </measValue>
            <measValue measObjLdn="MML00G77HUNB001/LOCELL_SECTOREQM:NodeB Function Name=MML00G77HUNB001, Local Cell ID=10673, Sector Equipment ID=2">
                <measResults>-100.017 -99.602 -99.691 -99.46 -103.4 -102.5 -103.1 -102.7 </measResults>
            </measValue>
            <measValue measObjLdn="MML00G77HUNB001/LOCELL_SECTOREQM:NodeB Function Name=MML00G77HUNB001, Local Cell ID=50671, Sector Equipment ID=6">
                <measResults>-92.449 -92.837 NIL NIL -95.9 -96.3 NIL NIL </measResults>
            </measValue>
            <measValue measObjLdn="MML00G77HUNB001/LOCELL_SECTOREQM:NodeB Function Name=MML00G77HUNB001, Local Cell ID=50672, Sector Equipment ID=7">
                <measResults>-88.891 -88.22 NIL NIL -91.6 -91.5 NIL NIL </measResults>
            </measValue>
            <measValue measObjLdn="MML00G77HUNB001/LOCELL_SECTOREQM:NodeB Function Name=MML00G77HUNB001, Local Cell ID=50673, Sector Equipment ID=8">
                <measResults>-84.622 -84.562 NIL NIL -88 -87.7 NIL NIL </measResults>
            </measValue>
            <measValue measObjLdn="MML00G77HUNB001/LOCELL_SECTOREQM:NodeB Function Name=MML00G77HUNB001, Local Cell ID=60671, Sector Equipment ID=10">
                <measResults>-90.412 -90.926 NIL NIL -93.9 -94.3 NIL NIL </measResults>
            </measValue>
            <measValue measObjLdn="MML00G77HUNB001/LOCELL_SECTOREQM:NodeB Function Name=MML00G77HUNB001, Local Cell ID=60672, Sector Equipment ID=11">
                <measResults>-79.913 -79.959 NIL NIL -81.9 -82 NIL NIL </measResults>
            </measValue>
            <measValue measObjLdn="MML00G77HUNB001/LOCELL_SECTOREQM:NodeB Function Name=MML00G77HUNB001, Local Cell ID=60673, Sector Equipment ID=12">
                <measResults>-79.397 -80.073 NIL NIL -82.1 -82.5 NIL NIL </measResults>
            </measValue>
        </measInfo>
        <measInfo measInfoId="50331682">
            <granPeriod duration="PT3600S" endTime="2021-08-19T12:00:00+08:00"/>
            <repPeriod duration="PT3600S"/>
            <measTypes>50332602 50332603 50332615 50332616 </measTypes>
            <measValue measObjLdn="MML00G77HUNB001/LOCELL_SECTOREQM:NodeB Function Name=MML00G77HUNB001, Local Cell ID=10671, Sector Equipment ID=0">
                <measResults>NIL NIL NIL NIL </measResults>
            </measValue>
            <measValue measObjLdn="MML00G77HUNB001/LOCELL_SECTOREQM:NodeB Function Name=MML00G77HUNB001, Local Cell ID=10672, Sector Equipment ID=1">
                <measResults>NIL NIL NIL NIL </measResults>
            </measValue>
            <measValue measObjLdn="MML00G77HUNB001/LOCELL_SECTOREQM:NodeB Function Name=MML00G77HUNB001, Local Cell ID=10673, Sector Equipment ID=2">
                <measResults>NIL NIL NIL NIL </measResults>
            </measValue>
            <measValue measObjLdn="MML00G77HUNB001/LOCELL_SECTOREQM:NodeB Function Name=MML00G77HUNB001, Local Cell ID=50671, Sector Equipment ID=6">
                <measResults>NIL NIL NIL NIL </measResults>
            </measValue>
            <measValue measObjLdn="MML00G77HUNB001/LOCELL_SECTOREQM:NodeB Function Name=MML00G77HUNB001, Local Cell ID=50672, Sector Equipment ID=7">
                <measResults>NIL NIL NIL NIL </measResults>
            </measValue>
            <measValue measObjLdn="MML00G77HUNB001/LOCELL_SECTOREQM:NodeB Function Name=MML00G77HUNB001, Local Cell ID=50673, Sector Equipment ID=8">
                <measResults>NIL NIL NIL NIL </measResults>
            </measValue>
            <measValue measObjLdn="MML00G77HUNB001/LOCELL_SECTOREQM:NodeB Function Name=MML00G77HUNB001, Local Cell ID=60671, Sector Equipment ID=10">
                <measResults>NIL NIL NIL NIL </measResults>
            </measValue>
            <measValue measObjLdn="MML00G77HUNB001/LOCELL_SECTOREQM:NodeB Function Name=MML00G77HUNB001, Local Cell ID=60672, Sector Equipment ID=11">
                <measResults>NIL NIL NIL NIL </measResults>
            </measValue>
            <measValue measObjLdn="MML00G77HUNB001/LOCELL_SECTOREQM:NodeB Function Name=MML00G77HUNB001, Local Cell ID=60673, Sector Equipment ID=12">
                <measResults>NIL NIL NIL NIL </measResults>
            </measValue>
        </measInfo>
    </measData>
    <fileFooter>
        <measCollec endTime="2021-08-19T12:00:00+08:00"/>
    </fileFooter>
</measCollecFile>
