<?xml version="1.0" encoding="UTF-8"?>
<measCollecFile xmlns="http://www.3gpp.org/ftp/specs/archive/32_series/32.435#measCollec">
<fileHeader fileFormatVersion="32.435 V10.0" vendorName="Nokia Networks">
<fileSender elementType="MGW"/>
<measCollec beginTime="2021-08-21T21:00:00+08:00"/>
</fileHeader>
<measData>
<managedElement/>
<measInfo measInfoId="cap_lic_utlz_meas">
<granPeriod duration="PT3600S" endTime="2021-08-21T22:00:00+08:00"/>
<repPeriod duration="PT3600S"/>
<measTypes>M853C0 M853C1 M853C2 M853C3 M853C4 M853C5 M853C6 M853C7 M853C8 M853C9 M853C10 M853C11 M853C12 M853C13 M853C14 M853C15 M853C16 M853C17 M853C18 M853C19 M853C20 M853C21 M853C22 M853C23 M853C24 M853C25 M853C26</measTypes>
<measValue measObjLdn="PLMN-PLMN/MGW-360422">
<measResults>10 12 44165 0 0 44165 0 0 44165 10 13 44165 0 0 44165 0 0 4320 0 0 44165 0 0 28000 0 0 0</measResults>
</measValue>
</measInfo>
</measData>
<fileFooter>
<measCollec endTime="2021-08-21T22:00:00+08:00"/>
</fileFooter>
</measCollecFile>