<?xml version="1.0" encoding="UTF-8"?>
<measCollecFile xmlns="http://latest/nmc-omc/cmNrm.doc#measCollec" xmlns:xsi="http://www.w3.org/2001/XMLSchema-instance" xsi:schemaLocation="http://latest/nmc-omc/cmNrm.doc#measCollec schema\pmResultSchedule.xsd">
    <fileHeader fileFormatVersion="32.435 V7.2" vendorName="Huawei">
        <fileSender elementType="NodeB"/>
        <measCollec beginTime="2021-08-17T22:00:00+08:00"/>
    </fileHeader>
    <measData>
        <managedElement userLabel="MML00949HUNB001"/>
        <measInfo measInfoId="50331655">
            <granPeriod duration="PT3600S" endTime="2021-08-17T23:00:00+08:00"/>
            <repPeriod duration="PT3600S"/>
            <measTypes>50332573 50332574 50342574 50342575 50342635 50342636 </measTypes>
            <measValue measObjLdn="MML00949HUNB001/ULGROUP:UL BB Resource Group No.=1">
                <measResults>768 275.5 237 324.5 0 0 </measResults>
            </measValue>
            <measValue measObjLdn="MML00949HUNB001/ULGROUP:UL BB Resource Group No.=2">
                <measResults>1024 106.992 70 166.5 0 0 </measResults>
            </measValue>
        </measInfo>
        <measInfo measInfoId="50331656">
            <granPeriod duration="PT3600S" endTime="2021-08-17T23:00:00+08:00"/>
            <repPeriod duration="PT3600S"/>
            <measTypes>50332582 50332583 50332584 50332586 50342584 50342585 50342586 50342587 50342606 50342607 50342608 50342609 50342632 50342633 </measTypes>
            <measValue measObjLdn="MML00949HUNB001/BRD:Board Type=UBBP, Cabinet No.=0, Subrack No.=0, Slot No.=1">
                <measResults>1024 1024 0 0 0 0 0 0 0 0 0 0 0 0 </measResults>
            </measValue>
            <measValue measObjLdn="MML00949HUNB001/BRD:Board Type=UBBP, Cabinet No.=0, Subrack No.=0, Slot No.=2">
                <measResults>1024 768 143.5 275.5 117 177 237 324.5 11 14 17 22 0 0 </measResults>
            </measValue>
            <measValue measObjLdn="MML00949HUNB001/BRD:Board Type=UBBP, Cabinet No.=0, Subrack No.=0, Slot No.=3">
                <measResults>1024 1024 59.458 106.992 43 77 70 166.5 4 6 5 7 0 0 </measResults>
            </measValue>
            <measValue measObjLdn="MML00949HUNB001/BRD:Board Type=UMPT, Cabinet No.=0, Subrack No.=0, Slot No.=7">
                <measResults>0 0 0 0 0 0 0 0 0 0 0 0 0 0 </measResults>
            </measValue>
        </measInfo>
        <measInfo measInfoId="50331683">
            <granPeriod duration="PT3600S" endTime="2021-08-17T23:00:00+08:00"/>
            <repPeriod duration="PT3600S"/>
            <measTypes>50332627 </measTypes>
            <measValue measObjLdn="MML00949HUNB001/NODEBRRU:Cabinet No.=0, Subrack No.=60, Slot No.=0">
                <measResults>0 </measResults>
            </measValue>
            <measValue measObjLdn="MML00949HUNB001/NODEBRRU:Cabinet No.=0, Subrack No.=61, Slot No.=0">
                <measResults>0 </measResults>
            </measValue>
            <measValue measObjLdn="MML00949HUNB001/NODEBRRU:Cabinet No.=0, Subrack No.=62, Slot No.=0">
                <measResults>0 </measResults>
            </measValue>
            <measValue measObjLdn="MML00949HUNB001/NODEBRRU:Cabinet No.=0, Subrack No.=80, Slot No.=0">
                <measResults>0 </measResults>
            </measValue>
            <measValue measObjLdn="MML00949HUNB001/NODEBRRU:Cabinet No.=0, Subrack No.=81, Slot No.=0">
                <measResults>0 </measResults>
            </measValue>
            <measValue measObjLdn="MML00949HUNB001/NODEBRRU:Cabinet No.=0, Subrack No.=82, Slot No.=0">
                <measResults>0 </measResults>
            </measValue>
        </measInfo>
        <measInfo measInfoId="1542455297">
            <granPeriod duration="PT3600S" endTime="2021-08-17T23:00:00+08:00"/>
            <repPeriod duration="PT3600S"/>
            <measTypes>1542455297 1542455298 1542455299 1542455300 1542455301 1542455302 1542455303 1542455304 1542455305 1542455306 1542455307 1542460296 1542460297 </measTypes>
            <measValue measObjLdn="MML00949HUNB001/ETHPORT:Cabinet No.=0, Subrack No.=0, Slot No.=7, Port No.=0, Subboard Type=BASE_BOARD">
                <measResults>3424819985 28893276 10195436188 30577017 0 12209496 5316544 7612823 42637168 5996816 22662896 1000000 1000000 </measResults>
            </measValue>
            <measValue measObjLdn="MML00949HUNB001/ETHPORT:Cabinet No.=0, Subrack No.=0, Slot No.=7, Port No.=1, Subboard Type=BASE_BOARD">
                <measResults>0 0 0 0 0 0 0 0 0 0 0 0 0 </measResults>
            </measValue>
        </measInfo>
        <measInfo measInfoId="1542455301">
            <granPeriod duration="PT3600S" endTime="2021-08-17T23:00:00+08:00"/>
            <repPeriod duration="PT3600S"/>
            <measTypes>1542455326 1542455327 1542455328 1542455329 1542455330 1542455331 1542455332 1542455333 1542460727 1542460728 1542460729 </measTypes>
            <measValue measObjLdn="MML00949HUNB001/IP:Board Type=UMPT, Cabinet No.=0, Subrack No.=0, Slot No.=7">
                <measResults>28893154 2740345013 0 0 30572098 9428750650 0 0 70328 0 0 </measResults>
            </measValue>
        </measInfo>
        <measInfo measInfoId="1542455303">
            <granPeriod duration="PT3600S" endTime="2021-08-17T23:00:00+08:00"/>
            <repPeriod duration="PT3600S"/>
            <measTypes>1542455365 1542455367 1542455369 1542455371 1542455375 1542455376 1542455377 1542455378 </measTypes>
            <measValue measObjLdn="MML00949HUNB001/RSCGRP:Transmission Resource Group Bear Type=IP, Cabinet No.=0, Bearing Port No.=0, Bearing Port Type=ETH, Transmission Resource Group ID=AUTOPORT, Subboard Type=BASE_BOARD, Slot No.=7, Subrack No.=0">
                <measResults>3260363502 28892243 0 0 12347192 4757632 7247263 0 </measResults>
            </measValue>
            <measValue measObjLdn="MML00949HUNB001/RSCGRP:Transmission Resource Group Bear Type=IP, Cabinet No.=0, Bearing Port No.=1, Bearing Port Type=ETH, Transmission Resource Group ID=AUTOPORT, Subboard Type=BASE_BOARD, Slot No.=7, Subrack No.=0">
                <measResults>0 0 0 0 0 0 0 0 </measResults>
            </measValue>
        </measInfo>
        <measInfo measInfoId="1542455312">
            <granPeriod duration="PT3600S" endTime="2021-08-17T23:00:00+08:00"/>
            <repPeriod duration="PT3600S"/>
            <measTypes>1542460308 1542460309 1542460310 1542460311 1542460312 1542460313 1542460314 1542460315 1542460316 1542460317 1542460318 1542460319 1542460320 1542460321 1542460322 1542460323 1542460324 1542460325 1542460326 1542460327 1542460328 1542460329 1542460330 1542460331 1542460332 </measTypes>
            <measValue measObjLdn="MML00949HUNB001/RSCGRP:Transmission Resource Group Bear Type=IP, Cabinet No.=0, Bearing Port No.=0, Bearing Port Type=ETH, Transmission Resource Group ID=AUTOPORT, Subboard Type=BASE_BOARD, Slot No.=7, Subrack No.=0">
                <measResults>44239 44239 44239 0 0 0 0 0 0 0 0 0 0 12620291 0 0 0 1 0 0 0 0 0 0 0 </measResults>
            </measValue>
            <measValue measObjLdn="MML00949HUNB001/RSCGRP:Transmission Resource Group Bear Type=IP, Cabinet No.=0, Bearing Port No.=1, Bearing Port Type=ETH, Transmission Resource Group ID=AUTOPORT, Subboard Type=BASE_BOARD, Slot No.=7, Subrack No.=0">
                <measResults>0 0 0 0 0 0 0 0 0 0 0 0 0 0 0 0 0 0 0 0 0 0 0 0 0 </measResults>
            </measValue>
        </measInfo>
        <measInfo measInfoId="1542455309">
            <granPeriod duration="PT3600S" endTime="2021-08-17T23:00:00+08:00"/>
            <repPeriod duration="PT3600S"/>
            <measTypes>1542455826 1542455827 1542455828 1542455829 1542455833 1542455834 1542455835 1542455836 1542455837 1542455838 1542455839 1542455840 1542455841 1542455842 1542455843 1542455844 1542455845 1542455846 1542455847 1542455848 </measTypes>
            <measValue measObjLdn="MML00949HUNB001/OMCH:Standby Status=MASTER, Bearer Type=IPV4">
                <measResults>628 170 0 0 0 0 0 0 0 464 0 0 632 0 0 0 0 587 0 45 </measResults>
            </measValue>
        </measInfo>
        <measInfo measInfoId="1542455815">
            <granPeriod duration="PT3600S" endTime="2021-08-17T23:00:00+08:00"/>
            <repPeriod duration="PT3600S"/>
            <measTypes>1542460340 1542460341 1542460342 1542460343 1542460496 1542460497 1542460498 1542460499 1542460500 1542460501 1542460502 1542460503 1542460504 1542460505 1542460506 1542460507 1542460510 </measTypes>
            <measValue measObjLdn="MML00949HUNB001/IKE:Board Type=UMPT, Cabinet No.=0, Subrack No.=0, Slot No.=7">
                <measResults>0 0 0 0 0 0 0 0 0 0 0 0 0 0 0 0 0 </measResults>
            </measValue>
        </measInfo>
        <measInfo measInfoId="1542455817">
            <granPeriod duration="PT3600S" endTime="2021-08-17T23:00:00+08:00"/>
            <repPeriod duration="PT3600S"/>
            <measTypes>1542460356 1542460357 1542460358 1542460359 1542460360 1542460361 1542460362 1542460363 1542460364 1542460365 1542460366 1542460367 1542460368 1542460369 1542460370 1542460371 1542460372 1542460373 1542460374 1542460375 1542460376 </measTypes>
            <measValue measObjLdn="MML00949HUNB001/SCTPLNK:Link No.=31">
                <measResults>19042331 14721401 157757 210265 0 84416 11344 42316 50064 21032 32714 59571 156771 0 0 0 0 0 0 156771 59607 </measResults>
            </measValue>
            <measValue measObjLdn="MML00949HUNB001/SCTPLNK:Link No.=32">
                <measResults>31627542 33665557 1009699 1255607 0 113792 36752 70283 113304 45544 74812 475740 944838 0 0 0 0 0 0 944838 475741 </measResults>
            </measValue>
        </measInfo>
        <measInfo measInfoId="1542455818">
            <granPeriod duration="PT3600S" endTime="2021-08-17T23:00:00+08:00"/>
            <repPeriod duration="PT3600S"/>
            <measTypes>1542455526 1542455527 1542455528 1542455529 1542455530 1542455531 1542455532 1542455533 1542455534 1542455535 </measTypes>
            <measValue measObjLdn="MML00949HUNB001/USERPLANEHOST:User Plane Host ID=3">
                <measResults>27176364 29189782 2603168347 9306634484 10752448 5784823 39198568 20681393 NIL NIL </measResults>
            </measValue>
        </measInfo>
        <measInfo measInfoId="1593835529">
            <granPeriod duration="PT3600S" endTime="2021-08-17T23:00:00+08:00"/>
            <repPeriod duration="PT3600S"/>
            <measTypes>1593835620 1593835628 1593835629 </measTypes>
            <measValue measObjLdn="MML00949HUNB001/NODE:NODE">
                <measResults>NIL 0.793 0 </measResults>
            </measValue>
        </measInfo>
        <measInfo measInfoId="1593835533">
            <granPeriod duration="PT3600S" endTime="2021-08-17T23:00:00+08:00"/>
            <repPeriod duration="PT3600S"/>
            <measTypes>1593835647 1593835648 1593835649 </measTypes>
            <measValue measObjLdn="MML00949HUNB001/NODE:NODE">
                <measResults>33464 33446 33456 </measResults>
            </measValue>
        </measInfo>
        <measInfo measInfoId="1593835531">
            <granPeriod duration="PT3600S" endTime="2021-08-17T23:00:00+08:00"/>
            <repPeriod duration="PT3600S"/>
            <measTypes>1593835630 1593835632 1593835633 1593835634 </measTypes>
            <measValue measObjLdn="MML00949HUNB001/BBUBoard:Board Type=UBBP, Cabinet No.=0, Subrack No.=0, Slot No.=1">
                <measResults>0 4 3 0 </measResults>
            </measValue>
            <measValue measObjLdn="MML00949HUNB001/BBUBoard:Board Type=UBBP, Cabinet No.=0, Subrack No.=0, Slot No.=2">
                <measResults>0 5 4 0 </measResults>
            </measValue>
            <measValue measObjLdn="MML00949HUNB001/BBUBoard:Board Type=UBBP, Cabinet No.=0, Subrack No.=0, Slot No.=3">
                <measResults>0 5 4 0 </measResults>
            </measValue>
            <measValue measObjLdn="MML00949HUNB001/BBUBoard:Board Type=UMPT, Cabinet No.=0, Subrack No.=0, Slot No.=7">
                <measResults>0 7 1 0 </measResults>
            </measValue>
        </measInfo>
        <measInfo measInfoId="1593835535">
            <granPeriod duration="PT3600S" endTime="2021-08-17T23:00:00+08:00"/>
            <repPeriod duration="PT3600S"/>
            <measTypes>1593835652 1593835653 1593835654 1593835655 1593835656 1593835657 1593835658 1593835659 1593835660 1593835661 1593835662 1593835663 1593835664 1593835665 1593835666 1593835667 1593835668 1593835669 1593835670 1593835671 </measTypes>
            <measValue measObjLdn="MML00949HUNB001/RADIOEQM:Cabinet No.=0, Subrack No.=60, Slot No.=0">
                <measResults>NIL NIL NIL NIL NIL NIL NIL NIL NIL NIL 0 0 0 0 0 0 0 0 0 0 </measResults>
            </measValue>
            <measValue measObjLdn="MML00949HUNB001/RADIOEQM:Cabinet No.=0, Subrack No.=61, Slot No.=0">
                <measResults>NIL NIL NIL NIL NIL NIL NIL NIL NIL NIL 0 0 0 0 0 0 0 0 0 0 </measResults>
            </measValue>
            <measValue measObjLdn="MML00949HUNB001/RADIOEQM:Cabinet No.=0, Subrack No.=62, Slot No.=0">
                <measResults>NIL NIL NIL NIL NIL NIL NIL NIL NIL NIL 0 0 0 0 0 0 0 0 0 0 </measResults>
            </measValue>
            <measValue measObjLdn="MML00949HUNB001/RADIOEQM:Cabinet No.=0, Subrack No.=80, Slot No.=0">
                <measResults>NIL NIL NIL NIL NIL NIL NIL NIL NIL NIL 0 0 0 0 0 0 0 0 0 0 </measResults>
            </measValue>
            <measValue measObjLdn="MML00949HUNB001/RADIOEQM:Cabinet No.=0, Subrack No.=81, Slot No.=0">
                <measResults>NIL NIL NIL NIL NIL NIL NIL NIL NIL NIL 0 0 0 0 0 0 0 0 0 0 </measResults>
            </measValue>
            <measValue measObjLdn="MML00949HUNB001/RADIOEQM:Cabinet No.=0, Subrack No.=82, Slot No.=0">
                <measResults>NIL NIL NIL NIL NIL NIL NIL NIL NIL NIL 0 0 0 0 0 0 0 0 0 0 </measResults>
            </measValue>
        </measInfo>
        <measInfo measInfoId="1593835539">
            <granPeriod duration="PT3600S" endTime="2021-08-17T23:00:00+08:00"/>
            <repPeriod duration="PT3600S"/>
            <measTypes>1593835767 </measTypes>
            <measValue measObjLdn="MML00949HUNB001/RADIOEQM:Cabinet No.=0, Subrack No.=60, Slot No.=0">
                <measResults>3600 </measResults>
            </measValue>
            <measValue measObjLdn="MML00949HUNB001/RADIOEQM:Cabinet No.=0, Subrack No.=61, Slot No.=0">
                <measResults>3600 </measResults>
            </measValue>
            <measValue measObjLdn="MML00949HUNB001/RADIOEQM:Cabinet No.=0, Subrack No.=62, Slot No.=0">
                <measResults>3600 </measResults>
            </measValue>
            <measValue measObjLdn="MML00949HUNB001/RADIOEQM:Cabinet No.=0, Subrack No.=80, Slot No.=0">
                <measResults>3600 </measResults>
            </measValue>
            <measValue measObjLdn="MML00949HUNB001/RADIOEQM:Cabinet No.=0, Subrack No.=81, Slot No.=0">
                <measResults>3600 </measResults>
            </measValue>
            <measValue measObjLdn="MML00949HUNB001/RADIOEQM:Cabinet No.=0, Subrack No.=82, Slot No.=0">
                <measResults>3600 </measResults>
            </measValue>
        </measInfo>
        <measInfo measInfoId="1593835544">
            <granPeriod duration="PT3600S" endTime="2021-08-17T23:00:00+08:00"/>
            <repPeriod duration="PT3600S"/>
            <measTypes>1593835835 </measTypes>
            <measValue measObjLdn="MML00949HUNB001/BU:Cabinet No.=0, Subrack No.=0">
                <measResults>0.20397332 </measResults>
            </measValue>
        </measInfo>
        <measInfo measInfoId="1593835545">
            <granPeriod duration="PT3600S" endTime="2021-08-17T23:00:00+08:00"/>
            <repPeriod duration="PT3600S"/>
            <measTypes>1593835836 </measTypes>
            <measValue measObjLdn="MML00949HUNB001/BTSBoard:Cabinet No.=0, Subrack No.=60, Slot No.=0">
                <measResults>0.2091125 </measResults>
            </measValue>
            <measValue measObjLdn="MML00949HUNB001/BTSBoard:Cabinet No.=0, Subrack No.=61, Slot No.=0">
                <measResults>0.18209749 </measResults>
            </measValue>
            <measValue measObjLdn="MML00949HUNB001/BTSBoard:Cabinet No.=0, Subrack No.=62, Slot No.=0">
                <measResults>0.21482918 </measResults>
            </measValue>
            <measValue measObjLdn="MML00949HUNB001/BTSBoard:Cabinet No.=0, Subrack No.=80, Slot No.=0">
                <measResults>0.27481833 </measResults>
            </measValue>
            <measValue measObjLdn="MML00949HUNB001/BTSBoard:Cabinet No.=0, Subrack No.=81, Slot No.=0">
                <measResults>0.19920917 </measResults>
            </measValue>
            <measValue measObjLdn="MML00949HUNB001/BTSBoard:Cabinet No.=0, Subrack No.=82, Slot No.=0">
                <measResults>0.30238166 </measResults>
            </measValue>
        </measInfo>
        <measInfo measInfoId="50331648">
            <granPeriod duration="PT3600S" endTime="2021-08-17T23:00:00+08:00"/>
            <repPeriod duration="PT3600S"/>
            <measTypes>50331654 50331655 50331656 50331657 50331658 50331659 50331660 50331661 50331662 50331663 50331664 50331665 50331666 50331667 50331668 50331669 50331670 50331671 50331672 50331673 50331674 50331675 50331676 50331677 50331678 50331679 50331680 50331681 50331682 50331683 50331684 50331685 50331686 50331687 50331688 50331689 50331690 50331691 50331692 50331693 50331694 50331695 50331696 50331697 50331698 50331699 50331709 50331710 50331711 50331712 50331713 50331714 50331717 50331718 50331719 50331720 50331721 50331722 50331723 50331724 50331745 50331746 50331754 50331755 50331756 50331757 50331758 50331759 50331760 50331761 50331762 50331763 50331764 50331765 50331766 50331767 50331768 50331769 50331770 50331771 50331772 50331773 50331774 50331775 50331776 50331777 50331778 50331779 50331780 50331781 50331782 50331783 50331784 50331785 50331786 50331787 50331788 50331789 50331790 50331791 50331792 50331793 50331794 50331795 50331796 50331797 50331798 50331799 50331800 50331801 50331802 50331803 50331804 50331805 50331806 50331807 50331808 50331809 50331810 50331811 50331812 50331813 50331814 50331815 50331816 50331817 50331818 50331819 50331820 50331821 50331838 50331839 50331840 50332168 50332169 50332170 50332173 50332174 50332215 50332216 50332217 50341648 50341649 50341650 50341651 50341652 50341653 50341654 50341655 50341656 50341657 50341658 50341659 50341668 50341669 50341670 50341671 50341672 50341675 50341676 50341677 50341678 50341679 50341680 50341685 50341686 50341687 50341688 50341689 50341690 50341691 50341692 50341693 50341694 50341695 50341696 50341697 50341698 50341699 50341700 50341701 50341702 50341703 50341704 50341705 50341706 50341707 50341708 50341709 50341710 50341711 50341712 50341713 50341714 50341715 50341716 50341717 50341722 50341739 50341740 </measTypes>
            <measValue measObjLdn="MML00949HUNB001/ULoCell:NodeB Function Name=MML00949HUNB001, Local Cell ID=10141, Cell Name=FVRNAU1">
                <measResults>982453 159545 124729 817559 145404 12748 4280 2462 0 0 0 0 0 0 21560 20211 31091 40793 35568 68175 114792 112516 172874 193031 247827 257662 286740 283571 271535 284524 200608 194337 145286 152437 128555 123871 112811 72931 56543 49888 82361 63801 38742 16506 10412 7719 39322 1204766 0 0 0 0 0 0 0 0 0 244747 982778 1266847 1816334 3635489151 0 144000 7934 6365 9070 22739 55169 121038 96840 49838 54883 62097 65728 66032 52009 60349 48511 52919 42567 39046 32291 26181 24648 19325 21840 13086 14486 11030 8413 9153 9191 20030 0 0 0 0 0 0 0 0 0 0 0 0 0 0 0 0 0 0 0 0 0 0 0 0 0 0 0 0 0 0 0 0 0 0 0 0 3635208720 1072331 33965 0 0 0 0 0 0 0 0 175 357 24 323 984 11 175 294 323 542 1000 595 996453 6016875 23285 996453 1674711 24 97 1 284 691 8 0 321 0 3.818 11.808 11.796 13 0.132 18 166 21 2 0 0 0 0 0 NIL 651 753 437 0 0 0 0 0 0 0 0 0 0 0 0 12780 0 11 </measResults>
            </measValue>
            <measValue measObjLdn="MML00949HUNB001/ULoCell:NodeB Function Name=MML00949HUNB001, Local Cell ID=10142, Cell Name=FVRNAU2">
                <measResults>712234 74431 109852 631722 67802 6344 3565 2801 0 0 0 0 0 0 17265 29502 9544 8422 10778 12925 21034 23022 44825 61579 93725 96193 107418 111472 117295 133583 88771 116970 96554 118432 122100 126392 105673 83813 62602 48581 59456 28805 12688 4832 1392 1090 99994 889293 0 0 0 0 0 0 0 0 0 364368 432233 896595 1166148 4736146438 0 85040 4810 1583 2210 3905 10765 41417 19765 22957 12919 32051 27776 62051 50422 50166 30485 56703 42601 46542 34446 28968 34242 21847 23676 15205 14294 14257 12900 14517 19875 57111 0 0 0 0 0 0 0 0 0 0 0 0 0 0 0 0 0 0 0 0 0 0 0 0 0 0 0 0 0 0 0 0 0 0 0 0 4735784181 805415 41052 0 0 0 0 0 0 0 0 124 358 12 266 987 5 124 276 266 594 1000 447 1303311 8942117 5317 1303311 2915685 14 92 1 207 790 1 0 10 0 3.317 13.206 12.451 13.903 0.066 22 141 11 0 0 0 0 0 0 NIL 738 826 543 0 0 0 0 0 0 0 0 0 0 0 0 17029 0 0 </measResults>
            </measValue>
            <measValue measObjLdn="MML00949HUNB001/ULoCell:NodeB Function Name=MML00949HUNB001, Local Cell ID=10143, Cell Name=FVRNAU3">
                <measResults>1359288 199644 133988 1161998 177518 13179 4250 2343 0 0 0 0 0 0 23909 16863 60433 32229 27136 40408 65492 75941 131317 178664 269755 304232 325620 304847 285440 312832 214838 248343 200780 254723 222775 199659 200885 162983 135987 120629 141387 80197 56781 27270 12618 9041 28851 1646608 0 0 0 0 0 0 0 0 0 439528 1224967 1693346 3579963 6004694466 0 154724 17483 20570 21982 23332 24575 96283 35170 47159 58405 81232 101487 116576 101282 106649 90277 94931 74841 70257 55299 52004 54149 42798 44850 25145 22910 18342 13808 8732 5576 12212 0 0 0 0 0 0 0 0 0 0 0 0 0 0 0 0 0 0 0 0 0 0 0 0 0 0 0 0 0 0 0 0 0 0 0 0 6004488935 1420099 15456 0 0 0 0 0 0 0 0 235 391 30 566 984 32 235 297 566 716 1000 788 1649394 4910298 80483 1649394 2093140 33 117 3 391 651 24 0 28 0 6.304 11.583 11.133 12.202 0.39 8 159 18 1 0 0 0 0 0 NIL 582 743 410 0 0 0 0 0 0 0 0 0 0 0 0 15321 0 61 </measResults>
            </measValue>
            <measValue measObjLdn="MML00949HUNB001/ULoCell:NodeB Function Name=MML00949HUNB001, Local Cell ID=50141, Cell Name=FVRNAN4">
                <measResults>1182121 176381 103306 1009774 159287 7660 3362 2038 0 0 0 0 0 0 20540 3118 4600 5205 3501 4565 7626 8823 15470 20790 36748 54835 83991 115607 148135 211360 199802 277730 288886 329268 368652 326727 384973 326839 341477 295427 498159 430716 307012 169579 102987 92873 111129 1456368 0 0 0 0 0 0 0 0 0 698442 652311 1461882 2386781 8516802713 0 223027 8402 4062 4491 11371 6277 99987 10547 15331 13359 34161 30156 43754 23328 34560 33216 56911 66920 84317 81975 77372 82747 77881 81781 48106 39539 36809 27555 32257 27675 43840 0 0 0 0 0 0 0 0 0 0 0 0 0 0 0 0 0 0 0 0 0 0 0 0 0 0 0 0 0 0 0 0 0 0 0 0 8516461945 1187327 29676 0 0 0 0 0 0 0 0 203 405 32 515 998 20 203 307 515 779 1000 659 2344379 9104226 38264 2344379 3557480 29 114 7 402 814 15 0 4 0 5.998 12.398 11.628 12.602 0.238 16 188 29 3 0 0 0 0 0 NIL 799 869 674 0 0 0 0 0 0 0 0 0 0 0 0 21176 0 0 </measResults>
            </measValue>
            <measValue measObjLdn="MML00949HUNB001/ULoCell:NodeB Function Name=MML00949HUNB001, Local Cell ID=50142, Cell Name=FVRNAN5">
                <measResults>845868 118655 141461 719396 105321 7515 4412 9224 0 0 0 0 0 0 21268 2119 819 790 959 958 1854 2012 3907 5747 10557 14120 20410 28261 38541 54406 54235 70696 73535 88641 89500 91410 96238 94915 100986 115339 206096 216486 208305 153465 109663 114873 279532 1105042 0 0 0 0 0 0 0 0 0 479751 346741 1106024 1454966 9964027116 0 95124 3365 996 1220 10856 3138 41805 6544 7235 6404 20066 14739 35877 20845 31119 24709 43553 27494 30369 24409 25986 29451 26499 36924 29253 34003 65181 62598 97778 74524 172459 0 0 0 0 0 0 0 0 0 0 0 0 0 0 0 0 0 0 0 0 0 0 0 0 0 0 0 0 0 0 0 0 0 0 0 0 9963609244 983471 9059 0 0 0 0 0 0 0 0 153 387 14 439 994 9 153 280 439 803 1000 546 2748661 8320486 1006 2748661 5034178 19 81 2 368 850 6 0 4 0 5.698 12.914 12.974 14 0.115 4 110 9 0 0 0 0 0 0 NIL 856 911 710 0 0 0 0 0 0 0 0 0 0 0 0 23625 0 0 </measResults>
            </measValue>
            <measValue measObjLdn="MML00949HUNB001/ULoCell:NodeB Function Name=MML00949HUNB001, Local Cell ID=50143, Cell Name=FVRNAN6">
                <measResults>1477159 196723 140677 1267709 186798 12926 5947 3779 0 0 0 0 0 0 21813 3061 3485 5702 1952 2380 4530 4659 8936 12719 24248 36150 60226 92811 132506 195930 203496 271993 292451 368072 432939 424613 486040 442008 470013 416788 653107 585438 535920 399232 250490 127396 225215 1802944 0 0 0 0 0 0 0 0 0 847950 741496 1814661 3120752 10447466521 0 256084 8892 3448 3953 12379 9018 125359 19096 18772 19374 49449 48512 105122 65342 69209 48601 67136 46967 59624 56658 57200 68485 62218 80553 67589 71630 66892 47257 52357 42665 104715 0 0 0 0 0 0 0 0 0 0 0 0 0 0 0 0 0 0 0 0 0 0 0 0 0 0 0 0 0 0 0 0 0 0 0 0 10446782401 1330760 17073 0 0 0 0 0 0 0 0 252 429 75 566 993 74 252 340 566 764 1000 739 2875266 9964850 256414 2875266 3890752 35 123 8 438 803 48 0 8 0 6.382 11.888 11.261 12.671 0.823 9 246 51 9 0 0 0 0 0 NIL 788 857 681 0 0 0 0 0 0 0 0 0 0 0 0 22033 0 0 </measResults>
            </measValue>
            <measValue measObjLdn="MML00949HUNB001/ULoCell:NodeB Function Name=MML00949HUNB001, Local Cell ID=60141, Cell Name=FVRNAN1">
                <measResults>931437 123473 97476 810510 106951 7931 3877 2168 0 0 0 0 0 0 17713 17966 20021 17597 27786 38817 74164 70059 121477 140878 178301 195622 233647 264969 282619 340430 287110 320590 300682 334377 302668 255579 236283 212401 214416 201922 308088 205384 140625 85412 49898 41173 123076 1107713 0 0 0 0 0 0 0 0 0 464993 564417 1152486 1580756 5650377852 0 214455 13988 2902 3920 11859 8076 97584 25432 13935 14262 30882 31789 39388 23217 37244 25342 42920 35495 39720 35264 34321 43442 34786 49886 34333 36177 38023 28782 25420 24932 54319 0 0 0 0 0 0 0 0 0 0 0 0 0 0 0 0 0 0 0 0 0 0 0 0 0 0 0 0 0 0 0 0 0 0 0 0 5649840147 953348 49302 0 0 0 0 0 0 0 0 160 433 37 335 993 20 160 299 335 626 1000 529 1553264 9063944 44541 1553264 2936227 24 110 4 249 789 9 0 6 0 3.564 11.335 10.616 12 0.224 26 190 29 3 0 0 0 0 0 NIL 776 855 641 0 0 0 0 0 0 0 0 0 0 0 0 18161 0 0 </measResults>
            </measValue>
            <measValue measObjLdn="MML00949HUNB001/ULoCell:NodeB Function Name=MML00949HUNB001, Local Cell ID=60142, Cell Name=FVRNAN2">
                <measResults>629453 74559 49661 551969 69473 5205 1871 935 0 0 0 0 0 0 8201 7341 6769 5204 7223 12407 27214 25832 48508 71582 129760 152627 162298 159530 152641 168169 119353 129548 105463 116910 108156 101846 106645 101306 106253 109813 155620 117067 61142 24594 11589 5380 136998 741084 0 0 0 0 0 0 0 0 0 293564 323162 753724 942963 5338289743 0 91894 7616 874 934 36046 3420 33246 5978 5345 5403 18284 10752 19475 15666 25982 23021 26319 27428 27416 24090 22190 26483 20495 28639 22688 29000 33484 30070 32677 33276 65207 0 0 0 0 0 0 0 0 0 0 0 0 0 0 0 0 0 0 0 0 0 0 0 0 0 0 0 0 0 0 0 0 0 0 0 0 5337794550 693094 24174 0 0 0 0 0 0 0 0 104 313 9 274 992 3 104 268 274 703 1000 385 1470756 8427818 6419 1470756 3820145 14 85 1 215 840 1 0 2 0 3.21 12.53 11.687 13 0.042 13 100 6 0 0 0 0 0 0 NIL 821 881 701 0 0 0 0 0 0 0 0 0 0 0 0 19334 0 0 </measResults>
            </measValue>
            <measValue measObjLdn="MML00949HUNB001/ULoCell:NodeB Function Name=MML00949HUNB001, Local Cell ID=60143, Cell Name=FVRNAN3">
                <measResults>1376611 185867 147220 1186223 167484 12038 6687 4179 0 0 0 0 0 0 25469 9143 5062 5474 6976 9182 18125 21635 40815 54006 86715 116238 169337 223065 268309 361163 294282 367551 345483 429610 467180 403834 430748 377743 373196 321348 472977 317833 214144 84548 35606 23967 204916 1689994 0 0 0 0 0 0 0 0 0 815138 689765 1709819 2931815 9965530164 0 237530 9230 3620 4575 11007 7219 113428 30187 17193 17056 49833 36807 63149 46230 57709 46156 58550 50581 52807 48289 56259 80315 77156 76583 64178 71643 78103 66657 49559 42966 85155 0 0 0 0 0 0 0 0 0 0 0 0 0 0 0 0 0 0 0 0 0 0 0 0 0 0 0 0 0 0 0 0 0 0 0 0 9965086201 1311742 27694 0 0 0 0 0 0 0 0 237 411 71 580 995 39 237 325 581 794 1000 728 2743927 7013366 87160 2743927 3769130 33 125 7 425 773 18 0 4 0 6.113 11.582 10.526 12 0.381 15 222 42 7 0 0 0 0 0 NIL 764 851 649 0 0 0 0 0 0 0 0 0 0 0 0 19519 0 0 </measResults>
            </measValue>
        </measInfo>
        <measInfo measInfoId="50331650">
            <granPeriod duration="PT3600S" endTime="2021-08-17T23:00:00+08:00"/>
            <repPeriod duration="PT3600S"/>
            <measTypes>50332548 50332549 50332550 50332554 50342548 50342549 50342550 50342554 50342612 50342613 50342615 50342616 </measTypes>
            <measValue measObjLdn="MML00949HUNB001/ULoCell:NodeB Function Name=MML00949HUNB001, Local Cell ID=10141, Cell Name=FVRNAU1">
                <measResults>0 0 38.973 18.379 0 0 66.5 29 0 0 0 0 </measResults>
            </measValue>
            <measValue measObjLdn="MML00949HUNB001/ULoCell:NodeB Function Name=MML00949HUNB001, Local Cell ID=10142, Cell Name=FVRNAU2">
                <measResults>0 0 20.437 8.868 0 0 43 18 0 0 0 0 </measResults>
            </measValue>
            <measValue measObjLdn="MML00949HUNB001/ULoCell:NodeB Function Name=MML00949HUNB001, Local Cell ID=10143, Cell Name=FVRNAU3">
                <measResults>0 0 48.13 22.946 0 0 91 36 0 0 0 0 </measResults>
            </measValue>
            <measValue measObjLdn="MML00949HUNB001/ULoCell:NodeB Function Name=MML00949HUNB001, Local Cell ID=50141, Cell Name=FVRNAN4">
                <measResults>0 0 51.647 23.126 0 0 78.5 36 0 0 0 0 </measResults>
            </measValue>
            <measValue measObjLdn="MML00949HUNB001/ULoCell:NodeB Function Name=MML00949HUNB001, Local Cell ID=50142, Cell Name=FVRNAN5">
                <measResults>0 0 16.63 6.089 0 0 60.5 16 0 0 0 0 </measResults>
            </measValue>
            <measValue measObjLdn="MML00949HUNB001/ULoCell:NodeB Function Name=MML00949HUNB001, Local Cell ID=50143, Cell Name=FVRNAN6">
                <measResults>0 0 55.771 25.482 0 0 83.5 40 0 0 0 0 </measResults>
            </measValue>
            <measValue measObjLdn="MML00949HUNB001/ULoCell:NodeB Function Name=MML00949HUNB001, Local Cell ID=60141, Cell Name=FVRNAN1">
                <measResults>0 0 61.486 28.418 0 0 87.5 43 0 0 0 0 </measResults>
            </measValue>
            <measValue measObjLdn="MML00949HUNB001/ULoCell:NodeB Function Name=MML00949HUNB001, Local Cell ID=60142, Cell Name=FVRNAN2">
                <measResults>0 0 28.026 13.275 0 0 52 24 0 0 0 0 </measResults>
            </measValue>
            <measValue measObjLdn="MML00949HUNB001/ULoCell:NodeB Function Name=MML00949HUNB001, Local Cell ID=60143, Cell Name=FVRNAN3">
                <measResults>0 0 64.083 28.796 0 0 92.5 44 0 0 0 0 </measResults>
            </measValue>
        </measInfo>
        <measInfo measInfoId="50331651">
            <granPeriod duration="PT3600S" endTime="2021-08-17T23:00:00+08:00"/>
            <repPeriod duration="PT3600S"/>
            <measTypes>50331850 50331851 50331852 50331853 50331854 50331855 50331856 50331857 50331858 50331859 50331860 50331861 50331862 50331863 50331864 50331865 50331866 50331867 50331868 50331869 50331870 50331871 50331872 50331873 50331874 50331875 50331876 50331877 50331878 50331879 50331885 50331886 50331887 50331888 50331889 50331892 50331903 50331904 50331908 50331925 50331926 50331927 50331928 50331929 50331930 50331931 50331957 50331958 50331959 50331961 50331962 50331963 50331964 50331965 50331966 50331967 50331971 50331972 50331973 50331974 50331987 50331988 50331989 50331990 50331991 50331992 50331993 50331995 50332378 50332379 50332380 50332385 50332386 50332387 50332498 50332499 50332500 50332501 50332503 50332507 50332623 50332638 50341849 50341850 50341851 50341852 50341853 50341854 50341855 50341856 50341857 50341858 50341859 50341864 50341865 50341866 50341868 50341869 50341870 50341871 50341872 50341873 50341874 50341875 50341876 50341877 50341878 50341879 50341880 50341881 50341882 50341883 50341884 50341885 50341886 50341887 50341888 50341889 50341890 50341891 50341892 50341893 50341894 50341895 50341896 50341897 50341898 50341980 50341981 50341982 50341983 50341984 50341985 50341986 50341994 50361698 50361699 50361701 </measTypes>
            <measValue measObjLdn="MML00949HUNB001/ULoCell:NodeB Function Name=MML00949HUNB001, Local Cell ID=10141, Cell Name=FVRNAU1">
                <measResults>1777833 11233 3334 1103 930 699 517 628 1289 1293 235 281 204 9 2 2 0 0 0 0 0 0 0 0 0 428 428 1808319 1800020 1770267 1441729 346367 15909961 1115435 237431 8 462 734 1649332 2993 491 394 0 0 0 0 0 89 66 9980 2691 2077 0 0 0 0 28428 34243 18603 227263 20204 102842 245807 376379 181123 69787 26138 1693044 918853 233497 675333 1.382 214497 732186 0 0 NIL NIL 0 1.222 0 0 80 3.602 7.96 0.088 0.243 7 0 0 0 80 0 286 214 0 NIL NIL 2.177 0.197 0.005 0.001 0 0 1010.046 176.64 158.196 0 0 0 0 1233080.875 8.538 0.923 0.237 0.098 0.132 0.038 0.011 0.001 1.749 0 0 81 NIL NIL 513 6373.68 26138.957 55846.68 112399.625 96393.953 39491.551 13831.24 230893.109 0 NIL 0 </measResults>
            </measValue>
            <measValue measObjLdn="MML00949HUNB001/ULoCell:NodeB Function Name=MML00949HUNB001, Local Cell ID=10142, Cell Name=FVRNAU2">
                <measResults>1771068 11809 5641 1971 538 565 262 229 485 427 624 1403 830 778 1212 983 768 200 124 23 3 6 0 2 0 67 762 919449 1800018 1501528 1459251 265370 10911150 1105280 167118 7 220 263 1168165 5274 4056 3581 2115 1744 196 0 0 74 57 10555 7872 7027 4344 3939 611 0 3566 7460 3266 767396 10843 33889 50441 103551 126037 88781 11727 178477 893236 911307 164612 0.742 663352 263341 0 0 NIL NIL 0 0.358 0 0 64 1.878 6.677 0.057 0.348 0 0 0 0 74 0 85 71 0 NIL NIL 3.652 0.431 0.01 0.002 0 0 3010.932 2465.058 2184.498 1413.216 1257.6 93.63 0 1281591.5 3.168 0.322 0.126 0.064 0.099 0.029 0.009 0.002 2.423 0 0 107 NIL NIL 63 3281.556 13537.638 25130.377 64135.484 106534.102 80217.07 14103.222 42171.148 0 NIL 0 </measResults>
            </measValue>
            <measValue measObjLdn="MML00949HUNB001/ULoCell:NodeB Function Name=MML00949HUNB001, Local Cell ID=10143, Cell Name=FVRNAU3">
                <measResults>1776427 17549 3549 637 284 233 139 145 204 140 109 36 5 4 2 1 0 0 0 0 0 0 1 0 1 553 555 2585307 1800019 1760315 1669008 298511 20907361 1296271 191464 8 521 654 1558897 398 0 0 0 0 0 0 0 128 107 1069 0 0 0 0 0 0 24490 33311 28630 453287 29955 72088 136086 316995 426484 175994 25073 1831339 1499614 426921 580343 1.47 474816 1058802 0 0 NIL NIL 0 1.286 0 0 94 3.626 8.23 0.118 0.316 7 0 0 0 66 0 352 237 0 NIL NIL 4.351 0.148 0.017 0.02 0 0 136.482 0 0 0 0 0 0 1792583.375 9.235 0.713 0.25 0.118 0.157 0.053 0.038 0.041 3.475 0 0 79 NIL NIL 510 6471.102 17574.98 35449.195 163337.172 520304.469 212011.469 12323.214 460437.25 0 NIL 0 </measResults>
            </measValue>
            <measValue measObjLdn="MML00949HUNB001/ULoCell:NodeB Function Name=MML00949HUNB001, Local Cell ID=50141, Cell Name=FVRNAN4">
                <measResults>1590383 88634 33363 19896 12196 9130 7359 6063 8098 4203 2151 1430 1049 978 987 1043 1536 1328 1128 1758 3218 770 458 1160 53 1645 11686 3820726 1800019 1783952 1986982 651071 22221381 1532312 405251 20 641 734 1614109 35356 13652 11959 9474 8447 5905 872 92 194 246 142249 41331 34477 25198 22001 14698 1218 48666 49253 24840 518084 2190 5529 19750 145495 355135 491889 231151 2444710 1043675 521663 637963 2.134 395418 685671 0 0 NIL NIL 0 1.916 0 0 122 4.959 11.296 0.14 0.28 8 0 0 0 80 0 412 321 2 NIL NIL 4.728 0.211 0.004 0.001 0 0 18610.719 3252.152 2499.384 1680.666 1443.768 829.422 52.848 1362423 10.698 0.815 0.319 0.15 0.172 0.025 0.007 0.001 3.556 0 1 58 NIL NIL 498 294.792 1063.602 3689.978 30942.975 97328.758 151223.25 89028.844 295453 0 NIL 0 </measResults>
            </measValue>
            <measValue measObjLdn="MML00949HUNB001/ULoCell:NodeB Function Name=MML00949HUNB001, Local Cell ID=50142, Cell Name=FVRNAN5">
                <measResults>29 9002 101712 325059 437005 349306 208832 119758 112417 50595 23434 12933 8859 6194 5017 3753 2567 1919 1322 1123 1737 1538 1592 3811 2619 7886 23952 1511705 1800019 1636678 1981548 252401 12062894 1094658 135898 10 397 640 1135897 570830 57732 41119 27110 21943 13437 7590 201 81 260 1673258 195333 141298 90150 71320 38774 20605 1292 6675 5422 857626 282 1097 6018 45814 121635 149618 156650 359725 907406 757814 184972 0.94 698345 240337 0 0 NIL NIL 0 0.506 0 0 93 2.321 6.155 0.078 0.474 1 1 0 0 70 0 136 87 3 NIL NIL 4.438 0.462 0.017 0.008 0.002 0 692665.5 135644.375 102531.336 67585.195 47030.508 8600.62 3896.238 1448259 3.376 0.359 0.148 0.077 0.082 0.017 0.005 0.001 2.713 0 18 76 NIL NIL 128 118.2 321.21 1918.542 13617.756 36051.871 105613.32 201125.953 71332.797 0 NIL 0 </measResults>
            </measValue>
            <measValue measObjLdn="MML00949HUNB001/ULoCell:NodeB Function Name=MML00949HUNB001, Local Cell ID=50143, Cell Name=FVRNAN6">
                <measResults>643459 382070 250680 169533 107477 70295 48089 34261 39383 21025 11686 7070 4387 2108 1384 903 782 990 827 539 1503 505 149 130 12 770 5516 4047188 1800017 1791588 2790421 580812 27667731 2313849 355188 19 608 682 1700559 140806 18711 10571 2848 1818 923 100 74 169 221 725506 87953 48704 10493 5256 2136 286 42474 70857 75341 1198981 2543 4767 14994 141259 400399 415850 192777 2203136 1369864 1052006 695139 1.952 739040 690293 0 0 NIL NIL 0 1.49 0 0 109 5.182 11.303 0.187 0.657 7 0 0 0 83 0 449 351 3 NIL NIL 7.364 0.37 0.008 0.002 0.001 0 193338.203 25042.094 13791.074 2705.388 1504.614 232.338 10.098 1682951.25 11.318 0.775 0.261 0.121 0.126 0.024 0.008 0.002 5.288 0 1 77 NIL NIL 317 403.848 924.198 3246.372 42031.645 111163.117 150927.031 105517.828 192180.141 0 NIL 0 </measResults>
            </measValue>
            <measValue measObjLdn="MML00949HUNB001/ULoCell:NodeB Function Name=MML00949HUNB001, Local Cell ID=60141, Cell Name=FVRNAN1">
                <measResults>0 0 116 2792 20399 80089 191788 311155 627793 330145 131346 53073 23823 11840 8281 3976 1590 596 300 172 158 95 52 48 8 382 2010 4059165 1800017 1795649 2191637 902382 21604157 1766418 584319 22 726 791 1676823 1745174 163171 60962 14296 6954 100 0 0 124 104 10960912 1046714 355810 68720 30018 425 0 60882 44090 27724 435416 24530 103426 164197 379134 540788 505430 134259 3834028 1084713 520093 765151 3.052 413988 711844 0 0 NIL NIL 0 2.728 0 0 123 6.211 12.092 0.155 0.305 12 0 0 0 73 0 474 405 0 NIL NIL 2.655 0.28 0.004 0 0 0 1317932.875 145593.906 44377.902 6994.542 2761.494 50.928 0 1339959.75 13.662 0.88 0.308 0.14 0.143 0.021 0.003 0.001 2.071 0 3 50 NIL NIL 574 3843.27 17336.754 29392.752 78877.516 125606.828 162873.609 71214.055 346042.906 0 NIL 0 </measResults>
            </measValue>
            <measValue measObjLdn="MML00949HUNB001/ULoCell:NodeB Function Name=MML00949HUNB001, Local Cell ID=60142, Cell Name=FVRNAN2">
                <measResults>0 0 0 0 0 549 11425 93948 793007 644240 127028 39875 25550 19387 14931 10679 6575 4074 2873 2130 1789 693 297 185 23 759 13537 2221456 1800017 1717199 1560428 555463 14807237 935195 154499 11 410 580 1212698 1717231 239904 102884 45688 31198 2150 0 29 64 85 5704962 895120 382685 167381 113401 10050 0 12280 11855 3567 551821 4231 18138 66396 188925 144763 150632 56990 820788 926349 532411 264860 1.202 628728 324410 0 0 NIL NIL 0 0.964 0 0 108 3.169 8.442 0.082 0.331 4 1 0 0 50 0 205 148 0 NIL NIL 2.968 0.192 0.011 0.021 0.009 0.001 1246147.25 491066.406 351000.656 215213.688 163922.469 2446.158 0 1246147.25 7.299 0.467 0.158 0.074 0.089 0.019 0.006 0.002 2.163 0 12 58 NIL NIL 269 1133.82 5765.688 22290.807 53191.113 81512.961 268853.938 113911.289 117669.414 0 NIL 0 </measResults>
            </measValue>
            <measValue measObjLdn="MML00949HUNB001/ULoCell:NodeB Function Name=MML00949HUNB001, Local Cell ID=60143, Cell Name=FVRNAN3">
                <measResults>620 4879 20154 63388 140500 238526 301372 303686 400987 164473 60226 32060 23103 18386 10916 6147 2656 1156 597 408 683 2151 1298 516 114 1017 9566 5133500 1800019 1799087 3312796 998241 25910352 2799643 790122 25 782 813 1740220 1429627 121416 78680 36644 20650 5200 2000 57 106 144 10372299 839947 523073 228659 123100 27151 10156 59562 52107 41462 1153099 4414 17173 56976 285917 662159 870170 132767 4378222 1638995 1359183 783729 3.296 918693 787849 0 0 NIL NIL 0 2.754 0 0 132 7.093 13.25 0.171 0.345 12 0 0 0 88 0 518 409 1 NIL NIL 4.337 0.645 0.005 0.002 0.001 0.001 1665343.375 184453.344 112516.945 47485.055 24388.305 1585.536 374.55 2011831 14.67 0.872 0.357 0.18 0.197 0.028 0.007 0.003 2.938 0 5 43 NIL NIL 448 1064.16 3898.272 13861.944 71533.258 172033.359 318639.719 66288.055 413532.094 0 NIL 0 </measResults>
            </measValue>
        </measInfo>
        <measInfo measInfoId="50331653">
            <granPeriod duration="PT3600S" endTime="2021-08-17T23:00:00+08:00"/>
            <repPeriod duration="PT3600S"/>
            <measTypes>50331748 50331749 50331750 50331751 50331752 50331753 50361697 </measTypes>
            <measValue measObjLdn="MML00949HUNB001/ULoCell:NodeB Function Name=MML00949HUNB001, Local Cell ID=10141, Cell Name=FVRNAU1">
                <measResults>0.206 0.19 0.206 0.171 0 0 0.376 </measResults>
            </measValue>
            <measValue measObjLdn="MML00949HUNB001/ULoCell:NodeB Function Name=MML00949HUNB001, Local Cell ID=10142, Cell Name=FVRNAU2">
                <measResults>1.631 1.451 1.631 1.263 0 0 0.106 </measResults>
            </measValue>
            <measValue measObjLdn="MML00949HUNB001/ULoCell:NodeB Function Name=MML00949HUNB001, Local Cell ID=10143, Cell Name=FVRNAU3">
                <measResults>0.474 0.451 0.474 0.429 0 0 0.393 </measResults>
            </measValue>
            <measValue measObjLdn="MML00949HUNB001/ULoCell:NodeB Function Name=MML00949HUNB001, Local Cell ID=50141, Cell Name=FVRNAN4">
                <measResults>0.435 0.385 0.435 0.363 0 0 0.077 </measResults>
            </measValue>
            <measValue measObjLdn="MML00949HUNB001/ULoCell:NodeB Function Name=MML00949HUNB001, Local Cell ID=50142, Cell Name=FVRNAN5">
                <measResults>1.064 0.901 1.064 0.458 0 0 0.25 </measResults>
            </measValue>
            <measValue measObjLdn="MML00949HUNB001/ULoCell:NodeB Function Name=MML00949HUNB001, Local Cell ID=50143, Cell Name=FVRNAN6">
                <measResults>0.406 0.353 0.406 0.319 0 0 0.12 </measResults>
            </measValue>
            <measValue measObjLdn="MML00949HUNB001/ULoCell:NodeB Function Name=MML00949HUNB001, Local Cell ID=60141, Cell Name=FVRNAN1">
                <measResults>0.601 0.486 0.601 0.429 0 0 0.055 </measResults>
            </measValue>
            <measValue measObjLdn="MML00949HUNB001/ULoCell:NodeB Function Name=MML00949HUNB001, Local Cell ID=60142, Cell Name=FVRNAN2">
                <measResults>0.578 0.503 0.578 0.463 0 0 0.324 </measResults>
            </measValue>
            <measValue measObjLdn="MML00949HUNB001/ULoCell:NodeB Function Name=MML00949HUNB001, Local Cell ID=60143, Cell Name=FVRNAN3">
                <measResults>0.372 0.346 0.372 0.314 0 0 0.082 </measResults>
            </measValue>
        </measInfo>
        <measInfo measInfoId="50331658">
            <granPeriod duration="PT3600S" endTime="2021-08-17T23:00:00+08:00"/>
            <repPeriod duration="PT3600S"/>
            <measTypes>50332250 50332251 50332410 50332411 </measTypes>
            <measValue measObjLdn="MML00949HUNB001/ULoCell:NodeB Function Name=MML00949HUNB001, Local Cell ID=10141, Cell Name=FVRNAU1">
                <measResults>0 0 0 0 </measResults>
            </measValue>
            <measValue measObjLdn="MML00949HUNB001/ULoCell:NodeB Function Name=MML00949HUNB001, Local Cell ID=10142, Cell Name=FVRNAU2">
                <measResults>0 0 0 0 </measResults>
            </measValue>
            <measValue measObjLdn="MML00949HUNB001/ULoCell:NodeB Function Name=MML00949HUNB001, Local Cell ID=10143, Cell Name=FVRNAU3">
                <measResults>0 0 0 0 </measResults>
            </measValue>
            <measValue measObjLdn="MML00949HUNB001/ULoCell:NodeB Function Name=MML00949HUNB001, Local Cell ID=50141, Cell Name=FVRNAN4">
                <measResults>0 0 0 0 </measResults>
            </measValue>
            <measValue measObjLdn="MML00949HUNB001/ULoCell:NodeB Function Name=MML00949HUNB001, Local Cell ID=50142, Cell Name=FVRNAN5">
                <measResults>0 0 0 0 </measResults>
            </measValue>
            <measValue measObjLdn="MML00949HUNB001/ULoCell:NodeB Function Name=MML00949HUNB001, Local Cell ID=50143, Cell Name=FVRNAN6">
                <measResults>0 0 0 0 </measResults>
            </measValue>
            <measValue measObjLdn="MML00949HUNB001/ULoCell:NodeB Function Name=MML00949HUNB001, Local Cell ID=60141, Cell Name=FVRNAN1">
                <measResults>0 0 0 0 </measResults>
            </measValue>
            <measValue measObjLdn="MML00949HUNB001/ULoCell:NodeB Function Name=MML00949HUNB001, Local Cell ID=60142, Cell Name=FVRNAN2">
                <measResults>0 0 0 0 </measResults>
            </measValue>
            <measValue measObjLdn="MML00949HUNB001/ULoCell:NodeB Function Name=MML00949HUNB001, Local Cell ID=60143, Cell Name=FVRNAN3">
                <measResults>0 0 0 0 </measResults>
            </measValue>
        </measInfo>
        <measInfo measInfoId="50331660">
            <granPeriod duration="PT3600S" endTime="2021-08-17T23:00:00+08:00"/>
            <repPeriod duration="PT3600S"/>
            <measTypes>50361670 50361671 50361672 50361673 </measTypes>
            <measValue measObjLdn="MML00949HUNB001/ULoCell:NodeB Function Name=MML00949HUNB001, Local Cell ID=10141, Cell Name=FVRNAU1">
                <measResults>0 0 0 0 </measResults>
            </measValue>
            <measValue measObjLdn="MML00949HUNB001/ULoCell:NodeB Function Name=MML00949HUNB001, Local Cell ID=10142, Cell Name=FVRNAU2">
                <measResults>0 0 0 0 </measResults>
            </measValue>
            <measValue measObjLdn="MML00949HUNB001/ULoCell:NodeB Function Name=MML00949HUNB001, Local Cell ID=10143, Cell Name=FVRNAU3">
                <measResults>0 0 0 0 </measResults>
            </measValue>
            <measValue measObjLdn="MML00949HUNB001/ULoCell:NodeB Function Name=MML00949HUNB001, Local Cell ID=50141, Cell Name=FVRNAN4">
                <measResults>0 0 0 0 </measResults>
            </measValue>
            <measValue measObjLdn="MML00949HUNB001/ULoCell:NodeB Function Name=MML00949HUNB001, Local Cell ID=50142, Cell Name=FVRNAN5">
                <measResults>0 0 0 0 </measResults>
            </measValue>
            <measValue measObjLdn="MML00949HUNB001/ULoCell:NodeB Function Name=MML00949HUNB001, Local Cell ID=50143, Cell Name=FVRNAN6">
                <measResults>0 0 0 0 </measResults>
            </measValue>
            <measValue measObjLdn="MML00949HUNB001/ULoCell:NodeB Function Name=MML00949HUNB001, Local Cell ID=60141, Cell Name=FVRNAN1">
                <measResults>0 0 0 0 </measResults>
            </measValue>
            <measValue measObjLdn="MML00949HUNB001/ULoCell:NodeB Function Name=MML00949HUNB001, Local Cell ID=60142, Cell Name=FVRNAN2">
                <measResults>0 0 0 0 </measResults>
            </measValue>
            <measValue measObjLdn="MML00949HUNB001/ULoCell:NodeB Function Name=MML00949HUNB001, Local Cell ID=60143, Cell Name=FVRNAN3">
                <measResults>0 0 0 0 </measResults>
            </measValue>
        </measInfo>
        <measInfo measInfoId="50331661">
            <granPeriod duration="PT3600S" endTime="2021-08-17T23:00:00+08:00"/>
            <repPeriod duration="PT3600S"/>
            <measTypes>50332048 50332049 50332050 50332051 </measTypes>
            <measValue measObjLdn="MML00949HUNB001/ULoCell:NodeB Function Name=MML00949HUNB001, Local Cell ID=10141, Cell Name=FVRNAU1">
                <measResults>59871 0 101821 0 </measResults>
            </measValue>
            <measValue measObjLdn="MML00949HUNB001/ULoCell:NodeB Function Name=MML00949HUNB001, Local Cell ID=10142, Cell Name=FVRNAU2">
                <measResults>31806 0 98599 0 </measResults>
            </measValue>
            <measValue measObjLdn="MML00949HUNB001/ULoCell:NodeB Function Name=MML00949HUNB001, Local Cell ID=10143, Cell Name=FVRNAU3">
                <measResults>74601 0 101872 0 </measResults>
            </measValue>
            <measValue measObjLdn="MML00949HUNB001/ULoCell:NodeB Function Name=MML00949HUNB001, Local Cell ID=50141, Cell Name=FVRNAN4">
                <measResults>79807 0 102781 0 </measResults>
            </measValue>
            <measValue measObjLdn="MML00949HUNB001/ULoCell:NodeB Function Name=MML00949HUNB001, Local Cell ID=50142, Cell Name=FVRNAN5">
                <measResults>26728 0 98543 0 </measResults>
            </measValue>
            <measValue measObjLdn="MML00949HUNB001/ULoCell:NodeB Function Name=MML00949HUNB001, Local Cell ID=50143, Cell Name=FVRNAN6">
                <measResults>104197 0 104061 0 </measResults>
            </measValue>
            <measValue measObjLdn="MML00949HUNB001/ULoCell:NodeB Function Name=MML00949HUNB001, Local Cell ID=60141, Cell Name=FVRNAN1">
                <measResults>91177 0 101058 0 </measResults>
            </measValue>
            <measValue measObjLdn="MML00949HUNB001/ULoCell:NodeB Function Name=MML00949HUNB001, Local Cell ID=60142, Cell Name=FVRNAN2">
                <measResults>39283 0 100732 0 </measResults>
            </measValue>
            <measValue measObjLdn="MML00949HUNB001/ULoCell:NodeB Function Name=MML00949HUNB001, Local Cell ID=60143, Cell Name=FVRNAN3">
                <measResults>86374 0 101516 0 </measResults>
            </measValue>
        </measInfo>
        <measInfo measInfoId="50331662">
            <granPeriod duration="PT3600S" endTime="2021-08-17T23:00:00+08:00"/>
            <repPeriod duration="PT3600S"/>
            <measTypes>50332052 50332053 50332054 50332070 50332505 </measTypes>
            <measValue measObjLdn="MML00949HUNB001/ULoCell:NodeB Function Name=MML00949HUNB001, Local Cell ID=10141, Cell Name=FVRNAU1">
                <measResults>0 143 687595 0 0 </measResults>
            </measValue>
            <measValue measObjLdn="MML00949HUNB001/ULoCell:NodeB Function Name=MML00949HUNB001, Local Cell ID=10142, Cell Name=FVRNAU2">
                <measResults>0 80 672859 0 0 </measResults>
            </measValue>
            <measValue measObjLdn="MML00949HUNB001/ULoCell:NodeB Function Name=MML00949HUNB001, Local Cell ID=10143, Cell Name=FVRNAU3">
                <measResults>73 151 1008648 0 0 </measResults>
            </measValue>
            <measValue measObjLdn="MML00949HUNB001/ULoCell:NodeB Function Name=MML00949HUNB001, Local Cell ID=50141, Cell Name=FVRNAN4">
                <measResults>90 176 552241 0 0 </measResults>
            </measValue>
            <measValue measObjLdn="MML00949HUNB001/ULoCell:NodeB Function Name=MML00949HUNB001, Local Cell ID=50142, Cell Name=FVRNAN5">
                <measResults>18 82 291849 0 0 </measResults>
            </measValue>
            <measValue measObjLdn="MML00949HUNB001/ULoCell:NodeB Function Name=MML00949HUNB001, Local Cell ID=50143, Cell Name=FVRNAN6">
                <measResults>612 225 631339 0 0 </measResults>
            </measValue>
            <measValue measObjLdn="MML00949HUNB001/ULoCell:NodeB Function Name=MML00949HUNB001, Local Cell ID=60141, Cell Name=FVRNAN1">
                <measResults>104 201 1149374 0 0 </measResults>
            </measValue>
            <measValue measObjLdn="MML00949HUNB001/ULoCell:NodeB Function Name=MML00949HUNB001, Local Cell ID=60142, Cell Name=FVRNAN2">
                <measResults>0 118 885763 0 0 </measResults>
            </measValue>
            <measValue measObjLdn="MML00949HUNB001/ULoCell:NodeB Function Name=MML00949HUNB001, Local Cell ID=60143, Cell Name=FVRNAN3">
                <measResults>70 220 1100184 0 0 </measResults>
            </measValue>
        </measInfo>
        <measInfo measInfoId="50331663">
            <granPeriod duration="PT3600S" endTime="2021-08-17T23:00:00+08:00"/>
            <repPeriod duration="PT3600S"/>
            <measTypes>50331917 50332061 50332064 50332065 50332069 50332071 50332072 50332073 50332074 50332079 50332258 50332388 50332389 50332504 50332626 50332632 50332639 50332640 50332641 50332645 50342048 50342049 50342050 50342051 50361705 50361706 50361725 50361726 50361735 50361740 50361743 50361744 50361747 50361749 50361751 50361753 50361755 50361757 50361759 50361761 50361763 50361765 50361767 50361769 50361771 50361773 50361775 50361777 50361779 50361781 50361783 50361785 50361787 50361789 50361791 50361793 50361795 </measTypes>
            <measValue measObjLdn="MML00949HUNB001/ULoCell:NodeB Function Name=MML00949HUNB001, Local Cell ID=10141, Cell Name=FVRNAU1">
                <measResults>1000 4 255 0.033 0 0 0 0 0 0 3.107 0 5.261 0 0 0 0 0 NIL 0 20 111.536 0.006 0 0 0 0 NIL NIL NIL NIL NIL NIL NIL NIL NIL NIL NIL NIL NIL NIL NIL NIL NIL NIL NIL NIL NIL NIL NIL NIL NIL NIL NIL NIL NIL NIL </measResults>
            </measValue>
            <measValue measObjLdn="MML00949HUNB001/ULoCell:NodeB Function Name=MML00949HUNB001, Local Cell ID=10142, Cell Name=FVRNAU2">
                <measResults>999.947 1 256 0 0 0 0 0 0 0 3.496 0 2.547 0 0 0 0 0 NIL 0 13 98.833 0 0 0 0 0 NIL NIL NIL NIL NIL NIL NIL NIL NIL NIL NIL NIL NIL NIL NIL NIL NIL NIL NIL NIL NIL NIL NIL NIL NIL NIL NIL NIL NIL NIL </measResults>
            </measValue>
            <measValue measObjLdn="MML00949HUNB001/ULoCell:NodeB Function Name=MML00949HUNB001, Local Cell ID=10143, Cell Name=FVRNAU3">
                <measResults>1000 5 254 0.184 0 0 0 0 0 0 3.49 0 5.718 0 0 0 0 0 NIL 0 46 162.737 0.04 0 0 0 0 NIL NIL NIL NIL NIL NIL NIL NIL NIL NIL NIL NIL NIL NIL NIL NIL NIL NIL NIL NIL NIL NIL NIL NIL NIL NIL NIL NIL NIL NIL </measResults>
            </measValue>
            <measValue measObjLdn="MML00949HUNB001/ULoCell:NodeB Function Name=MML00949HUNB001, Local Cell ID=50141, Cell Name=FVRNAN4">
                <measResults>999.982 11 255 0 0 0 0 0 0 0 1.66 0 7.005 0 0 0 0 0 NIL 0 31 149 0 0 0 0 0 NIL NIL NIL NIL NIL NIL NIL NIL NIL NIL NIL NIL NIL NIL NIL NIL NIL NIL NIL NIL NIL NIL NIL NIL NIL NIL NIL NIL NIL NIL </measResults>
            </measValue>
            <measValue measObjLdn="MML00949HUNB001/ULoCell:NodeB Function Name=MML00949HUNB001, Local Cell ID=50142, Cell Name=FVRNAN5">
                <measResults>979.003 4 256 0 0 0 0 0 0 0 0.697 0 3.144 0 0 0 0 0 NIL 0 12 128.137 0 2.836 0 0 0 1 NIL NIL NIL NIL NIL NIL NIL NIL NIL NIL NIL NIL NIL NIL NIL NIL NIL NIL NIL NIL NIL NIL NIL NIL NIL NIL NIL NIL NIL </measResults>
            </measValue>
            <measValue measObjLdn="MML00949HUNB001/ULoCell:NodeB Function Name=MML00949HUNB001, Local Cell ID=50143, Cell Name=FVRNAN6">
                <measResults>1000 14 256 0 0 0 0 0 0 0 1.543 0 8.154 133.333 0 0 0 0 NIL 0 40 162.401 0 0 0 0 0 NIL NIL NIL NIL NIL NIL NIL NIL NIL NIL NIL NIL NIL NIL NIL NIL NIL NIL NIL NIL NIL NIL NIL NIL NIL NIL NIL NIL NIL NIL </measResults>
            </measValue>
            <measValue measObjLdn="MML00949HUNB001/ULoCell:NodeB Function Name=MML00949HUNB001, Local Cell ID=60141, Cell Name=FVRNAN1">
                <measResults>999.933 13 255 0 0 0 0 0 0 0 5.511 0 7.387 0 0 0 0 0 NIL 0 27 124.959 0 0 0 0 0 NIL NIL NIL NIL NIL NIL NIL NIL NIL NIL NIL NIL NIL NIL NIL NIL NIL NIL NIL NIL NIL NIL NIL NIL NIL NIL NIL NIL NIL NIL </measResults>
            </measValue>
            <measValue measObjLdn="MML00949HUNB001/ULoCell:NodeB Function Name=MML00949HUNB001, Local Cell ID=60142, Cell Name=FVRNAN2">
                <measResults>907.285 5 255 0 0 0 0 0 0 0 4.617 0 3.603 0 0 0 0 0 NIL 0 16 105.057 0 1.506 0 0 0 0.999 NIL NIL NIL NIL NIL NIL NIL NIL NIL NIL NIL NIL NIL NIL NIL NIL NIL NIL NIL NIL NIL NIL NIL NIL NIL NIL NIL NIL NIL </measResults>
            </measValue>
            <measValue measObjLdn="MML00949HUNB001/ULoCell:NodeB Function Name=MML00949HUNB001, Local Cell ID=60143, Cell Name=FVRNAN3">
                <measResults>999.903 14 255 0 0 0 0 0 0 0 4.567 0 8.475 0 0 0 0 0 NIL 0 25 166.372 0 0 0 0 0 NIL NIL NIL NIL NIL NIL NIL NIL NIL NIL NIL NIL NIL NIL NIL NIL NIL NIL NIL NIL NIL NIL NIL NIL NIL NIL NIL NIL NIL NIL </measResults>
            </measValue>
        </measInfo>
        <measInfo measInfoId="50331665">
            <granPeriod duration="PT3600S" endTime="2021-08-17T23:00:00+08:00"/>
            <repPeriod duration="PT3600S"/>
            <measTypes>50331740 50331741 50331742 50331743 50331744 50331909 50331910 50331911 50331912 50331913 50332381 50332382 50332576 50332577 </measTypes>
            <measValue measObjLdn="MML00949HUNB001/ULoCell:NodeB Function Name=MML00949HUNB001, Local Cell ID=10141, Cell Name=FVRNAU1">
                <measResults>0 0 0 0 0 0 0 0 0 0 0 0 0 0 </measResults>
            </measValue>
            <measValue measObjLdn="MML00949HUNB001/ULoCell:NodeB Function Name=MML00949HUNB001, Local Cell ID=10142, Cell Name=FVRNAU2">
                <measResults>0 0 0 0 0 0 0 0 0 0 0 0 0 0 </measResults>
            </measValue>
            <measValue measObjLdn="MML00949HUNB001/ULoCell:NodeB Function Name=MML00949HUNB001, Local Cell ID=10143, Cell Name=FVRNAU3">
                <measResults>0 0 0 0 0 0 0 0 0 0 0 0 0 0 </measResults>
            </measValue>
            <measValue measObjLdn="MML00949HUNB001/ULoCell:NodeB Function Name=MML00949HUNB001, Local Cell ID=50141, Cell Name=FVRNAN4">
                <measResults>0 0 0 0 0 0 0 0 0 0 0 0 0 0 </measResults>
            </measValue>
            <measValue measObjLdn="MML00949HUNB001/ULoCell:NodeB Function Name=MML00949HUNB001, Local Cell ID=50142, Cell Name=FVRNAN5">
                <measResults>0 0 0 0 0 0 0 0 0 0 0 0 0 0 </measResults>
            </measValue>
            <measValue measObjLdn="MML00949HUNB001/ULoCell:NodeB Function Name=MML00949HUNB001, Local Cell ID=50143, Cell Name=FVRNAN6">
                <measResults>0 0 0 0 0 0 0 0 0 0 0 0 0 0 </measResults>
            </measValue>
            <measValue measObjLdn="MML00949HUNB001/ULoCell:NodeB Function Name=MML00949HUNB001, Local Cell ID=60141, Cell Name=FVRNAN1">
                <measResults>0 0 0 0 0 0 0 0 0 0 0 0 0 0 </measResults>
            </measValue>
            <measValue measObjLdn="MML00949HUNB001/ULoCell:NodeB Function Name=MML00949HUNB001, Local Cell ID=60142, Cell Name=FVRNAN2">
                <measResults>0 0 0 0 0 0 0 0 0 0 0 0 0 0 </measResults>
            </measValue>
            <measValue measObjLdn="MML00949HUNB001/ULoCell:NodeB Function Name=MML00949HUNB001, Local Cell ID=60143, Cell Name=FVRNAN3">
                <measResults>0 0 0 0 0 0 0 0 0 0 0 0 0 0 </measResults>
            </measValue>
        </measInfo>
        <measInfo measInfoId="50331673">
            <granPeriod duration="PT3600S" endTime="2021-08-17T23:00:00+08:00"/>
            <repPeriod duration="PT3600S"/>
            <measTypes>50332055 50332056 50332057 50332058 50332059 50332060 50332278 50332279 50332280 50332281 50332282 50332283 50332284 50332285 50332286 50361648 50361649 50361650 50361651 </measTypes>
            <measValue measObjLdn="MML00949HUNB001/ULoCell:NodeB Function Name=MML00949HUNB001, Local Cell ID=10141, Cell Name=FVRNAU1">
                <measResults>120 38 7 0 0 0 27 23 13 34 13 4 1 45 14 0 0 0 0 </measResults>
            </measValue>
            <measValue measObjLdn="MML00949HUNB001/ULoCell:NodeB Function Name=MML00949HUNB001, Local Cell ID=10142, Cell Name=FVRNAU2">
                <measResults>50 29 8 0 0 0 14 12 4 6 13 0 3 12 28 0 0 0 0 </measResults>
            </measValue>
            <measValue measObjLdn="MML00949HUNB001/ULoCell:NodeB Function Name=MML00949HUNB001, Local Cell ID=10143, Cell Name=FVRNAU3">
                <measResults>170 43 15 0 0 0 20 21 10 21 17 2 1 38 18 0 0 0 0 </measResults>
            </measValue>
            <measValue measObjLdn="MML00949HUNB001/ULoCell:NodeB Function Name=MML00949HUNB001, Local Cell ID=50141, Cell Name=FVRNAN4">
                <measResults>87 15 2 0 0 0 19 21 25 50 39 8 5 65 32 0 0 0 0 </measResults>
            </measValue>
            <measValue measObjLdn="MML00949HUNB001/ULoCell:NodeB Function Name=MML00949HUNB001, Local Cell ID=50142, Cell Name=FVRNAN5">
                <measResults>33 6 12 0 0 0 6 6 11 13 33 1 6 20 45 0 0 0 0 </measResults>
            </measValue>
            <measValue measObjLdn="MML00949HUNB001/ULoCell:NodeB Function Name=MML00949HUNB001, Local Cell ID=50143, Cell Name=FVRNAN6">
                <measResults>85 23 3 0 0 0 18 21 34 50 68 6 10 58 60 0 0 0 0 </measResults>
            </measValue>
            <measValue measObjLdn="MML00949HUNB001/ULoCell:NodeB Function Name=MML00949HUNB001, Local Cell ID=60141, Cell Name=FVRNAN1">
                <measResults>86 27 11 0 0 0 58 48 24 56 20 9 5 66 32 0 0 0 0 </measResults>
            </measValue>
            <measValue measObjLdn="MML00949HUNB001/ULoCell:NodeB Function Name=MML00949HUNB001, Local Cell ID=60142, Cell Name=FVRNAN2">
                <measResults>54 26 7 0 0 0 32 22 11 17 22 1 3 20 30 0 0 0 0 </measResults>
            </measValue>
            <measValue measObjLdn="MML00949HUNB001/ULoCell:NodeB Function Name=MML00949HUNB001, Local Cell ID=60143, Cell Name=FVRNAN3">
                <measResults>98 32 7 0 0 0 36 31 33 60 41 10 10 71 67 0 0 0 0 </measResults>
            </measValue>
        </measInfo>
        <measInfo measInfoId="50331674">
            <granPeriod duration="PT3600S" endTime="2021-08-17T23:00:00+08:00"/>
            <repPeriod duration="PT3600S"/>
            <measTypes>50332161 50332162 50332163 50332164 50332165 50341718 50341719 50341720 50341721 </measTypes>
            <measValue measObjLdn="MML00949HUNB001/ULoCell:NodeB Function Name=MML00949HUNB001, Local Cell ID=10141, Cell Name=FVRNAU1">
                <measResults>0 0 0 0 0 0 0 0 0 </measResults>
            </measValue>
            <measValue measObjLdn="MML00949HUNB001/ULoCell:NodeB Function Name=MML00949HUNB001, Local Cell ID=10142, Cell Name=FVRNAU2">
                <measResults>0 0 0 0 0 0 0 0 0 </measResults>
            </measValue>
            <measValue measObjLdn="MML00949HUNB001/ULoCell:NodeB Function Name=MML00949HUNB001, Local Cell ID=10143, Cell Name=FVRNAU3">
                <measResults>0 0 0 0 0 0 0 0 0 </measResults>
            </measValue>
            <measValue measObjLdn="MML00949HUNB001/ULoCell:NodeB Function Name=MML00949HUNB001, Local Cell ID=50141, Cell Name=FVRNAN4">
                <measResults>0 0 0 0 0 0 0 0 0 </measResults>
            </measValue>
            <measValue measObjLdn="MML00949HUNB001/ULoCell:NodeB Function Name=MML00949HUNB001, Local Cell ID=50142, Cell Name=FVRNAN5">
                <measResults>0 0 0 0 0 0 0 0 0 </measResults>
            </measValue>
            <measValue measObjLdn="MML00949HUNB001/ULoCell:NodeB Function Name=MML00949HUNB001, Local Cell ID=50143, Cell Name=FVRNAN6">
                <measResults>0 0 0 0 0 0 0 0 0 </measResults>
            </measValue>
            <measValue measObjLdn="MML00949HUNB001/ULoCell:NodeB Function Name=MML00949HUNB001, Local Cell ID=60141, Cell Name=FVRNAN1">
                <measResults>0 0 0 0 0 0 0 0 0 </measResults>
            </measValue>
            <measValue measObjLdn="MML00949HUNB001/ULoCell:NodeB Function Name=MML00949HUNB001, Local Cell ID=60142, Cell Name=FVRNAN2">
                <measResults>0 0 0 0 0 0 0 0 0 </measResults>
            </measValue>
            <measValue measObjLdn="MML00949HUNB001/ULoCell:NodeB Function Name=MML00949HUNB001, Local Cell ID=60143, Cell Name=FVRNAN3">
                <measResults>0 0 0 0 0 0 0 0 0 </measResults>
            </measValue>
        </measInfo>
        <measInfo measInfoId="50331676">
            <granPeriod duration="PT3600S" endTime="2021-08-17T23:00:00+08:00"/>
            <repPeriod duration="PT3600S"/>
            <measTypes>50331747 50332175 50332176 50332177 50332178 50332179 50332180 50332181 50332182 50332183 50332184 50332185 50332186 50332187 50332188 50332189 50332190 50332192 50332193 50332194 50332195 50332196 50332197 50332198 50332199 50332200 50332201 50332202 50332203 50332204 50332205 50332206 50332207 50332208 50332209 50332210 50332211 50332212 50332213 50332214 50332219 50332232 50332233 50332234 50332235 50332236 50332237 50332238 50332245 50332246 50332648 50332649 50332650 50332651 50332652 50332653 50332654 50332655 50332656 50332657 50332658 50332670 50332848 50332849 50332850 50332853 50332854 50332855 50332856 50332865 50332866 50332867 50332868 50332869 50332870 50332871 50332872 50332873 50332874 50332875 50332876 50332877 50332878 50332879 50332880 50332881 50332882 50332883 50332884 50332885 50332886 50332887 50332888 50332889 50332890 50332891 50332892 50332894 50332895 50332896 50332897 50332898 50332899 50332900 50332901 50332902 50332903 50332904 50332905 50332906 50332907 50332908 50332909 50332910 50332943 50332944 50332945 50332946 50332947 50332948 50332949 50332950 50332951 50332952 50332953 50332954 50332955 50332956 50332957 50332958 50332959 50332960 50332961 50332962 50332963 50332964 50332965 50332966 50332967 50332968 50332969 50332970 50332971 50332972 50332973 50332974 50332985 50332986 50332987 50332990 50341723 50341741 50341742 50341743 50341748 50341749 50341750 50341751 50341752 50341753 50341754 50341755 50341756 50341757 50341758 50341759 </measTypes>
            <measValue measObjLdn="MML00949HUNB001/ULoCell:NodeB Function Name=MML00949HUNB001, Local Cell ID=10141, Cell Name=FVRNAU1">
                <measResults>3665180980 757383 224284 93703 68834 55028 57202 19093 49202 19981 49238 28903 142629 221053 13467 0 0 0 3376759909 58519 0 18469 0 0 0 0 837 161878 322471 10122 1431 2004 1092 630 407 495 390 126 17 4 602921952 3635489151 1816108 4627431925 2516989 687103 358383 135193 623791743 721676 664104 169858 215018 101436 47275 30258 33069 17365 3588 48 0 448057 0 0 0 411219 35 53 208872 0 0 0 0 0 0 0 0 0 0 0 0 666760364 1027475540 906330813 834446585 891545 569576 222858 110762 0 0 0 0 3136970 6732 5369 0 0 0 0 0 0 0 0 0 0 0 0 0 0 0 0 0 0 0 0 0 0 0 0 0 0 0 0 0 0 0 0 0 0 NIL NIL NIL NIL NIL NIL NIL NIL NIL NIL NIL NIL NIL NIL NIL NIL 0 0 0 1597278 10.698 NIL 0 0 246553.688 248352.031 620965.875 496838.219 324440.469 270893.969 384207.938 282988.813 78938.289 1509.24 0 2460782.75 </measResults>
            </measValue>
            <measValue measObjLdn="MML00949HUNB001/ULoCell:NodeB Function Name=MML00949HUNB001, Local Cell ID=10142, Cell Name=FVRNAU2">
                <measResults>4730223472 1031618 141175 86855 33756 20569 22059 10022 21940 9206 21902 10861 53371 199853 132480 4333 0 0 4717111730 83190 0 4513 0 0 0 0 95 92808 136909 3968 598 973 807 651 416 595 597 185 12 1 1787852336 4736146438 1166030 5575222934 942642 575044 359302 48800 105888733 128304 207767 64337 110559 95308 65200 38764 52356 65596 17707 61 0 445551 0 0 0 137406 7 6 206051 0 0 0 0 0 0 0 0 0 0 0 0 367331719 979210612 1057860054 1927648549 345614 287817 271449 237922 0 0 0 0 2519272 8427 4349 0 0 0 0 0 0 0 0 0 0 0 0 0 0 0 0 0 0 0 0 0 0 0 0 0 0 0 0 0 0 0 0 0 0 NIL NIL NIL NIL NIL NIL NIL NIL NIL NIL NIL NIL NIL NIL NIL NIL 0 0 0 927689 5.583 NIL 0 0 43168.035 95772.359 330197.094 474443.75 455030.906 347408.563 614643.5 1105595.75 395146.281 1891.024 0 3724356.75 </measResults>
            </measValue>
            <measValue measObjLdn="MML00949HUNB001/ULoCell:NodeB Function Name=MML00949HUNB001, Local Cell ID=10143, Cell Name=FVRNAU3">
                <measResults>6007658868 392081 142327 63807 55501 62940 84986 23282 92435 28274 101992 143197 439902 168836 440 0 0 0 5842722274 57131 0 45085 0 0 0 0 1608 448519 852263 14192 2619 3086 1702 983 562 542 213 19 1 2 446372616 6004694466 3579463 7304511099 2579938 1055764 736948 182901 982512024 1224437 1641505 512897 494070 194655 87044 42404 37486 11683 595 0 0 867937 0 0 0 686756 153 129 103865 0 0 0 0 0 0 0 0 0 2899 1784 0 564462375 1592238728 1816621992 1706945952 1243336 1281003 660881 358227 0 0 0 0 2975663 8357 5978 0 0 0 0 0 0 0 0 0 0 0 0 0 0 0 0 0 0 0 0 0 0 0 0 0 0 0 0 0 0 0 0 0 0 NIL NIL NIL NIL NIL NIL NIL NIL NIL NIL NIL NIL NIL NIL NIL NIL 0 0 0 3475869 12.729 NIL 0 0 592772.375 748110.875 1406141.625 946112.625 600241.625 374799.656 430132.75 181929.734 12740.728 0 0 3952098.75 </measResults>
            </measValue>
            <measValue measObjLdn="MML00949HUNB001/ULoCell:NodeB Function Name=MML00949HUNB001, Local Cell ID=50141, Cell Name=FVRNAN4">
                <measResults>8471552568 638677 152013 36677 20877 15724 19433 10581 22643 14200 25093 25992 297648 512902 7540 0 0 0 8506943416 28432 0 42433 0 0 0 0 2395 407968 486178 13554 1116 2085 1771 1582 1231 1453 897 93 8 4 1804058512 8516802713 2386540 9928722936 901606 1555333 1814593 1052522 2258736042 753878 494402 149636 328439 263233 198082 137144 114153 56805 2969 1 0 1100826 0 0 0 138091 70 47 182622 0 0 0 0 0 0 0 0 0 655 0 0 21870120 339649870 2243637868 3653916426 101413 574710 703732 705098 0 0 0 0 2635128 7021 3867 0 0 0 0 0 0 0 0 0 0 0 0 0 0 0 0 0 0 0 0 0 0 0 0 0 0 0 0 0 0 0 0 0 0 NIL NIL NIL NIL NIL NIL NIL NIL NIL NIL NIL NIL NIL NIL NIL NIL 0 0 0 2182619 15.696 NIL 0 0 64137.02 226245.594 981073.25 1301079.625 1376089.5 1228395 1327409.375 908398.688 63096.316 30.032 0 7185571.5 </measResults>
            </measValue>
            <measValue measObjLdn="MML00949HUNB001/ULoCell:NodeB Function Name=MML00949HUNB001, Local Cell ID=50142, Cell Name=FVRNAN5">
                <measResults>10166917712 822951 106721 31781 16596 10853 12808 7094 14939 9308 25611 12585 25739 107043 560100 35871 0 0 9965337568 8989 0 7171 0 0 0 0 262 216635 258929 4834 483 709 670 688 636 1346 1239 231 23 12 4418445184 9964027116 1454837 13327836783 235542 413238 613528 802792 153721072 90476 119222 69963 126505 113997 112433 97793 212070 224667 15203 74 0 902742 0 0 0 90942 12 7 132962 0 0 0 0 0 0 0 0 0 0 0 0 18923318 324219841 798772813 3041779432 40050 198571 225415 403218 0 0 0 0 1994848 4671 3142 0 0 0 0 0 0 0 0 0 0 0 0 0 0 0 0 0 0 0 0 0 0 0 0 0 0 0 0 0 0 0 0 0 0 NIL NIL NIL NIL NIL NIL NIL NIL NIL NIL NIL NIL NIL NIL NIL NIL 0 0 0 1306086 5.799 NIL 0 0 28871.688 106834.641 374785.25 570393.25 780604.125 871272 2575617.5 3604285.25 341974.875 2296.904 0 9121229 </measResults>
            </measValue>
            <measValue measObjLdn="MML00949HUNB001/ULoCell:NodeB Function Name=MML00949HUNB001, Local Cell ID=50143, Cell Name=FVRNAN6">
                <measResults>10401219136 482978 167662 53511 32573 27469 32994 17704 32435 20118 38930 89274 550707 251916 1729 0 0 0 10413720416 26481 0 31855 0 0 0 0 7462 518680 624338 17650 1745 2613 2007 1652 1340 1828 884 141 5 12 3474947088 10447466521 3120424 12317377509 779086 1760968 2432741 1892251 808975987 582648 664909 268271 413431 303525 190519 132776 170573 66346 5245 2 0 1282417 0 0 0 162311 111 134 242713 0 0 0 0 0 0 0 0 0 7630 3616 0 44916270 431544358 1470687307 4433544824 131723 667045 659364 972797 0 0 0 0 3917520 9763 5690 0 0 0 0 0 0 0 0 0 0 0 0 0 0 0 0 0 0 0 0 0 0 0 0 0 0 0 0 0 0 0 0 0 0 NIL NIL NIL NIL NIL NIL NIL NIL NIL NIL NIL NIL NIL NIL NIL NIL 0 0 0 2901551 19.119 NIL 0 0 143287.109 400162.906 1224528 1490348.5 1318996.625 1182794.875 1997566.625 1057801.25 115190.766 60.064 0 8387286.5 </measResults>
            </measValue>
            <measValue measObjLdn="MML00949HUNB001/ULoCell:NodeB Function Name=MML00949HUNB001, Local Cell ID=60141, Cell Name=FVRNAN1">
                <measResults>5623218088 885762 216054 56742 28108 20066 22772 16187 24630 19048 42977 182497 248682 36475 0 0 0 0 5528820192 57215 0 33501 0 0 0 0 1212 169165 215767 10066 1127 1902 1604 1241 977 1453 947 196 11 8 1774333632 5650377852 1580581 6655681074 2161517 1415356 1133712 505295 587420167 392734 257137 89949 147050 115108 90820 73400 94108 47749 4953 15 0 573203 0 0 0 106122 21 69 267245 0 0 0 0 0 0 0 0 0 12629 25952 0 258345040 933993003 1869997291 2113846812 303138 469961 410458 325501 0 0 0 0 5688860 16879 10056 0 0 0 0 0 0 0 0 0 0 0 0 0 0 0 0 0 0 0 0 0 0 0 0 0 0 0 0 0 0 0 0 0 0 NIL NIL NIL NIL NIL NIL NIL NIL NIL NIL NIL NIL NIL NIL NIL NIL 0 0 0 1271406 16.043 NIL 0 0 49756.238 133948.531 432482.188 572048.188 628854.438 657921.5 1110264.625 756877.5 103789.531 458.68 0 4262696.5 </measResults>
            </measValue>
            <measValue measObjLdn="MML00949HUNB001/ULoCell:NodeB Function Name=MML00949HUNB001, Local Cell ID=60142, Cell Name=FVRNAN2">
                <measResults>5323572780 1124030 139536 21223 11657 8861 10734 5893 12633 9419 17952 18299 137785 253437 28541 0 0 0 5318307812 27405 0 7313 0 0 0 0 58 108226 129287 3580 315 691 733 639 512 1009 1297 278 20 13 2192860144 5338289743 942858 6414918383 1216879 537026 576654 219559 275612015 145304 102757 32075 84615 81544 61687 52122 99176 90942 10320 8 0 480414 0 0 0 74352 3 19 156073 0 0 0 0 0 0 0 0 0 4604 0 0 264830254 798753266 1429030391 2383940224 178209 264124 194725 250281 0 0 0 0 3544089 11651 6594 0 0 0 0 0 0 0 0 0 0 0 0 0 0 0 0 0 0 0 0 0 0 0 0 0 0 0 0 0 0 0 0 0 0 NIL NIL NIL NIL NIL NIL NIL NIL NIL NIL NIL NIL NIL NIL NIL NIL 0 0 0 754637 7.447 NIL 0 0 14049.221 49740.34 257563.156 409887.031 431366.969 470246.563 1193280 1479313 219349.125 258.304 0 4461264 </measResults>
            </measValue>
            <measValue measObjLdn="MML00949HUNB001/ULoCell:NodeB Function Name=MML00949HUNB001, Local Cell ID=60143, Cell Name=FVRNAN3">
                <measResults>9940538612 511940 158090 46894 23780 16973 20019 11959 26153 19106 72917 418350 420617 53202 0 0 0 0 9925896952 52252 0 47963 0 0 0 0 4976 507192 602099 17573 1300 2293 1838 1509 1118 1690 704 100 15 5 2943327936 9965530164 2931523 11945745700 1652619 1954288 1943695 671863 415264555 465839 690597 188694 378035 281076 206753 157299 188132 56387 3679 2 0 1271363 0 0 0 173826 64 110 205160 0 0 0 0 0 0 0 0 0 12257 17656 0 161792440 1008623486 2782488163 4480403603 275757 919322 754975 774725 0 0 0 0 3717222 9577 6099 0 0 0 0 0 0 0 0 0 0 0 0 0 0 0 0 0 0 0 0 0 0 0 0 0 0 0 0 0 0 0 0 0 0 NIL NIL NIL NIL NIL NIL NIL NIL NIL NIL NIL NIL NIL NIL NIL NIL 0 0 0 2724046 18.033 NIL 0 0 99383.047 290236.188 1099619.5 1383094.875 1433572.5 1407967.5 2191378.75 886711.938 81565.719 61.152 0 8483972 </measResults>
            </measValue>
        </measInfo>
        <measInfo measInfoId="50331649">
            <granPeriod duration="PT3600S" endTime="2021-08-17T23:00:00+08:00"/>
            <repPeriod duration="PT3600S"/>
            <measTypes>50332578 50332579 50332580 50332581 50342578 50342579 50342580 50342581 </measTypes>
            <measValue measObjLdn="MML00949HUNB001/NodeBFunction:NodeB Function Name=MML00949HUNB001">
                <measResults>16.551 4.209 13.754 151.471 24.2 7.4 20 190 </measResults>
            </measValue>
        </measInfo>
        <measInfo measInfoId="50331654">
            <granPeriod duration="PT3600S" endTime="2021-08-17T23:00:00+08:00"/>
            <repPeriod duration="PT3600S"/>
            <measTypes>50332565 50332566 50332633 50332635 </measTypes>
            <measValue measObjLdn="MML00949HUNB001/NodeBFunction:NodeB Function Name=MML00949HUNB001">
                <measResults>3072 1792 0 0 </measResults>
            </measValue>
        </measInfo>
        <measInfo measInfoId="50331664">
            <granPeriod duration="PT3600S" endTime="2021-08-17T23:00:00+08:00"/>
            <repPeriod duration="PT3600S"/>
            <measTypes>50332572 50332585 50332587 50332588 50332589 50332590 50332617 50332618 50332625 </measTypes>
            <measValue measObjLdn="MML00949HUNB001/NodeBFunction:NodeB Function Name=MML00949HUNB001">
                <measResults>4 0 67 67 0 50 0 0 6 </measResults>
            </measValue>
        </measInfo>
        <measInfo measInfoId="50331666">
            <granPeriod duration="PT3600S" endTime="2021-08-17T23:00:00+08:00"/>
            <repPeriod duration="PT3600S"/>
            <measTypes>50332567 50332568 50332569 50332570 50332571 </measTypes>
            <measValue measObjLdn="MML00949HUNB001/NodeBFunction:NodeB Function Name=MML00949HUNB001">
                <measResults>0 0 0 0 0 </measResults>
            </measValue>
        </measInfo>
        <measInfo measInfoId="50331681">
            <granPeriod duration="PT3600S" endTime="2021-08-17T23:00:00+08:00"/>
            <repPeriod duration="PT3600S"/>
            <measTypes>50342640 50342641 50342642 50342643 50342644 50342645 50342646 50342647 </measTypes>
            <measValue measObjLdn="MML00949HUNB001/NodeBFunction:NodeB Function Name=MML00949HUNB001">
                <measResults>28523901 30264251 2713891132 9408458748 8525526 6030869 30888061 20907686 </measResults>
            </measValue>
        </measInfo>
        <measInfo measInfoId="50331652">
            <granPeriod duration="PT3600S" endTime="2021-08-17T23:00:00+08:00"/>
            <repPeriod duration="PT3600S"/>
            <measTypes>50332555 50332556 50332557 50332558 50332559 50332560 50332561 50332562 50332563 50332564 50332593 50332594 50342555 50342556 50342561 50342562 50342563 50342564 50342567 50342568 50342569 50342570 50342571 50342572 50342618 50342619 50342621 50342622 50342624 50342625 50342627 50342628 </measTypes>
            <measValue measObjLdn="MML00949HUNB001/NodeBFunction:NodeB Function Name=MML00949HUNB001/MocID:2/CnOperator:-1">
                <measResults>0 0 0 0 6112 5008 385.182 175.868 0 180.896 0 0 0 0 485 221 0 237.5 131 325 139 0 0 0 0 0 0 0 0 0 0 0 </measResults>
            </measValue>
        </measInfo>
        <measInfo measInfoId="50331667">
            <granPeriod duration="PT3600S" endTime="2021-08-17T23:00:00+08:00"/>
            <repPeriod duration="PT3600S"/>
            <measTypes>50332591 50332592 50332595 50332596 50332597 </measTypes>
            <measValue measObjLdn="MML00949HUNB001/NodeBFunction:NodeB Function Name=MML00949HUNB001/MocID:2/CnOperator:-1">
                <measResults>0 0 0 0 0 </measResults>
            </measValue>
        </measInfo>
        <measInfo measInfoId="50331668">
            <granPeriod duration="PT3600S" endTime="2021-08-17T23:00:00+08:00"/>
            <repPeriod duration="PT3600S"/>
            <measTypes>50332348 50332349 </measTypes>
            <measValue measObjLdn="MML00949HUNB001/LOCELL_SECTOREQM:NodeB Function Name=MML00949HUNB001, Local Cell ID=10141, Sector Equipment ID=0">
                <measResults>0 0 </measResults>
            </measValue>
            <measValue measObjLdn="MML00949HUNB001/LOCELL_SECTOREQM:NodeB Function Name=MML00949HUNB001, Local Cell ID=10142, Sector Equipment ID=1">
                <measResults>0 0 </measResults>
            </measValue>
            <measValue measObjLdn="MML00949HUNB001/LOCELL_SECTOREQM:NodeB Function Name=MML00949HUNB001, Local Cell ID=10143, Sector Equipment ID=2">
                <measResults>0 0 </measResults>
            </measValue>
            <measValue measObjLdn="MML00949HUNB001/LOCELL_SECTOREQM:NodeB Function Name=MML00949HUNB001, Local Cell ID=50141, Sector Equipment ID=6">
                <measResults>0 0 </measResults>
            </measValue>
            <measValue measObjLdn="MML00949HUNB001/LOCELL_SECTOREQM:NodeB Function Name=MML00949HUNB001, Local Cell ID=50142, Sector Equipment ID=7">
                <measResults>0 0 </measResults>
            </measValue>
            <measValue measObjLdn="MML00949HUNB001/LOCELL_SECTOREQM:NodeB Function Name=MML00949HUNB001, Local Cell ID=50143, Sector Equipment ID=8">
                <measResults>0 0 </measResults>
            </measValue>
            <measValue measObjLdn="MML00949HUNB001/LOCELL_SECTOREQM:NodeB Function Name=MML00949HUNB001, Local Cell ID=60141, Sector Equipment ID=10">
                <measResults>0 0 </measResults>
            </measValue>
            <measValue measObjLdn="MML00949HUNB001/LOCELL_SECTOREQM:NodeB Function Name=MML00949HUNB001, Local Cell ID=60142, Sector Equipment ID=11">
                <measResults>0 0 </measResults>
            </measValue>
            <measValue measObjLdn="MML00949HUNB001/LOCELL_SECTOREQM:NodeB Function Name=MML00949HUNB001, Local Cell ID=60143, Sector Equipment ID=12">
                <measResults>0 0 </measResults>
            </measValue>
        </measInfo>
        <measInfo measInfoId="50331669">
            <granPeriod duration="PT3600S" endTime="2021-08-17T23:00:00+08:00"/>
            <repPeriod duration="PT3600S"/>
            <measTypes>50332350 50332351 50332352 50332353 </measTypes>
            <measValue measObjLdn="MML00949HUNB001/LOCELL_SECTOREQM:NodeB Function Name=MML00949HUNB001, Local Cell ID=10141, Sector Equipment ID=0">
                <measResults>55196 116 54126 54198 </measResults>
            </measValue>
            <measValue measObjLdn="MML00949HUNB001/LOCELL_SECTOREQM:NodeB Function Name=MML00949HUNB001, Local Cell ID=10142, Sector Equipment ID=1">
                <measResults>30075 12 29750 29791 </measResults>
            </measValue>
            <measValue measObjLdn="MML00949HUNB001/LOCELL_SECTOREQM:NodeB Function Name=MML00949HUNB001, Local Cell ID=10143, Sector Equipment ID=2">
                <measResults>80846 355 80093 80281 </measResults>
            </measValue>
            <measValue measObjLdn="MML00949HUNB001/LOCELL_SECTOREQM:NodeB Function Name=MML00949HUNB001, Local Cell ID=50141, Sector Equipment ID=6">
                <measResults>66027 399 63182 63601 </measResults>
            </measValue>
            <measValue measObjLdn="MML00949HUNB001/LOCELL_SECTOREQM:NodeB Function Name=MML00949HUNB001, Local Cell ID=50142, Sector Equipment ID=7">
                <measResults>28660 123 28053 28086 </measResults>
            </measValue>
            <measValue measObjLdn="MML00949HUNB001/LOCELL_SECTOREQM:NodeB Function Name=MML00949HUNB001, Local Cell ID=50143, Sector Equipment ID=8">
                <measResults>72807 685 69809 71085 </measResults>
            </measValue>
            <measValue measObjLdn="MML00949HUNB001/LOCELL_SECTOREQM:NodeB Function Name=MML00949HUNB001, Local Cell ID=60141, Sector Equipment ID=10">
                <measResults>62951 210 60447 61055 </measResults>
            </measValue>
            <measValue measObjLdn="MML00949HUNB001/LOCELL_SECTOREQM:NodeB Function Name=MML00949HUNB001, Local Cell ID=60142, Sector Equipment ID=11">
                <measResults>42816 55 42134 42270 </measResults>
            </measValue>
            <measValue measObjLdn="MML00949HUNB001/LOCELL_SECTOREQM:NodeB Function Name=MML00949HUNB001, Local Cell ID=60143, Sector Equipment ID=12">
                <measResults>59203 346 56060 56686 </measResults>
            </measValue>
        </measInfo>
        <measInfo measInfoId="50331670">
            <granPeriod duration="PT3600S" endTime="2021-08-17T23:00:00+08:00"/>
            <repPeriod duration="PT3600S"/>
            <measTypes>50332354 50332355 </measTypes>
            <measValue measObjLdn="MML00949HUNB001/LOCELL_SECTOREQM:NodeB Function Name=MML00949HUNB001, Local Cell ID=10141, Sector Equipment ID=0">
                <measResults>0 0 </measResults>
            </measValue>
            <measValue measObjLdn="MML00949HUNB001/LOCELL_SECTOREQM:NodeB Function Name=MML00949HUNB001, Local Cell ID=10142, Sector Equipment ID=1">
                <measResults>0 0 </measResults>
            </measValue>
            <measValue measObjLdn="MML00949HUNB001/LOCELL_SECTOREQM:NodeB Function Name=MML00949HUNB001, Local Cell ID=10143, Sector Equipment ID=2">
                <measResults>0 0 </measResults>
            </measValue>
            <measValue measObjLdn="MML00949HUNB001/LOCELL_SECTOREQM:NodeB Function Name=MML00949HUNB001, Local Cell ID=50141, Sector Equipment ID=6">
                <measResults>0 0 </measResults>
            </measValue>
            <measValue measObjLdn="MML00949HUNB001/LOCELL_SECTOREQM:NodeB Function Name=MML00949HUNB001, Local Cell ID=50142, Sector Equipment ID=7">
                <measResults>0 0 </measResults>
            </measValue>
            <measValue measObjLdn="MML00949HUNB001/LOCELL_SECTOREQM:NodeB Function Name=MML00949HUNB001, Local Cell ID=50143, Sector Equipment ID=8">
                <measResults>0 0 </measResults>
            </measValue>
            <measValue measObjLdn="MML00949HUNB001/LOCELL_SECTOREQM:NodeB Function Name=MML00949HUNB001, Local Cell ID=60141, Sector Equipment ID=10">
                <measResults>0 0 </measResults>
            </measValue>
            <measValue measObjLdn="MML00949HUNB001/LOCELL_SECTOREQM:NodeB Function Name=MML00949HUNB001, Local Cell ID=60142, Sector Equipment ID=11">
                <measResults>0 0 </measResults>
            </measValue>
            <measValue measObjLdn="MML00949HUNB001/LOCELL_SECTOREQM:NodeB Function Name=MML00949HUNB001, Local Cell ID=60143, Sector Equipment ID=12">
                <measResults>0 0 </measResults>
            </measValue>
        </measInfo>
        <measInfo measInfoId="50331672">
            <granPeriod duration="PT3600S" endTime="2021-08-17T23:00:00+08:00"/>
            <repPeriod duration="PT3600S"/>
            <measTypes>50342590 50342591 50342592 50342593 50342594 50342595 50342596 50342597 </measTypes>
            <measValue measObjLdn="MML00949HUNB001/LOCELL_SECTOREQM:NodeB Function Name=MML00949HUNB001, Local Cell ID=10141, Sector Equipment ID=0">
                <measResults>-100.884 -97.302 -96.608 -100.231 -102.7 -99.3 -98.7 -101.7 </measResults>
            </measValue>
            <measValue measObjLdn="MML00949HUNB001/LOCELL_SECTOREQM:NodeB Function Name=MML00949HUNB001, Local Cell ID=10142, Sector Equipment ID=1">
                <measResults>-98.928 -98.773 -98.446 -99.608 -102.1 -101.2 -101 -102.5 </measResults>
            </measValue>
            <measValue measObjLdn="MML00949HUNB001/LOCELL_SECTOREQM:NodeB Function Name=MML00949HUNB001, Local Cell ID=10143, Sector Equipment ID=2">
                <measResults>-100.529 -101.396 -100.609 -102.107 -101.9 -102.9 -101.8 -103.4 </measResults>
            </measValue>
            <measValue measObjLdn="MML00949HUNB001/LOCELL_SECTOREQM:NodeB Function Name=MML00949HUNB001, Local Cell ID=50141, Sector Equipment ID=6">
                <measResults>-93.906 -92.62 NIL NIL -95.9 -95 NIL NIL </measResults>
            </measValue>
            <measValue measObjLdn="MML00949HUNB001/LOCELL_SECTOREQM:NodeB Function Name=MML00949HUNB001, Local Cell ID=50142, Sector Equipment ID=7">
                <measResults>-88.678 -88.97 NIL NIL -90.6 -90.5 NIL NIL </measResults>
            </measValue>
            <measValue measObjLdn="MML00949HUNB001/LOCELL_SECTOREQM:NodeB Function Name=MML00949HUNB001, Local Cell ID=50143, Sector Equipment ID=8">
                <measResults>-90.641 -91.201 NIL NIL -93.5 -93.7 NIL NIL </measResults>
            </measValue>
            <measValue measObjLdn="MML00949HUNB001/LOCELL_SECTOREQM:NodeB Function Name=MML00949HUNB001, Local Cell ID=60141, Sector Equipment ID=10">
                <measResults>-87.617 -87.267 NIL NIL -89.4 -89.1 NIL NIL </measResults>
            </measValue>
            <measValue measObjLdn="MML00949HUNB001/LOCELL_SECTOREQM:NodeB Function Name=MML00949HUNB001, Local Cell ID=60142, Sector Equipment ID=11">
                <measResults>-85.955 -87.636 NIL NIL -87.3 -89.4 NIL NIL </measResults>
            </measValue>
            <measValue measObjLdn="MML00949HUNB001/LOCELL_SECTOREQM:NodeB Function Name=MML00949HUNB001, Local Cell ID=60143, Sector Equipment ID=12">
                <measResults>-87.695 -88.463 NIL NIL -90.1 -91.1 NIL NIL </measResults>
            </measValue>
        </measInfo>
        <measInfo measInfoId="50331682">
            <granPeriod duration="PT3600S" endTime="2021-08-17T23:00:00+08:00"/>
            <repPeriod duration="PT3600S"/>
            <measTypes>50332602 50332603 50332615 50332616 </measTypes>
            <measValue measObjLdn="MML00949HUNB001/LOCELL_SECTOREQM:NodeB Function Name=MML00949HUNB001, Local Cell ID=10141, Sector Equipment ID=0">
                <measResults>NIL NIL NIL NIL </measResults>
            </measValue>
            <measValue measObjLdn="MML00949HUNB001/LOCELL_SECTOREQM:NodeB Function Name=MML00949HUNB001, Local Cell ID=10142, Sector Equipment ID=1">
                <measResults>NIL NIL NIL NIL </measResults>
            </measValue>
            <measValue measObjLdn="MML00949HUNB001/LOCELL_SECTOREQM:NodeB Function Name=MML00949HUNB001, Local Cell ID=10143, Sector Equipment ID=2">
                <measResults>NIL NIL NIL NIL </measResults>
            </measValue>
            <measValue measObjLdn="MML00949HUNB001/LOCELL_SECTOREQM:NodeB Function Name=MML00949HUNB001, Local Cell ID=50141, Sector Equipment ID=6">
                <measResults>NIL NIL NIL NIL </measResults>
            </measValue>
            <measValue measObjLdn="MML00949HUNB001/LOCELL_SECTOREQM:NodeB Function Name=MML00949HUNB001, Local Cell ID=50142, Sector Equipment ID=7">
                <measResults>NIL NIL NIL NIL </measResults>
            </measValue>
            <measValue measObjLdn="MML00949HUNB001/LOCELL_SECTOREQM:NodeB Function Name=MML00949HUNB001, Local Cell ID=50143, Sector Equipment ID=8">
                <measResults>NIL NIL NIL NIL </measResults>
            </measValue>
            <measValue measObjLdn="MML00949HUNB001/LOCELL_SECTOREQM:NodeB Function Name=MML00949HUNB001, Local Cell ID=60141, Sector Equipment ID=10">
                <measResults>NIL NIL NIL NIL </measResults>
            </measValue>
            <measValue measObjLdn="MML00949HUNB001/LOCELL_SECTOREQM:NodeB Function Name=MML00949HUNB001, Local Cell ID=60142, Sector Equipment ID=11">
                <measResults>NIL NIL NIL NIL </measResults>
            </measValue>
            <measValue measObjLdn="MML00949HUNB001/LOCELL_SECTOREQM:NodeB Function Name=MML00949HUNB001, Local Cell ID=60143, Sector Equipment ID=12">
                <measResults>NIL NIL NIL NIL </measResults>
            </measValue>
        </measInfo>
    </measData>
    <fileFooter>
        <measCollec endTime="2021-08-17T23:00:00+08:00"/>
    </fileFooter>
</measCollecFile>
