<?xml version="1.0" encoding="UTF-8"?>
<measCollecFile xmlns="http://latest/nmc-omc/cmNrm.doc#measCollec" xmlns:xsi="http://www.w3.org/2001/XMLSchema-instance" xsi:schemaLocation="http://latest/nmc-omc/cmNrm.doc#measCollec schema\pmResultSchedule.xsd">
    <fileHeader fileFormatVersion="32.435 V7.2" vendorName="Huawei">
        <fileSender elementType="NodeB"/>
        <measCollec beginTime="2021-08-17T22:00:00+08:00"/>
    </fileHeader>
    <measData>
        <managedElement userLabel="PSG00999HUNB001"/>
        <measInfo measInfoId="50331655">
            <granPeriod duration="PT3600S" endTime="2021-08-17T23:00:00+08:00"/>
            <repPeriod duration="PT3600S"/>
            <measTypes>50332573 50332574 50342574 50342575 50342635 50342636 </measTypes>
            <measValue measObjLdn="PSG00999HUNB001/ULGROUP:UL BB Resource Group No.=1">
                <measResults>768 163.725 108.5 203.5 0 0 </measResults>
            </measValue>
            <measValue measObjLdn="PSG00999HUNB001/ULGROUP:UL BB Resource Group No.=2">
                <measResults>1024 65.625 41 94 0 0 </measResults>
            </measValue>
        </measInfo>
        <measInfo measInfoId="50331656">
            <granPeriod duration="PT3600S" endTime="2021-08-17T23:00:00+08:00"/>
            <repPeriod duration="PT3600S"/>
            <measTypes>50332582 50332583 50332584 50332586 50342584 50342585 50342586 50342587 50342606 50342607 50342608 50342609 50342632 50342633 </measTypes>
            <measValue measObjLdn="PSG00999HUNB001/BRD:Board Type=UBBP, Cabinet No.=0, Subrack No.=0, Slot No.=1">
                <measResults>1024 1024 0 0 0 0 0 0 0 0 0 0 0 0 </measResults>
            </measValue>
            <measValue measObjLdn="PSG00999HUNB001/BRD:Board Type=UBBP, Cabinet No.=0, Subrack No.=0, Slot No.=2">
                <measResults>1024 768 77.733 163.725 57 106 108.5 203.5 6 9 12 19 0 0 </measResults>
            </measValue>
            <measValue measObjLdn="PSG00999HUNB001/BRD:Board Type=UBBP, Cabinet No.=0, Subrack No.=0, Slot No.=3">
                <measResults>1024 1024 41.775 65.625 28 58 41 94 3 5 3 6 0 0 </measResults>
            </measValue>
            <measValue measObjLdn="PSG00999HUNB001/BRD:Board Type=UMPT, Cabinet No.=0, Subrack No.=0, Slot No.=7">
                <measResults>0 0 0 0 0 0 0 0 0 0 0 0 0 0 </measResults>
            </measValue>
        </measInfo>
        <measInfo measInfoId="50331683">
            <granPeriod duration="PT3600S" endTime="2021-08-17T23:00:00+08:00"/>
            <repPeriod duration="PT3600S"/>
            <measTypes>50332627 </measTypes>
            <measValue measObjLdn="PSG00999HUNB001/NODEBRRU:Cabinet No.=0, Subrack No.=60, Slot No.=0">
                <measResults>0 </measResults>
            </measValue>
            <measValue measObjLdn="PSG00999HUNB001/NODEBRRU:Cabinet No.=0, Subrack No.=61, Slot No.=0">
                <measResults>0 </measResults>
            </measValue>
            <measValue measObjLdn="PSG00999HUNB001/NODEBRRU:Cabinet No.=0, Subrack No.=62, Slot No.=0">
                <measResults>0 </measResults>
            </measValue>
            <measValue measObjLdn="PSG00999HUNB001/NODEBRRU:Cabinet No.=0, Subrack No.=80, Slot No.=0">
                <measResults>0 </measResults>
            </measValue>
            <measValue measObjLdn="PSG00999HUNB001/NODEBRRU:Cabinet No.=0, Subrack No.=81, Slot No.=0">
                <measResults>0 </measResults>
            </measValue>
            <measValue measObjLdn="PSG00999HUNB001/NODEBRRU:Cabinet No.=0, Subrack No.=82, Slot No.=0">
                <measResults>0 </measResults>
            </measValue>
        </measInfo>
        <measInfo measInfoId="1542455297">
            <granPeriod duration="PT3600S" endTime="2021-08-17T23:00:00+08:00"/>
            <repPeriod duration="PT3600S"/>
            <measTypes>1542455297 1542455298 1542455299 1542455300 1542455301 1542455302 1542455303 1542455304 1542455305 1542455306 1542455307 1542460296 1542460297 </measTypes>
            <measValue measObjLdn="PSG00999HUNB001/ETHPORT:Cabinet No.=0, Subrack No.=0, Slot No.=7, Port No.=0, Subboard Type=BASE_BOARD">
                <measResults>2915993193 17770724 8360300232 21146934 0 13367912 2909704 6479953 44914392 2938208 18578581 1000000 1000000 </measResults>
            </measValue>
            <measValue measObjLdn="PSG00999HUNB001/ETHPORT:Cabinet No.=0, Subrack No.=0, Slot No.=7, Port No.=1, Subboard Type=BASE_BOARD">
                <measResults>0 0 0 0 0 0 0 0 0 0 0 0 0 </measResults>
            </measValue>
        </measInfo>
        <measInfo measInfoId="1542455301">
            <granPeriod duration="PT3600S" endTime="2021-08-17T23:00:00+08:00"/>
            <repPeriod duration="PT3600S"/>
            <measTypes>1542455326 1542455327 1542455328 1542455329 1542455330 1542455331 1542455332 1542455333 1542460727 1542460728 1542460729 </measTypes>
            <measValue measObjLdn="PSG00999HUNB001/IP:Board Type=UMPT, Cabinet No.=0, Subrack No.=0, Slot No.=7">
                <measResults>17776058 2496682529 0 0 21147376 7838390219 0 0 30196 0 0 </measResults>
            </measValue>
        </measInfo>
        <measInfo measInfoId="1542455303">
            <granPeriod duration="PT3600S" endTime="2021-08-17T23:00:00+08:00"/>
            <repPeriod duration="PT3600S"/>
            <measTypes>1542455365 1542455367 1542455369 1542455371 1542455375 1542455376 1542455377 1542455378 </measTypes>
            <measValue measObjLdn="PSG00999HUNB001/RSCGRP:Transmission Resource Group Bear Type=IP, Cabinet No.=0, Bearing Port No.=0, Bearing Port Type=ETH, Transmission Resource Group ID=AUTOPORT, Subboard Type=BASE_BOARD, Slot No.=7, Subrack No.=0">
                <measResults>2816155915 17771165 0 0 12895224 2861576 6258325 0 </measResults>
            </measValue>
            <measValue measObjLdn="PSG00999HUNB001/RSCGRP:Transmission Resource Group Bear Type=IP, Cabinet No.=0, Bearing Port No.=1, Bearing Port Type=ETH, Transmission Resource Group ID=AUTOPORT, Subboard Type=BASE_BOARD, Slot No.=7, Subrack No.=0">
                <measResults>0 0 0 0 0 0 0 0 </measResults>
            </measValue>
        </measInfo>
        <measInfo measInfoId="1542455312">
            <granPeriod duration="PT3600S" endTime="2021-08-17T23:00:00+08:00"/>
            <repPeriod duration="PT3600S"/>
            <measTypes>1542460308 1542460309 1542460310 1542460311 1542460312 1542460313 1542460314 1542460315 1542460316 1542460317 1542460318 1542460319 1542460320 1542460321 1542460322 1542460323 1542460324 1542460325 1542460326 1542460327 1542460328 1542460329 1542460330 1542460331 1542460332 </measTypes>
            <measValue measObjLdn="PSG00999HUNB001/RSCGRP:Transmission Resource Group Bear Type=IP, Cabinet No.=0, Bearing Port No.=0, Bearing Port Type=ETH, Transmission Resource Group ID=AUTOPORT, Subboard Type=BASE_BOARD, Slot No.=7, Subrack No.=0">
                <measResults>61081 61081 61081 0 0 0 0 0 0 0 0 0 0 9961384 0 0 0 1 0 0 0 0 0 0 0 </measResults>
            </measValue>
            <measValue measObjLdn="PSG00999HUNB001/RSCGRP:Transmission Resource Group Bear Type=IP, Cabinet No.=0, Bearing Port No.=1, Bearing Port Type=ETH, Transmission Resource Group ID=AUTOPORT, Subboard Type=BASE_BOARD, Slot No.=7, Subrack No.=0">
                <measResults>0 0 0 0 0 0 0 0 0 0 0 0 0 0 0 0 0 0 0 0 0 0 0 0 0 </measResults>
            </measValue>
        </measInfo>
        <measInfo measInfoId="1542455309">
            <granPeriod duration="PT3600S" endTime="2021-08-17T23:00:00+08:00"/>
            <repPeriod duration="PT3600S"/>
            <measTypes>1542455826 1542455827 1542455828 1542455829 1542455833 1542455834 1542455835 1542455836 1542455837 1542455838 1542455839 1542455840 1542455841 1542455842 1542455843 1542455844 1542455845 1542455846 1542455847 1542455848 </measTypes>
            <measValue measObjLdn="PSG00999HUNB001/OMCH:Standby Status=MASTER, Bearer Type=IPV4">
                <measResults>662 170 0 0 0 0 0 0 0 500 0 0 633 0 0 0 0 587 0 46 </measResults>
            </measValue>
        </measInfo>
        <measInfo measInfoId="1542455815">
            <granPeriod duration="PT3600S" endTime="2021-08-17T23:00:00+08:00"/>
            <repPeriod duration="PT3600S"/>
            <measTypes>1542460340 1542460341 1542460342 1542460343 1542460496 1542460497 1542460498 1542460499 1542460500 1542460501 1542460502 1542460503 1542460504 1542460505 1542460506 1542460507 1542460510 </measTypes>
            <measValue measObjLdn="PSG00999HUNB001/IKE:Board Type=UMPT, Cabinet No.=0, Subrack No.=0, Slot No.=7">
                <measResults>0 0 0 0 0 0 0 0 0 0 0 0 0 0 0 0 0 </measResults>
            </measValue>
        </measInfo>
        <measInfo measInfoId="1542455817">
            <granPeriod duration="PT3600S" endTime="2021-08-17T23:00:00+08:00"/>
            <repPeriod duration="PT3600S"/>
            <measTypes>1542460356 1542460357 1542460358 1542460359 1542460360 1542460361 1542460362 1542460363 1542460364 1542460365 1542460366 1542460367 1542460368 1542460369 1542460370 1542460371 1542460372 1542460373 1542460374 1542460375 1542460376 </measTypes>
            <measValue measObjLdn="PSG00999HUNB001/SCTPLNK:Link No.=31">
                <measResults>11589181 11551458 104364 157094 0 65104 1464 25753 41936 16448 25666 30471 127673 0 0 0 0 0 0 127673 30471 </measResults>
            </measValue>
            <measValue measObjLdn="PSG00999HUNB001/SCTPLNK:Link No.=32">
                <measResults>17811523 19006587 562657 695628 0 74824 13304 39571 68992 19856 42226 265689 514426 0 0 0 0 0 0 514426 265689 </measResults>
            </measValue>
        </measInfo>
        <measInfo measInfoId="1542455818">
            <granPeriod duration="PT3600S" endTime="2021-08-17T23:00:00+08:00"/>
            <repPeriod duration="PT3600S"/>
            <measTypes>1542455526 1542455527 1542455528 1542455529 1542455530 1542455531 1542455532 1542455533 1542455534 1542455535 </measTypes>
            <measValue measObjLdn="PSG00999HUNB001/USERPLANEHOST:User Plane Host ID=3">
                <measResults>16686327 20258311 2406908307 7759054470 11957248 5347145 43068776 17237605 NIL NIL </measResults>
            </measValue>
        </measInfo>
        <measInfo measInfoId="1593835529">
            <granPeriod duration="PT3600S" endTime="2021-08-17T23:00:00+08:00"/>
            <repPeriod duration="PT3600S"/>
            <measTypes>1593835620 1593835628 1593835629 </measTypes>
            <measValue measObjLdn="PSG00999HUNB001/NODE:NODE">
                <measResults>NIL 0.738 0 </measResults>
            </measValue>
        </measInfo>
        <measInfo measInfoId="1593835533">
            <granPeriod duration="PT3600S" endTime="2021-08-17T23:00:00+08:00"/>
            <repPeriod duration="PT3600S"/>
            <measTypes>1593835647 1593835648 1593835649 </measTypes>
            <measValue measObjLdn="PSG00999HUNB001/NODE:NODE">
                <measResults>32860 32847 32852 </measResults>
            </measValue>
        </measInfo>
        <measInfo measInfoId="1593835531">
            <granPeriod duration="PT3600S" endTime="2021-08-17T23:00:00+08:00"/>
            <repPeriod duration="PT3600S"/>
            <measTypes>1593835630 1593835632 1593835633 1593835634 </measTypes>
            <measValue measObjLdn="PSG00999HUNB001/BBUBoard:Board Type=UBBP, Cabinet No.=0, Subrack No.=0, Slot No.=1">
                <measResults>0 3 2 0 </measResults>
            </measValue>
            <measValue measObjLdn="PSG00999HUNB001/BBUBoard:Board Type=UBBP, Cabinet No.=0, Subrack No.=0, Slot No.=2">
                <measResults>0 4 3 0 </measResults>
            </measValue>
            <measValue measObjLdn="PSG00999HUNB001/BBUBoard:Board Type=UBBP, Cabinet No.=0, Subrack No.=0, Slot No.=3">
                <measResults>0 4 3 0 </measResults>
            </measValue>
            <measValue measObjLdn="PSG00999HUNB001/BBUBoard:Board Type=UMPT, Cabinet No.=0, Subrack No.=0, Slot No.=7">
                <measResults>0 7 1 0 </measResults>
            </measValue>
        </measInfo>
        <measInfo measInfoId="1593835535">
            <granPeriod duration="PT3600S" endTime="2021-08-17T23:00:00+08:00"/>
            <repPeriod duration="PT3600S"/>
            <measTypes>1593835652 1593835653 1593835654 1593835655 1593835656 1593835657 1593835658 1593835659 1593835660 1593835661 1593835662 1593835663 1593835664 1593835665 1593835666 1593835667 1593835668 1593835669 1593835670 1593835671 </measTypes>
            <measValue measObjLdn="PSG00999HUNB001/RADIOEQM:Cabinet No.=0, Subrack No.=60, Slot No.=0">
                <measResults>NIL NIL NIL NIL NIL NIL NIL NIL NIL NIL 0 0 0 0 0 0 0 0 0 0 </measResults>
            </measValue>
            <measValue measObjLdn="PSG00999HUNB001/RADIOEQM:Cabinet No.=0, Subrack No.=61, Slot No.=0">
                <measResults>NIL NIL NIL NIL NIL NIL NIL NIL NIL NIL 0 0 0 0 0 0 0 0 0 0 </measResults>
            </measValue>
            <measValue measObjLdn="PSG00999HUNB001/RADIOEQM:Cabinet No.=0, Subrack No.=62, Slot No.=0">
                <measResults>NIL NIL NIL NIL NIL NIL NIL NIL NIL NIL 0 0 0 0 0 0 0 0 0 0 </measResults>
            </measValue>
            <measValue measObjLdn="PSG00999HUNB001/RADIOEQM:Cabinet No.=0, Subrack No.=80, Slot No.=0">
                <measResults>NIL NIL NIL NIL NIL NIL NIL NIL NIL NIL 0 0 0 0 0 0 0 0 0 0 </measResults>
            </measValue>
            <measValue measObjLdn="PSG00999HUNB001/RADIOEQM:Cabinet No.=0, Subrack No.=81, Slot No.=0">
                <measResults>NIL NIL NIL NIL NIL NIL NIL NIL NIL NIL 0 0 0 0 0 0 0 0 0 0 </measResults>
            </measValue>
            <measValue measObjLdn="PSG00999HUNB001/RADIOEQM:Cabinet No.=0, Subrack No.=82, Slot No.=0">
                <measResults>NIL NIL NIL NIL NIL NIL NIL NIL NIL NIL 0 0 0 0 0 0 0 0 0 0 </measResults>
            </measValue>
        </measInfo>
        <measInfo measInfoId="1593835539">
            <granPeriod duration="PT3600S" endTime="2021-08-17T23:00:00+08:00"/>
            <repPeriod duration="PT3600S"/>
            <measTypes>1593835767 </measTypes>
            <measValue measObjLdn="PSG00999HUNB001/RADIOEQM:Cabinet No.=0, Subrack No.=60, Slot No.=0">
                <measResults>3600 </measResults>
            </measValue>
            <measValue measObjLdn="PSG00999HUNB001/RADIOEQM:Cabinet No.=0, Subrack No.=61, Slot No.=0">
                <measResults>3600 </measResults>
            </measValue>
            <measValue measObjLdn="PSG00999HUNB001/RADIOEQM:Cabinet No.=0, Subrack No.=62, Slot No.=0">
                <measResults>3600 </measResults>
            </measValue>
            <measValue measObjLdn="PSG00999HUNB001/RADIOEQM:Cabinet No.=0, Subrack No.=80, Slot No.=0">
                <measResults>3600 </measResults>
            </measValue>
            <measValue measObjLdn="PSG00999HUNB001/RADIOEQM:Cabinet No.=0, Subrack No.=81, Slot No.=0">
                <measResults>3600 </measResults>
            </measValue>
            <measValue measObjLdn="PSG00999HUNB001/RADIOEQM:Cabinet No.=0, Subrack No.=82, Slot No.=0">
                <measResults>3600 </measResults>
            </measValue>
        </measInfo>
        <measInfo measInfoId="1593835544">
            <granPeriod duration="PT3600S" endTime="2021-08-17T23:00:00+08:00"/>
            <repPeriod duration="PT3600S"/>
            <measTypes>1593835835 </measTypes>
            <measValue measObjLdn="PSG00999HUNB001/BU:Cabinet No.=0, Subrack No.=0">
                <measResults>0.19797944 </measResults>
            </measValue>
        </measInfo>
        <measInfo measInfoId="1593835545">
            <granPeriod duration="PT3600S" endTime="2021-08-17T23:00:00+08:00"/>
            <repPeriod duration="PT3600S"/>
            <measTypes>1593835836 </measTypes>
            <measValue measObjLdn="PSG00999HUNB001/BTSBoard:Cabinet No.=0, Subrack No.=60, Slot No.=0">
                <measResults>0.16932584 </measResults>
            </measValue>
            <measValue measObjLdn="PSG00999HUNB001/BTSBoard:Cabinet No.=0, Subrack No.=61, Slot No.=0">
                <measResults>0.17270334 </measResults>
            </measValue>
            <measValue measObjLdn="PSG00999HUNB001/BTSBoard:Cabinet No.=0, Subrack No.=62, Slot No.=0">
                <measResults>0.18078333 </measResults>
            </measValue>
            <measValue measObjLdn="PSG00999HUNB001/BTSBoard:Cabinet No.=0, Subrack No.=80, Slot No.=0">
                <measResults>0.30999666 </measResults>
            </measValue>
            <measValue measObjLdn="PSG00999HUNB001/BTSBoard:Cabinet No.=0, Subrack No.=81, Slot No.=0">
                <measResults>0.15894333 </measResults>
            </measValue>
            <measValue measObjLdn="PSG00999HUNB001/BTSBoard:Cabinet No.=0, Subrack No.=82, Slot No.=0">
                <measResults>0.28592834 </measResults>
            </measValue>
        </measInfo>
        <measInfo measInfoId="50331648">
            <granPeriod duration="PT3600S" endTime="2021-08-17T23:00:00+08:00"/>
            <repPeriod duration="PT3600S"/>
            <measTypes>50331654 50331655 50331656 50331657 50331658 50331659 50331660 50331661 50331662 50331663 50331664 50331665 50331666 50331667 50331668 50331669 50331670 50331671 50331672 50331673 50331674 50331675 50331676 50331677 50331678 50331679 50331680 50331681 50331682 50331683 50331684 50331685 50331686 50331687 50331688 50331689 50331690 50331691 50331692 50331693 50331694 50331695 50331696 50331697 50331698 50331699 50331709 50331710 50331711 50331712 50331713 50331714 50331717 50331718 50331719 50331720 50331721 50331722 50331723 50331724 50331745 50331746 50331754 50331755 50331756 50331757 50331758 50331759 50331760 50331761 50331762 50331763 50331764 50331765 50331766 50331767 50331768 50331769 50331770 50331771 50331772 50331773 50331774 50331775 50331776 50331777 50331778 50331779 50331780 50331781 50331782 50331783 50331784 50331785 50331786 50331787 50331788 50331789 50331790 50331791 50331792 50331793 50331794 50331795 50331796 50331797 50331798 50331799 50331800 50331801 50331802 50331803 50331804 50331805 50331806 50331807 50331808 50331809 50331810 50331811 50331812 50331813 50331814 50331815 50331816 50331817 50331818 50331819 50331820 50331821 50331838 50331839 50331840 50332168 50332169 50332170 50332173 50332174 50332215 50332216 50332217 50341648 50341649 50341650 50341651 50341652 50341653 50341654 50341655 50341656 50341657 50341658 50341659 50341668 50341669 50341670 50341671 50341672 50341675 50341676 50341677 50341678 50341679 50341680 50341685 50341686 50341687 50341688 50341689 50341690 50341691 50341692 50341693 50341694 50341695 50341696 50341697 50341698 50341699 50341700 50341701 50341702 50341703 50341704 50341705 50341706 50341707 50341708 50341709 50341710 50341711 50341712 50341713 50341714 50341715 50341716 50341717 50341722 50341739 50341740 </measTypes>
            <measValue measObjLdn="PSG00999HUNB001/ULoCell:NodeB Function Name=PSG00999HUNB001, Local Cell ID=10161, Cell Name=N/A">
                <measResults>1047810 106476 144965 927977 106438 6563 3661 3171 0 0 0 0 0 0 24105 21901 12764 12499 19626 19388 33973 30466 59271 82075 106216 100217 113203 136371 172418 222761 214040 223765 180359 183976 150861 131651 122298 92437 81277 79936 122817 135099 225782 57018 11646 2141 235658 1259964 0 0 0 0 0 0 0 0 0 405610 658093 1299361 2011614 8265907786 0 148613 7236 5907 9496 12186 13528 83412 21841 30387 26443 48513 48268 61921 37533 54001 47522 40580 34836 43879 42666 40826 40863 30714 35015 24590 27408 29468 25546 28611 29632 167396 0 0 0 0 0 0 0 0 0 0 0 0 0 0 0 0 0 0 0 0 0 0 0 0 0 0 0 0 0 0 0 0 0 0 0 0 8265578497 1107937 62018 0 0 0 0 0 0 0 0 180 379 30 417 979 17 180 292 417 678 1000 615 2276002 7825208 49166 2276002 3700816 20 70 2 314 749 12 0 4 0 5.023 12.602 12.043 13.756 0.225 34 179 24 2 0 0 0 0 0 NIL 702 808 498 0 0 0 0 0 0 0 0 0 0 0 0 19178 1 4 </measResults>
            </measValue>
            <measValue measObjLdn="PSG00999HUNB001/ULoCell:NodeB Function Name=PSG00999HUNB001, Local Cell ID=10162, Cell Name=N/A">
                <measResults>114365 12658 15131 100276 11472 1085 976 556 0 0 0 0 0 0 1858 8890 2337 2481 3597 4243 8426 9328 17239 22349 32048 38564 43544 41706 43025 50506 32524 39197 27066 29945 18665 14862 14444 11302 10035 8763 16246 12606 8580 6095 5578 1298 1769 134679 0 0 0 0 0 0 0 0 0 25143 115266 142178 172362 524840817 0 16462 928 359 803 1019 1440 7997 2911 5194 4231 6066 7096 8022 6883 8748 8465 8686 11268 7847 5630 5020 4012 3007 2682 1843 1405 1223 752 583 408 1181 0 0 0 0 0 0 0 0 0 0 0 0 0 0 0 0 0 0 0 0 0 0 0 0 0 0 0 0 0 0 0 0 0 0 0 0 524748543 164573 26125 0 0 0 0 0 0 0 0 19 267 0 47 990 0 23 213 55 512 846 91 144217 3088402 0 170469 1584802 3 47 0 46 799 0 0 138 0 0.644 13.554 13.665 14 0 14 14 0 0 0 0 0 0 0 NIL 800 838 669 0 0 0 0 0 0 0 0 0 0 0 0 13888 0 0 </measResults>
            </measValue>
            <measValue measObjLdn="PSG00999HUNB001/ULoCell:NodeB Function Name=PSG00999HUNB001, Local Cell ID=10163, Cell Name=N/A">
                <measResults>1325086 148284 79548 1173593 137170 8800 3568 1955 0 0 0 0 0 0 11653 14306 46379 8969 12446 14087 26777 26648 56051 72331 109517 126762 153046 168001 169015 224001 181967 214727 174586 230425 231418 215115 233775 178438 157521 148168 139102 83219 43078 21685 9778 6342 80779 1473265 0 0 0 0 0 0 0 0 0 873508 598713 1553000 2604933 12001955351 0 98868 6430 7277 11995 11152 9765 57017 19808 23185 20814 30117 33275 42989 40827 52387 49503 56101 53710 59060 53654 59440 77842 82975 112323 103961 107525 108086 72359 44886 23124 22220 0 0 0 0 0 0 0 0 0 0 0 0 0 0 0 0 0 0 0 0 0 0 0 0 0 0 0 0 0 0 0 0 0 0 0 0 12001640309 1369886 26149 0 0 0 0 0 0 0 0 215 356 22 643 998 17 215 282 643 842 1000 761 3308853 8320930 38157 3308853 4348033 22 153 2 469 759 9 0 12 0 7.837 12.951 12.171 13 0.206 14 128 10 0 0 0 0 0 0 NIL 699 789 544 0 0 0 0 0 0 0 0 0 0 0 0 17832 0 0 </measResults>
            </measValue>
            <measValue measObjLdn="PSG00999HUNB001/ULoCell:NodeB Function Name=PSG00999HUNB001, Local Cell ID=50161, Cell Name=N/A">
                <measResults>492509 47826 78287 436574 46739 4010 3204 1982 0 0 0 0 0 0 13306 6024 1249 537 561 588 1118 1065 2181 3110 6387 9886 18413 29660 44173 71460 62557 94954 99621 133788 131527 125778 130065 119308 116334 124640 199119 204660 165656 118077 88609 129583 52044 613763 0 0 0 0 0 0 0 0 0 246239 320428 618711 762091 4003989599 0 83948 6417 852 812 3606 2316 50671 6119 4532 4308 11881 9716 33365 16581 23634 20703 21098 20795 24012 26153 24231 25954 22459 23068 18189 27683 35511 9126 15369 8579 36551 0 0 0 0 0 0 0 0 0 0 0 0 0 0 0 0 0 0 0 0 0 0 0 0 0 0 0 0 0 0 0 0 0 0 0 0 4003588192 592505 32522 0 0 0 0 0 0 0 0 85 306 7 221 980 3 85 257 221 665 1000 329 1103243 7000205 3454 1103243 3353322 15 105 1 191 781 2 0 62 0 2.82 12.681 12.748 14 0.035 17 82 4 0 0 0 0 0 0 NIL 869 907 812 0 0 0 0 0 0 0 0 0 0 0 0 21922 0 0 </measResults>
            </measValue>
            <measValue measObjLdn="PSG00999HUNB001/ULoCell:NodeB Function Name=PSG00999HUNB001, Local Cell ID=50162, Cell Name=N/A">
                <measResults>660426 87399 116160 567177 78829 8004 3643 2773 0 0 0 0 0 0 21417 1379 3604 703 942 1040 2099 2108 4455 6609 13320 19696 32500 48859 67302 97453 92189 127293 135136 180293 187315 197552 190569 199643 191119 192888 302958 308421 276620 200559 139595 129859 110109 824940 0 0 0 0 0 0 0 0 0 274251 479828 864188 1047237 4960408740 0 138526 13409 2795 2234 4779 3548 76406 23231 9239 8215 21701 21786 73762 28701 26478 20013 19709 15456 15908 17238 19875 22462 18834 25868 21336 24308 50251 15101 27138 15282 79734 0 0 0 0 0 0 0 0 0 0 0 0 0 0 0 0 0 0 0 0 0 0 0 0 0 0 0 0 0 0 0 0 0 0 0 0 4959831341 752087 21603 0 0 0 0 0 0 0 0 120 368 7 257 981 3 120 282 257 607 1000 417 1365643 10540464 5251 1365643 3274923 22 132 2 232 841 2 0 2 0 3.326 12.747 12.902 14 0.038 11 132 14 1 0 0 0 0 0 NIL 860 897 786 0 0 0 0 0 0 0 0 0 0 0 0 23229 0 0 </measResults>
            </measValue>
            <measValue measObjLdn="PSG00999HUNB001/ULoCell:NodeB Function Name=PSG00999HUNB001, Local Cell ID=50163, Cell Name=N/A">
                <measResults>803735 82529 56749 714402 81331 4174 2408 1420 0 0 0 0 0 0 8385 1147 1506 387 651 858 1565 1952 4644 6768 13663 22693 33881 48038 63544 98796 97038 140748 144490 186469 186399 192097 185759 201544 182784 191442 290069 312446 265342 184110 131460 81449 129383 938787 0 0 0 0 0 0 0 0 0 418939 394823 943145 1159541 6612955406 0 133003 10925 1241 1377 6606 3232 61599 23720 9004 6739 21453 15360 39617 18378 25488 20784 26931 19956 24990 30134 34476 41565 33866 44429 35815 40234 48885 29451 39330 28685 65358 0 0 0 0 0 0 0 0 0 0 0 0 0 0 0 0 0 0 0 0 0 0 0 0 0 0 0 0 0 0 0 0 0 0 0 0 6612422743 803879 15598 0 0 0 0 0 0 0 0 130 329 14 305 997 7 130 289 305 675 1000 446 1821166 10382013 20005 1821166 4083332 17 88 2 259 862 4 0 2 0 3.922 12.956 12.829 13.575 0.09 8 149 14 1 0 0 0 0 0 NIL 859 901 798 0 0 0 0 0 0 0 0 0 0 0 0 23789 0 0 </measResults>
            </measValue>
            <measValue measObjLdn="PSG00999HUNB001/ULoCell:NodeB Function Name=PSG00999HUNB001, Local Cell ID=60161, Cell Name=N/A">
                <measResults>697835 85397 188492 605232 80467 6035 3472 2629 0 0 0 0 0 0 34765 1293 1268 993 1410 1783 3007 3986 7869 12042 20733 31145 53131 66502 69539 80560 67796 86917 89112 113049 120096 103243 114914 96951 95333 91629 163931 145702 142589 99779 81304 72623 86088 965578 0 0 0 0 0 0 0 0 0 353309 532373 971770 1138731 4216269864 0 103669 7446 1168 1273 5152 3148 46714 24138 12831 9816 30661 20296 37499 23006 52068 74520 111395 69658 65479 32247 28300 26193 18494 23958 15907 19744 21881 15775 14664 16605 37729 0 0 0 0 0 0 0 0 0 0 0 0 0 0 0 0 0 0 0 0 0 0 0 0 0 0 0 0 0 0 0 0 0 0 0 0 4215866449 841947 14877 0 0 0 0 0 0 0 0 134 335 21 310 995 10 134 286 310 663 1000 467 1159591 6758034 16438 1159591 2483064 19 85 3 259 829 2 0 4 0 3.869 12.249 12.451 13 0.126 8 139 11 0 0 0 0 0 0 NIL 861 901 779 0 0 0 0 0 0 0 0 0 0 0 0 20678 0 0 </measResults>
            </measValue>
            <measValue measObjLdn="PSG00999HUNB001/ULoCell:NodeB Function Name=PSG00999HUNB001, Local Cell ID=60162, Cell Name=N/A">
                <measResults>1031873 126091 95201 895845 123963 6515 2778 2772 0 0 0 0 0 0 15335 1812 3309 1066 1163 1867 3587 4901 11588 18364 32154 46036 65478 87245 106649 160114 152631 188535 193869 212023 235014 184417 184455 160431 167418 160034 234999 192755 138619 96853 71120 63924 89222 1216842 0 0 0 0 0 0 0 0 0 531439 632542 1253203 1550189 6623779682 0 143737 9199 827 1153 12459 5543 209289 16927 11119 8368 32918 26057 47557 22754 38844 41552 47204 35495 55990 47891 45628 49382 43636 55882 38311 37712 44582 26112 22860 23203 50099 0 0 0 0 0 0 0 0 0 0 0 0 0 0 0 0 0 0 0 0 0 0 0 0 0 0 0 0 0 0 0 0 0 0 0 0 6623126941 998315 15198 0 0 0 0 0 0 0 0 174 418 9 362 994 7 174 311 362 649 1000 554 1822861 7891765 18021 1822861 3290363 22 122 1 302 851 2 0 6 0 4.688 12.951 12.934 14 0.09 8 193 30 3 0 0 0 0 0 NIL 865 904 778 0 0 0 0 0 0 0 0 0 0 0 0 20607 0 0 </measResults>
            </measValue>
            <measValue measObjLdn="PSG00999HUNB001/ULoCell:NodeB Function Name=PSG00999HUNB001, Local Cell ID=60163, Cell Name=N/A">
                <measResults>925460 102356 91749 809733 97997 9294 5697 2739 0 0 0 0 0 0 12866 3577 3474 2110 4413 5451 9065 8417 17035 23902 41168 59089 94042 134246 145151 198035 150374 169413 137191 156231 135230 126916 123307 108772 102684 103835 168242 141018 99474 55743 29588 11495 92163 1107331 0 0 0 0 0 0 0 0 0 573685 453824 1119672 1479509 7708984870 0 84894 5398 1079 1337 4605 5280 36255 21803 11786 12212 21607 15472 22634 18204 31812 40445 51789 58729 74482 64699 69120 73226 63911 74266 49389 43955 42212 29114 24284 23367 41933 0 0 0 0 0 0 0 0 0 0 0 0 0 0 0 0 0 0 0 0 0 0 0 0 0 0 0 0 0 0 0 0 0 0 0 0 7708752655 982955 15152 0 0 0 0 0 0 0 0 155 320 12 436 995 17 155 283 436 797 1000 546 2122850 9301389 41694 2122850 3888004 26 111 1 366 841 14 0 2 0 5.569 12.813 12.753 14 0.215 8 132 9 0 0 0 0 0 0 NIL 860 907 774 0 0 0 0 0 0 0 0 0 0 0 0 20516 0 0 </measResults>
            </measValue>
        </measInfo>
        <measInfo measInfoId="50331650">
            <granPeriod duration="PT3600S" endTime="2021-08-17T23:00:00+08:00"/>
            <repPeriod duration="PT3600S"/>
            <measTypes>50332548 50332549 50332550 50332554 50342548 50342549 50342550 50342554 50342612 50342613 50342615 50342616 </measTypes>
            <measValue measObjLdn="PSG00999HUNB001/ULoCell:NodeB Function Name=PSG00999HUNB001, Local Cell ID=10161, Cell Name=N/A">
                <measResults>0 0 30.942 15.411 0 0 51.5 28 0 0 0 0 </measResults>
            </measValue>
            <measValue measObjLdn="PSG00999HUNB001/ULoCell:NodeB Function Name=PSG00999HUNB001, Local Cell ID=10162, Cell Name=N/A">
                <measResults>0 0 4.701 2.794 0 0 12 7 0 0 0 0 </measResults>
            </measValue>
            <measValue measObjLdn="PSG00999HUNB001/ULoCell:NodeB Function Name=PSG00999HUNB001, Local Cell ID=10163, Cell Name=N/A">
                <measResults>0 0 29.95 14.431 0 0 50 25 0 0 0 0 </measResults>
            </measValue>
            <measValue measObjLdn="PSG00999HUNB001/ULoCell:NodeB Function Name=PSG00999HUNB001, Local Cell ID=50161, Cell Name=N/A">
                <measResults>0 0 20.065 8.906 0 0 53.5 20 0 0 0 0 </measResults>
            </measValue>
            <measValue measObjLdn="PSG00999HUNB001/ULoCell:NodeB Function Name=PSG00999HUNB001, Local Cell ID=50162, Cell Name=N/A">
                <measResults>0 0 30.688 9.536 0 0 68 21 0 0 0 0 </measResults>
            </measValue>
            <measValue measObjLdn="PSG00999HUNB001/ULoCell:NodeB Function Name=PSG00999HUNB001, Local Cell ID=50163, Cell Name=N/A">
                <measResults>0 0 26.23 9.121 0 0 60.5 20 0 0 0 0 </measResults>
            </measValue>
            <measValue measObjLdn="PSG00999HUNB001/ULoCell:NodeB Function Name=PSG00999HUNB001, Local Cell ID=60161, Cell Name=N/A">
                <measResults>0 0 25.774 11.839 0 0 69 21 0 0 0 0 </measResults>
            </measValue>
            <measValue measObjLdn="PSG00999HUNB001/ULoCell:NodeB Function Name=PSG00999HUNB001, Local Cell ID=60162, Cell Name=N/A">
                <measResults>0 0 36.043 9.858 0 0 81.5 18 0 0 0 0 </measResults>
            </measValue>
            <measValue measObjLdn="PSG00999HUNB001/ULoCell:NodeB Function Name=PSG00999HUNB001, Local Cell ID=60163, Cell Name=N/A">
                <measResults>0 0 24.661 9.947 0 0 48.5 20 0 0 0 0 </measResults>
            </measValue>
        </measInfo>
        <measInfo measInfoId="50331651">
            <granPeriod duration="PT3600S" endTime="2021-08-17T23:00:00+08:00"/>
            <repPeriod duration="PT3600S"/>
            <measTypes>50331850 50331851 50331852 50331853 50331854 50331855 50331856 50331857 50331858 50331859 50331860 50331861 50331862 50331863 50331864 50331865 50331866 50331867 50331868 50331869 50331870 50331871 50331872 50331873 50331874 50331875 50331876 50331877 50331878 50331879 50331885 50331886 50331887 50331888 50331889 50331892 50331903 50331904 50331908 50331925 50331926 50331927 50331928 50331929 50331930 50331931 50331957 50331958 50331959 50331961 50331962 50331963 50331964 50331965 50331966 50331967 50331971 50331972 50331973 50331974 50331987 50331988 50331989 50331990 50331991 50331992 50331993 50331995 50332378 50332379 50332380 50332385 50332386 50332387 50332498 50332499 50332500 50332501 50332503 50332507 50332623 50332638 50341849 50341850 50341851 50341852 50341853 50341854 50341855 50341856 50341857 50341858 50341859 50341864 50341865 50341866 50341868 50341869 50341870 50341871 50341872 50341873 50341874 50341875 50341876 50341877 50341878 50341879 50341880 50341881 50341882 50341883 50341884 50341885 50341886 50341887 50341888 50341889 50341890 50341891 50341892 50341893 50341894 50341895 50341896 50341897 50341898 50341980 50341981 50341982 50341983 50341984 50341985 50341986 50341994 50361698 50361699 50361701 </measTypes>
            <measValue measObjLdn="PSG00999HUNB001/ULoCell:NodeB Function Name=PSG00999HUNB001, Local Cell ID=10161, Cell Name=N/A">
                <measResults>1782309 13623 2124 615 173 88 78 9 17 16 3 7 13 17 24 21 0 0 0 0 0 0 0 0 0 864 864 1673983 1800001 1736762 1362259 376461 15711864 1120917 239112 5 442 486 1597797 100 0 0 0 0 0 0 0 119 104 289 0 0 0 0 0 0 7154 14995 15199 441253 13403 45263 137642 268539 187394 109258 59295 1094197 888568 441964 588823 1.13 354854 567437 0 0 NIL NIL 0 1.026 0 0 77 3.331 9.432 0.081 0.184 3 0 0 0 80 0 216 178 0 NIL NIL 2.944 0.174 0.003 0.001 0 0 109.284 0 0 0 0 0 0 1080598 7.824 0.648 0.206 0.089 0.11 0.023 0.006 0.001 2.139 0 0 95 NIL NIL 373 3374.172 8804.718 21577.057 63092.059 61380.012 52524.215 43673.223 157766.813 0 NIL 0 </measResults>
            </measValue>
            <measValue measObjLdn="PSG00999HUNB001/ULoCell:NodeB Function Name=PSG00999HUNB001, Local Cell ID=10162, Cell Name=N/A">
                <measResults>1795012 3348 1174 268 126 28 0 2 12 14 2 2 2 0 2 1 2 2 2 2 0 0 0 0 0 0 6 323940 1762110 835850 281108 42472 4059589 129965 18369 1 187 218 311964 0 0 0 0 0 0 0 0 33 13 0 0 0 0 0 0 0 1984 3071 2079 56006 2124 9325 19779 19646 9088 8240 2417 103301 100032 38350 58981 0.102 35132 68234 0 0 NIL NIL 0 0.078 0 0 62 0.607 2.652 0.01 0.062 1 0 0 0 41 0 24 24 0 NIL NIL 0.833 0.038 0.001 0 0 0 0 0 0 0 0 0 0 225128.203 1.751 0.16 0.036 0.014 0.016 0.003 0.001 0 0.7 0 0 83 NIL NIL 282 650.448 3124.938 4826.37 6782.712 5190.366 5547.25 2280.728 14206.542 0 NIL 0 </measResults>
            </measValue>
            <measValue measObjLdn="PSG00999HUNB001/ULoCell:NodeB Function Name=PSG00999HUNB001, Local Cell ID=10163, Cell Name=N/A">
                <measResults>1778103 16629 3452 833 266 94 78 63 166 117 14 4 1 2 0 0 0 0 0 0 0 0 0 0 0 181 181 2011742 1800003 1724474 1393111 274939 16505200 1199208 199669 5 489 663 1560767 150 0 0 0 0 0 0 0 48 40 477 0 0 0 0 0 0 10779 16818 26260 526065 25031 20597 59375 210638 233754 190722 22424 993799 1082447 534335 527602 0.874 447900 670839 0 0 NIL NIL 0 0.73 0 0 92 2.931 7.535 0.091 0.287 4 0 0 0 50 0 246 193 0 NIL NIL 2.908 0.264 0.01 0.002 0 0 65.988 0 0 0 0 0 0 1258926.125 7.65 0.677 0.228 0.109 0.163 0.046 0.009 0.002 2.282 0 0 120 NIL NIL 296 10662.576 6724.858 20257.697 71921.281 103274.125 119050.141 13995.238 177326.094 0 NIL 0 </measResults>
            </measValue>
            <measValue measObjLdn="PSG00999HUNB001/ULoCell:NodeB Function Name=PSG00999HUNB001, Local Cell ID=50161, Cell Name=N/A">
                <measResults>145669 197278 227492 238093 216555 182753 148282 122963 170118 93043 36364 9967 4180 2282 1674 1040 531 319 268 213 258 174 49 24 8 440 1803 1600635 1800037 1719937 1404215 421016 12704303 967388 288509 13 480 609 1225194 557696 34071 8061 1997 1348 550 0 2 93 78 1969905 112637 26104 4821 3251 1373 0 183240 42947 36547 232724 6012 1728 8485 87435 260473 294753 240434 1895050 759236 288808 323525 1.82 467339 311657 0 0 NIL NIL 0 1.492 0 0 87 3.09 7.898 0.078 0.213 14 0 0 0 80 0 232 193 0 NIL NIL 2.103 0.114 0.036 0.137 0.01 0.003 926090.75 49185.535 14254.98 1590.776 959.442 313.452 0 1967162.5 6.939 0.435 0.158 0.078 0.083 0.017 0.006 0.002 1.662 0 1 54 NIL NIL 693 1047.072 1018.866 3061.632 29395.697 115513.867 152896.141 146777.25 186636.297 0 NIL 0 </measResults>
            </measValue>
            <measValue measObjLdn="PSG00999HUNB001/ULoCell:NodeB Function Name=PSG00999HUNB001, Local Cell ID=50162, Cell Name=N/A">
                <measResults>444984 155825 130478 125171 116308 106940 94689 85259 136974 109650 87856 64965 47936 33193 23369 15176 7505 3984 2331 1750 1434 780 461 505 314 2199 14799 1829278 1800036 1714966 1933012 348285 18982568 1361785 226224 21 419 583 1395619 692730 234611 145838 51620 27959 2422 150 51 161 169 2891101 1046211 656485 230709 125210 7587 568 7662 15591 13848 772526 1254 5070 15722 94580 230745 299709 303863 1309212 2447243 785149 393753 1.59 2050745 435689 0 0 NIL NIL 0 1.158 0 0 73 3.261 10.666 0.115 0.45 5 0 0 0 90 0 265 204 0 NIL NIL 4.214 0.383 0.059 0.22 0.018 0.005 2408645.5 1064694.25 702348.938 276145.156 148774.891 3423.662 38.274 3249103.5 7.944 0.482 0.199 0.121 0.129 0.016 0.004 0.002 3.268 0 15 85 NIL NIL 272 459.408 1307.624 3487.446 30325.24 112445.828 488770 1056071.875 135156.109 0 NIL 0 </measResults>
            </measValue>
            <measValue measObjLdn="PSG00999HUNB001/ULoCell:NodeB Function Name=PSG00999HUNB001, Local Cell ID=50163, Cell Name=N/A">
                <measResults>495296 205632 170779 165397 155015 136326 110886 86906 117450 67910 36214 20136 12328 6697 4326 2805 1481 741 536 783 450 192 179 312 34 1225 4608 2227744 1800036 1776837 2361298 525773 16648308 1854427 395212 16 613 814 1472958 435311 56489 26751 6709 4368 1299 250 31 116 104 1964442 240429 106966 22509 13025 2907 451 86089 65056 43469 1049395 1037 2542 16225 106268 303133 348066 184049 2016479 1416110 875876 378279 1.896 959721 498924 0 0 NIL NIL 0 1.432 0 0 92 4.092 11.712 0.126 0.391 11 0 0 0 80 0 316 234 0 NIL NIL 3.617 0.504 0.023 0.081 0.01 0.002 911573.938 102619.211 41875.105 7305.554 3963.444 494.604 21.51 2328725 8.005 0.511 0.225 0.138 0.155 0.029 0.009 0.007 2.463 0 3 55 NIL NIL 454 614.1 912.136 4335.552 30044.748 94997.609 314748.313 219858.297 394096.344 0 NIL 0 </measResults>
            </measValue>
            <measValue measObjLdn="PSG00999HUNB001/ULoCell:NodeB Function Name=PSG00999HUNB001, Local Cell ID=60161, Cell Name=N/A">
                <measResults>0 0 0 0 0 0 0 0 11 51777 486303 682438 410994 124628 25245 11295 4526 1231 527 355 316 104 70 49 12 155 3110 2110092 1800036 1745946 1402026 305822 16295493 1017332 137351 17 382 856 1392752 1745961 1720536 1315072 129375 16741 100 0 1 81 66 6058991 5975303 4532948 430533 60805 360 0 45062 58886 81683 223152 1680 7253 22198 132900 214736 232018 186716 1855694 608609 259833 416217 1.392 237769 392990 0 0 NIL NIL 0 1.214 0 0 94 3.366 9.97 0.061 0.322 12 0 0 0 89 0 251 154 0 NIL NIL 1.506 0.064 0.004 0.007 0.008 0.025 1312479 1304785.75 1090763.125 198647.609 65211.172 42.756 0 1312479 9.875 0.545 0.17 0.081 0.085 0.012 0.004 0.005 1.098 0 11 28 NIL NIL 589 383.622 2191.374 5184.528 30491.4 54842.242 98125.797 122499.594 164458.047 0 NIL 0 </measResults>
            </measValue>
            <measValue measObjLdn="PSG00999HUNB001/ULoCell:NodeB Function Name=PSG00999HUNB001, Local Cell ID=60162, Cell Name=N/A">
                <measResults>207087 353823 291202 184819 99253 58395 39747 31938 56607 97394 122378 91362 63321 41899 29461 16752 6653 2782 1649 904 875 429 154 129 56 964 9431 2063003 1800033 1753742 2144436 338264 17387573 1600330 215890 22 380 466 1483587 594961 358573 234222 80763 43541 1146 50 20 119 105 2147936 1336429 903994 317232 175941 3214 117 20467 44021 44953 999645 1875 6839 26300 170566 230085 275686 394894 1043648 4724465 1027026 402594 1.584 4344907 428213 0 0 NIL NIL 0 1.008 0 0 88 3.231 7.259 0.121 0.57 4 1 0 0 90 0 200 170 0 NIL NIL 3.745 0.361 0.036 0.044 0.041 0.188 4613380 3314151.25 2166823.25 726823.563 384802.063 4319.036 11.478 5529771.5 7.535 0.437 0.175 0.089 0.168 0.052 0.006 0 2.719 0 22 55 NIL NIL 236 496.26 1651.044 6174.378 70347.656 237720.797 1072502.25 2856176.75 497503.563 0 NIL 0 </measResults>
            </measValue>
            <measValue measObjLdn="PSG00999HUNB001/ULoCell:NodeB Function Name=PSG00999HUNB001, Local Cell ID=60163, Cell Name=N/A">
                <measResults>202 9854 81418 259853 405681 395363 273966 156819 124348 44857 20122 10644 6286 4073 2860 1719 1057 305 153 84 73 27 22 63 5 181 1043 2092113 1800035 1762988 1734024 465868 13228016 1360707 337546 14 536 841 1483844 637659 32855 18873 5453 2856 179 50 3 74 54 2434843 89466 45811 10589 5648 155 30 38661 44968 44330 675007 2277 10007 39512 160078 231185 209096 137581 1634238 1386791 712664 339628 1.462 859136 563266 0 0 NIL NIL 0 1.074 0 0 106 3.548 11.066 0.077 0.18 11 0 0 0 75 0 273 215 0 NIL NIL 2.089 0.525 0.024 0.004 0.005 0.02 1097614.125 76438.094 40798.352 9361.116 4597.248 120.51 6.846 2086105.125 7.343 0.36 0.125 0.078 0.209 0.076 0.01 0.005 1.637 0 0 33 NIL NIL 369 611.04 2139.168 8997.6 46504.344 119662.422 196706.797 179156.469 98428.031 0 NIL 0 </measResults>
            </measValue>
        </measInfo>
        <measInfo measInfoId="50331653">
            <granPeriod duration="PT3600S" endTime="2021-08-17T23:00:00+08:00"/>
            <repPeriod duration="PT3600S"/>
            <measTypes>50331748 50331749 50331750 50331751 50331752 50331753 50361697 </measTypes>
            <measValue measObjLdn="PSG00999HUNB001/ULoCell:NodeB Function Name=PSG00999HUNB001, Local Cell ID=10161, Cell Name=N/A">
                <measResults>0.506 0.422 0.506 0.269 0 0 0.34 </measResults>
            </measValue>
            <measValue measObjLdn="PSG00999HUNB001/ULoCell:NodeB Function Name=PSG00999HUNB001, Local Cell ID=10162, Cell Name=N/A">
                <measResults>0.036 0.028 0.036 0.026 0 0 0.396 </measResults>
            </measValue>
            <measValue measObjLdn="PSG00999HUNB001/ULoCell:NodeB Function Name=PSG00999HUNB001, Local Cell ID=10163, Cell Name=N/A">
                <measResults>0.254 0.221 0.254 0.154 0 0 0.295 </measResults>
            </measValue>
            <measValue measObjLdn="PSG00999HUNB001/ULoCell:NodeB Function Name=PSG00999HUNB001, Local Cell ID=50161, Cell Name=N/A">
                <measResults>0.882 0.735 0.882 0.629 0 0 0.075 </measResults>
            </measValue>
            <measValue measObjLdn="PSG00999HUNB001/ULoCell:NodeB Function Name=PSG00999HUNB001, Local Cell ID=50162, Cell Name=N/A">
                <measResults>1.394 1.183 1.394 1.06 0 0 0.061 </measResults>
            </measValue>
            <measValue measObjLdn="PSG00999HUNB001/ULoCell:NodeB Function Name=PSG00999HUNB001, Local Cell ID=50163, Cell Name=N/A">
                <measResults>1.783 1.597 1.783 1.456 0 0 0.074 </measResults>
            </measValue>
            <measValue measObjLdn="PSG00999HUNB001/ULoCell:NodeB Function Name=PSG00999HUNB001, Local Cell ID=60161, Cell Name=N/A">
                <measResults>0.506 0.425 0.506 0.392 0 0 0.028 </measResults>
            </measValue>
            <measValue measObjLdn="PSG00999HUNB001/ULoCell:NodeB Function Name=PSG00999HUNB001, Local Cell ID=60162, Cell Name=N/A">
                <measResults>1.118 0.969 1.118 0.868 0 0 0.069 </measResults>
            </measValue>
            <measValue measObjLdn="PSG00999HUNB001/ULoCell:NodeB Function Name=PSG00999HUNB001, Local Cell ID=60163, Cell Name=N/A">
                <measResults>0.494 0.344 0.494 0.301 0 0 0.079 </measResults>
            </measValue>
        </measInfo>
        <measInfo measInfoId="50331658">
            <granPeriod duration="PT3600S" endTime="2021-08-17T23:00:00+08:00"/>
            <repPeriod duration="PT3600S"/>
            <measTypes>50332250 50332251 50332410 50332411 </measTypes>
            <measValue measObjLdn="PSG00999HUNB001/ULoCell:NodeB Function Name=PSG00999HUNB001, Local Cell ID=10161, Cell Name=N/A">
                <measResults>0 0 0 0 </measResults>
            </measValue>
            <measValue measObjLdn="PSG00999HUNB001/ULoCell:NodeB Function Name=PSG00999HUNB001, Local Cell ID=10162, Cell Name=N/A">
                <measResults>0 0 0 0 </measResults>
            </measValue>
            <measValue measObjLdn="PSG00999HUNB001/ULoCell:NodeB Function Name=PSG00999HUNB001, Local Cell ID=10163, Cell Name=N/A">
                <measResults>0 0 0 0 </measResults>
            </measValue>
            <measValue measObjLdn="PSG00999HUNB001/ULoCell:NodeB Function Name=PSG00999HUNB001, Local Cell ID=50161, Cell Name=N/A">
                <measResults>0 0 0 0 </measResults>
            </measValue>
            <measValue measObjLdn="PSG00999HUNB001/ULoCell:NodeB Function Name=PSG00999HUNB001, Local Cell ID=50162, Cell Name=N/A">
                <measResults>0 0 0 0 </measResults>
            </measValue>
            <measValue measObjLdn="PSG00999HUNB001/ULoCell:NodeB Function Name=PSG00999HUNB001, Local Cell ID=50163, Cell Name=N/A">
                <measResults>0 0 0 0 </measResults>
            </measValue>
            <measValue measObjLdn="PSG00999HUNB001/ULoCell:NodeB Function Name=PSG00999HUNB001, Local Cell ID=60161, Cell Name=N/A">
                <measResults>0 0 0 0 </measResults>
            </measValue>
            <measValue measObjLdn="PSG00999HUNB001/ULoCell:NodeB Function Name=PSG00999HUNB001, Local Cell ID=60162, Cell Name=N/A">
                <measResults>0 0 0 0 </measResults>
            </measValue>
            <measValue measObjLdn="PSG00999HUNB001/ULoCell:NodeB Function Name=PSG00999HUNB001, Local Cell ID=60163, Cell Name=N/A">
                <measResults>0 0 0 0 </measResults>
            </measValue>
        </measInfo>
        <measInfo measInfoId="50331660">
            <granPeriod duration="PT3600S" endTime="2021-08-17T23:00:00+08:00"/>
            <repPeriod duration="PT3600S"/>
            <measTypes>50361670 50361671 50361672 50361673 </measTypes>
            <measValue measObjLdn="PSG00999HUNB001/ULoCell:NodeB Function Name=PSG00999HUNB001, Local Cell ID=10161, Cell Name=N/A">
                <measResults>0 0 0 0 </measResults>
            </measValue>
            <measValue measObjLdn="PSG00999HUNB001/ULoCell:NodeB Function Name=PSG00999HUNB001, Local Cell ID=10162, Cell Name=N/A">
                <measResults>0 0 0 0 </measResults>
            </measValue>
            <measValue measObjLdn="PSG00999HUNB001/ULoCell:NodeB Function Name=PSG00999HUNB001, Local Cell ID=10163, Cell Name=N/A">
                <measResults>0 0 0 0 </measResults>
            </measValue>
            <measValue measObjLdn="PSG00999HUNB001/ULoCell:NodeB Function Name=PSG00999HUNB001, Local Cell ID=50161, Cell Name=N/A">
                <measResults>0 0 0 0 </measResults>
            </measValue>
            <measValue measObjLdn="PSG00999HUNB001/ULoCell:NodeB Function Name=PSG00999HUNB001, Local Cell ID=50162, Cell Name=N/A">
                <measResults>0 0 0 0 </measResults>
            </measValue>
            <measValue measObjLdn="PSG00999HUNB001/ULoCell:NodeB Function Name=PSG00999HUNB001, Local Cell ID=50163, Cell Name=N/A">
                <measResults>0 0 0 0 </measResults>
            </measValue>
            <measValue measObjLdn="PSG00999HUNB001/ULoCell:NodeB Function Name=PSG00999HUNB001, Local Cell ID=60161, Cell Name=N/A">
                <measResults>0 0 0 0 </measResults>
            </measValue>
            <measValue measObjLdn="PSG00999HUNB001/ULoCell:NodeB Function Name=PSG00999HUNB001, Local Cell ID=60162, Cell Name=N/A">
                <measResults>0 0 0 0 </measResults>
            </measValue>
            <measValue measObjLdn="PSG00999HUNB001/ULoCell:NodeB Function Name=PSG00999HUNB001, Local Cell ID=60163, Cell Name=N/A">
                <measResults>0 0 0 0 </measResults>
            </measValue>
        </measInfo>
        <measInfo measInfoId="50331661">
            <granPeriod duration="PT3600S" endTime="2021-08-17T23:00:00+08:00"/>
            <repPeriod duration="PT3600S"/>
            <measTypes>50332048 50332049 50332050 50332051 </measTypes>
            <measValue measObjLdn="PSG00999HUNB001/ULoCell:NodeB Function Name=PSG00999HUNB001, Local Cell ID=10161, Cell Name=N/A">
                <measResults>46337 0 122408 0 </measResults>
            </measValue>
            <measValue measObjLdn="PSG00999HUNB001/ULoCell:NodeB Function Name=PSG00999HUNB001, Local Cell ID=10162, Cell Name=N/A">
                <measResults>18093 0 120160 0 </measResults>
            </measValue>
            <measValue measObjLdn="PSG00999HUNB001/ULoCell:NodeB Function Name=PSG00999HUNB001, Local Cell ID=10163, Cell Name=N/A">
                <measResults>62919 0 123604 0 </measResults>
            </measValue>
            <measValue measObjLdn="PSG00999HUNB001/ULoCell:NodeB Function Name=PSG00999HUNB001, Local Cell ID=50161, Cell Name=N/A">
                <measResults>51159 0 121497 0 </measResults>
            </measValue>
            <measValue measObjLdn="PSG00999HUNB001/ULoCell:NodeB Function Name=PSG00999HUNB001, Local Cell ID=50162, Cell Name=N/A">
                <measResults>67544 0 121994 0 </measResults>
            </measValue>
            <measValue measObjLdn="PSG00999HUNB001/ULoCell:NodeB Function Name=PSG00999HUNB001, Local Cell ID=50163, Cell Name=N/A">
                <measResults>71061 0 123130 0 </measResults>
            </measValue>
            <measValue measObjLdn="PSG00999HUNB001/ULoCell:NodeB Function Name=PSG00999HUNB001, Local Cell ID=60161, Cell Name=N/A">
                <measResults>34841 0 121599 0 </measResults>
            </measValue>
            <measValue measObjLdn="PSG00999HUNB001/ULoCell:NodeB Function Name=PSG00999HUNB001, Local Cell ID=60162, Cell Name=N/A">
                <measResults>53258 0 121345 0 </measResults>
            </measValue>
            <measValue measObjLdn="PSG00999HUNB001/ULoCell:NodeB Function Name=PSG00999HUNB001, Local Cell ID=60163, Cell Name=N/A">
                <measResults>43050 0 121008 0 </measResults>
            </measValue>
        </measInfo>
        <measInfo measInfoId="50331662">
            <granPeriod duration="PT3600S" endTime="2021-08-17T23:00:00+08:00"/>
            <repPeriod duration="PT3600S"/>
            <measTypes>50332052 50332053 50332054 50332070 50332505 </measTypes>
            <measValue measObjLdn="PSG00999HUNB001/ULoCell:NodeB Function Name=PSG00999HUNB001, Local Cell ID=10161, Cell Name=N/A">
                <measResults>31 149 598042 0 0 </measResults>
            </measValue>
            <measValue measObjLdn="PSG00999HUNB001/ULoCell:NodeB Function Name=PSG00999HUNB001, Local Cell ID=10162, Cell Name=N/A">
                <measResults>223 52 193780 0 0 </measResults>
            </measValue>
            <measValue measObjLdn="PSG00999HUNB001/ULoCell:NodeB Function Name=PSG00999HUNB001, Local Cell ID=10163, Cell Name=N/A">
                <measResults>42 183 603181 0 0 </measResults>
            </measValue>
            <measValue measObjLdn="PSG00999HUNB001/ULoCell:NodeB Function Name=PSG00999HUNB001, Local Cell ID=50161, Cell Name=N/A">
                <measResults>29 125 380090 0 0 </measResults>
            </measValue>
            <measValue measObjLdn="PSG00999HUNB001/ULoCell:NodeB Function Name=PSG00999HUNB001, Local Cell ID=50162, Cell Name=N/A">
                <measResults>119 140 263815 0 0 </measResults>
            </measValue>
            <measValue measObjLdn="PSG00999HUNB001/ULoCell:NodeB Function Name=PSG00999HUNB001, Local Cell ID=50163, Cell Name=N/A">
                <measResults>0 126 235914 0 0 </measResults>
            </measValue>
            <measValue measObjLdn="PSG00999HUNB001/ULoCell:NodeB Function Name=PSG00999HUNB001, Local Cell ID=60161, Cell Name=N/A">
                <measResults>0 98 499144 0 0 </measResults>
            </measValue>
            <measValue measObjLdn="PSG00999HUNB001/ULoCell:NodeB Function Name=PSG00999HUNB001, Local Cell ID=60162, Cell Name=N/A">
                <measResults>0 138 237442 0 0 </measResults>
            </measValue>
            <measValue measObjLdn="PSG00999HUNB001/ULoCell:NodeB Function Name=PSG00999HUNB001, Local Cell ID=60163, Cell Name=N/A">
                <measResults>0 93 354020 0 0 </measResults>
            </measValue>
        </measInfo>
        <measInfo measInfoId="50331663">
            <granPeriod duration="PT3600S" endTime="2021-08-17T23:00:00+08:00"/>
            <repPeriod duration="PT3600S"/>
            <measTypes>50331917 50332061 50332064 50332065 50332069 50332071 50332072 50332073 50332074 50332079 50332258 50332388 50332389 50332504 50332626 50332632 50332639 50332640 50332641 50332645 50342048 50342049 50342050 50342051 50361705 50361706 50361725 50361726 50361735 50361740 50361743 50361744 50361747 50361749 50361751 50361753 50361755 50361757 50361759 50361761 50361763 50361765 50361767 50361769 50361771 50361773 50361775 50361777 50361779 50361781 50361783 50361785 50361787 50361789 50361791 50361793 50361795 </measTypes>
            <measValue measObjLdn="PSG00999HUNB001/ULoCell:NodeB Function Name=PSG00999HUNB001, Local Cell ID=10161, Cell Name=N/A">
                <measResults>1000 3 256 0 0 0 0 0 0 0 3.428 0 4.607 0 0 0 0 0 NIL 0 9 130.219 0 0 0 0 0 NIL NIL NIL NIL NIL NIL NIL NIL NIL NIL NIL NIL NIL NIL NIL NIL NIL NIL NIL NIL NIL NIL NIL NIL NIL NIL NIL NIL NIL NIL </measResults>
            </measValue>
            <measValue measObjLdn="PSG00999HUNB001/ULoCell:NodeB Function Name=PSG00999HUNB001, Local Cell ID=10162, Cell Name=N/A">
                <measResults>992.556 0 256 0 0 0 0 0 0 0 1.249 0 0.882 0 0 0 0 0 NIL 0 7 40.116 0 0 0 0 0 NIL NIL NIL NIL NIL NIL NIL NIL NIL NIL NIL NIL NIL NIL NIL NIL NIL NIL NIL NIL NIL NIL NIL NIL NIL NIL NIL NIL NIL NIL </measResults>
            </measValue>
            <measValue measObjLdn="PSG00999HUNB001/ULoCell:NodeB Function Name=PSG00999HUNB001, Local Cell ID=10163, Cell Name=N/A">
                <measResults>999.893 3 256 0 0 0 0 0 0 0 2.147 0 4.524 0 0 0 0 0 NIL 0 43 172.24 0 0 0 0 0 NIL NIL NIL NIL NIL NIL NIL NIL NIL NIL NIL NIL NIL NIL NIL NIL NIL NIL NIL NIL NIL NIL NIL NIL NIL NIL NIL NIL NIL NIL </measResults>
            </measValue>
            <measValue measObjLdn="PSG00999HUNB001/ULoCell:NodeB Function Name=PSG00999HUNB001, Local Cell ID=50161, Cell Name=N/A">
                <measResults>974.481 4 256 0 0 0 0 0 0 0 1.728 0 3.407 0 0 0 0 0 NIL 0 16 84.011 0 0 0 0 0 NIL NIL NIL NIL NIL NIL NIL NIL NIL NIL NIL NIL NIL NIL NIL NIL NIL NIL NIL NIL NIL NIL NIL NIL NIL NIL NIL NIL NIL NIL </measResults>
            </measValue>
            <measValue measObjLdn="PSG00999HUNB001/ULoCell:NodeB Function Name=PSG00999HUNB001, Local Cell ID=50162, Cell Name=N/A">
                <measResults>997.351 6 256 0 0 0 0 0 0 0 0.629 0 4.348 0 0 0 0 0 NIL 0 27 91.992 0 0 0 0 0 NIL NIL NIL NIL NIL NIL NIL NIL NIL NIL NIL NIL NIL NIL NIL NIL NIL NIL NIL NIL NIL NIL NIL NIL NIL NIL NIL NIL NIL NIL </measResults>
            </measValue>
            <measValue measObjLdn="PSG00999HUNB001/ULoCell:NodeB Function Name=PSG00999HUNB001, Local Cell ID=50163, Cell Name=N/A">
                <measResults>999.291 5 256 0 0 0 0 0 0 0 0.514 0 4.52 0 0 0 0 0 NIL 0 18 101.272 0 0 0 0 0 NIL NIL NIL NIL NIL NIL NIL NIL NIL NIL NIL NIL NIL NIL NIL NIL NIL NIL NIL NIL NIL NIL NIL NIL NIL NIL NIL NIL NIL NIL </measResults>
            </measValue>
            <measValue measObjLdn="PSG00999HUNB001/ULoCell:NodeB Function Name=PSG00999HUNB001, Local Cell ID=60161, Cell Name=N/A">
                <measResults>837.439 3 256 0 0 0 0 0 0 0 2.869 0 3.46 1000 0 0 0 0 NIL 0 11 106.375 0 0 0 0 0 NIL NIL NIL NIL NIL NIL NIL NIL NIL NIL NIL NIL NIL NIL NIL NIL NIL NIL NIL NIL NIL NIL NIL NIL NIL NIL NIL NIL NIL NIL </measResults>
            </measValue>
            <measValue measObjLdn="PSG00999HUNB001/ULoCell:NodeB Function Name=PSG00999HUNB001, Local Cell ID=60162, Cell Name=N/A">
                <measResults>993.868 6 256 0 0 0 0 0 0 0 0.496 0 4.474 0 0 0 0 0 NIL 0 90 111.56 0 0 0 0 0 NIL NIL NIL NIL NIL NIL NIL NIL NIL NIL NIL NIL NIL NIL NIL NIL NIL NIL NIL NIL NIL NIL NIL NIL NIL NIL NIL NIL NIL NIL </measResults>
            </measValue>
            <measValue measObjLdn="PSG00999HUNB001/ULoCell:NodeB Function Name=PSG00999HUNB001, Local Cell ID=60163, Cell Name=N/A">
                <measResults>998.107 4 256 0 0 0 0 0 0 0 1.819 0 3.743 983.333 0 0 0 0 NIL 0 19 127.804 0 0 0 0 0 NIL NIL NIL NIL NIL NIL NIL NIL NIL NIL NIL NIL NIL NIL NIL NIL NIL NIL NIL NIL NIL NIL NIL NIL NIL NIL NIL NIL NIL NIL </measResults>
            </measValue>
        </measInfo>
        <measInfo measInfoId="50331665">
            <granPeriod duration="PT3600S" endTime="2021-08-17T23:00:00+08:00"/>
            <repPeriod duration="PT3600S"/>
            <measTypes>50331740 50331741 50331742 50331743 50331744 50331909 50331910 50331911 50331912 50331913 50332381 50332382 50332576 50332577 </measTypes>
            <measValue measObjLdn="PSG00999HUNB001/ULoCell:NodeB Function Name=PSG00999HUNB001, Local Cell ID=10161, Cell Name=N/A">
                <measResults>0 0 0 0 0 0 0 0 0 0 0 0 0 0 </measResults>
            </measValue>
            <measValue measObjLdn="PSG00999HUNB001/ULoCell:NodeB Function Name=PSG00999HUNB001, Local Cell ID=10162, Cell Name=N/A">
                <measResults>0 0 0 0 0 0 0 0 0 0 0 0 0 0 </measResults>
            </measValue>
            <measValue measObjLdn="PSG00999HUNB001/ULoCell:NodeB Function Name=PSG00999HUNB001, Local Cell ID=10163, Cell Name=N/A">
                <measResults>0 0 0 0 0 0 0 0 0 0 0 0 0 0 </measResults>
            </measValue>
            <measValue measObjLdn="PSG00999HUNB001/ULoCell:NodeB Function Name=PSG00999HUNB001, Local Cell ID=50161, Cell Name=N/A">
                <measResults>0 0 0 0 0 0 0 0 0 0 0 0 0 0 </measResults>
            </measValue>
            <measValue measObjLdn="PSG00999HUNB001/ULoCell:NodeB Function Name=PSG00999HUNB001, Local Cell ID=50162, Cell Name=N/A">
                <measResults>0 0 0 0 0 0 0 0 0 0 0 0 0 0 </measResults>
            </measValue>
            <measValue measObjLdn="PSG00999HUNB001/ULoCell:NodeB Function Name=PSG00999HUNB001, Local Cell ID=50163, Cell Name=N/A">
                <measResults>0 0 0 0 0 0 0 0 0 0 0 0 0 0 </measResults>
            </measValue>
            <measValue measObjLdn="PSG00999HUNB001/ULoCell:NodeB Function Name=PSG00999HUNB001, Local Cell ID=60161, Cell Name=N/A">
                <measResults>0 0 0 0 0 0 0 0 0 0 0 0 0 0 </measResults>
            </measValue>
            <measValue measObjLdn="PSG00999HUNB001/ULoCell:NodeB Function Name=PSG00999HUNB001, Local Cell ID=60162, Cell Name=N/A">
                <measResults>0 0 0 0 0 0 0 0 0 0 0 0 0 0 </measResults>
            </measValue>
            <measValue measObjLdn="PSG00999HUNB001/ULoCell:NodeB Function Name=PSG00999HUNB001, Local Cell ID=60163, Cell Name=N/A">
                <measResults>0 0 0 0 0 0 0 0 0 0 0 0 0 0 </measResults>
            </measValue>
        </measInfo>
        <measInfo measInfoId="50331673">
            <granPeriod duration="PT3600S" endTime="2021-08-17T23:00:00+08:00"/>
            <repPeriod duration="PT3600S"/>
            <measTypes>50332055 50332056 50332057 50332058 50332059 50332060 50332278 50332279 50332280 50332281 50332282 50332283 50332284 50332285 50332286 50361648 50361649 50361650 50361651 </measTypes>
            <measValue measObjLdn="PSG00999HUNB001/ULoCell:NodeB Function Name=PSG00999HUNB001, Local Cell ID=10161, Cell Name=N/A">
                <measResults>73 30 13 0 0 0 14 15 6 14 13 1 1 22 20 0 0 0 0 </measResults>
            </measValue>
            <measValue measObjLdn="PSG00999HUNB001/ULoCell:NodeB Function Name=PSG00999HUNB001, Local Cell ID=10162, Cell Name=N/A">
                <measResults>16 14 2 0 0 0 5 3 0 3 2 0 0 3 1 0 0 0 0 </measResults>
            </measValue>
            <measValue measObjLdn="PSG00999HUNB001/ULoCell:NodeB Function Name=PSG00999HUNB001, Local Cell ID=10163, Cell Name=N/A">
                <measResults>79 26 10 0 0 0 9 10 8 19 12 1 1 28 16 0 0 0 0 </measResults>
            </measValue>
            <measValue measObjLdn="PSG00999HUNB001/ULoCell:NodeB Function Name=PSG00999HUNB001, Local Cell ID=50161, Cell Name=N/A">
                <measResults>28 7 2 0 0 0 14 11 11 22 15 3 3 28 40 0 0 0 0 </measResults>
            </measValue>
            <measValue measObjLdn="PSG00999HUNB001/ULoCell:NodeB Function Name=PSG00999HUNB001, Local Cell ID=50162, Cell Name=N/A">
                <measResults>37 3 1 0 0 0 5 5 19 29 40 3 7 38 155 0 0 0 0 </measResults>
            </measValue>
            <measValue measObjLdn="PSG00999HUNB001/ULoCell:NodeB Function Name=PSG00999HUNB001, Local Cell ID=50163, Cell Name=N/A">
                <measResults>36 4 3 0 0 0 4 5 16 28 29 3 8 41 64 0 0 0 0 </measResults>
            </measValue>
            <measValue measObjLdn="PSG00999HUNB001/ULoCell:NodeB Function Name=PSG00999HUNB001, Local Cell ID=60161, Cell Name=N/A">
                <measResults>34 12 2 0 0 0 9 9 7 15 7 2 1 25 11 0 0 0 0 </measResults>
            </measValue>
            <measValue measObjLdn="PSG00999HUNB001/ULoCell:NodeB Function Name=PSG00999HUNB001, Local Cell ID=60162, Cell Name=N/A">
                <measResults>35 3 1 0 0 0 4 6 16 27 34 3 6 37 177 0 0 0 0 </measResults>
            </measValue>
            <measValue measObjLdn="PSG00999HUNB001/ULoCell:NodeB Function Name=PSG00999HUNB001, Local Cell ID=60163, Cell Name=N/A">
                <measResults>37 10 1 0 0 0 11 9 12 21 21 3 6 47 85 0 0 0 0 </measResults>
            </measValue>
        </measInfo>
        <measInfo measInfoId="50331674">
            <granPeriod duration="PT3600S" endTime="2021-08-17T23:00:00+08:00"/>
            <repPeriod duration="PT3600S"/>
            <measTypes>50332161 50332162 50332163 50332164 50332165 50341718 50341719 50341720 50341721 </measTypes>
            <measValue measObjLdn="PSG00999HUNB001/ULoCell:NodeB Function Name=PSG00999HUNB001, Local Cell ID=10161, Cell Name=N/A">
                <measResults>0 0 0 0 0 0 0 0 0 </measResults>
            </measValue>
            <measValue measObjLdn="PSG00999HUNB001/ULoCell:NodeB Function Name=PSG00999HUNB001, Local Cell ID=10162, Cell Name=N/A">
                <measResults>0 0 0 0 0 0 0 0 0 </measResults>
            </measValue>
            <measValue measObjLdn="PSG00999HUNB001/ULoCell:NodeB Function Name=PSG00999HUNB001, Local Cell ID=10163, Cell Name=N/A">
                <measResults>0 0 0 0 0 0 0 0 0 </measResults>
            </measValue>
            <measValue measObjLdn="PSG00999HUNB001/ULoCell:NodeB Function Name=PSG00999HUNB001, Local Cell ID=50161, Cell Name=N/A">
                <measResults>0 0 0 0 0 0 0 0 0 </measResults>
            </measValue>
            <measValue measObjLdn="PSG00999HUNB001/ULoCell:NodeB Function Name=PSG00999HUNB001, Local Cell ID=50162, Cell Name=N/A">
                <measResults>0 0 0 0 0 0 0 0 0 </measResults>
            </measValue>
            <measValue measObjLdn="PSG00999HUNB001/ULoCell:NodeB Function Name=PSG00999HUNB001, Local Cell ID=50163, Cell Name=N/A">
                <measResults>0 0 0 0 0 0 0 0 0 </measResults>
            </measValue>
            <measValue measObjLdn="PSG00999HUNB001/ULoCell:NodeB Function Name=PSG00999HUNB001, Local Cell ID=60161, Cell Name=N/A">
                <measResults>0 0 0 0 0 0 0 0 0 </measResults>
            </measValue>
            <measValue measObjLdn="PSG00999HUNB001/ULoCell:NodeB Function Name=PSG00999HUNB001, Local Cell ID=60162, Cell Name=N/A">
                <measResults>0 0 0 0 0 0 0 0 0 </measResults>
            </measValue>
            <measValue measObjLdn="PSG00999HUNB001/ULoCell:NodeB Function Name=PSG00999HUNB001, Local Cell ID=60163, Cell Name=N/A">
                <measResults>0 0 0 0 0 0 0 0 0 </measResults>
            </measValue>
        </measInfo>
        <measInfo measInfoId="50331676">
            <granPeriod duration="PT3600S" endTime="2021-08-17T23:00:00+08:00"/>
            <repPeriod duration="PT3600S"/>
            <measTypes>50331747 50332175 50332176 50332177 50332178 50332179 50332180 50332181 50332182 50332183 50332184 50332185 50332186 50332187 50332188 50332189 50332190 50332192 50332193 50332194 50332195 50332196 50332197 50332198 50332199 50332200 50332201 50332202 50332203 50332204 50332205 50332206 50332207 50332208 50332209 50332210 50332211 50332212 50332213 50332214 50332219 50332232 50332233 50332234 50332235 50332236 50332237 50332238 50332245 50332246 50332648 50332649 50332650 50332651 50332652 50332653 50332654 50332655 50332656 50332657 50332658 50332670 50332848 50332849 50332850 50332853 50332854 50332855 50332856 50332865 50332866 50332867 50332868 50332869 50332870 50332871 50332872 50332873 50332874 50332875 50332876 50332877 50332878 50332879 50332880 50332881 50332882 50332883 50332884 50332885 50332886 50332887 50332888 50332889 50332890 50332891 50332892 50332894 50332895 50332896 50332897 50332898 50332899 50332900 50332901 50332902 50332903 50332904 50332905 50332906 50332907 50332908 50332909 50332910 50332943 50332944 50332945 50332946 50332947 50332948 50332949 50332950 50332951 50332952 50332953 50332954 50332955 50332956 50332957 50332958 50332959 50332960 50332961 50332962 50332963 50332964 50332965 50332966 50332967 50332968 50332969 50332970 50332971 50332972 50332973 50332974 50332985 50332986 50332987 50332990 50341723 50341741 50341742 50341743 50341748 50341749 50341750 50341751 50341752 50341753 50341754 50341755 50341756 50341757 50341758 50341759 </measTypes>
            <measValue measObjLdn="PSG00999HUNB001/ULoCell:NodeB Function Name=PSG00999HUNB001, Local Cell ID=10161, Cell Name=N/A">
                <measResults>8312507568 748048 153994 59831 38664 27206 30226 13446 28746 14792 32331 29810 206857 282372 132776 901 0 0 8129176409 73788 0 53376 0 0 0 0 1283 253572 364983 10179 1135 1482 1087 851 650 979 988 283 8 10 4456367760 8265907786 2011405 10050262144 1298396 820311 480771 425278 495745884 390387 458398 144326 218626 164189 113607 84052 108288 106723 38095 5 0 833585 0 0 0 204574 41 56 196296 0 0 0 0 0 0 0 0 0 3689 4544 0 183923685 775558839 1414484330 1866746329 400418 514131 462835 305316 0 0 0 0 2192959 8618 4656 0 0 0 0 0 0 0 0 0 0 0 0 0 0 0 0 0 0 0 0 0 0 0 0 0 0 0 0 0 0 0 0 0 0 NIL NIL NIL NIL NIL NIL NIL NIL NIL NIL NIL NIL NIL NIL NIL NIL 0 0 0 1781427 8.88 NIL 0 0 127591.219 219262.813 648640.625 812083.375 789496.813 753567.938 1286173.375 1780325.75 841314.625 152.336 0 6911755 </measResults>
            </measValue>
            <measValue measObjLdn="PSG00999HUNB001/ULoCell:NodeB Function Name=PSG00999HUNB001, Local Cell ID=10162, Cell Name=N/A">
                <measResults>527777468 1659880 28851 7828 6742 4352 6204 799 7530 1203 6301 1556 8540 2520 24409 33285 0 0 497832230 26275 0 1399 0 0 0 0 0 1037 3087 415 171 221 177 120 61 67 81 24 1 1 30827168 524840817 172330 678798133 342023 123550 58813 34016 23600879 13298 35336 11483 23604 23420 14351 4547 3222 2686 868 1 0 72699 0 0 0 45998 0 0 31896 0 0 0 0 0 0 0 0 0 0 0 0 73233062 226464775 127345589 69414710 78775 58158 24467 9020 0 0 0 0 727800 1780 1204 0 0 0 0 0 0 0 0 0 0 0 0 0 0 0 0 0 0 0 0 0 0 0 0 0 0 0 0 0 0 0 0 0 0 NIL NIL NIL NIL NIL NIL NIL NIL NIL NIL NIL NIL NIL NIL NIL NIL 0 0 0 113229 1.598 NIL 0 0 7122.564 16366.095 69576.273 120784.328 96946.945 40812.895 36663.113 44645.602 19954.592 32.264 0 429416.031 </measResults>
            </measValue>
            <measValue measObjLdn="PSG00999HUNB001/ULoCell:NodeB Function Name=PSG00999HUNB001, Local Cell ID=10163, Cell Name=N/A">
                <measResults>11961256480 452398 88987 35763 24217 20451 23023 7654 27717 12231 36633 20903 133779 582971 333273 0 0 0 11642210694 42026 0 39874 0 0 0 0 411 492085 617489 7081 1175 1953 1496 1176 876 1437 767 104 9 3 1316609928 12001955351 2604404 13680162943 1309318 992143 831404 159745 650318997 434480 488479 232772 393032 291923 236721 160239 220665 99842 2576 3 0 1405001 0 0 0 230235 18 31 87566 0 0 0 0 0 0 0 0 0 440 0 0 232567133 1145690538 3316642420 6860900084 424911 633135 716814 788897 0 0 0 0 2517176 7430 4676 0 0 0 0 0 0 0 0 0 0 0 0 0 0 0 0 0 0 0 0 0 0 0 0 0 0 0 0 0 0 0 0 0 0 NIL NIL NIL NIL NIL NIL NIL NIL NIL NIL NIL NIL NIL NIL NIL NIL 0 0 0 2497611 9.731 NIL 0 0 173700.25 349980.938 1167551.125 1437016.125 1645244 1432766.25 2632688.5 1573212 56952.215 98.544 0 9945529 </measResults>
            </measValue>
            <measValue measObjLdn="PSG00999HUNB001/ULoCell:NodeB Function Name=PSG00999HUNB001, Local Cell ID=50161, Cell Name=N/A">
                <measResults>4016751604 1234336 119281 17165 10031 6509 8536 5839 12790 6565 27229 8717 28984 91225 218428 4365 0 0 3997150128 35847 0 7079 0 0 0 0 42 60474 85099 3200 288 668 632 620 641 992 798 253 42 7 969107088 4003989599 762000 4848414630 241305 563151 679987 703344 155097983 100563 97660 31774 79351 67130 47212 38916 63295 66220 15496 170 0 377790 0 0 0 84062 4 3 127642 0 0 0 0 0 0 0 0 0 1993 0 0 8893601 303807223 749036596 1601224312 53926 173790 190560 201262 0 0 0 0 3046595 10113 4918 0 0 0 0 0 0 0 0 0 0 0 0 0 0 0 0 0 0 0 0 0 0 0 0 0 0 0 0 0 0 0 0 0 0 NIL NIL NIL NIL NIL NIL NIL NIL NIL NIL NIL NIL NIL NIL NIL NIL 0 0 0 592220 6.749 NIL 0 0 17153.244 49673.066 246451.422 334348.594 325790.656 347598.281 761167.125 1066855 349941.031 5361.616 0 3437513.75 </measResults>
            </measValue>
            <measValue measObjLdn="PSG00999HUNB001/ULoCell:NodeB Function Name=PSG00999HUNB001, Local Cell ID=50162, Cell Name=N/A">
                <measResults>5022747396 1059571 173239 32580 17355 13083 16725 10559 31662 14947 63473 20243 29834 73920 232357 10452 0 0 4548228328 29419 0 1646 0 0 0 0 403 84905 127481 5782 537 794 744 727 769 1113 955 273 35 11 1849659088 4960408740 1047097 6396881804 392513 820096 1057245 1023490 213353376 126630 116149 76807 105070 68653 57317 46772 82166 75854 15266 75 0 451173 0 0 0 129050 23 4 185458 0 0 0 0 0 0 0 0 0 0 0 0 29702061 339448630 464573945 1341900537 76147 229255 169552 252959 0 0 0 0 4926804 19718 8742 0 0 0 0 0 0 0 0 0 0 0 0 0 0 0 0 0 0 0 0 0 0 0 0 0 0 0 0 0 0 0 0 0 0 NIL NIL NIL NIL NIL NIL NIL NIL NIL NIL NIL NIL NIL NIL NIL NIL 0 0 0 837670 9.59 NIL 0 0 31354.441 118036.297 294961.063 346564.5 400997.344 420008.344 974643.688 1249174.125 341454.688 2351.776 0 4030155.5 </measResults>
            </measValue>
            <measValue measObjLdn="PSG00999HUNB001/ULoCell:NodeB Function Name=PSG00999HUNB001, Local Cell ID=50163, Cell Name=N/A">
                <measResults>6586186204 1002558 168557 36383 18095 12802 14396 9383 18226 10046 21704 10264 19813 92650 363583 1540 0 0 6610314992 16840 0 3564 0 0 0 0 246 133272 160258 5136 523 1045 1032 1032 1009 1578 1204 269 24 11 2023260856 6612955406 1159398 7739192927 389790 835468 1043244 972967 284672691 111923 81429 44641 83828 100521 93072 80849 103583 93325 16251 39 0 571468 0 0 0 65007 7 5 205031 0 0 0 0 0 0 0 0 0 0 0 0 19165431 227732770 909812094 2687263807 45840 150258 240669 392460 0 0 0 0 4894471 17851 8857 0 0 0 0 0 0 0 0 0 0 0 0 0 0 0 0 0 0 0 0 0 0 0 0 0 0 0 0 0 0 0 0 0 0 NIL NIL NIL NIL NIL NIL NIL NIL NIL NIL NIL NIL NIL NIL NIL NIL 0 0 0 932497 9.57 NIL 0 0 17373.305 69452.914 250575.672 498423.344 647687.375 724985.625 1233845.625 1512145.5 350859.438 1243.6 0 5219766 </measResults>
            </measValue>
            <measValue measObjLdn="PSG00999HUNB001/ULoCell:NodeB Function Name=PSG00999HUNB001, Local Cell ID=60161, Cell Name=N/A">
                <measResults>4304588084 965979 186625 47754 21596 13198 11700 7541 11595 9452 16460 15440 42311 317681 132668 0 0 0 4211228112 21771 0 5332 0 0 0 0 124 97524 122864 4250 324 776 1081 634 452 814 804 312 59 13 957309672 4216269864 1138600 5643828772 407913 497783 558266 541350 394873437 180633 111306 31726 108076 241621 66418 28100 44289 30780 8728 193 0 528205 0 0 0 194105 4 12 196390 0 0 0 0 0 0 0 0 0 1073 0 0 109422576 1586686186 640051006 1038036332 91199 447449 172617 205583 0 0 0 0 2423134 10726 5190 0 0 0 0 0 0 0 0 0 0 0 0 0 0 0 0 0 0 0 0 0 0 0 0 0 0 0 0 0 0 0 0 0 0 NIL NIL NIL NIL NIL NIL NIL NIL NIL NIL NIL NIL NIL NIL NIL NIL 0 0 0 892760 6.161 NIL 0 0 15358.009 48326.848 347918.031 1186679.75 446179.063 251092.188 522599.188 500971.656 199260.859 6021.488 0 3460722.25 </measResults>
            </measValue>
            <measValue measObjLdn="PSG00999HUNB001/ULoCell:NodeB Function Name=PSG00999HUNB001, Local Cell ID=60162, Cell Name=N/A">
                <measResults>6631659600 810366 238804 56746 22048 13188 12142 7721 14471 11363 22883 27474 26381 85406 441806 9201 0 0 6268826494 24820 0 3471 0 0 0 0 1194 164633 200682 7041 504 1044 1043 945 795 1276 855 237 27 5 1420203472 6623779682 1550041 8191919006 690436 1000118 881598 553657 1035847262 395985 144958 56692 140951 137819 113552 83176 129136 66703 9417 30 0 680784 0 0 0 77293 7 1 298473 0 0 0 0 0 0 0 0 0 0 0 0 94765262 1001282217 2207043178 2336850804 97388 366046 472457 383892 0 0 0 0 3958233 15443 7490 0 0 0 0 0 0 0 0 0 0 0 0 0 0 0 0 0 0 0 0 0 0 0 0 0 0 0 0 0 0 0 0 0 0 NIL NIL NIL NIL NIL NIL NIL NIL NIL NIL NIL NIL NIL NIL NIL NIL 0 0 0 1286950 8.87 NIL 0 0 22062.037 86580.563 421962.281 677824 787200.5 749483.688 1532599.125 1066629.875 209301.078 998.672 0 5445999.5 </measResults>
            </measValue>
            <measValue measObjLdn="PSG00999HUNB001/ULoCell:NodeB Function Name=PSG00999HUNB001, Local Cell ID=60163, Cell Name=N/A">
                <measResults>7690547412 828005 98998 25515 17913 15743 17374 14846 21015 14895 17927 15279 26739 210211 472293 3247 0 0 7687980522 21265 0 6581 0 0 0 0 136 218988 263326 3975 477 1190 1272 1074 772 1111 1023 186 20 7 1376082904 7708984870 1479288 9246996331 858155 703867 604910 337230 2266125288 534451 156076 56063 166634 217183 184334 108024 91401 50310 10637 10 0 828533 0 0 0 95619 3 9 120525 0 0 0 0 0 0 0 0 0 890 0 0 108802510 1836485762 2483704437 2218269992 129116 523934 405664 289713 0 0 0 0 1786243 9284 3771 0 0 0 0 0 0 0 0 0 0 0 0 0 0 0 0 0 0 0 0 0 0 0 0 0 0 0 0 0 0 0 0 0 0 NIL NIL NIL NIL NIL NIL NIL NIL NIL NIL NIL NIL NIL NIL NIL NIL 0 0 0 1302965 7.396 NIL 0 0 32385.391 85612.469 505654.781 1091593.75 1273137.625 967033.375 1073361.875 817297.188 233851.125 323.992 0 5962253.5 </measResults>
            </measValue>
        </measInfo>
        <measInfo measInfoId="50331649">
            <granPeriod duration="PT3600S" endTime="2021-08-17T23:00:00+08:00"/>
            <repPeriod duration="PT3600S"/>
            <measTypes>50332578 50332579 50332580 50332581 50342578 50342579 50342580 50342581 </measTypes>
            <measValue measObjLdn="PSG00999HUNB001/NodeBFunction:NodeB Function Name=PSG00999HUNB001">
                <measResults>8.462 2.932 8.126 82.552 14.6 5.4 12.8 115.2 </measResults>
            </measValue>
        </measInfo>
        <measInfo measInfoId="50331654">
            <granPeriod duration="PT3600S" endTime="2021-08-17T23:00:00+08:00"/>
            <repPeriod duration="PT3600S"/>
            <measTypes>50332565 50332566 50332633 50332635 </measTypes>
            <measValue measObjLdn="PSG00999HUNB001/NodeBFunction:NodeB Function Name=PSG00999HUNB001">
                <measResults>3072 1792 0 0 </measResults>
            </measValue>
        </measInfo>
        <measInfo measInfoId="50331664">
            <granPeriod duration="PT3600S" endTime="2021-08-17T23:00:00+08:00"/>
            <repPeriod duration="PT3600S"/>
            <measTypes>50332572 50332585 50332587 50332588 50332589 50332590 50332617 50332618 50332625 </measTypes>
            <measValue measObjLdn="PSG00999HUNB001/NodeBFunction:NodeB Function Name=PSG00999HUNB001">
                <measResults>2 0 42 42 0 28 0 0 4 </measResults>
            </measValue>
        </measInfo>
        <measInfo measInfoId="50331666">
            <granPeriod duration="PT3600S" endTime="2021-08-17T23:00:00+08:00"/>
            <repPeriod duration="PT3600S"/>
            <measTypes>50332567 50332568 50332569 50332570 50332571 </measTypes>
            <measValue measObjLdn="PSG00999HUNB001/NodeBFunction:NodeB Function Name=PSG00999HUNB001">
                <measResults>0 0 0 0 0 </measResults>
            </measValue>
        </measInfo>
        <measInfo measInfoId="50331681">
            <granPeriod duration="PT3600S" endTime="2021-08-17T23:00:00+08:00"/>
            <repPeriod duration="PT3600S"/>
            <measTypes>50342640 50342641 50342642 50342643 50342644 50342645 50342646 50342647 </measTypes>
            <measValue measObjLdn="PSG00999HUNB001/NodeBFunction:NodeB Function Name=PSG00999HUNB001">
                <measResults>17489195 20882240 2473721076 7802730272 10358431 5497157 30377455 17339400 </measResults>
            </measValue>
        </measInfo>
        <measInfo measInfoId="50331652">
            <granPeriod duration="PT3600S" endTime="2021-08-17T23:00:00+08:00"/>
            <repPeriod duration="PT3600S"/>
            <measTypes>50332555 50332556 50332557 50332558 50332559 50332560 50332561 50332562 50332563 50332564 50332593 50332594 50342555 50342556 50342561 50342562 50342563 50342564 50342567 50342568 50342569 50342570 50342571 50342572 50342618 50342619 50342621 50342622 50342624 50342625 50342627 50342628 </measTypes>
            <measValue measObjLdn="PSG00999HUNB001/NodeBFunction:NodeB Function Name=PSG00999HUNB001/MocID:2/CnOperator:-1">
                <measResults>0 0 0 0 6000 4576 229.053 92.043 0 143.186 0 0 0 0 308 134 0 199 62 160.5 96.5 0 0 0 0 0 0 0 0 0 0 0 </measResults>
            </measValue>
        </measInfo>
        <measInfo measInfoId="50331667">
            <granPeriod duration="PT3600S" endTime="2021-08-17T23:00:00+08:00"/>
            <repPeriod duration="PT3600S"/>
            <measTypes>50332591 50332592 50332595 50332596 50332597 </measTypes>
            <measValue measObjLdn="PSG00999HUNB001/NodeBFunction:NodeB Function Name=PSG00999HUNB001/MocID:2/CnOperator:-1">
                <measResults>0 0 0 0 0 </measResults>
            </measValue>
        </measInfo>
        <measInfo measInfoId="50331668">
            <granPeriod duration="PT3600S" endTime="2021-08-17T23:00:00+08:00"/>
            <repPeriod duration="PT3600S"/>
            <measTypes>50332348 50332349 </measTypes>
            <measValue measObjLdn="PSG00999HUNB001/LOCELL_SECTOREQM:NodeB Function Name=PSG00999HUNB001, Local Cell ID=10161, Sector Equipment ID=0">
                <measResults>0 0 </measResults>
            </measValue>
            <measValue measObjLdn="PSG00999HUNB001/LOCELL_SECTOREQM:NodeB Function Name=PSG00999HUNB001, Local Cell ID=10162, Sector Equipment ID=1">
                <measResults>0 0 </measResults>
            </measValue>
            <measValue measObjLdn="PSG00999HUNB001/LOCELL_SECTOREQM:NodeB Function Name=PSG00999HUNB001, Local Cell ID=10163, Sector Equipment ID=2">
                <measResults>0 0 </measResults>
            </measValue>
            <measValue measObjLdn="PSG00999HUNB001/LOCELL_SECTOREQM:NodeB Function Name=PSG00999HUNB001, Local Cell ID=50161, Sector Equipment ID=6">
                <measResults>0 0 </measResults>
            </measValue>
            <measValue measObjLdn="PSG00999HUNB001/LOCELL_SECTOREQM:NodeB Function Name=PSG00999HUNB001, Local Cell ID=50162, Sector Equipment ID=7">
                <measResults>0 0 </measResults>
            </measValue>
            <measValue measObjLdn="PSG00999HUNB001/LOCELL_SECTOREQM:NodeB Function Name=PSG00999HUNB001, Local Cell ID=50163, Sector Equipment ID=8">
                <measResults>0 0 </measResults>
            </measValue>
            <measValue measObjLdn="PSG00999HUNB001/LOCELL_SECTOREQM:NodeB Function Name=PSG00999HUNB001, Local Cell ID=60161, Sector Equipment ID=10">
                <measResults>0 0 </measResults>
            </measValue>
            <measValue measObjLdn="PSG00999HUNB001/LOCELL_SECTOREQM:NodeB Function Name=PSG00999HUNB001, Local Cell ID=60162, Sector Equipment ID=11">
                <measResults>0 0 </measResults>
            </measValue>
            <measValue measObjLdn="PSG00999HUNB001/LOCELL_SECTOREQM:NodeB Function Name=PSG00999HUNB001, Local Cell ID=60163, Sector Equipment ID=12">
                <measResults>0 0 </measResults>
            </measValue>
        </measInfo>
        <measInfo measInfoId="50331669">
            <granPeriod duration="PT3600S" endTime="2021-08-17T23:00:00+08:00"/>
            <repPeriod duration="PT3600S"/>
            <measTypes>50332350 50332351 50332352 50332353 </measTypes>
            <measValue measObjLdn="PSG00999HUNB001/LOCELL_SECTOREQM:NodeB Function Name=PSG00999HUNB001, Local Cell ID=10161, Sector Equipment ID=0">
                <measResults>32237 12 31927 31961 </measResults>
            </measValue>
            <measValue measObjLdn="PSG00999HUNB001/LOCELL_SECTOREQM:NodeB Function Name=PSG00999HUNB001, Local Cell ID=10162, Sector Equipment ID=1">
                <measResults>18507 260 17759 17767 </measResults>
            </measValue>
            <measValue measObjLdn="PSG00999HUNB001/LOCELL_SECTOREQM:NodeB Function Name=PSG00999HUNB001, Local Cell ID=10163, Sector Equipment ID=2">
                <measResults>48785 106 47894 47967 </measResults>
            </measValue>
            <measValue measObjLdn="PSG00999HUNB001/LOCELL_SECTOREQM:NodeB Function Name=PSG00999HUNB001, Local Cell ID=50161, Sector Equipment ID=6">
                <measResults>40658 93 39948 40048 </measResults>
            </measValue>
            <measValue measObjLdn="PSG00999HUNB001/LOCELL_SECTOREQM:NodeB Function Name=PSG00999HUNB001, Local Cell ID=50162, Sector Equipment ID=7">
                <measResults>56320 82 54906 55090 </measResults>
            </measValue>
            <measValue measObjLdn="PSG00999HUNB001/LOCELL_SECTOREQM:NodeB Function Name=PSG00999HUNB001, Local Cell ID=50163, Sector Equipment ID=8">
                <measResults>53014 664 47697 47883 </measResults>
            </measValue>
            <measValue measObjLdn="PSG00999HUNB001/LOCELL_SECTOREQM:NodeB Function Name=PSG00999HUNB001, Local Cell ID=60161, Sector Equipment ID=10">
                <measResults>23053 9 22285 22384 </measResults>
            </measValue>
            <measValue measObjLdn="PSG00999HUNB001/LOCELL_SECTOREQM:NodeB Function Name=PSG00999HUNB001, Local Cell ID=60162, Sector Equipment ID=11">
                <measResults>40883 46 39339 39422 </measResults>
            </measValue>
            <measValue measObjLdn="PSG00999HUNB001/LOCELL_SECTOREQM:NodeB Function Name=PSG00999HUNB001, Local Cell ID=60163, Sector Equipment ID=12">
                <measResults>30635 17 28445 28611 </measResults>
            </measValue>
        </measInfo>
        <measInfo measInfoId="50331670">
            <granPeriod duration="PT3600S" endTime="2021-08-17T23:00:00+08:00"/>
            <repPeriod duration="PT3600S"/>
            <measTypes>50332354 50332355 </measTypes>
            <measValue measObjLdn="PSG00999HUNB001/LOCELL_SECTOREQM:NodeB Function Name=PSG00999HUNB001, Local Cell ID=10161, Sector Equipment ID=0">
                <measResults>0 0 </measResults>
            </measValue>
            <measValue measObjLdn="PSG00999HUNB001/LOCELL_SECTOREQM:NodeB Function Name=PSG00999HUNB001, Local Cell ID=10162, Sector Equipment ID=1">
                <measResults>0 0 </measResults>
            </measValue>
            <measValue measObjLdn="PSG00999HUNB001/LOCELL_SECTOREQM:NodeB Function Name=PSG00999HUNB001, Local Cell ID=10163, Sector Equipment ID=2">
                <measResults>0 0 </measResults>
            </measValue>
            <measValue measObjLdn="PSG00999HUNB001/LOCELL_SECTOREQM:NodeB Function Name=PSG00999HUNB001, Local Cell ID=50161, Sector Equipment ID=6">
                <measResults>0 0 </measResults>
            </measValue>
            <measValue measObjLdn="PSG00999HUNB001/LOCELL_SECTOREQM:NodeB Function Name=PSG00999HUNB001, Local Cell ID=50162, Sector Equipment ID=7">
                <measResults>0 0 </measResults>
            </measValue>
            <measValue measObjLdn="PSG00999HUNB001/LOCELL_SECTOREQM:NodeB Function Name=PSG00999HUNB001, Local Cell ID=50163, Sector Equipment ID=8">
                <measResults>0 0 </measResults>
            </measValue>
            <measValue measObjLdn="PSG00999HUNB001/LOCELL_SECTOREQM:NodeB Function Name=PSG00999HUNB001, Local Cell ID=60161, Sector Equipment ID=10">
                <measResults>0 0 </measResults>
            </measValue>
            <measValue measObjLdn="PSG00999HUNB001/LOCELL_SECTOREQM:NodeB Function Name=PSG00999HUNB001, Local Cell ID=60162, Sector Equipment ID=11">
                <measResults>0 0 </measResults>
            </measValue>
            <measValue measObjLdn="PSG00999HUNB001/LOCELL_SECTOREQM:NodeB Function Name=PSG00999HUNB001, Local Cell ID=60163, Sector Equipment ID=12">
                <measResults>0 0 </measResults>
            </measValue>
        </measInfo>
        <measInfo measInfoId="50331672">
            <granPeriod duration="PT3600S" endTime="2021-08-17T23:00:00+08:00"/>
            <repPeriod duration="PT3600S"/>
            <measTypes>50342590 50342591 50342592 50342593 50342594 50342595 50342596 50342597 </measTypes>
            <measValue measObjLdn="PSG00999HUNB001/LOCELL_SECTOREQM:NodeB Function Name=PSG00999HUNB001, Local Cell ID=10161, Sector Equipment ID=0">
                <measResults>-99.671 -99.158 -98.771 -98.889 -101.1 -100.7 -100.4 -100.5 </measResults>
            </measValue>
            <measValue measObjLdn="PSG00999HUNB001/LOCELL_SECTOREQM:NodeB Function Name=PSG00999HUNB001, Local Cell ID=10162, Sector Equipment ID=1">
                <measResults>-104.755 -104.676 -104.364 -104.73 -105.5 -105.2 -105 -105.6 </measResults>
            </measValue>
            <measValue measObjLdn="PSG00999HUNB001/LOCELL_SECTOREQM:NodeB Function Name=PSG00999HUNB001, Local Cell ID=10163, Sector Equipment ID=2">
                <measResults>-103.388 -103.653 -102.385 -103.743 -104.1 -104.4 -103.2 -104.5 </measResults>
            </measValue>
            <measValue measObjLdn="PSG00999HUNB001/LOCELL_SECTOREQM:NodeB Function Name=PSG00999HUNB001, Local Cell ID=50161, Sector Equipment ID=6">
                <measResults>-88.681 -90.663 NIL NIL -92.3 -93.2 NIL NIL </measResults>
            </measValue>
            <measValue measObjLdn="PSG00999HUNB001/LOCELL_SECTOREQM:NodeB Function Name=PSG00999HUNB001, Local Cell ID=50162, Sector Equipment ID=7">
                <measResults>-89.9 -88.641 NIL NIL -94.8 -95.2 NIL NIL </measResults>
            </measValue>
            <measValue measObjLdn="PSG00999HUNB001/LOCELL_SECTOREQM:NodeB Function Name=PSG00999HUNB001, Local Cell ID=50163, Sector Equipment ID=8">
                <measResults>-90.062 -90.173 NIL NIL -92.9 -93.5 NIL NIL </measResults>
            </measValue>
            <measValue measObjLdn="PSG00999HUNB001/LOCELL_SECTOREQM:NodeB Function Name=PSG00999HUNB001, Local Cell ID=60161, Sector Equipment ID=10">
                <measResults>-82.472 -88.371 NIL NIL -84.2 -89.6 NIL NIL </measResults>
            </measValue>
            <measValue measObjLdn="PSG00999HUNB001/LOCELL_SECTOREQM:NodeB Function Name=PSG00999HUNB001, Local Cell ID=60162, Sector Equipment ID=11">
                <measResults>-88.556 -89.494 NIL NIL -91.4 -92.8 NIL NIL </measResults>
            </measValue>
            <measValue measObjLdn="PSG00999HUNB001/LOCELL_SECTOREQM:NodeB Function Name=PSG00999HUNB001, Local Cell ID=60163, Sector Equipment ID=12">
                <measResults>-88.948 -89.316 NIL NIL -90.5 -90.8 NIL NIL </measResults>
            </measValue>
        </measInfo>
        <measInfo measInfoId="50331682">
            <granPeriod duration="PT3600S" endTime="2021-08-17T23:00:00+08:00"/>
            <repPeriod duration="PT3600S"/>
            <measTypes>50332602 50332603 50332615 50332616 </measTypes>
            <measValue measObjLdn="PSG00999HUNB001/LOCELL_SECTOREQM:NodeB Function Name=PSG00999HUNB001, Local Cell ID=10161, Sector Equipment ID=0">
                <measResults>NIL NIL NIL NIL </measResults>
            </measValue>
            <measValue measObjLdn="PSG00999HUNB001/LOCELL_SECTOREQM:NodeB Function Name=PSG00999HUNB001, Local Cell ID=10162, Sector Equipment ID=1">
                <measResults>NIL NIL NIL NIL </measResults>
            </measValue>
            <measValue measObjLdn="PSG00999HUNB001/LOCELL_SECTOREQM:NodeB Function Name=PSG00999HUNB001, Local Cell ID=10163, Sector Equipment ID=2">
                <measResults>NIL NIL NIL NIL </measResults>
            </measValue>
            <measValue measObjLdn="PSG00999HUNB001/LOCELL_SECTOREQM:NodeB Function Name=PSG00999HUNB001, Local Cell ID=50161, Sector Equipment ID=6">
                <measResults>NIL NIL NIL NIL </measResults>
            </measValue>
            <measValue measObjLdn="PSG00999HUNB001/LOCELL_SECTOREQM:NodeB Function Name=PSG00999HUNB001, Local Cell ID=50162, Sector Equipment ID=7">
                <measResults>NIL NIL NIL NIL </measResults>
            </measValue>
            <measValue measObjLdn="PSG00999HUNB001/LOCELL_SECTOREQM:NodeB Function Name=PSG00999HUNB001, Local Cell ID=50163, Sector Equipment ID=8">
                <measResults>NIL NIL NIL NIL </measResults>
            </measValue>
            <measValue measObjLdn="PSG00999HUNB001/LOCELL_SECTOREQM:NodeB Function Name=PSG00999HUNB001, Local Cell ID=60161, Sector Equipment ID=10">
                <measResults>NIL NIL NIL NIL </measResults>
            </measValue>
            <measValue measObjLdn="PSG00999HUNB001/LOCELL_SECTOREQM:NodeB Function Name=PSG00999HUNB001, Local Cell ID=60162, Sector Equipment ID=11">
                <measResults>NIL NIL NIL NIL </measResults>
            </measValue>
            <measValue measObjLdn="PSG00999HUNB001/LOCELL_SECTOREQM:NodeB Function Name=PSG00999HUNB001, Local Cell ID=60163, Sector Equipment ID=12">
                <measResults>NIL NIL NIL NIL </measResults>
            </measValue>
        </measInfo>
    </measData>
    <fileFooter>
        <measCollec endTime="2021-08-17T23:00:00+08:00"/>
    </fileFooter>
</measCollecFile>
