<?xml version="1.0" encoding="UTF-8"?>
<measCollecFile xmlns="http://latest/nmc-omc/cmNrm.doc#measCollec" xmlns:xsi="http://www.w3.org/2001/XMLSchema-instance" xsi:schemaLocation="http://latest/nmc-omc/cmNrm.doc#measCollec schema\pmResultSchedule.xsd">
    <fileHeader fileFormatVersion="32.435 V7.2" vendorName="Huawei">
        <fileSender elementType="NodeB"/>
        <measCollec beginTime="2021-08-17T22:00:00+08:00"/>
    </fileHeader>
    <measData>
        <managedElement userLabel="MML00G51HUNB001"/>
        <measInfo measInfoId="50331655">
            <granPeriod duration="PT3600S" endTime="2021-08-17T23:00:00+08:00"/>
            <repPeriod duration="PT3600S"/>
            <measTypes>50332573 50332574 50342574 50342575 50342635 50342636 </measTypes>
            <measValue measObjLdn="MML00G51HUNB001/ULGROUP:UL BB Resource Group No.=1">
                <measResults>768 183.142 148 221.5 0 0 </measResults>
            </measValue>
            <measValue measObjLdn="MML00G51HUNB001/ULGROUP:UL BB Resource Group No.=2">
                <measResults>1024 47.412 33 73.5 0 0 </measResults>
            </measValue>
        </measInfo>
        <measInfo measInfoId="50331656">
            <granPeriod duration="PT3600S" endTime="2021-08-17T23:00:00+08:00"/>
            <repPeriod duration="PT3600S"/>
            <measTypes>50332582 50332583 50332584 50332586 50342584 50342585 50342586 50342587 50342606 50342607 50342608 50342609 50342632 50342633 </measTypes>
            <measValue measObjLdn="MML00G51HUNB001/BRD:Board Type=UBBP, Cabinet No.=0, Subrack No.=0, Slot No.=1">
                <measResults>1024 1024 8.517 0 4 14 0 0 0 2 1 2 0 0 </measResults>
            </measValue>
            <measValue measObjLdn="MML00G51HUNB001/BRD:Board Type=UBBP, Cabinet No.=0, Subrack No.=0, Slot No.=2">
                <measResults>1024 768 101.792 183.142 78 134 148 221.5 6 9 11 16 0 0 </measResults>
            </measValue>
            <measValue measObjLdn="MML00G51HUNB001/BRD:Board Type=UBBP, Cabinet No.=0, Subrack No.=0, Slot No.=3">
                <measResults>1024 1024 23.033 47.412 11 36 33 73.5 1 3 2 4 0 0 </measResults>
            </measValue>
            <measValue measObjLdn="MML00G51HUNB001/BRD:Board Type=UMPT, Cabinet No.=0, Subrack No.=0, Slot No.=7">
                <measResults>0 0 0 0 0 0 0 0 0 0 0 0 0 0 </measResults>
            </measValue>
        </measInfo>
        <measInfo measInfoId="50331683">
            <granPeriod duration="PT3600S" endTime="2021-08-17T23:00:00+08:00"/>
            <repPeriod duration="PT3600S"/>
            <measTypes>50332627 </measTypes>
            <measValue measObjLdn="MML00G51HUNB001/NODEBRRU:Cabinet No.=0, Subrack No.=60, Slot No.=0">
                <measResults>0 </measResults>
            </measValue>
            <measValue measObjLdn="MML00G51HUNB001/NODEBRRU:Cabinet No.=0, Subrack No.=61, Slot No.=0">
                <measResults>0 </measResults>
            </measValue>
            <measValue measObjLdn="MML00G51HUNB001/NODEBRRU:Cabinet No.=0, Subrack No.=62, Slot No.=0">
                <measResults>0 </measResults>
            </measValue>
            <measValue measObjLdn="MML00G51HUNB001/NODEBRRU:Cabinet No.=0, Subrack No.=80, Slot No.=0">
                <measResults>0 </measResults>
            </measValue>
            <measValue measObjLdn="MML00G51HUNB001/NODEBRRU:Cabinet No.=0, Subrack No.=81, Slot No.=0">
                <measResults>0 </measResults>
            </measValue>
            <measValue measObjLdn="MML00G51HUNB001/NODEBRRU:Cabinet No.=0, Subrack No.=82, Slot No.=0">
                <measResults>0 </measResults>
            </measValue>
        </measInfo>
        <measInfo measInfoId="1542455297">
            <granPeriod duration="PT3600S" endTime="2021-08-17T23:00:00+08:00"/>
            <repPeriod duration="PT3600S"/>
            <measTypes>1542455297 1542455298 1542455299 1542455300 1542455301 1542455302 1542455303 1542455304 1542455305 1542455306 1542455307 1542460296 1542460297 </measTypes>
            <measValue measObjLdn="MML00G51HUNB001/ETHPORT:Cabinet No.=0, Subrack No.=0, Slot No.=7, Port No.=0, Subboard Type=BASE_BOARD">
                <measResults>1603434100 16250412 4443911792 17116090 0 6254080 2104728 3562202 27779416 2525824 9872430 1000000 1000000 </measResults>
            </measValue>
            <measValue measObjLdn="MML00G51HUNB001/ETHPORT:Cabinet No.=0, Subrack No.=0, Slot No.=7, Port No.=1, Subboard Type=BASE_BOARD">
                <measResults>0 0 0 0 0 0 0 0 0 0 0 0 0 </measResults>
            </measValue>
        </measInfo>
        <measInfo measInfoId="1542455301">
            <granPeriod duration="PT3600S" endTime="2021-08-17T23:00:00+08:00"/>
            <repPeriod duration="PT3600S"/>
            <measTypes>1542455326 1542455327 1542455328 1542455329 1542455330 1542455331 1542455332 1542455333 1542460727 1542460728 1542460729 </measTypes>
            <measValue measObjLdn="MML00G51HUNB001/IP:Board Type=UMPT, Cabinet No.=0, Subrack No.=0, Slot No.=7">
                <measResults>16246330 1213993961 0 0 17107564 4009539750 0 0 3638 0 0 </measResults>
            </measValue>
        </measInfo>
        <measInfo measInfoId="1542455303">
            <granPeriod duration="PT3600S" endTime="2021-08-17T23:00:00+08:00"/>
            <repPeriod duration="PT3600S"/>
            <measTypes>1542455365 1542455367 1542455369 1542455371 1542455375 1542455376 1542455377 1542455378 </measTypes>
            <measValue measObjLdn="MML00G51HUNB001/RSCGRP:Transmission Resource Group Bear Type=IP, Cabinet No.=0, Bearing Port No.=0, Bearing Port Type=ETH, Transmission Resource Group ID=AUTOPORT, Subboard Type=BASE_BOARD, Slot No.=7, Subrack No.=0">
                <measResults>1506846864 16250413 0 0 5999768 1949672 3347622 0 </measResults>
            </measValue>
            <measValue measObjLdn="MML00G51HUNB001/RSCGRP:Transmission Resource Group Bear Type=IP, Cabinet No.=0, Bearing Port No.=1, Bearing Port Type=ETH, Transmission Resource Group ID=AUTOPORT, Subboard Type=BASE_BOARD, Slot No.=7, Subrack No.=0">
                <measResults>0 0 0 0 0 0 0 0 </measResults>
            </measValue>
        </measInfo>
        <measInfo measInfoId="1542455312">
            <granPeriod duration="PT3600S" endTime="2021-08-17T23:00:00+08:00"/>
            <repPeriod duration="PT3600S"/>
            <measTypes>1542460308 1542460309 1542460310 1542460311 1542460312 1542460313 1542460314 1542460315 1542460316 1542460317 1542460318 1542460319 1542460320 1542460321 1542460322 1542460323 1542460324 1542460325 1542460326 1542460327 1542460328 1542460329 1542460330 1542460331 1542460332 </measTypes>
            <measValue measObjLdn="MML00G51HUNB001/RSCGRP:Transmission Resource Group Bear Type=IP, Cabinet No.=0, Bearing Port No.=0, Bearing Port Type=ETH, Transmission Resource Group ID=AUTOPORT, Subboard Type=BASE_BOARD, Slot No.=7, Subrack No.=0">
                <measResults>35118 35118 35118 0 0 0 0 0 0 0 0 0 0 6283978 0 0 0 3 0 0 0 0 0 0 0 </measResults>
            </measValue>
            <measValue measObjLdn="MML00G51HUNB001/RSCGRP:Transmission Resource Group Bear Type=IP, Cabinet No.=0, Bearing Port No.=1, Bearing Port Type=ETH, Transmission Resource Group ID=AUTOPORT, Subboard Type=BASE_BOARD, Slot No.=7, Subrack No.=0">
                <measResults>0 0 0 0 0 0 0 0 0 0 0 0 0 0 0 0 0 0 0 0 0 0 0 0 0 </measResults>
            </measValue>
        </measInfo>
        <measInfo measInfoId="1542455309">
            <granPeriod duration="PT3600S" endTime="2021-08-17T23:00:00+08:00"/>
            <repPeriod duration="PT3600S"/>
            <measTypes>1542455826 1542455827 1542455828 1542455829 1542455833 1542455834 1542455835 1542455836 1542455837 1542455838 1542455839 1542455840 1542455841 1542455842 1542455843 1542455844 1542455845 1542455846 1542455847 1542455848 </measTypes>
            <measValue measObjLdn="MML00G51HUNB001/OMCH:Standby Status=MASTER, Bearer Type=IPV4">
                <measResults>673 170 0 0 0 0 0 0 0 514 0 0 651 0 0 0 0 587 0 64 </measResults>
            </measValue>
        </measInfo>
        <measInfo measInfoId="1542455815">
            <granPeriod duration="PT3600S" endTime="2021-08-17T23:00:00+08:00"/>
            <repPeriod duration="PT3600S"/>
            <measTypes>1542460340 1542460341 1542460342 1542460343 1542460496 1542460497 1542460498 1542460499 1542460500 1542460501 1542460502 1542460503 1542460504 1542460505 1542460506 1542460507 1542460510 </measTypes>
            <measValue measObjLdn="MML00G51HUNB001/IKE:Board Type=UMPT, Cabinet No.=0, Subrack No.=0, Slot No.=7">
                <measResults>0 0 0 0 0 0 0 0 0 0 0 0 0 0 0 0 0 </measResults>
            </measValue>
        </measInfo>
        <measInfo measInfoId="1542455817">
            <granPeriod duration="PT3600S" endTime="2021-08-17T23:00:00+08:00"/>
            <repPeriod duration="PT3600S"/>
            <measTypes>1542460356 1542460357 1542460358 1542460359 1542460360 1542460361 1542460362 1542460363 1542460364 1542460365 1542460366 1542460367 1542460368 1542460369 1542460370 1542460371 1542460372 1542460373 1542460374 1542460375 1542460376 </measTypes>
            <measValue measObjLdn="MML00G51HUNB001/SCTPLNK:Link No.=31">
                <measResults>13986514 12379422 119540 172626 0 76848 3248 31071 44232 16824 27502 38873 136100 0 0 0 0 0 0 136100 38887 </measResults>
            </measValue>
            <measValue measObjLdn="MML00G51HUNB001/SCTPLNK:Link No.=32">
                <measResults>21470881 21804388 696898 846626 0 80696 21008 47699 77424 25040 48441 339940 620327 0 0 0 0 0 0 620327 339940 </measResults>
            </measValue>
        </measInfo>
        <measInfo measInfoId="1542455818">
            <granPeriod duration="PT3600S" endTime="2021-08-17T23:00:00+08:00"/>
            <repPeriod duration="PT3600S"/>
            <measTypes>1542455526 1542455527 1542455528 1542455529 1542455530 1542455531 1542455532 1542455533 1542455534 1542455535 </measTypes>
            <measValue measObjLdn="MML00G51HUNB001/USERPLANEHOST:User Plane Host ID=3">
                <measResults>15000425 16066141 1112728602 3916879455 5244192 2472718 30335864 8704403 NIL NIL </measResults>
            </measValue>
        </measInfo>
        <measInfo measInfoId="1593835529">
            <granPeriod duration="PT3600S" endTime="2021-08-17T23:00:00+08:00"/>
            <repPeriod duration="PT3600S"/>
            <measTypes>1593835620 1593835628 1593835629 </measTypes>
            <measValue measObjLdn="MML00G51HUNB001/NODE:NODE">
                <measResults>NIL 0.735 0 </measResults>
            </measValue>
        </measInfo>
        <measInfo measInfoId="1593835533">
            <granPeriod duration="PT3600S" endTime="2021-08-17T23:00:00+08:00"/>
            <repPeriod duration="PT3600S"/>
            <measTypes>1593835647 1593835648 1593835649 </measTypes>
            <measValue measObjLdn="MML00G51HUNB001/NODE:NODE">
                <measResults>32698 32685 32693 </measResults>
            </measValue>
        </measInfo>
        <measInfo measInfoId="1593835531">
            <granPeriod duration="PT3600S" endTime="2021-08-17T23:00:00+08:00"/>
            <repPeriod duration="PT3600S"/>
            <measTypes>1593835630 1593835632 1593835633 1593835634 </measTypes>
            <measValue measObjLdn="MML00G51HUNB001/BBUBoard:Board Type=UBBP, Cabinet No.=0, Subrack No.=0, Slot No.=1">
                <measResults>0 3 2 0 </measResults>
            </measValue>
            <measValue measObjLdn="MML00G51HUNB001/BBUBoard:Board Type=UBBP, Cabinet No.=0, Subrack No.=0, Slot No.=2">
                <measResults>0 4 3 0 </measResults>
            </measValue>
            <measValue measObjLdn="MML00G51HUNB001/BBUBoard:Board Type=UBBP, Cabinet No.=0, Subrack No.=0, Slot No.=3">
                <measResults>0 4 3 0 </measResults>
            </measValue>
            <measValue measObjLdn="MML00G51HUNB001/BBUBoard:Board Type=UMPT, Cabinet No.=0, Subrack No.=0, Slot No.=7">
                <measResults>0 6 1 0 </measResults>
            </measValue>
        </measInfo>
        <measInfo measInfoId="1593835535">
            <granPeriod duration="PT3600S" endTime="2021-08-17T23:00:00+08:00"/>
            <repPeriod duration="PT3600S"/>
            <measTypes>1593835652 1593835653 1593835654 1593835655 1593835656 1593835657 1593835658 1593835659 1593835660 1593835661 1593835662 1593835663 1593835664 1593835665 1593835666 1593835667 1593835668 1593835669 1593835670 1593835671 </measTypes>
            <measValue measObjLdn="MML00G51HUNB001/RADIOEQM:Cabinet No.=0, Subrack No.=60, Slot No.=0">
                <measResults>NIL NIL NIL NIL NIL NIL NIL NIL NIL NIL 0 0 0 0 0 0 0 0 0 0 </measResults>
            </measValue>
            <measValue measObjLdn="MML00G51HUNB001/RADIOEQM:Cabinet No.=0, Subrack No.=61, Slot No.=0">
                <measResults>NIL NIL NIL NIL NIL NIL NIL NIL NIL NIL 0 0 0 5 0 0 0 0 0 0 </measResults>
            </measValue>
            <measValue measObjLdn="MML00G51HUNB001/RADIOEQM:Cabinet No.=0, Subrack No.=62, Slot No.=0">
                <measResults>NIL NIL NIL NIL NIL NIL NIL NIL NIL NIL 0 0 0 20 0 0 0 0 0 0 </measResults>
            </measValue>
            <measValue measObjLdn="MML00G51HUNB001/RADIOEQM:Cabinet No.=0, Subrack No.=80, Slot No.=0">
                <measResults>NIL NIL NIL NIL NIL NIL NIL NIL NIL NIL 0 0 0 0 0 0 0 0 0 0 </measResults>
            </measValue>
            <measValue measObjLdn="MML00G51HUNB001/RADIOEQM:Cabinet No.=0, Subrack No.=81, Slot No.=0">
                <measResults>NIL NIL NIL NIL NIL NIL NIL NIL NIL NIL 0 0 0 0 0 0 0 0 0 0 </measResults>
            </measValue>
            <measValue measObjLdn="MML00G51HUNB001/RADIOEQM:Cabinet No.=0, Subrack No.=82, Slot No.=0">
                <measResults>0 0 0 0 0 0 0 0 0 0 NIL NIL NIL NIL NIL NIL NIL NIL NIL NIL </measResults>
            </measValue>
        </measInfo>
        <measInfo measInfoId="1593835539">
            <granPeriod duration="PT3600S" endTime="2021-08-17T23:00:00+08:00"/>
            <repPeriod duration="PT3600S"/>
            <measTypes>1593835767 </measTypes>
            <measValue measObjLdn="MML00G51HUNB001/RADIOEQM:Cabinet No.=0, Subrack No.=60, Slot No.=0">
                <measResults>3595 </measResults>
            </measValue>
            <measValue measObjLdn="MML00G51HUNB001/RADIOEQM:Cabinet No.=0, Subrack No.=61, Slot No.=0">
                <measResults>3595 </measResults>
            </measValue>
            <measValue measObjLdn="MML00G51HUNB001/RADIOEQM:Cabinet No.=0, Subrack No.=62, Slot No.=0">
                <measResults>3595 </measResults>
            </measValue>
            <measValue measObjLdn="MML00G51HUNB001/RADIOEQM:Cabinet No.=0, Subrack No.=80, Slot No.=0">
                <measResults>3595 </measResults>
            </measValue>
            <measValue measObjLdn="MML00G51HUNB001/RADIOEQM:Cabinet No.=0, Subrack No.=81, Slot No.=0">
                <measResults>3595 </measResults>
            </measValue>
            <measValue measObjLdn="MML00G51HUNB001/RADIOEQM:Cabinet No.=0, Subrack No.=82, Slot No.=0">
                <measResults>3595 </measResults>
            </measValue>
        </measInfo>
        <measInfo measInfoId="1593835544">
            <granPeriod duration="PT3600S" endTime="2021-08-17T23:00:00+08:00"/>
            <repPeriod duration="PT3600S"/>
            <measTypes>1593835835 </measTypes>
            <measValue measObjLdn="MML00G51HUNB001/BU:Cabinet No.=0, Subrack No.=0">
                <measResults>0.19192584 </measResults>
            </measValue>
        </measInfo>
        <measInfo measInfoId="1593835545">
            <granPeriod duration="PT3600S" endTime="2021-08-17T23:00:00+08:00"/>
            <repPeriod duration="PT3600S"/>
            <measTypes>1593835836 </measTypes>
            <measValue measObjLdn="MML00G51HUNB001/BTSBoard:Cabinet No.=0, Subrack No.=60, Slot No.=0">
                <measResults>0.18186 </measResults>
            </measValue>
            <measValue measObjLdn="MML00G51HUNB001/BTSBoard:Cabinet No.=0, Subrack No.=61, Slot No.=0">
                <measResults>0.16569915 </measResults>
            </measValue>
            <measValue measObjLdn="MML00G51HUNB001/BTSBoard:Cabinet No.=0, Subrack No.=62, Slot No.=0">
                <measResults>0.17701668 </measResults>
            </measValue>
            <measValue measObjLdn="MML00G51HUNB001/BTSBoard:Cabinet No.=0, Subrack No.=80, Slot No.=0">
                <measResults>0.21198 </measResults>
            </measValue>
            <measValue measObjLdn="MML00G51HUNB001/BTSBoard:Cabinet No.=0, Subrack No.=81, Slot No.=0">
                <measResults>0.2523725 </measResults>
            </measValue>
            <measValue measObjLdn="MML00G51HUNB001/BTSBoard:Cabinet No.=0, Subrack No.=82, Slot No.=0">
                <measResults>0.28929251 </measResults>
            </measValue>
        </measInfo>
        <measInfo measInfoId="50331648">
            <granPeriod duration="PT3600S" endTime="2021-08-17T23:00:00+08:00"/>
            <repPeriod duration="PT3600S"/>
            <measTypes>50331654 50331655 50331656 50331657 50331658 50331659 50331660 50331661 50331662 50331663 50331664 50331665 50331666 50331667 50331668 50331669 50331670 50331671 50331672 50331673 50331674 50331675 50331676 50331677 50331678 50331679 50331680 50331681 50331682 50331683 50331684 50331685 50331686 50331687 50331688 50331689 50331690 50331691 50331692 50331693 50331694 50331695 50331696 50331697 50331698 50331699 50331709 50331710 50331711 50331712 50331713 50331714 50331717 50331718 50331719 50331720 50331721 50331722 50331723 50331724 50331745 50331746 50331754 50331755 50331756 50331757 50331758 50331759 50331760 50331761 50331762 50331763 50331764 50331765 50331766 50331767 50331768 50331769 50331770 50331771 50331772 50331773 50331774 50331775 50331776 50331777 50331778 50331779 50331780 50331781 50331782 50331783 50331784 50331785 50331786 50331787 50331788 50331789 50331790 50331791 50331792 50331793 50331794 50331795 50331796 50331797 50331798 50331799 50331800 50331801 50331802 50331803 50331804 50331805 50331806 50331807 50331808 50331809 50331810 50331811 50331812 50331813 50331814 50331815 50331816 50331817 50331818 50331819 50331820 50331821 50331838 50331839 50331840 50332168 50332169 50332170 50332173 50332174 50332215 50332216 50332217 50341648 50341649 50341650 50341651 50341652 50341653 50341654 50341655 50341656 50341657 50341658 50341659 50341668 50341669 50341670 50341671 50341672 50341675 50341676 50341677 50341678 50341679 50341680 50341685 50341686 50341687 50341688 50341689 50341690 50341691 50341692 50341693 50341694 50341695 50341696 50341697 50341698 50341699 50341700 50341701 50341702 50341703 50341704 50341705 50341706 50341707 50341708 50341709 50341710 50341711 50341712 50341713 50341714 50341715 50341716 50341717 50341722 50341739 50341740 </measTypes>
            <measValue measObjLdn="MML00G51HUNB001/ULoCell:NodeB Function Name=MML00G51HUNB001, Local Cell ID=10511, Cell Name=BRXASU1">
                <measResults>320362 45056 28572 272469 39320 3279 3159 2135 0 0 0 0 0 0 2485 191 348 122 164 214 326 430 846 1329 2713 3398 6069 7688 10178 15180 10037 15953 15036 22098 20945 23456 29920 33259 31141 37179 74253 92298 104157 77684 37113 15381 48325 393751 0 0 0 0 0 0 0 0 0 202061 143615 394001 437560 3319452478 0 23742 2646 222 426 1205 2895 6615 8008 1904 1314 3093 3279 5834 6248 9093 26316 16221 12243 15550 15001 23185 28980 27991 30327 18693 17369 19107 13333 12340 13377 26353 0 0 0 0 0 0 0 0 0 0 0 0 0 0 0 0 0 0 0 0 0 0 0 0 0 0 0 0 0 0 0 0 0 0 0 0 3318962775 380004 9965 0 0 0 0 0 0 0 0 54 299 0 166 980 0 59 259 179 777 928 211 915027 10983187 0 986020 4336621 5 47 0 135 797 0 0 0 0 2.323 13.722 13.98 14.387 0 5 50 0 0 0 0 0 0 0 NIL 828 846 695 0 0 0 0 0 0 0 0 0 0 0 0 21630 0 0 </measResults>
            </measValue>
            <measValue measObjLdn="MML00G51HUNB001/ULoCell:NodeB Function Name=MML00G51HUNB001, Local Cell ID=10512, Cell Name=BRXASU2">
                <measResults>289318 24786 32252 261777 21757 2420 2084 1280 0 0 0 0 0 0 4069 6321 4335 4608 11456 13118 19881 10061 18466 20939 28167 35220 45765 45706 41627 43161 29307 34052 29045 38831 33138 29647 26775 22482 19384 19174 28155 27502 35812 46384 59813 161433 30533 342039 0 0 0 0 0 0 0 0 0 103722 212125 346380 397350 2177231480 0 46852 6462 431 889 1796 1969 18735 3329 4598 3186 6496 5396 8419 7309 13312 59780 9019 9306 9953 10433 11689 14331 13963 13507 9938 8416 7139 4666 5028 4555 23385 0 0 0 0 0 0 0 0 0 0 0 0 0 0 0 0 0 0 0 0 0 0 0 0 0 0 0 0 0 0 0 0 0 0 0 0 2176425138 353185 31525 0 0 0 0 0 0 0 0 48 245 0 127 960 0 48 238 128 630 989 196 599754 8028933 0 606425 3059969 6 43 0 104 749 0 0 6 0 1.685 12.48 13.252 14 0 17 45 1 0 0 0 0 0 0 NIL 801 836 661 0 0 0 0 0 0 0 0 0 0 0 0 19961 0 0 </measResults>
            </measValue>
            <measValue measObjLdn="MML00G51HUNB001/ULoCell:NodeB Function Name=MML00G51HUNB001, Local Cell ID=10513, Cell Name=BRXASU3">
                <measResults>333812 31102 504149 283039 36886 8073 3574 2240 0 0 0 0 0 0 139403 3072 2252 2244 3567 4052 6755 5393 9981 10976 16822 20182 26743 31875 40609 62138 48444 74510 70771 104658 101285 105967 139556 142555 156498 194781 264380 186638 107230 58739 40119 48153 24697 841531 0 0 0 0 0 0 0 0 0 158648 686013 869358 1169264 1489667272 0 149112 19325 2541 6647 10124 6644 55948 14005 19592 13715 25556 25417 34052 46045 116041 134988 22344 17847 13931 13065 12248 16961 13736 20652 9601 12701 7875 6510 6842 4460 10750 0 0 0 0 0 0 0 0 0 0 0 0 0 0 0 0 0 0 0 0 0 0 0 0 0 0 0 0 0 0 0 0 0 0 0 0 1489489007 791549 66201 0 0 0 0 0 0 0 0 120 395 9 244 912 3 120 268 244 546 1000 439 408296 2867621 1686 408296 930059 21 78 1 197 629 1 0 8 0 2.984 10.036 12.219 13.14 0.039 35 134 17 2 0 0 0 0 0 NIL 745 808 608 0 0 0 0 0 0 0 0 0 0 0 0 20949 1 0 </measResults>
            </measValue>
            <measValue measObjLdn="MML00G51HUNB001/ULoCell:NodeB Function Name=MML00G51HUNB001, Local Cell ID=50511, Cell Name=BRXASN4">
                <measResults>342314 50883 187560 273952 53309 8273 3692 3088 0 0 0 0 0 0 40742 340 1098 309 398 447 632 763 1332 1868 3381 5158 10204 18241 28860 46323 46072 66350 63416 72233 66153 61908 59832 53598 48747 44487 78058 56319 46981 35249 26480 27530 18920 577188 0 0 0 0 0 0 0 0 0 181041 380889 580850 737413 2617544277 0 51639 3808 1738 998 3072 3028 21263 5508 6742 5239 9720 12134 66579 35288 21899 24293 28206 35582 40981 38362 36164 29427 21155 19889 12774 9787 9475 3347 5204 2465 14890 0 0 0 0 0 0 0 0 0 0 0 0 0 0 0 0 0 0 0 0 0 0 0 0 0 0 0 0 0 0 0 0 0 0 0 0 2617305389 555181 15356 0 0 0 0 0 0 0 0 80 336 0 221 911 0 81 259 225 718 984 308 721201 7566920 0 732928 2341562 20 110 0 207 801 0 0 2 0 2.942 11.845 13.256 14 0 8 63 3 0 0 0 0 0 0 NIL 887 916 828 0 0 0 0 0 0 0 0 0 0 0 0 19946 0 0 </measResults>
            </measValue>
            <measValue measObjLdn="MML00G51HUNB001/ULoCell:NodeB Function Name=MML00G51HUNB001, Local Cell ID=50512, Cell Name=BRXASN5">
                <measResults>327869 42064 171594 267529 46630 8464 3168 2078 0 0 0 0 0 0 36971 293 803 184 176 252 1078 626 1407 1948 4060 5085 7217 10558 15982 28543 29408 43769 46387 66540 78816 90851 109954 115050 116037 115423 181508 136307 115440 97845 110207 130722 13993 509722 0 0 0 0 0 0 0 0 0 185989 341639 541621 598614 1711768159 0 97967 9002 1446 2265 4282 2719 39080 13175 10375 8219 23423 23371 72355 19993 22736 12542 16676 12669 14176 15216 18532 17974 16871 18814 9036 8696 8724 4489 4791 2758 8702 0 0 0 0 0 0 0 0 0 0 0 0 0 0 0 0 0 0 0 0 0 0 0 0 0 0 0 0 0 0 0 0 0 0 0 0 1711669180 496499 15080 0 0 0 0 0 0 0 0 75 345 2 134 968 0 75 268 134 477 1000 275 470172 6013126 0 470172 1709716 14 111 0 127 865 0 0 0 0 1.716 13.193 12.804 14 0.006 8 94 6 0 0 0 0 0 0 NIL 873 913 797 0 0 0 0 0 0 0 0 0 0 0 0 21063 0 0 </measResults>
            </measValue>
            <measValue measObjLdn="MML00G51HUNB001/ULoCell:NodeB Function Name=MML00G51HUNB001, Local Cell ID=50513, Cell Name=BRXASN6">
                <measResults>564758 64099 263910 482156 64516 9786 4971 3329 0 0 0 0 0 0 59210 765 757 747 578 1226 1779 1822 3240 3911 7424 9628 15385 24204 36801 64327 55752 92129 102952 157835 193537 213340 247566 237270 255081 252284 432634 439869 440691 262653 149374 56570 95217 888262 0 0 0 0 0 0 0 0 0 305960 491767 892944 1160750 4336124847 0 163114 23378 2367 3298 8658 3451 65466 8108 8751 8057 20933 20666 87459 16255 24075 17971 23158 21376 24727 26392 30701 32402 28785 36026 25593 24929 28616 13074 24130 17459 52824 0 0 0 0 0 0 0 0 0 0 0 0 0 0 0 0 0 0 0 0 0 0 0 0 0 0 0 0 0 0 0 0 0 0 0 0 4335439056 779763 28690 0 0 0 0 0 0 0 0 124 351 21 273 976 10 124 279 273 617 1000 433 1194997 7686765 28659 1194997 2759808 24 114 3 233 786 5 0 9 0 3.353 11.712 12.26 13 0.121 15 127 14 1 0 0 0 0 0 NIL 842 886 717 0 0 0 0 0 0 0 0 0 0 0 0 23618 1 0 </measResults>
            </measValue>
            <measValue measObjLdn="MML00G51HUNB001/ULoCell:NodeB Function Name=MML00G51HUNB001, Local Cell ID=60511, Cell Name=BRXASN1">
                <measResults>465834 129370 139276 338564 102959 14610 5931 3770 0 0 0 0 0 0 26415 2204 2823 1578 2071 3762 7514 9942 18942 27543 44936 60843 75161 83522 94202 116611 94583 96666 72774 66735 47533 33466 24266 18032 16650 15714 28667 20285 16240 7154 2941 1494 16545 709508 0 0 0 0 0 0 0 0 0 253966 464129 734640 924912 2923458844 0 47025 3935 782 1424 2511 3391 22627 11830 9005 10563 20742 23597 40531 35921 50328 49764 56479 59488 51239 45991 39396 35412 25871 26911 15998 12007 8553 6014 5114 5096 7092 0 0 0 0 0 0 0 0 0 0 0 0 0 0 0 0 0 0 0 0 0 0 0 0 0 0 0 0 0 0 0 0 0 0 0 0 2923310696 698626 15927 0 0 0 0 0 0 0 0 102 325 0 295 976 0 103 261 298 755 989 388 804797 6771427 0 813748 2074219 22 115 0 255 814 0 0 4 0 3.651 12.691 12.354 13.377 0 8 64 2 0 0 0 0 0 0 NIL 856 900 775 0 0 0 0 0 0 0 0 0 0 0 0 13961 1 0 </measResults>
            </measValue>
            <measValue measObjLdn="MML00G51HUNB001/ULoCell:NodeB Function Name=MML00G51HUNB001, Local Cell ID=60512, Cell Name=BRXASN2">
                <measResults>468451 57933 63273 402758 59805 3713 1373 802 0 0 0 0 0 0 11337 2236 885 921 1233 1542 4126 2805 5140 6491 11099 15431 25011 32723 43522 60495 66578 99711 120030 155231 171835 175378 171719 149308 138048 136262 175990 138401 65706 20465 11424 9742 13238 468751 0 0 0 0 0 0 0 0 0 352534 223924 589696 667621 3317430019 0 82429 15079 555 1309 5947 1900 34151 8556 2893 4865 13220 15110 17373 9213 17875 9352 24642 14676 18092 24097 25469 41323 36848 51356 42253 35147 16705 5308 4274 3641 6019 0 0 0 0 0 0 0 0 0 0 0 0 0 0 0 0 0 0 0 0 0 0 0 0 0 0 0 0 0 0 0 0 0 0 0 0 3317024089 542226 24265 0 0 0 0 0 0 0 0 81 274 6 183 831 2 81 263 183 590 1000 301 913399 5404493 2355 913399 3034548 10 79 1 165 737 0 0 27 0 2.365 11.178 12.862 14 0.024 13 93 5 0 0 0 0 0 0 NIL 878 907 787 0 0 0 0 0 0 0 0 0 0 0 0 19435 0 0 </measResults>
            </measValue>
            <measValue measObjLdn="MML00G51HUNB001/ULoCell:NodeB Function Name=MML00G51HUNB001, Local Cell ID=60513, Cell Name=BRXASN3">
                <measResults>632816 78830 264731 534946 77336 11043 5866 3625 0 0 0 0 0 0 59197 3656 2135 2675 3693 4460 7557 7916 15290 21604 37769 51656 75861 103520 137244 189559 186364 252345 272417 322133 342475 296435 316856 280264 294817 279449 397902 288842 139823 52478 23542 12321 36263 859228 0 0 0 0 0 0 0 0 0 347401 592848 976512 1266943 2812108049 0 235819 26380 1906 2427 14649 5509 100821 19372 8594 10851 27281 27171 35339 24429 35369 23097 66014 27776 26476 25610 22208 29148 25530 49297 24581 25561 14624 10372 9133 8944 12193 0 0 0 0 0 0 0 0 0 0 0 0 0 0 0 0 0 0 0 0 0 0 0 0 0 0 0 0 0 0 0 0 0 0 0 0 2811520806 827395 61453 0 0 0 0 0 0 0 0 135 328 41 233 836 27 135 288 233 498 1000 459 771254 3524075 39208 771254 1680292 21 83 4 178 646 10 0 8 0 2.551 8.824 10.911 12 0.299 33 176 27 3 0 0 0 0 0 NIL 803 866 680 0 0 0 0 0 0 0 0 0 0 0 0 19802 1 0 </measResults>
            </measValue>
        </measInfo>
        <measInfo measInfoId="50331650">
            <granPeriod duration="PT3600S" endTime="2021-08-17T23:00:00+08:00"/>
            <repPeriod duration="PT3600S"/>
            <measTypes>50332548 50332549 50332550 50332554 50342548 50342549 50342550 50342554 50342612 50342613 50342615 50342616 </measTypes>
            <measValue measObjLdn="MML00G51HUNB001/ULoCell:NodeB Function Name=MML00G51HUNB001, Local Cell ID=10511, Cell Name=BRXASU1">
                <measResults>0 0 5.035 1.622 0 0 14.5 5 0 0 0 0 </measResults>
            </measValue>
            <measValue measObjLdn="MML00G51HUNB001/ULoCell:NodeB Function Name=MML00G51HUNB001, Local Cell ID=10512, Cell Name=BRXASU2">
                <measResults>0 0 10.145 4.635 0 0 25.5 12 0 0 0 0 </measResults>
            </measValue>
            <measValue measObjLdn="MML00G51HUNB001/ULoCell:NodeB Function Name=MML00G51HUNB001, Local Cell ID=10513, Cell Name=BRXASU3">
                <measResults>0 0 31.695 13.374 0 0 54.5 26 0 0 0 0 </measResults>
            </measValue>
            <measValue measObjLdn="MML00G51HUNB001/ULoCell:NodeB Function Name=MML00G51HUNB001, Local Cell ID=50511, Cell Name=BRXASN4">
                <measResults>0 0 16.133 7.701 0 0 30.5 16 0 0 0 0 </measResults>
            </measValue>
            <measValue measObjLdn="MML00G51HUNB001/ULoCell:NodeB Function Name=MML00G51HUNB001, Local Cell ID=50512, Cell Name=BRXASN5">
                <measResults>0 0 21.201 9.403 0 0 36.5 18 0 0 0 0 </measResults>
            </measValue>
            <measValue measObjLdn="MML00G51HUNB001/ULoCell:NodeB Function Name=MML00G51HUNB001, Local Cell ID=50513, Cell Name=BRXASN6">
                <measResults>0 0 39.333 16.607 0 0 62 32 0 0 0 0 </measResults>
            </measValue>
            <measValue measObjLdn="MML00G51HUNB001/ULoCell:NodeB Function Name=MML00G51HUNB001, Local Cell ID=60511, Cell Name=BRXASN1">
                <measResults>0 0 31.665 14.518 0 0 70.5 25 0 0 0 0 </measResults>
            </measValue>
            <measValue measObjLdn="MML00G51HUNB001/ULoCell:NodeB Function Name=MML00G51HUNB001, Local Cell ID=60512, Cell Name=BRXASN2">
                <measResults>0 0 20.69 8.804 0 0 39 20 0 0 0 0 </measResults>
            </measValue>
            <measValue measObjLdn="MML00G51HUNB001/ULoCell:NodeB Function Name=MML00G51HUNB001, Local Cell ID=60513, Cell Name=BRXASN3">
                <measResults>0 0 53.34 26.293 0 0 94 43 0 0 0 0 </measResults>
            </measValue>
        </measInfo>
        <measInfo measInfoId="50331651">
            <granPeriod duration="PT3600S" endTime="2021-08-17T23:00:00+08:00"/>
            <repPeriod duration="PT3600S"/>
            <measTypes>50331850 50331851 50331852 50331853 50331854 50331855 50331856 50331857 50331858 50331859 50331860 50331861 50331862 50331863 50331864 50331865 50331866 50331867 50331868 50331869 50331870 50331871 50331872 50331873 50331874 50331875 50331876 50331877 50331878 50331879 50331885 50331886 50331887 50331888 50331889 50331892 50331903 50331904 50331908 50331925 50331926 50331927 50331928 50331929 50331930 50331931 50331957 50331958 50331959 50331961 50331962 50331963 50331964 50331965 50331966 50331967 50331971 50331972 50331973 50331974 50331987 50331988 50331989 50331990 50331991 50331992 50331993 50331995 50332378 50332379 50332380 50332385 50332386 50332387 50332498 50332499 50332500 50332501 50332503 50332507 50332623 50332638 50341849 50341850 50341851 50341852 50341853 50341854 50341855 50341856 50341857 50341858 50341859 50341864 50341865 50341866 50341868 50341869 50341870 50341871 50341872 50341873 50341874 50341875 50341876 50341877 50341878 50341879 50341880 50341881 50341882 50341883 50341884 50341885 50341886 50341887 50341888 50341889 50341890 50341891 50341892 50341893 50341894 50341895 50341896 50341897 50341898 50341980 50341981 50341982 50341983 50341984 50341985 50341986 50341994 50361698 50361699 50361701 </measTypes>
            <measValue measObjLdn="MML00G51HUNB001/ULoCell:NodeB Function Name=MML00G51HUNB001, Local Cell ID=10511, Cell Name=BRXASU1">
                <measResults>1745907 8218 4725 5515 5633 4068 2751 2651 5898 7469 5035 942 525 281 84 54 47 18 9 7 10 11 74 52 0 27 216 513823 1720307 743855 512778 53909 3332873 394687 43249 3 104 785 494348 7331 1905 769 275 121 121 50 4 130 108 8246 1944 726 264 38 38 12 677 2206 2035 340485 715 1255 5326 31815 43564 69763 67023 27773 422498 325826 47865 0.346 360612 74340 0 0 NIL NIL 0 0.186 0 0 119 0.535 2.276 0.024 0.183 0 0 0 0 80 0 27 20 0 NIL NIL 1.459 0.214 0.007 0.001 0 0 2773.606 554.73 188.208 62.25 1.242 1.242 0.93 484728.969 0.569 0.067 0.022 0.014 0.024 0.007 0.002 0 1.129 0 0 141 NIL NIL 57 361.74 854.004 2040.228 12589.76 23110.566 77626.289 99283.625 15505.952 0 NIL 0 </measResults>
            </measValue>
            <measValue measObjLdn="MML00G51HUNB001/ULoCell:NodeB Function Name=MML00G51HUNB001, Local Cell ID=10512, Cell Name=BRXASU2">
                <measResults>1779535 12553 3492 1560 1025 529 282 302 243 152 78 86 115 34 24 4 0 0 0 0 0 0 1 0 0 13 14 1316656 1794324 1317518 644520 132069 6040209 384528 96896 8 241 392 575682 459 7 0 0 0 0 0 0 173 143 622 66 0 0 0 0 0 6120 10089 4196 232228 6986 23179 33331 74391 49395 29590 19746 292691 296558 242740 82638 0.77 230021 77000 0 0 NIL NIL 0 0.664 0 0 159 1.223 3.66 0.046 0.303 4 0 0 0 80 0 91 60 0 NIL NIL 1.961 0.118 0.003 0.001 0.001 0 145.386 15.216 0 0 0 0 0 428472.344 2.273 0.126 0.029 0.016 0.02 0.003 0.001 0 1.47 0 0 52 NIL NIL 281 828.816 2851.986 4210.094 12817.356 15937.766 13811.142 34741.898 23199.445 0 NIL 0 </measResults>
            </measValue>
            <measValue measObjLdn="MML00G51HUNB001/ULoCell:NodeB Function Name=MML00G51HUNB001, Local Cell ID=10513, Cell Name=BRXASU3">
                <measResults>0 0 0 0 0 0 0 0 0 0 0 0 0 0 0 7 340 1359928 402025 24573 6665 3139 2035 591 97 611 1799915 5065774 1800011 1767162 1759199 284448 15266718 1590246 231702 2 387 956 1649876 1767151 1767151 1767151 1767151 1767151 1767101 100 830 12 769 5945039 5945039 5945039 5945039 5945039 5944940 420 55386 77947 144786 570338 5121 12999 32030 191858 573168 1164319 751955 2155936 289646 88410 762394 2.672 31853 285145 0 0 NIL NIL 0 2.17 0 0 238 3.303 8.749 0.094 0.474 12 32 0 0 31 0 386 113 1000 NIL NIL 2.057 0.028 0 0 0 0 420864.375 420864.375 420864.375 420864.375 420864.375 420852.344 17.466 420864.375 9.469 0.145 0.021 0.006 0.008 0.001 0.001 0 1.737 0 655 2 NIL NIL 416 515.226 1228.59 2951.878 16306.68 46281.949 95548.93 63405.422 137159.531 0 NIL 0 </measResults>
            </measValue>
            <measValue measObjLdn="MML00G51HUNB001/ULoCell:NodeB Function Name=MML00G51HUNB001, Local Cell ID=50511, Cell Name=BRXASN4">
                <measResults>577089 468694 346793 225157 109514 43738 14433 4920 3300 893 552 398 323 291 245 228 223 193 182 189 369 524 910 528 1 297 3212 669392 1799165 943112 467130 165627 11130907 358777 121023 7 196 758 583288 11124 4273 3673 2823 2515 1598 48 3 39 29 16965 5567 4522 3094 2718 1688 53 80567 47466 24347 86103 755 287 625 24215 82862 87163 69832 398759 184421 124624 102692 0.558 84396 106739 0 0 NIL NIL 0 0.354 0 0 53 0.771 4.958 0.027 0.606 7 0 0 0 62 0 64 44 0 NIL NIL 2.484 0.05 0.003 0.001 0 0 16574.66 10389.492 9384.426 7724.248 6919.006 4396.444 148.968 257820.438 4.143 0.13 0.056 0.031 0.027 0.002 0 0 2.267 0 3 73 NIL NIL 648 390.09 58.614 140.412 5487.504 19372.885 29521.133 18626.322 44155.637 0 NIL 0 </measResults>
            </measValue>
            <measValue measObjLdn="MML00G51HUNB001/ULoCell:NodeB Function Name=MML00G51HUNB001, Local Cell ID=50512, Cell Name=BRXASN5">
                <measResults>1751449 34141 5600 2490 1701 1208 1011 694 713 403 231 73 72 44 35 17 6 4 2 0 0 0 0 1 0 95 102 1616088 1799990 1432064 1240571 637382 9456602 1151321 597943 12 302 506 873537 766 71 0 0 0 0 0 0 64 41 1138 174 0 0 0 0 0 232074 398243 232707 177346 375 253 753 8616 50220 129897 117274 951522 355102 650508 63255 1.194 323534 51761 0 0 NIL NIL 0 0.412 0 0 131 1.55 5.878 0.066 0.202 27 0 0 0 80 0 113 96 0 NIL NIL 3.434 0.134 0.002 0 0 0 1345.404 198.456 0 0 0 0 0 435254.188 3.073 0.067 0.026 0.012 0.015 0.004 0 0 2.606 0 0 29 NIL NIL 664 51.036 63.474 317.244 3242.764 18311.611 41154.969 62461.398 95939.32 0 NIL 0 </measResults>
            </measValue>
            <measValue measObjLdn="MML00G51HUNB001/ULoCell:NodeB Function Name=MML00G51HUNB001, Local Cell ID=50513, Cell Name=BRXASN6">
                <measResults>0 0 0 0 0 0 0 0 109 7524 95891 363224 635041 443179 158686 51079 22730 9933 4259 2315 1930 931 493 436 83 2140 24122 2595822 1799983 1688575 1525591 475019 23682948 1404430 436478 16 612 677 1351815 1688588 1687573 1646567 688344 151358 2716 0 14 180 160 4727723 4725506 4623825 2108163 503929 11015 0 256346 198195 122915 322410 403 732 2566 21088 103098 274925 386988 2027401 506205 505886 356040 1.544 212681 319738 0 0 NIL NIL 0 0.994 0 0 91 2.626 7.581 0.118 0.253 13 2 0 0 63 0 313 255 1 NIL NIL 5.456 0.103 0.001 0 0 0 606438.375 606151 594537.688 275866.25 66733.789 742.104 0 606438.375 9.579 0.342 0.117 0.052 0.063 0.006 0.001 0 4.818 0 55 43 NIL NIL 631 85.578 121.218 579.09 5365.374 27562.283 74857.414 119387.961 225802.906 0 NIL 0 </measResults>
            </measValue>
            <measValue measObjLdn="MML00G51HUNB001/ULoCell:NodeB Function Name=MML00G51HUNB001, Local Cell ID=60511, Cell Name=BRXASN1">
                <measResults>0 0 0 0 0 0 0 0 1249 616094 910153 146524 49859 21254 14373 18866 14984 2791 922 648 1977 84 20 17 8 167 7351 1868515 1799990 1366165 836426 229257 14983740 371073 95921 7 234 802 707053 1366170 1036057 214507 40854 29716 2978 0 1 45 45 2657342 2106857 483844 77764 53428 4142 0 7273 3307 11998 162320 1150 5713 23646 103553 94122 41192 6200 309590 259554 146415 142946 0.792 106112 162382 0 0 NIL NIL 0 0.6 0 0 105 1.476 5.785 0.036 0.504 2 0 0 0 44 0 72 68 12 NIL NIL 2.513 0.061 0.012 0.036 0 0 667762.375 605550.75 308986.781 37096.672 18517.922 243.594 0 667762.375 6.731 0.209 0.086 0.042 0.046 0.007 0.001 0 2.198 0 42 24 NIL NIL 282 346.374 2046.36 7326.612 46879.691 43014.586 15483.116 3736.008 61091.785 0 NIL 0 </measResults>
            </measValue>
            <measValue measObjLdn="MML00G51HUNB001/ULoCell:NodeB Function Name=MML00G51HUNB001, Local Cell ID=60512, Cell Name=BRXASN2">
                <measResults>0 0 0 0 0 0 0 0 0 0 0 0 0 0 0 295 619409 974664 138143 29977 10128 3999 9196 7880 487 5812 1356915 3926613 1799990 1756561 1661332 244308 8172209 1530828 212714 8 380 930 1524085 1756521 1756521 1756521 1756521 1756521 1471468 14450 1182 96 1184 5297032 5297032 5297032 5297032 5297032 4586337 26973 72552 99140 164895 570635 1251 4456 17843 176223 765031 883851 217517 2337749 291187 119893 555827 2.148 52454 261072 0 0 NIL NIL 0 1.6 0 0 291 2.943 8.792 0.086 0.438 27 30 0 0 47 0 366 126 1000 NIL NIL 1.28 0.024 0 0 0 0 373670.219 373670.219 373670.219 373670.219 373670.219 306297.313 775.26 373670.219 5.818 0.243 0.045 0.014 0.017 0.001 0 0 0.966 0 506 4 NIL NIL 499 235.416 608.916 2003.16 17387.553 75830.141 100091.781 29354.854 164512.266 0 NIL 0 </measResults>
            </measValue>
            <measValue measObjLdn="MML00G51HUNB001/ULoCell:NodeB Function Name=MML00G51HUNB001, Local Cell ID=60513, Cell Name=BRXASN3">
                <measResults>0 0 0 0 0 0 0 0 0 0 0 0 0 0 0 41 46268 562579 648974 304243 157376 41568 17356 7685 1260 12639 1770011 9667902 1799989 1799444 3847050 569872 23199461 3341592 340861 15 522 929 1765414 1799455 1799455 1799455 1799455 1799455 1790305 8200 1460 29 1266 12019470 12019470 12019470 12019470 12019470 11968750 42333 41650 78683 135285 1713965 2949 14943 60817 521431 1459841 1689619 566753 4275206 503720 241733 1212487 4.938 90267 461082 0 0 NIL NIL 0 3.7 0 0 274 6.678 12.64 0.159 1.093 19 33 0 0 50 0 669 240 1000 NIL NIL 3.555 0.029 0.01 0.033 0 0 990365.75 990365.75 990365.75 990365.75 990365.75 986025.75 2647.938 990365.75 15.583 0.215 0.031 0.01 0.011 0.001 0 0 2.573 0 598 1 NIL NIL 407 276.126 1297.44 5603.57 47298.941 130866.945 154425.766 50915.844 242230.313 0 NIL 0 </measResults>
            </measValue>
        </measInfo>
        <measInfo measInfoId="50331653">
            <granPeriod duration="PT3600S" endTime="2021-08-17T23:00:00+08:00"/>
            <repPeriod duration="PT3600S"/>
            <measTypes>50331748 50331749 50331750 50331751 50331752 50331753 50361697 </measTypes>
            <measValue measObjLdn="MML00G51HUNB001/ULoCell:NodeB Function Name=MML00G51HUNB001, Local Cell ID=10511, Cell Name=BRXASU1">
                <measResults>0.692 0.453 0.692 0.344 0 0 0.3 </measResults>
            </measValue>
            <measValue measObjLdn="MML00G51HUNB001/ULoCell:NodeB Function Name=MML00G51HUNB001, Local Cell ID=10512, Cell Name=BRXASU2">
                <measResults>1.069 0.917 1.069 0.781 0 0 0.24 </measResults>
            </measValue>
            <measValue measObjLdn="MML00G51HUNB001/ULoCell:NodeB Function Name=MML00G51HUNB001, Local Cell ID=10513, Cell Name=BRXASU3">
                <measResults>0.372 0.326 0.372 0.314 0 0 0.047 </measResults>
            </measValue>
            <measValue measObjLdn="MML00G51HUNB001/ULoCell:NodeB Function Name=MML00G51HUNB001, Local Cell ID=50511, Cell Name=BRXASN4">
                <measResults>0.147 0.119 0.147 0.107 0 0 0.19 </measResults>
            </measValue>
            <measValue measObjLdn="MML00G51HUNB001/ULoCell:NodeB Function Name=MML00G51HUNB001, Local Cell ID=50512, Cell Name=BRXASN5">
                <measResults>0.597 0.536 0.597 0.479 0 0 0.044 </measResults>
            </measValue>
            <measValue measObjLdn="MML00G51HUNB001/ULoCell:NodeB Function Name=MML00G51HUNB001, Local Cell ID=50513, Cell Name=BRXASN6">
                <measResults>1.443 1.261 1.443 1.176 0 0 0.32 </measResults>
            </measValue>
            <measValue measObjLdn="MML00G51HUNB001/ULoCell:NodeB Function Name=MML00G51HUNB001, Local Cell ID=60511, Cell Name=BRXASN1">
                <measResults>0.008 0.007 0.008 0.006 0 0 0.108 </measResults>
            </measValue>
            <measValue measObjLdn="MML00G51HUNB001/ULoCell:NodeB Function Name=MML00G51HUNB001, Local Cell ID=60512, Cell Name=BRXASN2">
                <measResults>0.364 0.313 0.364 0.308 0 0 0.121 </measResults>
            </measValue>
            <measValue measObjLdn="MML00G51HUNB001/ULoCell:NodeB Function Name=MML00G51HUNB001, Local Cell ID=60513, Cell Name=BRXASN3">
                <measResults>0.751 0.674 0.751 0.668 0 0 0.08 </measResults>
            </measValue>
        </measInfo>
        <measInfo measInfoId="50331658">
            <granPeriod duration="PT3600S" endTime="2021-08-17T23:00:00+08:00"/>
            <repPeriod duration="PT3600S"/>
            <measTypes>50332250 50332251 50332410 50332411 </measTypes>
            <measValue measObjLdn="MML00G51HUNB001/ULoCell:NodeB Function Name=MML00G51HUNB001, Local Cell ID=10511, Cell Name=BRXASU1">
                <measResults>0 0 0 0 </measResults>
            </measValue>
            <measValue measObjLdn="MML00G51HUNB001/ULoCell:NodeB Function Name=MML00G51HUNB001, Local Cell ID=10512, Cell Name=BRXASU2">
                <measResults>0 0 0 0 </measResults>
            </measValue>
            <measValue measObjLdn="MML00G51HUNB001/ULoCell:NodeB Function Name=MML00G51HUNB001, Local Cell ID=10513, Cell Name=BRXASU3">
                <measResults>0 0 0 0 </measResults>
            </measValue>
            <measValue measObjLdn="MML00G51HUNB001/ULoCell:NodeB Function Name=MML00G51HUNB001, Local Cell ID=50511, Cell Name=BRXASN4">
                <measResults>0 0 0 0 </measResults>
            </measValue>
            <measValue measObjLdn="MML00G51HUNB001/ULoCell:NodeB Function Name=MML00G51HUNB001, Local Cell ID=50512, Cell Name=BRXASN5">
                <measResults>0 0 0 0 </measResults>
            </measValue>
            <measValue measObjLdn="MML00G51HUNB001/ULoCell:NodeB Function Name=MML00G51HUNB001, Local Cell ID=50513, Cell Name=BRXASN6">
                <measResults>0 0 0 0 </measResults>
            </measValue>
            <measValue measObjLdn="MML00G51HUNB001/ULoCell:NodeB Function Name=MML00G51HUNB001, Local Cell ID=60511, Cell Name=BRXASN1">
                <measResults>0 0 0 0 </measResults>
            </measValue>
            <measValue measObjLdn="MML00G51HUNB001/ULoCell:NodeB Function Name=MML00G51HUNB001, Local Cell ID=60512, Cell Name=BRXASN2">
                <measResults>0 0 0 0 </measResults>
            </measValue>
            <measValue measObjLdn="MML00G51HUNB001/ULoCell:NodeB Function Name=MML00G51HUNB001, Local Cell ID=60513, Cell Name=BRXASN3">
                <measResults>0 0 0 0 </measResults>
            </measValue>
        </measInfo>
        <measInfo measInfoId="50331660">
            <granPeriod duration="PT3600S" endTime="2021-08-17T23:00:00+08:00"/>
            <repPeriod duration="PT3600S"/>
            <measTypes>50361670 50361671 50361672 50361673 </measTypes>
            <measValue measObjLdn="MML00G51HUNB001/ULoCell:NodeB Function Name=MML00G51HUNB001, Local Cell ID=10511, Cell Name=BRXASU1">
                <measResults>0 0 0 0 </measResults>
            </measValue>
            <measValue measObjLdn="MML00G51HUNB001/ULoCell:NodeB Function Name=MML00G51HUNB001, Local Cell ID=10512, Cell Name=BRXASU2">
                <measResults>0 0 0 0 </measResults>
            </measValue>
            <measValue measObjLdn="MML00G51HUNB001/ULoCell:NodeB Function Name=MML00G51HUNB001, Local Cell ID=10513, Cell Name=BRXASU3">
                <measResults>0 0 0 0 </measResults>
            </measValue>
            <measValue measObjLdn="MML00G51HUNB001/ULoCell:NodeB Function Name=MML00G51HUNB001, Local Cell ID=50511, Cell Name=BRXASN4">
                <measResults>0 0 0 0 </measResults>
            </measValue>
            <measValue measObjLdn="MML00G51HUNB001/ULoCell:NodeB Function Name=MML00G51HUNB001, Local Cell ID=50512, Cell Name=BRXASN5">
                <measResults>0 0 0 0 </measResults>
            </measValue>
            <measValue measObjLdn="MML00G51HUNB001/ULoCell:NodeB Function Name=MML00G51HUNB001, Local Cell ID=50513, Cell Name=BRXASN6">
                <measResults>0 0 0 0 </measResults>
            </measValue>
            <measValue measObjLdn="MML00G51HUNB001/ULoCell:NodeB Function Name=MML00G51HUNB001, Local Cell ID=60511, Cell Name=BRXASN1">
                <measResults>0 0 0 0 </measResults>
            </measValue>
            <measValue measObjLdn="MML00G51HUNB001/ULoCell:NodeB Function Name=MML00G51HUNB001, Local Cell ID=60512, Cell Name=BRXASN2">
                <measResults>0 0 0 0 </measResults>
            </measValue>
            <measValue measObjLdn="MML00G51HUNB001/ULoCell:NodeB Function Name=MML00G51HUNB001, Local Cell ID=60513, Cell Name=BRXASN3">
                <measResults>0 0 0 0 </measResults>
            </measValue>
        </measInfo>
        <measInfo measInfoId="50331661">
            <granPeriod duration="PT3600S" endTime="2021-08-17T23:00:00+08:00"/>
            <repPeriod duration="PT3600S"/>
            <measTypes>50332048 50332049 50332050 50332051 </measTypes>
            <measValue measObjLdn="MML00G51HUNB001/ULoCell:NodeB Function Name=MML00G51HUNB001, Local Cell ID=10511, Cell Name=BRXASU1">
                <measResults>14484 0 97702 0 </measResults>
            </measValue>
            <measValue measObjLdn="MML00G51HUNB001/ULoCell:NodeB Function Name=MML00G51HUNB001, Local Cell ID=10512, Cell Name=BRXASU2">
                <measResults>23759 0 99754 0 </measResults>
            </measValue>
            <measValue measObjLdn="MML00G51HUNB001/ULoCell:NodeB Function Name=MML00G51HUNB001, Local Cell ID=10513, Cell Name=BRXASU3">
                <measResults>17306 0 101158 0 </measResults>
            </measValue>
            <measValue measObjLdn="MML00G51HUNB001/ULoCell:NodeB Function Name=MML00G51HUNB001, Local Cell ID=50511, Cell Name=BRXASN4">
                <measResults>22017 0 98230 0 </measResults>
            </measValue>
            <measValue measObjLdn="MML00G51HUNB001/ULoCell:NodeB Function Name=MML00G51HUNB001, Local Cell ID=50512, Cell Name=BRXASN5">
                <measResults>31193 0 97604 0 </measResults>
            </measValue>
            <measValue measObjLdn="MML00G51HUNB001/ULoCell:NodeB Function Name=MML00G51HUNB001, Local Cell ID=50513, Cell Name=BRXASN6">
                <measResults>85290 0 101658 0 </measResults>
            </measValue>
            <measValue measObjLdn="MML00G51HUNB001/ULoCell:NodeB Function Name=MML00G51HUNB001, Local Cell ID=60511, Cell Name=BRXASN1">
                <measResults>19641 0 97773 0 </measResults>
            </measValue>
            <measValue measObjLdn="MML00G51HUNB001/ULoCell:NodeB Function Name=MML00G51HUNB001, Local Cell ID=60512, Cell Name=BRXASN2">
                <measResults>43836 0 99296 0 </measResults>
            </measValue>
            <measValue measObjLdn="MML00G51HUNB001/ULoCell:NodeB Function Name=MML00G51HUNB001, Local Cell ID=60513, Cell Name=BRXASN3">
                <measResults>83913 0 101504 0 </measResults>
            </measValue>
        </measInfo>
        <measInfo measInfoId="50331662">
            <granPeriod duration="PT3600S" endTime="2021-08-17T23:00:00+08:00"/>
            <repPeriod duration="PT3600S"/>
            <measTypes>50332052 50332053 50332054 50332070 50332505 </measTypes>
            <measValue measObjLdn="MML00G51HUNB001/ULoCell:NodeB Function Name=MML00G51HUNB001, Local Cell ID=10511, Cell Name=BRXASU1">
                <measResults>0 37 53180 0 0 </measResults>
            </measValue>
            <measValue measObjLdn="MML00G51HUNB001/ULoCell:NodeB Function Name=MML00G51HUNB001, Local Cell ID=10512, Cell Name=BRXASU2">
                <measResults>0 35 251639 0 0 </measResults>
            </measValue>
            <measValue measObjLdn="MML00G51HUNB001/ULoCell:NodeB Function Name=MML00G51HUNB001, Local Cell ID=10513, Cell Name=BRXASU3">
                <measResults>35 63 710039 0 0 </measResults>
            </measValue>
            <measValue measObjLdn="MML00G51HUNB001/ULoCell:NodeB Function Name=MML00G51HUNB001, Local Cell ID=50511, Cell Name=BRXASN4">
                <measResults>23 55 215611 0 0 </measResults>
            </measValue>
            <measValue measObjLdn="MML00G51HUNB001/ULoCell:NodeB Function Name=MML00G51HUNB001, Local Cell ID=50512, Cell Name=BRXASN5">
                <measResults>19 72 372029 0 0 </measResults>
            </measValue>
            <measValue measObjLdn="MML00G51HUNB001/ULoCell:NodeB Function Name=MML00G51HUNB001, Local Cell ID=50513, Cell Name=BRXASN6">
                <measResults>8 158 584633 0 0 </measResults>
            </measValue>
            <measValue measObjLdn="MML00G51HUNB001/ULoCell:NodeB Function Name=MML00G51HUNB001, Local Cell ID=60511, Cell Name=BRXASN1">
                <measResults>22 60 629882 0 0 </measResults>
            </measValue>
            <measValue measObjLdn="MML00G51HUNB001/ULoCell:NodeB Function Name=MML00G51HUNB001, Local Cell ID=60512, Cell Name=BRXASN2">
                <measResults>0 45 420119 0 0 </measResults>
            </measValue>
            <measValue measObjLdn="MML00G51HUNB001/ULoCell:NodeB Function Name=MML00G51HUNB001, Local Cell ID=60513, Cell Name=BRXASN3">
                <measResults>0 153 1181912 0 0 </measResults>
            </measValue>
        </measInfo>
        <measInfo measInfoId="50331663">
            <granPeriod duration="PT3600S" endTime="2021-08-17T23:00:00+08:00"/>
            <repPeriod duration="PT3600S"/>
            <measTypes>50331917 50332061 50332064 50332065 50332069 50332071 50332072 50332073 50332074 50332079 50332258 50332388 50332389 50332504 50332626 50332632 50332639 50332640 50332641 50332645 50342048 50342049 50342050 50342051 50361705 50361706 50361725 50361726 50361735 50361740 50361743 50361744 50361747 50361749 50361751 50361753 50361755 50361757 50361759 50361761 50361763 50361765 50361767 50361769 50361771 50361773 50361775 50361777 50361779 50361781 50361783 50361785 50361787 50361789 50361791 50361793 50361795 </measTypes>
            <measValue measObjLdn="MML00G51HUNB001/ULoCell:NodeB Function Name=MML00G51HUNB001, Local Cell ID=10511, Cell Name=BRXASU1">
                <measResults>926.525 0 256 0 0 0 0 0 0 0 0.314 0 0.899 8.333 0 0 0 0 NIL 0 7 62.387 0 0 0 0 0 NIL NIL NIL NIL NIL NIL NIL NIL NIL NIL NIL NIL NIL NIL NIL NIL NIL NIL NIL NIL NIL NIL NIL NIL NIL NIL NIL NIL NIL NIL </measResults>
            </measValue>
            <measValue measObjLdn="MML00G51HUNB001/ULoCell:NodeB Function Name=MML00G51HUNB001, Local Cell ID=10512, Cell Name=BRXASU2">
                <measResults>990.558 1 256 0 0 0 0 0 0 0 1.786 0 1.649 4.167 0 0 0 0 NIL 0 14 60.426 0 0 0 0 0 NIL NIL NIL NIL NIL NIL NIL NIL NIL NIL NIL NIL NIL NIL NIL NIL NIL NIL NIL NIL NIL NIL NIL NIL NIL NIL NIL NIL NIL NIL </measResults>
            </measValue>
            <measValue measObjLdn="MML00G51HUNB001/ULoCell:NodeB Function Name=MML00G51HUNB001, Local Cell ID=10513, Cell Name=BRXASU3">
                <measResults>987.721 0 256 0 0 0 0 0 0 0 2.596 0 5.036 1000 0 0 0 0 NIL 0 4 94.057 0 0 0 0 0 NIL NIL NIL NIL NIL NIL NIL NIL NIL NIL NIL NIL NIL NIL NIL NIL NIL NIL NIL NIL NIL NIL NIL NIL NIL NIL NIL NIL NIL NIL </measResults>
            </measValue>
            <measValue measObjLdn="MML00G51HUNB001/ULoCell:NodeB Function Name=MML00G51HUNB001, Local Cell ID=50511, Cell Name=BRXASN4">
                <measResults>671.333 1 256 0 0 0 0 0 0 0 0.843 0 1.634 462.5 0 0 0 0 NIL 0 8 80.716 0 6.548 0 0 0 1 NIL NIL NIL NIL NIL NIL NIL NIL NIL NIL NIL NIL NIL NIL NIL NIL NIL NIL NIL NIL NIL NIL NIL NIL NIL NIL NIL NIL NIL </measResults>
            </measValue>
            <measValue measObjLdn="MML00G51HUNB001/ULoCell:NodeB Function Name=MML00G51HUNB001, Local Cell ID=50512, Cell Name=BRXASN5">
                <measResults>961.922 6 256 0 0 0 0 0 0 0 1.768 0 2.823 1000 0 0 0 0 NIL 0 22 67.883 0 0 0 0 0 NIL NIL NIL NIL NIL NIL NIL NIL NIL NIL NIL NIL NIL NIL NIL NIL NIL NIL NIL NIL NIL NIL NIL NIL NIL NIL NIL NIL NIL NIL </measResults>
            </measValue>
            <measValue measObjLdn="MML00G51HUNB001/ULoCell:NodeB Function Name=MML00G51HUNB001, Local Cell ID=50513, Cell Name=BRXASN6">
                <measResults>612.964 8 256 0 0 0 0 0 0 0 2.456 0 4.95 0 0 0 0 0 NIL 0 20 100.931 0 10.019 0 0 0 1 NIL NIL NIL NIL NIL NIL NIL NIL NIL NIL NIL NIL NIL NIL NIL NIL NIL NIL NIL NIL NIL NIL NIL NIL NIL NIL NIL NIL NIL </measResults>
            </measValue>
            <measValue measObjLdn="MML00G51HUNB001/ULoCell:NodeB Function Name=MML00G51HUNB001, Local Cell ID=60511, Cell Name=BRXASN1">
                <measResults>895.34 2 256 0 0 0 0 0 0 0 2.638 0 2.292 0 0 0 0 0 NIL 0 14 103.283 0 3.413 0 0 0 1 NIL NIL NIL NIL NIL NIL NIL NIL NIL NIL NIL NIL NIL NIL NIL NIL NIL NIL NIL NIL NIL NIL NIL NIL NIL NIL NIL NIL NIL </measResults>
            </measValue>
            <measValue measObjLdn="MML00G51HUNB001/ULoCell:NodeB Function Name=MML00G51HUNB001, Local Cell ID=60512, Cell Name=BRXASN2">
                <measResults>851.391 3 256 0 0 0 0 0 0 0 2.04 0 3.981 25 0 0 0 0 NIL 0 11 74.404 0 5.017 0 0 0 1 NIL NIL NIL NIL NIL NIL NIL NIL NIL NIL NIL NIL NIL NIL NIL NIL NIL NIL NIL NIL NIL NIL NIL NIL NIL NIL NIL NIL NIL </measResults>
            </measValue>
            <measValue measObjLdn="MML00G51HUNB001/ULoCell:NodeB Function Name=MML00G51HUNB001, Local Cell ID=60513, Cell Name=BRXASN3">
                <measResults>999.816 9 253 0 0 0 0 0 0 0 6.582 0 8.917 0 0 0 0 0 NIL 0 23 106.495 0 2.151 0 0 0 1 NIL NIL NIL NIL NIL NIL NIL NIL NIL NIL NIL NIL NIL NIL NIL NIL NIL NIL NIL NIL NIL NIL NIL NIL NIL NIL NIL NIL NIL </measResults>
            </measValue>
        </measInfo>
        <measInfo measInfoId="50331665">
            <granPeriod duration="PT3600S" endTime="2021-08-17T23:00:00+08:00"/>
            <repPeriod duration="PT3600S"/>
            <measTypes>50331740 50331741 50331742 50331743 50331744 50331909 50331910 50331911 50331912 50331913 50332381 50332382 50332576 50332577 </measTypes>
            <measValue measObjLdn="MML00G51HUNB001/ULoCell:NodeB Function Name=MML00G51HUNB001, Local Cell ID=10511, Cell Name=BRXASU1">
                <measResults>0 0 0 0 0 0 0 0 0 0 0 0 0 0 </measResults>
            </measValue>
            <measValue measObjLdn="MML00G51HUNB001/ULoCell:NodeB Function Name=MML00G51HUNB001, Local Cell ID=10512, Cell Name=BRXASU2">
                <measResults>0 0 0 0 0 0 0 0 0 0 0 0 0 0 </measResults>
            </measValue>
            <measValue measObjLdn="MML00G51HUNB001/ULoCell:NodeB Function Name=MML00G51HUNB001, Local Cell ID=10513, Cell Name=BRXASU3">
                <measResults>0 0 0 0 0 0 0 0 0 0 0 0 0 0 </measResults>
            </measValue>
            <measValue measObjLdn="MML00G51HUNB001/ULoCell:NodeB Function Name=MML00G51HUNB001, Local Cell ID=50511, Cell Name=BRXASN4">
                <measResults>0 0 0 0 0 0 0 0 0 0 0 0 0 0 </measResults>
            </measValue>
            <measValue measObjLdn="MML00G51HUNB001/ULoCell:NodeB Function Name=MML00G51HUNB001, Local Cell ID=50512, Cell Name=BRXASN5">
                <measResults>0 0 0 0 0 0 0 0 0 0 0 0 0 0 </measResults>
            </measValue>
            <measValue measObjLdn="MML00G51HUNB001/ULoCell:NodeB Function Name=MML00G51HUNB001, Local Cell ID=50513, Cell Name=BRXASN6">
                <measResults>0 0 0 0 0 0 0 0 0 0 0 0 0 0 </measResults>
            </measValue>
            <measValue measObjLdn="MML00G51HUNB001/ULoCell:NodeB Function Name=MML00G51HUNB001, Local Cell ID=60511, Cell Name=BRXASN1">
                <measResults>0 0 0 0 0 0 0 0 0 0 0 0 0 0 </measResults>
            </measValue>
            <measValue measObjLdn="MML00G51HUNB001/ULoCell:NodeB Function Name=MML00G51HUNB001, Local Cell ID=60512, Cell Name=BRXASN2">
                <measResults>0 0 0 0 0 0 0 0 0 0 0 0 0 0 </measResults>
            </measValue>
            <measValue measObjLdn="MML00G51HUNB001/ULoCell:NodeB Function Name=MML00G51HUNB001, Local Cell ID=60513, Cell Name=BRXASN3">
                <measResults>0 0 0 0 0 0 0 0 0 0 0 0 0 0 </measResults>
            </measValue>
        </measInfo>
        <measInfo measInfoId="50331673">
            <granPeriod duration="PT3600S" endTime="2021-08-17T23:00:00+08:00"/>
            <repPeriod duration="PT3600S"/>
            <measTypes>50332055 50332056 50332057 50332058 50332059 50332060 50332278 50332279 50332280 50332281 50332282 50332283 50332284 50332285 50332286 50361648 50361649 50361650 50361651 </measTypes>
            <measValue measObjLdn="MML00G51HUNB001/ULoCell:NodeB Function Name=MML00G51HUNB001, Local Cell ID=10511, Cell Name=BRXASU1">
                <measResults>5 1 1 0 0 0 0 1 1 1 7 0 1 3 17 0 0 0 0 </measResults>
            </measValue>
            <measValue measObjLdn="MML00G51HUNB001/ULoCell:NodeB Function Name=MML00G51HUNB001, Local Cell ID=10512, Cell Name=BRXASU2">
                <measResults>17 8 4 0 0 0 9 7 3 4 11 0 1 6 13 0 0 0 0 </measResults>
            </measValue>
            <measValue measObjLdn="MML00G51HUNB001/ULoCell:NodeB Function Name=MML00G51HUNB001, Local Cell ID=10513, Cell Name=BRXASU3">
                <measResults>55 24 8 0 0 0 7 8 3 7 3 1 2 16 3 0 0 0 0 </measResults>
            </measValue>
            <measValue measObjLdn="MML00G51HUNB001/ULoCell:NodeB Function Name=MML00G51HUNB001, Local Cell ID=50511, Cell Name=BRXASN4">
                <measResults>23 3 1 0 0 0 5 5 4 7 13 0 2 12 10 0 0 0 0 </measResults>
            </measValue>
            <measValue measObjLdn="MML00G51HUNB001/ULoCell:NodeB Function Name=MML00G51HUNB001, Local Cell ID=50512, Cell Name=BRXASN5">
                <measResults>24 10 3 0 0 0 22 13 10 8 37 1 13 15 83 0 0 0 0 </measResults>
            </measValue>
            <measValue measObjLdn="MML00G51HUNB001/ULoCell:NodeB Function Name=MML00G51HUNB001, Local Cell ID=50513, Cell Name=BRXASN6">
                <measResults>47 9 3 0 0 0 15 17 22 38 39 4 8 42 32 0 0 0 0 </measResults>
            </measValue>
            <measValue measObjLdn="MML00G51HUNB001/ULoCell:NodeB Function Name=MML00G51HUNB001, Local Cell ID=60511, Cell Name=BRXASN1">
                <measResults>34 18 5 0 0 0 8 11 4 13 10 1 2 18 20 0 0 0 0 </measResults>
            </measValue>
            <measValue measObjLdn="MML00G51HUNB001/ULoCell:NodeB Function Name=MML00G51HUNB001, Local Cell ID=60512, Cell Name=BRXASN2">
                <measResults>20 9 2 0 0 0 13 10 9 16 10 3 6 19 4 0 0 0 0 </measResults>
            </measValue>
            <measValue measObjLdn="MML00G51HUNB001/ULoCell:NodeB Function Name=MML00G51HUNB001, Local Cell ID=60513, Cell Name=BRXASN3">
                <measResults>61 30 6 0 0 0 37 31 19 36 21 6 14 36 13 0 0 0 0 </measResults>
            </measValue>
        </measInfo>
        <measInfo measInfoId="50331674">
            <granPeriod duration="PT3600S" endTime="2021-08-17T23:00:00+08:00"/>
            <repPeriod duration="PT3600S"/>
            <measTypes>50332161 50332162 50332163 50332164 50332165 50341718 50341719 50341720 50341721 </measTypes>
            <measValue measObjLdn="MML00G51HUNB001/ULoCell:NodeB Function Name=MML00G51HUNB001, Local Cell ID=10511, Cell Name=BRXASU1">
                <measResults>0 0 0 0 0 0 0 0 0 </measResults>
            </measValue>
            <measValue measObjLdn="MML00G51HUNB001/ULoCell:NodeB Function Name=MML00G51HUNB001, Local Cell ID=10512, Cell Name=BRXASU2">
                <measResults>0 0 0 0 0 0 0 0 0 </measResults>
            </measValue>
            <measValue measObjLdn="MML00G51HUNB001/ULoCell:NodeB Function Name=MML00G51HUNB001, Local Cell ID=10513, Cell Name=BRXASU3">
                <measResults>0 0 0 0 0 0 0 0 0 </measResults>
            </measValue>
            <measValue measObjLdn="MML00G51HUNB001/ULoCell:NodeB Function Name=MML00G51HUNB001, Local Cell ID=50511, Cell Name=BRXASN4">
                <measResults>0 0 0 0 0 0 0 0 0 </measResults>
            </measValue>
            <measValue measObjLdn="MML00G51HUNB001/ULoCell:NodeB Function Name=MML00G51HUNB001, Local Cell ID=50512, Cell Name=BRXASN5">
                <measResults>0 0 0 0 0 0 0 0 0 </measResults>
            </measValue>
            <measValue measObjLdn="MML00G51HUNB001/ULoCell:NodeB Function Name=MML00G51HUNB001, Local Cell ID=50513, Cell Name=BRXASN6">
                <measResults>0 0 0 0 0 0 0 0 0 </measResults>
            </measValue>
            <measValue measObjLdn="MML00G51HUNB001/ULoCell:NodeB Function Name=MML00G51HUNB001, Local Cell ID=60511, Cell Name=BRXASN1">
                <measResults>0 0 0 0 0 0 0 0 0 </measResults>
            </measValue>
            <measValue measObjLdn="MML00G51HUNB001/ULoCell:NodeB Function Name=MML00G51HUNB001, Local Cell ID=60512, Cell Name=BRXASN2">
                <measResults>0 0 0 0 0 0 0 0 0 </measResults>
            </measValue>
            <measValue measObjLdn="MML00G51HUNB001/ULoCell:NodeB Function Name=MML00G51HUNB001, Local Cell ID=60513, Cell Name=BRXASN3">
                <measResults>0 0 0 0 0 0 0 0 0 </measResults>
            </measValue>
        </measInfo>
        <measInfo measInfoId="50331676">
            <granPeriod duration="PT3600S" endTime="2021-08-17T23:00:00+08:00"/>
            <repPeriod duration="PT3600S"/>
            <measTypes>50331747 50332175 50332176 50332177 50332178 50332179 50332180 50332181 50332182 50332183 50332184 50332185 50332186 50332187 50332188 50332189 50332190 50332192 50332193 50332194 50332195 50332196 50332197 50332198 50332199 50332200 50332201 50332202 50332203 50332204 50332205 50332206 50332207 50332208 50332209 50332210 50332211 50332212 50332213 50332214 50332219 50332232 50332233 50332234 50332235 50332236 50332237 50332238 50332245 50332246 50332648 50332649 50332650 50332651 50332652 50332653 50332654 50332655 50332656 50332657 50332658 50332670 50332848 50332849 50332850 50332853 50332854 50332855 50332856 50332865 50332866 50332867 50332868 50332869 50332870 50332871 50332872 50332873 50332874 50332875 50332876 50332877 50332878 50332879 50332880 50332881 50332882 50332883 50332884 50332885 50332886 50332887 50332888 50332889 50332890 50332891 50332892 50332894 50332895 50332896 50332897 50332898 50332899 50332900 50332901 50332902 50332903 50332904 50332905 50332906 50332907 50332908 50332909 50332910 50332943 50332944 50332945 50332946 50332947 50332948 50332949 50332950 50332951 50332952 50332953 50332954 50332955 50332956 50332957 50332958 50332959 50332960 50332961 50332962 50332963 50332964 50332965 50332966 50332967 50332968 50332969 50332970 50332971 50332972 50332973 50332974 50332985 50332986 50332987 50332990 50341723 50341741 50341742 50341743 50341748 50341749 50341750 50341751 50341752 50341753 50341754 50341755 50341756 50341757 50341758 50341759 </measTypes>
            <measValue measObjLdn="MML00G51HUNB001/ULoCell:NodeB Function Name=MML00G51HUNB001, Local Cell ID=10511, Cell Name=BRXASU1">
                <measResults>3317951264 1426518 43911 4470 3505 5165 7242 7770 9081 6789 7616 3896 10662 5723 10354 240030 7268 0 3320505752 9809 0 58 0 0 0 0 1681 30919 36794 607 122 260 287 250 195 307 448 221 22 7 866678184 3319452478 437527 4154548732 58020 96729 205066 326633 50597088 3997 12270 11375 45093 53427 49921 37151 45632 39246 18709 1949 0 291128 0 0 0 46516 0 0 47217 0 0 0 0 0 0 0 0 0 0 0 0 50662715 477827269 881596731 1203606921 34130 106459 113871 113483 0 0 0 0 1420158 5493 2481 0 0 0 0 0 0 0 0 0 0 0 0 0 0 0 0 0 0 0 0 0 0 0 0 0 0 0 0 0 0 0 0 0 0 NIL NIL NIL NIL NIL NIL NIL NIL NIL NIL NIL NIL NIL NIL NIL NIL 0 0 0 356589 2.034 NIL 0 0 4010.32 17772.832 137698.156 266463.656 348740.5 329871.031 530462.75 657457.938 423673.969 62186.191 0 2756554.25 </measResults>
            </measValue>
            <measValue measObjLdn="MML00G51HUNB001/ULoCell:NodeB Function Name=MML00G51HUNB001, Local Cell ID=10512, Cell Name=BRXASU2">
                <measResults>2172260912 1471402 71324 11215 6691 4889 6640 2365 6480 3015 7224 3577 10392 5449 147754 41583 0 0 2161343216 35628 0 1729 0 0 0 0 2 17234 20973 1517 154 290 393 290 212 302 351 386 128 9 632420496 2177231480 397325 2588653672 369249 150249 110794 329994 5144041 17029 45750 13443 39538 61144 34415 19362 26847 15109 15187 1678 0 213280 0 0 0 91785 0 0 72529 0 0 0 0 0 0 0 0 0 0 0 0 46160402 513575419 544196270 436582182 77220 132166 77941 44239 0 0 0 0 2270477 12316 4132 0 0 0 0 0 0 0 0 0 0 0 0 0 0 0 0 0 0 0 0 0 0 0 0 0 0 0 0 0 0 0 0 0 0 NIL NIL NIL NIL NIL NIL NIL NIL NIL NIL NIL NIL NIL NIL NIL NIL 0 0 0 286667 3.406 NIL 0 0 9095.608 19728.211 126423.516 295823.688 239974.484 174230.406 314921.594 252856.266 368223.719 54000.152 0 1826453.875 </measResults>
            </measValue>
            <measValue measObjLdn="MML00G51HUNB001/ULoCell:NodeB Function Name=MML00G51HUNB001, Local Cell ID=10513, Cell Name=BRXASU3">
                <measResults>1927440436 1060160 165614 35648 24690 17037 24479 33284 42194 20521 48761 69783 82382 112787 62655 5 0 0 1463419124 97812 0 8130 0 0 0 0 513 64657 149434 8615 517 762 570 401 386 611 502 76 6 4 275352104 1489667272 1169127 3395337656 284844 439390 858514 426082 289645639 702706 324210 132859 96888 33943 16607 12851 14916 9729 578 2 0 185514 0 0 0 169282 42 425 206681 0 0 0 0 0 0 0 0 0 0 0 0 46112108 259242455 380387643 548896888 184516 605632 151197 171320 0 0 0 0 3854620 27608 10547 0 0 0 0 0 0 0 0 0 0 0 0 0 0 0 0 0 0 0 0 0 0 0 0 0 0 0 0 0 0 0 0 0 0 NIL NIL NIL NIL NIL NIL NIL NIL NIL NIL NIL NIL NIL NIL NIL NIL 0 0 0 879042 7.828 NIL 0 0 102692.445 190143.344 269501.156 164456.281 116229.195 114807.594 175007.891 154995.578 12559.207 65.696 0 1007622.625 </measResults>
            </measValue>
            <measValue measObjLdn="MML00G51HUNB001/ULoCell:NodeB Function Name=MML00G51HUNB001, Local Cell ID=50511, Cell Name=BRXASN4">
                <measResults>2721152336 1257105 67582 13022 10159 5830 17748 18912 14072 7414 55588 9319 25937 15285 222081 59946 0 0 2614216922 13513 0 4615 0 0 0 0 4 71637 108201 2120 261 568 610 491 432 297 194 94 19 1 402650960 2617544277 737298 3784511513 160159 327330 284706 192558 771599227 410308 142362 56146 81799 113437 67014 29849 23983 15715 7718 1187 0 340702 0 0 0 155682 14 7 73887 0 0 0 0 0 0 0 0 0 0 0 0 5386560 328016061 995651170 729431758 29421 292418 245211 122245 0 0 0 0 1195816 4347 1922 0 0 0 0 0 0 0 0 0 0 0 0 0 0 0 0 0 0 0 0 0 0 0 0 0 0 0 0 0 0 0 0 0 0 NIL NIL NIL NIL NIL NIL NIL NIL NIL NIL NIL NIL NIL NIL NIL NIL 0 0 0 632311 3.213 NIL 0 0 45529.801 82626.719 251235.031 567202.938 460538.5 264965.969 278553.375 255295.844 190290.844 37791.039 0 2305873.5 </measResults>
            </measValue>
            <measValue measObjLdn="MML00G51HUNB001/ULoCell:NodeB Function Name=MML00G51HUNB001, Local Cell ID=50512, Cell Name=BRXASN5">
                <measResults>1772861820 1311731 145573 42335 24785 12458 19263 16823 15187 8856 37640 23751 16258 31384 86862 7094 0 0 1516223656 11765 0 3545 0 0 0 0 12 16204 40674 3042 252 415 431 437 493 486 233 57 8 3 241986400 1711768159 598563 2395700725 96175 319514 619524 565154 257422455 260051 84859 27095 22231 28779 21050 27216 28938 19595 2511 6 0 150326 0 0 0 59641 25 65 180474 0 0 0 0 0 0 0 0 0 0 0 0 4921258 98926861 378945223 803036776 25760 159963 161656 174022 0 0 0 0 2331192 10310 5171 0 0 0 0 0 0 0 0 0 0 0 0 0 0 0 0 0 0 0 0 0 0 0 0 0 0 0 0 0 0 0 0 0 0 NIL NIL NIL NIL NIL NIL NIL NIL NIL NIL NIL NIL NIL NIL NIL NIL 0 0 0 384376 5.43 NIL 0 0 36510.004 38436.086 66570.82 142288.578 146864.5 244557.406 342531.406 321252.813 59207.676 194.36 0 1323467.5 </measResults>
            </measValue>
            <measValue measObjLdn="MML00G51HUNB001/ULoCell:NodeB Function Name=MML00G51HUNB001, Local Cell ID=50513, Cell Name=BRXASN6">
                <measResults>4455859936 1031098 181354 32739 17538 11685 26526 23756 27944 15222 42622 14197 50934 206370 118015 0 0 0 4342741720 39842 0 6380 0 0 0 0 419 119812 177271 7889 389 771 810 799 791 1171 868 224 16 5 1537536048 4336124847 1160593 5841210945 209535 744518 1417273 1346210 1225790301 570745 276060 39810 81982 79810 73158 47426 72914 57304 10775 49 0 423418 0 0 0 120446 48 54 184939 0 0 0 0 0 0 0 0 0 0 0 0 7672334 223560938 618013044 1508552457 64695 341715 203457 311374 0 0 0 0 8534198 30418 15835 0 0 0 0 0 0 0 0 0 0 0 0 0 0 0 0 0 0 0 0 0 0 0 0 0 0 0 0 0 0 0 0 0 0 NIL NIL NIL NIL NIL NIL NIL NIL NIL NIL NIL NIL NIL NIL NIL NIL 0 0 0 937606 12.041 NIL 0 0 76721.836 59381.781 245453.313 401047.094 506130.406 423594.313 859714.688 951215.75 229486.703 1497.072 0 3618139.25 </measResults>
            </measValue>
            <measValue measObjLdn="MML00G51HUNB001/ULoCell:NodeB Function Name=MML00G51HUNB001, Local Cell ID=60511, Cell Name=BRXASN1">
                <measResults>3001276940 1113894 71859 20644 16173 18682 19577 7242 24056 9476 32425 22024 60634 211408 171906 0 0 0 2884489848 15390 0 5571 0 0 0 0 17 94067 139503 2085 483 988 737 590 328 242 167 30 2 2 261264560 2923458844 924783 4446205257 566505 297611 100613 47977 1018222781 508879 122105 96188 197731 121551 70724 31111 19538 12409 1331 0 0 454395 0 0 0 214639 3 29 95695 0 0 0 0 0 0 0 0 0 779 0 0 463050664 1171935996 832681353 397220182 273957 446594 158034 43988 0 0 0 0 944964 4892 2264 0 0 0 0 0 0 0 0 0 0 0 0 0 0 0 0 0 0 0 0 0 0 0 0 0 0 0 0 0 0 0 0 0 0 NIL NIL NIL NIL NIL NIL NIL NIL NIL NIL NIL NIL NIL NIL NIL NIL 0 0 0 796074 3.44 NIL 0 0 48011.641 145862.453 590573.813 587165.5 489427.25 275951.719 224323.234 206545.109 28727.248 0 0 2402713.75 </measResults>
            </measValue>
            <measValue measObjLdn="MML00G51HUNB001/ULoCell:NodeB Function Name=MML00G51HUNB001, Local Cell ID=60512, Cell Name=BRXASN2">
                <measResults>3312548404 1266273 129190 25748 13748 9351 11511 5544 12462 16306 32784 48993 14435 38431 168202 7022 0 0 2703228235 25273 0 5140 0 0 0 0 24 38322 56275 2306 136 373 499 608 800 1385 938 146 13 5 163313160 3317430019 667554 4014558393 218988 656300 716193 226775 140987220 99425 55042 16693 43064 39822 41477 72006 80320 13606 811 9 0 291115 0 0 0 32153 0 2 155243 0 0 0 0 0 0 0 0 0 1650 0 0 61553630 559441444 1890412582 695042918 69276 169467 281213 136388 0 0 0 0 5775871 22191 12070 0 0 0 0 0 0 0 0 0 0 0 0 0 0 0 0 0 0 0 0 0 0 0 0 0 0 0 0 0 0 0 0 0 0 NIL NIL NIL NIL NIL NIL NIL NIL NIL NIL NIL NIL NIL NIL NIL NIL 0 0 0 459228 6.302 NIL 0 0 6778.783 26063.492 129451.594 197105.328 292771.813 651056.563 933052.063 213433.813 17807.814 289.096 0 2434968 </measResults>
            </measValue>
            <measValue measObjLdn="MML00G51HUNB001/ULoCell:NodeB Function Name=MML00G51HUNB001, Local Cell ID=60513, Cell Name=BRXASN3">
                <measResults>2931414800 1014305 260002 59763 25807 17250 26571 15182 19797 25812 53201 115718 138620 27972 0 0 0 0 2316276554 82951 0 16275 0 0 0 0 1106 89336 136292 10248 638 1482 1337 1139 919 1561 759 121 6 3 423342072 2812108049 1266810 4016183284 765468 1383860 1525948 510151 380512533 468054 228016 71392 115851 69773 41682 28495 32438 11456 348 1 0 300044 0 0 0 93607 21 320 303192 0 0 0 0 0 0 0 0 0 1740 0 0 76583864 463571775 1061027345 1023883760 171890 429407 357577 277099 0 0 0 0 7644496 33398 16811 0 0 0 0 0 0 0 0 0 0 0 0 0 0 0 0 0 0 0 0 0 0 0 0 0 0 0 0 0 0 0 0 0 0 NIL NIL NIL NIL NIL NIL NIL NIL NIL NIL NIL NIL NIL NIL NIL NIL 0 0 0 890093 13.895 NIL 0 0 45537.734 104258.852 339137.281 343226.844 289737.281 252148.031 378766 179351.203 7687.264 30.032 0 1790083.875 </measResults>
            </measValue>
        </measInfo>
        <measInfo measInfoId="50331649">
            <granPeriod duration="PT3600S" endTime="2021-08-17T23:00:00+08:00"/>
            <repPeriod duration="PT3600S"/>
            <measTypes>50332578 50332579 50332580 50332581 50342578 50342579 50342580 50342581 </measTypes>
            <measValue measObjLdn="MML00G51HUNB001/NodeBFunction:NodeB Function Name=MML00G51HUNB001">
                <measResults>10.791 1.209 9.397 102.339 15 2.8 14 131.8 </measResults>
            </measValue>
        </measInfo>
        <measInfo measInfoId="50331654">
            <granPeriod duration="PT3600S" endTime="2021-08-17T23:00:00+08:00"/>
            <repPeriod duration="PT3600S"/>
            <measTypes>50332565 50332566 50332633 50332635 </measTypes>
            <measValue measObjLdn="MML00G51HUNB001/NodeBFunction:NodeB Function Name=MML00G51HUNB001">
                <measResults>3072 1792 0 0 </measResults>
            </measValue>
        </measInfo>
        <measInfo measInfoId="50331664">
            <granPeriod duration="PT3600S" endTime="2021-08-17T23:00:00+08:00"/>
            <repPeriod duration="PT3600S"/>
            <measTypes>50332572 50332585 50332587 50332588 50332589 50332590 50332617 50332618 50332625 </measTypes>
            <measValue measObjLdn="MML00G51HUNB001/NodeBFunction:NodeB Function Name=MML00G51HUNB001">
                <measResults>3 0 44 44 0 31 0 0 4 </measResults>
            </measValue>
        </measInfo>
        <measInfo measInfoId="50331666">
            <granPeriod duration="PT3600S" endTime="2021-08-17T23:00:00+08:00"/>
            <repPeriod duration="PT3600S"/>
            <measTypes>50332567 50332568 50332569 50332570 50332571 </measTypes>
            <measValue measObjLdn="MML00G51HUNB001/NodeBFunction:NodeB Function Name=MML00G51HUNB001">
                <measResults>0 0 0 0 0 </measResults>
            </measValue>
        </measInfo>
        <measInfo measInfoId="50331681">
            <granPeriod duration="PT3600S" endTime="2021-08-17T23:00:00+08:00"/>
            <repPeriod duration="PT3600S"/>
            <measTypes>50342640 50342641 50342642 50342643 50342644 50342645 50342646 50342647 </measTypes>
            <measValue measObjLdn="MML00G51HUNB001/NodeBFunction:NodeB Function Name=MML00G51HUNB001">
                <measResults>15958411 16836939 1191858349 3990094837 4446027 2648574 16628375 8866877 </measResults>
            </measValue>
        </measInfo>
        <measInfo measInfoId="50331652">
            <granPeriod duration="PT3600S" endTime="2021-08-17T23:00:00+08:00"/>
            <repPeriod duration="PT3600S"/>
            <measTypes>50332555 50332556 50332557 50332558 50332559 50332560 50332561 50332562 50332563 50332564 50332593 50332594 50342555 50342556 50342561 50342562 50342563 50342564 50342567 50342568 50342569 50342570 50342571 50342572 50342618 50342619 50342621 50342622 50342624 50342625 50342627 50342628 </measTypes>
            <measValue measObjLdn="MML00G51HUNB001/NodeBFunction:NodeB Function Name=MML00G51HUNB001/MocID:2/CnOperator:-1">
                <measResults>0 0 0 0 4112 3536 229.237 103.168 0 103.958 0 0 0 0 280.5 140 0 140.5 68 183.5 80 0 0 0 0 0 0 0 0 0 0 0 </measResults>
            </measValue>
        </measInfo>
        <measInfo measInfoId="50331667">
            <granPeriod duration="PT3600S" endTime="2021-08-17T23:00:00+08:00"/>
            <repPeriod duration="PT3600S"/>
            <measTypes>50332591 50332592 50332595 50332596 50332597 </measTypes>
            <measValue measObjLdn="MML00G51HUNB001/NodeBFunction:NodeB Function Name=MML00G51HUNB001/MocID:2/CnOperator:-1">
                <measResults>0 0 0 0 0 </measResults>
            </measValue>
        </measInfo>
        <measInfo measInfoId="50331668">
            <granPeriod duration="PT3600S" endTime="2021-08-17T23:00:00+08:00"/>
            <repPeriod duration="PT3600S"/>
            <measTypes>50332348 50332349 </measTypes>
            <measValue measObjLdn="MML00G51HUNB001/LOCELL_SECTOREQM:NodeB Function Name=MML00G51HUNB001, Local Cell ID=10511, Sector Equipment ID=0">
                <measResults>0 0 </measResults>
            </measValue>
            <measValue measObjLdn="MML00G51HUNB001/LOCELL_SECTOREQM:NodeB Function Name=MML00G51HUNB001, Local Cell ID=10512, Sector Equipment ID=1">
                <measResults>0 0 </measResults>
            </measValue>
            <measValue measObjLdn="MML00G51HUNB001/LOCELL_SECTOREQM:NodeB Function Name=MML00G51HUNB001, Local Cell ID=10513, Sector Equipment ID=2">
                <measResults>0 0 </measResults>
            </measValue>
            <measValue measObjLdn="MML00G51HUNB001/LOCELL_SECTOREQM:NodeB Function Name=MML00G51HUNB001, Local Cell ID=50511, Sector Equipment ID=6">
                <measResults>0 0 </measResults>
            </measValue>
            <measValue measObjLdn="MML00G51HUNB001/LOCELL_SECTOREQM:NodeB Function Name=MML00G51HUNB001, Local Cell ID=50512, Sector Equipment ID=7">
                <measResults>0 0 </measResults>
            </measValue>
            <measValue measObjLdn="MML00G51HUNB001/LOCELL_SECTOREQM:NodeB Function Name=MML00G51HUNB001, Local Cell ID=50513, Sector Equipment ID=8">
                <measResults>0 0 </measResults>
            </measValue>
            <measValue measObjLdn="MML00G51HUNB001/LOCELL_SECTOREQM:NodeB Function Name=MML00G51HUNB001, Local Cell ID=60511, Sector Equipment ID=10">
                <measResults>0 0 </measResults>
            </measValue>
            <measValue measObjLdn="MML00G51HUNB001/LOCELL_SECTOREQM:NodeB Function Name=MML00G51HUNB001, Local Cell ID=60512, Sector Equipment ID=11">
                <measResults>0 0 </measResults>
            </measValue>
            <measValue measObjLdn="MML00G51HUNB001/LOCELL_SECTOREQM:NodeB Function Name=MML00G51HUNB001, Local Cell ID=60513, Sector Equipment ID=12">
                <measResults>0 0 </measResults>
            </measValue>
        </measInfo>
        <measInfo measInfoId="50331669">
            <granPeriod duration="PT3600S" endTime="2021-08-17T23:00:00+08:00"/>
            <repPeriod duration="PT3600S"/>
            <measTypes>50332350 50332351 50332352 50332353 </measTypes>
            <measValue measObjLdn="MML00G51HUNB001/LOCELL_SECTOREQM:NodeB Function Name=MML00G51HUNB001, Local Cell ID=10511, Sector Equipment ID=0">
                <measResults>10689 2 10587 10595 </measResults>
            </measValue>
            <measValue measObjLdn="MML00G51HUNB001/LOCELL_SECTOREQM:NodeB Function Name=MML00G51HUNB001, Local Cell ID=10512, Sector Equipment ID=1">
                <measResults>20826 4 20533 20564 </measResults>
            </measValue>
            <measValue measObjLdn="MML00G51HUNB001/LOCELL_SECTOREQM:NodeB Function Name=MML00G51HUNB001, Local Cell ID=10513, Sector Equipment ID=2">
                <measResults>10541 5 10299 10358 </measResults>
            </measValue>
            <measValue measObjLdn="MML00G51HUNB001/LOCELL_SECTOREQM:NodeB Function Name=MML00G51HUNB001, Local Cell ID=50511, Sector Equipment ID=6">
                <measResults>18117 18 17531 17614 </measResults>
            </measValue>
            <measValue measObjLdn="MML00G51HUNB001/LOCELL_SECTOREQM:NodeB Function Name=MML00G51HUNB001, Local Cell ID=50512, Sector Equipment ID=7">
                <measResults>20745 46 19272 20096 </measResults>
            </measValue>
            <measValue measObjLdn="MML00G51HUNB001/LOCELL_SECTOREQM:NodeB Function Name=MML00G51HUNB001, Local Cell ID=50513, Sector Equipment ID=8">
                <measResults>82126 965 76453 77833 </measResults>
            </measValue>
            <measValue measObjLdn="MML00G51HUNB001/LOCELL_SECTOREQM:NodeB Function Name=MML00G51HUNB001, Local Cell ID=60511, Sector Equipment ID=10">
                <measResults>17451 14 15723 15739 </measResults>
            </measValue>
            <measValue measObjLdn="MML00G51HUNB001/LOCELL_SECTOREQM:NodeB Function Name=MML00G51HUNB001, Local Cell ID=60512, Sector Equipment ID=11">
                <measResults>35582 1960 29920 30165 </measResults>
            </measValue>
            <measValue measObjLdn="MML00G51HUNB001/LOCELL_SECTOREQM:NodeB Function Name=MML00G51HUNB001, Local Cell ID=60513, Sector Equipment ID=12">
                <measResults>82837 325 78292 80157 </measResults>
            </measValue>
        </measInfo>
        <measInfo measInfoId="50331670">
            <granPeriod duration="PT3600S" endTime="2021-08-17T23:00:00+08:00"/>
            <repPeriod duration="PT3600S"/>
            <measTypes>50332354 50332355 </measTypes>
            <measValue measObjLdn="MML00G51HUNB001/LOCELL_SECTOREQM:NodeB Function Name=MML00G51HUNB001, Local Cell ID=10511, Sector Equipment ID=0">
                <measResults>0 0 </measResults>
            </measValue>
            <measValue measObjLdn="MML00G51HUNB001/LOCELL_SECTOREQM:NodeB Function Name=MML00G51HUNB001, Local Cell ID=10512, Sector Equipment ID=1">
                <measResults>0 0 </measResults>
            </measValue>
            <measValue measObjLdn="MML00G51HUNB001/LOCELL_SECTOREQM:NodeB Function Name=MML00G51HUNB001, Local Cell ID=10513, Sector Equipment ID=2">
                <measResults>0 0 </measResults>
            </measValue>
            <measValue measObjLdn="MML00G51HUNB001/LOCELL_SECTOREQM:NodeB Function Name=MML00G51HUNB001, Local Cell ID=50511, Sector Equipment ID=6">
                <measResults>0 0 </measResults>
            </measValue>
            <measValue measObjLdn="MML00G51HUNB001/LOCELL_SECTOREQM:NodeB Function Name=MML00G51HUNB001, Local Cell ID=50512, Sector Equipment ID=7">
                <measResults>0 0 </measResults>
            </measValue>
            <measValue measObjLdn="MML00G51HUNB001/LOCELL_SECTOREQM:NodeB Function Name=MML00G51HUNB001, Local Cell ID=50513, Sector Equipment ID=8">
                <measResults>0 0 </measResults>
            </measValue>
            <measValue measObjLdn="MML00G51HUNB001/LOCELL_SECTOREQM:NodeB Function Name=MML00G51HUNB001, Local Cell ID=60511, Sector Equipment ID=10">
                <measResults>0 0 </measResults>
            </measValue>
            <measValue measObjLdn="MML00G51HUNB001/LOCELL_SECTOREQM:NodeB Function Name=MML00G51HUNB001, Local Cell ID=60512, Sector Equipment ID=11">
                <measResults>0 0 </measResults>
            </measValue>
            <measValue measObjLdn="MML00G51HUNB001/LOCELL_SECTOREQM:NodeB Function Name=MML00G51HUNB001, Local Cell ID=60513, Sector Equipment ID=12">
                <measResults>0 0 </measResults>
            </measValue>
        </measInfo>
        <measInfo measInfoId="50331672">
            <granPeriod duration="PT3600S" endTime="2021-08-17T23:00:00+08:00"/>
            <repPeriod duration="PT3600S"/>
            <measTypes>50342590 50342591 50342592 50342593 50342594 50342595 50342596 50342597 </measTypes>
            <measValue measObjLdn="MML00G51HUNB001/LOCELL_SECTOREQM:NodeB Function Name=MML00G51HUNB001, Local Cell ID=10511, Sector Equipment ID=0">
                <measResults>-96.777 -98.898 -97.16 -100.642 -98 -100.3 -98.6 -102.8 </measResults>
            </measValue>
            <measValue measObjLdn="MML00G51HUNB001/LOCELL_SECTOREQM:NodeB Function Name=MML00G51HUNB001, Local Cell ID=10512, Sector Equipment ID=1">
                <measResults>-97.863 -97.349 -96.741 -99.029 -100.3 -101.1 -99.5 -101.7 </measResults>
            </measValue>
            <measValue measObjLdn="MML00G51HUNB001/LOCELL_SECTOREQM:NodeB Function Name=MML00G51HUNB001, Local Cell ID=10513, Sector Equipment ID=2">
                <measResults>-77.54 -78.306 -79.558 -77.44 -78 -78.9 -80.2 -77.9 </measResults>
            </measValue>
            <measValue measObjLdn="MML00G51HUNB001/LOCELL_SECTOREQM:NodeB Function Name=MML00G51HUNB001, Local Cell ID=50511, Sector Equipment ID=6">
                <measResults>-91.567 -90.671 NIL NIL -93 -92 NIL NIL </measResults>
            </measValue>
            <measValue measObjLdn="MML00G51HUNB001/LOCELL_SECTOREQM:NodeB Function Name=MML00G51HUNB001, Local Cell ID=50512, Sector Equipment ID=7">
                <measResults>-98.09 -97.282 NIL NIL -100 -98.4 NIL NIL </measResults>
            </measValue>
            <measValue measObjLdn="MML00G51HUNB001/LOCELL_SECTOREQM:NodeB Function Name=MML00G51HUNB001, Local Cell ID=50513, Sector Equipment ID=8">
                <measResults>-84.123 -82.845 NIL NIL -85.7 -84.5 NIL NIL </measResults>
            </measValue>
            <measValue measObjLdn="MML00G51HUNB001/LOCELL_SECTOREQM:NodeB Function Name=MML00G51HUNB001, Local Cell ID=60511, Sector Equipment ID=10">
                <measResults>-86.121 -85.056 NIL NIL -87.2 -86 NIL NIL </measResults>
            </measValue>
            <measValue measObjLdn="MML00G51HUNB001/LOCELL_SECTOREQM:NodeB Function Name=MML00G51HUNB001, Local Cell ID=60512, Sector Equipment ID=11">
                <measResults>-78.95 -78.48 NIL NIL -79.8 -79.1 NIL NIL </measResults>
            </measValue>
            <measValue measObjLdn="MML00G51HUNB001/LOCELL_SECTOREQM:NodeB Function Name=MML00G51HUNB001, Local Cell ID=60513, Sector Equipment ID=12">
                <measResults>-79.504 -76.334 NIL NIL -81.1 -77.4 NIL NIL </measResults>
            </measValue>
        </measInfo>
        <measInfo measInfoId="50331682">
            <granPeriod duration="PT3600S" endTime="2021-08-17T23:00:00+08:00"/>
            <repPeriod duration="PT3600S"/>
            <measTypes>50332602 50332603 50332615 50332616 </measTypes>
            <measValue measObjLdn="MML00G51HUNB001/LOCELL_SECTOREQM:NodeB Function Name=MML00G51HUNB001, Local Cell ID=10511, Sector Equipment ID=0">
                <measResults>NIL NIL NIL NIL </measResults>
            </measValue>
            <measValue measObjLdn="MML00G51HUNB001/LOCELL_SECTOREQM:NodeB Function Name=MML00G51HUNB001, Local Cell ID=10512, Sector Equipment ID=1">
                <measResults>NIL NIL NIL NIL </measResults>
            </measValue>
            <measValue measObjLdn="MML00G51HUNB001/LOCELL_SECTOREQM:NodeB Function Name=MML00G51HUNB001, Local Cell ID=10513, Sector Equipment ID=2">
                <measResults>NIL NIL NIL NIL </measResults>
            </measValue>
            <measValue measObjLdn="MML00G51HUNB001/LOCELL_SECTOREQM:NodeB Function Name=MML00G51HUNB001, Local Cell ID=50511, Sector Equipment ID=6">
                <measResults>NIL NIL NIL NIL </measResults>
            </measValue>
            <measValue measObjLdn="MML00G51HUNB001/LOCELL_SECTOREQM:NodeB Function Name=MML00G51HUNB001, Local Cell ID=50512, Sector Equipment ID=7">
                <measResults>NIL NIL NIL NIL </measResults>
            </measValue>
            <measValue measObjLdn="MML00G51HUNB001/LOCELL_SECTOREQM:NodeB Function Name=MML00G51HUNB001, Local Cell ID=50513, Sector Equipment ID=8">
                <measResults>NIL NIL NIL NIL </measResults>
            </measValue>
            <measValue measObjLdn="MML00G51HUNB001/LOCELL_SECTOREQM:NodeB Function Name=MML00G51HUNB001, Local Cell ID=60511, Sector Equipment ID=10">
                <measResults>NIL NIL NIL NIL </measResults>
            </measValue>
            <measValue measObjLdn="MML00G51HUNB001/LOCELL_SECTOREQM:NodeB Function Name=MML00G51HUNB001, Local Cell ID=60512, Sector Equipment ID=11">
                <measResults>NIL NIL NIL NIL </measResults>
            </measValue>
            <measValue measObjLdn="MML00G51HUNB001/LOCELL_SECTOREQM:NodeB Function Name=MML00G51HUNB001, Local Cell ID=60513, Sector Equipment ID=12">
                <measResults>NIL NIL NIL NIL </measResults>
            </measValue>
        </measInfo>
    </measData>
    <fileFooter>
        <measCollec endTime="2021-08-17T23:00:00+08:00"/>
    </fileFooter>
</measCollecFile>
