<?xml version="1.0" encoding="UTF-8"?>
<measCollecFile xmlns="http://latest/nmc-omc/cmNrm.doc#measCollec" xmlns:xsi="http://www.w3.org/2001/XMLSchema-instance" xsi:schemaLocation="http://latest/nmc-omc/cmNrm.doc#measCollec schema\pmResultSchedule.xsd">
    <fileHeader fileFormatVersion="32.435 V7.2" vendorName="Huawei">
        <fileSender elementType="MGW"/>
        <measCollec beginTime="2021-08-11T22:00:00+08:00"/>
    </fileHeader>
    <measData>
        <managedElement userLabel="MG04ECEB"/>
        <measInfo measInfoId="100665814">
            <granPeriod duration="PT3600S" endTime="2021-08-11T23:00:00+08:00"/>
            <repPeriod duration="PT3600S"/>
            <measTypes>100991139 100991140 100991243 100991244 100991245 100991246 100991247 100991248 100991249 100991250 100991251 100991821 100991822 100991823 </measTypes>
            <measValue measObjLdn="MG04ECEB/MGWFunction:MG04ECEB">
                <measResults>5526 47424 61440 47424 41878 119485 119485 0 0 21083741 122741 0 0 0 </measResults>
            </measValue>
        </measInfo>
        <measInfo measInfoId="100665892">
            <granPeriod duration="PT3600S" endTime="2021-08-11T23:00:00+08:00"/>
            <repPeriod duration="PT3600S"/>
            <measTypes>100991900 100991901 100991902 100991903 100991904 100991905 100992144 100992145 100992146 100992147 100992148 100992149 100992150 100992151 100992152 100992153 100992154 100992155 100992156 100992157 100992160 100992161 100992162 100992163 </measTypes>
            <measValue measObjLdn="MG04ECEB/MGWFunction:MG04ECEB">
                <measResults>3859 5666 0 0 0 0 0 0 0 0 0 0 0 0 0 0 0 0 0 0 262 406 0 0 </measResults>
            </measValue>
        </measInfo>
        <measInfo measInfoId="100665880">
            <granPeriod duration="PT3600S" endTime="2021-08-11T23:00:00+08:00"/>
            <repPeriod duration="PT3600S"/>
            <measTypes>100991622 100991623 </measTypes>
            <measValue measObjLdn="MG04ECEB/MGWFunction:MG04ECEB">
                <measResults>0 0 </measResults>
            </measValue>
        </measInfo>
        <measInfo measInfoId="100665805">
            <granPeriod duration="PT3600S" endTime="2021-08-11T23:00:00+08:00"/>
            <repPeriod duration="PT3600S"/>
            <measTypes>100991088 100991089 100991090 100991091 100991092 100991093 100991094 100991095 100991096 100991097 100991098 100991145 100991146 100991147 100991418 100991419 100991663 100991664 100991764 100991765 100991766 </measTypes>
            <measValue measObjLdn="MG04ECEB/MGW:VMGWID=4">
                <measResults>17755 18519 3315912 1291 864 0 0 0 16446 0 0 1 1 0 5 2072 17750 100 0 0 0 </measResults>
            </measValue>
            <measValue measObjLdn="MG04ECEB/MGW:VMGWID=9">
                <measResults>19110 19906 3608502 1396 940 0 0 0 17900 0 0 0 0 0 5 2006 19105 100 0 0 0 </measResults>
            </measValue>
            <measValue measObjLdn="MG04ECEB/MGW:VMGWID=0">
                <measResults>0 0 0 0 0 0 0 0 0 0 0 0 0 0 0 0 0 NIL 0 0 0 </measResults>
            </measValue>
            <measValue measObjLdn="MG04ECEB/MGW:VMGWID=3">
                <measResults>19185 19904 3267881 1267 847 0 0 0 16600 0 0 1 1 0 4 3303 19181 100 0 0 0 </measResults>
            </measValue>
            <measValue measObjLdn="MG04ECEB/MGW:VMGWID=2">
                <measResults>17801 18489 3162524 1250 830 0 0 0 16136 0 0 0 0 0 4 2353 17797 100 0 0 0 </measResults>
            </measValue>
        </measInfo>
        <measInfo measInfoId="100665842">
            <granPeriod duration="PT3600S" endTime="2021-08-11T23:00:00+08:00"/>
            <repPeriod duration="PT3600S"/>
            <measTypes>100991422 100991423 100991424 100991425 100991426 100992111 100992112 100992113 </measTypes>
            <measValue measObjLdn="MG04ECEB/MGW:VMGWID=2">
                <measResults>9260 2807 18404 0 10217 0 0 4 </measResults>
            </measValue>
            <measValue measObjLdn="MG04ECEB/MGW:VMGWID=4">
                <measResults>9523 2817 18441 0 10310 0 0 5 </measResults>
            </measValue>
            <measValue measObjLdn="MG04ECEB/MGW:VMGWID=9">
                <measResults>10435 3561 19791 0 11909 0 0 5 </measResults>
            </measValue>
            <measValue measObjLdn="MG04ECEB/MGW:VMGWID=0">
                <measResults>0 0 0 0 0 0 0 0 </measResults>
            </measValue>
            <measValue measObjLdn="MG04ECEB/MGW:VMGWID=3">
                <measResults>9315 2651 19797 0 10094 0 0 4 </measResults>
            </measValue>
        </measInfo>
        <measInfo measInfoId="100665798">
            <granPeriod duration="PT3600S" endTime="2021-08-11T23:00:00+08:00"/>
            <repPeriod duration="PT3600S"/>
            <measTypes>100991027 100991028 100991029 100991030 100991031 100991032 100991033 100991034 100991035 100991036 100991037 100991038 100991039 100991040 100991041 100991042 100991043 100991044 100991045 100991046 100991047 100991048 100991049 100991050 100991051 100991052 100991053 100991054 100991234 100991235 100991427 100991428 100991429 100991430 100991431 100991432 100991433 100991434 100991523 </measTypes>
            <measValue measObjLdn="MG04ECEB/MGW:VMGWID=0">
                <measResults>0 0 0 0 0 0 0 0 0 0 0 0 0 0 0 0 0 0 0 0 0 0 0 0 0 0 0 0 0 0 0 0 0 0 0 0 0 0 0 </measResults>
            </measValue>
            <measValue measObjLdn="MG04ECEB/MGW:VMGWID=2">
                <measResults>188795 188794 140992 47801 47803 140993 143718 47801 47803 143719 0 0 0 0 47801 47803 42774 42774 44312 44311 168 168 56313 56315 2712 2712 0 0 53445360 25900680 6 0 0 0 0 0 0 0 0 </measResults>
            </measValue>
            <measValue measObjLdn="MG04ECEB/MGW:VMGWID=9">
                <measResults>201907 201910 150716 51191 51191 150719 153312 51191 51191 153315 0 0 0 0 51191 51191 45401 45401 47194 47195 209 209 60356 60359 3148 3148 0 0 57317143 27629806 4 0 1 0 0 0 0 0 0 </measResults>
            </measValue>
            <measValue measObjLdn="MG04ECEB/MGW:VMGWID=3">
                <measResults>201640 201644 150982 50658 50658 150986 153915 50658 50658 153919 0 0 0 0 50658 50658 46498 46500 48213 48213 183 183 58802 58804 2760 2760 0 0 57212891 27601364 3 0 3 0 0 0 0 0 0 </measResults>
            </measValue>
            <measValue measObjLdn="MG04ECEB/MGW:VMGWID=4">
                <measResults>188830 188834 140753 48077 48077 140757 143175 48077 48077 143180 0 0 0 0 48077 48077 42842 42844 44566 44568 161 161 55113 55115 2801 2801 0 0 53406163 25964872 4 0 0 0 0 0 0 0 0 </measResults>
            </measValue>
        </measInfo>
        <measInfo measInfoId="100665911">
            <granPeriod duration="PT3600S" endTime="2021-08-11T23:00:00+08:00"/>
            <repPeriod duration="PT3600S"/>
            <measTypes>100991997 100991998 100991999 100992000 100992001 100992002 100992003 100992004 100992005 100992006 100992007 100992008 100992009 100992010 100992011 100992012 100992013 100992014 100992015 </measTypes>
            <measValue measObjLdn="MG04ECEB/MGW:VMGWID=0">
                <measResults>0 0 0 0 0 0 0 0 0 0 0 0 0 0 0 0 0 0 0 </measResults>
            </measValue>
            <measValue measObjLdn="MG04ECEB/MGW:VMGWID=3">
                <measResults>201644 0 273640 0 0 0 201644 273640 201644 273640 0 0 0 0 0 0 0 0 0 </measResults>
            </measValue>
            <measValue measObjLdn="MG04ECEB/MGW:VMGWID=9">
                <measResults>201910 0 273908 0 0 0 201910 273908 201910 273908 0 0 0 0 0 0 0 0 0 </measResults>
            </measValue>
            <measValue measObjLdn="MG04ECEB/MGW:VMGWID=2">
                <measResults>188794 0 260800 0 0 0 188794 260800 188794 260800 0 0 0 0 0 0 0 0 0 </measResults>
            </measValue>
            <measValue measObjLdn="MG04ECEB/MGW:VMGWID=4">
                <measResults>188834 0 260830 0 0 0 188834 260830 188834 260830 0 0 0 0 0 0 0 0 0 </measResults>
            </measValue>
        </measInfo>
        <measInfo measInfoId="100665806">
            <granPeriod duration="PT3600S" endTime="2021-08-11T23:00:00+08:00"/>
            <repPeriod duration="PT3600S"/>
            <measTypes>100991105 100991106 100991107 100991108 100991141 100991142 100991143 100991144 100991767 100991768 </measTypes>
            <measValue measObjLdn="MG04ECEB/MGW:VMGWID=2">
                <measResults>1947 1319 0 0 0 0 3 0 0 0 </measResults>
            </measValue>
            <measValue measObjLdn="MG04ECEB/MGW:VMGWID=4">
                <measResults>2042 1390 0 0 0 0 6 0 0 0 </measResults>
            </measValue>
            <measValue measObjLdn="MG04ECEB/MGW:VMGWID=9">
                <measResults>2217 1501 0 0 0 0 3 0 0 0 </measResults>
            </measValue>
            <measValue measObjLdn="MG04ECEB/MGW:VMGWID=3">
                <measResults>2025 1337 0 0 1 0 9 0 0 0 </measResults>
            </measValue>
            <measValue measObjLdn="MG04ECEB/MGW:VMGWID=0">
                <measResults>0 0 0 0 0 0 0 0 0 0 </measResults>
            </measValue>
        </measInfo>
        <measInfo measInfoId="100665916">
            <granPeriod duration="PT3600S" endTime="2021-08-11T23:00:00+08:00"/>
            <repPeriod duration="PT3600S"/>
            <measTypes>100992080 100992081 100992082 100992083 100992084 100992085 </measTypes>
            <measValue measObjLdn="MG04ECEB/MGW:VMGWID=0">
                <measResults>0 0 0 0 0 0 </measResults>
            </measValue>
            <measValue measObjLdn="MG04ECEB/MGW:VMGWID=3">
                <measResults>0 0 0 0 0 0 </measResults>
            </measValue>
            <measValue measObjLdn="MG04ECEB/MGW:VMGWID=9">
                <measResults>0 0 0 0 0 0 </measResults>
            </measValue>
            <measValue measObjLdn="MG04ECEB/MGW:VMGWID=2">
                <measResults>0 0 0 0 0 0 </measResults>
            </measValue>
            <measValue measObjLdn="MG04ECEB/MGW:VMGWID=4">
                <measResults>0 0 0 0 0 0 </measResults>
            </measValue>
        </measInfo>
        <measInfo measInfoId="100665906">
            <granPeriod duration="PT3600S" endTime="2021-08-11T23:00:00+08:00"/>
            <repPeriod duration="PT3600S"/>
            <measTypes>100991853 100991854 100991855 100991856 100991857 100991858 100991859 100991860 100991863 100991864 100991865 100991866 100991867 100991868 100991869 100991870 100991871 100991872 100991873 100991874 100991875 100991876 100991877 100991878 100991879 100991880 100991881 100991882 100991883 100991884 100991885 100991886 100991887 100991888 100991995 100991996 </measTypes>
            <measValue measObjLdn="MG04ECEB/MGW:VMGWID=4">
                <measResults>94 94 0 0 0 0 0 0 16281 16281 1019 1019 0 0 3195 3195 124 124 0 0 0 0 0 0 0 0 0 0 0 0 0 0 419 419 0 0 </measResults>
            </measValue>
            <measValue measObjLdn="MG04ECEB/MGW:VMGWID=2">
                <measResults>184 184 0 0 0 0 0 0 16061 16061 892 892 2 2 3287 3287 116 116 0 0 0 0 0 0 0 0 0 0 0 0 0 0 294 294 0 0 </measResults>
            </measValue>
            <measValue measObjLdn="MG04ECEB/MGW:VMGWID=3">
                <measResults>246 246 0 0 0 0 0 0 15742 15742 1033 1033 0 0 3110 3110 154 154 0 0 0 0 0 0 0 0 0 0 0 0 0 0 354 354 0 0 </measResults>
            </measValue>
            <measValue measObjLdn="MG04ECEB/MGW:VMGWID=9">
                <measResults>1026 1026 0 0 0 0 0 0 17999 17999 1075 1075 1 1 3601 3601 152 152 0 0 0 0 0 0 0 0 0 0 0 0 0 0 594 594 0 0 </measResults>
            </measValue>
            <measValue measObjLdn="MG04ECEB/MGW:VMGWID=0">
                <measResults>0 0 0 0 0 0 0 0 0 0 0 0 0 0 0 0 0 0 0 0 0 0 0 0 0 0 0 0 0 0 0 0 0 0 0 0 </measResults>
            </measValue>
        </measInfo>
        <measInfo measInfoId="100665915">
            <granPeriod duration="PT3600S" endTime="2021-08-11T23:00:00+08:00"/>
            <repPeriod duration="PT3600S"/>
            <measTypes>100992048 100992049 100992050 100992051 100992052 100992053 100992054 100992055 100992056 100992057 100992058 100992059 100992060 100992061 100992062 100992063 100992064 100992065 100992066 100992067 100992068 100992069 100992070 100992071 100992072 100992073 100992074 100992075 100992076 100992077 100992078 100992079 </measTypes>
            <measValue measObjLdn="MG04ECEB/MGW:VMGWID=0">
                <measResults>0 0 0 0 0 0 0 0 0 0 0 0 0 0 0 0 0 0 0 0 0 0 0 0 0 0 0 0 0 0 0 0 </measResults>
            </measValue>
            <measValue measObjLdn="MG04ECEB/MGW:VMGWID=3">
                <measResults>246 246 0 0 0 0 0 0 0 0 15742 15742 1033 1033 0 0 3110 3110 154 154 0 0 0 0 0 0 0 0 354 354 0 0 </measResults>
            </measValue>
            <measValue measObjLdn="MG04ECEB/MGW:VMGWID=9">
                <measResults>1026 1026 0 0 0 0 0 0 0 0 17999 17999 1075 1075 1 1 3601 3601 152 152 0 0 0 0 0 0 0 0 594 594 0 0 </measResults>
            </measValue>
            <measValue measObjLdn="MG04ECEB/MGW:VMGWID=2">
                <measResults>184 184 0 0 0 0 0 0 0 0 16061 16061 892 892 2 2 3287 3287 116 116 0 0 0 0 0 0 0 0 294 294 0 0 </measResults>
            </measValue>
            <measValue measObjLdn="MG04ECEB/MGW:VMGWID=4">
                <measResults>94 94 0 0 0 0 0 0 0 0 16281 16281 1019 1019 0 0 3195 3195 124 124 0 0 0 0 0 0 0 0 419 419 0 0 </measResults>
            </measValue>
        </measInfo>
        <measInfo measInfoId="100665835">
            <granPeriod duration="PT3600S" endTime="2021-08-11T23:00:00+08:00"/>
            <repPeriod duration="PT3600S"/>
            <measTypes>100991386 100991387 100991388 </measTypes>
            <measValue measObjLdn="MG04ECEB/Board:FN=2, SN=3, BP=Front">
                <measResults>317 3072 10 </measResults>
            </measValue>
            <measValue measObjLdn="MG04ECEB/Board:FN=3, SN=3, BP=Front">
                <measResults>38 1344 3 </measResults>
            </measValue>
            <measValue measObjLdn="MG04ECEB/Board:FN=1, SN=1, BP=Front">
                <measResults>529 3072 17 </measResults>
            </measValue>
            <measValue measObjLdn="MG04ECEB/Board:FN=2, SN=11, BP=Front">
                <measResults>36 1344 3 </measResults>
            </measValue>
            <measValue measObjLdn="MG04ECEB/Board:FN=1, SN=3, BP=Front">
                <measResults>310 3072 10 </measResults>
            </measValue>
            <measValue measObjLdn="MG04ECEB/Board:FN=2, SN=12, BP=Front">
                <measResults>38 1344 3 </measResults>
            </measValue>
            <measValue measObjLdn="MG04ECEB/Board:FN=1, SN=11, BP=Front">
                <measResults>320 3072 10 </measResults>
            </measValue>
            <measValue measObjLdn="MG04ECEB/Board:FN=2, SN=0, BP=Front">
                <measResults>554 3072 18 </measResults>
            </measValue>
            <measValue measObjLdn="MG04ECEB/Board:FN=3, SN=1, BP=Front">
                <measResults>525 3072 17 </measResults>
            </measValue>
            <measValue measObjLdn="MG04ECEB/Board:FN=3, SN=2, BP=Front">
                <measResults>519 3072 17 </measResults>
            </measValue>
            <measValue measObjLdn="MG04ECEB/Board:FN=1, SN=0, BP=Front">
                <measResults>42 2112 2 </measResults>
            </measValue>
            <measValue measObjLdn="MG04ECEB/Board:FN=2, SN=2, BP=Front">
                <measResults>522 3072 17 </measResults>
            </measValue>
            <measValue measObjLdn="MG04ECEB/Board:FN=2, SN=10, BP=Front">
                <measResults>39 1344 3 </measResults>
            </measValue>
            <measValue measObjLdn="MG04ECEB/Board:FN=3, SN=10, BP=Front">
                <measResults>36 1344 3 </measResults>
            </measValue>
            <measValue measObjLdn="MG04ECEB/Board:FN=1, SN=2, BP=Front">
                <measResults>533 3072 17 </measResults>
            </measValue>
            <measValue measObjLdn="MG04ECEB/Board:FN=1, SN=10, BP=Front">
                <measResults>39 1344 3 </measResults>
            </measValue>
            <measValue measObjLdn="MG04ECEB/Board:FN=3, SN=11, BP=Front">
                <measResults>524 3072 17 </measResults>
            </measValue>
            <measValue measObjLdn="MG04ECEB/Board:FN=1, SN=12, BP=Front">
                <measResults>40 1344 3 </measResults>
            </measValue>
            <measValue measObjLdn="MG04ECEB/Board:FN=3, SN=0, BP=Front">
                <measResults>36 2112 2 </measResults>
            </measValue>
            <measValue measObjLdn="MG04ECEB/Board:FN=2, SN=1, BP=Front">
                <measResults>529 3072 17 </measResults>
            </measValue>
        </measInfo>
        <measInfo measInfoId="100665859">
            <granPeriod duration="PT3600S" endTime="2021-08-11T23:00:00+08:00"/>
            <repPeriod duration="PT3600S"/>
            <measTypes>100991582 100991583 100991584 </measTypes>
            <measValue measObjLdn="MG04ECEB/Board:FN=1, SN=10, BP=Front">
                <measResults>0 0 NIL </measResults>
            </measValue>
            <measValue measObjLdn="MG04ECEB/Board:FN=3, SN=1, BP=Front">
                <measResults>0 0 NIL </measResults>
            </measValue>
            <measValue measObjLdn="MG04ECEB/Board:FN=1, SN=12, BP=Front">
                <measResults>0 0 NIL </measResults>
            </measValue>
            <measValue measObjLdn="MG04ECEB/Board:FN=2, SN=1, BP=Front">
                <measResults>0 0 NIL </measResults>
            </measValue>
            <measValue measObjLdn="MG04ECEB/Board:FN=3, SN=3, BP=Front">
                <measResults>0 0 NIL </measResults>
            </measValue>
            <measValue measObjLdn="MG04ECEB/Board:FN=2, SN=3, BP=Front">
                <measResults>0 0 NIL </measResults>
            </measValue>
            <measValue measObjLdn="MG04ECEB/Board:FN=3, SN=11, BP=Front">
                <measResults>0 0 NIL </measResults>
            </measValue>
            <measValue measObjLdn="MG04ECEB/Board:FN=1, SN=1, BP=Front">
                <measResults>0 0 NIL </measResults>
            </measValue>
            <measValue measObjLdn="MG04ECEB/Board:FN=2, SN=11, BP=Front">
                <measResults>0 0 NIL </measResults>
            </measValue>
            <measValue measObjLdn="MG04ECEB/Board:FN=1, SN=3, BP=Front">
                <measResults>0 0 NIL </measResults>
            </measValue>
            <measValue measObjLdn="MG04ECEB/Board:FN=3, SN=0, BP=Front">
                <measResults>0 340 0 </measResults>
            </measValue>
            <measValue measObjLdn="MG04ECEB/Board:FN=1, SN=11, BP=Front">
                <measResults>0 0 NIL </measResults>
            </measValue>
            <measValue measObjLdn="MG04ECEB/Board:FN=3, SN=2, BP=Front">
                <measResults>0 0 NIL </measResults>
            </measValue>
            <measValue measObjLdn="MG04ECEB/Board:FN=2, SN=0, BP=Front">
                <measResults>0 0 NIL </measResults>
            </measValue>
            <measValue measObjLdn="MG04ECEB/Board:FN=3, SN=10, BP=Front">
                <measResults>0 0 NIL </measResults>
            </measValue>
            <measValue measObjLdn="MG04ECEB/Board:FN=1, SN=0, BP=Front">
                <measResults>0 340 0 </measResults>
            </measValue>
            <measValue measObjLdn="MG04ECEB/Board:FN=2, SN=2, BP=Front">
                <measResults>0 0 NIL </measResults>
            </measValue>
            <measValue measObjLdn="MG04ECEB/Board:FN=2, SN=10, BP=Front">
                <measResults>0 0 NIL </measResults>
            </measValue>
            <measValue measObjLdn="MG04ECEB/Board:FN=1, SN=2, BP=Front">
                <measResults>0 0 NIL </measResults>
            </measValue>
            <measValue measObjLdn="MG04ECEB/Board:FN=2, SN=12, BP=Front">
                <measResults>0 0 NIL </measResults>
            </measValue>
        </measInfo>
        <measInfo measInfoId="100665821">
            <granPeriod duration="PT3600S" endTime="2021-08-11T23:00:00+08:00"/>
            <repPeriod duration="PT3600S"/>
            <measTypes>100991203 100991204 </measTypes>
            <measValue measObjLdn="MG04ECEB/M3UADsp:Label=MS03ECEB_0, INDEX =11">
                <measResults>0 0 </measResults>
            </measValue>
            <measValue measObjLdn="MG04ECEB/M3UADsp:Label=MS03ECEB_1, INDEX =111">
                <measResults>0 3600 </measResults>
            </measValue>
        </measInfo>
        <measInfo measInfoId="100665819">
            <granPeriod duration="PT3600S" endTime="2021-08-11T23:00:00+08:00"/>
            <repPeriod duration="PT3600S"/>
            <measTypes>100991155 100991156 100991157 100991158 100991159 100991160 100991161 100991162 100991163 100991164 100991165 100991166 100991167 100991168 100991169 100991170 100991171 100991172 100991173 100991174 100991175 100991176 100991177 100991836 100991837 100991838 100991839 100991840 100991841 100991842 100991843 100991844 </measTypes>
            <measValue measObjLdn="MG04ECEB/M3UALinkSet:Label=MS03ECEB, INDEX =11">
                <measResults>0 0 0 0 0 0 0 0 0 0 0 0 0 0 0 0 0 0 0 0 0 0 0 0 0 0 0 0 0 0 0 0 </measResults>
            </measValue>
        </measInfo>
        <measInfo measInfoId="100665820">
            <granPeriod duration="PT3600S" endTime="2021-08-11T23:00:00+08:00"/>
            <repPeriod duration="PT3600S"/>
            <measTypes>100991178 100991179 100991180 100991181 100991182 100991183 100991184 100991185 100991186 100991187 100991188 100991189 100991190 100991191 100991192 100991193 100991194 100991195 100991196 100991197 100991198 100991199 100991200 100991201 100991202 100991395 100991396 </measTypes>
            <measValue measObjLdn="MG04ECEB/M3UALink:Label=MS03ECEB_05, LinkNo=5">
                <measResults>0 0 0 0 0 0 0 0 0 0 0 0 0 0 0 0 0 0 0 0 0 0 0 0 0 50 50 </measResults>
            </measValue>
            <measValue measObjLdn="MG04ECEB/M3UALink:Label=MS03ECEB_07, LinkNo=7">
                <measResults>0 0 0 0 0 0 0 0 0 0 0 0 0 0 0 0 0 0 0 0 0 0 0 0 0 50 50 </measResults>
            </measValue>
            <measValue measObjLdn="MG04ECEB/M3UALink:Label=MS03ECEB_00, LinkNo=0">
                <measResults>0 0 0 0 0 0 0 0 0 0 0 0 0 0 0 0 0 0 0 0 0 0 0 0 0 50 50 </measResults>
            </measValue>
            <measValue measObjLdn="MG04ECEB/M3UALink:Label=MS03ECEB_09, LinkNo=9">
                <measResults>0 0 0 0 0 0 0 0 0 0 0 0 0 0 0 0 0 0 0 0 0 0 0 0 0 50 50 </measResults>
            </measValue>
            <measValue measObjLdn="MG04ECEB/M3UALink:Label=MS03ECEB_11, LinkNo=11">
                <measResults>0 0 0 0 0 0 0 0 0 0 0 0 0 0 0 0 0 0 0 0 0 0 0 0 0 51 51 </measResults>
            </measValue>
            <measValue measObjLdn="MG04ECEB/M3UALink:Label=MS03ECEB_02, LinkNo=2">
                <measResults>0 0 0 0 0 0 0 0 0 0 0 0 0 0 0 0 0 0 0 0 0 0 0 0 0 51 51 </measResults>
            </measValue>
            <measValue measObjLdn="MG04ECEB/M3UALink:Label=MS03ECEB_04, LinkNo=4">
                <measResults>0 0 0 0 0 0 0 0 0 0 0 0 0 0 0 0 0 0 0 0 0 0 0 0 0 50 50 </measResults>
            </measValue>
            <measValue measObjLdn="MG04ECEB/M3UALink:Label=MS03ECEB_06, LinkNo=6">
                <measResults>0 0 0 0 0 0 0 0 0 0 0 0 0 0 0 0 0 0 0 0 0 0 0 0 0 50 50 </measResults>
            </measValue>
            <measValue measObjLdn="MG04ECEB/M3UALink:Label=MS03ECEB_08, LinkNo=8">
                <measResults>0 0 0 0 0 0 0 0 0 0 0 0 0 0 0 0 0 0 0 0 0 0 0 0 0 50 50 </measResults>
            </measValue>
            <measValue measObjLdn="MG04ECEB/M3UALink:Label=MS03ECEB_10, LinkNo=10">
                <measResults>0 0 0 0 0 0 0 0 0 0 0 0 0 0 0 0 0 0 0 0 0 0 0 0 0 50 50 </measResults>
            </measValue>
            <measValue measObjLdn="MG04ECEB/M3UALink:Label=MS03ECEB_01, LinkNo=1">
                <measResults>0 0 0 0 0 0 0 0 0 0 0 0 0 0 0 0 0 0 0 0 0 0 0 0 0 51 51 </measResults>
            </measValue>
            <measValue measObjLdn="MG04ECEB/M3UALink:Label=MS03ECEB_03, LinkNo=3">
                <measResults>0 0 0 0 0 0 0 0 0 0 0 0 0 0 0 0 0 0 0 0 0 0 0 0 0 50 50 </measResults>
            </measValue>
        </measInfo>
        <measInfo measInfoId="100665837">
            <granPeriod duration="PT3600S" endTime="2021-08-11T23:00:00+08:00"/>
            <repPeriod duration="PT3600S"/>
            <measTypes>100991393 100991394 </measTypes>
            <measValue measObjLdn="MG04ECEB/IntfNo:BN=1, IN=0, BT=TNU">
                <measResults>7202 43883 </measResults>
            </measValue>
            <measValue measObjLdn="MG04ECEB/IntfNo:BN=2, IN=1, BT=HRB">
                <measResults>0 0 </measResults>
            </measValue>
            <measValue measObjLdn="MG04ECEB/IntfNo:BN=3, IN=1, BT=HRB">
                <measResults>0 0 </measResults>
            </measValue>
            <measValue measObjLdn="MG04ECEB/IntfNo:BN=3, IN=0, BT=TNU">
                <measResults>0 0 </measResults>
            </measValue>
            <measValue measObjLdn="MG04ECEB/IntfNo:BN=4, IN=1, BT=HRB">
                <measResults>0 0 </measResults>
            </measValue>
            <measValue measObjLdn="MG04ECEB/IntfNo:BN=0, IN=0, BT=HRB">
                <measResults>0 0 </measResults>
            </measValue>
            <measValue measObjLdn="MG04ECEB/IntfNo:BN=1, IN=0, BT=HRB">
                <measResults>0 0 </measResults>
            </measValue>
            <measValue measObjLdn="MG04ECEB/IntfNo:BN=5, IN=1, BT=HRB">
                <measResults>0 0 </measResults>
            </measValue>
            <measValue measObjLdn="MG04ECEB/IntfNo:BN=2, IN=0, BT=HRB">
                <measResults>0 0 </measResults>
            </measValue>
            <measValue measObjLdn="MG04ECEB/IntfNo:BN=5, IN=3, BT=HRB">
                <measResults>0 0 </measResults>
            </measValue>
            <measValue measObjLdn="MG04ECEB/IntfNo:BN=2, IN=0, BT=TNU">
                <measResults>0 0 </measResults>
            </measValue>
            <measValue measObjLdn="MG04ECEB/IntfNo:BN=3, IN=0, BT=HRB">
                <measResults>0 0 </measResults>
            </measValue>
            <measValue measObjLdn="MG04ECEB/IntfNo:BN=4, IN=0, BT=HRB">
                <measResults>0 0 </measResults>
            </measValue>
            <measValue measObjLdn="MG04ECEB/IntfNo:BN=0, IN=0, BT=OMU">
                <measResults>0 0 </measResults>
            </measValue>
            <measValue measObjLdn="MG04ECEB/IntfNo:BN=5, IN=0, BT=HRB">
                <measResults>0 0 </measResults>
            </measValue>
            <measValue measObjLdn="MG04ECEB/IntfNo:BN=0, IN=1, BT=HRB">
                <measResults>0 0 </measResults>
            </measValue>
            <measValue measObjLdn="MG04ECEB/IntfNo:BN=1, IN=1, BT=HRB">
                <measResults>0 0 </measResults>
            </measValue>
            <measValue measObjLdn="MG04ECEB/IntfNo:BN=5, IN=2, BT=HRB">
                <measResults>0 0 </measResults>
            </measValue>
        </measInfo>
        <measInfo measInfoId="100666295">
            <granPeriod duration="PT3600S" endTime="2021-08-11T23:00:00+08:00"/>
            <repPeriod duration="PT3600S"/>
            <measTypes>101053297 101053298 101053299 101053300 101053301 101053320 101053321 </measTypes>
            <measValue measObjLdn="MG04ECEB/Local IP:0@10.245.69.36/28/Remote IP:0@10.167.73.36/28">
                <measResults>18546535 19181636 859055 928050 17 238 257 </measResults>
            </measValue>
            <measValue measObjLdn="MG04ECEB/Local IP:0@10.245.69.36/28/Remote IP:0@10.241.174.36/28">
                <measResults>14776498 8504973 487970 254672 3 135 70 </measResults>
            </measValue>
            <measValue measObjLdn="MG04ECEB/Local IP:0@10.245.69.36/28/Remote IP:0@10.241.163.4/32">
                <measResults>12141387 12796486 204352 231209 31025 56 64 </measResults>
            </measValue>
            <measValue measObjLdn="MG04ECEB/Local IP:0@10.245.69.36/28/Remote IP:0@10.169.36.68/28">
                <measResults>774932 553866 25289 16575 0 6 4 </measResults>
            </measValue>
            <measValue measObjLdn="MG04ECEB/Local IP:0@10.245.69.36/28/Remote IP:0@10.241.155.4/32">
                <measResults>25512705 26448795 449508 496278 144 124 137 </measResults>
            </measValue>
            <measValue measObjLdn="MG04ECEB/Local IP:0@10.245.69.36/28/Remote IP:0@10.245.72.4/32">
                <measResults>13229774 13510999 217538 231271 1087 60 64 </measResults>
            </measValue>
            <measValue measObjLdn="MG04ECEB/Local IP:0@10.245.69.36/28/Remote IP:0@10.129.148.100/28">
                <measResults>4970599 2962705 168239 90076 1 46 24 </measResults>
            </measValue>
            <measValue measObjLdn="MG04ECEB/Local IP:0@10.245.69.36/28/Remote IP:0@10.241.154.4/32">
                <measResults>2176902 2012499 35660 35360 32 9 9 </measResults>
            </measValue>
            <measValue measObjLdn="MG04ECEB/Local IP:0@10.245.69.36/28/Remote IP:0@10.129.148.116/28">
                <measResults>111251 50003 3557 1280 0 0 0 </measResults>
            </measValue>
            <measValue measObjLdn="MG04ECEB/Local IP:0@10.245.69.36/28/Remote IP:0@10.241.177.36/28">
                <measResults>4882 2360 167 64 0 0 0 </measResults>
            </measValue>
            <measValue measObjLdn="MG04ECEB/Local IP:0@10.245.69.36/28/Remote IP:0@10.241.130.4/32">
                <measResults>9327332 9942485 157564 176952 53 43 49 </measResults>
            </measValue>
            <measValue measObjLdn="MG04ECEB/Local IP:0@10.245.69.36/28/Remote IP:0@10.167.73.52/28">
                <measResults>29657777 28750626 892261 853375 169 247 236 </measResults>
            </measValue>
            <measValue measObjLdn="MG04ECEB/Local IP:0@10.245.69.36/28/Remote IP:0@10.167.104.4/28">
                <measResults>1354620 754328 45971 22665 0 12 6 </measResults>
            </measValue>
            <measValue measObjLdn="MG04ECEB/Local IP:0@10.245.69.36/28/Remote IP:0@10.241.174.52/28">
                <measResults>393179 209690 13395 6287 0 3 1 </measResults>
            </measValue>
            <measValue measObjLdn="MG04ECEB/Local IP:0@10.245.69.36/28/Remote IP:0@10.241.163.12/32">
                <measResults>12384981 13200782 209455 240638 29987 58 66 </measResults>
            </measValue>
            <measValue measObjLdn="MG04ECEB/Local IP:0@10.245.69.36/28/Remote IP:0@10.129.130.197/28">
                <measResults>970896 625018 32572 18996 0 8 5 </measResults>
            </measValue>
            <measValue measObjLdn="MG04ECEB/Local IP:0@10.245.69.36/28/Remote IP:0@10.241.173.4/28">
                <measResults>906202 492843 30734 14663 0 8 3 </measResults>
            </measValue>
            <measValue measObjLdn="MG04ECEB/Local IP:0@10.245.69.36/28/Remote IP:0@10.241.155.12/32">
                <measResults>25434014 26220207 449038 493482 132 124 137 </measResults>
            </measValue>
            <measValue measObjLdn="MG04ECEB/Local IP:0@10.245.69.36/28/Remote IP:0@10.245.72.12/32">
                <measResults>12515004 13007139 205572 222644 1058 57 61 </measResults>
            </measValue>
            <measValue measObjLdn="MG04ECEB/Local IP:0@10.245.69.36/28/Remote IP:0@10.241.177.20/28">
                <measResults>405814 232028 13669 6892 0 3 1 </measResults>
            </measValue>
            <measValue measObjLdn="MG04ECEB/Local IP:0@10.245.69.36/28/Remote IP:0@10.169.36.52/28">
                <measResults>781251 526161 26335 16042 0 7 4 </measResults>
            </measValue>
            <measValue measObjLdn="MG04ECEB/Local IP:0@10.245.69.36/28/Remote IP:0@10.241.154.12/32">
                <measResults>1925909 1853920 31515 31813 12 8 8 </measResults>
            </measValue>
            <measValue measObjLdn="MG04ECEB/Local IP:0@10.245.69.36/28/Remote IP:0@10.241.174.68/28">
                <measResults>30281340 31926786 903343 958722 35 250 266 </measResults>
            </measValue>
            <measValue measObjLdn="MG04ECEB/Local IP:0@10.245.69.36/28/Remote IP:0@10.241.174.20/28">
                <measResults>651690 365182 22047 10756 0 6 2 </measResults>
            </measValue>
            <measValue measObjLdn="MG04ECEB/Local IP:0@10.245.69.36/28/Remote IP:0@10.241.130.12/32">
                <measResults>8340048 8751430 139481 156805 46 38 43 </measResults>
            </measValue>
            <measValue measObjLdn="MG04ECEB/Local IP:0@10.245.69.36/28/Remote IP:0@10.245.69.52/28">
                <measResults>4270612 4296118 129459 129003 0 35 35 </measResults>
            </measValue>
            <measValue measObjLdn="MG04ECEB/Local IP:0@10.245.69.36/28/Remote IP:0@10.167.104.36/28">
                <measResults>546375 398599 18004 11976 0 4 3 </measResults>
            </measValue>
            <measValue measObjLdn="MG04ECEB/Local IP:0@10.245.69.36/28/Remote IP:0@10.167.73.20/28">
                <measResults>11389725 6574741 385932 198860 5 107 55 </measResults>
            </measValue>
            <measValue measObjLdn="MG04ECEB/Local IP:0@10.245.69.36/28/Remote IP:0@10.129.130.180/28">
                <measResults>1170021 615531 38468 17466 0 10 4 </measResults>
            </measValue>
            <measValue measObjLdn="MG04ECEB/Local IP:0@10.245.69.36/28/Remote IP:0@10.241.190.20/32">
                <measResults>0 0 0 0 0 0 0 </measResults>
            </measValue>
            <measValue measObjLdn="MG04ECEB/Local IP:0@10.245.69.36/28/Remote IP:0@10.241.176.52/28">
                <measResults>751254 451994 25217 13602 0 6 3 </measResults>
            </measValue>
            <measValue measObjLdn="MG04ECEB/Local IP:0@10.245.69.36/28/Remote IP:0@10.241.176.68/28">
                <measResults>904 202 31 5 0 0 0 </measResults>
            </measValue>
        </measInfo>
        <measInfo measInfoId="100665905">
            <granPeriod duration="PT3600S" endTime="2021-08-11T23:00:00+08:00"/>
            <repPeriod duration="PT3600S"/>
            <measTypes>100991826 100991827 100991828 100991829 100991830 100991832 100991833 100991834 100991835 100991898 100991899 </measTypes>
            <measValue measObjLdn="MG04ECEB/Local IP:0@10.245.69.36/28/Remote IP:0@10.169.36.68/28">
                <measResults>4.1 2.6 0.4 0 1 0 1 9 23 33 101 </measResults>
            </measValue>
            <measValue measObjLdn="MG04ECEB/Local IP:0@10.245.69.36/28/Remote IP:0@10.129.148.100/28">
                <measResults>4.1 2.8 1.7 0 0 0 0 40 131 171 627 </measResults>
            </measValue>
            <measValue measObjLdn="MG04ECEB/Local IP:0@10.245.69.36/28/Remote IP:0@10.241.154.4/32">
                <measResults>4.1 2.6 1.2 0.1 1 0 5 94 10 109 361 </measResults>
            </measValue>
            <measValue measObjLdn="MG04ECEB/Local IP:0@10.245.69.36/28/Remote IP:0@10.129.148.116/28">
                <measResults>0 0 0 0 0 0 0 7 4 11 80 </measResults>
            </measValue>
            <measValue measObjLdn="MG04ECEB/Local IP:0@10.245.69.36/28/Remote IP:0@10.241.130.4/32">
                <measResults>4.1 2.6 3.3 0 8 0 33 473 64 570 1770 </measResults>
            </measValue>
            <measValue measObjLdn="MG04ECEB/Local IP:0@10.245.69.36/28/Remote IP:0@10.167.73.52/28">
                <measResults>4.3 2.6 3.9 0 0 0 6 104 1421 1531 5221 </measResults>
            </measValue>
            <measValue measObjLdn="MG04ECEB/Local IP:0@10.245.69.36/28/Remote IP:0@10.167.104.4/28">
                <measResults>4.1 3.4 1.1 0 0 0 0 14 38 52 143 </measResults>
            </measValue>
            <measValue measObjLdn="MG04ECEB/Local IP:0@10.245.69.36/28/Remote IP:0@10.241.174.52/28">
                <measResults>0 0 0 0 0 0 0 0 11 11 26 </measResults>
            </measValue>
            <measValue measObjLdn="MG04ECEB/Local IP:0@10.245.69.36/28/Remote IP:0@10.241.163.12/32">
                <measResults>4.1 1 2.9 0.1 14 1 88 569 41 699 2174 </measResults>
            </measValue>
            <measValue measObjLdn="MG04ECEB/Local IP:0@10.245.69.36/28/Remote IP:0@10.129.130.197/28">
                <measResults>4.1 3.4 0.2 0 0 0 0 9 28 37 126 </measResults>
            </measValue>
            <measValue measObjLdn="MG04ECEB/Local IP:0@10.245.69.36/28/Remote IP:0@10.241.173.4/28">
                <measResults>0 0 0 0 0 0 0 3 34 37 77 </measResults>
            </measValue>
            <measValue measObjLdn="MG04ECEB/Local IP:0@10.245.69.36/28/Remote IP:0@10.241.155.12/32">
                <measResults>4.1 2.6 3.4 0 16 0 96 1297 208 1601 4622 </measResults>
            </measValue>
            <measValue measObjLdn="MG04ECEB/Local IP:0@10.245.69.36/28/Remote IP:0@10.245.72.12/32">
                <measResults>4.1 2.6 3.4 0.1 11 0 55 674 59 788 2404 </measResults>
            </measValue>
            <measValue measObjLdn="MG04ECEB/Local IP:0@10.245.69.36/28/Remote IP:0@10.241.177.20/28">
                <measResults>4.1 3.4 0.8 0 0 0 0 2 17 19 40 </measResults>
            </measValue>
            <measValue measObjLdn="MG04ECEB/Local IP:0@10.245.69.36/28/Remote IP:0@10.169.36.52/28">
                <measResults>0 0 0 0 0 0 0 10 15 25 93 </measResults>
            </measValue>
            <measValue measObjLdn="MG04ECEB/Local IP:0@10.245.69.36/28/Remote IP:0@10.241.154.12/32">
                <measResults>4.1 2.6 1.6 0 2 0 7 89 7 103 358 </measResults>
            </measValue>
            <measValue measObjLdn="MG04ECEB/Local IP:0@10.245.69.36/28/Remote IP:0@10.241.174.68/28">
                <measResults>4.1 2.6 3.8 0 1 0 4 525 1969 2498 6090 </measResults>
            </measValue>
            <measValue measObjLdn="MG04ECEB/Local IP:0@10.245.69.36/28/Remote IP:0@10.241.174.20/28">
                <measResults>0 0 0 0 0 0 0 1 19 20 45 </measResults>
            </measValue>
            <measValue measObjLdn="MG04ECEB/Local IP:0@10.245.69.36/28/Remote IP:0@10.241.130.12/32">
                <measResults>4.1 2.6 3 0 7 0 39 472 40 551 1592 </measResults>
            </measValue>
            <measValue measObjLdn="MG04ECEB/Local IP:0@10.245.69.36/28/Remote IP:0@10.245.69.52/28">
                <measResults>4.1 3.2 3.6 0 0 0 0 10 400 410 1011 </measResults>
            </measValue>
            <measValue measObjLdn="MG04ECEB/Local IP:0@10.245.69.36/28/Remote IP:0@10.167.104.36/28">
                <measResults>0 0 0 0 0 0 0 2 22 24 62 </measResults>
            </measValue>
            <measValue measObjLdn="MG04ECEB/Local IP:0@10.245.69.36/28/Remote IP:0@10.167.73.36/28">
                <measResults>4.3 2.6 3 0 1 0 8 285 1292 1585 5347 </measResults>
            </measValue>
            <measValue measObjLdn="MG04ECEB/Local IP:0@10.245.69.36/28/Remote IP:0@10.167.73.20/28">
                <measResults>4.3 3.4 3.5 0 0 0 0 98 266 364 1210 </measResults>
            </measValue>
            <measValue measObjLdn="MG04ECEB/Local IP:0@10.245.69.36/28/Remote IP:0@10.129.130.180/28">
                <measResults>4.1 2.9 1 0 0 0 0 6 18 24 99 </measResults>
            </measValue>
            <measValue measObjLdn="MG04ECEB/Local IP:0@10.245.69.36/28/Remote IP:0@10.241.174.36/28">
                <measResults>4.3 2.7 2.9 0 0 0 1 34 476 511 1760 </measResults>
            </measValue>
            <measValue measObjLdn="MG04ECEB/Local IP:0@10.245.69.36/28/Remote IP:0@10.241.163.4/32">
                <measResults>4.1 1 3.4 0 20 4 95 577 47 723 2196 </measResults>
            </measValue>
            <measValue measObjLdn="MG04ECEB/Local IP:0@10.245.69.36/28/Remote IP:0@10.241.190.20/32">
                <measResults>0 0 0 0 0 0 0 0 0 0 1 </measResults>
            </measValue>
            <measValue measObjLdn="MG04ECEB/Local IP:0@10.245.69.36/28/Remote IP:0@10.241.176.52/28">
                <measResults>0 0 0 0 0 0 0 12 18 30 89 </measResults>
            </measValue>
            <measValue measObjLdn="MG04ECEB/Local IP:0@10.245.69.36/28/Remote IP:0@10.241.155.4/32">
                <measResults>4.1 2.6 3.3 0.1 19 0 82 1264 206 1552 4600 </measResults>
            </measValue>
            <measValue measObjLdn="MG04ECEB/Local IP:0@10.245.69.36/28/Remote IP:0@10.245.72.4/32">
                <measResults>4.1 2.6 3.5 0 15 0 64 721 59 844 2416 </measResults>
            </measValue>
            <measValue measObjLdn="MG04ECEB/Local IP:0@10.245.69.36/28/Remote IP:0@10.241.176.68/28">
                <measResults>0 0 0 0 0 0 0 0 0 0 6 </measResults>
            </measValue>
            <measValue measObjLdn="MG04ECEB/Local IP:0@10.245.69.36/28/Remote IP:0@10.241.177.36/28">
                <measResults>0 0 0 0 0 0 0 0 1 1 4 </measResults>
            </measValue>
        </measInfo>
        <measInfo measInfoId="100666003">
            <granPeriod duration="PT3600S" endTime="2021-08-11T23:00:00+08:00"/>
            <repPeriod duration="PT3600S"/>
            <measTypes>100991561 100993025 100993026 100993027 100993028 100993029 </measTypes>
            <measValue measObjLdn="MG04ECEB/Board:FN=2, SN=13, BP=Back">
                <measResults>2 1 0 0 0 0 </measResults>
            </measValue>
            <measValue measObjLdn="MG04ECEB/Board:FN=1, SN=5, BP=Front">
                <measResults>0 0 0 0 0 0 </measResults>
            </measValue>
            <measValue measObjLdn="MG04ECEB/Board:FN=1, SN=7, BP=Back">
                <measResults>6 2 0 0 0 0 </measResults>
            </measValue>
            <measValue measObjLdn="MG04ECEB/Board:FN=2, SN=2, BP=Back">
                <measResults>10 10 0 0 0 0 </measResults>
            </measValue>
            <measValue measObjLdn="MG04ECEB/Board:FN=3, SN=2, BP=Back">
                <measResults>6 6 0 0 0 0 </measResults>
            </measValue>
            <measValue measObjLdn="MG04ECEB/Board:FN=2, SN=15, BP=Back">
                <measResults>5 3 0 0 0 0 </measResults>
            </measValue>
            <measValue measObjLdn="MG04ECEB/Board:FN=1, SN=9, BP=Front">
                <measResults>1 0 0 0 0 0 </measResults>
            </measValue>
            <measValue measObjLdn="MG04ECEB/Board:FN=3, SN=9, BP=Front">
                <measResults>1 1 0 0 0 0 </measResults>
            </measValue>
            <measValue measObjLdn="MG04ECEB/Board:FN=1, SN=0, BP=Back">
                <measResults>20 18 0 0 0 0 </measResults>
            </measValue>
            <measValue measObjLdn="MG04ECEB/Board:FN=3, SN=7, BP=Back">
                <measResults>6 3 0 0 0 0 </measResults>
            </measValue>
            <measValue measObjLdn="MG04ECEB/Board:FN=1, SN=7, BP=Front">
                <measResults>14 3 0 0 0 0 </measResults>
            </measValue>
            <measValue measObjLdn="MG04ECEB/Board:FN=1, SN=2, BP=Back">
                <measResults>5 3 0 0 0 0 </measResults>
            </measValue>
            <measValue measObjLdn="MG04ECEB/Board:FN=2, SN=8, BP=Back">
                <measResults>6 3 0 0 0 0 </measResults>
            </measValue>
            <measValue measObjLdn="MG04ECEB/Board:FN=2, SN=4, BP=Front">
                <measResults>0 0 0 0 0 0 </measResults>
            </measValue>
            <measValue measObjLdn="MG04ECEB/Board:FN=3, SN=9, BP=Front">
                <measResults>2 1 0 0 0 0 </measResults>
            </measValue>
            <measValue measObjLdn="MG04ECEB/Board:FN=1, SN=11, BP=Back">
                <measResults>2 1 0 0 0 0 </measResults>
            </measValue>
            <measValue measObjLdn="MG04ECEB/Board:FN=2, SN=13, BP=Front">
                <measResults>0 0 0 0 0 0 </measResults>
            </measValue>
            <measValue measObjLdn="MG04ECEB/Board:FN=1, SN=0, BP=Front">
                <measResults>5 3 0 0 0 0 </measResults>
            </measValue>
            <measValue measObjLdn="MG04ECEB/Board:FN=3, SN=1, BP=Front">
                <measResults>10 6 0 0 0 0 </measResults>
            </measValue>
            <measValue measObjLdn="MG04ECEB/Board:FN=3, SN=11, BP=Front">
                <measResults>10 6 0 0 0 0 </measResults>
            </measValue>
            <measValue measObjLdn="MG04ECEB/Board:FN=1, SN=9, BP=Front">
                <measResults>2 0 0 0 0 0 </measResults>
            </measValue>
            <measValue measObjLdn="MG04ECEB/Board:FN=2, SN=15, BP=Front">
                <measResults>0 0 0 0 0 0 </measResults>
            </measValue>
            <measValue measObjLdn="MG04ECEB/Board:FN=2, SN=6, BP=Front">
                <measResults>1 0 0 0 0 0 </measResults>
            </measValue>
            <measValue measObjLdn="MG04ECEB/Board:FN=2, SN=10, BP=Back">
                <measResults>8 6 0 0 0 0 </measResults>
            </measValue>
            <measValue measObjLdn="MG04ECEB/Board:FN=1, SN=13, BP=Back">
                <measResults>2 1 0 0 0 0 </measResults>
            </measValue>
            <measValue measObjLdn="MG04ECEB/Board:FN=3, SN=11, BP=Back">
                <measResults>2 1 0 0 0 0 </measResults>
            </measValue>
            <measValue measObjLdn="MG04ECEB/Board:FN=1, SN=4, BP=Back">
                <measResults>0 0 0 0 0 0 </measResults>
            </measValue>
            <measValue measObjLdn="MG04ECEB/Board:FN=3, SN=13, BP=Front">
                <measResults>0 0 0 0 0 0 </measResults>
            </measValue>
            <measValue measObjLdn="MG04ECEB/Board:FN=1, SN=2, BP=Front">
                <measResults>9 6 0 0 0 0 </measResults>
            </measValue>
            <measValue measObjLdn="MG04ECEB/Board:FN=3, SN=3, BP=Front">
                <measResults>4 3 0 0 0 0 </measResults>
            </measValue>
            <measValue measObjLdn="MG04ECEB/Board:FN=1, SN=11, BP=Front">
                <measResults>7 5 0 0 0 0 </measResults>
            </measValue>
            <measValue measObjLdn="MG04ECEB/Board:FN=2, SN=1, BP=Back">
                <measResults>0 0 0 0 0 0 </measResults>
            </measValue>
            <measValue measObjLdn="MG04ECEB/Board:FN=3, SN=15, BP=Front">
                <measResults>0 0 0 0 0 0 </measResults>
            </measValue>
            <measValue measObjLdn="MG04ECEB/Board:FN=1, SN=15, BP=Back">
                <measResults>6 6 0 0 0 0 </measResults>
            </measValue>
            <measValue measObjLdn="MG04ECEB/Board:FN=1, SN=4, BP=Front">
                <measResults>0 0 0 0 0 0 </measResults>
            </measValue>
            <measValue measObjLdn="MG04ECEB/Board:FN=1, SN=13, BP=Front">
                <measResults>0 0 0 0 0 0 </measResults>
            </measValue>
            <measValue measObjLdn="MG04ECEB/Board:FN=2, SN=12, BP=Back">
                <measResults>8 5 0 0 0 0 </measResults>
            </measValue>
            <measValue measObjLdn="MG04ECEB/Board:FN=3, SN=6, BP=Front">
                <measResults>2 0 0 0 0 0 </measResults>
            </measValue>
            <measValue measObjLdn="MG04ECEB/Board:FN=2, SN=8, BP=Front">
                <measResults>6 3 0 0 0 0 </measResults>
            </measValue>
            <measValue measObjLdn="MG04ECEB/Board:FN=1, SN=6, BP=Front">
                <measResults>3 1 0 0 0 0 </measResults>
            </measValue>
            <measValue measObjLdn="MG04ECEB/Board:FN=1, SN=8, BP=Back">
                <measResults>8 4 0 0 0 0 </measResults>
            </measValue>
            <measValue measObjLdn="MG04ECEB/Board:FN=1, SN=6, BP=Front">
                <measResults>1 0 0 0 0 0 </measResults>
            </measValue>
            <measValue measObjLdn="MG04ECEB/Board:FN=2, SN=3, BP=Back">
                <measResults>7 6 0 0 0 0 </measResults>
            </measValue>
            <measValue measObjLdn="MG04ECEB/Board:FN=3, SN=8, BP=Front">
                <measResults>5 2 0 0 0 0 </measResults>
            </measValue>
            <measValue measObjLdn="MG04ECEB/Board:FN=2, SN=14, BP=Back">
                <measResults>5 3 0 0 0 0 </measResults>
            </measValue>
            <measValue measObjLdn="MG04ECEB/Board:FN=1, SN=15, BP=Front">
                <measResults>0 0 0 0 0 0 </measResults>
            </measValue>
            <measValue measObjLdn="MG04ECEB/Board:FN=2, SN=10, BP=Front">
                <measResults>4 3 0 0 0 0 </measResults>
            </measValue>
            <measValue measObjLdn="MG04ECEB/Board:FN=3, SN=6, BP=Front">
                <measResults>2 1 0 0 0 0 </measResults>
            </measValue>
            <measValue measObjLdn="MG04ECEB/Board:FN=2, SN=1, BP=Front">
                <measResults>11 6 0 0 0 0 </measResults>
            </measValue>
            <measValue measObjLdn="MG04ECEB/Board:FN=2, SN=7, BP=Back">
                <measResults>4 1 0 0 0 0 </measResults>
            </measValue>
            <measValue measObjLdn="MG04ECEB/Board:FN=3, SN=8, BP=Back">
                <measResults>4 1 0 0 0 0 </measResults>
            </measValue>
            <measValue measObjLdn="MG04ECEB/Board:FN=1, SN=1, BP=Back">
                <measResults>20 19 0 0 0 0 </measResults>
            </measValue>
            <measValue measObjLdn="MG04ECEB/Board:FN=1, SN=10, BP=Back">
                <measResults>8 6 0 0 0 0 </measResults>
            </measValue>
            <measValue measObjLdn="MG04ECEB/Board:FN=3, SN=10, BP=Front">
                <measResults>4 3 0 0 0 0 </measResults>
            </measValue>
            <measValue measObjLdn="MG04ECEB/Board:FN=2, SN=12, BP=Front">
                <measResults>5 3 0 0 0 0 </measResults>
            </measValue>
            <measValue measObjLdn="MG04ECEB/Board:FN=2, SN=3, BP=Front">
                <measResults>7 5 0 0 0 0 </measResults>
            </measValue>
            <measValue measObjLdn="MG04ECEB/Board:FN=3, SN=0, BP=Front">
                <measResults>5 3 0 0 0 0 </measResults>
            </measValue>
            <measValue measObjLdn="MG04ECEB/Board:FN=1, SN=8, BP=Front">
                <measResults>12 3 0 0 0 0 </measResults>
            </measValue>
            <measValue measObjLdn="MG04ECEB/Board:FN=3, SN=10, BP=Back">
                <measResults>8 5 0 0 0 0 </measResults>
            </measValue>
            <measValue measObjLdn="MG04ECEB/Board:FN=1, SN=12, BP=Back">
                <measResults>8 6 0 0 0 0 </measResults>
            </measValue>
            <measValue measObjLdn="MG04ECEB/Board:FN=1, SN=3, BP=Back">
                <measResults>5 3 0 0 0 0 </measResults>
            </measValue>
            <measValue measObjLdn="MG04ECEB/Board:FN=2, SN=5, BP=Front">
                <measResults>0 0 0 0 0 0 </measResults>
            </measValue>
            <measValue measObjLdn="MG04ECEB/Board:FN=2, SN=14, BP=Front">
                <measResults>0 0 0 0 0 0 </measResults>
            </measValue>
            <measValue measObjLdn="MG04ECEB/Board:FN=3, SN=12, BP=Front">
                <measResults>0 0 0 0 0 0 </measResults>
            </measValue>
            <measValue measObjLdn="MG04ECEB/Board:FN=2, SN=9, BP=Front">
                <measResults>1 0 0 0 0 0 </measResults>
            </measValue>
            <measValue measObjLdn="MG04ECEB/Board:FN=1, SN=10, BP=Front">
                <measResults>4 3 0 0 0 0 </measResults>
            </measValue>
            <measValue measObjLdn="MG04ECEB/Board:FN=3, SN=2, BP=Front">
                <measResults>9 6 0 0 0 0 </measResults>
            </measValue>
            <measValue measObjLdn="MG04ECEB/Board:FN=1, SN=1, BP=Front">
                <measResults>11 6 0 0 0 0 </measResults>
            </measValue>
            <measValue measObjLdn="MG04ECEB/Board:FN=2, SN=7, BP=Front">
                <measResults>5 3 0 0 0 0 </measResults>
            </measValue>
            <measValue measObjLdn="MG04ECEB/Board:FN=3, SN=15, BP=Back">
                <measResults>5 3 0 0 0 0 </measResults>
            </measValue>
            <measValue measObjLdn="MG04ECEB/Board:FN=2, SN=0, BP=Back">
                <measResults>3 0 0 0 0 0 </measResults>
            </measValue>
            <measValue measObjLdn="MG04ECEB/Board:FN=3, SN=14, BP=Front">
                <measResults>0 0 0 0 0 0 </measResults>
            </measValue>
            <measValue measObjLdn="MG04ECEB/Board:FN=1, SN=14, BP=Back">
                <measResults>10 10 0 0 0 0 </measResults>
            </measValue>
            <measValue measObjLdn="MG04ECEB/Board:FN=3, SN=4, BP=Front">
                <measResults>2 0 0 0 0 0 </measResults>
            </measValue>
            <measValue measObjLdn="MG04ECEB/Board:FN=2, SN=11, BP=Back">
                <measResults>2 1 0 0 0 0 </measResults>
            </measValue>
            <measValue measObjLdn="MG04ECEB/Board:FN=1, SN=12, BP=Front">
                <measResults>4 3 0 0 0 0 </measResults>
            </measValue>
            <measValue measObjLdn="MG04ECEB/Board:FN=1, SN=5, BP=Back">
                <measResults>2 0 0 0 0 0 </measResults>
            </measValue>
            <measValue measObjLdn="MG04ECEB/Board:FN=1, SN=3, BP=Front">
                <measResults>8 5 0 0 0 0 </measResults>
            </measValue>
            <measValue measObjLdn="MG04ECEB/Board:FN=1, SN=14, BP=Front">
                <measResults>0 0 0 0 0 0 </measResults>
            </measValue>
            <measValue measObjLdn="MG04ECEB/Board:FN=2, SN=0, BP=Front">
                <measResults>11 6 0 0 0 0 </measResults>
            </measValue>
            <measValue measObjLdn="MG04ECEB/Board:FN=3, SN=7, BP=Front">
                <measResults>6 3 0 0 0 0 </measResults>
            </measValue>
            <measValue measObjLdn="MG04ECEB/Board:FN=2, SN=9, BP=Front">
                <measResults>2 0 0 0 0 0 </measResults>
            </measValue>
            <measValue measObjLdn="MG04ECEB/Board:FN=2, SN=11, BP=Front">
                <measResults>4 3 0 0 0 0 </measResults>
            </measValue>
            <measValue measObjLdn="MG04ECEB/Board:FN=2, SN=2, BP=Front">
                <measResults>15 7 0 0 0 0 </measResults>
            </measValue>
            <measValue measObjLdn="MG04ECEB/Board:FN=2, SN=6, BP=Front">
                <measResults>2 0 0 0 0 0 </measResults>
            </measValue>
        </measInfo>
        <measInfo measInfoId="100665860">
            <granPeriod duration="PT3600S" endTime="2021-08-11T23:00:00+08:00"/>
            <repPeriod duration="PT3600S"/>
            <measTypes>100991525 100991526 100991527 100991528 100991529 </measTypes>
            <measValue measObjLdn="MG04ECEB/Board:BN=1, IN=0, BT=HRB">
                <measResults>91364252 2597652 94458432 2709027 11648 </measResults>
            </measValue>
            <measValue measObjLdn="MG04ECEB/Board:BN=5, IN=1, BT=HRB">
                <measResults>89739997 2478081 92785623 2611593 13677 </measResults>
            </measValue>
            <measValue measObjLdn="MG04ECEB/Board:BN=2, IN=0, BT=HRB">
                <measResults>90515555 2454052 94285894 2626548 13652 </measResults>
            </measValue>
            <measValue measObjLdn="MG04ECEB/Board:BN=5, IN=3, BT=HRB">
                <measResults>0 0 0 0 0 </measResults>
            </measValue>
            <measValue measObjLdn="MG04ECEB/Board:BN=3, IN=0, BT=HRB">
                <measResults>86406649 2375028 90912787 2571674 11223 </measResults>
            </measValue>
            <measValue measObjLdn="MG04ECEB/Board:BN=4, IN=0, BT=HRB">
                <measResults>89247591 2500928 93041496 2654399 12950 </measResults>
            </measValue>
            <measValue measObjLdn="MG04ECEB/Board:BN=0, IN=1, BT=HRB">
                <measResults>0 0 0 0 0 </measResults>
            </measValue>
            <measValue measObjLdn="MG04ECEB/Board:BN=5, IN=0, BT=HRB">
                <measResults>92320885 2559370 92593904 2611906 13885 </measResults>
            </measValue>
            <measValue measObjLdn="MG04ECEB/Board:BN=1, IN=1, BT=HRB">
                <measResults>0 0 0 0 0 </measResults>
            </measValue>
            <measValue measObjLdn="MG04ECEB/Board:BN=5, IN=2, BT=HRB">
                <measResults>0 0 0 0 0 </measResults>
            </measValue>
            <measValue measObjLdn="MG04ECEB/Board:BN=2, IN=1, BT=HRB">
                <measResults>0 0 0 0 0 </measResults>
            </measValue>
            <measValue measObjLdn="MG04ECEB/Board:BN=3, IN=1, BT=HRB">
                <measResults>0 0 0 0 0 </measResults>
            </measValue>
            <measValue measObjLdn="MG04ECEB/Board:BN=0, IN=0, BT=HRB">
                <measResults>89122072 2468204 92663767 2619083 14705 </measResults>
            </measValue>
            <measValue measObjLdn="MG04ECEB/Board:BN=4, IN=1, BT=HRB">
                <measResults>0 0 0 0 0 </measResults>
            </measValue>
        </measInfo>
        <measInfo measInfoId="100665865">
            <granPeriod duration="PT3600S" endTime="2021-08-11T23:00:00+08:00"/>
            <repPeriod duration="PT3600S"/>
            <measTypes>100991585 </measTypes>
            <measValue measObjLdn="MG04ECEB/Board:BN=4, IN=0, BT=HRB">
                <measResults>23413 </measResults>
            </measValue>
            <measValue measObjLdn="MG04ECEB/Board:BN=1, IN=1, BT=HRB">
                <measResults>0 </measResults>
            </measValue>
            <measValue measObjLdn="MG04ECEB/Board:BN=5, IN=2, BT=HRB">
                <measResults>0 </measResults>
            </measValue>
            <measValue measObjLdn="MG04ECEB/Board:BN=2, IN=1, BT=HRB">
                <measResults>0 </measResults>
            </measValue>
            <measValue measObjLdn="MG04ECEB/Board:BN=3, IN=1, BT=HRB">
                <measResults>0 </measResults>
            </measValue>
            <measValue measObjLdn="MG04ECEB/Board:BN=0, IN=0, BT=HRB">
                <measResults>23303 </measResults>
            </measValue>
            <measValue measObjLdn="MG04ECEB/Board:BN=4, IN=1, BT=HRB">
                <measResults>0 </measResults>
            </measValue>
            <measValue measObjLdn="MG04ECEB/Board:BN=1, IN=0, BT=HRB">
                <measResults>23567 </measResults>
            </measValue>
            <measValue measObjLdn="MG04ECEB/Board:BN=5, IN=1, BT=HRB">
                <measResults>23252 </measResults>
            </measValue>
            <measValue measObjLdn="MG04ECEB/Board:BN=2, IN=0, BT=HRB">
                <measResults>23268 </measResults>
            </measValue>
            <measValue measObjLdn="MG04ECEB/Board:BN=5, IN=3, BT=HRB">
                <measResults>0 </measResults>
            </measValue>
            <measValue measObjLdn="MG04ECEB/Board:BN=3, IN=0, BT=HRB">
                <measResults>23348 </measResults>
            </measValue>
            <measValue measObjLdn="MG04ECEB/Board:BN=5, IN=0, BT=HRB">
                <measResults>23282 </measResults>
            </measValue>
            <measValue measObjLdn="MG04ECEB/Board:BN=0, IN=1, BT=HRB">
                <measResults>0 </measResults>
            </measValue>
        </measInfo>
        <measInfo measInfoId="100665878">
            <granPeriod duration="PT3600S" endTime="2021-08-11T23:00:00+08:00"/>
            <repPeriod duration="PT3600S"/>
            <measTypes>100991615 100991616 </measTypes>
            <measValue measObjLdn="MG04ECEB/M3UARoute:LSX=11, DEX=11">
                <measResults>0 0 </measResults>
            </measValue>
        </measInfo>
        <measInfo measInfoId="100665882">
            <granPeriod duration="PT3600S" endTime="2021-08-11T23:00:00+08:00"/>
            <repPeriod duration="PT3600S"/>
            <measTypes>100991629 100991630 100991631 100991632 100991633 100991665 100991666 100991667 100991668 100991669 100991670 100991671 100991672 100992016 </measTypes>
            <measValue measObjLdn="MG04ECEB/M3UALink:Label=MS03ECEB_11, LinkNo=11">
                <measResults>0 0 5400 5400 0 4 0 1 1 408 408 2 816 0 </measResults>
            </measValue>
            <measValue measObjLdn="MG04ECEB/M3UALink:Label=MS03ECEB_04, LinkNo=4">
                <measResults>0 0 5398 5398 0 4 0 1 1 407 407 2 814 0 </measResults>
            </measValue>
            <measValue measObjLdn="MG04ECEB/M3UALink:Label=MS03ECEB_06, LinkNo=6">
                <measResults>0 0 5399 5399 0 3 0 1 1 407 407 2 814 0 </measResults>
            </measValue>
            <measValue measObjLdn="MG04ECEB/M3UALink:Label=MS03ECEB_08, LinkNo=8">
                <measResults>0 0 5398 5398 0 4 0 1 1 407 407 2 814 0 </measResults>
            </measValue>
            <measValue measObjLdn="MG04ECEB/M3UALink:Label=MS03ECEB_10, LinkNo=10">
                <measResults>0 0 5398 5398 0 4 0 1 1 407 407 2 814 0 </measResults>
            </measValue>
            <measValue measObjLdn="MG04ECEB/M3UALink:Label=MS03ECEB_01, LinkNo=1">
                <measResults>0 0 5400 5400 0 4 0 1 1 407 407 2 814 0 </measResults>
            </measValue>
            <measValue measObjLdn="MG04ECEB/M3UALink:Label=MS03ECEB_03, LinkNo=3">
                <measResults>0 0 5398 5398 0 4 0 1 1 407 407 2 814 0 </measResults>
            </measValue>
            <measValue measObjLdn="MG04ECEB/M3UALink:Label=MS03ECEB_05, LinkNo=5">
                <measResults>0 0 5398 5398 0 4 0 1 1 407 407 2 814 0 </measResults>
            </measValue>
            <measValue measObjLdn="MG04ECEB/M3UALink:Label=MS03ECEB_07, LinkNo=7">
                <measResults>0 0 5398 5398 0 4 0 1 1 407 407 2 814 0 </measResults>
            </measValue>
            <measValue measObjLdn="MG04ECEB/M3UALink:Label=MS03ECEB_00, LinkNo=0">
                <measResults>0 0 5399 5399 0 4 0 1 1 407 407 2 814 0 </measResults>
            </measValue>
            <measValue measObjLdn="MG04ECEB/M3UALink:Label=MS03ECEB_09, LinkNo=9">
                <measResults>0 0 5399 5399 0 4 0 1 1 407 407 2 814 0 </measResults>
            </measValue>
            <measValue measObjLdn="MG04ECEB/M3UALink:Label=MS03ECEB_02, LinkNo=2">
                <measResults>0 0 5400 5400 0 4 0 1 1 407 407 2 814 0 </measResults>
            </measValue>
        </measInfo>
        <measInfo measInfoId="100665884">
            <granPeriod duration="PT3600S" endTime="2021-08-11T23:00:00+08:00"/>
            <repPeriod duration="PT3600S"/>
            <measTypes>100991645 100991646 100991647 100991648 100991649 100991650 100991651 100991652 100991653 100991699 100991986 100991987 100992104 100992105 100992106 100992107 100992108 100992109 100992110 </measTypes>
            <measValue measObjLdn="MG04ECEB/CNNode:CNID=11">
                <measResults>0 0 0 0 0 0 0 0 0 0 0 0 0 0 0 0 0 0 0 </measResults>
            </measValue>
        </measInfo>
        <measInfo measInfoId="100665885">
            <granPeriod duration="PT3600S" endTime="2021-08-11T23:00:00+08:00"/>
            <repPeriod duration="PT3600S"/>
            <measTypes>100991654 </measTypes>
            <measValue measObjLdn="MG04ECEB/NRI AND MSC Map:NRIV=11">
                <measResults>0 </measResults>
            </measValue>
        </measInfo>
        <measInfo measInfoId="100665886">
            <granPeriod duration="PT3600S" endTime="2021-08-11T23:00:00+08:00"/>
            <repPeriod duration="PT3600S"/>
            <measTypes>100991659 100991660 100991661 100991662 100991893 100991894 100991895 </measTypes>
            <measValue measObjLdn="MG04ECEB/DomainID:DMID=0">
                <measResults>7168000 122304 7045696 1 0 0 0 </measResults>
            </measValue>
        </measInfo>
        <measInfo measInfoId="100665891">
            <granPeriod duration="PT3600S" endTime="2021-08-11T23:00:00+08:00"/>
            <repPeriod duration="PT3600S"/>
            <measTypes>100991693 100991694 100991695 100991696 100991697 </measTypes>
            <measValue measObjLdn="MG04ECEB/BoardframeslotNo:FN=1, SN=7, BP=Front">
                <measResults>1953 363 18 0 0 </measResults>
            </measValue>
            <measValue measObjLdn="MG04ECEB/BoardframeslotNo:FN=1, SN=8, BP=Front">
                <measResults>1953 364 18 0 0 </measResults>
            </measValue>
        </measInfo>
        <measInfo measInfoId="100665918">
            <granPeriod duration="PT3600S" endTime="2021-08-11T23:00:00+08:00"/>
            <repPeriod duration="PT3600S"/>
            <measTypes>100992096 100992097 100992098 100992099 100992100 100992101 </measTypes>
            <measValue measObjLdn="MG04ECEB/Board:FN=3, SN=10, BP=Back, SUBBN=Mother Board, BT=HRB">
                <measResults>5 0 0 0 0 8 </measResults>
            </measValue>
            <measValue measObjLdn="MG04ECEB/Board:FN=1, SN=12, BP=Back, SUBBN=Mother Board, BT=HRB">
                <measResults>6 0 0 0 0 8 </measResults>
            </measValue>
            <measValue measObjLdn="MG04ECEB/Board:FN=1, SN=3, BP=Back, SUBBN=Mother Board, BT=E63">
                <measResults>3 0 0 0 0 5 </measResults>
            </measValue>
            <measValue measObjLdn="MG04ECEB/Board:FN=2, SN=5, BP=Front, SUBBN=Mother Board, BT=SPF">
                <measResults>0 0 0 0 0 0 </measResults>
            </measValue>
            <measValue measObjLdn="MG04ECEB/Board:FN=2, SN=14, BP=Front, SUBBN=Mother Board, BT=SPF">
                <measResults>0 0 0 0 0 0 </measResults>
            </measValue>
            <measValue measObjLdn="MG04ECEB/Board:FN=3, SN=12, BP=Front, SUBBN=Mother Board, BT=SPF">
                <measResults>0 0 0 0 0 0 </measResults>
            </measValue>
            <measValue measObjLdn="MG04ECEB/Board:FN=2, SN=9, BP=Front, SUBBN=Sub-Board 0, BT=CMU">
                <measResults>0 0 0 0 0 1 </measResults>
            </measValue>
            <measValue measObjLdn="MG04ECEB/Board:FN=2, SN=7, BP=Front, SUBBN=Mother Board, BT=MPU">
                <measResults>3 0 0 0 0 5 </measResults>
            </measValue>
            <measValue measObjLdn="MG04ECEB/Board:FN=3, SN=15, BP=Back, SUBBN=Mother Board, BT=E63">
                <measResults>3 0 0 0 0 5 </measResults>
            </measValue>
            <measValue measObjLdn="MG04ECEB/Board:FN=2, SN=0, BP=Back, SUBBN=Mother Board, BT=IFU">
                <measResults>0 0 0 0 0 3 </measResults>
            </measValue>
            <measValue measObjLdn="MG04ECEB/Board:FN=3, SN=14, BP=Front, SUBBN=Mother Board, BT=SPF">
                <measResults>0 0 0 0 0 0 </measResults>
            </measValue>
            <measValue measObjLdn="MG04ECEB/Board:FN=1, SN=14, BP=Back, SUBBN=Mother Board, BT=S4L">
                <measResults>10 0 0 0 0 10 </measResults>
            </measValue>
            <measValue measObjLdn="MG04ECEB/Board:FN=3, SN=4, BP=Front, SUBBN=Mother Board, BT=ASU">
                <measResults>0 0 0 0 0 2 </measResults>
            </measValue>
            <measValue measObjLdn="MG04ECEB/Board:FN=1, SN=5, BP=Back, SUBBN=Mother Board, BT=HRB">
                <measResults>0 0 0 0 0 2 </measResults>
            </measValue>
            <measValue measObjLdn="MG04ECEB/Board:FN=2, SN=11, BP=Back, SUBBN=Mother Board, BT=HRB">
                <measResults>1 0 0 0 0 2 </measResults>
            </measValue>
            <measValue measObjLdn="MG04ECEB/Board:FN=2, SN=13, BP=Back, SUBBN=Mother Board, BT=HRB">
                <measResults>1 0 0 0 0 2 </measResults>
            </measValue>
            <measValue measObjLdn="MG04ECEB/Board:FN=1, SN=5, BP=Front, SUBBN=Mother Board, BT=SPF">
                <measResults>0 0 0 0 0 0 </measResults>
            </measValue>
            <measValue measObjLdn="MG04ECEB/Board:FN=1, SN=7, BP=Back, SUBBN=Mother Board, BT=TNU">
                <measResults>2 0 0 0 0 6 </measResults>
            </measValue>
            <measValue measObjLdn="MG04ECEB/Board:FN=2, SN=2, BP=Back, SUBBN=Mother Board, BT=S4L">
                <measResults>10 0 0 0 0 10 </measResults>
            </measValue>
            <measValue measObjLdn="MG04ECEB/Board:FN=3, SN=7, BP=Front, SUBBN=Mother Board, BT=MPU">
                <measResults>3 0 0 0 0 6 </measResults>
            </measValue>
            <measValue measObjLdn="MG04ECEB/Board:FN=3, SN=2, BP=Back, SUBBN=Mother Board, BT=S4L">
                <measResults>6 0 0 0 0 6 </measResults>
            </measValue>
            <measValue measObjLdn="MG04ECEB/Board:FN=2, SN=9, BP=Front, SUBBN=Mother Board, BT=CMU">
                <measResults>0 0 0 0 0 2 </measResults>
            </measValue>
            <measValue measObjLdn="MG04ECEB/Board:FN=1, SN=14, BP=Front, SUBBN=Mother Board, BT=SPF">
                <measResults>0 0 0 0 0 0 </measResults>
            </measValue>
            <measValue measObjLdn="MG04ECEB/Board:FN=2, SN=0, BP=Front, SUBBN=Mother Board, BT=VPU">
                <measResults>6 0 0 0 0 11 </measResults>
            </measValue>
            <measValue measObjLdn="MG04ECEB/Board:FN=2, SN=15, BP=Back, SUBBN=Mother Board, BT=E63">
                <measResults>3 0 0 0 0 5 </measResults>
            </measValue>
            <measValue measObjLdn="MG04ECEB/Board:FN=1, SN=9, BP=Front, SUBBN=Sub-Board 0, BT=CMU">
                <measResults>0 0 0 0 0 1 </measResults>
            </measValue>
            <measValue measObjLdn="MG04ECEB/Board:FN=3, SN=9, BP=Front, SUBBN=Mother Board, BT=CMU">
                <measResults>1 0 0 0 0 1 </measResults>
            </measValue>
            <measValue measObjLdn="MG04ECEB/Board:FN=1, SN=0, BP=Back, SUBBN=Mother Board, BT=CLK">
                <measResults>18 0 0 0 0 20 </measResults>
            </measValue>
            <measValue measObjLdn="MG04ECEB/Board:FN=3, SN=7, BP=Back, SUBBN=Mother Board, BT=TNU">
                <measResults>3 0 0 0 0 6 </measResults>
            </measValue>
            <measValue measObjLdn="MG04ECEB/Board:FN=2, SN=6, BP=Front, SUBBN=Sub-Board 0, BT=CMU">
                <measResults>0 0 0 0 0 2 </measResults>
            </measValue>
            <measValue measObjLdn="MG04ECEB/Board:FN=1, SN=7, BP=Front, SUBBN=Mother Board, BT=OMU">
                <measResults>3 0 0 0 0 14 </measResults>
            </measValue>
            <measValue measObjLdn="MG04ECEB/Board:FN=2, SN=11, BP=Front, SUBBN=Mother Board, BT=VPU">
                <measResults>3 0 0 0 0 4 </measResults>
            </measValue>
            <measValue measObjLdn="MG04ECEB/Board:FN=2, SN=2, BP=Front, SUBBN=Mother Board, BT=VPU">
                <measResults>7 0 0 0 0 15 </measResults>
            </measValue>
            <measValue measObjLdn="MG04ECEB/Board:FN=1, SN=2, BP=Back, SUBBN=Mother Board, BT=E63">
                <measResults>3 0 0 0 0 5 </measResults>
            </measValue>
            <measValue measObjLdn="MG04ECEB/Board:FN=2, SN=8, BP=Back, SUBBN=Mother Board, BT=TNU">
                <measResults>3 0 0 0 0 6 </measResults>
            </measValue>
            <measValue measObjLdn="MG04ECEB/Board:FN=2, SN=4, BP=Front, SUBBN=Mother Board, BT=SPF">
                <measResults>0 0 0 0 0 0 </measResults>
            </measValue>
            <measValue measObjLdn="MG04ECEB/Board:FN=3, SN=9, BP=Front, SUBBN=Sub-Board 0, BT=CMU">
                <measResults>1 0 0 0 0 2 </measResults>
            </measValue>
            <measValue measObjLdn="MG04ECEB/Board:FN=1, SN=11, BP=Back, SUBBN=Mother Board, BT=HRB">
                <measResults>1 0 0 0 0 2 </measResults>
            </measValue>
            <measValue measObjLdn="MG04ECEB/Board:FN=2, SN=13, BP=Front, SUBBN=Mother Board, BT=SPF">
                <measResults>0 0 0 0 0 0 </measResults>
            </measValue>
            <measValue measObjLdn="MG04ECEB/Board:FN=1, SN=9, BP=Front, SUBBN=Mother Board, BT=CMU">
                <measResults>0 0 0 0 0 2 </measResults>
            </measValue>
            <measValue measObjLdn="MG04ECEB/Board:FN=1, SN=0, BP=Front, SUBBN=Mother Board, BT=VPU">
                <measResults>3 0 0 0 0 5 </measResults>
            </measValue>
            <measValue measObjLdn="MG04ECEB/Board:FN=3, SN=1, BP=Front, SUBBN=Mother Board, BT=VPU">
                <measResults>6 0 0 0 0 10 </measResults>
            </measValue>
            <measValue measObjLdn="MG04ECEB/Board:FN=3, SN=11, BP=Front, SUBBN=Mother Board, BT=VPU">
                <measResults>6 0 0 0 0 10 </measResults>
            </measValue>
            <measValue measObjLdn="MG04ECEB/Board:FN=2, SN=15, BP=Front, SUBBN=Mother Board, BT=SPF">
                <measResults>0 0 0 0 0 0 </measResults>
            </measValue>
            <measValue measObjLdn="MG04ECEB/Board:FN=2, SN=6, BP=Front, SUBBN=Mother Board, BT=CMU">
                <measResults>0 0 0 0 0 1 </measResults>
            </measValue>
            <measValue measObjLdn="MG04ECEB/Board:FN=2, SN=10, BP=Back, SUBBN=Mother Board, BT=HRB">
                <measResults>6 0 0 0 0 8 </measResults>
            </measValue>
            <measValue measObjLdn="MG04ECEB/Board:FN=1, SN=13, BP=Back, SUBBN=Mother Board, BT=HRB">
                <measResults>1 0 0 0 0 2 </measResults>
            </measValue>
            <measValue measObjLdn="MG04ECEB/Board:FN=3, SN=11, BP=Back, SUBBN=Mother Board, BT=HRB">
                <measResults>1 0 0 0 0 2 </measResults>
            </measValue>
            <measValue measObjLdn="MG04ECEB/Board:FN=1, SN=4, BP=Back, SUBBN=Mother Board, BT=HRB">
                <measResults>0 0 0 0 0 0 </measResults>
            </measValue>
            <measValue measObjLdn="MG04ECEB/Board:FN=3, SN=13, BP=Front, SUBBN=Mother Board, BT=SPF">
                <measResults>0 0 0 0 0 0 </measResults>
            </measValue>
            <measValue measObjLdn="MG04ECEB/Board:FN=1, SN=2, BP=Front, SUBBN=Mother Board, BT=VPU">
                <measResults>6 0 0 0 0 9 </measResults>
            </measValue>
            <measValue measObjLdn="MG04ECEB/Board:FN=3, SN=3, BP=Front, SUBBN=Mother Board, BT=VPU">
                <measResults>3 0 0 0 0 4 </measResults>
            </measValue>
            <measValue measObjLdn="MG04ECEB/Board:FN=1, SN=11, BP=Front, SUBBN=Mother Board, BT=VPU">
                <measResults>5 0 0 0 0 7 </measResults>
            </measValue>
            <measValue measObjLdn="MG04ECEB/Board:FN=2, SN=1, BP=Back, SUBBN=Mother Board, BT=IFU">
                <measResults>0 0 0 0 0 0 </measResults>
            </measValue>
            <measValue measObjLdn="MG04ECEB/Board:FN=3, SN=15, BP=Front, SUBBN=Mother Board, BT=SPF">
                <measResults>0 0 0 0 0 0 </measResults>
            </measValue>
            <measValue measObjLdn="MG04ECEB/Board:FN=3, SN=6, BP=Front, SUBBN=Mother Board, BT=CMU">
                <measResults>0 0 0 0 0 2 </measResults>
            </measValue>
            <measValue measObjLdn="MG04ECEB/Board:FN=1, SN=15, BP=Back, SUBBN=Mother Board, BT=S4L">
                <measResults>6 0 0 0 0 6 </measResults>
            </measValue>
            <measValue measObjLdn="MG04ECEB/Board:FN=1, SN=4, BP=Front, SUBBN=Mother Board, BT=SPF">
                <measResults>0 0 0 0 0 0 </measResults>
            </measValue>
            <measValue measObjLdn="MG04ECEB/Board:FN=1, SN=6, BP=Front, SUBBN=Sub-Board 0, BT=CMU">
                <measResults>1 0 0 0 0 3 </measResults>
            </measValue>
            <measValue measObjLdn="MG04ECEB/Board:FN=2, SN=8, BP=Front, SUBBN=Mother Board, BT=MPU">
                <measResults>3 0 0 0 0 6 </measResults>
            </measValue>
            <measValue measObjLdn="MG04ECEB/Board:FN=1, SN=13, BP=Front, SUBBN=Mother Board, BT=SPF">
                <measResults>0 0 0 0 0 0 </measResults>
            </measValue>
            <measValue measObjLdn="MG04ECEB/Board:FN=2, SN=12, BP=Back, SUBBN=Mother Board, BT=HRB">
                <measResults>5 0 0 0 0 8 </measResults>
            </measValue>
            <measValue measObjLdn="MG04ECEB/Board:FN=1, SN=8, BP=Back, SUBBN=Mother Board, BT=TNU">
                <measResults>4 0 0 0 0 8 </measResults>
            </measValue>
            <measValue measObjLdn="MG04ECEB/Board:FN=3, SN=6, BP=Front, SUBBN=Sub-Board 0, BT=CMU">
                <measResults>1 0 0 0 0 2 </measResults>
            </measValue>
            <measValue measObjLdn="MG04ECEB/Board:FN=1, SN=6, BP=Front, SUBBN=Mother Board, BT=CMU">
                <measResults>0 0 0 0 0 1 </measResults>
            </measValue>
            <measValue measObjLdn="MG04ECEB/Board:FN=2, SN=3, BP=Back, SUBBN=Mother Board, BT=S4L">
                <measResults>6 0 0 0 0 7 </measResults>
            </measValue>
            <measValue measObjLdn="MG04ECEB/Board:FN=3, SN=8, BP=Front, SUBBN=Mother Board, BT=MPU">
                <measResults>2 0 0 0 0 5 </measResults>
            </measValue>
            <measValue measObjLdn="MG04ECEB/Board:FN=2, SN=14, BP=Back, SUBBN=Mother Board, BT=E63">
                <measResults>3 0 0 0 0 5 </measResults>
            </measValue>
            <measValue measObjLdn="MG04ECEB/Board:FN=1, SN=15, BP=Front, SUBBN=Mother Board, BT=SPF">
                <measResults>0 0 0 0 0 0 </measResults>
            </measValue>
            <measValue measObjLdn="MG04ECEB/Board:FN=2, SN=10, BP=Front, SUBBN=Mother Board, BT=VPU">
                <measResults>3 0 0 0 0 4 </measResults>
            </measValue>
            <measValue measObjLdn="MG04ECEB/Board:FN=2, SN=1, BP=Front, SUBBN=Mother Board, BT=VPU">
                <measResults>6 0 0 0 0 11 </measResults>
            </measValue>
            <measValue measObjLdn="MG04ECEB/Board:FN=2, SN=7, BP=Back, SUBBN=Mother Board, BT=TNU">
                <measResults>1 0 0 0 0 4 </measResults>
            </measValue>
            <measValue measObjLdn="MG04ECEB/Board:FN=3, SN=8, BP=Back, SUBBN=Mother Board, BT=TNU">
                <measResults>1 0 0 0 0 4 </measResults>
            </measValue>
            <measValue measObjLdn="MG04ECEB/Board:FN=1, SN=1, BP=Back, SUBBN=Mother Board, BT=CLK">
                <measResults>19 0 0 0 0 20 </measResults>
            </measValue>
            <measValue measObjLdn="MG04ECEB/Board:FN=1, SN=10, BP=Back, SUBBN=Mother Board, BT=HRB">
                <measResults>6 0 0 0 0 8 </measResults>
            </measValue>
            <measValue measObjLdn="MG04ECEB/Board:FN=3, SN=10, BP=Front, SUBBN=Mother Board, BT=VPU">
                <measResults>3 0 0 0 0 4 </measResults>
            </measValue>
            <measValue measObjLdn="MG04ECEB/Board:FN=2, SN=12, BP=Front, SUBBN=Mother Board, BT=VPU">
                <measResults>3 0 0 0 0 5 </measResults>
            </measValue>
            <measValue measObjLdn="MG04ECEB/Board:FN=2, SN=3, BP=Front, SUBBN=Mother Board, BT=VPU">
                <measResults>5 0 0 0 0 7 </measResults>
            </measValue>
            <measValue measObjLdn="MG04ECEB/Board:FN=3, SN=0, BP=Front, SUBBN=Mother Board, BT=VPU">
                <measResults>3 0 0 0 0 5 </measResults>
            </measValue>
            <measValue measObjLdn="MG04ECEB/Board:FN=1, SN=8, BP=Front, SUBBN=Mother Board, BT=OMU">
                <measResults>3 0 0 0 0 12 </measResults>
            </measValue>
            <measValue measObjLdn="MG04ECEB/Board:FN=1, SN=10, BP=Front, SUBBN=Mother Board, BT=VPU">
                <measResults>3 0 0 0 0 4 </measResults>
            </measValue>
            <measValue measObjLdn="MG04ECEB/Board:FN=3, SN=2, BP=Front, SUBBN=Mother Board, BT=VPU">
                <measResults>6 0 0 0 0 9 </measResults>
            </measValue>
            <measValue measObjLdn="MG04ECEB/Board:FN=1, SN=1, BP=Front, SUBBN=Mother Board, BT=VPU">
                <measResults>6 0 0 0 0 11 </measResults>
            </measValue>
            <measValue measObjLdn="MG04ECEB/Board:FN=1, SN=12, BP=Front, SUBBN=Mother Board, BT=VPU">
                <measResults>3 0 0 0 0 4 </measResults>
            </measValue>
            <measValue measObjLdn="MG04ECEB/Board:FN=1, SN=3, BP=Front, SUBBN=Mother Board, BT=VPU">
                <measResults>5 0 0 0 0 8 </measResults>
            </measValue>
        </measInfo>
        <measInfo measInfoId="100666008">
            <granPeriod duration="PT3600S" endTime="2021-08-11T23:00:00+08:00"/>
            <repPeriod duration="PT3600S"/>
            <measTypes>100992118 100992119 100992120 100992121 100992122 100992123 100992124 100992125 </measTypes>
            <measValue measObjLdn="MG04ECEB/Frame:FN=1/Board:FN=1, SN=7, BP=Back">
                <measResults>0 0 0 0 0 0 0 0 </measResults>
            </measValue>
            <measValue measObjLdn="MG04ECEB/Frame:FN=2/Board:FN=2, SN=8, BP=Back">
                <measResults>0 0 0 0 0 0 0 0 </measResults>
            </measValue>
            <measValue measObjLdn="MG04ECEB/Frame:FN=3/Board:FN=3, SN=11, BP=Back">
                <measResults>0 0 0 0 0 0 0 0 </measResults>
            </measValue>
            <measValue measObjLdn="MG04ECEB/Frame:FN=3/Board:FN=3, SN=4, BP=Front">
                <measResults>0 0 0 0 0 0 0 0 </measResults>
            </measValue>
            <measValue measObjLdn="MG04ECEB/Frame:FN=2/Board:FN=2, SN=11, BP=Back">
                <measResults>0 0 0 0 0 0 0 0 </measResults>
            </measValue>
            <measValue measObjLdn="MG04ECEB/Frame:FN=1/Board:FN=1, SN=10, BP=Back">
                <measResults>0 0 0 0 0 0 0 24283 </measResults>
            </measValue>
            <measValue measObjLdn="MG04ECEB/Frame:FN=1/Board:FN=1, SN=10, BP=Front">
                <measResults>0 0 0 0 0 0 0 627 </measResults>
            </measValue>
            <measValue measObjLdn="MG04ECEB/Frame:FN=2/Board:FN=2, SN=13, BP=Back">
                <measResults>0 0 0 0 0 0 0 0 </measResults>
            </measValue>
            <measValue measObjLdn="MG04ECEB/Frame:FN=1/Board:FN=1, SN=12, BP=Back">
                <measResults>0 0 0 0 0 0 0 24481 </measResults>
            </measValue>
            <measValue measObjLdn="MG04ECEB/Frame:FN=2/Board:FN=2, SN=11, BP=Front">
                <measResults>0 0 0 0 0 0 0 618 </measResults>
            </measValue>
            <measValue measObjLdn="MG04ECEB/Frame:FN=1/Board:FN=1, SN=12, BP=Front">
                <measResults>0 0 0 0 0 0 0 617 </measResults>
            </measValue>
            <measValue measObjLdn="MG04ECEB/Frame:FN=3/Board:FN=3, SN=11, BP=Front">
                <measResults>0 0 0 0 0 0 0 5646 </measResults>
            </measValue>
            <measValue measObjLdn="MG04ECEB/Frame:FN=2/Board:FN=2, SN=15, BP=Back">
                <measResults>0 0 0 0 0 0 0 0 </measResults>
            </measValue>
            <measValue measObjLdn="MG04ECEB/Frame:FN=2/Board:FN=2, SN=2, BP=Back">
                <measResults>0 0 0 0 0 0 0 0 </measResults>
            </measValue>
            <measValue measObjLdn="MG04ECEB/Frame:FN=1/Board:FN=1, SN=3, BP=Back">
                <measResults>0 0 0 0 0 0 0 0 </measResults>
            </measValue>
            <measValue measObjLdn="MG04ECEB/Frame:FN=1/Board:FN=1, SN=14, BP=Back">
                <measResults>0 0 0 0 0 0 0 0 </measResults>
            </measValue>
            <measValue measObjLdn="MG04ECEB/Frame:FN=3/Board:FN=3, SN=7, BP=Back">
                <measResults>0 0 0 0 0 0 0 0 </measResults>
            </measValue>
            <measValue measObjLdn="MG04ECEB/Frame:FN=2/Board:FN=2, SN=7, BP=Back">
                <measResults>0 0 0 0 0 0 0 0 </measResults>
            </measValue>
            <measValue measObjLdn="MG04ECEB/Frame:FN=3/Board:FN=3, SN=10, BP=Back">
                <measResults>0 0 0 0 0 0 0 24404 </measResults>
            </measValue>
            <measValue measObjLdn="MG04ECEB/Frame:FN=1/Board:FN=1, SN=5, BP=Back">
                <measResults>0 0 0 0 0 0 0 48357 </measResults>
            </measValue>
            <measValue measObjLdn="MG04ECEB/Frame:FN=2/Board:FN=2, SN=0, BP=Front">
                <measResults>0 0 0 0 0 0 0 5587 </measResults>
            </measValue>
            <measValue measObjLdn="MG04ECEB/Frame:FN=3/Board:FN=3, SN=1, BP=Front">
                <measResults>0 0 0 0 0 0 0 5628 </measResults>
            </measValue>
            <measValue measObjLdn="MG04ECEB/Frame:FN=1/Board:FN=1, SN=1, BP=Front">
                <measResults>0 0 0 0 0 0 0 5619 </measResults>
            </measValue>
            <measValue measObjLdn="MG04ECEB/Frame:FN=3/Board:FN=3, SN=15, BP=Back">
                <measResults>0 0 0 0 0 0 0 0 </measResults>
            </measValue>
            <measValue measObjLdn="MG04ECEB/Frame:FN=1/Board:FN=1, SN=8, BP=Back">
                <measResults>0 0 0 0 0 0 0 0 </measResults>
            </measValue>
            <measValue measObjLdn="MG04ECEB/Frame:FN=2/Board:FN=2, SN=10, BP=Back">
                <measResults>0 0 0 0 0 0 0 24405 </measResults>
            </measValue>
            <measValue measObjLdn="MG04ECEB/Frame:FN=1/Board:FN=1, SN=3, BP=Front">
                <measResults>0 0 0 0 0 0 0 4338 </measResults>
            </measValue>
            <measValue measObjLdn="MG04ECEB/Frame:FN=3/Board:FN=3, SN=3, BP=Front">
                <measResults>0 0 0 0 0 0 0 624 </measResults>
            </measValue>
            <measValue measObjLdn="MG04ECEB/Frame:FN=2/Board:FN=2, SN=2, BP=Front">
                <measResults>0 0 0 0 0 0 0 5594 </measResults>
            </measValue>
            <measValue measObjLdn="MG04ECEB/Frame:FN=1/Board:FN=1, SN=11, BP=Back">
                <measResults>0 0 0 0 0 0 0 0 </measResults>
            </measValue>
            <measValue measObjLdn="MG04ECEB/Frame:FN=2/Board:FN=2, SN=12, BP=Back">
                <measResults>0 0 0 0 0 0 0 24280 </measResults>
            </measValue>
            <measValue measObjLdn="MG04ECEB/Frame:FN=2/Board:FN=2, SN=10, BP=Front">
                <measResults>0 0 0 0 0 0 0 616 </measResults>
            </measValue>
            <measValue measObjLdn="MG04ECEB/Frame:FN=3/Board:FN=3, SN=10, BP=Front">
                <measResults>0 0 0 0 0 0 0 620 </measResults>
            </measValue>
            <measValue measObjLdn="MG04ECEB/Frame:FN=1/Board:FN=1, SN=11, BP=Front">
                <measResults>0 0 0 0 0 0 0 4368 </measResults>
            </measValue>
            <measValue measObjLdn="MG04ECEB/Frame:FN=1/Board:FN=1, SN=2, BP=Back">
                <measResults>0 0 0 0 0 0 0 0 </measResults>
            </measValue>
            <measValue measObjLdn="MG04ECEB/Frame:FN=3/Board:FN=3, SN=2, BP=Back">
                <measResults>0 0 0 0 0 0 0 0 </measResults>
            </measValue>
            <measValue measObjLdn="MG04ECEB/Frame:FN=1/Board:FN=1, SN=13, BP=Back">
                <measResults>0 0 0 0 0 0 0 0 </measResults>
            </measValue>
            <measValue measObjLdn="MG04ECEB/Frame:FN=2/Board:FN=2, SN=14, BP=Back">
                <measResults>0 0 0 0 0 0 0 0 </measResults>
            </measValue>
            <measValue measObjLdn="MG04ECEB/Frame:FN=2/Board:FN=2, SN=12, BP=Front">
                <measResults>0 0 0 0 0 0 0 612 </measResults>
            </measValue>
            <measValue measObjLdn="MG04ECEB/Frame:FN=1/Board:FN=1, SN=15, BP=Back">
                <measResults>0 0 0 0 0 0 0 0 </measResults>
            </measValue>
            <measValue measObjLdn="MG04ECEB/Frame:FN=3/Board:FN=3, SN=8, BP=Back">
                <measResults>0 0 0 0 0 0 0 0 </measResults>
            </measValue>
            <measValue measObjLdn="MG04ECEB/Frame:FN=2/Board:FN=2, SN=3, BP=Back">
                <measResults>0 0 0 0 0 0 0 0 </measResults>
            </measValue>
            <measValue measObjLdn="MG04ECEB/Frame:FN=1/Board:FN=1, SN=4, BP=Back">
                <measResults>0 0 0 0 0 0 0 0 </measResults>
            </measValue>
            <measValue measObjLdn="MG04ECEB/Frame:FN=1/Board:FN=1, SN=0, BP=Front">
                <measResults>0 0 0 0 0 0 0 327 </measResults>
            </measValue>
            <measValue measObjLdn="MG04ECEB/Frame:FN=3/Board:FN=3, SN=0, BP=Front">
                <measResults>0 0 0 0 0 0 0 330 </measResults>
            </measValue>
            <measValue measObjLdn="MG04ECEB/Frame:FN=3/Board:FN=3, SN=2, BP=Front">
                <measResults>0 0 0 0 0 0 0 5601 </measResults>
            </measValue>
            <measValue measObjLdn="MG04ECEB/Frame:FN=1/Board:FN=1, SN=2, BP=Front">
                <measResults>0 0 0 0 0 0 0 5615 </measResults>
            </measValue>
            <measValue measObjLdn="MG04ECEB/Frame:FN=2/Board:FN=2, SN=1, BP=Front">
                <measResults>0 0 0 0 0 0 0 5624 </measResults>
            </measValue>
            <measValue measObjLdn="MG04ECEB/Frame:FN=2/Board:FN=2, SN=3, BP=Front">
                <measResults>0 0 0 0 0 0 0 4328 </measResults>
            </measValue>
        </measInfo>
    </measData>
    <fileFooter>
        <measCollec endTime="2021-08-11T23:00:00+08:00"/>
    </fileFooter>
</measCollecFile>
