<?xml version="1.0" encoding="UTF-8"?>
<measCollecFile xmlns="http://www.3gpp.org/ftp/specs/archive/32_series/32.435#measCollec">
<fileHeader fileFormatVersion="32.435 V10.0" vendorName="Nokia Networks">
<fileSender elementType="HSSCALLP"/>
<measCollec beginTime="2021-08-22T00:15:00+08:00"/>
</fileHeader>
<measData>
<managedElement/>
<measInfo measInfoId="NETWORK">
<granPeriod duration="PT900S" endTime="2021-08-22T00:30:00+08:00"/>
<repPeriod duration="PT900S"/>
<measTypes>bytesReceived packetsReceived bytesTransmitted badPacketsReceived packetsTransmitted transmitErrors</measTypes>
<measValue measObjLdn="PLMN-PLMN/IMSNFM-CLK-VHSS/HSS-HSSDN_NHSSCLK6_DU/HSSCALLP-03/BRM-HSSCALLP-03/NET-eth0">
<measResults>15449046892 15449046892 2475023369998 0 2475023369998 0</measResults>
</measValue>
</measInfo>
<measInfo measInfoId="NETWORK">
<granPeriod duration="PT900S" endTime="2021-08-22T00:30:00+08:00"/>
<repPeriod duration="PT900S"/>
<measTypes>bytesReceived packetsReceived bytesTransmitted badPacketsReceived packetsTransmitted transmitErrors</measTypes>
<measValue measObjLdn="PLMN-PLMN/IMSNFM-CLK-VHSS/HSS-HSSDN_NHSSCLK6_DU/HSSCALLP-03/BRM-HSSCALLP-03/NET-lo">
<measResults>15449046892 15449046892 2475023369998 0 2475023369998 0</measResults>
</measValue>
</measInfo>
<measInfo measInfoId="NETWORK">
<granPeriod duration="PT900S" endTime="2021-08-22T00:30:00+08:00"/>
<repPeriod duration="PT900S"/>
<measTypes>bytesReceived packetsReceived bytesTransmitted badPacketsReceived packetsTransmitted transmitErrors</measTypes>
<measValue measObjLdn="PLMN-PLMN/IMSNFM-CLK-VHSS/HSS-HSSDN_NHSSCLK6_DU/HSSCALLP-03/BRM-HSSCALLP-03/NET-eth2">
<measResults>15449046892 15449046892 2475023369998 0 2475023369998 0</measResults>
</measValue>
</measInfo>
<measInfo measInfoId="NETWORK">
<granPeriod duration="PT900S" endTime="2021-08-22T00:30:00+08:00"/>
<repPeriod duration="PT900S"/>
<measTypes>bytesReceived packetsReceived bytesTransmitted badPacketsReceived packetsTransmitted transmitErrors</measTypes>
<measValue measObjLdn="PLMN-PLMN/IMSNFM-CLK-VHSS/HSS-HSSDN_NHSSCLK6_DU/HSSCALLP-03/BRM-HSSCALLP-03/NET-eth1">
<measResults>15449046892 15449046892 2475023369998 0 2475023369998 0</measResults>
</measValue>
</measInfo>
<measInfo measInfoId="AGGREGAT">
<granPeriod duration="PT900S" endTime="2021-08-22T00:30:00+08:00"/>
<repPeriod duration="PT900S"/>
<measTypes>sysUptime swapFree memFree sysAvailability swapUsed cpuPercentageOverValue cpuAverageLoad cpuPeakLoad memUsed</measTypes>
<measValue measObjLdn="PLMN-PLMN/IMSNFM-CLK-VHSS/HSS-HSSDN_NHSSCLK6_DU/HSSCALLP-03/BRM-1">
<measResults>63666300 4194300 14337064 0 4194300 0 17.6667 5 18443592</measResults>
</measValue>
</measInfo>
<measInfo measInfoId="DBSpace">
<granPeriod duration="PT900S" endTime="2021-08-22T00:30:00+08:00"/>
<repPeriod duration="PT900S"/>
<measTypes>DbSpaceUsed DbSpaceAvailable</measTypes>
<measValue measObjLdn="PLMN-PLMN/IMSNFM-CLK-VHSS/HSS-HSSDN_NHSSCLK6_DU/HSSCALLP-03/BRM-HSSCALLP-03/DBSpace-1">
<measResults>13030 19774</measResults>
</measValue>
</measInfo>
<measInfo measInfoId="CPU">
<granPeriod duration="PT900S" endTime="2021-08-22T00:30:00+08:00"/>
<repPeriod duration="PT900S"/>
<measTypes>cpuLoad cpuUsed</measTypes>
<measValue measObjLdn="PLMN-PLMN/IMSNFM-CLK-VHSS/HSS-HSSDN_NHSSCLK6_DU/HSSCALLP-03/BRM-HSSCALLP-03/CPU-cpu6">
<measResults>4.1989 4.4986</measResults>
</measValue>
</measInfo>
<measInfo measInfoId="CPU">
<granPeriod duration="PT900S" endTime="2021-08-22T00:30:00+08:00"/>
<repPeriod duration="PT900S"/>
<measTypes>cpuLoad cpuUsed</measTypes>
<measValue measObjLdn="PLMN-PLMN/IMSNFM-CLK-VHSS/HSS-HSSDN_NHSSCLK6_DU/HSSCALLP-03/BRM-HSSCALLP-03/CPU-cpu7">
<measResults>6.1726 5.6153</measResults>
</measValue>
</measInfo>
<measInfo measInfoId="CPU">
<granPeriod duration="PT900S" endTime="2021-08-22T00:30:00+08:00"/>
<repPeriod duration="PT900S"/>
<measTypes>cpuLoad cpuUsed</measTypes>
<measValue measObjLdn="PLMN-PLMN/IMSNFM-CLK-VHSS/HSS-HSSDN_NHSSCLK6_DU/HSSCALLP-03/BRM-HSSCALLP-03/CPU-cpu4">
<measResults>4.4625 4.946</measResults>
</measValue>
</measInfo>
<measInfo measInfoId="CPU">
<granPeriod duration="PT900S" endTime="2021-08-22T00:30:00+08:00"/>
<repPeriod duration="PT900S"/>
<measTypes>cpuLoad cpuUsed</measTypes>
<measValue measObjLdn="PLMN-PLMN/IMSNFM-CLK-VHSS/HSS-HSSDN_NHSSCLK6_DU/HSSCALLP-03/BRM-HSSCALLP-03/CPU-cpu5">
<measResults>4.6758 4.0719</measResults>
</measValue>
</measInfo>
<measInfo measInfoId="CPU">
<granPeriod duration="PT900S" endTime="2021-08-22T00:30:00+08:00"/>
<repPeriod duration="PT900S"/>
<measTypes>cpuLoad cpuUsed</measTypes>
<measValue measObjLdn="PLMN-PLMN/IMSNFM-CLK-VHSS/HSS-HSSDN_NHSSCLK6_DU/HSSCALLP-03/BRM-HSSCALLP-03/CPU-cpu2">
<measResults>4.9914 5.3347</measResults>
</measValue>
</measInfo>
<measInfo measInfoId="CPU">
<granPeriod duration="PT900S" endTime="2021-08-22T00:30:00+08:00"/>
<repPeriod duration="PT900S"/>
<measTypes>cpuLoad cpuUsed</measTypes>
<measValue measObjLdn="PLMN-PLMN/IMSNFM-CLK-VHSS/HSS-HSSDN_NHSSCLK6_DU/HSSCALLP-03/BRM-HSSCALLP-03/CPU-cpu3">
<measResults>4.6523 5.0238</measResults>
</measValue>
</measInfo>
<measInfo measInfoId="CPU">
<granPeriod duration="PT900S" endTime="2021-08-22T00:30:00+08:00"/>
<repPeriod duration="PT900S"/>
<measTypes>cpuLoad cpuUsed</measTypes>
<measValue measObjLdn="PLMN-PLMN/IMSNFM-CLK-VHSS/HSS-HSSDN_NHSSCLK6_DU/HSSCALLP-03/BRM-HSSCALLP-03/CPU-cpu0">
<measResults>4.2961 4.0635</measResults>
</measValue>
</measInfo>
<measInfo measInfoId="CPU">
<granPeriod duration="PT900S" endTime="2021-08-22T00:30:00+08:00"/>
<repPeriod duration="PT900S"/>
<measTypes>cpuLoad cpuUsed</measTypes>
<measValue measObjLdn="PLMN-PLMN/IMSNFM-CLK-VHSS/HSS-HSSDN_NHSSCLK6_DU/HSSCALLP-03/BRM-HSSCALLP-03/CPU-cpu1">
<measResults>5.2183 7.5355</measResults>
</measValue>
</measInfo>
<measInfo measInfoId="CPU">
<granPeriod duration="PT900S" endTime="2021-08-22T00:30:00+08:00"/>
<repPeriod duration="PT900S"/>
<measTypes>cpuLoad cpuUsed</measTypes>
<measValue measObjLdn="PLMN-PLMN/IMSNFM-CLK-VHSS/HSS-HSSDN_NHSSCLK6_DU/HSSCALLP-03/BRM-HSSCALLP-03/CPU-cpu">
<measResults>4.8326 5.1274</measResults>
</measValue>
</measInfo>
<measInfo measInfoId="VCPU">
<granPeriod duration="PT900S" endTime="2021-08-22T00:30:00+08:00"/>
<repPeriod duration="PT900S"/>
<measTypes>vCPUs</measTypes>
<measValue measObjLdn="PLMN-PLMN/IMSNFM-CLK-VHSS/HSS-HSSDN_NHSSCLK6_DU/HSSCALLP-03/BRM-HSSCALLP-03/VCPU-1">
<measResults>8</measResults>
</measValue>
</measInfo>
<measInfo measInfoId="DISK">
<granPeriod duration="PT900S" endTime="2021-08-22T00:30:00+08:00"/>
<repPeriod duration="PT900S"/>
<measTypes>bytesReceivedDisk bytesTransmittedDisk</measTypes>
<measValue measObjLdn="PLMN-PLMN/IMSNFM-CLK-VHSS/HSS-HSSDN_NHSSCLK6_DU/HSSCALLP-03/BRM-HSSCALLP-03/DISK-0">
<measResults>4203912 11349453364</measResults>
</measValue>
</measInfo>
<measInfo measInfoId="FS">
<granPeriod duration="PT900S" endTime="2021-08-22T00:30:00+08:00"/>
<repPeriod duration="PT900S"/>
<measTypes>fsUsed</measTypes>
<measValue measObjLdn="PLMN-PLMN/IMSNFM-CLK-VHSS/HSS-HSSDN_NHSSCLK6_DU/HSSCALLP-03/BRM-HSSCALLP-03/FS-_dev_mapper_vg00_root">
<measResults>0</measResults>
</measValue>
</measInfo>
<measInfo measInfoId="FS">
<granPeriod duration="PT900S" endTime="2021-08-22T00:30:00+08:00"/>
<repPeriod duration="PT900S"/>
<measTypes>fsUsed</measTypes>
<measValue measObjLdn="PLMN-PLMN/IMSNFM-CLK-VHSS/HSS-HSSDN_NHSSCLK6_DU/HSSCALLP-03/BRM-HSSCALLP-03/FS-_dev_mapper_vg00_Charging">
<measResults>0</measResults>
</measValue>
</measInfo>
<measInfo measInfoId="FS">
<granPeriod duration="PT900S" endTime="2021-08-22T00:30:00+08:00"/>
<repPeriod duration="PT900S"/>
<measTypes>fsUsed</measTypes>
<measValue measObjLdn="PLMN-PLMN/IMSNFM-CLK-VHSS/HSS-HSSDN_NHSSCLK6_DU/HSSCALLP-03/BRM-HSSCALLP-03/FS-tmpfs">
<measResults>0</measResults>
</measValue>
</measInfo>
<measInfo measInfoId="FS">
<granPeriod duration="PT900S" endTime="2021-08-22T00:30:00+08:00"/>
<repPeriod duration="PT900S"/>
<measTypes>fsUsed</measTypes>
<measValue measObjLdn="PLMN-PLMN/IMSNFM-CLK-VHSS/HSS-HSSDN_NHSSCLK6_DU/HSSCALLP-03/BRM-HSSCALLP-03/FS-_dev_mapper_vg00_TspCore">
<measResults>0</measResults>
</measValue>
</measInfo>
<measInfo measInfoId="FS">
<granPeriod duration="PT900S" endTime="2021-08-22T00:30:00+08:00"/>
<repPeriod duration="PT900S"/>
<measTypes>fsUsed</measTypes>
<measValue measObjLdn="PLMN-PLMN/IMSNFM-CLK-VHSS/HSS-HSSDN_NHSSCLK6_DU/HSSCALLP-03/BRM-HSSCALLP-03/FS-_dev_mapper_vg00_appDb">
<measResults>0</measResults>
</measValue>
</measInfo>
<measInfo measInfoId="FS">
<granPeriod duration="PT900S" endTime="2021-08-22T00:30:00+08:00"/>
<repPeriod duration="PT900S"/>
<measTypes>fsUsed</measTypes>
<measValue measObjLdn="PLMN-PLMN/IMSNFM-CLK-VHSS/HSS-HSSDN_NHSSCLK6_DU/HSSCALLP-03/BRM-HSSCALLP-03/FS-_dev_mapper_vg00_dump">
<measResults>0</measResults>
</measValue>
</measInfo>
<measInfo measInfoId="FS">
<granPeriod duration="PT900S" endTime="2021-08-22T00:30:00+08:00"/>
<repPeriod duration="PT900S"/>
<measTypes>fsUsed</measTypes>
<measValue measObjLdn="PLMN-PLMN/IMSNFM-CLK-VHSS/HSS-HSSDN_NHSSCLK6_DU/HSSCALLP-03/BRM-HSSCALLP-03/FS-_dev_vda1">
<measResults>0</measResults>
</measValue>
</measInfo>
<measInfo measInfoId="FS">
<granPeriod duration="PT900S" endTime="2021-08-22T00:30:00+08:00"/>
<repPeriod duration="PT900S"/>
<measTypes>fsUsed</measTypes>
<measValue measObjLdn="PLMN-PLMN/IMSNFM-CLK-VHSS/HSS-HSSDN_NHSSCLK6_DU/HSSCALLP-03/BRM-HSSCALLP-03/FS-_dev_mapper_vg00_tmp">
<measResults>0</measResults>
</measValue>
</measInfo>
<measInfo measInfoId="FS">
<granPeriod duration="PT900S" endTime="2021-08-22T00:30:00+08:00"/>
<repPeriod duration="PT900S"/>
<measTypes>fsUsed</measTypes>
<measValue measObjLdn="PLMN-PLMN/IMSNFM-CLK-VHSS/HSS-HSSDN_NHSSCLK6_DU/HSSCALLP-03/BRM-HSSCALLP-03/FS-_dev_mapper_vg00_var">
<measResults>0</measResults>
</measValue>
</measInfo>
<measInfo measInfoId="FS">
<granPeriod duration="PT900S" endTime="2021-08-22T00:30:00+08:00"/>
<repPeriod duration="PT900S"/>
<measTypes>fsUsed</measTypes>
<measValue measObjLdn="PLMN-PLMN/IMSNFM-CLK-VHSS/HSS-HSSDN_NHSSCLK6_DU/HSSCALLP-03/BRM-HSSCALLP-03/FS-_dev_mapper_vg00_tspdb">
<measResults>0</measResults>
</measValue>
</measInfo>
<measInfo measInfoId="FS">
<granPeriod duration="PT900S" endTime="2021-08-22T00:30:00+08:00"/>
<repPeriod duration="PT900S"/>
<measTypes>fsUsed</measTypes>
<measValue measObjLdn="PLMN-PLMN/IMSNFM-CLK-VHSS/HSS-HSSDN_NHSSCLK6_DU/HSSCALLP-03/BRM-HSSCALLP-03/FS-_dev_mapper_vg00_home">
<measResults>0</measResults>
</measValue>
</measInfo>
<measInfo measInfoId="NETWORK">
<granPeriod duration="PT900S" endTime="2021-08-22T00:30:00+08:00"/>
<repPeriod duration="PT900S"/>
<measTypes>bytesReceived packetsReceived bytesTransmitted badPacketsReceived packetsTransmitted transmitErrors</measTypes>
<measValue measObjLdn="PLMN-PLMN/IMSNFM-CLK-VHSS/HSS-HSSDN_NHSSCLK6_DU/HSSCALLP-04/BRM-HSSCALLP-04/NET-eth0">
<measResults>15454112631 15454112631 2475839703553 0 2475839703553 0</measResults>
</measValue>
</measInfo>
<measInfo measInfoId="NETWORK">
<granPeriod duration="PT900S" endTime="2021-08-22T00:30:00+08:00"/>
<repPeriod duration="PT900S"/>
<measTypes>bytesReceived packetsReceived bytesTransmitted badPacketsReceived packetsTransmitted transmitErrors</measTypes>
<measValue measObjLdn="PLMN-PLMN/IMSNFM-CLK-VHSS/HSS-HSSDN_NHSSCLK6_DU/HSSCALLP-04/BRM-HSSCALLP-04/NET-lo">
<measResults>15454112631 15454112631 2475839703553 0 2475839703553 0</measResults>
</measValue>
</measInfo>
<measInfo measInfoId="NETWORK">
<granPeriod duration="PT900S" endTime="2021-08-22T00:30:00+08:00"/>
<repPeriod duration="PT900S"/>
<measTypes>bytesReceived packetsReceived bytesTransmitted badPacketsReceived packetsTransmitted transmitErrors</measTypes>
<measValue measObjLdn="PLMN-PLMN/IMSNFM-CLK-VHSS/HSS-HSSDN_NHSSCLK6_DU/HSSCALLP-04/BRM-HSSCALLP-04/NET-eth2">
<measResults>15454112631 15454112631 2475839703553 0 2475839703553 0</measResults>
</measValue>
</measInfo>
<measInfo measInfoId="NETWORK">
<granPeriod duration="PT900S" endTime="2021-08-22T00:30:00+08:00"/>
<repPeriod duration="PT900S"/>
<measTypes>bytesReceived packetsReceived bytesTransmitted badPacketsReceived packetsTransmitted transmitErrors</measTypes>
<measValue measObjLdn="PLMN-PLMN/IMSNFM-CLK-VHSS/HSS-HSSDN_NHSSCLK6_DU/HSSCALLP-04/BRM-HSSCALLP-04/NET-eth1">
<measResults>15454112631 15454112631 2475839703553 0 2475839703553 0</measResults>
</measValue>
</measInfo>
<measInfo measInfoId="AGGREGAT">
<granPeriod duration="PT900S" endTime="2021-08-22T00:30:00+08:00"/>
<repPeriod duration="PT900S"/>
<measTypes>sysUptime swapFree memFree sysAvailability swapUsed cpuPercentageOverValue cpuAverageLoad cpuPeakLoad memUsed</measTypes>
<measValue measObjLdn="PLMN-PLMN/IMSNFM-CLK-VHSS/HSS-HSSDN_NHSSCLK6_DU/HSSCALLP-04/BRM-1">
<measResults>63666302 4194300 14448360 0 4194300 0 23.3333 7 18333340</measResults>
</measValue>
</measInfo>
<measInfo measInfoId="DBSpace">
<granPeriod duration="PT900S" endTime="2021-08-22T00:30:00+08:00"/>
<repPeriod duration="PT900S"/>
<measTypes>DbSpaceUsed DbSpaceAvailable</measTypes>
<measValue measObjLdn="PLMN-PLMN/IMSNFM-CLK-VHSS/HSS-HSSDN_NHSSCLK6_DU/HSSCALLP-04/BRM-HSSCALLP-04/DBSpace-1">
<measResults>13087 19774</measResults>
</measValue>
</measInfo>
<measInfo measInfoId="CPU">
<granPeriod duration="PT900S" endTime="2021-08-22T00:30:00+08:00"/>
<repPeriod duration="PT900S"/>
<measTypes>cpuLoad cpuUsed</measTypes>
<measValue measObjLdn="PLMN-PLMN/IMSNFM-CLK-VHSS/HSS-HSSDN_NHSSCLK6_DU/HSSCALLP-04/BRM-HSSCALLP-04/CPU-cpu6">
<measResults>3.9565 6.3215</measResults>
</measValue>
</measInfo>
<measInfo measInfoId="CPU">
<granPeriod duration="PT900S" endTime="2021-08-22T00:30:00+08:00"/>
<repPeriod duration="PT900S"/>
<measTypes>cpuLoad cpuUsed</measTypes>
<measValue measObjLdn="PLMN-PLMN/IMSNFM-CLK-VHSS/HSS-HSSDN_NHSSCLK6_DU/HSSCALLP-04/BRM-HSSCALLP-04/CPU-cpu7">
<measResults>6.1501 9.7187</measResults>
</measValue>
</measInfo>
<measInfo measInfoId="CPU">
<granPeriod duration="PT900S" endTime="2021-08-22T00:30:00+08:00"/>
<repPeriod duration="PT900S"/>
<measTypes>cpuLoad cpuUsed</measTypes>
<measValue measObjLdn="PLMN-PLMN/IMSNFM-CLK-VHSS/HSS-HSSDN_NHSSCLK6_DU/HSSCALLP-04/BRM-HSSCALLP-04/CPU-cpu4">
<measResults>4.1442 5.6276</measResults>
</measValue>
</measInfo>
<measInfo measInfoId="CPU">
<granPeriod duration="PT900S" endTime="2021-08-22T00:30:00+08:00"/>
<repPeriod duration="PT900S"/>
<measTypes>cpuLoad cpuUsed</measTypes>
<measValue measObjLdn="PLMN-PLMN/IMSNFM-CLK-VHSS/HSS-HSSDN_NHSSCLK6_DU/HSSCALLP-04/BRM-HSSCALLP-04/CPU-cpu5">
<measResults>4.4623 5.9323</measResults>
</measValue>
</measInfo>
<measInfo measInfoId="CPU">
<granPeriod duration="PT900S" endTime="2021-08-22T00:30:00+08:00"/>
<repPeriod duration="PT900S"/>
<measTypes>cpuLoad cpuUsed</measTypes>
<measValue measObjLdn="PLMN-PLMN/IMSNFM-CLK-VHSS/HSS-HSSDN_NHSSCLK6_DU/HSSCALLP-04/BRM-HSSCALLP-04/CPU-cpu2">
<measResults>4.5079 6.0831</measResults>
</measValue>
</measInfo>
<measInfo measInfoId="CPU">
<granPeriod duration="PT900S" endTime="2021-08-22T00:30:00+08:00"/>
<repPeriod duration="PT900S"/>
<measTypes>cpuLoad cpuUsed</measTypes>
<measValue measObjLdn="PLMN-PLMN/IMSNFM-CLK-VHSS/HSS-HSSDN_NHSSCLK6_DU/HSSCALLP-04/BRM-HSSCALLP-04/CPU-cpu3">
<measResults>4.4092 5.5867</measResults>
</measValue>
</measInfo>
<measInfo measInfoId="CPU">
<granPeriod duration="PT900S" endTime="2021-08-22T00:30:00+08:00"/>
<repPeriod duration="PT900S"/>
<measTypes>cpuLoad cpuUsed</measTypes>
<measValue measObjLdn="PLMN-PLMN/IMSNFM-CLK-VHSS/HSS-HSSDN_NHSSCLK6_DU/HSSCALLP-04/BRM-HSSCALLP-04/CPU-cpu0">
<measResults>4.0408 6.5173</measResults>
</measValue>
</measInfo>
<measInfo measInfoId="CPU">
<granPeriod duration="PT900S" endTime="2021-08-22T00:30:00+08:00"/>
<repPeriod duration="PT900S"/>
<measTypes>cpuLoad cpuUsed</measTypes>
<measValue measObjLdn="PLMN-PLMN/IMSNFM-CLK-VHSS/HSS-HSSDN_NHSSCLK6_DU/HSSCALLP-04/BRM-HSSCALLP-04/CPU-cpu1">
<measResults>4.995 6.2203</measResults>
</measValue>
</measInfo>
<measInfo measInfoId="CPU">
<granPeriod duration="PT900S" endTime="2021-08-22T00:30:00+08:00"/>
<repPeriod duration="PT900S"/>
<measTypes>cpuLoad cpuUsed</measTypes>
<measValue measObjLdn="PLMN-PLMN/IMSNFM-CLK-VHSS/HSS-HSSDN_NHSSCLK6_DU/HSSCALLP-04/BRM-HSSCALLP-04/CPU-cpu">
<measResults>4.5825 6.5038</measResults>
</measValue>
</measInfo>
<measInfo measInfoId="VCPU">
<granPeriod duration="PT900S" endTime="2021-08-22T00:30:00+08:00"/>
<repPeriod duration="PT900S"/>
<measTypes>vCPUs</measTypes>
<measValue measObjLdn="PLMN-PLMN/IMSNFM-CLK-VHSS/HSS-HSSDN_NHSSCLK6_DU/HSSCALLP-04/BRM-HSSCALLP-04/VCPU-1">
<measResults>8</measResults>
</measValue>
</measInfo>
<measInfo measInfoId="DISK">
<granPeriod duration="PT900S" endTime="2021-08-22T00:30:00+08:00"/>
<repPeriod duration="PT900S"/>
<measTypes>bytesReceivedDisk bytesTransmittedDisk</measTypes>
<measValue measObjLdn="PLMN-PLMN/IMSNFM-CLK-VHSS/HSS-HSSDN_NHSSCLK6_DU/HSSCALLP-04/BRM-HSSCALLP-04/DISK-0">
<measResults>4213500 11288078308</measResults>
</measValue>
</measInfo>
<measInfo measInfoId="FS">
<granPeriod duration="PT900S" endTime="2021-08-22T00:30:00+08:00"/>
<repPeriod duration="PT900S"/>
<measTypes>fsUsed</measTypes>
<measValue measObjLdn="PLMN-PLMN/IMSNFM-CLK-VHSS/HSS-HSSDN_NHSSCLK6_DU/HSSCALLP-04/BRM-HSSCALLP-04/FS-_dev_mapper_vg00_root">
<measResults>0</measResults>
</measValue>
</measInfo>
<measInfo measInfoId="FS">
<granPeriod duration="PT900S" endTime="2021-08-22T00:30:00+08:00"/>
<repPeriod duration="PT900S"/>
<measTypes>fsUsed</measTypes>
<measValue measObjLdn="PLMN-PLMN/IMSNFM-CLK-VHSS/HSS-HSSDN_NHSSCLK6_DU/HSSCALLP-04/BRM-HSSCALLP-04/FS-_dev_mapper_vg00_Charging">
<measResults>0</measResults>
</measValue>
</measInfo>
<measInfo measInfoId="FS">
<granPeriod duration="PT900S" endTime="2021-08-22T00:30:00+08:00"/>
<repPeriod duration="PT900S"/>
<measTypes>fsUsed</measTypes>
<measValue measObjLdn="PLMN-PLMN/IMSNFM-CLK-VHSS/HSS-HSSDN_NHSSCLK6_DU/HSSCALLP-04/BRM-HSSCALLP-04/FS-tmpfs">
<measResults>0</measResults>
</measValue>
</measInfo>
<measInfo measInfoId="FS">
<granPeriod duration="PT900S" endTime="2021-08-22T00:30:00+08:00"/>
<repPeriod duration="PT900S"/>
<measTypes>fsUsed</measTypes>
<measValue measObjLdn="PLMN-PLMN/IMSNFM-CLK-VHSS/HSS-HSSDN_NHSSCLK6_DU/HSSCALLP-04/BRM-HSSCALLP-04/FS-_dev_mapper_vg00_TspCore">
<measResults>0</measResults>
</measValue>
</measInfo>
<measInfo measInfoId="FS">
<granPeriod duration="PT900S" endTime="2021-08-22T00:30:00+08:00"/>
<repPeriod duration="PT900S"/>
<measTypes>fsUsed</measTypes>
<measValue measObjLdn="PLMN-PLMN/IMSNFM-CLK-VHSS/HSS-HSSDN_NHSSCLK6_DU/HSSCALLP-04/BRM-HSSCALLP-04/FS-_dev_mapper_vg00_appDb">
<measResults>0</measResults>
</measValue>
</measInfo>
<measInfo measInfoId="FS">
<granPeriod duration="PT900S" endTime="2021-08-22T00:30:00+08:00"/>
<repPeriod duration="PT900S"/>
<measTypes>fsUsed</measTypes>
<measValue measObjLdn="PLMN-PLMN/IMSNFM-CLK-VHSS/HSS-HSSDN_NHSSCLK6_DU/HSSCALLP-04/BRM-HSSCALLP-04/FS-_dev_mapper_vg00_dump">
<measResults>0</measResults>
</measValue>
</measInfo>
<measInfo measInfoId="FS">
<granPeriod duration="PT900S" endTime="2021-08-22T00:30:00+08:00"/>
<repPeriod duration="PT900S"/>
<measTypes>fsUsed</measTypes>
<measValue measObjLdn="PLMN-PLMN/IMSNFM-CLK-VHSS/HSS-HSSDN_NHSSCLK6_DU/HSSCALLP-04/BRM-HSSCALLP-04/FS-_dev_vda1">
<measResults>0</measResults>
</measValue>
</measInfo>
<measInfo measInfoId="FS">
<granPeriod duration="PT900S" endTime="2021-08-22T00:30:00+08:00"/>
<repPeriod duration="PT900S"/>
<measTypes>fsUsed</measTypes>
<measValue measObjLdn="PLMN-PLMN/IMSNFM-CLK-VHSS/HSS-HSSDN_NHSSCLK6_DU/HSSCALLP-04/BRM-HSSCALLP-04/FS-_dev_mapper_vg00_tmp">
<measResults>0</measResults>
</measValue>
</measInfo>
<measInfo measInfoId="FS">
<granPeriod duration="PT900S" endTime="2021-08-22T00:30:00+08:00"/>
<repPeriod duration="PT900S"/>
<measTypes>fsUsed</measTypes>
<measValue measObjLdn="PLMN-PLMN/IMSNFM-CLK-VHSS/HSS-HSSDN_NHSSCLK6_DU/HSSCALLP-04/BRM-HSSCALLP-04/FS-_dev_mapper_vg00_var">
<measResults>0</measResults>
</measValue>
</measInfo>
<measInfo measInfoId="FS">
<granPeriod duration="PT900S" endTime="2021-08-22T00:30:00+08:00"/>
<repPeriod duration="PT900S"/>
<measTypes>fsUsed</measTypes>
<measValue measObjLdn="PLMN-PLMN/IMSNFM-CLK-VHSS/HSS-HSSDN_NHSSCLK6_DU/HSSCALLP-04/BRM-HSSCALLP-04/FS-_dev_mapper_vg00_tspdb">
<measResults>0</measResults>
</measValue>
</measInfo>
<measInfo measInfoId="FS">
<granPeriod duration="PT900S" endTime="2021-08-22T00:30:00+08:00"/>
<repPeriod duration="PT900S"/>
<measTypes>fsUsed</measTypes>
<measValue measObjLdn="PLMN-PLMN/IMSNFM-CLK-VHSS/HSS-HSSDN_NHSSCLK6_DU/HSSCALLP-04/BRM-HSSCALLP-04/FS-_dev_mapper_vg00_home">
<measResults>0</measResults>
</measValue>
</measInfo>
<measInfo measInfoId="NETWORK">
<granPeriod duration="PT900S" endTime="2021-08-22T00:30:00+08:00"/>
<repPeriod duration="PT900S"/>
<measTypes>bytesReceived packetsReceived bytesTransmitted badPacketsReceived packetsTransmitted transmitErrors</measTypes>
<measValue measObjLdn="PLMN-PLMN/IMSNFM-CLK-VHSS/HSS-HSSDN_NHSSCLK6_DU/HSSCALLP-01/BRM-HSSCALLP-01/NET-eth0">
<measResults>15458005508 15458005508 2177727956447 0 2177727956447 0</measResults>
</measValue>
</measInfo>
<measInfo measInfoId="NETWORK">
<granPeriod duration="PT900S" endTime="2021-08-22T00:30:00+08:00"/>
<repPeriod duration="PT900S"/>
<measTypes>bytesReceived packetsReceived bytesTransmitted badPacketsReceived packetsTransmitted transmitErrors</measTypes>
<measValue measObjLdn="PLMN-PLMN/IMSNFM-CLK-VHSS/HSS-HSSDN_NHSSCLK6_DU/HSSCALLP-01/BRM-HSSCALLP-01/NET-lo">
<measResults>15458005508 15458005508 2177727956447 0 2177727956447 0</measResults>
</measValue>
</measInfo>
<measInfo measInfoId="NETWORK">
<granPeriod duration="PT900S" endTime="2021-08-22T00:30:00+08:00"/>
<repPeriod duration="PT900S"/>
<measTypes>bytesReceived packetsReceived bytesTransmitted badPacketsReceived packetsTransmitted transmitErrors</measTypes>
<measValue measObjLdn="PLMN-PLMN/IMSNFM-CLK-VHSS/HSS-HSSDN_NHSSCLK6_DU/HSSCALLP-01/BRM-HSSCALLP-01/NET-eth2">
<measResults>15458005508 15458005508 2177727956447 0 2177727956447 0</measResults>
</measValue>
</measInfo>
<measInfo measInfoId="NETWORK">
<granPeriod duration="PT900S" endTime="2021-08-22T00:30:00+08:00"/>
<repPeriod duration="PT900S"/>
<measTypes>bytesReceived packetsReceived bytesTransmitted badPacketsReceived packetsTransmitted transmitErrors</measTypes>
<measValue measObjLdn="PLMN-PLMN/IMSNFM-CLK-VHSS/HSS-HSSDN_NHSSCLK6_DU/HSSCALLP-01/BRM-HSSCALLP-01/NET-eth1">
<measResults>15458005508 15458005508 2177727956447 0 2177727956447 0</measResults>
</measValue>
</measInfo>
<measInfo measInfoId="AGGREGAT">
<granPeriod duration="PT900S" endTime="2021-08-22T00:30:00+08:00"/>
<repPeriod duration="PT900S"/>
<measTypes>sysUptime swapFree memFree sysAvailability swapUsed cpuPercentageOverValue cpuAverageLoad cpuPeakLoad memUsed</measTypes>
<measValue measObjLdn="PLMN-PLMN/IMSNFM-CLK-VHSS/HSS-HSSDN_NHSSCLK6_DU/HSSCALLP-01/BRM-1">
<measResults>63666343 4194300 14441248 0 4194300 0 17 4 18340412</measResults>
</measValue>
</measInfo>
<measInfo measInfoId="DBSpace">
<granPeriod duration="PT900S" endTime="2021-08-22T00:30:00+08:00"/>
<repPeriod duration="PT900S"/>
<measTypes>DbSpaceUsed DbSpaceAvailable</measTypes>
<measValue measObjLdn="PLMN-PLMN/IMSNFM-CLK-VHSS/HSS-HSSDN_NHSSCLK6_DU/HSSCALLP-01/BRM-HSSCALLP-01/DBSpace-1">
<measResults>13030 19774</measResults>
</measValue>
</measInfo>
<measInfo measInfoId="CPU">
<granPeriod duration="PT900S" endTime="2021-08-22T00:30:00+08:00"/>
<repPeriod duration="PT900S"/>
<measTypes>cpuLoad cpuUsed</measTypes>
<measValue measObjLdn="PLMN-PLMN/IMSNFM-CLK-VHSS/HSS-HSSDN_NHSSCLK6_DU/HSSCALLP-01/BRM-HSSCALLP-01/CPU-cpu6">
<measResults>3.58 3.166</measResults>
</measValue>
</measInfo>
<measInfo measInfoId="CPU">
<granPeriod duration="PT900S" endTime="2021-08-22T00:30:00+08:00"/>
<repPeriod duration="PT900S"/>
<measTypes>cpuLoad cpuUsed</measTypes>
<measValue measObjLdn="PLMN-PLMN/IMSNFM-CLK-VHSS/HSS-HSSDN_NHSSCLK6_DU/HSSCALLP-01/BRM-HSSCALLP-01/CPU-cpu7">
<measResults>5.1893 4.1765</measResults>
</measValue>
</measInfo>
<measInfo measInfoId="CPU">
<granPeriod duration="PT900S" endTime="2021-08-22T00:30:00+08:00"/>
<repPeriod duration="PT900S"/>
<measTypes>cpuLoad cpuUsed</measTypes>
<measValue measObjLdn="PLMN-PLMN/IMSNFM-CLK-VHSS/HSS-HSSDN_NHSSCLK6_DU/HSSCALLP-01/BRM-HSSCALLP-01/CPU-cpu4">
<measResults>3.7528 3.8637</measResults>
</measValue>
</measInfo>
<measInfo measInfoId="CPU">
<granPeriod duration="PT900S" endTime="2021-08-22T00:30:00+08:00"/>
<repPeriod duration="PT900S"/>
<measTypes>cpuLoad cpuUsed</measTypes>
<measValue measObjLdn="PLMN-PLMN/IMSNFM-CLK-VHSS/HSS-HSSDN_NHSSCLK6_DU/HSSCALLP-01/BRM-HSSCALLP-01/CPU-cpu5">
<measResults>4.024 3.6686</measResults>
</measValue>
</measInfo>
<measInfo measInfoId="CPU">
<granPeriod duration="PT900S" endTime="2021-08-22T00:30:00+08:00"/>
<repPeriod duration="PT900S"/>
<measTypes>cpuLoad cpuUsed</measTypes>
<measValue measObjLdn="PLMN-PLMN/IMSNFM-CLK-VHSS/HSS-HSSDN_NHSSCLK6_DU/HSSCALLP-01/BRM-HSSCALLP-01/CPU-cpu2">
<measResults>4.369 8.7734</measResults>
</measValue>
</measInfo>
<measInfo measInfoId="CPU">
<granPeriod duration="PT900S" endTime="2021-08-22T00:30:00+08:00"/>
<repPeriod duration="PT900S"/>
<measTypes>cpuLoad cpuUsed</measTypes>
<measValue measObjLdn="PLMN-PLMN/IMSNFM-CLK-VHSS/HSS-HSSDN_NHSSCLK6_DU/HSSCALLP-01/BRM-HSSCALLP-01/CPU-cpu3">
<measResults>4.0112 3.115</measResults>
</measValue>
</measInfo>
<measInfo measInfoId="CPU">
<granPeriod duration="PT900S" endTime="2021-08-22T00:30:00+08:00"/>
<repPeriod duration="PT900S"/>
<measTypes>cpuLoad cpuUsed</measTypes>
<measValue measObjLdn="PLMN-PLMN/IMSNFM-CLK-VHSS/HSS-HSSDN_NHSSCLK6_DU/HSSCALLP-01/BRM-HSSCALLP-01/CPU-cpu0">
<measResults>3.5636 4.1449</measResults>
</measValue>
</measInfo>
<measInfo measInfoId="CPU">
<granPeriod duration="PT900S" endTime="2021-08-22T00:30:00+08:00"/>
<repPeriod duration="PT900S"/>
<measTypes>cpuLoad cpuUsed</measTypes>
<measValue measObjLdn="PLMN-PLMN/IMSNFM-CLK-VHSS/HSS-HSSDN_NHSSCLK6_DU/HSSCALLP-01/BRM-HSSCALLP-01/CPU-cpu1">
<measResults>4.5227 4.0297</measResults>
</measValue>
</measInfo>
<measInfo measInfoId="CPU">
<granPeriod duration="PT900S" endTime="2021-08-22T00:30:00+08:00"/>
<repPeriod duration="PT900S"/>
<measTypes>cpuLoad cpuUsed</measTypes>
<measValue measObjLdn="PLMN-PLMN/IMSNFM-CLK-VHSS/HSS-HSSDN_NHSSCLK6_DU/HSSCALLP-01/BRM-HSSCALLP-01/CPU-cpu">
<measResults>4.1254 4.3635</measResults>
</measValue>
</measInfo>
<measInfo measInfoId="VCPU">
<granPeriod duration="PT900S" endTime="2021-08-22T00:30:00+08:00"/>
<repPeriod duration="PT900S"/>
<measTypes>vCPUs</measTypes>
<measValue measObjLdn="PLMN-PLMN/IMSNFM-CLK-VHSS/HSS-HSSDN_NHSSCLK6_DU/HSSCALLP-01/BRM-HSSCALLP-01/VCPU-1">
<measResults>8</measResults>
</measValue>
</measInfo>
<measInfo measInfoId="DISK">
<granPeriod duration="PT900S" endTime="2021-08-22T00:30:00+08:00"/>
<repPeriod duration="PT900S"/>
<measTypes>bytesReceivedDisk bytesTransmittedDisk</measTypes>
<measValue measObjLdn="PLMN-PLMN/IMSNFM-CLK-VHSS/HSS-HSSDN_NHSSCLK6_DU/HSSCALLP-01/BRM-HSSCALLP-01/DISK-0">
<measResults>4207560 11399506716</measResults>
</measValue>
</measInfo>
<measInfo measInfoId="FS">
<granPeriod duration="PT900S" endTime="2021-08-22T00:30:00+08:00"/>
<repPeriod duration="PT900S"/>
<measTypes>fsUsed</measTypes>
<measValue measObjLdn="PLMN-PLMN/IMSNFM-CLK-VHSS/HSS-HSSDN_NHSSCLK6_DU/HSSCALLP-01/BRM-HSSCALLP-01/FS-_dev_mapper_vg00_root">
<measResults>0</measResults>
</measValue>
</measInfo>
<measInfo measInfoId="FS">
<granPeriod duration="PT900S" endTime="2021-08-22T00:30:00+08:00"/>
<repPeriod duration="PT900S"/>
<measTypes>fsUsed</measTypes>
<measValue measObjLdn="PLMN-PLMN/IMSNFM-CLK-VHSS/HSS-HSSDN_NHSSCLK6_DU/HSSCALLP-01/BRM-HSSCALLP-01/FS-_dev_mapper_vg00_Charging">
<measResults>0</measResults>
</measValue>
</measInfo>
<measInfo measInfoId="FS">
<granPeriod duration="PT900S" endTime="2021-08-22T00:30:00+08:00"/>
<repPeriod duration="PT900S"/>
<measTypes>fsUsed</measTypes>
<measValue measObjLdn="PLMN-PLMN/IMSNFM-CLK-VHSS/HSS-HSSDN_NHSSCLK6_DU/HSSCALLP-01/BRM-HSSCALLP-01/FS-tmpfs">
<measResults>0</measResults>
</measValue>
</measInfo>
<measInfo measInfoId="FS">
<granPeriod duration="PT900S" endTime="2021-08-22T00:30:00+08:00"/>
<repPeriod duration="PT900S"/>
<measTypes>fsUsed</measTypes>
<measValue measObjLdn="PLMN-PLMN/IMSNFM-CLK-VHSS/HSS-HSSDN_NHSSCLK6_DU/HSSCALLP-01/BRM-HSSCALLP-01/FS-_dev_mapper_vg00_TspCore">
<measResults>0</measResults>
</measValue>
</measInfo>
<measInfo measInfoId="FS">
<granPeriod duration="PT900S" endTime="2021-08-22T00:30:00+08:00"/>
<repPeriod duration="PT900S"/>
<measTypes>fsUsed</measTypes>
<measValue measObjLdn="PLMN-PLMN/IMSNFM-CLK-VHSS/HSS-HSSDN_NHSSCLK6_DU/HSSCALLP-01/BRM-HSSCALLP-01/FS-_dev_mapper_vg00_appDb">
<measResults>0</measResults>
</measValue>
</measInfo>
<measInfo measInfoId="FS">
<granPeriod duration="PT900S" endTime="2021-08-22T00:30:00+08:00"/>
<repPeriod duration="PT900S"/>
<measTypes>fsUsed</measTypes>
<measValue measObjLdn="PLMN-PLMN/IMSNFM-CLK-VHSS/HSS-HSSDN_NHSSCLK6_DU/HSSCALLP-01/BRM-HSSCALLP-01/FS-_dev_mapper_vg00_dump">
<measResults>0</measResults>
</measValue>
</measInfo>
<measInfo measInfoId="FS">
<granPeriod duration="PT900S" endTime="2021-08-22T00:30:00+08:00"/>
<repPeriod duration="PT900S"/>
<measTypes>fsUsed</measTypes>
<measValue measObjLdn="PLMN-PLMN/IMSNFM-CLK-VHSS/HSS-HSSDN_NHSSCLK6_DU/HSSCALLP-01/BRM-HSSCALLP-01/FS-_dev_vda1">
<measResults>0</measResults>
</measValue>
</measInfo>
<measInfo measInfoId="FS">
<granPeriod duration="PT900S" endTime="2021-08-22T00:30:00+08:00"/>
<repPeriod duration="PT900S"/>
<measTypes>fsUsed</measTypes>
<measValue measObjLdn="PLMN-PLMN/IMSNFM-CLK-VHSS/HSS-HSSDN_NHSSCLK6_DU/HSSCALLP-01/BRM-HSSCALLP-01/FS-_dev_mapper_vg00_tmp">
<measResults>0</measResults>
</measValue>
</measInfo>
<measInfo measInfoId="FS">
<granPeriod duration="PT900S" endTime="2021-08-22T00:30:00+08:00"/>
<repPeriod duration="PT900S"/>
<measTypes>fsUsed</measTypes>
<measValue measObjLdn="PLMN-PLMN/IMSNFM-CLK-VHSS/HSS-HSSDN_NHSSCLK6_DU/HSSCALLP-01/BRM-HSSCALLP-01/FS-_dev_mapper_vg00_var">
<measResults>0</measResults>
</measValue>
</measInfo>
<measInfo measInfoId="FS">
<granPeriod duration="PT900S" endTime="2021-08-22T00:30:00+08:00"/>
<repPeriod duration="PT900S"/>
<measTypes>fsUsed</measTypes>
<measValue measObjLdn="PLMN-PLMN/IMSNFM-CLK-VHSS/HSS-HSSDN_NHSSCLK6_DU/HSSCALLP-01/BRM-HSSCALLP-01/FS-_dev_mapper_vg00_tspdb">
<measResults>0</measResults>
</measValue>
</measInfo>
<measInfo measInfoId="FS">
<granPeriod duration="PT900S" endTime="2021-08-22T00:30:00+08:00"/>
<repPeriod duration="PT900S"/>
<measTypes>fsUsed</measTypes>
<measValue measObjLdn="PLMN-PLMN/IMSNFM-CLK-VHSS/HSS-HSSDN_NHSSCLK6_DU/HSSCALLP-01/BRM-HSSCALLP-01/FS-_dev_mapper_vg00_home">
<measResults>0</measResults>
</measValue>
</measInfo>
<measInfo measInfoId="NETWORK">
<granPeriod duration="PT900S" endTime="2021-08-22T00:30:00+08:00"/>
<repPeriod duration="PT900S"/>
<measTypes>bytesReceived packetsReceived bytesTransmitted badPacketsReceived packetsTransmitted transmitErrors</measTypes>
<measValue measObjLdn="PLMN-PLMN/IMSNFM-CLK-VHSS/HSS-HSSDN_NHSSCLK6_DU/HSSCALLP-02/BRM-HSSCALLP-02/NET-eth0">
<measResults>15460634488 15460634488 2178140519854 0 2178140519854 0</measResults>
</measValue>
</measInfo>
<measInfo measInfoId="NETWORK">
<granPeriod duration="PT900S" endTime="2021-08-22T00:30:00+08:00"/>
<repPeriod duration="PT900S"/>
<measTypes>bytesReceived packetsReceived bytesTransmitted badPacketsReceived packetsTransmitted transmitErrors</measTypes>
<measValue measObjLdn="PLMN-PLMN/IMSNFM-CLK-VHSS/HSS-HSSDN_NHSSCLK6_DU/HSSCALLP-02/BRM-HSSCALLP-02/NET-lo">
<measResults>15460634488 15460634488 2178140519854 0 2178140519854 0</measResults>
</measValue>
</measInfo>
<measInfo measInfoId="NETWORK">
<granPeriod duration="PT900S" endTime="2021-08-22T00:30:00+08:00"/>
<repPeriod duration="PT900S"/>
<measTypes>bytesReceived packetsReceived bytesTransmitted badPacketsReceived packetsTransmitted transmitErrors</measTypes>
<measValue measObjLdn="PLMN-PLMN/IMSNFM-CLK-VHSS/HSS-HSSDN_NHSSCLK6_DU/HSSCALLP-02/BRM-HSSCALLP-02/NET-eth2">
<measResults>15460634488 15460634488 2178140519854 0 2178140519854 0</measResults>
</measValue>
</measInfo>
<measInfo measInfoId="NETWORK">
<granPeriod duration="PT900S" endTime="2021-08-22T00:30:00+08:00"/>
<repPeriod duration="PT900S"/>
<measTypes>bytesReceived packetsReceived bytesTransmitted badPacketsReceived packetsTransmitted transmitErrors</measTypes>
<measValue measObjLdn="PLMN-PLMN/IMSNFM-CLK-VHSS/HSS-HSSDN_NHSSCLK6_DU/HSSCALLP-02/BRM-HSSCALLP-02/NET-eth1">
<measResults>15460634488 15460634488 2178140519854 0 2178140519854 0</measResults>
</measValue>
</measInfo>
<measInfo measInfoId="AGGREGAT">
<granPeriod duration="PT900S" endTime="2021-08-22T00:30:00+08:00"/>
<repPeriod duration="PT900S"/>
<measTypes>sysUptime swapFree memFree sysAvailability swapUsed cpuPercentageOverValue cpuAverageLoad cpuPeakLoad memUsed</measTypes>
<measValue measObjLdn="PLMN-PLMN/IMSNFM-CLK-VHSS/HSS-HSSDN_NHSSCLK6_DU/HSSCALLP-02/BRM-1">
<measResults>63666294 4194300 14549916 0 4194300 0 18 5 18230812</measResults>
</measValue>
</measInfo>
<measInfo measInfoId="DBSpace">
<granPeriod duration="PT900S" endTime="2021-08-22T00:30:00+08:00"/>
<repPeriod duration="PT900S"/>
<measTypes>DbSpaceUsed DbSpaceAvailable</measTypes>
<measValue measObjLdn="PLMN-PLMN/IMSNFM-CLK-VHSS/HSS-HSSDN_NHSSCLK6_DU/HSSCALLP-02/BRM-HSSCALLP-02/DBSpace-1">
<measResults>13087 19774</measResults>
</measValue>
</measInfo>
<measInfo measInfoId="CPU">
<granPeriod duration="PT900S" endTime="2021-08-22T00:30:00+08:00"/>
<repPeriod duration="PT900S"/>
<measTypes>cpuLoad cpuUsed</measTypes>
<measValue measObjLdn="PLMN-PLMN/IMSNFM-CLK-VHSS/HSS-HSSDN_NHSSCLK6_DU/HSSCALLP-02/BRM-HSSCALLP-02/CPU-cpu6">
<measResults>3.6461 3.7542</measResults>
</measValue>
</measInfo>
<measInfo measInfoId="CPU">
<granPeriod duration="PT900S" endTime="2021-08-22T00:30:00+08:00"/>
<repPeriod duration="PT900S"/>
<measTypes>cpuLoad cpuUsed</measTypes>
<measValue measObjLdn="PLMN-PLMN/IMSNFM-CLK-VHSS/HSS-HSSDN_NHSSCLK6_DU/HSSCALLP-02/BRM-HSSCALLP-02/CPU-cpu7">
<measResults>5.2517 6.131</measResults>
</measValue>
</measInfo>
<measInfo measInfoId="CPU">
<granPeriod duration="PT900S" endTime="2021-08-22T00:30:00+08:00"/>
<repPeriod duration="PT900S"/>
<measTypes>cpuLoad cpuUsed</measTypes>
<measValue measObjLdn="PLMN-PLMN/IMSNFM-CLK-VHSS/HSS-HSSDN_NHSSCLK6_DU/HSSCALLP-02/BRM-HSSCALLP-02/CPU-cpu4">
<measResults>3.8127 4.8632</measResults>
</measValue>
</measInfo>
<measInfo measInfoId="CPU">
<granPeriod duration="PT900S" endTime="2021-08-22T00:30:00+08:00"/>
<repPeriod duration="PT900S"/>
<measTypes>cpuLoad cpuUsed</measTypes>
<measValue measObjLdn="PLMN-PLMN/IMSNFM-CLK-VHSS/HSS-HSSDN_NHSSCLK6_DU/HSSCALLP-02/BRM-HSSCALLP-02/CPU-cpu5">
<measResults>3.958 4.2792</measResults>
</measValue>
</measInfo>
<measInfo measInfoId="CPU">
<granPeriod duration="PT900S" endTime="2021-08-22T00:30:00+08:00"/>
<repPeriod duration="PT900S"/>
<measTypes>cpuLoad cpuUsed</measTypes>
<measValue measObjLdn="PLMN-PLMN/IMSNFM-CLK-VHSS/HSS-HSSDN_NHSSCLK6_DU/HSSCALLP-02/BRM-HSSCALLP-02/CPU-cpu2">
<measResults>4.3804 5.5252</measResults>
</measValue>
</measInfo>
<measInfo measInfoId="CPU">
<granPeriod duration="PT900S" endTime="2021-08-22T00:30:00+08:00"/>
<repPeriod duration="PT900S"/>
<measTypes>cpuLoad cpuUsed</measTypes>
<measValue measObjLdn="PLMN-PLMN/IMSNFM-CLK-VHSS/HSS-HSSDN_NHSSCLK6_DU/HSSCALLP-02/BRM-HSSCALLP-02/CPU-cpu3">
<measResults>4.0393 5.4383</measResults>
</measValue>
</measInfo>
<measInfo measInfoId="CPU">
<granPeriod duration="PT900S" endTime="2021-08-22T00:30:00+08:00"/>
<repPeriod duration="PT900S"/>
<measTypes>cpuLoad cpuUsed</measTypes>
<measValue measObjLdn="PLMN-PLMN/IMSNFM-CLK-VHSS/HSS-HSSDN_NHSSCLK6_DU/HSSCALLP-02/BRM-HSSCALLP-02/CPU-cpu0">
<measResults>3.701 4.0047</measResults>
</measValue>
</measInfo>
<measInfo measInfoId="CPU">
<granPeriod duration="PT900S" endTime="2021-08-22T00:30:00+08:00"/>
<repPeriod duration="PT900S"/>
<measTypes>cpuLoad cpuUsed</measTypes>
<measValue measObjLdn="PLMN-PLMN/IMSNFM-CLK-VHSS/HSS-HSSDN_NHSSCLK6_DU/HSSCALLP-02/BRM-HSSCALLP-02/CPU-cpu1">
<measResults>4.5241 5.566</measResults>
</measValue>
</measInfo>
<measInfo measInfoId="CPU">
<granPeriod duration="PT900S" endTime="2021-08-22T00:30:00+08:00"/>
<repPeriod duration="PT900S"/>
<measTypes>cpuLoad cpuUsed</measTypes>
<measValue measObjLdn="PLMN-PLMN/IMSNFM-CLK-VHSS/HSS-HSSDN_NHSSCLK6_DU/HSSCALLP-02/BRM-HSSCALLP-02/CPU-cpu">
<measResults>4.1632 4.9408</measResults>
</measValue>
</measInfo>
<measInfo measInfoId="VCPU">
<granPeriod duration="PT900S" endTime="2021-08-22T00:30:00+08:00"/>
<repPeriod duration="PT900S"/>
<measTypes>vCPUs</measTypes>
<measValue measObjLdn="PLMN-PLMN/IMSNFM-CLK-VHSS/HSS-HSSDN_NHSSCLK6_DU/HSSCALLP-02/BRM-HSSCALLP-02/VCPU-1">
<measResults>8</measResults>
</measValue>
</measInfo>
<measInfo measInfoId="DISK">
<granPeriod duration="PT900S" endTime="2021-08-22T00:30:00+08:00"/>
<repPeriod duration="PT900S"/>
<measTypes>bytesReceivedDisk bytesTransmittedDisk</measTypes>
<measValue measObjLdn="PLMN-PLMN/IMSNFM-CLK-VHSS/HSS-HSSDN_NHSSCLK6_DU/HSSCALLP-02/BRM-HSSCALLP-02/DISK-0">
<measResults>4193676 11488849772</measResults>
</measValue>
</measInfo>
<measInfo measInfoId="FS">
<granPeriod duration="PT900S" endTime="2021-08-22T00:30:00+08:00"/>
<repPeriod duration="PT900S"/>
<measTypes>fsUsed</measTypes>
<measValue measObjLdn="PLMN-PLMN/IMSNFM-CLK-VHSS/HSS-HSSDN_NHSSCLK6_DU/HSSCALLP-02/BRM-HSSCALLP-02/FS-_dev_mapper_vg00_root">
<measResults>0</measResults>
</measValue>
</measInfo>
<measInfo measInfoId="FS">
<granPeriod duration="PT900S" endTime="2021-08-22T00:30:00+08:00"/>
<repPeriod duration="PT900S"/>
<measTypes>fsUsed</measTypes>
<measValue measObjLdn="PLMN-PLMN/IMSNFM-CLK-VHSS/HSS-HSSDN_NHSSCLK6_DU/HSSCALLP-02/BRM-HSSCALLP-02/FS-_dev_mapper_vg00_Charging">
<measResults>0</measResults>
</measValue>
</measInfo>
<measInfo measInfoId="FS">
<granPeriod duration="PT900S" endTime="2021-08-22T00:30:00+08:00"/>
<repPeriod duration="PT900S"/>
<measTypes>fsUsed</measTypes>
<measValue measObjLdn="PLMN-PLMN/IMSNFM-CLK-VHSS/HSS-HSSDN_NHSSCLK6_DU/HSSCALLP-02/BRM-HSSCALLP-02/FS-tmpfs">
<measResults>0</measResults>
</measValue>
</measInfo>
<measInfo measInfoId="FS">
<granPeriod duration="PT900S" endTime="2021-08-22T00:30:00+08:00"/>
<repPeriod duration="PT900S"/>
<measTypes>fsUsed</measTypes>
<measValue measObjLdn="PLMN-PLMN/IMSNFM-CLK-VHSS/HSS-HSSDN_NHSSCLK6_DU/HSSCALLP-02/BRM-HSSCALLP-02/FS-_dev_mapper_vg00_TspCore">
<measResults>0</measResults>
</measValue>
</measInfo>
<measInfo measInfoId="FS">
<granPeriod duration="PT900S" endTime="2021-08-22T00:30:00+08:00"/>
<repPeriod duration="PT900S"/>
<measTypes>fsUsed</measTypes>
<measValue measObjLdn="PLMN-PLMN/IMSNFM-CLK-VHSS/HSS-HSSDN_NHSSCLK6_DU/HSSCALLP-02/BRM-HSSCALLP-02/FS-_dev_mapper_vg00_appDb">
<measResults>0</measResults>
</measValue>
</measInfo>
<measInfo measInfoId="FS">
<granPeriod duration="PT900S" endTime="2021-08-22T00:30:00+08:00"/>
<repPeriod duration="PT900S"/>
<measTypes>fsUsed</measTypes>
<measValue measObjLdn="PLMN-PLMN/IMSNFM-CLK-VHSS/HSS-HSSDN_NHSSCLK6_DU/HSSCALLP-02/BRM-HSSCALLP-02/FS-_dev_mapper_vg00_dump">
<measResults>0</measResults>
</measValue>
</measInfo>
<measInfo measInfoId="FS">
<granPeriod duration="PT900S" endTime="2021-08-22T00:30:00+08:00"/>
<repPeriod duration="PT900S"/>
<measTypes>fsUsed</measTypes>
<measValue measObjLdn="PLMN-PLMN/IMSNFM-CLK-VHSS/HSS-HSSDN_NHSSCLK6_DU/HSSCALLP-02/BRM-HSSCALLP-02/FS-_dev_vda1">
<measResults>0</measResults>
</measValue>
</measInfo>
<measInfo measInfoId="FS">
<granPeriod duration="PT900S" endTime="2021-08-22T00:30:00+08:00"/>
<repPeriod duration="PT900S"/>
<measTypes>fsUsed</measTypes>
<measValue measObjLdn="PLMN-PLMN/IMSNFM-CLK-VHSS/HSS-HSSDN_NHSSCLK6_DU/HSSCALLP-02/BRM-HSSCALLP-02/FS-_dev_mapper_vg00_tmp">
<measResults>0</measResults>
</measValue>
</measInfo>
<measInfo measInfoId="FS">
<granPeriod duration="PT900S" endTime="2021-08-22T00:30:00+08:00"/>
<repPeriod duration="PT900S"/>
<measTypes>fsUsed</measTypes>
<measValue measObjLdn="PLMN-PLMN/IMSNFM-CLK-VHSS/HSS-HSSDN_NHSSCLK6_DU/HSSCALLP-02/BRM-HSSCALLP-02/FS-_dev_mapper_vg00_var">
<measResults>0</measResults>
</measValue>
</measInfo>
<measInfo measInfoId="FS">
<granPeriod duration="PT900S" endTime="2021-08-22T00:30:00+08:00"/>
<repPeriod duration="PT900S"/>
<measTypes>fsUsed</measTypes>
<measValue measObjLdn="PLMN-PLMN/IMSNFM-CLK-VHSS/HSS-HSSDN_NHSSCLK6_DU/HSSCALLP-02/BRM-HSSCALLP-02/FS-_dev_mapper_vg00_tspdb">
<measResults>0</measResults>
</measValue>
</measInfo>
<measInfo measInfoId="FS">
<granPeriod duration="PT900S" endTime="2021-08-22T00:30:00+08:00"/>
<repPeriod duration="PT900S"/>
<measTypes>fsUsed</measTypes>
<measValue measObjLdn="PLMN-PLMN/IMSNFM-CLK-VHSS/HSS-HSSDN_NHSSCLK6_DU/HSSCALLP-02/BRM-HSSCALLP-02/FS-_dev_mapper_vg00_home">
<measResults>0</measResults>
</measValue>
</measInfo>
</measData>
<fileFooter>
<measCollec endTime="2021-08-22T00:30:00+08:00"/>
</fileFooter>
</measCollecFile>