<?xml version="1.0" encoding="UTF-8"?>
<measCollecFile xmlns="http://latest/nmc-omc/cmNrm.doc#measCollec" xmlns:xsi="http://www.w3.org/2001/XMLSchema-instance" xsi:schemaLocation="http://latest/nmc-omc/cmNrm.doc#measCollec schema\pmResultSchedule.xsd">
    <fileHeader fileFormatVersion="32.435 V7.2" vendorName="Huawei">
        <fileSender elementType="NodeB"/>
        <measCollec beginTime="2021-08-17T22:00:00+08:00"/>
    </fileHeader>
    <measData>
        <managedElement userLabel="VALG8713HUNB001"/>
        <measInfo measInfoId="50331655">
            <granPeriod duration="PT3600S" endTime="2021-08-17T23:00:00+08:00"/>
            <repPeriod duration="PT3600S"/>
            <measTypes>50332573 50332574 50342574 50342575 50342635 50342636 </measTypes>
            <measValue measObjLdn="VALG8713HUNB001/ULGROUP:UL BB Resource Group No.=1">
                <measResults>768 66.971 48.5 90.5 0 0 </measResults>
            </measValue>
            <measValue measObjLdn="VALG8713HUNB001/ULGROUP:UL BB Resource Group No.=2">
                <measResults>1024 30.425 14 73.5 0 0 </measResults>
            </measValue>
        </measInfo>
        <measInfo measInfoId="50331656">
            <granPeriod duration="PT3600S" endTime="2021-08-17T23:00:00+08:00"/>
            <repPeriod duration="PT3600S"/>
            <measTypes>50332582 50332583 50332584 50332586 50342584 50342585 50342586 50342587 50342606 50342607 50342608 50342609 50342632 50342633 </measTypes>
            <measValue measObjLdn="VALG8713HUNB001/BRD:Board Type=UBBP, Cabinet No.=0, Subrack No.=0, Slot No.=1">
                <measResults>1024 1024 0 0 0 0 0 0 0 0 0 0 0 0 </measResults>
            </measValue>
            <measValue measObjLdn="VALG8713HUNB001/BRD:Board Type=UBBP, Cabinet No.=0, Subrack No.=0, Slot No.=2">
                <measResults>1024 768 44.383 66.971 32 61 48.5 90.5 2 5 4 8 0 0 </measResults>
            </measValue>
            <measValue measObjLdn="VALG8713HUNB001/BRD:Board Type=UBBP, Cabinet No.=0, Subrack No.=0, Slot No.=3">
                <measResults>1024 1024 24.667 30.425 16 38 14 73.5 1 2 1 3 0 0 </measResults>
            </measValue>
            <measValue measObjLdn="VALG8713HUNB001/BRD:Board Type=UMPT, Cabinet No.=0, Subrack No.=0, Slot No.=7">
                <measResults>0 0 0 0 0 0 0 0 0 0 0 0 0 0 </measResults>
            </measValue>
        </measInfo>
        <measInfo measInfoId="50331683">
            <granPeriod duration="PT3600S" endTime="2021-08-17T23:00:00+08:00"/>
            <repPeriod duration="PT3600S"/>
            <measTypes>50332627 </measTypes>
            <measValue measObjLdn="VALG8713HUNB001/NODEBRRU:Cabinet No.=0, Subrack No.=60, Slot No.=0">
                <measResults>0 </measResults>
            </measValue>
            <measValue measObjLdn="VALG8713HUNB001/NODEBRRU:Cabinet No.=0, Subrack No.=61, Slot No.=0">
                <measResults>0 </measResults>
            </measValue>
            <measValue measObjLdn="VALG8713HUNB001/NODEBRRU:Cabinet No.=0, Subrack No.=62, Slot No.=0">
                <measResults>0 </measResults>
            </measValue>
            <measValue measObjLdn="VALG8713HUNB001/NODEBRRU:Cabinet No.=0, Subrack No.=80, Slot No.=0">
                <measResults>0 </measResults>
            </measValue>
            <measValue measObjLdn="VALG8713HUNB001/NODEBRRU:Cabinet No.=0, Subrack No.=81, Slot No.=0">
                <measResults>0 </measResults>
            </measValue>
            <measValue measObjLdn="VALG8713HUNB001/NODEBRRU:Cabinet No.=0, Subrack No.=82, Slot No.=0">
                <measResults>0 </measResults>
            </measValue>
        </measInfo>
        <measInfo measInfoId="1542455297">
            <granPeriod duration="PT3600S" endTime="2021-08-17T23:00:00+08:00"/>
            <repPeriod duration="PT3600S"/>
            <measTypes>1542455297 1542455298 1542455299 1542455300 1542455301 1542455302 1542455303 1542455304 1542455305 1542455306 1542455307 1542460296 1542460297 </measTypes>
            <measValue measObjLdn="VALG8713HUNB001/ETHPORT:Cabinet No.=0, Subrack No.=0, Slot No.=7, Port No.=0, Subboard Type=BASE_BOARD">
                <measResults>0 0 0 0 0 0 0 0 0 0 0 0 0 </measResults>
            </measValue>
            <measValue measObjLdn="VALG8713HUNB001/ETHPORT:Cabinet No.=0, Subrack No.=0, Slot No.=7, Port No.=1, Subboard Type=BASE_BOARD">
                <measResults>1172575360 8853266 4196748885 10616957 0 6179624 1036744 2605789 31443656 1342048 9326303 1000000 1000000 </measResults>
            </measValue>
        </measInfo>
        <measInfo measInfoId="1542455301">
            <granPeriod duration="PT3600S" endTime="2021-08-17T23:00:00+08:00"/>
            <repPeriod duration="PT3600S"/>
            <measTypes>1542455326 1542455327 1542455328 1542455329 1542455330 1542455331 1542455332 1542455333 1542460727 1542460728 1542460729 </measTypes>
            <measValue measObjLdn="VALG8713HUNB001/IP:Board Type=UMPT, Cabinet No.=0, Subrack No.=0, Slot No.=7">
                <measResults>8853141 964669586 0 0 10610875 3934186261 0 0 10960 0 0 </measResults>
            </measValue>
        </measInfo>
        <measInfo measInfoId="1542455303">
            <granPeriod duration="PT3600S" endTime="2021-08-17T23:00:00+08:00"/>
            <repPeriod duration="PT3600S"/>
            <measTypes>1542455365 1542455367 1542455369 1542455371 1542455375 1542455376 1542455377 1542455378 </measTypes>
            <measValue measObjLdn="VALG8713HUNB001/RSCGRP:Transmission Resource Group Bear Type=IP, Cabinet No.=0, Bearing Port No.=0, Bearing Port Type=ETH, Transmission Resource Group ID=AUTOPORT, Subboard Type=BASE_BOARD, Slot No.=7, Subrack No.=0">
                <measResults>0 0 0 0 0 0 0 0 </measResults>
            </measValue>
            <measValue measObjLdn="VALG8713HUNB001/RSCGRP:Transmission Resource Group Bear Type=IP, Cabinet No.=0, Bearing Port No.=1, Bearing Port Type=ETH, Transmission Resource Group ID=AUTOPORT, Subboard Type=BASE_BOARD, Slot No.=7, Subrack No.=0">
                <measResults>1124297440 8855269 0 0 5698848 1013048 2497831 0 </measResults>
            </measValue>
        </measInfo>
        <measInfo measInfoId="1542455312">
            <granPeriod duration="PT3600S" endTime="2021-08-17T23:00:00+08:00"/>
            <repPeriod duration="PT3600S"/>
            <measTypes>1542460308 1542460309 1542460310 1542460311 1542460312 1542460313 1542460314 1542460315 1542460316 1542460317 1542460318 1542460319 1542460320 1542460321 1542460322 1542460323 1542460324 1542460325 1542460326 1542460327 1542460328 1542460329 1542460330 1542460331 1542460332 </measTypes>
            <measValue measObjLdn="VALG8713HUNB001/RSCGRP:Transmission Resource Group Bear Type=IP, Cabinet No.=0, Bearing Port No.=0, Bearing Port Type=ETH, Transmission Resource Group ID=AUTOPORT, Subboard Type=BASE_BOARD, Slot No.=7, Subrack No.=0">
                <measResults>0 0 0 0 0 0 0 0 0 0 0 0 0 0 0 0 0 0 0 0 0 0 0 0 0 </measResults>
            </measValue>
            <measValue measObjLdn="VALG8713HUNB001/RSCGRP:Transmission Resource Group Bear Type=IP, Cabinet No.=0, Bearing Port No.=1, Bearing Port Type=ETH, Transmission Resource Group ID=AUTOPORT, Subboard Type=BASE_BOARD, Slot No.=7, Subrack No.=0">
                <measResults>25831 25831 25831 0 0 0 0 0 0 0 0 0 0 4675284 0 0 0 2 0 0 0 0 0 0 0 </measResults>
            </measValue>
        </measInfo>
        <measInfo measInfoId="1542455309">
            <granPeriod duration="PT3600S" endTime="2021-08-17T23:00:00+08:00"/>
            <repPeriod duration="PT3600S"/>
            <measTypes>1542455826 1542455827 1542455828 1542455829 1542455833 1542455834 1542455835 1542455836 1542455837 1542455838 1542455839 1542455840 1542455841 1542455842 1542455843 1542455844 1542455845 1542455846 1542455847 1542455848 </measTypes>
            <measValue measObjLdn="VALG8713HUNB001/OMCH:Standby Status=MASTER, Bearer Type=IPV4">
                <measResults>661 169 0 0 0 0 0 0 0 502 0 0 634 0 0 0 0 588 0 46 </measResults>
            </measValue>
        </measInfo>
        <measInfo measInfoId="1542455815">
            <granPeriod duration="PT3600S" endTime="2021-08-17T23:00:00+08:00"/>
            <repPeriod duration="PT3600S"/>
            <measTypes>1542460340 1542460341 1542460342 1542460343 1542460496 1542460497 1542460498 1542460499 1542460500 1542460501 1542460502 1542460503 1542460504 1542460505 1542460506 1542460507 1542460510 </measTypes>
            <measValue measObjLdn="VALG8713HUNB001/IKE:Board Type=UMPT, Cabinet No.=0, Subrack No.=0, Slot No.=7">
                <measResults>0 0 0 0 0 0 0 0 0 0 0 0 0 0 0 0 0 </measResults>
            </measValue>
        </measInfo>
        <measInfo measInfoId="1542455817">
            <granPeriod duration="PT3600S" endTime="2021-08-17T23:00:00+08:00"/>
            <repPeriod duration="PT3600S"/>
            <measTypes>1542460356 1542460357 1542460358 1542460359 1542460360 1542460361 1542460362 1542460363 1542460364 1542460365 1542460366 1542460367 1542460368 1542460369 1542460370 1542460371 1542460372 1542460373 1542460374 1542460375 1542460376 </measTypes>
            <measValue measObjLdn="VALG8713HUNB001/SCTPLNK:Link No.=31">
                <measResults>4811429 8882889 77393 126655 0 39696 0 10693 30608 15176 19740 14404 111604 0 0 0 0 0 0 111604 14404 </measResults>
            </measValue>
            <measValue measObjLdn="VALG8713HUNB001/SCTPLNK:Link No.=32">
                <measResults>7599905 8151792 255745 314874 0 41200 3472 16889 39024 4128 18115 120472 229340 0 0 0 0 0 0 229340 120472 </measResults>
            </measValue>
        </measInfo>
        <measInfo measInfoId="1542455818">
            <granPeriod duration="PT3600S" endTime="2021-08-17T23:00:00+08:00"/>
            <repPeriod duration="PT3600S"/>
            <measTypes>1542455526 1542455527 1542455528 1542455529 1542455530 1542455531 1542455532 1542455533 1542455534 1542455535 </measTypes>
            <measValue measObjLdn="VALG8713HUNB001/USERPLANEHOST:User Plane Host ID=3">
                <measResults>8186627 10058802 909276774 3889722099 5024920 2020074 29837448 8642206 NIL NIL </measResults>
            </measValue>
        </measInfo>
        <measInfo measInfoId="1593835529">
            <granPeriod duration="PT3600S" endTime="2021-08-17T23:00:00+08:00"/>
            <repPeriod duration="PT3600S"/>
            <measTypes>1593835620 1593835628 1593835629 </measTypes>
            <measValue measObjLdn="VALG8713HUNB001/NODE:NODE">
                <measResults>NIL 0.656 0 </measResults>
            </measValue>
        </measInfo>
        <measInfo measInfoId="1593835533">
            <granPeriod duration="PT3600S" endTime="2021-08-17T23:00:00+08:00"/>
            <repPeriod duration="PT3600S"/>
            <measTypes>1593835647 1593835648 1593835649 </measTypes>
            <measValue measObjLdn="VALG8713HUNB001/NODE:NODE">
                <measResults>32669 32655 32663 </measResults>
            </measValue>
        </measInfo>
        <measInfo measInfoId="1593835531">
            <granPeriod duration="PT3600S" endTime="2021-08-17T23:00:00+08:00"/>
            <repPeriod duration="PT3600S"/>
            <measTypes>1593835630 1593835632 1593835633 1593835634 </measTypes>
            <measValue measObjLdn="VALG8713HUNB001/BBUBoard:Board Type=UBBP, Cabinet No.=0, Subrack No.=0, Slot No.=1">
                <measResults>0 3 2 0 </measResults>
            </measValue>
            <measValue measObjLdn="VALG8713HUNB001/BBUBoard:Board Type=UBBP, Cabinet No.=0, Subrack No.=0, Slot No.=2">
                <measResults>0 3 2 0 </measResults>
            </measValue>
            <measValue measObjLdn="VALG8713HUNB001/BBUBoard:Board Type=UBBP, Cabinet No.=0, Subrack No.=0, Slot No.=3">
                <measResults>0 3 2 0 </measResults>
            </measValue>
            <measValue measObjLdn="VALG8713HUNB001/BBUBoard:Board Type=UMPT, Cabinet No.=0, Subrack No.=0, Slot No.=7">
                <measResults>0 2 1 0 </measResults>
            </measValue>
        </measInfo>
        <measInfo measInfoId="1593835535">
            <granPeriod duration="PT3600S" endTime="2021-08-17T23:00:00+08:00"/>
            <repPeriod duration="PT3600S"/>
            <measTypes>1593835652 1593835653 1593835654 1593835655 1593835656 1593835657 1593835658 1593835659 1593835660 1593835661 1593835662 1593835663 1593835664 1593835665 1593835666 1593835667 1593835668 1593835669 1593835670 1593835671 </measTypes>
            <measValue measObjLdn="VALG8713HUNB001/RADIOEQM:Cabinet No.=0, Subrack No.=60, Slot No.=0">
                <measResults>NIL NIL NIL NIL NIL NIL NIL NIL NIL NIL 0 0 0 10 0 0 0 0 0 0 </measResults>
            </measValue>
            <measValue measObjLdn="VALG8713HUNB001/RADIOEQM:Cabinet No.=0, Subrack No.=61, Slot No.=0">
                <measResults>NIL NIL NIL NIL NIL NIL NIL NIL NIL NIL 0 0 0 0 0 0 0 0 0 0 </measResults>
            </measValue>
            <measValue measObjLdn="VALG8713HUNB001/RADIOEQM:Cabinet No.=0, Subrack No.=62, Slot No.=0">
                <measResults>NIL NIL NIL NIL NIL NIL NIL NIL NIL NIL 0 0 0 0 0 0 0 0 0 0 </measResults>
            </measValue>
            <measValue measObjLdn="VALG8713HUNB001/RADIOEQM:Cabinet No.=0, Subrack No.=80, Slot No.=0">
                <measResults>NIL NIL NIL NIL NIL NIL NIL NIL NIL NIL 0 0 0 0 0 0 0 0 0 0 </measResults>
            </measValue>
            <measValue measObjLdn="VALG8713HUNB001/RADIOEQM:Cabinet No.=0, Subrack No.=81, Slot No.=0">
                <measResults>NIL NIL NIL NIL NIL NIL NIL NIL NIL NIL 0 0 0 0 0 0 0 0 0 0 </measResults>
            </measValue>
            <measValue measObjLdn="VALG8713HUNB001/RADIOEQM:Cabinet No.=0, Subrack No.=82, Slot No.=0">
                <measResults>NIL NIL NIL NIL NIL NIL NIL NIL NIL NIL 0 0 0 0 0 0 0 0 0 0 </measResults>
            </measValue>
        </measInfo>
        <measInfo measInfoId="1593835539">
            <granPeriod duration="PT3600S" endTime="2021-08-17T23:00:00+08:00"/>
            <repPeriod duration="PT3600S"/>
            <measTypes>1593835767 </measTypes>
            <measValue measObjLdn="VALG8713HUNB001/RADIOEQM:Cabinet No.=0, Subrack No.=60, Slot No.=0">
                <measResults>3600 </measResults>
            </measValue>
            <measValue measObjLdn="VALG8713HUNB001/RADIOEQM:Cabinet No.=0, Subrack No.=61, Slot No.=0">
                <measResults>3600 </measResults>
            </measValue>
            <measValue measObjLdn="VALG8713HUNB001/RADIOEQM:Cabinet No.=0, Subrack No.=62, Slot No.=0">
                <measResults>3600 </measResults>
            </measValue>
            <measValue measObjLdn="VALG8713HUNB001/RADIOEQM:Cabinet No.=0, Subrack No.=80, Slot No.=0">
                <measResults>3600 </measResults>
            </measValue>
            <measValue measObjLdn="VALG8713HUNB001/RADIOEQM:Cabinet No.=0, Subrack No.=81, Slot No.=0">
                <measResults>3600 </measResults>
            </measValue>
            <measValue measObjLdn="VALG8713HUNB001/RADIOEQM:Cabinet No.=0, Subrack No.=82, Slot No.=0">
                <measResults>3600 </measResults>
            </measValue>
        </measInfo>
        <measInfo measInfoId="1593835544">
            <granPeriod duration="PT3600S" endTime="2021-08-17T23:00:00+08:00"/>
            <repPeriod duration="PT3600S"/>
            <measTypes>1593835835 </measTypes>
            <measValue measObjLdn="VALG8713HUNB001/BU:Cabinet No.=0, Subrack No.=0">
                <measResults>0.196025 </measResults>
            </measValue>
        </measInfo>
        <measInfo measInfoId="1593835545">
            <granPeriod duration="PT3600S" endTime="2021-08-17T23:00:00+08:00"/>
            <repPeriod duration="PT3600S"/>
            <measTypes>1593835836 </measTypes>
            <measValue measObjLdn="VALG8713HUNB001/BTSBoard:Cabinet No.=0, Subrack No.=60, Slot No.=0">
                <measResults>0.20148416 </measResults>
            </measValue>
            <measValue measObjLdn="VALG8713HUNB001/BTSBoard:Cabinet No.=0, Subrack No.=61, Slot No.=0">
                <measResults>0.16494 </measResults>
            </measValue>
            <measValue measObjLdn="VALG8713HUNB001/BTSBoard:Cabinet No.=0, Subrack No.=62, Slot No.=0">
                <measResults>0.14206916 </measResults>
            </measValue>
            <measValue measObjLdn="VALG8713HUNB001/BTSBoard:Cabinet No.=0, Subrack No.=80, Slot No.=0">
                <measResults>0.20432499 </measResults>
            </measValue>
            <measValue measObjLdn="VALG8713HUNB001/BTSBoard:Cabinet No.=0, Subrack No.=81, Slot No.=0">
                <measResults>0.24483666 </measResults>
            </measValue>
            <measValue measObjLdn="VALG8713HUNB001/BTSBoard:Cabinet No.=0, Subrack No.=82, Slot No.=0">
                <measResults>0.15763584 </measResults>
            </measValue>
        </measInfo>
        <measInfo measInfoId="50331648">
            <granPeriod duration="PT3600S" endTime="2021-08-17T23:00:00+08:00"/>
            <repPeriod duration="PT3600S"/>
            <measTypes>50331654 50331655 50331656 50331657 50331658 50331659 50331660 50331661 50331662 50331663 50331664 50331665 50331666 50331667 50331668 50331669 50331670 50331671 50331672 50331673 50331674 50331675 50331676 50331677 50331678 50331679 50331680 50331681 50331682 50331683 50331684 50331685 50331686 50331687 50331688 50331689 50331690 50331691 50331692 50331693 50331694 50331695 50331696 50331697 50331698 50331699 50331709 50331710 50331711 50331712 50331713 50331714 50331717 50331718 50331719 50331720 50331721 50331722 50331723 50331724 50331745 50331746 50331754 50331755 50331756 50331757 50331758 50331759 50331760 50331761 50331762 50331763 50331764 50331765 50331766 50331767 50331768 50331769 50331770 50331771 50331772 50331773 50331774 50331775 50331776 50331777 50331778 50331779 50331780 50331781 50331782 50331783 50331784 50331785 50331786 50331787 50331788 50331789 50331790 50331791 50331792 50331793 50331794 50331795 50331796 50331797 50331798 50331799 50331800 50331801 50331802 50331803 50331804 50331805 50331806 50331807 50331808 50331809 50331810 50331811 50331812 50331813 50331814 50331815 50331816 50331817 50331818 50331819 50331820 50331821 50331838 50331839 50331840 50332168 50332169 50332170 50332173 50332174 50332215 50332216 50332217 50341648 50341649 50341650 50341651 50341652 50341653 50341654 50341655 50341656 50341657 50341658 50341659 50341668 50341669 50341670 50341671 50341672 50341675 50341676 50341677 50341678 50341679 50341680 50341685 50341686 50341687 50341688 50341689 50341690 50341691 50341692 50341693 50341694 50341695 50341696 50341697 50341698 50341699 50341700 50341701 50341702 50341703 50341704 50341705 50341706 50341707 50341708 50341709 50341710 50341711 50341712 50341713 50341714 50341715 50341716 50341717 50341722 50341739 50341740 </measTypes>
            <measValue measObjLdn="VALG8713HUNB001/ULoCell:NodeB Function Name=VALG8713HUNB001, Local Cell ID=10821, Cell Name=N/A">
                <measResults>501252 51250 61001 434142 58112 5768 2047 1183 0 0 0 0 0 0 7625 8705 4223 3678 5307 5640 10110 9599 19633 20493 23885 20407 20558 20065 23273 28733 29167 35302 34994 40282 43362 45875 46836 46378 54588 64856 160860 144820 87318 40180 21714 16372 150976 610630 0 0 0 0 0 0 0 0 0 103961 358699 613636 761877 5070819594 0 42973 2391 1345 4334 7999 9229 35922 13319 17530 16605 35188 50039 53069 35618 28036 16652 12882 6231 4974 3559 3466 3911 3232 5514 4907 7652 11183 12914 19028 22589 120979 0 0 0 0 0 0 0 0 0 0 0 0 0 0 0 0 0 0 0 0 0 0 0 0 0 0 0 0 0 0 0 0 0 0 0 0 5070596855 588657 25675 0 0 0 0 0 0 0 0 85 330 0 193 972 0 86 258 197 587 979 327 1398261 12329859 0 1428254 4276028 12 99 0 199 796 0 0 6 0 2.642 13.372 13.675 14 0 14 76 3 0 0 0 0 0 0 NIL 797 839 671 0 0 0 0 0 0 0 0 0 0 0 0 18255 0 0 </measResults>
            </measValue>
            <measValue measObjLdn="VALG8713HUNB001/ULoCell:NodeB Function Name=VALG8713HUNB001, Local Cell ID=10822, Cell Name=N/A">
                <measResults>675150 51030 72994 615360 52711 3926 1610 1543 0 0 0 0 0 0 11163 27636 9392 10475 17966 19584 38961 32221 64982 74353 109757 108743 113244 103726 100254 112507 82259 85901 62276 59903 57966 37472 46093 29254 43687 35539 75293 39282 19129 4970 1270 397 36021 746275 0 0 0 0 0 0 0 0 0 151809 611419 799249 1126101 2872106959 0 66675 3667 2460 6685 12649 15575 44284 29771 32968 26876 44709 44807 62544 64525 67212 44864 40709 32732 29281 20837 14680 14668 9743 8428 5455 5107 6141 5099 5255 6944 23806 0 0 0 0 0 0 0 0 0 0 0 0 0 0 0 0 0 0 0 0 0 0 0 0 0 0 0 0 0 0 0 0 0 0 0 0 2871986588 787301 76782 0 0 0 0 0 0 0 0 111 337 1 237 998 1 111 252 237 542 999 437 788643 10806941 1760 789432 1804675 16 85 0 224 754 0 0 159 0 2.986 12.816 12.599 13.837 0.012 42 104 6 0 0 0 0 0 0 NIL 747 828 605 0 0 0 0 0 0 0 0 0 0 0 0 13975 1 0 </measResults>
            </measValue>
            <measValue measObjLdn="VALG8713HUNB001/ULoCell:NodeB Function Name=VALG8713HUNB001, Local Cell ID=10823, Cell Name=N/A">
                <measResults>1253 212 480 1000 177 34 20 22 0 0 0 0 0 0 58 248 28 37 56 39 63 51 80 86 178 189 236 226 150 133 75 141 140 189 136 57 68 30 34 54 89 456 602 311 118 3 74 1951 0 0 0 0 0 0 0 0 0 573 1304 1951 2505 4059096 0 249 8 2 13 24 49 132 42 70 94 113 145 141 126 99 76 115 70 83 36 79 48 51 15 24 4 1 1 6 4 31 0 0 0 0 0 0 0 0 0 0 0 0 0 0 0 0 0 0 0 0 0 0 0 0 0 0 0 0 0 0 0 0 0 0 0 0 4058928 2505 567 0 0 0 0 0 0 0 0 0 56 0 0 136 0 14 193 23 316 18 1 1110 463621 0 61667 1110000 0 18 0 0 163 0 0 0 0 0.006 1.898 13.973 14 0 0 0 0 0 0 0 0 0 0 NIL 841 849 779 0 0 0 0 0 0 0 0 0 0 0 0 13812 0 0 </measResults>
            </measValue>
            <measValue measObjLdn="VALG8713HUNB001/ULoCell:NodeB Function Name=VALG8713HUNB001, Local Cell ID=50821, Cell Name=N/A">
                <measResults>1347118 135955 33058 1208784 135425 1703 595 611 0 0 0 0 0 0 6878 91 235 183 228 241 309 217 425 703 1124 1626 4298 12656 30498 65838 64369 129629 145971 230933 197718 135837 94110 60146 36803 21194 12332 11005 13695 15629 14705 5736 9095 1515370 0 0 0 0 0 0 0 0 0 782403 724642 1516140 2080284 11635775791 0 31166 784 391 561 1488 3796 29266 2127 2837 3661 8203 9766 17533 16466 24125 33641 43623 73961 135100 335768 355683 187038 112870 54906 13734 5436 1883 777 1054 364 8101 0 0 0 0 0 0 0 0 0 0 0 0 0 0 0 0 0 0 0 0 0 0 0 0 0 0 0 0 0 0 0 0 0 0 0 0 11635583354 1442035 1477 0 0 0 0 0 0 0 0 210 295 6 767 1000 4 210 262 767 957 1000 801 3209196 6983976 15112 3209196 4006487 17 76 1 683 907 4 0 1 0 10.6 14.188 13.809 14.195 0.062 0 49 1 0 0 0 0 0 0 NIL 902 919 838 0 0 0 0 0 0 0 0 0 0 0 0 17859 0 0 </measResults>
            </measValue>
            <measValue measObjLdn="VALG8713HUNB001/ULoCell:NodeB Function Name=VALG8713HUNB001, Local Cell ID=50822, Cell Name=N/A">
                <measResults>196065 22071 76440 167852 21452 3585 1696 1480 0 0 0 0 0 0 13277 771 1962 552 730 614 1083 1127 2690 4189 8419 13841 24188 40106 57863 83271 94182 113248 103000 101084 83548 84068 102442 90997 84207 65409 75437 53490 44144 20249 9513 3851 2729 287233 0 0 0 0 0 0 0 0 0 106961 184910 294600 330454 938771746 0 55826 3787 1275 997 2753 1175 28880 4571 4164 4789 9488 9794 14192 6561 10937 10445 11145 11485 11658 12895 13533 15937 14580 14291 5596 5035 4555 1166 1414 529 981 0 0 0 0 0 0 0 0 0 0 0 0 0 0 0 0 0 0 0 0 0 0 0 0 0 0 0 0 0 0 0 0 0 0 0 0 938703068 289950 17464 0 0 0 0 0 0 0 0 40 262 0 82 891 0 41 251 82 507 997 161 257712 4733221 5 258487 1600696 9 77 0 74 718 0 0 2 0 1.082 11.58 13.132 14 0 9 57 2 0 0 0 0 0 0 NIL 872 915 751 0 0 0 0 0 0 0 0 0 0 0 0 19708 0 0 </measResults>
            </measValue>
            <measValue measObjLdn="VALG8713HUNB001/ULoCell:NodeB Function Name=VALG8713HUNB001, Local Cell ID=50823, Cell Name=N/A">
                <measResults>193509 11287 75 182639 10643 180 36 11 0 0 0 0 0 0 60 9 5 6 8 2 168 6 8 7 9 7 5 7 10 40 82 260 309 485 828 1135 1794 2406 3820 9510 15757 32936 16298 11960 5350 3045 14340 204869 0 0 0 0 0 0 0 0 0 70917 119612 204869 242075 1210491528 0 20613 862 6154 3140 5556 2366 17403 4476 6666 5913 6409 4441 8538 35047 5589 2281 3921 1400 1640 1060 1541 1735 1430 2407 2892 7663 10959 9893 9306 6511 6906 0 0 0 0 0 0 0 0 0 0 0 0 0 0 0 0 0 0 0 0 0 0 0 0 0 0 0 0 0 0 0 0 0 0 0 0 1210431392 242075 38466 0 0 0 0 0 0 0 0 28 309 0 54 946 0 32 216 62 401 873 134 333116 9051102 0 381576 2485940 3 110 0 67 862 0 0 1000 0 0.76 13.246 14.005 14.509 0 21 0 0 0 0 0 0 0 0 NIL 920 924 904 0 0 0 0 0 0 0 0 0 0 0 0 25638 0 0 </measResults>
            </measValue>
            <measValue measObjLdn="VALG8713HUNB001/ULoCell:NodeB Function Name=VALG8713HUNB001, Local Cell ID=60821, Cell Name=N/A">
                <measResults>600721 63801 44618 532482 62609 2806 1506 1318 0 0 0 0 0 0 7750 704 187 260 504 622 1258 1512 4594 7129 13973 20372 30445 36542 43960 60286 41812 66063 58807 84091 67228 57606 40906 69000 59627 66943 125707 167914 179601 150539 140143 131586 160829 707592 0 0 0 0 0 0 0 0 0 301649 246677 709155 747972 4237977113 0 85078 8508 465 515 2535 966 40889 26047 6680 2980 18691 15233 24322 18196 26973 21601 35109 9573 11021 8598 13157 20226 25660 46131 24004 31095 35520 28940 31680 26706 61480 0 0 0 0 0 0 0 0 0 0 0 0 0 0 0 0 0 0 0 0 0 0 0 0 0 0 0 0 0 0 0 0 0 0 0 0 4237637251 621053 8560 0 0 0 0 0 0 0 0 98 330 8 172 997 4 98 280 172 488 1000 345 1162884 11064749 15750 1162884 3370678 9 74 1 147 899 2 0 1 0 2.301 13.952 13.368 14 0.05 4 124 8 0 0 0 0 0 0 NIL 896 917 836 0 0 0 0 0 0 0 0 0 0 0 0 25596 0 0 </measResults>
            </measValue>
            <measValue measObjLdn="VALG8713HUNB001/ULoCell:NodeB Function Name=VALG8713HUNB001, Local Cell ID=60822, Cell Name=N/A">
                <measResults>241513 29880 90754 206974 27350 3816 1771 1602 0 0 0 0 0 0 15848 2895 1530 1213 1700 2203 5150 6824 13872 19009 27156 30620 38812 46763 53160 76251 69757 87435 78977 90268 82913 64124 58708 42207 41818 38160 53754 53786 43473 24726 15219 10147 24903 347097 0 0 0 0 0 0 0 0 0 148825 188440 362168 394769 1543061645 0 53401 7001 901 834 3190 1369 27655 4915 4327 3888 12238 10652 14906 10758 14605 11758 13754 11420 14621 14559 17543 15293 10290 12514 10758 12617 11656 8348 6455 6818 12503 0 0 0 0 0 0 0 0 0 0 0 0 0 0 0 0 0 0 0 0 0 0 0 0 0 0 0 0 0 0 0 0 0 0 0 0 1542842930 351676 18145 0 0 0 0 0 0 0 0 50 291 0 110 968 0 50 251 110 552 995 195 424698 6168359 10 426832 2177938 9 121 0 97 822 0 0 1 0 1.424 12.802 12.892 14 0.001 9 54 1 0 0 0 0 0 0 NIL 879 916 780 0 0 0 0 0 0 0 0 0 0 0 0 18589 0 0 </measResults>
            </measValue>
            <measValue measObjLdn="VALG8713HUNB001/ULoCell:NodeB Function Name=VALG8713HUNB001, Local Cell ID=60823, Cell Name=N/A">
                <measResults>17517 1529 2883 15742 1322 186 127 140 0 0 0 0 0 0 361 42 91 68 33 21 53 34 101 97 156 349 745 1222 1725 2759 2045 2931 2787 2982 2633 2280 2178 1653 1273 1592 2483 3533 3251 2606 3559 6250 1184 19854 0 0 0 0 0 0 0 0 0 10630 10116 21930 22354 62361500 0 3262 64 12 13 187 22 2309 680 332 57 1217 729 1551 481 1162 545 1459 671 976 906 1068 1041 851 903 345 219 193 168 219 92 156 0 0 0 0 0 0 0 0 0 0 0 0 0 0 0 0 0 0 0 0 0 0 0 0 0 0 0 0 0 0 0 0 0 0 0 0 62353221 22351 611 0 0 0 0 0 0 0 0 3 135 0 4 447 0 21 243 30 354 144 12 17041 1546469 0 118340 1420083 0 31 0 3 393 0 0 0 0 0.062 6.15 13.958 14 0 0 0 0 0 0 0 0 0 0 NIL 915 924 876 0 0 0 0 0 0 0 0 0 0 0 0 21028 0 0 </measResults>
            </measValue>
        </measInfo>
        <measInfo measInfoId="50331650">
            <granPeriod duration="PT3600S" endTime="2021-08-17T23:00:00+08:00"/>
            <repPeriod duration="PT3600S"/>
            <measTypes>50332548 50332549 50332550 50332554 50342548 50342549 50342550 50342554 50342612 50342613 50342615 50342616 </measTypes>
            <measValue measObjLdn="VALG8713HUNB001/ULoCell:NodeB Function Name=VALG8713HUNB001, Local Cell ID=10821, Cell Name=N/A">
                <measResults>0 0 10.149 4.71 0 0 50 13 0 0 0 0 </measResults>
            </measValue>
            <measValue measObjLdn="VALG8713HUNB001/ULoCell:NodeB Function Name=VALG8713HUNB001, Local Cell ID=10822, Cell Name=N/A">
                <measResults>0 0 20.02 10.496 0 0 41.5 23 0 0 0 0 </measResults>
            </measValue>
            <measValue measObjLdn="VALG8713HUNB001/ULoCell:NodeB Function Name=VALG8713HUNB001, Local Cell ID=10823, Cell Name=N/A">
                <measResults>0 0 0.3 0.26 0 0 3 4 0 0 0 0 </measResults>
            </measValue>
            <measValue measObjLdn="VALG8713HUNB001/ULoCell:NodeB Function Name=VALG8713HUNB001, Local Cell ID=50821, Cell Name=N/A">
                <measResults>0 0 15.455 4.556 0 0 60.5 11 0 0 0 0 </measResults>
            </measValue>
            <measValue measObjLdn="VALG8713HUNB001/ULoCell:NodeB Function Name=VALG8713HUNB001, Local Cell ID=50822, Cell Name=N/A">
                <measResults>0 0 14.994 7.432 0 0 28.5 17 0 0 0 0 </measResults>
            </measValue>
            <measValue measObjLdn="VALG8713HUNB001/ULoCell:NodeB Function Name=VALG8713HUNB001, Local Cell ID=50823, Cell Name=N/A">
                <measResults>0 0 1.837 0.217 0 0 7.5 3 0 0 0 0 </measResults>
            </measValue>
            <measValue measObjLdn="VALG8713HUNB001/ULoCell:NodeB Function Name=VALG8713HUNB001, Local Cell ID=60821, Cell Name=N/A">
                <measResults>0 0 16.868 5.131 0 0 28 13 0 0 0 0 </measResults>
            </measValue>
            <measValue measObjLdn="VALG8713HUNB001/ULoCell:NodeB Function Name=VALG8713HUNB001, Local Cell ID=60822, Cell Name=N/A">
                <measResults>0 0 16.907 8.046 0 0 36 17 0 0 0 0 </measResults>
            </measValue>
            <measValue measObjLdn="VALG8713HUNB001/ULoCell:NodeB Function Name=VALG8713HUNB001, Local Cell ID=60823, Cell Name=N/A">
                <measResults>0 0 1.126 0.762 0 0 8.5 5 0 0 0 0 </measResults>
            </measValue>
        </measInfo>
        <measInfo measInfoId="50331651">
            <granPeriod duration="PT3600S" endTime="2021-08-17T23:00:00+08:00"/>
            <repPeriod duration="PT3600S"/>
            <measTypes>50331850 50331851 50331852 50331853 50331854 50331855 50331856 50331857 50331858 50331859 50331860 50331861 50331862 50331863 50331864 50331865 50331866 50331867 50331868 50331869 50331870 50331871 50331872 50331873 50331874 50331875 50331876 50331877 50331878 50331879 50331885 50331886 50331887 50331888 50331889 50331892 50331903 50331904 50331908 50331925 50331926 50331927 50331928 50331929 50331930 50331931 50331957 50331958 50331959 50331961 50331962 50331963 50331964 50331965 50331966 50331967 50331971 50331972 50331973 50331974 50331987 50331988 50331989 50331990 50331991 50331992 50331993 50331995 50332378 50332379 50332380 50332385 50332386 50332387 50332498 50332499 50332500 50332501 50332503 50332507 50332623 50332638 50341849 50341850 50341851 50341852 50341853 50341854 50341855 50341856 50341857 50341858 50341859 50341864 50341865 50341866 50341868 50341869 50341870 50341871 50341872 50341873 50341874 50341875 50341876 50341877 50341878 50341879 50341880 50341881 50341882 50341883 50341884 50341885 50341886 50341887 50341888 50341889 50341890 50341891 50341892 50341893 50341894 50341895 50341896 50341897 50341898 50341980 50341981 50341982 50341983 50341984 50341985 50341986 50341994 50361698 50361699 50361701 </measTypes>
            <measValue measObjLdn="VALG8713HUNB001/ULoCell:NodeB Function Name=VALG8713HUNB001, Local Cell ID=10821, Cell Name=N/A">
                <measResults>1790759 4600 775 420 214 243 251 268 477 275 46 68 50 19 29 85 28 19 27 24 0 0 0 0 0 1343 1414 469433 1791986 809189 494806 74089 6954956 412005 55596 4 200 228 594732 830 188 188 143 143 0 0 0 103 76 1395 223 223 223 223 0 0 1583 8066 12224 302881 2259 5921 10141 19522 20909 33671 41685 117002 402426 311553 76236 0.206 319051 96297 0 0 NIL NIL 0 0.116 0 0 58 0.612 2.457 0.024 0.15 2 0 0 0 65 0 41 34 0 NIL NIL 2.232 0.161 0.005 0.005 0 0 590.106 559.644 559.644 559.644 559.644 0 0 494275.5 1.884 0.103 0.03 0.015 0.022 0.012 0.001 0 1.764 0 0 118 NIL NIL 257 1011.762 2113.632 3949.182 8078.754 11230.374 25209.488 71025.719 71894.234 0 NIL 0 </measResults>
            </measValue>
            <measValue measObjLdn="VALG8713HUNB001/ULoCell:NodeB Function Name=VALG8713HUNB001, Local Cell ID=10822, Cell Name=N/A">
                <measResults>1790618 6863 1531 527 270 44 23 1 23 10 0 0 0 0 0 0 0 0 0 0 0 0 0 0 0 108 108 995297 1799727 1400652 721106 199950 8615654 535468 101612 2 408 396 1014397 0 0 0 0 0 0 0 0 46 21 0 0 0 0 0 0 0 3399 8184 9263 236586 7136 19220 41408 107993 64641 17312 6112 500037 405324 226919 234950 0.422 163886 257259 0 0 NIL NIL 0 0.374 0 0 85 1.652 6.843 0.039 0.13 4 0 0 0 46 0 125 94 0 NIL NIL 1.624 0.086 0.003 0 0 0 0 0 0 0 0 0 0 592075.75 4.163 0.334 0.094 0.04 0.053 0.019 0.005 0 1.032 0 0 68 NIL NIL 389 2434.194 6299.208 14912.952 39541.34 28710.207 10885.086 5232.018 81420.938 0 NIL 0 </measResults>
            </measValue>
            <measValue measObjLdn="VALG8713HUNB001/ULoCell:NodeB Function Name=VALG8713HUNB001, Local Cell ID=10823, Cell Name=N/A">
                <measResults>1799846 8 11 10 20 16 11 11 9 10 10 18 13 20 7 0 0 0 0 0 0 0 0 0 0 0 0 2337 64754 7722 5541 3130 58518 1518 185 0 10 0 1545 0 0 0 0 0 0 0 0 1 1 0 0 0 0 0 0 0 0 0 0 1445 4 14 8 17 25 3 44 7 740 1189 54 0 726 57 0 0 NIL NIL 0 0 0 0 33 0.006 0.949 0 0.015 0 0 0 0 1 0 0 0 0 NIL NIL 0.028 0 0 0 0 0 0 0 0 0 0 0 0 2456.608 0.01 0 0 0 0 0 0 0 0.019 0 0 27 NIL NIL 9 4.176 6.552 4.656 13.548 25.764 4.14 59.04 0.126 0 NIL 0 </measResults>
            </measValue>
            <measValue measObjLdn="VALG8713HUNB001/ULoCell:NodeB Function Name=VALG8713HUNB001, Local Cell ID=50821, Cell Name=N/A">
                <measResults>1410831 116987 57536 56629 58292 51960 26649 7095 3738 2348 1969 1615 829 324 297 185 89 71 22 17 25 2 1 1 0 15 168 508106 1797527 1327228 1066763 155238 5444124 983309 106947 10 184 525 1173541 32091 4275 2871 741 379 0 0 0 18 16 72759 8890 6166 1670 748 0 0 1402 3867 7192 833302 104 119 1123 63146 311499 74734 9852 242575 1786139 854514 132040 0.414 1623159 196948 0 0 NIL NIL 0 0.16 0 0 67 1.169 4.826 0.031 0.117 2 0 0 0 61 0 49 38 0 NIL NIL 1.548 0.364 0.045 0.086 0.022 0 192050.594 10315.358 6989.516 1418.334 638.892 0 0 1892011.125 1.848 0.144 0.051 0.027 0.035 0.01 0.006 0.004 0.965 0 0 190 NIL NIL 312 15.312 21.804 150.024 136351.906 976686.5 143869.641 6066.214 744412.75 0 NIL 0 </measResults>
            </measValue>
            <measValue measObjLdn="VALG8713HUNB001/ULoCell:NodeB Function Name=VALG8713HUNB001, Local Cell ID=50822, Cell Name=N/A">
                <measResults>824088 176948 139585 118399 94554 75389 61732 51700 74101 53955 40805 28874 23509 15853 8813 4606 2431 858 248 142 136 76 28 38 6 653 2339 1619717 1797527 1481632 734151 392715 8130462 378431 142589 14 457 608 734578 251828 61055 36366 9068 3520 13 0 0 19 15 594812 113957 62510 12995 3866 60 0 27620 23008 22269 40117 621 862 3572 50956 171506 282388 45896 1097561 201628 68182 185720 0.78 46177 163350 0 0 NIL NIL 0 0.696 0 0 133 2.244 7.06 0.043 0.275 8 0 0 0 80 0 158 118 0 NIL NIL 1.34 0.053 0.004 0.001 0 0 67868.789 11271.278 6087.39 1275.54 437.802 12.738 0 416037.906 4.884 0.28 0.093 0.039 0.044 0.009 0.002 0 1.091 0 0 29 NIL NIL 810 79.236 129.144 690.264 11775.03 41773.738 61741.531 15970.694 122784.133 0 NIL 0 </measResults>
            </measValue>
            <measValue measObjLdn="VALG8713HUNB001/ULoCell:NodeB Function Name=VALG8713HUNB001, Local Cell ID=50823, Cell Name=N/A">
                <measResults>1794062 2536 434 197 51 31 30 11 29 21 17 24 16 10 4 4 5 4 5 8 18 9 0 0 0 0 45 76059 1614929 289435 222793 27062 1366726 208516 17504 5 46 62 206171 0 0 0 0 0 0 0 0 73 48 0 0 0 0 0 0 0 2 15 14 203930 99 425 187 479 1008 3260 6419 4840 106161 173435 4377 0.026 106531 5927 0 0 NIL NIL 0 0.002 0 0 45 0.169 1.126 0.006 0.043 1 0 0 0 62 0 0 4 0 NIL NIL 0.827 0.031 0.001 0 0 0 0 0 0 0 0 0 0 121151.258 0.05 0.01 0.005 0.002 0.002 0.001 0 0 0.458 0 0 257 NIL NIL 44 124.524 385.236 202.248 479.004 1046.898 3952.55 7051.778 5999.29 0 NIL 0 </measResults>
            </measValue>
            <measValue measObjLdn="VALG8713HUNB001/ULoCell:NodeB Function Name=VALG8713HUNB001, Local Cell ID=60821, Cell Name=N/A">
                <measResults>0 0 0 0 34 180 864 3109 53801 214974 291348 950841 216748 44909 12464 5849 2563 1009 402 281 251 121 54 29 12 180 2498 790099 1800023 1728552 1840279 777603 7063907 1675888 689872 7 404 544 1417390 1728479 1479001 1255371 43626 9936 650 0 7 156 143 5223642 4370752 3713617 113584 25659 1728 0 118643 53279 43224 1015804 325 5981 47752 130871 129147 115891 296066 1281699 880105 1023334 239371 1.384 697034 226104 0 0 NIL NIL 0 0.81 0 0 64 2.863 8.611 0.061 0.164 16 0 0 0 53 0 151 143 0 NIL NIL 2.065 0.638 0.005 0.001 0 0 1057910.125 899186.125 768794 31950.939 6583.782 242.394 0 1057929.625 3.619 0.241 0.077 0.045 0.056 0.009 0.001 0 1.384 0 7 35 NIL NIL 284 51.156 713.124 5406.006 15589.764 21166.68 47331.762 206959.859 74026.641 0 NIL 0 </measResults>
            </measValue>
            <measValue measObjLdn="VALG8713HUNB001/ULoCell:NodeB Function Name=VALG8713HUNB001, Local Cell ID=60822, Cell Name=N/A">
                <measResults>489225 599705 317344 151702 73241 45122 28363 20874 27776 22063 13552 5360 2064 1532 1026 605 153 38 15 13 26 4 6 5 0 211 344 1412563 1800025 1433402 639845 349519 7253872 464681 141468 7 472 521 746328 84117 13136 5332 1246 840 0 0 0 36 32 206134 20545 8450 1267 833 0 0 13031 21614 14463 151809 1454 8903 28401 134276 192774 103031 48693 1093151 327950 166360 163659 0.748 163666 175132 0 0 NIL NIL 0 0.666 0 0 127 2.106 9.663 0.045 0.149 10 0 0 0 76 0 178 124 0 NIL NIL 1.279 0.071 0.005 0.001 0 0 31567.68 2998.524 1479.546 378.612 235.734 0 0 418334.313 4.379 0.209 0.079 0.038 0.042 0.009 0.005 0.001 0.991 0 0 49 NIL NIL 652 622.286 1718.648 6435.276 39285.973 50189.863 41297.574 39353.719 137138.266 0 NIL 0 </measResults>
            </measValue>
            <measValue measObjLdn="VALG8713HUNB001/ULoCell:NodeB Function Name=VALG8713HUNB001, Local Cell ID=60823, Cell Name=N/A">
                <measResults>1569857 134548 40487 19957 10510 5551 3754 5293 4760 1583 1022 859 1288 288 140 26 27 20 20 16 15 4 0 0 0 0 76 124241 1331149 762814 565083 97564 827541 38045 5315 3 114 35 63245 10552 2170 1802 39 0 0 0 0 2 2 20282 2786 2313 50 0 0 0 799 667 80 26866 5 47 296 4538 11137 2031 1347 26171 24067 21447 8315 0.234 15058 10019 0 0 NIL NIL 0 0.022 0 0 72 0.49 2.295 0.002 0.138 1 0 0 0 43 0 0 2 0 NIL NIL 0.278 0.311 0.002 0 0 0 5430.846 880.206 724.176 18.228 0 0 0 394728.531 0.274 0.04 0.008 0.009 0.021 0.004 0.001 0 0.091 0 0 14 NIL NIL 265 0.708 99.99 200.328 2051.52 5290.554 1020.858 1313.58 7032.444 0 NIL 0 </measResults>
            </measValue>
        </measInfo>
        <measInfo measInfoId="50331653">
            <granPeriod duration="PT3600S" endTime="2021-08-17T23:00:00+08:00"/>
            <repPeriod duration="PT3600S"/>
            <measTypes>50331748 50331749 50331750 50331751 50331752 50331753 50361697 </measTypes>
            <measValue measObjLdn="VALG8713HUNB001/ULoCell:NodeB Function Name=VALG8713HUNB001, Local Cell ID=10821, Cell Name=N/A">
                <measResults>0.361 0.25 0.361 0.162 0 0 0.066 </measResults>
            </measValue>
            <measValue measObjLdn="VALG8713HUNB001/ULoCell:NodeB Function Name=VALG8713HUNB001, Local Cell ID=10822, Cell Name=N/A">
                <measResults>0.646 0.625 0.646 0.596 0 0 0.044 </measResults>
            </measValue>
            <measValue measObjLdn="VALG8713HUNB001/ULoCell:NodeB Function Name=VALG8713HUNB001, Local Cell ID=10823, Cell Name=N/A">
                <measResults>0 0 0 0 0 0 0.115 </measResults>
            </measValue>
            <measValue measObjLdn="VALG8713HUNB001/ULoCell:NodeB Function Name=VALG8713HUNB001, Local Cell ID=50821, Cell Name=N/A">
                <measResults>0.068 0.061 0.068 0.057 0 0 0.063 </measResults>
            </measValue>
            <measValue measObjLdn="VALG8713HUNB001/ULoCell:NodeB Function Name=VALG8713HUNB001, Local Cell ID=50822, Cell Name=N/A">
                <measResults>0.261 0.246 0.261 0.242 0 0 0.107 </measResults>
            </measValue>
            <measValue measObjLdn="VALG8713HUNB001/ULoCell:NodeB Function Name=VALG8713HUNB001, Local Cell ID=50823, Cell Name=N/A">
                <measResults>0.779 0.669 0.779 0.619 0 0 0.007 </measResults>
            </measValue>
            <measValue measObjLdn="VALG8713HUNB001/ULoCell:NodeB Function Name=VALG8713HUNB001, Local Cell ID=60821, Cell Name=N/A">
                <measResults>1.675 1.447 1.675 1.4 0 0 0.034 </measResults>
            </measValue>
            <measValue measObjLdn="VALG8713HUNB001/ULoCell:NodeB Function Name=VALG8713HUNB001, Local Cell ID=60822, Cell Name=N/A">
                <measResults>0.821 0.731 0.821 0.683 0 0 0.088 </measResults>
            </measValue>
            <measValue measObjLdn="VALG8713HUNB001/ULoCell:NodeB Function Name=VALG8713HUNB001, Local Cell ID=60823, Cell Name=N/A">
                <measResults>0.036 0.029 0.036 0.025 0 0 0.065 </measResults>
            </measValue>
        </measInfo>
        <measInfo measInfoId="50331658">
            <granPeriod duration="PT3600S" endTime="2021-08-17T23:00:00+08:00"/>
            <repPeriod duration="PT3600S"/>
            <measTypes>50332250 50332251 50332410 50332411 </measTypes>
            <measValue measObjLdn="VALG8713HUNB001/ULoCell:NodeB Function Name=VALG8713HUNB001, Local Cell ID=10821, Cell Name=N/A">
                <measResults>0 0 0 0 </measResults>
            </measValue>
            <measValue measObjLdn="VALG8713HUNB001/ULoCell:NodeB Function Name=VALG8713HUNB001, Local Cell ID=10822, Cell Name=N/A">
                <measResults>0 0 0 0 </measResults>
            </measValue>
            <measValue measObjLdn="VALG8713HUNB001/ULoCell:NodeB Function Name=VALG8713HUNB001, Local Cell ID=10823, Cell Name=N/A">
                <measResults>0 0 0 0 </measResults>
            </measValue>
            <measValue measObjLdn="VALG8713HUNB001/ULoCell:NodeB Function Name=VALG8713HUNB001, Local Cell ID=50821, Cell Name=N/A">
                <measResults>0 0 0 0 </measResults>
            </measValue>
            <measValue measObjLdn="VALG8713HUNB001/ULoCell:NodeB Function Name=VALG8713HUNB001, Local Cell ID=50822, Cell Name=N/A">
                <measResults>0 0 0 0 </measResults>
            </measValue>
            <measValue measObjLdn="VALG8713HUNB001/ULoCell:NodeB Function Name=VALG8713HUNB001, Local Cell ID=50823, Cell Name=N/A">
                <measResults>0 0 0 0 </measResults>
            </measValue>
            <measValue measObjLdn="VALG8713HUNB001/ULoCell:NodeB Function Name=VALG8713HUNB001, Local Cell ID=60821, Cell Name=N/A">
                <measResults>0 0 0 0 </measResults>
            </measValue>
            <measValue measObjLdn="VALG8713HUNB001/ULoCell:NodeB Function Name=VALG8713HUNB001, Local Cell ID=60822, Cell Name=N/A">
                <measResults>0 0 0 0 </measResults>
            </measValue>
            <measValue measObjLdn="VALG8713HUNB001/ULoCell:NodeB Function Name=VALG8713HUNB001, Local Cell ID=60823, Cell Name=N/A">
                <measResults>0 0 0 0 </measResults>
            </measValue>
        </measInfo>
        <measInfo measInfoId="50331660">
            <granPeriod duration="PT3600S" endTime="2021-08-17T23:00:00+08:00"/>
            <repPeriod duration="PT3600S"/>
            <measTypes>50361670 50361671 50361672 50361673 </measTypes>
            <measValue measObjLdn="VALG8713HUNB001/ULoCell:NodeB Function Name=VALG8713HUNB001, Local Cell ID=10821, Cell Name=N/A">
                <measResults>0 0 0 0 </measResults>
            </measValue>
            <measValue measObjLdn="VALG8713HUNB001/ULoCell:NodeB Function Name=VALG8713HUNB001, Local Cell ID=10822, Cell Name=N/A">
                <measResults>0 0 0 0 </measResults>
            </measValue>
            <measValue measObjLdn="VALG8713HUNB001/ULoCell:NodeB Function Name=VALG8713HUNB001, Local Cell ID=10823, Cell Name=N/A">
                <measResults>0 0 0 0 </measResults>
            </measValue>
            <measValue measObjLdn="VALG8713HUNB001/ULoCell:NodeB Function Name=VALG8713HUNB001, Local Cell ID=50821, Cell Name=N/A">
                <measResults>0 0 0 0 </measResults>
            </measValue>
            <measValue measObjLdn="VALG8713HUNB001/ULoCell:NodeB Function Name=VALG8713HUNB001, Local Cell ID=50822, Cell Name=N/A">
                <measResults>0 0 0 0 </measResults>
            </measValue>
            <measValue measObjLdn="VALG8713HUNB001/ULoCell:NodeB Function Name=VALG8713HUNB001, Local Cell ID=50823, Cell Name=N/A">
                <measResults>0 0 0 0 </measResults>
            </measValue>
            <measValue measObjLdn="VALG8713HUNB001/ULoCell:NodeB Function Name=VALG8713HUNB001, Local Cell ID=60821, Cell Name=N/A">
                <measResults>0 0 0 0 </measResults>
            </measValue>
            <measValue measObjLdn="VALG8713HUNB001/ULoCell:NodeB Function Name=VALG8713HUNB001, Local Cell ID=60822, Cell Name=N/A">
                <measResults>0 0 0 0 </measResults>
            </measValue>
            <measValue measObjLdn="VALG8713HUNB001/ULoCell:NodeB Function Name=VALG8713HUNB001, Local Cell ID=60823, Cell Name=N/A">
                <measResults>0 0 0 0 </measResults>
            </measValue>
        </measInfo>
        <measInfo measInfoId="50331661">
            <granPeriod duration="PT3600S" endTime="2021-08-17T23:00:00+08:00"/>
            <repPeriod duration="PT3600S"/>
            <measTypes>50332048 50332049 50332050 50332051 </measTypes>
            <measValue measObjLdn="VALG8713HUNB001/ULoCell:NodeB Function Name=VALG8713HUNB001, Local Cell ID=10821, Cell Name=N/A">
                <measResults>20189 0 92541 0 </measResults>
            </measValue>
            <measValue measObjLdn="VALG8713HUNB001/ULoCell:NodeB Function Name=VALG8713HUNB001, Local Cell ID=10822, Cell Name=N/A">
                <measResults>24543 0 92666 0 </measResults>
            </measValue>
            <measValue measObjLdn="VALG8713HUNB001/ULoCell:NodeB Function Name=VALG8713HUNB001, Local Cell ID=10823, Cell Name=N/A">
                <measResults>1043 0 91028 0 </measResults>
            </measValue>
            <measValue measObjLdn="VALG8713HUNB001/ULoCell:NodeB Function Name=VALG8713HUNB001, Local Cell ID=50821, Cell Name=N/A">
                <measResults>10996 0 92495 0 </measResults>
            </measValue>
            <measValue measObjLdn="VALG8713HUNB001/ULoCell:NodeB Function Name=VALG8713HUNB001, Local Cell ID=50822, Cell Name=N/A">
                <measResults>28144 0 92604 0 </measResults>
            </measValue>
            <measValue measObjLdn="VALG8713HUNB001/ULoCell:NodeB Function Name=VALG8713HUNB001, Local Cell ID=50823, Cell Name=N/A">
                <measResults>3086 0 91594 0 </measResults>
            </measValue>
            <measValue measObjLdn="VALG8713HUNB001/ULoCell:NodeB Function Name=VALG8713HUNB001, Local Cell ID=60821, Cell Name=N/A">
                <measResults>21907 0 93157 0 </measResults>
            </measValue>
            <measValue measObjLdn="VALG8713HUNB001/ULoCell:NodeB Function Name=VALG8713HUNB001, Local Cell ID=60822, Cell Name=N/A">
                <measResults>27317 0 92602 0 </measResults>
            </measValue>
            <measValue measObjLdn="VALG8713HUNB001/ULoCell:NodeB Function Name=VALG8713HUNB001, Local Cell ID=60823, Cell Name=N/A">
                <measResults>2642 0 91218 0 </measResults>
            </measValue>
        </measInfo>
        <measInfo measInfoId="50331662">
            <granPeriod duration="PT3600S" endTime="2021-08-17T23:00:00+08:00"/>
            <repPeriod duration="PT3600S"/>
            <measTypes>50332052 50332053 50332054 50332070 50332505 </measTypes>
            <measValue measObjLdn="VALG8713HUNB001/ULoCell:NodeB Function Name=VALG8713HUNB001, Local Cell ID=10821, Cell Name=N/A">
                <measResults>5 83 183277 0 0 </measResults>
            </measValue>
            <measValue measObjLdn="VALG8713HUNB001/ULoCell:NodeB Function Name=VALG8713HUNB001, Local Cell ID=10822, Cell Name=N/A">
                <measResults>0 83 541697 0 0 </measResults>
            </measValue>
            <measValue measObjLdn="VALG8713HUNB001/ULoCell:NodeB Function Name=VALG8713HUNB001, Local Cell ID=10823, Cell Name=N/A">
                <measResults>0 0 23869 0 0 </measResults>
            </measValue>
            <measValue measObjLdn="VALG8713HUNB001/ULoCell:NodeB Function Name=VALG8713HUNB001, Local Cell ID=50821, Cell Name=N/A">
                <measResults>0 80 111073 0 0 </measResults>
            </measValue>
            <measValue measObjLdn="VALG8713HUNB001/ULoCell:NodeB Function Name=VALG8713HUNB001, Local Cell ID=50822, Cell Name=N/A">
                <measResults>10 65 223651 0 0 </measResults>
            </measValue>
            <measValue measObjLdn="VALG8713HUNB001/ULoCell:NodeB Function Name=VALG8713HUNB001, Local Cell ID=50823, Cell Name=N/A">
                <measResults>0 3 8886 0 0 </measResults>
            </measValue>
            <measValue measObjLdn="VALG8713HUNB001/ULoCell:NodeB Function Name=VALG8713HUNB001, Local Cell ID=60821, Cell Name=N/A">
                <measResults>0 67 230464 0 0 </measResults>
            </measValue>
            <measValue measObjLdn="VALG8713HUNB001/ULoCell:NodeB Function Name=VALG8713HUNB001, Local Cell ID=60822, Cell Name=N/A">
                <measResults>0 60 349139 0 0 </measResults>
            </measValue>
            <measValue measObjLdn="VALG8713HUNB001/ULoCell:NodeB Function Name=VALG8713HUNB001, Local Cell ID=60823, Cell Name=N/A">
                <measResults>0 10 57324 0 0 </measResults>
            </measValue>
        </measInfo>
        <measInfo measInfoId="50331663">
            <granPeriod duration="PT3600S" endTime="2021-08-17T23:00:00+08:00"/>
            <repPeriod duration="PT3600S"/>
            <measTypes>50331917 50332061 50332064 50332065 50332069 50332071 50332072 50332073 50332074 50332079 50332258 50332388 50332389 50332504 50332626 50332632 50332639 50332640 50332641 50332645 50342048 50342049 50342050 50342051 50361705 50361706 50361725 50361726 50361735 50361740 50361743 50361744 50361747 50361749 50361751 50361753 50361755 50361757 50361759 50361761 50361763 50361765 50361767 50361769 50361771 50361773 50361775 50361777 50361779 50361781 50361783 50361785 50361787 50361789 50361791 50361793 50361795 </measTypes>
            <measValue measObjLdn="VALG8713HUNB001/ULoCell:NodeB Function Name=VALG8713HUNB001, Local Cell ID=10821, Cell Name=N/A">
                <measResults>955.191 0 256 0 0 0 0 0 0 0 0.828 0 1.362 0 0 0 3600 0 NIL 0 12 70.798 0 0 0 0 0 NIL NIL NIL NIL NIL NIL NIL NIL NIL NIL NIL NIL NIL NIL NIL NIL NIL NIL NIL NIL NIL NIL NIL NIL NIL NIL NIL NIL NIL NIL </measResults>
            </measValue>
            <measValue measObjLdn="VALG8713HUNB001/ULoCell:NodeB Function Name=VALG8713HUNB001, Local Cell ID=10822, Cell Name=N/A">
                <measResults>999.726 1 256 0 0 0 0 0 0 0 2.386 0 2.113 0 0 0 3600 0 NIL 0 28 90.212 0 0 0 0 0 NIL NIL NIL NIL NIL NIL NIL NIL NIL NIL NIL NIL NIL NIL NIL NIL NIL NIL NIL NIL NIL NIL NIL NIL NIL NIL NIL NIL NIL NIL </measResults>
            </measValue>
            <measValue measObjLdn="VALG8713HUNB001/ULoCell:NodeB Function Name=VALG8713HUNB001, Local Cell ID=10823, Cell Name=N/A">
                <measResults>933.861 0 248 0 0 0 0 0 0 0 0.121 0 0.008 0 0 0 3600 0 NIL 0 0 23.94 0 0 0 0 0 NIL NIL NIL NIL NIL NIL NIL NIL NIL NIL NIL NIL NIL NIL NIL NIL NIL NIL NIL NIL NIL NIL NIL NIL NIL NIL NIL NIL NIL NIL </measResults>
            </measValue>
            <measValue measObjLdn="VALG8713HUNB001/ULoCell:NodeB Function Name=VALG8713HUNB001, Local Cell ID=50821, Cell Name=N/A">
                <measResults>975.643 2 256 0 0 0 0 0 0 0 0.693 0 1.811 0 0 0 3600 0 NIL 0 9 199.216 0 0 0 0 0 NIL NIL NIL NIL NIL NIL NIL NIL NIL NIL NIL NIL NIL NIL NIL NIL NIL NIL NIL NIL NIL NIL NIL NIL NIL NIL NIL NIL NIL NIL </measResults>
            </measValue>
            <measValue measObjLdn="VALG8713HUNB001/ULoCell:NodeB Function Name=VALG8713HUNB001, Local Cell ID=50822, Cell Name=N/A">
                <measResults>997.84 3 256 0 0 0 0 0 0 0 1.365 0 2.046 0 0 0 3600 0 NIL 0 20 52.647 0 0 0 0 0 NIL NIL NIL NIL NIL NIL NIL NIL NIL NIL NIL NIL NIL NIL NIL NIL NIL NIL NIL NIL NIL NIL NIL NIL NIL NIL NIL NIL NIL NIL </measResults>
            </measValue>
            <measValue measObjLdn="VALG8713HUNB001/ULoCell:NodeB Function Name=VALG8713HUNB001, Local Cell ID=50823, Cell Name=N/A">
                <measResults>932.15 0 256 0 0 0 0 0 0 0 0.013 0 0.202 0 0 0 3600 0 NIL 0 8 36.623 0 0 0 0 0 NIL NIL NIL NIL NIL NIL NIL NIL NIL NIL NIL NIL NIL NIL NIL NIL NIL NIL NIL NIL NIL NIL NIL NIL NIL NIL NIL NIL NIL NIL </measResults>
            </measValue>
            <measValue measObjLdn="VALG8713HUNB001/ULoCell:NodeB Function Name=VALG8713HUNB001, Local Cell ID=60821, Cell Name=N/A">
                <measResults>995.857 1 256 0 0 0 0 0 0 0 1.321 0 2.578 0 0 0 0 0 NIL 0 15 68.391 0 0 0 0 0 NIL NIL NIL NIL NIL NIL NIL NIL NIL NIL NIL NIL NIL NIL NIL NIL NIL NIL NIL NIL NIL NIL NIL NIL NIL NIL NIL NIL NIL NIL </measResults>
            </measValue>
            <measValue measObjLdn="VALG8713HUNB001/ULoCell:NodeB Function Name=VALG8713HUNB001, Local Cell ID=60822, Cell Name=N/A">
                <measResults>961.445 2 256 0 0 0 0 0 0 0 1.224 0 1.698 0 0 0 0 0 NIL 0 11 59.687 0 0 0 0 0 NIL NIL NIL NIL NIL NIL NIL NIL NIL NIL NIL NIL NIL NIL NIL NIL NIL NIL NIL NIL NIL NIL NIL NIL NIL NIL NIL NIL NIL NIL </measResults>
            </measValue>
            <measValue measObjLdn="VALG8713HUNB001/ULoCell:NodeB Function Name=VALG8713HUNB001, Local Cell ID=60823, Cell Name=N/A">
                <measResults>899.655 0 255 0 0 0 0 0 0 0 0.308 0 0.461 0 0 0 0 0 NIL 0 17 26.488 0 3.083 0 0 0 0.999 NIL NIL NIL NIL NIL NIL NIL NIL NIL NIL NIL NIL NIL NIL NIL NIL NIL NIL NIL NIL NIL NIL NIL NIL NIL NIL NIL NIL NIL </measResults>
            </measValue>
        </measInfo>
        <measInfo measInfoId="50331665">
            <granPeriod duration="PT3600S" endTime="2021-08-17T23:00:00+08:00"/>
            <repPeriod duration="PT3600S"/>
            <measTypes>50331740 50331741 50331742 50331743 50331744 50331909 50331910 50331911 50331912 50331913 50332381 50332382 50332576 50332577 </measTypes>
            <measValue measObjLdn="VALG8713HUNB001/ULoCell:NodeB Function Name=VALG8713HUNB001, Local Cell ID=10821, Cell Name=N/A">
                <measResults>0 0 0 0 0 0 0 0 0 0 0 0 0 0 </measResults>
            </measValue>
            <measValue measObjLdn="VALG8713HUNB001/ULoCell:NodeB Function Name=VALG8713HUNB001, Local Cell ID=10822, Cell Name=N/A">
                <measResults>0 0 0 0 0 0 0 0 0 0 0 0 0 0 </measResults>
            </measValue>
            <measValue measObjLdn="VALG8713HUNB001/ULoCell:NodeB Function Name=VALG8713HUNB001, Local Cell ID=10823, Cell Name=N/A">
                <measResults>0 0 0 0 0 0 0 0 0 0 0 0 0 0 </measResults>
            </measValue>
            <measValue measObjLdn="VALG8713HUNB001/ULoCell:NodeB Function Name=VALG8713HUNB001, Local Cell ID=50821, Cell Name=N/A">
                <measResults>0 0 0 0 0 0 0 0 0 0 0 0 0 0 </measResults>
            </measValue>
            <measValue measObjLdn="VALG8713HUNB001/ULoCell:NodeB Function Name=VALG8713HUNB001, Local Cell ID=50822, Cell Name=N/A">
                <measResults>0 0 0 0 0 0 0 0 0 0 0 0 0 0 </measResults>
            </measValue>
            <measValue measObjLdn="VALG8713HUNB001/ULoCell:NodeB Function Name=VALG8713HUNB001, Local Cell ID=50823, Cell Name=N/A">
                <measResults>0 0 0 0 0 0 0 0 0 0 0 0 0 0 </measResults>
            </measValue>
            <measValue measObjLdn="VALG8713HUNB001/ULoCell:NodeB Function Name=VALG8713HUNB001, Local Cell ID=60821, Cell Name=N/A">
                <measResults>0 0 0 0 0 0 0 0 0 0 0 0 0 0 </measResults>
            </measValue>
            <measValue measObjLdn="VALG8713HUNB001/ULoCell:NodeB Function Name=VALG8713HUNB001, Local Cell ID=60822, Cell Name=N/A">
                <measResults>0 0 0 0 0 0 0 0 0 0 0 0 0 0 </measResults>
            </measValue>
            <measValue measObjLdn="VALG8713HUNB001/ULoCell:NodeB Function Name=VALG8713HUNB001, Local Cell ID=60823, Cell Name=N/A">
                <measResults>0 0 0 0 0 0 0 0 0 0 0 0 0 0 </measResults>
            </measValue>
        </measInfo>
        <measInfo measInfoId="50331673">
            <granPeriod duration="PT3600S" endTime="2021-08-17T23:00:00+08:00"/>
            <repPeriod duration="PT3600S"/>
            <measTypes>50332055 50332056 50332057 50332058 50332059 50332060 50332278 50332279 50332280 50332281 50332282 50332283 50332284 50332285 50332286 50361648 50361649 50361650 50361651 </measTypes>
            <measValue measObjLdn="VALG8713HUNB001/ULoCell:NodeB Function Name=VALG8713HUNB001, Local Cell ID=10821, Cell Name=N/A">
                <measResults>21 13 1 0 0 0 1 1 2 3 8 0 0 4 17 0 0 0 0 </measResults>
            </measValue>
            <measValue measObjLdn="VALG8713HUNB001/ULoCell:NodeB Function Name=VALG8713HUNB001, Local Cell ID=10822, Cell Name=N/A">
                <measResults>42 29 11 0 0 0 12 12 3 10 6 0 1 14 9 0 0 0 0 </measResults>
            </measValue>
            <measValue measObjLdn="VALG8713HUNB001/ULoCell:NodeB Function Name=VALG8713HUNB001, Local Cell ID=10823, Cell Name=N/A">
                <measResults>0 0 1 0 0 0 0 0 0 0 0 0 0 0 0 0 0 0 0 </measResults>
            </measValue>
            <measValue measObjLdn="VALG8713HUNB001/ULoCell:NodeB Function Name=VALG8713HUNB001, Local Cell ID=50821, Cell Name=N/A">
                <measResults>13 2 0 0 0 0 8 3 5 8 18 0 5 15 104 0 0 0 0 </measResults>
            </measValue>
            <measValue measObjLdn="VALG8713HUNB001/ULoCell:NodeB Function Name=VALG8713HUNB001, Local Cell ID=50822, Cell Name=N/A">
                <measResults>29 10 1 0 0 0 11 11 7 19 8 2 1 23 8 0 0 0 0 </measResults>
            </measValue>
            <measValue measObjLdn="VALG8713HUNB001/ULoCell:NodeB Function Name=VALG8713HUNB001, Local Cell ID=50823, Cell Name=N/A">
                <measResults>0 0 0 0 0 0 0 0 1 0 9 0 1 0 8 0 0 0 0 </measResults>
            </measValue>
            <measValue measObjLdn="VALG8713HUNB001/ULoCell:NodeB Function Name=VALG8713HUNB001, Local Cell ID=60821, Cell Name=N/A">
                <measResults>12 5 0 0 0 0 5 4 7 12 13 2 6 13 36 0 0 0 0 </measResults>
            </measValue>
            <measValue measObjLdn="VALG8713HUNB001/ULoCell:NodeB Function Name=VALG8713HUNB001, Local Cell ID=60822, Cell Name=N/A">
                <measResults>22 7 5 0 0 0 12 10 5 16 8 2 1 20 17 0 0 0 0 </measResults>
            </measValue>
            <measValue measObjLdn="VALG8713HUNB001/ULoCell:NodeB Function Name=VALG8713HUNB001, Local Cell ID=60823, Cell Name=N/A">
                <measResults>1 0 0 0 0 0 5 2 0 2 4 0 2 3 12 0 0 0 0 </measResults>
            </measValue>
        </measInfo>
        <measInfo measInfoId="50331674">
            <granPeriod duration="PT3600S" endTime="2021-08-17T23:00:00+08:00"/>
            <repPeriod duration="PT3600S"/>
            <measTypes>50332161 50332162 50332163 50332164 50332165 50341718 50341719 50341720 50341721 </measTypes>
            <measValue measObjLdn="VALG8713HUNB001/ULoCell:NodeB Function Name=VALG8713HUNB001, Local Cell ID=10821, Cell Name=N/A">
                <measResults>0 0 0 0 0 0 0 0 0 </measResults>
            </measValue>
            <measValue measObjLdn="VALG8713HUNB001/ULoCell:NodeB Function Name=VALG8713HUNB001, Local Cell ID=10822, Cell Name=N/A">
                <measResults>0 0 0 0 0 0 0 0 0 </measResults>
            </measValue>
            <measValue measObjLdn="VALG8713HUNB001/ULoCell:NodeB Function Name=VALG8713HUNB001, Local Cell ID=10823, Cell Name=N/A">
                <measResults>0 0 0 0 0 0 0 0 0 </measResults>
            </measValue>
            <measValue measObjLdn="VALG8713HUNB001/ULoCell:NodeB Function Name=VALG8713HUNB001, Local Cell ID=50821, Cell Name=N/A">
                <measResults>0 0 0 0 0 0 0 0 0 </measResults>
            </measValue>
            <measValue measObjLdn="VALG8713HUNB001/ULoCell:NodeB Function Name=VALG8713HUNB001, Local Cell ID=50822, Cell Name=N/A">
                <measResults>0 0 0 0 0 0 0 0 0 </measResults>
            </measValue>
            <measValue measObjLdn="VALG8713HUNB001/ULoCell:NodeB Function Name=VALG8713HUNB001, Local Cell ID=50823, Cell Name=N/A">
                <measResults>0 0 0 0 0 0 0 0 0 </measResults>
            </measValue>
            <measValue measObjLdn="VALG8713HUNB001/ULoCell:NodeB Function Name=VALG8713HUNB001, Local Cell ID=60821, Cell Name=N/A">
                <measResults>0 0 0 0 0 0 0 0 0 </measResults>
            </measValue>
            <measValue measObjLdn="VALG8713HUNB001/ULoCell:NodeB Function Name=VALG8713HUNB001, Local Cell ID=60822, Cell Name=N/A">
                <measResults>0 0 0 0 0 0 0 0 0 </measResults>
            </measValue>
            <measValue measObjLdn="VALG8713HUNB001/ULoCell:NodeB Function Name=VALG8713HUNB001, Local Cell ID=60823, Cell Name=N/A">
                <measResults>0 0 0 0 0 0 0 0 0 </measResults>
            </measValue>
        </measInfo>
        <measInfo measInfoId="50331676">
            <granPeriod duration="PT3600S" endTime="2021-08-17T23:00:00+08:00"/>
            <repPeriod duration="PT3600S"/>
            <measTypes>50331747 50332175 50332176 50332177 50332178 50332179 50332180 50332181 50332182 50332183 50332184 50332185 50332186 50332187 50332188 50332189 50332190 50332192 50332193 50332194 50332195 50332196 50332197 50332198 50332199 50332200 50332201 50332202 50332203 50332204 50332205 50332206 50332207 50332208 50332209 50332210 50332211 50332212 50332213 50332214 50332219 50332232 50332233 50332234 50332235 50332236 50332237 50332238 50332245 50332246 50332648 50332649 50332650 50332651 50332652 50332653 50332654 50332655 50332656 50332657 50332658 50332670 50332848 50332849 50332850 50332853 50332854 50332855 50332856 50332865 50332866 50332867 50332868 50332869 50332870 50332871 50332872 50332873 50332874 50332875 50332876 50332877 50332878 50332879 50332880 50332881 50332882 50332883 50332884 50332885 50332886 50332887 50332888 50332889 50332890 50332891 50332892 50332894 50332895 50332896 50332897 50332898 50332899 50332900 50332901 50332902 50332903 50332904 50332905 50332906 50332907 50332908 50332909 50332910 50332943 50332944 50332945 50332946 50332947 50332948 50332949 50332950 50332951 50332952 50332953 50332954 50332955 50332956 50332957 50332958 50332959 50332960 50332961 50332962 50332963 50332964 50332965 50332966 50332967 50332968 50332969 50332970 50332971 50332972 50332973 50332974 50332985 50332986 50332987 50332990 50341723 50341741 50341742 50341743 50341748 50341749 50341750 50341751 50341752 50341753 50341754 50341755 50341756 50341757 50341758 50341759 </measTypes>
            <measValue measObjLdn="VALG8713HUNB001/ULoCell:NodeB Function Name=VALG8713HUNB001, Local Cell ID=10821, Cell Name=N/A">
                <measResults>5057173720 1234188 90650 33160 19957 21411 41846 6248 46682 5793 34504 6458 26784 8408 71309 152602 0 0 5063240696 31974 0 489 0 0 0 0 14 48189 96131 1989 366 338 124 126 112 270 796 663 52 12 3515439216 5070819594 761787 5887429360 245371 197045 372206 310182 395590671 360725 177770 113756 68084 14253 10489 9630 21722 62150 96956 2010 0 285294 0 0 0 191802 0 0 84763 0 0 0 0 0 0 0 0 0 0 0 0 340562780 146390991 144600769 1621902112 330353 79130 42202 141414 0 0 0 0 1925274 5817 2861 0 0 0 0 0 0 0 0 0 0 0 0 0 0 0 0 0 0 0 0 0 0 0 0 0 0 0 0 0 0 0 0 0 0 NIL NIL NIL NIL NIL NIL NIL NIL NIL NIL NIL NIL NIL NIL NIL NIL 0 0 0 655198 2.996 NIL 0 0 64008.254 169178.297 185214.297 69341.742 75483.984 86395.547 265229.781 1064956.375 2364377 63193.281 0 4174192 </measResults>
            </measValue>
            <measValue measObjLdn="VALG8713HUNB001/ULoCell:NodeB Function Name=VALG8713HUNB001, Local Cell ID=10822, Cell Name=N/A">
                <measResults>2885033948 1085024 125500 52944 37163 29931 37031 9884 45225 10459 52412 14673 67089 113655 118964 46 0 0 2664502748 86203 0 16254 0 0 0 0 77 86421 181909 3597 1114 1337 602 315 168 248 152 61 5 2 703095648 2872106959 1125959 3456536663 947060 260848 216945 59657 668479559 482470 303330 154372 189329 82403 25256 16510 27078 12484 12837 11 0 365908 0 0 0 313223 4 7 152779 0 0 0 0 0 0 0 0 0 8672 0 0 464952348 857444290 454556729 610625876 512385 324992 125408 120850 0 0 0 0 1614545 4342 3406 0 0 0 0 0 0 0 0 0 0 0 0 0 0 0 0 0 0 0 0 0 0 0 0 0 0 0 0 0 0 0 0 0 0 NIL NIL NIL NIL NIL NIL NIL NIL NIL NIL NIL NIL NIL NIL NIL NIL 0 0 0 908770 4.729 NIL 0 0 111609.227 230364.125 548899.563 399917.219 171118.391 147457.047 314719.531 210794.813 299589.063 350.112 0 2092845.75 </measResults>
            </measValue>
            <measValue measObjLdn="VALG8713HUNB001/ULoCell:NodeB Function Name=VALG8713HUNB001, Local Cell ID=10823, Cell Name=N/A">
                <measResults>4188432 1798049 760 194 109 57 98 16 49 7 111 1 70 4 13 462 0 0 4061568 493 0 13 0 0 0 0 0 0 0 10 0 2 1 1 0 1 1 0 0 0 476512 4059096 2503 6824656 1875 663 275 1490 3546800 1880 222 368 51 272 0 106 0 2 0 0 0 431 0 0 0 522 0 0 587 0 0 0 0 0 0 0 0 0 0 0 0 835296 1377984 1066416 287888 1223 404 227 78 0 0 0 0 2472 13 9 0 0 0 0 0 0 0 0 0 0 0 0 0 0 0 0 0 0 0 0 0 0 0 0 0 0 0 0 0 0 0 0 0 0 NIL NIL NIL NIL NIL NIL NIL NIL NIL NIL NIL NIL NIL NIL NIL NIL 0 0 0 1259 0.02 NIL 0 0 75.8 663.16 157.64 1342.184 0 1002.376 0 32.128 0 0 0 2534.328 </measResults>
            </measValue>
            <measValue measObjLdn="VALG8713HUNB001/ULoCell:NodeB Function Name=VALG8713HUNB001, Local Cell ID=50821, Cell Name=N/A">
                <measResults>11578349156 359025 32416 5583 3716 2917 5359 4974 4626 2487 13389 5517 18268 8855 240205 1091151 1512 0 11634013632 1115 0 418 0 0 0 0 1 468028 502262 1505 276 1186 1407 1473 1092 597 95 77 17 3 225708544 11635775791 2080110 13053292520 182665 839422 224452 60748 1489970496 348173 56846 79230 402342 459971 439610 304263 131233 5830 4735 221 0 1748205 0 0 0 68961 1 0 48215 0 0 0 0 0 0 0 0 0 0 0 0 2437560 1062506414 9244379079 1059714680 5477 360456 1553819 141938 0 0 0 0 749270 1221 1052 0 0 0 0 0 0 0 0 0 0 0 0 0 0 0 0 0 0 0 0 0 0 0 0 0 0 0 0 0 0 0 0 0 0 NIL NIL NIL NIL NIL NIL NIL NIL NIL NIL NIL NIL NIL NIL NIL NIL 0 0 0 2032194 3.296 NIL 0 0 18816.879 127210.063 1260155 2257224.5 3093669 2694270.5 1448348.25 93765.688 116720.125 6927.008 0 10971080 </measResults>
            </measValue>
            <measValue measObjLdn="VALG8713HUNB001/ULoCell:NodeB Function Name=VALG8713HUNB001, Local Cell ID=50822, Cell Name=N/A">
                <measResults>983014952 1523167 91122 17329 9325 6799 7610 2745 7206 4945 9159 4111 9583 9058 85106 12735 0 0 929303936 7139 0 5890 0 0 0 0 5 11093 20160 1378 177 368 369 340 363 342 47 10 0 0 8481328 938771746 330411 1416848437 332990 476642 405178 122337 281252127 115550 31573 16536 29484 31375 26870 14184 15989 1456 8 0 0 119366 0 0 0 45783 3 0 86179 0 0 0 0 0 0 0 0 0 0 0 0 15768863 108972198 401710477 371419804 29895 71891 103679 103920 0 0 0 0 1027191 3719 2309 0 0 0 0 0 0 0 0 0 0 0 0 0 0 0 0 0 0 0 0 0 0 0 0 0 0 0 0 0 0 0 0 0 0 NIL NIL NIL NIL NIL NIL NIL NIL NIL NIL NIL NIL NIL NIL NIL NIL 0 0 0 207914 4.299 NIL 0 0 7371.095 24807.68 90850.961 156394.875 187772.422 128397.547 181448.594 21882.225 171.136 0 0 766917.75 </measResults>
            </measValue>
            <measValue measObjLdn="VALG8713HUNB001/ULoCell:NodeB Function Name=VALG8713HUNB001, Local Cell ID=50823, Cell Name=N/A">
                <measResults>1200720584 1595282 72008 16578 9470 4764 2680 550 1086 603 34358 541 1028 856 1499 50204 8493 0 1210971872 16766 0 0 0 0 0 0 0 0 548 357 176 189 21 23 23 81 307 85 5 1 250643472 1210491528 242049 1394447960 379 3017 33287 69589 231920952 74996 58510 5585 28654 2178 2674 1316 5829 41404 5583 5 0 87643 0 0 0 63944 0 0 74554 0 0 0 0 0 0 0 0 0 0 0 0 21549048 116089864 49087688 356178680 75662 45756 12637 40182 0 0 0 0 480344 1187 1082 0 0 0 0 0 0 0 0 0 0 0 0 0 0 0 0 0 0 0 0 0 0 0 0 0 0 0 0 0 0 0 0 0 0 NIL NIL NIL NIL NIL NIL NIL NIL NIL NIL NIL NIL NIL NIL NIL NIL 0 0 0 136840 0.874 NIL 0 0 9683.536 7467.288 81986.828 10059.392 19938.191 11107.44 73626.664 716033.313 117178.914 155.64 0 1030086.375 </measResults>
            </measValue>
            <measValue measObjLdn="VALG8713HUNB001/ULoCell:NodeB Function Name=VALG8713HUNB001, Local Cell ID=60821, Cell Name=N/A">
                <measResults>4207746804 1179379 188192 36483 12125 32576 36219 36127 31248 20687 14653 7412 11483 8468 92138 92810 0 0 4240097144 11003 0 1546 0 0 0 0 17 24764 33933 2274 311 514 426 327 329 568 1159 392 61 6 1751387280 4237977113 747915 5062407374 262289 331600 360600 769358 120875216 70759 34194 17210 30203 23259 19729 18580 40793 43123 20584 614 0 196885 0 0 0 34449 0 0 214311 0 0 0 0 0 0 0 0 0 0 0 0 64000788 232541746 542464031 1302882623 43545 89609 78826 166387 0 0 0 0 2537406 15875 5665 0 0 0 0 0 0 0 0 0 0 0 0 0 0 0 0 0 0 0 0 0 0 0 0 0 0 0 0 0 0 0 0 0 0 NIL NIL NIL NIL NIL NIL NIL NIL NIL NIL NIL NIL NIL NIL NIL NIL 0 0 0 429821 5.161 NIL 0 0 6900.639 25581.297 94281.414 111415.234 137125.578 169830.281 484071.469 735492.688 471591.781 19146.688 0 2222955 </measResults>
            </measValue>
            <measValue measObjLdn="VALG8713HUNB001/ULoCell:NodeB Function Name=VALG8713HUNB001, Local Cell ID=60822, Cell Name=N/A">
                <measResults>1615120580 1458263 100559 19860 10805 6818 7483 3491 9557 4578 11691 6400 14482 33342 105516 7155 0 0 1461013544 13017 0 4057 0 0 0 0 0 13948 20386 1500 170 353 319 387 274 435 394 61 26 3 253213968 1543061645 394720 2327634670 374233 374854 214138 137474 440292733 138904 31333 13155 35062 29332 41597 18977 28106 14446 1354 27 0 168901 0 0 0 53915 1 1 98639 0 0 0 0 0 0 0 0 0 0 0 0 70092733 307179967 435708152 531978470 61371 103302 96222 86808 0 0 0 0 2182014 10121 4970 0 0 0 0 0 0 0 0 0 0 0 0 0 0 0 0 0 0 0 0 0 0 0 0 0 0 0 0 0 0 0 0 0 0 NIL NIL NIL NIL NIL NIL NIL NIL NIL NIL NIL NIL NIL NIL NIL NIL 0 0 0 259560 4.192 NIL 0 0 6582.132 20015.818 103778.773 147322.203 295155.594 168530.953 332247.313 233666.141 29069.465 891.584 0 1310662 </measResults>
            </measValue>
            <measValue measObjLdn="VALG8713HUNB001/ULoCell:NodeB Function Name=VALG8713HUNB001, Local Cell ID=60823, Cell Name=N/A">
                <measResults>63308632 1778113 11638 1680 391 442 455 324 384 213 325 200 327 415 601 4492 0 0 51331400 215 0 117 0 0 0 0 0 0 28 23 4 5 8 20 13 18 9 1 1 0 6082448 62361500 22352 85508418 9247 12579 8672 19057 27197095 6036 272 230 613 1244 2040 479 392 30 0 1 0 4799 0 0 0 543 0 0 12126 0 0 0 0 0 0 0 0 0 0 0 0 803665 14271486 26599348 6128955 856 4165 5169 3440 0 0 0 0 57200 144 106 0 0 0 0 0 0 0 0 0 0 0 0 0 0 0 0 0 0 0 0 0 0 0 0 0 0 0 0 0 0 0 0 0 0 NIL NIL NIL NIL NIL NIL NIL NIL NIL NIL NIL NIL NIL NIL NIL NIL 0 0 0 9005 0.145 NIL 0 0 24.35 318.02 1830.08 6608.323 14265.248 4180.2 4499.344 439.352 0 36.568 0 31859.115 </measResults>
            </measValue>
        </measInfo>
        <measInfo measInfoId="50331649">
            <granPeriod duration="PT3600S" endTime="2021-08-17T23:00:00+08:00"/>
            <repPeriod duration="PT3600S"/>
            <measTypes>50332578 50332579 50332580 50332581 50342578 50342579 50342580 50342581 </measTypes>
            <measValue measObjLdn="VALG8713HUNB001/NodeBFunction:NodeB Function Name=VALG8713HUNB001">
                <measResults>4.001 0.415 3.455 37.428 7.2 1.6 6.8 63 </measResults>
            </measValue>
        </measInfo>
        <measInfo measInfoId="50331654">
            <granPeriod duration="PT3600S" endTime="2021-08-17T23:00:00+08:00"/>
            <repPeriod duration="PT3600S"/>
            <measTypes>50332565 50332566 50332633 50332635 </measTypes>
            <measValue measObjLdn="VALG8713HUNB001/NodeBFunction:NodeB Function Name=VALG8713HUNB001">
                <measResults>3072 1792 0 0 </measResults>
            </measValue>
        </measInfo>
        <measInfo measInfoId="50331664">
            <granPeriod duration="PT3600S" endTime="2021-08-17T23:00:00+08:00"/>
            <repPeriod duration="PT3600S"/>
            <measTypes>50332572 50332585 50332587 50332588 50332589 50332590 50332617 50332618 50332625 </measTypes>
            <measValue measObjLdn="VALG8713HUNB001/NodeBFunction:NodeB Function Name=VALG8713HUNB001">
                <measResults>1 0 22 22 0 11 0 0 2 </measResults>
            </measValue>
        </measInfo>
        <measInfo measInfoId="50331666">
            <granPeriod duration="PT3600S" endTime="2021-08-17T23:00:00+08:00"/>
            <repPeriod duration="PT3600S"/>
            <measTypes>50332567 50332568 50332569 50332570 50332571 </measTypes>
            <measValue measObjLdn="VALG8713HUNB001/NodeBFunction:NodeB Function Name=VALG8713HUNB001">
                <measResults>0 0 0 0 0 </measResults>
            </measValue>
        </measInfo>
        <measInfo measInfoId="50331681">
            <granPeriod duration="PT3600S" endTime="2021-08-17T23:00:00+08:00"/>
            <repPeriod duration="PT3600S"/>
            <measTypes>50342640 50342641 50342642 50342643 50342644 50342645 50342646 50342647 </measTypes>
            <measValue measObjLdn="VALG8713HUNB001/NodeBFunction:NodeB Function Name=VALG8713HUNB001">
                <measResults>8620214 10389292 948111613 3921345352 4059310 2106914 20004966 8714100 </measResults>
            </measValue>
        </measInfo>
        <measInfo measInfoId="50331652">
            <granPeriod duration="PT3600S" endTime="2021-08-17T23:00:00+08:00"/>
            <repPeriod duration="PT3600S"/>
            <measTypes>50332555 50332556 50332557 50332558 50332559 50332560 50332561 50332562 50332563 50332564 50332593 50332594 50342555 50342556 50342561 50342562 50342563 50342564 50342567 50342568 50342569 50342570 50342571 50342572 50342618 50342619 50342621 50342622 50342624 50342625 50342627 50342628 </measTypes>
            <measValue measObjLdn="VALG8713HUNB001/NodeBFunction:NodeB Function Name=VALG8713HUNB001/MocID:2/CnOperator:-1">
                <measResults>0 0 0 0 4016 3488 97.657 41.675 0 58.074 0 0 0 0 161.5 63 0 101.5 21 60.5 37 0 0 0 0 0 0 0 0 0 0 0 </measResults>
            </measValue>
        </measInfo>
        <measInfo measInfoId="50331667">
            <granPeriod duration="PT3600S" endTime="2021-08-17T23:00:00+08:00"/>
            <repPeriod duration="PT3600S"/>
            <measTypes>50332591 50332592 50332595 50332596 50332597 </measTypes>
            <measValue measObjLdn="VALG8713HUNB001/NodeBFunction:NodeB Function Name=VALG8713HUNB001/MocID:2/CnOperator:-1">
                <measResults>0 0 0 0 0 </measResults>
            </measValue>
        </measInfo>
        <measInfo measInfoId="50331668">
            <granPeriod duration="PT3600S" endTime="2021-08-17T23:00:00+08:00"/>
            <repPeriod duration="PT3600S"/>
            <measTypes>50332348 50332349 </measTypes>
            <measValue measObjLdn="VALG8713HUNB001/LOCELL_SECTOREQM:NodeB Function Name=VALG8713HUNB001, Local Cell ID=10821, Sector Equipment ID=0">
                <measResults>0 0 </measResults>
            </measValue>
            <measValue measObjLdn="VALG8713HUNB001/LOCELL_SECTOREQM:NodeB Function Name=VALG8713HUNB001, Local Cell ID=10822, Sector Equipment ID=1">
                <measResults>0 0 </measResults>
            </measValue>
            <measValue measObjLdn="VALG8713HUNB001/LOCELL_SECTOREQM:NodeB Function Name=VALG8713HUNB001, Local Cell ID=10823, Sector Equipment ID=2">
                <measResults>0 0 </measResults>
            </measValue>
            <measValue measObjLdn="VALG8713HUNB001/LOCELL_SECTOREQM:NodeB Function Name=VALG8713HUNB001, Local Cell ID=50821, Sector Equipment ID=6">
                <measResults>0 0 </measResults>
            </measValue>
            <measValue measObjLdn="VALG8713HUNB001/LOCELL_SECTOREQM:NodeB Function Name=VALG8713HUNB001, Local Cell ID=50822, Sector Equipment ID=7">
                <measResults>0 0 </measResults>
            </measValue>
            <measValue measObjLdn="VALG8713HUNB001/LOCELL_SECTOREQM:NodeB Function Name=VALG8713HUNB001, Local Cell ID=50823, Sector Equipment ID=8">
                <measResults>0 0 </measResults>
            </measValue>
            <measValue measObjLdn="VALG8713HUNB001/LOCELL_SECTOREQM:NodeB Function Name=VALG8713HUNB001, Local Cell ID=60821, Sector Equipment ID=10">
                <measResults>0 0 </measResults>
            </measValue>
            <measValue measObjLdn="VALG8713HUNB001/LOCELL_SECTOREQM:NodeB Function Name=VALG8713HUNB001, Local Cell ID=60822, Sector Equipment ID=11">
                <measResults>0 0 </measResults>
            </measValue>
            <measValue measObjLdn="VALG8713HUNB001/LOCELL_SECTOREQM:NodeB Function Name=VALG8713HUNB001, Local Cell ID=60823, Sector Equipment ID=12">
                <measResults>0 0 </measResults>
            </measValue>
        </measInfo>
        <measInfo measInfoId="50331669">
            <granPeriod duration="PT3600S" endTime="2021-08-17T23:00:00+08:00"/>
            <repPeriod duration="PT3600S"/>
            <measTypes>50332350 50332351 50332352 50332353 </measTypes>
            <measValue measObjLdn="VALG8713HUNB001/LOCELL_SECTOREQM:NodeB Function Name=VALG8713HUNB001, Local Cell ID=10821, Sector Equipment ID=0">
                <measResults>13639 16 12828 12834 </measResults>
            </measValue>
            <measValue measObjLdn="VALG8713HUNB001/LOCELL_SECTOREQM:NodeB Function Name=VALG8713HUNB001, Local Cell ID=10822, Sector Equipment ID=1">
                <measResults>18772 38 18409 18421 </measResults>
            </measValue>
            <measValue measObjLdn="VALG8713HUNB001/LOCELL_SECTOREQM:NodeB Function Name=VALG8713HUNB001, Local Cell ID=10823, Sector Equipment ID=2">
                <measResults>27 0 27 27 </measResults>
            </measValue>
            <measValue measObjLdn="VALG8713HUNB001/LOCELL_SECTOREQM:NodeB Function Name=VALG8713HUNB001, Local Cell ID=50821, Sector Equipment ID=6">
                <measResults>3581 0 3537 3542 </measResults>
            </measValue>
            <measValue measObjLdn="VALG8713HUNB001/LOCELL_SECTOREQM:NodeB Function Name=VALG8713HUNB001, Local Cell ID=50822, Sector Equipment ID=7">
                <measResults>21153 6 19994 20376 </measResults>
            </measValue>
            <measValue measObjLdn="VALG8713HUNB001/LOCELL_SECTOREQM:NodeB Function Name=VALG8713HUNB001, Local Cell ID=50823, Sector Equipment ID=8">
                <measResults>922 0 921 921 </measResults>
            </measValue>
            <measValue measObjLdn="VALG8713HUNB001/LOCELL_SECTOREQM:NodeB Function Name=VALG8713HUNB001, Local Cell ID=60821, Sector Equipment ID=10">
                <measResults>11679 4 11384 11410 </measResults>
            </measValue>
            <measValue measObjLdn="VALG8713HUNB001/LOCELL_SECTOREQM:NodeB Function Name=VALG8713HUNB001, Local Cell ID=60822, Sector Equipment ID=11">
                <measResults>24490 15 24003 24090 </measResults>
            </measValue>
            <measValue measObjLdn="VALG8713HUNB001/LOCELL_SECTOREQM:NodeB Function Name=VALG8713HUNB001, Local Cell ID=60823, Sector Equipment ID=12">
                <measResults>1229 4 1203 1204 </measResults>
            </measValue>
        </measInfo>
        <measInfo measInfoId="50331670">
            <granPeriod duration="PT3600S" endTime="2021-08-17T23:00:00+08:00"/>
            <repPeriod duration="PT3600S"/>
            <measTypes>50332354 50332355 </measTypes>
            <measValue measObjLdn="VALG8713HUNB001/LOCELL_SECTOREQM:NodeB Function Name=VALG8713HUNB001, Local Cell ID=10821, Sector Equipment ID=0">
                <measResults>0 0 </measResults>
            </measValue>
            <measValue measObjLdn="VALG8713HUNB001/LOCELL_SECTOREQM:NodeB Function Name=VALG8713HUNB001, Local Cell ID=10822, Sector Equipment ID=1">
                <measResults>0 0 </measResults>
            </measValue>
            <measValue measObjLdn="VALG8713HUNB001/LOCELL_SECTOREQM:NodeB Function Name=VALG8713HUNB001, Local Cell ID=10823, Sector Equipment ID=2">
                <measResults>0 0 </measResults>
            </measValue>
            <measValue measObjLdn="VALG8713HUNB001/LOCELL_SECTOREQM:NodeB Function Name=VALG8713HUNB001, Local Cell ID=50821, Sector Equipment ID=6">
                <measResults>0 0 </measResults>
            </measValue>
            <measValue measObjLdn="VALG8713HUNB001/LOCELL_SECTOREQM:NodeB Function Name=VALG8713HUNB001, Local Cell ID=50822, Sector Equipment ID=7">
                <measResults>0 0 </measResults>
            </measValue>
            <measValue measObjLdn="VALG8713HUNB001/LOCELL_SECTOREQM:NodeB Function Name=VALG8713HUNB001, Local Cell ID=50823, Sector Equipment ID=8">
                <measResults>0 0 </measResults>
            </measValue>
            <measValue measObjLdn="VALG8713HUNB001/LOCELL_SECTOREQM:NodeB Function Name=VALG8713HUNB001, Local Cell ID=60821, Sector Equipment ID=10">
                <measResults>0 0 </measResults>
            </measValue>
            <measValue measObjLdn="VALG8713HUNB001/LOCELL_SECTOREQM:NodeB Function Name=VALG8713HUNB001, Local Cell ID=60822, Sector Equipment ID=11">
                <measResults>0 0 </measResults>
            </measValue>
            <measValue measObjLdn="VALG8713HUNB001/LOCELL_SECTOREQM:NodeB Function Name=VALG8713HUNB001, Local Cell ID=60823, Sector Equipment ID=12">
                <measResults>0 0 </measResults>
            </measValue>
        </measInfo>
        <measInfo measInfoId="50331672">
            <granPeriod duration="PT3600S" endTime="2021-08-17T23:00:00+08:00"/>
            <repPeriod duration="PT3600S"/>
            <measTypes>50342590 50342591 50342592 50342593 50342594 50342595 50342596 50342597 </measTypes>
            <measValue measObjLdn="VALG8713HUNB001/LOCELL_SECTOREQM:NodeB Function Name=VALG8713HUNB001, Local Cell ID=10821, Sector Equipment ID=0">
                <measResults>-99.623 -99.916 -101.633 -98.756 -101.1 -101.4 -102.8 -100.3 </measResults>
            </measValue>
            <measValue measObjLdn="VALG8713HUNB001/LOCELL_SECTOREQM:NodeB Function Name=VALG8713HUNB001, Local Cell ID=10822, Sector Equipment ID=1">
                <measResults>-104.652 -104.445 -104.43 -104.642 -105.7 -105.2 -105.2 -105.7 </measResults>
            </measValue>
            <measValue measObjLdn="VALG8713HUNB001/LOCELL_SECTOREQM:NodeB Function Name=VALG8713HUNB001, Local Cell ID=10823, Sector Equipment ID=2">
                <measResults>-106.325 -106.32 -105.431 -106.217 -106.5 -106.5 -105.6 -106.4 </measResults>
            </measValue>
            <measValue measObjLdn="VALG8713HUNB001/LOCELL_SECTOREQM:NodeB Function Name=VALG8713HUNB001, Local Cell ID=50821, Sector Equipment ID=6">
                <measResults>-92.552 -92.212 NIL NIL -94.3 -94 NIL NIL </measResults>
            </measValue>
            <measValue measObjLdn="VALG8713HUNB001/LOCELL_SECTOREQM:NodeB Function Name=VALG8713HUNB001, Local Cell ID=50822, Sector Equipment ID=7">
                <measResults>-91.674 -90.213 NIL NIL -95.8 -93.9 NIL NIL </measResults>
            </measValue>
            <measValue measObjLdn="VALG8713HUNB001/LOCELL_SECTOREQM:NodeB Function Name=VALG8713HUNB001, Local Cell ID=50823, Sector Equipment ID=8">
                <measResults>-100.103 -99.411 NIL NIL -101.3 -100.6 NIL NIL </measResults>
            </measValue>
            <measValue measObjLdn="VALG8713HUNB001/LOCELL_SECTOREQM:NodeB Function Name=VALG8713HUNB001, Local Cell ID=60821, Sector Equipment ID=10">
                <measResults>-84.918 -84.823 NIL NIL -87 -86.8 NIL NIL </measResults>
            </measValue>
            <measValue measObjLdn="VALG8713HUNB001/LOCELL_SECTOREQM:NodeB Function Name=VALG8713HUNB001, Local Cell ID=60822, Sector Equipment ID=11">
                <measResults>-91.839 -90.496 NIL NIL -94.2 -93 NIL NIL </measResults>
            </measValue>
            <measValue measObjLdn="VALG8713HUNB001/LOCELL_SECTOREQM:NodeB Function Name=VALG8713HUNB001, Local Cell ID=60823, Sector Equipment ID=12">
                <measResults>-92.277 -92.318 NIL NIL -93.3 -93.5 NIL NIL </measResults>
            </measValue>
        </measInfo>
        <measInfo measInfoId="50331682">
            <granPeriod duration="PT3600S" endTime="2021-08-17T23:00:00+08:00"/>
            <repPeriod duration="PT3600S"/>
            <measTypes>50332602 50332603 50332615 50332616 </measTypes>
            <measValue measObjLdn="VALG8713HUNB001/LOCELL_SECTOREQM:NodeB Function Name=VALG8713HUNB001, Local Cell ID=10821, Sector Equipment ID=0">
                <measResults>281 250 209 264 </measResults>
            </measValue>
            <measValue measObjLdn="VALG8713HUNB001/LOCELL_SECTOREQM:NodeB Function Name=VALG8713HUNB001, Local Cell ID=10822, Sector Equipment ID=1">
                <measResults>157 158 159 156 </measResults>
            </measValue>
            <measValue measObjLdn="VALG8713HUNB001/LOCELL_SECTOREQM:NodeB Function Name=VALG8713HUNB001, Local Cell ID=10823, Sector Equipment ID=2">
                <measResults>140 130 140 140 </measResults>
            </measValue>
            <measValue measObjLdn="VALG8713HUNB001/LOCELL_SECTOREQM:NodeB Function Name=VALG8713HUNB001, Local Cell ID=50821, Sector Equipment ID=6">
                <measResults>352 403 NIL NIL </measResults>
            </measValue>
            <measValue measObjLdn="VALG8713HUNB001/LOCELL_SECTOREQM:NodeB Function Name=VALG8713HUNB001, Local Cell ID=50822, Sector Equipment ID=7">
                <measResults>236 210 NIL NIL </measResults>
            </measValue>
            <measValue measObjLdn="VALG8713HUNB001/LOCELL_SECTOREQM:NodeB Function Name=VALG8713HUNB001, Local Cell ID=50823, Sector Equipment ID=8">
                <measResults>345 379 NIL NIL </measResults>
            </measValue>
            <measValue measObjLdn="VALG8713HUNB001/LOCELL_SECTOREQM:NodeB Function Name=VALG8713HUNB001, Local Cell ID=60821, Sector Equipment ID=10">
                <measResults>NIL NIL NIL NIL </measResults>
            </measValue>
            <measValue measObjLdn="VALG8713HUNB001/LOCELL_SECTOREQM:NodeB Function Name=VALG8713HUNB001, Local Cell ID=60822, Sector Equipment ID=11">
                <measResults>NIL NIL NIL NIL </measResults>
            </measValue>
            <measValue measObjLdn="VALG8713HUNB001/LOCELL_SECTOREQM:NodeB Function Name=VALG8713HUNB001, Local Cell ID=60823, Sector Equipment ID=12">
                <measResults>NIL NIL NIL NIL </measResults>
            </measValue>
        </measInfo>
    </measData>
    <fileFooter>
        <measCollec endTime="2021-08-17T23:00:00+08:00"/>
    </fileFooter>
</measCollecFile>
