<?xml version="1.0" encoding="UTF-8"?>
<measCollecFile xmlns="http://latest/nmc-omc/cmNrm.doc#measCollec" xmlns:xsi="http://www.w3.org/2001/XMLSchema-instance" xsi:schemaLocation="http://latest/nmc-omc/cmNrm.doc#measCollec schema\pmResultSchedule.xsd">
    <fileHeader fileFormatVersion="32.435 V7.2" vendorName="Huawei">
        <fileSender elementType="CGPOMU"/>
        <measCollec beginTime="2021-08-11T23:00:00+08:00"/>
    </fileHeader>
    <measData>
        <managedElement userLabel="min2MSXOMU01_M601F"/>
        <measInfo measInfoId="1057000002">
            <granPeriod duration="PT1800S" endTime="2021-08-11T23:30:00+08:00"/>
            <repPeriod duration="PT1800S"/>
            <measTypes>1057000210 1057000211 1057000212 1057000213 1057000214 1057000215 1057000216 1057000217 1057000218 1057000219 1057000220 1057000221 1057000222 1057000223 1057000224 1057000225 1057000226 1057000227 1057000228 1057000229 </measTypes>
            <measValue measObjLdn="min2MSXOMU01_M601F/VPORT:Virtual machine name=min2MSX01_M601F_MSXBSG_VDU2_3, Port name=BASE2">
                <measResults>169816 94 234678 130 0 0 0 0 175015 96 232106 128 0 0 0 0 0 0 0 0 </measResults>
            </measValue>
            <measValue measObjLdn="min2MSXOMU01_M601F/VPORT:Virtual machine name=min2MSX01_M601F_MSXCCU_VDU1_7, Port name=BASE2">
                <measResults>174090 96 282249 156 0 0 0 0 939023 521 808940 449 0 0 0 0 0 0 0 0 </measResults>
            </measValue>
            <measValue measObjLdn="min2MSXOMU01_M601F/VPORT:Virtual machine name=min2MSX01_M601F_MSXCCU_VDU2_5, Port name=FABRIC1">
                <measResults>168435 93 215833 119 0 0 0 0 170332 94 208769 115 0 0 0 0 0 0 0 0 </measResults>
            </measValue>
            <measValue measObjLdn="min2MSXOMU01_M601F/VPORT:Virtual machine name=min2MSX01_M601F_MSXIFM_VDU2_0, Port name=BASE1">
                <measResults>188980 104 325994 181 0 0 0 0 178745 98 307299 170 0 0 0 0 0 0 0 0 </measResults>
            </measValue>
            <measValue measObjLdn="min2MSXOMU01_M601F/VPORT:Virtual machine name=min2MSXOMU01_M601F_OMUBIG_1, Port name=VNIC2">
                <measResults>0 0 0 0 0 0 0 0 0 0 0 0 0 0 0 0 0 0 0 0 </measResults>
            </measValue>
            <measValue measObjLdn="min2MSXOMU01_M601F/VPORT:Virtual machine name=min2MSXIGWB01_M601F_IGWB_VDU2_0, Port name=VNIC1">
                <measResults>275 0 4013 2 0 0 0 0 32 0 780 0 0 0 0 0 0 0 0 0 </measResults>
            </measValue>
            <measValue measObjLdn="min2MSXOMU01_M601F/VPORT:Virtual machine name=min2MSX01_M601F_MSXIFM_VDU2_1, Port name=VNIC2">
                <measResults>14148 7 147778 82 0 0 0 0 13878 7 144424 80 0 0 0 0 0 0 0 0 </measResults>
            </measValue>
            <measValue measObjLdn="min2MSXOMU01_M601F/VPORT:Virtual machine name=min2MSX01_M601F_MSXIFM_VDU1_0, Port name=VNIC3">
                <measResults>0 0 0 0 0 0 0 0 0 0 0 0 0 0 0 0 0 0 0 0 </measResults>
            </measValue>
            <measValue measObjLdn="min2MSXOMU01_M601F/VPORT:Virtual machine name=min2MSX01_M601F_MSXCCU_VDU1_0, Port name=FABRIC1">
                <measResults>180879 100 308995 171 0 0 0 0 180518 100 288888 160 0 0 0 0 0 0 0 0 </measResults>
            </measValue>
            <measValue measObjLdn="min2MSXOMU01_M601F/VPORT:Virtual machine name=min2MSXOMU01_M601F_OMUBIG_1, Port name=VNIC3">
                <measResults>0 0 0 0 0 0 0 0 0 0 0 0 0 0 0 0 0 0 0 0 </measResults>
            </measValue>
            <measValue measObjLdn="min2MSXOMU01_M601F/VPORT:Virtual machine name=min2MSXIGWB01_M601F_IGWB_VDU2_2, Port name=VNIC2">
                <measResults>287 0 4194 2 0 0 0 0 0 0 0 0 0 0 0 0 0 0 0 0 </measResults>
            </measValue>
            <measValue measObjLdn="min2MSXOMU01_M601F/VPORT:Virtual machine name=min2MSX01_M601F_MSXVDB_VDU1_1, Port name=BASE2">
                <measResults>170135 94 243956 135 0 0 0 0 172825 95 252976 140 0 0 0 0 0 0 0 0 </measResults>
            </measValue>
            <measValue measObjLdn="min2MSXOMU01_M601F/VPORT:Virtual machine name=min2MSX01_M601F_MSXCCU_VDU1_2, Port name=BASE2">
                <measResults>173922 96 280107 155 0 0 0 0 934438 518 804837 447 0 0 0 0 0 0 0 0 </measResults>
            </measValue>
            <measValue measObjLdn="min2MSXOMU01_M601F/VPORT:Virtual machine name=min2MSXIGWB01_M601F_IGWB_VDU2_0, Port name=VNIC2">
                <measResults>270 0 4192 2 0 0 0 0 0 0 0 0 0 0 0 0 0 0 0 0 </measResults>
            </measValue>
            <measValue measObjLdn="min2MSXOMU01_M601F/VPORT:Virtual machine name=min2MSX01_M601F_MSXBSG_VDU2_2, Port name=BASE1">
                <measResults>183443 101 290865 161 0 0 0 0 180237 99 278075 154 0 0 0 0 0 0 0 0 </measResults>
            </measValue>
            <measValue measObjLdn="min2MSXOMU01_M601F/VPORT:Virtual machine name=min2MSXOMU01_M601F_OMUBIG_1, Port name=FABRIC1">
                <measResults>180487 100 245688 136 0 0 0 0 175209 96 238287 132 0 0 0 0 0 0 0 0 </measResults>
            </measValue>
            <measValue measObjLdn="min2MSXOMU01_M601F/VPORT:Virtual machine name=min2MSX01_M601F_MSXCCU_VDU2_6, Port name=BASE2">
                <measResults>928531 515 797036 442 0 0 0 0 176072 97 266445 148 0 0 0 0 0 0 0 0 </measResults>
            </measValue>
            <measValue measObjLdn="min2MSXOMU01_M601F/VPORT:Virtual machine name=min2MSX01_M601F_MSXCCU_VDU2_5, Port name=FABRIC2">
                <measResults>168459 93 216285 120 0 0 0 0 170351 94 209221 116 0 0 0 0 0 0 0 0 </measResults>
            </measValue>
            <measValue measObjLdn="min2MSXOMU01_M601F/VPORT:Virtual machine name=min2MSX01_M601F_MSXIFM_VDU1_1, Port name=FABRIC1">
                <measResults>181893 100 321535 178 0 0 0 0 177716 98 314460 174 0 0 0 0 0 0 0 0 </measResults>
            </measValue>
            <measValue measObjLdn="min2MSXOMU01_M601F/VPORT:Virtual machine name=min2MSX01_M601F_MSXCCU_VDU1_5, Port name=FABRIC1">
                <measResults>179802 99 306612 170 0 0 0 0 179414 99 286498 159 0 0 0 0 0 0 0 0 </measResults>
            </measValue>
            <measValue measObjLdn="min2MSXOMU01_M601F/VPORT:Virtual machine name=min2MSX01_M601F_MSXIFM_VDU1_1, Port name=VNIC6">
                <measResults>0 0 0 0 0 0 0 0 0 0 0 0 0 0 0 0 0 0 0 0 </measResults>
            </measValue>
            <measValue measObjLdn="min2MSXOMU01_M601F/VPORT:Virtual machine name=min2MSX01_M601F_MSXCCU_VDU1_1, Port name=BASE2">
                <measResults>173101 95 281443 156 0 0 0 0 934336 518 805445 447 0 0 0 0 0 0 0 0 </measResults>
            </measValue>
            <measValue measObjLdn="min2MSXOMU01_M601F/VPORT:Virtual machine name=min2MSXIGWB01_M601F_IGWB_VDU2_1, Port name=VNIC1">
                <measResults>287 0 4194 2 0 0 0 0 0 0 0 0 0 0 0 0 0 0 0 0 </measResults>
            </measValue>
            <measValue measObjLdn="min2MSXOMU01_M601F/VPORT:Virtual machine name=min2MSX01_M601F_MSXCDB_VDU2_0, Port name=FABRIC1">
                <measResults>169017 93 216477 120 0 0 0 0 164790 91 209436 116 0 0 0 0 0 0 0 0 </measResults>
            </measValue>
            <measValue measObjLdn="min2MSXOMU01_M601F/VPORT:Virtual machine name=min2MSX01_M601F_MSXBSG_VDU1_2, Port name=FABRIC1">
                <measResults>183273 101 334119 185 0 0 0 0 186408 103 333464 185 0 0 0 0 0 0 0 0 </measResults>
            </measValue>
            <measValue measObjLdn="min2MSXOMU01_M601F/VPORT:Virtual machine name=min2MSXIGWB01_M601F_IGWB_VDU1_2, Port name=VNIC1">
                <measResults>276 0 4015 2 0 0 0 0 32 0 780 0 0 0 0 0 0 0 0 0 </measResults>
            </measValue>
            <measValue measObjLdn="min2MSXOMU01_M601F/VPORT:Virtual machine name=min2MSX01_M601F_MSXCCU_VDU1_2, Port name=FABRIC1">
                <measResults>180790 100 307598 170 0 0 0 0 180374 99 287333 159 0 0 0 0 0 0 0 0 </measResults>
            </measValue>
            <measValue measObjLdn="min2MSXOMU01_M601F/VPORT:Virtual machine name=min2MSX01_M601F_MSXBSG_VDU2_2, Port name=FABRIC2">
                <measResults>185371 102 360039 200 0 0 0 0 193702 107 387988 215 0 0 0 0 0 0 0 0 </measResults>
            </measValue>
            <measValue measObjLdn="min2MSXOMU01_M601F/VPORT:Virtual machine name=min2MSXIGWB01_M601F_IGWB_VDU2_1, Port name=FABRIC1">
                <measResults>168674 93 216602 120 0 0 0 0 166059 91 209304 116 0 0 0 0 0 0 0 0 </measResults>
            </measValue>
            <measValue measObjLdn="min2MSXOMU01_M601F/VPORT:Virtual machine name=min2MSX01_M601F_MSXCCU_VDU1_6, Port name=BASE2">
                <measResults>172872 95 278539 154 0 0 0 0 929977 516 801233 445 0 0 0 0 0 0 0 0 </measResults>
            </measValue>
            <measValue measObjLdn="min2MSXOMU01_M601F/VPORT:Virtual machine name=min2MSX01_M601F_MSXVDB_VDU2_3, Port name=FABRIC2">
                <measResults>167536 92 214407 119 0 0 0 0 164320 90 207453 115 0 0 0 0 0 0 0 0 </measResults>
            </measValue>
            <measValue measObjLdn="min2MSXOMU01_M601F/VPORT:Virtual machine name=min2MSXIGWB01_M601F_IGWB_VDU2_0, Port name=FABRIC1">
                <measResults>170081 93 233854 129 0 0 0 0 169375 93 227649 126 0 0 0 0 0 0 0 0 </measResults>
            </measValue>
            <measValue measObjLdn="min2MSXOMU01_M601F/VPORT:Virtual machine name=min2MSX01_M601F_MSXVDB_VDU2_3, Port name=BASE2">
                <measResults>172791 95 255952 142 0 0 0 0 170162 94 241845 134 0 0 0 0 0 0 0 0 </measResults>
            </measValue>
            <measValue measObjLdn="min2MSXOMU01_M601F/VPORT:Virtual machine name=min2MSX01_M601F_MSXVDB_VDU2_1, Port name=FABRIC2">
                <measResults>168528 93 215963 119 0 0 0 0 165259 91 208982 116 0 0 0 0 0 0 0 0 </measResults>
            </measValue>
            <measValue measObjLdn="min2MSXOMU01_M601F/VPORT:Virtual machine name=min2MSX01_M601F_MSXIFM_VDU1_1, Port name=BASE1">
                <measResults>187567 103 318739 177 0 0 0 0 180150 99 314371 174 0 0 0 0 0 0 0 0 </measResults>
            </measValue>
            <measValue measObjLdn="min2MSXOMU01_M601F/VPORT:Virtual machine name=min2MSX01_M601F_MSXIFM_VDU1_1, Port name=BASE2">
                <measResults>169168 93 229349 127 0 0 0 0 165661 91 224245 124 0 0 0 0 0 0 0 0 </measResults>
            </measValue>
            <measValue measObjLdn="min2MSXOMU01_M601F/VPORT:Virtual machine name=min2MSX01_M601F_MSXCCU_VDU1_3, Port name=BASE1">
                <measResults>192549 106 365231 202 0 0 0 0 944042 524 879151 488 0 0 0 0 0 0 0 0 </measResults>
            </measValue>
            <measValue measObjLdn="min2MSXOMU01_M601F/VPORT:Virtual machine name=min2MSX01_M601F_MSXCCU_VDU2_6, Port name=FABRIC2">
                <measResults>168491 93 216331 120 0 0 0 0 170381 94 209300 116 0 0 0 0 0 0 0 0 </measResults>
            </measValue>
            <measValue measObjLdn="min2MSXOMU01_M601F/VPORT:Virtual machine name=min2MSXIGWB01_M601F_IGWB_VDU1_2, Port name=FABRIC2">
                <measResults>170668 94 232283 129 0 0 0 0 168433 93 225867 125 0 0 0 0 0 0 0 0 </measResults>
            </measValue>
            <measValue measObjLdn="min2MSXOMU01_M601F/VPORT:Virtual machine name=min2MSX01_M601F_MSXVDB_VDU2_2, Port name=FABRIC2">
                <measResults>168553 93 216358 120 0 0 0 0 165213 91 209362 116 0 0 0 0 0 0 0 0 </measResults>
            </measValue>
            <measValue measObjLdn="min2MSXOMU01_M601F/VPORT:Virtual machine name=min2MSXIGWB01_M601F_IGWB_VDU1_0, Port name=VNIC2">
                <measResults>287 0 4190 2 0 0 0 0 0 0 0 0 0 0 0 0 0 0 0 0 </measResults>
            </measValue>
            <measValue measObjLdn="min2MSXOMU01_M601F/VPORT:Virtual machine name=min2MSXOMU01_M601F_OMUBIG_0, Port name=FABRIC1">
                <measResults>179923 99 243777 135 0 0 0 0 174687 96 237042 131 0 0 0 0 0 0 0 0 </measResults>
            </measValue>
            <measValue measObjLdn="min2MSXOMU01_M601F/VPORT:Virtual machine name=min2MSX01_M601F_MSXCCU_VDU2_1, Port name=FABRIC2">
                <measResults>168451 93 215949 119 0 0 0 0 170278 94 208938 116 0 0 0 0 0 0 0 0 </measResults>
            </measValue>
            <measValue measObjLdn="min2MSXOMU01_M601F/VPORT:Virtual machine name=min2MSX01_M601F_MSXIFM_VDU1_1, Port name=VNIC4">
                <measResults>0 0 0 0 0 0 0 0 0 0 0 0 0 0 0 0 0 0 0 0 </measResults>
            </measValue>
            <measValue measObjLdn="min2MSXOMU01_M601F/VPORT:Virtual machine name=min2MSX01_M601F_MSXCCU_VDU2_9, Port name=BASE2">
                <measResults>924289 513 794651 441 0 0 0 0 177539 98 269046 149 0 0 0 0 0 0 0 0 </measResults>
            </measValue>
            <measValue measObjLdn="min2MSXOMU01_M601F/VPORT:Virtual machine name=min2MSX01_M601F_MSXVDB_VDU1_3, Port name=BASE2">
                <measResults>171137 94 245142 136 0 0 0 0 173855 96 254234 141 0 0 0 0 0 0 0 0 </measResults>
            </measValue>
            <measValue measObjLdn="min2MSXOMU01_M601F/VPORT:Virtual machine name=min2MSX01_M601F_MSXIFM_VDU1_2, Port name=BASE1">
                <measResults>188558 104 319036 177 0 0 0 0 178857 99 313938 174 0 0 0 0 0 0 0 0 </measResults>
            </measValue>
            <measValue measObjLdn="min2MSXOMU01_M601F/VPORT:Virtual machine name=min2MSX01_M601F_MSXIFM_VDU2_2, Port name=VNIC4">
                <measResults>0 0 0 0 0 0 0 0 0 0 0 0 0 0 0 0 0 0 0 0 </measResults>
            </measValue>
            <measValue measObjLdn="min2MSXOMU01_M601F/VPORT:Virtual machine name=min2MSXOMU01_M601F_OMUBIG_0, Port name=FABRIC2">
                <measResults>185984 102 250348 139 0 0 0 0 180405 99 244673 135 0 0 0 0 0 0 0 0 </measResults>
            </measValue>
            <measValue measObjLdn="min2MSXOMU01_M601F/VPORT:Virtual machine name=min2MSX01_M601F_MSXBSG_VDU2_2, Port name=FABRIC1">
                <measResults>185631 102 362756 201 0 0 0 0 193995 107 391364 217 0 0 0 0 0 0 0 0 </measResults>
            </measValue>
            <measValue measObjLdn="min2MSXOMU01_M601F/VPORT:Virtual machine name=min2MSXOMU01_M601F_OMUBIG_0, Port name=VNIC3">
                <measResults>0 0 0 0 0 0 0 0 0 0 0 0 0 0 0 0 0 0 0 0 </measResults>
            </measValue>
            <measValue measObjLdn="min2MSXOMU01_M601F/VPORT:Virtual machine name=min2MSXIGWB01_M601F_IGWB_VDU1_1, Port name=BASE2">
                <measResults>174132 96 281198 156 0 0 0 0 180429 99 314105 174 0 0 0 0 0 0 0 0 </measResults>
            </measValue>
            <measValue measObjLdn="min2MSXOMU01_M601F/VPORT:Virtual machine name=min2MSX01_M601F_MSXCDB_VDU1_0, Port name=BASE2">
                <measResults>172086 95 249991 138 0 0 0 0 398229 220 428081 237 0 0 0 0 0 0 0 0 </measResults>
            </measValue>
            <measValue measObjLdn="min2MSXOMU01_M601F/VPORT:Virtual machine name=min2MSX01_M601F_MSXCCU_VDU2_8, Port name=FABRIC1">
                <measResults>168412 93 215560 119 0 0 0 0 170335 94 208568 115 0 0 0 0 0 0 0 0 </measResults>
            </measValue>
            <measValue measObjLdn="min2MSXOMU01_M601F/VPORT:Virtual machine name=min2MSX01_M601F_MSXBSG_VDU1_0, Port name=BASE1">
                <measResults>183382 101 289613 160 0 0 0 0 180266 99 276706 153 0 0 0 0 0 0 0 0 </measResults>
            </measValue>
            <measValue measObjLdn="min2MSXOMU01_M601F/VPORT:Virtual machine name=min2MSX01_M601F_MSXBSG_VDU2_0, Port name=BASE2">
                <measResults>185822 103 308153 171 0 0 0 0 173194 95 243603 135 0 0 0 0 0 0 0 0 </measResults>
            </measValue>
            <measValue measObjLdn="min2MSXOMU01_M601F/VPORT:Virtual machine name=min2MSX01_M601F_MSXVDB_VDU2_1, Port name=FABRIC1">
                <measResults>168532 93 216033 120 0 0 0 0 165262 91 209052 116 0 0 0 0 0 0 0 0 </measResults>
            </measValue>
            <measValue measObjLdn="min2MSXOMU01_M601F/VPORT:Virtual machine name=min2MSX01_M601F_MSXCCU_VDU1_3, Port name=FABRIC1">
                <measResults>180774 100 307771 170 0 0 0 0 180337 99 287470 159 0 0 0 0 0 0 0 0 </measResults>
            </measValue>
            <measValue measObjLdn="min2MSXOMU01_M601F/VPORT:Virtual machine name=min2MSX01_M601F_MSXCCU_VDU2_9, Port name=FABRIC1">
                <measResults>167495 92 214910 119 0 0 0 0 169344 93 207932 115 0 0 0 0 0 0 0 0 </measResults>
            </measValue>
            <measValue measObjLdn="min2MSXOMU01_M601F/VPORT:Virtual machine name=min2MSX01_M601F_MSXIFM_VDU1_2, Port name=VNIC3">
                <measResults>0 0 0 0 0 0 0 0 0 0 0 0 0 0 0 0 0 0 0 0 </measResults>
            </measValue>
            <measValue measObjLdn="min2MSXOMU01_M601F/VPORT:Virtual machine name=min2MSX01_M601F_MSXIFM_VDU1_0, Port name=VNIC4">
                <measResults>0 0 0 0 0 0 0 0 0 0 0 0 0 0 0 0 0 0 0 0 </measResults>
            </measValue>
            <measValue measObjLdn="min2MSXOMU01_M601F/VPORT:Virtual machine name=min2MSX01_M601F_MSXCCU_VDU2_3, Port name=FABRIC2">
                <measResults>167550 92 215268 119 0 0 0 0 169267 93 208299 115 0 0 0 0 0 0 0 0 </measResults>
            </measValue>
            <measValue measObjLdn="min2MSXOMU01_M601F/VPORT:Virtual machine name=min2MSXIGWB01_M601F_IGWB_VDU2_2, Port name=BASE1">
                <measResults>194164 107 363133 201 0 0 0 0 187432 103 330742 183 0 0 0 0 0 0 0 0 </measResults>
            </measValue>
            <measValue measObjLdn="min2MSXOMU01_M601F/VPORT:Virtual machine name=min2MSX01_M601F_MSXCCU_VDU2_2, Port name=FABRIC1">
                <measResults>168441 93 216002 119 0 0 0 0 170346 94 209016 116 0 0 0 0 0 0 0 0 </measResults>
            </measValue>
            <measValue measObjLdn="min2MSXOMU01_M601F/VPORT:Virtual machine name=min2MSX01_M601F_MSXCCU_VDU1_6, Port name=FABRIC1">
                <measResults>179692 99 305614 169 0 0 0 0 179362 99 285604 158 0 0 0 0 0 0 0 0 </measResults>
            </measValue>
            <measValue measObjLdn="min2MSXOMU01_M601F/VPORT:Virtual machine name=min2MSX01_M601F_MSXIFM_VDU2_2, Port name=BASE2">
                <measResults>169221 93 230100 127 0 0 0 0 165638 91 224985 124 0 0 0 0 0 0 0 0 </measResults>
            </measValue>
            <measValue measObjLdn="min2MSXOMU01_M601F/VPORT:Virtual machine name=min2MSX01_M601F_MSXIFM_VDU2_1, Port name=BASE1">
                <measResults>189896 105 325198 180 0 0 0 0 177421 98 305670 169 0 0 0 0 0 0 0 0 </measResults>
            </measValue>
            <measValue measObjLdn="min2MSXOMU01_M601F/VPORT:Virtual machine name=min2MSX01_M601F_MSXBSG_VDU1_1, Port name=FABRIC1">
                <measResults>184151 102 340590 189 0 0 0 0 187283 103 339954 188 0 0 0 0 0 0 0 0 </measResults>
            </measValue>
            <measValue measObjLdn="min2MSXOMU01_M601F/VPORT:Virtual machine name=min2MSXIGWB01_M601F_IGWB_VDU2_1, Port name=BASE2">
                <measResults>178251 98 293906 163 0 0 0 0 178096 98 260265 144 0 0 0 0 0 0 0 0 </measResults>
            </measValue>
            <measValue measObjLdn="min2MSXOMU01_M601F/VPORT:Virtual machine name=min2MSX01_M601F_MSXVDB_VDU2_0, Port name=BASE1">
                <measResults>188354 104 312328 173 0 0 0 0 177179 98 287794 159 0 0 0 0 0 0 0 0 </measResults>
            </measValue>
            <measValue measObjLdn="min2MSXOMU01_M601F/VPORT:Virtual machine name=min2MSX01_M601F_MSXCDB_VDU1_0, Port name=FABRIC2">
                <measResults>211816 117 356387 197 0 0 0 0 198801 110 361959 201 0 0 0 0 0 0 0 0 </measResults>
            </measValue>
            <measValue measObjLdn="min2MSXOMU01_M601F/VPORT:Virtual machine name=min2MSXIGWB01_M601F_IGWB_VDU2_0, Port name=BASE1">
                <measResults>201109 111 522603 290 0 0 0 0 208407 115 550774 305 0 0 0 0 0 0 0 0 </measResults>
            </measValue>
            <measValue measObjLdn="min2MSXOMU01_M601F/VPORT:Virtual machine name=min2MSX01_M601F_MSXVDB_VDU1_0, Port name=FABRIC2">
                <measResults>176674 97 286382 159 0 0 0 0 175988 97 281445 156 0 0 0 0 0 0 0 0 </measResults>
            </measValue>
            <measValue measObjLdn="min2MSXOMU01_M601F/VPORT:Virtual machine name=min2MSX01_M601F_MSXCCU_VDU1_5, Port name=BASE1">
                <measResults>191565 105 364368 202 0 0 0 0 940060 521 875765 486 0 0 0 0 0 0 0 0 </measResults>
            </measValue>
            <measValue measObjLdn="min2MSXOMU01_M601F/VPORT:Virtual machine name=min2MSX01_M601F_MSXBSG_VDU1_3, Port name=FABRIC2">
                <measResults>183516 101 335471 186 0 0 0 0 186881 103 335854 186 0 0 0 0 0 0 0 0 </measResults>
            </measValue>
            <measValue measObjLdn="min2MSXOMU01_M601F/VPORT:Virtual machine name=min2MSX01_M601F_MSXIFM_VDU2_0, Port name=FABRIC2">
                <measResults>179981 99 304080 168 0 0 0 0 175777 97 296546 164 0 0 0 0 0 0 0 0 </measResults>
            </measValue>
            <measValue measObjLdn="min2MSXOMU01_M601F/VPORT:Virtual machine name=min2MSXIGWB01_M601F_IGWB_VDU2_2, Port name=BASE2">
                <measResults>176686 97 275704 153 0 0 0 0 170978 94 249385 138 0 0 0 0 0 0 0 0 </measResults>
            </measValue>
            <measValue measObjLdn="min2MSXOMU01_M601F/VPORT:Virtual machine name=min2MSXOMU01_M601F_OMUBIG_0, Port name=BASE2">
                <measResults>386510 214 1396104 775 0 0 0 0 253745 140 1343768 746 0 0 0 0 0 0 0 0 </measResults>
            </measValue>
            <measValue measObjLdn="min2MSXOMU01_M601F/VPORT:Virtual machine name=min2MSX01_M601F_MSXBSG_VDU1_1, Port name=BASE1">
                <measResults>184312 102 290007 161 0 0 0 0 178844 99 276342 153 0 0 0 0 0 0 0 0 </measResults>
            </measValue>
            <measValue measObjLdn="min2MSXOMU01_M601F/VPORT:Virtual machine name=min2MSX01_M601F_MSXIFM_VDU1_1, Port name=VNIC2">
                <measResults>14168 7 147824 82 0 0 0 0 13880 7 144467 80 0 0 0 0 0 0 0 0 </measResults>
            </measValue>
            <measValue measObjLdn="min2MSXOMU01_M601F/VPORT:Virtual machine name=min2MSX01_M601F_MSXIFM_VDU1_1, Port name=VNIC5">
                <measResults>0 0 0 0 0 0 0 0 0 0 0 0 0 0 0 0 0 0 0 0 </measResults>
            </measValue>
            <measValue measObjLdn="min2MSXOMU01_M601F/VPORT:Virtual machine name=min2MSX01_M601F_MSXBSG_VDU1_1, Port name=FABRIC2">
                <measResults>184213 102 341831 189 0 0 0 0 187363 103 341646 189 0 0 0 0 0 0 0 0 </measResults>
            </measValue>
            <measValue measObjLdn="min2MSXOMU01_M601F/VPORT:Virtual machine name=min2MSX01_M601F_MSXCCU_VDU1_9, Port name=FABRIC2">
                <measResults>179697 99 305267 169 0 0 0 0 179291 99 285077 158 0 0 0 0 0 0 0 0 </measResults>
            </measValue>
            <measValue measObjLdn="min2MSXOMU01_M601F/VPORT:Virtual machine name=min2MSX01_M601F_MSXCCU_VDU2_4, Port name=FABRIC1">
                <measResults>167489 92 214406 119 0 0 0 0 169333 93 207478 115 0 0 0 0 0 0 0 0 </measResults>
            </measValue>
            <measValue measObjLdn="min2MSXOMU01_M601F/VPORT:Virtual machine name=min2MSX01_M601F_MSXCCU_VDU1_7, Port name=FABRIC1">
                <measResults>180800 100 307414 170 0 0 0 0 180363 99 287083 159 0 0 0 0 0 0 0 0 </measResults>
            </measValue>
            <measValue measObjLdn="min2MSXOMU01_M601F/VPORT:Virtual machine name=min2MSX01_M601F_MSXVDB_VDU1_0, Port name=FABRIC1">
                <measResults>176651 97 286075 158 0 0 0 0 175954 97 280922 156 0 0 0 0 0 0 0 0 </measResults>
            </measValue>
            <measValue measObjLdn="min2MSXOMU01_M601F/VPORT:Virtual machine name=min2MSX01_M601F_MSXCCU_VDU2_7, Port name=FABRIC2">
                <measResults>168497 93 216562 120 0 0 0 0 170335 94 209545 116 0 0 0 0 0 0 0 0 </measResults>
            </measValue>
            <measValue measObjLdn="min2MSXOMU01_M601F/VPORT:Virtual machine name=min2MSX01_M601F_MSXVDB_VDU1_3, Port name=FABRIC1">
                <measResults>177799 98 288730 160 0 0 0 0 177072 98 283790 157 0 0 0 0 0 0 0 0 </measResults>
            </measValue>
            <measValue measObjLdn="min2MSXOMU01_M601F/VPORT:Virtual machine name=min2MSXIGWB01_M601F_IGWB_VDU1_0, Port name=BASE2">
                <measResults>179355 99 298127 165 0 0 0 0 180576 99 265107 147 0 0 0 0 0 0 0 0 </measResults>
            </measValue>
            <measValue measObjLdn="min2MSXOMU01_M601F/VPORT:Virtual machine name=min2MSX01_M601F_MSXCCU_VDU2_7, Port name=BASE1">
                <measResults>947120 525 881515 489 0 0 0 0 185972 102 340801 189 0 0 0 0 0 0 0 0 </measResults>
            </measValue>
            <measValue measObjLdn="min2MSXOMU01_M601F/VPORT:Virtual machine name=min2MSX01_M601F_MSXCCU_VDU2_3, Port name=FABRIC1">
                <measResults>167536 92 214957 119 0 0 0 0 169253 93 207987 115 0 0 0 0 0 0 0 0 </measResults>
            </measValue>
            <measValue measObjLdn="min2MSXOMU01_M601F/VPORT:Virtual machine name=min2MSX01_M601F_MSXCCU_VDU1_3, Port name=BASE2">
                <measResults>174119 96 283190 157 0 0 0 0 938787 521 809306 449 0 0 0 0 0 0 0 0 </measResults>
            </measValue>
            <measValue measObjLdn="min2MSXOMU01_M601F/VPORT:Virtual machine name=min2MSXIGWB01_M601F_IGWB_VDU2_0, Port name=BASE2">
                <measResults>183749 101 434785 241 0 0 0 0 190621 105 468384 260 0 0 0 0 0 0 0 0 </measResults>
            </measValue>
            <measValue measObjLdn="min2MSXOMU01_M601F/VPORT:Virtual machine name=min2MSXIGWB01_M601F_IGWB_VDU2_2, Port name=VNIC1">
                <measResults>287 0 4194 2 0 0 0 0 0 0 0 0 0 0 0 0 0 0 0 0 </measResults>
            </measValue>
            <measValue measObjLdn="min2MSXOMU01_M601F/VPORT:Virtual machine name=min2MSX01_M601F_MSXBSG_VDU2_3, Port name=FABRIC2">
                <measResults>186895 103 366709 203 0 0 0 0 195593 108 395600 219 0 0 0 0 0 0 0 0 </measResults>
            </measValue>
            <measValue measObjLdn="min2MSXOMU01_M601F/VPORT:Virtual machine name=min2MSX01_M601F_MSXIFM_VDU2_2, Port name=VNIC3">
                <measResults>0 0 0 0 0 0 0 0 0 0 0 0 0 0 0 0 0 0 0 0 </measResults>
            </measValue>
            <measValue measObjLdn="min2MSXOMU01_M601F/VPORT:Virtual machine name=min2MSX01_M601F_MSXVDB_VDU2_1, Port name=BASE2">
                <measResults>173739 96 255877 142 0 0 0 0 171057 94 241661 134 0 0 0 0 0 0 0 0 </measResults>
            </measValue>
            <measValue measObjLdn="min2MSXOMU01_M601F/VPORT:Virtual machine name=min2MSX01_M601F_MSXVDB_VDU2_1, Port name=BASE1">
                <measResults>188250 104 310993 172 0 0 0 0 174905 96 285721 158 0 0 0 0 0 0 0 0 </measResults>
            </measValue>
            <measValue measObjLdn="min2MSXOMU01_M601F/VPORT:Virtual machine name=min2MSX01_M601F_MSXIFM_VDU1_0, Port name=FABRIC1">
                <measResults>182187 100 323221 179 0 0 0 0 180370 99 344275 191 0 0 0 0 0 0 0 0 </measResults>
            </measValue>
            <measValue measObjLdn="min2MSXOMU01_M601F/VPORT:Virtual machine name=min2MSX01_M601F_MSXIFM_VDU1_0, Port name=BASE1">
                <measResults>257964 142 560385 311 0 0 0 0 442576 245 649527 360 0 0 0 0 0 0 0 0 </measResults>
            </measValue>
            <measValue measObjLdn="min2MSXOMU01_M601F/VPORT:Virtual machine name=min2MSX01_M601F_MSXCCU_VDU2_2, Port name=BASE1">
                <measResults>947036 525 883781 490 0 0 0 0 188382 104 344023 191 0 0 0 0 0 0 0 0 </measResults>
            </measValue>
            <measValue measObjLdn="min2MSXOMU01_M601F/VPORT:Virtual machine name=min2MSX01_M601F_MSXIFM_VDU1_0, Port name=BASE2">
                <measResults>201237 111 381021 211 0 0 0 0 185599 102 261184 145 0 0 0 0 0 0 0 0 </measResults>
            </measValue>
            <measValue measObjLdn="min2MSXOMU01_M601F/VPORT:Virtual machine name=min2MSX01_M601F_MSXIFM_VDU2_2, Port name=VNIC1">
                <measResults>433 0 6534 3 0 0 0 0 0 0 0 0 0 0 0 0 0 0 0 0 </measResults>
            </measValue>
            <measValue measObjLdn="min2MSXOMU01_M601F/VPORT:Virtual machine name=min2MSX01_M601F_MSXCDB_VDU2_0, Port name=FABRIC2">
                <measResults>169061 93 217277 120 0 0 0 0 164821 91 210236 116 0 0 0 0 0 0 0 0 </measResults>
            </measValue>
            <measValue measObjLdn="min2MSXOMU01_M601F/VPORT:Virtual machine name=min2MSX01_M601F_MSXCCU_VDU1_0, Port name=FABRIC2">
                <measResults>180823 100 307970 171 0 0 0 0 180466 100 287790 159 0 0 0 0 0 0 0 0 </measResults>
            </measValue>
            <measValue measObjLdn="min2MSXOMU01_M601F/VPORT:Virtual machine name=min2MSX01_M601F_MSXCCU_VDU2_0, Port name=FABRIC1">
                <measResults>168461 93 215837 119 0 0 0 0 170297 94 208798 115 0 0 0 0 0 0 0 0 </measResults>
            </measValue>
            <measValue measObjLdn="min2MSXOMU01_M601F/VPORT:Virtual machine name=min2MSX01_M601F_MSXBSG_VDU1_3, Port name=BASE1">
                <measResults>184337 102 290626 161 0 0 0 0 178815 98 276959 153 0 0 0 0 0 0 0 0 </measResults>
            </measValue>
            <measValue measObjLdn="min2MSXOMU01_M601F/VPORT:Virtual machine name=min2MSXOMU01_M601F_OMUBIG_1, Port name=VNIC1">
                <measResults>180 0 2538 1 0 0 0 0 17 0 391 0 0 0 0 0 0 0 0 0 </measResults>
            </measValue>
            <measValue measObjLdn="min2MSXOMU01_M601F/VPORT:Virtual machine name=min2MSX01_M601F_MSXCCU_VDU1_2, Port name=BASE1">
                <measResults>192720 106 367681 204 0 0 0 0 948667 526 883675 490 0 0 0 0 0 0 0 0 </measResults>
            </measValue>
            <measValue measObjLdn="min2MSXOMU01_M601F/VPORT:Virtual machine name=min2MSX01_M601F_MSXCCU_VDU2_7, Port name=FABRIC1">
                <measResults>168421 93 215169 119 0 0 0 0 170276 94 208151 115 0 0 0 0 0 0 0 0 </measResults>
            </measValue>
            <measValue measObjLdn="min2MSXOMU01_M601F/VPORT:Virtual machine name=min2MSX01_M601F_MSXCCU_VDU1_1, Port name=FABRIC1">
                <measResults>179730 99 305820 169 0 0 0 0 179289 99 285694 158 0 0 0 0 0 0 0 0 </measResults>
            </measValue>
            <measValue measObjLdn="min2MSXOMU01_M601F/VPORT:Virtual machine name=min2MSXOMU01_M601F_OMUBIG_1, Port name=FABRIC2">
                <measResults>186201 103 252858 140 0 0 0 0 181259 100 244392 135 0 0 0 0 0 0 0 0 </measResults>
            </measValue>
            <measValue measObjLdn="min2MSXOMU01_M601F/VPORT:Virtual machine name=min2MSX01_M601F_MSXCCU_VDU2_0, Port name=FABRIC2">
                <measResults>168474 93 216091 120 0 0 0 0 170306 94 209050 116 0 0 0 0 0 0 0 0 </measResults>
            </measValue>
            <measValue measObjLdn="min2MSXOMU01_M601F/VPORT:Virtual machine name=min2MSX01_M601F_MSXIFM_VDU1_0, Port name=VNIC1">
                <measResults>627 0 9815 5 0 0 0 0 376 0 6999 3 0 0 0 0 0 0 0 0 </measResults>
            </measValue>
            <measValue measObjLdn="min2MSXOMU01_M601F/VPORT:Virtual machine name=min2MSX01_M601F_MSXCCU_VDU1_2, Port name=FABRIC2">
                <measResults>180788 100 307500 170 0 0 0 0 180374 99 287221 159 0 0 0 0 0 0 0 0 </measResults>
            </measValue>
            <measValue measObjLdn="min2MSXOMU01_M601F/VPORT:Virtual machine name=min2MSXOMU01_M601F_OMUBIG_0, Port name=VNIC2">
                <measResults>0 0 0 0 0 0 0 0 0 0 0 0 0 0 0 0 0 0 0 0 </measResults>
            </measValue>
            <measValue measObjLdn="min2MSXOMU01_M601F/VPORT:Virtual machine name=min2MSX01_M601F_MSXIFM_VDU2_1, Port name=BASE2">
                <measResults>170268 94 233062 129 0 0 0 0 168970 93 228772 127 0 0 0 0 0 0 0 0 </measResults>
            </measValue>
            <measValue measObjLdn="min2MSXOMU01_M601F/VPORT:Virtual machine name=min2MSX01_M601F_MSXIFM_VDU1_2, Port name=VNIC5">
                <measResults>0 0 0 0 0 0 0 0 0 0 0 0 0 0 0 0 0 0 0 0 </measResults>
            </measValue>
            <measValue measObjLdn="min2MSXOMU01_M601F/VPORT:Virtual machine name=min2MSX01_M601F_MSXVDB_VDU1_1, Port name=FABRIC2">
                <measResults>176721 97 286922 159 0 0 0 0 175958 97 281971 156 0 0 0 0 0 0 0 0 </measResults>
            </measValue>
            <measValue measObjLdn="min2MSXOMU01_M601F/VPORT:Virtual machine name=min2MSX01_M601F_MSXCCU_VDU2_5, Port name=BASE2">
                <measResults>928518 515 798305 443 0 0 0 0 178419 98 269058 149 0 0 0 0 0 0 0 0 </measResults>
            </measValue>
            <measValue measObjLdn="min2MSXOMU01_M601F/VPORT:Virtual machine name=min2MSX01_M601F_MSXIFM_VDU1_2, Port name=BASE2">
                <measResults>170262 94 232668 129 0 0 0 0 168886 93 228321 126 0 0 0 0 0 0 0 0 </measResults>
            </measValue>
            <measValue measObjLdn="min2MSXOMU01_M601F/VPORT:Virtual machine name=min2MSX01_M601F_MSXIFM_VDU2_1, Port name=VNIC6">
                <measResults>0 0 0 0 0 0 0 0 0 0 0 0 0 0 0 0 0 0 0 0 </measResults>
            </measValue>
            <measValue measObjLdn="min2MSXOMU01_M601F/VPORT:Virtual machine name=min2MSX01_M601F_MSXCCU_VDU2_9, Port name=FABRIC2">
                <measResults>167500 92 215000 119 0 0 0 0 169346 93 208021 115 0 0 0 0 0 0 0 0 </measResults>
            </measValue>
            <measValue measObjLdn="min2MSXOMU01_M601F/VPORT:Virtual machine name=min2MSX01_M601F_MSXIFM_VDU1_2, Port name=FABRIC1">
                <measResults>182507 101 318796 177 0 0 0 0 178399 98 312762 173 0 0 0 0 0 0 0 0 </measResults>
            </measValue>
            <measValue measObjLdn="min2MSXOMU01_M601F/VPORT:Virtual machine name=min2MSX01_M601F_MSXIFM_VDU2_0, Port name=VNIC2">
                <measResults>14233 7 148619 82 0 0 0 0 13941 7 145185 80 0 0 0 0 0 0 0 0 </measResults>
            </measValue>
            <measValue measObjLdn="min2MSXOMU01_M601F/VPORT:Virtual machine name=min2MSX01_M601F_MSXCCU_VDU1_9, Port name=FABRIC1">
                <measResults>179791 99 307058 170 0 0 0 0 179376 99 286976 159 0 0 0 0 0 0 0 0 </measResults>
            </measValue>
            <measValue measObjLdn="min2MSXOMU01_M601F/VPORT:Virtual machine name=min2MSX01_M601F_MSXBSG_VDU1_0, Port name=FABRIC1">
                <measResults>183351 101 342115 190 0 0 0 0 186405 103 341379 189 0 0 0 0 0 0 0 0 </measResults>
            </measValue>
            <measValue measObjLdn="min2MSXOMU01_M601F/VPORT:Virtual machine name=min2MSXIGWB01_M601F_IGWB_VDU1_1, Port name=FABRIC2">
                <measResults>170884 94 233429 129 0 0 0 0 168848 93 225702 125 0 0 0 0 0 0 0 0 </measResults>
            </measValue>
            <measValue measObjLdn="min2MSXOMU01_M601F/VPORT:Virtual machine name=min2MSX01_M601F_MSXCCU_VDU1_8, Port name=FABRIC1">
                <measResults>180732 100 307072 170 0 0 0 0 180291 99 286832 159 0 0 0 0 0 0 0 0 </measResults>
            </measValue>
            <measValue measObjLdn="min2MSXOMU01_M601F/VPORT:Virtual machine name=min2MSX01_M601F_MSXCCU_VDU2_0, Port name=BASE1">
                <measResults>947195 525 883207 490 0 0 0 0 188308 104 343377 190 0 0 0 0 0 0 0 0 </measResults>
            </measValue>
            <measValue measObjLdn="min2MSXOMU01_M601F/VPORT:Virtual machine name=min2MSX01_M601F_MSXCDB_VDU2_0, Port name=BASE2">
                <measResults>399197 221 430975 239 0 0 0 0 168300 93 243201 135 0 0 0 0 0 0 0 0 </measResults>
            </measValue>
            <measValue measObjLdn="min2MSXOMU01_M601F/VPORT:Virtual machine name=min2MSX01_M601F_MSXBSG_VDU1_2, Port name=FABRIC2">
                <measResults>183281 101 334207 185 0 0 0 0 186416 103 333708 185 0 0 0 0 0 0 0 0 </measResults>
            </measValue>
            <measValue measObjLdn="min2MSXOMU01_M601F/VPORT:Virtual machine name=min2MSX01_M601F_MSXCCU_VDU1_8, Port name=BASE2">
                <measResults>173980 96 281733 156 0 0 0 0 934469 518 806514 448 0 0 0 0 0 0 0 0 </measResults>
            </measValue>
            <measValue measObjLdn="min2MSXOMU01_M601F/VPORT:Virtual machine name=min2MSX01_M601F_MSXIFM_VDU2_1, Port name=VNIC5">
                <measResults>0 0 0 0 0 0 0 0 0 0 0 0 0 0 0 0 0 0 0 0 </measResults>
            </measValue>
            <measValue measObjLdn="min2MSXOMU01_M601F/VPORT:Virtual machine name=min2MSX01_M601F_MSXIFM_VDU1_1, Port name=VNIC1">
                <measResults>411 0 6175 3 0 0 0 0 64 0 1561 0 0 0 0 0 0 0 0 0 </measResults>
            </measValue>
            <measValue measObjLdn="min2MSXOMU01_M601F/VPORT:Virtual machine name=min2MSX01_M601F_MSXCCU_VDU2_8, Port name=BASE1">
                <measResults>946907 525 883185 490 0 0 0 0 188378 104 343575 190 0 0 0 0 0 0 0 0 </measResults>
            </measValue>
            <measValue measObjLdn="min2MSXOMU01_M601F/VPORT:Virtual machine name=min2MSX01_M601F_MSXCDB_VDU1_0, Port name=FABRIC1">
                <measResults>212077 117 357728 198 0 0 0 0 198790 110 362131 201 0 0 0 0 0 0 0 0 </measResults>
            </measValue>
            <measValue measObjLdn="min2MSXOMU01_M601F/VPORT:Virtual machine name=min2MSXIGWB01_M601F_IGWB_VDU1_2, Port name=FABRIC1">
                <measResults>170597 94 231696 128 0 0 0 0 168885 93 224989 124 0 0 0 0 0 0 0 0 </measResults>
            </measValue>
            <measValue measObjLdn="min2MSXOMU01_M601F/VPORT:Virtual machine name=min2MSXIGWB01_M601F_IGWB_VDU1_0, Port name=VNIC1">
                <measResults>286 0 4190 2 0 0 0 0 0 0 0 0 0 0 0 0 0 0 0 0 </measResults>
            </measValue>
            <measValue measObjLdn="min2MSXOMU01_M601F/VPORT:Virtual machine name=min2MSX01_M601F_MSXCCU_VDU1_4, Port name=FABRIC2">
                <measResults>180730 100 306924 170 0 0 0 0 180272 99 286571 159 0 0 0 0 0 0 0 0 </measResults>
            </measValue>
            <measValue measObjLdn="min2MSXOMU01_M601F/VPORT:Virtual machine name=min2MSX01_M601F_MSXBSG_VDU1_3, Port name=BASE2">
                <measResults>169908 94 236619 131 0 0 0 0 175372 96 234250 130 0 0 0 0 0 0 0 0 </measResults>
            </measValue>
            <measValue measObjLdn="min2MSXOMU01_M601F/VPORT:Virtual machine name=min2MSX01_M601F_MSXIFM_VDU1_0, Port name=VNIC2">
                <measResults>13963 7 145440 80 0 0 0 0 13733 7 142596 79 0 0 0 0 0 0 0 0 </measResults>
            </measValue>
            <measValue measObjLdn="min2MSXOMU01_M601F/VPORT:Virtual machine name=min2MSX01_M601F_MSXCCU_VDU1_4, Port name=BASE2">
                <measResults>173920 96 280451 155 0 0 0 0 934214 518 805055 447 0 0 0 0 0 0 0 0 </measResults>
            </measValue>
            <measValue measObjLdn="min2MSXOMU01_M601F/VPORT:Virtual machine name=min2MSXIGWB01_M601F_IGWB_VDU2_0, Port name=FABRIC2">
                <measResults>170040 93 233494 129 0 0 0 0 168551 93 226386 125 0 0 0 0 0 0 0 0 </measResults>
            </measValue>
            <measValue measObjLdn="min2MSXOMU01_M601F/VPORT:Virtual machine name=min2MSX01_M601F_MSXVDB_VDU1_2, Port name=FABRIC2">
                <measResults>177649 98 288101 160 0 0 0 0 177001 97 283028 157 0 0 0 0 0 0 0 0 </measResults>
            </measValue>
            <measValue measObjLdn="min2MSXOMU01_M601F/VPORT:Virtual machine name=min2MSX01_M601F_MSXIFM_VDU1_2, Port name=FABRIC2">
                <measResults>182589 101 319872 177 0 0 0 0 178358 98 312784 173 0 0 0 0 0 0 0 0 </measResults>
            </measValue>
            <measValue measObjLdn="min2MSXOMU01_M601F/VPORT:Virtual machine name=min2MSX01_M601F_MSXCCU_VDU1_1, Port name=FABRIC2">
                <measResults>179732 99 305989 169 0 0 0 0 179283 99 285859 158 0 0 0 0 0 0 0 0 </measResults>
            </measValue>
            <measValue measObjLdn="min2MSXOMU01_M601F/VPORT:Virtual machine name=min2MSX01_M601F_MSXBSG_VDU2_2, Port name=BASE2">
                <measResults>168763 93 232339 129 0 0 0 0 171604 94 229037 127 0 0 0 0 0 0 0 0 </measResults>
            </measValue>
            <measValue measObjLdn="min2MSXOMU01_M601F/VPORT:Virtual machine name=min2MSX01_M601F_MSXBSG_VDU2_1, Port name=FABRIC1">
                <measResults>184152 101 341337 189 0 0 0 0 187121 103 340541 189 0 0 0 0 0 0 0 0 </measResults>
            </measValue>
            <measValue measObjLdn="min2MSXOMU01_M601F/VPORT:Virtual machine name=min2MSX01_M601F_MSXIFM_VDU2_2, Port name=VNIC5">
                <measResults>0 0 0 0 0 0 0 0 0 0 0 0 0 0 0 0 0 0 0 0 </measResults>
            </measValue>
            <measValue measObjLdn="min2MSXOMU01_M601F/VPORT:Virtual machine name=min2MSXIGWB01_M601F_IGWB_VDU1_1, Port name=FABRIC1">
                <measResults>171071 94 234230 130 0 0 0 0 169635 93 226791 125 0 0 0 0 0 0 0 0 </measResults>
            </measValue>
            <measValue measObjLdn="min2MSXOMU01_M601F/VPORT:Virtual machine name=min2MSX01_M601F_MSXCCU_VDU1_5, Port name=BASE2">
                <measResults>173134 95 281495 156 0 0 0 0 934594 518 805443 447 0 0 0 0 0 0 0 0 </measResults>
            </measValue>
            <measValue measObjLdn="min2MSXOMU01_M601F/VPORT:Virtual machine name=min2MSX01_M601F_MSXCCU_VDU2_1, Port name=FABRIC1">
                <measResults>168440 93 215773 119 0 0 0 0 170271 94 208762 115 0 0 0 0 0 0 0 0 </measResults>
            </measValue>
            <measValue measObjLdn="min2MSXOMU01_M601F/VPORT:Virtual machine name=min2MSXOMU01_M601F_OMUBIG_0, Port name=BASE1">
                <measResults>406121 225 1519417 844 0 0 0 0 345284 191 1495224 830 0 0 0 0 0 0 0 0 </measResults>
            </measValue>
            <measValue measObjLdn="min2MSXOMU01_M601F/VPORT:Virtual machine name=min2MSX01_M601F_MSXCCU_VDU1_4, Port name=BASE1">
                <measResults>192678 106 367165 203 0 0 0 0 948376 526 882934 490 0 0 0 0 0 0 0 0 </measResults>
            </measValue>
            <measValue measObjLdn="min2MSXOMU01_M601F/VPORT:Virtual machine name=min2MSX01_M601F_MSXIFM_VDU1_0, Port name=VNIC6">
                <measResults>0 0 0 0 0 0 0 0 0 0 0 0 0 0 0 0 0 0 0 0 </measResults>
            </measValue>
            <measValue measObjLdn="min2MSXOMU01_M601F/VPORT:Virtual machine name=min2MSX01_M601F_MSXCCU_VDU1_9, Port name=BASE1">
                <measResults>187609 103 336649 187 0 0 0 0 936106 519 847304 470 0 0 0 0 0 0 0 0 </measResults>
            </measValue>
            <measValue measObjLdn="min2MSXOMU01_M601F/VPORT:Virtual machine name=min2MSX01_M601F_MSXVDB_VDU2_3, Port name=FABRIC1">
                <measResults>167566 92 214975 119 0 0 0 0 164341 90 208021 115 0 0 0 0 0 0 0 0 </measResults>
            </measValue>
            <measValue measObjLdn="min2MSXOMU01_M601F/VPORT:Virtual machine name=min2MSX01_M601F_MSXBSG_VDU2_3, Port name=BASE1">
                <measResults>184347 102 289680 160 0 0 0 0 179042 98 276139 153 0 0 0 0 0 0 0 0 </measResults>
            </measValue>
            <measValue measObjLdn="min2MSXOMU01_M601F/VPORT:Virtual machine name=min2MSX01_M601F_MSXCCU_VDU2_5, Port name=BASE1">
                <measResults>946996 525 882004 489 0 0 0 0 186121 103 342209 190 0 0 0 0 0 0 0 0 </measResults>
            </measValue>
            <measValue measObjLdn="min2MSXOMU01_M601F/VPORT:Virtual machine name=min2MSX01_M601F_MSXCDB_VDU1_0, Port name=BASE1">
                <measResults>188073 104 307629 170 0 0 0 0 446933 247 577967 321 0 0 0 0 0 0 0 0 </measResults>
            </measValue>
            <measValue measObjLdn="min2MSXOMU01_M601F/VPORT:Virtual machine name=min2MSX01_M601F_MSXCCU_VDU2_3, Port name=BASE1">
                <measResults>942593 523 877625 487 0 0 0 0 184882 102 339777 188 0 0 0 0 0 0 0 0 </measResults>
            </measValue>
            <measValue measObjLdn="min2MSXOMU01_M601F/VPORT:Virtual machine name=min2MSXIGWB01_M601F_IGWB_VDU1_1, Port name=VNIC2">
                <measResults>270 0 4194 2 0 0 0 0 0 0 0 0 0 0 0 0 0 0 0 0 </measResults>
            </measValue>
            <measValue measObjLdn="min2MSXOMU01_M601F/VPORT:Virtual machine name=min2MSX01_M601F_MSXCCU_VDU2_1, Port name=BASE1">
                <measResults>946826 525 881074 489 0 0 0 0 185946 103 340712 189 0 0 0 0 0 0 0 0 </measResults>
            </measValue>
            <measValue measObjLdn="min2MSXOMU01_M601F/VPORT:Virtual machine name=min2MSXIGWB01_M601F_IGWB_VDU1_1, Port name=VNIC1">
                <measResults>275 0 4015 2 0 0 0 0 32 0 780 0 0 0 0 0 0 0 0 0 </measResults>
            </measValue>
            <measValue measObjLdn="min2MSXOMU01_M601F/VPORT:Virtual machine name=min2MSX01_M601F_MSXCCU_VDU1_0, Port name=BASE1">
                <measResults>192760 106 367824 204 0 0 0 0 948766 526 883660 490 0 0 0 0 0 0 0 0 </measResults>
            </measValue>
            <measValue measObjLdn="min2MSXOMU01_M601F/VPORT:Virtual machine name=min2MSXIGWB01_M601F_IGWB_VDU2_1, Port name=VNIC2">
                <measResults>287 0 4194 2 0 0 0 0 0 0 0 0 0 0 0 0 0 0 0 0 </measResults>
            </measValue>
            <measValue measObjLdn="min2MSXOMU01_M601F/VPORT:Virtual machine name=min2MSX01_M601F_MSXCCU_VDU1_3, Port name=FABRIC2">
                <measResults>180731 100 307146 170 0 0 0 0 180306 99 286875 159 0 0 0 0 0 0 0 0 </measResults>
            </measValue>
            <measValue measObjLdn="min2MSXOMU01_M601F/VPORT:Virtual machine name=min2MSX01_M601F_MSXVDB_VDU2_0, Port name=BASE2">
                <measResults>173679 96 254728 141 0 0 0 0 168752 93 239813 133 0 0 0 0 0 0 0 0 </measResults>
            </measValue>
            <measValue measObjLdn="min2MSXOMU01_M601F/VPORT:Virtual machine name=min2MSX01_M601F_MSXIFM_VDU1_1, Port name=FABRIC2">
                <measResults>181772 100 319648 177 0 0 0 0 177729 98 313766 174 0 0 0 0 0 0 0 0 </measResults>
            </measValue>
            <measValue measObjLdn="min2MSXOMU01_M601F/VPORT:Virtual machine name=min2MSX01_M601F_MSXVDB_VDU2_0, Port name=FABRIC2">
                <measResults>168551 93 215975 119 0 0 0 0 165245 91 208970 116 0 0 0 0 0 0 0 0 </measResults>
            </measValue>
            <measValue measObjLdn="min2MSXOMU01_M601F/VPORT:Virtual machine name=min2MSXIGWB01_M601F_IGWB_VDU2_2, Port name=FABRIC1">
                <measResults>169619 93 216947 120 0 0 0 0 166540 92 209511 116 0 0 0 0 0 0 0 0 </measResults>
            </measValue>
            <measValue measObjLdn="min2MSXOMU01_M601F/VPORT:Virtual machine name=min2MSX01_M601F_MSXIFM_VDU2_1, Port name=VNIC1">
                <measResults>434 0 6534 3 0 0 0 0 0 0 0 0 0 0 0 0 0 0 0 0 </measResults>
            </measValue>
            <measValue measObjLdn="min2MSXOMU01_M601F/VPORT:Virtual machine name=min2MSX01_M601F_MSXCCU_VDU2_3, Port name=BASE2">
                <measResults>924366 513 794179 441 0 0 0 0 177284 98 267249 148 0 0 0 0 0 0 0 0 </measResults>
            </measValue>
            <measValue measObjLdn="min2MSXOMU01_M601F/VPORT:Virtual machine name=min2MSX01_M601F_MSXIFM_VDU2_0, Port name=VNIC3">
                <measResults>0 0 0 0 0 0 0 0 0 0 0 0 0 0 0 0 0 0 0 0 </measResults>
            </measValue>
            <measValue measObjLdn="min2MSXOMU01_M601F/VPORT:Virtual machine name=min2MSXIGWB01_M601F_IGWB_VDU1_0, Port name=BASE1">
                <measResults>196234 108 375222 208 0 0 0 0 183176 101 335571 186 0 0 0 0 0 0 0 0 </measResults>
            </measValue>
            <measValue measObjLdn="min2MSXOMU01_M601F/VPORT:Virtual machine name=min2MSX01_M601F_MSXBSG_VDU1_0, Port name=FABRIC2">
                <measResults>182982 101 338300 187 0 0 0 0 186147 102 338185 187 0 0 0 0 0 0 0 0 </measResults>
            </measValue>
            <measValue measObjLdn="min2MSXOMU01_M601F/VPORT:Virtual machine name=min2MSX01_M601F_MSXIFM_VDU2_2, Port name=FABRIC1">
                <measResults>179744 99 301724 167 0 0 0 0 175633 96 295847 164 0 0 0 0 0 0 0 0 </measResults>
            </measValue>
            <measValue measObjLdn="min2MSXOMU01_M601F/VPORT:Virtual machine name=min2MSX01_M601F_MSXIFM_VDU1_2, Port name=VNIC4">
                <measResults>0 0 0 0 0 0 0 0 0 0 0 0 0 0 0 0 0 0 0 0 </measResults>
            </measValue>
            <measValue measObjLdn="min2MSXOMU01_M601F/VPORT:Virtual machine name=min2MSX01_M601F_MSXVDB_VDU1_1, Port name=BASE1">
                <measResults>184567 101 298834 166 0 0 0 0 176611 97 296792 164 0 0 0 0 0 0 0 0 </measResults>
            </measValue>
            <measValue measObjLdn="min2MSXOMU01_M601F/VPORT:Virtual machine name=min2MSX01_M601F_MSXCCU_VDU2_0, Port name=BASE2">
                <measResults>928573 515 796166 442 0 0 0 0 175998 97 265816 147 0 0 0 0 0 0 0 0 </measResults>
            </measValue>
            <measValue measObjLdn="min2MSXOMU01_M601F/VPORT:Virtual machine name=min2MSX01_M601F_MSXIFM_VDU1_1, Port name=VNIC3">
                <measResults>0 0 0 0 0 0 0 0 0 0 0 0 0 0 0 0 0 0 0 0 </measResults>
            </measValue>
            <measValue measObjLdn="min2MSXOMU01_M601F/VPORT:Virtual machine name=min2MSXIGWB01_M601F_IGWB_VDU1_2, Port name=BASE2">
                <measResults>174034 96 283622 157 0 0 0 0 183911 101 307048 170 0 0 0 0 0 0 0 0 </measResults>
            </measValue>
            <measValue measObjLdn="min2MSXOMU01_M601F/VPORT:Virtual machine name=min2MSX01_M601F_MSXIFM_VDU2_1, Port name=FABRIC1">
                <measResults>181055 100 305952 169 0 0 0 0 176907 97 298645 165 0 0 0 0 0 0 0 0 </measResults>
            </measValue>
            <measValue measObjLdn="min2MSXOMU01_M601F/VPORT:Virtual machine name=min2MSX01_M601F_MSXIFM_VDU1_2, Port name=VNIC1">
                <measResults>411 0 6175 3 0 0 0 0 64 0 1561 0 0 0 0 0 0 0 0 0 </measResults>
            </measValue>
            <measValue measObjLdn="min2MSXOMU01_M601F/VPORT:Virtual machine name=min2MSX01_M601F_MSXIFM_VDU2_1, Port name=VNIC3">
                <measResults>0 0 0 0 0 0 0 0 0 0 0 0 0 0 0 0 0 0 0 0 </measResults>
            </measValue>
            <measValue measObjLdn="min2MSXOMU01_M601F/VPORT:Virtual machine name=min2MSX01_M601F_MSXBSG_VDU2_0, Port name=FABRIC1">
                <measResults>184220 102 341675 189 0 0 0 0 188707 104 358847 199 0 0 0 0 0 0 0 0 </measResults>
            </measValue>
            <measValue measObjLdn="min2MSXOMU01_M601F/VPORT:Virtual machine name=min2MSXIGWB01_M601F_IGWB_VDU2_1, Port name=FABRIC2">
                <measResults>168017 92 215894 119 0 0 0 0 166024 91 208859 116 0 0 0 0 0 0 0 0 </measResults>
            </measValue>
            <measValue measObjLdn="min2MSXOMU01_M601F/VPORT:Virtual machine name=min2MSX01_M601F_MSXBSG_VDU2_1, Port name=BASE1">
                <measResults>184367 102 291202 161 0 0 0 0 179049 99 277651 154 0 0 0 0 0 0 0 0 </measResults>
            </measValue>
            <measValue measObjLdn="min2MSXOMU01_M601F/VPORT:Virtual machine name=min2MSXIGWB01_M601F_IGWB_VDU1_0, Port name=FABRIC2">
                <measResults>168977 93 217827 121 0 0 0 0 167435 92 210788 117 0 0 0 0 0 0 0 0 </measResults>
            </measValue>
            <measValue measObjLdn="min2MSXOMU01_M601F/VPORT:Virtual machine name=min2MSX01_M601F_MSXVDB_VDU2_0, Port name=FABRIC1">
                <measResults>168577 93 216453 120 0 0 0 0 165266 91 209450 116 0 0 0 0 0 0 0 0 </measResults>
            </measValue>
            <measValue measObjLdn="min2MSXOMU01_M601F/VPORT:Virtual machine name=min2MSX01_M601F_MSXBSG_VDU1_1, Port name=BASE2">
                <measResults>169902 94 236307 131 0 0 0 0 175406 97 233968 129 0 0 0 0 0 0 0 0 </measResults>
            </measValue>
            <measValue measObjLdn="min2MSXOMU01_M601F/VPORT:Virtual machine name=min2MSX01_M601F_MSXVDB_VDU2_3, Port name=BASE1">
                <measResults>187153 103 309625 172 0 0 0 0 173939 96 284509 158 0 0 0 0 0 0 0 0 </measResults>
            </measValue>
            <measValue measObjLdn="min2MSXOMU01_M601F/VPORT:Virtual machine name=min2MSX01_M601F_MSXCCU_VDU2_2, Port name=BASE2">
                <measResults>928370 515 797640 443 0 0 0 0 176118 97 267553 148 0 0 0 0 0 0 0 0 </measResults>
            </measValue>
            <measValue measObjLdn="min2MSXOMU01_M601F/VPORT:Virtual machine name=min2MSX01_M601F_MSXVDB_VDU1_0, Port name=BASE2">
                <measResults>169976 93 241941 134 0 0 0 0 170505 94 250224 139 0 0 0 0 0 0 0 0 </measResults>
            </measValue>
            <measValue measObjLdn="min2MSXOMU01_M601F/VPORT:Virtual machine name=min2MSX01_M601F_MSXIFM_VDU2_2, Port name=FABRIC2">
                <measResults>179766 99 302395 167 0 0 0 0 175443 96 294892 163 0 0 0 0 0 0 0 0 </measResults>
            </measValue>
            <measValue measObjLdn="min2MSXOMU01_M601F/VPORT:Virtual machine name=min2MSX01_M601F_MSXIFM_VDU1_0, Port name=FABRIC2">
                <measResults>181587 100 318426 176 0 0 0 0 179710 99 339481 188 0 0 0 0 0 0 0 0 </measResults>
            </measValue>
            <measValue measObjLdn="min2MSXOMU01_M601F/VPORT:Virtual machine name=min2MSX01_M601F_MSXCCU_VDU2_6, Port name=FABRIC1">
                <measResults>168449 93 215555 119 0 0 0 0 170348 94 208524 115 0 0 0 0 0 0 0 0 </measResults>
            </measValue>
            <measValue measObjLdn="min2MSXOMU01_M601F/VPORT:Virtual machine name=min2MSX01_M601F_MSXVDB_VDU2_2, Port name=BASE1">
                <measResults>188398 104 313394 174 0 0 0 0 177177 98 288785 160 0 0 0 0 0 0 0 0 </measResults>
            </measValue>
            <measValue measObjLdn="min2MSXOMU01_M601F/VPORT:Virtual machine name=min2MSX01_M601F_MSXCCU_VDU2_4, Port name=FABRIC2">
                <measResults>167474 92 214117 118 0 0 0 0 169321 93 207189 115 0 0 0 0 0 0 0 0 </measResults>
            </measValue>
            <measValue measObjLdn="min2MSXOMU01_M601F/VPORT:Virtual machine name=min2MSX01_M601F_MSXIFM_VDU2_0, Port name=VNIC6">
                <measResults>0 0 0 0 0 0 0 0 0 0 0 0 0 0 0 0 0 0 0 0 </measResults>
            </measValue>
            <measValue measObjLdn="min2MSXOMU01_M601F/VPORT:Virtual machine name=min2MSX01_M601F_MSXCCU_VDU2_1, Port name=BASE2">
                <measResults>928626 515 798401 443 0 0 0 0 178355 98 268983 149 0 0 0 0 0 0 0 0 </measResults>
            </measValue>
            <measValue measObjLdn="min2MSXOMU01_M601F/VPORT:Virtual machine name=min2MSX01_M601F_MSXIFM_VDU2_0, Port name=VNIC5">
                <measResults>0 0 0 0 0 0 0 0 0 0 0 0 0 0 0 0 0 0 0 0 </measResults>
            </measValue>
            <measValue measObjLdn="min2MSXOMU01_M601F/VPORT:Virtual machine name=min2MSX01_M601F_MSXCCU_VDU1_5, Port name=FABRIC2">
                <measResults>179810 99 306630 170 0 0 0 0 179415 99 286483 159 0 0 0 0 0 0 0 0 </measResults>
            </measValue>
            <measValue measObjLdn="min2MSXOMU01_M601F/VPORT:Virtual machine name=min2MSX01_M601F_MSXCCU_VDU1_9, Port name=BASE2">
                <measResults>173280 95 283218 157 0 0 0 0 934405 518 805704 447 0 0 0 0 0 0 0 0 </measResults>
            </measValue>
            <measValue measObjLdn="min2MSXOMU01_M601F/VPORT:Virtual machine name=min2MSX01_M601F_MSXVDB_VDU2_2, Port name=FABRIC1">
                <measResults>168499 93 215352 119 0 0 0 0 165171 91 208355 115 0 0 0 0 0 0 0 0 </measResults>
            </measValue>
            <measValue measObjLdn="min2MSXOMU01_M601F/VPORT:Virtual machine name=min2MSX01_M601F_MSXIFM_VDU2_1, Port name=FABRIC2">
                <measResults>180889 100 303940 168 0 0 0 0 176795 97 297831 165 0 0 0 0 0 0 0 0 </measResults>
            </measValue>
            <measValue measObjLdn="min2MSXOMU01_M601F/VPORT:Virtual machine name=min2MSX01_M601F_MSXVDB_VDU1_3, Port name=BASE1">
                <measResults>185628 102 299865 166 0 0 0 0 177640 98 297798 165 0 0 0 0 0 0 0 0 </measResults>
            </measValue>
            <measValue measObjLdn="min2MSXOMU01_M601F/VPORT:Virtual machine name=min2MSX01_M601F_MSXIFM_VDU2_0, Port name=FABRIC1">
                <measResults>179959 99 303208 168 0 0 0 0 175973 97 297517 165 0 0 0 0 0 0 0 0 </measResults>
            </measValue>
            <measValue measObjLdn="min2MSXOMU01_M601F/VPORT:Virtual machine name=min2MSXIGWB01_M601F_IGWB_VDU1_2, Port name=VNIC2">
                <measResults>270 0 4194 2 0 0 0 0 0 0 0 0 0 0 0 0 0 0 0 0 </measResults>
            </measValue>
            <measValue measObjLdn="min2MSXOMU01_M601F/VPORT:Virtual machine name=min2MSX01_M601F_MSXCDB_VDU2_0, Port name=BASE1">
                <measResults>393869 218 451564 250 0 0 0 0 175790 97 283072 157 0 0 0 0 0 0 0 0 </measResults>
            </measValue>
            <measValue measObjLdn="min2MSXOMU01_M601F/VPORT:Virtual machine name=min2MSX01_M601F_MSXIFM_VDU2_1, Port name=VNIC4">
                <measResults>0 0 0 0 0 0 0 0 0 0 0 0 0 0 0 0 0 0 0 0 </measResults>
            </measValue>
            <measValue measObjLdn="min2MSXOMU01_M601F/VPORT:Virtual machine name=min2MSX01_M601F_MSXBSG_VDU2_1, Port name=BASE2">
                <measResults>169760 94 234729 130 0 0 0 0 174931 96 232068 128 0 0 0 0 0 0 0 0 </measResults>
            </measValue>
            <measValue measObjLdn="min2MSXOMU01_M601F/VPORT:Virtual machine name=min2MSX01_M601F_MSXIFM_VDU2_0, Port name=BASE2">
                <measResults>169191 93 229936 127 0 0 0 0 165708 91 224833 124 0 0 0 0 0 0 0 0 </measResults>
            </measValue>
            <measValue measObjLdn="min2MSXOMU01_M601F/VPORT:Virtual machine name=min2MSX01_M601F_MSXCCU_VDU2_2, Port name=FABRIC2">
                <measResults>168462 93 216408 120 0 0 0 0 170364 94 209421 116 0 0 0 0 0 0 0 0 </measResults>
            </measValue>
            <measValue measObjLdn="min2MSXOMU01_M601F/VPORT:Virtual machine name=min2MSX01_M601F_MSXVDB_VDU1_2, Port name=BASE2">
                <measResults>171010 94 244754 135 0 0 0 0 171579 95 253096 140 0 0 0 0 0 0 0 0 </measResults>
            </measValue>
            <measValue measObjLdn="min2MSXOMU01_M601F/VPORT:Virtual machine name=min2MSX01_M601F_MSXIFM_VDU2_2, Port name=BASE1">
                <measResults>189017 104 326276 181 0 0 0 0 178692 98 307540 170 0 0 0 0 0 0 0 0 </measResults>
            </measValue>
            <measValue measObjLdn="min2MSXOMU01_M601F/VPORT:Virtual machine name=min2MSX01_M601F_MSXIFM_VDU2_2, Port name=VNIC2">
                <measResults>13840 7 144249 80 0 0 0 0 13616 7 140968 78 0 0 0 0 0 0 0 0 </measResults>
            </measValue>
            <measValue measObjLdn="min2MSXOMU01_M601F/VPORT:Virtual machine name=min2MSXIGWB01_M601F_IGWB_VDU1_1, Port name=BASE1">
                <measResults>191227 105 366066 203 0 0 0 0 195531 108 384632 213 0 0 0 0 0 0 0 0 </measResults>
            </measValue>
            <measValue measObjLdn="min2MSXOMU01_M601F/VPORT:Virtual machine name=min2MSX01_M601F_MSXCCU_VDU1_6, Port name=FABRIC2">
                <measResults>179747 99 306377 170 0 0 0 0 179390 99 286189 158 0 0 0 0 0 0 0 0 </measResults>
            </measValue>
            <measValue measObjLdn="min2MSXOMU01_M601F/VPORT:Virtual machine name=min2MSX01_M601F_MSXCCU_VDU1_8, Port name=BASE1">
                <measResults>188671 104 339128 188 0 0 0 0 944577 524 854808 474 0 0 0 0 0 0 0 0 </measResults>
            </measValue>
            <measValue measObjLdn="min2MSXOMU01_M601F/VPORT:Virtual machine name=min2MSXOMU01_M601F_OMUBIG_0, Port name=VNIC1">
                <measResults>1190 0 5260 2 0 0 0 0 1201 0 3241 1 0 0 0 0 0 0 0 0 </measResults>
            </measValue>
            <measValue measObjLdn="min2MSXOMU01_M601F/VPORT:Virtual machine name=min2MSX01_M601F_MSXVDB_VDU2_2, Port name=BASE2">
                <measResults>173701 96 255308 141 0 0 0 0 168736 93 240365 133 0 0 0 0 0 0 0 0 </measResults>
            </measValue>
            <measValue measObjLdn="min2MSXOMU01_M601F/VPORT:Virtual machine name=min2MSX01_M601F_MSXVDB_VDU1_3, Port name=FABRIC2">
                <measResults>177759 98 288101 160 0 0 0 0 177039 98 283156 157 0 0 0 0 0 0 0 0 </measResults>
            </measValue>
            <measValue measObjLdn="min2MSXOMU01_M601F/VPORT:Virtual machine name=min2MSX01_M601F_MSXBSG_VDU1_0, Port name=BASE2">
                <measResults>168886 93 233793 129 0 0 0 0 172030 95 230641 128 0 0 0 0 0 0 0 0 </measResults>
            </measValue>
            <measValue measObjLdn="min2MSXOMU01_M601F/VPORT:Virtual machine name=min2MSX01_M601F_MSXIFM_VDU2_0, Port name=VNIC1">
                <measResults>436 0 6573 3 0 0 0 0 0 0 0 0 0 0 0 0 0 0 0 0 </measResults>
            </measValue>
            <measValue measObjLdn="min2MSXOMU01_M601F/VPORT:Virtual machine name=min2MSX01_M601F_MSXBSG_VDU1_2, Port name=BASE2">
                <measResults>169777 94 234185 130 0 0 0 0 172968 95 231044 128 0 0 0 0 0 0 0 0 </measResults>
            </measValue>
            <measValue measObjLdn="min2MSXOMU01_M601F/VPORT:Virtual machine name=min2MSX01_M601F_MSXBSG_VDU1_2, Port name=BASE1">
                <measResults>184399 102 291163 161 0 0 0 0 181252 100 278215 154 0 0 0 0 0 0 0 0 </measResults>
            </measValue>
            <measValue measObjLdn="min2MSXOMU01_M601F/VPORT:Virtual machine name=min2MSX01_M601F_MSXCCU_VDU2_7, Port name=BASE2">
                <measResults>928803 515 798980 443 0 0 0 0 178385 98 269259 149 0 0 0 0 0 0 0 0 </measResults>
            </measValue>
            <measValue measObjLdn="min2MSXOMU01_M601F/VPORT:Virtual machine name=min2MSXOMU01_M601F_OMUBIG_1, Port name=BASE2">
                <measResults>181322 100 257248 142 0 0 0 0 178578 98 251046 139 0 0 0 0 0 0 0 0 </measResults>
            </measValue>
            <measValue measObjLdn="min2MSXOMU01_M601F/VPORT:Virtual machine name=min2MSX01_M601F_MSXBSG_VDU2_0, Port name=BASE1">
                <measResults>240384 133 458664 254 0 0 0 0 366839 203 527880 293 0 0 0 0 0 0 0 0 </measResults>
            </measValue>
            <measValue measObjLdn="min2MSXOMU01_M601F/VPORT:Virtual machine name=min2MSX01_M601F_MSXCCU_VDU1_7, Port name=BASE1">
                <measResults>192580 106 365280 202 0 0 0 0 944504 524 879797 488 0 0 0 0 0 0 0 0 </measResults>
            </measValue>
            <measValue measObjLdn="min2MSXOMU01_M601F/VPORT:Virtual machine name=min2MSX01_M601F_MSXIFM_VDU2_2, Port name=VNIC6">
                <measResults>0 0 0 0 0 0 0 0 0 0 0 0 0 0 0 0 0 0 0 0 </measResults>
            </measValue>
            <measValue measObjLdn="min2MSXOMU01_M601F/VPORT:Virtual machine name=min2MSX01_M601F_MSXVDB_VDU1_1, Port name=FABRIC1">
                <measResults>176711 97 286788 159 0 0 0 0 175950 97 281829 156 0 0 0 0 0 0 0 0 </measResults>
            </measValue>
            <measValue measObjLdn="min2MSXOMU01_M601F/VPORT:Virtual machine name=min2MSX01_M601F_MSXCCU_VDU1_7, Port name=FABRIC2">
                <measResults>180825 100 307684 170 0 0 0 0 180391 99 287412 159 0 0 0 0 0 0 0 0 </measResults>
            </measValue>
            <measValue measObjLdn="min2MSXOMU01_M601F/VPORT:Virtual machine name=min2MSXIGWB01_M601F_IGWB_VDU1_0, Port name=FABRIC1">
                <measResults>169483 93 215863 119 0 0 0 0 167355 92 208518 115 0 0 0 0 0 0 0 0 </measResults>
            </measValue>
            <measValue measObjLdn="min2MSXOMU01_M601F/VPORT:Virtual machine name=min2MSX01_M601F_MSXCCU_VDU1_0, Port name=BASE2">
                <measResults>173973 96 280843 156 0 0 0 0 934669 518 805743 447 0 0 0 0 0 0 0 0 </measResults>
            </measValue>
            <measValue measObjLdn="min2MSXOMU01_M601F/VPORT:Virtual machine name=min2MSX01_M601F_MSXCCU_VDU2_8, Port name=FABRIC2">
                <measResults>168439 93 216060 120 0 0 0 0 170355 94 209067 116 0 0 0 0 0 0 0 0 </measResults>
            </measValue>
            <measValue measObjLdn="min2MSXOMU01_M601F/VPORT:Virtual machine name=min2MSX01_M601F_MSXVDB_VDU1_2, Port name=FABRIC1">
                <measResults>177593 98 287063 159 0 0 0 0 176968 97 282120 156 0 0 0 0 0 0 0 0 </measResults>
            </measValue>
            <measValue measObjLdn="min2MSXOMU01_M601F/VPORT:Virtual machine name=min2MSX01_M601F_MSXBSG_VDU1_3, Port name=FABRIC1">
                <measResults>183626 101 337077 187 0 0 0 0 186892 103 336929 187 0 0 0 0 0 0 0 0 </measResults>
            </measValue>
            <measValue measObjLdn="min2MSXOMU01_M601F/VPORT:Virtual machine name=min2MSX01_M601F_MSXIFM_VDU2_0, Port name=VNIC4">
                <measResults>0 0 0 0 0 0 0 0 0 0 0 0 0 0 0 0 0 0 0 0 </measResults>
            </measValue>
            <measValue measObjLdn="min2MSXOMU01_M601F/VPORT:Virtual machine name=min2MSX01_M601F_MSXIFM_VDU1_0, Port name=VNIC5">
                <measResults>0 0 0 0 0 0 0 0 0 0 0 0 0 0 0 0 0 0 0 0 </measResults>
            </measValue>
            <measValue measObjLdn="min2MSXOMU01_M601F/VPORT:Virtual machine name=min2MSX01_M601F_MSXVDB_VDU1_2, Port name=BASE1">
                <measResults>185636 102 301414 167 0 0 0 0 180002 99 300064 166 0 0 0 0 0 0 0 0 </measResults>
            </measValue>
            <measValue measObjLdn="min2MSXOMU01_M601F/VPORT:Virtual machine name=min2MSX01_M601F_MSXVDB_VDU1_0, Port name=BASE1">
                <measResults>184600 102 299768 166 0 0 0 0 178951 98 298397 165 0 0 0 0 0 0 0 0 </measResults>
            </measValue>
            <measValue measObjLdn="min2MSXOMU01_M601F/VPORT:Virtual machine name=min2MSX01_M601F_MSXCCU_VDU1_4, Port name=FABRIC1">
                <measResults>180785 100 307876 171 0 0 0 0 180324 99 287593 159 0 0 0 0 0 0 0 0 </measResults>
            </measValue>
            <measValue measObjLdn="min2MSXOMU01_M601F/VPORT:Virtual machine name=min2MSXOMU01_M601F_OMUBIG_1, Port name=BASE1">
                <measResults>281178 155 430622 239 0 0 0 0 201758 111 384975 213 0 0 0 0 0 0 0 0 </measResults>
            </measValue>
            <measValue measObjLdn="min2MSXOMU01_M601F/VPORT:Virtual machine name=min2MSXIGWB01_M601F_IGWB_VDU2_1, Port name=BASE1">
                <measResults>192773 106 356617 198 0 0 0 0 180848 99 325089 180 0 0 0 0 0 0 0 0 </measResults>
            </measValue>
            <measValue measObjLdn="min2MSXOMU01_M601F/VPORT:Virtual machine name=min2MSX01_M601F_MSXCCU_VDU2_6, Port name=BASE1">
                <measResults>947163 525 882471 490 0 0 0 0 188323 104 342308 190 0 0 0 0 0 0 0 0 </measResults>
            </measValue>
            <measValue measObjLdn="min2MSXOMU01_M601F/VPORT:Virtual machine name=min2MSX01_M601F_MSXBSG_VDU2_3, Port name=FABRIC1">
                <measResults>187006 103 366808 203 0 0 0 0 195764 108 396022 220 0 0 0 0 0 0 0 0 </measResults>
            </measValue>
            <measValue measObjLdn="min2MSXOMU01_M601F/VPORT:Virtual machine name=min2MSX01_M601F_MSXIFM_VDU1_2, Port name=VNIC6">
                <measResults>0 0 0 0 0 0 0 0 0 0 0 0 0 0 0 0 0 0 0 0 </measResults>
            </measValue>
            <measValue measObjLdn="min2MSXOMU01_M601F/VPORT:Virtual machine name=min2MSX01_M601F_MSXCCU_VDU2_4, Port name=BASE1">
                <measResults>942555 523 878227 487 0 0 0 0 187250 103 341082 189 0 0 0 0 0 0 0 0 </measResults>
            </measValue>
            <measValue measObjLdn="min2MSXOMU01_M601F/VPORT:Virtual machine name=min2MSX01_M601F_MSXCCU_VDU1_6, Port name=BASE1">
                <measResults>191542 105 364953 202 0 0 0 0 944119 524 878834 488 0 0 0 0 0 0 0 0 </measResults>
            </measValue>
            <measValue measObjLdn="min2MSXOMU01_M601F/VPORT:Virtual machine name=min2MSX01_M601F_MSXCCU_VDU2_9, Port name=BASE1">
                <measResults>942586 523 876823 487 0 0 0 0 185071 102 340105 188 0 0 0 0 0 0 0 0 </measResults>
            </measValue>
            <measValue measObjLdn="min2MSXOMU01_M601F/VPORT:Virtual machine name=min2MSX01_M601F_MSXCCU_VDU1_1, Port name=BASE1">
                <measResults>191430 105 363217 201 0 0 0 0 939583 521 875091 486 0 0 0 0 0 0 0 0 </measResults>
            </measValue>
            <measValue measObjLdn="min2MSXOMU01_M601F/VPORT:Virtual machine name=min2MSX01_M601F_MSXCCU_VDU2_8, Port name=BASE2">
                <measResults>928594 515 797070 442 0 0 0 0 176087 97 266759 148 0 0 0 0 0 0 0 0 </measResults>
            </measValue>
            <measValue measObjLdn="min2MSXOMU01_M601F/VPORT:Virtual machine name=min2MSXIGWB01_M601F_IGWB_VDU2_2, Port name=FABRIC2">
                <measResults>168965 93 216563 120 0 0 0 0 166526 92 209455 116 0 0 0 0 0 0 0 0 </measResults>
            </measValue>
            <measValue measObjLdn="min2MSXOMU01_M601F/VPORT:Virtual machine name=min2MSX01_M601F_MSXIFM_VDU1_2, Port name=VNIC2">
                <measResults>13845 7 144177 80 0 0 0 0 13601 7 140863 78 0 0 0 0 0 0 0 0 </measResults>
            </measValue>
            <measValue measObjLdn="min2MSXOMU01_M601F/VPORT:Virtual machine name=min2MSXIGWB01_M601F_IGWB_VDU1_2, Port name=BASE1">
                <measResults>190775 105 359412 199 0 0 0 0 187889 103 376907 209 0 0 0 0 0 0 0 0 </measResults>
            </measValue>
            <measValue measObjLdn="min2MSXOMU01_M601F/VPORT:Virtual machine name=min2MSX01_M601F_MSXBSG_VDU2_0, Port name=FABRIC2">
                <measResults>184211 102 341402 189 0 0 0 0 188722 104 358653 199 0 0 0 0 0 0 0 0 </measResults>
            </measValue>
            <measValue measObjLdn="min2MSXOMU01_M601F/VPORT:Virtual machine name=min2MSX01_M601F_MSXCCU_VDU2_4, Port name=BASE2">
                <measResults>924081 512 792901 440 0 0 0 0 175053 96 265178 147 0 0 0 0 0 0 0 0 </measResults>
            </measValue>
            <measValue measObjLdn="min2MSXOMU01_M601F/VPORT:Virtual machine name=min2MSX01_M601F_MSXBSG_VDU2_1, Port name=FABRIC2">
                <measResults>184141 101 341266 189 0 0 0 0 187143 103 340884 189 0 0 0 0 0 0 0 0 </measResults>
            </measValue>
            <measValue measObjLdn="min2MSXOMU01_M601F/VPORT:Virtual machine name=min2MSX01_M601F_MSXCCU_VDU1_8, Port name=FABRIC2">
                <measResults>180759 100 307580 170 0 0 0 0 180309 99 287292 159 0 0 0 0 0 0 0 0 </measResults>
            </measValue>
        </measInfo>
        <measInfo measInfoId="1056974611">
            <granPeriod duration="PT1800S" endTime="2021-08-11T23:30:00+08:00"/>
            <repPeriod duration="PT1800S"/>
            <measTypes>1056974758 1056974759 1056974760 1056974761 1056974762 1056974763 1056974764 1056974765 1056974766 1056974767 1056974768 1056974769 1056974770 1056974771 1056974772 1056974773 1056974774 1056974775 1056974776 1056974777 1056974778 1056974779 1056974780 1056974781 1056974782 1056974783 1056974784 1056974785 1056974786 1056974787 1056974788 1056974789 1056974790 1056974791 1056974792 1056974793 1056974794 1056974795 1056974796 1056974797 1056974798 1056974799 1056974800 1056974801 1056974802 1056974803 1056974804 1056974805 1056974806 1056974807 1056974808 1056974809 1056974810 1056974811 1056974812 1056974813 1056974814 1056974815 1056974816 1056974817 1056974818 1056974819 1056974820 1056974821 1056974822 1056974823 </measTypes>
            <measValue measObjLdn="min2MSXOMU01_M601F/IP:IP index=13, MEID=50, Module=1818,IP=10.86.101.101">
                <measResults>0 0 0 0 0 0 0 0 0 0 0 0 0 0 0 0 0 0 0 0 0 0 0 0 0 0 0 0 0 0 0 0 0 0 0 0 0 0 0 0 0 0 0 0 0 0 0 0 0 0 0 0 0 0 0 0 0 0 0 0 0 0 0 0 0 0 </measResults>
            </measValue>
            <measValue measObjLdn="min2MSXOMU01_M601F/IP:IP index=0, MEID=5, Module=1,IP=10.86.101.36">
                <measResults>140522 0 0 140522 0 0 0 0 0 0 0 0 140915 0 0 140915 0 0 0 0 0 0 0 0 85 85 1452 1452 78 78 6656 6645 105 106 0 0 0 0 128267 128662 0 0 0 0 0 0 9898 9899 0 0 0 0 0 0 0 0 0 0 2357 2357 0 0 0 0 0 0 </measResults>
            </measValue>
            <measValue measObjLdn="min2MSXOMU01_M601F/IP:IP index=11, MEID=5, Module=9,IP=10.86.101.9">
                <measResults>0 0 0 0 0 0 0 0 0 0 0 0 0 0 0 0 0 0 0 0 0 0 0 0 0 0 0 0 0 0 0 0 0 0 0 0 0 0 0 0 0 0 0 0 0 0 0 0 0 0 0 0 0 0 0 0 0 0 0 0 0 0 0 0 0 0 </measResults>
            </measValue>
            <measValue measObjLdn="min2MSXOMU01_M601F/IP:IP index=8, MEID=5, Module=6,IP=10.86.101.6">
                <measResults>0 0 0 0 0 0 0 0 0 0 0 0 0 0 0 0 0 0 0 0 0 0 0 0 0 0 0 0 0 0 0 0 0 0 0 0 0 0 0 0 0 0 0 0 0 0 0 0 0 0 0 0 0 0 0 0 0 0 0 0 0 0 0 0 0 0 </measResults>
            </measValue>
            <measValue measObjLdn="min2MSXOMU01_M601F/IP:IP index=1, MEID=5, Module=4,IP=10.86.101.37">
                <measResults>142911 0 0 142911 0 0 0 0 0 0 0 0 142799 0 0 142799 0 0 0 0 0 0 0 0 85 85 1452 1452 79 79 6754 6715 84 84 0 0 0 0 130662 130544 0 0 0 0 0 0 9891 9896 0 0 0 0 0 0 0 0 0 0 2358 2358 0 0 0 0 0 0 </measResults>
            </measValue>
            <measValue measObjLdn="min2MSXOMU01_M601F/IP:IP index=6, MEID=5, Module=3,IP=10.86.101.4">
                <measResults>3647 47 3600 0 0 0 0 0 0 0 0 0 5447 47 5400 0 0 0 0 0 0 0 0 0 47 45 52 54 2 3 95 135 2 4 0 0 0 0 0 0 0 0 3600 5400 0 0 0 0 0 0 0 0 0 0 0 0 0 0 0 0 47 0 0 0 0 0 </measResults>
            </measValue>
            <measValue measObjLdn="min2MSXOMU01_M601F/IP:IP index=9, MEID=5, Module=6,IP=10.86.101.7">
                <measResults>0 0 0 0 0 0 0 0 0 0 0 0 0 0 0 0 0 0 0 0 0 0 0 0 0 0 0 0 0 0 0 0 0 0 0 0 0 0 0 0 0 0 0 0 0 0 0 0 0 0 0 0 0 0 0 0 0 0 0 0 0 0 0 0 0 0 </measResults>
            </measValue>
            <measValue measObjLdn="min2MSXOMU01_M601F/IP:IP index=4, MEID=5, Module=5,IP=10.86.101.53">
                <measResults>142922 0 0 142922 0 0 0 0 0 0 0 0 142797 0 0 142797 0 0 0 0 0 0 0 0 85 84 1452 1452 79 79 6752 6712 167 168 0 0 0 0 130671 130540 0 0 0 0 0 0 9892 9898 0 0 0 0 0 0 0 0 0 0 2359 2360 0 0 0 0 0 0 </measResults>
            </measValue>
            <measValue measObjLdn="min2MSXOMU01_M601F/IP:IP index=10, MEID=5, Module=9,IP=10.86.101.8">
                <measResults>0 0 0 0 0 0 0 0 0 0 0 0 0 0 0 0 0 0 0 0 0 0 0 0 0 0 0 0 0 0 0 0 0 0 0 0 0 0 0 0 0 0 0 0 0 0 0 0 0 0 0 0 0 0 0 0 0 0 0 0 0 0 0 0 0 0 </measResults>
            </measValue>
            <measValue measObjLdn="min2MSXOMU01_M601F/IP:IP index=5, MEID=5, Module=8,IP=10.86.101.54">
                <measResults>138311 0 0 138311 0 0 0 0 0 0 0 0 138255 0 0 138255 0 0 0 0 0 0 0 0 85 85 1452 1452 76 76 6566 6536 104 104 0 0 0 0 129356 129287 0 0 0 0 0 0 6598 6608 0 0 0 0 0 0 0 0 0 0 2357 2357 0 0 0 0 0 0 </measResults>
            </measValue>
            <measValue measObjLdn="min2MSXOMU01_M601F/IP:IP index=3, MEID=5, Module=2,IP=10.86.101.52">
                <measResults>142879 0 0 142879 0 0 0 0 0 0 0 0 142694 0 0 142694 0 0 0 0 0 0 0 0 85 85 1452 1452 79 79 6751 6710 106 108 0 0 0 0 130626 130438 0 0 0 0 0 0 9895 9893 0 0 0 0 0 0 0 0 0 0 2358 2360 0 0 0 0 0 0 </measResults>
            </measValue>
            <measValue measObjLdn="min2MSXOMU01_M601F/IP:IP index=7, MEID=5, Module=3,IP=10.86.101.5">
                <measResults>0 0 0 0 0 0 0 0 0 0 0 0 0 0 0 0 0 0 0 0 0 0 0 0 0 0 0 0 0 0 0 0 0 0 0 0 0 0 0 0 0 0 0 0 0 0 0 0 0 0 0 0 0 0 0 0 0 0 0 0 0 0 0 0 0 0 </measResults>
            </measValue>
            <measValue measObjLdn="min2MSXOMU01_M601F/IP:IP index=2, MEID=5, Module=7,IP=10.86.101.38">
                <measResults>138248 0 0 138248 0 0 0 0 0 0 0 0 138159 0 0 138159 0 0 0 0 0 0 0 0 85 85 1452 1452 76 76 6563 6532 103 103 0 0 0 0 129301 129209 0 0 0 0 0 0 6588 6588 0 0 0 0 0 0 0 0 0 0 2359 2358 0 0 0 0 0 0 </measResults>
            </measValue>
            <measValue measObjLdn="min2MSXOMU01_M601F/IP:IP index=12, MEID=50, Module=1808,IP=10.86.101.100">
                <measResults>0 0 0 0 0 0 0 0 0 0 0 0 0 0 0 0 0 0 0 0 0 0 0 0 0 0 0 0 0 0 0 0 0 0 0 0 0 0 0 0 0 0 0 0 0 0 0 0 0 0 0 0 0 0 0 0 0 0 0 0 0 0 0 0 0 0 </measResults>
            </measValue>
            <measValue measObjLdn="min2MSXOMU01_M601F/IP:IP index=14, MEID=50, Module=1828,IP=10.86.101.102">
                <measResults>0 0 0 0 0 0 0 0 0 0 0 0 0 0 0 0 0 0 0 0 0 0 0 0 0 0 0 0 0 0 0 0 0 0 0 0 0 0 0 0 0 0 0 0 0 0 0 0 0 0 0 0 0 0 0 0 0 0 0 0 0 0 0 0 0 0 </measResults>
            </measValue>
        </measInfo>
        <measInfo measInfoId="1057000003">
            <granPeriod duration="PT1800S" endTime="2021-08-11T23:30:00+08:00"/>
            <repPeriod duration="PT1800S"/>
            <measTypes>1057000230 1057000231 1057000232 1057000233 1057000234 1057000235 1057000236 1057000237 1057000238 1057000239 1057000240 </measTypes>
            <measValue measObjLdn="min2MSXOMU01_M601F/VM:Virtual machine name=min2MSX01_M601F_MSXCCU_VDU1_3">
                <measResults>17 5956 4898 2.117 0 15.932 0 0.602 0.602 0.037 0 </measResults>
            </measValue>
            <measValue measObjLdn="min2MSXOMU01_M601F/VM:Virtual machine name=min2MSX01_M601F_MSXIFM_VDU2_1">
                <measResults>19 3944 3169 2.183 0 18.795 0 0.67 0.625 0.042 0 </measResults>
            </measValue>
            <measValue measObjLdn="min2MSXOMU01_M601F/VM:Virtual machine name=min2MSX01_M601F_MSXVDB_VDU2_1">
                <measResults>26 3944 2916 2.717 0 18.333 0 0.628 0.625 0.04 0 </measResults>
            </measValue>
            <measValue measObjLdn="min2MSXOMU01_M601F/VM:Virtual machine name=min2MSX01_M601F_MSXCCU_VDU1_2">
                <measResults>17 5956 4899 2.483 0 19.6 0 0.702 0.68 0.048 0 </measResults>
            </measValue>
            <measValue measObjLdn="min2MSXOMU01_M601F/VM:Virtual machine name=min2MSX01_M601F_MSXCCU_VDU1_7">
                <measResults>17 5956 4901 2.1 0 16.132 0 0.682 0.635 0.04 0 </measResults>
            </measValue>
            <measValue measObjLdn="min2MSXOMU01_M601F/VM:Virtual machine name=min2MSX01_M601F_MSXIFM_VDU1_0">
                <measResults>19 3944 3173 2.467 0 20.598 0 0.947 0.923 0.06 0 </measResults>
            </measValue>
            <measValue measObjLdn="min2MSXOMU01_M601F/VM:Virtual machine name=min2MSX01_M601F_MSXCCU_VDU2_7">
                <measResults>17 5956 4899 2.517 0 18.267 0 0.597 0.597 0.04 0 </measResults>
            </measValue>
            <measValue measObjLdn="min2MSXOMU01_M601F/VM:Virtual machine name=min2MSX01_M601F_MSXCCU_VDU2_9">
                <measResults>17 5956 4899 2 0 15 0 0.632 0.562 0.037 0 </measResults>
            </measValue>
            <measValue measObjLdn="min2MSXOMU01_M601F/VM:Virtual machine name=min2MSX01_M601F_MSXCCU_VDU2_4">
                <measResults>17 5956 4901 2.183 0 17.933 0 0.65 0.608 0.04 0 </measResults>
            </measValue>
            <measValue measObjLdn="min2MSXOMU01_M601F/VM:Virtual machine name=min2MSX01_M601F_MSXBSG_VDU1_1">
                <measResults>20 3944 3140 2.017 0 18.2 0 0.68 0.637 0.043 0 </measResults>
            </measValue>
            <measValue measObjLdn="min2MSXOMU01_M601F/VM:Virtual machine name=min2MSX01_M601F_MSXCCU_VDU1_8">
                <measResults>17 5956 4898 2.3 0 18.8 0 0.585 0.525 0.035 0 </measResults>
            </measValue>
            <measValue measObjLdn="min2MSXOMU01_M601F/VM:Virtual machine name=min2MSX01_M601F_MSXVDB_VDU1_3">
                <measResults>26 3944 2915 2.217 0 18.463 0 0.648 0.603 0.04 0 </measResults>
            </measValue>
            <measValue measObjLdn="min2MSXOMU01_M601F/VM:Virtual machine name=min2MSX01_M601F_MSXVDB_VDU2_2">
                <measResults>26 3944 2915 2.3 0 15.398 0 0.585 0.585 0.038 0 </measResults>
            </measValue>
            <measValue measObjLdn="min2MSXOMU01_M601F/VM:Virtual machine name=min2MSX01_M601F_MSXVDB_VDU1_1">
                <measResults>26 3944 2915 2.333 0 17.732 0 0.597 0.58 0.04 0 </measResults>
            </measValue>
            <measValue measObjLdn="min2MSXOMU01_M601F/VM:Virtual machine name=min2MSX01_M601F_MSXCDB_VDU2_0">
                <measResults>22 3944 3055 2.467 0 21.063 0 0.637 0.573 0.038 0 </measResults>
            </measValue>
            <measValue measObjLdn="min2MSXOMU01_M601F/VM:Virtual machine name=min2MSX01_M601F_MSXBSG_VDU2_2">
                <measResults>20 3944 3142 2.183 0 18.333 0 0.637 0.62 0.04 0 </measResults>
            </measValue>
            <measValue measObjLdn="min2MSXOMU01_M601F/VM:Virtual machine name=min2MSX01_M601F_MSXCCU_VDU2_5">
                <measResults>17 5956 4901 2.033 0 15.6 0 0.617 0.603 0.04 0 </measResults>
            </measValue>
            <measValue measObjLdn="min2MSXOMU01_M601F/VM:Virtual machine name=min2MSX01_M601F_MSXIFM_VDU1_2">
                <measResults>19 3944 3171 2.25 0 18.133 0 0.658 0.653 0.043 0 </measResults>
            </measValue>
            <measValue measObjLdn="min2MSXOMU01_M601F/VM:Virtual machine name=min2MSX01_M601F_MSXCCU_VDU1_4">
                <measResults>17 5956 4898 2.417 0 18.4 0 0.72 0.72 0.045 0 </measResults>
            </measValue>
            <measValue measObjLdn="min2MSXOMU01_M601F/VM:Virtual machine name=min2MSX01_M601F_MSXVDB_VDU2_3">
                <measResults>26 3944 2916 2.217 0 16.2 0 0.523 0.505 0.04 0 </measResults>
            </measValue>
            <measValue measObjLdn="min2MSXOMU01_M601F/VM:Virtual machine name=min2MSX01_M601F_MSXIFM_VDU1_1">
                <measResults>19 3944 3172 2.15 0 16.665 0 0.648 0.625 0.043 0 </measResults>
            </measValue>
            <measValue measObjLdn="min2MSXOMU01_M601F/VM:Virtual machine name=min2MSX01_M601F_MSXBSG_VDU2_0">
                <measResults>20 3944 3142 2.2 0 15.533 0 0.6 0.6 0.038 0 </measResults>
            </measValue>
            <measValue measObjLdn="min2MSXOMU01_M601F/VM:Virtual machine name=min2MSX01_M601F_MSXBSG_VDU1_0">
                <measResults>20 3944 3138 2.417 0 18.933 0 0.61 0.592 0.038 0 </measResults>
            </measValue>
            <measValue measObjLdn="min2MSXOMU01_M601F/VM:Virtual machine name=min2MSX01_M601F_MSXVDB_VDU1_2">
                <measResults>26 3944 2914 2.3 0 17.598 0 0.725 0.708 0.043 0 </measResults>
            </measValue>
            <measValue measObjLdn="min2MSXOMU01_M601F/VM:Virtual machine name=min2MSX01_M601F_MSXCCU_VDU1_9">
                <measResults>17 5956 4900 2.35 0 19.733 0 0.632 0.568 0.043 0 </measResults>
            </measValue>
            <measValue measObjLdn="min2MSXOMU01_M601F/VM:Virtual machine name=min2MSX01_M601F_MSXBSG_VDU2_3">
                <measResults>20 3944 3139 2.367 0 17.46 0 0.608 0.585 0.037 0 </measResults>
            </measValue>
            <measValue measObjLdn="min2MSXOMU01_M601F/VM:Virtual machine name=min2MSX01_M601F_MSXBSG_VDU2_1">
                <measResults>20 3944 3140 2.217 0 19.663 0 0.535 0.5 0.035 0 </measResults>
            </measValue>
            <measValue measObjLdn="min2MSXOMU01_M601F/VM:Virtual machine name=min2MSX01_M601F_MSXBSG_VDU1_3">
                <measResults>20 3944 3140 2.033 0 14.397 0 0.523 0.452 0.038 0 </measResults>
            </measValue>
            <measValue measObjLdn="min2MSXOMU01_M601F/VM:Virtual machine name=min2MSX01_M601F_MSXCCU_VDU2_6">
                <measResults>17 5956 4900 2.35 0 19 0 0.658 0.63 0.038 0 </measResults>
            </measValue>
            <measValue measObjLdn="min2MSXOMU01_M601F/VM:Virtual machine name=min2MSX01_M601F_MSXCCU_VDU2_3">
                <measResults>17 5956 4900 2.383 0 19.73 0 0.683 0.568 0.037 0 </measResults>
            </measValue>
            <measValue measObjLdn="min2MSXOMU01_M601F/VM:Virtual machine name=min2MSX01_M601F_MSXCCU_VDU2_2">
                <measResults>17 5956 4900 2.117 0 14.667 0 0.51 0.51 0.033 0 </measResults>
            </measValue>
            <measValue measObjLdn="min2MSXOMU01_M601F/VM:Virtual machine name=min2MSX01_M601F_MSXIFM_VDU2_2">
                <measResults>19 3944 3173 2.4 0 19.667 0 0.67 0.637 0.048 0 </measResults>
            </measValue>
            <measValue measObjLdn="min2MSXOMU01_M601F/VM:Virtual machine name=min2MSXIGWB01_M601F_IGWB_VDU1_1">
                <measResults>5 297981 280150 7.833 0.483 51.9 3.733 0.873 0.598 0.292 0.002 </measResults>
            </measValue>
            <measValue measObjLdn="min2MSXOMU01_M601F/VM:Virtual machine name=min2MSXIGWB01_M601F_IGWB_VDU2_1">
                <measResults>11 40015 35509 6.2 0 37.567 0 0.487 0.363 0.103 0 </measResults>
            </measValue>
            <measValue measObjLdn="min2MSXOMU01_M601F/VM:Virtual machine name=min2MSX01_M601F_MSXCDB_VDU1_0">
                <measResults>22 3944 3053 2.233 0 17.867 0 0.643 0.602 0.038 0 </measResults>
            </measValue>
            <measValue measObjLdn="min2MSXOMU01_M601F/VM:Virtual machine name=min2MSXOMU01_M601F_OMUBIG_0">
                <measResults>38 204405 125879 17.078 0.15 135.187 1 0.99 0.247 0.105 0.017 </measResults>
            </measValue>
            <measValue measObjLdn="min2MSXOMU01_M601F/VM:Virtual machine name=min2MSX01_M601F_MSXIFM_VDU2_0">
                <measResults>19 3944 3172 1.95 0 19.133 0 0.657 0.64 0.043 0 </measResults>
            </measValue>
            <measValue measObjLdn="min2MSXOMU01_M601F/VM:Virtual machine name=min2MSXOMU01_M601F_OMUBIG_1">
                <measResults>37 204405 127017 8.4 0.883 59.167 35.533 0.617 0.32 0.138 0.002 </measResults>
            </measValue>
            <measValue measObjLdn="min2MSXOMU01_M601F/VM:Virtual machine name=min2MSX01_M601F_MSXVDB_VDU1_0">
                <measResults>26 3944 2917 2.55 0 17.465 0 0.583 0.533 0.037 0 </measResults>
            </measValue>
            <measValue measObjLdn="min2MSXOMU01_M601F/VM:Virtual machine name=min2MSX01_M601F_MSXCCU_VDU1_0">
                <measResults>17 5956 4900 2.35 0 19.732 0 0.693 0.58 0.038 0 </measResults>
            </measValue>
            <measValue measObjLdn="min2MSXOMU01_M601F/VM:Virtual machine name=min2MSX01_M601F_MSXCCU_VDU2_1">
                <measResults>17 5956 4901 1.967 0 15.93 0 0.608 0.608 0.038 0 </measResults>
            </measValue>
            <measValue measObjLdn="min2MSXOMU01_M601F/VM:Virtual machine name=min2MSX01_M601F_MSXVDB_VDU2_0">
                <measResults>26 3944 2916 2.117 0 15.133 0 0.697 0.692 0.047 0 </measResults>
            </measValue>
            <measValue measObjLdn="min2MSXOMU01_M601F/VM:Virtual machine name=min2MSXIGWB01_M601F_IGWB_VDU2_0">
                <measResults>6 297981 280092 6.183 0 33.533 0 0.4 0.318 0.09 0 </measResults>
            </measValue>
            <measValue measObjLdn="min2MSXOMU01_M601F/VM:Virtual machine name=min2MSX01_M601F_MSXCCU_VDU2_0">
                <measResults>17 5956 4898 2.25 0 14.662 0 0.625 0.625 0.038 0 </measResults>
            </measValue>
            <measValue measObjLdn="min2MSXOMU01_M601F/VM:Virtual machine name=min2MSX01_M601F_MSXCCU_VDU1_1">
                <measResults>17 5956 4900 2 0 16.13 0 0.552 0.54 0.037 0 </measResults>
            </measValue>
            <measValue measObjLdn="min2MSXOMU01_M601F/VM:Virtual machine name=min2MSXIGWB01_M601F_IGWB_VDU1_0">
                <measResults>11 40015 35431 7.017 0 46.15 0 0.438 0.335 0.123 0 </measResults>
            </measValue>
            <measValue measObjLdn="min2MSXOMU01_M601F/VM:Virtual machine name=min2MSXIGWB01_M601F_IGWB_VDU1_2">
                <measResults>5 297981 280262 5.967 0 42.317 0 0.43 0.328 0.1 0 </measResults>
            </measValue>
            <measValue measObjLdn="min2MSXOMU01_M601F/VM:Virtual machine name=min2MSX01_M601F_MSXCCU_VDU1_5">
                <measResults>17 5956 4899 2.333 0 17.93 0 0.64 0.59 0.038 0 </measResults>
            </measValue>
            <measValue measObjLdn="min2MSXOMU01_M601F/VM:Virtual machine name=min2MSX01_M601F_MSXCCU_VDU1_6">
                <measResults>17 5956 4901 2.3 0 17.597 0 0.535 0.518 0.035 0 </measResults>
            </measValue>
            <measValue measObjLdn="min2MSXOMU01_M601F/VM:Virtual machine name=min2MSX01_M601F_MSXCCU_VDU2_8">
                <measResults>17 5956 4900 2.433 0 19.467 0 0.528 0.528 0.033 0 </measResults>
            </measValue>
            <measValue measObjLdn="min2MSXOMU01_M601F/VM:Virtual machine name=min2MSX01_M601F_MSXBSG_VDU1_2">
                <measResults>20 3944 3138 2.433 0 18.133 0 0.675 0.653 0.04 0 </measResults>
            </measValue>
            <measValue measObjLdn="min2MSXOMU01_M601F/VM:Virtual machine name=min2MSXIGWB01_M601F_IGWB_VDU2_2">
                <measResults>11 40015 35527 6.417 0 38.733 0 0.402 0.285 0.1 0 </measResults>
            </measValue>
        </measInfo>
        <measInfo measInfoId="1057000000">
            <granPeriod duration="PT1800S" endTime="2021-08-11T23:30:00+08:00"/>
            <repPeriod duration="PT1800S"/>
            <measTypes>1057000200 1057000201 1057000203 1057000205 1057000206 </measTypes>
            <measValue measObjLdn="min2MSXOMU01_M601F/VM:Virtual machine name=min2MSX01_M601F_MSXCCU_VDU1_3">
                <measResults>3 10 7 0 0 </measResults>
            </measValue>
            <measValue measObjLdn="min2MSXOMU01_M601F/VM:Virtual machine name=min2MSX01_M601F_MSXIFM_VDU2_1">
                <measResults>6 16 2 0 0 </measResults>
            </measValue>
            <measValue measObjLdn="min2MSXOMU01_M601F/VM:Virtual machine name=min2MSX01_M601F_MSXVDB_VDU2_1">
                <measResults>2 7 2 0 0 </measResults>
            </measValue>
            <measValue measObjLdn="min2MSXOMU01_M601F/VM:Virtual machine name=min2MSX01_M601F_MSXCCU_VDU1_2">
                <measResults>3 8 21 0 0 </measResults>
            </measValue>
            <measValue measObjLdn="min2MSXOMU01_M601F/VM:Virtual machine name=min2MSX01_M601F_MSXCCU_VDU1_7">
                <measResults>3 9 18 0 0 </measResults>
            </measValue>
            <measValue measObjLdn="min2MSXOMU01_M601F/VM:Virtual machine name=min2MSX01_M601F_MSXIFM_VDU1_0">
                <measResults>6 19 1 0 0 </measResults>
            </measValue>
            <measValue measObjLdn="min2MSXOMU01_M601F/VM:Virtual machine name=min2MSX01_M601F_MSXCCU_VDU2_7">
                <measResults>3 7 4 0 0 </measResults>
            </measValue>
            <measValue measObjLdn="min2MSXOMU01_M601F/VM:Virtual machine name=min2MSX01_M601F_MSXCCU_VDU2_9">
                <measResults>3 6 3 0 0 </measResults>
            </measValue>
            <measValue measObjLdn="min2MSXOMU01_M601F/VM:Virtual machine name=min2MSX01_M601F_MSXCCU_VDU2_4">
                <measResults>3 6 22 0 0 </measResults>
            </measValue>
            <measValue measObjLdn="min2MSXOMU01_M601F/VM:Virtual machine name=min2MSX01_M601F_MSXBSG_VDU1_1">
                <measResults>3 8 2 0 0 </measResults>
            </measValue>
            <measValue measObjLdn="min2MSXOMU01_M601F/VM:Virtual machine name=min2MSX01_M601F_MSXCCU_VDU1_8">
                <measResults>3 9 2 0 0 </measResults>
            </measValue>
            <measValue measObjLdn="min2MSXOMU01_M601F/VM:Virtual machine name=min2MSX01_M601F_MSXVDB_VDU1_3">
                <measResults>3 8 1 0 0 </measResults>
            </measValue>
            <measValue measObjLdn="min2MSXOMU01_M601F/VM:Virtual machine name=min2MSX01_M601F_MSXVDB_VDU2_2">
                <measResults>2 8 22 0 0 </measResults>
            </measValue>
            <measValue measObjLdn="min2MSXOMU01_M601F/VM:Virtual machine name=min2MSX01_M601F_MSXVDB_VDU1_1">
                <measResults>3 14 25 0 0 </measResults>
            </measValue>
            <measValue measObjLdn="min2MSXOMU01_M601F/VM:Virtual machine name=min2MSX01_M601F_MSXCDB_VDU2_0">
                <measResults>5 12 1 0 0 </measResults>
            </measValue>
            <measValue measObjLdn="min2MSXOMU01_M601F/VM:Virtual machine name=min2MSX01_M601F_MSXBSG_VDU2_2">
                <measResults>3 7 1 0 0 </measResults>
            </measValue>
            <measValue measObjLdn="min2MSXOMU01_M601F/VM:Virtual machine name=min2MSX01_M601F_MSXCCU_VDU2_5">
                <measResults>3 7 4 0 0 </measResults>
            </measValue>
            <measValue measObjLdn="min2MSXOMU01_M601F/VM:Virtual machine name=min2MSX01_M601F_MSXIFM_VDU1_2">
                <measResults>6 19 2 0 0 </measResults>
            </measValue>
            <measValue measObjLdn="min2MSXOMU01_M601F/VM:Virtual machine name=min2MSX01_M601F_MSXCCU_VDU1_4">
                <measResults>3 8 7 0 0 </measResults>
            </measValue>
            <measValue measObjLdn="min2MSXOMU01_M601F/VM:Virtual machine name=min2MSX01_M601F_MSXVDB_VDU2_3">
                <measResults>2 6 18 0 0 </measResults>
            </measValue>
            <measValue measObjLdn="min2MSXOMU01_M601F/VM:Virtual machine name=min2MSX01_M601F_MSXIFM_VDU1_1">
                <measResults>6 19 1 0 0 </measResults>
            </measValue>
            <measValue measObjLdn="min2MSXOMU01_M601F/VM:Virtual machine name=min2MSX01_M601F_MSXBSG_VDU2_0">
                <measResults>3 7 5 0 0 </measResults>
            </measValue>
            <measValue measObjLdn="min2MSXOMU01_M601F/VM:Virtual machine name=min2MSX01_M601F_MSXBSG_VDU1_0">
                <measResults>3 8 7 0 0 </measResults>
            </measValue>
            <measValue measObjLdn="min2MSXOMU01_M601F/VM:Virtual machine name=min2MSX01_M601F_MSXVDB_VDU1_2">
                <measResults>3 10 1 0 0 </measResults>
            </measValue>
            <measValue measObjLdn="min2MSXOMU01_M601F/VM:Virtual machine name=min2MSX01_M601F_MSXCCU_VDU1_9">
                <measResults>3 6 8 0 0 </measResults>
            </measValue>
            <measValue measObjLdn="min2MSXOMU01_M601F/VM:Virtual machine name=min2MSX01_M601F_MSXBSG_VDU2_3">
                <measResults>3 7 5 0 0 </measResults>
            </measValue>
            <measValue measObjLdn="min2MSXOMU01_M601F/VM:Virtual machine name=min2MSX01_M601F_MSXBSG_VDU2_1">
                <measResults>3 9 3 0 0 </measResults>
            </measValue>
            <measValue measObjLdn="min2MSXOMU01_M601F/VM:Virtual machine name=min2MSX01_M601F_MSXBSG_VDU1_3">
                <measResults>3 9 1 0 0 </measResults>
            </measValue>
            <measValue measObjLdn="min2MSXOMU01_M601F/VM:Virtual machine name=min2MSX01_M601F_MSXCCU_VDU2_6">
                <measResults>3 8 1 0 0 </measResults>
            </measValue>
            <measValue measObjLdn="min2MSXOMU01_M601F/VM:Virtual machine name=min2MSX01_M601F_MSXCCU_VDU2_3">
                <measResults>3 8 2 0 0 </measResults>
            </measValue>
            <measValue measObjLdn="min2MSXOMU01_M601F/VM:Virtual machine name=min2MSX01_M601F_MSXCCU_VDU2_2">
                <measResults>3 8 2 0 0 </measResults>
            </measValue>
            <measValue measObjLdn="min2MSXOMU01_M601F/VM:Virtual machine name=min2MSX01_M601F_MSXIFM_VDU2_2">
                <measResults>6 18 1 0 0 </measResults>
            </measValue>
            <measValue measObjLdn="min2MSXOMU01_M601F/VM:Virtual machine name=min2MSXIGWB01_M601F_IGWB_VDU1_1">
                <measResults>6 24 1 0 0 </measResults>
            </measValue>
            <measValue measObjLdn="min2MSXOMU01_M601F/VM:Virtual machine name=min2MSXIGWB01_M601F_IGWB_VDU2_1">
                <measResults>6 15 1 0 0 </measResults>
            </measValue>
            <measValue measObjLdn="min2MSXOMU01_M601F/VM:Virtual machine name=min2MSX01_M601F_MSXCDB_VDU1_0">
                <measResults>6 16 3 0 0 </measResults>
            </measValue>
            <measValue measObjLdn="min2MSXOMU01_M601F/VM:Virtual machine name=min2MSXOMU01_M601F_OMUBIG_0">
                <measResults>20 37 3 0 0 </measResults>
            </measValue>
            <measValue measObjLdn="min2MSXOMU01_M601F/VM:Virtual machine name=min2MSX01_M601F_MSXIFM_VDU2_0">
                <measResults>6 20 1 0 0 </measResults>
            </measValue>
            <measValue measObjLdn="min2MSXOMU01_M601F/VM:Virtual machine name=min2MSXOMU01_M601F_OMUBIG_1">
                <measResults>4 19 2 0 0 </measResults>
            </measValue>
            <measValue measObjLdn="min2MSXOMU01_M601F/VM:Virtual machine name=min2MSX01_M601F_MSXVDB_VDU1_0">
                <measResults>3 8 2 0 0 </measResults>
            </measValue>
            <measValue measObjLdn="min2MSXOMU01_M601F/VM:Virtual machine name=min2MSX01_M601F_MSXCCU_VDU1_0">
                <measResults>3 16 4 0 0 </measResults>
            </measValue>
            <measValue measObjLdn="min2MSXOMU01_M601F/VM:Virtual machine name=min2MSX01_M601F_MSXCCU_VDU2_1">
                <measResults>3 7 2 0 0 </measResults>
            </measValue>
            <measValue measObjLdn="min2MSXOMU01_M601F/VM:Virtual machine name=min2MSX01_M601F_MSXVDB_VDU2_0">
                <measResults>2 6 23 0 0 </measResults>
            </measValue>
            <measValue measObjLdn="min2MSXOMU01_M601F/VM:Virtual machine name=min2MSXIGWB01_M601F_IGWB_VDU2_0">
                <measResults>6 20 1 0 0 </measResults>
            </measValue>
            <measValue measObjLdn="min2MSXOMU01_M601F/VM:Virtual machine name=min2MSX01_M601F_MSXCCU_VDU2_0">
                <measResults>3 6 2 0 0 </measResults>
            </measValue>
            <measValue measObjLdn="min2MSXOMU01_M601F/VM:Virtual machine name=min2MSX01_M601F_MSXCCU_VDU1_1">
                <measResults>3 13 6 0 0 </measResults>
            </measValue>
            <measValue measObjLdn="min2MSXOMU01_M601F/VM:Virtual machine name=min2MSXIGWB01_M601F_IGWB_VDU1_0">
                <measResults>5 19 2 0 0 </measResults>
            </measValue>
            <measValue measObjLdn="min2MSXOMU01_M601F/VM:Virtual machine name=min2MSXIGWB01_M601F_IGWB_VDU1_2">
                <measResults>5 23 3 0 0 </measResults>
            </measValue>
            <measValue measObjLdn="min2MSXOMU01_M601F/VM:Virtual machine name=min2MSX01_M601F_MSXCCU_VDU1_5">
                <measResults>3 8 3 0 0 </measResults>
            </measValue>
            <measValue measObjLdn="min2MSXOMU01_M601F/VM:Virtual machine name=min2MSX01_M601F_MSXCCU_VDU1_6">
                <measResults>3 12 8 0 0 </measResults>
            </measValue>
            <measValue measObjLdn="min2MSXOMU01_M601F/VM:Virtual machine name=min2MSX01_M601F_MSXCCU_VDU2_8">
                <measResults>3 6 5 0 0 </measResults>
            </measValue>
            <measValue measObjLdn="min2MSXOMU01_M601F/VM:Virtual machine name=min2MSX01_M601F_MSXBSG_VDU1_2">
                <measResults>3 11 2 0 0 </measResults>
            </measValue>
            <measValue measObjLdn="min2MSXOMU01_M601F/VM:Virtual machine name=min2MSXIGWB01_M601F_IGWB_VDU2_2">
                <measResults>5 14 2 0 0 </measResults>
            </measValue>
        </measInfo>
    </measData>
    <fileFooter>
        <measCollec endTime="2021-08-11T23:30:00+08:00"/>
    </fileFooter>
</measCollecFile>
