<?xml version="1.0" encoding="UTF-8"?>
<measCollecFile xmlns="http://www.3gpp.org/ftp/specs/archive/32_series/32.435#measCollec">
<fileHeader fileFormatVersion="32.435 V10.0" vendorName="Nokia Networks">
<fileSender elementType="MGW"/>
<measCollec beginTime="2021-08-21T22:30:00+08:00"/>
</fileHeader>
<measData>
<managedElement/>
<measInfo measInfoId="MTP_SL_Perf">
<granPeriod duration="PT1800S" endTime="2021-08-21T23:00:00+08:00"/>
<repPeriod duration="PT1800S"/>
<measTypes>M209B2C1 M209B2C2 M209B2C3 M209B2C4 M209B2C5 M209B2C6 M209B2C7 M209B3C1 M209B3C2 M209B3C3 M209B3C4 M209B3C5 M209B3C6</measTypes>
<measValue measObjLdn="PLMN-PLMN/MGW-360422,SL_TYPE=SLN-94_0/SL_TYPE-0,SPC_TOPO=SNET-NA1/SPCD-347,SIGNALLING_LINK_SETNAME=SLSN-PQFE2">
<measResults>0 0 0 0 0 0 0 0 0 0 0 0 0</measResults>
</measValue>
</measInfo>
<measInfo measInfoId="MTP_SL_Perf">
<granPeriod duration="PT1800S" endTime="2021-08-21T23:00:00+08:00"/>
<repPeriod duration="PT1800S"/>
<measTypes>M209B2C1 M209B2C2 M209B2C3 M209B2C4 M209B2C5 M209B2C6 M209B2C7 M209B3C1 M209B3C2 M209B3C3 M209B3C4 M209B3C5 M209B3C6</measTypes>
<measValue measObjLdn="PLMN-PLMN/MGW-360422,SL_TYPE=SLN-95_1/SL_TYPE-0,SPC_TOPO=SNET-NA1/SPCD-347,SIGNALLING_LINK_SETNAME=SLSN-PQFE2">
<measResults>0 0 0 0 0 0 0 0 0 0 0 0 0</measResults>
</measValue>
</measInfo>
<measInfo measInfoId="MTP_SL_Perf">
<granPeriod duration="PT1800S" endTime="2021-08-21T23:00:00+08:00"/>
<repPeriod duration="PT1800S"/>
<measTypes>M209B2C1 M209B2C2 M209B2C3 M209B2C4 M209B2C5 M209B2C6 M209B2C7 M209B3C1 M209B3C2 M209B3C3 M209B3C4 M209B3C5 M209B3C6</measTypes>
<measValue measObjLdn="PLMN-PLMN/MGW-360422,SL_TYPE=SLN-96_2/SL_TYPE-0,SPC_TOPO=SNET-NA1/SPCD-347,SIGNALLING_LINK_SETNAME=SLSN-PQFE2">
<measResults>0 0 0 0 0 0 0 0 0 0 0 0 0</measResults>
</measValue>
</measInfo>
<measInfo measInfoId="MTP_SL_Perf">
<granPeriod duration="PT1800S" endTime="2021-08-21T23:00:00+08:00"/>
<repPeriod duration="PT1800S"/>
<measTypes>M209B2C1 M209B2C2 M209B2C3 M209B2C4 M209B2C5 M209B2C6 M209B2C7 M209B3C1 M209B3C2 M209B3C3 M209B3C4 M209B3C5 M209B3C6</measTypes>
<measValue measObjLdn="PLMN-PLMN/MGW-360422,SL_TYPE=SLN-97_3/SL_TYPE-0,SPC_TOPO=SNET-NA1/SPCD-347,SIGNALLING_LINK_SETNAME=SLSN-PQFE2">
<measResults>0 0 0 0 0 0 0 0 0 0 0 0 0</measResults>
</measValue>
</measInfo>
<measInfo measInfoId="MTP_SL_Perf">
<granPeriod duration="PT1800S" endTime="2021-08-21T23:00:00+08:00"/>
<repPeriod duration="PT1800S"/>
<measTypes>M209B2C1 M209B2C2 M209B2C3 M209B2C4 M209B2C5 M209B2C6 M209B2C7 M209B3C1 M209B3C2 M209B3C3 M209B3C4 M209B3C5 M209B3C6</measTypes>
<measValue measObjLdn="PLMN-PLMN/MGW-360422,SL_TYPE=SLN-98_0/SL_TYPE-0,SPC_TOPO=SNET-NA0/SPCD-726,SIGNALLING_LINK_SETNAME=SLSN-PLLGB">
<measResults>1800 0 0 0 0 0 0 0 0 0 0 0 0</measResults>
</measValue>
</measInfo>
</measData>
<fileFooter>
<measCollec endTime="2021-08-21T23:00:00+08:00"/>
</fileFooter>
</measCollecFile>