<?xml version="1.0" encoding="UTF-8"?>
<measCollecFile xmlns="http://www.3gpp.org/ftp/specs/archive/32_series/32.435#measCollec">
<fileHeader fileFormatVersion="32.435 V10.0" vendorName="Nokia Networks">
<fileSender elementType="HSSCALLP"/>
<measCollec beginTime="2021-08-21T22:00:00+08:00"/>
</fileHeader>
<measData>
<managedElement/>
<measInfo measInfoId="NETWORK">
<granPeriod duration="PT900S" endTime="2021-08-21T22:15:00+08:00"/>
<repPeriod duration="PT900S"/>
<measTypes>bytesReceived packetsReceived bytesTransmitted badPacketsReceived packetsTransmitted transmitErrors</measTypes>
<measValue measObjLdn="PLMN-PLMN/IMSNFM-MDE-VHSS/HSS-HSSDN_NHSSMDE4_DU/HSSCALLP-03/BRM-HSSCALLP-03/NET-eth0">
<measResults>15821519417 15821519417 2535448425694 0 2535448425694 0</measResults>
</measValue>
</measInfo>
<measInfo measInfoId="NETWORK">
<granPeriod duration="PT900S" endTime="2021-08-21T22:15:00+08:00"/>
<repPeriod duration="PT900S"/>
<measTypes>bytesReceived packetsReceived bytesTransmitted badPacketsReceived packetsTransmitted transmitErrors</measTypes>
<measValue measObjLdn="PLMN-PLMN/IMSNFM-MDE-VHSS/HSS-HSSDN_NHSSMDE4_DU/HSSCALLP-03/BRM-HSSCALLP-03/NET-lo">
<measResults>15821519417 15821519417 2535448425694 0 2535448425694 0</measResults>
</measValue>
</measInfo>
<measInfo measInfoId="NETWORK">
<granPeriod duration="PT900S" endTime="2021-08-21T22:15:00+08:00"/>
<repPeriod duration="PT900S"/>
<measTypes>bytesReceived packetsReceived bytesTransmitted badPacketsReceived packetsTransmitted transmitErrors</measTypes>
<measValue measObjLdn="PLMN-PLMN/IMSNFM-MDE-VHSS/HSS-HSSDN_NHSSMDE4_DU/HSSCALLP-03/BRM-HSSCALLP-03/NET-eth2">
<measResults>15821519417 15821519417 2535448425694 0 2535448425694 0</measResults>
</measValue>
</measInfo>
<measInfo measInfoId="NETWORK">
<granPeriod duration="PT900S" endTime="2021-08-21T22:15:00+08:00"/>
<repPeriod duration="PT900S"/>
<measTypes>bytesReceived packetsReceived bytesTransmitted badPacketsReceived packetsTransmitted transmitErrors</measTypes>
<measValue measObjLdn="PLMN-PLMN/IMSNFM-MDE-VHSS/HSS-HSSDN_NHSSMDE4_DU/HSSCALLP-03/BRM-HSSCALLP-03/NET-eth1">
<measResults>15821519417 15821519417 2535448425694 0 2535448425694 0</measResults>
</measValue>
</measInfo>
<measInfo measInfoId="AGGREGAT">
<granPeriod duration="PT900S" endTime="2021-08-21T22:15:00+08:00"/>
<repPeriod duration="PT900S"/>
<measTypes>sysUptime swapFree memFree sysAvailability swapUsed cpuPercentageOverValue cpuAverageLoad cpuPeakLoad memUsed</measTypes>
<measValue measObjLdn="PLMN-PLMN/IMSNFM-MDE-VHSS/HSS-HSSDN_NHSSMDE4_DU/HSSCALLP-03/BRM-1">
<measResults>64277773 4194300 14496912 0 4194300 0 23.3333 11 18283940</measResults>
</measValue>
</measInfo>
<measInfo measInfoId="DBSpace">
<granPeriod duration="PT900S" endTime="2021-08-21T22:15:00+08:00"/>
<repPeriod duration="PT900S"/>
<measTypes>DbSpaceUsed DbSpaceAvailable</measTypes>
<measValue measObjLdn="PLMN-PLMN/IMSNFM-MDE-VHSS/HSS-HSSDN_NHSSMDE4_DU/HSSCALLP-03/BRM-HSSCALLP-03/DBSpace-1">
<measResults>12735 19774</measResults>
</measValue>
</measInfo>
<measInfo measInfoId="CPU">
<granPeriod duration="PT900S" endTime="2021-08-21T22:15:00+08:00"/>
<repPeriod duration="PT900S"/>
<measTypes>cpuLoad cpuUsed</measTypes>
<measValue measObjLdn="PLMN-PLMN/IMSNFM-MDE-VHSS/HSS-HSSDN_NHSSMDE4_DU/HSSCALLP-03/BRM-HSSCALLP-03/CPU-cpu6">
<measResults>3.5467 8.8196</measResults>
</measValue>
</measInfo>
<measInfo measInfoId="CPU">
<granPeriod duration="PT900S" endTime="2021-08-21T22:15:00+08:00"/>
<repPeriod duration="PT900S"/>
<measTypes>cpuLoad cpuUsed</measTypes>
<measValue measObjLdn="PLMN-PLMN/IMSNFM-MDE-VHSS/HSS-HSSDN_NHSSMDE4_DU/HSSCALLP-03/BRM-HSSCALLP-03/CPU-cpu7">
<measResults>5.3582 13.7582</measResults>
</measValue>
</measInfo>
<measInfo measInfoId="CPU">
<granPeriod duration="PT900S" endTime="2021-08-21T22:15:00+08:00"/>
<repPeriod duration="PT900S"/>
<measTypes>cpuLoad cpuUsed</measTypes>
<measValue measObjLdn="PLMN-PLMN/IMSNFM-MDE-VHSS/HSS-HSSDN_NHSSMDE4_DU/HSSCALLP-03/BRM-HSSCALLP-03/CPU-cpu4">
<measResults>3.6832 9.1401</measResults>
</measValue>
</measInfo>
<measInfo measInfoId="CPU">
<granPeriod duration="PT900S" endTime="2021-08-21T22:15:00+08:00"/>
<repPeriod duration="PT900S"/>
<measTypes>cpuLoad cpuUsed</measTypes>
<measValue measObjLdn="PLMN-PLMN/IMSNFM-MDE-VHSS/HSS-HSSDN_NHSSMDE4_DU/HSSCALLP-03/BRM-HSSCALLP-03/CPU-cpu5">
<measResults>3.8978 10.068</measResults>
</measValue>
</measInfo>
<measInfo measInfoId="CPU">
<granPeriod duration="PT900S" endTime="2021-08-21T22:15:00+08:00"/>
<repPeriod duration="PT900S"/>
<measTypes>cpuLoad cpuUsed</measTypes>
<measValue measObjLdn="PLMN-PLMN/IMSNFM-MDE-VHSS/HSS-HSSDN_NHSSMDE4_DU/HSSCALLP-03/BRM-HSSCALLP-03/CPU-cpu2">
<measResults>4.1416 10.521</measResults>
</measValue>
</measInfo>
<measInfo measInfoId="CPU">
<granPeriod duration="PT900S" endTime="2021-08-21T22:15:00+08:00"/>
<repPeriod duration="PT900S"/>
<measTypes>cpuLoad cpuUsed</measTypes>
<measValue measObjLdn="PLMN-PLMN/IMSNFM-MDE-VHSS/HSS-HSSDN_NHSSMDE4_DU/HSSCALLP-03/BRM-HSSCALLP-03/CPU-cpu3">
<measResults>3.8734 8.9171</measResults>
</measValue>
</measInfo>
<measInfo measInfoId="CPU">
<granPeriod duration="PT900S" endTime="2021-08-21T22:15:00+08:00"/>
<repPeriod duration="PT900S"/>
<measTypes>cpuLoad cpuUsed</measTypes>
<measValue measObjLdn="PLMN-PLMN/IMSNFM-MDE-VHSS/HSS-HSSDN_NHSSMDE4_DU/HSSCALLP-03/BRM-HSSCALLP-03/CPU-cpu0">
<measResults>3.6618 9.6019</measResults>
</measValue>
</measInfo>
<measInfo measInfoId="CPU">
<granPeriod duration="PT900S" endTime="2021-08-21T22:15:00+08:00"/>
<repPeriod duration="PT900S"/>
<measTypes>cpuLoad cpuUsed</measTypes>
<measValue measObjLdn="PLMN-PLMN/IMSNFM-MDE-VHSS/HSS-HSSDN_NHSSMDE4_DU/HSSCALLP-03/BRM-HSSCALLP-03/CPU-cpu1">
<measResults>4.3173 9.1293</measResults>
</measValue>
</measInfo>
<measInfo measInfoId="CPU">
<granPeriod duration="PT900S" endTime="2021-08-21T22:15:00+08:00"/>
<repPeriod duration="PT900S"/>
<measTypes>cpuLoad cpuUsed</measTypes>
<measValue measObjLdn="PLMN-PLMN/IMSNFM-MDE-VHSS/HSS-HSSDN_NHSSMDE4_DU/HSSCALLP-03/BRM-HSSCALLP-03/CPU-cpu">
<measResults>4.059 9.9928</measResults>
</measValue>
</measInfo>
<measInfo measInfoId="VCPU">
<granPeriod duration="PT900S" endTime="2021-08-21T22:15:00+08:00"/>
<repPeriod duration="PT900S"/>
<measTypes>vCPUs</measTypes>
<measValue measObjLdn="PLMN-PLMN/IMSNFM-MDE-VHSS/HSS-HSSDN_NHSSMDE4_DU/HSSCALLP-03/BRM-HSSCALLP-03/VCPU-1">
<measResults>8</measResults>
</measValue>
</measInfo>
<measInfo measInfoId="DISK">
<granPeriod duration="PT900S" endTime="2021-08-21T22:15:00+08:00"/>
<repPeriod duration="PT900S"/>
<measTypes>bytesReceivedDisk bytesTransmittedDisk</measTypes>
<measValue measObjLdn="PLMN-PLMN/IMSNFM-MDE-VHSS/HSS-HSSDN_NHSSMDE4_DU/HSSCALLP-03/BRM-HSSCALLP-03/DISK-0">
<measResults>4310372 11575033256</measResults>
</measValue>
</measInfo>
<measInfo measInfoId="FS">
<granPeriod duration="PT900S" endTime="2021-08-21T22:15:00+08:00"/>
<repPeriod duration="PT900S"/>
<measTypes>fsUsed</measTypes>
<measValue measObjLdn="PLMN-PLMN/IMSNFM-MDE-VHSS/HSS-HSSDN_NHSSMDE4_DU/HSSCALLP-03/BRM-HSSCALLP-03/FS-_dev_mapper_vg00_root">
<measResults>0</measResults>
</measValue>
</measInfo>
<measInfo measInfoId="FS">
<granPeriod duration="PT900S" endTime="2021-08-21T22:15:00+08:00"/>
<repPeriod duration="PT900S"/>
<measTypes>fsUsed</measTypes>
<measValue measObjLdn="PLMN-PLMN/IMSNFM-MDE-VHSS/HSS-HSSDN_NHSSMDE4_DU/HSSCALLP-03/BRM-HSSCALLP-03/FS-_dev_mapper_vg00_Charging">
<measResults>0</measResults>
</measValue>
</measInfo>
<measInfo measInfoId="FS">
<granPeriod duration="PT900S" endTime="2021-08-21T22:15:00+08:00"/>
<repPeriod duration="PT900S"/>
<measTypes>fsUsed</measTypes>
<measValue measObjLdn="PLMN-PLMN/IMSNFM-MDE-VHSS/HSS-HSSDN_NHSSMDE4_DU/HSSCALLP-03/BRM-HSSCALLP-03/FS-tmpfs">
<measResults>0</measResults>
</measValue>
</measInfo>
<measInfo measInfoId="FS">
<granPeriod duration="PT900S" endTime="2021-08-21T22:15:00+08:00"/>
<repPeriod duration="PT900S"/>
<measTypes>fsUsed</measTypes>
<measValue measObjLdn="PLMN-PLMN/IMSNFM-MDE-VHSS/HSS-HSSDN_NHSSMDE4_DU/HSSCALLP-03/BRM-HSSCALLP-03/FS-_dev_mapper_vg00_TspCore">
<measResults>0</measResults>
</measValue>
</measInfo>
<measInfo measInfoId="FS">
<granPeriod duration="PT900S" endTime="2021-08-21T22:15:00+08:00"/>
<repPeriod duration="PT900S"/>
<measTypes>fsUsed</measTypes>
<measValue measObjLdn="PLMN-PLMN/IMSNFM-MDE-VHSS/HSS-HSSDN_NHSSMDE4_DU/HSSCALLP-03/BRM-HSSCALLP-03/FS-_dev_mapper_vg00_appDb">
<measResults>0</measResults>
</measValue>
</measInfo>
<measInfo measInfoId="FS">
<granPeriod duration="PT900S" endTime="2021-08-21T22:15:00+08:00"/>
<repPeriod duration="PT900S"/>
<measTypes>fsUsed</measTypes>
<measValue measObjLdn="PLMN-PLMN/IMSNFM-MDE-VHSS/HSS-HSSDN_NHSSMDE4_DU/HSSCALLP-03/BRM-HSSCALLP-03/FS-_dev_mapper_vg00_dump">
<measResults>0</measResults>
</measValue>
</measInfo>
<measInfo measInfoId="FS">
<granPeriod duration="PT900S" endTime="2021-08-21T22:15:00+08:00"/>
<repPeriod duration="PT900S"/>
<measTypes>fsUsed</measTypes>
<measValue measObjLdn="PLMN-PLMN/IMSNFM-MDE-VHSS/HSS-HSSDN_NHSSMDE4_DU/HSSCALLP-03/BRM-HSSCALLP-03/FS-_dev_vda1">
<measResults>0</measResults>
</measValue>
</measInfo>
<measInfo measInfoId="FS">
<granPeriod duration="PT900S" endTime="2021-08-21T22:15:00+08:00"/>
<repPeriod duration="PT900S"/>
<measTypes>fsUsed</measTypes>
<measValue measObjLdn="PLMN-PLMN/IMSNFM-MDE-VHSS/HSS-HSSDN_NHSSMDE4_DU/HSSCALLP-03/BRM-HSSCALLP-03/FS-_dev_mapper_vg00_var">
<measResults>0</measResults>
</measValue>
</measInfo>
<measInfo measInfoId="FS">
<granPeriod duration="PT900S" endTime="2021-08-21T22:15:00+08:00"/>
<repPeriod duration="PT900S"/>
<measTypes>fsUsed</measTypes>
<measValue measObjLdn="PLMN-PLMN/IMSNFM-MDE-VHSS/HSS-HSSDN_NHSSMDE4_DU/HSSCALLP-03/BRM-HSSCALLP-03/FS-_dev_mapper_vg00_tmp">
<measResults>0</measResults>
</measValue>
</measInfo>
<measInfo measInfoId="FS">
<granPeriod duration="PT900S" endTime="2021-08-21T22:15:00+08:00"/>
<repPeriod duration="PT900S"/>
<measTypes>fsUsed</measTypes>
<measValue measObjLdn="PLMN-PLMN/IMSNFM-MDE-VHSS/HSS-HSSDN_NHSSMDE4_DU/HSSCALLP-03/BRM-HSSCALLP-03/FS-_dev_mapper_vg00_tspdb">
<measResults>0</measResults>
</measValue>
</measInfo>
<measInfo measInfoId="FS">
<granPeriod duration="PT900S" endTime="2021-08-21T22:15:00+08:00"/>
<repPeriod duration="PT900S"/>
<measTypes>fsUsed</measTypes>
<measValue measObjLdn="PLMN-PLMN/IMSNFM-MDE-VHSS/HSS-HSSDN_NHSSMDE4_DU/HSSCALLP-03/BRM-HSSCALLP-03/FS-_dev_mapper_vg00_home">
<measResults>0</measResults>
</measValue>
</measInfo>
<measInfo measInfoId="NETWORK">
<granPeriod duration="PT900S" endTime="2021-08-21T22:15:00+08:00"/>
<repPeriod duration="PT900S"/>
<measTypes>bytesReceived packetsReceived bytesTransmitted badPacketsReceived packetsTransmitted transmitErrors</measTypes>
<measValue measObjLdn="PLMN-PLMN/IMSNFM-MDE-VHSS/HSS-HSSDN_NHSSMDE4_DU/HSSCALLP-04/BRM-HSSCALLP-04/NET-eth0">
<measResults>15837837850 15837837850 2537956087560 0 2537956087560 0</measResults>
</measValue>
</measInfo>
<measInfo measInfoId="NETWORK">
<granPeriod duration="PT900S" endTime="2021-08-21T22:15:00+08:00"/>
<repPeriod duration="PT900S"/>
<measTypes>bytesReceived packetsReceived bytesTransmitted badPacketsReceived packetsTransmitted transmitErrors</measTypes>
<measValue measObjLdn="PLMN-PLMN/IMSNFM-MDE-VHSS/HSS-HSSDN_NHSSMDE4_DU/HSSCALLP-04/BRM-HSSCALLP-04/NET-lo">
<measResults>15837837850 15837837850 2537956087560 0 2537956087560 0</measResults>
</measValue>
</measInfo>
<measInfo measInfoId="NETWORK">
<granPeriod duration="PT900S" endTime="2021-08-21T22:15:00+08:00"/>
<repPeriod duration="PT900S"/>
<measTypes>bytesReceived packetsReceived bytesTransmitted badPacketsReceived packetsTransmitted transmitErrors</measTypes>
<measValue measObjLdn="PLMN-PLMN/IMSNFM-MDE-VHSS/HSS-HSSDN_NHSSMDE4_DU/HSSCALLP-04/BRM-HSSCALLP-04/NET-eth2">
<measResults>15837837850 15837837850 2537956087560 0 2537956087560 0</measResults>
</measValue>
</measInfo>
<measInfo measInfoId="NETWORK">
<granPeriod duration="PT900S" endTime="2021-08-21T22:15:00+08:00"/>
<repPeriod duration="PT900S"/>
<measTypes>bytesReceived packetsReceived bytesTransmitted badPacketsReceived packetsTransmitted transmitErrors</measTypes>
<measValue measObjLdn="PLMN-PLMN/IMSNFM-MDE-VHSS/HSS-HSSDN_NHSSMDE4_DU/HSSCALLP-04/BRM-HSSCALLP-04/NET-eth1">
<measResults>15837837850 15837837850 2537956087560 0 2537956087560 0</measResults>
</measValue>
</measInfo>
<measInfo measInfoId="AGGREGAT">
<granPeriod duration="PT900S" endTime="2021-08-21T22:15:00+08:00"/>
<repPeriod duration="PT900S"/>
<measTypes>sysUptime swapFree memFree sysAvailability swapUsed cpuPercentageOverValue cpuAverageLoad cpuPeakLoad memUsed</measTypes>
<measValue measObjLdn="PLMN-PLMN/IMSNFM-MDE-VHSS/HSS-HSSDN_NHSSMDE4_DU/HSSCALLP-04/BRM-1">
<measResults>64277781 4194300 14492936 0 4194300 0 23.3333 11 18288696</measResults>
</measValue>
</measInfo>
<measInfo measInfoId="DBSpace">
<granPeriod duration="PT900S" endTime="2021-08-21T22:15:00+08:00"/>
<repPeriod duration="PT900S"/>
<measTypes>DbSpaceUsed DbSpaceAvailable</measTypes>
<measValue measObjLdn="PLMN-PLMN/IMSNFM-MDE-VHSS/HSS-HSSDN_NHSSMDE4_DU/HSSCALLP-04/BRM-HSSCALLP-04/DBSpace-1">
<measResults>12711 19773</measResults>
</measValue>
</measInfo>
<measInfo measInfoId="CPU">
<granPeriod duration="PT900S" endTime="2021-08-21T22:15:00+08:00"/>
<repPeriod duration="PT900S"/>
<measTypes>cpuLoad cpuUsed</measTypes>
<measValue measObjLdn="PLMN-PLMN/IMSNFM-MDE-VHSS/HSS-HSSDN_NHSSMDE4_DU/HSSCALLP-04/BRM-HSSCALLP-04/CPU-cpu6">
<measResults>3.6084 7.9756</measResults>
</measValue>
</measInfo>
<measInfo measInfoId="CPU">
<granPeriod duration="PT900S" endTime="2021-08-21T22:15:00+08:00"/>
<repPeriod duration="PT900S"/>
<measTypes>cpuLoad cpuUsed</measTypes>
<measValue measObjLdn="PLMN-PLMN/IMSNFM-MDE-VHSS/HSS-HSSDN_NHSSMDE4_DU/HSSCALLP-04/BRM-HSSCALLP-04/CPU-cpu7">
<measResults>5.3736 14.0553</measResults>
</measValue>
</measInfo>
<measInfo measInfoId="CPU">
<granPeriod duration="PT900S" endTime="2021-08-21T22:15:00+08:00"/>
<repPeriod duration="PT900S"/>
<measTypes>cpuLoad cpuUsed</measTypes>
<measValue measObjLdn="PLMN-PLMN/IMSNFM-MDE-VHSS/HSS-HSSDN_NHSSMDE4_DU/HSSCALLP-04/BRM-HSSCALLP-04/CPU-cpu4">
<measResults>3.7474 10.5236</measResults>
</measValue>
</measInfo>
<measInfo measInfoId="CPU">
<granPeriod duration="PT900S" endTime="2021-08-21T22:15:00+08:00"/>
<repPeriod duration="PT900S"/>
<measTypes>cpuLoad cpuUsed</measTypes>
<measValue measObjLdn="PLMN-PLMN/IMSNFM-MDE-VHSS/HSS-HSSDN_NHSSMDE4_DU/HSSCALLP-04/BRM-HSSCALLP-04/CPU-cpu5">
<measResults>3.9724 11.2325</measResults>
</measValue>
</measInfo>
<measInfo measInfoId="CPU">
<granPeriod duration="PT900S" endTime="2021-08-21T22:15:00+08:00"/>
<repPeriod duration="PT900S"/>
<measTypes>cpuLoad cpuUsed</measTypes>
<measValue measObjLdn="PLMN-PLMN/IMSNFM-MDE-VHSS/HSS-HSSDN_NHSSMDE4_DU/HSSCALLP-04/BRM-HSSCALLP-04/CPU-cpu2">
<measResults>4.2762 10.3553</measResults>
</measValue>
</measInfo>
<measInfo measInfoId="CPU">
<granPeriod duration="PT900S" endTime="2021-08-21T22:15:00+08:00"/>
<repPeriod duration="PT900S"/>
<measTypes>cpuLoad cpuUsed</measTypes>
<measValue measObjLdn="PLMN-PLMN/IMSNFM-MDE-VHSS/HSS-HSSDN_NHSSMDE4_DU/HSSCALLP-04/BRM-HSSCALLP-04/CPU-cpu3">
<measResults>3.9492 8.836</measResults>
</measValue>
</measInfo>
<measInfo measInfoId="CPU">
<granPeriod duration="PT900S" endTime="2021-08-21T22:15:00+08:00"/>
<repPeriod duration="PT900S"/>
<measTypes>cpuLoad cpuUsed</measTypes>
<measValue measObjLdn="PLMN-PLMN/IMSNFM-MDE-VHSS/HSS-HSSDN_NHSSMDE4_DU/HSSCALLP-04/BRM-HSSCALLP-04/CPU-cpu0">
<measResults>3.7475 9.6144</measResults>
</measValue>
</measInfo>
<measInfo measInfoId="CPU">
<granPeriod duration="PT900S" endTime="2021-08-21T22:15:00+08:00"/>
<repPeriod duration="PT900S"/>
<measTypes>cpuLoad cpuUsed</measTypes>
<measValue measObjLdn="PLMN-PLMN/IMSNFM-MDE-VHSS/HSS-HSSDN_NHSSMDE4_DU/HSSCALLP-04/BRM-HSSCALLP-04/CPU-cpu1">
<measResults>4.2154 10.1476</measResults>
</measValue>
</measInfo>
<measInfo measInfoId="CPU">
<granPeriod duration="PT900S" endTime="2021-08-21T22:15:00+08:00"/>
<repPeriod duration="PT900S"/>
<measTypes>cpuLoad cpuUsed</measTypes>
<measValue measObjLdn="PLMN-PLMN/IMSNFM-MDE-VHSS/HSS-HSSDN_NHSSMDE4_DU/HSSCALLP-04/BRM-HSSCALLP-04/CPU-cpu">
<measResults>4.1106 10.347</measResults>
</measValue>
</measInfo>
<measInfo measInfoId="VCPU">
<granPeriod duration="PT900S" endTime="2021-08-21T22:15:00+08:00"/>
<repPeriod duration="PT900S"/>
<measTypes>vCPUs</measTypes>
<measValue measObjLdn="PLMN-PLMN/IMSNFM-MDE-VHSS/HSS-HSSDN_NHSSMDE4_DU/HSSCALLP-04/BRM-HSSCALLP-04/VCPU-1">
<measResults>8</measResults>
</measValue>
</measInfo>
<measInfo measInfoId="DISK">
<granPeriod duration="PT900S" endTime="2021-08-21T22:15:00+08:00"/>
<repPeriod duration="PT900S"/>
<measTypes>bytesReceivedDisk bytesTransmittedDisk</measTypes>
<measValue measObjLdn="PLMN-PLMN/IMSNFM-MDE-VHSS/HSS-HSSDN_NHSSMDE4_DU/HSSCALLP-04/BRM-HSSCALLP-04/DISK-0">
<measResults>4323972 13539383816</measResults>
</measValue>
</measInfo>
<measInfo measInfoId="FS">
<granPeriod duration="PT900S" endTime="2021-08-21T22:15:00+08:00"/>
<repPeriod duration="PT900S"/>
<measTypes>fsUsed</measTypes>
<measValue measObjLdn="PLMN-PLMN/IMSNFM-MDE-VHSS/HSS-HSSDN_NHSSMDE4_DU/HSSCALLP-04/BRM-HSSCALLP-04/FS-_dev_mapper_vg00_root">
<measResults>0</measResults>
</measValue>
</measInfo>
<measInfo measInfoId="FS">
<granPeriod duration="PT900S" endTime="2021-08-21T22:15:00+08:00"/>
<repPeriod duration="PT900S"/>
<measTypes>fsUsed</measTypes>
<measValue measObjLdn="PLMN-PLMN/IMSNFM-MDE-VHSS/HSS-HSSDN_NHSSMDE4_DU/HSSCALLP-04/BRM-HSSCALLP-04/FS-_dev_mapper_vg00_Charging">
<measResults>0</measResults>
</measValue>
</measInfo>
<measInfo measInfoId="FS">
<granPeriod duration="PT900S" endTime="2021-08-21T22:15:00+08:00"/>
<repPeriod duration="PT900S"/>
<measTypes>fsUsed</measTypes>
<measValue measObjLdn="PLMN-PLMN/IMSNFM-MDE-VHSS/HSS-HSSDN_NHSSMDE4_DU/HSSCALLP-04/BRM-HSSCALLP-04/FS-tmpfs">
<measResults>0</measResults>
</measValue>
</measInfo>
<measInfo measInfoId="FS">
<granPeriod duration="PT900S" endTime="2021-08-21T22:15:00+08:00"/>
<repPeriod duration="PT900S"/>
<measTypes>fsUsed</measTypes>
<measValue measObjLdn="PLMN-PLMN/IMSNFM-MDE-VHSS/HSS-HSSDN_NHSSMDE4_DU/HSSCALLP-04/BRM-HSSCALLP-04/FS-_dev_mapper_vg00_TspCore">
<measResults>0</measResults>
</measValue>
</measInfo>
<measInfo measInfoId="FS">
<granPeriod duration="PT900S" endTime="2021-08-21T22:15:00+08:00"/>
<repPeriod duration="PT900S"/>
<measTypes>fsUsed</measTypes>
<measValue measObjLdn="PLMN-PLMN/IMSNFM-MDE-VHSS/HSS-HSSDN_NHSSMDE4_DU/HSSCALLP-04/BRM-HSSCALLP-04/FS-_dev_mapper_vg00_appDb">
<measResults>0</measResults>
</measValue>
</measInfo>
<measInfo measInfoId="FS">
<granPeriod duration="PT900S" endTime="2021-08-21T22:15:00+08:00"/>
<repPeriod duration="PT900S"/>
<measTypes>fsUsed</measTypes>
<measValue measObjLdn="PLMN-PLMN/IMSNFM-MDE-VHSS/HSS-HSSDN_NHSSMDE4_DU/HSSCALLP-04/BRM-HSSCALLP-04/FS-_dev_mapper_vg00_dump">
<measResults>0</measResults>
</measValue>
</measInfo>
<measInfo measInfoId="FS">
<granPeriod duration="PT900S" endTime="2021-08-21T22:15:00+08:00"/>
<repPeriod duration="PT900S"/>
<measTypes>fsUsed</measTypes>
<measValue measObjLdn="PLMN-PLMN/IMSNFM-MDE-VHSS/HSS-HSSDN_NHSSMDE4_DU/HSSCALLP-04/BRM-HSSCALLP-04/FS-_dev_vda1">
<measResults>0</measResults>
</measValue>
</measInfo>
<measInfo measInfoId="FS">
<granPeriod duration="PT900S" endTime="2021-08-21T22:15:00+08:00"/>
<repPeriod duration="PT900S"/>
<measTypes>fsUsed</measTypes>
<measValue measObjLdn="PLMN-PLMN/IMSNFM-MDE-VHSS/HSS-HSSDN_NHSSMDE4_DU/HSSCALLP-04/BRM-HSSCALLP-04/FS-_dev_mapper_vg00_var">
<measResults>0</measResults>
</measValue>
</measInfo>
<measInfo measInfoId="FS">
<granPeriod duration="PT900S" endTime="2021-08-21T22:15:00+08:00"/>
<repPeriod duration="PT900S"/>
<measTypes>fsUsed</measTypes>
<measValue measObjLdn="PLMN-PLMN/IMSNFM-MDE-VHSS/HSS-HSSDN_NHSSMDE4_DU/HSSCALLP-04/BRM-HSSCALLP-04/FS-_dev_mapper_vg00_tmp">
<measResults>0</measResults>
</measValue>
</measInfo>
<measInfo measInfoId="FS">
<granPeriod duration="PT900S" endTime="2021-08-21T22:15:00+08:00"/>
<repPeriod duration="PT900S"/>
<measTypes>fsUsed</measTypes>
<measValue measObjLdn="PLMN-PLMN/IMSNFM-MDE-VHSS/HSS-HSSDN_NHSSMDE4_DU/HSSCALLP-04/BRM-HSSCALLP-04/FS-_dev_mapper_vg00_tspdb">
<measResults>0</measResults>
</measValue>
</measInfo>
<measInfo measInfoId="FS">
<granPeriod duration="PT900S" endTime="2021-08-21T22:15:00+08:00"/>
<repPeriod duration="PT900S"/>
<measTypes>fsUsed</measTypes>
<measValue measObjLdn="PLMN-PLMN/IMSNFM-MDE-VHSS/HSS-HSSDN_NHSSMDE4_DU/HSSCALLP-04/BRM-HSSCALLP-04/FS-_dev_mapper_vg00_home">
<measResults>0</measResults>
</measValue>
</measInfo>
<measInfo measInfoId="NETWORK">
<granPeriod duration="PT900S" endTime="2021-08-21T22:15:00+08:00"/>
<repPeriod duration="PT900S"/>
<measTypes>bytesReceived packetsReceived bytesTransmitted badPacketsReceived packetsTransmitted transmitErrors</measTypes>
<measValue measObjLdn="PLMN-PLMN/IMSNFM-MDE-VHSS/HSS-HSSDN_NHSSMDE4_DU/HSSCALLP-01/BRM-HSSCALLP-01/NET-eth0">
<measResults>15828475442 15828475442 2536622914121 0 2536622914121 0</measResults>
</measValue>
</measInfo>
<measInfo measInfoId="NETWORK">
<granPeriod duration="PT900S" endTime="2021-08-21T22:15:00+08:00"/>
<repPeriod duration="PT900S"/>
<measTypes>bytesReceived packetsReceived bytesTransmitted badPacketsReceived packetsTransmitted transmitErrors</measTypes>
<measValue measObjLdn="PLMN-PLMN/IMSNFM-MDE-VHSS/HSS-HSSDN_NHSSMDE4_DU/HSSCALLP-01/BRM-HSSCALLP-01/NET-lo">
<measResults>15828475442 15828475442 2536622914121 0 2536622914121 0</measResults>
</measValue>
</measInfo>
<measInfo measInfoId="NETWORK">
<granPeriod duration="PT900S" endTime="2021-08-21T22:15:00+08:00"/>
<repPeriod duration="PT900S"/>
<measTypes>bytesReceived packetsReceived bytesTransmitted badPacketsReceived packetsTransmitted transmitErrors</measTypes>
<measValue measObjLdn="PLMN-PLMN/IMSNFM-MDE-VHSS/HSS-HSSDN_NHSSMDE4_DU/HSSCALLP-01/BRM-HSSCALLP-01/NET-eth2">
<measResults>15828475442 15828475442 2536622914121 0 2536622914121 0</measResults>
</measValue>
</measInfo>
<measInfo measInfoId="NETWORK">
<granPeriod duration="PT900S" endTime="2021-08-21T22:15:00+08:00"/>
<repPeriod duration="PT900S"/>
<measTypes>bytesReceived packetsReceived bytesTransmitted badPacketsReceived packetsTransmitted transmitErrors</measTypes>
<measValue measObjLdn="PLMN-PLMN/IMSNFM-MDE-VHSS/HSS-HSSDN_NHSSMDE4_DU/HSSCALLP-01/BRM-HSSCALLP-01/NET-eth1">
<measResults>15828475442 15828475442 2536622914121 0 2536622914121 0</measResults>
</measValue>
</measInfo>
<measInfo measInfoId="AGGREGAT">
<granPeriod duration="PT900S" endTime="2021-08-21T22:15:00+08:00"/>
<repPeriod duration="PT900S"/>
<measTypes>sysUptime swapFree memFree sysAvailability swapUsed cpuPercentageOverValue cpuAverageLoad cpuPeakLoad memUsed</measTypes>
<measValue measObjLdn="PLMN-PLMN/IMSNFM-MDE-VHSS/HSS-HSSDN_NHSSMDE4_DU/HSSCALLP-01/BRM-1">
<measResults>64277758 4194300 14429624 0 4194300 0 26.6667 12 18351440</measResults>
</measValue>
</measInfo>
<measInfo measInfoId="DBSpace">
<granPeriod duration="PT900S" endTime="2021-08-21T22:15:00+08:00"/>
<repPeriod duration="PT900S"/>
<measTypes>DbSpaceUsed DbSpaceAvailable</measTypes>
<measValue measObjLdn="PLMN-PLMN/IMSNFM-MDE-VHSS/HSS-HSSDN_NHSSMDE4_DU/HSSCALLP-01/BRM-HSSCALLP-01/DBSpace-1">
<measResults>12817 19774</measResults>
</measValue>
</measInfo>
<measInfo measInfoId="CPU">
<granPeriod duration="PT900S" endTime="2021-08-21T22:15:00+08:00"/>
<repPeriod duration="PT900S"/>
<measTypes>cpuLoad cpuUsed</measTypes>
<measValue measObjLdn="PLMN-PLMN/IMSNFM-MDE-VHSS/HSS-HSSDN_NHSSMDE4_DU/HSSCALLP-01/BRM-HSSCALLP-01/CPU-cpu6">
<measResults>3.5616 11.2513</measResults>
</measValue>
</measInfo>
<measInfo measInfoId="CPU">
<granPeriod duration="PT900S" endTime="2021-08-21T22:15:00+08:00"/>
<repPeriod duration="PT900S"/>
<measTypes>cpuLoad cpuUsed</measTypes>
<measValue measObjLdn="PLMN-PLMN/IMSNFM-MDE-VHSS/HSS-HSSDN_NHSSMDE4_DU/HSSCALLP-01/BRM-HSSCALLP-01/CPU-cpu7">
<measResults>5.3771 15.7032</measResults>
</measValue>
</measInfo>
<measInfo measInfoId="CPU">
<granPeriod duration="PT900S" endTime="2021-08-21T22:15:00+08:00"/>
<repPeriod duration="PT900S"/>
<measTypes>cpuLoad cpuUsed</measTypes>
<measValue measObjLdn="PLMN-PLMN/IMSNFM-MDE-VHSS/HSS-HSSDN_NHSSMDE4_DU/HSSCALLP-01/BRM-HSSCALLP-01/CPU-cpu4">
<measResults>3.7001 11.412</measResults>
</measValue>
</measInfo>
<measInfo measInfoId="CPU">
<granPeriod duration="PT900S" endTime="2021-08-21T22:15:00+08:00"/>
<repPeriod duration="PT900S"/>
<measTypes>cpuLoad cpuUsed</measTypes>
<measValue measObjLdn="PLMN-PLMN/IMSNFM-MDE-VHSS/HSS-HSSDN_NHSSMDE4_DU/HSSCALLP-01/BRM-HSSCALLP-01/CPU-cpu5">
<measResults>3.9149 12.5429</measResults>
</measValue>
</measInfo>
<measInfo measInfoId="CPU">
<granPeriod duration="PT900S" endTime="2021-08-21T22:15:00+08:00"/>
<repPeriod duration="PT900S"/>
<measTypes>cpuLoad cpuUsed</measTypes>
<measValue measObjLdn="PLMN-PLMN/IMSNFM-MDE-VHSS/HSS-HSSDN_NHSSMDE4_DU/HSSCALLP-01/BRM-HSSCALLP-01/CPU-cpu2">
<measResults>4.1398 11.7246</measResults>
</measValue>
</measInfo>
<measInfo measInfoId="CPU">
<granPeriod duration="PT900S" endTime="2021-08-21T22:15:00+08:00"/>
<repPeriod duration="PT900S"/>
<measTypes>cpuLoad cpuUsed</measTypes>
<measValue measObjLdn="PLMN-PLMN/IMSNFM-MDE-VHSS/HSS-HSSDN_NHSSMDE4_DU/HSSCALLP-01/BRM-HSSCALLP-01/CPU-cpu3">
<measResults>3.8756 11.1779</measResults>
</measValue>
</measInfo>
<measInfo measInfoId="CPU">
<granPeriod duration="PT900S" endTime="2021-08-21T22:15:00+08:00"/>
<repPeriod duration="PT900S"/>
<measTypes>cpuLoad cpuUsed</measTypes>
<measValue measObjLdn="PLMN-PLMN/IMSNFM-MDE-VHSS/HSS-HSSDN_NHSSMDE4_DU/HSSCALLP-01/BRM-HSSCALLP-01/CPU-cpu0">
<measResults>3.6316 12.2742</measResults>
</measValue>
</measInfo>
<measInfo measInfoId="CPU">
<granPeriod duration="PT900S" endTime="2021-08-21T22:15:00+08:00"/>
<repPeriod duration="PT900S"/>
<measTypes>cpuLoad cpuUsed</measTypes>
<measValue measObjLdn="PLMN-PLMN/IMSNFM-MDE-VHSS/HSS-HSSDN_NHSSMDE4_DU/HSSCALLP-01/BRM-HSSCALLP-01/CPU-cpu1">
<measResults>4.3042 11.7016</measResults>
</measValue>
</measInfo>
<measInfo measInfoId="CPU">
<granPeriod duration="PT900S" endTime="2021-08-21T22:15:00+08:00"/>
<repPeriod duration="PT900S"/>
<measTypes>cpuLoad cpuUsed</measTypes>
<measValue measObjLdn="PLMN-PLMN/IMSNFM-MDE-VHSS/HSS-HSSDN_NHSSMDE4_DU/HSSCALLP-01/BRM-HSSCALLP-01/CPU-cpu">
<measResults>4.0622 12.2265</measResults>
</measValue>
</measInfo>
<measInfo measInfoId="VCPU">
<granPeriod duration="PT900S" endTime="2021-08-21T22:15:00+08:00"/>
<repPeriod duration="PT900S"/>
<measTypes>vCPUs</measTypes>
<measValue measObjLdn="PLMN-PLMN/IMSNFM-MDE-VHSS/HSS-HSSDN_NHSSMDE4_DU/HSSCALLP-01/BRM-HSSCALLP-01/VCPU-1">
<measResults>8</measResults>
</measValue>
</measInfo>
<measInfo measInfoId="DISK">
<granPeriod duration="PT900S" endTime="2021-08-21T22:15:00+08:00"/>
<repPeriod duration="PT900S"/>
<measTypes>bytesReceivedDisk bytesTransmittedDisk</measTypes>
<measValue measObjLdn="PLMN-PLMN/IMSNFM-MDE-VHSS/HSS-HSSDN_NHSSMDE4_DU/HSSCALLP-01/BRM-HSSCALLP-01/DISK-0">
<measResults>4314148 11543387828</measResults>
</measValue>
</measInfo>
<measInfo measInfoId="FS">
<granPeriod duration="PT900S" endTime="2021-08-21T22:15:00+08:00"/>
<repPeriod duration="PT900S"/>
<measTypes>fsUsed</measTypes>
<measValue measObjLdn="PLMN-PLMN/IMSNFM-MDE-VHSS/HSS-HSSDN_NHSSMDE4_DU/HSSCALLP-01/BRM-HSSCALLP-01/FS-_dev_mapper_vg00_root">
<measResults>0</measResults>
</measValue>
</measInfo>
<measInfo measInfoId="FS">
<granPeriod duration="PT900S" endTime="2021-08-21T22:15:00+08:00"/>
<repPeriod duration="PT900S"/>
<measTypes>fsUsed</measTypes>
<measValue measObjLdn="PLMN-PLMN/IMSNFM-MDE-VHSS/HSS-HSSDN_NHSSMDE4_DU/HSSCALLP-01/BRM-HSSCALLP-01/FS-_dev_mapper_vg00_Charging">
<measResults>0</measResults>
</measValue>
</measInfo>
<measInfo measInfoId="FS">
<granPeriod duration="PT900S" endTime="2021-08-21T22:15:00+08:00"/>
<repPeriod duration="PT900S"/>
<measTypes>fsUsed</measTypes>
<measValue measObjLdn="PLMN-PLMN/IMSNFM-MDE-VHSS/HSS-HSSDN_NHSSMDE4_DU/HSSCALLP-01/BRM-HSSCALLP-01/FS-tmpfs">
<measResults>0</measResults>
</measValue>
</measInfo>
<measInfo measInfoId="FS">
<granPeriod duration="PT900S" endTime="2021-08-21T22:15:00+08:00"/>
<repPeriod duration="PT900S"/>
<measTypes>fsUsed</measTypes>
<measValue measObjLdn="PLMN-PLMN/IMSNFM-MDE-VHSS/HSS-HSSDN_NHSSMDE4_DU/HSSCALLP-01/BRM-HSSCALLP-01/FS-_dev_mapper_vg00_TspCore">
<measResults>0</measResults>
</measValue>
</measInfo>
<measInfo measInfoId="FS">
<granPeriod duration="PT900S" endTime="2021-08-21T22:15:00+08:00"/>
<repPeriod duration="PT900S"/>
<measTypes>fsUsed</measTypes>
<measValue measObjLdn="PLMN-PLMN/IMSNFM-MDE-VHSS/HSS-HSSDN_NHSSMDE4_DU/HSSCALLP-01/BRM-HSSCALLP-01/FS-_dev_mapper_vg00_appDb">
<measResults>0</measResults>
</measValue>
</measInfo>
<measInfo measInfoId="FS">
<granPeriod duration="PT900S" endTime="2021-08-21T22:15:00+08:00"/>
<repPeriod duration="PT900S"/>
<measTypes>fsUsed</measTypes>
<measValue measObjLdn="PLMN-PLMN/IMSNFM-MDE-VHSS/HSS-HSSDN_NHSSMDE4_DU/HSSCALLP-01/BRM-HSSCALLP-01/FS-_dev_mapper_vg00_dump">
<measResults>0</measResults>
</measValue>
</measInfo>
<measInfo measInfoId="FS">
<granPeriod duration="PT900S" endTime="2021-08-21T22:15:00+08:00"/>
<repPeriod duration="PT900S"/>
<measTypes>fsUsed</measTypes>
<measValue measObjLdn="PLMN-PLMN/IMSNFM-MDE-VHSS/HSS-HSSDN_NHSSMDE4_DU/HSSCALLP-01/BRM-HSSCALLP-01/FS-_dev_vda1">
<measResults>0</measResults>
</measValue>
</measInfo>
<measInfo measInfoId="FS">
<granPeriod duration="PT900S" endTime="2021-08-21T22:15:00+08:00"/>
<repPeriod duration="PT900S"/>
<measTypes>fsUsed</measTypes>
<measValue measObjLdn="PLMN-PLMN/IMSNFM-MDE-VHSS/HSS-HSSDN_NHSSMDE4_DU/HSSCALLP-01/BRM-HSSCALLP-01/FS-_dev_mapper_vg00_var">
<measResults>0</measResults>
</measValue>
</measInfo>
<measInfo measInfoId="FS">
<granPeriod duration="PT900S" endTime="2021-08-21T22:15:00+08:00"/>
<repPeriod duration="PT900S"/>
<measTypes>fsUsed</measTypes>
<measValue measObjLdn="PLMN-PLMN/IMSNFM-MDE-VHSS/HSS-HSSDN_NHSSMDE4_DU/HSSCALLP-01/BRM-HSSCALLP-01/FS-_dev_mapper_vg00_tmp">
<measResults>0</measResults>
</measValue>
</measInfo>
<measInfo measInfoId="FS">
<granPeriod duration="PT900S" endTime="2021-08-21T22:15:00+08:00"/>
<repPeriod duration="PT900S"/>
<measTypes>fsUsed</measTypes>
<measValue measObjLdn="PLMN-PLMN/IMSNFM-MDE-VHSS/HSS-HSSDN_NHSSMDE4_DU/HSSCALLP-01/BRM-HSSCALLP-01/FS-_dev_mapper_vg00_tspdb">
<measResults>0</measResults>
</measValue>
</measInfo>
<measInfo measInfoId="FS">
<granPeriod duration="PT900S" endTime="2021-08-21T22:15:00+08:00"/>
<repPeriod duration="PT900S"/>
<measTypes>fsUsed</measTypes>
<measValue measObjLdn="PLMN-PLMN/IMSNFM-MDE-VHSS/HSS-HSSDN_NHSSMDE4_DU/HSSCALLP-01/BRM-HSSCALLP-01/FS-_dev_mapper_vg00_home">
<measResults>0</measResults>
</measValue>
</measInfo>
<measInfo measInfoId="NETWORK">
<granPeriod duration="PT900S" endTime="2021-08-21T22:15:00+08:00"/>
<repPeriod duration="PT900S"/>
<measTypes>bytesReceived packetsReceived bytesTransmitted badPacketsReceived packetsTransmitted transmitErrors</measTypes>
<measValue measObjLdn="PLMN-PLMN/IMSNFM-MDE-VHSS/HSS-HSSDN_NHSSMDE4_DU/HSSCALLP-02/BRM-HSSCALLP-02/NET-eth0">
<measResults>15832090460 15832090460 2537037877878 0 2537037877878 0</measResults>
</measValue>
</measInfo>
<measInfo measInfoId="NETWORK">
<granPeriod duration="PT900S" endTime="2021-08-21T22:15:00+08:00"/>
<repPeriod duration="PT900S"/>
<measTypes>bytesReceived packetsReceived bytesTransmitted badPacketsReceived packetsTransmitted transmitErrors</measTypes>
<measValue measObjLdn="PLMN-PLMN/IMSNFM-MDE-VHSS/HSS-HSSDN_NHSSMDE4_DU/HSSCALLP-02/BRM-HSSCALLP-02/NET-lo">
<measResults>15832090460 15832090460 2537037877878 0 2537037877878 0</measResults>
</measValue>
</measInfo>
<measInfo measInfoId="NETWORK">
<granPeriod duration="PT900S" endTime="2021-08-21T22:15:00+08:00"/>
<repPeriod duration="PT900S"/>
<measTypes>bytesReceived packetsReceived bytesTransmitted badPacketsReceived packetsTransmitted transmitErrors</measTypes>
<measValue measObjLdn="PLMN-PLMN/IMSNFM-MDE-VHSS/HSS-HSSDN_NHSSMDE4_DU/HSSCALLP-02/BRM-HSSCALLP-02/NET-eth2">
<measResults>15832090460 15832090460 2537037877878 0 2537037877878 0</measResults>
</measValue>
</measInfo>
<measInfo measInfoId="NETWORK">
<granPeriod duration="PT900S" endTime="2021-08-21T22:15:00+08:00"/>
<repPeriod duration="PT900S"/>
<measTypes>bytesReceived packetsReceived bytesTransmitted badPacketsReceived packetsTransmitted transmitErrors</measTypes>
<measValue measObjLdn="PLMN-PLMN/IMSNFM-MDE-VHSS/HSS-HSSDN_NHSSMDE4_DU/HSSCALLP-02/BRM-HSSCALLP-02/NET-eth1">
<measResults>15832090460 15832090460 2537037877878 0 2537037877878 0</measResults>
</measValue>
</measInfo>
<measInfo measInfoId="AGGREGAT">
<granPeriod duration="PT900S" endTime="2021-08-21T22:15:00+08:00"/>
<repPeriod duration="PT900S"/>
<measTypes>sysUptime swapFree memFree sysAvailability swapUsed cpuPercentageOverValue cpuAverageLoad cpuPeakLoad memUsed</measTypes>
<measValue measObjLdn="PLMN-PLMN/IMSNFM-MDE-VHSS/HSS-HSSDN_NHSSMDE4_DU/HSSCALLP-02/BRM-1">
<measResults>64277748 4194300 14397808 0 4194300 0 22 10 18384324</measResults>
</measValue>
</measInfo>
<measInfo measInfoId="DBSpace">
<granPeriod duration="PT900S" endTime="2021-08-21T22:15:00+08:00"/>
<repPeriod duration="PT900S"/>
<measTypes>DbSpaceUsed DbSpaceAvailable</measTypes>
<measValue measObjLdn="PLMN-PLMN/IMSNFM-MDE-VHSS/HSS-HSSDN_NHSSMDE4_DU/HSSCALLP-02/BRM-HSSCALLP-02/DBSpace-1">
<measResults>12686 19774</measResults>
</measValue>
</measInfo>
<measInfo measInfoId="CPU">
<granPeriod duration="PT900S" endTime="2021-08-21T22:15:00+08:00"/>
<repPeriod duration="PT900S"/>
<measTypes>cpuLoad cpuUsed</measTypes>
<measValue measObjLdn="PLMN-PLMN/IMSNFM-MDE-VHSS/HSS-HSSDN_NHSSMDE4_DU/HSSCALLP-02/BRM-HSSCALLP-02/CPU-cpu6">
<measResults>3.5366 8.2429</measResults>
</measValue>
</measInfo>
<measInfo measInfoId="CPU">
<granPeriod duration="PT900S" endTime="2021-08-21T22:15:00+08:00"/>
<repPeriod duration="PT900S"/>
<measTypes>cpuLoad cpuUsed</measTypes>
<measValue measObjLdn="PLMN-PLMN/IMSNFM-MDE-VHSS/HSS-HSSDN_NHSSMDE4_DU/HSSCALLP-02/BRM-HSSCALLP-02/CPU-cpu7">
<measResults>5.3578 11.3279</measResults>
</measValue>
</measInfo>
<measInfo measInfoId="CPU">
<granPeriod duration="PT900S" endTime="2021-08-21T22:15:00+08:00"/>
<repPeriod duration="PT900S"/>
<measTypes>cpuLoad cpuUsed</measTypes>
<measValue measObjLdn="PLMN-PLMN/IMSNFM-MDE-VHSS/HSS-HSSDN_NHSSMDE4_DU/HSSCALLP-02/BRM-HSSCALLP-02/CPU-cpu4">
<measResults>3.5575 8.4337</measResults>
</measValue>
</measInfo>
<measInfo measInfoId="CPU">
<granPeriod duration="PT900S" endTime="2021-08-21T22:15:00+08:00"/>
<repPeriod duration="PT900S"/>
<measTypes>cpuLoad cpuUsed</measTypes>
<measValue measObjLdn="PLMN-PLMN/IMSNFM-MDE-VHSS/HSS-HSSDN_NHSSMDE4_DU/HSSCALLP-02/BRM-HSSCALLP-02/CPU-cpu5">
<measResults>3.8856 9.7865</measResults>
</measValue>
</measInfo>
<measInfo measInfoId="CPU">
<granPeriod duration="PT900S" endTime="2021-08-21T22:15:00+08:00"/>
<repPeriod duration="PT900S"/>
<measTypes>cpuLoad cpuUsed</measTypes>
<measValue measObjLdn="PLMN-PLMN/IMSNFM-MDE-VHSS/HSS-HSSDN_NHSSMDE4_DU/HSSCALLP-02/BRM-HSSCALLP-02/CPU-cpu2">
<measResults>4.1266 7.9925</measResults>
</measValue>
</measInfo>
<measInfo measInfoId="CPU">
<granPeriod duration="PT900S" endTime="2021-08-21T22:15:00+08:00"/>
<repPeriod duration="PT900S"/>
<measTypes>cpuLoad cpuUsed</measTypes>
<measValue measObjLdn="PLMN-PLMN/IMSNFM-MDE-VHSS/HSS-HSSDN_NHSSMDE4_DU/HSSCALLP-02/BRM-HSSCALLP-02/CPU-cpu3">
<measResults>3.8597 8.5331</measResults>
</measValue>
</measInfo>
<measInfo measInfoId="CPU">
<granPeriod duration="PT900S" endTime="2021-08-21T22:15:00+08:00"/>
<repPeriod duration="PT900S"/>
<measTypes>cpuLoad cpuUsed</measTypes>
<measValue measObjLdn="PLMN-PLMN/IMSNFM-MDE-VHSS/HSS-HSSDN_NHSSMDE4_DU/HSSCALLP-02/BRM-HSSCALLP-02/CPU-cpu0">
<measResults>3.6688 9.1216</measResults>
</measValue>
</measInfo>
<measInfo measInfoId="CPU">
<granPeriod duration="PT900S" endTime="2021-08-21T22:15:00+08:00"/>
<repPeriod duration="PT900S"/>
<measTypes>cpuLoad cpuUsed</measTypes>
<measValue measObjLdn="PLMN-PLMN/IMSNFM-MDE-VHSS/HSS-HSSDN_NHSSMDE4_DU/HSSCALLP-02/BRM-HSSCALLP-02/CPU-cpu1">
<measResults>4.3112 9.6643</measResults>
</measValue>
</measInfo>
<measInfo measInfoId="CPU">
<granPeriod duration="PT900S" endTime="2021-08-21T22:15:00+08:00"/>
<repPeriod duration="PT900S"/>
<measTypes>cpuLoad cpuUsed</measTypes>
<measValue measObjLdn="PLMN-PLMN/IMSNFM-MDE-VHSS/HSS-HSSDN_NHSSMDE4_DU/HSSCALLP-02/BRM-HSSCALLP-02/CPU-cpu">
<measResults>4.0372 9.137</measResults>
</measValue>
</measInfo>
<measInfo measInfoId="VCPU">
<granPeriod duration="PT900S" endTime="2021-08-21T22:15:00+08:00"/>
<repPeriod duration="PT900S"/>
<measTypes>vCPUs</measTypes>
<measValue measObjLdn="PLMN-PLMN/IMSNFM-MDE-VHSS/HSS-HSSDN_NHSSMDE4_DU/HSSCALLP-02/BRM-HSSCALLP-02/VCPU-1">
<measResults>8</measResults>
</measValue>
</measInfo>
<measInfo measInfoId="DISK">
<granPeriod duration="PT900S" endTime="2021-08-21T22:15:00+08:00"/>
<repPeriod duration="PT900S"/>
<measTypes>bytesReceivedDisk bytesTransmittedDisk</measTypes>
<measValue measObjLdn="PLMN-PLMN/IMSNFM-MDE-VHSS/HSS-HSSDN_NHSSMDE4_DU/HSSCALLP-02/BRM-HSSCALLP-02/DISK-0">
<measResults>4294692 13493809248</measResults>
</measValue>
</measInfo>
<measInfo measInfoId="FS">
<granPeriod duration="PT900S" endTime="2021-08-21T22:15:00+08:00"/>
<repPeriod duration="PT900S"/>
<measTypes>fsUsed</measTypes>
<measValue measObjLdn="PLMN-PLMN/IMSNFM-MDE-VHSS/HSS-HSSDN_NHSSMDE4_DU/HSSCALLP-02/BRM-HSSCALLP-02/FS-_dev_mapper_vg00_root">
<measResults>0</measResults>
</measValue>
</measInfo>
<measInfo measInfoId="FS">
<granPeriod duration="PT900S" endTime="2021-08-21T22:15:00+08:00"/>
<repPeriod duration="PT900S"/>
<measTypes>fsUsed</measTypes>
<measValue measObjLdn="PLMN-PLMN/IMSNFM-MDE-VHSS/HSS-HSSDN_NHSSMDE4_DU/HSSCALLP-02/BRM-HSSCALLP-02/FS-_dev_mapper_vg00_Charging">
<measResults>0</measResults>
</measValue>
</measInfo>
<measInfo measInfoId="FS">
<granPeriod duration="PT900S" endTime="2021-08-21T22:15:00+08:00"/>
<repPeriod duration="PT900S"/>
<measTypes>fsUsed</measTypes>
<measValue measObjLdn="PLMN-PLMN/IMSNFM-MDE-VHSS/HSS-HSSDN_NHSSMDE4_DU/HSSCALLP-02/BRM-HSSCALLP-02/FS-tmpfs">
<measResults>0</measResults>
</measValue>
</measInfo>
<measInfo measInfoId="FS">
<granPeriod duration="PT900S" endTime="2021-08-21T22:15:00+08:00"/>
<repPeriod duration="PT900S"/>
<measTypes>fsUsed</measTypes>
<measValue measObjLdn="PLMN-PLMN/IMSNFM-MDE-VHSS/HSS-HSSDN_NHSSMDE4_DU/HSSCALLP-02/BRM-HSSCALLP-02/FS-_dev_mapper_vg00_TspCore">
<measResults>0</measResults>
</measValue>
</measInfo>
<measInfo measInfoId="FS">
<granPeriod duration="PT900S" endTime="2021-08-21T22:15:00+08:00"/>
<repPeriod duration="PT900S"/>
<measTypes>fsUsed</measTypes>
<measValue measObjLdn="PLMN-PLMN/IMSNFM-MDE-VHSS/HSS-HSSDN_NHSSMDE4_DU/HSSCALLP-02/BRM-HSSCALLP-02/FS-_dev_mapper_vg00_appDb">
<measResults>0</measResults>
</measValue>
</measInfo>
<measInfo measInfoId="FS">
<granPeriod duration="PT900S" endTime="2021-08-21T22:15:00+08:00"/>
<repPeriod duration="PT900S"/>
<measTypes>fsUsed</measTypes>
<measValue measObjLdn="PLMN-PLMN/IMSNFM-MDE-VHSS/HSS-HSSDN_NHSSMDE4_DU/HSSCALLP-02/BRM-HSSCALLP-02/FS-_dev_mapper_vg00_dump">
<measResults>0</measResults>
</measValue>
</measInfo>
<measInfo measInfoId="FS">
<granPeriod duration="PT900S" endTime="2021-08-21T22:15:00+08:00"/>
<repPeriod duration="PT900S"/>
<measTypes>fsUsed</measTypes>
<measValue measObjLdn="PLMN-PLMN/IMSNFM-MDE-VHSS/HSS-HSSDN_NHSSMDE4_DU/HSSCALLP-02/BRM-HSSCALLP-02/FS-_dev_vda1">
<measResults>0</measResults>
</measValue>
</measInfo>
<measInfo measInfoId="FS">
<granPeriod duration="PT900S" endTime="2021-08-21T22:15:00+08:00"/>
<repPeriod duration="PT900S"/>
<measTypes>fsUsed</measTypes>
<measValue measObjLdn="PLMN-PLMN/IMSNFM-MDE-VHSS/HSS-HSSDN_NHSSMDE4_DU/HSSCALLP-02/BRM-HSSCALLP-02/FS-_dev_mapper_vg00_var">
<measResults>0</measResults>
</measValue>
</measInfo>
<measInfo measInfoId="FS">
<granPeriod duration="PT900S" endTime="2021-08-21T22:15:00+08:00"/>
<repPeriod duration="PT900S"/>
<measTypes>fsUsed</measTypes>
<measValue measObjLdn="PLMN-PLMN/IMSNFM-MDE-VHSS/HSS-HSSDN_NHSSMDE4_DU/HSSCALLP-02/BRM-HSSCALLP-02/FS-_dev_mapper_vg00_tmp">
<measResults>0</measResults>
</measValue>
</measInfo>
<measInfo measInfoId="FS">
<granPeriod duration="PT900S" endTime="2021-08-21T22:15:00+08:00"/>
<repPeriod duration="PT900S"/>
<measTypes>fsUsed</measTypes>
<measValue measObjLdn="PLMN-PLMN/IMSNFM-MDE-VHSS/HSS-HSSDN_NHSSMDE4_DU/HSSCALLP-02/BRM-HSSCALLP-02/FS-_dev_mapper_vg00_tspdb">
<measResults>0</measResults>
</measValue>
</measInfo>
<measInfo measInfoId="FS">
<granPeriod duration="PT900S" endTime="2021-08-21T22:15:00+08:00"/>
<repPeriod duration="PT900S"/>
<measTypes>fsUsed</measTypes>
<measValue measObjLdn="PLMN-PLMN/IMSNFM-MDE-VHSS/HSS-HSSDN_NHSSMDE4_DU/HSSCALLP-02/BRM-HSSCALLP-02/FS-_dev_mapper_vg00_home">
<measResults>0</measResults>
</measValue>
</measInfo>
</measData>
<fileFooter>
<measCollec endTime="2021-08-21T22:15:00+08:00"/>
</fileFooter>
</measCollecFile>