<?xml version="1.0" encoding="UTF-8"?>
<measCollecFile xmlns="http://latest/nmc-omc/cmNrm.doc#measCollec" xmlns:xsi="http://www.w3.org/2001/XMLSchema-instance" xsi:schemaLocation="http://latest/nmc-omc/cmNrm.doc#measCollec schema\pmResultSchedule.xsd">
    <fileHeader fileFormatVersion="32.435 V7.2" vendorName="Huawei">
        <fileSender elementType="vUSN"/>
        <measCollec beginTime="2021-08-11T23:00:00+08:00"/>
    </fileHeader>
    <measData>
        <managedElement userLabel="vis1USN02"/>
        <measInfo measInfoId="117440528">
            <granPeriod duration="PT3600S" endTime="2021-08-12T00:00:00+08:00"/>
            <repPeriod duration="PT3600S"/>
            <measTypes>117452213 117452214 117452215 117452216 117452217 117452218 117452219 117452220 117452221 </measTypes>
            <measValue measObjLdn="vis1USN02/UsnFunction:nodeName=link, USN Function Configuration Name=LINK_VNFC">
                <measResults>0 0 404 488 1606 2567 307 12 71 </measResults>
            </measValue>
        </measInfo>
        <measInfo measInfoId="117440542">
            <granPeriod duration="PT3600S" endTime="2021-08-12T00:00:00+08:00"/>
            <repPeriod duration="PT3600S"/>
            <measTypes>117453613 117453614 117453615 117453616 117453617 117453618 117453619 117453620 117453621 117453622 117453623 117453624 117453625 117453626 117453627 117453628 117453629 117453630 117453631 117453632 117453633 117453634 117453635 117453636 117453637 117453638 117453639 117453640 117453641 117453642 117453643 117453644 117453645 117453646 117453647 117453648 117453649 117453650 117453651 117453652 117453653 117453654 117453655 117453656 117453657 117453658 117453659 117453660 117453661 117453662 117453663 127996546 </measTypes>
            <measValue measObjLdn="vis1USN02/UsnFunction:nodeName=link, USN Function Configuration Name=LINK_VNFC">
                <measResults>1355814 1352608 4 0 0 0 0 0 0 0 0 0 0 1242801 164237 1369613 1369267 963 113011 110310 186787 179430 18257 1207572 0 1224093 1212758 3764 0 24469 0 0 0 0 0 0 0 0 0 0 0 0 0 53686 437 0 0 0 10607 16153 137040 0 </measResults>
            </measValue>
        </measInfo>
        <measInfo measInfoId="117440614">
            <granPeriod duration="PT3600S" endTime="2021-08-12T00:00:00+08:00"/>
            <repPeriod duration="PT3600S"/>
            <measTypes>117460813 117460814 117460815 117460816 117460817 117460819 117460820 117460821 </measTypes>
            <measValue measObjLdn="vis1USN02/UsnFunction:nodeName=link, USN Function Configuration Name=LINK_VNFC">
                <measResults>0 0 32 0 0 0 0 0 </measResults>
            </measValue>
        </measInfo>
        <measInfo measInfoId="117440615">
            <granPeriod duration="PT3600S" endTime="2021-08-12T00:00:00+08:00"/>
            <repPeriod duration="PT3600S"/>
            <measTypes>117460913 117460914 117460916 117460917 </measTypes>
            <measValue measObjLdn="vis1USN02/UsnFunction:nodeName=link, USN Function Configuration Name=LINK_VNFC">
                <measResults>0 0 0 0 </measResults>
            </measValue>
        </measInfo>
        <measInfo measInfoId="117440616">
            <granPeriod duration="PT3600S" endTime="2021-08-12T00:00:00+08:00"/>
            <repPeriod duration="PT3600S"/>
            <measTypes>117461013 117461014 117461015 117461016 117461017 117461019 117461020 117461021 117461022 </measTypes>
            <measValue measObjLdn="vis1USN02/UsnFunction:nodeName=link, USN Function Configuration Name=LINK_VNFC">
                <measResults>0 0 24202411 1654457 654667 12431312 11032699 441135 411661 </measResults>
            </measValue>
        </measInfo>
        <measInfo measInfoId="117440618">
            <granPeriod duration="PT3600S" endTime="2021-08-12T00:00:00+08:00"/>
            <repPeriod duration="PT3600S"/>
            <measTypes>117461213 117461214 117461215 117461216 117461217 117461218 117461219 117461220 117461221 117461222 </measTypes>
            <measValue measObjLdn="vis1USN02/UsnFunction:nodeName=link, USN Function Configuration Name=LINK_VNFC">
                <measResults>263189 61813 61779 234658 0 0 34 27465 0 0 </measResults>
            </measValue>
        </measInfo>
        <measInfo measInfoId="117440619">
            <granPeriod duration="PT3600S" endTime="2021-08-12T00:00:00+08:00"/>
            <repPeriod duration="PT3600S"/>
            <measTypes>117461313 117461314 117461315 117461316 117461317 117461318 117461319 117461320 117461321 117461322 </measTypes>
            <measValue measObjLdn="vis1USN02/UsnFunction:nodeName=link, USN Function Configuration Name=LINK_VNFC">
                <measResults>263189 61813 61779 234658 0 0 34 27474 0 0 </measResults>
            </measValue>
        </measInfo>
        <measInfo measInfoId="117440620">
            <granPeriod duration="PT3600S" endTime="2021-08-12T00:00:00+08:00"/>
            <repPeriod duration="PT3600S"/>
            <measTypes>117461418 117461419 117461420 117461421 117461422 117461423 117461424 117461425 117461426 117461427 </measTypes>
            <measValue measObjLdn="vis1USN02/UsnFunction:nodeName=link, USN Function Configuration Name=LINK_VNFC">
                <measResults>0 0 0 0 0 0 0 0 328 0 </measResults>
            </measValue>
        </measInfo>
        <measInfo measInfoId="117440621">
            <granPeriod duration="PT3600S" endTime="2021-08-12T00:00:00+08:00"/>
            <repPeriod duration="PT3600S"/>
            <measTypes>117461513 117461514 117461515 117461516 117461517 117461518 117461519 117461520 </measTypes>
            <measValue measObjLdn="vis1USN02/UsnFunction:nodeName=link, USN Function Configuration Name=LINK_VNFC">
                <measResults>0 0 0 0 0 0 0 9 </measResults>
            </measValue>
        </measInfo>
        <measInfo measInfoId="117496538">
            <granPeriod duration="PT3600S" endTime="2021-08-12T00:00:00+08:00"/>
            <repPeriod duration="PT3600S"/>
            <measTypes>117498413 117498414 117498415 117498416 117498417 117498418 117498419 117498420 117498421 117498422 117498423 117498424 117498425 117498426 117498427 </measTypes>
            <measValue measObjLdn="vis1USN02/UsnFunction:nodeName=link, USN Function Configuration Name=LINK_VNFC">
                <measResults>0 0 0 0 0 0 0 0 0 0 0 0 0 0 0 </measResults>
            </measValue>
        </measInfo>
        <measInfo measInfoId="1912209408">
            <granPeriod duration="PT3600S" endTime="2021-08-12T00:00:00+08:00"/>
            <repPeriod duration="PT3600S"/>
            <measTypes>1912209408 1912209409 1912209410 1912209411 1912209412 1912209413 1912209414 1912209415 1912209416 1912209417 1912209418 1912209419 1912209420 1912209421 1912209422 1912209423 1912209424 1912209425 1912209426 1912209427 1912209428 1912209429 1912209430 1912209431 1912209432 1912209433 1912209434 1912209435 1912209436 1912209437 1912209438 1912209439 1912209440 1912209441 1912209442 1912209443 </measTypes>
            <measValue measObjLdn="vis1USN02/UsnFunction:nodeName=link, USN Function Configuration Name=LINK_VNFC">
                <measResults>17593 21692 218 279 0 0 17593 21692 0 0 0 0 0 0 39285 15 498 0 0 24 0 335 17 21 0 0 39 26 1965 1114 25 15 1 1 0 0 </measResults>
            </measValue>
        </measInfo>
        <measInfo measInfoId="1912209409">
            <granPeriod duration="PT3600S" endTime="2021-08-12T00:00:00+08:00"/>
            <repPeriod duration="PT3600S"/>
            <measTypes>1912209444 1912209445 1912209446 1912209447 1912209448 1912209449 1912209450 1912209451 </measTypes>
            <measValue measObjLdn="vis1USN02/UsnFunction:nodeName=link, USN Function Configuration Name=LINK_VNFC">
                <measResults>14699 14698 966 14 14 25046 24724 358 </measResults>
            </measValue>
        </measInfo>
        <measInfo measInfoId="1912209413">
            <granPeriod duration="PT3600S" endTime="2021-08-12T00:00:00+08:00"/>
            <repPeriod duration="PT3600S"/>
            <measTypes>1912209473 </measTypes>
            <measValue measObjLdn="vis1USN02/UsnFunction:nodeName=link, USN Function Configuration Name=LINK_VNFC">
                <measResults>0 </measResults>
            </measValue>
        </measInfo>
        <measInfo measInfoId="1912209416">
            <granPeriod duration="PT3600S" endTime="2021-08-12T00:00:00+08:00"/>
            <repPeriod duration="PT3600S"/>
            <measTypes>117490652 117490663 1912209484 1912209485 1912209486 1912209487 1912209488 1912209489 1912209490 1912209491 1912209492 1912209493 1912209494 1912209495 1912209496 1912209497 1912209498 1912209499 1912209500 1912209501 1912209502 1912209503 1912209504 1912209505 1912209506 1912209507 1912209508 1912209509 1912209510 1912209511 1912209512 1912209513 1912209514 1912209515 1912209516 1912209517 1912209518 1912209519 1912209520 1912209521 1912209522 1912209523 1912209524 1912209525 1912209526 1912209527 1912209528 1912209529 1912209530 1912209531 1912209532 1912209533 1912209534 1912209535 1912209536 1912209537 1912209538 1912209539 1912209540 1912209541 1912209542 1912209543 1912209544 1912209545 1912209546 1912209547 1912209548 1912209549 1912209550 1912209551 1912209552 1912209553 1912209554 1912209555 1912209556 1912209557 1912209558 1912209559 1912209560 1912209561 1912209562 1912209563 1912209564 1912209565 1912209566 1912209567 1912209568 1912209569 1912209570 1912209571 1912209572 1912209573 1912209574 1912209575 1912209576 1912209577 1912209578 1912209579 1912209580 1912209581 1912209582 1912209583 1912209584 1912209585 1912209586 1912209587 1912209588 1912209589 1912209590 1912209591 1912209592 1912209593 1912209781 1912209782 1912209783 1912209784 1912209785 1912209786 1912209787 1912209788 1912209789 1912209790 </measTypes>
            <measValue measObjLdn="vis1USN02/UsnFunction:nodeName=link, USN Function Configuration Name=LINK_VNFC">
                <measResults>17 1000 298 298 0 0 13719215 13693471 6770 6759 67056 66221 634 87291807 133017385 5104485 10000857 12605169 2040 0 0 0 3747 10051211 5076040 201351649 180212776 133890164 87546213 529801 13126216 215 0 0 0 87400 31674 62564 2068 335086 0 0 0 0 637 0 0 0 0 0 0 0 0 0 0 0 0 0 0 620 15177179 15150008 489 0 452 14 0 3 11 0 0 6 3 6770 6759 1 0 0 0 0 0 0 0 0 0 1 68596 29 1621 7 0 0 301 0 0 0 0 0 0 0 0 0 0 0 0 0 0 0 0 0 0 0 0 0 0 0 0 16309 16309 100 99.812 15105342 </measResults>
            </measValue>
        </measInfo>
        <measInfo measInfoId="1912209417">
            <granPeriod duration="PT3600S" endTime="2021-08-12T00:00:00+08:00"/>
            <repPeriod duration="PT3600S"/>
            <measTypes>1912209594 1912209595 1912209596 1912209597 1912209598 1912209599 1912209600 1912209601 1912209602 1912209603 1912209604 1912209605 1912209606 1912209607 1912209608 1912209609 1912209610 1912209612 1912209613 1912209755 1912209756 1912209757 1912209758 1912209759 1912209760 1912209761 1912209762 1912209763 1912209764 1912209765 1912209766 </measTypes>
            <measValue measObjLdn="vis1USN02/UsnFunction:nodeName=link, USN Function Configuration Name=LINK_VNFC">
                <measResults>405409 401194 32391 32097 0 0 26943 26943 10314 10312 2001 1998 5610 5474 482673 482590 86 5 2 10314 10312 10314 10312 10314 10312 10314 10312 10314 10312 0 0 </measResults>
            </measValue>
        </measInfo>
        <measInfo measInfoId="1912209418">
            <granPeriod duration="PT3600S" endTime="2021-08-12T00:00:00+08:00"/>
            <repPeriod duration="PT3600S"/>
            <measTypes>1912209614 1912209615 1912209616 1912209617 1912209618 1912209619 1912209620 1912209621 </measTypes>
            <measValue measObjLdn="vis1USN02/UsnFunction:nodeName=link, USN Function Configuration Name=LINK_VNFC">
                <measResults>6487587 0 28951971 38164826 73632185 0 0 0 </measResults>
            </measValue>
        </measInfo>
        <measInfo measInfoId="1912209422">
            <granPeriod duration="PT3600S" endTime="2021-08-12T00:00:00+08:00"/>
            <repPeriod duration="PT3600S"/>
            <measTypes>1912209630 1912209631 1912209632 1912209633 1912209634 1912209635 1912209636 1912209637 1912209638 1912209639 1912209640 1912209643 1912209644 1912209645 1912209646 1912209647 1912209648 1912209649 1912209650 1912209651 1912209652 1912209653 1912209654 1912209655 1912209657 1912209658 1912209659 1912209664 1912209665 </measTypes>
            <measValue measObjLdn="vis1USN02/UsnFunction:nodeName=link, USN Function Configuration Name=LINK_VNFC">
                <measResults>1848444 1848285 134 13580 13580 116884 28138 145021 153818 24351 163424 4321 4321 0 829 0 0 0 0 1848285 1840096 632101 646596 0 99.991 141635 21789 0 5 </measResults>
            </measValue>
        </measInfo>
        <measInfo measInfoId="1912209425">
            <granPeriod duration="PT3600S" endTime="2021-08-12T00:00:00+08:00"/>
            <repPeriod duration="PT3600S"/>
            <measTypes>1912209704 </measTypes>
            <measValue measObjLdn="vis1USN02/UsnFunction:nodeName=link, USN Function Configuration Name=LINK_VNFC">
                <measResults>0 </measResults>
            </measValue>
        </measInfo>
        <measInfo measInfoId="1912209427">
            <granPeriod duration="PT3600S" endTime="2021-08-12T00:00:00+08:00"/>
            <repPeriod duration="PT3600S"/>
            <measTypes>1912209717 1912209718 1912209719 1912209720 1912209721 1912209722 1912209723 1912209724 </measTypes>
            <measValue measObjLdn="vis1USN02/UsnFunction:nodeName=link, USN Function Configuration Name=LINK_VNFC">
                <measResults>0 0 0 0 0 0 0 0 </measResults>
            </measValue>
        </measInfo>
        <measInfo measInfoId="1912209428">
            <granPeriod duration="PT3600S" endTime="2021-08-12T00:00:00+08:00"/>
            <repPeriod duration="PT3600S"/>
            <measTypes>1912209725 1912209726 </measTypes>
            <measValue measObjLdn="vis1USN02/UsnFunction:nodeName=link, USN Function Configuration Name=LINK_VNFC">
                <measResults>413821217 267193902 </measResults>
            </measValue>
        </measInfo>
        <measInfo measInfoId="1912209429">
            <granPeriod duration="PT3600S" endTime="2021-08-12T00:00:00+08:00"/>
            <repPeriod duration="PT3600S"/>
            <measTypes>1912209727 1912209728 1912209729 </measTypes>
            <measValue measObjLdn="vis1USN02/UsnFunction:nodeName=link, USN Function Configuration Name=LINK_VNFC">
                <measResults>751355 751368 488 </measResults>
            </measValue>
        </measInfo>
        <measInfo measInfoId="1912209430">
            <granPeriod duration="PT3600S" endTime="2021-08-12T00:00:00+08:00"/>
            <repPeriod duration="PT3600S"/>
            <measTypes>1912209730 </measTypes>
            <measValue measObjLdn="vis1USN02/UsnFunction:nodeName=link, USN Function Configuration Name=LINK_VNFC">
                <measResults>0 </measResults>
            </measValue>
        </measInfo>
        <measInfo measInfoId="1912209431">
            <granPeriod duration="PT3600S" endTime="2021-08-12T00:00:00+08:00"/>
            <repPeriod duration="PT3600S"/>
            <measTypes>1912209731 </measTypes>
            <measValue measObjLdn="vis1USN02/UsnFunction:nodeName=link, USN Function Configuration Name=LINK_VNFC">
                <measResults>0 </measResults>
            </measValue>
        </measInfo>
        <measInfo measInfoId="1912209435">
            <granPeriod duration="PT3600S" endTime="2021-08-12T00:00:00+08:00"/>
            <repPeriod duration="PT3600S"/>
            <measTypes>1912209823 1912209824 1912209825 1912209826 1912209827 </measTypes>
            <measValue measObjLdn="vis1USN02/UsnFunction:nodeName=link, USN Function Configuration Name=LINK_VNFC">
                <measResults>0 0 0 0 0 </measResults>
            </measValue>
        </measInfo>
        <measInfo measInfoId="117440656">
            <granPeriod duration="PT3600S" endTime="2021-08-12T00:00:00+08:00"/>
            <repPeriod duration="PT3600S"/>
            <measTypes>117465013 117465014 117465015 117465016 117465017 117465018 117465019 117465020 117465021 </measTypes>
            <measValue measObjLdn="vis1USN02/M3UA link:nodeName=link, Link No.=1">
                <measResults>0 0 0 0 0 40918 4121 24760 4951 </measResults>
            </measValue>
            <measValue measObjLdn="vis1USN02/M3UA link:nodeName=link, Link No.=10">
                <measResults>0 0 0 0 0 0 0 16605 3212 </measResults>
            </measValue>
            <measValue measObjLdn="vis1USN02/M3UA link:nodeName=link, Link No.=11">
                <measResults>0 0 0 0 0 0 0 16366 3159 </measResults>
            </measValue>
            <measValue measObjLdn="vis1USN02/M3UA link:nodeName=link, Link No.=12">
                <measResults>0 0 0 0 0 0 0 16281 3167 </measResults>
            </measValue>
            <measValue measObjLdn="vis1USN02/M3UA link:nodeName=link, Link No.=13">
                <measResults>0 0 0 0 0 0 0 15741 3035 </measResults>
            </measValue>
            <measValue measObjLdn="vis1USN02/M3UA link:nodeName=link, Link No.=14">
                <measResults>0 0 0 0 0 0 0 17108 3316 </measResults>
            </measValue>
            <measValue measObjLdn="vis1USN02/M3UA link:nodeName=link, Link No.=15">
                <measResults>0 0 0 0 0 0 0 16894 3269 </measResults>
            </measValue>
            <measValue measObjLdn="vis1USN02/M3UA link:nodeName=link, Link No.=16">
                <measResults>0 0 0 0 0 0 0 15844 3061 </measResults>
            </measValue>
            <measValue measObjLdn="vis1USN02/M3UA link:nodeName=link, Link No.=2">
                <measResults>0 0 0 0 0 40805 4132 24478 4898 </measResults>
            </measValue>
            <measValue measObjLdn="vis1USN02/M3UA link:nodeName=link, Link No.=20">
                <measResults>0 0 0 0 0 749819 43695 662147 42623 </measResults>
            </measValue>
            <measValue measObjLdn="vis1USN02/M3UA link:nodeName=link, Link No.=21">
                <measResults>0 0 0 0 0 749380 43704 670704 43062 </measResults>
            </measValue>
            <measValue measObjLdn="vis1USN02/M3UA link:nodeName=link, Link No.=22">
                <measResults>0 0 0 0 0 231329 13209 203118 13150 </measResults>
            </measValue>
            <measValue measObjLdn="vis1USN02/M3UA link:nodeName=link, Link No.=23">
                <measResults>0 0 0 0 0 233279 13276 202187 13105 </measResults>
            </measValue>
            <measValue measObjLdn="vis1USN02/M3UA link:nodeName=link, Link No.=24">
                <measResults>0 0 0 0 0 195755 11203 174490 11117 </measResults>
            </measValue>
            <measValue measObjLdn="vis1USN02/M3UA link:nodeName=link, Link No.=25">
                <measResults>0 0 0 0 0 196319 11227 174465 11127 </measResults>
            </measValue>
            <measValue measObjLdn="vis1USN02/M3UA link:nodeName=link, Link No.=28">
                <measResults>0 0 0 0 0 556436 32300 600766 38753 </measResults>
            </measValue>
            <measValue measObjLdn="vis1USN02/M3UA link:nodeName=link, Link No.=29">
                <measResults>0 0 0 0 0 552533 32151 387307 24928 </measResults>
            </measValue>
            <measValue measObjLdn="vis1USN02/M3UA link:nodeName=link, Link No.=3">
                <measResults>0 0 0 0 0 40735 4126 24287 4871 </measResults>
            </measValue>
            <measValue measObjLdn="vis1USN02/M3UA link:nodeName=link, Link No.=38">
                <measResults>0 0 0 0 0 273583 15556 240926 15252 </measResults>
            </measValue>
            <measValue measObjLdn="vis1USN02/M3UA link:nodeName=link, Link No.=39">
                <measResults>0 0 0 0 0 273669 15579 242739 15353 </measResults>
            </measValue>
            <measValue measObjLdn="vis1USN02/M3UA link:nodeName=link, Link No.=4">
                <measResults>0 0 0 0 0 40935 4152 25347 5075 </measResults>
            </measValue>
            <measValue measObjLdn="vis1USN02/M3UA link:nodeName=link, Link No.=40">
                <measResults>0 0 0 0 0 360033 20428 320035 20245 </measResults>
            </measValue>
            <measValue measObjLdn="vis1USN02/M3UA link:nodeName=link, Link No.=41">
                <measResults>0 0 0 0 0 359219 20357 316019 20023 </measResults>
            </measValue>
            <measValue measObjLdn="vis1USN02/M3UA link:nodeName=link, Link No.=42">
                <measResults>0 0 0 0 0 262351 15299 232860 15193 </measResults>
            </measValue>
            <measValue measObjLdn="vis1USN02/M3UA link:nodeName=link, Link No.=43">
                <measResults>0 0 0 0 0 260059 15193 234625 15262 </measResults>
            </measValue>
            <measValue measObjLdn="vis1USN02/M3UA link:nodeName=link, Link No.=44">
                <measResults>0 0 0 0 0 414883 23585 361819 23187 </measResults>
            </measValue>
            <measValue measObjLdn="vis1USN02/M3UA link:nodeName=link, Link No.=45">
                <measResults>0 0 0 0 0 414376 23537 361181 23160 </measResults>
            </measValue>
            <measValue measObjLdn="vis1USN02/M3UA link:nodeName=link, Link No.=46">
                <measResults>0 0 0 0 0 589898 33425 512890 32330 </measResults>
            </measValue>
            <measValue measObjLdn="vis1USN02/M3UA link:nodeName=link, Link No.=47">
                <measResults>0 0 0 0 0 589551 33441 530138 33312 </measResults>
            </measValue>
            <measValue measObjLdn="vis1USN02/M3UA link:nodeName=link, Link No.=48">
                <measResults>0 0 0 0 0 205255 11718 183540 11572 </measResults>
            </measValue>
            <measValue measObjLdn="vis1USN02/M3UA link:nodeName=link, Link No.=49">
                <measResults>0 0 0 0 0 205554 11747 183331 11548 </measResults>
            </measValue>
            <measValue measObjLdn="vis1USN02/M3UA link:nodeName=link, Link No.=5">
                <measResults>0 0 0 0 0 40205 4089 25273 5060 </measResults>
            </measValue>
            <measValue measObjLdn="vis1USN02/M3UA link:nodeName=link, Link No.=50">
                <measResults>0 0 0 0 0 0 0 0 0 </measResults>
            </measValue>
            <measValue measObjLdn="vis1USN02/M3UA link:nodeName=link, Link No.=51">
                <measResults>0 0 0 0 0 0 0 0 0 </measResults>
            </measValue>
            <measValue measObjLdn="vis1USN02/M3UA link:nodeName=link, Link No.=52">
                <measResults>0 0 0 0 0 358241 20493 316916 20402 </measResults>
            </measValue>
            <measValue measObjLdn="vis1USN02/M3UA link:nodeName=link, Link No.=53">
                <measResults>0 0 0 0 0 356663 20416 319688 20522 </measResults>
            </measValue>
            <measValue measObjLdn="vis1USN02/M3UA link:nodeName=link, Link No.=6">
                <measResults>0 0 0 0 0 40658 4109 24710 4954 </measResults>
            </measValue>
            <measValue measObjLdn="vis1USN02/M3UA link:nodeName=link, Link No.=7">
                <measResults>0 0 0 0 0 41012 4157 24582 4938 </measResults>
            </measValue>
            <measValue measObjLdn="vis1USN02/M3UA link:nodeName=link, Link No.=8">
                <measResults>0 0 0 0 0 40815 4144 23856 4784 </measResults>
            </measValue>
            <measValue measObjLdn="vis1USN02/M3UA link:nodeName=link, Link No.=9">
                <measResults>0 0 0 0 0 0 0 16513 3194 </measResults>
            </measValue>
        </measInfo>
        <measInfo measInfoId="117440657">
            <granPeriod duration="PT3600S" endTime="2021-08-12T00:00:00+08:00"/>
            <repPeriod duration="PT3600S"/>
            <measTypes>117465113 117465114 117465115 117465116 117465117 117465118 </measTypes>
            <measValue measObjLdn="vis1USN02/M3UA linkset:nodeName=link, Linkset index=1">
                <measResults>0 0 0 0 131379 25417 </measResults>
            </measValue>
            <measValue measObjLdn="vis1USN02/M3UA linkset:nodeName=link, Linkset index=10">
                <measResults>0 0 714976 40910 636629 40925 </measResults>
            </measValue>
            <measValue measObjLdn="vis1USN02/M3UA linkset:nodeName=link, Linkset index=14">
                <measResults>0 0 547371 31140 483749 30609 </measResults>
            </measValue>
            <measValue measObjLdn="vis1USN02/M3UA linkset:nodeName=link, Linkset index=15">
                <measResults>0 0 719275 40781 636084 40266 </measResults>
            </measValue>
            <measValue measObjLdn="vis1USN02/M3UA linkset:nodeName=link, Linkset index=16">
                <measResults>0 0 522261 30489 467352 30452 </measResults>
            </measValue>
            <measValue measObjLdn="vis1USN02/M3UA linkset:nodeName=link, Linkset index=17">
                <measResults>0 0 829312 47126 723037 46350 </measResults>
            </measValue>
            <measValue measObjLdn="vis1USN02/M3UA linkset:nodeName=link, Linkset index=18">
                <measResults>0 0 1179306 66867 1042905 65642 </measResults>
            </measValue>
            <measValue measObjLdn="vis1USN02/M3UA linkset:nodeName=link, Linkset index=19">
                <measResults>0 0 410790 23465 366849 23120 </measResults>
            </measValue>
            <measValue measObjLdn="vis1USN02/M3UA linkset:nodeName=link, Linkset index=2">
                <measResults>0 0 326137 33029 197325 39532 </measResults>
            </measValue>
            <measValue measObjLdn="vis1USN02/M3UA linkset:nodeName=link, Linkset index=20">
                <measResults>0 0 0 0 0 0 </measResults>
            </measValue>
            <measValue measObjLdn="vis1USN02/M3UA linkset:nodeName=link, Linkset index=21">
                <measResults>0 0 1061226 60767 937049 59767 </measResults>
            </measValue>
            <measValue measObjLdn="vis1USN02/M3UA linkset:nodeName=link, Linkset index=3">
                <measResults>0 0 1499437 87413 1333076 85698 </measResults>
            </measValue>
            <measValue measObjLdn="vis1USN02/M3UA linkset:nodeName=link, Linkset index=30">
                <measResults>0 75600 0 0 0 0 </measResults>
            </measValue>
            <measValue measObjLdn="vis1USN02/M3UA linkset:nodeName=link, Linkset index=31">
                <measResults>0 75600 0 0 0 0 </measResults>
            </measValue>
            <measValue measObjLdn="vis1USN02/M3UA linkset:nodeName=link, Linkset index=32">
                <measResults>0 0 341383 19572 303840 19302 </measResults>
            </measValue>
            <measValue measObjLdn="vis1USN02/M3UA linkset:nodeName=link, Linkset index=33">
                <measResults>0 0 0 0 0 0 </measResults>
            </measValue>
            <measValue measObjLdn="vis1USN02/M3UA linkset:nodeName=link, Linkset index=34">
                <measResults>0 0 3260 358 2445 89 </measResults>
            </measValue>
            <measValue measObjLdn="vis1USN02/M3UA linkset:nodeName=link, Linkset index=35">
                <measResults>0 0 371696 21729 339655 21632 </measResults>
            </measValue>
            <measValue measObjLdn="vis1USN02/M3UA linkset:nodeName=link, Linkset index=36">
                <measResults>0 0 0 0 0 0 </measResults>
            </measValue>
            <measValue measObjLdn="vis1USN02/M3UA linkset:nodeName=link, Linkset index=4">
                <measResults>0 0 464565 26482 405287 26255 </measResults>
            </measValue>
            <measValue measObjLdn="vis1USN02/M3UA linkset:nodeName=link, Linkset index=5">
                <measResults>0 0 392159 22438 349036 22253 </measResults>
            </measValue>
            <measValue measObjLdn="vis1USN02/M3UA linkset:nodeName=link, Linkset index=6">
                <measResults>0 3600 0 0 0 0 </measResults>
            </measValue>
            <measValue measObjLdn="vis1USN02/M3UA linkset:nodeName=link, Linkset index=7">
                <measResults>0 0 1109207 64457 988334 63689 </measResults>
            </measValue>
            <measValue measObjLdn="vis1USN02/M3UA linkset:nodeName=link, Linkset index=8">
                <measResults>0 0 1111949 63287 979027 62561 </measResults>
            </measValue>
            <measValue measObjLdn="vis1USN02/M3UA linkset:nodeName=link, Linkset index=9">
                <measResults>0 0 1268709 72404 1121817 71559 </measResults>
            </measValue>
        </measInfo>
        <measInfo measInfoId="117440658">
            <granPeriod duration="PT3600S" endTime="2021-08-12T00:00:00+08:00"/>
            <repPeriod duration="PT3600S"/>
            <measTypes>117465213 117465214 </measTypes>
            <measValue measObjLdn="vis1USN02/M3DE:nodeName=link, Destination entity index=1">
                <measResults>0 0 </measResults>
            </measValue>
            <measValue measObjLdn="vis1USN02/M3DE:nodeName=link, Destination entity index=10">
                <measResults>0 0 </measResults>
            </measValue>
            <measValue measObjLdn="vis1USN02/M3DE:nodeName=link, Destination entity index=14">
                <measResults>0 0 </measResults>
            </measValue>
            <measValue measObjLdn="vis1USN02/M3DE:nodeName=link, Destination entity index=15">
                <measResults>0 0 </measResults>
            </measValue>
            <measValue measObjLdn="vis1USN02/M3DE:nodeName=link, Destination entity index=16">
                <measResults>0 0 </measResults>
            </measValue>
            <measValue measObjLdn="vis1USN02/M3DE:nodeName=link, Destination entity index=17">
                <measResults>0 0 </measResults>
            </measValue>
            <measValue measObjLdn="vis1USN02/M3DE:nodeName=link, Destination entity index=18">
                <measResults>0 0 </measResults>
            </measValue>
            <measValue measObjLdn="vis1USN02/M3DE:nodeName=link, Destination entity index=19">
                <measResults>0 0 </measResults>
            </measValue>
            <measValue measObjLdn="vis1USN02/M3DE:nodeName=link, Destination entity index=2">
                <measResults>0 0 </measResults>
            </measValue>
            <measValue measObjLdn="vis1USN02/M3DE:nodeName=link, Destination entity index=20">
                <measResults>0 0 </measResults>
            </measValue>
            <measValue measObjLdn="vis1USN02/M3DE:nodeName=link, Destination entity index=21">
                <measResults>0 0 </measResults>
            </measValue>
            <measValue measObjLdn="vis1USN02/M3DE:nodeName=link, Destination entity index=3">
                <measResults>0 0 </measResults>
            </measValue>
            <measValue measObjLdn="vis1USN02/M3DE:nodeName=link, Destination entity index=30">
                <measResults>0 75600 </measResults>
            </measValue>
            <measValue measObjLdn="vis1USN02/M3DE:nodeName=link, Destination entity index=31">
                <measResults>0 75600 </measResults>
            </measValue>
            <measValue measObjLdn="vis1USN02/M3DE:nodeName=link, Destination entity index=32">
                <measResults>0 0 </measResults>
            </measValue>
            <measValue measObjLdn="vis1USN02/M3DE:nodeName=link, Destination entity index=33">
                <measResults>0 0 </measResults>
            </measValue>
            <measValue measObjLdn="vis1USN02/M3DE:nodeName=link, Destination entity index=34">
                <measResults>0 0 </measResults>
            </measValue>
            <measValue measObjLdn="vis1USN02/M3DE:nodeName=link, Destination entity index=35">
                <measResults>0 0 </measResults>
            </measValue>
            <measValue measObjLdn="vis1USN02/M3DE:nodeName=link, Destination entity index=36">
                <measResults>0 0 </measResults>
            </measValue>
            <measValue measObjLdn="vis1USN02/M3DE:nodeName=link, Destination entity index=4">
                <measResults>0 0 </measResults>
            </measValue>
            <measValue measObjLdn="vis1USN02/M3DE:nodeName=link, Destination entity index=5">
                <measResults>0 0 </measResults>
            </measValue>
            <measValue measObjLdn="vis1USN02/M3DE:nodeName=link, Destination entity index=6">
                <measResults>0 3600 </measResults>
            </measValue>
            <measValue measObjLdn="vis1USN02/M3DE:nodeName=link, Destination entity index=7">
                <measResults>0 0 </measResults>
            </measValue>
            <measValue measObjLdn="vis1USN02/M3DE:nodeName=link, Destination entity index=8">
                <measResults>0 0 </measResults>
            </measValue>
            <measValue measObjLdn="vis1USN02/M3DE:nodeName=link, Destination entity index=9">
                <measResults>0 0 </measResults>
            </measValue>
        </measInfo>
        <measInfo measInfoId="1912209423">
            <granPeriod duration="PT3600S" endTime="2021-08-12T00:00:00+08:00"/>
            <repPeriod duration="PT3600S"/>
            <measTypes>1912209666 1912209667 1912209668 1912209669 1912209670 1912209671 1912209672 1912209673 1912209674 1912209675 1912209676 1912209677 1912209678 1912209679 1912209680 1912209681 1912209682 1912209683 1912209684 1912209685 1912209686 1912209687 1912209688 1912209689 1912209690 1912209691 1912209692 1912209694 </measTypes>
            <measValue measObjLdn="vis1USN02/VLR:nodeName=link, VLR No.=639180007002">
                <measResults>255666 255580 76 939 939 14278 3629 17907 20157 3266 21599 571 571 0 141 0 0 0 0 255580 254973 84165 85744 0 0 0 6333 1 </measResults>
            </measValue>
            <measValue measObjLdn="vis1USN02/VLR:nodeName=link, VLR No.=639180007003">
                <measResults>240747 240740 3 1007 1007 14883 3620 18503 19779 2945 20991 495 495 0 85 0 0 0 0 240740 240177 79119 81095 0 0 0 5300 0 </measResults>
            </measValue>
            <measValue measObjLdn="vis1USN02/VLR:nodeName=link, VLR No.=639180007004">
                <measResults>204625 204619 5 2100 2100 15452 3106 18558 17472 2810 18333 614 614 0 95 0 0 0 0 204619 203356 65869 67485 0 0 0 4653 0 </measResults>
            </measValue>
            <measValue measObjLdn="vis1USN02/VLR:nodeName=link, VLR No.=639180007026">
                <measResults>0 0 0 0 0 0 0 0 0 0 0 0 0 0 0 0 0 0 0 0 0 0 0 0 0 0 0 0 </measResults>
            </measValue>
            <measValue measObjLdn="vis1USN02/VLR:nodeName=link, VLR No.=639180007019">
                <measResults>240719 240678 35 996 996 14340 3662 18002 19617 3092 20993 474 474 0 108 0 0 0 0 240678 240133 80844 82365 0 0 0 5722 0 </measResults>
            </measValue>
            <measValue measObjLdn="vis1USN02/VLR:nodeName=link, VLR No.=639180000721">
                <measResults>197369 197363 6 2031 2031 12081 3071 15152 16738 2976 17938 519 519 0 95 0 0 0 0 197363 196155 66932 68377 0 0 0 4386 1 </measResults>
            </measValue>
            <measValue measObjLdn="vis1USN02/VLR:nodeName=link, VLR No.=639180000713">
                <measResults>211922 211917 0 2294 2294 15331 3173 18504 17221 2722 18096 512 512 0 92 0 0 0 0 211917 210580 69674 71160 0 0 0 5095 1 </measResults>
            </measValue>
            <measValue measObjLdn="vis1USN02/VLR:nodeName=link, VLR No.=639180000715">
                <measResults>206822 206810 6 2412 2412 12113 3137 15250 17546 2716 18477 520 520 0 89 0 0 0 0 206810 205302 80751 82350 0 0 0 5935 0 </measResults>
            </measValue>
            <measValue measObjLdn="vis1USN02/VLR:nodeName=link, VLR No.=639180000716">
                <measResults>243517 243523 2 980 980 14403 3684 18087 19899 2940 21110 513 513 0 106 0 0 0 0 243523 242945 79678 82034 0 0 0 4732 2 </measResults>
            </measValue>
        </measInfo>
        <measInfo measInfoId="117440688">
            <granPeriod duration="PT3600S" endTime="2021-08-12T00:00:00+08:00"/>
            <repPeriod duration="PT3600S"/>
            <measTypes>117470813 117470814 117470815 </measTypes>
            <measValue measObjLdn="vis1USN02/DNS inquiry:nodeName=link, IP address=121.54.77.146">
                <measResults>2313 1136 2 </measResults>
            </measValue>
            <measValue measObjLdn="vis1USN02/DNS inquiry:nodeName=link, IP address=121.54.77.150">
                <measResults>37604 37604 37 </measResults>
            </measValue>
        </measInfo>
        <measInfo measInfoId="117490515">
            <granPeriod duration="PT3600S" endTime="2021-08-12T00:00:00+08:00"/>
            <repPeriod duration="PT3600S"/>
            <measTypes>117490812 117490813 117490814 117490815 </measTypes>
            <measValue measObjLdn="vis1USN02/Diameter link:nodeName=link, Link No.=0">
                <measResults>0 0 0 0 </measResults>
            </measValue>
            <measValue measObjLdn="vis1USN02/Diameter link:nodeName=link, Link No.=1">
                <measResults>0 0 0 0 </measResults>
            </measValue>
            <measValue measObjLdn="vis1USN02/Diameter link:nodeName=link, Link No.=2">
                <measResults>0 0 0 0 </measResults>
            </measValue>
            <measValue measObjLdn="vis1USN02/Diameter link:nodeName=link, Link No.=3">
                <measResults>0 0 0 0 </measResults>
            </measValue>
        </measInfo>
        <measInfo measInfoId="117496524">
            <granPeriod duration="PT3600S" endTime="2021-08-12T00:00:00+08:00"/>
            <repPeriod duration="PT3600S"/>
            <measTypes>117497332 117497333 117497334 117497335 117497336 117497337 117497338 117497339 117497340 </measTypes>
            <measValue measObjLdn="vis1USN02/Diameter link:nodeName=link, Link No.=0">
                <measResults>8041 7959 82 0 3 0 37 0 0 </measResults>
            </measValue>
            <measValue measObjLdn="vis1USN02/Diameter link:nodeName=link, Link No.=1">
                <measResults>8163 8081 83 0 3 0 37 0 0 </measResults>
            </measValue>
            <measValue measObjLdn="vis1USN02/Diameter link:nodeName=link, Link No.=2">
                <measResults>8097 8027 71 0 3 1 28 0 0 </measResults>
            </measValue>
            <measValue measObjLdn="vis1USN02/Diameter link:nodeName=link, Link No.=3">
                <measResults>8090 8030 60 0 1 2 25 0 0 </measResults>
            </measValue>
        </measInfo>
        <measInfo measInfoId="117496525">
            <granPeriod duration="PT3600S" endTime="2021-08-12T00:00:00+08:00"/>
            <repPeriod duration="PT3600S"/>
            <measTypes>117497392 117497393 117497394 117497395 117497396 117497397 117497398 117497399 117497400 </measTypes>
            <measValue measObjLdn="vis1USN02/Diameter link:nodeName=link, Link No.=0">
                <measResults>100973 99913 1056 244 605 1 0 0 0 </measResults>
            </measValue>
            <measValue measObjLdn="vis1USN02/Diameter link:nodeName=link, Link No.=1">
                <measResults>101509 100517 991 243 523 0 0 0 0 </measResults>
            </measValue>
            <measValue measObjLdn="vis1USN02/Diameter link:nodeName=link, Link No.=2">
                <measResults>101421 100313 1104 271 602 1 0 0 0 </measResults>
            </measValue>
            <measValue measObjLdn="vis1USN02/Diameter link:nodeName=link, Link No.=3">
                <measResults>101506 100451 1054 252 561 0 0 0 0 </measResults>
            </measValue>
        </measInfo>
        <measInfo measInfoId="117496861">
            <granPeriod duration="PT3600S" endTime="2021-08-12T00:00:00+08:00"/>
            <repPeriod duration="PT3600S"/>
            <measTypes>117501013 117501014 117501015 117501016 117501017 117501018 </measTypes>
            <measValue measObjLdn="vis1USN02/Diameter link:nodeName=link, Link No.=0">
                <measResults>188307 188310 120 188183 7 0 </measResults>
            </measValue>
            <measValue measObjLdn="vis1USN02/Diameter link:nodeName=link, Link No.=1">
                <measResults>187649 187654 118 187533 3 0 </measResults>
            </measValue>
            <measValue measObjLdn="vis1USN02/Diameter link:nodeName=link, Link No.=2">
                <measResults>187750 187753 118 187631 4 0 </measResults>
            </measValue>
            <measValue measObjLdn="vis1USN02/Diameter link:nodeName=link, Link No.=3">
                <measResults>187649 187651 132 187512 7 0 </measResults>
            </measValue>
        </measInfo>
        <measInfo measInfoId="117490516">
            <granPeriod duration="PT3600S" endTime="2021-08-12T00:00:00+08:00"/>
            <repPeriod duration="PT3600S"/>
            <measTypes>117490912 117490913 117490914 </measTypes>
            <measValue measObjLdn="vis1USN02/Diameter linkset:nodeName=link, Diameter links index=10">
                <measResults>0 0 4 </measResults>
            </measValue>
        </measInfo>
        <measInfo measInfoId="1912209433">
            <granPeriod duration="PT3600S" endTime="2021-08-12T00:00:00+08:00"/>
            <repPeriod duration="PT3600S"/>
            <measTypes>1912209771 1912209772 </measTypes>
            <measValue measObjLdn="vis1USN02/VM_USN:nodeName=link, VM NAME=SPU_O_0070">
                <measResults>0 0 </measResults>
            </measValue>
            <measValue measObjLdn="vis1USN02/VM_USN:nodeName=link, VM NAME=SPU_O_0071">
                <measResults>0 0 </measResults>
            </measValue>
            <measValue measObjLdn="vis1USN02/VM_USN:nodeName=link, VM NAME=SPU_O_0072">
                <measResults>0 0 </measResults>
            </measValue>
            <measValue measObjLdn="vis1USN02/VM_USN:nodeName=link, VM NAME=SPU_O_0084">
                <measResults>0 0 </measResults>
            </measValue>
            <measValue measObjLdn="vis1USN02/VM_USN:nodeName=link, VM NAME=SPU_O_0085">
                <measResults>0 0 </measResults>
            </measValue>
            <measValue measObjLdn="vis1USN02/VM_USN:nodeName=link, VM NAME=SPU_O_0086">
                <measResults>1382643 1382503 </measResults>
            </measValue>
            <measValue measObjLdn="vis1USN02/VM_USN:nodeName=link, VM NAME=SPU_O_0087">
                <measResults>465801 465782 </measResults>
            </measValue>
            <measValue measObjLdn="vis1USN02/VM_USN:nodeName=link, VM NAME=SPU_O_0088">
                <measResults>0 0 </measResults>
            </measValue>
        </measInfo>
        <measInfo measInfoId="1912209434">
            <granPeriod duration="PT3600S" endTime="2021-08-12T00:00:00+08:00"/>
            <repPeriod duration="PT3600S"/>
            <measTypes>1912209821 1912209822 </measTypes>
            <measValue measObjLdn="vis1USN02/VM_USN:nodeName=link, VM NAME=SPU_O_0070">
                <measResults>0 0 </measResults>
            </measValue>
            <measValue measObjLdn="vis1USN02/VM_USN:nodeName=link, VM NAME=SPU_O_0071">
                <measResults>0 0 </measResults>
            </measValue>
            <measValue measObjLdn="vis1USN02/VM_USN:nodeName=link, VM NAME=SPU_O_0072">
                <measResults>0 0 </measResults>
            </measValue>
            <measValue measObjLdn="vis1USN02/VM_USN:nodeName=link, VM NAME=SPU_O_0084">
                <measResults>0 0 </measResults>
            </measValue>
            <measValue measObjLdn="vis1USN02/VM_USN:nodeName=link, VM NAME=SPU_O_0085">
                <measResults>0 0 </measResults>
            </measValue>
            <measValue measObjLdn="vis1USN02/VM_USN:nodeName=link, VM NAME=SPU_O_0086">
                <measResults>17502 21601 </measResults>
            </measValue>
            <measValue measObjLdn="vis1USN02/VM_USN:nodeName=link, VM NAME=SPU_O_0087">
                <measResults>91 91 </measResults>
            </measValue>
            <measValue measObjLdn="vis1USN02/VM_USN:nodeName=link, VM NAME=SPU_O_0088">
                <measResults>0 0 </measResults>
            </measValue>
        </measInfo>
        <measInfo measInfoId="1912209437">
            <granPeriod duration="PT3600S" endTime="2021-08-12T00:00:00+08:00"/>
            <repPeriod duration="PT3600S"/>
            <measTypes>1912209800 1912209801 </measTypes>
            <measValue measObjLdn="vis1USN02/RU_USN:nodeName=link, RU NAME=LINK_SP_RU_0064">
                <measResults>25 21 </measResults>
            </measValue>
            <measValue measObjLdn="vis1USN02/RU_USN:nodeName=link, RU NAME=LINK_SP_RU_0065">
                <measResults>24 21 </measResults>
            </measValue>
            <measValue measObjLdn="vis1USN02/RU_USN:nodeName=link, RU NAME=LINK_SP_RU_0066">
                <measResults>24 22 </measResults>
            </measValue>
            <measValue measObjLdn="vis1USN02/RU_USN:nodeName=link, RU NAME=LINK_SP_RU_0070">
                <measResults>27 21 </measResults>
            </measValue>
            <measValue measObjLdn="vis1USN02/RU_USN:nodeName=link, RU NAME=LINK_SP_RU_0071">
                <measResults>24 21 </measResults>
            </measValue>
            <measValue measObjLdn="vis1USN02/RU_USN:nodeName=link, RU NAME=LINK_SP_RU_0072">
                <measResults>30 23 </measResults>
            </measValue>
            <measValue measObjLdn="vis1USN02/RU_USN:nodeName=link, RU NAME=LINK_SP_RU_0073">
                <measResults>29 22 </measResults>
            </measValue>
            <measValue measObjLdn="vis1USN02/RU_USN:nodeName=link, RU NAME=LINK_SP_RU_0074">
                <measResults>25 21 </measResults>
            </measValue>
        </measInfo>
        <measInfo measInfoId="1912209438">
            <granPeriod duration="PT3600S" endTime="2021-08-12T00:00:00+08:00"/>
            <repPeriod duration="PT3600S"/>
            <measTypes>1912209810 1912209811 </measTypes>
            <measValue measObjLdn="vis1USN02/ScaleGroup_USN:nodeName=link, ScaleRroupName=SG1_LINK">
                <measResults>23 22 </measResults>
            </measValue>
        </measInfo>
    </measData>
    <fileFooter>
        <measCollec endTime="2021-08-12T00:00:00+08:00"/>
    </fileFooter>
</measCollecFile>
