<?xml version="1.0" encoding="UTF-8"?>
<measCollecFile xmlns="http://latest/nmc-omc/cmNrm.doc#measCollec" xmlns:xsi="http://www.w3.org/2001/XMLSchema-instance" xsi:schemaLocation="http://latest/nmc-omc/cmNrm.doc#measCollec schema\pmResultSchedule.xsd">
    <fileHeader fileFormatVersion="32.435 V7.2" vendorName="Huawei">
        <fileSender elementType="SOFTX3000"/>
        <measCollec beginTime="2021-08-11T23:45:00+08:00"/>
    </fileHeader>
    <measData>
        <managedElement userLabel="QCYHUCC001"/>
        <measInfo measInfoId="956301790">
            <granPeriod duration="PT900S" endTime="2021-08-12T00:00:00+08:00"/>
            <repPeriod duration="PT900S"/>
            <measTypes>956305726 956305728 956305729 956305731 956305732 956305734 956305735 956305736 </measTypes>
            <measValue measObjLdn="QCYHUCC001/Module number:Module number=133">
                <measResults>4 0 0 0 0 0 0 0 </measResults>
            </measValue>
            <measValue measObjLdn="QCYHUCC001/Module number:Module number=140">
                <measResults>3 0 0 0 0 0 0 0 </measResults>
            </measValue>
            <measValue measObjLdn="QCYHUCC001/Module number:Module number=208">
                <measResults>4 0 0 0 0 0 0 0 </measResults>
            </measValue>
            <measValue measObjLdn="QCYHUCC001/Module number:Module number=148">
                <measResults>3 0 0 0 0 0 0 0 </measResults>
            </measValue>
            <measValue measObjLdn="QCYHUCC001/Module number:Module number=150">
                <measResults>3 0 0 0 0 0 0 0 </measResults>
            </measValue>
            <measValue measObjLdn="QCYHUCC001/Module number:Module number=137">
                <measResults>3 0 0 0 0 0 0 0 </measResults>
            </measValue>
            <measValue measObjLdn="QCYHUCC001/Module number:Module number=28">
                <measResults>3 0 0 0 0 209 0 152 </measResults>
            </measValue>
            <measValue measObjLdn="QCYHUCC001/Module number:Module number=33">
                <measResults>4 0 0 0 0 224 0 205 </measResults>
            </measValue>
            <measValue measObjLdn="QCYHUCC001/Module number:Module number=206">
                <measResults>4 0 0 0 0 0 0 0 </measResults>
            </measValue>
            <measValue measObjLdn="QCYHUCC001/Module number:Module number=219">
                <measResults>2 0 0 0 0 0 0 0 </measResults>
            </measValue>
            <measValue measObjLdn="QCYHUCC001/Module number:Module number=207">
                <measResults>4 0 0 0 0 0 0 0 </measResults>
            </measValue>
            <measValue measObjLdn="QCYHUCC001/Module number:Module number=144">
                <measResults>3 0 0 0 0 0 0 0 </measResults>
            </measValue>
            <measValue measObjLdn="QCYHUCC001/Module number:Module number=142">
                <measResults>3 0 0 0 0 0 0 0 </measResults>
            </measValue>
            <measValue measObjLdn="QCYHUCC001/Module number:Module number=29">
                <measResults>4 0 0 0 0 206 0 168 </measResults>
            </measValue>
            <measValue measObjLdn="QCYHUCC001/Module number:Module number=36">
                <measResults>3 0 0 0 0 171 0 138 </measResults>
            </measValue>
            <measValue measObjLdn="QCYHUCC001/Module number:Module number=147">
                <measResults>3 0 0 0 0 0 0 0 </measResults>
            </measValue>
            <measValue measObjLdn="QCYHUCC001/Module number:Module number=212">
                <measResults>2 0 0 0 0 0 0 0 </measResults>
            </measValue>
            <measValue measObjLdn="QCYHUCC001/Module number:Module number=135">
                <measResults>3 0 0 0 0 0 0 0 </measResults>
            </measValue>
            <measValue measObjLdn="QCYHUCC001/Module number:Module number=205">
                <measResults>4 0 0 0 0 0 0 0 </measResults>
            </measValue>
            <measValue measObjLdn="QCYHUCC001/Module number:Module number=38">
                <measResults>3 0 0 0 0 203 0 167 </measResults>
            </measValue>
            <measValue measObjLdn="QCYHUCC001/Module number:Module number=102">
                <measResults>4 0 0 0 0 0 0 0 </measResults>
            </measValue>
            <measValue measObjLdn="QCYHUCC001/Module number:Module number=151">
                <measResults>2 0 0 0 0 0 0 0 </measResults>
            </measValue>
            <measValue measObjLdn="QCYHUCC001/Module number:Module number=35">
                <measResults>3 0 0 0 0 191 0 142 </measResults>
            </measValue>
            <measValue measObjLdn="QCYHUCC001/Module number:Module number=32">
                <measResults>4 0 0 0 0 245 0 178 </measResults>
            </measValue>
            <measValue measObjLdn="QCYHUCC001/Module number:Module number=210">
                <measResults>4 0 0 0 0 0 0 0 </measResults>
            </measValue>
            <measValue measObjLdn="QCYHUCC001/Module number:Module number=40">
                <measResults>4 0 0 0 0 184 0 253 </measResults>
            </measValue>
            <measValue measObjLdn="QCYHUCC001/Module number:Module number=132">
                <measResults>4 0 0 0 0 0 0 0 </measResults>
            </measValue>
            <measValue measObjLdn="QCYHUCC001/Module number:Module number=25">
                <measResults>4 0 0 0 0 212 0 154 </measResults>
            </measValue>
            <measValue measObjLdn="QCYHUCC001/Module number:Module number=34">
                <measResults>3 0 0 0 0 174 0 131 </measResults>
            </measValue>
            <measValue measObjLdn="QCYHUCC001/Module number:Module number=31">
                <measResults>3 0 0 0 0 295 0 189 </measResults>
            </measValue>
            <measValue measObjLdn="QCYHUCC001/Module number:Module number=30">
                <measResults>4 0 0 0 0 234 0 204 </measResults>
            </measValue>
            <measValue measObjLdn="QCYHUCC001/Module number:Module number=221">
                <measResults>2 0 0 0 0 0 0 0 </measResults>
            </measValue>
            <measValue measObjLdn="QCYHUCC001/Module number:Module number=209">
                <measResults>4 0 0 0 0 0 0 0 </measResults>
            </measValue>
            <measValue measObjLdn="QCYHUCC001/Module number:Module number=134">
                <measResults>3 0 0 0 0 0 0 0 </measResults>
            </measValue>
            <measValue measObjLdn="QCYHUCC001/Module number:Module number=222">
                <measResults>2 0 0 0 0 0 0 0 </measResults>
            </measValue>
            <measValue measObjLdn="QCYHUCC001/Module number:Module number=224">
                <measResults>2 0 0 0 0 0 0 0 </measResults>
            </measValue>
            <measValue measObjLdn="QCYHUCC001/Module number:Module number=138">
                <measResults>3 0 0 0 0 0 0 0 </measResults>
            </measValue>
            <measValue measObjLdn="QCYHUCC001/Module number:Module number=24">
                <measResults>3 0 0 0 0 221 0 181 </measResults>
            </measValue>
            <measValue measObjLdn="QCYHUCC001/Module number:Module number=204">
                <measResults>4 0 0 0 0 0 0 0 </measResults>
            </measValue>
            <measValue measObjLdn="QCYHUCC001/Module number:Module number=145">
                <measResults>3 0 0 0 0 0 0 0 </measResults>
            </measValue>
            <measValue measObjLdn="QCYHUCC001/Module number:Module number=218">
                <measResults>1 0 0 0 0 0 0 0 </measResults>
            </measValue>
            <measValue measObjLdn="QCYHUCC001/Module number:Module number=223">
                <measResults>2 0 0 0 0 0 0 0 </measResults>
            </measValue>
            <measValue measObjLdn="QCYHUCC001/Module number:Module number=139">
                <measResults>4 0 0 0 0 0 0 0 </measResults>
            </measValue>
            <measValue measObjLdn="QCYHUCC001/Module number:Module number=214">
                <measResults>2 0 0 0 0 0 0 0 </measResults>
            </measValue>
            <measValue measObjLdn="QCYHUCC001/Module number:Module number=215">
                <measResults>1 0 0 0 0 0 0 0 </measResults>
            </measValue>
            <measValue measObjLdn="QCYHUCC001/Module number:Module number=211">
                <measResults>4 0 0 0 0 0 0 0 </measResults>
            </measValue>
            <measValue measObjLdn="QCYHUCC001/Module number:Module number=136">
                <measResults>3 0 0 0 0 0 0 0 </measResults>
            </measValue>
            <measValue measObjLdn="QCYHUCC001/Module number:Module number=217">
                <measResults>2 0 0 0 0 0 0 0 </measResults>
            </measValue>
            <measValue measObjLdn="QCYHUCC001/Module number:Module number=220">
                <measResults>2 0 0 0 0 0 0 0 </measResults>
            </measValue>
            <measValue measObjLdn="QCYHUCC001/Module number:Module number=216">
                <measResults>2 0 0 0 0 0 0 0 </measResults>
            </measValue>
            <measValue measObjLdn="QCYHUCC001/Module number:Module number=23">
                <measResults>4 0 0 0 0 190 0 248 </measResults>
            </measValue>
            <measValue measObjLdn="QCYHUCC001/Module number:Module number=103">
                <measResults>2 0 0 0 0 0 0 0 </measResults>
            </measValue>
            <measValue measObjLdn="QCYHUCC001/Module number:Module number=225">
                <measResults>2 0 0 0 0 0 0 0 </measResults>
            </measValue>
            <measValue measObjLdn="QCYHUCC001/Module number:Module number=39">
                <measResults>3 0 0 0 0 270 0 124 </measResults>
            </measValue>
            <measValue measObjLdn="QCYHUCC001/Module number:Module number=143">
                <measResults>3 0 0 0 0 0 0 0 </measResults>
            </measValue>
            <measValue measObjLdn="QCYHUCC001/Module number:Module number=27">
                <measResults>3 0 0 0 0 214 0 302 </measResults>
            </measValue>
            <measValue measObjLdn="QCYHUCC001/Module number:Module number=213">
                <measResults>1 0 0 0 0 0 0 0 </measResults>
            </measValue>
            <measValue measObjLdn="QCYHUCC001/Module number:Module number=146">
                <measResults>3 0 0 0 0 0 0 0 </measResults>
            </measValue>
            <measValue measObjLdn="QCYHUCC001/Module number:Module number=22">
                <measResults>4 0 0 0 0 204 0 241 </measResults>
            </measValue>
            <measValue measObjLdn="QCYHUCC001/Module number:Module number=41">
                <measResults>3 0 0 0 0 291 0 149 </measResults>
            </measValue>
            <measValue measObjLdn="QCYHUCC001/Module number:Module number=141">
                <measResults>4 0 0 0 0 0 0 0 </measResults>
            </measValue>
            <measValue measObjLdn="QCYHUCC001/Module number:Module number=37">
                <measResults>4 0 0 0 0 178 0 122 </measResults>
            </measValue>
            <measValue measObjLdn="QCYHUCC001/Module number:Module number=26">
                <measResults>4 0 0 0 0 242 0 173 </measResults>
            </measValue>
        </measInfo>
    </measData>
    <fileFooter>
        <measCollec endTime="2021-08-12T00:00:00+08:00"/>
    </fileFooter>
</measCollecFile>
