<?xml version="1.0" encoding="UTF-8"?>
<measCollecFile xmlns="http://latest/nmc-omc/cmNrm.doc#measCollec" xmlns:xsi="http://www.w3.org/2001/XMLSchema-instance" xsi:schemaLocation="http://latest/nmc-omc/cmNrm.doc#measCollec schema\pmResultSchedule.xsd">
    <fileHeader fileFormatVersion="32.435 V7.2" vendorName="Huawei">
        <fileSender elementType="CGPOMU"/>
        <measCollec beginTime="2021-08-11T23:00:00+08:00"/>
    </fileHeader>
    <measData>
        <managedElement userLabel="MDEUAC01"/>
        <measInfo measInfoId="1057000002">
            <granPeriod duration="PT1800S" endTime="2021-08-11T23:30:00+08:00"/>
            <repPeriod duration="PT1800S"/>
            <measTypes>1057000210 1057000211 1057000212 1057000213 1057000214 1057000215 1057000216 1057000217 1057000218 1057000219 1057000220 1057000221 1057000222 1057000223 1057000224 1057000225 1057000226 1057000227 1057000228 1057000229 </measTypes>
            <measValue measObjLdn="MDEUAC01/VPORT:Virtual machine name=MDEHUHCC4F001_UACSU_VDU1_0, Port name=BASE1">
                <measResults>227313 125 402725 223 0 0 0 0 186006 103 269978 149 0 0 0 0 0 0 0 0 </measResults>
            </measValue>
            <measValue measObjLdn="MDEUAC01/VPORT:Virtual machine name=MDEHUHCGPF002_OMUBIG_1, Port name=VNIC2">
                <measResults>0 0 0 0 0 0 0 0 0 0 0 0 0 0 0 0 0 0 0 0 </measResults>
            </measValue>
            <measValue measObjLdn="MDEUAC01/VPORT:Virtual machine name=MDEHUHCGPF002_OMUBIG_1, Port name=VNIC3">
                <measResults>0 0 0 0 0 0 0 0 0 0 0 0 0 0 0 0 0 0 0 0 </measResults>
            </measValue>
            <measValue measObjLdn="MDEUAC01/VPORT:Virtual machine name=MDEHUHCC4F001_UACGU_VDU1_0, Port name=VNIC2">
                <measResults>1994 1 10847 6 0 0 0 0 10262 5 36031 20 0 0 0 0 0 0 0 0 </measResults>
            </measValue>
            <measValue measObjLdn="MDEUAC01/VPORT:Virtual machine name=MDEHUHIGWF001_IGWB_VDU1_0, Port name=VNIC3">
                <measResults>197 0 2757 1 0 0 0 0 31 0 779 0 0 0 0 0 0 0 0 0 </measResults>
            </measValue>
            <measValue measObjLdn="MDEUAC01/VPORT:Virtual machine name=MDEHUHIGWF001_IGWB_VDU2_0, Port name=VNIC2">
                <measResults>191 0 2652 1 0 0 0 0 0 0 0 0 0 0 0 0 0 0 0 0 </measResults>
            </measValue>
            <measValue measObjLdn="MDEUAC01/VPORT:Virtual machine name=MDEHUHCGPF002_OMUBIG_1, Port name=FABRIC1">
                <measResults>68600 37 102188 56 0 0 0 0 75540 41 105412 58 0 0 0 0 0 0 0 0 </measResults>
            </measValue>
            <measValue measObjLdn="MDEUAC01/VPORT:Virtual machine name=MDEHUHCC4F001_UACSU_VDU1_4, Port name=FABRIC1">
                <measResults>60470 33 152993 84 0 0 0 0 61314 33 154185 85 0 0 0 0 0 0 0 0 </measResults>
            </measValue>
            <measValue measObjLdn="MDEUAC01/VPORT:Virtual machine name=MDEHUHIGWF001_IGWB_VDU1_0, Port name=VNIC4">
                <measResults>191 0 2935 1 0 0 0 0 0 0 0 0 0 0 0 0 0 0 0 0 </measResults>
            </measValue>
            <measValue measObjLdn="MDEUAC01/VPORT:Virtual machine name=MDEHUHIGWF001_IGWB_VDU2_0, Port name=VNIC3">
                <measResults>210 0 2952 1 0 0 0 0 0 0 0 0 0 0 0 0 0 0 0 0 </measResults>
            </measValue>
            <measValue measObjLdn="MDEUAC01/VPORT:Virtual machine name=MDEHUHCC4F001_UACSU_VDU2_1, Port name=FABRIC1">
                <measResults>63426 34 173010 96 0 0 0 0 65015 35 177045 98 0 0 0 0 0 0 0 0 </measResults>
            </measValue>
            <measValue measObjLdn="MDEUAC01/VPORT:Virtual machine name=MDEHUHCC4F001_UACSU_VDU2_0, Port name=FABRIC1">
                <measResults>59030 32 146542 81 0 0 0 0 59883 32 147527 81 0 0 0 0 0 0 0 0 </measResults>
            </measValue>
            <measValue measObjLdn="MDEUAC01/VPORT:Virtual machine name=MDEHUHCC4F001_UACSU_VDU1_4, Port name=BASE1">
                <measResults>201606 111 264031 146 0 0 0 0 66454 36 147534 81 0 0 0 0 0 0 0 0 </measResults>
            </measValue>
            <measValue measObjLdn="MDEUAC01/VPORT:Virtual machine name=MDEHUHCC4F001_UACSU_VDU1_4, Port name=BASE2">
                <measResults>52990 28 118682 65 0 0 0 0 188337 104 195556 108 0 0 0 0 0 0 0 0 </measResults>
            </measValue>
            <measValue measObjLdn="MDEUAC01/VPORT:Virtual machine name=MDEHUHCC4F001_UACSU_VDU2_5, Port name=FABRIC2">
                <measResults>62255 34 167452 93 0 0 0 0 62834 34 166970 92 0 0 0 0 0 0 0 0 </measResults>
            </measValue>
            <measValue measObjLdn="MDEUAC01/VPORT:Virtual machine name=MDEHUHCC4F001_UACGU_VDU2_0, Port name=VNIC2">
                <measResults>302 0 4017 2 0 0 0 0 79 0 599 0 0 0 0 0 0 0 0 0 </measResults>
            </measValue>
            <measValue measObjLdn="MDEUAC01/VPORT:Virtual machine name=MDEHUHCGPF002_OMUBIG_0, Port name=FABRIC1">
                <measResults>76867 42 108511 60 0 0 0 0 67204 36 99290 55 0 0 0 0 0 0 0 0 </measResults>
            </measValue>
            <measValue measObjLdn="MDEUAC01/VPORT:Virtual machine name=MDEHUHCC4F001_UACGU_VDU1_0, Port name=FABRIC2">
                <measResults>70444 38 157058 87 0 0 0 0 59513 32 120869 67 0 0 0 0 0 0 0 0 </measResults>
            </measValue>
            <measValue measObjLdn="MDEUAC01/VPORT:Virtual machine name=MDEHUHCC4F001_UACSU_VDU1_5, Port name=BASE1">
                <measResults>204754 113 261340 145 0 0 0 0 62111 34 144826 80 0 0 0 0 0 0 0 0 </measResults>
            </measValue>
            <measValue measObjLdn="MDEUAC01/VPORT:Virtual machine name=MDEHUHCGPF002_OMUBIG_0, Port name=FABRIC2">
                <measResults>72191 39 106678 59 0 0 0 0 70867 39 103719 57 0 0 0 0 0 0 0 0 </measResults>
            </measValue>
            <measValue measObjLdn="MDEUAC01/VPORT:Virtual machine name=MDEHUHCGPF002_OMUBIG_0, Port name=VNIC3">
                <measResults>0 0 0 0 0 0 0 0 0 0 0 0 0 0 0 0 0 0 0 0 </measResults>
            </measValue>
            <measValue measObjLdn="MDEUAC01/VPORT:Virtual machine name=MDEHUHCC4F001_UACSU_VDU2_4, Port name=BASE2">
                <measResults>187675 103 209843 116 0 0 0 0 53492 29 100835 56 0 0 0 0 0 0 0 0 </measResults>
            </measValue>
            <measValue measObjLdn="MDEUAC01/VPORT:Virtual machine name=MDEHUHIGWF001_IGWB_VDU1_0, Port name=FABRIC2">
                <measResults>13132 7 19341 10 0 0 0 0 13068 7 16412 9 0 0 0 0 0 0 0 0 </measResults>
            </measValue>
            <measValue measObjLdn="MDEUAC01/VPORT:Virtual machine name=MDEHUHCC4F001_UACSU_VDU2_2, Port name=BASE1">
                <measResults>67169 36 172701 95 0 0 0 0 200494 111 239881 133 0 0 0 0 0 0 0 0 </measResults>
            </measValue>
            <measValue measObjLdn="MDEUAC01/VPORT:Virtual machine name=MDEHUHCC4F001_UACGU_VDU2_0, Port name=VNIC3">
                <measResults>141 0 1859 1 0 0 0 0 0 0 0 0 0 0 0 0 0 0 0 0 </measResults>
            </measValue>
            <measValue measObjLdn="MDEUAC01/VPORT:Virtual machine name=MDEHUHIGWF001_IGWB_VDU2_0, Port name=FABRIC1">
                <measResults>17124 9 24295 13 0 0 0 0 16432 8 21036 11 0 0 0 0 0 0 0 0 </measResults>
            </measValue>
            <measValue measObjLdn="MDEUAC01/VPORT:Virtual machine name=MDEHUHCC4F001_UACSU_VDU1_2, Port name=BASE2">
                <measResults>188608 104 212999 118 0 0 0 0 54219 29 105043 58 0 0 0 0 0 0 0 0 </measResults>
            </measValue>
            <measValue measObjLdn="MDEUAC01/VPORT:Virtual machine name=MDEHUHCC4F001_UACSU_VDU1_1, Port name=BASE1">
                <measResults>137410 75 216643 120 0 0 0 0 129407 71 192485 106 0 0 0 0 0 0 0 0 </measResults>
            </measValue>
            <measValue measObjLdn="MDEUAC01/VPORT:Virtual machine name=MDEHUHCC4F001_UACSU_VDU2_1, Port name=BASE2">
                <measResults>53347 29 124224 69 0 0 0 0 195602 108 202677 112 0 0 0 0 0 0 0 0 </measResults>
            </measValue>
            <measValue measObjLdn="MDEUAC01/VPORT:Virtual machine name=MDEHUHCC4F001_UACGU_VDU1_0, Port name=VNIC3">
                <measResults>141 0 1859 1 0 0 0 0 0 0 0 0 0 0 0 0 0 0 0 0 </measResults>
            </measValue>
            <measValue measObjLdn="MDEUAC01/VPORT:Virtual machine name=MDEHUHCC4F001_UACSU_VDU2_0, Port name=BASE1">
                <measResults>67005 36 171728 95 0 0 0 0 201736 111 241992 134 0 0 0 0 0 0 0 0 </measResults>
            </measValue>
            <measValue measObjLdn="MDEUAC01/VPORT:Virtual machine name=MDEHUHCC4F001_UACSU_VDU1_0, Port name=FABRIC2">
                <measResults>64622 35 160025 88 0 0 0 0 68666 37 177008 98 0 0 0 0 0 0 0 0 </measResults>
            </measValue>
            <measValue measObjLdn="MDEUAC01/VPORT:Virtual machine name=MDEHUHCC4F001_UACSU_VDU2_2, Port name=BASE2">
                <measResults>52987 28 117836 65 0 0 0 0 188450 104 195747 108 0 0 0 0 0 0 0 0 </measResults>
            </measValue>
            <measValue measObjLdn="MDEUAC01/VPORT:Virtual machine name=MDEHUHCGPF002_OMUBIG_0, Port name=BASE2">
                <measResults>157533 86 192435 106 0 0 0 0 68719 37 140352 77 0 0 0 0 0 0 0 0 </measResults>
            </measValue>
            <measValue measObjLdn="MDEUAC01/VPORT:Virtual machine name=MDEHUHCC4F001_UACSU_VDU2_3, Port name=BASE2">
                <measResults>121249 66 173500 96 0 0 0 0 129125 71 158002 87 0 0 0 0 0 0 0 0 </measResults>
            </measValue>
            <measValue measObjLdn="MDEUAC01/VPORT:Virtual machine name=MDEHUHIGWF001_IGWB_VDU1_0, Port name=FABRIC1">
                <measResults>13163 7 19768 10 0 0 0 0 13741 7 17157 9 0 0 0 0 0 0 0 0 </measResults>
            </measValue>
            <measValue measObjLdn="MDEUAC01/VPORT:Virtual machine name=MDEHUHCC4F001_UACSU_VDU2_0, Port name=BASE2">
                <measResults>187238 103 210381 116 0 0 0 0 53702 29 101970 56 0 0 0 0 0 0 0 0 </measResults>
            </measValue>
            <measValue measObjLdn="MDEUAC01/VPORT:Virtual machine name=MDEHUHCC4F001_UACSU_VDU1_3, Port name=FABRIC1">
                <measResults>59861 32 150458 83 0 0 0 0 60843 33 151933 84 0 0 0 0 0 0 0 0 </measResults>
            </measValue>
            <measValue measObjLdn="MDEUAC01/VPORT:Virtual machine name=MDEHUHCC4F001_UACSU_VDU1_3, Port name=BASE1">
                <measResults>134104 74 211494 117 0 0 0 0 126149 69 187176 103 0 0 0 0 0 0 0 0 </measResults>
            </measValue>
            <measValue measObjLdn="MDEUAC01/VPORT:Virtual machine name=MDEHUHIGWF001_IGWB_VDU2_0, Port name=BASE1">
                <measResults>38943 21 166375 92 0 0 0 0 36308 19 122533 68 0 0 0 0 0 0 0 0 </measResults>
            </measValue>
            <measValue measObjLdn="MDEUAC01/VPORT:Virtual machine name=MDEHUHIGWF001_IGWB_VDU1_0, Port name=VNIC2">
                <measResults>173 0 2635 1 0 0 0 0 0 0 0 0 0 0 0 0 0 0 0 0 </measResults>
            </measValue>
            <measValue measObjLdn="MDEUAC01/VPORT:Virtual machine name=MDEHUHCC4F001_UACSU_VDU1_3, Port name=BASE2">
                <measResults>120840 66 171473 95 0 0 0 0 128818 71 155647 86 0 0 0 0 0 0 0 0 </measResults>
            </measValue>
            <measValue measObjLdn="MDEUAC01/VPORT:Virtual machine name=MDEHUHIGWF001_IGWB_VDU2_0, Port name=VNIC1">
                <measResults>191 0 2652 1 0 0 0 0 0 0 0 0 0 0 0 0 0 0 0 0 </measResults>
            </measValue>
            <measValue measObjLdn="MDEUAC01/VPORT:Virtual machine name=MDEHUHCC4F001_UACGU_VDU2_0, Port name=FABRIC1">
                <measResults>54027 29 97855 54 0 0 0 0 50239 27 77201 42 0 0 0 0 0 0 0 0 </measResults>
            </measValue>
            <measValue measObjLdn="MDEUAC01/VPORT:Virtual machine name=MDEHUHCGPF002_OMUBIG_1, Port name=VNIC1">
                <measResults>2642 1 7004 3 0 0 0 0 918 0 3456 1 0 0 0 0 0 0 0 0 </measResults>
            </measValue>
            <measValue measObjLdn="MDEUAC01/VPORT:Virtual machine name=MDEHUHCGPF002_OMUBIG_1, Port name=FABRIC2">
                <measResults>72287 39 106945 59 0 0 0 0 70877 39 103907 57 0 0 0 0 0 0 0 0 </measResults>
            </measValue>
            <measValue measObjLdn="MDEUAC01/VPORT:Virtual machine name=MDEHUHCC4F001_UACGU_VDU2_0, Port name=FABRIC2">
                <measResults>53428 29 94966 52 0 0 0 0 50424 27 79895 44 0 0 0 0 0 0 0 0 </measResults>
            </measValue>
            <measValue measObjLdn="MDEUAC01/VPORT:Virtual machine name=MDEHUHCGPF002_OMUBIG_0, Port name=VNIC2">
                <measResults>0 0 0 0 0 0 0 0 0 0 0 0 0 0 0 0 0 0 0 0 </measResults>
            </measValue>
            <measValue measObjLdn="MDEUAC01/VPORT:Virtual machine name=MDEHUHCC4F001_UACSU_VDU1_1, Port name=BASE2">
                <measResults>190430 105 219386 121 0 0 0 0 64617 35 113115 62 0 0 0 0 0 0 0 0 </measResults>
            </measValue>
            <measValue measObjLdn="MDEUAC01/VPORT:Virtual machine name=MDEHUHIGWF001_IGWB_VDU1_0, Port name=VNIC1">
                <measResults>179 0 2457 1 0 0 0 0 32 0 779 0 0 0 0 0 0 0 0 0 </measResults>
            </measValue>
            <measValue measObjLdn="MDEUAC01/VPORT:Virtual machine name=MDEHUHIGWF001_IGWB_VDU2_0, Port name=VNIC4">
                <measResults>210 0 2952 1 0 0 0 0 0 0 0 0 0 0 0 0 0 0 0 0 </measResults>
            </measValue>
            <measValue measObjLdn="MDEUAC01/VPORT:Virtual machine name=MDEHUHCC4F001_UACSU_VDU1_5, Port name=BASE2">
                <measResults>124041 68 175420 97 0 0 0 0 132005 72 159364 88 0 0 0 0 0 0 0 0 </measResults>
            </measValue>
            <measValue measObjLdn="MDEUAC01/VPORT:Virtual machine name=MDEHUHCC4F001_UACSU_VDU1_5, Port name=FABRIC1">
                <measResults>61427 33 140519 78 0 0 0 0 62601 34 143248 79 0 0 0 0 0 0 0 0 </measResults>
            </measValue>
            <measValue measObjLdn="MDEUAC01/VPORT:Virtual machine name=MDEHUHCC4F001_UACGU_VDU1_0, Port name=VNIC1">
                <measResults>301 0 4018 2 0 0 0 0 80 0 600 0 0 0 0 0 0 0 0 0 </measResults>
            </measValue>
            <measValue measObjLdn="MDEUAC01/VPORT:Virtual machine name=MDEHUHCC4F001_UACSU_VDU2_4, Port name=FABRIC2">
                <measResults>60759 33 155057 86 0 0 0 0 61460 33 155734 86 0 0 0 0 0 0 0 0 </measResults>
            </measValue>
            <measValue measObjLdn="MDEUAC01/VPORT:Virtual machine name=MDEHUHCC4F001_UACGU_VDU2_0, Port name=BASE1">
                <measResults>63916 35 152894 84 0 0 0 0 62245 34 136890 76 0 0 0 0 0 0 0 0 </measResults>
            </measValue>
            <measValue measObjLdn="MDEUAC01/VPORT:Virtual machine name=MDEHUHCC4F001_UACSU_VDU2_5, Port name=FABRIC1">
                <measResults>61396 33 163310 90 0 0 0 0 62089 33 163257 90 0 0 0 0 0 0 0 0 </measResults>
            </measValue>
            <measValue measObjLdn="MDEUAC01/VPORT:Virtual machine name=MDEHUHCC4F001_UACSU_VDU2_0, Port name=FABRIC2">
                <measResults>60658 33 154615 85 0 0 0 0 61559 33 155694 86 0 0 0 0 0 0 0 0 </measResults>
            </measValue>
            <measValue measObjLdn="MDEUAC01/VPORT:Virtual machine name=MDEHUHCC4F001_UACSU_VDU1_5, Port name=FABRIC2">
                <measResults>60696 33 137684 76 0 0 0 0 61678 33 139619 77 0 0 0 0 0 0 0 0 </measResults>
            </measValue>
            <measValue measObjLdn="MDEUAC01/VPORT:Virtual machine name=MDEHUHCC4F001_UACSU_VDU2_4, Port name=FABRIC1">
                <measResults>59021 32 146413 81 0 0 0 0 59853 32 147524 81 0 0 0 0 0 0 0 0 </measResults>
            </measValue>
            <measValue measObjLdn="MDEUAC01/VPORT:Virtual machine name=MDEHUHCC4F001_UACGU_VDU1_0, Port name=FABRIC1">
                <measResults>70920 39 159620 88 0 0 0 0 59223 32 118353 65 0 0 0 0 0 0 0 0 </measResults>
            </measValue>
            <measValue measObjLdn="MDEUAC01/VPORT:Virtual machine name=MDEHUHCGPF002_OMUBIG_0, Port name=BASE1">
                <measResults>121926 67 243402 135 0 0 0 0 89885 49 207424 115 0 0 0 0 0 0 0 0 </measResults>
            </measValue>
            <measValue measObjLdn="MDEUAC01/VPORT:Virtual machine name=MDEHUHIGWF001_IGWB_VDU1_0, Port name=BASE1">
                <measResults>27550 15 113128 62 0 0 0 0 30499 16 135104 75 0 0 0 0 0 0 0 0 </measResults>
            </measValue>
            <measValue measObjLdn="MDEUAC01/VPORT:Virtual machine name=MDEHUHCC4F001_UACGU_VDU1_0, Port name=BASE1">
                <measResults>70257 38 167925 93 0 0 0 0 92831 51 211424 117 0 0 0 0 0 0 0 0 </measResults>
            </measValue>
            <measValue measObjLdn="MDEUAC01/VPORT:Virtual machine name=MDEHUHCC4F001_UACSU_VDU1_4, Port name=FABRIC2">
                <measResults>59177 32 147912 82 0 0 0 0 60037 32 148809 82 0 0 0 0 0 0 0 0 </measResults>
            </measValue>
            <measValue measObjLdn="MDEUAC01/VPORT:Virtual machine name=MDEHUHCC4F001_UACSU_VDU2_2, Port name=FABRIC1">
                <measResults>64656 35 186146 103 0 0 0 0 65612 35 184093 102 0 0 0 0 0 0 0 0 </measResults>
            </measValue>
            <measValue measObjLdn="MDEUAC01/VPORT:Virtual machine name=MDEHUHIGWF001_IGWB_VDU1_0, Port name=BASE2">
                <measResults>22092 12 106986 59 0 0 0 0 36516 20 130778 72 0 0 0 0 0 0 0 0 </measResults>
            </measValue>
            <measValue measObjLdn="MDEUAC01/VPORT:Virtual machine name=MDEHUHCC4F001_UACSU_VDU2_3, Port name=BASE1">
                <measResults>133636 73 208856 116 0 0 0 0 126093 69 186015 103 0 0 0 0 0 0 0 0 </measResults>
            </measValue>
            <measValue measObjLdn="MDEUAC01/VPORT:Virtual machine name=MDEHUHCC4F001_UACSU_VDU1_2, Port name=FABRIC1">
                <measResults>56110 30 120108 66 0 0 0 0 57300 31 123547 68 0 0 0 0 0 0 0 0 </measResults>
            </measValue>
            <measValue measObjLdn="MDEUAC01/VPORT:Virtual machine name=MDEHUHCC4F001_UACGU_VDU2_0, Port name=BASE2">
                <measResults>530024 294 445106 247 0 0 0 0 51609 28 89554 49 0 0 0 0 0 0 0 0 </measResults>
            </measValue>
            <measValue measObjLdn="MDEUAC01/VPORT:Virtual machine name=MDEHUHCC4F001_UACSU_VDU2_5, Port name=BASE2">
                <measResults>120750 66 170384 94 0 0 0 0 128813 71 156445 86 0 0 0 0 0 0 0 0 </measResults>
            </measValue>
            <measValue measObjLdn="MDEUAC01/VPORT:Virtual machine name=MDEHUHCC4F001_UACSU_VDU1_1, Port name=FABRIC1">
                <measResults>61629 33 140995 78 0 0 0 0 63018 34 146842 81 0 0 0 0 0 0 0 0 </measResults>
            </measValue>
            <measValue measObjLdn="MDEUAC01/VPORT:Virtual machine name=MDEHUHCC4F001_UACSU_VDU2_1, Port name=FABRIC2">
                <measResults>63193 34 172004 95 0 0 0 0 63951 35 171479 95 0 0 0 0 0 0 0 0 </measResults>
            </measValue>
            <measValue measObjLdn="MDEUAC01/VPORT:Virtual machine name=MDEHUHCC4F001_UACSU_VDU2_3, Port name=FABRIC2">
                <measResults>59902 32 151068 83 0 0 0 0 60723 33 151942 84 0 0 0 0 0 0 0 0 </measResults>
            </measValue>
            <measValue measObjLdn="MDEUAC01/VPORT:Virtual machine name=MDEHUHIGWF001_IGWB_VDU2_0, Port name=BASE2">
                <measResults>30279 16 129066 71 0 0 0 0 24576 13 84685 47 0 0 0 0 0 0 0 0 </measResults>
            </measValue>
            <measValue measObjLdn="MDEUAC01/VPORT:Virtual machine name=MDEHUHCC4F001_UACSU_VDU1_2, Port name=FABRIC2">
                <measResults>56011 30 120105 66 0 0 0 0 57345 31 123715 68 0 0 0 0 0 0 0 0 </measResults>
            </measValue>
            <measValue measObjLdn="MDEUAC01/VPORT:Virtual machine name=MDEHUHCC4F001_UACSU_VDU1_3, Port name=FABRIC2">
                <measResults>59753 32 150348 83 0 0 0 0 60421 33 150878 83 0 0 0 0 0 0 0 0 </measResults>
            </measValue>
            <measValue measObjLdn="MDEUAC01/VPORT:Virtual machine name=MDEHUHCC4F001_UACGU_VDU1_0, Port name=BASE2">
                <measResults>56236 30 117821 65 0 0 0 0 538349 298 434087 241 0 0 0 0 0 0 0 0 </measResults>
            </measValue>
            <measValue measObjLdn="MDEUAC01/VPORT:Virtual machine name=MDEHUHCC4F001_UACSU_VDU1_1, Port name=FABRIC2">
                <measResults>62171 34 143643 79 0 0 0 0 63369 34 146872 81 0 0 0 0 0 0 0 0 </measResults>
            </measValue>
            <measValue measObjLdn="MDEUAC01/VPORT:Virtual machine name=MDEHUHCC4F001_UACGU_VDU2_0, Port name=VNIC1">
                <measResults>612 0 5458 3 0 0 0 0 2091 1 11214 6 0 0 0 0 0 0 0 0 </measResults>
            </measValue>
            <measValue measObjLdn="MDEUAC01/VPORT:Virtual machine name=MDEHUHCC4F001_UACSU_VDU1_0, Port name=FABRIC1">
                <measResults>65333 35 163645 90 0 0 0 0 69318 37 180686 100 0 0 0 0 0 0 0 0 </measResults>
            </measValue>
            <measValue measObjLdn="MDEUAC01/VPORT:Virtual machine name=MDEHUHCC4F001_UACSU_VDU1_0, Port name=BASE2">
                <measResults>81484 44 247222 137 0 0 0 0 190298 105 205968 114 0 0 0 0 0 0 0 0 </measResults>
            </measValue>
            <measValue measObjLdn="MDEUAC01/VPORT:Virtual machine name=MDEHUHIGWF001_IGWB_VDU2_0, Port name=FABRIC2">
                <measResults>16456 9 23651 13 0 0 0 0 16405 8 20709 11 0 0 0 0 0 0 0 0 </measResults>
            </measValue>
            <measValue measObjLdn="MDEUAC01/VPORT:Virtual machine name=MDEHUHCC4F001_UACSU_VDU1_2, Port name=BASE1">
                <measResults>202029 111 263438 146 0 0 0 0 66667 36 147484 81 0 0 0 0 0 0 0 0 </measResults>
            </measValue>
            <measValue measObjLdn="MDEUAC01/VPORT:Virtual machine name=MDEHUHCC4F001_UACSU_VDU2_4, Port name=BASE1">
                <measResults>67217 36 173242 96 0 0 0 0 201359 111 242830 134 0 0 0 0 0 0 0 0 </measResults>
            </measValue>
            <measValue measObjLdn="MDEUAC01/VPORT:Virtual machine name=MDEHUHCGPF002_OMUBIG_0, Port name=VNIC1">
                <measResults>228 0 3305 1 0 0 0 0 17 0 388 0 0 0 0 0 0 0 0 0 </measResults>
            </measValue>
            <measValue measObjLdn="MDEUAC01/VPORT:Virtual machine name=MDEHUHCGPF002_OMUBIG_1, Port name=BASE2">
                <measResults>158678 87 590384 327 0 0 0 0 184578 102 594051 330 0 0 0 0 0 0 0 0 </measResults>
            </measValue>
            <measValue measObjLdn="MDEUAC01/VPORT:Virtual machine name=MDEHUHCC4F001_UACSU_VDU2_3, Port name=FABRIC1">
                <measResults>59789 32 150348 83 0 0 0 0 60701 33 151746 84 0 0 0 0 0 0 0 0 </measResults>
            </measValue>
            <measValue measObjLdn="MDEUAC01/VPORT:Virtual machine name=MDEHUHCGPF002_OMUBIG_1, Port name=BASE1">
                <measResults>199144 110 672708 373 0 0 0 0 142869 78 641810 356 0 0 0 0 0 0 0 0 </measResults>
            </measValue>
            <measValue measObjLdn="MDEUAC01/VPORT:Virtual machine name=MDEHUHCC4F001_UACSU_VDU2_1, Port name=BASE1">
                <measResults>134111 74 212675 118 0 0 0 0 126124 69 187131 103 0 0 0 0 0 0 0 0 </measResults>
            </measValue>
            <measValue measObjLdn="MDEUAC01/VPORT:Virtual machine name=MDEHUHCC4F001_UACSU_VDU2_2, Port name=FABRIC2">
                <measResults>64779 35 186934 103 0 0 0 0 65697 35 184593 102 0 0 0 0 0 0 0 0 </measResults>
            </measValue>
            <measValue measObjLdn="MDEUAC01/VPORT:Virtual machine name=MDEHUHCC4F001_UACSU_VDU2_5, Port name=BASE1">
                <measResults>66839 36 166685 92 0 0 0 0 193762 107 233640 129 0 0 0 0 0 0 0 0 </measResults>
            </measValue>
        </measInfo>
        <measInfo measInfoId="1056974611">
            <granPeriod duration="PT1800S" endTime="2021-08-11T23:30:00+08:00"/>
            <repPeriod duration="PT1800S"/>
            <measTypes>1056974758 1056974759 1056974760 1056974761 1056974762 1056974763 1056974764 1056974765 1056974766 1056974767 1056974768 1056974769 1056974770 1056974771 1056974772 1056974773 1056974774 1056974775 1056974776 1056974777 1056974778 1056974779 1056974780 1056974781 1056974782 1056974783 1056974784 1056974785 1056974786 1056974787 1056974788 1056974789 1056974790 1056974791 1056974792 1056974793 1056974794 1056974795 1056974796 1056974797 1056974798 1056974799 1056974800 1056974801 1056974802 1056974803 1056974804 1056974805 1056974806 1056974807 1056974808 1056974809 1056974810 1056974811 1056974812 1056974813 1056974814 1056974815 1056974816 1056974817 1056974818 1056974819 1056974820 1056974821 1056974822 1056974823 </measTypes>
            <measValue measObjLdn="MDEUAC01/IP:IP index=0, MEID=281, Module=1700,IP=10.157.187.36">
                <measResults>538 538 0 0 0 0 0 0 0 0 0 0 9844 6658 0 3186 0 0 0 0 0 0 0 0 426 192 427 325 0 5 127 1049 1 9 0 0 0 0 0 3186 0 0 0 0 0 0 0 0 0 0 538 0 0 0 0 0 0 0 0 0 0 0 0 0 0 0 </measResults>
            </measValue>
            <measValue measObjLdn="MDEUAC01/IP:IP index=1, MEID=281, Module=1701,IP=10.157.187.37">
                <measResults>4850 4850 0 0 0 0 0 0 0 0 0 0 34677 31493 0 3184 0 0 0 0 0 0 0 0 311 286 427 325 2 19 838 5509 7 21 0 0 0 0 0 3184 0 0 0 0 0 0 0 0 0 0 4850 0 0 0 0 0 0 0 0 0 0 0 0 0 0 0 </measResults>
            </measValue>
            <measValue measObjLdn="MDEUAC01/IP:IP index=3, MEID=50, Module=1808,IP=10.157.188.4">
                <measResults>0 0 0 0 0 0 0 0 0 0 0 0 0 0 0 0 0 0 0 0 0 0 0 0 0 0 0 0 0 0 0 0 0 0 0 0 0 0 0 0 0 0 0 0 0 0 0 0 0 0 0 0 0 0 0 0 0 0 0 0 0 0 0 0 0 0 </measResults>
            </measValue>
            <measValue measObjLdn="MDEUAC01/IP:IP index=2, MEID=50, Module=1808,IP=10.157.186.20">
                <measResults>0 0 0 0 0 0 0 0 0 0 0 0 0 0 0 0 0 0 0 0 0 0 0 0 0 0 0 0 0 0 0 0 0 0 0 0 0 0 0 0 0 0 0 0 0 0 0 0 0 0 0 0 0 0 0 0 0 0 0 0 0 0 0 0 0 0 </measResults>
            </measValue>
        </measInfo>
        <measInfo measInfoId="1057000003">
            <granPeriod duration="PT1800S" endTime="2021-08-11T23:30:00+08:00"/>
            <repPeriod duration="PT1800S"/>
            <measTypes>1057000230 1057000231 1057000232 1057000233 1057000234 1057000235 1057000236 1057000237 1057000238 1057000239 1057000240 </measTypes>
            <measValue measObjLdn="MDEUAC01/VM:Virtual machine name=MDEHUHCC4F001_UACSU_VDU1_1">
                <measResults>32 3944 2644 2.317 0 15.467 0 0.618 0.618 0.043 0 </measResults>
            </measValue>
            <measValue measObjLdn="MDEUAC01/VM:Virtual machine name=MDEHUHCC4F001_UACSU_VDU1_3">
                <measResults>32 3944 2648 2.483 0 18.133 0 0.612 0.59 0.037 0 </measResults>
            </measValue>
            <measValue measObjLdn="MDEUAC01/VM:Virtual machine name=MDEHUHCC4F001_UACSU_VDU1_5">
                <measResults>32 3944 2644 2.25 0 17.133 0 0.685 0.585 0.038 0 </measResults>
            </measValue>
            <measValue measObjLdn="MDEUAC01/VM:Virtual machine name=MDEHUHCC4F001_UACSU_VDU1_4">
                <measResults>32 3944 2645 2.433 0 17.333 0 0.672 0.652 0.042 0 </measResults>
            </measValue>
            <measValue measObjLdn="MDEUAC01/VM:Virtual machine name=MDEHUHIGWF001_IGWB_VDU1_0">
                <measResults>6 297981 280029 6.783 0 42.367 0 0.515 0.372 0.108 0 </measResults>
            </measValue>
            <measValue measObjLdn="MDEUAC01/VM:Virtual machine name=MDEHUHIGWF001_IGWB_VDU2_0">
                <measResults>11 40015 35251 6.967 0 45.083 0 0.54 0.31 0.112 0 </measResults>
            </measValue>
            <measValue measObjLdn="MDEUAC01/VM:Virtual machine name=MDEHUHCC4F001_UACSU_VDU1_2">
                <measResults>32 3944 2646 2.567 0 17.6 0 0.835 0.823 0.055 0 </measResults>
            </measValue>
            <measValue measObjLdn="MDEUAC01/VM:Virtual machine name=MDEHUHCC4F001_UACSU_VDU2_4">
                <measResults>32 3944 2644 1.917 0 13.533 0 0.845 0.818 0.055 0 </measResults>
            </measValue>
            <measValue measObjLdn="MDEUAC01/VM:Virtual machine name=MDEHUHCC4F001_UACSU_VDU2_1">
                <measResults>32 3944 2645 2.6 0 18.267 0 0.717 0.687 0.045 0 </measResults>
            </measValue>
            <measValue measObjLdn="MDEUAC01/VM:Virtual machine name=MDEHUHCGPF002_OMUBIG_0">
                <measResults>32 204405 138925 9.05 0.217 478.875 3.532 1.402 0.298 0.145 0.02 </measResults>
            </measValue>
            <measValue measObjLdn="MDEUAC01/VM:Virtual machine name=MDEHUHCC4F001_UACSU_VDU1_0">
                <measResults>32 3944 2645 2.317 0 16.933 0 0.673 0.642 0.045 0 </measResults>
            </measValue>
            <measValue measObjLdn="MDEUAC01/VM:Virtual machine name=MDEHUHCGPF002_OMUBIG_1">
                <measResults>30 204405 141748 13.747 0.583 436.407 13.267 1.055 0.273 0.27 0.008 </measResults>
            </measValue>
            <measValue measObjLdn="MDEUAC01/VM:Virtual machine name=MDEHUHCC4F001_UACGU_VDU1_0">
                <measResults>28 3944 2812 1.717 0 12.067 0 0.593 0.578 0.038 0 </measResults>
            </measValue>
            <measValue measObjLdn="MDEUAC01/VM:Virtual machine name=MDEHUHCC4F001_UACSU_VDU2_0">
                <measResults>32 3944 2648 2.083 0 13.4 0 0.523 0.523 0.038 0 </measResults>
            </measValue>
            <measValue measObjLdn="MDEUAC01/VM:Virtual machine name=MDEHUHCC4F001_UACGU_VDU2_0">
                <measResults>28 3944 2814 2.467 0 18.133 0 0.683 0.643 0.045 0 </measResults>
            </measValue>
            <measValue measObjLdn="MDEUAC01/VM:Virtual machine name=MDEHUHCC4F001_UACSU_VDU2_3">
                <measResults>32 3944 2644 2 0 13.6 0 0.653 0.64 0.042 0 </measResults>
            </measValue>
            <measValue measObjLdn="MDEUAC01/VM:Virtual machine name=MDEHUHCC4F001_UACSU_VDU2_5">
                <measResults>32 3944 2648 2.383 0 16.333 0 0.645 0.58 0.043 0 </measResults>
            </measValue>
            <measValue measObjLdn="MDEUAC01/VM:Virtual machine name=MDEHUHCC4F001_UACSU_VDU2_2">
                <measResults>32 3944 2645 2.133 0 15.333 0 0.617 0.613 0.042 0 </measResults>
            </measValue>
        </measInfo>
        <measInfo measInfoId="1057000000">
            <granPeriod duration="PT1800S" endTime="2021-08-11T23:30:00+08:00"/>
            <repPeriod duration="PT1800S"/>
            <measTypes>1057000200 1057000201 1057000203 1057000205 1057000206 </measTypes>
            <measValue measObjLdn="MDEUAC01/VM:Virtual machine name=MDEHUHCC4F001_UACSU_VDU1_1">
                <measResults>6 11 2 0 0 </measResults>
            </measValue>
            <measValue measObjLdn="MDEUAC01/VM:Virtual machine name=MDEHUHCC4F001_UACSU_VDU1_3">
                <measResults>6 9 8 0 0 </measResults>
            </measValue>
            <measValue measObjLdn="MDEUAC01/VM:Virtual machine name=MDEHUHCC4F001_UACSU_VDU1_5">
                <measResults>6 11 8 0 0 </measResults>
            </measValue>
            <measValue measObjLdn="MDEUAC01/VM:Virtual machine name=MDEHUHCC4F001_UACSU_VDU1_4">
                <measResults>6 10 9 0 0 </measResults>
            </measValue>
            <measValue measObjLdn="MDEUAC01/VM:Virtual machine name=MDEHUHIGWF001_IGWB_VDU1_0">
                <measResults>6 15 1 0 0 </measResults>
            </measValue>
            <measValue measObjLdn="MDEUAC01/VM:Virtual machine name=MDEHUHIGWF001_IGWB_VDU2_0">
                <measResults>5 18 3 0 0 </measResults>
            </measValue>
            <measValue measObjLdn="MDEUAC01/VM:Virtual machine name=MDEHUHCC4F001_UACSU_VDU1_2">
                <measResults>5 9 5 0 0 </measResults>
            </measValue>
            <measValue measObjLdn="MDEUAC01/VM:Virtual machine name=MDEHUHCC4F001_UACSU_VDU2_4">
                <measResults>5 13 1 0 0 </measResults>
            </measValue>
            <measValue measObjLdn="MDEUAC01/VM:Virtual machine name=MDEHUHCC4F001_UACSU_VDU2_1">
                <measResults>6 12 10 0 0 </measResults>
            </measValue>
            <measValue measObjLdn="MDEUAC01/VM:Virtual machine name=MDEHUHCGPF002_OMUBIG_0">
                <measResults>5 21 4 0 0 </measResults>
            </measValue>
            <measValue measObjLdn="MDEUAC01/VM:Virtual machine name=MDEHUHCC4F001_UACSU_VDU1_0">
                <measResults>6 10 6 0 0 </measResults>
            </measValue>
            <measValue measObjLdn="MDEUAC01/VM:Virtual machine name=MDEHUHCGPF002_OMUBIG_1">
                <measResults>16 28 2 0 0 </measResults>
            </measValue>
            <measValue measObjLdn="MDEUAC01/VM:Virtual machine name=MDEHUHCC4F001_UACGU_VDU1_0">
                <measResults>3 7 2 0 0 </measResults>
            </measValue>
            <measValue measObjLdn="MDEUAC01/VM:Virtual machine name=MDEHUHCC4F001_UACSU_VDU2_0">
                <measResults>5 9 5 0 0 </measResults>
            </measValue>
            <measValue measObjLdn="MDEUAC01/VM:Virtual machine name=MDEHUHCC4F001_UACGU_VDU2_0">
                <measResults>3 7 18 0 0 </measResults>
            </measValue>
            <measValue measObjLdn="MDEUAC01/VM:Virtual machine name=MDEHUHCC4F001_UACSU_VDU2_3">
                <measResults>5 12 3 0 0 </measResults>
            </measValue>
            <measValue measObjLdn="MDEUAC01/VM:Virtual machine name=MDEHUHCC4F001_UACSU_VDU2_5">
                <measResults>6 15 15 0 0 </measResults>
            </measValue>
            <measValue measObjLdn="MDEUAC01/VM:Virtual machine name=MDEHUHCC4F001_UACSU_VDU2_2">
                <measResults>6 13 1 0 0 </measResults>
            </measValue>
        </measInfo>
    </measData>
    <fileFooter>
        <measCollec endTime="2021-08-11T23:30:00+08:00"/>
    </fileFooter>
</measCollecFile>
