<?xml version="1.0" encoding="UTF-8"?>
<measCollecFile xmlns="http://www.3gpp.org/ftp/specs/archive/32_series/32.435#measCollec">
<fileHeader fileFormatVersion="32.435 V10.0" vendorName="Nokia Networks">
<fileSender elementType="MGW"/>
<measCollec beginTime="2021-08-21T21:30:00+08:00"/>
</fileHeader>
<measData>
<managedElement/>
<measInfo measInfoId="MTP_SL_Perf">
<granPeriod duration="PT1800S" endTime="2021-08-21T22:00:00+08:00"/>
<repPeriod duration="PT1800S"/>
<measTypes>M209B2C1 M209B2C2 M209B2C3 M209B2C4 M209B2C5 M209B2C6 M209B2C7 M209B3C1 M209B3C2 M209B3C3 M209B3C4 M209B3C5 M209B3C6</measTypes>
<measValue measObjLdn="PLMN-PLMN/MGW-360422,SL_TYPE=SLN-56_0/SL_TYPE-0,SPC_TOPO=SNET-NA1/SPCD-607,SIGNALLING_LINK_SETNAME=SLSN-PLPIV">
<measResults>0 0 0 0 0 0 0 0 0 0 0 0 0</measResults>
</measValue>
</measInfo>
<measInfo measInfoId="MTP_SL_Perf">
<granPeriod duration="PT1800S" endTime="2021-08-21T22:00:00+08:00"/>
<repPeriod duration="PT1800S"/>
<measTypes>M209B2C1 M209B2C2 M209B2C3 M209B2C4 M209B2C5 M209B2C6 M209B2C7 M209B3C1 M209B3C2 M209B3C3 M209B3C4 M209B3C5 M209B3C6</measTypes>
<measValue measObjLdn="PLMN-PLMN/MGW-360422,SL_TYPE=SLN-57_1/SL_TYPE-0,SPC_TOPO=SNET-NA1/SPCD-607,SIGNALLING_LINK_SETNAME=SLSN-PLPIV">
<measResults>0 0 0 0 0 0 0 0 0 0 0 0 0</measResults>
</measValue>
</measInfo>
<measInfo measInfoId="MTP_SL_Perf">
<granPeriod duration="PT1800S" endTime="2021-08-21T22:00:00+08:00"/>
<repPeriod duration="PT1800S"/>
<measTypes>M209B2C1 M209B2C2 M209B2C3 M209B2C4 M209B2C5 M209B2C6 M209B2C7 M209B3C1 M209B3C2 M209B3C3 M209B3C4 M209B3C5 M209B3C6</measTypes>
<measValue measObjLdn="PLMN-PLMN/MGW-360422,SL_TYPE=SLN-58_2/SL_TYPE-0,SPC_TOPO=SNET-NA1/SPCD-607,SIGNALLING_LINK_SETNAME=SLSN-PLPIV">
<measResults>0 0 0 0 0 0 0 0 0 0 0 0 0</measResults>
</measValue>
</measInfo>
<measInfo measInfoId="MTP_SL_Perf">
<granPeriod duration="PT1800S" endTime="2021-08-21T22:00:00+08:00"/>
<repPeriod duration="PT1800S"/>
<measTypes>M209B2C1 M209B2C2 M209B2C3 M209B2C4 M209B2C5 M209B2C6 M209B2C7 M209B3C1 M209B3C2 M209B3C3 M209B3C4 M209B3C5 M209B3C6</measTypes>
<measValue measObjLdn="PLMN-PLMN/MGW-360422,SL_TYPE=SLN-59_3/SL_TYPE-0,SPC_TOPO=SNET-NA1/SPCD-607,SIGNALLING_LINK_SETNAME=SLSN-PLPIV">
<measResults>0 0 0 0 0 0 0 0 0 0 0 0 0</measResults>
</measValue>
</measInfo>
<measInfo measInfoId="MTP_SL_Perf">
<granPeriod duration="PT1800S" endTime="2021-08-21T22:00:00+08:00"/>
<repPeriod duration="PT1800S"/>
<measTypes>M209B2C1 M209B2C2 M209B2C3 M209B2C4 M209B2C5 M209B2C6 M209B2C7 M209B3C1 M209B3C2 M209B3C3 M209B3C4 M209B3C5 M209B3C6</measTypes>
<measValue measObjLdn="PLMN-PLMN/MGW-360422,SL_TYPE=SLN-60_0/SL_TYPE-0,SPC_TOPO=SNET-NA0/SPCD-1302,SIGNALLING_LINK_SETNAME=SLSN-SUAXB">
<measResults>0 0 0 0 0 0 0 0 0 0 0 0 0</measResults>
</measValue>
</measInfo>
<measInfo measInfoId="MTP_SL_Perf">
<granPeriod duration="PT1800S" endTime="2021-08-21T22:00:00+08:00"/>
<repPeriod duration="PT1800S"/>
<measTypes>M209B2C1 M209B2C2 M209B2C3 M209B2C4 M209B2C5 M209B2C6 M209B2C7 M209B3C1 M209B3C2 M209B3C3 M209B3C4 M209B3C5 M209B3C6</measTypes>
<measValue measObjLdn="PLMN-PLMN/MGW-360422,SL_TYPE=SLN-61_1/SL_TYPE-0,SPC_TOPO=SNET-NA0/SPCD-1302,SIGNALLING_LINK_SETNAME=SLSN-SUAXB">
<measResults>0 0 0 0 0 0 0 0 0 0 0 0 0</measResults>
</measValue>
</measInfo>
<measInfo measInfoId="MTP_SL_Perf">
<granPeriod duration="PT1800S" endTime="2021-08-21T22:00:00+08:00"/>
<repPeriod duration="PT1800S"/>
<measTypes>M209B2C1 M209B2C2 M209B2C3 M209B2C4 M209B2C5 M209B2C6 M209B2C7 M209B3C1 M209B3C2 M209B3C3 M209B3C4 M209B3C5 M209B3C6</measTypes>
<measValue measObjLdn="PLMN-PLMN/MGW-360422,SL_TYPE=SLN-62_0/SL_TYPE-0,SPC_TOPO=SNET-NA0/SPCD-6110,SIGNALLING_LINK_SETNAME=SLSN-GTVL1">
<measResults>1800 0 0 0 0 0 0 0 0 0 0 0 0</measResults>
</measValue>
</measInfo>
<measInfo measInfoId="MTP_SL_Perf">
<granPeriod duration="PT1800S" endTime="2021-08-21T22:00:00+08:00"/>
<repPeriod duration="PT1800S"/>
<measTypes>M209B2C1 M209B2C2 M209B2C3 M209B2C4 M209B2C5 M209B2C6 M209B2C7 M209B3C1 M209B3C2 M209B3C3 M209B3C4 M209B3C5 M209B3C6</measTypes>
<measValue measObjLdn="PLMN-PLMN/MGW-360422,SL_TYPE=SLN-63_1/SL_TYPE-0,SPC_TOPO=SNET-NA0/SPCD-6110,SIGNALLING_LINK_SETNAME=SLSN-GTVL1">
<measResults>1800 0 0 0 0 0 0 0 0 0 0 0 0</measResults>
</measValue>
</measInfo>
<measInfo measInfoId="MTP_SL_Perf">
<granPeriod duration="PT1800S" endTime="2021-08-21T22:00:00+08:00"/>
<repPeriod duration="PT1800S"/>
<measTypes>M209B2C1 M209B2C2 M209B2C3 M209B2C4 M209B2C5 M209B2C6 M209B2C7 M209B3C1 M209B3C2 M209B3C3 M209B3C4 M209B3C5 M209B3C6</measTypes>
<measValue measObjLdn="PLMN-PLMN/MGW-360422,SL_TYPE=SLN-64_2/SL_TYPE-0,SPC_TOPO=SNET-NA0/SPCD-6110,SIGNALLING_LINK_SETNAME=SLSN-GTVL1">
<measResults>1800 0 0 0 0 0 0 0 0 0 0 0 0</measResults>
</measValue>
</measInfo>
</measData>
<fileFooter>
<measCollec endTime="2021-08-21T22:00:00+08:00"/>
</fileFooter>
</measCollecFile>