<?xml version="1.0" encoding="UTF-8"?>
<measCollecFile xmlns="http://latest/nmc-omc/cmNrm.doc#measCollec" xmlns:xsi="http://www.w3.org/2001/XMLSchema-instance" xsi:schemaLocation="http://latest/nmc-omc/cmNrm.doc#measCollec schema\pmResultSchedule.xsd">
    <fileHeader fileFormatVersion="32.435 V7.2" vendorName="Huawei">
        <fileSender elementType="NodeB"/>
        <measCollec beginTime="2021-08-19T11:00:00+08:00"/>
    </fileHeader>
    <measData>
        <managedElement userLabel="PSYG7502HUNB001"/>
        <measInfo measInfoId="50331655">
            <granPeriod duration="PT3600S" endTime="2021-08-19T12:00:00+08:00"/>
            <repPeriod duration="PT3600S"/>
            <measTypes>50332573 50332574 50342574 50342575 50342635 50342636 </measTypes>
            <measValue measObjLdn="PSYG7502HUNB001/ULGROUP:UL BB Resource Group No.=1">
                <measResults>1024 75.279 51.5 109 0 0 </measResults>
            </measValue>
            <measValue measObjLdn="PSYG7502HUNB001/ULGROUP:UL BB Resource Group No.=2">
                <measResults>1024 45.487 31 80 0 0 </measResults>
            </measValue>
        </measInfo>
        <measInfo measInfoId="50331656">
            <granPeriod duration="PT3600S" endTime="2021-08-19T12:00:00+08:00"/>
            <repPeriod duration="PT3600S"/>
            <measTypes>50332582 50332583 50332584 50332586 50342584 50342585 50342586 50342587 50342606 50342607 50342608 50342609 50342632 50342633 </measTypes>
            <measValue measObjLdn="PSYG7502HUNB001/BRD:Board Type=UBBP, Cabinet No.=0, Subrack No.=0, Slot No.=1">
                <measResults>1024 1024 0 0 0 0 0 0 0 0 0 0 0 0 </measResults>
            </measValue>
            <measValue measObjLdn="PSYG7502HUNB001/BRD:Board Type=UBBP, Cabinet No.=0, Subrack No.=0, Slot No.=2">
                <measResults>1024 1024 49.883 75.279 35 66 51.5 109 3 6 5 8 0 0 </measResults>
            </measValue>
            <measValue measObjLdn="PSYG7502HUNB001/BRD:Board Type=UBBP, Cabinet No.=0, Subrack No.=0, Slot No.=3">
                <measResults>1024 1024 36.375 45.487 27 49 31 80 1 3 2 5 0 0 </measResults>
            </measValue>
            <measValue measObjLdn="PSYG7502HUNB001/BRD:Board Type=UMPT, Cabinet No.=0, Subrack No.=0, Slot No.=7">
                <measResults>0 0 0 0 0 0 0 0 0 0 0 0 0 0 </measResults>
            </measValue>
        </measInfo>
        <measInfo measInfoId="50331683">
            <granPeriod duration="PT3600S" endTime="2021-08-19T12:00:00+08:00"/>
            <repPeriod duration="PT3600S"/>
            <measTypes>50332627 </measTypes>
            <measValue measObjLdn="PSYG7502HUNB001/NODEBRRU:Cabinet No.=0, Subrack No.=60, Slot No.=0">
                <measResults>0 </measResults>
            </measValue>
            <measValue measObjLdn="PSYG7502HUNB001/NODEBRRU:Cabinet No.=0, Subrack No.=61, Slot No.=0">
                <measResults>0 </measResults>
            </measValue>
            <measValue measObjLdn="PSYG7502HUNB001/NODEBRRU:Cabinet No.=0, Subrack No.=62, Slot No.=0">
                <measResults>0 </measResults>
            </measValue>
            <measValue measObjLdn="PSYG7502HUNB001/NODEBRRU:Cabinet No.=0, Subrack No.=80, Slot No.=0">
                <measResults>0 </measResults>
            </measValue>
            <measValue measObjLdn="PSYG7502HUNB001/NODEBRRU:Cabinet No.=0, Subrack No.=81, Slot No.=0">
                <measResults>0 </measResults>
            </measValue>
            <measValue measObjLdn="PSYG7502HUNB001/NODEBRRU:Cabinet No.=0, Subrack No.=82, Slot No.=0">
                <measResults>0 </measResults>
            </measValue>
        </measInfo>
        <measInfo measInfoId="1542455297">
            <granPeriod duration="PT3600S" endTime="2021-08-19T12:00:00+08:00"/>
            <repPeriod duration="PT3600S"/>
            <measTypes>1542455297 1542455298 1542455299 1542455300 1542455301 1542455302 1542455303 1542455304 1542455305 1542455306 1542455307 1542460296 1542460297 </measTypes>
            <measValue measObjLdn="PSYG7502HUNB001/ETHPORT:Cabinet No.=0, Subrack No.=0, Slot No.=7, Port No.=0, Subboard Type=BASE_BOARD">
                <measResults>0 0 0 0 0 0 0 0 0 0 0 0 0 </measResults>
            </measValue>
            <measValue measObjLdn="PSYG7502HUNB001/ETHPORT:Cabinet No.=0, Subrack No.=0, Slot No.=7, Port No.=1, Subboard Type=BASE_BOARD">
                <measResults>1300758116 13082528 3206597681 13351709 0 5823016 1583440 2891371 23302360 1677400 7127715 1000000 1000000 </measResults>
            </measValue>
        </measInfo>
        <measInfo measInfoId="1542455301">
            <granPeriod duration="PT3600S" endTime="2021-08-19T12:00:00+08:00"/>
            <repPeriod duration="PT3600S"/>
            <measTypes>1542455326 1542455327 1542455328 1542455329 1542455330 1542455331 1542455332 1542455333 1542460727 1542460728 1542460729 </measTypes>
            <measValue measObjLdn="PSYG7502HUNB001/IP:Board Type=UMPT, Cabinet No.=0, Subrack No.=0, Slot No.=7">
                <measResults>13082379 987329876 0 0 13350044 2872073505 0 0 5544 0 0 </measResults>
            </measValue>
        </measInfo>
        <measInfo measInfoId="1542455303">
            <granPeriod duration="PT3600S" endTime="2021-08-19T12:00:00+08:00"/>
            <repPeriod duration="PT3600S"/>
            <measTypes>1542455365 1542455367 1542455369 1542455371 1542455375 1542455376 1542455377 1542455378 </measTypes>
            <measValue measObjLdn="PSYG7502HUNB001/RSCGRP:Transmission Resource Group Bear Type=IP, Cabinet No.=0, Bearing Port No.=0, Bearing Port Type=ETH, Transmission Resource Group ID=AUTOPORT, Subboard Type=BASE_BOARD, Slot No.=7, Subrack No.=0">
                <measResults>0 0 0 0 0 0 0 0 </measResults>
            </measValue>
            <measValue measObjLdn="PSYG7502HUNB001/RSCGRP:Transmission Resource Group Bear Type=IP, Cabinet No.=0, Bearing Port No.=1, Bearing Port Type=ETH, Transmission Resource Group ID=AUTOPORT, Subboard Type=BASE_BOARD, Slot No.=7, Subrack No.=0">
                <measResults>1223158951 13086129 0 0 5467200 1598336 2718128 0 </measResults>
            </measValue>
        </measInfo>
        <measInfo measInfoId="1542455312">
            <granPeriod duration="PT3600S" endTime="2021-08-19T12:00:00+08:00"/>
            <repPeriod duration="PT3600S"/>
            <measTypes>1542460308 1542460309 1542460310 1542460311 1542460312 1542460313 1542460314 1542460315 1542460316 1542460317 1542460318 1542460319 1542460320 1542460321 1542460322 1542460323 1542460324 1542460325 1542460326 1542460327 1542460328 1542460329 1542460330 1542460331 1542460332 </measTypes>
            <measValue measObjLdn="PSYG7502HUNB001/RSCGRP:Transmission Resource Group Bear Type=IP, Cabinet No.=0, Bearing Port No.=0, Bearing Port Type=ETH, Transmission Resource Group ID=AUTOPORT, Subboard Type=BASE_BOARD, Slot No.=7, Subrack No.=0">
                <measResults>0 0 0 0 0 0 0 0 0 0 0 0 0 0 0 0 0 0 0 0 0 0 0 0 0 </measResults>
            </measValue>
            <measValue measObjLdn="PSYG7502HUNB001/RSCGRP:Transmission Resource Group Bear Type=IP, Cabinet No.=0, Bearing Port No.=1, Bearing Port Type=ETH, Transmission Resource Group ID=AUTOPORT, Subboard Type=BASE_BOARD, Slot No.=7, Subrack No.=0">
                <measResults>1000000 1000000 1000000 0 0 0 0 0 0 0 0 0 0 4656010 0 0 0 1 0 0 0 0 0 0 0 </measResults>
            </measValue>
        </measInfo>
        <measInfo measInfoId="1542455309">
            <granPeriod duration="PT3600S" endTime="2021-08-19T12:00:00+08:00"/>
            <repPeriod duration="PT3600S"/>
            <measTypes>1542455826 1542455827 1542455828 1542455829 1542455833 1542455834 1542455835 1542455836 1542455837 1542455838 1542455839 1542455840 1542455841 1542455842 1542455843 1542455844 1542455845 1542455846 1542455847 1542455848 </measTypes>
            <measValue measObjLdn="PSYG7502HUNB001/OMCH:Standby Status=MASTER, Bearer Type=IPV4">
                <measResults>650 169 0 0 0 0 0 0 0 487 0 0 639 0 0 0 0 585 0 54 </measResults>
            </measValue>
        </measInfo>
        <measInfo measInfoId="1542455815">
            <granPeriod duration="PT3600S" endTime="2021-08-19T12:00:00+08:00"/>
            <repPeriod duration="PT3600S"/>
            <measTypes>1542460340 1542460341 1542460342 1542460343 1542460496 1542460497 1542460498 1542460499 1542460500 1542460501 1542460502 1542460503 1542460504 1542460505 1542460506 1542460507 1542460510 </measTypes>
            <measValue measObjLdn="PSYG7502HUNB001/IKE:Board Type=UMPT, Cabinet No.=0, Subrack No.=0, Slot No.=7">
                <measResults>0 0 0 0 0 0 0 0 0 0 0 0 0 0 0 0 0 </measResults>
            </measValue>
        </measInfo>
        <measInfo measInfoId="1542455817">
            <granPeriod duration="PT3600S" endTime="2021-08-19T12:00:00+08:00"/>
            <repPeriod duration="PT3600S"/>
            <measTypes>1542460356 1542460357 1542460358 1542460359 1542460360 1542460361 1542460362 1542460363 1542460364 1542460365 1542460366 1542460367 1542460368 1542460369 1542460370 1542460371 1542460372 1542460373 1542460374 1542460375 1542460376 </measTypes>
            <measValue measObjLdn="PSYG7502HUNB001/SCTPLNK:Link No.=31">
                <measResults>7613774 9756355 88443 138949 0 54792 0 16919 37480 15480 21680 20905 118105 0 0 0 0 0 0 118105 20906 </measResults>
            </measValue>
            <measValue measObjLdn="PSYG7502HUNB001/SCTPLNK:Link No.=32">
                <measResults>13394895 14143287 438041 536152 0 58264 10256 29774 58048 12872 31438 209011 391480 0 0 0 0 0 0 391480 209011 </measResults>
            </measValue>
        </measInfo>
        <measInfo measInfoId="1542455818">
            <granPeriod duration="PT3600S" endTime="2021-08-19T12:00:00+08:00"/>
            <repPeriod duration="PT3600S"/>
            <measTypes>1542455526 1542455527 1542455528 1542455529 1542455530 1542455531 1542455532 1542455533 1542455534 1542455535 </measTypes>
            <measValue measObjLdn="PSYG7502HUNB001/USERPLANEHOST:User Plane Host ID=3">
                <measResults>12185050 12604319 915201119 2810654306 5072032 2033777 20458480 6245922 NIL NIL </measResults>
            </measValue>
        </measInfo>
        <measInfo measInfoId="1593835529">
            <granPeriod duration="PT3600S" endTime="2021-08-19T12:00:00+08:00"/>
            <repPeriod duration="PT3600S"/>
            <measTypes>1593835620 1593835628 1593835629 </measTypes>
            <measValue measObjLdn="PSYG7502HUNB001/NODE:NODE">
                <measResults>NIL 0.704 0 </measResults>
            </measValue>
        </measInfo>
        <measInfo measInfoId="1593835533">
            <granPeriod duration="PT3600S" endTime="2021-08-19T12:00:00+08:00"/>
            <repPeriod duration="PT3600S"/>
            <measTypes>1593835647 1593835648 1593835649 </measTypes>
            <measValue measObjLdn="PSYG7502HUNB001/NODE:NODE">
                <measResults>33693 33681 33685 </measResults>
            </measValue>
        </measInfo>
        <measInfo measInfoId="1593835531">
            <granPeriod duration="PT3600S" endTime="2021-08-19T12:00:00+08:00"/>
            <repPeriod duration="PT3600S"/>
            <measTypes>1593835630 1593835632 1593835633 1593835634 </measTypes>
            <measValue measObjLdn="PSYG7502HUNB001/BBUBoard:Board Type=UBBP, Cabinet No.=0, Subrack No.=0, Slot No.=1">
                <measResults>0 3 2 0 </measResults>
            </measValue>
            <measValue measObjLdn="PSYG7502HUNB001/BBUBoard:Board Type=UBBP, Cabinet No.=0, Subrack No.=0, Slot No.=2">
                <measResults>0 4 2 0 </measResults>
            </measValue>
            <measValue measObjLdn="PSYG7502HUNB001/BBUBoard:Board Type=UBBP, Cabinet No.=0, Subrack No.=0, Slot No.=3">
                <measResults>0 4 3 0 </measResults>
            </measValue>
            <measValue measObjLdn="PSYG7502HUNB001/BBUBoard:Board Type=UMPT, Cabinet No.=0, Subrack No.=0, Slot No.=7">
                <measResults>0 5 1 0 </measResults>
            </measValue>
        </measInfo>
        <measInfo measInfoId="1593835535">
            <granPeriod duration="PT3600S" endTime="2021-08-19T12:00:00+08:00"/>
            <repPeriod duration="PT3600S"/>
            <measTypes>1593835652 1593835653 1593835654 1593835655 1593835656 1593835657 1593835658 1593835659 1593835660 1593835661 1593835662 1593835663 1593835664 1593835665 1593835666 1593835667 1593835668 1593835669 1593835670 1593835671 </measTypes>
            <measValue measObjLdn="PSYG7502HUNB001/RADIOEQM:Cabinet No.=0, Subrack No.=60, Slot No.=0">
                <measResults>NIL NIL NIL NIL NIL NIL NIL NIL NIL NIL 0 0 0 0 0 0 0 0 0 0 </measResults>
            </measValue>
            <measValue measObjLdn="PSYG7502HUNB001/RADIOEQM:Cabinet No.=0, Subrack No.=61, Slot No.=0">
                <measResults>NIL NIL NIL NIL NIL NIL NIL NIL NIL NIL 0 0 0 0 0 0 0 0 0 0 </measResults>
            </measValue>
            <measValue measObjLdn="PSYG7502HUNB001/RADIOEQM:Cabinet No.=0, Subrack No.=62, Slot No.=0">
                <measResults>NIL NIL NIL NIL NIL NIL NIL NIL NIL NIL 0 0 0 0 0 0 0 0 0 0 </measResults>
            </measValue>
            <measValue measObjLdn="PSYG7502HUNB001/RADIOEQM:Cabinet No.=0, Subrack No.=80, Slot No.=0">
                <measResults>NIL NIL NIL NIL NIL NIL NIL NIL NIL NIL 0 0 0 0 0 0 0 0 0 0 </measResults>
            </measValue>
            <measValue measObjLdn="PSYG7502HUNB001/RADIOEQM:Cabinet No.=0, Subrack No.=81, Slot No.=0">
                <measResults>NIL NIL NIL NIL NIL NIL NIL NIL NIL NIL 0 0 0 15 0 0 0 0 0 0 </measResults>
            </measValue>
            <measValue measObjLdn="PSYG7502HUNB001/RADIOEQM:Cabinet No.=0, Subrack No.=82, Slot No.=0">
                <measResults>NIL NIL NIL NIL NIL NIL NIL NIL NIL NIL 0 0 0 0 0 0 0 0 0 0 </measResults>
            </measValue>
        </measInfo>
        <measInfo measInfoId="1593835539">
            <granPeriod duration="PT3600S" endTime="2021-08-19T12:00:00+08:00"/>
            <repPeriod duration="PT3600S"/>
            <measTypes>1593835767 </measTypes>
            <measValue measObjLdn="PSYG7502HUNB001/RADIOEQM:Cabinet No.=0, Subrack No.=60, Slot No.=0">
                <measResults>3600 </measResults>
            </measValue>
            <measValue measObjLdn="PSYG7502HUNB001/RADIOEQM:Cabinet No.=0, Subrack No.=61, Slot No.=0">
                <measResults>3600 </measResults>
            </measValue>
            <measValue measObjLdn="PSYG7502HUNB001/RADIOEQM:Cabinet No.=0, Subrack No.=62, Slot No.=0">
                <measResults>3600 </measResults>
            </measValue>
            <measValue measObjLdn="PSYG7502HUNB001/RADIOEQM:Cabinet No.=0, Subrack No.=80, Slot No.=0">
                <measResults>3600 </measResults>
            </measValue>
            <measValue measObjLdn="PSYG7502HUNB001/RADIOEQM:Cabinet No.=0, Subrack No.=81, Slot No.=0">
                <measResults>3600 </measResults>
            </measValue>
            <measValue measObjLdn="PSYG7502HUNB001/RADIOEQM:Cabinet No.=0, Subrack No.=82, Slot No.=0">
                <measResults>3600 </measResults>
            </measValue>
        </measInfo>
        <measInfo measInfoId="1593835544">
            <granPeriod duration="PT3600S" endTime="2021-08-19T12:00:00+08:00"/>
            <repPeriod duration="PT3600S"/>
            <measTypes>1593835835 </measTypes>
            <measValue measObjLdn="PSYG7502HUNB001/BU:Cabinet No.=0, Subrack No.=0">
                <measResults>0.1983861 </measResults>
            </measValue>
        </measInfo>
        <measInfo measInfoId="1593835545">
            <granPeriod duration="PT3600S" endTime="2021-08-19T12:00:00+08:00"/>
            <repPeriod duration="PT3600S"/>
            <measTypes>1593835836 </measTypes>
            <measValue measObjLdn="PSYG7502HUNB001/BTSBoard:Cabinet No.=0, Subrack No.=60, Slot No.=0">
                <measResults>0.18342084 </measResults>
            </measValue>
            <measValue measObjLdn="PSYG7502HUNB001/BTSBoard:Cabinet No.=0, Subrack No.=61, Slot No.=0">
                <measResults>0.21217166 </measResults>
            </measValue>
            <measValue measObjLdn="PSYG7502HUNB001/BTSBoard:Cabinet No.=0, Subrack No.=62, Slot No.=0">
                <measResults>0.18955499 </measResults>
            </measValue>
            <measValue measObjLdn="PSYG7502HUNB001/BTSBoard:Cabinet No.=0, Subrack No.=80, Slot No.=0">
                <measResults>0.17306833 </measResults>
            </measValue>
            <measValue measObjLdn="PSYG7502HUNB001/BTSBoard:Cabinet No.=0, Subrack No.=81, Slot No.=0">
                <measResults>0.21100084 </measResults>
            </measValue>
            <measValue measObjLdn="PSYG7502HUNB001/BTSBoard:Cabinet No.=0, Subrack No.=82, Slot No.=0">
                <measResults>0.24079001 </measResults>
            </measValue>
        </measInfo>
        <measInfo measInfoId="50331648">
            <granPeriod duration="PT3600S" endTime="2021-08-19T12:00:00+08:00"/>
            <repPeriod duration="PT3600S"/>
            <measTypes>50331654 50331655 50331656 50331657 50331658 50331659 50331660 50331661 50331662 50331663 50331664 50331665 50331666 50331667 50331668 50331669 50331670 50331671 50331672 50331673 50331674 50331675 50331676 50331677 50331678 50331679 50331680 50331681 50331682 50331683 50331684 50331685 50331686 50331687 50331688 50331689 50331690 50331691 50331692 50331693 50331694 50331695 50331696 50331697 50331698 50331699 50331709 50331710 50331711 50331712 50331713 50331714 50331717 50331718 50331719 50331720 50331721 50331722 50331723 50331724 50331745 50331746 50331754 50331755 50331756 50331757 50331758 50331759 50331760 50331761 50331762 50331763 50331764 50331765 50331766 50331767 50331768 50331769 50331770 50331771 50331772 50331773 50331774 50331775 50331776 50331777 50331778 50331779 50331780 50331781 50331782 50331783 50331784 50331785 50331786 50331787 50331788 50331789 50331790 50331791 50331792 50331793 50331794 50331795 50331796 50331797 50331798 50331799 50331800 50331801 50331802 50331803 50331804 50331805 50331806 50331807 50331808 50331809 50331810 50331811 50331812 50331813 50331814 50331815 50331816 50331817 50331818 50331819 50331820 50331821 50331838 50331839 50331840 50332168 50332169 50332170 50332173 50332174 50332215 50332216 50332217 50341648 50341649 50341650 50341651 50341652 50341653 50341654 50341655 50341656 50341657 50341658 50341659 50341668 50341669 50341670 50341671 50341672 50341675 50341676 50341677 50341678 50341679 50341680 50341685 50341686 50341687 50341688 50341689 50341690 50341691 50341692 50341693 50341694 50341695 50341696 50341697 50341698 50341699 50341700 50341701 50341702 50341703 50341704 50341705 50341706 50341707 50341708 50341709 50341710 50341711 50341712 50341713 50341714 50341715 50341716 50341717 50341722 50341739 50341740 </measTypes>
            <measValue measObjLdn="PSYG7502HUNB001/ULoCell:NodeB Function Name=PSYG7502HUNB001, Local Cell ID=10481, Cell Name=N/A">
                <measResults>197358 25078 15505 171406 23183 1849 681 239 0 0 0 0 0 0 2346 6605 2417 2703 3144 3858 5766 5222 8926 12120 18512 21960 27902 32573 37529 48860 35303 44459 36807 45530 34839 26756 20925 15516 11216 9254 8975 6017 3503 1593 693 277 2465 236615 0 0 0 0 0 0 0 0 0 59377 176146 237988 332494 1111714904 0 16165 4713 506 1240 2098 2402 10395 2452 4235 3619 5447 6379 10637 15439 18903 28430 16043 14288 15549 11340 8025 9242 7913 6489 4821 3503 2895 1675 1170 635 891 0 0 0 0 0 0 0 0 0 0 0 0 0 0 0 0 0 0 0 0 0 0 0 0 0 0 0 0 0 0 0 0 0 0 0 0 1111455525 268791 45211 0 0 0 0 0 0 0 0 33 281 0 94 997 0 39 213 113 607 830 149 306316 3964002 0 369055 2055812 4 63 0 79 784 0 0 840 0 1.189 12.956 12.643 14 0 24 35 0 0 0 0 0 0 0 NIL 774 828 618 0 0 0 0 0 0 0 0 0 0 0 0 15310 0 0 </measResults>
            </measValue>
            <measValue measObjLdn="PSYG7502HUNB001/ULoCell:NodeB Function Name=PSYG7502HUNB001, Local Cell ID=10482, Cell Name=N/A">
                <measResults>384703 41627 23753 342591 37818 2393 1106 795 0 0 0 0 0 0 3534 6229 2179 2332 2630 2974 5609 5113 8619 8957 13405 15103 20393 21828 25564 38172 28022 40313 35939 44665 36236 31094 31193 28330 29484 31941 57292 60416 78912 81822 94155 217088 102097 439332 0 0 0 0 0 0 0 0 0 202725 145314 450136 489881 1782195672 0 51788 5806 884 2501 4189 2717 21102 3694 3485 2810 10900 9806 20472 11880 17459 16091 52260 19694 10328 6734 12871 15095 9220 24121 9438 11212 13678 10471 13464 15272 40597 0 0 0 0 0 0 0 0 0 0 0 0 0 0 0 0 0 0 0 0 0 0 0 0 0 0 0 0 0 0 0 0 0 0 0 0 1782046571 436559 26469 0 0 0 0 0 0 0 0 62 280 0 83 824 0 62 252 83 340 998 242 487266 3415549 10 488242 2013496 4 68 0 63 684 0 0 3 0 1.025 9.89 12.229 14 0.001 14 73 2 0 0 0 0 0 0 NIL 758 829 607 0 0 0 0 0 0 0 0 0 0 0 0 27353 0 0 </measResults>
            </measValue>
            <measValue measObjLdn="PSYG7502HUNB001/ULoCell:NodeB Function Name=PSYG7502HUNB001, Local Cell ID=10483, Cell Name=N/A">
                <measResults>440421 41481 70194 389543 44609 3951 1472 846 0 0 0 0 0 0 12856 2314 2433 1737 1872 2785 5607 6728 11629 13383 18043 21021 27477 34422 42479 62174 51878 70878 65113 82816 74167 60218 57694 45794 40260 41412 62158 75351 82453 85313 83122 83595 63612 540222 0 0 0 0 0 0 0 0 0 198108 290450 552170 614891 1460320089 0 75175 13130 735 2533 4678 2089 58993 8219 9184 10310 39806 29701 36331 14276 31446 22009 34950 19670 16076 12725 15903 14543 8458 12539 4085 5717 10000 5804 7489 6936 18281 0 0 0 0 0 0 0 0 0 0 0 0 0 0 0 0 0 0 0 0 0 0 0 0 0 0 0 0 0 0 0 0 0 0 0 0 1460159910 516200 29374 0 0 0 0 0 0 0 0 76 349 1 105 990 1 76 260 105 357 998 286 399261 4139123 1574 400061 1396017 7 86 0 79 725 1 0 10 0 1.243 12.749 11.809 13 0.014 16 92 5 0 0 0 0 0 0 NIL 730 813 580 0 0 0 0 0 0 0 0 0 0 0 0 25359 0 0 </measResults>
            </measValue>
            <measValue measObjLdn="PSYG7502HUNB001/ULoCell:NodeB Function Name=PSYG7502HUNB001, Local Cell ID=50481, Cell Name=N/A">
                <measResults>118233 15348 48688 98478 15789 2272 983 711 0 0 0 0 0 0 8645 1635 1707 559 552 489 726 733 1185 1627 2600 3215 4149 5991 9127 15391 17959 25071 29710 35934 48275 43157 53056 44790 55666 44802 73011 49010 38350 27069 15920 12485 7044 182296 0 0 0 0 0 0 0 0 0 45858 129402 182304 203812 677296904 0 26613 9773 1019 1291 2589 1721 9505 1808 2248 2438 5487 4911 11894 15724 6298 6557 8190 8003 8346 8615 7912 5884 3837 3719 2594 2294 2636 933 2333 999 5535 0 0 0 0 0 0 0 0 0 0 0 0 0 0 0 0 0 0 0 0 0 0 0 0 0 0 0 0 0 0 0 0 0 0 0 0 677110944 190610 24268 0 0 0 0 0 0 0 0 25 257 0 54 967 0 26 210 57 451 949 105 186675 4443195 0 196707 1777857 6 112 0 55 828 0 0 2 0 0.74 12.566 13.643 14 0 12 27 0 0 0 0 0 0 0 NIL 902 922 805 0 0 0 0 0 0 0 0 0 0 0 0 20252 0 0 </measResults>
            </measValue>
            <measValue measObjLdn="PSYG7502HUNB001/ULoCell:NodeB Function Name=PSYG7502HUNB001, Local Cell ID=50482, Cell Name=N/A">
                <measResults>518941 61960 35303 454786 58686 3004 1400 1065 0 0 0 0 0 0 5117 241 5313 194 185 235 438 760 1704 3057 5770 8586 14455 23723 36573 54643 55577 67288 68523 89852 95758 98557 108700 111882 111795 114054 196341 172680 157930 129598 127488 100794 34639 615739 0 0 0 0 0 0 0 0 0 210723 370877 616239 704055 3161490867 0 90860 10807 1997 1843 4347 2370 35505 7624 8651 6679 21123 23113 45149 34651 30058 19585 20783 18268 22674 24900 26820 25639 17633 22060 14380 14339 16936 7528 9131 5502 24641 0 0 0 0 0 0 0 0 0 0 0 0 0 0 0 0 0 0 0 0 0 0 0 0 0 0 0 0 0 0 0 0 0 0 0 0 3161124115 563661 15514 0 0 0 0 0 0 0 0 85 308 3 191 984 1 85 267 191 600 999 313 869564 8433829 1056 870434 2778160 12 121 0 181 840 0 0 79 0 2.557 12.941 13.357 14 0.013 8 91 5 0 0 0 0 0 0 NIL 885 914 793 0 0 0 0 0 0 0 0 0 0 0 0 20659 0 0 </measResults>
            </measValue>
            <measValue measObjLdn="PSYG7502HUNB001/ULoCell:NodeB Function Name=PSYG7502HUNB001, Local Cell ID=50483, Cell Name=N/A">
                <measResults>226507 37170 42529 186847 35539 2512 1058 551 0 0 0 0 0 0 8339 535 1127 585 373 593 759 632 1286 1555 2718 4139 6222 9790 12310 16548 18250 22126 26507 37289 42549 43404 38212 50879 52738 56276 111961 118932 101135 57814 45742 86064 15863 305567 0 0 0 0 0 0 0 0 0 116045 174365 306273 342165 1703081960 0 39137 11605 782 742 3544 1503 17643 2755 2939 2556 6214 4587 19773 16872 10075 8519 9804 9217 10836 12652 14424 15280 9718 14141 11540 11629 10671 4283 7592 4140 10592 0 0 0 0 0 0 0 0 0 0 0 0 0 0 0 0 0 0 0 0 0 0 0 0 0 0 0 0 0 0 0 0 0 0 0 0 1702800184 303702 22184 0 0 0 0 0 0 0 0 42 269 0 106 981 0 43 237 107 596 989 168 469723 6763682 0 474947 2795970 8 98 0 98 851 0 0 63 0 1.424 13.471 13.339 14 0 11 35 1 0 0 0 0 0 0 NIL 890 916 783 0 0 0 0 0 0 0 0 0 0 0 0 21101 0 0 </measResults>
            </measValue>
            <measValue measObjLdn="PSYG7502HUNB001/ULoCell:NodeB Function Name=PSYG7502HUNB001, Local Cell ID=60481, Cell Name=N/A">
                <measResults>64210 8883 18166 54455 7919 1023 529 284 0 0 0 0 0 0 3077 5667 959 630 671 912 1575 1811 3326 4332 7400 9828 12950 16022 19087 26675 24581 33582 37786 45809 50849 37640 36635 28430 28217 22302 29934 14375 7845 3607 1533 497 2893 90522 0 0 0 0 0 0 0 0 0 30906 57490 91289 133436 346586205 0 17110 7356 135 267 2779 627 6623 1139 1459 937 2259 1329 4769 1434 2137 3214 5097 2784 3057 2702 2779 3190 3177 3111 2247 1921 2180 1398 1168 1269 1351 0 0 0 0 0 0 0 0 0 0 0 0 0 0 0 0 0 0 0 0 0 0 0 0 0 0 0 0 0 0 0 0 0 0 0 0 346442733 127157 47974 0 0 0 0 0 0 0 0 12 179 0 24 650 0 13 144 25 274 929 70 95676 3569654 0 102988 1366800 2 46 0 20 549 0 0 867 0 0.32 8.644 13.284 14 0 26 23 0 0 0 0 0 0 0 NIL 899 921 818 0 0 0 0 0 0 0 0 0 0 0 0 18970 0 0 </measResults>
            </measValue>
            <measValue measObjLdn="PSYG7502HUNB001/ULoCell:NodeB Function Name=PSYG7502HUNB001, Local Cell ID=60482, Cell Name=N/A">
                <measResults>659795 81753 41782 582810 70461 3653 1703 1168 0 0 0 0 0 0 8214 1024 824 866 1343 1731 3637 3721 7286 8289 12639 15991 23216 30928 41347 62736 59387 94197 96022 127868 123294 113538 122110 122622 125808 132435 242400 195792 135252 70697 33785 19833 99257 779348 0 0 0 0 0 0 0 0 0 419033 265098 783388 918870 6576119122 0 99491 12100 767 879 4719 2524 27612 8647 6164 3972 10412 8252 12067 8667 12868 22903 20842 14270 21503 24755 38433 47847 47372 52226 41826 43131 45535 34177 30629 34135 44339 0 0 0 0 0 0 0 0 0 0 0 0 0 0 0 0 0 0 0 0 0 0 0 0 0 0 0 0 0 0 0 0 0 0 0 0 6575629575 700006 12540 0 0 0 0 0 0 0 0 108 301 7 299 998 2 108 274 299 758 1000 388 1812917 8442709 816 1812917 4672466 14 101 1 258 868 1 0 3 0 3.876 12.974 12.923 14 0.028 6 107 6 0 0 0 0 0 0 NIL 882 915 825 0 0 0 0 0 0 0 0 0 0 0 0 22548 0 0 </measResults>
            </measValue>
            <measValue measObjLdn="PSYG7502HUNB001/ULoCell:NodeB Function Name=PSYG7502HUNB001, Local Cell ID=60483, Cell Name=N/A">
                <measResults>179255 21037 42777 155101 20439 2050 1112 553 0 0 0 0 0 0 7842 688 1005 835 639 792 1441 1448 2714 4120 8466 13070 21679 31566 38813 49630 46100 47308 45899 53184 60502 55946 61325 55306 67683 62947 101183 94360 90885 78197 58531 41830 13576 234884 0 0 0 0 0 0 0 0 0 73501 156027 243104 254244 947546840 0 46069 14487 331 438 3326 1091 17629 4101 2164 2407 5684 7183 8121 6562 10148 11655 13015 10298 11827 8455 8637 7992 5641 6389 3984 4389 3983 2838 2584 3051 8481 0 0 0 0 0 0 0 0 0 0 0 0 0 0 0 0 0 0 0 0 0 0 0 0 0 0 0 0 0 0 0 0 0 0 0 0 947262627 231999 17568 0 0 0 0 0 0 0 0 33 230 0 67 763 0 33 234 67 467 993 128 261106 5991422 10 262947 2039891 6 62 0 56 676 0 0 3 0 0.86 10.432 12.811 14 0.001 9 45 1 0 0 0 0 0 0 NIL 879 910 812 0 0 0 0 0 0 0 0 0 0 0 0 19858 0 0 </measResults>
            </measValue>
        </measInfo>
        <measInfo measInfoId="50331650">
            <granPeriod duration="PT3600S" endTime="2021-08-19T12:00:00+08:00"/>
            <repPeriod duration="PT3600S"/>
            <measTypes>50332548 50332549 50332550 50332554 50342548 50342549 50342550 50342554 50342612 50342613 50342615 50342616 </measTypes>
            <measValue measObjLdn="PSYG7502HUNB001/ULoCell:NodeB Function Name=PSYG7502HUNB001, Local Cell ID=10481, Cell Name=N/A">
                <measResults>0 0 8.783 5.44 0 0 21.5 11 0 0 0 0 </measResults>
            </measValue>
            <measValue measObjLdn="PSYG7502HUNB001/ULoCell:NodeB Function Name=PSYG7502HUNB001, Local Cell ID=10482, Cell Name=N/A">
                <measResults>0 0 15.667 9.946 0 0 43.5 18 0 0 0 0 </measResults>
            </measValue>
            <measValue measObjLdn="PSYG7502HUNB001/ULoCell:NodeB Function Name=PSYG7502HUNB001, Local Cell ID=10483, Cell Name=N/A">
                <measResults>0 0 21.022 11.917 0 0 38 21 0 0 0 0 </measResults>
            </measValue>
            <measValue measObjLdn="PSYG7502HUNB001/ULoCell:NodeB Function Name=PSYG7502HUNB001, Local Cell ID=50481, Cell Name=N/A">
                <measResults>0 0 6.861 2.932 0 0 16 9 0 0 0 0 </measResults>
            </measValue>
            <measValue measObjLdn="PSYG7502HUNB001/ULoCell:NodeB Function Name=PSYG7502HUNB001, Local Cell ID=50482, Cell Name=N/A">
                <measResults>0 0 14.773 5.904 0 0 32.5 13 0 0 0 0 </measResults>
            </measValue>
            <measValue measObjLdn="PSYG7502HUNB001/ULoCell:NodeB Function Name=PSYG7502HUNB001, Local Cell ID=50483, Cell Name=N/A">
                <measResults>0 0 10.738 4.444 0 0 26 12 0 0 0 0 </measResults>
            </measValue>
            <measValue measObjLdn="PSYG7502HUNB001/ULoCell:NodeB Function Name=PSYG7502HUNB001, Local Cell ID=60481, Cell Name=N/A">
                <measResults>0 0 7.194 3.425 0 0 17.5 9 0 0 0 0 </measResults>
            </measValue>
            <measValue measObjLdn="PSYG7502HUNB001/ULoCell:NodeB Function Name=PSYG7502HUNB001, Local Cell ID=60482, Cell Name=N/A">
                <measResults>0 0 20.908 8.358 0 0 36.5 17 0 0 0 0 </measResults>
            </measValue>
            <measValue measObjLdn="PSYG7502HUNB001/ULoCell:NodeB Function Name=PSYG7502HUNB001, Local Cell ID=60483, Cell Name=N/A">
                <measResults>0 0 14.358 6.713 0 0 30 19 0 0 0 0 </measResults>
            </measValue>
        </measInfo>
        <measInfo measInfoId="50331651">
            <granPeriod duration="PT3600S" endTime="2021-08-19T12:00:00+08:00"/>
            <repPeriod duration="PT3600S"/>
            <measTypes>50331850 50331851 50331852 50331853 50331854 50331855 50331856 50331857 50331858 50331859 50331860 50331861 50331862 50331863 50331864 50331865 50331866 50331867 50331868 50331869 50331870 50331871 50331872 50331873 50331874 50331875 50331876 50331877 50331878 50331879 50331885 50331886 50331887 50331888 50331889 50331892 50331903 50331904 50331908 50331925 50331926 50331927 50331928 50331929 50331930 50331931 50331957 50331958 50331959 50331961 50331962 50331963 50331964 50331965 50331966 50331967 50331971 50331972 50331973 50331974 50331987 50331988 50331989 50331990 50331991 50331992 50331993 50331995 50332378 50332379 50332380 50332385 50332386 50332387 50332498 50332499 50332500 50332501 50332503 50332507 50332623 50332638 50341849 50341850 50341851 50341852 50341853 50341854 50341855 50341856 50341857 50341858 50341859 50341864 50341865 50341866 50341868 50341869 50341870 50341871 50341872 50341873 50341874 50341875 50341876 50341877 50341878 50341879 50341880 50341881 50341882 50341883 50341884 50341885 50341886 50341887 50341888 50341889 50341890 50341891 50341892 50341893 50341894 50341895 50341896 50341897 50341898 50341980 50341981 50341982 50341983 50341984 50341985 50341986 50341994 50361698 50361699 50361701 </measTypes>
            <measValue measObjLdn="PSYG7502HUNB001/ULoCell:NodeB Function Name=PSYG7502HUNB001, Local Cell ID=10481, Cell Name=N/A">
                <measResults>1749357 22835 5956 2821 1928 1658 1601 1458 2620 1427 749 795 2230 3138 957 148 83 49 35 36 44 22 8 9 1 73 281 390697 1758497 931648 481623 132053 5326544 250124 65259 4 257 413 312032 12799 7401 6700 3250 700 0 0 0 82 79 31271 14963 13403 6639 1565 0 0 6781 10769 6227 137788 2058 4445 10182 36907 38769 7038 950 294278 110167 82093 54628 0.324 57999 56674 0 0 NIL NIL 0 0.242 0 0 58 0.743 5.595 0.018 0.099 7 0 0 0 80 0 64 43 0 NIL NIL 1.612 0.06 0.001 0 0 0 2049.588 1693.812 1516.43 796.882 245.26 0 0 244329.828 1.873 0.08 0.026 0.012 0.018 0.003 0 0 1.229 0 0 55 NIL NIL 511 596.628 996.162 2497.506 9532.966 9928.672 2787.382 921.384 19010.752 0 NIL 0 </measResults>
            </measValue>
            <measValue measObjLdn="PSYG7502HUNB001/ULoCell:NodeB Function Name=PSYG7502HUNB001, Local Cell ID=10482, Cell Name=N/A">
                <measResults>1787300 6409 2106 845 641 473 367 280 375 261 220 186 135 79 87 38 24 17 16 19 6 0 0 0 0 153 212 444899 1800037 875694 599077 138420 6586093 487701 87017 4 144 250 581553 294 99 47 47 47 0 0 0 72 41 461 237 128 128 128 0 0 8849 12516 6846 377885 1096 3347 6446 34839 56174 40534 27782 195853 379026 330683 67162 0.25 313139 79798 0 0 NIL NIL 0 0.158 0 0 56 0.729 5.491 0.019 0.074 3 0 0 0 80 0 41 32 0 NIL NIL 2.383 0.137 0.016 0.001 0 0 140.934 25.494 10.284 10.284 10.284 0 0 443440.875 1.675 0.091 0.034 0.016 0.018 0.004 0.001 0 1.675 0 0 78 NIL NIL 281 645.086 1291.038 1718.806 10130.926 18165.76 34326.887 45645.273 49398.457 0 NIL 0 </measResults>
            </measValue>
            <measValue measObjLdn="PSYG7502HUNB001/ULoCell:NodeB Function Name=PSYG7502HUNB001, Local Cell ID=10483, Cell Name=N/A">
                <measResults>68967 119418 158455 184819 174519 153886 132470 131399 405935 253519 14273 1227 425 224 172 136 77 24 21 7 9 4 5 0 0 47 119 945368 1800038 1381333 883482 244594 8650751 723103 184963 5 375 380 875855 714076 5811 113 0 0 0 0 0 65 52 1338963 17136 271 0 0 0 0 25591 19212 6305 481072 2271 7310 13786 68110 160998 71602 27276 747736 404745 498824 120532 0.712 329213 96125 0 0 NIL NIL 0 0.58 0 0 83 1.507 5.882 0.034 0.145 7 0 0 0 65 0 116 93 0 NIL NIL 2.149 0.083 0.001 0 0 0 255024.719 3573.738 52.296 0 0 0 0 489262.75 3.853 0.121 0.043 0.018 0.018 0.002 0.001 0 1.094 0 0 28 NIL NIL 484 440.802 1479.306 3019.992 13534.43 33560.289 19065.5 25843.703 54887.52 0 NIL 0 </measResults>
            </measValue>
            <measValue measObjLdn="PSYG7502HUNB001/ULoCell:NodeB Function Name=PSYG7502HUNB001, Local Cell ID=50481, Cell Name=N/A">
                <measResults>19 2756 24883 95981 193246 259942 283130 281084 389736 171687 58837 20140 9757 3462 1767 1015 543 554 616 369 258 112 21 18 1 105 2114 515784 1788515 758354 344241 135844 6689562 188887 62481 6 233 500 312503 582364 37462 11654 1696 1094 568 0 4 209 199 876564 53670 16729 1814 815 306 0 8931 11363 5377 87260 586 964 2025 22705 56687 34576 16757 224528 93244 61463 52583 0.272 46210 50795 0 0 NIL NIL 0 0.206 0 0 66 0.613 5.445 0.018 0.095 2 0 0 0 65 0 65 42 0 NIL NIL 1.946 0.037 0.002 0 0 0 148846.031 13460.162 3597.834 243.294 66.654 20.004 0 178647.016 2.194 0.063 0.021 0.011 0.013 0.004 0.001 0 1.73 0 0 39 NIL NIL 424 283.554 399.688 607.686 4088.352 11952.47 11077.016 12105.894 27204.947 0 NIL 0 </measResults>
            </measValue>
            <measValue measObjLdn="PSYG7502HUNB001/ULoCell:NodeB Function Name=PSYG7502HUNB001, Local Cell ID=50482, Cell Name=N/A">
                <measResults>38238 52722 60113 62978 66383 89176 132763 197586 507424 377209 128871 38659 20074 11684 6778 4127 1762 856 521 463 442 243 198 52 14 703 3719 551497 1800039 1189992 1278778 232595 10676244 1102611 194941 10 198 605 953834 949772 155402 52224 9475 3680 181 0 38 186 180 1707899 363146 124446 21513 7832 354 0 19301 5617 5053 845555 868 512 2419 32267 41234 50079 61865 92309 575253 846193 84336 0.358 492137 113246 0 0 NIL NIL 0 0.1 0 0 43 1.163 8.313 0.055 0.206 1 0 0 0 81 0 76 61 0 NIL NIL 4.708 0.185 0.007 0.001 0 0 583800 138977.906 50753.309 7709.668 2571.094 36.822 0 712184.5 1.964 0.119 0.046 0.016 0.023 0.007 0.002 0.001 3.335 0 7 120 NIL NIL 51 342.608 332.706 1389.282 15955.088 26440.838 36389.363 48768.758 11481.276 0 NIL 0 </measResults>
            </measValue>
            <measValue measObjLdn="PSYG7502HUNB001/ULoCell:NodeB Function Name=PSYG7502HUNB001, Local Cell ID=50483, Cell Name=N/A">
                <measResults>0 0 0 0 0 0 4 526 71113 680666 774629 208832 45955 8253 4010 2394 1024 591 408 318 332 354 356 114 18 146 2733 1235784 1799550 1268120 787565 289940 7666395 548196 214285 9 337 369 526905 1268123 829902 213963 7024 3283 800 0 5 120 99 2305490 1584586 468666 13233 4350 945 0 42395 48989 11336 293277 702 1260 1863 20685 59857 65693 52521 549992 206795 227253 70312 0.542 134869 81649 0 0 NIL NIL 0 0.356 0 0 123 1.281 6.411 0.04 0.284 8 0 0 0 79 0 92 82 0 NIL NIL 2.117 0.078 0.003 0.001 0 0 346514.25 254803.641 97131.453 8586.102 6613.38 130.692 0 346514.25 3.162 0.082 0.032 0.014 0.019 0.005 0.003 0 1.597 0 1 24 NIL NIL 432 137.718 378.798 570.946 6940.206 23531.252 28839.402 27920.92 38238.523 0 NIL 0 </measResults>
            </measValue>
            <measValue measObjLdn="PSYG7502HUNB001/ULoCell:NodeB Function Name=PSYG7502HUNB001, Local Cell ID=60481, Cell Name=N/A">
                <measResults>0 0 0 0 0 0 195 4736 316809 874543 411005 115616 42409 16187 7391 5800 2046 1468 1187 238 148 52 25 33 19 135 3490 550789 1782356 933192 402852 137447 6188465 167430 68045 6 184 226 236888 933157 365843 107208 14973 7548 802 0 6 197 181 1366579 581523 172490 28603 15386 1764 0 3367 5207 13142 80152 277 1108 3764 16247 45986 48380 6042 206407 81794 62982 37823 0.316 33724 51347 0 0 NIL NIL 0 0.234 0 0 72 0.759 5.348 0.015 0.173 2 0 0 0 86 0 36 33 3 NIL NIL 1.763 0.033 0.001 0 0 0 259512.109 127594.195 44320.309 5358.814 1874.044 96.414 0 259512.109 2.048 0.132 0.085 0.04 0.052 0.006 0.001 0 1.632 0 3 19 NIL NIL 411 39.468 192.96 834.348 5808.856 16912.848 25218.514 3572.652 38741 0 NIL 0 </measResults>
            </measValue>
            <measValue measObjLdn="PSYG7502HUNB001/ULoCell:NodeB Function Name=PSYG7502HUNB001, Local Cell ID=60482, Cell Name=N/A">
                <measResults>0 0 0 0 0 0 0 0 0 0 969 52211 472200 627591 389669 152743 59168 18446 8727 6504 6007 2505 950 579 123 1650 49965 1253189 1800042 1577639 1443591 773176 8607992 1304773 665388 11 258 850 1421067 1577646 1577646 1577461 1217039 608872 28117 644 142 139 250 4276574 4276574 4275992 3541493 1969723 109581 4387 15766 19828 35696 732009 362 1790 6936 44226 131786 244578 172443 323595 823580 710870 316143 0.796 355459 500717 0 0 NIL NIL 0 0.432 0 0 97 2.369 8.627 0.056 0.204 3 8 0 0 65 0 149 79 128 NIL NIL 2.933 0.209 0.002 0 0 0 917799 917799 917722.938 753905.25 400201.313 10153.794 243.036 917799 3.039 0.385 0.265 0.132 0.16 0.012 0.002 0 2.204 0 189 55 NIL NIL 92 211.766 592.638 2412.156 15795.422 51509.621 103797.078 81018.273 36289.324 0 NIL 0 </measResults>
            </measValue>
            <measValue measObjLdn="PSYG7502HUNB001/ULoCell:NodeB Function Name=PSYG7502HUNB001, Local Cell ID=60483, Cell Name=N/A">
                <measResults>0 0 0 0 0 0 0 0 0 0 0 0 0 0 1698 472790 1039636 213856 29978 15792 13830 3909 1992 4044 225 2290 352857 1859884 1799448 1433064 1146931 658128 8448109 820092 259853 7 346 900 753792 1433074 1433074 1433074 1433074 1433074 300625 2728 623 159 713 3480276 3480276 3480276 3480276 3480276 868883 5361 63123 74514 43212 405283 428 1376 6175 49736 85259 131593 205093 771850 177615 212457 146517 0.804 84521 104653 0 0 NIL NIL 0 0.426 0 0 156 1.918 8.994 0.052 0.262 14 11 0 0 90 0 298 90 1000 NIL NIL 2.202 0.072 0.001 0 0 0 331532.375 331532.375 331532.375 331532.375 331532.375 79605.875 678.96 331532.375 4.052 0.169 0.047 0.017 0.026 0.004 0.001 0 1.778 0 252 10 NIL NIL 393 76.464 204.834 1020.624 10004.806 16533.957 25663.648 46831.164 60328.32 0 NIL 0 </measResults>
            </measValue>
        </measInfo>
        <measInfo measInfoId="50331653">
            <granPeriod duration="PT3600S" endTime="2021-08-19T12:00:00+08:00"/>
            <repPeriod duration="PT3600S"/>
            <measTypes>50331748 50331749 50331750 50331751 50331752 50331753 50361697 </measTypes>
            <measValue measObjLdn="PSYG7502HUNB001/ULoCell:NodeB Function Name=PSYG7502HUNB001, Local Cell ID=10481, Cell Name=N/A">
                <measResults>0.435 0.389 0.435 0.369 0 0 0.044 </measResults>
            </measValue>
            <measValue measObjLdn="PSYG7502HUNB001/ULoCell:NodeB Function Name=PSYG7502HUNB001, Local Cell ID=10482, Cell Name=N/A">
                <measResults>0.508 0.46 0.508 0.45 0 0 0.092 </measResults>
            </measValue>
            <measValue measObjLdn="PSYG7502HUNB001/ULoCell:NodeB Function Name=PSYG7502HUNB001, Local Cell ID=10483, Cell Name=N/A">
                <measResults>1.433 1.349 1.433 1.257 0 0 0.026 </measResults>
            </measValue>
            <measValue measObjLdn="PSYG7502HUNB001/ULoCell:NodeB Function Name=PSYG7502HUNB001, Local Cell ID=50481, Cell Name=N/A">
                <measResults>0.933 0.818 0.933 0.758 0 0 0.231 </measResults>
            </measValue>
            <measValue measObjLdn="PSYG7502HUNB001/ULoCell:NodeB Function Name=PSYG7502HUNB001, Local Cell ID=50482, Cell Name=N/A">
                <measResults>1.775 1.65 1.775 1.583 0 0 0.274 </measResults>
            </measValue>
            <measValue measObjLdn="PSYG7502HUNB001/ULoCell:NodeB Function Name=PSYG7502HUNB001, Local Cell ID=50483, Cell Name=N/A">
                <measResults>0.843 0.678 0.843 0.613 0 0 0.37 </measResults>
            </measValue>
            <measValue measObjLdn="PSYG7502HUNB001/ULoCell:NodeB Function Name=PSYG7502HUNB001, Local Cell ID=60481, Cell Name=N/A">
                <measResults>0.968 0.904 0.968 0.894 0 0 0.056 </measResults>
            </measValue>
            <measValue measObjLdn="PSYG7502HUNB001/ULoCell:NodeB Function Name=PSYG7502HUNB001, Local Cell ID=60482, Cell Name=N/A">
                <measResults>1.161 1.044 1.161 0.979 0 0 0.041 </measResults>
            </measValue>
            <measValue measObjLdn="PSYG7502HUNB001/ULoCell:NodeB Function Name=PSYG7502HUNB001, Local Cell ID=60483, Cell Name=N/A">
                <measResults>0.779 0.654 0.779 0.64 0 0 0.037 </measResults>
            </measValue>
        </measInfo>
        <measInfo measInfoId="50331658">
            <granPeriod duration="PT3600S" endTime="2021-08-19T12:00:00+08:00"/>
            <repPeriod duration="PT3600S"/>
            <measTypes>50332250 50332251 50332410 50332411 </measTypes>
            <measValue measObjLdn="PSYG7502HUNB001/ULoCell:NodeB Function Name=PSYG7502HUNB001, Local Cell ID=10481, Cell Name=N/A">
                <measResults>0 0 0 0 </measResults>
            </measValue>
            <measValue measObjLdn="PSYG7502HUNB001/ULoCell:NodeB Function Name=PSYG7502HUNB001, Local Cell ID=10482, Cell Name=N/A">
                <measResults>0 0 0 0 </measResults>
            </measValue>
            <measValue measObjLdn="PSYG7502HUNB001/ULoCell:NodeB Function Name=PSYG7502HUNB001, Local Cell ID=10483, Cell Name=N/A">
                <measResults>0 0 0 0 </measResults>
            </measValue>
            <measValue measObjLdn="PSYG7502HUNB001/ULoCell:NodeB Function Name=PSYG7502HUNB001, Local Cell ID=50481, Cell Name=N/A">
                <measResults>0 0 0 0 </measResults>
            </measValue>
            <measValue measObjLdn="PSYG7502HUNB001/ULoCell:NodeB Function Name=PSYG7502HUNB001, Local Cell ID=50482, Cell Name=N/A">
                <measResults>0 0 0 0 </measResults>
            </measValue>
            <measValue measObjLdn="PSYG7502HUNB001/ULoCell:NodeB Function Name=PSYG7502HUNB001, Local Cell ID=50483, Cell Name=N/A">
                <measResults>0 0 0 0 </measResults>
            </measValue>
            <measValue measObjLdn="PSYG7502HUNB001/ULoCell:NodeB Function Name=PSYG7502HUNB001, Local Cell ID=60481, Cell Name=N/A">
                <measResults>0 0 0 0 </measResults>
            </measValue>
            <measValue measObjLdn="PSYG7502HUNB001/ULoCell:NodeB Function Name=PSYG7502HUNB001, Local Cell ID=60482, Cell Name=N/A">
                <measResults>0 0 0 0 </measResults>
            </measValue>
            <measValue measObjLdn="PSYG7502HUNB001/ULoCell:NodeB Function Name=PSYG7502HUNB001, Local Cell ID=60483, Cell Name=N/A">
                <measResults>0 0 0 0 </measResults>
            </measValue>
        </measInfo>
        <measInfo measInfoId="50331660">
            <granPeriod duration="PT3600S" endTime="2021-08-19T12:00:00+08:00"/>
            <repPeriod duration="PT3600S"/>
            <measTypes>50361670 50361671 50361672 50361673 </measTypes>
            <measValue measObjLdn="PSYG7502HUNB001/ULoCell:NodeB Function Name=PSYG7502HUNB001, Local Cell ID=10481, Cell Name=N/A">
                <measResults>0 0 0 0 </measResults>
            </measValue>
            <measValue measObjLdn="PSYG7502HUNB001/ULoCell:NodeB Function Name=PSYG7502HUNB001, Local Cell ID=10482, Cell Name=N/A">
                <measResults>0 0 0 0 </measResults>
            </measValue>
            <measValue measObjLdn="PSYG7502HUNB001/ULoCell:NodeB Function Name=PSYG7502HUNB001, Local Cell ID=10483, Cell Name=N/A">
                <measResults>0 0 0 0 </measResults>
            </measValue>
            <measValue measObjLdn="PSYG7502HUNB001/ULoCell:NodeB Function Name=PSYG7502HUNB001, Local Cell ID=50481, Cell Name=N/A">
                <measResults>0 0 0 0 </measResults>
            </measValue>
            <measValue measObjLdn="PSYG7502HUNB001/ULoCell:NodeB Function Name=PSYG7502HUNB001, Local Cell ID=50482, Cell Name=N/A">
                <measResults>0 0 0 0 </measResults>
            </measValue>
            <measValue measObjLdn="PSYG7502HUNB001/ULoCell:NodeB Function Name=PSYG7502HUNB001, Local Cell ID=50483, Cell Name=N/A">
                <measResults>0 0 0 0 </measResults>
            </measValue>
            <measValue measObjLdn="PSYG7502HUNB001/ULoCell:NodeB Function Name=PSYG7502HUNB001, Local Cell ID=60481, Cell Name=N/A">
                <measResults>0 0 0 0 </measResults>
            </measValue>
            <measValue measObjLdn="PSYG7502HUNB001/ULoCell:NodeB Function Name=PSYG7502HUNB001, Local Cell ID=60482, Cell Name=N/A">
                <measResults>0 0 0 0 </measResults>
            </measValue>
            <measValue measObjLdn="PSYG7502HUNB001/ULoCell:NodeB Function Name=PSYG7502HUNB001, Local Cell ID=60483, Cell Name=N/A">
                <measResults>0 0 0 0 </measResults>
            </measValue>
        </measInfo>
        <measInfo measInfoId="50331661">
            <granPeriod duration="PT3600S" endTime="2021-08-19T12:00:00+08:00"/>
            <repPeriod duration="PT3600S"/>
            <measTypes>50332048 50332049 50332050 50332051 </measTypes>
            <measValue measObjLdn="PSYG7502HUNB001/ULoCell:NodeB Function Name=PSYG7502HUNB001, Local Cell ID=10481, Cell Name=N/A">
                <measResults>10573 0 67622 0 </measResults>
            </measValue>
            <measValue measObjLdn="PSYG7502HUNB001/ULoCell:NodeB Function Name=PSYG7502HUNB001, Local Cell ID=10482, Cell Name=N/A">
                <measResults>22760 0 68951 0 </measResults>
            </measValue>
            <measValue measObjLdn="PSYG7502HUNB001/ULoCell:NodeB Function Name=PSYG7502HUNB001, Local Cell ID=10483, Cell Name=N/A">
                <measResults>23172 0 68621 0 </measResults>
            </measValue>
            <measValue measObjLdn="PSYG7502HUNB001/ULoCell:NodeB Function Name=PSYG7502HUNB001, Local Cell ID=50481, Cell Name=N/A">
                <measResults>21691 0 68301 0 </measResults>
            </measValue>
            <measValue measObjLdn="PSYG7502HUNB001/ULoCell:NodeB Function Name=PSYG7502HUNB001, Local Cell ID=50482, Cell Name=N/A">
                <measResults>35830 0 69649 0 </measResults>
            </measValue>
            <measValue measObjLdn="PSYG7502HUNB001/ULoCell:NodeB Function Name=PSYG7502HUNB001, Local Cell ID=50483, Cell Name=N/A">
                <measResults>27047 0 68965 0 </measResults>
            </measValue>
            <measValue measObjLdn="PSYG7502HUNB001/ULoCell:NodeB Function Name=PSYG7502HUNB001, Local Cell ID=60481, Cell Name=N/A">
                <measResults>19017 0 68119 0 </measResults>
            </measValue>
            <measValue measObjLdn="PSYG7502HUNB001/ULoCell:NodeB Function Name=PSYG7502HUNB001, Local Cell ID=60482, Cell Name=N/A">
                <measResults>32511 0 69518 0 </measResults>
            </measValue>
            <measValue measObjLdn="PSYG7502HUNB001/ULoCell:NodeB Function Name=PSYG7502HUNB001, Local Cell ID=60483, Cell Name=N/A">
                <measResults>43193 0 70308 0 </measResults>
            </measValue>
        </measInfo>
        <measInfo measInfoId="50331662">
            <granPeriod duration="PT3600S" endTime="2021-08-19T12:00:00+08:00"/>
            <repPeriod duration="PT3600S"/>
            <measTypes>50332052 50332053 50332054 50332070 50332505 </measTypes>
            <measValue measObjLdn="PSYG7502HUNB001/ULoCell:NodeB Function Name=PSYG7502HUNB001, Local Cell ID=10481, Cell Name=N/A">
                <measResults>0 90 755432 0 0 </measResults>
            </measValue>
            <measValue measObjLdn="PSYG7502HUNB001/ULoCell:NodeB Function Name=PSYG7502HUNB001, Local Cell ID=10482, Cell Name=N/A">
                <measResults>31 102 960424 0 0 </measResults>
            </measValue>
            <measValue measObjLdn="PSYG7502HUNB001/ULoCell:NodeB Function Name=PSYG7502HUNB001, Local Cell ID=10483, Cell Name=N/A">
                <measResults>110 137 1207363 0 0 </measResults>
            </measValue>
            <measValue measObjLdn="PSYG7502HUNB001/ULoCell:NodeB Function Name=PSYG7502HUNB001, Local Cell ID=50481, Cell Name=N/A">
                <measResults>1 68 172538 0 0 </measResults>
            </measValue>
            <measValue measObjLdn="PSYG7502HUNB001/ULoCell:NodeB Function Name=PSYG7502HUNB001, Local Cell ID=50482, Cell Name=N/A">
                <measResults>0 131 263278 0 0 </measResults>
            </measValue>
            <measValue measObjLdn="PSYG7502HUNB001/ULoCell:NodeB Function Name=PSYG7502HUNB001, Local Cell ID=50483, Cell Name=N/A">
                <measResults>1 54 229512 0 0 </measResults>
            </measValue>
            <measValue measObjLdn="PSYG7502HUNB001/ULoCell:NodeB Function Name=PSYG7502HUNB001, Local Cell ID=60481, Cell Name=N/A">
                <measResults>0 114 353077 0 0 </measResults>
            </measValue>
            <measValue measObjLdn="PSYG7502HUNB001/ULoCell:NodeB Function Name=PSYG7502HUNB001, Local Cell ID=60482, Cell Name=N/A">
                <measResults>1 165 562662 0 0 </measResults>
            </measValue>
            <measValue measObjLdn="PSYG7502HUNB001/ULoCell:NodeB Function Name=PSYG7502HUNB001, Local Cell ID=60483, Cell Name=N/A">
                <measResults>1 135 605977 0 0 </measResults>
            </measValue>
        </measInfo>
        <measInfo measInfoId="50331663">
            <granPeriod duration="PT3600S" endTime="2021-08-19T12:00:00+08:00"/>
            <repPeriod duration="PT3600S"/>
            <measTypes>50331917 50332061 50332064 50332065 50332069 50332071 50332072 50332073 50332074 50332079 50332258 50332388 50332389 50332504 50332626 50332632 50332639 50332640 50332641 50332645 50342048 50342049 50342050 50342051 50361705 50361706 50361725 50361726 50361735 50361740 50361743 50361744 50361747 50361749 50361751 50361753 50361755 50361757 50361759 50361761 50361763 50361765 50361767 50361769 50361771 50361773 50361775 50361777 50361779 50361781 50361783 50361785 50361787 50361789 50361791 50361793 50361795 </measTypes>
            <measValue measObjLdn="PSYG7502HUNB001/ULoCell:NodeB Function Name=PSYG7502HUNB001, Local Cell ID=10481, Cell Name=N/A">
                <measResults>986.681 0 256 0 0 0 0 0 0 0 4.067 0 0.876 0 0 0 3600 0 NIL 0 16 60.51 0 0 0 0 0 NIL NIL NIL NIL NIL NIL NIL NIL NIL NIL NIL NIL NIL NIL NIL NIL NIL NIL NIL NIL NIL NIL NIL NIL NIL NIL NIL NIL NIL NIL </measResults>
            </measValue>
            <measValue measObjLdn="PSYG7502HUNB001/ULoCell:NodeB Function Name=PSYG7502HUNB001, Local Cell ID=10482, Cell Name=N/A">
                <measResults>997.925 1 256 0 0 0 0 0 0 0 4.575 0 1.255 0 0 0 3600 0 NIL 0 9 65.402 0 0 0 0 0 NIL NIL NIL NIL NIL NIL NIL NIL NIL NIL NIL NIL NIL NIL NIL NIL NIL NIL NIL NIL NIL NIL NIL NIL NIL NIL NIL NIL NIL NIL </measResults>
            </measValue>
            <measValue measObjLdn="PSYG7502HUNB001/ULoCell:NodeB Function Name=PSYG7502HUNB001, Local Cell ID=10483, Cell Name=N/A">
                <measResults>906.586 0 255 0 0 0 0 0 0 0 6.325 0 1.775 0 0 0 3600 0 NIL 0 8 72.951 0 0 0 0 0 NIL NIL NIL NIL NIL NIL NIL NIL NIL NIL NIL NIL NIL NIL NIL NIL NIL NIL NIL NIL NIL NIL NIL NIL NIL NIL NIL NIL NIL NIL </measResults>
            </measValue>
            <measValue measObjLdn="PSYG7502HUNB001/ULoCell:NodeB Function Name=PSYG7502HUNB001, Local Cell ID=50481, Cell Name=N/A">
                <measResults>984.398 0 256 0 0 0 0 0 0 0 0.681 0 0.911 966.667 0 0 0 0 NIL 0 27 40.879 0 0 0 0 0 NIL NIL NIL NIL NIL NIL NIL NIL NIL NIL NIL NIL NIL NIL NIL NIL NIL NIL NIL NIL NIL NIL NIL NIL NIL NIL NIL NIL NIL NIL </measResults>
            </measValue>
            <measValue measObjLdn="PSYG7502HUNB001/ULoCell:NodeB Function Name=PSYG7502HUNB001, Local Cell ID=50482, Cell Name=N/A">
                <measResults>971.336 4 256 0 0 0 0 0 0 0 1.376 0 2.036 762.5 0 0 0 0 NIL 0 21 72.665 0 0 0 0 0 NIL NIL NIL NIL NIL NIL NIL NIL NIL NIL NIL NIL NIL NIL NIL NIL NIL NIL NIL NIL NIL NIL NIL NIL NIL NIL NIL NIL NIL NIL </measResults>
            </measValue>
            <measValue measObjLdn="PSYG7502HUNB001/ULoCell:NodeB Function Name=PSYG7502HUNB001, Local Cell ID=50483, Cell Name=N/A">
                <measResults>917.723 1 256 0 0 0 0 0 0 0 1.215 0 1.452 941.667 0 0 0 0 NIL 0 5 55.756 0 0 0 0 0 NIL NIL NIL NIL NIL NIL NIL NIL NIL NIL NIL NIL NIL NIL NIL NIL NIL NIL NIL NIL NIL NIL NIL NIL NIL NIL NIL NIL NIL NIL </measResults>
            </measValue>
            <measValue measObjLdn="PSYG7502HUNB001/ULoCell:NodeB Function Name=PSYG7502HUNB001, Local Cell ID=60481, Cell Name=N/A">
                <measResults>992.017 0 255 0 0 0 0 0 0 0 1.432 0 0.919 75 0 0 3600 0 NIL 0 13 39.172 0 0 0 0 0 NIL NIL NIL NIL NIL NIL NIL NIL NIL NIL NIL NIL NIL NIL NIL NIL NIL NIL NIL NIL NIL NIL NIL NIL NIL NIL NIL NIL NIL NIL </measResults>
            </measValue>
            <measValue measObjLdn="PSYG7502HUNB001/ULoCell:NodeB Function Name=PSYG7502HUNB001, Local Cell ID=60482, Cell Name=N/A">
                <measResults>986.255 4 256 0 0 0 0 0 0 0 2.497 0 2.807 162.5 0 0 3600 0 NIL 0 53 102.201 0 0 0 0 0 NIL NIL NIL NIL NIL NIL NIL NIL NIL NIL NIL NIL NIL NIL NIL NIL NIL NIL NIL NIL NIL NIL NIL NIL NIL NIL NIL NIL NIL NIL </measResults>
            </measValue>
            <measValue measObjLdn="PSYG7502HUNB001/ULoCell:NodeB Function Name=PSYG7502HUNB001, Local Cell ID=60483, Cell Name=N/A">
                <measResults>971.418 1 256 0 0 0 0 0 0 0 2.765 0 1.953 583.333 0 0 3600 0 NIL 0 12 52.292 0 0 0 0 0 NIL NIL NIL NIL NIL NIL NIL NIL NIL NIL NIL NIL NIL NIL NIL NIL NIL NIL NIL NIL NIL NIL NIL NIL NIL NIL NIL NIL NIL NIL </measResults>
            </measValue>
        </measInfo>
        <measInfo measInfoId="50331665">
            <granPeriod duration="PT3600S" endTime="2021-08-19T12:00:00+08:00"/>
            <repPeriod duration="PT3600S"/>
            <measTypes>50331740 50331741 50331742 50331743 50331744 50331909 50331910 50331911 50331912 50331913 50332381 50332382 50332576 50332577 </measTypes>
            <measValue measObjLdn="PSYG7502HUNB001/ULoCell:NodeB Function Name=PSYG7502HUNB001, Local Cell ID=10481, Cell Name=N/A">
                <measResults>0 0 0 0 0 0 0 0 0 0 0 0 0 0 </measResults>
            </measValue>
            <measValue measObjLdn="PSYG7502HUNB001/ULoCell:NodeB Function Name=PSYG7502HUNB001, Local Cell ID=10482, Cell Name=N/A">
                <measResults>0 0 0 0 0 0 0 0 0 0 0 0 0 0 </measResults>
            </measValue>
            <measValue measObjLdn="PSYG7502HUNB001/ULoCell:NodeB Function Name=PSYG7502HUNB001, Local Cell ID=10483, Cell Name=N/A">
                <measResults>0 0 0 0 0 0 0 0 0 0 0 0 0 0 </measResults>
            </measValue>
            <measValue measObjLdn="PSYG7502HUNB001/ULoCell:NodeB Function Name=PSYG7502HUNB001, Local Cell ID=50481, Cell Name=N/A">
                <measResults>0 0 0 0 0 0 0 0 0 0 0 0 0 0 </measResults>
            </measValue>
            <measValue measObjLdn="PSYG7502HUNB001/ULoCell:NodeB Function Name=PSYG7502HUNB001, Local Cell ID=50482, Cell Name=N/A">
                <measResults>0 0 0 0 0 0 0 0 0 0 0 0 0 0 </measResults>
            </measValue>
            <measValue measObjLdn="PSYG7502HUNB001/ULoCell:NodeB Function Name=PSYG7502HUNB001, Local Cell ID=50483, Cell Name=N/A">
                <measResults>0 0 0 0 0 0 0 0 0 0 0 0 0 0 </measResults>
            </measValue>
            <measValue measObjLdn="PSYG7502HUNB001/ULoCell:NodeB Function Name=PSYG7502HUNB001, Local Cell ID=60481, Cell Name=N/A">
                <measResults>0 0 0 0 0 0 0 0 0 0 0 0 0 0 </measResults>
            </measValue>
            <measValue measObjLdn="PSYG7502HUNB001/ULoCell:NodeB Function Name=PSYG7502HUNB001, Local Cell ID=60482, Cell Name=N/A">
                <measResults>0 0 0 0 0 0 0 0 0 0 0 0 0 0 </measResults>
            </measValue>
            <measValue measObjLdn="PSYG7502HUNB001/ULoCell:NodeB Function Name=PSYG7502HUNB001, Local Cell ID=60483, Cell Name=N/A">
                <measResults>0 0 0 0 0 0 0 0 0 0 0 0 0 0 </measResults>
            </measValue>
        </measInfo>
        <measInfo measInfoId="50331673">
            <granPeriod duration="PT3600S" endTime="2021-08-19T12:00:00+08:00"/>
            <repPeriod duration="PT3600S"/>
            <measTypes>50332055 50332056 50332057 50332058 50332059 50332060 50332278 50332279 50332280 50332281 50332282 50332283 50332284 50332285 50332286 50361648 50361649 50361650 50361651 </measTypes>
            <measValue measObjLdn="PSYG7502HUNB001/ULoCell:NodeB Function Name=PSYG7502HUNB001, Local Cell ID=10481, Cell Name=N/A">
                <measResults>20 32 13 0 0 0 9 8 1 2 6 0 2 4 5 0 0 0 0 </measResults>
            </measValue>
            <measValue measObjLdn="PSYG7502HUNB001/ULoCell:NodeB Function Name=PSYG7502HUNB001, Local Cell ID=10482, Cell Name=N/A">
                <measResults>22 31 23 0 0 0 18 19 2 3 9 0 1 4 13 0 0 0 0 </measResults>
            </measValue>
            <measValue measObjLdn="PSYG7502HUNB001/ULoCell:NodeB Function Name=PSYG7502HUNB001, Local Cell ID=10483, Cell Name=N/A">
                <measResults>29 58 17 0 0 0 13 11 1 4 5 0 1 5 10 0 0 0 0 </measResults>
            </measValue>
            <measValue measObjLdn="PSYG7502HUNB001/ULoCell:NodeB Function Name=PSYG7502HUNB001, Local Cell ID=50481, Cell Name=N/A">
                <measResults>10 4 0 0 0 0 2 2 3 5 7 0 0 5 4 0 0 0 0 </measResults>
            </measValue>
            <measValue measObjLdn="PSYG7502HUNB001/ULoCell:NodeB Function Name=PSYG7502HUNB001, Local Cell ID=50482, Cell Name=N/A">
                <measResults>20 8 0 0 0 0 9 6 12 8 43 0 8 9 46 0 0 0 0 </measResults>
            </measValue>
            <measValue measObjLdn="PSYG7502HUNB001/ULoCell:NodeB Function Name=PSYG7502HUNB001, Local Cell ID=50483, Cell Name=N/A">
                <measResults>13 11 1 0 0 0 4 2 3 6 7 0 1 6 6 0 0 0 0 </measResults>
            </measValue>
            <measValue measObjLdn="PSYG7502HUNB001/ULoCell:NodeB Function Name=PSYG7502HUNB001, Local Cell ID=60481, Cell Name=N/A">
                <measResults>9 5 3 0 0 0 10 8 3 5 7 0 1 8 4 0 0 0 0 </measResults>
            </measValue>
            <measValue measObjLdn="PSYG7502HUNB001/ULoCell:NodeB Function Name=PSYG7502HUNB001, Local Cell ID=60482, Cell Name=N/A">
                <measResults>15 10 6 0 0 0 15 16 10 17 26 2 7 35 26 0 0 0 0 </measResults>
            </measValue>
            <measValue measObjLdn="PSYG7502HUNB001/ULoCell:NodeB Function Name=PSYG7502HUNB001, Local Cell ID=60483, Cell Name=N/A">
                <measResults>14 12 5 0 0 0 14 12 4 8 10 1 3 8 6 0 0 0 0 </measResults>
            </measValue>
        </measInfo>
        <measInfo measInfoId="50331674">
            <granPeriod duration="PT3600S" endTime="2021-08-19T12:00:00+08:00"/>
            <repPeriod duration="PT3600S"/>
            <measTypes>50332161 50332162 50332163 50332164 50332165 50341718 50341719 50341720 50341721 </measTypes>
            <measValue measObjLdn="PSYG7502HUNB001/ULoCell:NodeB Function Name=PSYG7502HUNB001, Local Cell ID=10481, Cell Name=N/A">
                <measResults>0 0 0 0 0 0 0 0 0 </measResults>
            </measValue>
            <measValue measObjLdn="PSYG7502HUNB001/ULoCell:NodeB Function Name=PSYG7502HUNB001, Local Cell ID=10482, Cell Name=N/A">
                <measResults>0 0 0 0 0 0 0 0 0 </measResults>
            </measValue>
            <measValue measObjLdn="PSYG7502HUNB001/ULoCell:NodeB Function Name=PSYG7502HUNB001, Local Cell ID=10483, Cell Name=N/A">
                <measResults>0 0 0 0 0 0 0 0 0 </measResults>
            </measValue>
            <measValue measObjLdn="PSYG7502HUNB001/ULoCell:NodeB Function Name=PSYG7502HUNB001, Local Cell ID=50481, Cell Name=N/A">
                <measResults>0 0 0 0 0 0 0 0 0 </measResults>
            </measValue>
            <measValue measObjLdn="PSYG7502HUNB001/ULoCell:NodeB Function Name=PSYG7502HUNB001, Local Cell ID=50482, Cell Name=N/A">
                <measResults>0 0 0 0 0 0 0 0 0 </measResults>
            </measValue>
            <measValue measObjLdn="PSYG7502HUNB001/ULoCell:NodeB Function Name=PSYG7502HUNB001, Local Cell ID=50483, Cell Name=N/A">
                <measResults>0 0 0 0 0 0 0 0 0 </measResults>
            </measValue>
            <measValue measObjLdn="PSYG7502HUNB001/ULoCell:NodeB Function Name=PSYG7502HUNB001, Local Cell ID=60481, Cell Name=N/A">
                <measResults>0 0 0 0 0 0 0 0 0 </measResults>
            </measValue>
            <measValue measObjLdn="PSYG7502HUNB001/ULoCell:NodeB Function Name=PSYG7502HUNB001, Local Cell ID=60482, Cell Name=N/A">
                <measResults>0 0 0 0 0 0 0 0 0 </measResults>
            </measValue>
            <measValue measObjLdn="PSYG7502HUNB001/ULoCell:NodeB Function Name=PSYG7502HUNB001, Local Cell ID=60483, Cell Name=N/A">
                <measResults>0 0 0 0 0 0 0 0 0 </measResults>
            </measValue>
        </measInfo>
        <measInfo measInfoId="50331676">
            <granPeriod duration="PT3600S" endTime="2021-08-19T12:00:00+08:00"/>
            <repPeriod duration="PT3600S"/>
            <measTypes>50331747 50332175 50332176 50332177 50332178 50332179 50332180 50332181 50332182 50332183 50332184 50332185 50332186 50332187 50332188 50332189 50332190 50332192 50332193 50332194 50332195 50332196 50332197 50332198 50332199 50332200 50332201 50332202 50332203 50332204 50332205 50332206 50332207 50332208 50332209 50332210 50332211 50332212 50332213 50332214 50332219 50332232 50332233 50332234 50332235 50332236 50332237 50332238 50332245 50332246 50332648 50332649 50332650 50332651 50332652 50332653 50332654 50332655 50332656 50332657 50332658 50332670 50332848 50332849 50332850 50332853 50332854 50332855 50332856 50332865 50332866 50332867 50332868 50332869 50332870 50332871 50332872 50332873 50332874 50332875 50332876 50332877 50332878 50332879 50332880 50332881 50332882 50332883 50332884 50332885 50332886 50332887 50332888 50332889 50332890 50332891 50332892 50332894 50332895 50332896 50332897 50332898 50332899 50332900 50332901 50332902 50332903 50332904 50332905 50332906 50332907 50332908 50332909 50332910 50332943 50332944 50332945 50332946 50332947 50332948 50332949 50332950 50332951 50332952 50332953 50332954 50332955 50332956 50332957 50332958 50332959 50332960 50332961 50332962 50332963 50332964 50332965 50332966 50332967 50332968 50332969 50332970 50332971 50332972 50332973 50332974 50332985 50332986 50332987 50332990 50341723 50341741 50341742 50341743 50341748 50341749 50341750 50341751 50341752 50341753 50341754 50341755 50341756 50341757 50341758 50341759 </measTypes>
            <measValue measObjLdn="PSYG7502HUNB001/ULoCell:NodeB Function Name=PSYG7502HUNB001, Local Cell ID=10481, Cell Name=N/A">
                <measResults>1107235604 1570761 34351 6830 5461 4229 6091 1319 8195 1595 12982 2340 19529 49122 75202 1993 0 0 1109326360 37986 0 4610 0 0 0 0 0 24359 36671 791 104 301 268 165 113 171 109 17 1 1 33663240 1111714904 332455 1292993129 266551 184710 65789 12044 206475648 130919 80470 19588 72101 46270 23924 11422 12981 5617 64 1 0 172380 0 0 0 87953 0 0 30248 0 0 0 0 0 0 0 0 0 2962 0 0 92655020 460999807 342116222 201256665 122594 134470 60645 22067 0 0 0 0 1708088 11087 3826 0 0 0 0 0 0 0 0 0 0 0 0 0 0 0 0 0 0 0 0 0 0 0 0 0 0 0 0 0 0 0 0 0 0 NIL NIL NIL NIL NIL NIL NIL NIL NIL NIL NIL NIL NIL NIL NIL NIL 0 0 0 256029 1.889 NIL 0 0 8446.921 29551.691 218728.688 226864.828 162110.563 102775.648 151664.234 89610.719 1343.048 30.576 0 953128.313 </measResults>
            </measValue>
            <measValue measObjLdn="PSYG7502HUNB001/ULoCell:NodeB Function Name=PSYG7502HUNB001, Local Cell ID=10482, Cell Name=N/A">
                <measResults>1763242816 1383004 124151 82918 26470 37455 24098 16468 17550 7860 8207 3569 15252 45573 7395 30 0 0 1740965864 27864 0 1906 0 0 0 0 1 6620 14293 1236 124 216 192 163 120 201 386 56 4 1 752153120 1782195672 489825 2064015126 197153 172200 169947 529868 215090396 99681 57605 6737 24610 21967 12535 7207 7482 3506 111 2 0 77420 0 0 0 37126 0 0 196857 0 0 0 0 0 0 0 0 0 478 0 0 58210909 137275035 198017648 188104493 74497 48338 49367 41836 0 0 0 0 2586063 11733 6147 0 0 0 0 0 0 0 0 0 0 0 0 0 0 0 0 0 0 0 0 0 0 0 0 0 0 0 0 0 0 0 0 0 0 NIL NIL NIL NIL NIL NIL NIL NIL NIL NIL NIL NIL NIL NIL NIL NIL 0 0 0 209679 3.215 NIL 0 0 11392.266 10555.315 76963.391 108902.516 85608.484 63157.066 86232.828 54593.621 2465.4 62.264 0 477985.563 </measResults>
            </measValue>
            <measValue measObjLdn="PSYG7502HUNB001/ULoCell:NodeB Function Name=PSYG7502HUNB001, Local Cell ID=10483, Cell Name=N/A">
                <measResults>1459579264 1300675 229487 43335 28088 21882 20632 9200 13536 6092 10815 8092 40445 55405 12316 0 0 0 1441453784 32104 0 3496 0 0 0 0 26 14485 34402 2345 237 303 322 314 208 387 358 170 91 3 468816624 1460320089 614837 1822828343 289305 332187 233581 405656 384269451 189657 90701 34743 24639 38684 20349 9667 4699 5651 2529 87 0 106305 0 0 0 67599 2 5 257255 0 0 0 0 0 0 0 0 0 12849 0 0 69753213 266027368 298949625 179804539 102552 128677 82231 65606 0 0 0 0 2589054 18956 7549 0 0 0 0 0 0 0 0 0 0 0 0 0 0 0 0 0 0 0 0 0 0 0 0 0 0 0 0 0 0 0 0 0 0 NIL NIL NIL NIL NIL NIL NIL NIL NIL NIL NIL NIL NIL NIL NIL NIL 0 0 0 320109 4.565 NIL 0 0 18734.949 50826.223 76123.555 189988.438 141242.891 84848.586 54198.035 93278.398 56492.559 2740.344 0 698912.813 </measResults>
            </measValue>
            <measValue measObjLdn="PSYG7502HUNB001/ULoCell:NodeB Function Name=PSYG7502HUNB001, Local Cell ID=50481, Cell Name=N/A">
                <measResults>695045768 1623246 53900 7879 4474 3706 5349 3710 5256 1883 15439 2129 5955 3032 25231 38811 0 0 679398920 14509 0 4863 0 0 0 0 0 3918 7240 1104 81 161 151 141 154 162 117 58 3 7 124600056 677296904 203779 958134704 67458 181682 270388 142705 152113094 80328 51299 14494 24016 17943 12598 5770 5145 5866 3814 4 0 75156 0 0 0 46423 1 0 43842 0 0 0 0 0 0 0 0 0 0 0 0 8816384 111448192 201331204 156167900 54983 55326 55941 43588 0 0 0 0 2107504 27497 5646 0 0 0 0 0 0 0 0 0 0 0 0 0 0 0 0 0 0 0 0 0 0 0 0 0 0 0 0 0 0 0 0 0 0 NIL NIL NIL NIL NIL NIL NIL NIL NIL NIL NIL NIL NIL NIL NIL NIL 0 0 0 132012 2.889 NIL 0 0 7959.832 23519.863 71088.023 91485.18 86072.406 51312.922 60124.113 99188.719 83720.758 138.632 0 543130.75 </measResults>
            </measValue>
            <measValue measObjLdn="PSYG7502HUNB001/ULoCell:NodeB Function Name=PSYG7502HUNB001, Local Cell ID=50482, Cell Name=N/A">
                <measResults>3152128936 1242224 133350 25868 13149 9821 14555 8189 24845 10466 35904 10991 27203 9649 162215 71571 0 0 3163891984 13313 0 3680 0 0 0 0 16 48750 71490 2843 300 649 519 592 597 828 428 141 11 4 623837736 3161490867 703972 3825898465 210480 417531 640349 684689 386165060 159573 61409 46697 89779 52403 45950 27833 52928 30676 10642 14 0 310225 0 0 0 115437 0 1 154893 0 0 0 0 0 0 0 0 0 0 0 0 40197052 359899208 714737907 1133344480 61474 160911 172271 193177 0 0 0 0 3854992 17417 7908 0 0 0 0 0 0 0 0 0 0 0 0 0 0 0 0 0 0 0 0 0 0 0 0 0 0 0 0 0 0 0 0 0 0 NIL NIL NIL NIL NIL NIL NIL NIL NIL NIL NIL NIL NIL NIL NIL NIL 0 0 0 527592 5.863 NIL 0 0 18386.336 74302.102 253160 262404.5 319327.031 252895.703 634623.438 501766.813 242869.156 477.088 0 2467523.75 </measResults>
            </measValue>
            <measValue measObjLdn="PSYG7502HUNB001/ULoCell:NodeB Function Name=PSYG7502HUNB001, Local Cell ID=50483, Cell Name=N/A">
                <measResults>1705220136 1505441 72597 8677 6515 3977 4562 3518 6850 2977 23548 3030 9608 6005 95717 46978 0 0 1704975768 19858 0 3813 0 0 0 0 1 16866 25055 1357 109 263 260 241 279 434 280 65 6 3 243622280 1703081960 342122 2214524421 76352 169168 309816 409684 108566282 57373 44257 10374 36873 29472 30827 22150 33588 20728 2441 4 0 176083 0 0 0 49367 0 0 69249 0 0 0 0 0 0 0 0 0 0 0 0 7150696 160587201 387609409 680611406 37261 88960 79748 89639 0 0 0 0 3609992 21338 7578 0 0 0 0 0 0 0 0 0 0 0 0 0 0 0 0 0 0 0 0 0 0 0 0 0 0 0 0 0 0 0 0 0 0 NIL NIL NIL NIL NIL NIL NIL NIL NIL NIL NIL NIL NIL NIL NIL NIL 0 0 0 248049 3.427 NIL 0 0 8233.734 16022.527 110975.555 146957.453 214400.672 199327.328 398895.219 331794.531 55376.832 138.344 0 1457865.875 </measResults>
            </measValue>
            <measValue measObjLdn="PSYG7502HUNB001/ULoCell:NodeB Function Name=PSYG7502HUNB001, Local Cell ID=60481, Cell Name=N/A">
                <measResults>352833220 1711186 39146 3894 2336 1237 1122 589 1147 1011 1849 927 2252 1724 22357 9223 0 0 347889944 19381 0 8879 0 0 0 0 0 1991 2802 922 45 71 104 72 64 117 102 12 4 1 40778336 346586205 133413 471755695 135402 201917 143015 27490 42418795 39264 65569 1133 8614 9954 3465 3366 6083 4759 72 6 0 36319 0 0 0 10989 0 0 35021 0 0 0 0 0 0 0 0 0 1131 0 0 9927281 74919956 111517681 126887279 74539 31247 32284 22533 0 0 0 0 2103161 31809 5678 0 0 0 0 0 0 0 0 0 0 0 0 0 0 0 0 0 0 0 0 0 0 0 0 0 0 0 0 0 0 0 0 0 0 NIL NIL NIL NIL NIL NIL NIL NIL NIL NIL NIL NIL NIL NIL NIL NIL 0 0 0 50019 2.43 NIL 0 0 441.299 1950.256 26754.57 47416.832 23354.943 30436.496 72750.977 77752.297 1569.312 197.184 0 280232.625 </measResults>
            </measValue>
            <measValue measObjLdn="PSYG7502HUNB001/ULoCell:NodeB Function Name=PSYG7502HUNB001, Local Cell ID=60482, Cell Name=N/A">
                <measResults>6546189904 1100877 109168 19880 10549 8966 10327 7345 10035 7598 10340 7742 12879 94639 369234 20421 0 0 6579295719 13394 0 2474 0 0 0 0 41 106361 118451 2664 188 421 614 711 731 1548 1873 574 46 9 1628360032 6576119122 918779 7619197907 272438 548838 740042 451207 1404859781 265132 59247 16255 43220 76979 91030 83614 141794 110922 10436 40 0 558035 0 0 0 46716 0 3 123834 0 0 0 0 0 0 0 0 0 0 0 0 44524651 532756264 2119778688 3094596457 59017 156936 292983 319589 0 0 0 0 4894251 20521 10895 0 0 0 0 0 0 0 0 0 0 0 0 0 0 0 0 0 0 0 0 0 0 0 0 0 0 0 0 0 0 0 0 0 0 NIL NIL NIL NIL NIL NIL NIL NIL NIL NIL NIL NIL NIL NIL NIL NIL 0 0 0 764644 5.864 NIL 0 0 15454.289 24578.199 132899.641 387713.938 633009.438 749825.938 1690504.875 1819949.25 226354.203 1322.44 0 5641580 </measResults>
            </measValue>
            <measValue measObjLdn="PSYG7502HUNB001/ULoCell:NodeB Function Name=PSYG7502HUNB001, Local Cell ID=60483, Cell Name=N/A">
                <measResults>961610144 1568333 88241 12130 6575 3834 3911 2055 5034 3886 6547 3770 8694 24211 58970 3809 0 0 933488936 24044 0 1201 0 0 0 0 5 6324 10374 1034 57 171 317 258 173 336 438 108 19 0 195294016 947546840 254209 1259070409 216316 243231 335674 355092 150170526 61302 34615 4831 16480 30904 16677 7897 9216 8728 3164 48 0 93114 0 0 0 35472 0 0 89318 0 0 0 0 0 0 0 0 0 0 0 0 28829843 275000130 208235003 230105908 45132 89274 50484 47108 0 0 0 0 4737094 30282 10448 0 0 0 0 0 0 0 0 0 0 0 0 0 0 0 0 0 0 0 0 0 0 0 0 0 0 0 0 0 0 0 0 0 0 NIL NIL NIL NIL NIL NIL NIL NIL NIL NIL NIL NIL NIL NIL NIL NIL 0 0 0 142568 4.007 NIL 0 0 3123.586 7368.435 53883.508 151120.75 112572.242 69479.398 106366.156 143585 70225.367 1513.344 0 708745.75 </measResults>
            </measValue>
        </measInfo>
        <measInfo measInfoId="50331649">
            <granPeriod duration="PT3600S" endTime="2021-08-19T12:00:00+08:00"/>
            <repPeriod duration="PT3600S"/>
            <measTypes>50332578 50332579 50332580 50332581 50342578 50342579 50342580 50342581 </measTypes>
            <measValue measObjLdn="PSYG7502HUNB001/NodeBFunction:NodeB Function Name=PSYG7502HUNB001">
                <measResults>5.804 2.881 5.181 63.63 9.4 5.8 9.4 88.6 </measResults>
            </measValue>
        </measInfo>
        <measInfo measInfoId="50331654">
            <granPeriod duration="PT3600S" endTime="2021-08-19T12:00:00+08:00"/>
            <repPeriod duration="PT3600S"/>
            <measTypes>50332565 50332566 50332633 50332635 </measTypes>
            <measValue measObjLdn="PSYG7502HUNB001/NodeBFunction:NodeB Function Name=PSYG7502HUNB001">
                <measResults>3072 2048 0 0 </measResults>
            </measValue>
        </measInfo>
        <measInfo measInfoId="50331664">
            <granPeriod duration="PT3600S" endTime="2021-08-19T12:00:00+08:00"/>
            <repPeriod duration="PT3600S"/>
            <measTypes>50332572 50332585 50332587 50332588 50332589 50332590 50332617 50332618 50332625 </measTypes>
            <measValue measObjLdn="PSYG7502HUNB001/NodeBFunction:NodeB Function Name=PSYG7502HUNB001">
                <measResults>2 0 33 33 0 20 0 0 3 </measResults>
            </measValue>
        </measInfo>
        <measInfo measInfoId="50331666">
            <granPeriod duration="PT3600S" endTime="2021-08-19T12:00:00+08:00"/>
            <repPeriod duration="PT3600S"/>
            <measTypes>50332567 50332568 50332569 50332570 50332571 </measTypes>
            <measValue measObjLdn="PSYG7502HUNB001/NodeBFunction:NodeB Function Name=PSYG7502HUNB001">
                <measResults>0 0 0 0 0 </measResults>
            </measValue>
        </measInfo>
        <measInfo measInfoId="50331681">
            <granPeriod duration="PT3600S" endTime="2021-08-19T12:00:00+08:00"/>
            <repPeriod duration="PT3600S"/>
            <measTypes>50342640 50342641 50342642 50342643 50342644 50342645 50342646 50342647 </measTypes>
            <measValue measObjLdn="PSYG7502HUNB001/NodeBFunction:NodeB Function Name=PSYG7502HUNB001">
                <measResults>12805834 13088357 968194225 2854907727 3398038 2151542 13477431 6344239 </measResults>
            </measValue>
        </measInfo>
        <measInfo measInfoId="50331652">
            <granPeriod duration="PT3600S" endTime="2021-08-19T12:00:00+08:00"/>
            <repPeriod duration="PT3600S"/>
            <measTypes>50332555 50332556 50332557 50332558 50332559 50332560 50332561 50332562 50332563 50332564 50332593 50332594 50342555 50342556 50342561 50342562 50342563 50342564 50342567 50342568 50342569 50342570 50342571 50342572 50342618 50342619 50342621 50342622 50342624 50342625 50342627 50342628 </measTypes>
            <measValue measObjLdn="PSYG7502HUNB001/NodeBFunction:NodeB Function Name=PSYG7502HUNB001/MocID:2/CnOperator:-1">
                <measResults>0 0 0 0 4512 3888 120.303 59.26 0 61.62 0 0 0 0 160.5 80 0 94 38 83.5 41.5 0 0 0 0 0 0 0 0 0 0 0 </measResults>
            </measValue>
        </measInfo>
        <measInfo measInfoId="50331667">
            <granPeriod duration="PT3600S" endTime="2021-08-19T12:00:00+08:00"/>
            <repPeriod duration="PT3600S"/>
            <measTypes>50332591 50332592 50332595 50332596 50332597 </measTypes>
            <measValue measObjLdn="PSYG7502HUNB001/NodeBFunction:NodeB Function Name=PSYG7502HUNB001/MocID:2/CnOperator:-1">
                <measResults>0 0 0 0 0 </measResults>
            </measValue>
        </measInfo>
        <measInfo measInfoId="50331668">
            <granPeriod duration="PT3600S" endTime="2021-08-19T12:00:00+08:00"/>
            <repPeriod duration="PT3600S"/>
            <measTypes>50332348 50332349 </measTypes>
            <measValue measObjLdn="PSYG7502HUNB001/LOCELL_SECTOREQM:NodeB Function Name=PSYG7502HUNB001, Local Cell ID=10481, Sector Equipment ID=0">
                <measResults>0 0 </measResults>
            </measValue>
            <measValue measObjLdn="PSYG7502HUNB001/LOCELL_SECTOREQM:NodeB Function Name=PSYG7502HUNB001, Local Cell ID=10482, Sector Equipment ID=1">
                <measResults>0 0 </measResults>
            </measValue>
            <measValue measObjLdn="PSYG7502HUNB001/LOCELL_SECTOREQM:NodeB Function Name=PSYG7502HUNB001, Local Cell ID=10483, Sector Equipment ID=2">
                <measResults>0 0 </measResults>
            </measValue>
            <measValue measObjLdn="PSYG7502HUNB001/LOCELL_SECTOREQM:NodeB Function Name=PSYG7502HUNB001, Local Cell ID=50481, Sector Equipment ID=6">
                <measResults>0 0 </measResults>
            </measValue>
            <measValue measObjLdn="PSYG7502HUNB001/LOCELL_SECTOREQM:NodeB Function Name=PSYG7502HUNB001, Local Cell ID=50482, Sector Equipment ID=7">
                <measResults>0 0 </measResults>
            </measValue>
            <measValue measObjLdn="PSYG7502HUNB001/LOCELL_SECTOREQM:NodeB Function Name=PSYG7502HUNB001, Local Cell ID=50483, Sector Equipment ID=8">
                <measResults>0 0 </measResults>
            </measValue>
            <measValue measObjLdn="PSYG7502HUNB001/LOCELL_SECTOREQM:NodeB Function Name=PSYG7502HUNB001, Local Cell ID=60481, Sector Equipment ID=10">
                <measResults>0 0 </measResults>
            </measValue>
            <measValue measObjLdn="PSYG7502HUNB001/LOCELL_SECTOREQM:NodeB Function Name=PSYG7502HUNB001, Local Cell ID=60482, Sector Equipment ID=11">
                <measResults>0 0 </measResults>
            </measValue>
            <measValue measObjLdn="PSYG7502HUNB001/LOCELL_SECTOREQM:NodeB Function Name=PSYG7502HUNB001, Local Cell ID=60483, Sector Equipment ID=12">
                <measResults>0 0 </measResults>
            </measValue>
        </measInfo>
        <measInfo measInfoId="50331669">
            <granPeriod duration="PT3600S" endTime="2021-08-19T12:00:00+08:00"/>
            <repPeriod duration="PT3600S"/>
            <measTypes>50332350 50332351 50332352 50332353 </measTypes>
            <measValue measObjLdn="PSYG7502HUNB001/LOCELL_SECTOREQM:NodeB Function Name=PSYG7502HUNB001, Local Cell ID=10481, Sector Equipment ID=0">
                <measResults>7904 62 7668 7679 </measResults>
            </measValue>
            <measValue measObjLdn="PSYG7502HUNB001/LOCELL_SECTOREQM:NodeB Function Name=PSYG7502HUNB001, Local Cell ID=10482, Sector Equipment ID=1">
                <measResults>23483 397 21744 21756 </measResults>
            </measValue>
            <measValue measObjLdn="PSYG7502HUNB001/LOCELL_SECTOREQM:NodeB Function Name=PSYG7502HUNB001, Local Cell ID=10483, Sector Equipment ID=2">
                <measResults>12760 0 12228 12295 </measResults>
            </measValue>
            <measValue measObjLdn="PSYG7502HUNB001/LOCELL_SECTOREQM:NodeB Function Name=PSYG7502HUNB001, Local Cell ID=50481, Sector Equipment ID=6">
                <measResults>11551 172 10608 10648 </measResults>
            </measValue>
            <measValue measObjLdn="PSYG7502HUNB001/LOCELL_SECTOREQM:NodeB Function Name=PSYG7502HUNB001, Local Cell ID=50482, Sector Equipment ID=7">
                <measResults>33469 145 31897 31926 </measResults>
            </measValue>
            <measValue measObjLdn="PSYG7502HUNB001/LOCELL_SECTOREQM:NodeB Function Name=PSYG7502HUNB001, Local Cell ID=50483, Sector Equipment ID=8">
                <measResults>18055 13 17301 17371 </measResults>
            </measValue>
            <measValue measObjLdn="PSYG7502HUNB001/LOCELL_SECTOREQM:NodeB Function Name=PSYG7502HUNB001, Local Cell ID=60481, Sector Equipment ID=10">
                <measResults>8824 12 8507 8583 </measResults>
            </measValue>
            <measValue measObjLdn="PSYG7502HUNB001/LOCELL_SECTOREQM:NodeB Function Name=PSYG7502HUNB001, Local Cell ID=60482, Sector Equipment ID=11">
                <measResults>27030 49 25281 25321 </measResults>
            </measValue>
            <measValue measObjLdn="PSYG7502HUNB001/LOCELL_SECTOREQM:NodeB Function Name=PSYG7502HUNB001, Local Cell ID=60483, Sector Equipment ID=12">
                <measResults>33776 26 32926 33057 </measResults>
            </measValue>
        </measInfo>
        <measInfo measInfoId="50331670">
            <granPeriod duration="PT3600S" endTime="2021-08-19T12:00:00+08:00"/>
            <repPeriod duration="PT3600S"/>
            <measTypes>50332354 50332355 </measTypes>
            <measValue measObjLdn="PSYG7502HUNB001/LOCELL_SECTOREQM:NodeB Function Name=PSYG7502HUNB001, Local Cell ID=10481, Sector Equipment ID=0">
                <measResults>0 0 </measResults>
            </measValue>
            <measValue measObjLdn="PSYG7502HUNB001/LOCELL_SECTOREQM:NodeB Function Name=PSYG7502HUNB001, Local Cell ID=10482, Sector Equipment ID=1">
                <measResults>0 0 </measResults>
            </measValue>
            <measValue measObjLdn="PSYG7502HUNB001/LOCELL_SECTOREQM:NodeB Function Name=PSYG7502HUNB001, Local Cell ID=10483, Sector Equipment ID=2">
                <measResults>0 0 </measResults>
            </measValue>
            <measValue measObjLdn="PSYG7502HUNB001/LOCELL_SECTOREQM:NodeB Function Name=PSYG7502HUNB001, Local Cell ID=50481, Sector Equipment ID=6">
                <measResults>0 0 </measResults>
            </measValue>
            <measValue measObjLdn="PSYG7502HUNB001/LOCELL_SECTOREQM:NodeB Function Name=PSYG7502HUNB001, Local Cell ID=50482, Sector Equipment ID=7">
                <measResults>0 0 </measResults>
            </measValue>
            <measValue measObjLdn="PSYG7502HUNB001/LOCELL_SECTOREQM:NodeB Function Name=PSYG7502HUNB001, Local Cell ID=50483, Sector Equipment ID=8">
                <measResults>0 0 </measResults>
            </measValue>
            <measValue measObjLdn="PSYG7502HUNB001/LOCELL_SECTOREQM:NodeB Function Name=PSYG7502HUNB001, Local Cell ID=60481, Sector Equipment ID=10">
                <measResults>0 0 </measResults>
            </measValue>
            <measValue measObjLdn="PSYG7502HUNB001/LOCELL_SECTOREQM:NodeB Function Name=PSYG7502HUNB001, Local Cell ID=60482, Sector Equipment ID=11">
                <measResults>0 0 </measResults>
            </measValue>
            <measValue measObjLdn="PSYG7502HUNB001/LOCELL_SECTOREQM:NodeB Function Name=PSYG7502HUNB001, Local Cell ID=60483, Sector Equipment ID=12">
                <measResults>0 0 </measResults>
            </measValue>
        </measInfo>
        <measInfo measInfoId="50331672">
            <granPeriod duration="PT3600S" endTime="2021-08-19T12:00:00+08:00"/>
            <repPeriod duration="PT3600S"/>
            <measTypes>50342590 50342591 50342592 50342593 50342594 50342595 50342596 50342597 </measTypes>
            <measValue measObjLdn="PSYG7502HUNB001/LOCELL_SECTOREQM:NodeB Function Name=PSYG7502HUNB001, Local Cell ID=10481, Sector Equipment ID=0">
                <measResults>-95.829 -95.191 -94.905 -92.583 -98.2 -98 -97.4 -96.6 </measResults>
            </measValue>
            <measValue measObjLdn="PSYG7502HUNB001/LOCELL_SECTOREQM:NodeB Function Name=PSYG7502HUNB001, Local Cell ID=10482, Sector Equipment ID=1">
                <measResults>-98.356 -97.081 -98.43 -98.149 -99.7 -99.5 -100.6 -100 </measResults>
            </measValue>
            <measValue measObjLdn="PSYG7502HUNB001/LOCELL_SECTOREQM:NodeB Function Name=PSYG7502HUNB001, Local Cell ID=10483, Sector Equipment ID=2">
                <measResults>-86.906 -89.924 -91.083 -88.391 -89.2 -92 -93.4 -90.5 </measResults>
            </measValue>
            <measValue measObjLdn="PSYG7502HUNB001/LOCELL_SECTOREQM:NodeB Function Name=PSYG7502HUNB001, Local Cell ID=50481, Sector Equipment ID=6">
                <measResults>-88.678 -87.914 NIL NIL -90.5 -90 NIL NIL </measResults>
            </measValue>
            <measValue measObjLdn="PSYG7502HUNB001/LOCELL_SECTOREQM:NodeB Function Name=PSYG7502HUNB001, Local Cell ID=50482, Sector Equipment ID=7">
                <measResults>-88.312 -87.268 NIL NIL -92.4 -91.9 NIL NIL </measResults>
            </measValue>
            <measValue measObjLdn="PSYG7502HUNB001/LOCELL_SECTOREQM:NodeB Function Name=PSYG7502HUNB001, Local Cell ID=50483, Sector Equipment ID=8">
                <measResults>-84.336 -87.904 NIL NIL -85.9 -89.2 NIL NIL </measResults>
            </measValue>
            <measValue measObjLdn="PSYG7502HUNB001/LOCELL_SECTOREQM:NodeB Function Name=PSYG7502HUNB001, Local Cell ID=60481, Sector Equipment ID=10">
                <measResults>-86.087 -86.215 NIL NIL -87.8 -87.9 NIL NIL </measResults>
            </measValue>
            <measValue measObjLdn="PSYG7502HUNB001/LOCELL_SECTOREQM:NodeB Function Name=PSYG7502HUNB001, Local Cell ID=60482, Sector Equipment ID=11">
                <measResults>-81.624 -83.033 NIL NIL -83.4 -84.9 NIL NIL </measResults>
            </measValue>
            <measValue measObjLdn="PSYG7502HUNB001/LOCELL_SECTOREQM:NodeB Function Name=PSYG7502HUNB001, Local Cell ID=60483, Sector Equipment ID=12">
                <measResults>-78.781 -80.501 NIL NIL -79.7 -81.5 NIL NIL </measResults>
            </measValue>
        </measInfo>
        <measInfo measInfoId="50331682">
            <granPeriod duration="PT3600S" endTime="2021-08-19T12:00:00+08:00"/>
            <repPeriod duration="PT3600S"/>
            <measTypes>50332602 50332603 50332615 50332616 </measTypes>
            <measValue measObjLdn="PSYG7502HUNB001/LOCELL_SECTOREQM:NodeB Function Name=PSYG7502HUNB001, Local Cell ID=10481, Sector Equipment ID=0">
                <measResults>542 537 636 548 </measResults>
            </measValue>
            <measValue measObjLdn="PSYG7502HUNB001/LOCELL_SECTOREQM:NodeB Function Name=PSYG7502HUNB001, Local Cell ID=10482, Sector Equipment ID=1">
                <measResults>214 213 216 210 </measResults>
            </measValue>
            <measValue measObjLdn="PSYG7502HUNB001/LOCELL_SECTOREQM:NodeB Function Name=PSYG7502HUNB001, Local Cell ID=10483, Sector Equipment ID=2">
                <measResults>756 797 497 260 </measResults>
            </measValue>
            <measValue measObjLdn="PSYG7502HUNB001/LOCELL_SECTOREQM:NodeB Function Name=PSYG7502HUNB001, Local Cell ID=50481, Sector Equipment ID=6">
                <measResults>NIL NIL NIL NIL </measResults>
            </measValue>
            <measValue measObjLdn="PSYG7502HUNB001/LOCELL_SECTOREQM:NodeB Function Name=PSYG7502HUNB001, Local Cell ID=50482, Sector Equipment ID=7">
                <measResults>NIL NIL NIL NIL </measResults>
            </measValue>
            <measValue measObjLdn="PSYG7502HUNB001/LOCELL_SECTOREQM:NodeB Function Name=PSYG7502HUNB001, Local Cell ID=50483, Sector Equipment ID=8">
                <measResults>NIL NIL NIL NIL </measResults>
            </measValue>
            <measValue measObjLdn="PSYG7502HUNB001/LOCELL_SECTOREQM:NodeB Function Name=PSYG7502HUNB001, Local Cell ID=60481, Sector Equipment ID=10">
                <measResults>868 780 NIL NIL </measResults>
            </measValue>
            <measValue measObjLdn="PSYG7502HUNB001/LOCELL_SECTOREQM:NodeB Function Name=PSYG7502HUNB001, Local Cell ID=60482, Sector Equipment ID=11">
                <measResults>401 246 NIL NIL </measResults>
            </measValue>
            <measValue measObjLdn="PSYG7502HUNB001/LOCELL_SECTOREQM:NodeB Function Name=PSYG7502HUNB001, Local Cell ID=60483, Sector Equipment ID=12">
                <measResults>947 915 NIL NIL </measResults>
            </measValue>
        </measInfo>
    </measData>
    <fileFooter>
        <measCollec endTime="2021-08-19T12:00:00+08:00"/>
    </fileFooter>
</measCollecFile>
