<?xml version="1.0" encoding="UTF-8"?>
<measCollecFile xmlns="http://www.3gpp.org/ftp/specs/archive/32_series/32.435#measCollec">
<fileHeader fileFormatVersion="32.435 V10.0" vendorName="Nokia Networks">
<fileSender elementType="HSSCALLP"/>
<measCollec beginTime="2021-08-21T22:30:00+08:00"/>
</fileHeader>
<measData>
<managedElement/>
<measInfo measInfoId="NETWORK">
<granPeriod duration="PT900S" endTime="2021-08-21T22:45:00+08:00"/>
<repPeriod duration="PT900S"/>
<measTypes>bytesReceived packetsReceived bytesTransmitted badPacketsReceived packetsTransmitted transmitErrors</measTypes>
<measValue measObjLdn="PLMN-PLMN/IMSNFM-CLK-VHSS/HSS-HSSDN_NHSSCLK3_DU/HSSCALLP-03/BRM-HSSCALLP-03/NET-eth0">
<measResults>15468169741 15468169741 2477469998555 0 2477469998555 0</measResults>
</measValue>
</measInfo>
<measInfo measInfoId="NETWORK">
<granPeriod duration="PT900S" endTime="2021-08-21T22:45:00+08:00"/>
<repPeriod duration="PT900S"/>
<measTypes>bytesReceived packetsReceived bytesTransmitted badPacketsReceived packetsTransmitted transmitErrors</measTypes>
<measValue measObjLdn="PLMN-PLMN/IMSNFM-CLK-VHSS/HSS-HSSDN_NHSSCLK3_DU/HSSCALLP-03/BRM-HSSCALLP-03/NET-lo">
<measResults>15468169741 15468169741 2477469998555 0 2477469998555 0</measResults>
</measValue>
</measInfo>
<measInfo measInfoId="NETWORK">
<granPeriod duration="PT900S" endTime="2021-08-21T22:45:00+08:00"/>
<repPeriod duration="PT900S"/>
<measTypes>bytesReceived packetsReceived bytesTransmitted badPacketsReceived packetsTransmitted transmitErrors</measTypes>
<measValue measObjLdn="PLMN-PLMN/IMSNFM-CLK-VHSS/HSS-HSSDN_NHSSCLK3_DU/HSSCALLP-03/BRM-HSSCALLP-03/NET-eth2">
<measResults>15468169741 15468169741 2477469998555 0 2477469998555 0</measResults>
</measValue>
</measInfo>
<measInfo measInfoId="NETWORK">
<granPeriod duration="PT900S" endTime="2021-08-21T22:45:00+08:00"/>
<repPeriod duration="PT900S"/>
<measTypes>bytesReceived packetsReceived bytesTransmitted badPacketsReceived packetsTransmitted transmitErrors</measTypes>
<measValue measObjLdn="PLMN-PLMN/IMSNFM-CLK-VHSS/HSS-HSSDN_NHSSCLK3_DU/HSSCALLP-03/BRM-HSSCALLP-03/NET-eth1">
<measResults>15468169741 15468169741 2477469998555 0 2477469998555 0</measResults>
</measValue>
</measInfo>
<measInfo measInfoId="AGGREGAT">
<granPeriod duration="PT900S" endTime="2021-08-21T22:45:00+08:00"/>
<repPeriod duration="PT900S"/>
<measTypes>sysUptime swapFree memFree sysAvailability swapUsed cpuPercentageOverValue cpuAverageLoad cpuPeakLoad memUsed</measTypes>
<measValue measObjLdn="PLMN-PLMN/IMSNFM-CLK-VHSS/HSS-HSSDN_NHSSCLK3_DU/HSSCALLP-03/BRM-1">
<measResults>63666494 4194300 13622476 0 4194300 0 19 5 19158424</measResults>
</measValue>
</measInfo>
<measInfo measInfoId="DBSpace">
<granPeriod duration="PT900S" endTime="2021-08-21T22:45:00+08:00"/>
<repPeriod duration="PT900S"/>
<measTypes>DbSpaceUsed DbSpaceAvailable</measTypes>
<measValue measObjLdn="PLMN-PLMN/IMSNFM-CLK-VHSS/HSS-HSSDN_NHSSCLK3_DU/HSSCALLP-03/BRM-HSSCALLP-03/DBSpace-1">
<measResults>13038 19774</measResults>
</measValue>
</measInfo>
<measInfo measInfoId="CPU">
<granPeriod duration="PT900S" endTime="2021-08-21T22:45:00+08:00"/>
<repPeriod duration="PT900S"/>
<measTypes>cpuLoad cpuUsed</measTypes>
<measValue measObjLdn="PLMN-PLMN/IMSNFM-CLK-VHSS/HSS-HSSDN_NHSSCLK3_DU/HSSCALLP-03/BRM-HSSCALLP-03/CPU-cpu6">
<measResults>4.0604 4.8466</measResults>
</measValue>
</measInfo>
<measInfo measInfoId="CPU">
<granPeriod duration="PT900S" endTime="2021-08-21T22:45:00+08:00"/>
<repPeriod duration="PT900S"/>
<measTypes>cpuLoad cpuUsed</measTypes>
<measValue measObjLdn="PLMN-PLMN/IMSNFM-CLK-VHSS/HSS-HSSDN_NHSSCLK3_DU/HSSCALLP-03/BRM-HSSCALLP-03/CPU-cpu7">
<measResults>6.0751 5.533</measResults>
</measValue>
</measInfo>
<measInfo measInfoId="CPU">
<granPeriod duration="PT900S" endTime="2021-08-21T22:45:00+08:00"/>
<repPeriod duration="PT900S"/>
<measTypes>cpuLoad cpuUsed</measTypes>
<measValue measObjLdn="PLMN-PLMN/IMSNFM-CLK-VHSS/HSS-HSSDN_NHSSCLK3_DU/HSSCALLP-03/BRM-HSSCALLP-03/CPU-cpu4">
<measResults>4.3048 4.3647</measResults>
</measValue>
</measInfo>
<measInfo measInfoId="CPU">
<granPeriod duration="PT900S" endTime="2021-08-21T22:45:00+08:00"/>
<repPeriod duration="PT900S"/>
<measTypes>cpuLoad cpuUsed</measTypes>
<measValue measObjLdn="PLMN-PLMN/IMSNFM-CLK-VHSS/HSS-HSSDN_NHSSCLK3_DU/HSSCALLP-03/BRM-HSSCALLP-03/CPU-cpu5">
<measResults>4.6467 6.1284</measResults>
</measValue>
</measInfo>
<measInfo measInfoId="CPU">
<granPeriod duration="PT900S" endTime="2021-08-21T22:45:00+08:00"/>
<repPeriod duration="PT900S"/>
<measTypes>cpuLoad cpuUsed</measTypes>
<measValue measObjLdn="PLMN-PLMN/IMSNFM-CLK-VHSS/HSS-HSSDN_NHSSCLK3_DU/HSSCALLP-03/BRM-HSSCALLP-03/CPU-cpu2">
<measResults>4.7792 5.0749</measResults>
</measValue>
</measInfo>
<measInfo measInfoId="CPU">
<granPeriod duration="PT900S" endTime="2021-08-21T22:45:00+08:00"/>
<repPeriod duration="PT900S"/>
<measTypes>cpuLoad cpuUsed</measTypes>
<measValue measObjLdn="PLMN-PLMN/IMSNFM-CLK-VHSS/HSS-HSSDN_NHSSCLK3_DU/HSSCALLP-03/BRM-HSSCALLP-03/CPU-cpu3">
<measResults>4.574 4.517</measResults>
</measValue>
</measInfo>
<measInfo measInfoId="CPU">
<granPeriod duration="PT900S" endTime="2021-08-21T22:45:00+08:00"/>
<repPeriod duration="PT900S"/>
<measTypes>cpuLoad cpuUsed</measTypes>
<measValue measObjLdn="PLMN-PLMN/IMSNFM-CLK-VHSS/HSS-HSSDN_NHSSCLK3_DU/HSSCALLP-03/BRM-HSSCALLP-03/CPU-cpu0">
<measResults>4.1893 5.0896</measResults>
</measValue>
</measInfo>
<measInfo measInfoId="CPU">
<granPeriod duration="PT900S" endTime="2021-08-21T22:45:00+08:00"/>
<repPeriod duration="PT900S"/>
<measTypes>cpuLoad cpuUsed</measTypes>
<measValue measObjLdn="PLMN-PLMN/IMSNFM-CLK-VHSS/HSS-HSSDN_NHSSCLK3_DU/HSSCALLP-03/BRM-HSSCALLP-03/CPU-cpu1">
<measResults>5.1627 6.9867</measResults>
</measValue>
</measInfo>
<measInfo measInfoId="CPU">
<granPeriod duration="PT900S" endTime="2021-08-21T22:45:00+08:00"/>
<repPeriod duration="PT900S"/>
<measTypes>cpuLoad cpuUsed</measTypes>
<measValue measObjLdn="PLMN-PLMN/IMSNFM-CLK-VHSS/HSS-HSSDN_NHSSCLK3_DU/HSSCALLP-03/BRM-HSSCALLP-03/CPU-cpu">
<measResults>4.7231 5.3101</measResults>
</measValue>
</measInfo>
<measInfo measInfoId="VCPU">
<granPeriod duration="PT900S" endTime="2021-08-21T22:45:00+08:00"/>
<repPeriod duration="PT900S"/>
<measTypes>vCPUs</measTypes>
<measValue measObjLdn="PLMN-PLMN/IMSNFM-CLK-VHSS/HSS-HSSDN_NHSSCLK3_DU/HSSCALLP-03/BRM-HSSCALLP-03/VCPU-1">
<measResults>8</measResults>
</measValue>
</measInfo>
<measInfo measInfoId="DISK">
<granPeriod duration="PT900S" endTime="2021-08-21T22:45:00+08:00"/>
<repPeriod duration="PT900S"/>
<measTypes>bytesReceivedDisk bytesTransmittedDisk</measTypes>
<measValue measObjLdn="PLMN-PLMN/IMSNFM-CLK-VHSS/HSS-HSSDN_NHSSCLK3_DU/HSSCALLP-03/BRM-HSSCALLP-03/DISK-0">
<measResults>4188004 11365049216</measResults>
</measValue>
</measInfo>
<measInfo measInfoId="FS">
<granPeriod duration="PT900S" endTime="2021-08-21T22:45:00+08:00"/>
<repPeriod duration="PT900S"/>
<measTypes>fsUsed</measTypes>
<measValue measObjLdn="PLMN-PLMN/IMSNFM-CLK-VHSS/HSS-HSSDN_NHSSCLK3_DU/HSSCALLP-03/BRM-HSSCALLP-03/FS-_dev_mapper_vg00_root">
<measResults>0</measResults>
</measValue>
</measInfo>
<measInfo measInfoId="FS">
<granPeriod duration="PT900S" endTime="2021-08-21T22:45:00+08:00"/>
<repPeriod duration="PT900S"/>
<measTypes>fsUsed</measTypes>
<measValue measObjLdn="PLMN-PLMN/IMSNFM-CLK-VHSS/HSS-HSSDN_NHSSCLK3_DU/HSSCALLP-03/BRM-HSSCALLP-03/FS-_dev_mapper_vg00_Charging">
<measResults>0</measResults>
</measValue>
</measInfo>
<measInfo measInfoId="FS">
<granPeriod duration="PT900S" endTime="2021-08-21T22:45:00+08:00"/>
<repPeriod duration="PT900S"/>
<measTypes>fsUsed</measTypes>
<measValue measObjLdn="PLMN-PLMN/IMSNFM-CLK-VHSS/HSS-HSSDN_NHSSCLK3_DU/HSSCALLP-03/BRM-HSSCALLP-03/FS-tmpfs">
<measResults>0</measResults>
</measValue>
</measInfo>
<measInfo measInfoId="FS">
<granPeriod duration="PT900S" endTime="2021-08-21T22:45:00+08:00"/>
<repPeriod duration="PT900S"/>
<measTypes>fsUsed</measTypes>
<measValue measObjLdn="PLMN-PLMN/IMSNFM-CLK-VHSS/HSS-HSSDN_NHSSCLK3_DU/HSSCALLP-03/BRM-HSSCALLP-03/FS-_dev_mapper_vg00_TspCore">
<measResults>0</measResults>
</measValue>
</measInfo>
<measInfo measInfoId="FS">
<granPeriod duration="PT900S" endTime="2021-08-21T22:45:00+08:00"/>
<repPeriod duration="PT900S"/>
<measTypes>fsUsed</measTypes>
<measValue measObjLdn="PLMN-PLMN/IMSNFM-CLK-VHSS/HSS-HSSDN_NHSSCLK3_DU/HSSCALLP-03/BRM-HSSCALLP-03/FS-_dev_mapper_vg00_appDb">
<measResults>0</measResults>
</measValue>
</measInfo>
<measInfo measInfoId="FS">
<granPeriod duration="PT900S" endTime="2021-08-21T22:45:00+08:00"/>
<repPeriod duration="PT900S"/>
<measTypes>fsUsed</measTypes>
<measValue measObjLdn="PLMN-PLMN/IMSNFM-CLK-VHSS/HSS-HSSDN_NHSSCLK3_DU/HSSCALLP-03/BRM-HSSCALLP-03/FS-_dev_mapper_vg00_dump">
<measResults>0</measResults>
</measValue>
</measInfo>
<measInfo measInfoId="FS">
<granPeriod duration="PT900S" endTime="2021-08-21T22:45:00+08:00"/>
<repPeriod duration="PT900S"/>
<measTypes>fsUsed</measTypes>
<measValue measObjLdn="PLMN-PLMN/IMSNFM-CLK-VHSS/HSS-HSSDN_NHSSCLK3_DU/HSSCALLP-03/BRM-HSSCALLP-03/FS-_dev_vda1">
<measResults>0</measResults>
</measValue>
</measInfo>
<measInfo measInfoId="FS">
<granPeriod duration="PT900S" endTime="2021-08-21T22:45:00+08:00"/>
<repPeriod duration="PT900S"/>
<measTypes>fsUsed</measTypes>
<measValue measObjLdn="PLMN-PLMN/IMSNFM-CLK-VHSS/HSS-HSSDN_NHSSCLK3_DU/HSSCALLP-03/BRM-HSSCALLP-03/FS-_dev_mapper_vg00_tmp">
<measResults>0</measResults>
</measValue>
</measInfo>
<measInfo measInfoId="FS">
<granPeriod duration="PT900S" endTime="2021-08-21T22:45:00+08:00"/>
<repPeriod duration="PT900S"/>
<measTypes>fsUsed</measTypes>
<measValue measObjLdn="PLMN-PLMN/IMSNFM-CLK-VHSS/HSS-HSSDN_NHSSCLK3_DU/HSSCALLP-03/BRM-HSSCALLP-03/FS-_dev_mapper_vg00_var">
<measResults>0</measResults>
</measValue>
</measInfo>
<measInfo measInfoId="FS">
<granPeriod duration="PT900S" endTime="2021-08-21T22:45:00+08:00"/>
<repPeriod duration="PT900S"/>
<measTypes>fsUsed</measTypes>
<measValue measObjLdn="PLMN-PLMN/IMSNFM-CLK-VHSS/HSS-HSSDN_NHSSCLK3_DU/HSSCALLP-03/BRM-HSSCALLP-03/FS-_dev_mapper_vg00_tspdb">
<measResults>0</measResults>
</measValue>
</measInfo>
<measInfo measInfoId="FS">
<granPeriod duration="PT900S" endTime="2021-08-21T22:45:00+08:00"/>
<repPeriod duration="PT900S"/>
<measTypes>fsUsed</measTypes>
<measValue measObjLdn="PLMN-PLMN/IMSNFM-CLK-VHSS/HSS-HSSDN_NHSSCLK3_DU/HSSCALLP-03/BRM-HSSCALLP-03/FS-_dev_mapper_vg00_home">
<measResults>0</measResults>
</measValue>
</measInfo>
<measInfo measInfoId="NETWORK">
<granPeriod duration="PT900S" endTime="2021-08-21T22:45:00+08:00"/>
<repPeriod duration="PT900S"/>
<measTypes>bytesReceived packetsReceived bytesTransmitted badPacketsReceived packetsTransmitted transmitErrors</measTypes>
<measValue measObjLdn="PLMN-PLMN/IMSNFM-CLK-VHSS/HSS-HSSDN_NHSSCLK3_DU/HSSCALLP-04/BRM-HSSCALLP-04/NET-eth0">
<measResults>15483104173 15483104173 2480529496141 0 2480529496141 0</measResults>
</measValue>
</measInfo>
<measInfo measInfoId="NETWORK">
<granPeriod duration="PT900S" endTime="2021-08-21T22:45:00+08:00"/>
<repPeriod duration="PT900S"/>
<measTypes>bytesReceived packetsReceived bytesTransmitted badPacketsReceived packetsTransmitted transmitErrors</measTypes>
<measValue measObjLdn="PLMN-PLMN/IMSNFM-CLK-VHSS/HSS-HSSDN_NHSSCLK3_DU/HSSCALLP-04/BRM-HSSCALLP-04/NET-lo">
<measResults>15483104173 15483104173 2480529496141 0 2480529496141 0</measResults>
</measValue>
</measInfo>
<measInfo measInfoId="NETWORK">
<granPeriod duration="PT900S" endTime="2021-08-21T22:45:00+08:00"/>
<repPeriod duration="PT900S"/>
<measTypes>bytesReceived packetsReceived bytesTransmitted badPacketsReceived packetsTransmitted transmitErrors</measTypes>
<measValue measObjLdn="PLMN-PLMN/IMSNFM-CLK-VHSS/HSS-HSSDN_NHSSCLK3_DU/HSSCALLP-04/BRM-HSSCALLP-04/NET-eth2">
<measResults>15483104173 15483104173 2480529496141 0 2480529496141 0</measResults>
</measValue>
</measInfo>
<measInfo measInfoId="NETWORK">
<granPeriod duration="PT900S" endTime="2021-08-21T22:45:00+08:00"/>
<repPeriod duration="PT900S"/>
<measTypes>bytesReceived packetsReceived bytesTransmitted badPacketsReceived packetsTransmitted transmitErrors</measTypes>
<measValue measObjLdn="PLMN-PLMN/IMSNFM-CLK-VHSS/HSS-HSSDN_NHSSCLK3_DU/HSSCALLP-04/BRM-HSSCALLP-04/NET-eth1">
<measResults>15483104173 15483104173 2480529496141 0 2480529496141 0</measResults>
</measValue>
</measInfo>
<measInfo measInfoId="AGGREGAT">
<granPeriod duration="PT900S" endTime="2021-08-21T22:45:00+08:00"/>
<repPeriod duration="PT900S"/>
<measTypes>sysUptime swapFree memFree sysAvailability swapUsed cpuPercentageOverValue cpuAverageLoad cpuPeakLoad memUsed</measTypes>
<measValue measObjLdn="PLMN-PLMN/IMSNFM-CLK-VHSS/HSS-HSSDN_NHSSCLK3_DU/HSSCALLP-04/BRM-1">
<measResults>63666502 4194300 13941556 0 4194300 0 19.6667 6 18839496</measResults>
</measValue>
</measInfo>
<measInfo measInfoId="DBSpace">
<granPeriod duration="PT900S" endTime="2021-08-21T22:45:00+08:00"/>
<repPeriod duration="PT900S"/>
<measTypes>DbSpaceUsed DbSpaceAvailable</measTypes>
<measValue measObjLdn="PLMN-PLMN/IMSNFM-CLK-VHSS/HSS-HSSDN_NHSSCLK3_DU/HSSCALLP-04/BRM-HSSCALLP-04/DBSpace-1">
<measResults>13014 19773</measResults>
</measValue>
</measInfo>
<measInfo measInfoId="CPU">
<granPeriod duration="PT900S" endTime="2021-08-21T22:45:00+08:00"/>
<repPeriod duration="PT900S"/>
<measTypes>cpuLoad cpuUsed</measTypes>
<measValue measObjLdn="PLMN-PLMN/IMSNFM-CLK-VHSS/HSS-HSSDN_NHSSCLK3_DU/HSSCALLP-04/BRM-HSSCALLP-04/CPU-cpu6">
<measResults>4.0873 4.353</measResults>
</measValue>
</measInfo>
<measInfo measInfoId="CPU">
<granPeriod duration="PT900S" endTime="2021-08-21T22:45:00+08:00"/>
<repPeriod duration="PT900S"/>
<measTypes>cpuLoad cpuUsed</measTypes>
<measValue measObjLdn="PLMN-PLMN/IMSNFM-CLK-VHSS/HSS-HSSDN_NHSSCLK3_DU/HSSCALLP-04/BRM-HSSCALLP-04/CPU-cpu7">
<measResults>6.2294 8.703</measResults>
</measValue>
</measInfo>
<measInfo measInfoId="CPU">
<granPeriod duration="PT900S" endTime="2021-08-21T22:45:00+08:00"/>
<repPeriod duration="PT900S"/>
<measTypes>cpuLoad cpuUsed</measTypes>
<measValue measObjLdn="PLMN-PLMN/IMSNFM-CLK-VHSS/HSS-HSSDN_NHSSCLK3_DU/HSSCALLP-04/BRM-HSSCALLP-04/CPU-cpu4">
<measResults>4.2841 5.1338</measResults>
</measValue>
</measInfo>
<measInfo measInfoId="CPU">
<granPeriod duration="PT900S" endTime="2021-08-21T22:45:00+08:00"/>
<repPeriod duration="PT900S"/>
<measTypes>cpuLoad cpuUsed</measTypes>
<measValue measObjLdn="PLMN-PLMN/IMSNFM-CLK-VHSS/HSS-HSSDN_NHSSCLK3_DU/HSSCALLP-04/BRM-HSSCALLP-04/CPU-cpu5">
<measResults>4.5966 5.7757</measResults>
</measValue>
</measInfo>
<measInfo measInfoId="CPU">
<granPeriod duration="PT900S" endTime="2021-08-21T22:45:00+08:00"/>
<repPeriod duration="PT900S"/>
<measTypes>cpuLoad cpuUsed</measTypes>
<measValue measObjLdn="PLMN-PLMN/IMSNFM-CLK-VHSS/HSS-HSSDN_NHSSCLK3_DU/HSSCALLP-04/BRM-HSSCALLP-04/CPU-cpu2">
<measResults>4.8775 8.8345</measResults>
</measValue>
</measInfo>
<measInfo measInfoId="CPU">
<granPeriod duration="PT900S" endTime="2021-08-21T22:45:00+08:00"/>
<repPeriod duration="PT900S"/>
<measTypes>cpuLoad cpuUsed</measTypes>
<measValue measObjLdn="PLMN-PLMN/IMSNFM-CLK-VHSS/HSS-HSSDN_NHSSCLK3_DU/HSSCALLP-04/BRM-HSSCALLP-04/CPU-cpu3">
<measResults>4.4039 4.8455</measResults>
</measValue>
</measInfo>
<measInfo measInfoId="CPU">
<granPeriod duration="PT900S" endTime="2021-08-21T22:45:00+08:00"/>
<repPeriod duration="PT900S"/>
<measTypes>cpuLoad cpuUsed</measTypes>
<measValue measObjLdn="PLMN-PLMN/IMSNFM-CLK-VHSS/HSS-HSSDN_NHSSCLK3_DU/HSSCALLP-04/BRM-HSSCALLP-04/CPU-cpu0">
<measResults>4.2014 5.0042</measResults>
</measValue>
</measInfo>
<measInfo measInfoId="CPU">
<granPeriod duration="PT900S" endTime="2021-08-21T22:45:00+08:00"/>
<repPeriod duration="PT900S"/>
<measTypes>cpuLoad cpuUsed</measTypes>
<measValue measObjLdn="PLMN-PLMN/IMSNFM-CLK-VHSS/HSS-HSSDN_NHSSCLK3_DU/HSSCALLP-04/BRM-HSSCALLP-04/CPU-cpu1">
<measResults>5.1018 6.8489</measResults>
</measValue>
</measInfo>
<measInfo measInfoId="CPU">
<granPeriod duration="PT900S" endTime="2021-08-21T22:45:00+08:00"/>
<repPeriod duration="PT900S"/>
<measTypes>cpuLoad cpuUsed</measTypes>
<measValue measObjLdn="PLMN-PLMN/IMSNFM-CLK-VHSS/HSS-HSSDN_NHSSCLK3_DU/HSSCALLP-04/BRM-HSSCALLP-04/CPU-cpu">
<measResults>4.7218 6.1881</measResults>
</measValue>
</measInfo>
<measInfo measInfoId="VCPU">
<granPeriod duration="PT900S" endTime="2021-08-21T22:45:00+08:00"/>
<repPeriod duration="PT900S"/>
<measTypes>vCPUs</measTypes>
<measValue measObjLdn="PLMN-PLMN/IMSNFM-CLK-VHSS/HSS-HSSDN_NHSSCLK3_DU/HSSCALLP-04/BRM-HSSCALLP-04/VCPU-1">
<measResults>8</measResults>
</measValue>
</measInfo>
<measInfo measInfoId="DISK">
<granPeriod duration="PT900S" endTime="2021-08-21T22:45:00+08:00"/>
<repPeriod duration="PT900S"/>
<measTypes>bytesReceivedDisk bytesTransmittedDisk</measTypes>
<measValue measObjLdn="PLMN-PLMN/IMSNFM-CLK-VHSS/HSS-HSSDN_NHSSCLK3_DU/HSSCALLP-04/BRM-HSSCALLP-04/DISK-0">
<measResults>4183504 13290096136</measResults>
</measValue>
</measInfo>
<measInfo measInfoId="FS">
<granPeriod duration="PT900S" endTime="2021-08-21T22:45:00+08:00"/>
<repPeriod duration="PT900S"/>
<measTypes>fsUsed</measTypes>
<measValue measObjLdn="PLMN-PLMN/IMSNFM-CLK-VHSS/HSS-HSSDN_NHSSCLK3_DU/HSSCALLP-04/BRM-HSSCALLP-04/FS-_dev_mapper_vg00_root">
<measResults>0</measResults>
</measValue>
</measInfo>
<measInfo measInfoId="FS">
<granPeriod duration="PT900S" endTime="2021-08-21T22:45:00+08:00"/>
<repPeriod duration="PT900S"/>
<measTypes>fsUsed</measTypes>
<measValue measObjLdn="PLMN-PLMN/IMSNFM-CLK-VHSS/HSS-HSSDN_NHSSCLK3_DU/HSSCALLP-04/BRM-HSSCALLP-04/FS-_dev_mapper_vg00_Charging">
<measResults>0</measResults>
</measValue>
</measInfo>
<measInfo measInfoId="FS">
<granPeriod duration="PT900S" endTime="2021-08-21T22:45:00+08:00"/>
<repPeriod duration="PT900S"/>
<measTypes>fsUsed</measTypes>
<measValue measObjLdn="PLMN-PLMN/IMSNFM-CLK-VHSS/HSS-HSSDN_NHSSCLK3_DU/HSSCALLP-04/BRM-HSSCALLP-04/FS-tmpfs">
<measResults>0</measResults>
</measValue>
</measInfo>
<measInfo measInfoId="FS">
<granPeriod duration="PT900S" endTime="2021-08-21T22:45:00+08:00"/>
<repPeriod duration="PT900S"/>
<measTypes>fsUsed</measTypes>
<measValue measObjLdn="PLMN-PLMN/IMSNFM-CLK-VHSS/HSS-HSSDN_NHSSCLK3_DU/HSSCALLP-04/BRM-HSSCALLP-04/FS-_dev_mapper_vg00_TspCore">
<measResults>0</measResults>
</measValue>
</measInfo>
<measInfo measInfoId="FS">
<granPeriod duration="PT900S" endTime="2021-08-21T22:45:00+08:00"/>
<repPeriod duration="PT900S"/>
<measTypes>fsUsed</measTypes>
<measValue measObjLdn="PLMN-PLMN/IMSNFM-CLK-VHSS/HSS-HSSDN_NHSSCLK3_DU/HSSCALLP-04/BRM-HSSCALLP-04/FS-_dev_mapper_vg00_appDb">
<measResults>0</measResults>
</measValue>
</measInfo>
<measInfo measInfoId="FS">
<granPeriod duration="PT900S" endTime="2021-08-21T22:45:00+08:00"/>
<repPeriod duration="PT900S"/>
<measTypes>fsUsed</measTypes>
<measValue measObjLdn="PLMN-PLMN/IMSNFM-CLK-VHSS/HSS-HSSDN_NHSSCLK3_DU/HSSCALLP-04/BRM-HSSCALLP-04/FS-_dev_mapper_vg00_dump">
<measResults>0</measResults>
</measValue>
</measInfo>
<measInfo measInfoId="FS">
<granPeriod duration="PT900S" endTime="2021-08-21T22:45:00+08:00"/>
<repPeriod duration="PT900S"/>
<measTypes>fsUsed</measTypes>
<measValue measObjLdn="PLMN-PLMN/IMSNFM-CLK-VHSS/HSS-HSSDN_NHSSCLK3_DU/HSSCALLP-04/BRM-HSSCALLP-04/FS-_dev_vda1">
<measResults>0</measResults>
</measValue>
</measInfo>
<measInfo measInfoId="FS">
<granPeriod duration="PT900S" endTime="2021-08-21T22:45:00+08:00"/>
<repPeriod duration="PT900S"/>
<measTypes>fsUsed</measTypes>
<measValue measObjLdn="PLMN-PLMN/IMSNFM-CLK-VHSS/HSS-HSSDN_NHSSCLK3_DU/HSSCALLP-04/BRM-HSSCALLP-04/FS-_dev_mapper_vg00_tmp">
<measResults>0</measResults>
</measValue>
</measInfo>
<measInfo measInfoId="FS">
<granPeriod duration="PT900S" endTime="2021-08-21T22:45:00+08:00"/>
<repPeriod duration="PT900S"/>
<measTypes>fsUsed</measTypes>
<measValue measObjLdn="PLMN-PLMN/IMSNFM-CLK-VHSS/HSS-HSSDN_NHSSCLK3_DU/HSSCALLP-04/BRM-HSSCALLP-04/FS-_dev_mapper_vg00_var">
<measResults>0</measResults>
</measValue>
</measInfo>
<measInfo measInfoId="FS">
<granPeriod duration="PT900S" endTime="2021-08-21T22:45:00+08:00"/>
<repPeriod duration="PT900S"/>
<measTypes>fsUsed</measTypes>
<measValue measObjLdn="PLMN-PLMN/IMSNFM-CLK-VHSS/HSS-HSSDN_NHSSCLK3_DU/HSSCALLP-04/BRM-HSSCALLP-04/FS-_dev_mapper_vg00_tspdb">
<measResults>0</measResults>
</measValue>
</measInfo>
<measInfo measInfoId="FS">
<granPeriod duration="PT900S" endTime="2021-08-21T22:45:00+08:00"/>
<repPeriod duration="PT900S"/>
<measTypes>fsUsed</measTypes>
<measValue measObjLdn="PLMN-PLMN/IMSNFM-CLK-VHSS/HSS-HSSDN_NHSSCLK3_DU/HSSCALLP-04/BRM-HSSCALLP-04/FS-_dev_mapper_vg00_home">
<measResults>0</measResults>
</measValue>
</measInfo>
<measInfo measInfoId="NETWORK">
<granPeriod duration="PT900S" endTime="2021-08-21T22:45:00+08:00"/>
<repPeriod duration="PT900S"/>
<measTypes>bytesReceived packetsReceived bytesTransmitted badPacketsReceived packetsTransmitted transmitErrors</measTypes>
<measValue measObjLdn="PLMN-PLMN/IMSNFM-CLK-VHSS/HSS-HSSDN_NHSSCLK3_DU/HSSCALLP-01/BRM-HSSCALLP-01/NET-eth0">
<measResults>15478340304 15478340304 2180039132579 0 2180039132579 0</measResults>
</measValue>
</measInfo>
<measInfo measInfoId="NETWORK">
<granPeriod duration="PT900S" endTime="2021-08-21T22:45:00+08:00"/>
<repPeriod duration="PT900S"/>
<measTypes>bytesReceived packetsReceived bytesTransmitted badPacketsReceived packetsTransmitted transmitErrors</measTypes>
<measValue measObjLdn="PLMN-PLMN/IMSNFM-CLK-VHSS/HSS-HSSDN_NHSSCLK3_DU/HSSCALLP-01/BRM-HSSCALLP-01/NET-lo">
<measResults>15478340304 15478340304 2180039132579 0 2180039132579 0</measResults>
</measValue>
</measInfo>
<measInfo measInfoId="NETWORK">
<granPeriod duration="PT900S" endTime="2021-08-21T22:45:00+08:00"/>
<repPeriod duration="PT900S"/>
<measTypes>bytesReceived packetsReceived bytesTransmitted badPacketsReceived packetsTransmitted transmitErrors</measTypes>
<measValue measObjLdn="PLMN-PLMN/IMSNFM-CLK-VHSS/HSS-HSSDN_NHSSCLK3_DU/HSSCALLP-01/BRM-HSSCALLP-01/NET-eth2">
<measResults>15478340304 15478340304 2180039132579 0 2180039132579 0</measResults>
</measValue>
</measInfo>
<measInfo measInfoId="NETWORK">
<granPeriod duration="PT900S" endTime="2021-08-21T22:45:00+08:00"/>
<repPeriod duration="PT900S"/>
<measTypes>bytesReceived packetsReceived bytesTransmitted badPacketsReceived packetsTransmitted transmitErrors</measTypes>
<measValue measObjLdn="PLMN-PLMN/IMSNFM-CLK-VHSS/HSS-HSSDN_NHSSCLK3_DU/HSSCALLP-01/BRM-HSSCALLP-01/NET-eth1">
<measResults>15478340304 15478340304 2180039132579 0 2180039132579 0</measResults>
</measValue>
</measInfo>
<measInfo measInfoId="AGGREGAT">
<granPeriod duration="PT900S" endTime="2021-08-21T22:45:00+08:00"/>
<repPeriod duration="PT900S"/>
<measTypes>sysUptime swapFree memFree sysAvailability swapUsed cpuPercentageOverValue cpuAverageLoad cpuPeakLoad memUsed</measTypes>
<measValue measObjLdn="PLMN-PLMN/IMSNFM-CLK-VHSS/HSS-HSSDN_NHSSCLK3_DU/HSSCALLP-01/BRM-1">
<measResults>63666479 4194300 14512352 0 4194300 0 19 5 18268736</measResults>
</measValue>
</measInfo>
<measInfo measInfoId="DBSpace">
<granPeriod duration="PT900S" endTime="2021-08-21T22:45:00+08:00"/>
<repPeriod duration="PT900S"/>
<measTypes>DbSpaceUsed DbSpaceAvailable</measTypes>
<measValue measObjLdn="PLMN-PLMN/IMSNFM-CLK-VHSS/HSS-HSSDN_NHSSCLK3_DU/HSSCALLP-01/BRM-HSSCALLP-01/DBSpace-1">
<measResults>13079 19774</measResults>
</measValue>
</measInfo>
<measInfo measInfoId="CPU">
<granPeriod duration="PT900S" endTime="2021-08-21T22:45:00+08:00"/>
<repPeriod duration="PT900S"/>
<measTypes>cpuLoad cpuUsed</measTypes>
<measValue measObjLdn="PLMN-PLMN/IMSNFM-CLK-VHSS/HSS-HSSDN_NHSSCLK3_DU/HSSCALLP-01/BRM-HSSCALLP-01/CPU-cpu6">
<measResults>3.7594 4.9679</measResults>
</measValue>
</measInfo>
<measInfo measInfoId="CPU">
<granPeriod duration="PT900S" endTime="2021-08-21T22:45:00+08:00"/>
<repPeriod duration="PT900S"/>
<measTypes>cpuLoad cpuUsed</measTypes>
<measValue measObjLdn="PLMN-PLMN/IMSNFM-CLK-VHSS/HSS-HSSDN_NHSSCLK3_DU/HSSCALLP-01/BRM-HSSCALLP-01/CPU-cpu7">
<measResults>5.4158 6.3776</measResults>
</measValue>
</measInfo>
<measInfo measInfoId="CPU">
<granPeriod duration="PT900S" endTime="2021-08-21T22:45:00+08:00"/>
<repPeriod duration="PT900S"/>
<measTypes>cpuLoad cpuUsed</measTypes>
<measValue measObjLdn="PLMN-PLMN/IMSNFM-CLK-VHSS/HSS-HSSDN_NHSSCLK3_DU/HSSCALLP-01/BRM-HSSCALLP-01/CPU-cpu4">
<measResults>3.9805 4.933</measResults>
</measValue>
</measInfo>
<measInfo measInfoId="CPU">
<granPeriod duration="PT900S" endTime="2021-08-21T22:45:00+08:00"/>
<repPeriod duration="PT900S"/>
<measTypes>cpuLoad cpuUsed</measTypes>
<measValue measObjLdn="PLMN-PLMN/IMSNFM-CLK-VHSS/HSS-HSSDN_NHSSCLK3_DU/HSSCALLP-01/BRM-HSSCALLP-01/CPU-cpu5">
<measResults>4.3829 5.9115</measResults>
</measValue>
</measInfo>
<measInfo measInfoId="CPU">
<granPeriod duration="PT900S" endTime="2021-08-21T22:45:00+08:00"/>
<repPeriod duration="PT900S"/>
<measTypes>cpuLoad cpuUsed</measTypes>
<measValue measObjLdn="PLMN-PLMN/IMSNFM-CLK-VHSS/HSS-HSSDN_NHSSCLK3_DU/HSSCALLP-01/BRM-HSSCALLP-01/CPU-cpu2">
<measResults>4.6579 5.8333</measResults>
</measValue>
</measInfo>
<measInfo measInfoId="CPU">
<granPeriod duration="PT900S" endTime="2021-08-21T22:45:00+08:00"/>
<repPeriod duration="PT900S"/>
<measTypes>cpuLoad cpuUsed</measTypes>
<measValue measObjLdn="PLMN-PLMN/IMSNFM-CLK-VHSS/HSS-HSSDN_NHSSCLK3_DU/HSSCALLP-01/BRM-HSSCALLP-01/CPU-cpu3">
<measResults>4.2595 5.8814</measResults>
</measValue>
</measInfo>
<measInfo measInfoId="CPU">
<granPeriod duration="PT900S" endTime="2021-08-21T22:45:00+08:00"/>
<repPeriod duration="PT900S"/>
<measTypes>cpuLoad cpuUsed</measTypes>
<measValue measObjLdn="PLMN-PLMN/IMSNFM-CLK-VHSS/HSS-HSSDN_NHSSCLK3_DU/HSSCALLP-01/BRM-HSSCALLP-01/CPU-cpu0">
<measResults>3.8355 4.9044</measResults>
</measValue>
</measInfo>
<measInfo measInfoId="CPU">
<granPeriod duration="PT900S" endTime="2021-08-21T22:45:00+08:00"/>
<repPeriod duration="PT900S"/>
<measTypes>cpuLoad cpuUsed</measTypes>
<measValue measObjLdn="PLMN-PLMN/IMSNFM-CLK-VHSS/HSS-HSSDN_NHSSCLK3_DU/HSSCALLP-01/BRM-HSSCALLP-01/CPU-cpu1">
<measResults>4.7532 5.1199</measResults>
</measValue>
</measInfo>
<measInfo measInfoId="CPU">
<granPeriod duration="PT900S" endTime="2021-08-21T22:45:00+08:00"/>
<repPeriod duration="PT900S"/>
<measTypes>cpuLoad cpuUsed</measTypes>
<measValue measObjLdn="PLMN-PLMN/IMSNFM-CLK-VHSS/HSS-HSSDN_NHSSCLK3_DU/HSSCALLP-01/BRM-HSSCALLP-01/CPU-cpu">
<measResults>4.3794 5.4799</measResults>
</measValue>
</measInfo>
<measInfo measInfoId="VCPU">
<granPeriod duration="PT900S" endTime="2021-08-21T22:45:00+08:00"/>
<repPeriod duration="PT900S"/>
<measTypes>vCPUs</measTypes>
<measValue measObjLdn="PLMN-PLMN/IMSNFM-CLK-VHSS/HSS-HSSDN_NHSSCLK3_DU/HSSCALLP-01/BRM-HSSCALLP-01/VCPU-1">
<measResults>8</measResults>
</measValue>
</measInfo>
<measInfo measInfoId="DISK">
<granPeriod duration="PT900S" endTime="2021-08-21T22:45:00+08:00"/>
<repPeriod duration="PT900S"/>
<measTypes>bytesReceivedDisk bytesTransmittedDisk</measTypes>
<measValue measObjLdn="PLMN-PLMN/IMSNFM-CLK-VHSS/HSS-HSSDN_NHSSCLK3_DU/HSSCALLP-01/BRM-HSSCALLP-01/DISK-0">
<measResults>4198832 11431031800</measResults>
</measValue>
</measInfo>
<measInfo measInfoId="FS">
<granPeriod duration="PT900S" endTime="2021-08-21T22:45:00+08:00"/>
<repPeriod duration="PT900S"/>
<measTypes>fsUsed</measTypes>
<measValue measObjLdn="PLMN-PLMN/IMSNFM-CLK-VHSS/HSS-HSSDN_NHSSCLK3_DU/HSSCALLP-01/BRM-HSSCALLP-01/FS-_dev_mapper_vg00_root">
<measResults>0</measResults>
</measValue>
</measInfo>
<measInfo measInfoId="FS">
<granPeriod duration="PT900S" endTime="2021-08-21T22:45:00+08:00"/>
<repPeriod duration="PT900S"/>
<measTypes>fsUsed</measTypes>
<measValue measObjLdn="PLMN-PLMN/IMSNFM-CLK-VHSS/HSS-HSSDN_NHSSCLK3_DU/HSSCALLP-01/BRM-HSSCALLP-01/FS-_dev_mapper_vg00_Charging">
<measResults>0</measResults>
</measValue>
</measInfo>
<measInfo measInfoId="FS">
<granPeriod duration="PT900S" endTime="2021-08-21T22:45:00+08:00"/>
<repPeriod duration="PT900S"/>
<measTypes>fsUsed</measTypes>
<measValue measObjLdn="PLMN-PLMN/IMSNFM-CLK-VHSS/HSS-HSSDN_NHSSCLK3_DU/HSSCALLP-01/BRM-HSSCALLP-01/FS-tmpfs">
<measResults>0</measResults>
</measValue>
</measInfo>
<measInfo measInfoId="FS">
<granPeriod duration="PT900S" endTime="2021-08-21T22:45:00+08:00"/>
<repPeriod duration="PT900S"/>
<measTypes>fsUsed</measTypes>
<measValue measObjLdn="PLMN-PLMN/IMSNFM-CLK-VHSS/HSS-HSSDN_NHSSCLK3_DU/HSSCALLP-01/BRM-HSSCALLP-01/FS-_dev_mapper_vg00_TspCore">
<measResults>0</measResults>
</measValue>
</measInfo>
<measInfo measInfoId="FS">
<granPeriod duration="PT900S" endTime="2021-08-21T22:45:00+08:00"/>
<repPeriod duration="PT900S"/>
<measTypes>fsUsed</measTypes>
<measValue measObjLdn="PLMN-PLMN/IMSNFM-CLK-VHSS/HSS-HSSDN_NHSSCLK3_DU/HSSCALLP-01/BRM-HSSCALLP-01/FS-_dev_mapper_vg00_appDb">
<measResults>0</measResults>
</measValue>
</measInfo>
<measInfo measInfoId="FS">
<granPeriod duration="PT900S" endTime="2021-08-21T22:45:00+08:00"/>
<repPeriod duration="PT900S"/>
<measTypes>fsUsed</measTypes>
<measValue measObjLdn="PLMN-PLMN/IMSNFM-CLK-VHSS/HSS-HSSDN_NHSSCLK3_DU/HSSCALLP-01/BRM-HSSCALLP-01/FS-_dev_mapper_vg00_dump">
<measResults>0</measResults>
</measValue>
</measInfo>
<measInfo measInfoId="FS">
<granPeriod duration="PT900S" endTime="2021-08-21T22:45:00+08:00"/>
<repPeriod duration="PT900S"/>
<measTypes>fsUsed</measTypes>
<measValue measObjLdn="PLMN-PLMN/IMSNFM-CLK-VHSS/HSS-HSSDN_NHSSCLK3_DU/HSSCALLP-01/BRM-HSSCALLP-01/FS-_dev_vda1">
<measResults>0</measResults>
</measValue>
</measInfo>
<measInfo measInfoId="FS">
<granPeriod duration="PT900S" endTime="2021-08-21T22:45:00+08:00"/>
<repPeriod duration="PT900S"/>
<measTypes>fsUsed</measTypes>
<measValue measObjLdn="PLMN-PLMN/IMSNFM-CLK-VHSS/HSS-HSSDN_NHSSCLK3_DU/HSSCALLP-01/BRM-HSSCALLP-01/FS-_dev_mapper_vg00_tmp">
<measResults>0</measResults>
</measValue>
</measInfo>
<measInfo measInfoId="FS">
<granPeriod duration="PT900S" endTime="2021-08-21T22:45:00+08:00"/>
<repPeriod duration="PT900S"/>
<measTypes>fsUsed</measTypes>
<measValue measObjLdn="PLMN-PLMN/IMSNFM-CLK-VHSS/HSS-HSSDN_NHSSCLK3_DU/HSSCALLP-01/BRM-HSSCALLP-01/FS-_dev_mapper_vg00_var">
<measResults>0</measResults>
</measValue>
</measInfo>
<measInfo measInfoId="FS">
<granPeriod duration="PT900S" endTime="2021-08-21T22:45:00+08:00"/>
<repPeriod duration="PT900S"/>
<measTypes>fsUsed</measTypes>
<measValue measObjLdn="PLMN-PLMN/IMSNFM-CLK-VHSS/HSS-HSSDN_NHSSCLK3_DU/HSSCALLP-01/BRM-HSSCALLP-01/FS-_dev_mapper_vg00_tspdb">
<measResults>0</measResults>
</measValue>
</measInfo>
<measInfo measInfoId="FS">
<granPeriod duration="PT900S" endTime="2021-08-21T22:45:00+08:00"/>
<repPeriod duration="PT900S"/>
<measTypes>fsUsed</measTypes>
<measValue measObjLdn="PLMN-PLMN/IMSNFM-CLK-VHSS/HSS-HSSDN_NHSSCLK3_DU/HSSCALLP-01/BRM-HSSCALLP-01/FS-_dev_mapper_vg00_home">
<measResults>0</measResults>
</measValue>
</measInfo>
<measInfo measInfoId="NETWORK">
<granPeriod duration="PT900S" endTime="2021-08-21T22:45:00+08:00"/>
<repPeriod duration="PT900S"/>
<measTypes>bytesReceived packetsReceived bytesTransmitted badPacketsReceived packetsTransmitted transmitErrors</measTypes>
<measValue measObjLdn="PLMN-PLMN/IMSNFM-CLK-VHSS/HSS-HSSDN_NHSSCLK3_DU/HSSCALLP-02/BRM-HSSCALLP-02/NET-eth0">
<measResults>15454650534 15454650534 2177380755850 0 2177380755850 0</measResults>
</measValue>
</measInfo>
<measInfo measInfoId="NETWORK">
<granPeriod duration="PT900S" endTime="2021-08-21T22:45:00+08:00"/>
<repPeriod duration="PT900S"/>
<measTypes>bytesReceived packetsReceived bytesTransmitted badPacketsReceived packetsTransmitted transmitErrors</measTypes>
<measValue measObjLdn="PLMN-PLMN/IMSNFM-CLK-VHSS/HSS-HSSDN_NHSSCLK3_DU/HSSCALLP-02/BRM-HSSCALLP-02/NET-lo">
<measResults>15454650534 15454650534 2177380755850 0 2177380755850 0</measResults>
</measValue>
</measInfo>
<measInfo measInfoId="NETWORK">
<granPeriod duration="PT900S" endTime="2021-08-21T22:45:00+08:00"/>
<repPeriod duration="PT900S"/>
<measTypes>bytesReceived packetsReceived bytesTransmitted badPacketsReceived packetsTransmitted transmitErrors</measTypes>
<measValue measObjLdn="PLMN-PLMN/IMSNFM-CLK-VHSS/HSS-HSSDN_NHSSCLK3_DU/HSSCALLP-02/BRM-HSSCALLP-02/NET-eth2">
<measResults>15454650534 15454650534 2177380755850 0 2177380755850 0</measResults>
</measValue>
</measInfo>
<measInfo measInfoId="NETWORK">
<granPeriod duration="PT900S" endTime="2021-08-21T22:45:00+08:00"/>
<repPeriod duration="PT900S"/>
<measTypes>bytesReceived packetsReceived bytesTransmitted badPacketsReceived packetsTransmitted transmitErrors</measTypes>
<measValue measObjLdn="PLMN-PLMN/IMSNFM-CLK-VHSS/HSS-HSSDN_NHSSCLK3_DU/HSSCALLP-02/BRM-HSSCALLP-02/NET-eth1">
<measResults>15454650534 15454650534 2177380755850 0 2177380755850 0</measResults>
</measValue>
</measInfo>
<measInfo measInfoId="AGGREGAT">
<granPeriod duration="PT900S" endTime="2021-08-21T22:45:00+08:00"/>
<repPeriod duration="PT900S"/>
<measTypes>sysUptime swapFree memFree sysAvailability swapUsed cpuPercentageOverValue cpuAverageLoad cpuPeakLoad memUsed</measTypes>
<measValue measObjLdn="PLMN-PLMN/IMSNFM-CLK-VHSS/HSS-HSSDN_NHSSCLK3_DU/HSSCALLP-02/BRM-1">
<measResults>63666490 4194300 15019252 0 4194300 0 19.3333 6 17762876</measResults>
</measValue>
</measInfo>
<measInfo measInfoId="DBSpace">
<granPeriod duration="PT900S" endTime="2021-08-21T22:45:00+08:00"/>
<repPeriod duration="PT900S"/>
<measTypes>DbSpaceUsed DbSpaceAvailable</measTypes>
<measValue measObjLdn="PLMN-PLMN/IMSNFM-CLK-VHSS/HSS-HSSDN_NHSSCLK3_DU/HSSCALLP-02/BRM-HSSCALLP-02/DBSpace-1">
<measResults>13063 19773</measResults>
</measValue>
</measInfo>
<measInfo measInfoId="CPU">
<granPeriod duration="PT900S" endTime="2021-08-21T22:45:00+08:00"/>
<repPeriod duration="PT900S"/>
<measTypes>cpuLoad cpuUsed</measTypes>
<measValue measObjLdn="PLMN-PLMN/IMSNFM-CLK-VHSS/HSS-HSSDN_NHSSCLK3_DU/HSSCALLP-02/BRM-HSSCALLP-02/CPU-cpu6">
<measResults>3.7997 4.2804</measResults>
</measValue>
</measInfo>
<measInfo measInfoId="CPU">
<granPeriod duration="PT900S" endTime="2021-08-21T22:45:00+08:00"/>
<repPeriod duration="PT900S"/>
<measTypes>cpuLoad cpuUsed</measTypes>
<measValue measObjLdn="PLMN-PLMN/IMSNFM-CLK-VHSS/HSS-HSSDN_NHSSCLK3_DU/HSSCALLP-02/BRM-HSSCALLP-02/CPU-cpu7">
<measResults>5.1413 5.9935</measResults>
</measValue>
</measInfo>
<measInfo measInfoId="CPU">
<granPeriod duration="PT900S" endTime="2021-08-21T22:45:00+08:00"/>
<repPeriod duration="PT900S"/>
<measTypes>cpuLoad cpuUsed</measTypes>
<measValue measObjLdn="PLMN-PLMN/IMSNFM-CLK-VHSS/HSS-HSSDN_NHSSCLK3_DU/HSSCALLP-02/BRM-HSSCALLP-02/CPU-cpu4">
<measResults>3.9951 5.8493</measResults>
</measValue>
</measInfo>
<measInfo measInfoId="CPU">
<granPeriod duration="PT900S" endTime="2021-08-21T22:45:00+08:00"/>
<repPeriod duration="PT900S"/>
<measTypes>cpuLoad cpuUsed</measTypes>
<measValue measObjLdn="PLMN-PLMN/IMSNFM-CLK-VHSS/HSS-HSSDN_NHSSCLK3_DU/HSSCALLP-02/BRM-HSSCALLP-02/CPU-cpu5">
<measResults>4.1551 5.5489</measResults>
</measValue>
</measInfo>
<measInfo measInfoId="CPU">
<granPeriod duration="PT900S" endTime="2021-08-21T22:45:00+08:00"/>
<repPeriod duration="PT900S"/>
<measTypes>cpuLoad cpuUsed</measTypes>
<measValue measObjLdn="PLMN-PLMN/IMSNFM-CLK-VHSS/HSS-HSSDN_NHSSCLK3_DU/HSSCALLP-02/BRM-HSSCALLP-02/CPU-cpu2">
<measResults>4.5809 5.6818</measResults>
</measValue>
</measInfo>
<measInfo measInfoId="CPU">
<granPeriod duration="PT900S" endTime="2021-08-21T22:45:00+08:00"/>
<repPeriod duration="PT900S"/>
<measTypes>cpuLoad cpuUsed</measTypes>
<measValue measObjLdn="PLMN-PLMN/IMSNFM-CLK-VHSS/HSS-HSSDN_NHSSCLK3_DU/HSSCALLP-02/BRM-HSSCALLP-02/CPU-cpu3">
<measResults>4.1276 5.7109</measResults>
</measValue>
</measInfo>
<measInfo measInfoId="CPU">
<granPeriod duration="PT900S" endTime="2021-08-21T22:45:00+08:00"/>
<repPeriod duration="PT900S"/>
<measTypes>cpuLoad cpuUsed</measTypes>
<measValue measObjLdn="PLMN-PLMN/IMSNFM-CLK-VHSS/HSS-HSSDN_NHSSCLK3_DU/HSSCALLP-02/BRM-HSSCALLP-02/CPU-cpu0">
<measResults>3.8536 4.5898</measResults>
</measValue>
</measInfo>
<measInfo measInfoId="CPU">
<granPeriod duration="PT900S" endTime="2021-08-21T22:45:00+08:00"/>
<repPeriod duration="PT900S"/>
<measTypes>cpuLoad cpuUsed</measTypes>
<measValue measObjLdn="PLMN-PLMN/IMSNFM-CLK-VHSS/HSS-HSSDN_NHSSCLK3_DU/HSSCALLP-02/BRM-HSSCALLP-02/CPU-cpu1">
<measResults>4.8225 7.1039</measResults>
</measValue>
</measInfo>
<measInfo measInfoId="CPU">
<granPeriod duration="PT900S" endTime="2021-08-21T22:45:00+08:00"/>
<repPeriod duration="PT900S"/>
<measTypes>cpuLoad cpuUsed</measTypes>
<measValue measObjLdn="PLMN-PLMN/IMSNFM-CLK-VHSS/HSS-HSSDN_NHSSCLK3_DU/HSSCALLP-02/BRM-HSSCALLP-02/CPU-cpu">
<measResults>4.3083 5.5918</measResults>
</measValue>
</measInfo>
<measInfo measInfoId="VCPU">
<granPeriod duration="PT900S" endTime="2021-08-21T22:45:00+08:00"/>
<repPeriod duration="PT900S"/>
<measTypes>vCPUs</measTypes>
<measValue measObjLdn="PLMN-PLMN/IMSNFM-CLK-VHSS/HSS-HSSDN_NHSSCLK3_DU/HSSCALLP-02/BRM-HSSCALLP-02/VCPU-1">
<measResults>8</measResults>
</measValue>
</measInfo>
<measInfo measInfoId="DISK">
<granPeriod duration="PT900S" endTime="2021-08-21T22:45:00+08:00"/>
<repPeriod duration="PT900S"/>
<measTypes>bytesReceivedDisk bytesTransmittedDisk</measTypes>
<measValue measObjLdn="PLMN-PLMN/IMSNFM-CLK-VHSS/HSS-HSSDN_NHSSCLK3_DU/HSSCALLP-02/BRM-HSSCALLP-02/DISK-0">
<measResults>4203216 11383717196</measResults>
</measValue>
</measInfo>
<measInfo measInfoId="FS">
<granPeriod duration="PT900S" endTime="2021-08-21T22:45:00+08:00"/>
<repPeriod duration="PT900S"/>
<measTypes>fsUsed</measTypes>
<measValue measObjLdn="PLMN-PLMN/IMSNFM-CLK-VHSS/HSS-HSSDN_NHSSCLK3_DU/HSSCALLP-02/BRM-HSSCALLP-02/FS-_dev_mapper_vg00_root">
<measResults>0</measResults>
</measValue>
</measInfo>
<measInfo measInfoId="FS">
<granPeriod duration="PT900S" endTime="2021-08-21T22:45:00+08:00"/>
<repPeriod duration="PT900S"/>
<measTypes>fsUsed</measTypes>
<measValue measObjLdn="PLMN-PLMN/IMSNFM-CLK-VHSS/HSS-HSSDN_NHSSCLK3_DU/HSSCALLP-02/BRM-HSSCALLP-02/FS-_dev_mapper_vg00_Charging">
<measResults>0</measResults>
</measValue>
</measInfo>
<measInfo measInfoId="FS">
<granPeriod duration="PT900S" endTime="2021-08-21T22:45:00+08:00"/>
<repPeriod duration="PT900S"/>
<measTypes>fsUsed</measTypes>
<measValue measObjLdn="PLMN-PLMN/IMSNFM-CLK-VHSS/HSS-HSSDN_NHSSCLK3_DU/HSSCALLP-02/BRM-HSSCALLP-02/FS-tmpfs">
<measResults>0</measResults>
</measValue>
</measInfo>
<measInfo measInfoId="FS">
<granPeriod duration="PT900S" endTime="2021-08-21T22:45:00+08:00"/>
<repPeriod duration="PT900S"/>
<measTypes>fsUsed</measTypes>
<measValue measObjLdn="PLMN-PLMN/IMSNFM-CLK-VHSS/HSS-HSSDN_NHSSCLK3_DU/HSSCALLP-02/BRM-HSSCALLP-02/FS-_dev_mapper_vg00_TspCore">
<measResults>0</measResults>
</measValue>
</measInfo>
<measInfo measInfoId="FS">
<granPeriod duration="PT900S" endTime="2021-08-21T22:45:00+08:00"/>
<repPeriod duration="PT900S"/>
<measTypes>fsUsed</measTypes>
<measValue measObjLdn="PLMN-PLMN/IMSNFM-CLK-VHSS/HSS-HSSDN_NHSSCLK3_DU/HSSCALLP-02/BRM-HSSCALLP-02/FS-_dev_mapper_vg00_appDb">
<measResults>0</measResults>
</measValue>
</measInfo>
<measInfo measInfoId="FS">
<granPeriod duration="PT900S" endTime="2021-08-21T22:45:00+08:00"/>
<repPeriod duration="PT900S"/>
<measTypes>fsUsed</measTypes>
<measValue measObjLdn="PLMN-PLMN/IMSNFM-CLK-VHSS/HSS-HSSDN_NHSSCLK3_DU/HSSCALLP-02/BRM-HSSCALLP-02/FS-_dev_mapper_vg00_dump">
<measResults>0</measResults>
</measValue>
</measInfo>
<measInfo measInfoId="FS">
<granPeriod duration="PT900S" endTime="2021-08-21T22:45:00+08:00"/>
<repPeriod duration="PT900S"/>
<measTypes>fsUsed</measTypes>
<measValue measObjLdn="PLMN-PLMN/IMSNFM-CLK-VHSS/HSS-HSSDN_NHSSCLK3_DU/HSSCALLP-02/BRM-HSSCALLP-02/FS-_dev_vda1">
<measResults>0</measResults>
</measValue>
</measInfo>
<measInfo measInfoId="FS">
<granPeriod duration="PT900S" endTime="2021-08-21T22:45:00+08:00"/>
<repPeriod duration="PT900S"/>
<measTypes>fsUsed</measTypes>
<measValue measObjLdn="PLMN-PLMN/IMSNFM-CLK-VHSS/HSS-HSSDN_NHSSCLK3_DU/HSSCALLP-02/BRM-HSSCALLP-02/FS-_dev_mapper_vg00_tmp">
<measResults>0</measResults>
</measValue>
</measInfo>
<measInfo measInfoId="FS">
<granPeriod duration="PT900S" endTime="2021-08-21T22:45:00+08:00"/>
<repPeriod duration="PT900S"/>
<measTypes>fsUsed</measTypes>
<measValue measObjLdn="PLMN-PLMN/IMSNFM-CLK-VHSS/HSS-HSSDN_NHSSCLK3_DU/HSSCALLP-02/BRM-HSSCALLP-02/FS-_dev_mapper_vg00_var">
<measResults>0</measResults>
</measValue>
</measInfo>
<measInfo measInfoId="FS">
<granPeriod duration="PT900S" endTime="2021-08-21T22:45:00+08:00"/>
<repPeriod duration="PT900S"/>
<measTypes>fsUsed</measTypes>
<measValue measObjLdn="PLMN-PLMN/IMSNFM-CLK-VHSS/HSS-HSSDN_NHSSCLK3_DU/HSSCALLP-02/BRM-HSSCALLP-02/FS-_dev_mapper_vg00_tspdb">
<measResults>0</measResults>
</measValue>
</measInfo>
<measInfo measInfoId="FS">
<granPeriod duration="PT900S" endTime="2021-08-21T22:45:00+08:00"/>
<repPeriod duration="PT900S"/>
<measTypes>fsUsed</measTypes>
<measValue measObjLdn="PLMN-PLMN/IMSNFM-CLK-VHSS/HSS-HSSDN_NHSSCLK3_DU/HSSCALLP-02/BRM-HSSCALLP-02/FS-_dev_mapper_vg00_home">
<measResults>0</measResults>
</measValue>
</measInfo>
</measData>
<fileFooter>
<measCollec endTime="2021-08-21T22:45:00+08:00"/>
</fileFooter>
</measCollecFile>