<?xml version="1.0" encoding="UTF-8"?>
<measCollecFile xmlns="http://latest/nmc-omc/cmNrm.doc#measCollec" xmlns:xsi="http://www.w3.org/2001/XMLSchema-instance" xsi:schemaLocation="http://latest/nmc-omc/cmNrm.doc#measCollec schema\pmResultSchedule.xsd">
    <fileHeader fileFormatVersion="32.435 V7.2" vendorName="Huawei">
        <fileSender elementType="NodeB"/>
        <measCollec beginTime="2021-08-17T22:00:00+08:00"/>
    </fileHeader>
    <measData>
        <managedElement userLabel="MML00973HUNB001"/>
        <measInfo measInfoId="50331655">
            <granPeriod duration="PT3600S" endTime="2021-08-17T23:00:00+08:00"/>
            <repPeriod duration="PT3600S"/>
            <measTypes>50332573 50332574 50342574 50342575 50342635 50342636 </measTypes>
            <measValue measObjLdn="MML00973HUNB001/ULGROUP:UL BB Resource Group No.=1">
                <measResults>768 233.979 193 289 0 0 </measResults>
            </measValue>
            <measValue measObjLdn="MML00973HUNB001/ULGROUP:UL BB Resource Group No.=2">
                <measResults>1024 117.883 88.5 157 0 0 </measResults>
            </measValue>
        </measInfo>
        <measInfo measInfoId="50331656">
            <granPeriod duration="PT3600S" endTime="2021-08-17T23:00:00+08:00"/>
            <repPeriod duration="PT3600S"/>
            <measTypes>50332582 50332583 50332584 50332586 50342584 50342585 50342586 50342587 50342606 50342607 50342608 50342609 50342632 50342633 </measTypes>
            <measValue measObjLdn="MML00973HUNB001/BRD:Board Type=UBBP, Cabinet No.=0, Subrack No.=0, Slot No.=1">
                <measResults>1024 1024 0 0 0 0 0 0 0 0 0 0 0 0 </measResults>
            </measValue>
            <measValue measObjLdn="MML00973HUNB001/BRD:Board Type=UBBP, Cabinet No.=0, Subrack No.=0, Slot No.=2">
                <measResults>1024 768 123.15 233.979 106 146 193 289 9 13 15 22 0 0 </measResults>
            </measValue>
            <measValue measObjLdn="MML00973HUNB001/BRD:Board Type=UBBP, Cabinet No.=0, Subrack No.=0, Slot No.=3">
                <measResults>1024 1024 66.092 117.883 46 81 88.5 157 5 8 5 8 0 0 </measResults>
            </measValue>
            <measValue measObjLdn="MML00973HUNB001/BRD:Board Type=UMPT, Cabinet No.=0, Subrack No.=0, Slot No.=7">
                <measResults>0 0 0 0 0 0 0 0 0 0 0 0 0 0 </measResults>
            </measValue>
        </measInfo>
        <measInfo measInfoId="50331683">
            <granPeriod duration="PT3600S" endTime="2021-08-17T23:00:00+08:00"/>
            <repPeriod duration="PT3600S"/>
            <measTypes>50332627 </measTypes>
            <measValue measObjLdn="MML00973HUNB001/NODEBRRU:Cabinet No.=0, Subrack No.=60, Slot No.=0">
                <measResults>0 </measResults>
            </measValue>
            <measValue measObjLdn="MML00973HUNB001/NODEBRRU:Cabinet No.=0, Subrack No.=61, Slot No.=0">
                <measResults>0 </measResults>
            </measValue>
            <measValue measObjLdn="MML00973HUNB001/NODEBRRU:Cabinet No.=0, Subrack No.=62, Slot No.=0">
                <measResults>0 </measResults>
            </measValue>
            <measValue measObjLdn="MML00973HUNB001/NODEBRRU:Cabinet No.=0, Subrack No.=80, Slot No.=0">
                <measResults>0 </measResults>
            </measValue>
            <measValue measObjLdn="MML00973HUNB001/NODEBRRU:Cabinet No.=0, Subrack No.=81, Slot No.=0">
                <measResults>0 </measResults>
            </measValue>
            <measValue measObjLdn="MML00973HUNB001/NODEBRRU:Cabinet No.=0, Subrack No.=82, Slot No.=0">
                <measResults>0 </measResults>
            </measValue>
        </measInfo>
        <measInfo measInfoId="1542455297">
            <granPeriod duration="PT3600S" endTime="2021-08-17T23:00:00+08:00"/>
            <repPeriod duration="PT3600S"/>
            <measTypes>1542455297 1542455298 1542455299 1542455300 1542455301 1542455302 1542455303 1542455304 1542455305 1542455306 1542455307 1542460296 1542460297 </measTypes>
            <measValue measObjLdn="MML00973HUNB001/ETHPORT:Cabinet No.=0, Subrack No.=0, Slot No.=7, Port No.=0, Subboard Type=BASE_BOARD">
                <measResults>0 0 0 0 0 0 0 0 0 0 0 0 0 </measResults>
            </measValue>
            <measValue measObjLdn="MML00973HUNB001/ETHPORT:Cabinet No.=0, Subrack No.=0, Slot No.=7, Port No.=1, Subboard Type=BASE_BOARD">
                <measResults>3012232831 26251061 9816595860 28761515 0 11809320 4404536 6693877 41631448 6850776 21815326 1000000 1000000 </measResults>
            </measValue>
        </measInfo>
        <measInfo measInfoId="1542455301">
            <granPeriod duration="PT3600S" endTime="2021-08-17T23:00:00+08:00"/>
            <repPeriod duration="PT3600S"/>
            <measTypes>1542455326 1542455327 1542455328 1542455329 1542455330 1542455331 1542455332 1542455333 1542460727 1542460728 1542460729 </measTypes>
            <measValue measObjLdn="MML00973HUNB001/IP:Board Type=UMPT, Cabinet No.=0, Subrack No.=0, Slot No.=7">
                <measResults>26250767 2388021013 0 0 28756442 9095812175 0 0 32998 0 0 </measResults>
            </measValue>
        </measInfo>
        <measInfo measInfoId="1542455303">
            <granPeriod duration="PT3600S" endTime="2021-08-17T23:00:00+08:00"/>
            <repPeriod duration="PT3600S"/>
            <measTypes>1542455365 1542455367 1542455369 1542455371 1542455375 1542455376 1542455377 1542455378 </measTypes>
            <measValue measObjLdn="MML00973HUNB001/RSCGRP:Transmission Resource Group Bear Type=IP, Cabinet No.=0, Bearing Port No.=0, Bearing Port Type=ETH, Transmission Resource Group ID=AUTOPORT, Subboard Type=BASE_BOARD, Slot No.=7, Subrack No.=0">
                <measResults>0 0 0 0 0 0 0 0 </measResults>
            </measValue>
            <measValue measObjLdn="MML00973HUNB001/RSCGRP:Transmission Resource Group Bear Type=IP, Cabinet No.=0, Bearing Port No.=1, Bearing Port Type=ETH, Transmission Resource Group ID=AUTOPORT, Subboard Type=BASE_BOARD, Slot No.=7, Subrack No.=0">
                <measResults>2860595552 26250361 0 0 11276184 4169432 6356826 0 </measResults>
            </measValue>
        </measInfo>
        <measInfo measInfoId="1542455312">
            <granPeriod duration="PT3600S" endTime="2021-08-17T23:00:00+08:00"/>
            <repPeriod duration="PT3600S"/>
            <measTypes>1542460308 1542460309 1542460310 1542460311 1542460312 1542460313 1542460314 1542460315 1542460316 1542460317 1542460318 1542460319 1542460320 1542460321 1542460322 1542460323 1542460324 1542460325 1542460326 1542460327 1542460328 1542460329 1542460330 1542460331 1542460332 </measTypes>
            <measValue measObjLdn="MML00973HUNB001/RSCGRP:Transmission Resource Group Bear Type=IP, Cabinet No.=0, Bearing Port No.=0, Bearing Port Type=ETH, Transmission Resource Group ID=AUTOPORT, Subboard Type=BASE_BOARD, Slot No.=7, Subrack No.=0">
                <measResults>0 0 0 0 0 0 0 0 0 0 0 0 0 0 0 0 0 0 0 0 0 0 0 0 0 </measResults>
            </measValue>
            <measValue measObjLdn="MML00973HUNB001/RSCGRP:Transmission Resource Group Bear Type=IP, Cabinet No.=0, Bearing Port No.=1, Bearing Port Type=ETH, Transmission Resource Group ID=AUTOPORT, Subboard Type=BASE_BOARD, Slot No.=7, Subrack No.=0">
                <measResults>49608 49608 49608 0 0 0 0 0 0 0 0 0 0 10603875 0 0 0 0 0 0 0 0 0 0 0 </measResults>
            </measValue>
        </measInfo>
        <measInfo measInfoId="1542455309">
            <granPeriod duration="PT3600S" endTime="2021-08-17T23:00:00+08:00"/>
            <repPeriod duration="PT3600S"/>
            <measTypes>1542455826 1542455827 1542455828 1542455829 1542455833 1542455834 1542455835 1542455836 1542455837 1542455838 1542455839 1542455840 1542455841 1542455842 1542455843 1542455844 1542455845 1542455846 1542455847 1542455848 </measTypes>
            <measValue measObjLdn="MML00973HUNB001/OMCH:Standby Status=MASTER, Bearer Type=IPV4">
                <measResults>644 169 0 0 0 0 0 0 0 485 0 0 636 0 0 0 0 585 0 51 </measResults>
            </measValue>
        </measInfo>
        <measInfo measInfoId="1542455815">
            <granPeriod duration="PT3600S" endTime="2021-08-17T23:00:00+08:00"/>
            <repPeriod duration="PT3600S"/>
            <measTypes>1542460340 1542460341 1542460342 1542460343 1542460496 1542460497 1542460498 1542460499 1542460500 1542460501 1542460502 1542460503 1542460504 1542460505 1542460506 1542460507 1542460510 </measTypes>
            <measValue measObjLdn="MML00973HUNB001/IKE:Board Type=UMPT, Cabinet No.=0, Subrack No.=0, Slot No.=7">
                <measResults>0 0 0 0 0 0 0 0 0 0 0 0 0 0 0 0 0 </measResults>
            </measValue>
        </measInfo>
        <measInfo measInfoId="1542455817">
            <granPeriod duration="PT3600S" endTime="2021-08-17T23:00:00+08:00"/>
            <repPeriod duration="PT3600S"/>
            <measTypes>1542460356 1542460357 1542460358 1542460359 1542460360 1542460361 1542460362 1542460363 1542460364 1542460365 1542460366 1542460367 1542460368 1542460369 1542460370 1542460371 1542460372 1542460373 1542460374 1542460375 1542460376 </measTypes>
            <measValue measObjLdn="MML00973HUNB001/SCTPLNK:Link No.=31">
                <measResults>17685363 14124795 140608 194681 0 82304 6032 39303 48240 18384 31389 50804 148004 0 0 0 0 0 0 148004 50819 </measResults>
            </measValue>
            <measValue measObjLdn="MML00973HUNB001/SCTPLNK:Link No.=32">
                <measResults>29408709 30983999 910710 1132272 0 108432 33752 65354 103864 40344 68855 428130 846534 0 0 0 0 0 0 846534 428130 </measResults>
            </measValue>
        </measInfo>
        <measInfo measInfoId="1542455818">
            <granPeriod duration="PT3600S" endTime="2021-08-17T23:00:00+08:00"/>
            <repPeriod duration="PT3600S"/>
            <measTypes>1542455526 1542455527 1542455528 1542455529 1542455530 1542455531 1542455532 1542455533 1542455534 1542455535 </measTypes>
            <measValue measObjLdn="MML00973HUNB001/USERPLANEHOST:User Plane Host ID=3">
                <measResults>24680449 27477851 2260324928 8979360477 9745896 5023034 42331520 19954338 NIL NIL </measResults>
            </measValue>
        </measInfo>
        <measInfo measInfoId="1593835529">
            <granPeriod duration="PT3600S" endTime="2021-08-17T23:00:00+08:00"/>
            <repPeriod duration="PT3600S"/>
            <measTypes>1593835620 1593835628 1593835629 </measTypes>
            <measValue measObjLdn="MML00973HUNB001/NODE:NODE">
                <measResults>NIL 0.863 0 </measResults>
            </measValue>
        </measInfo>
        <measInfo measInfoId="1593835533">
            <granPeriod duration="PT3600S" endTime="2021-08-17T23:00:00+08:00"/>
            <repPeriod duration="PT3600S"/>
            <measTypes>1593835647 1593835648 1593835649 </measTypes>
            <measValue measObjLdn="MML00973HUNB001/NODE:NODE">
                <measResults>32415 32403 32408 </measResults>
            </measValue>
        </measInfo>
        <measInfo measInfoId="1593835531">
            <granPeriod duration="PT3600S" endTime="2021-08-17T23:00:00+08:00"/>
            <repPeriod duration="PT3600S"/>
            <measTypes>1593835630 1593835632 1593835633 1593835634 </measTypes>
            <measValue measObjLdn="MML00973HUNB001/BBUBoard:Board Type=UBBP, Cabinet No.=0, Subrack No.=0, Slot No.=1">
                <measResults>0 4 3 0 </measResults>
            </measValue>
            <measValue measObjLdn="MML00973HUNB001/BBUBoard:Board Type=UBBP, Cabinet No.=0, Subrack No.=0, Slot No.=2">
                <measResults>0 5 3 0 </measResults>
            </measValue>
            <measValue measObjLdn="MML00973HUNB001/BBUBoard:Board Type=UBBP, Cabinet No.=0, Subrack No.=0, Slot No.=3">
                <measResults>0 5 4 0 </measResults>
            </measValue>
            <measValue measObjLdn="MML00973HUNB001/BBUBoard:Board Type=UMPT, Cabinet No.=0, Subrack No.=0, Slot No.=7">
                <measResults>0 6 1 0 </measResults>
            </measValue>
        </measInfo>
        <measInfo measInfoId="1593835535">
            <granPeriod duration="PT3600S" endTime="2021-08-17T23:00:00+08:00"/>
            <repPeriod duration="PT3600S"/>
            <measTypes>1593835652 1593835653 1593835654 1593835655 1593835656 1593835657 1593835658 1593835659 1593835660 1593835661 1593835662 1593835663 1593835664 1593835665 1593835666 1593835667 1593835668 1593835669 1593835670 1593835671 </measTypes>
            <measValue measObjLdn="MML00973HUNB001/RADIOEQM:Cabinet No.=0, Subrack No.=60, Slot No.=0">
                <measResults>NIL NIL NIL NIL NIL NIL NIL NIL NIL NIL 0 0 0 0 0 0 0 0 0 0 </measResults>
            </measValue>
            <measValue measObjLdn="MML00973HUNB001/RADIOEQM:Cabinet No.=0, Subrack No.=61, Slot No.=0">
                <measResults>NIL NIL NIL NIL NIL NIL NIL NIL NIL NIL 0 0 0 0 0 0 0 0 0 0 </measResults>
            </measValue>
            <measValue measObjLdn="MML00973HUNB001/RADIOEQM:Cabinet No.=0, Subrack No.=62, Slot No.=0">
                <measResults>NIL NIL NIL NIL NIL NIL NIL NIL NIL NIL 0 0 0 0 0 0 0 0 0 0 </measResults>
            </measValue>
            <measValue measObjLdn="MML00973HUNB001/RADIOEQM:Cabinet No.=0, Subrack No.=80, Slot No.=0">
                <measResults>NIL NIL NIL NIL NIL NIL NIL NIL NIL NIL 0 0 0 0 0 0 0 0 0 0 </measResults>
            </measValue>
            <measValue measObjLdn="MML00973HUNB001/RADIOEQM:Cabinet No.=0, Subrack No.=81, Slot No.=0">
                <measResults>NIL NIL NIL NIL NIL NIL NIL NIL NIL NIL 0 0 0 0 0 0 0 0 0 0 </measResults>
            </measValue>
            <measValue measObjLdn="MML00973HUNB001/RADIOEQM:Cabinet No.=0, Subrack No.=82, Slot No.=0">
                <measResults>NIL NIL NIL NIL NIL NIL NIL NIL NIL NIL 0 0 0 0 0 0 0 0 0 0 </measResults>
            </measValue>
        </measInfo>
        <measInfo measInfoId="1593835539">
            <granPeriod duration="PT3600S" endTime="2021-08-17T23:00:00+08:00"/>
            <repPeriod duration="PT3600S"/>
            <measTypes>1593835767 </measTypes>
            <measValue measObjLdn="MML00973HUNB001/RADIOEQM:Cabinet No.=0, Subrack No.=60, Slot No.=0">
                <measResults>3600 </measResults>
            </measValue>
            <measValue measObjLdn="MML00973HUNB001/RADIOEQM:Cabinet No.=0, Subrack No.=61, Slot No.=0">
                <measResults>3600 </measResults>
            </measValue>
            <measValue measObjLdn="MML00973HUNB001/RADIOEQM:Cabinet No.=0, Subrack No.=62, Slot No.=0">
                <measResults>3600 </measResults>
            </measValue>
            <measValue measObjLdn="MML00973HUNB001/RADIOEQM:Cabinet No.=0, Subrack No.=80, Slot No.=0">
                <measResults>3600 </measResults>
            </measValue>
            <measValue measObjLdn="MML00973HUNB001/RADIOEQM:Cabinet No.=0, Subrack No.=81, Slot No.=0">
                <measResults>3600 </measResults>
            </measValue>
            <measValue measObjLdn="MML00973HUNB001/RADIOEQM:Cabinet No.=0, Subrack No.=82, Slot No.=0">
                <measResults>3600 </measResults>
            </measValue>
        </measInfo>
        <measInfo measInfoId="1593835544">
            <granPeriod duration="PT3600S" endTime="2021-08-17T23:00:00+08:00"/>
            <repPeriod duration="PT3600S"/>
            <measTypes>1593835835 </measTypes>
            <measValue measObjLdn="MML00973HUNB001/BU:Cabinet No.=0, Subrack No.=0">
                <measResults>0.20008278 </measResults>
            </measValue>
        </measInfo>
        <measInfo measInfoId="1593835545">
            <granPeriod duration="PT3600S" endTime="2021-08-17T23:00:00+08:00"/>
            <repPeriod duration="PT3600S"/>
            <measTypes>1593835836 </measTypes>
            <measValue measObjLdn="MML00973HUNB001/BTSBoard:Cabinet No.=0, Subrack No.=60, Slot No.=0">
                <measResults>0.21813916 </measResults>
            </measValue>
            <measValue measObjLdn="MML00973HUNB001/BTSBoard:Cabinet No.=0, Subrack No.=61, Slot No.=0">
                <measResults>0.17324001 </measResults>
            </measValue>
            <measValue measObjLdn="MML00973HUNB001/BTSBoard:Cabinet No.=0, Subrack No.=62, Slot No.=0">
                <measResults>0.22003251 </measResults>
            </measValue>
            <measValue measObjLdn="MML00973HUNB001/BTSBoard:Cabinet No.=0, Subrack No.=80, Slot No.=0">
                <measResults>0.28687751 </measResults>
            </measValue>
            <measValue measObjLdn="MML00973HUNB001/BTSBoard:Cabinet No.=0, Subrack No.=81, Slot No.=0">
                <measResults>0.33814335 </measResults>
            </measValue>
            <measValue measObjLdn="MML00973HUNB001/BTSBoard:Cabinet No.=0, Subrack No.=82, Slot No.=0">
                <measResults>0.28935584 </measResults>
            </measValue>
        </measInfo>
        <measInfo measInfoId="50331648">
            <granPeriod duration="PT3600S" endTime="2021-08-17T23:00:00+08:00"/>
            <repPeriod duration="PT3600S"/>
            <measTypes>50331654 50331655 50331656 50331657 50331658 50331659 50331660 50331661 50331662 50331663 50331664 50331665 50331666 50331667 50331668 50331669 50331670 50331671 50331672 50331673 50331674 50331675 50331676 50331677 50331678 50331679 50331680 50331681 50331682 50331683 50331684 50331685 50331686 50331687 50331688 50331689 50331690 50331691 50331692 50331693 50331694 50331695 50331696 50331697 50331698 50331699 50331709 50331710 50331711 50331712 50331713 50331714 50331717 50331718 50331719 50331720 50331721 50331722 50331723 50331724 50331745 50331746 50331754 50331755 50331756 50331757 50331758 50331759 50331760 50331761 50331762 50331763 50331764 50331765 50331766 50331767 50331768 50331769 50331770 50331771 50331772 50331773 50331774 50331775 50331776 50331777 50331778 50331779 50331780 50331781 50331782 50331783 50331784 50331785 50331786 50331787 50331788 50331789 50331790 50331791 50331792 50331793 50331794 50331795 50331796 50331797 50331798 50331799 50331800 50331801 50331802 50331803 50331804 50331805 50331806 50331807 50331808 50331809 50331810 50331811 50331812 50331813 50331814 50331815 50331816 50331817 50331818 50331819 50331820 50331821 50331838 50331839 50331840 50332168 50332169 50332170 50332173 50332174 50332215 50332216 50332217 50341648 50341649 50341650 50341651 50341652 50341653 50341654 50341655 50341656 50341657 50341658 50341659 50341668 50341669 50341670 50341671 50341672 50341675 50341676 50341677 50341678 50341679 50341680 50341685 50341686 50341687 50341688 50341689 50341690 50341691 50341692 50341693 50341694 50341695 50341696 50341697 50341698 50341699 50341700 50341701 50341702 50341703 50341704 50341705 50341706 50341707 50341708 50341709 50341710 50341711 50341712 50341713 50341714 50341715 50341716 50341717 50341722 50341739 50341740 </measTypes>
            <measValue measObjLdn="MML00973HUNB001/ULoCell:NodeB Function Name=MML00973HUNB001, Local Cell ID=10211, Cell Name=MRIONU1">
                <measResults>1577471 263533 91669 1323714 228410 17454 5303 2590 0 0 0 0 0 0 14057 21658 24063 18869 20886 36791 62785 61234 108033 118697 190836 208917 257069 302111 327911 378628 230120 246003 203073 211993 191251 172935 197503 177251 194491 209239 367280 316869 209637 76965 21697 9772 184393 1837726 0 0 0 0 0 0 0 0 0 538338 1210074 1932805 5364255 10157222635 0 145260 10186 9590 11664 14955 20182 62151 30635 32492 41003 53278 69228 81415 84467 120113 141540 189281 137426 100095 80006 60841 51848 41220 44726 31486 33497 31311 30394 31635 32022 108828 0 0 0 0 0 0 0 0 0 0 0 0 0 0 0 0 0 0 0 0 0 0 0 0 0 0 0 0 0 0 0 0 0 0 0 0 10157069202 1608395 13999 0 0 0 0 0 0 0 0 268 365 27 760 997 11 268 300 760 849 1000 893 2796180 7132751 23232 2796180 3131221 28 76 2 514 716 3 0 31 0 8.546 12.28 11.244 12.802 0.134 7 164 19 1 0 0 0 0 0 NIL 627 741 472 0 0 0 0 0 0 0 0 0 0 0 0 16413 0 15 </measResults>
            </measValue>
            <measValue measObjLdn="MML00973HUNB001/ULoCell:NodeB Function Name=MML00973HUNB001, Local Cell ID=10212, Cell Name=MRIONU2">
                <measResults>1183980 152251 146596 1025583 141519 10309 4038 2531 0 0 0 0 0 0 24792 56357 34157 28324 41938 49170 81405 70922 124027 129546 172566 190039 231317 243324 251470 299833 206969 257130 223042 280804 254729 207847 200811 155236 133904 121894 131923 98583 56216 27456 15682 9526 16877 1270104 0 0 0 0 0 0 0 0 0 472067 994089 1483033 2899330 5173811463 0 141223 22005 24381 22991 23219 26830 71242 65525 46195 58889 65354 79061 80294 64425 76398 56459 71932 56946 55950 50179 52061 62947 52063 49851 32600 25492 19122 11589 7378 4433 5947 0 0 0 0 0 0 0 0 0 0 0 0 0 0 0 0 0 0 0 0 0 0 0 0 0 0 0 0 0 0 0 0 0 0 0 0 5173640750 1289523 61284 0 0 0 0 0 0 0 0 205 372 20 460 981 22 205 286 460 642 1000 716 1421213 4871286 59752 1421213 1984934 30 115 2 344 673 11 0 65 0 5.274 11.768 11.446 13 0.238 33 158 18 1 0 0 0 0 0 NIL 602 752 408 0 0 0 0 0 0 0 0 0 0 0 0 15305 3 36 </measResults>
            </measValue>
            <measValue measObjLdn="MML00973HUNB001/ULoCell:NodeB Function Name=MML00973HUNB001, Local Cell ID=10213, Cell Name=MRIONU3">
                <measResults>1226151 213821 121941 1012140 190632 15307 5167 2905 0 0 0 0 0 0 18778 76236 48992 38780 65678 70713 126140 100157 184578 154131 216414 190522 215965 204144 193739 200695 136381 144579 114071 124871 99448 87071 90794 76024 85814 81759 163181 148559 110420 39740 17152 9996 82239 1421670 0 0 0 0 0 0 0 0 0 400294 1079663 1562196 3429879 6034743212 0 115138 15076 15390 19401 21885 25448 76011 50770 56792 71988 92563 91944 92949 75306 89776 71772 84266 69635 65351 48336 40978 39430 31635 30774 21791 23283 22925 19619 18639 19259 43751 0 0 0 0 0 0 0 0 0 0 0 0 0 0 0 0 0 0 0 0 0 0 0 0 0 0 0 0 0 0 0 0 0 0 0 0 6034470872 1336711 48310 0 0 0 0 0 0 0 0 216 373 11 492 969 6 216 291 492 663 1000 742 1658786 10442622 8490 1658786 2235561 31 89 1 391 732 7 0 16 0 5.816 12.482 11.799 13 0.073 26 159 20 1 0 0 0 0 0 NIL 635 769 478 0 0 0 0 0 0 0 0 0 0 0 0 15350 1 13 </measResults>
            </measValue>
            <measValue measObjLdn="MML00973HUNB001/ULoCell:NodeB Function Name=MML00973HUNB001, Local Cell ID=50211, Cell Name=MRIONN4">
                <measResults>1263996 166904 76210 1093151 156554 9406 3156 1729 0 0 0 0 0 0 11650 1965 10313 1467 1495 1746 3114 3479 7235 10946 23077 37647 69714 98322 119717 166395 131478 208153 215930 325059 363602 371129 395521 346662 343586 322488 484319 427407 328930 199810 120171 79039 70869 1500745 0 0 0 0 0 0 0 0 0 741662 694629 1507160 2432726 8386458854 0 204621 10550 3987 3434 11703 7974 75197 21943 18059 17072 39700 38768 59736 42651 59828 45671 58022 55721 75821 86998 93115 93688 84268 84581 52231 42018 37887 16200 22267 14170 29193 0 0 0 0 0 0 0 0 0 0 0 0 0 0 0 0 0 0 0 0 0 0 0 0 0 0 0 0 0 0 0 0 0 0 0 0 8386076582 1216024 17447 0 0 0 0 0 0 0 0 209 374 53 528 994 35 209 309 528 779 1000 675 2307390 6644549 152304 2307390 3418356 29 134 6 436 837 19 0 3 0 6.364 12.71 12.047 13 0.42 9 189 27 3 0 0 0 0 0 NIL 827 887 713 0 0 0 0 0 0 0 0 0 0 0 0 20171 0 0 </measResults>
            </measValue>
            <measValue measObjLdn="MML00973HUNB001/ULoCell:NodeB Function Name=MML00973HUNB001, Local Cell ID=50212, Cell Name=MRIONN5">
                <measResults>636791 96511 101510 535680 86516 8443 3875 2277 0 0 0 0 0 0 16604 3229 4473 1946 1837 2264 4037 3914 8800 12152 23698 35215 57233 84380 115451 160829 130317 161639 151803 188142 201173 180913 202152 196096 207695 241996 376986 322548 252833 137183 58828 26304 30920 829120 0 0 0 0 0 0 0 0 0 231657 572307 834884 1084794 3179130564 0 141520 10805 3431 3019 8194 4740 72479 9123 14144 14271 27052 25060 38897 41113 57763 44361 43342 33858 33284 28521 25607 25232 19433 21628 16633 16614 17348 7711 9050 6430 14100 0 0 0 0 0 0 0 0 0 0 0 0 0 0 0 0 0 0 0 0 0 0 0 0 0 0 0 0 0 0 0 0 0 0 0 0 3178870780 748381 27220 0 0 0 0 0 0 0 0 115 327 11 263 982 4 115 276 263 626 1000 415 873520 7786150 2282 873520 2104867 24 125 2 227 848 1 0 4 0 3.212 11.782 12.198 13 0.053 14 120 11 1 0 0 0 0 0 NIL 837 894 680 0 0 0 0 0 0 0 0 0 0 0 0 19103 0 0 </measResults>
            </measValue>
            <measValue measObjLdn="MML00973HUNB001/ULoCell:NodeB Function Name=MML00973HUNB001, Local Cell ID=50213, Cell Name=MRIONN6">
                <measResults>1332534 206551 110962 1129023 185295 9333 4910 3973 0 0 0 0 0 0 17943 6084 14545 1667 3066 3764 6857 6406 12546 16469 31347 47240 79438 125876 171490 241112 222152 263944 257774 278882 264771 221578 212166 179622 189288 169977 298769 294993 233392 140346 82184 48641 195446 1645290 0 0 0 0 0 0 0 0 0 601902 852868 1650216 3256000 10695774479 0 142516 12413 4947 4686 11417 7804 72211 13289 17255 17035 33753 38714 69418 79951 100867 78332 83157 79514 89106 77343 72226 67279 59031 59223 42744 43558 49444 29386 45277 35003 112976 0 0 0 0 0 0 0 0 0 0 0 0 0 0 0 0 0 0 0 0 0 0 0 0 0 0 0 0 0 0 0 0 0 0 0 0 10695619391 1372487 8896 0 0 0 0 0 0 0 0 229 388 36 652 995 34 229 300 652 853 1000 762 2946872 12445397 105226 2946872 3867286 40 124 5 537 849 33 0 12 0 7.928 12.915 12.156 13 0.409 4 162 19 2 0 0 0 0 0 NIL 820 881 713 0 0 0 0 0 0 0 0 0 0 0 0 19929 0 0 </measResults>
            </measValue>
            <measValue measObjLdn="MML00973HUNB001/ULoCell:NodeB Function Name=MML00973HUNB001, Local Cell ID=60211, Cell Name=MRIONN1">
                <measResults>1181572 193224 107629 988255 174518 10873 4472 3454 0 0 0 0 0 0 16744 21557 29362 9895 13645 17286 31953 31060 57266 77553 118550 137693 171766 199446 214069 257624 222454 253913 244435 267011 281655 240175 259383 219453 224076 185263 249954 162009 117890 58250 30365 19217 135781 1434967 0 0 0 0 0 0 0 0 0 553067 793647 1482495 2341879 7619598397 0 157466 13277 4158 6203 22444 20151 72000 20372 15823 18069 31345 42331 74131 69097 77141 72230 96940 85944 89288 64917 54349 50179 34907 45417 29253 31454 31599 25288 26486 31205 68938 0 0 0 0 0 0 0 0 0 0 0 0 0 0 0 0 0 0 0 0 0 0 0 0 0 0 0 0 0 0 0 0 0 0 0 0 7619159868 1211364 36889 0 0 0 0 0 0 0 0 205 388 27 517 996 17 205 304 517 766 1000 672 2097342 8526645 27933 2097342 3121045 31 125 4 422 813 14 0 13 0 5.95 11.953 11.501 12.838 0.205 20 182 28 4 0 0 0 0 0 NIL 808 873 702 0 0 0 0 0 0 0 0 0 0 0 0 17169 0 0 </measResults>
            </measValue>
            <measValue measObjLdn="MML00973HUNB001/ULoCell:NodeB Function Name=MML00973HUNB001, Local Cell ID=60212, Cell Name=MRIONN2">
                <measResults>472139 49011 148388 408581 51598 6413 3459 2088 0 0 0 0 0 0 29425 8702 4942 3656 5976 8263 18145 19817 40335 51868 79297 81293 86421 90922 99748 129102 110602 142986 137009 176289 179827 170205 191716 175237 178303 185421 251275 172498 90298 36267 15883 11145 41128 604293 0 0 0 0 0 0 0 0 0 254971 373541 669640 843728 2737323593 0 116285 25935 1370 2358 7778 4368 60561 16460 8743 9093 18753 27021 24837 19210 26901 17993 33511 18644 22293 16660 17813 22116 18562 26978 18032 18945 16713 13735 12159 10955 14802 0 0 0 0 0 0 0 0 0 0 0 0 0 0 0 0 0 0 0 0 0 0 0 0 0 0 0 0 0 0 0 0 0 0 0 0 2736934034 619460 54919 0 0 0 0 0 0 0 0 93 321 8 186 998 4 93 260 186 520 1000 344 753543 6354758 4688 753543 2190532 16 115 1 147 826 1 0 7 0 2.109 12.518 11.318 12.634 0.041 29 114 10 0 0 0 0 0 0 NIL 809 876 699 0 0 0 0 0 0 0 0 0 0 0 0 18990 1 0 </measResults>
            </measValue>
            <measValue measObjLdn="MML00973HUNB001/ULoCell:NodeB Function Name=MML00973HUNB001, Local Cell ID=60213, Cell Name=MRIONN3">
                <measResults>1052060 126579 163373 914122 123197 8198 3751 2792 0 0 0 0 0 0 29535 23066 10881 10693 16725 19134 38173 32390 56167 62972 93576 105167 137880 168362 195426 268855 216347 278453 254207 303381 279610 247426 253461 211436 202620 203515 283107 205583 118543 69828 38029 21319 167434 1260451 0 0 0 0 0 0 0 0 0 645054 529579 1342067 1991471 8321446265 0 163652 27641 2635 4858 14788 7410 101213 22673 13475 12280 29983 40452 46904 23882 38688 25574 47811 35089 46684 41617 41802 51243 52320 70872 58263 60723 58561 44051 40548 44210 72029 0 0 0 0 0 0 0 0 0 0 0 0 0 0 0 0 0 0 0 0 0 0 0 0 0 0 0 0 0 0 0 0 0 0 0 0 8321045233 1117022 61330 0 0 0 0 0 0 0 0 186 390 33 445 997 22 186 296 446 707 1000 620 2292845 9219686 46480 2292845 3698137 26 96 3 343 820 29 0 28 0 4.975 12.118 11.156 13 0.245 33 186 26 3 0 0 0 0 0 NIL 803 874 686 0 0 0 0 0 0 0 0 0 0 0 0 18749 0 0 </measResults>
            </measValue>
        </measInfo>
        <measInfo measInfoId="50331650">
            <granPeriod duration="PT3600S" endTime="2021-08-17T23:00:00+08:00"/>
            <repPeriod duration="PT3600S"/>
            <measTypes>50332548 50332549 50332550 50332554 50342548 50342549 50342550 50342554 50342612 50342613 50342615 50342616 </measTypes>
            <measValue measObjLdn="MML00973HUNB001/ULoCell:NodeB Function Name=MML00973HUNB001, Local Cell ID=10211, Cell Name=MRIONU1">
                <measResults>0 0 44.92 22.423 0 0 69.5 35 0 0 0 0 </measResults>
            </measValue>
            <measValue measObjLdn="MML00973HUNB001/ULoCell:NodeB Function Name=MML00973HUNB001, Local Cell ID=10212, Cell Name=MRIONU2">
                <measResults>0 0 39.858 19.352 0 0 64.5 30 0 0 0 0 </measResults>
            </measValue>
            <measValue measObjLdn="MML00973HUNB001/ULoCell:NodeB Function Name=MML00973HUNB001, Local Cell ID=10213, Cell Name=MRIONU3">
                <measResults>0 0 33.788 15.146 0 0 67 27 0 0 0 0 </measResults>
            </measValue>
            <measValue measObjLdn="MML00973HUNB001/ULoCell:NodeB Function Name=MML00973HUNB001, Local Cell ID=50211, Cell Name=MRIONN4">
                <measResults>0 0 40.627 17.396 0 0 60 25 0 0 0 0 </measResults>
            </measValue>
            <measValue measObjLdn="MML00973HUNB001/ULoCell:NodeB Function Name=MML00973HUNB001, Local Cell ID=50212, Cell Name=MRIONN5">
                <measResults>0 0 30.436 12.965 0 0 49 23 0 0 0 0 </measResults>
            </measValue>
            <measValue measObjLdn="MML00973HUNB001/ULoCell:NodeB Function Name=MML00973HUNB001, Local Cell ID=50213, Cell Name=MRIONN6">
                <measResults>0 0 34.817 15.04 0 0 77.5 25 0 0 0 0 </measResults>
            </measValue>
            <measValue measObjLdn="MML00973HUNB001/ULoCell:NodeB Function Name=MML00973HUNB001, Local Cell ID=60211, Cell Name=MRIONN1">
                <measResults>0 0 41.937 19.508 0 0 73 32 0 0 0 0 </measResults>
            </measValue>
            <measValue measObjLdn="MML00973HUNB001/ULoCell:NodeB Function Name=MML00973HUNB001, Local Cell ID=60212, Cell Name=MRIONN2">
                <measResults>0 0 40.643 19.122 0 0 64.5 31 0 0 0 0 </measResults>
            </measValue>
            <measValue measObjLdn="MML00973HUNB001/ULoCell:NodeB Function Name=MML00973HUNB001, Local Cell ID=60213, Cell Name=MRIONN3">
                <measResults>0 0 46.878 20.395 0 0 67.5 37 0 0 0 0 </measResults>
            </measValue>
        </measInfo>
        <measInfo measInfoId="50331651">
            <granPeriod duration="PT3600S" endTime="2021-08-17T23:00:00+08:00"/>
            <repPeriod duration="PT3600S"/>
            <measTypes>50331850 50331851 50331852 50331853 50331854 50331855 50331856 50331857 50331858 50331859 50331860 50331861 50331862 50331863 50331864 50331865 50331866 50331867 50331868 50331869 50331870 50331871 50331872 50331873 50331874 50331875 50331876 50331877 50331878 50331879 50331885 50331886 50331887 50331888 50331889 50331892 50331903 50331904 50331908 50331925 50331926 50331927 50331928 50331929 50331930 50331931 50331957 50331958 50331959 50331961 50331962 50331963 50331964 50331965 50331966 50331967 50331971 50331972 50331973 50331974 50331987 50331988 50331989 50331990 50331991 50331992 50331993 50331995 50332378 50332379 50332380 50332385 50332386 50332387 50332498 50332499 50332500 50332501 50332503 50332507 50332623 50332638 50341849 50341850 50341851 50341852 50341853 50341854 50341855 50341856 50341857 50341858 50341859 50341864 50341865 50341866 50341868 50341869 50341870 50341871 50341872 50341873 50341874 50341875 50341876 50341877 50341878 50341879 50341880 50341881 50341882 50341883 50341884 50341885 50341886 50341887 50341888 50341889 50341890 50341891 50341892 50341893 50341894 50341895 50341896 50341897 50341898 50341980 50341981 50341982 50341983 50341984 50341985 50341986 50341994 50361698 50361699 50361701 </measTypes>
            <measValue measObjLdn="MML00973HUNB001/ULoCell:NodeB Function Name=MML00973HUNB001, Local Cell ID=10211, Cell Name=MRIONU1">
                <measResults>1769601 18279 9502 1907 389 64 33 16 17 4 6 0 1 0 0 0 0 0 0 0 0 0 0 0 0 213 213 2257092 1800032 1759939 1882162 352948 19127334 1601720 222855 7 528 607 1676328 0 0 0 0 0 0 0 0 102 94 0 0 0 0 0 0 0 21669 39838 31842 725019 13795 45538 113266 348741 245332 217221 112805 1123354 1273575 691578 702143 1.226 509988 811681 0 0 NIL NIL 0 0.988 0 0 87 3.741 11.088 0.137 0.288 4 0 0 0 48 0 308 251 0 NIL NIL 4.287 0.222 0.008 0.003 0 0 0 0 0 0 0 0 0 1521886.75 8.26 0.866 0.277 0.126 0.189 0.044 0.01 0.002 3.019 0 0 153 NIL NIL 249 3696.406 13393.642 35724.625 120141.898 103208.711 112169.234 71017.781 202212.094 0 NIL 0 </measResults>
            </measValue>
            <measValue measObjLdn="MML00973HUNB001/ULoCell:NodeB Function Name=MML00973HUNB001, Local Cell ID=10212, Cell Name=MRIONU2">
                <measResults>1776575 13403 5394 1633 644 421 301 199 150 47 23 16 27 9 0 0 0 0 0 0 0 0 0 0 0 1188 1188 1854014 1800030 1696662 1483123 371612 20189196 1095148 163022 6 407 480 1471181 143 0 0 0 0 0 0 0 89 81 457 0 0 0 0 0 0 27639 38958 36312 446158 17680 48938 93236 212699 223374 110560 23738 848734 863137 401828 490475 0.872 323711 570018 0 0 NIL NIL 0 0.7 0 0 72 2.978 7.873 0.096 0.248 3 0 0 0 66 0 234 185 0 NIL NIL 5.19 0.12 0.008 0.003 0 0 35.46 0 0 0 0 0 0 1173155.625 7.739 0.616 0.186 0.085 0.114 0.039 0.013 0.004 4.021 0 0 133 NIL NIL 306 7330.83 14664.698 27177.805 85825.578 109773.969 62613.281 28100.039 181509.578 0 NIL 0 </measResults>
            </measValue>
            <measValue measObjLdn="MML00973HUNB001/ULoCell:NodeB Function Name=MML00973HUNB001, Local Cell ID=10213, Cell Name=MRIONU3">
                <measResults>1776771 17062 4001 824 345 158 126 99 150 121 85 27 16 22 14 10 3 2 0 1 4 0 0 0 0 196 203 1748268 1800037 1662699 1632764 403306 17633810 1257878 180715 5 432 498 1362741 318 0 0 0 0 0 0 0 67 56 780 0 0 0 0 0 0 26718 41567 28121 722968 23222 51111 88627 198946 99835 71480 88406 564987 1022984 695676 347307 0.826 649987 408287 0 0 NIL NIL 0 0.578 0 0 76 2.83 8.462 0.082 0.238 2 0 0 0 69 0 196 141 0 NIL NIL 4.92 0.292 0.02 0.003 0 0 408.288 0 0 0 0 0 0 1315465 6.437 0.504 0.176 0.077 0.098 0.023 0.009 0.002 3.732 0 0 98 NIL NIL 216 7401.014 21106.863 41966.723 95074.453 53880.758 65786.453 120198.344 114090.594 0 NIL 0 </measResults>
            </measValue>
            <measValue measObjLdn="MML00973HUNB001/ULoCell:NodeB Function Name=MML00973HUNB001, Local Cell ID=50211, Cell Name=MRIONN4">
                <measResults>371673 245265 220371 224763 212852 181624 127364 79892 72390 30333 13533 5214 2766 1884 1580 1291 992 661 388 332 378 262 269 536 426 2991 6326 2937689 1800030 1794363 2224153 505359 19366724 1715186 348395 15 553 667 1680090 301130 17195 7969 4269 3919 3869 3819 12 131 120 1579966 93793 45164 27986 26167 26070 25928 44398 50313 73443 578761 2785 2479 16432 160515 432902 507240 216637 2364961 1121209 490484 749188 1.988 365546 797742 0 0 NIL NIL 0 1.738 0 0 103 4.937 9.693 0.144 0.27 8 0 0 0 76 0 378 301 0 NIL NIL 4.658 0.158 0.004 0.001 0.001 0.003 288273.813 14437.142 4356.714 1566.792 1342.596 1333.038 1323.738 1510718.125 9.052 0.908 0.401 0.181 0.17 0.03 0.009 0.002 3.407 0 4 80 NIL NIL 451 1153.65 777.198 3143.982 43473.188 117169.281 139709.375 85025.242 280832.938 0 NIL 0 </measResults>
            </measValue>
            <measValue measObjLdn="MML00973HUNB001/ULoCell:NodeB Function Name=MML00973HUNB001, Local Cell ID=50212, Cell Name=MRIONN5">
                <measResults>0 7 59 1355 11536 51162 173979 365158 711431 333776 86597 33575 15568 6585 3293 2136 1151 710 500 414 392 119 65 43 16 401 2760 2010121 1800028 1776924 1680028 432357 15294892 1125980 255358 10 542 616 1340685 1738909 122714 48243 7312 2968 300 0 7 140 118 6980007 499640 180546 26845 11192 875 0 37851 55646 40672 320777 2162 3035 20816 165311 199940 213333 213922 2153378 592993 280595 410247 1.626 180849 435271 0 0 NIL NIL 0 1.418 0 0 89 3.945 12.79 0.095 0.239 12 0 0 0 72 0 309 250 0 NIL NIL 3.047 0.097 0.004 0.002 0.003 0.014 1250495.75 129845.906 37994.918 2758.002 970.554 98.028 0 1262427.125 7.953 0.686 0.262 0.122 0.128 0.02 0.006 0.001 2.346 0 2 64 NIL NIL 554 287.712 573.03 4761.536 45365.012 54384.32 66586.359 64368.398 172621.734 0 NIL 0 </measResults>
            </measValue>
            <measValue measObjLdn="MML00973HUNB001/ULoCell:NodeB Function Name=MML00973HUNB001, Local Cell ID=50213, Cell Name=MRIONN6">
                <measResults>162804 178774 233088 269338 239199 177570 121060 86664 111821 65773 43655 29740 22078 16665 14639 12551 6486 1978 1108 942 1163 526 257 924 140 1086 8691 3151347 1800029 1759981 2377872 501293 19761216 1680229 275922 17 513 635 1511883 516694 132247 94647 45004 30932 3931 900 66 102 155 2459694 591272 414745 193425 134548 15910 3631 23950 130646 52577 867837 3877 7872 21255 155280 229672 239937 169959 1022362 1380700 713058 454805 1.428 890104 530086 0 0 NIL NIL 0 1.074 0 0 116 4.11 11.16 0.116 0.295 5 0 0 0 90 0 262 202 7 NIL NIL 5.209 0.221 0.007 0.003 0.004 0.022 947601.375 483714.125 362579.969 148363.203 80212.305 1880.736 161.646 1882747.25 8.136 0.774 0.295 0.137 0.158 0.032 0.01 0.002 3.76 0 6 75 NIL NIL 309 1403.4 2251.674 6845.142 52997.652 103271.875 306720.031 270036.375 141759.656 0 NIL 0 </measResults>
            </measValue>
            <measValue measObjLdn="MML00973HUNB001/ULoCell:NodeB Function Name=MML00973HUNB001, Local Cell ID=60211, Cell Name=MRIONN1">
                <measResults>5339 45682 131585 248957 318174 314744 251906 178221 182051 67332 25578 12385 7071 3616 2280 1962 1170 786 344 247 174 65 41 42 7 271 2440 3443912 1800030 1790430 1773259 581041 16283588 1387108 377978 16 662 772 1635233 755878 36696 17346 4350 3050 350 50 4 121 102 3936800 168268 70639 16533 11633 423 40 69598 70207 29252 284069 14500 31271 89388 305913 404176 395565 96342 2654373 875299 266251 687977 2.142 193667 712860 0 0 NIL NIL 0 1.944 0 0 137 4.885 11.182 0.13 0.3 11 0 0 0 60 0 379 293 0 NIL NIL 2.616 0.085 0.003 0 0 0 572982.25 27308.59 10518.402 1708.884 925.986 23.004 0.78 1123592.625 9.623 0.801 0.331 0.164 0.169 0.027 0.005 0.001 2.075 0 1 58 NIL NIL 603 4978.654 7412.4 25411.457 91637.695 100123.148 92093.234 37080.141 292312.813 0 NIL 0 </measResults>
            </measValue>
            <measValue measObjLdn="MML00973HUNB001/ULoCell:NodeB Function Name=MML00973HUNB001, Local Cell ID=60212, Cell Name=MRIONN2">
                <measResults>0 0 0 0 0 0 0 0 0 0 0 0 6003 127043 441810 673459 391951 124808 21880 6868 3510 1120 498 288 66 723 181935 3416850 1800027 1754194 1305078 529472 18607010 915692 296410 11 556 739 1319152 1754167 1754167 1754167 1753767 1676379 126213 0 194 83 246 6899857 6899857 6899857 6898547 6645613 631227 0 35187 28900 21305 226624 4078 17081 41387 149460 300556 421707 143313 1756959 393520 177257 418555 1.6 80882 332434 0 0 NIL NIL 0 1.404 0 0 133 3.833 10.635 0.084 0.269 8 6 0 0 48 0 293 238 490 NIL NIL 2.029 0.075 0.001 0 0 0 612906.5 612906.5 612906.5 612781.5 588378.375 43206.73 0 612906.5 11.208 0.461 0.158 0.065 0.081 0.011 0.002 0 1.818 0 178 13 NIL NIL 502 469.044 2598.912 6448.896 28110.014 61712.711 91035.813 32708.131 129671.805 0 NIL 0 </measResults>
            </measValue>
            <measValue measObjLdn="MML00973HUNB001/ULoCell:NodeB Function Name=MML00973HUNB001, Local Cell ID=60213, Cell Name=MRIONN3">
                <measResults>1 585 4739 17048 44904 95876 157438 223712 521563 395803 185853 82577 35971 16346 7728 4182 1748 772 524 646 1010 186 127 96 19 572 4073 3505294 1800026 1790686 2041709 790420 20186628 1524359 422813 16 578 786 1525486 1667662 309072 118389 15722 5953 1420 0 7 135 122 8984272 1856605 720056 89257 28331 4202 0 87364 80011 65855 493610 5826 22460 43770 209675 404347 352192 142659 2410889 829920 551237 516785 2.16 332616 532475 0 0 NIL NIL 0 1.84 0 0 117 5.306 14.644 0.113 0.244 10 0 0 0 86 0 366 294 0 NIL NIL 3.635 0.173 0.006 0 0 0 1073584.5 265352.031 111722.984 14818.758 3742.698 162.96 0 1126497.125 11.403 0.649 0.23 0.115 0.147 0.029 0.007 0.001 2.93 0 4 58 NIL NIL 501 891.444 4537.374 10059.96 58452.57 128917.516 120849.539 51818.645 247670.813 0 NIL 0 </measResults>
            </measValue>
        </measInfo>
        <measInfo measInfoId="50331653">
            <granPeriod duration="PT3600S" endTime="2021-08-17T23:00:00+08:00"/>
            <repPeriod duration="PT3600S"/>
            <measTypes>50331748 50331749 50331750 50331751 50331752 50331753 50361697 </measTypes>
            <measValue measObjLdn="MML00973HUNB001/ULoCell:NodeB Function Name=MML00973HUNB001, Local Cell ID=10211, Cell Name=MRIONU1">
                <measResults>0.385 0.363 0.385 0.358 0 0 0.114 </measResults>
            </measValue>
            <measValue measObjLdn="MML00973HUNB001/ULoCell:NodeB Function Name=MML00973HUNB001, Local Cell ID=10212, Cell Name=MRIONU2">
                <measResults>0.228 0.215 0.228 0.203 0 0 0.106 </measResults>
            </measValue>
            <measValue measObjLdn="MML00973HUNB001/ULoCell:NodeB Function Name=MML00973HUNB001, Local Cell ID=10213, Cell Name=MRIONU3">
                <measResults>1.319 1.096 1.319 0.878 0 0 0.044 </measResults>
            </measValue>
            <measValue measObjLdn="MML00973HUNB001/ULoCell:NodeB Function Name=MML00973HUNB001, Local Cell ID=50211, Cell Name=MRIONN4">
                <measResults>0.3 0.261 0.3 0.243 0 0 0.093 </measResults>
            </measValue>
            <measValue measObjLdn="MML00973HUNB001/ULoCell:NodeB Function Name=MML00973HUNB001, Local Cell ID=50212, Cell Name=MRIONN5">
                <measResults>0.394 0.353 0.394 0.332 0 0 0.06 </measResults>
            </measValue>
            <measValue measObjLdn="MML00973HUNB001/ULoCell:NodeB Function Name=MML00973HUNB001, Local Cell ID=50213, Cell Name=MRIONN6">
                <measResults>0.242 0.208 0.242 0.183 0 0 0.036 </measResults>
            </measValue>
            <measValue measObjLdn="MML00973HUNB001/ULoCell:NodeB Function Name=MML00973HUNB001, Local Cell ID=60211, Cell Name=MRIONN1">
                <measResults>0.447 0.372 0.447 0.354 0 0 0.095 </measResults>
            </measValue>
            <measValue measObjLdn="MML00973HUNB001/ULoCell:NodeB Function Name=MML00973HUNB001, Local Cell ID=60212, Cell Name=MRIONN2">
                <measResults>0.389 0.338 0.389 0.333 0 0 0.439 </measResults>
            </measValue>
            <measValue measObjLdn="MML00973HUNB001/ULoCell:NodeB Function Name=MML00973HUNB001, Local Cell ID=60213, Cell Name=MRIONN3">
                <measResults>0.576 0.514 0.576 0.488 0 0 0.067 </measResults>
            </measValue>
        </measInfo>
        <measInfo measInfoId="50331658">
            <granPeriod duration="PT3600S" endTime="2021-08-17T23:00:00+08:00"/>
            <repPeriod duration="PT3600S"/>
            <measTypes>50332250 50332251 50332410 50332411 </measTypes>
            <measValue measObjLdn="MML00973HUNB001/ULoCell:NodeB Function Name=MML00973HUNB001, Local Cell ID=10211, Cell Name=MRIONU1">
                <measResults>0 0 0 0 </measResults>
            </measValue>
            <measValue measObjLdn="MML00973HUNB001/ULoCell:NodeB Function Name=MML00973HUNB001, Local Cell ID=10212, Cell Name=MRIONU2">
                <measResults>0 0 0 0 </measResults>
            </measValue>
            <measValue measObjLdn="MML00973HUNB001/ULoCell:NodeB Function Name=MML00973HUNB001, Local Cell ID=10213, Cell Name=MRIONU3">
                <measResults>0 0 0 0 </measResults>
            </measValue>
            <measValue measObjLdn="MML00973HUNB001/ULoCell:NodeB Function Name=MML00973HUNB001, Local Cell ID=50211, Cell Name=MRIONN4">
                <measResults>0 0 0 0 </measResults>
            </measValue>
            <measValue measObjLdn="MML00973HUNB001/ULoCell:NodeB Function Name=MML00973HUNB001, Local Cell ID=50212, Cell Name=MRIONN5">
                <measResults>0 0 0 0 </measResults>
            </measValue>
            <measValue measObjLdn="MML00973HUNB001/ULoCell:NodeB Function Name=MML00973HUNB001, Local Cell ID=50213, Cell Name=MRIONN6">
                <measResults>0 0 0 0 </measResults>
            </measValue>
            <measValue measObjLdn="MML00973HUNB001/ULoCell:NodeB Function Name=MML00973HUNB001, Local Cell ID=60211, Cell Name=MRIONN1">
                <measResults>0 0 0 0 </measResults>
            </measValue>
            <measValue measObjLdn="MML00973HUNB001/ULoCell:NodeB Function Name=MML00973HUNB001, Local Cell ID=60212, Cell Name=MRIONN2">
                <measResults>0 0 0 0 </measResults>
            </measValue>
            <measValue measObjLdn="MML00973HUNB001/ULoCell:NodeB Function Name=MML00973HUNB001, Local Cell ID=60213, Cell Name=MRIONN3">
                <measResults>0 0 0 0 </measResults>
            </measValue>
        </measInfo>
        <measInfo measInfoId="50331660">
            <granPeriod duration="PT3600S" endTime="2021-08-17T23:00:00+08:00"/>
            <repPeriod duration="PT3600S"/>
            <measTypes>50361670 50361671 50361672 50361673 </measTypes>
            <measValue measObjLdn="MML00973HUNB001/ULoCell:NodeB Function Name=MML00973HUNB001, Local Cell ID=10211, Cell Name=MRIONU1">
                <measResults>0 0 0 0 </measResults>
            </measValue>
            <measValue measObjLdn="MML00973HUNB001/ULoCell:NodeB Function Name=MML00973HUNB001, Local Cell ID=10212, Cell Name=MRIONU2">
                <measResults>0 0 0 0 </measResults>
            </measValue>
            <measValue measObjLdn="MML00973HUNB001/ULoCell:NodeB Function Name=MML00973HUNB001, Local Cell ID=10213, Cell Name=MRIONU3">
                <measResults>0 0 0 0 </measResults>
            </measValue>
            <measValue measObjLdn="MML00973HUNB001/ULoCell:NodeB Function Name=MML00973HUNB001, Local Cell ID=50211, Cell Name=MRIONN4">
                <measResults>0 0 0 0 </measResults>
            </measValue>
            <measValue measObjLdn="MML00973HUNB001/ULoCell:NodeB Function Name=MML00973HUNB001, Local Cell ID=50212, Cell Name=MRIONN5">
                <measResults>0 0 0 0 </measResults>
            </measValue>
            <measValue measObjLdn="MML00973HUNB001/ULoCell:NodeB Function Name=MML00973HUNB001, Local Cell ID=50213, Cell Name=MRIONN6">
                <measResults>0 0 0 0 </measResults>
            </measValue>
            <measValue measObjLdn="MML00973HUNB001/ULoCell:NodeB Function Name=MML00973HUNB001, Local Cell ID=60211, Cell Name=MRIONN1">
                <measResults>0 0 0 0 </measResults>
            </measValue>
            <measValue measObjLdn="MML00973HUNB001/ULoCell:NodeB Function Name=MML00973HUNB001, Local Cell ID=60212, Cell Name=MRIONN2">
                <measResults>0 0 0 0 </measResults>
            </measValue>
            <measValue measObjLdn="MML00973HUNB001/ULoCell:NodeB Function Name=MML00973HUNB001, Local Cell ID=60213, Cell Name=MRIONN3">
                <measResults>0 0 0 0 </measResults>
            </measValue>
        </measInfo>
        <measInfo measInfoId="50331661">
            <granPeriod duration="PT3600S" endTime="2021-08-17T23:00:00+08:00"/>
            <repPeriod duration="PT3600S"/>
            <measTypes>50332048 50332049 50332050 50332051 </measTypes>
            <measValue measObjLdn="MML00973HUNB001/ULoCell:NodeB Function Name=MML00973HUNB001, Local Cell ID=10211, Cell Name=MRIONU1">
                <measResults>74531 0 88470 0 </measResults>
            </measValue>
            <measValue measObjLdn="MML00973HUNB001/ULoCell:NodeB Function Name=MML00973HUNB001, Local Cell ID=10212, Cell Name=MRIONU2">
                <measResults>66804 0 88229 0 </measResults>
            </measValue>
            <measValue measObjLdn="MML00973HUNB001/ULoCell:NodeB Function Name=MML00973HUNB001, Local Cell ID=10213, Cell Name=MRIONU3">
                <measResults>56504 0 85256 0 </measResults>
            </measValue>
            <measValue measObjLdn="MML00973HUNB001/ULoCell:NodeB Function Name=MML00973HUNB001, Local Cell ID=50211, Cell Name=MRIONN4">
                <measResults>65654 0 87519 0 </measResults>
            </measValue>
            <measValue measObjLdn="MML00973HUNB001/ULoCell:NodeB Function Name=MML00973HUNB001, Local Cell ID=50212, Cell Name=MRIONN5">
                <measResults>65719 0 87345 0 </measResults>
            </measValue>
            <measValue measObjLdn="MML00973HUNB001/ULoCell:NodeB Function Name=MML00973HUNB001, Local Cell ID=50213, Cell Name=MRIONN6">
                <measResults>48234 0 85730 0 </measResults>
            </measValue>
            <measValue measObjLdn="MML00973HUNB001/ULoCell:NodeB Function Name=MML00973HUNB001, Local Cell ID=60211, Cell Name=MRIONN1">
                <measResults>67033 0 86678 0 </measResults>
            </measValue>
            <measValue measObjLdn="MML00973HUNB001/ULoCell:NodeB Function Name=MML00973HUNB001, Local Cell ID=60212, Cell Name=MRIONN2">
                <measResults>91131 0 86876 0 </measResults>
            </measValue>
            <measValue measObjLdn="MML00973HUNB001/ULoCell:NodeB Function Name=MML00973HUNB001, Local Cell ID=60213, Cell Name=MRIONN3">
                <measResults>86000 0 87801 0 </measResults>
            </measValue>
        </measInfo>
        <measInfo measInfoId="50331662">
            <granPeriod duration="PT3600S" endTime="2021-08-17T23:00:00+08:00"/>
            <repPeriod duration="PT3600S"/>
            <measTypes>50332052 50332053 50332054 50332070 50332505 </measTypes>
            <measValue measObjLdn="MML00973HUNB001/ULoCell:NodeB Function Name=MML00973HUNB001, Local Cell ID=10211, Cell Name=MRIONU1">
                <measResults>46 237 935941 0 0 </measResults>
            </measValue>
            <measValue measObjLdn="MML00973HUNB001/ULoCell:NodeB Function Name=MML00973HUNB001, Local Cell ID=10212, Cell Name=MRIONU2">
                <measResults>2 231 855681 0 0 </measResults>
            </measValue>
            <measValue measObjLdn="MML00973HUNB001/ULoCell:NodeB Function Name=MML00973HUNB001, Local Cell ID=10213, Cell Name=MRIONU3">
                <measResults>263 143 805648 0 0 </measResults>
            </measValue>
            <measValue measObjLdn="MML00973HUNB001/ULoCell:NodeB Function Name=MML00973HUNB001, Local Cell ID=50211, Cell Name=MRIONN4">
                <measResults>94 183 464766 0 0 </measResults>
            </measValue>
            <measValue measObjLdn="MML00973HUNB001/ULoCell:NodeB Function Name=MML00973HUNB001, Local Cell ID=50212, Cell Name=MRIONN5">
                <measResults>37 121 426460 0 0 </measResults>
            </measValue>
            <measValue measObjLdn="MML00973HUNB001/ULoCell:NodeB Function Name=MML00973HUNB001, Local Cell ID=50213, Cell Name=MRIONN6">
                <measResults>1 189 456258 0 0 </measResults>
            </measValue>
            <measValue measObjLdn="MML00973HUNB001/ULoCell:NodeB Function Name=MML00973HUNB001, Local Cell ID=60211, Cell Name=MRIONN1">
                <measResults>44 226 928925 0 0 </measResults>
            </measValue>
            <measValue measObjLdn="MML00973HUNB001/ULoCell:NodeB Function Name=MML00973HUNB001, Local Cell ID=60212, Cell Name=MRIONN2">
                <measResults>17 199 1095304 0 0 </measResults>
            </measValue>
            <measValue measObjLdn="MML00973HUNB001/ULoCell:NodeB Function Name=MML00973HUNB001, Local Cell ID=60213, Cell Name=MRIONN3">
                <measResults>0 215 949891 0 0 </measResults>
            </measValue>
        </measInfo>
        <measInfo measInfoId="50331663">
            <granPeriod duration="PT3600S" endTime="2021-08-17T23:00:00+08:00"/>
            <repPeriod duration="PT3600S"/>
            <measTypes>50331917 50332061 50332064 50332065 50332069 50332071 50332072 50332073 50332074 50332079 50332258 50332388 50332389 50332504 50332626 50332632 50332639 50332640 50332641 50332645 50342048 50342049 50342050 50342051 50361705 50361706 50361725 50361726 50361735 50361740 50361743 50361744 50361747 50361749 50361751 50361753 50361755 50361757 50361759 50361761 50361763 50361765 50361767 50361769 50361771 50361773 50361775 50361777 50361779 50361781 50361783 50361785 50361787 50361789 50361791 50361793 50361795 </measTypes>
            <measValue measObjLdn="MML00973HUNB001/ULoCell:NodeB Function Name=MML00973HUNB001, Local Cell ID=10211, Cell Name=MRIONU1">
                <measResults>1000 6 255 0.006 0 0 0 0 0 0 5.102 0 6.3 0 0 0 3595 0 NIL 0 17 197.503 0.002 0 0 0 0 NIL NIL NIL NIL NIL NIL NIL NIL NIL NIL NIL NIL NIL NIL NIL NIL NIL NIL NIL NIL NIL NIL NIL NIL NIL NIL NIL NIL NIL NIL </measResults>
            </measValue>
            <measValue measObjLdn="MML00973HUNB001/ULoCell:NodeB Function Name=MML00973HUNB001, Local Cell ID=10212, Cell Name=MRIONU2">
                <measResults>1000 5 255 0.035 0 0 0 0 0 0 3.876 0 5.196 0 0 0 3595 0 NIL 0 40 143.3 0.011 0 0 0 0 NIL NIL NIL NIL NIL NIL NIL NIL NIL NIL NIL NIL NIL NIL NIL NIL NIL NIL NIL NIL NIL NIL NIL NIL NIL NIL NIL NIL NIL NIL </measResults>
            </measValue>
            <measValue measObjLdn="MML00973HUNB001/ULoCell:NodeB Function Name=MML00973HUNB001, Local Cell ID=10213, Cell Name=MRIONU3">
                <measResults>999.896 4 256 0 0 0 0 0 0 0 3.394 0 4.324 0 0 0 3595 0 NIL 0 20 145.506 0 0 0 0 0 NIL NIL NIL NIL NIL NIL NIL NIL NIL NIL NIL NIL NIL NIL NIL NIL NIL NIL NIL NIL NIL NIL NIL NIL NIL NIL NIL NIL NIL NIL </measResults>
            </measValue>
            <measValue measObjLdn="MML00973HUNB001/ULoCell:NodeB Function Name=MML00973HUNB001, Local Cell ID=50211, Cell Name=MRIONN4">
                <measResults>998.723 10 256 0 0 0 0 0 0 0 1.309 0 6.688 0 0 0 0 0 NIL 0 35 150.724 0 0 0 0 0 NIL NIL NIL NIL NIL NIL NIL NIL NIL NIL NIL NIL NIL NIL NIL NIL NIL NIL NIL NIL NIL NIL NIL NIL NIL NIL NIL NIL NIL NIL </measResults>
            </measValue>
            <measValue measObjLdn="MML00973HUNB001/ULoCell:NodeB Function Name=MML00973HUNB001, Local Cell ID=50212, Cell Name=MRIONN5">
                <measResults>999.121 5 256 0 0 0 0 0 0 0 1.602 0 4.724 0 0 0 0 0 NIL 0 31 97.115 0 0 0 0 0 NIL NIL NIL NIL NIL NIL NIL NIL NIL NIL NIL NIL NIL NIL NIL NIL NIL NIL NIL NIL NIL NIL NIL NIL NIL NIL NIL NIL NIL NIL </measResults>
            </measValue>
            <measValue measObjLdn="MML00973HUNB001/ULoCell:NodeB Function Name=MML00973HUNB001, Local Cell ID=50213, Cell Name=MRIONN6">
                <measResults>999.634 9 256 0 0 0 0 0 0 0 1.484 0 5.692 824.757 0 0 0 0 NIL 0 23 174.303 0 0 0 0 0 NIL NIL NIL NIL NIL NIL NIL NIL NIL NIL NIL NIL NIL NIL NIL NIL NIL NIL NIL NIL NIL NIL NIL NIL NIL NIL NIL NIL NIL NIL </measResults>
            </measValue>
            <measValue measObjLdn="MML00973HUNB001/ULoCell:NodeB Function Name=MML00973HUNB001, Local Cell ID=60211, Cell Name=MRIONN1">
                <measResults>999.994 10 255 0 0 0 0 0 0 0 4.839 0 6.029 0 0 0 0 0 NIL 0 29 149.71 0 0 0 0 0 NIL NIL NIL NIL NIL NIL NIL NIL NIL NIL NIL NIL NIL NIL NIL NIL NIL NIL NIL NIL NIL NIL NIL NIL NIL NIL NIL NIL NIL NIL </measResults>
            </measValue>
            <measValue measObjLdn="MML00973HUNB001/ULoCell:NodeB Function Name=MML00973HUNB001, Local Cell ID=60212, Cell Name=MRIONN2">
                <measResults>827.143 6 255 0 0 0 0 0 0 0 5.978 0 4.831 0 0 0 0 0 NIL 0 15 92.382 0 1.991 0 0 0 1 NIL NIL NIL NIL NIL NIL NIL NIL NIL NIL NIL NIL NIL NIL NIL NIL NIL NIL NIL NIL NIL NIL NIL NIL NIL NIL NIL NIL NIL </measResults>
            </measValue>
            <measValue measObjLdn="MML00973HUNB001/ULoCell:NodeB Function Name=MML00973HUNB001, Local Cell ID=60213, Cell Name=MRIONN3">
                <measResults>989.054 9 255 0 0 0 0 0 0 0 3.917 0 6.315 0 0 0 0 0 NIL 0 31 137.287 0 0 0 0 0 NIL NIL NIL NIL NIL NIL NIL NIL NIL NIL NIL NIL NIL NIL NIL NIL NIL NIL NIL NIL NIL NIL NIL NIL NIL NIL NIL NIL NIL NIL </measResults>
            </measValue>
        </measInfo>
        <measInfo measInfoId="50331665">
            <granPeriod duration="PT3600S" endTime="2021-08-17T23:00:00+08:00"/>
            <repPeriod duration="PT3600S"/>
            <measTypes>50331740 50331741 50331742 50331743 50331744 50331909 50331910 50331911 50331912 50331913 50332381 50332382 50332576 50332577 </measTypes>
            <measValue measObjLdn="MML00973HUNB001/ULoCell:NodeB Function Name=MML00973HUNB001, Local Cell ID=10211, Cell Name=MRIONU1">
                <measResults>0 0 0 0 0 0 0 0 0 0 0 0 0 0 </measResults>
            </measValue>
            <measValue measObjLdn="MML00973HUNB001/ULoCell:NodeB Function Name=MML00973HUNB001, Local Cell ID=10212, Cell Name=MRIONU2">
                <measResults>0 0 0 0 0 0 0 0 0 0 0 0 0 0 </measResults>
            </measValue>
            <measValue measObjLdn="MML00973HUNB001/ULoCell:NodeB Function Name=MML00973HUNB001, Local Cell ID=10213, Cell Name=MRIONU3">
                <measResults>0 0 0 0 0 0 0 0 0 0 0 0 0 0 </measResults>
            </measValue>
            <measValue measObjLdn="MML00973HUNB001/ULoCell:NodeB Function Name=MML00973HUNB001, Local Cell ID=50211, Cell Name=MRIONN4">
                <measResults>0 0 0 0 0 0 0 0 0 0 0 0 0 0 </measResults>
            </measValue>
            <measValue measObjLdn="MML00973HUNB001/ULoCell:NodeB Function Name=MML00973HUNB001, Local Cell ID=50212, Cell Name=MRIONN5">
                <measResults>0 0 0 0 0 0 0 0 0 0 0 0 0 0 </measResults>
            </measValue>
            <measValue measObjLdn="MML00973HUNB001/ULoCell:NodeB Function Name=MML00973HUNB001, Local Cell ID=50213, Cell Name=MRIONN6">
                <measResults>0 0 0 0 0 0 0 0 0 0 0 0 0 0 </measResults>
            </measValue>
            <measValue measObjLdn="MML00973HUNB001/ULoCell:NodeB Function Name=MML00973HUNB001, Local Cell ID=60211, Cell Name=MRIONN1">
                <measResults>0 0 0 0 0 0 0 0 0 0 0 0 0 0 </measResults>
            </measValue>
            <measValue measObjLdn="MML00973HUNB001/ULoCell:NodeB Function Name=MML00973HUNB001, Local Cell ID=60212, Cell Name=MRIONN2">
                <measResults>0 0 0 0 0 0 0 0 0 0 0 0 0 0 </measResults>
            </measValue>
            <measValue measObjLdn="MML00973HUNB001/ULoCell:NodeB Function Name=MML00973HUNB001, Local Cell ID=60213, Cell Name=MRIONN3">
                <measResults>0 0 0 0 0 0 0 0 0 0 0 0 0 0 </measResults>
            </measValue>
        </measInfo>
        <measInfo measInfoId="50331673">
            <granPeriod duration="PT3600S" endTime="2021-08-17T23:00:00+08:00"/>
            <repPeriod duration="PT3600S"/>
            <measTypes>50332055 50332056 50332057 50332058 50332059 50332060 50332278 50332279 50332280 50332281 50332282 50332283 50332284 50332285 50332286 50361648 50361649 50361650 50361651 </measTypes>
            <measValue measObjLdn="MML00973HUNB001/ULoCell:NodeB Function Name=MML00973HUNB001, Local Cell ID=10211, Cell Name=MRIONU1">
                <measResults>124 49 13 0 0 0 22 23 12 22 21 2 2 33 20 0 0 0 0 </measResults>
            </measValue>
            <measValue measObjLdn="MML00973HUNB001/ULoCell:NodeB Function Name=MML00973HUNB001, Local Cell ID=10212, Cell Name=MRIONU2">
                <measResults>157 42 16 0 0 0 20 17 10 21 20 1 2 25 14 0 0 0 0 </measResults>
            </measValue>
            <measValue measObjLdn="MML00973HUNB001/ULoCell:NodeB Function Name=MML00973HUNB001, Local Cell ID=10213, Cell Name=MRIONU3">
                <measResults>115 50 18 0 0 0 15 17 8 17 20 1 3 19 28 0 0 0 0 </measResults>
            </measValue>
            <measValue measObjLdn="MML00973HUNB001/ULoCell:NodeB Function Name=MML00973HUNB001, Local Cell ID=50211, Cell Name=MRIONN4">
                <measResults>63 10 5 0 0 0 18 19 26 49 41 7 6 64 30 0 0 0 0 </measResults>
            </measValue>
            <measValue measObjLdn="MML00973HUNB001/ULoCell:NodeB Function Name=MML00973HUNB001, Local Cell ID=50212, Cell Name=MRIONN5">
                <measResults>54 8 6 0 0 0 12 12 14 29 17 4 2 30 15 0 0 0 0 </measResults>
            </measValue>
            <measValue measObjLdn="MML00973HUNB001/ULoCell:NodeB Function Name=MML00973HUNB001, Local Cell ID=50213, Cell Name=MRIONN6">
                <measResults>72 11 4 0 0 0 14 18 22 39 45 4 8 52 54 0 0 0 0 </measResults>
            </measValue>
            <measValue measObjLdn="MML00973HUNB001/ULoCell:NodeB Function Name=MML00973HUNB001, Local Cell ID=60211, Cell Name=MRIONN1">
                <measResults>70 19 8 0 0 0 48 39 22 50 19 8 3 62 13 0 0 0 0 </measResults>
            </measValue>
            <measValue measObjLdn="MML00973HUNB001/ULoCell:NodeB Function Name=MML00973HUNB001, Local Cell ID=60212, Cell Name=MRIONN2">
                <measResults>60 24 10 0 0 0 43 29 10 24 6 3 1 23 4 0 0 0 0 </measResults>
            </measValue>
            <measValue measObjLdn="MML00973HUNB001/ULoCell:NodeB Function Name=MML00973HUNB001, Local Cell ID=60213, Cell Name=MRIONN3">
                <measResults>72 19 9 0 0 0 31 32 20 40 26 6 5 49 22 0 0 0 0 </measResults>
            </measValue>
        </measInfo>
        <measInfo measInfoId="50331674">
            <granPeriod duration="PT3600S" endTime="2021-08-17T23:00:00+08:00"/>
            <repPeriod duration="PT3600S"/>
            <measTypes>50332161 50332162 50332163 50332164 50332165 50341718 50341719 50341720 50341721 </measTypes>
            <measValue measObjLdn="MML00973HUNB001/ULoCell:NodeB Function Name=MML00973HUNB001, Local Cell ID=10211, Cell Name=MRIONU1">
                <measResults>0 0 0 0 0 0 0 0 0 </measResults>
            </measValue>
            <measValue measObjLdn="MML00973HUNB001/ULoCell:NodeB Function Name=MML00973HUNB001, Local Cell ID=10212, Cell Name=MRIONU2">
                <measResults>0 0 0 0 0 0 0 0 0 </measResults>
            </measValue>
            <measValue measObjLdn="MML00973HUNB001/ULoCell:NodeB Function Name=MML00973HUNB001, Local Cell ID=10213, Cell Name=MRIONU3">
                <measResults>0 0 0 0 0 0 0 0 0 </measResults>
            </measValue>
            <measValue measObjLdn="MML00973HUNB001/ULoCell:NodeB Function Name=MML00973HUNB001, Local Cell ID=50211, Cell Name=MRIONN4">
                <measResults>0 0 0 0 0 0 0 0 0 </measResults>
            </measValue>
            <measValue measObjLdn="MML00973HUNB001/ULoCell:NodeB Function Name=MML00973HUNB001, Local Cell ID=50212, Cell Name=MRIONN5">
                <measResults>0 0 0 0 0 0 0 0 0 </measResults>
            </measValue>
            <measValue measObjLdn="MML00973HUNB001/ULoCell:NodeB Function Name=MML00973HUNB001, Local Cell ID=50213, Cell Name=MRIONN6">
                <measResults>0 0 0 0 0 0 0 0 0 </measResults>
            </measValue>
            <measValue measObjLdn="MML00973HUNB001/ULoCell:NodeB Function Name=MML00973HUNB001, Local Cell ID=60211, Cell Name=MRIONN1">
                <measResults>0 0 0 0 0 0 0 0 0 </measResults>
            </measValue>
            <measValue measObjLdn="MML00973HUNB001/ULoCell:NodeB Function Name=MML00973HUNB001, Local Cell ID=60212, Cell Name=MRIONN2">
                <measResults>0 0 0 0 0 0 0 0 0 </measResults>
            </measValue>
            <measValue measObjLdn="MML00973HUNB001/ULoCell:NodeB Function Name=MML00973HUNB001, Local Cell ID=60213, Cell Name=MRIONN3">
                <measResults>0 0 0 0 0 0 0 0 0 </measResults>
            </measValue>
        </measInfo>
        <measInfo measInfoId="50331676">
            <granPeriod duration="PT3600S" endTime="2021-08-17T23:00:00+08:00"/>
            <repPeriod duration="PT3600S"/>
            <measTypes>50331747 50332175 50332176 50332177 50332178 50332179 50332180 50332181 50332182 50332183 50332184 50332185 50332186 50332187 50332188 50332189 50332190 50332192 50332193 50332194 50332195 50332196 50332197 50332198 50332199 50332200 50332201 50332202 50332203 50332204 50332205 50332206 50332207 50332208 50332209 50332210 50332211 50332212 50332213 50332214 50332219 50332232 50332233 50332234 50332235 50332236 50332237 50332238 50332245 50332246 50332648 50332649 50332650 50332651 50332652 50332653 50332654 50332655 50332656 50332657 50332658 50332670 50332848 50332849 50332850 50332853 50332854 50332855 50332856 50332865 50332866 50332867 50332868 50332869 50332870 50332871 50332872 50332873 50332874 50332875 50332876 50332877 50332878 50332879 50332880 50332881 50332882 50332883 50332884 50332885 50332886 50332887 50332888 50332889 50332890 50332891 50332892 50332894 50332895 50332896 50332897 50332898 50332899 50332900 50332901 50332902 50332903 50332904 50332905 50332906 50332907 50332908 50332909 50332910 50332943 50332944 50332945 50332946 50332947 50332948 50332949 50332950 50332951 50332952 50332953 50332954 50332955 50332956 50332957 50332958 50332959 50332960 50332961 50332962 50332963 50332964 50332965 50332966 50332967 50332968 50332969 50332970 50332971 50332972 50332973 50332974 50332985 50332986 50332987 50332990 50341723 50341741 50341742 50341743 50341748 50341749 50341750 50341751 50341752 50341753 50341754 50341755 50341756 50341757 50341758 50341759 </measTypes>
            <measValue measObjLdn="MML00973HUNB001/ULoCell:NodeB Function Name=MML00973HUNB001, Local Cell ID=10211, Cell Name=MRIONU1">
                <measResults>10138278184 203468 70247 40425 36310 35743 44316 13191 55375 21691 75982 216344 585424 388367 13117 0 0 0 9693948789 90567 0 49753 0 0 0 0 2454 892582 1251999 15823 3528 3458 1611 876 563 721 473 76 7 4 3099507920 10157222635 5363566 12145042320 2251718 899890 1088990 618061 510409739 646481 2310580 1083990 813385 253723 118854 63245 80562 39954 3582 3 0 1373308 0 0 0 634933 88 117 54564 0 0 0 0 0 0 0 0 0 24703 43136 0 385545404 2943146904 1982639880 2432705443 1178698 2414528 850954 574157 0 0 0 0 4036444 8317 7637 0 0 0 0 0 0 0 0 0 0 0 0 0 0 0 0 0 0 0 0 0 0 0 0 0 0 0 0 0 0 0 0 0 0 NIL NIL NIL NIL NIL NIL NIL NIL NIL NIL NIL NIL NIL NIL NIL NIL 0 0 0 5306594 13.847 NIL 0 0 983221.063 1577076.125 2245966.25 1238356.375 817007.063 565629.563 942724.625 652888.125 75456.492 95.064 0 6538123.5 </measResults>
            </measValue>
            <measValue measObjLdn="MML00973HUNB001/ULoCell:NodeB Function Name=MML00973HUNB001, Local Cell ID=10212, Cell Name=MRIONU2">
                <measResults>5226654224 565015 168819 89288 55122 59936 64072 17910 60243 26764 68604 59695 317965 239427 7140 0 0 0 4507416567 181971 0 40295 0 0 0 0 1186 319094 633832 12088 2116 2871 1757 1111 701 570 171 19 1 1 233051512 5173811463 2898785 6594668416 1788986 1023371 683474 199147 422142834 710842 1261317 322666 384508 190570 96736 53870 32280 5783 99 1 0 763847 0 0 0 542319 186 84 131201 0 0 0 0 0 0 0 0 0 5079 4144 0 413854356 1237646543 2026515224 1348859788 1059347 913950 615173 283209 0 0 0 0 4852594 12504 10255 0 0 0 0 0 0 0 0 0 0 0 0 0 0 0 0 0 0 0 0 0 0 0 0 0 0 0 0 0 0 0 0 0 0 NIL NIL NIL NIL NIL NIL NIL NIL NIL NIL NIL NIL NIL NIL NIL NIL 0 0 0 2720286 12.21 NIL 0 0 366300.875 477192.188 1105188.125 934988.688 672706.063 477402.25 366597.375 88429.914 2151.024 32.848 0 3647496.25 </measResults>
            </measValue>
            <measValue measObjLdn="MML00973HUNB001/ULoCell:NodeB Function Name=MML00973HUNB001, Local Cell ID=10213, Cell Name=MRIONU3">
                <measResults>6040829672 505607 134173 77949 70542 74692 79844 20367 71102 21779 67795 34425 211766 398153 31806 0 0 0 5411275399 157770 0 46477 0 0 0 0 1702 393191 768308 12583 2141 1922 924 547 320 482 426 114 8 1 1388999400 6034743212 3429158 7599939779 2090905 485021 447955 250650 586379198 1132723 1594317 469761 409165 167750 86786 36509 39151 30666 5884 14 0 775925 0 0 0 576393 68 78 104105 0 0 0 0 0 0 0 0 0 0 0 0 545033671 1462786794 1287990260 1450030066 1363017 1088850 431679 318248 0 0 0 0 3871827 10116 7974 0 0 0 0 0 0 0 0 0 0 0 0 0 0 0 0 0 0 0 0 0 0 0 0 0 0 0 0 0 0 0 0 0 0 NIL NIL NIL NIL NIL NIL NIL NIL NIL NIL NIL NIL NIL NIL NIL NIL 0 0 0 3294558 10.226 NIL 0 0 571052.063 680595.75 1151712 806655.813 597468.188 322926.063 462029.906 501209.969 131708.203 443.976 0 3974154 </measResults>
            </measValue>
            <measValue measObjLdn="MML00973HUNB001/ULoCell:NodeB Function Name=MML00973HUNB001, Local Cell ID=50211, Cell Name=MRIONN4">
                <measResults>8332705744 597490 150641 38732 24685 18487 20170 11097 24560 14868 35754 23561 119335 617510 103110 0 0 0 8371943608 11961 0 36124 0 0 0 0 1863 400311 510660 10782 1709 2925 2106 1760 1374 1881 868 107 8 4 1129132208 8386458854 2432368 9758927119 681226 1450120 1862476 1143148 332768201 248289 421230 248422 397636 228293 187661 115207 106754 39107 2084 4 0 1076746 0 0 0 166271 35 49 199797 0 0 0 0 0 0 0 0 0 3759 336 0 32861610 589002127 2970015219 3294192601 109711 568928 869283 641696 0 0 0 0 2676080 5521 3871 0 0 0 0 0 0 0 0 0 0 0 0 0 0 0 0 0 0 0 0 0 0 0 0 0 0 0 0 0 0 0 0 0 0 NIL NIL NIL NIL NIL NIL NIL NIL NIL NIL NIL NIL NIL NIL NIL NIL 0 0 0 2232792 13.52 NIL 0 0 130015.258 374141.219 1164434.75 1122322.75 1308792.75 1029924.438 1241763 620579.313 44487.137 122.304 0 6532426.5 </measResults>
            </measValue>
            <measValue measObjLdn="MML00973HUNB001/ULoCell:NodeB Function Name=MML00973HUNB001, Local Cell ID=50212, Cell Name=MRIONN5">
                <measResults>3190687648 1071803 168136 31395 23430 16578 19119 8482 22953 9811 32553 14608 66340 233466 81326 0 0 0 3169913648 14966 0 19974 0 0 0 0 289 95377 158067 6562 762 1389 998 707 595 766 336 51 5 0 470451016 3179130564 1084651 4106713916 603756 866205 1223922 797692 402343178 219519 168185 92498 185910 102634 54958 29185 43686 17518 2045 0 0 435936 0 0 0 205029 13 15 184595 0 0 0 0 0 0 0 0 0 3186 0 0 31759634 675366989 843606311 1005747598 88524 383781 252460 241858 0 0 0 0 3240616 10841 5325 0 0 0 0 0 0 0 0 0 0 0 0 0 0 0 0 0 0 0 0 0 0 0 0 0 0 0 0 0 0 0 0 0 0 NIL NIL NIL NIL NIL NIL NIL NIL NIL NIL NIL NIL NIL NIL NIL NIL 0 0 0 876687 10.252 NIL 0 0 41563.176 138909.109 560059.688 502327.219 379179.5 261483.969 508925.344 285315.094 44411.457 0 0 2541702.25 </measResults>
            </measValue>
            <measValue measObjLdn="MML00973HUNB001/ULoCell:NodeB Function Name=MML00973HUNB001, Local Cell ID=50213, Cell Name=MRIONN6">
                <measResults>10668679064 433741 88488 23606 17803 13681 21545 11133 37353 15864 61203 29862 125071 729488 191162 0 0 0 10684800176 31369 0 24820 0 0 0 0 1727 602047 774777 10689 1887 2715 1671 1116 788 1174 847 187 19 9 3527235464 10695774479 3255514 12855612620 975244 1265663 1034634 796860 1748509218 834026 725098 502546 619261 329550 175245 99123 131955 77693 10486 26 0 1443339 0 0 0 331103 84 121 107072 0 0 0 0 0 0 0 0 0 0 0 0 37298003 1108301223 2614989429 3021489601 164912 1018186 984496 622171 0 0 0 0 1153016 6217 2434 0 0 0 0 0 0 0 0 0 0 0 0 0 0 0 0 0 0 0 0 0 0 0 0 0 0 0 0 0 0 0 0 0 0 NIL NIL NIL NIL NIL NIL NIL NIL NIL NIL NIL NIL NIL NIL NIL NIL 0 0 0 3149428 11.001 NIL 0 0 273546.719 744927.813 1782897.625 1617026.75 1206741.625 885692 1548846.875 1254081.875 242106.047 823.176 0 8538216 </measResults>
            </measValue>
            <measValue measObjLdn="MML00973HUNB001/ULoCell:NodeB Function Name=MML00973HUNB001, Local Cell ID=60211, Cell Name=MRIONN1">
                <measResults>7593861976 616975 144897 40051 23408 18485 23326 12061 29873 19116 52957 51651 410314 355689 1197 0 0 0 7462250229 63326 0 25615 0 0 0 0 2671 367176 484615 10808 1452 2319 1688 1137 758 1269 994 151 13 11 2197431968 7619598397 2341636 9245713705 1550705 1182020 1075538 369489 418421457 276131 523197 266818 383005 236402 116552 69644 89336 68075 5622 7 0 968643 0 0 0 293683 15 93 165187 0 0 0 0 0 0 0 0 0 6478 5336 0 498787012 2080250809 1745461965 2416648105 557050 873208 425260 396120 0 0 0 0 4829402 16683 9434 0 0 0 0 0 0 0 0 0 0 0 0 0 0 0 0 0 0 0 0 0 0 0 0 0 0 0 0 0 0 0 0 0 0 NIL NIL NIL NIL NIL NIL NIL NIL NIL NIL NIL NIL NIL NIL NIL NIL 0 0 0 2153144 12.528 NIL 0 0 157310.156 402411.875 1109899.75 1159368.375 801572.563 622620.188 1064308.625 1109641.25 120458.516 225.392 0 5988094.5 </measResults>
            </measValue>
            <measValue measObjLdn="MML00973HUNB001/ULoCell:NodeB Function Name=MML00973HUNB001, Local Cell ID=60212, Cell Name=MRIONN2">
                <measResults>2767514084 1211495 186188 43500 20785 13918 16087 6991 13037 9028 19235 21006 132541 103314 2875 0 0 0 2645136402 55927 0 14985 0 0 0 0 122 67417 94689 4936 341 585 683 641 501 1014 683 62 11 3 583373464 2737323593 843613 3436475507 702268 688488 905789 295109 183787470 198039 166581 31978 53833 49566 40528 36354 54118 31182 295 3 0 265879 0 0 0 98743 4 46 192317 0 0 0 0 0 0 0 0 0 10534 0 0 145383805 466375813 940728938 999389516 168939 279435 192297 186745 0 0 0 0 6541500 33126 15889 0 0 0 0 0 0 0 0 0 0 0 0 0 0 0 0 0 0 0 0 0 0 0 0 0 0 0 0 0 0 0 0 0 0 NIL NIL NIL NIL NIL NIL NIL NIL NIL NIL NIL NIL NIL NIL NIL NIL 0 0 0 585684 11.308 NIL 0 0 16343.581 46927.75 157128.359 249104.469 279737.125 329591.656 650975.813 487218.938 6485.434 90.64 0 2160332.5 </measResults>
            </measValue>
            <measValue measObjLdn="MML00973HUNB001/ULoCell:NodeB Function Name=MML00973HUNB001, Local Cell ID=60213, Cell Name=MRIONN3">
                <measResults>8322412736 726201 187336 53826 25156 14302 16600 10266 17574 14849 29094 79469 421618 201468 2241 0 0 0 8107735200 95693 0 41150 0 0 0 0 1500 284284 334009 11016 916 1525 1310 1177 936 1735 1066 142 11 5 2638871992 8321446265 1991226 9891724784 1358185 1228025 1071280 428944 771681892 343227 404416 90023 176261 154439 130157 104131 187037 91553 7997 9 0 851584 0 0 0 97658 29 81 224128 0 0 0 0 0 0 0 0 0 1575 2392 0 154114644 1045024406 2802607707 3564058653 275852 621602 541643 466692 0 0 0 0 6854154 35904 17056 0 0 0 0 0 0 0 0 0 0 0 0 0 0 0 0 0 0 0 0 0 0 0 0 0 0 0 0 0 0 0 0 0 0 NIL NIL NIL NIL NIL NIL NIL NIL NIL NIL NIL NIL NIL NIL NIL NIL 0 0 0 1726337 14.383 NIL 0 0 53229.438 137245.484 521855.313 770623 909278 940578.438 2181639 1476796 172589.125 273.552 0 6973632.5 </measResults>
            </measValue>
        </measInfo>
        <measInfo measInfoId="50331649">
            <granPeriod duration="PT3600S" endTime="2021-08-17T23:00:00+08:00"/>
            <repPeriod duration="PT3600S"/>
            <measTypes>50332578 50332579 50332580 50332581 50342578 50342579 50342580 50342581 </measTypes>
            <measValue measObjLdn="MML00973HUNB001/NodeBFunction:NodeB Function Name=MML00973HUNB001">
                <measResults>14.112 4.19 14.116 137.411 20.2 7.8 20.2 177.4 </measResults>
            </measValue>
        </measInfo>
        <measInfo measInfoId="50331654">
            <granPeriod duration="PT3600S" endTime="2021-08-17T23:00:00+08:00"/>
            <repPeriod duration="PT3600S"/>
            <measTypes>50332565 50332566 50332633 50332635 </measTypes>
            <measValue measObjLdn="MML00973HUNB001/NodeBFunction:NodeB Function Name=MML00973HUNB001">
                <measResults>3072 1792 0 0 </measResults>
            </measValue>
        </measInfo>
        <measInfo measInfoId="50331664">
            <granPeriod duration="PT3600S" endTime="2021-08-17T23:00:00+08:00"/>
            <repPeriod duration="PT3600S"/>
            <measTypes>50332572 50332585 50332587 50332588 50332589 50332590 50332617 50332618 50332625 </measTypes>
            <measValue measObjLdn="MML00973HUNB001/NodeBFunction:NodeB Function Name=MML00973HUNB001">
                <measResults>4 0 66 66 0 48 0 0 6 </measResults>
            </measValue>
        </measInfo>
        <measInfo measInfoId="50331666">
            <granPeriod duration="PT3600S" endTime="2021-08-17T23:00:00+08:00"/>
            <repPeriod duration="PT3600S"/>
            <measTypes>50332567 50332568 50332569 50332570 50332571 </measTypes>
            <measValue measObjLdn="MML00973HUNB001/NodeBFunction:NodeB Function Name=MML00973HUNB001">
                <measResults>0 0 0 0 0 </measResults>
            </measValue>
        </measInfo>
        <measInfo measInfoId="50331681">
            <granPeriod duration="PT3600S" endTime="2021-08-17T23:00:00+08:00"/>
            <repPeriod duration="PT3600S"/>
            <measTypes>50342640 50342641 50342642 50342643 50342644 50342645 50342646 50342647 </measTypes>
            <measValue measObjLdn="MML00973HUNB001/NodeBFunction:NodeB Function Name=MML00973HUNB001">
                <measResults>25842722 28380259 2356051298 9048738699 9388611 5250253 29569883 20164320 </measResults>
            </measValue>
        </measInfo>
        <measInfo measInfoId="50331652">
            <granPeriod duration="PT3600S" endTime="2021-08-17T23:00:00+08:00"/>
            <repPeriod duration="PT3600S"/>
            <measTypes>50332555 50332556 50332557 50332558 50332559 50332560 50332561 50332562 50332563 50332564 50332593 50332594 50342555 50342556 50342561 50342562 50342563 50342564 50342567 50342568 50342569 50342570 50342571 50342572 50342618 50342619 50342621 50342622 50342624 50342625 50342627 50342628 </measTypes>
            <measValue measObjLdn="MML00973HUNB001/NodeBFunction:NodeB Function Name=MML00973HUNB001/MocID:2/CnOperator:-1">
                <measResults>0 0 0 0 5552 4048 353.905 161.676 0 160.245 0 0 0 0 433.5 205 0 208 132 291.5 122 0 0 0 0 0 0 0 0 0 0 0 </measResults>
            </measValue>
        </measInfo>
        <measInfo measInfoId="50331667">
            <granPeriod duration="PT3600S" endTime="2021-08-17T23:00:00+08:00"/>
            <repPeriod duration="PT3600S"/>
            <measTypes>50332591 50332592 50332595 50332596 50332597 </measTypes>
            <measValue measObjLdn="MML00973HUNB001/NodeBFunction:NodeB Function Name=MML00973HUNB001/MocID:2/CnOperator:-1">
                <measResults>0 0 0 0 0 </measResults>
            </measValue>
        </measInfo>
        <measInfo measInfoId="50331668">
            <granPeriod duration="PT3600S" endTime="2021-08-17T23:00:00+08:00"/>
            <repPeriod duration="PT3600S"/>
            <measTypes>50332348 50332349 </measTypes>
            <measValue measObjLdn="MML00973HUNB001/LOCELL_SECTOREQM:NodeB Function Name=MML00973HUNB001, Local Cell ID=10211, Sector Equipment ID=0">
                <measResults>0 0 </measResults>
            </measValue>
            <measValue measObjLdn="MML00973HUNB001/LOCELL_SECTOREQM:NodeB Function Name=MML00973HUNB001, Local Cell ID=10212, Sector Equipment ID=1">
                <measResults>0 0 </measResults>
            </measValue>
            <measValue measObjLdn="MML00973HUNB001/LOCELL_SECTOREQM:NodeB Function Name=MML00973HUNB001, Local Cell ID=10213, Sector Equipment ID=2">
                <measResults>0 0 </measResults>
            </measValue>
            <measValue measObjLdn="MML00973HUNB001/LOCELL_SECTOREQM:NodeB Function Name=MML00973HUNB001, Local Cell ID=50211, Sector Equipment ID=6">
                <measResults>0 0 </measResults>
            </measValue>
            <measValue measObjLdn="MML00973HUNB001/LOCELL_SECTOREQM:NodeB Function Name=MML00973HUNB001, Local Cell ID=50212, Sector Equipment ID=7">
                <measResults>0 0 </measResults>
            </measValue>
            <measValue measObjLdn="MML00973HUNB001/LOCELL_SECTOREQM:NodeB Function Name=MML00973HUNB001, Local Cell ID=50213, Sector Equipment ID=8">
                <measResults>0 0 </measResults>
            </measValue>
            <measValue measObjLdn="MML00973HUNB001/LOCELL_SECTOREQM:NodeB Function Name=MML00973HUNB001, Local Cell ID=60211, Sector Equipment ID=10">
                <measResults>0 0 </measResults>
            </measValue>
            <measValue measObjLdn="MML00973HUNB001/LOCELL_SECTOREQM:NodeB Function Name=MML00973HUNB001, Local Cell ID=60212, Sector Equipment ID=11">
                <measResults>0 0 </measResults>
            </measValue>
            <measValue measObjLdn="MML00973HUNB001/LOCELL_SECTOREQM:NodeB Function Name=MML00973HUNB001, Local Cell ID=60213, Sector Equipment ID=12">
                <measResults>0 0 </measResults>
            </measValue>
        </measInfo>
        <measInfo measInfoId="50331669">
            <granPeriod duration="PT3600S" endTime="2021-08-17T23:00:00+08:00"/>
            <repPeriod duration="PT3600S"/>
            <measTypes>50332350 50332351 50332352 50332353 </measTypes>
            <measValue measObjLdn="MML00973HUNB001/LOCELL_SECTOREQM:NodeB Function Name=MML00973HUNB001, Local Cell ID=10211, Sector Equipment ID=0">
                <measResults>66814 164 65557 65650 </measResults>
            </measValue>
            <measValue measObjLdn="MML00973HUNB001/LOCELL_SECTOREQM:NodeB Function Name=MML00973HUNB001, Local Cell ID=10212, Sector Equipment ID=1">
                <measResults>45144 124 43625 43673 </measResults>
            </measValue>
            <measValue measObjLdn="MML00973HUNB001/LOCELL_SECTOREQM:NodeB Function Name=MML00973HUNB001, Local Cell ID=10213, Sector Equipment ID=2">
                <measResults>70801 482 67209 67282 </measResults>
            </measValue>
            <measValue measObjLdn="MML00973HUNB001/LOCELL_SECTOREQM:NodeB Function Name=MML00973HUNB001, Local Cell ID=50211, Sector Equipment ID=6">
                <measResults>58787 378 56552 56738 </measResults>
            </measValue>
            <measValue measObjLdn="MML00973HUNB001/LOCELL_SECTOREQM:NodeB Function Name=MML00973HUNB001, Local Cell ID=50212, Sector Equipment ID=7">
                <measResults>46033 395 41744 41989 </measResults>
            </measValue>
            <measValue measObjLdn="MML00973HUNB001/LOCELL_SECTOREQM:NodeB Function Name=MML00973HUNB001, Local Cell ID=50213, Sector Equipment ID=8">
                <measResults>38200 258 36059 36145 </measResults>
            </measValue>
            <measValue measObjLdn="MML00973HUNB001/LOCELL_SECTOREQM:NodeB Function Name=MML00973HUNB001, Local Cell ID=60211, Sector Equipment ID=10">
                <measResults>51371 166 49014 49260 </measResults>
            </measValue>
            <measValue measObjLdn="MML00973HUNB001/LOCELL_SECTOREQM:NodeB Function Name=MML00973HUNB001, Local Cell ID=60212, Sector Equipment ID=11">
                <measResults>71141 364 66731 67510 </measResults>
            </measValue>
            <measValue measObjLdn="MML00973HUNB001/LOCELL_SECTOREQM:NodeB Function Name=MML00973HUNB001, Local Cell ID=60213, Sector Equipment ID=12">
                <measResults>63722 339 60871 61297 </measResults>
            </measValue>
        </measInfo>
        <measInfo measInfoId="50331670">
            <granPeriod duration="PT3600S" endTime="2021-08-17T23:00:00+08:00"/>
            <repPeriod duration="PT3600S"/>
            <measTypes>50332354 50332355 </measTypes>
            <measValue measObjLdn="MML00973HUNB001/LOCELL_SECTOREQM:NodeB Function Name=MML00973HUNB001, Local Cell ID=10211, Sector Equipment ID=0">
                <measResults>0 0 </measResults>
            </measValue>
            <measValue measObjLdn="MML00973HUNB001/LOCELL_SECTOREQM:NodeB Function Name=MML00973HUNB001, Local Cell ID=10212, Sector Equipment ID=1">
                <measResults>0 0 </measResults>
            </measValue>
            <measValue measObjLdn="MML00973HUNB001/LOCELL_SECTOREQM:NodeB Function Name=MML00973HUNB001, Local Cell ID=10213, Sector Equipment ID=2">
                <measResults>0 0 </measResults>
            </measValue>
            <measValue measObjLdn="MML00973HUNB001/LOCELL_SECTOREQM:NodeB Function Name=MML00973HUNB001, Local Cell ID=50211, Sector Equipment ID=6">
                <measResults>0 0 </measResults>
            </measValue>
            <measValue measObjLdn="MML00973HUNB001/LOCELL_SECTOREQM:NodeB Function Name=MML00973HUNB001, Local Cell ID=50212, Sector Equipment ID=7">
                <measResults>0 0 </measResults>
            </measValue>
            <measValue measObjLdn="MML00973HUNB001/LOCELL_SECTOREQM:NodeB Function Name=MML00973HUNB001, Local Cell ID=50213, Sector Equipment ID=8">
                <measResults>0 0 </measResults>
            </measValue>
            <measValue measObjLdn="MML00973HUNB001/LOCELL_SECTOREQM:NodeB Function Name=MML00973HUNB001, Local Cell ID=60211, Sector Equipment ID=10">
                <measResults>0 0 </measResults>
            </measValue>
            <measValue measObjLdn="MML00973HUNB001/LOCELL_SECTOREQM:NodeB Function Name=MML00973HUNB001, Local Cell ID=60212, Sector Equipment ID=11">
                <measResults>0 0 </measResults>
            </measValue>
            <measValue measObjLdn="MML00973HUNB001/LOCELL_SECTOREQM:NodeB Function Name=MML00973HUNB001, Local Cell ID=60213, Sector Equipment ID=12">
                <measResults>0 0 </measResults>
            </measValue>
        </measInfo>
        <measInfo measInfoId="50331672">
            <granPeriod duration="PT3600S" endTime="2021-08-17T23:00:00+08:00"/>
            <repPeriod duration="PT3600S"/>
            <measTypes>50342590 50342591 50342592 50342593 50342594 50342595 50342596 50342597 </measTypes>
            <measValue measObjLdn="MML00973HUNB001/LOCELL_SECTOREQM:NodeB Function Name=MML00973HUNB001, Local Cell ID=10211, Sector Equipment ID=0">
                <measResults>-102.998 -102.294 -102.12 -102.731 -104.5 -104 -103.7 -104.5 </measResults>
            </measValue>
            <measValue measObjLdn="MML00973HUNB001/LOCELL_SECTOREQM:NodeB Function Name=MML00973HUNB001, Local Cell ID=10212, Sector Equipment ID=1">
                <measResults>-102.299 -102.502 -101.548 -102.225 -103.8 -104.1 -103.2 -103.6 </measResults>
            </measValue>
            <measValue measObjLdn="MML00973HUNB001/LOCELL_SECTOREQM:NodeB Function Name=MML00973HUNB001, Local Cell ID=10213, Sector Equipment ID=2">
                <measResults>-102.65 -103.183 -101.818 -102.617 -104.6 -104.5 -103.5 -104.4 </measResults>
            </measValue>
            <measValue measObjLdn="MML00973HUNB001/LOCELL_SECTOREQM:NodeB Function Name=MML00973HUNB001, Local Cell ID=50211, Sector Equipment ID=6">
                <measResults>-89.997 -90.406 NIL NIL -92.4 -92.7 NIL NIL </measResults>
            </measValue>
            <measValue measObjLdn="MML00973HUNB001/LOCELL_SECTOREQM:NodeB Function Name=MML00973HUNB001, Local Cell ID=50212, Sector Equipment ID=7">
                <measResults>-87.325 -87.706 NIL NIL -88.8 -89.3 NIL NIL </measResults>
            </measValue>
            <measValue measObjLdn="MML00973HUNB001/LOCELL_SECTOREQM:NodeB Function Name=MML00973HUNB001, Local Cell ID=50213, Sector Equipment ID=8">
                <measResults>-89.843 -88.963 NIL NIL -93.1 -93 NIL NIL </measResults>
            </measValue>
            <measValue measObjLdn="MML00973HUNB001/LOCELL_SECTOREQM:NodeB Function Name=MML00973HUNB001, Local Cell ID=60211, Sector Equipment ID=10">
                <measResults>-88.896 -89.327 NIL NIL -90.7 -91.5 NIL NIL </measResults>
            </measValue>
            <measValue measObjLdn="MML00973HUNB001/LOCELL_SECTOREQM:NodeB Function Name=MML00973HUNB001, Local Cell ID=60212, Sector Equipment ID=11">
                <measResults>-80.145 -81.151 NIL NIL -81.7 -82.5 NIL NIL </measResults>
            </measValue>
            <measValue measObjLdn="MML00973HUNB001/LOCELL_SECTOREQM:NodeB Function Name=MML00973HUNB001, Local Cell ID=60213, Sector Equipment ID=12">
                <measResults>-86.944 -87.508 NIL NIL -89.5 -90.4 NIL NIL </measResults>
            </measValue>
        </measInfo>
        <measInfo measInfoId="50331682">
            <granPeriod duration="PT3600S" endTime="2021-08-17T23:00:00+08:00"/>
            <repPeriod duration="PT3600S"/>
            <measTypes>50332602 50332603 50332615 50332616 </measTypes>
            <measValue measObjLdn="MML00973HUNB001/LOCELL_SECTOREQM:NodeB Function Name=MML00973HUNB001, Local Cell ID=10211, Sector Equipment ID=0">
                <measResults>177 172 214 168 </measResults>
            </measValue>
            <measValue measObjLdn="MML00973HUNB001/LOCELL_SECTOREQM:NodeB Function Name=MML00973HUNB001, Local Cell ID=10212, Sector Equipment ID=1">
                <measResults>201 164 178 199 </measResults>
            </measValue>
            <measValue measObjLdn="MML00973HUNB001/LOCELL_SECTOREQM:NodeB Function Name=MML00973HUNB001, Local Cell ID=10213, Sector Equipment ID=2">
                <measResults>171 156 169 168 </measResults>
            </measValue>
            <measValue measObjLdn="MML00973HUNB001/LOCELL_SECTOREQM:NodeB Function Name=MML00973HUNB001, Local Cell ID=50211, Sector Equipment ID=6">
                <measResults>NIL NIL NIL NIL </measResults>
            </measValue>
            <measValue measObjLdn="MML00973HUNB001/LOCELL_SECTOREQM:NodeB Function Name=MML00973HUNB001, Local Cell ID=50212, Sector Equipment ID=7">
                <measResults>NIL NIL NIL NIL </measResults>
            </measValue>
            <measValue measObjLdn="MML00973HUNB001/LOCELL_SECTOREQM:NodeB Function Name=MML00973HUNB001, Local Cell ID=50213, Sector Equipment ID=8">
                <measResults>NIL NIL NIL NIL </measResults>
            </measValue>
            <measValue measObjLdn="MML00973HUNB001/LOCELL_SECTOREQM:NodeB Function Name=MML00973HUNB001, Local Cell ID=60211, Sector Equipment ID=10">
                <measResults>NIL NIL NIL NIL </measResults>
            </measValue>
            <measValue measObjLdn="MML00973HUNB001/LOCELL_SECTOREQM:NodeB Function Name=MML00973HUNB001, Local Cell ID=60212, Sector Equipment ID=11">
                <measResults>NIL NIL NIL NIL </measResults>
            </measValue>
            <measValue measObjLdn="MML00973HUNB001/LOCELL_SECTOREQM:NodeB Function Name=MML00973HUNB001, Local Cell ID=60213, Sector Equipment ID=12">
                <measResults>NIL NIL NIL NIL </measResults>
            </measValue>
        </measInfo>
    </measData>
    <fileFooter>
        <measCollec endTime="2021-08-17T23:00:00+08:00"/>
    </fileFooter>
</measCollecFile>
