<?xml version="1.0" encoding="UTF-8"?>
<measCollecFile xmlns="http://latest/nmc-omc/cmNrm.doc#measCollec" xmlns:xsi="http://www.w3.org/2001/XMLSchema-instance" xsi:schemaLocation="http://latest/nmc-omc/cmNrm.doc#measCollec schema\pmResultSchedule.xsd">
    <fileHeader fileFormatVersion="32.435 V7.2" vendorName="Huawei">
        <fileSender elementType="NodeB"/>
        <measCollec beginTime="2021-08-19T11:00:00+08:00"/>
    </fileHeader>
    <measData>
        <managedElement userLabel="MML00942HUNB001"/>
        <measInfo measInfoId="50331655">
            <granPeriod duration="PT3600S" endTime="2021-08-19T12:00:00+08:00"/>
            <repPeriod duration="PT3600S"/>
            <measTypes>50332573 50332574 50342574 50342575 50342635 50342636 </measTypes>
            <measValue measObjLdn="MML00942HUNB001/ULGROUP:UL BB Resource Group No.=1">
                <measResults>768 193.258 156 230.5 0 0 </measResults>
            </measValue>
            <measValue measObjLdn="MML00942HUNB001/ULGROUP:UL BB Resource Group No.=2">
                <measResults>1024 85.517 62.5 112 0 0 </measResults>
            </measValue>
        </measInfo>
        <measInfo measInfoId="50331656">
            <granPeriod duration="PT3600S" endTime="2021-08-19T12:00:00+08:00"/>
            <repPeriod duration="PT3600S"/>
            <measTypes>50332582 50332583 50332584 50332586 50342584 50342585 50342586 50342587 50342606 50342607 50342608 50342609 50342632 50342633 </measTypes>
            <measValue measObjLdn="MML00942HUNB001/BRD:Board Type=UBBP, Cabinet No.=0, Subrack No.=0, Slot No.=1">
                <measResults>1024 1024 0 0 0 0 0 0 0 0 0 0 0 0 </measResults>
            </measValue>
            <measValue measObjLdn="MML00942HUNB001/BRD:Board Type=UBBP, Cabinet No.=0, Subrack No.=0, Slot No.=2">
                <measResults>1024 768 104.55 193.258 83 122 156 230.5 7 11 12 17 0 0 </measResults>
            </measValue>
            <measValue measObjLdn="MML00942HUNB001/BRD:Board Type=UBBP, Cabinet No.=0, Subrack No.=0, Slot No.=3">
                <measResults>1024 1024 54.617 85.517 39 71 62.5 112 3 5 3 6 0 0 </measResults>
            </measValue>
            <measValue measObjLdn="MML00942HUNB001/BRD:Board Type=UMPT, Cabinet No.=0, Subrack No.=0, Slot No.=7">
                <measResults>0 0 0 0 0 0 0 0 0 0 0 0 0 0 </measResults>
            </measValue>
        </measInfo>
        <measInfo measInfoId="50331683">
            <granPeriod duration="PT3600S" endTime="2021-08-19T12:00:00+08:00"/>
            <repPeriod duration="PT3600S"/>
            <measTypes>50332627 </measTypes>
            <measValue measObjLdn="MML00942HUNB001/NODEBRRU:Cabinet No.=0, Subrack No.=60, Slot No.=0">
                <measResults>0 </measResults>
            </measValue>
            <measValue measObjLdn="MML00942HUNB001/NODEBRRU:Cabinet No.=0, Subrack No.=61, Slot No.=0">
                <measResults>0 </measResults>
            </measValue>
            <measValue measObjLdn="MML00942HUNB001/NODEBRRU:Cabinet No.=0, Subrack No.=62, Slot No.=0">
                <measResults>0 </measResults>
            </measValue>
            <measValue measObjLdn="MML00942HUNB001/NODEBRRU:Cabinet No.=0, Subrack No.=80, Slot No.=0">
                <measResults>0 </measResults>
            </measValue>
            <measValue measObjLdn="MML00942HUNB001/NODEBRRU:Cabinet No.=0, Subrack No.=81, Slot No.=0">
                <measResults>0 </measResults>
            </measValue>
            <measValue measObjLdn="MML00942HUNB001/NODEBRRU:Cabinet No.=0, Subrack No.=82, Slot No.=0">
                <measResults>0 </measResults>
            </measValue>
        </measInfo>
        <measInfo measInfoId="1542455297">
            <granPeriod duration="PT3600S" endTime="2021-08-19T12:00:00+08:00"/>
            <repPeriod duration="PT3600S"/>
            <measTypes>1542455297 1542455298 1542455299 1542455300 1542455301 1542455302 1542455303 1542455304 1542455305 1542455306 1542455307 1542460296 1542460297 </measTypes>
            <measValue measObjLdn="MML00942HUNB001/ETHPORT:Cabinet No.=0, Subrack No.=0, Slot No.=7, Port No.=0, Subboard Type=BASE_BOARD">
                <measResults>2666008267 23368269 6872330421 25393778 0 10580408 3988632 5924316 38564424 4200216 15271943 1000000 1000000 </measResults>
            </measValue>
            <measValue measObjLdn="MML00942HUNB001/ETHPORT:Cabinet No.=0, Subrack No.=0, Slot No.=7, Port No.=1, Subboard Type=BASE_BOARD">
                <measResults>0 0 0 0 0 0 0 0 0 0 0 0 0 </measResults>
            </measValue>
        </measInfo>
        <measInfo measInfoId="1542455301">
            <granPeriod duration="PT3600S" endTime="2021-08-19T12:00:00+08:00"/>
            <repPeriod duration="PT3600S"/>
            <measTypes>1542455326 1542455327 1542455328 1542455329 1542455330 1542455331 1542455332 1542455333 1542460727 1542460728 1542460729 </measTypes>
            <measValue measObjLdn="MML00942HUNB001/IP:Board Type=UMPT, Cabinet No.=0, Subrack No.=0, Slot No.=7">
                <measResults>23367975 2110968850 0 0 25388733 6234309723 0 0 42674 0 0 </measResults>
            </measValue>
        </measInfo>
        <measInfo measInfoId="1542455303">
            <granPeriod duration="PT3600S" endTime="2021-08-19T12:00:00+08:00"/>
            <repPeriod duration="PT3600S"/>
            <measTypes>1542455365 1542455367 1542455369 1542455371 1542455375 1542455376 1542455377 1542455378 </measTypes>
            <measValue measObjLdn="MML00942HUNB001/RSCGRP:Transmission Resource Group Bear Type=IP, Cabinet No.=0, Bearing Port No.=0, Bearing Port Type=ETH, Transmission Resource Group ID=AUTOPORT, Subboard Type=BASE_BOARD, Slot No.=7, Subrack No.=0">
                <measResults>2531608684 23368060 0 0 10619096 3686400 5625687 0 </measResults>
            </measValue>
            <measValue measObjLdn="MML00942HUNB001/RSCGRP:Transmission Resource Group Bear Type=IP, Cabinet No.=0, Bearing Port No.=1, Bearing Port Type=ETH, Transmission Resource Group ID=AUTOPORT, Subboard Type=BASE_BOARD, Slot No.=7, Subrack No.=0">
                <measResults>0 0 0 0 0 0 0 0 </measResults>
            </measValue>
        </measInfo>
        <measInfo measInfoId="1542455312">
            <granPeriod duration="PT3600S" endTime="2021-08-19T12:00:00+08:00"/>
            <repPeriod duration="PT3600S"/>
            <measTypes>1542460308 1542460309 1542460310 1542460311 1542460312 1542460313 1542460314 1542460315 1542460316 1542460317 1542460318 1542460319 1542460320 1542460321 1542460322 1542460323 1542460324 1542460325 1542460326 1542460327 1542460328 1542460329 1542460330 1542460331 1542460332 </measTypes>
            <measValue measObjLdn="MML00942HUNB001/RSCGRP:Transmission Resource Group Bear Type=IP, Cabinet No.=0, Bearing Port No.=0, Bearing Port Type=ETH, Transmission Resource Group ID=AUTOPORT, Subboard Type=BASE_BOARD, Slot No.=7, Subrack No.=0">
                <measResults>40806 40806 40806 0 0 0 0 0 0 0 0 0 0 7280492 0 0 0 1 0 0 0 0 0 0 0 </measResults>
            </measValue>
            <measValue measObjLdn="MML00942HUNB001/RSCGRP:Transmission Resource Group Bear Type=IP, Cabinet No.=0, Bearing Port No.=1, Bearing Port Type=ETH, Transmission Resource Group ID=AUTOPORT, Subboard Type=BASE_BOARD, Slot No.=7, Subrack No.=0">
                <measResults>0 0 0 0 0 0 0 0 0 0 0 0 0 0 0 0 0 0 0 0 0 0 0 0 0 </measResults>
            </measValue>
        </measInfo>
        <measInfo measInfoId="1542455309">
            <granPeriod duration="PT3600S" endTime="2021-08-19T12:00:00+08:00"/>
            <repPeriod duration="PT3600S"/>
            <measTypes>1542455826 1542455827 1542455828 1542455829 1542455833 1542455834 1542455835 1542455836 1542455837 1542455838 1542455839 1542455840 1542455841 1542455842 1542455843 1542455844 1542455845 1542455846 1542455847 1542455848 </measTypes>
            <measValue measObjLdn="MML00942HUNB001/OMCH:Standby Status=MASTER, Bearer Type=IPV4">
                <measResults>640 170 0 0 0 0 0 0 0 480 0 0 647 0 0 0 0 595 0 52 </measResults>
            </measValue>
        </measInfo>
        <measInfo measInfoId="1542455815">
            <granPeriod duration="PT3600S" endTime="2021-08-19T12:00:00+08:00"/>
            <repPeriod duration="PT3600S"/>
            <measTypes>1542460340 1542460341 1542460342 1542460343 1542460496 1542460497 1542460498 1542460499 1542460500 1542460501 1542460502 1542460503 1542460504 1542460505 1542460506 1542460507 1542460510 </measTypes>
            <measValue measObjLdn="MML00942HUNB001/IKE:Board Type=UMPT, Cabinet No.=0, Subrack No.=0, Slot No.=7">
                <measResults>0 0 0 0 0 0 0 0 0 0 0 0 0 0 0 0 0 </measResults>
            </measValue>
        </measInfo>
        <measInfo measInfoId="1542455817">
            <granPeriod duration="PT3600S" endTime="2021-08-19T12:00:00+08:00"/>
            <repPeriod duration="PT3600S"/>
            <measTypes>1542460356 1542460357 1542460358 1542460359 1542460360 1542460361 1542460362 1542460363 1542460364 1542460365 1542460366 1542460367 1542460368 1542460369 1542460370 1542460371 1542460372 1542460373 1542460374 1542460375 1542460376 </measTypes>
            <measValue measObjLdn="MML00942HUNB001/SCTPLNK:Link No.=31">
                <measResults>16844975 13527102 133267 186817 0 79648 7736 37423 83728 18200 30052 46580 143806 0 0 0 0 0 0 143810 46586 </measResults>
            </measValue>
            <measValue measObjLdn="MML00942HUNB001/SCTPLNK:Link No.=32">
                <measResults>26721326 28018670 854815 1056051 0 103848 25056 59380 95656 32792 62264 405921 785216 0 0 0 0 0 0 785216 405921 </measResults>
            </measValue>
        </measInfo>
        <measInfo measInfoId="1542455818">
            <granPeriod duration="PT3600S" endTime="2021-08-19T12:00:00+08:00"/>
            <repPeriod duration="PT3600S"/>
            <measTypes>1542455526 1542455527 1542455528 1542455529 1542455530 1542455531 1542455532 1542455533 1542455534 1542455535 </measTypes>
            <measValue measObjLdn="MML00942HUNB001/USERPLANEHOST:User Plane Host ID=3">
                <measResults>21879517 24175403 1991013520 6124422371 9519048 4424627 36579344 13610193 NIL NIL </measResults>
            </measValue>
        </measInfo>
        <measInfo measInfoId="1593835529">
            <granPeriod duration="PT3600S" endTime="2021-08-19T12:00:00+08:00"/>
            <repPeriod duration="PT3600S"/>
            <measTypes>1593835620 1593835628 1593835629 </measTypes>
            <measValue measObjLdn="MML00942HUNB001/NODE:NODE">
                <measResults>NIL 0.728 0 </measResults>
            </measValue>
        </measInfo>
        <measInfo measInfoId="1593835533">
            <granPeriod duration="PT3600S" endTime="2021-08-19T12:00:00+08:00"/>
            <repPeriod duration="PT3600S"/>
            <measTypes>1593835647 1593835648 1593835649 </measTypes>
            <measValue measObjLdn="MML00942HUNB001/NODE:NODE">
                <measResults>31356 31346 31351 </measResults>
            </measValue>
        </measInfo>
        <measInfo measInfoId="1593835531">
            <granPeriod duration="PT3600S" endTime="2021-08-19T12:00:00+08:00"/>
            <repPeriod duration="PT3600S"/>
            <measTypes>1593835630 1593835632 1593835633 1593835634 </measTypes>
            <measValue measObjLdn="MML00942HUNB001/BBUBoard:Board Type=UBBP, Cabinet No.=0, Subrack No.=0, Slot No.=1">
                <measResults>0 4 3 0 </measResults>
            </measValue>
            <measValue measObjLdn="MML00942HUNB001/BBUBoard:Board Type=UBBP, Cabinet No.=0, Subrack No.=0, Slot No.=2">
                <measResults>0 4 3 0 </measResults>
            </measValue>
            <measValue measObjLdn="MML00942HUNB001/BBUBoard:Board Type=UBBP, Cabinet No.=0, Subrack No.=0, Slot No.=3">
                <measResults>0 4 3 0 </measResults>
            </measValue>
            <measValue measObjLdn="MML00942HUNB001/BBUBoard:Board Type=UMPT, Cabinet No.=0, Subrack No.=0, Slot No.=7">
                <measResults>0 6 1 0 </measResults>
            </measValue>
        </measInfo>
        <measInfo measInfoId="1593835535">
            <granPeriod duration="PT3600S" endTime="2021-08-19T12:00:00+08:00"/>
            <repPeriod duration="PT3600S"/>
            <measTypes>1593835652 1593835653 1593835654 1593835655 1593835656 1593835657 1593835658 1593835659 1593835660 1593835661 1593835662 1593835663 1593835664 1593835665 1593835666 1593835667 1593835668 1593835669 1593835670 1593835671 </measTypes>
            <measValue measObjLdn="MML00942HUNB001/RADIOEQM:Cabinet No.=0, Subrack No.=60, Slot No.=0">
                <measResults>0 0 0 0 0 0 0 0 0 0 NIL NIL NIL NIL NIL NIL NIL NIL NIL NIL </measResults>
            </measValue>
            <measValue measObjLdn="MML00942HUNB001/RADIOEQM:Cabinet No.=0, Subrack No.=61, Slot No.=0">
                <measResults>0 0 0 0 0 0 0 0 0 0 NIL NIL NIL NIL NIL NIL NIL NIL NIL NIL </measResults>
            </measValue>
            <measValue measObjLdn="MML00942HUNB001/RADIOEQM:Cabinet No.=0, Subrack No.=62, Slot No.=0">
                <measResults>0 0 0 0 0 0 0 0 0 0 NIL NIL NIL NIL NIL NIL NIL NIL NIL NIL </measResults>
            </measValue>
            <measValue measObjLdn="MML00942HUNB001/RADIOEQM:Cabinet No.=0, Subrack No.=80, Slot No.=0">
                <measResults>NIL NIL NIL NIL NIL NIL NIL NIL NIL NIL 0 0 0 45 0 0 0 0 0 0 </measResults>
            </measValue>
            <measValue measObjLdn="MML00942HUNB001/RADIOEQM:Cabinet No.=0, Subrack No.=81, Slot No.=0">
                <measResults>NIL NIL NIL NIL NIL NIL NIL NIL NIL NIL 0 0 0 0 0 0 0 0 0 0 </measResults>
            </measValue>
            <measValue measObjLdn="MML00942HUNB001/RADIOEQM:Cabinet No.=0, Subrack No.=82, Slot No.=0">
                <measResults>NIL NIL NIL NIL NIL NIL NIL NIL NIL NIL 0 0 0 0 0 0 0 0 0 0 </measResults>
            </measValue>
        </measInfo>
        <measInfo measInfoId="1593835539">
            <granPeriod duration="PT3600S" endTime="2021-08-19T12:00:00+08:00"/>
            <repPeriod duration="PT3600S"/>
            <measTypes>1593835767 </measTypes>
            <measValue measObjLdn="MML00942HUNB001/RADIOEQM:Cabinet No.=0, Subrack No.=60, Slot No.=0">
                <measResults>3600 </measResults>
            </measValue>
            <measValue measObjLdn="MML00942HUNB001/RADIOEQM:Cabinet No.=0, Subrack No.=61, Slot No.=0">
                <measResults>3600 </measResults>
            </measValue>
            <measValue measObjLdn="MML00942HUNB001/RADIOEQM:Cabinet No.=0, Subrack No.=62, Slot No.=0">
                <measResults>3600 </measResults>
            </measValue>
            <measValue measObjLdn="MML00942HUNB001/RADIOEQM:Cabinet No.=0, Subrack No.=80, Slot No.=0">
                <measResults>3600 </measResults>
            </measValue>
            <measValue measObjLdn="MML00942HUNB001/RADIOEQM:Cabinet No.=0, Subrack No.=81, Slot No.=0">
                <measResults>3600 </measResults>
            </measValue>
            <measValue measObjLdn="MML00942HUNB001/RADIOEQM:Cabinet No.=0, Subrack No.=82, Slot No.=0">
                <measResults>3600 </measResults>
            </measValue>
        </measInfo>
        <measInfo measInfoId="1593835544">
            <granPeriod duration="PT3600S" endTime="2021-08-19T12:00:00+08:00"/>
            <repPeriod duration="PT3600S"/>
            <measTypes>1593835835 </measTypes>
            <measValue measObjLdn="MML00942HUNB001/BU:Cabinet No.=0, Subrack No.=0">
                <measResults>0.20419778 </measResults>
            </measValue>
        </measInfo>
        <measInfo measInfoId="1593835545">
            <granPeriod duration="PT3600S" endTime="2021-08-19T12:00:00+08:00"/>
            <repPeriod duration="PT3600S"/>
            <measTypes>1593835836 </measTypes>
            <measValue measObjLdn="MML00942HUNB001/BTSBoard:Cabinet No.=0, Subrack No.=60, Slot No.=0">
                <measResults>0.18103251 </measResults>
            </measValue>
            <measValue measObjLdn="MML00942HUNB001/BTSBoard:Cabinet No.=0, Subrack No.=61, Slot No.=0">
                <measResults>0.16769999 </measResults>
            </measValue>
            <measValue measObjLdn="MML00942HUNB001/BTSBoard:Cabinet No.=0, Subrack No.=62, Slot No.=0">
                <measResults>0.18841749 </measResults>
            </measValue>
            <measValue measObjLdn="MML00942HUNB001/BTSBoard:Cabinet No.=0, Subrack No.=80, Slot No.=0">
                <measResults>0.24449834 </measResults>
            </measValue>
            <measValue measObjLdn="MML00942HUNB001/BTSBoard:Cabinet No.=0, Subrack No.=81, Slot No.=0">
                <measResults>0.2195175 </measResults>
            </measValue>
            <measValue measObjLdn="MML00942HUNB001/BTSBoard:Cabinet No.=0, Subrack No.=82, Slot No.=0">
                <measResults>0.25092 </measResults>
            </measValue>
        </measInfo>
        <measInfo measInfoId="50331648">
            <granPeriod duration="PT3600S" endTime="2021-08-19T12:00:00+08:00"/>
            <repPeriod duration="PT3600S"/>
            <measTypes>50331654 50331655 50331656 50331657 50331658 50331659 50331660 50331661 50331662 50331663 50331664 50331665 50331666 50331667 50331668 50331669 50331670 50331671 50331672 50331673 50331674 50331675 50331676 50331677 50331678 50331679 50331680 50331681 50331682 50331683 50331684 50331685 50331686 50331687 50331688 50331689 50331690 50331691 50331692 50331693 50331694 50331695 50331696 50331697 50331698 50331699 50331709 50331710 50331711 50331712 50331713 50331714 50331717 50331718 50331719 50331720 50331721 50331722 50331723 50331724 50331745 50331746 50331754 50331755 50331756 50331757 50331758 50331759 50331760 50331761 50331762 50331763 50331764 50331765 50331766 50331767 50331768 50331769 50331770 50331771 50331772 50331773 50331774 50331775 50331776 50331777 50331778 50331779 50331780 50331781 50331782 50331783 50331784 50331785 50331786 50331787 50331788 50331789 50331790 50331791 50331792 50331793 50331794 50331795 50331796 50331797 50331798 50331799 50331800 50331801 50331802 50331803 50331804 50331805 50331806 50331807 50331808 50331809 50331810 50331811 50331812 50331813 50331814 50331815 50331816 50331817 50331818 50331819 50331820 50331821 50331838 50331839 50331840 50332168 50332169 50332170 50332173 50332174 50332215 50332216 50332217 50341648 50341649 50341650 50341651 50341652 50341653 50341654 50341655 50341656 50341657 50341658 50341659 50341668 50341669 50341670 50341671 50341672 50341675 50341676 50341677 50341678 50341679 50341680 50341685 50341686 50341687 50341688 50341689 50341690 50341691 50341692 50341693 50341694 50341695 50341696 50341697 50341698 50341699 50341700 50341701 50341702 50341703 50341704 50341705 50341706 50341707 50341708 50341709 50341710 50341711 50341712 50341713 50341714 50341715 50341716 50341717 50341722 50341739 50341740 </measTypes>
            <measValue measObjLdn="MML00942HUNB001/ULoCell:NodeB Function Name=MML00942HUNB001, Local Cell ID=10121, Cell Name=JLUNAU1">
                <measResults>794502 117744 93003 673058 105334 9724 4253 2133 0 0 0 0 0 0 14293 9229 17751 10704 7714 17445 28587 32955 55989 72855 120055 154468 205576 206507 197280 222467 151020 178042 144866 164224 132166 113152 103207 79962 64421 50269 54913 38921 34304 28445 27475 43320 8802 966825 0 0 0 0 0 0 0 0 0 173333 823278 1005413 1505342 2902436449 0 95855 13661 10122 12006 19017 13491 51284 24427 31259 34614 49208 66972 85032 89112 93895 67762 54039 37229 29858 22823 17874 15357 10847 11672 8088 9297 12234 10518 3625 977 2988 0 0 0 0 0 0 0 0 0 0 0 0 0 0 0 0 0 0 0 0 0 0 0 0 0 0 0 0 0 0 0 0 0 0 0 0 2902151748 913809 29724 0 0 0 0 0 0 0 0 139 373 2 328 995 1 139 272 328 646 1000 507 796733 7191861 1394 796733 1571465 22 96 0 246 680 1 0 9 0 3.613 11.452 10.987 12.619 0.009 16 109 8 0 0 0 0 0 0 NIL 630 743 479 0 0 0 0 0 0 0 0 0 0 0 0 13681 0 16 </measResults>
            </measValue>
            <measValue measObjLdn="MML00942HUNB001/ULoCell:NodeB Function Name=MML00942HUNB001, Local Cell ID=10122, Cell Name=JLUNAU2">
                <measResults>724593 177711 79208 554269 149798 15542 3575 1409 0 0 0 0 0 0 14942 10584 10959 9482 9535 15272 27679 26433 44730 50648 73112 80669 108859 120037 125466 137116 92312 110702 87675 98285 80552 68139 62311 59143 52392 53380 62920 60661 32507 13246 8105 6234 18876 968636 0 0 0 0 0 0 0 0 0 328936 633814 981626 1310807 4001506335 0 69076 6163 3352 6936 8670 8971 36698 15144 22366 23667 37323 47454 56588 52688 66270 54083 53687 52768 48975 46925 45206 47418 42826 36482 25837 20295 14793 12316 8246 4363 5966 0 0 0 0 0 0 0 0 0 0 0 0 0 0 0 0 0 0 0 0 0 0 0 0 0 0 0 0 0 0 0 0 0 0 0 0 4001239043 935202 30168 0 0 0 0 0 0 0 0 136 308 1 379 999 0 136 260 379 725 1000 519 1101295 7616331 120 1101295 2121956 16 89 0 307 746 0 0 1 0 4.589 12.858 12.091 13.252 0.004 16 71 3 0 0 0 0 0 0 NIL 704 786 545 0 0 0 0 0 0 0 0 0 0 0 0 14277 1 1 </measResults>
            </measValue>
            <measValue measObjLdn="MML00942HUNB001/ULoCell:NodeB Function Name=MML00942HUNB001, Local Cell ID=10123, Cell Name=JLUNAU3">
                <measResults>625607 84683 43205 539562 78329 4788 1682 1246 0 0 0 0 0 0 6551 5819 5288 4989 6428 8675 13506 13786 24224 30113 50954 64600 88919 102210 114802 146876 107249 133578 119038 156250 133751 113949 117066 112399 102137 102775 122359 107434 97622 86054 64540 75996 57812 724209 0 0 0 0 0 0 0 0 0 266696 429025 753533 1024923 4198465233 0 73337 7726 1962 3035 7757 5894 29280 10716 8112 9175 17135 21635 28434 29201 50037 56755 46795 42275 35603 26738 24252 28209 22438 26941 20734 22911 21244 18645 15602 9071 31568 0 0 0 0 0 0 0 0 0 0 0 0 0 0 0 0 0 0 0 0 0 0 0 0 0 0 0 0 0 0 0 0 0 0 0 0 4197691072 719269 39375 0 0 0 0 0 0 0 0 104 304 0 294 994 0 104 258 294 726 999 399 1156775 7105486 0 1157933 2899185 11 80 0 212 703 0 0 3 0 3.416 11.926 11.616 13 0 21 83 5 0 0 0 0 0 0 NIL 707 782 556 0 0 0 0 0 0 0 0 0 0 0 0 17828 1 0 </measResults>
            </measValue>
            <measValue measObjLdn="MML00942HUNB001/ULoCell:NodeB Function Name=MML00942HUNB001, Local Cell ID=50121, Cell Name=JLUNAN4">
                <measResults>739912 92886 107277 645406 81760 7548 3193 2005 0 0 0 0 0 0 19002 1563 17903 1036 1208 1373 2269 2133 4485 6221 11638 17858 29919 44879 63348 105131 107571 166195 176472 240397 244558 237770 246220 216158 214006 209660 322569 312683 276013 187369 162050 207331 117414 939474 0 0 0 0 0 0 0 0 0 365395 457345 940154 1230856 5348740367 0 143426 27719 3032 2167 7716 3296 86441 13911 8018 7493 18767 18167 31424 17887 27572 21360 32447 29852 40398 38637 40478 43730 33200 36994 25706 26640 28351 19361 22495 18883 64041 0 0 0 0 0 0 0 0 0 0 0 0 0 0 0 0 0 0 0 0 0 0 0 0 0 0 0 0 0 0 0 0 0 0 0 0 5347929247 806994 19326 0 0 0 0 0 0 0 0 130 465 20 297 997 7 130 286 297 653 1000 448 1472388 11097285 5890 1472388 3286580 21 152 3 245 814 4 0 10 0 3.563 12.109 11.957 13 0.089 10 141 15 1 0 0 0 0 0 NIL 820 878 712 0 0 0 0 0 0 0 0 0 0 0 0 23395 0 0 </measResults>
            </measValue>
            <measValue measObjLdn="MML00942HUNB001/ULoCell:NodeB Function Name=MML00942HUNB001, Local Cell ID=50122, Cell Name=JLUNAN5">
                <measResults>414996 63720 46074 350730 55798 5000 2001 1467 0 0 0 0 0 0 7268 3302 3474 1057 1138 1311 2357 2338 3979 5021 8611 12943 20661 31479 42522 62583 56388 77857 74117 97296 96717 94156 99047 101905 102271 98625 159750 149931 128415 75394 52080 52735 25785 524577 0 0 0 0 0 0 0 0 0 194560 304506 524851 633930 3082937810 0 71578 7913 1108 1244 5547 3180 30649 4861 8777 10675 16264 13914 21461 16125 19790 18084 21516 19462 19555 20350 19656 21132 18111 21494 16822 19895 22761 14413 15978 10035 12111 0 0 0 0 0 0 0 0 0 0 0 0 0 0 0 0 0 0 0 0 0 0 0 0 0 0 0 0 0 0 0 0 0 0 0 0 3082563794 505742 27384 0 0 0 0 0 0 0 0 72 366 4 185 999 1 72 253 185 646 999 280 849600 8923499 464 850450 3034286 13 130 0 168 884 0 0 62 0 2.412 13.41 13.02 14 0.017 14 68 3 0 0 0 0 0 0 NIL 866 903 781 0 0 0 0 0 0 0 0 0 0 0 0 20391 0 0 </measResults>
            </measValue>
            <measValue measObjLdn="MML00942HUNB001/ULoCell:NodeB Function Name=MML00942HUNB001, Local Cell ID=50123, Cell Name=JLUNAN6">
                <measResults>811630 108563 68584 709445 90168 6408 3105 2504 0 0 0 0 0 0 12442 1716 11035 1926 1088 1459 2427 2434 5895 8745 16875 24136 36557 49722 67026 104388 103620 155631 162259 195428 195302 173209 184853 152984 165795 148871 252381 262513 277353 248543 262621 453785 190524 988577 0 0 0 0 0 0 0 0 0 382501 415843 988868 1328466 7322207594 0 128984 12849 2376 2405 7387 6794 67270 15584 8983 7568 20716 15891 39752 15097 22887 19504 34598 25343 29352 31163 38050 40471 35127 42144 31518 37365 39932 22895 30316 24303 131818 0 0 0 0 0 0 0 0 0 0 0 0 0 0 0 0 0 0 0 0 0 0 0 0 0 0 0 0 0 0 0 0 0 0 0 0 7321448706 842179 16277 0 0 0 0 0 0 0 0 137 350 12 329 1000 6 137 290 329 697 1000 467 2017402 9194397 11858 2017402 4319919 19 109 1 275 843 4 0 3 0 4.171 12.995 12.663 14 0.074 8 146 16 1 0 0 0 0 0 NIL 837 886 716 0 0 0 0 0 0 0 0 0 0 0 0 24311 0 0 </measResults>
            </measValue>
            <measValue measObjLdn="MML00942HUNB001/ULoCell:NodeB Function Name=MML00942HUNB001, Local Cell ID=60121, Cell Name=JLUNAN1">
                <measResults>655381 89417 150124 556696 83657 9011 3756 2261 0 0 0 0 0 0 25490 5267 59642 4215 5182 7072 14313 16942 31516 43935 77676 103688 148141 183569 205006 266310 199498 248984 221122 258902 254380 208658 229436 173433 177470 142942 184314 141816 121048 93787 101906 192052 33470 853849 0 0 0 0 0 0 0 0 0 307437 554050 894957 1136906 3330062154 0 141489 14262 3831 5387 22224 23246 67650 11382 7507 9655 18849 26315 33204 33220 49409 42047 57738 45925 43747 32201 28570 27811 23052 29491 17429 18475 17897 13503 9850 7369 12081 0 0 0 0 0 0 0 0 0 0 0 0 0 0 0 0 0 0 0 0 0 0 0 0 0 0 0 0 0 0 0 0 0 0 0 0 3329450889 787783 26689 0 0 0 0 0 0 0 0 124 369 10 280 973 5 124 279 280 631 1000 437 915307 5558858 8608 915307 2094524 25 108 1 222 751 2 0 15 0 3.061 10.917 10.917 12.925 0.058 14 126 13 1 0 0 0 0 0 NIL 792 855 662 0 0 0 0 0 0 0 0 0 0 0 0 17293 0 0 </measResults>
            </measValue>
            <measValue measObjLdn="MML00942HUNB001/ULoCell:NodeB Function Name=MML00942HUNB001, Local Cell ID=60122, Cell Name=JLUNAN2">
                <measResults>462105 61493 75021 396441 57674 5019 1727 1244 0 0 0 0 0 0 15257 5323 3763 3254 3626 5251 10387 10852 21520 28544 46858 58734 80524 100443 117551 148059 106026 135611 121118 150492 135441 124031 124706 106812 94977 85055 103030 77079 52285 29041 22625 15058 35655 585982 0 0 0 0 0 0 0 0 0 258413 304583 598651 720602 3397937319 0 72249 11052 573 1552 5599 3420 30591 5818 5209 6720 11715 13325 23833 18545 23302 21625 33259 31614 29035 24743 20706 21234 18947 27274 21857 24826 28194 22115 19097 10943 9599 0 0 0 0 0 0 0 0 0 0 0 0 0 0 0 0 0 0 0 0 0 0 0 0 0 0 0 0 0 0 0 0 0 0 0 0 3397517547 578519 37381 0 0 0 0 0 0 0 0 83 308 3 222 1000 2 83 252 222 676 1000 321 936251 8043278 872 936251 2916670 14 90 0 183 866 1 0 41 0 2.637 12.978 11.877 13 0.02 20 72 3 0 0 0 0 0 0 NIL 840 887 741 0 0 0 0 0 0 0 0 0 0 0 0 17254 0 0 </measResults>
            </measValue>
            <measValue measObjLdn="MML00942HUNB001/ULoCell:NodeB Function Name=MML00942HUNB001, Local Cell ID=60123, Cell Name=JLUNAN3">
                <measResults>815419 106089 110480 702989 95037 7963 5005 4425 0 0 0 0 0 0 16656 2564 11192 2626 3298 5368 13049 17379 32494 42225 70704 87053 118492 142207 164506 207306 172235 206801 195961 222293 226091 188531 188884 163835 157993 160244 280431 232863 192707 144594 118985 138054 152668 1015024 0 0 0 0 0 0 0 0 0 444372 435019 1032059 1397337 6449977368 0 134049 15781 1598 2115 9015 9140 69425 12820 6709 7204 18415 18382 25817 19924 27866 25925 51755 38550 42487 37428 41580 47833 40733 61249 38008 36115 29638 23058 23335 26179 89491 0 0 0 0 0 0 0 0 0 0 0 0 0 0 0 0 0 0 0 0 0 0 0 0 0 0 0 0 0 0 0 0 0 0 0 0 6449164505 875246 17837 0 0 0 0 0 0 0 0 143 356 11 358 989 8 143 290 358 729 1000 486 1776944 7907856 15981 1776944 3656263 21 85 2 276 755 5 0 6 0 4.098 11.199 11.439 13 0.091 9 148 17 1 0 0 0 0 0 NIL 813 872 701 0 0 0 0 0 0 0 0 0 0 0 0 20250 0 0 </measResults>
            </measValue>
        </measInfo>
        <measInfo measInfoId="50331650">
            <granPeriod duration="PT3600S" endTime="2021-08-19T12:00:00+08:00"/>
            <repPeriod duration="PT3600S"/>
            <measTypes>50332548 50332549 50332550 50332554 50342548 50342549 50342550 50342554 50342612 50342613 50342615 50342616 </measTypes>
            <measValue measObjLdn="MML00942HUNB001/ULoCell:NodeB Function Name=MML00942HUNB001, Local Cell ID=10121, Cell Name=JLUNAU1">
                <measResults>0 0 36.122 18.964 0 0 60.5 36 0 0 0 0 </measResults>
            </measValue>
            <measValue measObjLdn="MML00942HUNB001/ULoCell:NodeB Function Name=MML00942HUNB001, Local Cell ID=10122, Cell Name=JLUNAU2">
                <measResults>0 0 20.897 10.826 0 0 36 20 0 0 0 0 </measResults>
            </measValue>
            <measValue measObjLdn="MML00942HUNB001/ULoCell:NodeB Function Name=MML00942HUNB001, Local Cell ID=10123, Cell Name=JLUNAU3">
                <measResults>0 0 28.581 15.842 0 0 47.5 27 0 0 0 0 </measResults>
            </measValue>
            <measValue measObjLdn="MML00942HUNB001/ULoCell:NodeB Function Name=MML00942HUNB001, Local Cell ID=50121, Cell Name=JLUNAN4">
                <measResults>0 0 38.362 15.592 0 0 78.5 26 0 0 0 0 </measResults>
            </measValue>
            <measValue measObjLdn="MML00942HUNB001/ULoCell:NodeB Function Name=MML00942HUNB001, Local Cell ID=50122, Cell Name=JLUNAN5">
                <measResults>0 0 14.588 5.711 0 0 30.5 14 0 0 0 0 </measResults>
            </measValue>
            <measValue measObjLdn="MML00942HUNB001/ULoCell:NodeB Function Name=MML00942HUNB001, Local Cell ID=50123, Cell Name=JLUNAN6">
                <measResults>0 0 31.558 13.056 0 0 52.5 23 0 0 0 0 </measResults>
            </measValue>
            <measValue measObjLdn="MML00942HUNB001/ULoCell:NodeB Function Name=MML00942HUNB001, Local Cell ID=60121, Cell Name=JLUNAN1">
                <measResults>0 0 42.994 20.65 0 0 75.5 34 0 0 0 0 </measResults>
            </measValue>
            <measValue measObjLdn="MML00942HUNB001/ULoCell:NodeB Function Name=MML00942HUNB001, Local Cell ID=60122, Cell Name=JLUNAN2">
                <measResults>0 0 22.362 10.771 0 0 42 24 0 0 0 0 </measResults>
            </measValue>
            <measValue measObjLdn="MML00942HUNB001/ULoCell:NodeB Function Name=MML00942HUNB001, Local Cell ID=60123, Cell Name=JLUNAN3">
                <measResults>0 0 42.384 20.297 0 0 72 35 0 0 0 0 </measResults>
            </measValue>
        </measInfo>
        <measInfo measInfoId="50331651">
            <granPeriod duration="PT3600S" endTime="2021-08-19T12:00:00+08:00"/>
            <repPeriod duration="PT3600S"/>
            <measTypes>50331850 50331851 50331852 50331853 50331854 50331855 50331856 50331857 50331858 50331859 50331860 50331861 50331862 50331863 50331864 50331865 50331866 50331867 50331868 50331869 50331870 50331871 50331872 50331873 50331874 50331875 50331876 50331877 50331878 50331879 50331885 50331886 50331887 50331888 50331889 50331892 50331903 50331904 50331908 50331925 50331926 50331927 50331928 50331929 50331930 50331931 50331957 50331958 50331959 50331961 50331962 50331963 50331964 50331965 50331966 50331967 50331971 50331972 50331973 50331974 50331987 50331988 50331989 50331990 50331991 50331992 50331993 50331995 50332378 50332379 50332380 50332385 50332386 50332387 50332498 50332499 50332500 50332501 50332503 50332507 50332623 50332638 50341849 50341850 50341851 50341852 50341853 50341854 50341855 50341856 50341857 50341858 50341859 50341864 50341865 50341866 50341868 50341869 50341870 50341871 50341872 50341873 50341874 50341875 50341876 50341877 50341878 50341879 50341880 50341881 50341882 50341883 50341884 50341885 50341886 50341887 50341888 50341889 50341890 50341891 50341892 50341893 50341894 50341895 50341896 50341897 50341898 50341980 50341981 50341982 50341983 50341984 50341985 50341986 50341994 50361698 50361699 50361701 </measTypes>
            <measValue measObjLdn="MML00942HUNB001/ULoCell:NodeB Function Name=MML00942HUNB001, Local Cell ID=10121, Cell Name=JLUNAU1">
                <measResults>1761561 23393 5896 2305 1360 911 762 537 674 492 467 220 256 134 69 116 67 20 2 5 3 3 1 0 0 757 793 1703125 1800011 1608996 995563 305666 13217496 686312 144719 7 359 487 1241757 1979 838 391 41 41 0 0 0 99 74 5050 1841 846 205 205 0 0 15622 23327 13207 201072 9899 32220 81621 244826 164679 67049 12422 933225 583492 174970 371329 0.858 184812 416626 0 0 NIL NIL 0 0.712 0 0 97 2.395 7.612 0.067 0.178 4 0 0 0 80 0 201 153 0 NIL NIL 1.882 0.13 0.005 0 0 0 596.138 209.094 63.156 13.14 13.14 0 0 847524.25 6.705 0.512 0.199 0.088 0.107 0.025 0.006 0.001 1.526 0 0 73 NIL NIL 428 3405.586 9327.354 27206.711 72746.68 64922.84 47507.23 9390.83 143257.563 0 NIL 0 </measResults>
            </measValue>
            <measValue measObjLdn="MML00942HUNB001/ULoCell:NodeB Function Name=MML00942HUNB001, Local Cell ID=10122, Cell Name=JLUNAU2">
                <measResults>1783037 11746 2873 744 264 172 146 110 195 128 88 77 46 38 45 60 16 9 8 8 13 4 8 19 0 156 225 1215495 1800010 1495608 871396 262476 8945036 641070 96243 7 334 388 1104126 100 0 0 0 0 0 0 1 42 30 148 0 0 0 0 0 0 2855 5980 5912 343146 11693 39163 51823 131117 66654 32177 8970 437116 536903 265975 243999 0.516 238011 316180 0 0 NIL NIL 0 0.388 0 0 98 1.854 5.674 0.055 0.156 2 0 0 0 80 0 123 91 0 NIL NIL 1.942 0.119 0.009 0.002 0 0 16.104 0 0 0 0 0 0 700960.5 4.017 0.348 0.166 0.079 0.092 0.015 0.004 0.001 1.509 0 0 60 NIL NIL 251 4182.636 15694.338 19777.068 44017.281 38311.516 43110.684 13490.248 78176.5 0 NIL 0 </measResults>
            </measValue>
            <measValue measObjLdn="MML00942HUNB001/ULoCell:NodeB Function Name=MML00942HUNB001, Local Cell ID=10123, Cell Name=JLUNAU3">
                <measResults>1780182 14600 3894 822 136 39 24 42 42 40 30 10 9 3 1 0 2 2 1 1 2 3 2 2 0 122 135 969463 1799172 1329044 797771 156818 10197314 683149 91867 6 392 779 1030056 0 0 0 0 0 0 0 0 179 134 0 0 0 0 0 0 0 11699 24753 18876 349415 3495 11249 34122 128664 124969 86207 31491 541119 545913 271352 235531 0.488 246315 317161 0 0 NIL NIL 0 0.346 0 0 75 1.423 5.183 0.059 0.209 5 0 0 0 74 0 161 103 0 NIL NIL 2.549 0.167 0.006 0.001 0 0 0 0 0 0 0 0 0 683048.125 3.767 0.287 0.116 0.055 0.08 0.022 0.005 0 2.155 0 0 162 NIL NIL 331 586.338 2826.27 10228.062 48612.18 60842.52 48988.441 21165.455 105657.398 0 NIL 0 </measResults>
            </measValue>
            <measValue measObjLdn="MML00942HUNB001/ULoCell:NodeB Function Name=MML00942HUNB001, Local Cell ID=50121, Cell Name=JLUNAN4">
                <measResults>1225862 195821 98275 66291 49577 37508 27934 20905 26644 15680 8687 4695 3725 2651 1978 1341 935 816 781 832 1691 1863 1977 2368 84 1101 11613 2330571 1800023 1711786 1797700 440496 18997970 1411668 257273 13 501 562 1411789 94890 20645 15987 11166 9579 7024 3094 63 242 241 311704 65010 50447 34408 29848 22130 9077 34279 37373 70112 802787 9271 1313 5270 86215 310784 367263 260362 1273280 1740481 790479 357367 1.304 1128975 650199 0 0 NIL NIL 0 0.89 0 0 95 3.041 8.002 0.104 0.29 4 0 0 0 80 0 247 193 3 NIL NIL 4.605 0.425 0.033 0.026 0.012 0.005 314206.406 23371.098 10090.258 4981.752 3197.616 1727.694 651.492 2045826.5 7.444 0.454 0.163 0.082 0.139 0.06 0.021 0.018 3.724 0 3 85 NIL NIL 407 1344.012 607.098 2822.082 51906.32 252794.125 437528.031 415500.5 818747.313 0 NIL 0 </measResults>
            </measValue>
            <measValue measObjLdn="MML00942HUNB001/ULoCell:NodeB Function Name=MML00942HUNB001, Local Cell ID=50122, Cell Name=JLUNAN5">
                <measResults>1295425 211509 95361 58025 36347 23195 15903 11900 15612 10090 6487 4062 3132 1858 1656 1627 1428 1252 1341 1394 1160 485 182 75 8 510 6556 1241020 1800024 1372270 961272 213790 11095603 612632 79170 7 221 550 737031 43871 14877 11619 7801 6672 3785 84 22 131 118 93728 32397 25556 17076 14504 7986 316 47640 11139 8431 390844 1568 1695 4877 41374 84291 95188 59307 320704 415164 290685 127784 0.62 255568 173634 0 0 NIL NIL 0 0.428 0 0 89 1.525 5.188 0.048 0.163 4 0 0 0 83 0 92 72 1 NIL NIL 3.354 0.148 0.008 0.002 0 0 28740.664 5500.442 3706.638 1812.684 1445.496 611.85 14.808 781206.875 3.633 0.244 0.091 0.044 0.072 0.033 0.011 0.008 2.631 0 2 78 NIL NIL 294 404.16 691.482 2349.236 19362.545 37189.313 47145.586 42809.242 55146.387 0 NIL 0 </measResults>
            </measValue>
            <measValue measObjLdn="MML00942HUNB001/ULoCell:NodeB Function Name=MML00942HUNB001, Local Cell ID=50123, Cell Name=JLUNAN6">
                <measResults>1610323 71569 24541 17975 15221 10680 8499 7031 8753 5696 4170 3006 2263 1636 1297 872 736 770 671 488 849 818 361 768 21 1010 5947 1814770 1800024 1688465 1592041 558490 15648247 1319930 305585 16 408 693 1376772 34230 11211 8880 5541 4505 3208 939 33 289 224 128292 41482 32606 21154 16995 10849 2881 33787 43034 24236 718862 5355 3625 13246 82773 182002 269155 333057 1057385 1131115 653221 342711 1 626707 537873 0 0 NIL NIL 0 0.694 0 0 86 2.934 7.624 0.097 0.322 6 0 0 0 80 0 246 169 1 NIL NIL 4.704 0.315 0.013 0.003 0 0 32933.367 8640.182 6208.728 2816.13 1789.536 916.776 146.1 1289069.75 5.713 0.376 0.154 0.084 0.132 0.049 0.016 0.003 3.754 0 4 137 NIL NIL 321 1393.386 959.244 2816.22 31303.822 76372.93 144971.672 263197.844 231591.688 0 NIL 0 </measResults>
            </measValue>
            <measValue measObjLdn="MML00942HUNB001/ULoCell:NodeB Function Name=MML00942HUNB001, Local Cell ID=60121, Cell Name=JLUNAN1">
                <measResults>0 0 0 0 0 0 1362 55126 737883 633313 203996 69213 36833 26290 14936 6692 3872 2897 2025 1917 1134 729 429 261 127 990 10918 2548768 1800025 1761869 1732988 679596 18326054 1280300 496416 16 556 634 1445889 1761894 353502 134903 43716 21407 4872 200 51 93 121 7083622 1774572 770691 279995 126590 23811 868 47442 82604 20360 462938 43311 17950 54299 248065 374428 294810 75095 1972927 927564 437331 453153 1.734 486116 471379 0 0 NIL NIL 0 1.464 0 0 100 3.935 11.099 0.11 0.266 8 0 0 0 67 0 292 232 2 NIL NIL 3.259 0.113 0.012 0.018 0.006 0 1284666.625 552051.875 352776.688 170667.875 69385.906 1913.274 65.49 1284666.625 9.47 0.642 0.239 0.117 0.133 0.026 0.008 0.002 2.479 0 9 59 NIL NIL 517 5834.454 4463.748 15026.81 92003.211 253233.766 167504.844 40734.301 478598.844 0 NIL 0 </measResults>
            </measValue>
            <measValue measObjLdn="MML00942HUNB001/ULoCell:NodeB Function Name=MML00942HUNB001, Local Cell ID=60122, Cell Name=JLUNAN2">
                <measResults>0 0 0 0 0 0 0 0 0 0 176 560484 1086857 104052 21206 13617 7201 2152 1078 769 875 619 386 151 19 382 6958 1313082 1800024 1621658 998109 250808 11721660 589651 110720 9 331 686 1045016 1621707 1621707 1621657 130248 20106 3099 100 28 97 85 4189535 4189535 4189425 428603 68422 13589 720 19311 13299 13315 214194 4146 13344 33382 145269 179549 122126 33414 756716 406111 182012 267131 0.968 106268 315035 0 0 NIL NIL 0 0.85 0 0 82 2.327 6.327 0.049 0.21 4 0 0 0 40 0 145 108 2 NIL NIL 1.978 0.079 0.002 0.001 0 0 692288.438 692288.438 692287.938 88532.102 11195.408 936.282 16.668 692288.438 5.88 0.452 0.176 0.095 0.11 0.018 0.004 0 1.612 0 11 55 NIL NIL 378 878.124 3365.832 9345.996 39008.934 54108.523 46360.039 17261.713 105812.539 0 NIL 0 </measResults>
            </measValue>
            <measValue measObjLdn="MML00942HUNB001/ULoCell:NodeB Function Name=MML00942HUNB001, Local Cell ID=60123, Cell Name=JLUNAN3">
                <measResults>46 754 3417 11854 26265 47875 78694 124586 431841 621006 316967 84161 26795 10718 5556 3018 2045 1779 964 359 266 156 98 172 77 555 4616 2572981 1800024 1763631 1603747 657515 16320570 1447492 534066 17 584 796 1479514 1706695 422772 101842 8213 4335 1945 150 9 216 165 6847063 2028574 545556 36523 16378 7530 35 75417 39746 29295 460079 3836 14793 43954 228181 554809 394086 214461 2643215 831915 478581 516967 1.936 324177 540014 0 0 NIL NIL 0 1.67 0 0 110 3.915 12.107 0.114 0.226 12 0 0 0 67 0 344 274 1 NIL NIL 3.082 0.159 0.006 0.001 0 0 925914.125 344404.469 121536.266 9239.164 3232.954 346.122 2.55 948351.688 8.635 0.582 0.212 0.097 0.121 0.022 0.005 0 2.506 0 6 70 NIL NIL 517 797.042 3145.176 9569.854 53258.465 130177.891 119119.953 113271.859 277564.281 0 NIL 0 </measResults>
            </measValue>
        </measInfo>
        <measInfo measInfoId="50331653">
            <granPeriod duration="PT3600S" endTime="2021-08-19T12:00:00+08:00"/>
            <repPeriod duration="PT3600S"/>
            <measTypes>50331748 50331749 50331750 50331751 50331752 50331753 50361697 </measTypes>
            <measValue measObjLdn="MML00942HUNB001/ULoCell:NodeB Function Name=MML00942HUNB001, Local Cell ID=10121, Cell Name=JLUNAU1">
                <measResults>0.319 0.285 0.319 0.196 0 0 0.334 </measResults>
            </measValue>
            <measValue measObjLdn="MML00942HUNB001/ULoCell:NodeB Function Name=MML00942HUNB001, Local Cell ID=10122, Cell Name=JLUNAU2">
                <measResults>0.543 0.454 0.543 0.446 0 0 0.473 </measResults>
            </measValue>
            <measValue measObjLdn="MML00942HUNB001/ULoCell:NodeB Function Name=MML00942HUNB001, Local Cell ID=10123, Cell Name=JLUNAU3">
                <measResults>0.869 0.681 0.869 0.643 0 0 0.118 </measResults>
            </measValue>
            <measValue measObjLdn="MML00942HUNB001/ULoCell:NodeB Function Name=MML00942HUNB001, Local Cell ID=50121, Cell Name=JLUNAN4">
                <measResults>1.225 1.017 1.225 0.928 0 0 0.079 </measResults>
            </measValue>
            <measValue measObjLdn="MML00942HUNB001/ULoCell:NodeB Function Name=MML00942HUNB001, Local Cell ID=50122, Cell Name=JLUNAN5">
                <measResults>1.089 0.974 1.089 0.914 0 0 0.103 </measResults>
            </measValue>
            <measValue measObjLdn="MML00942HUNB001/ULoCell:NodeB Function Name=MML00942HUNB001, Local Cell ID=50123, Cell Name=JLUNAN6">
                <measResults>1.217 0.971 1.217 0.892 0 0 0.068 </measResults>
            </measValue>
            <measValue measObjLdn="MML00942HUNB001/ULoCell:NodeB Function Name=MML00942HUNB001, Local Cell ID=60121, Cell Name=JLUNAN1">
                <measResults>0.356 0.301 0.356 0.276 0 0 0.35 </measResults>
            </measValue>
            <measValue measObjLdn="MML00942HUNB001/ULoCell:NodeB Function Name=MML00942HUNB001, Local Cell ID=60122, Cell Name=JLUNAN2">
                <measResults>0.467 0.401 0.467 0.389 0 0 0.448 </measResults>
            </measValue>
            <measValue measObjLdn="MML00942HUNB001/ULoCell:NodeB Function Name=MML00942HUNB001, Local Cell ID=60123, Cell Name=JLUNAN3">
                <measResults>0.94 0.753 0.94 0.653 0 0 0.052 </measResults>
            </measValue>
        </measInfo>
        <measInfo measInfoId="50331658">
            <granPeriod duration="PT3600S" endTime="2021-08-19T12:00:00+08:00"/>
            <repPeriod duration="PT3600S"/>
            <measTypes>50332250 50332251 50332410 50332411 </measTypes>
            <measValue measObjLdn="MML00942HUNB001/ULoCell:NodeB Function Name=MML00942HUNB001, Local Cell ID=10121, Cell Name=JLUNAU1">
                <measResults>0 0 0 0 </measResults>
            </measValue>
            <measValue measObjLdn="MML00942HUNB001/ULoCell:NodeB Function Name=MML00942HUNB001, Local Cell ID=10122, Cell Name=JLUNAU2">
                <measResults>0 0 0 0 </measResults>
            </measValue>
            <measValue measObjLdn="MML00942HUNB001/ULoCell:NodeB Function Name=MML00942HUNB001, Local Cell ID=10123, Cell Name=JLUNAU3">
                <measResults>0 0 0 0 </measResults>
            </measValue>
            <measValue measObjLdn="MML00942HUNB001/ULoCell:NodeB Function Name=MML00942HUNB001, Local Cell ID=50121, Cell Name=JLUNAN4">
                <measResults>0 0 0 0 </measResults>
            </measValue>
            <measValue measObjLdn="MML00942HUNB001/ULoCell:NodeB Function Name=MML00942HUNB001, Local Cell ID=50122, Cell Name=JLUNAN5">
                <measResults>0 0 0 0 </measResults>
            </measValue>
            <measValue measObjLdn="MML00942HUNB001/ULoCell:NodeB Function Name=MML00942HUNB001, Local Cell ID=50123, Cell Name=JLUNAN6">
                <measResults>0 0 0 0 </measResults>
            </measValue>
            <measValue measObjLdn="MML00942HUNB001/ULoCell:NodeB Function Name=MML00942HUNB001, Local Cell ID=60121, Cell Name=JLUNAN1">
                <measResults>0 0 0 0 </measResults>
            </measValue>
            <measValue measObjLdn="MML00942HUNB001/ULoCell:NodeB Function Name=MML00942HUNB001, Local Cell ID=60122, Cell Name=JLUNAN2">
                <measResults>0 0 0 0 </measResults>
            </measValue>
            <measValue measObjLdn="MML00942HUNB001/ULoCell:NodeB Function Name=MML00942HUNB001, Local Cell ID=60123, Cell Name=JLUNAN3">
                <measResults>0 0 0 0 </measResults>
            </measValue>
        </measInfo>
        <measInfo measInfoId="50331660">
            <granPeriod duration="PT3600S" endTime="2021-08-19T12:00:00+08:00"/>
            <repPeriod duration="PT3600S"/>
            <measTypes>50361670 50361671 50361672 50361673 </measTypes>
            <measValue measObjLdn="MML00942HUNB001/ULoCell:NodeB Function Name=MML00942HUNB001, Local Cell ID=10121, Cell Name=JLUNAU1">
                <measResults>0 0 0 0 </measResults>
            </measValue>
            <measValue measObjLdn="MML00942HUNB001/ULoCell:NodeB Function Name=MML00942HUNB001, Local Cell ID=10122, Cell Name=JLUNAU2">
                <measResults>0 0 0 0 </measResults>
            </measValue>
            <measValue measObjLdn="MML00942HUNB001/ULoCell:NodeB Function Name=MML00942HUNB001, Local Cell ID=10123, Cell Name=JLUNAU3">
                <measResults>0 0 0 0 </measResults>
            </measValue>
            <measValue measObjLdn="MML00942HUNB001/ULoCell:NodeB Function Name=MML00942HUNB001, Local Cell ID=50121, Cell Name=JLUNAN4">
                <measResults>0 0 0 0 </measResults>
            </measValue>
            <measValue measObjLdn="MML00942HUNB001/ULoCell:NodeB Function Name=MML00942HUNB001, Local Cell ID=50122, Cell Name=JLUNAN5">
                <measResults>0 0 0 0 </measResults>
            </measValue>
            <measValue measObjLdn="MML00942HUNB001/ULoCell:NodeB Function Name=MML00942HUNB001, Local Cell ID=50123, Cell Name=JLUNAN6">
                <measResults>0 0 0 0 </measResults>
            </measValue>
            <measValue measObjLdn="MML00942HUNB001/ULoCell:NodeB Function Name=MML00942HUNB001, Local Cell ID=60121, Cell Name=JLUNAN1">
                <measResults>0 0 0 0 </measResults>
            </measValue>
            <measValue measObjLdn="MML00942HUNB001/ULoCell:NodeB Function Name=MML00942HUNB001, Local Cell ID=60122, Cell Name=JLUNAN2">
                <measResults>0 0 0 0 </measResults>
            </measValue>
            <measValue measObjLdn="MML00942HUNB001/ULoCell:NodeB Function Name=MML00942HUNB001, Local Cell ID=60123, Cell Name=JLUNAN3">
                <measResults>0 0 0 0 </measResults>
            </measValue>
        </measInfo>
        <measInfo measInfoId="50331661">
            <granPeriod duration="PT3600S" endTime="2021-08-19T12:00:00+08:00"/>
            <repPeriod duration="PT3600S"/>
            <measTypes>50332048 50332049 50332050 50332051 </measTypes>
            <measValue measObjLdn="MML00942HUNB001/ULoCell:NodeB Function Name=MML00942HUNB001, Local Cell ID=10121, Cell Name=JLUNAU1">
                <measResults>66671 0 175007 0 </measResults>
            </measValue>
            <measValue measObjLdn="MML00942HUNB001/ULoCell:NodeB Function Name=MML00942HUNB001, Local Cell ID=10122, Cell Name=JLUNAU2">
                <measResults>35015 0 173090 0 </measResults>
            </measValue>
            <measValue measObjLdn="MML00942HUNB001/ULoCell:NodeB Function Name=MML00942HUNB001, Local Cell ID=10123, Cell Name=JLUNAU3">
                <measResults>67460 0 174829 0 </measResults>
            </measValue>
            <measValue measObjLdn="MML00942HUNB001/ULoCell:NodeB Function Name=MML00942HUNB001, Local Cell ID=50121, Cell Name=JLUNAN4">
                <measResults>104053 0 177188 0 </measResults>
            </measValue>
            <measValue measObjLdn="MML00942HUNB001/ULoCell:NodeB Function Name=MML00942HUNB001, Local Cell ID=50122, Cell Name=JLUNAN5">
                <measResults>38957 0 173656 0 </measResults>
            </measValue>
            <measValue measObjLdn="MML00942HUNB001/ULoCell:NodeB Function Name=MML00942HUNB001, Local Cell ID=50123, Cell Name=JLUNAN6">
                <measResults>101952 0 179448 0 </measResults>
            </measValue>
            <measValue measObjLdn="MML00942HUNB001/ULoCell:NodeB Function Name=MML00942HUNB001, Local Cell ID=60121, Cell Name=JLUNAN1">
                <measResults>96929 0 177105 0 </measResults>
            </measValue>
            <measValue measObjLdn="MML00942HUNB001/ULoCell:NodeB Function Name=MML00942HUNB001, Local Cell ID=60122, Cell Name=JLUNAN2">
                <measResults>44797 0 173759 0 </measResults>
            </measValue>
            <measValue measObjLdn="MML00942HUNB001/ULoCell:NodeB Function Name=MML00942HUNB001, Local Cell ID=60123, Cell Name=JLUNAN3">
                <measResults>88908 0 177376 0 </measResults>
            </measValue>
        </measInfo>
        <measInfo measInfoId="50331662">
            <granPeriod duration="PT3600S" endTime="2021-08-19T12:00:00+08:00"/>
            <repPeriod duration="PT3600S"/>
            <measTypes>50332052 50332053 50332054 50332070 50332505 </measTypes>
            <measValue measObjLdn="MML00942HUNB001/ULoCell:NodeB Function Name=MML00942HUNB001, Local Cell ID=10121, Cell Name=JLUNAU1">
                <measResults>0 178 1262901 0 0 </measResults>
            </measValue>
            <measValue measObjLdn="MML00942HUNB001/ULoCell:NodeB Function Name=MML00942HUNB001, Local Cell ID=10122, Cell Name=JLUNAU2">
                <measResults>0 70 840845 0 0 </measResults>
            </measValue>
            <measValue measObjLdn="MML00942HUNB001/ULoCell:NodeB Function Name=MML00942HUNB001, Local Cell ID=10123, Cell Name=JLUNAU3">
                <measResults>0 232 1106853 0 0 </measResults>
            </measValue>
            <measValue measObjLdn="MML00942HUNB001/ULoCell:NodeB Function Name=MML00942HUNB001, Local Cell ID=50121, Cell Name=JLUNAN4">
                <measResults>109 199 674847 0 0 </measResults>
            </measValue>
            <measValue measObjLdn="MML00942HUNB001/ULoCell:NodeB Function Name=MML00942HUNB001, Local Cell ID=50122, Cell Name=JLUNAN5">
                <measResults>104 61 310780 0 0 </measResults>
            </measValue>
            <measValue measObjLdn="MML00942HUNB001/ULoCell:NodeB Function Name=MML00942HUNB001, Local Cell ID=50123, Cell Name=JLUNAN6">
                <measResults>24 199 410354 0 0 </measResults>
            </measValue>
            <measValue measObjLdn="MML00942HUNB001/ULoCell:NodeB Function Name=MML00942HUNB001, Local Cell ID=60121, Cell Name=JLUNAN1">
                <measResults>66 155 1351552 0 0 </measResults>
            </measValue>
            <measValue measObjLdn="MML00942HUNB001/ULoCell:NodeB Function Name=MML00942HUNB001, Local Cell ID=60122, Cell Name=JLUNAN2">
                <measResults>32 109 972442 0 0 </measResults>
            </measValue>
            <measValue measObjLdn="MML00942HUNB001/ULoCell:NodeB Function Name=MML00942HUNB001, Local Cell ID=60123, Cell Name=JLUNAN3">
                <measResults>1 187 1122433 0 0 </measResults>
            </measValue>
        </measInfo>
        <measInfo measInfoId="50331663">
            <granPeriod duration="PT3600S" endTime="2021-08-19T12:00:00+08:00"/>
            <repPeriod duration="PT3600S"/>
            <measTypes>50331917 50332061 50332064 50332065 50332069 50332071 50332072 50332073 50332074 50332079 50332258 50332388 50332389 50332504 50332626 50332632 50332639 50332640 50332641 50332645 50342048 50342049 50342050 50342051 50361705 50361706 50361725 50361726 50361735 50361740 50361743 50361744 50361747 50361749 50361751 50361753 50361755 50361757 50361759 50361761 50361763 50361765 50361767 50361769 50361771 50361773 50361775 50361777 50361779 50361781 50361783 50361785 50361787 50361789 50361791 50361793 50361795 </measTypes>
            <measValue measObjLdn="MML00942HUNB001/ULoCell:NodeB Function Name=MML00942HUNB001, Local Cell ID=10121, Cell Name=JLUNAU1">
                <measResults>1000 3 254 0 0 0 0 0 0 0 5.208 0 3.683 0 0 0 0 0 NIL 0 16 121.572 0 0 0 0 0 NIL NIL NIL NIL NIL NIL NIL NIL NIL NIL NIL NIL NIL NIL NIL NIL NIL NIL NIL NIL NIL NIL NIL NIL NIL NIL NIL NIL NIL NIL </measResults>
            </measValue>
            <measValue measObjLdn="MML00942HUNB001/ULoCell:NodeB Function Name=MML00942HUNB001, Local Cell ID=10122, Cell Name=JLUNAU2">
                <measResults>1000 2 256 0 0 0 0 0 0 0 3.657 0 2.38 0 0 0 0 0 NIL 0 33 121.535 0 0 0 0 0 NIL NIL NIL NIL NIL NIL NIL NIL NIL NIL NIL NIL NIL NIL NIL NIL NIL NIL NIL NIL NIL NIL NIL NIL NIL NIL NIL NIL NIL NIL </measResults>
            </measValue>
            <measValue measObjLdn="MML00942HUNB001/ULoCell:NodeB Function Name=MML00942HUNB001, Local Cell ID=10123, Cell Name=JLUNAU3">
                <measResults>999.925 4 256 0 0 0 0 0 0 0 4.71 0 2.663 0 0 0 3600 0 NIL 0 36 111.506 0 0 0 0 0 NIL NIL NIL NIL NIL NIL NIL NIL NIL NIL NIL NIL NIL NIL NIL NIL NIL NIL NIL NIL NIL NIL NIL NIL NIL NIL NIL NIL NIL NIL </measResults>
            </measValue>
            <measValue measObjLdn="MML00942HUNB001/ULoCell:NodeB Function Name=MML00942HUNB001, Local Cell ID=50121, Cell Name=JLUNAN4">
                <measResults>999.57 8 255 0 0 0 0 0 0 0 2.942 0 4.706 0 0 0 0 0 NIL 0 37 104.673 0 0 0 0 0 NIL NIL NIL NIL NIL NIL NIL NIL NIL NIL NIL NIL NIL NIL NIL NIL NIL NIL NIL NIL NIL NIL NIL NIL NIL NIL NIL NIL NIL NIL </measResults>
            </measValue>
            <measValue measObjLdn="MML00942HUNB001/ULoCell:NodeB Function Name=MML00942HUNB001, Local Cell ID=50122, Cell Name=JLUNAN5">
                <measResults>996.46 3 256 0 0 0 0 0 0 0 1.219 0 2.197 0 0 0 0 0 NIL 0 25 75.3 0 0 0 0 0 NIL NIL NIL NIL NIL NIL NIL NIL NIL NIL NIL NIL NIL NIL NIL NIL NIL NIL NIL NIL NIL NIL NIL NIL NIL NIL NIL NIL NIL NIL </measResults>
            </measValue>
            <measValue measObjLdn="MML00942HUNB001/ULoCell:NodeB Function Name=MML00942HUNB001, Local Cell ID=50123, Cell Name=JLUNAN6">
                <measResults>995.693 9 256 0 0 0 0 0 0 0 1.493 0 4.131 0 0 0 0 0 NIL 0 55 105.357 0 0 0 0 0 NIL NIL NIL NIL NIL NIL NIL NIL NIL NIL NIL NIL NIL NIL NIL NIL NIL NIL NIL NIL NIL NIL NIL NIL NIL NIL NIL NIL NIL NIL </measResults>
            </measValue>
            <measValue measObjLdn="MML00942HUNB001/ULoCell:NodeB Function Name=MML00942HUNB001, Local Cell ID=60121, Cell Name=JLUNAN1">
                <measResults>999.227 10 255 0 0 0 0 0 0 0 5.608 0 5.279 0 0 0 0 0 NIL 0 46 113.4 0 1.239 0 0 0 0.98 NIL NIL NIL NIL NIL NIL NIL NIL NIL NIL NIL NIL NIL NIL NIL NIL NIL NIL NIL NIL NIL NIL NIL NIL NIL NIL NIL NIL NIL </measResults>
            </measValue>
            <measValue measObjLdn="MML00942HUNB001/ULoCell:NodeB Function Name=MML00942HUNB001, Local Cell ID=60122, Cell Name=JLUNAN2">
                <measResults>987.609 4 254 0 0 0 0 0 0 0 5.033 0 2.986 0 0 0 0 0 NIL 0 15 95.011 0 1.89 0 0 0 1 NIL NIL NIL NIL NIL NIL NIL NIL NIL NIL NIL NIL NIL NIL NIL NIL NIL NIL NIL NIL NIL NIL NIL NIL NIL NIL NIL NIL NIL </measResults>
            </measValue>
            <measValue measObjLdn="MML00942HUNB001/ULoCell:NodeB Function Name=MML00942HUNB001, Local Cell ID=60123, Cell Name=JLUNAN3">
                <measResults>999.994 10 256 0 0 0 0 0 0 0 5.085 0 4.887 1000 0 0 0 0 NIL 0 25 123.856 0 0 0 0 0 NIL NIL NIL NIL NIL NIL NIL NIL NIL NIL NIL NIL NIL NIL NIL NIL NIL NIL NIL NIL NIL NIL NIL NIL NIL NIL NIL NIL NIL NIL </measResults>
            </measValue>
        </measInfo>
        <measInfo measInfoId="50331665">
            <granPeriod duration="PT3600S" endTime="2021-08-19T12:00:00+08:00"/>
            <repPeriod duration="PT3600S"/>
            <measTypes>50331740 50331741 50331742 50331743 50331744 50331909 50331910 50331911 50331912 50331913 50332381 50332382 50332576 50332577 </measTypes>
            <measValue measObjLdn="MML00942HUNB001/ULoCell:NodeB Function Name=MML00942HUNB001, Local Cell ID=10121, Cell Name=JLUNAU1">
                <measResults>0 0 0 0 0 0 0 0 0 0 0 0 0 0 </measResults>
            </measValue>
            <measValue measObjLdn="MML00942HUNB001/ULoCell:NodeB Function Name=MML00942HUNB001, Local Cell ID=10122, Cell Name=JLUNAU2">
                <measResults>0 0 0 0 0 0 0 0 0 0 0 0 0 0 </measResults>
            </measValue>
            <measValue measObjLdn="MML00942HUNB001/ULoCell:NodeB Function Name=MML00942HUNB001, Local Cell ID=10123, Cell Name=JLUNAU3">
                <measResults>0 0 0 0 0 0 0 0 0 0 0 0 0 0 </measResults>
            </measValue>
            <measValue measObjLdn="MML00942HUNB001/ULoCell:NodeB Function Name=MML00942HUNB001, Local Cell ID=50121, Cell Name=JLUNAN4">
                <measResults>0 0 0 0 0 0 0 0 0 0 0 0 0 0 </measResults>
            </measValue>
            <measValue measObjLdn="MML00942HUNB001/ULoCell:NodeB Function Name=MML00942HUNB001, Local Cell ID=50122, Cell Name=JLUNAN5">
                <measResults>0 0 0 0 0 0 0 0 0 0 0 0 0 0 </measResults>
            </measValue>
            <measValue measObjLdn="MML00942HUNB001/ULoCell:NodeB Function Name=MML00942HUNB001, Local Cell ID=50123, Cell Name=JLUNAN6">
                <measResults>0 0 0 0 0 0 0 0 0 0 0 0 0 0 </measResults>
            </measValue>
            <measValue measObjLdn="MML00942HUNB001/ULoCell:NodeB Function Name=MML00942HUNB001, Local Cell ID=60121, Cell Name=JLUNAN1">
                <measResults>0 0 0 0 0 0 0 0 0 0 0 0 0 0 </measResults>
            </measValue>
            <measValue measObjLdn="MML00942HUNB001/ULoCell:NodeB Function Name=MML00942HUNB001, Local Cell ID=60122, Cell Name=JLUNAN2">
                <measResults>0 0 0 0 0 0 0 0 0 0 0 0 0 0 </measResults>
            </measValue>
            <measValue measObjLdn="MML00942HUNB001/ULoCell:NodeB Function Name=MML00942HUNB001, Local Cell ID=60123, Cell Name=JLUNAN3">
                <measResults>0 0 0 0 0 0 0 0 0 0 0 0 0 0 </measResults>
            </measValue>
        </measInfo>
        <measInfo measInfoId="50331673">
            <granPeriod duration="PT3600S" endTime="2021-08-19T12:00:00+08:00"/>
            <repPeriod duration="PT3600S"/>
            <measTypes>50332055 50332056 50332057 50332058 50332059 50332060 50332278 50332279 50332280 50332281 50332282 50332283 50332284 50332285 50332286 50361648 50361649 50361650 50361651 </measTypes>
            <measValue measObjLdn="MML00942HUNB001/ULoCell:NodeB Function Name=MML00942HUNB001, Local Cell ID=10121, Cell Name=JLUNAU1">
                <measResults>92 51 34 0 0 0 24 26 6 15 6 1 0 21 6 0 0 0 0 </measResults>
            </measValue>
            <measValue measObjLdn="MML00942HUNB001/ULoCell:NodeB Function Name=MML00942HUNB001, Local Cell ID=10122, Cell Name=JLUNAU2">
                <measResults>56 34 22 0 0 0 17 17 3 8 8 0 1 13 13 0 0 0 0 </measResults>
            </measValue>
            <measValue measObjLdn="MML00942HUNB001/ULoCell:NodeB Function Name=MML00942HUNB001, Local Cell ID=10123, Cell Name=JLUNAU3">
                <measResults>48 29 23 0 0 0 30 29 5 12 10 0 1 16 11 0 0 0 0 </measResults>
            </measValue>
            <measValue measObjLdn="MML00942HUNB001/ULoCell:NodeB Function Name=MML00942HUNB001, Local Cell ID=50121, Cell Name=JLUNAN4">
                <measResults>52 18 6 0 0 0 27 26 20 35 37 3 7 53 73 0 0 0 0 </measResults>
            </measValue>
            <measValue measObjLdn="MML00942HUNB001/ULoCell:NodeB Function Name=MML00942HUNB001, Local Cell ID=50122, Cell Name=JLUNAN5">
                <measResults>28 9 4 0 0 0 9 10 10 15 25 1 4 18 25 0 0 0 0 </measResults>
            </measValue>
            <measValue measObjLdn="MML00942HUNB001/ULoCell:NodeB Function Name=MML00942HUNB001, Local Cell ID=50123, Cell Name=JLUNAN6">
                <measResults>47 7 3 0 0 0 14 15 20 36 47 4 6 49 49 0 0 0 0 </measResults>
            </measValue>
            <measValue measObjLdn="MML00942HUNB001/ULoCell:NodeB Function Name=MML00942HUNB001, Local Cell ID=60121, Cell Name=JLUNAN1">
                <measResults>56 29 16 0 0 0 46 47 21 38 25 4 3 42 23 0 0 0 0 </measResults>
            </measValue>
            <measValue measObjLdn="MML00942HUNB001/ULoCell:NodeB Function Name=MML00942HUNB001, Local Cell ID=60122, Cell Name=JLUNAN2">
                <measResults>33 22 9 0 0 0 27 25 9 17 10 1 1 20 6 0 0 0 0 </measResults>
            </measValue>
            <measValue measObjLdn="MML00942HUNB001/ULoCell:NodeB Function Name=MML00942HUNB001, Local Cell ID=60123, Cell Name=JLUNAN3">
                <measResults>50 23 11 0 0 0 51 46 18 34 26 4 4 46 28 0 0 0 0 </measResults>
            </measValue>
        </measInfo>
        <measInfo measInfoId="50331674">
            <granPeriod duration="PT3600S" endTime="2021-08-19T12:00:00+08:00"/>
            <repPeriod duration="PT3600S"/>
            <measTypes>50332161 50332162 50332163 50332164 50332165 50341718 50341719 50341720 50341721 </measTypes>
            <measValue measObjLdn="MML00942HUNB001/ULoCell:NodeB Function Name=MML00942HUNB001, Local Cell ID=10121, Cell Name=JLUNAU1">
                <measResults>0 0 0 0 0 0 0 0 0 </measResults>
            </measValue>
            <measValue measObjLdn="MML00942HUNB001/ULoCell:NodeB Function Name=MML00942HUNB001, Local Cell ID=10122, Cell Name=JLUNAU2">
                <measResults>0 0 0 0 0 0 0 0 0 </measResults>
            </measValue>
            <measValue measObjLdn="MML00942HUNB001/ULoCell:NodeB Function Name=MML00942HUNB001, Local Cell ID=10123, Cell Name=JLUNAU3">
                <measResults>0 0 0 0 0 0 0 0 0 </measResults>
            </measValue>
            <measValue measObjLdn="MML00942HUNB001/ULoCell:NodeB Function Name=MML00942HUNB001, Local Cell ID=50121, Cell Name=JLUNAN4">
                <measResults>0 0 0 0 0 0 0 0 0 </measResults>
            </measValue>
            <measValue measObjLdn="MML00942HUNB001/ULoCell:NodeB Function Name=MML00942HUNB001, Local Cell ID=50122, Cell Name=JLUNAN5">
                <measResults>0 0 0 0 0 0 0 0 0 </measResults>
            </measValue>
            <measValue measObjLdn="MML00942HUNB001/ULoCell:NodeB Function Name=MML00942HUNB001, Local Cell ID=50123, Cell Name=JLUNAN6">
                <measResults>0 0 0 0 0 0 0 0 0 </measResults>
            </measValue>
            <measValue measObjLdn="MML00942HUNB001/ULoCell:NodeB Function Name=MML00942HUNB001, Local Cell ID=60121, Cell Name=JLUNAN1">
                <measResults>0 0 0 0 0 0 0 0 0 </measResults>
            </measValue>
            <measValue measObjLdn="MML00942HUNB001/ULoCell:NodeB Function Name=MML00942HUNB001, Local Cell ID=60122, Cell Name=JLUNAN2">
                <measResults>0 0 0 0 0 0 0 0 0 </measResults>
            </measValue>
            <measValue measObjLdn="MML00942HUNB001/ULoCell:NodeB Function Name=MML00942HUNB001, Local Cell ID=60123, Cell Name=JLUNAN3">
                <measResults>0 0 0 0 0 0 0 0 0 </measResults>
            </measValue>
        </measInfo>
        <measInfo measInfoId="50331676">
            <granPeriod duration="PT3600S" endTime="2021-08-19T12:00:00+08:00"/>
            <repPeriod duration="PT3600S"/>
            <measTypes>50331747 50332175 50332176 50332177 50332178 50332179 50332180 50332181 50332182 50332183 50332184 50332185 50332186 50332187 50332188 50332189 50332190 50332192 50332193 50332194 50332195 50332196 50332197 50332198 50332199 50332200 50332201 50332202 50332203 50332204 50332205 50332206 50332207 50332208 50332209 50332210 50332211 50332212 50332213 50332214 50332219 50332232 50332233 50332234 50332235 50332236 50332237 50332238 50332245 50332246 50332648 50332649 50332650 50332651 50332652 50332653 50332654 50332655 50332656 50332657 50332658 50332670 50332848 50332849 50332850 50332853 50332854 50332855 50332856 50332865 50332866 50332867 50332868 50332869 50332870 50332871 50332872 50332873 50332874 50332875 50332876 50332877 50332878 50332879 50332880 50332881 50332882 50332883 50332884 50332885 50332886 50332887 50332888 50332889 50332890 50332891 50332892 50332894 50332895 50332896 50332897 50332898 50332899 50332900 50332901 50332902 50332903 50332904 50332905 50332906 50332907 50332908 50332909 50332910 50332943 50332944 50332945 50332946 50332947 50332948 50332949 50332950 50332951 50332952 50332953 50332954 50332955 50332956 50332957 50332958 50332959 50332960 50332961 50332962 50332963 50332964 50332965 50332966 50332967 50332968 50332969 50332970 50332971 50332972 50332973 50332974 50332985 50332986 50332987 50332990 50341723 50341741 50341742 50341743 50341748 50341749 50341750 50341751 50341752 50341753 50341754 50341755 50341756 50341757 50341758 50341759 </measTypes>
            <measValue measObjLdn="MML00942HUNB001/ULoCell:NodeB Function Name=MML00942HUNB001, Local Cell ID=10121, Cell Name=JLUNAU1">
                <measResults>2900649488 909011 132836 49292 38120 37287 55645 13677 68102 15831 86558 105208 248017 39747 669 0 0 0 2783772097 42380 0 18951 0 0 0 0 238 164730 297998 5833 1396 1973 872 462 246 333 83 18 1 0 117100688 2902436449 1505171 3584496449 1437382 662087 336208 170401 657450469 528602 442042 270008 323965 85371 34205 14171 22547 3956 554 1 0 484770 0 0 0 481530 19 42 117049 0 0 0 0 0 0 0 0 0 4508 0 0 489621011 1142640686 646118254 560376077 543500 645831 208036 100007 0 0 0 0 3648348 12285 7017 0 0 0 0 0 0 0 0 0 0 0 0 0 0 0 0 0 0 0 0 0 0 0 0 0 0 0 0 0 0 0 0 0 0 NIL NIL NIL NIL NIL NIL NIL NIL NIL NIL NIL NIL NIL NIL NIL NIL 0 0 0 1362991 8.037 NIL 0 0 168939.063 406018.688 908935.813 409525.531 236711.297 125151.422 267577.281 60689.328 11922.144 32.848 0 2020545.625 </measResults>
            </measValue>
            <measValue measObjLdn="MML00942HUNB001/ULoCell:NodeB Function Name=MML00942HUNB001, Local Cell ID=10122, Cell Name=JLUNAU2">
                <measResults>4008616480 890184 92517 35719 27940 28850 41034 10185 51323 10026 46303 16047 110141 313333 126269 129 0 0 3950394473 42972 0 7625 0 0 0 0 30 135602 237885 4185 818 1185 966 571 301 398 241 18 0 1 226609824 4001506335 1310621 5663938996 909352 432369 288834 120715 458443053 327213 282308 165642 230010 185523 108620 41311 33131 9802 115 0 0 608512 0 0 0 356302 0 24 91291 0 0 0 0 0 0 0 0 0 3039 0 0 477128469 1400543888 1443478196 600427802 441183 499095 272498 87803 0 0 0 0 2285370 7891 3999 0 0 0 0 0 0 0 0 0 0 0 0 0 0 0 0 0 0 0 0 0 0 0 0 0 0 0 0 0 0 0 0 0 0 NIL NIL NIL NIL NIL NIL NIL NIL NIL NIL NIL NIL NIL NIL NIL NIL 0 0 0 1188449 5.038 NIL 0 0 105411.695 249644.297 678420 920221.375 744879.25 364441.844 376335.875 152771.344 2526.016 0 0 3239595.75 </measResults>
            </measValue>
            <measValue measObjLdn="MML00942HUNB001/ULoCell:NodeB Function Name=MML00942HUNB001, Local Cell ID=10123, Cell Name=JLUNAU3">
                <measResults>4183691920 1111853 95839 21000 14197 12483 17888 5770 22177 9281 29027 31304 170371 247673 11137 0 0 0 4082074142 41025 0 15689 0 0 0 0 78 123869 161266 3634 605 1118 1057 662 496 901 677 120 21 5 887268224 4198465233 1024782 5151805136 722728 602225 530864 428193 312472954 187127 155504 93710 177225 137386 59616 46267 57098 39047 3047 21 0 519707 0 0 0 190983 1 13 112915 0 0 0 0 0 0 0 0 0 1381 0 0 181446854 1016034448 1008432072 1405317407 203273 378041 207501 170760 0 0 0 0 5969240 14373 8495 0 0 0 0 0 0 0 0 0 0 0 0 0 0 0 0 0 0 0 0 0 0 0 0 0 0 0 0 0 0 0 0 0 0 NIL NIL NIL NIL NIL NIL NIL NIL NIL NIL NIL NIL NIL NIL NIL NIL 0 0 0 871577 7.15 NIL 0 0 46467.125 141041.125 532366.125 673611.688 409339.688 416881.781 683372.25 615124.625 69305 675.48 0 3400676.75 </measResults>
            </measValue>
            <measValue measObjLdn="MML00942HUNB001/ULoCell:NodeB Function Name=MML00942HUNB001, Local Cell ID=50121, Cell Name=JLUNAN4">
                <measResults>5334859784 1001983 193192 31565 16121 13843 15874 10469 21599 11953 19490 13530 89841 322037 38503 0 0 0 5352309128 20622 0 13977 0 0 0 0 446 133951 183809 6367 604 1177 1103 1074 1018 1354 896 200 23 5 1844115216 5348740367 1230719 6426311835 417926 1060449 1202880 1143455 486763044 225354 195636 63458 127511 108253 84401 60898 78478 57813 14750 14 0 532118 0 0 0 95274 28 29 191869 0 0 0 0 0 0 0 0 0 1243 0 0 16070104 264435310 1150760057 1747901055 80713 218068 332202 309656 0 0 0 0 5710376 21547 10011 0 0 0 0 0 0 0 0 0 0 0 0 0 0 0 0 0 0 0 0 0 0 0 0 0 0 0 0 0 0 0 0 0 0 NIL NIL NIL NIL NIL NIL NIL NIL NIL NIL NIL NIL NIL NIL NIL NIL 0 0 0 1012306 11.428 NIL 0 0 37901.492 95053.188 374812.406 543289.125 585674.875 542168.5 925207.5 946950.313 324723.594 451.744 0 4243278 </measResults>
            </measValue>
            <measValue measObjLdn="MML00942HUNB001/ULoCell:NodeB Function Name=MML00942HUNB001, Local Cell ID=50122, Cell Name=JLUNAN5">
                <measResults>3079220880 1312343 100904 16918 13938 12072 12692 3607 13793 4132 16328 4105 17809 24712 231503 15144 0 0 3086230688 22553 0 8412 0 0 0 0 9 47777 72201 2518 234 437 438 391 446 619 387 55 7 0 423395344 3082937810 633858 3769148800 258695 438973 561102 458203 261146080 151609 90774 42891 59768 67318 51256 35308 55900 47620 2622 25 0 319817 0 0 0 101596 1 0 96001 0 0 0 0 0 0 0 0 0 4576 0 0 25476938 333256882 658700959 1281767020 61129 170627 148474 167593 0 0 0 0 3475056 14356 6781 0 0 0 0 0 0 0 0 0 0 0 0 0 0 0 0 0 0 0 0 0 0 0 0 0 0 0 0 0 0 0 0 0 0 NIL NIL NIL NIL NIL NIL NIL NIL NIL NIL NIL NIL NIL NIL NIL NIL 0 0 0 507216 5.308 NIL 0 0 19020.092 62352.273 177342.547 327560.063 351260.156 315985 667269.125 784712.75 59942.953 809.616 0 2684882.25 </measResults>
            </measValue>
            <measValue measObjLdn="MML00942HUNB001/ULoCell:NodeB Function Name=MML00942HUNB001, Local Cell ID=50123, Cell Name=JLUNAN6">
                <measResults>7318549348 965245 150799 32946 16761 20086 18777 10827 24984 11835 24332 11283 23231 211524 276303 1067 0 0 7328197592 17557 0 9481 0 0 0 0 497 176998 219502 5629 619 1117 986 912 879 1312 1177 500 74 14 3289083256 7322207594 1328323 8892714376 438288 880595 904836 1504812 804589571 244174 143658 56483 145484 133363 98817 79809 105005 90548 32615 386 0 686027 0 0 0 88777 2 4 175863 0 0 0 0 0 0 0 0 0 0 0 0 25492226 271460194 1013674953 2006608564 66196 202944 264732 332334 0 0 0 0 6187439 16874 9274 0 0 0 0 0 0 0 0 0 0 0 0 0 0 0 0 0 0 0 0 0 0 0 0 0 0 0 0 0 0 0 0 0 0 NIL NIL NIL NIL NIL NIL NIL NIL NIL NIL NIL NIL NIL NIL NIL NIL 0 0 0 1124319 10.349 NIL 0 0 31304.117 84173.516 435612.781 662242.063 690033.188 714592.875 1234068.625 1493830.5 752214 12149.032 0 5994743 </measResults>
            </measValue>
            <measValue measObjLdn="MML00942HUNB001/ULoCell:NodeB Function Name=MML00942HUNB001, Local Cell ID=60121, Cell Name=JLUNAN1">
                <measResults>3347164140 1027570 201834 35958 18035 12547 17804 8959 21569 14334 40897 111142 229091 59136 1124 0 0 0 3201842082 13755 0 20330 0 0 0 0 331 109882 161202 7159 779 1514 1200 900 637 1161 456 79 12 3 450277824 3330062154 1136804 4259802647 1304424 1118799 851640 635709 912455302 401939 149763 86885 195486 116061 61820 38651 40827 13752 523 1 0 467121 0 0 0 191318 19 153 196754 0 0 0 0 0 0 0 0 0 15840 1312 0 304995265 1029748273 1001305665 815706911 247685 412531 260290 163746 0 0 0 0 5236842 17832 10045 0 0 0 0 0 0 0 0 0 0 0 0 0 0 0 0 0 0 0 0 0 0 0 0 0 0 0 0 0 0 0 0 0 0 NIL NIL NIL NIL NIL NIL NIL NIL NIL NIL NIL NIL NIL NIL NIL NIL 0 0 0 915233 11.73 NIL 0 0 34674.563 131996.047 573147.5 563031.313 425089 343681.781 481675.875 212023.063 11707.84 30.576 0 2610387 </measResults>
            </measValue>
            <measValue measObjLdn="MML00942HUNB001/ULoCell:NodeB Function Name=MML00942HUNB001, Local Cell ID=60122, Cell Name=JLUNAN2">
                <measResults>3436377372 1246194 103859 17269 12312 13182 13840 4885 14020 7159 20544 15347 96374 188582 46433 0 0 0 3366766390 23153 0 15427 0 0 0 0 22 58902 75953 2612 366 861 692 585 392 757 493 53 9 2 513697600 3397937319 720516 4262460441 728842 650277 506842 194492 481809031 186098 69148 28159 103286 81264 48492 31241 68856 46758 624 11 0 380532 0 0 0 107379 2 17 116099 0 0 0 0 0 0 0 0 0 280 0 0 195724600 732098742 1210575830 1131633841 126497 254826 195589 131571 0 0 0 0 3533115 17112 8082 0 0 0 0 0 0 0 0 0 0 0 0 0 0 0 0 0 0 0 0 0 0 0 0 0 0 0 0 0 0 0 0 0 0 NIL NIL NIL NIL NIL NIL NIL NIL NIL NIL NIL NIL NIL NIL NIL NIL 0 0 0 560041 6.194 NIL 0 0 12573.985 44156.402 303360.281 398189.5 338887 278066.125 830026.188 730646.063 14022.888 358.04 0 2893556 </measResults>
            </measValue>
            <measValue measObjLdn="MML00942HUNB001/ULoCell:NodeB Function Name=MML00942HUNB001, Local Cell ID=60123, Cell Name=JLUNAN3">
                <measResults>6463058864 931401 151461 29206 16145 15139 18404 10374 18372 13538 29906 56308 297579 196568 15599 0 0 0 6425675037 21507 0 7069 0 0 0 0 573 200863 225779 6651 556 1260 1286 1208 943 1400 1031 316 52 13 2418764624 6449977368 1397208 8005392636 1066867 1007233 929456 814352 952051949 361547 163157 86075 166913 170166 118937 76719 84909 64133 14935 47 0 696759 0 0 0 112942 7 26 173403 0 0 0 0 0 0 0 0 0 5371 80720 0 162853579 971556867 1908308516 1964078612 151131 395027 396385 290109 0 0 0 0 6859874 23568 12242 0 0 0 0 0 0 0 0 0 0 0 0 0 0 0 0 0 0 0 0 0 0 0 0 0 0 0 0 0 0 0 0 0 0 NIL NIL NIL NIL NIL NIL NIL NIL NIL NIL NIL NIL NIL NIL NIL NIL 0 0 0 1192991 11.477 NIL 0 0 36461.73 128161.508 500446.094 850756.688 825628.063 682757.875 992129.25 1060937.375 339755.844 1462.816 0 5253874 </measResults>
            </measValue>
        </measInfo>
        <measInfo measInfoId="50331649">
            <granPeriod duration="PT3600S" endTime="2021-08-19T12:00:00+08:00"/>
            <repPeriod duration="PT3600S"/>
            <measTypes>50332578 50332579 50332580 50332581 50342578 50342579 50342580 50342581 </measTypes>
            <measValue measObjLdn="MML00942HUNB001/NodeBFunction:NodeB Function Name=MML00942HUNB001">
                <measResults>12.934 4.233 11.418 125.62 18.8 7 16.2 158.4 </measResults>
            </measValue>
        </measInfo>
        <measInfo measInfoId="50331654">
            <granPeriod duration="PT3600S" endTime="2021-08-19T12:00:00+08:00"/>
            <repPeriod duration="PT3600S"/>
            <measTypes>50332565 50332566 50332633 50332635 </measTypes>
            <measValue measObjLdn="MML00942HUNB001/NodeBFunction:NodeB Function Name=MML00942HUNB001">
                <measResults>3072 1792 0 0 </measResults>
            </measValue>
        </measInfo>
        <measInfo measInfoId="50331664">
            <granPeriod duration="PT3600S" endTime="2021-08-19T12:00:00+08:00"/>
            <repPeriod duration="PT3600S"/>
            <measTypes>50332572 50332585 50332587 50332588 50332589 50332590 50332617 50332618 50332625 </measTypes>
            <measValue measObjLdn="MML00942HUNB001/NodeBFunction:NodeB Function Name=MML00942HUNB001">
                <measResults>3 0 55 55 0 42 0 0 5 </measResults>
            </measValue>
        </measInfo>
        <measInfo measInfoId="50331666">
            <granPeriod duration="PT3600S" endTime="2021-08-19T12:00:00+08:00"/>
            <repPeriod duration="PT3600S"/>
            <measTypes>50332567 50332568 50332569 50332570 50332571 </measTypes>
            <measValue measObjLdn="MML00942HUNB001/NodeBFunction:NodeB Function Name=MML00942HUNB001">
                <measResults>0 0 0 0 0 </measResults>
            </measValue>
        </measInfo>
        <measInfo measInfoId="50331681">
            <granPeriod duration="PT3600S" endTime="2021-08-19T12:00:00+08:00"/>
            <repPeriod duration="PT3600S"/>
            <measTypes>50342640 50342641 50342642 50342643 50342644 50342645 50342646 50342647 </measTypes>
            <measValue measObjLdn="MML00942HUNB001/NodeBFunction:NodeB Function Name=MML00942HUNB001">
                <measResults>23024083 25073540 2085646913 6199911635 7344646 4634770 31746336 13777581 </measResults>
            </measValue>
        </measInfo>
        <measInfo measInfoId="50331652">
            <granPeriod duration="PT3600S" endTime="2021-08-19T12:00:00+08:00"/>
            <repPeriod duration="PT3600S"/>
            <measTypes>50332555 50332556 50332557 50332558 50332559 50332560 50332561 50332562 50332563 50332564 50332593 50332594 50342555 50342556 50342561 50342562 50342563 50342564 50342567 50342568 50342569 50342570 50342571 50342572 50342618 50342619 50342621 50342622 50342624 50342625 50342627 50342628 </measTypes>
            <measValue measObjLdn="MML00942HUNB001/NodeBFunction:NodeB Function Name=MML00942HUNB001/MocID:2/CnOperator:-1">
                <measResults>0 0 0 0 4784 3824 277.848 132.05 0 120.303 0 0 0 0 330.5 158 0 165.5 106 234.5 91 0 0 0 0 0 0 0 0 0 0 0 </measResults>
            </measValue>
        </measInfo>
        <measInfo measInfoId="50331667">
            <granPeriod duration="PT3600S" endTime="2021-08-19T12:00:00+08:00"/>
            <repPeriod duration="PT3600S"/>
            <measTypes>50332591 50332592 50332595 50332596 50332597 </measTypes>
            <measValue measObjLdn="MML00942HUNB001/NodeBFunction:NodeB Function Name=MML00942HUNB001/MocID:2/CnOperator:-1">
                <measResults>0 0 0 0 0 </measResults>
            </measValue>
        </measInfo>
        <measInfo measInfoId="50331668">
            <granPeriod duration="PT3600S" endTime="2021-08-19T12:00:00+08:00"/>
            <repPeriod duration="PT3600S"/>
            <measTypes>50332348 50332349 </measTypes>
            <measValue measObjLdn="MML00942HUNB001/LOCELL_SECTOREQM:NodeB Function Name=MML00942HUNB001, Local Cell ID=10121, Sector Equipment ID=0">
                <measResults>0 0 </measResults>
            </measValue>
            <measValue measObjLdn="MML00942HUNB001/LOCELL_SECTOREQM:NodeB Function Name=MML00942HUNB001, Local Cell ID=10122, Sector Equipment ID=1">
                <measResults>0 0 </measResults>
            </measValue>
            <measValue measObjLdn="MML00942HUNB001/LOCELL_SECTOREQM:NodeB Function Name=MML00942HUNB001, Local Cell ID=10123, Sector Equipment ID=2">
                <measResults>0 0 </measResults>
            </measValue>
            <measValue measObjLdn="MML00942HUNB001/LOCELL_SECTOREQM:NodeB Function Name=MML00942HUNB001, Local Cell ID=50121, Sector Equipment ID=6">
                <measResults>0 0 </measResults>
            </measValue>
            <measValue measObjLdn="MML00942HUNB001/LOCELL_SECTOREQM:NodeB Function Name=MML00942HUNB001, Local Cell ID=50122, Sector Equipment ID=7">
                <measResults>0 0 </measResults>
            </measValue>
            <measValue measObjLdn="MML00942HUNB001/LOCELL_SECTOREQM:NodeB Function Name=MML00942HUNB001, Local Cell ID=50123, Sector Equipment ID=8">
                <measResults>0 0 </measResults>
            </measValue>
            <measValue measObjLdn="MML00942HUNB001/LOCELL_SECTOREQM:NodeB Function Name=MML00942HUNB001, Local Cell ID=60121, Sector Equipment ID=10">
                <measResults>0 0 </measResults>
            </measValue>
            <measValue measObjLdn="MML00942HUNB001/LOCELL_SECTOREQM:NodeB Function Name=MML00942HUNB001, Local Cell ID=60122, Sector Equipment ID=11">
                <measResults>0 0 </measResults>
            </measValue>
            <measValue measObjLdn="MML00942HUNB001/LOCELL_SECTOREQM:NodeB Function Name=MML00942HUNB001, Local Cell ID=60123, Sector Equipment ID=12">
                <measResults>0 0 </measResults>
            </measValue>
        </measInfo>
        <measInfo measInfoId="50331669">
            <granPeriod duration="PT3600S" endTime="2021-08-19T12:00:00+08:00"/>
            <repPeriod duration="PT3600S"/>
            <measTypes>50332350 50332351 50332352 50332353 </measTypes>
            <measValue measObjLdn="MML00942HUNB001/LOCELL_SECTOREQM:NodeB Function Name=MML00942HUNB001, Local Cell ID=10121, Sector Equipment ID=0">
                <measResults>50099 112 47623 47801 </measResults>
            </measValue>
            <measValue measObjLdn="MML00942HUNB001/LOCELL_SECTOREQM:NodeB Function Name=MML00942HUNB001, Local Cell ID=10122, Sector Equipment ID=1">
                <measResults>37503 102 36600 36650 </measResults>
            </measValue>
            <measValue measObjLdn="MML00942HUNB001/LOCELL_SECTOREQM:NodeB Function Name=MML00942HUNB001, Local Cell ID=10123, Sector Equipment ID=2">
                <measResults>73940 103 72573 72664 </measResults>
            </measValue>
            <measValue measObjLdn="MML00942HUNB001/LOCELL_SECTOREQM:NodeB Function Name=MML00942HUNB001, Local Cell ID=50121, Sector Equipment ID=6">
                <measResults>83742 1285 79128 79505 </measResults>
            </measValue>
            <measValue measObjLdn="MML00942HUNB001/LOCELL_SECTOREQM:NodeB Function Name=MML00942HUNB001, Local Cell ID=50122, Sector Equipment ID=7">
                <measResults>38489 153 36644 36711 </measResults>
            </measValue>
            <measValue measObjLdn="MML00942HUNB001/LOCELL_SECTOREQM:NodeB Function Name=MML00942HUNB001, Local Cell ID=50123, Sector Equipment ID=8">
                <measResults>87797 1481 83708 84007 </measResults>
            </measValue>
            <measValue measObjLdn="MML00942HUNB001/LOCELL_SECTOREQM:NodeB Function Name=MML00942HUNB001, Local Cell ID=60121, Sector Equipment ID=10">
                <measResults>80903 625 75789 76191 </measResults>
            </measValue>
            <measValue measObjLdn="MML00942HUNB001/LOCELL_SECTOREQM:NodeB Function Name=MML00942HUNB001, Local Cell ID=60122, Sector Equipment ID=11">
                <measResults>39596 90 37573 37679 </measResults>
            </measValue>
            <measValue measObjLdn="MML00942HUNB001/LOCELL_SECTOREQM:NodeB Function Name=MML00942HUNB001, Local Cell ID=60123, Sector Equipment ID=12">
                <measResults>68635 417 64831 65626 </measResults>
            </measValue>
        </measInfo>
        <measInfo measInfoId="50331670">
            <granPeriod duration="PT3600S" endTime="2021-08-19T12:00:00+08:00"/>
            <repPeriod duration="PT3600S"/>
            <measTypes>50332354 50332355 </measTypes>
            <measValue measObjLdn="MML00942HUNB001/LOCELL_SECTOREQM:NodeB Function Name=MML00942HUNB001, Local Cell ID=10121, Sector Equipment ID=0">
                <measResults>0 0 </measResults>
            </measValue>
            <measValue measObjLdn="MML00942HUNB001/LOCELL_SECTOREQM:NodeB Function Name=MML00942HUNB001, Local Cell ID=10122, Sector Equipment ID=1">
                <measResults>0 0 </measResults>
            </measValue>
            <measValue measObjLdn="MML00942HUNB001/LOCELL_SECTOREQM:NodeB Function Name=MML00942HUNB001, Local Cell ID=10123, Sector Equipment ID=2">
                <measResults>0 0 </measResults>
            </measValue>
            <measValue measObjLdn="MML00942HUNB001/LOCELL_SECTOREQM:NodeB Function Name=MML00942HUNB001, Local Cell ID=50121, Sector Equipment ID=6">
                <measResults>0 0 </measResults>
            </measValue>
            <measValue measObjLdn="MML00942HUNB001/LOCELL_SECTOREQM:NodeB Function Name=MML00942HUNB001, Local Cell ID=50122, Sector Equipment ID=7">
                <measResults>0 0 </measResults>
            </measValue>
            <measValue measObjLdn="MML00942HUNB001/LOCELL_SECTOREQM:NodeB Function Name=MML00942HUNB001, Local Cell ID=50123, Sector Equipment ID=8">
                <measResults>0 0 </measResults>
            </measValue>
            <measValue measObjLdn="MML00942HUNB001/LOCELL_SECTOREQM:NodeB Function Name=MML00942HUNB001, Local Cell ID=60121, Sector Equipment ID=10">
                <measResults>0 0 </measResults>
            </measValue>
            <measValue measObjLdn="MML00942HUNB001/LOCELL_SECTOREQM:NodeB Function Name=MML00942HUNB001, Local Cell ID=60122, Sector Equipment ID=11">
                <measResults>0 0 </measResults>
            </measValue>
            <measValue measObjLdn="MML00942HUNB001/LOCELL_SECTOREQM:NodeB Function Name=MML00942HUNB001, Local Cell ID=60123, Sector Equipment ID=12">
                <measResults>0 0 </measResults>
            </measValue>
        </measInfo>
        <measInfo measInfoId="50331672">
            <granPeriod duration="PT3600S" endTime="2021-08-19T12:00:00+08:00"/>
            <repPeriod duration="PT3600S"/>
            <measTypes>50342590 50342591 50342592 50342593 50342594 50342595 50342596 50342597 </measTypes>
            <measValue measObjLdn="MML00942HUNB001/LOCELL_SECTOREQM:NodeB Function Name=MML00942HUNB001, Local Cell ID=10121, Sector Equipment ID=0">
                <measResults>-99.378 -98.118 -95.849 -98.8 -100.4 -99.9 -98.7 -100.1 </measResults>
            </measValue>
            <measValue measObjLdn="MML00942HUNB001/LOCELL_SECTOREQM:NodeB Function Name=MML00942HUNB001, Local Cell ID=10122, Sector Equipment ID=1">
                <measResults>-99.543 -98.475 -97.723 -99.034 -100.5 -99.4 -98.8 -100.1 </measResults>
            </measValue>
            <measValue measObjLdn="MML00942HUNB001/LOCELL_SECTOREQM:NodeB Function Name=MML00942HUNB001, Local Cell ID=10123, Sector Equipment ID=2">
                <measResults>-102.753 -102.919 -102.375 -102.943 -104 -104 -103.5 -104.1 </measResults>
            </measValue>
            <measValue measObjLdn="MML00942HUNB001/LOCELL_SECTOREQM:NodeB Function Name=MML00942HUNB001, Local Cell ID=50121, Sector Equipment ID=6">
                <measResults>-92.077 -91.607 NIL NIL -94.6 -93.9 NIL NIL </measResults>
            </measValue>
            <measValue measObjLdn="MML00942HUNB001/LOCELL_SECTOREQM:NodeB Function Name=MML00942HUNB001, Local Cell ID=50122, Sector Equipment ID=7">
                <measResults>-91.405 -92.355 NIL NIL -93.2 -94.3 NIL NIL </measResults>
            </measValue>
            <measValue measObjLdn="MML00942HUNB001/LOCELL_SECTOREQM:NodeB Function Name=MML00942HUNB001, Local Cell ID=50123, Sector Equipment ID=8">
                <measResults>-93.735 -95.041 NIL NIL -95.8 -98 NIL NIL </measResults>
            </measValue>
            <measValue measObjLdn="MML00942HUNB001/LOCELL_SECTOREQM:NodeB Function Name=MML00942HUNB001, Local Cell ID=60121, Sector Equipment ID=10">
                <measResults>-86.567 -86.709 NIL NIL -87.8 -88.3 NIL NIL </measResults>
            </measValue>
            <measValue measObjLdn="MML00942HUNB001/LOCELL_SECTOREQM:NodeB Function Name=MML00942HUNB001, Local Cell ID=60122, Sector Equipment ID=11">
                <measResults>-83.073 -84.507 NIL NIL -83.8 -85.7 NIL NIL </measResults>
            </measValue>
            <measValue measObjLdn="MML00942HUNB001/LOCELL_SECTOREQM:NodeB Function Name=MML00942HUNB001, Local Cell ID=60123, Sector Equipment ID=12">
                <measResults>-87.786 -86.03 NIL NIL -89.7 -88.1 NIL NIL </measResults>
            </measValue>
        </measInfo>
        <measInfo measInfoId="50331682">
            <granPeriod duration="PT3600S" endTime="2021-08-19T12:00:00+08:00"/>
            <repPeriod duration="PT3600S"/>
            <measTypes>50332602 50332603 50332615 50332616 </measTypes>
            <measValue measObjLdn="MML00942HUNB001/LOCELL_SECTOREQM:NodeB Function Name=MML00942HUNB001, Local Cell ID=10121, Sector Equipment ID=0">
                <measResults>NIL NIL NIL NIL </measResults>
            </measValue>
            <measValue measObjLdn="MML00942HUNB001/LOCELL_SECTOREQM:NodeB Function Name=MML00942HUNB001, Local Cell ID=10122, Sector Equipment ID=1">
                <measResults>NIL NIL NIL NIL </measResults>
            </measValue>
            <measValue measObjLdn="MML00942HUNB001/LOCELL_SECTOREQM:NodeB Function Name=MML00942HUNB001, Local Cell ID=10123, Sector Equipment ID=2">
                <measResults>195 178 182 204 </measResults>
            </measValue>
            <measValue measObjLdn="MML00942HUNB001/LOCELL_SECTOREQM:NodeB Function Name=MML00942HUNB001, Local Cell ID=50121, Sector Equipment ID=6">
                <measResults>NIL NIL NIL NIL </measResults>
            </measValue>
            <measValue measObjLdn="MML00942HUNB001/LOCELL_SECTOREQM:NodeB Function Name=MML00942HUNB001, Local Cell ID=50122, Sector Equipment ID=7">
                <measResults>NIL NIL NIL NIL </measResults>
            </measValue>
            <measValue measObjLdn="MML00942HUNB001/LOCELL_SECTOREQM:NodeB Function Name=MML00942HUNB001, Local Cell ID=50123, Sector Equipment ID=8">
                <measResults>NIL NIL NIL NIL </measResults>
            </measValue>
            <measValue measObjLdn="MML00942HUNB001/LOCELL_SECTOREQM:NodeB Function Name=MML00942HUNB001, Local Cell ID=60121, Sector Equipment ID=10">
                <measResults>NIL NIL NIL NIL </measResults>
            </measValue>
            <measValue measObjLdn="MML00942HUNB001/LOCELL_SECTOREQM:NodeB Function Name=MML00942HUNB001, Local Cell ID=60122, Sector Equipment ID=11">
                <measResults>NIL NIL NIL NIL </measResults>
            </measValue>
            <measValue measObjLdn="MML00942HUNB001/LOCELL_SECTOREQM:NodeB Function Name=MML00942HUNB001, Local Cell ID=60123, Sector Equipment ID=12">
                <measResults>NIL NIL NIL NIL </measResults>
            </measValue>
        </measInfo>
    </measData>
    <fileFooter>
        <measCollec endTime="2021-08-19T12:00:00+08:00"/>
    </fileFooter>
</measCollecFile>
