<?xml version="1.0" encoding="UTF-8"?>
<measCollecFile xmlns="http://latest/nmc-omc/cmNrm.doc#measCollec" xmlns:xsi="http://www.w3.org/2001/XMLSchema-instance" xsi:schemaLocation="http://latest/nmc-omc/cmNrm.doc#measCollec schema\pmResultSchedule.xsd">
    <fileHeader fileFormatVersion="32.435 V7.2" vendorName="Huawei">
        <fileSender elementType="NodeB"/>
        <measCollec beginTime="2021-08-19T11:00:00+08:00"/>
    </fileHeader>
    <measData>
        <managedElement userLabel="MKT03621HUNB001"/>
        <measInfo measInfoId="50331655">
            <granPeriod duration="PT3600S" endTime="2021-08-19T12:00:00+08:00"/>
            <repPeriod duration="PT3600S"/>
            <measTypes>50332573 50332574 50342574 50342575 50342635 50342636 </measTypes>
            <measValue measObjLdn="MKT03621HUNB001/ULGROUP:UL BB Resource Group No.=1">
                <measResults>1024 37.817 21.5 56.5 0 0 </measResults>
            </measValue>
            <measValue measObjLdn="MKT03621HUNB001/ULGROUP:UL BB Resource Group No.=2">
                <measResults>1024 23.429 13 54.5 0 0 </measResults>
            </measValue>
        </measInfo>
        <measInfo measInfoId="50331656">
            <granPeriod duration="PT3600S" endTime="2021-08-19T12:00:00+08:00"/>
            <repPeriod duration="PT3600S"/>
            <measTypes>50332582 50332583 50332584 50332586 50342584 50342585 50342586 50342587 50342606 50342607 50342608 50342609 50342632 50342633 </measTypes>
            <measValue measObjLdn="MKT03621HUNB001/BRD:Board Type=UBBP, Cabinet No.=0, Subrack No.=0, Slot No.=1">
                <measResults>1024 1024 10.758 0 5 16 0 0 0 1 1 2 0 0 </measResults>
            </measValue>
            <measValue measObjLdn="MKT03621HUNB001/BRD:Board Type=UBBP, Cabinet No.=0, Subrack No.=0, Slot No.=2">
                <measResults>1024 1024 38.725 37.817 27 51 21.5 56.5 1 3 2 3 0 0 </measResults>
            </measValue>
            <measValue measObjLdn="MKT03621HUNB001/BRD:Board Type=UBBP, Cabinet No.=0, Subrack No.=0, Slot No.=3">
                <measResults>1024 1024 13.25 23.429 6 19 13 54.5 0 1 0 2 0 0 </measResults>
            </measValue>
            <measValue measObjLdn="MKT03621HUNB001/BRD:Board Type=UMPT, Cabinet No.=0, Subrack No.=0, Slot No.=7">
                <measResults>0 0 0 0 0 0 0 0 0 0 0 0 0 0 </measResults>
            </measValue>
        </measInfo>
        <measInfo measInfoId="50331683">
            <granPeriod duration="PT3600S" endTime="2021-08-19T12:00:00+08:00"/>
            <repPeriod duration="PT3600S"/>
            <measTypes>50332627 </measTypes>
            <measValue measObjLdn="MKT03621HUNB001/NODEBRRU:Cabinet No.=0, Subrack No.=60, Slot No.=0">
                <measResults>0 </measResults>
            </measValue>
            <measValue measObjLdn="MKT03621HUNB001/NODEBRRU:Cabinet No.=0, Subrack No.=61, Slot No.=0">
                <measResults>0 </measResults>
            </measValue>
            <measValue measObjLdn="MKT03621HUNB001/NODEBRRU:Cabinet No.=0, Subrack No.=62, Slot No.=0">
                <measResults>0 </measResults>
            </measValue>
            <measValue measObjLdn="MKT03621HUNB001/NODEBRRU:Cabinet No.=0, Subrack No.=80, Slot No.=0">
                <measResults>0 </measResults>
            </measValue>
            <measValue measObjLdn="MKT03621HUNB001/NODEBRRU:Cabinet No.=0, Subrack No.=81, Slot No.=0">
                <measResults>0 </measResults>
            </measValue>
            <measValue measObjLdn="MKT03621HUNB001/NODEBRRU:Cabinet No.=0, Subrack No.=82, Slot No.=0">
                <measResults>0 </measResults>
            </measValue>
        </measInfo>
        <measInfo measInfoId="1542455297">
            <granPeriod duration="PT3600S" endTime="2021-08-19T12:00:00+08:00"/>
            <repPeriod duration="PT3600S"/>
            <measTypes>1542455297 1542455298 1542455299 1542455300 1542455301 1542455302 1542455303 1542455304 1542455305 1542455306 1542455307 1542460296 1542460297 </measTypes>
            <measValue measObjLdn="MKT03621HUNB001/ETHPORT:Cabinet No.=0, Subrack No.=0, Slot No.=7, Port No.=0, Subboard Type=BASE_BOARD">
                <measResults>0 0 0 0 0 0 0 0 0 0 0 0 0 </measResults>
            </measValue>
            <measValue measObjLdn="MKT03621HUNB001/ETHPORT:Cabinet No.=0, Subrack No.=0, Slot No.=7, Port No.=1, Subboard Type=BASE_BOARD">
                <measResults>670143140 6791124 1931773732 7912752 0 3968216 767688 1489203 20816176 897104 4292847 1000000 1000000 </measResults>
            </measValue>
        </measInfo>
        <measInfo measInfoId="1542455301">
            <granPeriod duration="PT3600S" endTime="2021-08-19T12:00:00+08:00"/>
            <repPeriod duration="PT3600S"/>
            <measTypes>1542455326 1542455327 1542455328 1542455329 1542455330 1542455331 1542455332 1542455333 1542460727 1542460728 1542460729 </measTypes>
            <measValue measObjLdn="MKT03621HUNB001/IP:Board Type=UMPT, Cabinet No.=0, Subrack No.=0, Slot No.=7">
                <measResults>6791006 508401128 0 0 7907909 1734310239 0 0 7238 0 0 </measResults>
            </measValue>
        </measInfo>
        <measInfo measInfoId="1542455303">
            <granPeriod duration="PT3600S" endTime="2021-08-19T12:00:00+08:00"/>
            <repPeriod duration="PT3600S"/>
            <measTypes>1542455365 1542455367 1542455369 1542455371 1542455375 1542455376 1542455377 1542455378 </measTypes>
            <measValue measObjLdn="MKT03621HUNB001/RSCGRP:Transmission Resource Group Bear Type=IP, Cabinet No.=0, Bearing Port No.=0, Bearing Port Type=ETH, Transmission Resource Group ID=AUTOPORT, Subboard Type=BASE_BOARD, Slot No.=7, Subrack No.=0">
                <measResults>0 0 0 0 0 0 0 0 </measResults>
            </measValue>
            <measValue measObjLdn="MKT03621HUNB001/RSCGRP:Transmission Resource Group Bear Type=IP, Cabinet No.=0, Bearing Port No.=1, Bearing Port Type=ETH, Transmission Resource Group ID=AUTOPORT, Subboard Type=BASE_BOARD, Slot No.=7, Subrack No.=0">
                <measResults>630516183 6789316 0 0 3875240 763088 1401547 0 </measResults>
            </measValue>
        </measInfo>
        <measInfo measInfoId="1542455312">
            <granPeriod duration="PT3600S" endTime="2021-08-19T12:00:00+08:00"/>
            <repPeriod duration="PT3600S"/>
            <measTypes>1542460308 1542460309 1542460310 1542460311 1542460312 1542460313 1542460314 1542460315 1542460316 1542460317 1542460318 1542460319 1542460320 1542460321 1542460322 1542460323 1542460324 1542460325 1542460326 1542460327 1542460328 1542460329 1542460330 1542460331 1542460332 </measTypes>
            <measValue measObjLdn="MKT03621HUNB001/RSCGRP:Transmission Resource Group Bear Type=IP, Cabinet No.=0, Bearing Port No.=0, Bearing Port Type=ETH, Transmission Resource Group ID=AUTOPORT, Subboard Type=BASE_BOARD, Slot No.=7, Subrack No.=0">
                <measResults>0 0 0 0 0 0 0 0 0 0 0 0 0 0 0 0 0 0 0 0 0 0 0 0 0 </measResults>
            </measValue>
            <measValue measObjLdn="MKT03621HUNB001/RSCGRP:Transmission Resource Group Bear Type=IP, Cabinet No.=0, Bearing Port No.=1, Bearing Port Type=ETH, Transmission Resource Group ID=AUTOPORT, Subboard Type=BASE_BOARD, Slot No.=7, Subrack No.=0">
                <measResults>27419 27419 27419 0 0 0 0 0 0 0 0 0 0 1587936 0 0 0 2 0 0 0 0 0 0 0 </measResults>
            </measValue>
        </measInfo>
        <measInfo measInfoId="1542455309">
            <granPeriod duration="PT3600S" endTime="2021-08-19T12:00:00+08:00"/>
            <repPeriod duration="PT3600S"/>
            <measTypes>1542455826 1542455827 1542455828 1542455829 1542455833 1542455834 1542455835 1542455836 1542455837 1542455838 1542455839 1542455840 1542455841 1542455842 1542455843 1542455844 1542455845 1542455846 1542455847 1542455848 </measTypes>
            <measValue measObjLdn="MKT03621HUNB001/OMCH:Standby Status=MASTER, Bearer Type=IPV4">
                <measResults>636 171 0 0 0 0 0 0 0 472 0 0 649 0 0 0 0 592 0 57 </measResults>
            </measValue>
        </measInfo>
        <measInfo measInfoId="1542455815">
            <granPeriod duration="PT3600S" endTime="2021-08-19T12:00:00+08:00"/>
            <repPeriod duration="PT3600S"/>
            <measTypes>1542460340 1542460341 1542460342 1542460343 1542460496 1542460497 1542460498 1542460499 1542460500 1542460501 1542460502 1542460503 1542460504 1542460505 1542460506 1542460507 1542460510 </measTypes>
            <measValue measObjLdn="MKT03621HUNB001/IKE:Board Type=UMPT, Cabinet No.=0, Subrack No.=0, Slot No.=7">
                <measResults>0 0 0 0 0 0 0 0 0 0 0 0 0 0 0 0 0 </measResults>
            </measValue>
        </measInfo>
        <measInfo measInfoId="1542455817">
            <granPeriod duration="PT3600S" endTime="2021-08-19T12:00:00+08:00"/>
            <repPeriod duration="PT3600S"/>
            <measTypes>1542460356 1542460357 1542460358 1542460359 1542460360 1542460361 1542460362 1542460363 1542460364 1542460365 1542460366 1542460367 1542460368 1542460369 1542460370 1542460371 1542460372 1542460373 1542460374 1542460375 1542460376 </measTypes>
            <measValue measObjLdn="MKT03621HUNB001/SCTPLNK:Link No.=31">
                <measResults>4238813 8536987 73153 122174 0 33344 0 9419 71256 11456 18967 12175 109391 0 0 0 0 0 0 109395 12179 </measResults>
            </measValue>
            <measValue measObjLdn="MKT03621HUNB001/SCTPLNK:Link No.=32">
                <measResults>6137568 6730478 218938 270094 0 35584 2008 13638 33184 3272 14955 102813 197285 0 0 0 0 0 0 197285 102813 </measResults>
            </measValue>
        </measInfo>
        <measInfo measInfoId="1542455818">
            <granPeriod duration="PT3600S" endTime="2021-08-19T12:00:00+08:00"/>
            <repPeriod duration="PT3600S"/>
            <measTypes>1542455526 1542455527 1542455528 1542455529 1542455530 1542455531 1542455532 1542455533 1542455534 1542455535 </measTypes>
            <measValue measObjLdn="MKT03621HUNB001/USERPLANEHOST:User Plane Host ID=3">
                <measResults>6172427 7393062 456330205 1692479653 3305616 1014060 19916704 3760945 NIL NIL </measResults>
            </measValue>
        </measInfo>
        <measInfo measInfoId="1593835529">
            <granPeriod duration="PT3600S" endTime="2021-08-19T12:00:00+08:00"/>
            <repPeriod duration="PT3600S"/>
            <measTypes>1593835620 1593835628 1593835629 </measTypes>
            <measValue measObjLdn="MKT03621HUNB001/NODE:NODE">
                <measResults>NIL 0.551 0 </measResults>
            </measValue>
        </measInfo>
        <measInfo measInfoId="1593835533">
            <granPeriod duration="PT3600S" endTime="2021-08-19T12:00:00+08:00"/>
            <repPeriod duration="PT3600S"/>
            <measTypes>1593835647 1593835648 1593835649 </measTypes>
            <measValue measObjLdn="MKT03621HUNB001/NODE:NODE">
                <measResults>33230 33218 33222 </measResults>
            </measValue>
        </measInfo>
        <measInfo measInfoId="1593835531">
            <granPeriod duration="PT3600S" endTime="2021-08-19T12:00:00+08:00"/>
            <repPeriod duration="PT3600S"/>
            <measTypes>1593835630 1593835632 1593835633 1593835634 </measTypes>
            <measValue measObjLdn="MKT03621HUNB001/BBUBoard:Board Type=UBBP, Cabinet No.=0, Subrack No.=0, Slot No.=1">
                <measResults>0 3 2 0 </measResults>
            </measValue>
            <measValue measObjLdn="MKT03621HUNB001/BBUBoard:Board Type=UBBP, Cabinet No.=0, Subrack No.=0, Slot No.=2">
                <measResults>0 3 2 0 </measResults>
            </measValue>
            <measValue measObjLdn="MKT03621HUNB001/BBUBoard:Board Type=UBBP, Cabinet No.=0, Subrack No.=0, Slot No.=3">
                <measResults>0 3 2 0 </measResults>
            </measValue>
            <measValue measObjLdn="MKT03621HUNB001/BBUBoard:Board Type=UMPT, Cabinet No.=0, Subrack No.=0, Slot No.=7">
                <measResults>0 4 1 0 </measResults>
            </measValue>
        </measInfo>
        <measInfo measInfoId="1593835535">
            <granPeriod duration="PT3600S" endTime="2021-08-19T12:00:00+08:00"/>
            <repPeriod duration="PT3600S"/>
            <measTypes>1593835652 1593835653 1593835654 1593835655 1593835656 1593835657 1593835658 1593835659 1593835660 1593835661 1593835662 1593835663 1593835664 1593835665 1593835666 1593835667 1593835668 1593835669 1593835670 1593835671 </measTypes>
            <measValue measObjLdn="MKT03621HUNB001/RADIOEQM:Cabinet No.=0, Subrack No.=60, Slot No.=0">
                <measResults>NIL NIL NIL NIL NIL NIL NIL NIL NIL NIL 0 0 0 10 0 0 0 0 0 0 </measResults>
            </measValue>
            <measValue measObjLdn="MKT03621HUNB001/RADIOEQM:Cabinet No.=0, Subrack No.=61, Slot No.=0">
                <measResults>NIL NIL NIL NIL NIL NIL NIL NIL NIL NIL 0 0 0 5 0 0 0 0 0 0 </measResults>
            </measValue>
            <measValue measObjLdn="MKT03621HUNB001/RADIOEQM:Cabinet No.=0, Subrack No.=62, Slot No.=0">
                <measResults>NIL NIL NIL NIL NIL NIL NIL NIL NIL NIL 0 0 0 5 0 0 0 0 0 0 </measResults>
            </measValue>
            <measValue measObjLdn="MKT03621HUNB001/RADIOEQM:Cabinet No.=0, Subrack No.=80, Slot No.=0">
                <measResults>0 0 0 0 0 0 0 0 0 0 NIL NIL NIL NIL NIL NIL NIL NIL NIL NIL </measResults>
            </measValue>
            <measValue measObjLdn="MKT03621HUNB001/RADIOEQM:Cabinet No.=0, Subrack No.=81, Slot No.=0">
                <measResults>NIL NIL NIL NIL NIL NIL NIL NIL NIL NIL 0 0 0 0 0 0 0 0 0 0 </measResults>
            </measValue>
            <measValue measObjLdn="MKT03621HUNB001/RADIOEQM:Cabinet No.=0, Subrack No.=82, Slot No.=0">
                <measResults>NIL NIL NIL NIL NIL NIL NIL NIL NIL NIL 0 0 0 5 0 0 0 0 0 0 </measResults>
            </measValue>
        </measInfo>
        <measInfo measInfoId="1593835539">
            <granPeriod duration="PT3600S" endTime="2021-08-19T12:00:00+08:00"/>
            <repPeriod duration="PT3600S"/>
            <measTypes>1593835767 </measTypes>
            <measValue measObjLdn="MKT03621HUNB001/RADIOEQM:Cabinet No.=0, Subrack No.=60, Slot No.=0">
                <measResults>3600 </measResults>
            </measValue>
            <measValue measObjLdn="MKT03621HUNB001/RADIOEQM:Cabinet No.=0, Subrack No.=61, Slot No.=0">
                <measResults>3600 </measResults>
            </measValue>
            <measValue measObjLdn="MKT03621HUNB001/RADIOEQM:Cabinet No.=0, Subrack No.=62, Slot No.=0">
                <measResults>3600 </measResults>
            </measValue>
            <measValue measObjLdn="MKT03621HUNB001/RADIOEQM:Cabinet No.=0, Subrack No.=80, Slot No.=0">
                <measResults>3600 </measResults>
            </measValue>
            <measValue measObjLdn="MKT03621HUNB001/RADIOEQM:Cabinet No.=0, Subrack No.=81, Slot No.=0">
                <measResults>3600 </measResults>
            </measValue>
            <measValue measObjLdn="MKT03621HUNB001/RADIOEQM:Cabinet No.=0, Subrack No.=82, Slot No.=0">
                <measResults>3600 </measResults>
            </measValue>
        </measInfo>
        <measInfo measInfoId="1593835544">
            <granPeriod duration="PT3600S" endTime="2021-08-19T12:00:00+08:00"/>
            <repPeriod duration="PT3600S"/>
            <measTypes>1593835835 </measTypes>
            <measValue measObjLdn="MKT03621HUNB001/BU:Cabinet No.=0, Subrack No.=0">
                <measResults>0.19837222 </measResults>
            </measValue>
        </measInfo>
        <measInfo measInfoId="1593835545">
            <granPeriod duration="PT3600S" endTime="2021-08-19T12:00:00+08:00"/>
            <repPeriod duration="PT3600S"/>
            <measTypes>1593835836 </measTypes>
            <measValue measObjLdn="MKT03621HUNB001/BTSBoard:Cabinet No.=0, Subrack No.=60, Slot No.=0">
                <measResults>0.1262625 </measResults>
            </measValue>
            <measValue measObjLdn="MKT03621HUNB001/BTSBoard:Cabinet No.=0, Subrack No.=61, Slot No.=0">
                <measResults>0.11601333 </measResults>
            </measValue>
            <measValue measObjLdn="MKT03621HUNB001/BTSBoard:Cabinet No.=0, Subrack No.=62, Slot No.=0">
                <measResults>0.12490834 </measResults>
            </measValue>
            <measValue measObjLdn="MKT03621HUNB001/BTSBoard:Cabinet No.=0, Subrack No.=80, Slot No.=0">
                <measResults>0.16587 </measResults>
            </measValue>
            <measValue measObjLdn="MKT03621HUNB001/BTSBoard:Cabinet No.=0, Subrack No.=81, Slot No.=0">
                <measResults>0.17503917 </measResults>
            </measValue>
            <measValue measObjLdn="MKT03621HUNB001/BTSBoard:Cabinet No.=0, Subrack No.=82, Slot No.=0">
                <measResults>0.195885 </measResults>
            </measValue>
        </measInfo>
        <measInfo measInfoId="50331648">
            <granPeriod duration="PT3600S" endTime="2021-08-19T12:00:00+08:00"/>
            <repPeriod duration="PT3600S"/>
            <measTypes>50331654 50331655 50331656 50331657 50331658 50331659 50331660 50331661 50331662 50331663 50331664 50331665 50331666 50331667 50331668 50331669 50331670 50331671 50331672 50331673 50331674 50331675 50331676 50331677 50331678 50331679 50331680 50331681 50331682 50331683 50331684 50331685 50331686 50331687 50331688 50331689 50331690 50331691 50331692 50331693 50331694 50331695 50331696 50331697 50331698 50331699 50331709 50331710 50331711 50331712 50331713 50331714 50331717 50331718 50331719 50331720 50331721 50331722 50331723 50331724 50331745 50331746 50331754 50331755 50331756 50331757 50331758 50331759 50331760 50331761 50331762 50331763 50331764 50331765 50331766 50331767 50331768 50331769 50331770 50331771 50331772 50331773 50331774 50331775 50331776 50331777 50331778 50331779 50331780 50331781 50331782 50331783 50331784 50331785 50331786 50331787 50331788 50331789 50331790 50331791 50331792 50331793 50331794 50331795 50331796 50331797 50331798 50331799 50331800 50331801 50331802 50331803 50331804 50331805 50331806 50331807 50331808 50331809 50331810 50331811 50331812 50331813 50331814 50331815 50331816 50331817 50331818 50331819 50331820 50331821 50331838 50331839 50331840 50332168 50332169 50332170 50332173 50332174 50332215 50332216 50332217 50341648 50341649 50341650 50341651 50341652 50341653 50341654 50341655 50341656 50341657 50341658 50341659 50341668 50341669 50341670 50341671 50341672 50341675 50341676 50341677 50341678 50341679 50341680 50341685 50341686 50341687 50341688 50341689 50341690 50341691 50341692 50341693 50341694 50341695 50341696 50341697 50341698 50341699 50341700 50341701 50341702 50341703 50341704 50341705 50341706 50341707 50341708 50341709 50341710 50341711 50341712 50341713 50341714 50341715 50341716 50341717 50341722 50341739 50341740 </measTypes>
            <measValue measObjLdn="MKT03621HUNB001/ULoCell:NodeB Function Name=MKT03621HUNB001, Local Cell ID=10171, Cell Name=N/A">
                <measResults>27327 5683 4752 21946 4374 637 252 118 0 0 0 0 0 0 819 2859 1021 974 1300 1243 2563 3487 7778 4732 4300 4081 6712 7359 5512 6872 5836 8141 7185 7880 6772 5642 4812 3693 3006 2210 3071 1812 931 472 388 486 156 36532 0 0 0 0 0 0 0 0 0 8449 29180 37785 49737 114976927 0 3129 463 60 330 1076 865 2187 980 1003 882 1227 1295 1702 2234 2592 2877 1896 2287 2601 1953 1610 1690 1174 959 361 145 43 18 5 15 119 0 0 0 0 0 0 0 0 0 0 0 0 0 0 0 0 0 0 0 0 0 0 0 0 0 0 0 0 0 0 0 0 0 0 0 0 114963335 47955 11364 0 0 0 0 0 0 0 0 5 221 0 12 789 0 17 189 40 454 305 26 31614 1505474 0 103652 1215923 0 39 0 12 664 0 0 2 0 0.169 10.253 13.612 14 0 6 5 0 0 0 0 0 0 0 NIL 812 850 611 0 0 0 0 0 0 0 0 0 0 0 0 14668 0 0 </measResults>
            </measValue>
            <measValue measObjLdn="MKT03621HUNB001/ULoCell:NodeB Function Name=MKT03621HUNB001, Local Cell ID=10172, Cell Name=N/A">
                <measResults>529172 66668 6228 462352 65550 981 176 113 0 0 0 0 0 0 972 341 109 169 199 327 658 920 1696 2174 3002 3874 5354 7109 9038 14728 13878 20180 26139 50902 66235 62450 74824 80347 92020 106054 172368 113360 37658 4145 1168 531 73495 598819 0 0 0 0 0 0 0 0 0 421323 107266 602084 654956 5754858508 0 44724 697 421 488 9015 2749 14699 1594 2160 3319 7084 4041 7493 5153 10418 5200 11928 9511 13151 8843 22336 43506 53248 57097 32154 53814 39920 34841 43502 22530 36379 0 0 0 0 0 0 0 0 0 0 0 0 0 0 0 0 0 0 0 0 0 0 0 0 0 0 0 0 0 0 0 0 0 0 0 0 5754778219 575899 3661 0 0 0 0 0 0 0 0 83 318 5 232 886 3 83 260 232 723 1000 319 1585825 5951136 9056 1585825 4971238 4 45 0 179 756 1 0 6 0 3.029 11.524 13.054 14 0.033 2 48 1 0 0 0 0 0 0 NIL 774 838 646 0 0 0 0 0 0 0 0 0 0 0 0 23254 0 0 </measResults>
            </measValue>
            <measValue measObjLdn="MKT03621HUNB001/ULoCell:NodeB Function Name=MKT03621HUNB001, Local Cell ID=10173, Cell Name=N/A">
                <measResults>98462 8059 20319 87639 8743 1425 443 212 0 0 0 0 0 0 3654 981 596 593 662 833 1338 1485 2473 3111 4540 6084 7461 8675 12032 15554 15858 23116 28505 32471 31549 15722 14189 10282 14940 12314 29116 27790 27114 8059 5473 40708 25752 122046 0 0 0 0 0 0 0 0 0 41938 59173 126863 135260 1006594200 0 13167 3379 88 193 1129 1372 5661 2096 992 1022 2168 3484 4566 3522 4099 7939 5503 3861 3625 2554 2637 3187 2800 3767 3295 3393 3831 4000 5290 7139 16873 0 0 0 0 0 0 0 0 0 0 0 0 0 0 0 0 0 0 0 0 0 0 0 0 0 0 0 0 0 0 0 0 0 0 0 0 1006385339 128593 9840 0 0 0 0 0 0 0 0 17 250 0 45 906 0 23 234 59 602 755 71 277955 5659808 0 368152 3914859 1 42 0 36 734 0 0 4 0 0.605 12.684 13.403 14 0 5 21 0 0 0 0 0 0 0 NIL 811 845 725 0 0 0 0 0 0 0 0 0 0 0 0 21770 0 0 </measResults>
            </measValue>
            <measValue measObjLdn="MKT03621HUNB001/ULoCell:NodeB Function Name=MKT03621HUNB001, Local Cell ID=50171, Cell Name=N/A">
                <measResults>217436 17957 21389 197785 17640 1162 401 448 0 0 0 0 0 0 3915 119 95 69 118 129 310 495 1142 1777 2677 3555 4625 4171 3005 2376 4938 16695 28629 35827 60824 81492 101675 82197 44015 14614 11581 13829 15917 12262 11817 18967 10024 255509 0 0 0 0 0 0 0 0 0 95918 150867 256809 269678 1354362709 0 24171 2865 245 842 10352 1284 9052 4106 4270 5273 13532 8020 18767 36459 5471 2163 3212 3308 7106 10963 15938 14010 12934 14373 8083 4814 2697 962 1089 828 8688 0 0 0 0 0 0 0 0 0 0 0 0 0 0 0 0 0 0 0 0 0 0 0 0 0 0 0 0 0 0 0 0 0 0 0 0 1354156229 255633 9781 0 0 0 0 0 0 0 0 35 260 1 81 996 0 36 246 83 567 981 142 372895 6840307 851 380117 2626021 7 147 0 85 906 0 0 1 0 1.133 13.92 13.842 14.268 0.006 5 25 0 0 0 0 0 0 0 NIL 912 923 885 0 0 0 0 0 0 0 0 0 0 0 0 19875 0 0 </measResults>
            </measValue>
            <measValue measObjLdn="MKT03621HUNB001/ULoCell:NodeB Function Name=MKT03621HUNB001, Local Cell ID=50172, Cell Name=N/A">
                <measResults>38455 3766 21811 32584 4132 861 483 395 0 0 0 0 0 0 4209 41 145 23 35 44 109 74 136 141 410 736 962 1495 2421 3457 4066 5349 7204 10117 13299 17049 19170 16929 17698 15744 22858 21846 20607 16620 6834 5583 955 63673 0 0 0 0 0 0 0 0 0 23174 39910 64039 66475 170615246 0 11397 2333 126 102 1310 200 6055 607 966 648 2691 2870 3797 3383 2148 1470 1980 1850 2027 2545 3165 4191 2614 2014 1004 1132 540 116 164 142 420 0 0 0 0 0 0 0 0 0 0 0 0 0 0 0 0 0 0 0 0 0 0 0 0 0 0 0 0 0 0 0 0 0 0 0 0 170580436 64778 4344 0 0 0 0 0 0 0 0 8 211 0 15 723 0 15 232 27 416 580 35 46889 3218904 0 80843 1339686 2 77 0 15 653 0 0 0 0 0.217 10.124 13.682 14 0 2 12 0 0 0 0 0 0 0 NIL 909 923 852 0 0 0 0 0 0 0 0 0 0 0 0 22060 0 0 </measResults>
            </measValue>
            <measValue measObjLdn="MKT03621HUNB001/ULoCell:NodeB Function Name=MKT03621HUNB001, Local Cell ID=50173, Cell Name=N/A">
                <measResults>106145 10461 36772 91901 11054 1730 829 631 0 0 0 0 0 0 6247 243 1557 230 177 236 348 336 556 821 1186 1860 2887 4206 6082 9036 8821 11216 10236 14189 21073 20974 30007 25321 41327 33526 55615 30151 30569 30230 73627 94883 19057 150504 0 0 0 0 0 0 0 0 0 63390 70955 153402 165913 1012997091 0 20632 8803 433 373 1935 664 9895 3206 1612 1920 3815 3265 4637 4037 3538 3208 5046 2665 2444 2085 3939 5128 4428 5825 7300 9008 11433 2745 2971 1934 14351 0 0 0 0 0 0 0 0 0 0 0 0 0 0 0 0 0 0 0 0 0 0 0 0 0 0 0 0 0 0 0 0 0 0 0 0 1012917811 154720 11403 0 0 0 0 0 0 0 0 21 240 0 45 665 0 23 235 50 509 908 85 279181 4991053 0 307468 3284482 3 98 0 43 718 0 0 5 0 0.615 8.958 13.389 14.026 0 6 19 0 0 0 0 0 0 0 NIL 901 922 841 0 0 0 0 0 0 0 0 0 0 0 0 25906 0 0 </measResults>
            </measValue>
            <measValue measObjLdn="MKT03621HUNB001/ULoCell:NodeB Function Name=MKT03621HUNB001, Local Cell ID=60171, Cell Name=N/A">
                <measResults>144276 9044 14169 134245 8953 719 199 160 0 0 0 0 0 0 2815 164 372 110 132 127 212 162 286 419 951 1723 3844 4920 7976 17013 13631 26324 27296 42118 37778 34504 30075 22878 22273 18398 24034 20329 23419 9618 5708 7834 9223 167055 0 0 0 0 0 0 0 0 0 80589 77682 167494 176601 1158423148 0 16574 4093 140 201 1273 358 7919 1153 508 386 1895 1469 2983 1945 2875 6629 18313 4175 8190 7055 14837 13752 14164 10379 6783 4454 2630 1833 1255 1993 6542 0 0 0 0 0 0 0 0 0 0 0 0 0 0 0 0 0 0 0 0 0 0 0 0 0 0 0 0 0 0 0 0 0 0 0 0 1157958221 168344 10079 0 0 0 0 0 0 0 0 23 241 0 67 960 0 27 235 80 683 837 93 319513 4263640 0 381736 3435624 4 37 0 57 847 0 0 14 0 0.909 13.436 13.462 14 0 5 16 0 0 0 0 0 0 0 NIL 905 923 796 0 0 0 0 0 0 0 0 0 0 0 0 19312 0 0 </measResults>
            </measValue>
            <measValue measObjLdn="MKT03621HUNB001/ULoCell:NodeB Function Name=MKT03621HUNB001, Local Cell ID=60172, Cell Name=N/A">
                <measResults>14785 918 15895 12697 1353 346 220 169 0 0 0 0 0 0 3222 1071 73 45 52 71 81 90 185 251 409 558 847 1285 1822 2625 3342 5205 7342 10622 14198 18070 21347 21529 20838 20097 30252 19977 13044 8908 6679 7654 144 30994 0 0 0 0 0 0 0 0 0 4744 26719 31607 34290 22454530 0 9923 7814 71 79 1408 125 4526 668 415 275 472 449 553 290 491 309 631 226 206 237 352 463 628 443 230 100 83 50 10 33 22 0 0 0 0 0 0 0 0 0 0 0 0 0 0 0 0 0 0 0 0 0 0 0 0 0 0 0 0 0 0 0 0 0 0 0 0 22404540 34063 11961 0 0 0 0 0 0 0 0 4 82 0 3 185 0 6 158 4 111 713 18 6288 467136 0 8819 349333 0 17 0 2 155 0 0 94 0 0.04 2.225 13.212 14 0 6 6 0 0 0 0 0 0 0 NIL 905 923 853 0 0 0 0 0 0 0 0 0 0 0 0 20432 0 0 </measResults>
            </measValue>
            <measValue measObjLdn="MKT03621HUNB001/ULoCell:NodeB Function Name=MKT03621HUNB001, Local Cell ID=60173, Cell Name=N/A">
                <measResults>33704 2734 21415 29391 3068 617 370 258 0 0 0 0 0 0 4042 86 540 197 122 110 235 393 835 1227 1746 2850 3910 4938 5394 7382 5893 7858 7345 10469 11046 13174 16497 16137 15601 15471 22548 21168 14850 11258 16381 63428 2458 54392 0 0 0 0 0 0 0 0 0 12881 42535 57874 57939 103790996 0 15492 6072 100 163 2045 669 8484 1028 611 661 1803 1129 1920 1094 2639 1521 2260 685 633 609 876 1175 633 1102 574 767 530 376 395 533 1226 0 0 0 0 0 0 0 0 0 0 0 0 0 0 0 0 0 0 0 0 0 0 0 0 0 0 0 0 0 0 0 0 0 0 0 0 103706824 56391 6743 0 0 0 0 0 0 0 0 8 155 0 8 296 0 11 223 11 234 725 31 28473 1452181 0 39273 918484 1 64 0 7 380 0 0 0 0 0.113 4.048 13.41 14 0 3 17 0 0 0 0 0 0 0 NIL 905 924 848 0 0 0 0 0 0 0 0 0 0 0 0 24682 0 0 </measResults>
            </measValue>
        </measInfo>
        <measInfo measInfoId="50331650">
            <granPeriod duration="PT3600S" endTime="2021-08-19T12:00:00+08:00"/>
            <repPeriod duration="PT3600S"/>
            <measTypes>50332548 50332549 50332550 50332554 50342548 50342549 50342550 50342554 50342612 50342613 50342615 50342616 </measTypes>
            <measValue measObjLdn="MKT03621HUNB001/ULoCell:NodeB Function Name=MKT03621HUNB001, Local Cell ID=10171, Cell Name=N/A">
                <measResults>0 0 3.232 2.143 0 0 16 8 0 0 0 0 </measResults>
            </measValue>
            <measValue measObjLdn="MKT03621HUNB001/ULoCell:NodeB Function Name=MKT03621HUNB001, Local Cell ID=10172, Cell Name=N/A">
                <measResults>0 0 13.448 7.271 0 0 44 14 0 0 0 0 </measResults>
            </measValue>
            <measValue measObjLdn="MKT03621HUNB001/ULoCell:NodeB Function Name=MKT03621HUNB001, Local Cell ID=10173, Cell Name=N/A">
                <measResults>0 0 6.965 4.065 0 0 24 10 0 0 0 0 </measResults>
            </measValue>
            <measValue measObjLdn="MKT03621HUNB001/ULoCell:NodeB Function Name=MKT03621HUNB001, Local Cell ID=50171, Cell Name=N/A">
                <measResults>0 0 5.098 1.853 0 0 17.5 7 0 0 0 0 </measResults>
            </measValue>
            <measValue measObjLdn="MKT03621HUNB001/ULoCell:NodeB Function Name=MKT03621HUNB001, Local Cell ID=50172, Cell Name=N/A">
                <measResults>0 0 5.051 3.022 0 0 20 13 0 0 0 0 </measResults>
            </measValue>
            <measValue measObjLdn="MKT03621HUNB001/ULoCell:NodeB Function Name=MKT03621HUNB001, Local Cell ID=50173, Cell Name=N/A">
                <measResults>0 0 8.913 4.706 0 0 25 12 0 0 0 0 </measResults>
            </measValue>
            <measValue measObjLdn="MKT03621HUNB001/ULoCell:NodeB Function Name=MKT03621HUNB001, Local Cell ID=60171, Cell Name=N/A">
                <measResults>0 0 5.71 2.979 0 0 16.5 8 0 0 0 0 </measResults>
            </measValue>
            <measValue measObjLdn="MKT03621HUNB001/ULoCell:NodeB Function Name=MKT03621HUNB001, Local Cell ID=60172, Cell Name=N/A">
                <measResults>0 0 6.422 4.158 0 0 18.5 11 0 0 0 0 </measResults>
            </measValue>
            <measValue measObjLdn="MKT03621HUNB001/ULoCell:NodeB Function Name=MKT03621HUNB001, Local Cell ID=60173, Cell Name=N/A">
                <measResults>0 0 6.17 3.835 0 0 16 12 0 0 0 0 </measResults>
            </measValue>
        </measInfo>
        <measInfo measInfoId="50331651">
            <granPeriod duration="PT3600S" endTime="2021-08-19T12:00:00+08:00"/>
            <repPeriod duration="PT3600S"/>
            <measTypes>50331850 50331851 50331852 50331853 50331854 50331855 50331856 50331857 50331858 50331859 50331860 50331861 50331862 50331863 50331864 50331865 50331866 50331867 50331868 50331869 50331870 50331871 50331872 50331873 50331874 50331875 50331876 50331877 50331878 50331879 50331885 50331886 50331887 50331888 50331889 50331892 50331903 50331904 50331908 50331925 50331926 50331927 50331928 50331929 50331930 50331931 50331957 50331958 50331959 50331961 50331962 50331963 50331964 50331965 50331966 50331967 50331971 50331972 50331973 50331974 50331987 50331988 50331989 50331990 50331991 50331992 50331993 50331995 50332378 50332379 50332380 50332385 50332386 50332387 50332498 50332499 50332500 50332501 50332503 50332507 50332623 50332638 50341849 50341850 50341851 50341852 50341853 50341854 50341855 50341856 50341857 50341858 50341859 50341864 50341865 50341866 50341868 50341869 50341870 50341871 50341872 50341873 50341874 50341875 50341876 50341877 50341878 50341879 50341880 50341881 50341882 50341883 50341884 50341885 50341886 50341887 50341888 50341889 50341890 50341891 50341892 50341893 50341894 50341895 50341896 50341897 50341898 50341980 50341981 50341982 50341983 50341984 50341985 50341986 50341994 50361698 50361699 50361701 </measTypes>
            <measValue measObjLdn="MKT03621HUNB001/ULoCell:NodeB Function Name=MKT03621HUNB001, Local Cell ID=10171, Cell Name=N/A">
                <measResults>1788801 1092 278 227 209 218 221 230 407 417 427 417 398 389 420 447 479 541 581 807 1751 914 138 169 0 35 4992 125257 1057765 224198 69214 24142 1313948 30374 8674 1 146 200 75302 624 225 127 0 0 0 0 0 16 14 1025 365 213 0 0 0 0 39 290 1691 11964 737 1576 1920 7331 11214 4135 155 32651 32250 10047 13444 0.046 8567 24471 0 0 NIL NIL 0 0.038 0 0 78 0.155 2.328 0.003 0.04 1 0 0 0 37 0 4 6 0 NIL NIL 0.35 0.009 0 0 0 0 131.04 41.316 20.592 0 0 0 0 66738.18 0.46 0.027 0.012 0.007 0.012 0.002 0.001 0 0.309 0 0 50 NIL NIL 341 788.436 847.584 762.456 2945.412 6493.91 2591.844 132.546 7167.332 0 NIL 0 </measResults>
            </measValue>
            <measValue measObjLdn="MKT03621HUNB001/ULoCell:NodeB Function Name=MKT03621HUNB001, Local Cell ID=10172, Cell Name=N/A">
                <measResults>415 4763 7123 5944 4946 10970 266428 851664 599308 41975 4068 1314 554 230 137 59 35 9 7 8 10 11 7 1 0 3 56 1244311 1799989 1641806 1027648 102805 3380269 451094 55861 3 278 366 1399072 1615490 945 49 0 0 0 0 0 10 9 2972289 2044 110 0 0 0 0 11897 14760 3577 79726 140 1060 2997 23826 79027 148030 40805 272946 409910 77251 328364 0.528 63086 360537 0 0 NIL NIL 0 0.252 0 0 194 1.679 4.857 0.032 0.254 5 0 0 0 46 0 81 58 0 NIL NIL 0.703 0.048 0.001 0.003 0 0 548227.75 3588.684 154.818 0 0 0 0 556961.813 1.973 0.574 0.123 0.049 0.059 0.011 0.005 0.003 0.367 0 0 29 NIL NIL 297 28.032 315.312 760.098 8472.636 31550.695 83580.508 33840.473 43236.633 0 NIL 0 </measResults>
            </measValue>
            <measValue measObjLdn="MKT03621HUNB001/ULoCell:NodeB Function Name=MKT03621HUNB001, Local Cell ID=10173, Cell Name=N/A">
                <measResults>1795536 3382 586 131 62 52 42 33 45 23 39 15 7 4 3 1 1 1 1 1 0 0 0 0 0 48 51 322841 1504627 507545 189458 49799 2718462 149928 28831 1 206 260 244212 11 0 0 0 0 0 0 0 72 44 3 0 0 0 0 0 0 3622 14005 3444 70417 854 2144 5802 21206 30779 21280 12856 189509 111295 65484 38343 0.134 64214 50642 0 0 NIL NIL 0 0.096 0 0 95 0.376 3.534 0.015 0.078 7 0 0 0 31 0 42 24 0 NIL NIL 0.739 0.031 0.001 0 0 0 1.452 0 0 0 0 0 0 147852.328 0.993 0.056 0.022 0.011 0.017 0.005 0.001 0 0.64 0 0 80 NIL NIL 480 230.184 672.384 2101.908 8052.216 12888.538 14144.134 16879.197 25246.553 0 NIL 0 </measResults>
            </measValue>
            <measValue measObjLdn="MKT03621HUNB001/ULoCell:NodeB Function Name=MKT03621HUNB001, Local Cell ID=50171, Cell Name=N/A">
                <measResults>1418149 135505 65982 44160 31560 20850 14639 11381 13410 7809 6049 4875 4082 2705 1949 1702 1269 1144 965 1049 2186 3201 3357 1390 149 466 14013 226281 1786675 538273 340495 44861 3337302 302282 29722 7 168 229 348000 27071 13639 11375 7009 5161 688 0 123 80 196 35920 18450 15737 9861 7329 973 0 447 1825 2177 232162 36 420 1422 3052 31668 35634 7379 26272 163983 201867 30651 0.104 134429 37017 0 0 NIL NIL 0 0.046 0 0 57 0.35 2.007 0.028 0.266 0 0 0 0 80 0 16 28 3 NIL NIL 1.242 0.054 0.004 0.001 0 0 16097.258 3001.814 2208.564 1162.936 818.512 76.786 0 200261.031 0.825 0.039 0.016 0.006 0.009 0.003 0.001 0 0.966 0 13 108 NIL NIL 44 3.312 200.376 718.632 1240.874 25736.439 30838.402 8184.67 13665.368 0 NIL 0 </measResults>
            </measValue>
            <measValue measObjLdn="MKT03621HUNB001/ULoCell:NodeB Function Name=MKT03621HUNB001, Local Cell ID=50172, Cell Name=N/A">
                <measResults>0 0 0 0 0 0 0 0 0 0 0 0 148 21500 841346 649117 208677 65282 9868 1535 1396 364 332 137 29 250 97475 182336 1530574 342756 136598 31654 2686408 108421 23710 7 156 221 167684 342758 342758 342758 342758 342378 16256 91 35 32 60 387836 387836 387836 387836 387401 25285 22 15858 2585 7458 49022 24 20 1005 9392 16869 32732 24224 101477 54827 41799 26427 0.124 22156 34942 0 0 NIL NIL 0 0.08 0 0 59 0.215 2.395 0.007 0.119 6 6 0 0 77 0 21 12 936 NIL NIL 0.376 0.015 0.001 0 0 0 82591.484 82591.484 82591.484 82591.484 82478.633 4554.926 5.706 82591.484 1.233 0.035 0.016 0.008 0.013 0.003 0 0 0.327 0 249 35 NIL NIL 430 15.168 7.344 380.646 3504.048 7757.734 14169.774 10504.128 21266.482 0 NIL 0 </measResults>
            </measValue>
            <measValue measObjLdn="MKT03621HUNB001/ULoCell:NodeB Function Name=MKT03621HUNB001, Local Cell ID=50173, Cell Name=N/A">
                <measResults>0 0 0 38 3478 35433 116678 217075 528005 431346 181239 92460 57874 58204 59886 9817 3985 3255 396 179 155 73 43 14 9 343 4916 412214 1754103 675662 268709 96751 4824538 238537 80832 13 254 333 328299 674488 205907 116950 42899 25375 481 0 0 80 59 889347 286847 161390 53182 30709 553 0 15123 19147 7020 138272 175 205 843 6169 15591 56590 65014 248124 155459 141293 39106 0.272 123785 37568 0 0 NIL NIL 0 0.186 0 0 72 0.494 3.528 0.017 0.079 6 0 0 0 81 0 43 39 5 NIL NIL 0.828 0.068 0.003 0 0 0 184262.391 109131.695 63669.688 16140.582 8440.358 118.962 0 184292.391 2.176 0.045 0.018 0.008 0.011 0.004 0 0 0.713 0 13 51 NIL NIL 366 25.788 31.488 149.556 1564.416 4494.822 17202.148 54881.234 25495.844 0 NIL 0 </measResults>
            </measValue>
            <measValue measObjLdn="MKT03621HUNB001/ULoCell:NodeB Function Name=MKT03621HUNB001, Local Cell ID=60171, Cell Name=N/A">
                <measResults>0 0 0 0 0 0 0 56 11376 478462 853483 259798 54843 28155 27514 18009 9705 6304 5125 2847 3887 2869 1458 2389 2392 31315 59428 476714 1633253 655232 440000 294607 2754464 315831 280656 7 132 448 325992 655232 547605 209350 57191 47601 27501 22880 71 118 170 1042527 928247 385672 71184 57290 31069 24528 2142 2586 3117 213160 85 91 1401 22235 57412 39697 18080 40616 130964 167412 36335 0.26 98021 39950 0 0 NIL NIL 0 0.112 0 0 133 0.456 5 0.023 0.399 1 2 0 0 90 0 27 20 38 NIL NIL 1.055 0.05 0.001 0 0 0 161607.359 147739.078 70246.438 11682.24 8036.004 1671.078 761.826 161607.359 0.792 0.05 0.013 0.005 0.008 0.002 0.001 0 0.839 0 25 77 NIL NIL 59 8.34 11.916 616.932 8785.338 26913.465 16283.106 12041.69 5138.104 0 NIL 0 </measResults>
            </measValue>
            <measValue measObjLdn="MKT03621HUNB001/ULoCell:NodeB Function Name=MKT03621HUNB001, Local Cell ID=60172, Cell Name=N/A">
                <measResults>0 0 0 0 0 0 0 0 0 0 0 0 0 0 0 0 0 0 0 0 0 160 78559 1707281 2391 11593 1799984 601569 1673918 635101 406947 205126 3143627 187513 33582 4 121 751 160814 635102 635102 635102 635102 635102 635102 635102 146 9 107 929705 929705 929705 929705 929705 929705 929705 25141 30847 14873 78695 56 137 956 8849 24215 62396 33237 165025 16463 12494 33209 0.318 4189 13753 0 0 NIL NIL 0 0.148 0 0 150 0.468 4.79 0.025 0.503 13 16 0 0 47 0 96 13 1000 NIL NIL 0.62 0.025 0 0 0 0 85145.906 85145.906 85145.906 85145.906 85145.906 85145.906 85145.906 85145.906 1.517 0.029 0.004 0.001 0.003 0.001 0 0 0.5 0 290 8 NIL NIL 471 4.464 14.82 79.932 722.874 2045.898 5654.13 3728.958 8040.414 0 NIL 0 </measResults>
            </measValue>
            <measValue measObjLdn="MKT03621HUNB001/ULoCell:NodeB Function Name=MKT03621HUNB001, Local Cell ID=60173, Cell Name=N/A">
                <measResults>0 0 0 0 0 0 0 0 0 0 0 0 0 0 0 17933 653854 741885 161131 99333 73533 36394 10658 3262 274 1729 1246044 765771 1594060 763985 603601 46521 2394290 569237 35300 8 214 992 177668 763985 763985 763985 763985 763985 661961 5468 381 103 403 988471 988471 988471 988471 988471 870785 7296 16506 12204 10220 491870 29 70 176 4096 20054 47884 65052 173111 36503 59910 23960 0.408 26130 13227 0 0 NIL NIL 0 0.104 0 0 226 0.548 2.746 0.019 0.372 19 17 0 0 90 0 324 27 990 NIL NIL 0.617 0.007 0 0 0 0 56920.719 56920.719 56920.719 56920.719 56920.719 49848.848 318.756 56920.719 1.223 0.014 0.003 0.001 0.002 0 0 0 0.425 0 476 16 NIL NIL 144 7.188 10.536 19.032 530.136 3102.354 9035.616 19505.109 6418.932 0 NIL 0 </measResults>
            </measValue>
        </measInfo>
        <measInfo measInfoId="50331653">
            <granPeriod duration="PT3600S" endTime="2021-08-19T12:00:00+08:00"/>
            <repPeriod duration="PT3600S"/>
            <measTypes>50331748 50331749 50331750 50331751 50331752 50331753 50361697 </measTypes>
            <measValue measObjLdn="MKT03621HUNB001/ULoCell:NodeB Function Name=MKT03621HUNB001, Local Cell ID=10171, Cell Name=N/A">
                <measResults>0.075 0.071 0.075 0.071 0 0 0.119 </measResults>
            </measValue>
            <measValue measObjLdn="MKT03621HUNB001/ULoCell:NodeB Function Name=MKT03621HUNB001, Local Cell ID=10172, Cell Name=N/A">
                <measResults>0.053 0.033 0.053 0.026 0 0 0.042 </measResults>
            </measValue>
            <measValue measObjLdn="MKT03621HUNB001/ULoCell:NodeB Function Name=MKT03621HUNB001, Local Cell ID=10173, Cell Name=N/A">
                <measResults>0.408 0.292 0.408 0.272 0 0 0.08 </measResults>
            </measValue>
            <measValue measObjLdn="MKT03621HUNB001/ULoCell:NodeB Function Name=MKT03621HUNB001, Local Cell ID=50171, Cell Name=N/A">
                <measResults>0.222 0.133 0.222 0.115 0 0 0.107 </measResults>
            </measValue>
            <measValue measObjLdn="MKT03621HUNB001/ULoCell:NodeB Function Name=MKT03621HUNB001, Local Cell ID=50172, Cell Name=N/A">
                <measResults>0.038 0.028 0.038 0.026 0 0 0.059 </measResults>
            </measValue>
            <measValue measObjLdn="MKT03621HUNB001/ULoCell:NodeB Function Name=MKT03621HUNB001, Local Cell ID=50173, Cell Name=N/A">
                <measResults>0.332 0.231 0.332 0.226 0 0 0.062 </measResults>
            </measValue>
            <measValue measObjLdn="MKT03621HUNB001/ULoCell:NodeB Function Name=MKT03621HUNB001, Local Cell ID=60171, Cell Name=N/A">
                <measResults>0.71 0.608 0.71 0.522 0 0 0.427 </measResults>
            </measValue>
            <measValue measObjLdn="MKT03621HUNB001/ULoCell:NodeB Function Name=MKT03621HUNB001, Local Cell ID=60172, Cell Name=N/A">
                <measResults>0.172 0.154 0.172 0.151 0 0 0.116 </measResults>
            </measValue>
            <measValue measObjLdn="MKT03621HUNB001/ULoCell:NodeB Function Name=MKT03621HUNB001, Local Cell ID=60173, Cell Name=N/A">
                <measResults>0.411 0.354 0.411 0.344 0 0 0.149 </measResults>
            </measValue>
        </measInfo>
        <measInfo measInfoId="50331658">
            <granPeriod duration="PT3600S" endTime="2021-08-19T12:00:00+08:00"/>
            <repPeriod duration="PT3600S"/>
            <measTypes>50332250 50332251 50332410 50332411 </measTypes>
            <measValue measObjLdn="MKT03621HUNB001/ULoCell:NodeB Function Name=MKT03621HUNB001, Local Cell ID=10171, Cell Name=N/A">
                <measResults>0 0 0 0 </measResults>
            </measValue>
            <measValue measObjLdn="MKT03621HUNB001/ULoCell:NodeB Function Name=MKT03621HUNB001, Local Cell ID=10172, Cell Name=N/A">
                <measResults>0 0 0 0 </measResults>
            </measValue>
            <measValue measObjLdn="MKT03621HUNB001/ULoCell:NodeB Function Name=MKT03621HUNB001, Local Cell ID=10173, Cell Name=N/A">
                <measResults>0 0 0 0 </measResults>
            </measValue>
            <measValue measObjLdn="MKT03621HUNB001/ULoCell:NodeB Function Name=MKT03621HUNB001, Local Cell ID=50171, Cell Name=N/A">
                <measResults>0 0 0 0 </measResults>
            </measValue>
            <measValue measObjLdn="MKT03621HUNB001/ULoCell:NodeB Function Name=MKT03621HUNB001, Local Cell ID=50172, Cell Name=N/A">
                <measResults>0 0 0 0 </measResults>
            </measValue>
            <measValue measObjLdn="MKT03621HUNB001/ULoCell:NodeB Function Name=MKT03621HUNB001, Local Cell ID=50173, Cell Name=N/A">
                <measResults>0 0 0 0 </measResults>
            </measValue>
            <measValue measObjLdn="MKT03621HUNB001/ULoCell:NodeB Function Name=MKT03621HUNB001, Local Cell ID=60171, Cell Name=N/A">
                <measResults>0 0 0 0 </measResults>
            </measValue>
            <measValue measObjLdn="MKT03621HUNB001/ULoCell:NodeB Function Name=MKT03621HUNB001, Local Cell ID=60172, Cell Name=N/A">
                <measResults>0 0 0 0 </measResults>
            </measValue>
            <measValue measObjLdn="MKT03621HUNB001/ULoCell:NodeB Function Name=MKT03621HUNB001, Local Cell ID=60173, Cell Name=N/A">
                <measResults>0 0 0 0 </measResults>
            </measValue>
        </measInfo>
        <measInfo measInfoId="50331660">
            <granPeriod duration="PT3600S" endTime="2021-08-19T12:00:00+08:00"/>
            <repPeriod duration="PT3600S"/>
            <measTypes>50361670 50361671 50361672 50361673 </measTypes>
            <measValue measObjLdn="MKT03621HUNB001/ULoCell:NodeB Function Name=MKT03621HUNB001, Local Cell ID=10171, Cell Name=N/A">
                <measResults>0 0 0 0 </measResults>
            </measValue>
            <measValue measObjLdn="MKT03621HUNB001/ULoCell:NodeB Function Name=MKT03621HUNB001, Local Cell ID=10172, Cell Name=N/A">
                <measResults>0 0 0 0 </measResults>
            </measValue>
            <measValue measObjLdn="MKT03621HUNB001/ULoCell:NodeB Function Name=MKT03621HUNB001, Local Cell ID=10173, Cell Name=N/A">
                <measResults>0 0 0 0 </measResults>
            </measValue>
            <measValue measObjLdn="MKT03621HUNB001/ULoCell:NodeB Function Name=MKT03621HUNB001, Local Cell ID=50171, Cell Name=N/A">
                <measResults>0 0 0 0 </measResults>
            </measValue>
            <measValue measObjLdn="MKT03621HUNB001/ULoCell:NodeB Function Name=MKT03621HUNB001, Local Cell ID=50172, Cell Name=N/A">
                <measResults>0 0 0 0 </measResults>
            </measValue>
            <measValue measObjLdn="MKT03621HUNB001/ULoCell:NodeB Function Name=MKT03621HUNB001, Local Cell ID=50173, Cell Name=N/A">
                <measResults>0 0 0 0 </measResults>
            </measValue>
            <measValue measObjLdn="MKT03621HUNB001/ULoCell:NodeB Function Name=MKT03621HUNB001, Local Cell ID=60171, Cell Name=N/A">
                <measResults>0 0 0 0 </measResults>
            </measValue>
            <measValue measObjLdn="MKT03621HUNB001/ULoCell:NodeB Function Name=MKT03621HUNB001, Local Cell ID=60172, Cell Name=N/A">
                <measResults>0 0 0 0 </measResults>
            </measValue>
            <measValue measObjLdn="MKT03621HUNB001/ULoCell:NodeB Function Name=MKT03621HUNB001, Local Cell ID=60173, Cell Name=N/A">
                <measResults>0 0 0 0 </measResults>
            </measValue>
        </measInfo>
        <measInfo measInfoId="50331661">
            <granPeriod duration="PT3600S" endTime="2021-08-19T12:00:00+08:00"/>
            <repPeriod duration="PT3600S"/>
            <measTypes>50332048 50332049 50332050 50332051 </measTypes>
            <measValue measObjLdn="MKT03621HUNB001/ULoCell:NodeB Function Name=MKT03621HUNB001, Local Cell ID=10171, Cell Name=N/A">
                <measResults>3455 0 67335 0 </measResults>
            </measValue>
            <measValue measObjLdn="MKT03621HUNB001/ULoCell:NodeB Function Name=MKT03621HUNB001, Local Cell ID=10172, Cell Name=N/A">
                <measResults>10492 0 67689 0 </measResults>
            </measValue>
            <measValue measObjLdn="MKT03621HUNB001/ULoCell:NodeB Function Name=MKT03621HUNB001, Local Cell ID=10173, Cell Name=N/A">
                <measResults>16824 0 68061 0 </measResults>
            </measValue>
            <measValue measObjLdn="MKT03621HUNB001/ULoCell:NodeB Function Name=MKT03621HUNB001, Local Cell ID=50171, Cell Name=N/A">
                <measResults>8603 0 67983 0 </measResults>
            </measValue>
            <measValue measObjLdn="MKT03621HUNB001/ULoCell:NodeB Function Name=MKT03621HUNB001, Local Cell ID=50172, Cell Name=N/A">
                <measResults>9001 0 67834 0 </measResults>
            </measValue>
            <measValue measObjLdn="MKT03621HUNB001/ULoCell:NodeB Function Name=MKT03621HUNB001, Local Cell ID=50173, Cell Name=N/A">
                <measResults>20692 0 68045 0 </measResults>
            </measValue>
            <measValue measObjLdn="MKT03621HUNB001/ULoCell:NodeB Function Name=MKT03621HUNB001, Local Cell ID=60171, Cell Name=N/A">
                <measResults>12125 0 67958 0 </measResults>
            </measValue>
            <measValue measObjLdn="MKT03621HUNB001/ULoCell:NodeB Function Name=MKT03621HUNB001, Local Cell ID=60172, Cell Name=N/A">
                <measResults>9282 0 67927 0 </measResults>
            </measValue>
            <measValue measObjLdn="MKT03621HUNB001/ULoCell:NodeB Function Name=MKT03621HUNB001, Local Cell ID=60173, Cell Name=N/A">
                <measResults>11734 0 67621 0 </measResults>
            </measValue>
        </measInfo>
        <measInfo measInfoId="50331662">
            <granPeriod duration="PT3600S" endTime="2021-08-19T12:00:00+08:00"/>
            <repPeriod duration="PT3600S"/>
            <measTypes>50332052 50332053 50332054 50332070 50332505 </measTypes>
            <measValue measObjLdn="MKT03621HUNB001/ULoCell:NodeB Function Name=MKT03621HUNB001, Local Cell ID=10171, Cell Name=N/A">
                <measResults>1 35 334846 0 0 </measResults>
            </measValue>
            <measValue measObjLdn="MKT03621HUNB001/ULoCell:NodeB Function Name=MKT03621HUNB001, Local Cell ID=10172, Cell Name=N/A">
                <measResults>1 52 571387 0 0 </measResults>
            </measValue>
            <measValue measObjLdn="MKT03621HUNB001/ULoCell:NodeB Function Name=MKT03621HUNB001, Local Cell ID=10173, Cell Name=N/A">
                <measResults>0 31 304342 0 0 </measResults>
            </measValue>
            <measValue measObjLdn="MKT03621HUNB001/ULoCell:NodeB Function Name=MKT03621HUNB001, Local Cell ID=50171, Cell Name=N/A">
                <measResults>34 16 151167 0 0 </measResults>
            </measValue>
            <measValue measObjLdn="MKT03621HUNB001/ULoCell:NodeB Function Name=MKT03621HUNB001, Local Cell ID=50172, Cell Name=N/A">
                <measResults>25 33 244804 0 0 </measResults>
            </measValue>
            <measValue measObjLdn="MKT03621HUNB001/ULoCell:NodeB Function Name=MKT03621HUNB001, Local Cell ID=50173, Cell Name=N/A">
                <measResults>1 69 269491 0 0 </measResults>
            </measValue>
            <measValue measObjLdn="MKT03621HUNB001/ULoCell:NodeB Function Name=MKT03621HUNB001, Local Cell ID=60171, Cell Name=N/A">
                <measResults>0 72 362591 0 0 </measResults>
            </measValue>
            <measValue measObjLdn="MKT03621HUNB001/ULoCell:NodeB Function Name=MKT03621HUNB001, Local Cell ID=60172, Cell Name=N/A">
                <measResults>1 57 484755 0 0 </measResults>
            </measValue>
            <measValue measObjLdn="MKT03621HUNB001/ULoCell:NodeB Function Name=MKT03621HUNB001, Local Cell ID=60173, Cell Name=N/A">
                <measResults>31 47 405856 0 0 </measResults>
            </measValue>
        </measInfo>
        <measInfo measInfoId="50331663">
            <granPeriod duration="PT3600S" endTime="2021-08-19T12:00:00+08:00"/>
            <repPeriod duration="PT3600S"/>
            <measTypes>50331917 50332061 50332064 50332065 50332069 50332071 50332072 50332073 50332074 50332079 50332258 50332388 50332389 50332504 50332626 50332632 50332639 50332640 50332641 50332645 50342048 50342049 50342050 50342051 50361705 50361706 50361725 50361726 50361735 50361740 50361743 50361744 50361747 50361749 50361751 50361753 50361755 50361757 50361759 50361761 50361763 50361765 50361767 50361769 50361771 50361773 50361775 50361777 50361779 50361781 50361783 50361785 50361787 50361789 50361791 50361793 50361795 </measTypes>
            <measValue measObjLdn="MKT03621HUNB001/ULoCell:NodeB Function Name=MKT03621HUNB001, Local Cell ID=10171, Cell Name=N/A">
                <measResults>986.728 0 256 0 0 0 0 0 0 0 2.074 0 0.176 0 0 0 3600 0 NIL 0 13 32.625 0 0 0 0 0 NIL NIL NIL NIL NIL NIL NIL NIL NIL NIL NIL NIL NIL NIL NIL NIL NIL NIL NIL NIL NIL NIL NIL NIL NIL NIL NIL NIL NIL NIL </measResults>
            </measValue>
            <measValue measObjLdn="MKT03621HUNB001/ULoCell:NodeB Function Name=MKT03621HUNB001, Local Cell ID=10172, Cell Name=N/A">
                <measResults>557.308 0 256 0 0 0 0 0 0 0 2.888 0 2.042 795.833 0 0 3600 0 NIL 0 5 83.587 0 0 0 0 0 NIL NIL NIL NIL NIL NIL NIL NIL NIL NIL NIL NIL NIL NIL NIL NIL NIL NIL NIL NIL NIL NIL NIL NIL NIL NIL NIL NIL NIL NIL </measResults>
            </measValue>
            <measValue measObjLdn="MKT03621HUNB001/ULoCell:NodeB Function Name=MKT03621HUNB001, Local Cell ID=10173, Cell Name=N/A">
                <measResults>970.338 0 256 0 0 0 0 0 0 0 2.042 0 0.52 0 0 0 3600 0 NIL 0 7 40.858 0 0 0 0 0 NIL NIL NIL NIL NIL NIL NIL NIL NIL NIL NIL NIL NIL NIL NIL NIL NIL NIL NIL NIL NIL NIL NIL NIL NIL NIL NIL NIL NIL NIL </measResults>
            </measValue>
            <measValue measObjLdn="MKT03621HUNB001/ULoCell:NodeB Function Name=MKT03621HUNB001, Local Cell ID=50171, Cell Name=N/A">
                <measResults>999.554 0 256 0 0 0 0 0 0 0 0.467 0 0.681 0 0 0 3600 0 NIL 0 16 46.608 0 0 0 0 0 NIL NIL NIL NIL NIL NIL NIL NIL NIL NIL NIL NIL NIL NIL NIL NIL NIL NIL NIL NIL NIL NIL NIL NIL NIL NIL NIL NIL NIL NIL </measResults>
            </measValue>
            <measValue measObjLdn="MKT03621HUNB001/ULoCell:NodeB Function Name=MKT03621HUNB001, Local Cell ID=50172, Cell Name=N/A">
                <measResults>947.951 0 256 0 0 0 0 0 0 0 1.15 0 0.373 0 0 0 3600 0 NIL 0 4 32.678 0 0 0 0 0 NIL NIL NIL NIL NIL NIL NIL NIL NIL NIL NIL NIL NIL NIL NIL NIL NIL NIL NIL NIL NIL NIL NIL NIL NIL NIL NIL NIL NIL NIL </measResults>
            </measValue>
            <measValue measObjLdn="MKT03621HUNB001/ULoCell:NodeB Function Name=MKT03621HUNB001, Local Cell ID=50173, Cell Name=N/A">
                <measResults>977.564 1 256 0 0 0 0 0 0 0 1.619 0 0.751 966.667 0 0 3600 0 NIL 0 8 40.591 0 0 0 0 0 NIL NIL NIL NIL NIL NIL NIL NIL NIL NIL NIL NIL NIL NIL NIL NIL NIL NIL NIL NIL NIL NIL NIL NIL NIL NIL NIL NIL NIL NIL </measResults>
            </measValue>
            <measValue measObjLdn="MKT03621HUNB001/ULoCell:NodeB Function Name=MKT03621HUNB001, Local Cell ID=60171, Cell Name=N/A">
                <measResults>990.132 0 256 0 0 0 0 0 0 0 1.897 0 0.577 891.667 0 0 0 0 NIL 0 17 46.927 0 0 0 0 0 NIL NIL NIL NIL NIL NIL NIL NIL NIL NIL NIL NIL NIL NIL NIL NIL NIL NIL NIL NIL NIL NIL NIL NIL NIL NIL NIL NIL NIL NIL </measResults>
            </measValue>
            <measValue measObjLdn="MKT03621HUNB001/ULoCell:NodeB Function Name=MKT03621HUNB001, Local Cell ID=60172, Cell Name=N/A">
                <measResults>951.935 0 256 0 0 0 0 0 0 0 2.851 0 0.583 0 0 0 0 0 NIL 0 10 35.058 0 0 0 0 0 NIL NIL NIL NIL NIL NIL NIL NIL NIL NIL NIL NIL NIL NIL NIL NIL NIL NIL NIL NIL NIL NIL NIL NIL NIL NIL NIL NIL NIL NIL </measResults>
            </measValue>
            <measValue measObjLdn="MKT03621HUNB001/ULoCell:NodeB Function Name=MKT03621HUNB001, Local Cell ID=60173, Cell Name=N/A">
                <measResults>983.536 0 255 0 0 0 0 0 0 0 2.201 0 0.654 700 0 0 0 0 NIL 0 22 33.9 0 0 0 0 0 NIL NIL NIL NIL NIL NIL NIL NIL NIL NIL NIL NIL NIL NIL NIL NIL NIL NIL NIL NIL NIL NIL NIL NIL NIL NIL NIL NIL NIL NIL </measResults>
            </measValue>
        </measInfo>
        <measInfo measInfoId="50331665">
            <granPeriod duration="PT3600S" endTime="2021-08-19T12:00:00+08:00"/>
            <repPeriod duration="PT3600S"/>
            <measTypes>50331740 50331741 50331742 50331743 50331744 50331909 50331910 50331911 50331912 50331913 50332381 50332382 50332576 50332577 </measTypes>
            <measValue measObjLdn="MKT03621HUNB001/ULoCell:NodeB Function Name=MKT03621HUNB001, Local Cell ID=10171, Cell Name=N/A">
                <measResults>0 0 0 0 0 0 0 0 0 0 0 0 0 0 </measResults>
            </measValue>
            <measValue measObjLdn="MKT03621HUNB001/ULoCell:NodeB Function Name=MKT03621HUNB001, Local Cell ID=10172, Cell Name=N/A">
                <measResults>0 0 0 0 0 0 0 0 0 0 0 0 0 0 </measResults>
            </measValue>
            <measValue measObjLdn="MKT03621HUNB001/ULoCell:NodeB Function Name=MKT03621HUNB001, Local Cell ID=10173, Cell Name=N/A">
                <measResults>0 0 0 0 0 0 0 0 0 0 0 0 0 0 </measResults>
            </measValue>
            <measValue measObjLdn="MKT03621HUNB001/ULoCell:NodeB Function Name=MKT03621HUNB001, Local Cell ID=50171, Cell Name=N/A">
                <measResults>0 0 0 0 0 0 0 0 0 0 0 0 0 0 </measResults>
            </measValue>
            <measValue measObjLdn="MKT03621HUNB001/ULoCell:NodeB Function Name=MKT03621HUNB001, Local Cell ID=50172, Cell Name=N/A">
                <measResults>0 0 0 0 0 0 0 0 0 0 0 0 0 0 </measResults>
            </measValue>
            <measValue measObjLdn="MKT03621HUNB001/ULoCell:NodeB Function Name=MKT03621HUNB001, Local Cell ID=50173, Cell Name=N/A">
                <measResults>0 0 0 0 0 0 0 0 0 0 0 0 0 0 </measResults>
            </measValue>
            <measValue measObjLdn="MKT03621HUNB001/ULoCell:NodeB Function Name=MKT03621HUNB001, Local Cell ID=60171, Cell Name=N/A">
                <measResults>0 0 0 0 0 0 0 0 0 0 0 0 0 0 </measResults>
            </measValue>
            <measValue measObjLdn="MKT03621HUNB001/ULoCell:NodeB Function Name=MKT03621HUNB001, Local Cell ID=60172, Cell Name=N/A">
                <measResults>0 0 0 0 0 0 0 0 0 0 0 0 0 0 </measResults>
            </measValue>
            <measValue measObjLdn="MKT03621HUNB001/ULoCell:NodeB Function Name=MKT03621HUNB001, Local Cell ID=60173, Cell Name=N/A">
                <measResults>0 0 0 0 0 0 0 0 0 0 0 0 0 0 </measResults>
            </measValue>
        </measInfo>
        <measInfo measInfoId="50331673">
            <granPeriod duration="PT3600S" endTime="2021-08-19T12:00:00+08:00"/>
            <repPeriod duration="PT3600S"/>
            <measTypes>50332055 50332056 50332057 50332058 50332059 50332060 50332278 50332279 50332280 50332281 50332282 50332283 50332284 50332285 50332286 50361648 50361649 50361650 50361651 </measTypes>
            <measValue measObjLdn="MKT03621HUNB001/ULoCell:NodeB Function Name=MKT03621HUNB001, Local Cell ID=10171, Cell Name=N/A">
                <measResults>4 17 9 0 0 0 10 9 0 1 1 0 0 2 0 0 0 0 0 </measResults>
            </measValue>
            <measValue measObjLdn="MKT03621HUNB001/ULoCell:NodeB Function Name=MKT03621HUNB001, Local Cell ID=10172, Cell Name=N/A">
                <measResults>14 17 29 0 0 0 4 4 0 4 1 0 0 10 2 0 0 0 0 </measResults>
            </measValue>
            <measValue measObjLdn="MKT03621HUNB001/ULoCell:NodeB Function Name=MKT03621HUNB001, Local Cell ID=10173, Cell Name=N/A">
                <measResults>11 12 4 0 0 0 7 6 0 3 2 0 0 3 2 0 0 0 0 </measResults>
            </measValue>
            <measValue measObjLdn="MKT03621HUNB001/ULoCell:NodeB Function Name=MKT03621HUNB001, Local Cell ID=50171, Cell Name=N/A">
                <measResults>3 1 1 0 0 0 4 5 2 2 11 0 1 3 9 0 0 0 0 </measResults>
            </measValue>
            <measValue measObjLdn="MKT03621HUNB001/ULoCell:NodeB Function Name=MKT03621HUNB001, Local Cell ID=50172, Cell Name=N/A">
                <measResults>3 4 2 0 0 0 5 3 0 0 1 0 0 1 1 0 0 0 0 </measResults>
            </measValue>
            <measValue measObjLdn="MKT03621HUNB001/ULoCell:NodeB Function Name=MKT03621HUNB001, Local Cell ID=50173, Cell Name=N/A">
                <measResults>9 5 1 0 0 0 8 6 2 3 7 0 1 5 14 0 0 0 0 </measResults>
            </measValue>
            <measValue measObjLdn="MKT03621HUNB001/ULoCell:NodeB Function Name=MKT03621HUNB001, Local Cell ID=60171, Cell Name=N/A">
                <measResults>2 5 4 0 0 0 14 12 2 3 6 0 2 3 8 0 0 0 0 </measResults>
            </measValue>
            <measValue measObjLdn="MKT03621HUNB001/ULoCell:NodeB Function Name=MKT03621HUNB001, Local Cell ID=60172, Cell Name=N/A">
                <measResults>3 7 1 0 0 0 8 6 0 0 1 0 0 0 0 0 0 0 0 </measResults>
            </measValue>
            <measValue measObjLdn="MKT03621HUNB001/ULoCell:NodeB Function Name=MKT03621HUNB001, Local Cell ID=60173, Cell Name=N/A">
                <measResults>4 6 3 0 0 0 12 12 1 1 4 0 3 6 2 0 0 0 0 </measResults>
            </measValue>
        </measInfo>
        <measInfo measInfoId="50331674">
            <granPeriod duration="PT3600S" endTime="2021-08-19T12:00:00+08:00"/>
            <repPeriod duration="PT3600S"/>
            <measTypes>50332161 50332162 50332163 50332164 50332165 50341718 50341719 50341720 50341721 </measTypes>
            <measValue measObjLdn="MKT03621HUNB001/ULoCell:NodeB Function Name=MKT03621HUNB001, Local Cell ID=10171, Cell Name=N/A">
                <measResults>0 0 0 0 0 0 0 0 0 </measResults>
            </measValue>
            <measValue measObjLdn="MKT03621HUNB001/ULoCell:NodeB Function Name=MKT03621HUNB001, Local Cell ID=10172, Cell Name=N/A">
                <measResults>0 0 0 0 0 0 0 0 0 </measResults>
            </measValue>
            <measValue measObjLdn="MKT03621HUNB001/ULoCell:NodeB Function Name=MKT03621HUNB001, Local Cell ID=10173, Cell Name=N/A">
                <measResults>0 0 0 0 0 0 0 0 0 </measResults>
            </measValue>
            <measValue measObjLdn="MKT03621HUNB001/ULoCell:NodeB Function Name=MKT03621HUNB001, Local Cell ID=50171, Cell Name=N/A">
                <measResults>0 0 0 0 0 0 0 0 0 </measResults>
            </measValue>
            <measValue measObjLdn="MKT03621HUNB001/ULoCell:NodeB Function Name=MKT03621HUNB001, Local Cell ID=50172, Cell Name=N/A">
                <measResults>0 0 0 0 0 0 0 0 0 </measResults>
            </measValue>
            <measValue measObjLdn="MKT03621HUNB001/ULoCell:NodeB Function Name=MKT03621HUNB001, Local Cell ID=50173, Cell Name=N/A">
                <measResults>0 0 0 0 0 0 0 0 0 </measResults>
            </measValue>
            <measValue measObjLdn="MKT03621HUNB001/ULoCell:NodeB Function Name=MKT03621HUNB001, Local Cell ID=60171, Cell Name=N/A">
                <measResults>0 0 0 0 0 0 0 0 0 </measResults>
            </measValue>
            <measValue measObjLdn="MKT03621HUNB001/ULoCell:NodeB Function Name=MKT03621HUNB001, Local Cell ID=60172, Cell Name=N/A">
                <measResults>0 0 0 0 0 0 0 0 0 </measResults>
            </measValue>
            <measValue measObjLdn="MKT03621HUNB001/ULoCell:NodeB Function Name=MKT03621HUNB001, Local Cell ID=60173, Cell Name=N/A">
                <measResults>0 0 0 0 0 0 0 0 0 </measResults>
            </measValue>
        </measInfo>
        <measInfo measInfoId="50331676">
            <granPeriod duration="PT3600S" endTime="2021-08-19T12:00:00+08:00"/>
            <repPeriod duration="PT3600S"/>
            <measTypes>50331747 50332175 50332176 50332177 50332178 50332179 50332180 50332181 50332182 50332183 50332184 50332185 50332186 50332187 50332188 50332189 50332190 50332192 50332193 50332194 50332195 50332196 50332197 50332198 50332199 50332200 50332201 50332202 50332203 50332204 50332205 50332206 50332207 50332208 50332209 50332210 50332211 50332212 50332213 50332214 50332219 50332232 50332233 50332234 50332235 50332236 50332237 50332238 50332245 50332246 50332648 50332649 50332650 50332651 50332652 50332653 50332654 50332655 50332656 50332657 50332658 50332670 50332848 50332849 50332850 50332853 50332854 50332855 50332856 50332865 50332866 50332867 50332868 50332869 50332870 50332871 50332872 50332873 50332874 50332875 50332876 50332877 50332878 50332879 50332880 50332881 50332882 50332883 50332884 50332885 50332886 50332887 50332888 50332889 50332890 50332891 50332892 50332894 50332895 50332896 50332897 50332898 50332899 50332900 50332901 50332902 50332903 50332904 50332905 50332906 50332907 50332908 50332909 50332910 50332943 50332944 50332945 50332946 50332947 50332948 50332949 50332950 50332951 50332952 50332953 50332954 50332955 50332956 50332957 50332958 50332959 50332960 50332961 50332962 50332963 50332964 50332965 50332966 50332967 50332968 50332969 50332970 50332971 50332972 50332973 50332974 50332985 50332986 50332987 50332990 50341723 50341741 50341742 50341743 50341748 50341749 50341750 50341751 50341752 50341753 50341754 50341755 50341756 50341757 50341758 50341759 </measTypes>
            <measValue measObjLdn="MKT03621HUNB001/ULoCell:NodeB Function Name=MKT03621HUNB001, Local Cell ID=10171, Cell Name=N/A">
                <measResults>117751316 1762438 8966 2227 1346 862 1232 209 1503 521 2097 404 2490 301 7581 7823 0 0 111436488 8875 0 688 0 0 0 0 0 932 1565 154 38 45 25 32 29 37 8 1 0 0 856768 114976927 49722 172220583 62651 32457 16028 4055 44190497 21323 14166 5492 8798 2535 2900 1962 460 9 1 0 0 16665 0 0 0 13032 0 0 8080 0 0 0 0 0 0 0 0 0 401 0 0 25662439 40583653 40416430 7629977 26836 12763 8579 2800 0 0 0 0 272266 1906 673 0 0 0 0 0 0 0 0 0 0 0 0 0 0 0 0 0 0 0 0 0 0 0 0 0 0 0 0 0 0 0 0 0 0 NIL NIL NIL NIL NIL NIL NIL NIL NIL NIL NIL NIL NIL NIL NIL NIL 0 0 0 29961 0.381 NIL 0 0 2847.178 7733 27675.598 12471.105 20585.908 16797.67 5014.096 133.072 21.384 0 0 82698.836 </measResults>
            </measValue>
            <measValue measObjLdn="MKT03621HUNB001/ULoCell:NodeB Function Name=MKT03621HUNB001, Local Cell ID=10172, Cell Name=N/A">
                <measResults>5712419716 1226903 76781 20853 19321 12410 10272 8965 19287 24431 24495 9439 13742 35374 267450 30277 0 0 5745337667 3614 0 732 0 0 0 0 0 41021 47065 662 65 98 226 267 290 919 2165 117 10 1 1103075440 5754858508 654911 6709703441 58914 220083 521637 156375 2605638635 307101 9834 11241 15419 26846 37572 35665 85057 127461 4313 11 0 332344 0 0 0 8965 0 0 121533 0 0 0 0 0 0 0 0 0 0 0 0 11525332 97451953 1101030828 3524069022 15251 31324 150117 354511 0 0 0 0 517132 1921 831 0 0 0 0 0 0 0 0 0 0 0 0 0 0 0 0 0 0 0 0 0 0 0 0 0 0 0 0 0 0 0 0 0 0 NIL NIL NIL NIL NIL NIL NIL NIL NIL NIL NIL NIL NIL NIL NIL NIL 0 0 0 446494 2.334 NIL 0 0 1892.989 16777.482 47971.059 135433.031 261641.672 320807.813 1036048 2061991.125 91080.883 337.08 0 3955310.75 </measResults>
            </measValue>
            <measValue measObjLdn="MKT03621HUNB001/ULoCell:NodeB Function Name=MKT03621HUNB001, Local Cell ID=10173, Cell Name=N/A">
                <measResults>1019351464 1676130 30166 5058 2902 1515 2455 1262 3873 1814 2909 1694 3522 2140 39381 25179 0 0 992223960 6456 0 1830 0 0 0 0 0 3014 4508 479 56 84 106 58 66 121 285 220 23 2 513979640 1006594200 135248 1262077225 72955 120042 75769 107241 118654275 40150 9379 4394 7947 15118 4870 3705 4589 19274 13042 322 0 68867 0 0 0 15182 0 0 34346 0 0 0 0 0 0 0 0 0 0 0 0 11936885 93229118 97056725 398197237 16503 32353 25901 34863 0 0 0 0 2436613 7076 3888 0 0 0 0 0 0 0 0 0 0 0 0 0 0 0 0 0 0 0 0 0 0 0 0 0 0 0 0 0 0 0 0 0 0 NIL NIL NIL NIL NIL NIL NIL NIL NIL NIL NIL NIL NIL NIL NIL NIL 0 0 0 89209 1.426 NIL 0 0 1962.37 6242.847 23160.797 74324.188 33781.223 33165.199 55233.031 338962.5 295617.125 10000.488 0 864244.563 </measResults>
            </measValue>
            <measValue measObjLdn="MKT03621HUNB001/ULoCell:NodeB Function Name=MKT03621HUNB001, Local Cell ID=50171, Cell Name=N/A">
                <measResults>1358682100 1550402 56541 12737 8511 7778 8006 4248 6189 2059 38228 2589 3509 1557 20240 76571 835 0 1355197168 10611 0 377 0 0 0 0 23 2918 7121 475 133 124 72 174 290 462 175 57 4 3 194731504 1354362709 269654 1621892520 28867 221713 252824 69444 42563848 33518 18902 29282 27400 8866 18342 31484 30020 10313 3850 0 0 130275 0 0 0 58587 0 0 68471 0 0 0 0 0 0 0 0 0 0 0 0 20391984 127083739 455140005 493572053 33497 60495 84948 75533 0 0 0 0 1271837 5641 2356 0 0 0 0 0 0 0 0 0 0 0 0 0 0 0 0 0 0 0 0 0 0 0 0 0 0 0 0 0 0 0 0 0 0 NIL NIL NIL NIL NIL NIL NIL NIL NIL NIL NIL NIL NIL NIL NIL NIL 0 0 0 195665 1.586 NIL 0 0 8009.426 43648.355 68381.805 44394.07 130777.281 283055.219 359621.219 164048.422 92369.023 0 0 1142647.125 </measResults>
            </measValue>
            <measValue measObjLdn="MKT03621HUNB001/ULoCell:NodeB Function Name=MKT03621HUNB001, Local Cell ID=50172, Cell Name=N/A">
                <measResults>181552024 1736771 24963 3418 2242 1711 2906 1887 1676 742 2476 751 1653 1637 6615 10552 0 0 171064320 3484 0 448 0 0 0 0 0 483 997 177 30 49 57 57 102 104 37 9 2 0 7326032 170615246 66470 282260020 13827 52223 90905 69784 83811216 35154 6384 5102 4494 4620 3410 4058 1829 396 12 1 0 18820 0 0 0 7933 0 0 23497 0 0 0 0 0 0 0 0 0 0 0 0 3460217 14666711 65845480 63719970 7636 14882 18362 19832 0 0 0 0 546753 4372 1427 0 0 0 0 0 0 0 0 0 0 0 0 0 0 0 0 0 0 0 0 0 0 0 0 0 0 0 0 0 0 0 0 0 0 NIL NIL NIL NIL NIL NIL NIL NIL NIL NIL NIL NIL NIL NIL NIL NIL 0 0 0 34786 0.795 NIL 0 0 1245.971 7793.528 13486.136 23096.184 24159.984 36617.711 21249.889 6472.072 265.808 31.128 0 125378.914 </measResults>
            </measValue>
            <measValue measObjLdn="MKT03621HUNB001/ULoCell:NodeB Function Name=MKT03621HUNB001, Local Cell ID=50173, Cell Name=N/A">
                <measResults>1018611140 1649642 48181 7328 3940 4399 4777 3434 3635 2624 5355 1990 3738 2063 35154 23674 66 0 1011701656 8624 0 1808 0 0 0 0 0 5988 8000 549 32 62 65 60 114 339 374 125 21 3 319057296 1012997091 165901 1258745261 36745 73929 180842 211742 188510675 64181 26279 8560 2033 3874 3829 4768 14703 17729 8479 421 0 55836 0 0 0 8984 0 0 42249 0 0 0 0 0 0 0 0 0 245 0 0 2375744 18231999 62394070 479120240 20839 25980 17514 54781 0 0 0 0 1327494 8732 3405 0 0 0 0 0 0 0 0 0 0 0 0 0 0 0 0 0 0 0 0 0 0 0 0 0 0 0 0 0 0 0 0 0 0 NIL NIL NIL NIL NIL NIL NIL NIL NIL NIL NIL NIL NIL NIL NIL NIL 0 0 0 98638 2.036 NIL 0 0 8266.524 11251.964 6090.656 19940.119 28102.428 42486.813 179450.547 287630.969 195680.25 13075.92 0 772457.688 </measResults>
            </measValue>
            <measValue measObjLdn="MKT03621HUNB001/ULoCell:NodeB Function Name=MKT03621HUNB001, Local Cell ID=60171, Cell Name=N/A">
                <measResults>1165891184 1636044 32956 4361 2351 1748 1955 1080 1855 1554 3285 1634 2290 1416 53774 53697 0 0 1160282680 10275 0 631 0 0 0 0 0 4375 5259 410 27 81 119 161 273 457 255 74 4 3 132779344 1158423148 176583 1369016535 50746 167552 116874 66506 179567088 26617 9136 2174 13796 13527 14805 26653 30781 7928 1944 4 0 109438 0 0 0 23762 0 0 37417 0 0 0 0 0 0 0 0 0 0 0 0 7345256 290798290 584430082 146359747 14487 56973 72209 23453 0 0 0 0 1956501 9946 4129 0 0 0 0 0 0 0 0 0 0 0 0 0 0 0 0 0 0 0 0 0 0 0 0 0 0 0 0 0 0 0 0 0 0 NIL NIL NIL NIL NIL NIL NIL NIL NIL NIL NIL NIL NIL NIL NIL NIL 0 0 0 127483 1.519 NIL 0 0 997.848 3490.538 43700.688 66614.539 106594.414 240347.891 357857.75 125194.031 42134.32 132.24 0 982575.875 </measResults>
            </measValue>
            <measValue measObjLdn="MKT03621HUNB001/ULoCell:NodeB Function Name=MKT03621HUNB001, Local Cell ID=60172, Cell Name=N/A">
                <measResults>25296664 1768639 25794 1035 515 201 208 140 222 123 350 242 379 828 517 807 0 0 22973920 11441 0 748 0 0 0 0 0 12 115 224 7 7 14 11 21 43 23 7 2 0 763744 22454530 34284 45129664 11280 54406 106636 52429 9700332 17312 15844 342 832 193 72 516 232 63 8 2 0 1918 0 0 0 661 0 0 16105 0 0 0 0 0 0 0 0 0 5357 0 0 443141 2696554 12135680 5959967 18045 9443 7756 9077 0 0 0 0 1129528 15835 3950 0 0 0 0 0 0 0 0 0 0 0 0 0 0 0 0 0 0 0 0 0 0 0 0 0 0 0 0 0 0 0 0 0 0 NIL NIL NIL NIL NIL NIL NIL NIL NIL NIL NIL NIL NIL NIL NIL NIL 0 0 0 4890 1.021 NIL 0 0 375.322 499.216 2536.544 968.064 495.416 4825.296 2766.256 1026.86 174.077 62.256 0 12854.769 </measResults>
            </measValue>
            <measValue measObjLdn="MKT03621HUNB001/ULoCell:NodeB Function Name=MKT03621HUNB001, Local Cell ID=60173, Cell Name=N/A">
                <measResults>108571148 1743183 36968 3521 1202 872 1054 705 1311 686 1728 648 1031 591 2775 3725 0 0 101745592 5700 0 1040 0 0 0 0 0 122 816 275 8 15 16 17 26 43 156 92 22 0 26078384 103790996 57932 164123449 34621 46484 83097 125076 21661850 22941 10235 3086 615 215 586 1056 531 1120 170 33 0 4326 0 0 0 3150 0 0 29029 0 0 0 0 0 0 0 0 0 0 0 0 2506031 10393791 19746572 30197184 12796 13303 7313 13220 0 0 0 0 1127744 8751 3608 0 0 0 0 0 0 0 0 0 0 0 0 0 0 0 0 0 0 0 0 0 0 0 0 0 0 0 0 0 0 0 0 0 0 NIL NIL NIL NIL NIL NIL NIL NIL NIL NIL NIL NIL NIL NIL NIL NIL 0 0 0 17371 1.229 NIL 0 0 2136.951 4427.384 1798.451 985.355 4193.237 9586.424 5999.968 18588.094 3863.2 1157.672 0 46172.398 </measResults>
            </measValue>
        </measInfo>
        <measInfo measInfoId="50331649">
            <granPeriod duration="PT3600S" endTime="2021-08-19T12:00:00+08:00"/>
            <repPeriod duration="PT3600S"/>
            <measTypes>50332578 50332579 50332580 50332581 50342578 50342579 50342580 50342581 </measTypes>
            <measValue measObjLdn="MKT03621HUNB001/NodeBFunction:NodeB Function Name=MKT03621HUNB001">
                <measResults>3.381 0.834 2.045 32.254 6.2 2.4 4.6 49 </measResults>
            </measValue>
        </measInfo>
        <measInfo measInfoId="50331654">
            <granPeriod duration="PT3600S" endTime="2021-08-19T12:00:00+08:00"/>
            <repPeriod duration="PT3600S"/>
            <measTypes>50332565 50332566 50332633 50332635 </measTypes>
            <measValue measObjLdn="MKT03621HUNB001/NodeBFunction:NodeB Function Name=MKT03621HUNB001">
                <measResults>3072 2048 0 0 </measResults>
            </measValue>
        </measInfo>
        <measInfo measInfoId="50331664">
            <granPeriod duration="PT3600S" endTime="2021-08-19T12:00:00+08:00"/>
            <repPeriod duration="PT3600S"/>
            <measTypes>50332572 50332585 50332587 50332588 50332589 50332590 50332617 50332618 50332625 </measTypes>
            <measValue measObjLdn="MKT03621HUNB001/NodeBFunction:NodeB Function Name=MKT03621HUNB001">
                <measResults>1 0 16 16 0 8 0 0 2 </measResults>
            </measValue>
        </measInfo>
        <measInfo measInfoId="50331666">
            <granPeriod duration="PT3600S" endTime="2021-08-19T12:00:00+08:00"/>
            <repPeriod duration="PT3600S"/>
            <measTypes>50332567 50332568 50332569 50332570 50332571 </measTypes>
            <measValue measObjLdn="MKT03621HUNB001/NodeBFunction:NodeB Function Name=MKT03621HUNB001">
                <measResults>0 0 0 0 0 </measResults>
            </measValue>
        </measInfo>
        <measInfo measInfoId="50331681">
            <granPeriod duration="PT3600S" endTime="2021-08-19T12:00:00+08:00"/>
            <repPeriod duration="PT3600S"/>
            <measTypes>50342640 50342641 50342642 50342643 50342644 50342645 50342646 50342647 </measTypes>
            <measValue measObjLdn="MKT03621HUNB001/NodeBFunction:NodeB Function Name=MKT03621HUNB001">
                <measResults>6547150 7672206 489867012 1718247203 2228959 1088593 11032089 3818327 </measResults>
            </measValue>
        </measInfo>
        <measInfo measInfoId="50331652">
            <granPeriod duration="PT3600S" endTime="2021-08-19T12:00:00+08:00"/>
            <repPeriod duration="PT3600S"/>
            <measTypes>50332555 50332556 50332557 50332558 50332559 50332560 50332561 50332562 50332563 50332564 50332593 50332594 50342555 50342556 50342561 50342562 50342563 50342564 50342567 50342568 50342569 50342570 50342571 50342572 50342618 50342619 50342621 50342622 50342624 50342625 50342627 50342628 </measTypes>
            <measValue measObjLdn="MKT03621HUNB001/NodeBFunction:NodeB Function Name=MKT03621HUNB001/MocID:2/CnOperator:-1">
                <measResults>0 0 0 0 3872 3472 61.008 34.129 0 25.678 0 0 0 0 95 51 0 55.5 18 36.5 14 0 0 0 0 0 0 0 0 0 0 0 </measResults>
            </measValue>
        </measInfo>
        <measInfo measInfoId="50331667">
            <granPeriod duration="PT3600S" endTime="2021-08-19T12:00:00+08:00"/>
            <repPeriod duration="PT3600S"/>
            <measTypes>50332591 50332592 50332595 50332596 50332597 </measTypes>
            <measValue measObjLdn="MKT03621HUNB001/NodeBFunction:NodeB Function Name=MKT03621HUNB001/MocID:2/CnOperator:-1">
                <measResults>0 0 0 0 0 </measResults>
            </measValue>
        </measInfo>
        <measInfo measInfoId="50331668">
            <granPeriod duration="PT3600S" endTime="2021-08-19T12:00:00+08:00"/>
            <repPeriod duration="PT3600S"/>
            <measTypes>50332348 50332349 </measTypes>
            <measValue measObjLdn="MKT03621HUNB001/LOCELL_SECTOREQM:NodeB Function Name=MKT03621HUNB001, Local Cell ID=10171, Sector Equipment ID=0">
                <measResults>0 0 </measResults>
            </measValue>
            <measValue measObjLdn="MKT03621HUNB001/LOCELL_SECTOREQM:NodeB Function Name=MKT03621HUNB001, Local Cell ID=10172, Sector Equipment ID=1">
                <measResults>0 0 </measResults>
            </measValue>
            <measValue measObjLdn="MKT03621HUNB001/LOCELL_SECTOREQM:NodeB Function Name=MKT03621HUNB001, Local Cell ID=10173, Sector Equipment ID=2">
                <measResults>0 0 </measResults>
            </measValue>
            <measValue measObjLdn="MKT03621HUNB001/LOCELL_SECTOREQM:NodeB Function Name=MKT03621HUNB001, Local Cell ID=50171, Sector Equipment ID=6">
                <measResults>0 0 </measResults>
            </measValue>
            <measValue measObjLdn="MKT03621HUNB001/LOCELL_SECTOREQM:NodeB Function Name=MKT03621HUNB001, Local Cell ID=50172, Sector Equipment ID=7">
                <measResults>0 0 </measResults>
            </measValue>
            <measValue measObjLdn="MKT03621HUNB001/LOCELL_SECTOREQM:NodeB Function Name=MKT03621HUNB001, Local Cell ID=50173, Sector Equipment ID=8">
                <measResults>0 0 </measResults>
            </measValue>
            <measValue measObjLdn="MKT03621HUNB001/LOCELL_SECTOREQM:NodeB Function Name=MKT03621HUNB001, Local Cell ID=60171, Sector Equipment ID=10">
                <measResults>0 0 </measResults>
            </measValue>
            <measValue measObjLdn="MKT03621HUNB001/LOCELL_SECTOREQM:NodeB Function Name=MKT03621HUNB001, Local Cell ID=60172, Sector Equipment ID=11">
                <measResults>0 0 </measResults>
            </measValue>
            <measValue measObjLdn="MKT03621HUNB001/LOCELL_SECTOREQM:NodeB Function Name=MKT03621HUNB001, Local Cell ID=60173, Sector Equipment ID=12">
                <measResults>0 0 </measResults>
            </measValue>
        </measInfo>
        <measInfo measInfoId="50331669">
            <granPeriod duration="PT3600S" endTime="2021-08-19T12:00:00+08:00"/>
            <repPeriod duration="PT3600S"/>
            <measTypes>50332350 50332351 50332352 50332353 </measTypes>
            <measValue measObjLdn="MKT03621HUNB001/LOCELL_SECTOREQM:NodeB Function Name=MKT03621HUNB001, Local Cell ID=10171, Sector Equipment ID=0">
                <measResults>3936 34 2519 2519 </measResults>
            </measValue>
            <measValue measObjLdn="MKT03621HUNB001/LOCELL_SECTOREQM:NodeB Function Name=MKT03621HUNB001, Local Cell ID=10172, Sector Equipment ID=1">
                <measResults>7520 0 7462 7465 </measResults>
            </measValue>
            <measValue measObjLdn="MKT03621HUNB001/LOCELL_SECTOREQM:NodeB Function Name=MKT03621HUNB001, Local Cell ID=10173, Sector Equipment ID=2">
                <measResults>8351 10 7753 7758 </measResults>
            </measValue>
            <measValue measObjLdn="MKT03621HUNB001/LOCELL_SECTOREQM:NodeB Function Name=MKT03621HUNB001, Local Cell ID=50171, Sector Equipment ID=6">
                <measResults>11541 120 7859 7868 </measResults>
            </measValue>
            <measValue measObjLdn="MKT03621HUNB001/LOCELL_SECTOREQM:NodeB Function Name=MKT03621HUNB001, Local Cell ID=50172, Sector Equipment ID=7">
                <measResults>8175 1 8050 8060 </measResults>
            </measValue>
            <measValue measObjLdn="MKT03621HUNB001/LOCELL_SECTOREQM:NodeB Function Name=MKT03621HUNB001, Local Cell ID=50173, Sector Equipment ID=8">
                <measResults>18412 14 17221 17434 </measResults>
            </measValue>
            <measValue measObjLdn="MKT03621HUNB001/LOCELL_SECTOREQM:NodeB Function Name=MKT03621HUNB001, Local Cell ID=60171, Sector Equipment ID=10">
                <measResults>17034 46 14888 14899 </measResults>
            </measValue>
            <measValue measObjLdn="MKT03621HUNB001/LOCELL_SECTOREQM:NodeB Function Name=MKT03621HUNB001, Local Cell ID=60172, Sector Equipment ID=11">
                <measResults>10693 8 10618 10644 </measResults>
            </measValue>
            <measValue measObjLdn="MKT03621HUNB001/LOCELL_SECTOREQM:NodeB Function Name=MKT03621HUNB001, Local Cell ID=60173, Sector Equipment ID=12">
                <measResults>12627 1 11900 11944 </measResults>
            </measValue>
        </measInfo>
        <measInfo measInfoId="50331670">
            <granPeriod duration="PT3600S" endTime="2021-08-19T12:00:00+08:00"/>
            <repPeriod duration="PT3600S"/>
            <measTypes>50332354 50332355 </measTypes>
            <measValue measObjLdn="MKT03621HUNB001/LOCELL_SECTOREQM:NodeB Function Name=MKT03621HUNB001, Local Cell ID=10171, Sector Equipment ID=0">
                <measResults>0 0 </measResults>
            </measValue>
            <measValue measObjLdn="MKT03621HUNB001/LOCELL_SECTOREQM:NodeB Function Name=MKT03621HUNB001, Local Cell ID=10172, Sector Equipment ID=1">
                <measResults>0 0 </measResults>
            </measValue>
            <measValue measObjLdn="MKT03621HUNB001/LOCELL_SECTOREQM:NodeB Function Name=MKT03621HUNB001, Local Cell ID=10173, Sector Equipment ID=2">
                <measResults>0 0 </measResults>
            </measValue>
            <measValue measObjLdn="MKT03621HUNB001/LOCELL_SECTOREQM:NodeB Function Name=MKT03621HUNB001, Local Cell ID=50171, Sector Equipment ID=6">
                <measResults>0 0 </measResults>
            </measValue>
            <measValue measObjLdn="MKT03621HUNB001/LOCELL_SECTOREQM:NodeB Function Name=MKT03621HUNB001, Local Cell ID=50172, Sector Equipment ID=7">
                <measResults>0 0 </measResults>
            </measValue>
            <measValue measObjLdn="MKT03621HUNB001/LOCELL_SECTOREQM:NodeB Function Name=MKT03621HUNB001, Local Cell ID=50173, Sector Equipment ID=8">
                <measResults>0 0 </measResults>
            </measValue>
            <measValue measObjLdn="MKT03621HUNB001/LOCELL_SECTOREQM:NodeB Function Name=MKT03621HUNB001, Local Cell ID=60171, Sector Equipment ID=10">
                <measResults>0 0 </measResults>
            </measValue>
            <measValue measObjLdn="MKT03621HUNB001/LOCELL_SECTOREQM:NodeB Function Name=MKT03621HUNB001, Local Cell ID=60172, Sector Equipment ID=11">
                <measResults>0 0 </measResults>
            </measValue>
            <measValue measObjLdn="MKT03621HUNB001/LOCELL_SECTOREQM:NodeB Function Name=MKT03621HUNB001, Local Cell ID=60173, Sector Equipment ID=12">
                <measResults>0 0 </measResults>
            </measValue>
        </measInfo>
        <measInfo measInfoId="50331672">
            <granPeriod duration="PT3600S" endTime="2021-08-19T12:00:00+08:00"/>
            <repPeriod duration="PT3600S"/>
            <measTypes>50342590 50342591 50342592 50342593 50342594 50342595 50342596 50342597 </measTypes>
            <measValue measObjLdn="MKT03621HUNB001/LOCELL_SECTOREQM:NodeB Function Name=MKT03621HUNB001, Local Cell ID=10171, Sector Equipment ID=0">
                <measResults>-102.825 -102.146 -101.753 -102.508 -103.7 -103 -102.6 -103.3 </measResults>
            </measValue>
            <measValue measObjLdn="MKT03621HUNB001/LOCELL_SECTOREQM:NodeB Function Name=MKT03621HUNB001, Local Cell ID=10172, Sector Equipment ID=1">
                <measResults>-85.101 -94.845 -87.454 -90.082 -87 -96.8 -89.5 -91.7 </measResults>
            </measValue>
            <measValue measObjLdn="MKT03621HUNB001/LOCELL_SECTOREQM:NodeB Function Name=MKT03621HUNB001, Local Cell ID=10173, Sector Equipment ID=2">
                <measResults>-100.181 -102.048 -100.612 -101.448 -101 -103 -101.4 -102.5 </measResults>
            </measValue>
            <measValue measObjLdn="MKT03621HUNB001/LOCELL_SECTOREQM:NodeB Function Name=MKT03621HUNB001, Local Cell ID=50171, Sector Equipment ID=6">
                <measResults>-92.057 -91.847 NIL NIL -94.8 -94.7 NIL NIL </measResults>
            </measValue>
            <measValue measObjLdn="MKT03621HUNB001/LOCELL_SECTOREQM:NodeB Function Name=MKT03621HUNB001, Local Cell ID=50172, Sector Equipment ID=7">
                <measResults>-80.287 -80.832 NIL NIL -81.4 -82 NIL NIL </measResults>
            </measValue>
            <measValue measObjLdn="MKT03621HUNB001/LOCELL_SECTOREQM:NodeB Function Name=MKT03621HUNB001, Local Cell ID=50173, Sector Equipment ID=8">
                <measResults>-86.995 -85.727 NIL NIL -89 -88.1 NIL NIL </measResults>
            </measValue>
            <measValue measObjLdn="MKT03621HUNB001/LOCELL_SECTOREQM:NodeB Function Name=MKT03621HUNB001, Local Cell ID=60171, Sector Equipment ID=10">
                <measResults>-84.602 -84.516 NIL NIL -86.6 -86.6 NIL NIL </measResults>
            </measValue>
            <measValue measObjLdn="MKT03621HUNB001/LOCELL_SECTOREQM:NodeB Function Name=MKT03621HUNB001, Local Cell ID=60172, Sector Equipment ID=11">
                <measResults>-67.965 -70.308 NIL NIL -68.7 -71.1 NIL NIL </measResults>
            </measValue>
            <measValue measObjLdn="MKT03621HUNB001/LOCELL_SECTOREQM:NodeB Function Name=MKT03621HUNB001, Local Cell ID=60173, Sector Equipment ID=12">
                <measResults>-77.976 -78.317 NIL NIL -79.2 -79.8 NIL NIL </measResults>
            </measValue>
        </measInfo>
        <measInfo measInfoId="50331682">
            <granPeriod duration="PT3600S" endTime="2021-08-19T12:00:00+08:00"/>
            <repPeriod duration="PT3600S"/>
            <measTypes>50332602 50332603 50332615 50332616 </measTypes>
            <measValue measObjLdn="MKT03621HUNB001/LOCELL_SECTOREQM:NodeB Function Name=MKT03621HUNB001, Local Cell ID=10171, Sector Equipment ID=0">
                <measResults>274 273 335 311 </measResults>
            </measValue>
            <measValue measObjLdn="MKT03621HUNB001/LOCELL_SECTOREQM:NodeB Function Name=MKT03621HUNB001, Local Cell ID=10172, Sector Equipment ID=1">
                <measResults>300 283 297 293 </measResults>
            </measValue>
            <measValue measObjLdn="MKT03621HUNB001/LOCELL_SECTOREQM:NodeB Function Name=MKT03621HUNB001, Local Cell ID=10173, Sector Equipment ID=2">
                <measResults>234 234 249 213 </measResults>
            </measValue>
            <measValue measObjLdn="MKT03621HUNB001/LOCELL_SECTOREQM:NodeB Function Name=MKT03621HUNB001, Local Cell ID=50171, Sector Equipment ID=6">
                <measResults>303 353 NIL NIL </measResults>
            </measValue>
            <measValue measObjLdn="MKT03621HUNB001/LOCELL_SECTOREQM:NodeB Function Name=MKT03621HUNB001, Local Cell ID=50172, Sector Equipment ID=7">
                <measResults>631 436 NIL NIL </measResults>
            </measValue>
            <measValue measObjLdn="MKT03621HUNB001/LOCELL_SECTOREQM:NodeB Function Name=MKT03621HUNB001, Local Cell ID=50173, Sector Equipment ID=8">
                <measResults>348 346 NIL NIL </measResults>
            </measValue>
            <measValue measObjLdn="MKT03621HUNB001/LOCELL_SECTOREQM:NodeB Function Name=MKT03621HUNB001, Local Cell ID=60171, Sector Equipment ID=10">
                <measResults>NIL NIL NIL NIL </measResults>
            </measValue>
            <measValue measObjLdn="MKT03621HUNB001/LOCELL_SECTOREQM:NodeB Function Name=MKT03621HUNB001, Local Cell ID=60172, Sector Equipment ID=11">
                <measResults>NIL NIL NIL NIL </measResults>
            </measValue>
            <measValue measObjLdn="MKT03621HUNB001/LOCELL_SECTOREQM:NodeB Function Name=MKT03621HUNB001, Local Cell ID=60173, Sector Equipment ID=12">
                <measResults>NIL NIL NIL NIL </measResults>
            </measValue>
        </measInfo>
    </measData>
    <fileFooter>
        <measCollec endTime="2021-08-19T12:00:00+08:00"/>
    </fileFooter>
</measCollecFile>
