<?xml version="1.0" encoding="UTF-8"?>
<measCollecFile xmlns="http://latest/nmc-omc/cmNrm.doc#measCollec" xmlns:xsi="http://www.w3.org/2001/XMLSchema-instance" xsi:schemaLocation="http://latest/nmc-omc/cmNrm.doc#measCollec schema\pmResultSchedule.xsd">
    <fileHeader fileFormatVersion="32.435 V7.2" vendorName="Huawei">
        <fileSender elementType="NodeB"/>
        <measCollec beginTime="2021-08-19T11:00:00+08:00"/>
    </fileHeader>
    <measData>
        <managedElement userLabel="MMLG9126HUNB001"/>
        <measInfo measInfoId="50331655">
            <granPeriod duration="PT3600S" endTime="2021-08-19T12:00:00+08:00"/>
            <repPeriod duration="PT3600S"/>
            <measTypes>50332573 50332574 50342574 50342575 50342635 50342636 </measTypes>
            <measValue measObjLdn="MMLG9126HUNB001/ULGROUP:UL BB Resource Group No.=1">
                <measResults>768 72.429 42 103.5 0 0 </measResults>
            </measValue>
            <measValue measObjLdn="MMLG9126HUNB001/ULGROUP:UL BB Resource Group No.=2">
                <measResults>1024 33.804 20.5 65.5 0 0 </measResults>
            </measValue>
        </measInfo>
        <measInfo measInfoId="50331656">
            <granPeriod duration="PT3600S" endTime="2021-08-19T12:00:00+08:00"/>
            <repPeriod duration="PT3600S"/>
            <measTypes>50332582 50332583 50332584 50332586 50342584 50342585 50342586 50342587 50342606 50342607 50342608 50342609 50342632 50342633 </measTypes>
            <measValue measObjLdn="MMLG9126HUNB001/BRD:Board Type=UBBP, Cabinet No.=0, Subrack No.=0, Slot No.=1">
                <measResults>1024 1024 0 0 0 0 0 0 0 0 0 0 0 0 </measResults>
            </measValue>
            <measValue measObjLdn="MMLG9126HUNB001/BRD:Board Type=UBBP, Cabinet No.=0, Subrack No.=0, Slot No.=2">
                <measResults>1024 768 53.358 72.429 42 71 42 103.5 2 5 4 8 0 0 </measResults>
            </measValue>
            <measValue measObjLdn="MMLG9126HUNB001/BRD:Board Type=UBBP, Cabinet No.=0, Subrack No.=0, Slot No.=3">
                <measResults>1024 1024 25.108 33.804 16 33 20.5 65.5 1 3 1 3 0 0 </measResults>
            </measValue>
            <measValue measObjLdn="MMLG9126HUNB001/BRD:Board Type=UMPT, Cabinet No.=0, Subrack No.=0, Slot No.=7">
                <measResults>0 0 0 0 0 0 0 0 0 0 0 0 0 0 </measResults>
            </measValue>
        </measInfo>
        <measInfo measInfoId="50331683">
            <granPeriod duration="PT3600S" endTime="2021-08-19T12:00:00+08:00"/>
            <repPeriod duration="PT3600S"/>
            <measTypes>50332627 </measTypes>
            <measValue measObjLdn="MMLG9126HUNB001/NODEBRRU:Cabinet No.=0, Subrack No.=60, Slot No.=0">
                <measResults>0 </measResults>
            </measValue>
            <measValue measObjLdn="MMLG9126HUNB001/NODEBRRU:Cabinet No.=0, Subrack No.=61, Slot No.=0">
                <measResults>0 </measResults>
            </measValue>
            <measValue measObjLdn="MMLG9126HUNB001/NODEBRRU:Cabinet No.=0, Subrack No.=62, Slot No.=0">
                <measResults>0 </measResults>
            </measValue>
            <measValue measObjLdn="MMLG9126HUNB001/NODEBRRU:Cabinet No.=0, Subrack No.=80, Slot No.=0">
                <measResults>0 </measResults>
            </measValue>
            <measValue measObjLdn="MMLG9126HUNB001/NODEBRRU:Cabinet No.=0, Subrack No.=81, Slot No.=0">
                <measResults>0 </measResults>
            </measValue>
            <measValue measObjLdn="MMLG9126HUNB001/NODEBRRU:Cabinet No.=0, Subrack No.=82, Slot No.=0">
                <measResults>0 </measResults>
            </measValue>
        </measInfo>
        <measInfo measInfoId="1542455297">
            <granPeriod duration="PT3600S" endTime="2021-08-19T12:00:00+08:00"/>
            <repPeriod duration="PT3600S"/>
            <measTypes>1542455297 1542455298 1542455299 1542455300 1542455301 1542455302 1542455303 1542455304 1542455305 1542455306 1542455307 1542460296 1542460297 </measTypes>
            <measValue measObjLdn="MMLG9126HUNB001/ETHPORT:Cabinet No.=0, Subrack No.=0, Slot No.=7, Port No.=0, Subboard Type=BASE_BOARD">
                <measResults>0 0 0 0 0 0 0 0 0 0 0 0 0 </measResults>
            </measValue>
            <measValue measObjLdn="MMLG9126HUNB001/ETHPORT:Cabinet No.=0, Subrack No.=0, Slot No.=7, Port No.=1, Subboard Type=BASE_BOARD">
                <measResults>1167671750 10880589 4933089520 14532521 0 6085088 1515872 2594934 32644064 2327536 10962957 1000000 1000000 </measResults>
            </measValue>
        </measInfo>
        <measInfo measInfoId="1542455301">
            <granPeriod duration="PT3600S" endTime="2021-08-19T12:00:00+08:00"/>
            <repPeriod duration="PT3600S"/>
            <measTypes>1542455326 1542455327 1542455328 1542455329 1542455330 1542455331 1542455332 1542455333 1542460727 1542460728 1542460729 </measTypes>
            <measValue measObjLdn="MMLG9126HUNB001/IP:Board Type=UMPT, Cabinet No.=0, Subrack No.=0, Slot No.=7">
                <measResults>10878043 909897212 0 0 14523486 4572962245 0 0 6522 0 0 </measResults>
            </measValue>
        </measInfo>
        <measInfo measInfoId="1542455303">
            <granPeriod duration="PT3600S" endTime="2021-08-19T12:00:00+08:00"/>
            <repPeriod duration="PT3600S"/>
            <measTypes>1542455365 1542455367 1542455369 1542455371 1542455375 1542455376 1542455377 1542455378 </measTypes>
            <measValue measObjLdn="MMLG9126HUNB001/RSCGRP:Transmission Resource Group Bear Type=IP, Cabinet No.=0, Bearing Port No.=0, Bearing Port Type=ETH, Transmission Resource Group ID=AUTOPORT, Subboard Type=BASE_BOARD, Slot No.=7, Subrack No.=0">
                <measResults>0 0 0 0 0 0 0 0 </measResults>
            </measValue>
            <measValue measObjLdn="MMLG9126HUNB001/RSCGRP:Transmission Resource Group Bear Type=IP, Cabinet No.=0, Bearing Port No.=1, Bearing Port Type=ETH, Transmission Resource Group ID=AUTOPORT, Subboard Type=BASE_BOARD, Slot No.=7, Subrack No.=0">
                <measResults>1105981855 10880600 0 0 5911288 1433440 2457752 0 </measResults>
            </measValue>
        </measInfo>
        <measInfo measInfoId="1542455312">
            <granPeriod duration="PT3600S" endTime="2021-08-19T12:00:00+08:00"/>
            <repPeriod duration="PT3600S"/>
            <measTypes>1542460308 1542460309 1542460310 1542460311 1542460312 1542460313 1542460314 1542460315 1542460316 1542460317 1542460318 1542460319 1542460320 1542460321 1542460322 1542460323 1542460324 1542460325 1542460326 1542460327 1542460328 1542460329 1542460330 1542460331 1542460332 </measTypes>
            <measValue measObjLdn="MMLG9126HUNB001/RSCGRP:Transmission Resource Group Bear Type=IP, Cabinet No.=0, Bearing Port No.=0, Bearing Port Type=ETH, Transmission Resource Group ID=AUTOPORT, Subboard Type=BASE_BOARD, Slot No.=7, Subrack No.=0">
                <measResults>0 0 0 0 0 0 0 0 0 0 0 0 0 0 0 0 0 0 0 0 0 0 0 0 0 </measResults>
            </measValue>
            <measValue measObjLdn="MMLG9126HUNB001/RSCGRP:Transmission Resource Group Bear Type=IP, Cabinet No.=0, Bearing Port No.=1, Bearing Port Type=ETH, Transmission Resource Group ID=AUTOPORT, Subboard Type=BASE_BOARD, Slot No.=7, Subrack No.=0">
                <measResults>37024 37024 37024 0 0 0 0 0 0 0 0 0 0 3855400 0 0 0 2 0 0 0 0 0 0 0 </measResults>
            </measValue>
        </measInfo>
        <measInfo measInfoId="1542455309">
            <granPeriod duration="PT3600S" endTime="2021-08-19T12:00:00+08:00"/>
            <repPeriod duration="PT3600S"/>
            <measTypes>1542455826 1542455827 1542455828 1542455829 1542455833 1542455834 1542455835 1542455836 1542455837 1542455838 1542455839 1542455840 1542455841 1542455842 1542455843 1542455844 1542455845 1542455846 1542455847 1542455848 </measTypes>
            <measValue measObjLdn="MMLG9126HUNB001/OMCH:Standby Status=MASTER, Bearer Type=IPV4">
                <measResults>638 171 0 0 0 0 0 0 0 477 0 0 639 0 0 0 0 590 0 49 </measResults>
            </measValue>
        </measInfo>
        <measInfo measInfoId="1542455815">
            <granPeriod duration="PT3600S" endTime="2021-08-19T12:00:00+08:00"/>
            <repPeriod duration="PT3600S"/>
            <measTypes>1542460340 1542460341 1542460342 1542460343 1542460496 1542460497 1542460498 1542460499 1542460500 1542460501 1542460502 1542460503 1542460504 1542460505 1542460506 1542460507 1542460510 </measTypes>
            <measValue measObjLdn="MMLG9126HUNB001/IKE:Board Type=UMPT, Cabinet No.=0, Subrack No.=0, Slot No.=7">
                <measResults>0 0 0 0 0 0 0 0 0 0 0 0 0 0 0 0 0 </measResults>
            </measValue>
        </measInfo>
        <measInfo measInfoId="1542455817">
            <granPeriod duration="PT3600S" endTime="2021-08-19T12:00:00+08:00"/>
            <repPeriod duration="PT3600S"/>
            <measTypes>1542460356 1542460357 1542460358 1542460359 1542460360 1542460361 1542460362 1542460363 1542460364 1542460365 1542460366 1542460367 1542460368 1542460369 1542460370 1542460371 1542460372 1542460373 1542460374 1542460375 1542460376 </measTypes>
            <measValue measObjLdn="MMLG9126HUNB001/SCTPLNK:Link No.=31">
                <measResults>7316452 9699524 87338 138375 0 44608 0 16265 31976 15328 21562 20541 117714 0 0 0 0 0 0 117714 20549 </measResults>
            </measValue>
            <measValue measObjLdn="MMLG9126HUNB001/SCTPLNK:Link No.=32">
                <measResults>10575367 11637137 364211 453588 0 46984 5296 23501 49984 8888 25859 169513 335154 0 0 0 0 0 0 335154 169513 </measResults>
            </measValue>
        </measInfo>
        <measInfo measInfoId="1542455818">
            <granPeriod duration="PT3600S" endTime="2021-08-19T12:00:00+08:00"/>
            <repPeriod duration="PT3600S"/>
            <measTypes>1542455526 1542455527 1542455528 1542455529 1542455530 1542455531 1542455532 1542455533 1542455534 1542455535 </measTypes>
            <measValue measObjLdn="MMLG9126HUNB001/USERPLANEHOST:User Plane Host ID=3">
                <measResults>10061826 13852461 842140886 4517191589 5086672 1871496 34059584 10038369 NIL NIL </measResults>
            </measValue>
        </measInfo>
        <measInfo measInfoId="1593835529">
            <granPeriod duration="PT3600S" endTime="2021-08-19T12:00:00+08:00"/>
            <repPeriod duration="PT3600S"/>
            <measTypes>1593835620 1593835628 1593835629 </measTypes>
            <measValue measObjLdn="MMLG9126HUNB001/NODE:NODE">
                <measResults>NIL 0.627 0 </measResults>
            </measValue>
        </measInfo>
        <measInfo measInfoId="1593835533">
            <granPeriod duration="PT3600S" endTime="2021-08-19T12:00:00+08:00"/>
            <repPeriod duration="PT3600S"/>
            <measTypes>1593835647 1593835648 1593835649 </measTypes>
            <measValue measObjLdn="MMLG9126HUNB001/NODE:NODE">
                <measResults>32700 32681 32690 </measResults>
            </measValue>
        </measInfo>
        <measInfo measInfoId="1593835531">
            <granPeriod duration="PT3600S" endTime="2021-08-19T12:00:00+08:00"/>
            <repPeriod duration="PT3600S"/>
            <measTypes>1593835630 1593835632 1593835633 1593835634 </measTypes>
            <measValue measObjLdn="MMLG9126HUNB001/BBUBoard:Board Type=UBBP, Cabinet No.=0, Subrack No.=0, Slot No.=1">
                <measResults>0 3 2 0 </measResults>
            </measValue>
            <measValue measObjLdn="MMLG9126HUNB001/BBUBoard:Board Type=UBBP, Cabinet No.=0, Subrack No.=0, Slot No.=2">
                <measResults>0 4 2 0 </measResults>
            </measValue>
            <measValue measObjLdn="MMLG9126HUNB001/BBUBoard:Board Type=UBBP, Cabinet No.=0, Subrack No.=0, Slot No.=3">
                <measResults>0 3 3 0 </measResults>
            </measValue>
            <measValue measObjLdn="MMLG9126HUNB001/BBUBoard:Board Type=UMPT, Cabinet No.=0, Subrack No.=0, Slot No.=7">
                <measResults>0 3 1 0 </measResults>
            </measValue>
        </measInfo>
        <measInfo measInfoId="1593835535">
            <granPeriod duration="PT3600S" endTime="2021-08-19T12:00:00+08:00"/>
            <repPeriod duration="PT3600S"/>
            <measTypes>1593835652 1593835653 1593835654 1593835655 1593835656 1593835657 1593835658 1593835659 1593835660 1593835661 1593835662 1593835663 1593835664 1593835665 1593835666 1593835667 1593835668 1593835669 1593835670 1593835671 </measTypes>
            <measValue measObjLdn="MMLG9126HUNB001/RADIOEQM:Cabinet No.=0, Subrack No.=60, Slot No.=0">
                <measResults>NIL NIL NIL NIL NIL NIL NIL NIL NIL NIL 0 0 0 15 0 0 0 0 0 0 </measResults>
            </measValue>
            <measValue measObjLdn="MMLG9126HUNB001/RADIOEQM:Cabinet No.=0, Subrack No.=61, Slot No.=0">
                <measResults>NIL NIL NIL NIL NIL NIL NIL NIL NIL NIL 0 0 0 0 0 0 0 0 0 0 </measResults>
            </measValue>
            <measValue measObjLdn="MMLG9126HUNB001/RADIOEQM:Cabinet No.=0, Subrack No.=62, Slot No.=0">
                <measResults>NIL NIL NIL NIL NIL NIL NIL NIL NIL NIL 0 0 0 0 0 0 0 0 0 0 </measResults>
            </measValue>
            <measValue measObjLdn="MMLG9126HUNB001/RADIOEQM:Cabinet No.=0, Subrack No.=80, Slot No.=0">
                <measResults>NIL NIL NIL NIL NIL NIL NIL NIL NIL NIL 0 0 0 0 0 0 0 0 0 0 </measResults>
            </measValue>
            <measValue measObjLdn="MMLG9126HUNB001/RADIOEQM:Cabinet No.=0, Subrack No.=81, Slot No.=0">
                <measResults>NIL NIL NIL NIL NIL NIL NIL NIL NIL NIL 0 0 0 0 0 0 0 0 0 0 </measResults>
            </measValue>
            <measValue measObjLdn="MMLG9126HUNB001/RADIOEQM:Cabinet No.=0, Subrack No.=82, Slot No.=0">
                <measResults>NIL NIL NIL NIL NIL NIL NIL NIL NIL NIL 0 0 0 10 0 0 0 0 0 0 </measResults>
            </measValue>
        </measInfo>
        <measInfo measInfoId="1593835539">
            <granPeriod duration="PT3600S" endTime="2021-08-19T12:00:00+08:00"/>
            <repPeriod duration="PT3600S"/>
            <measTypes>1593835767 </measTypes>
            <measValue measObjLdn="MMLG9126HUNB001/RADIOEQM:Cabinet No.=0, Subrack No.=60, Slot No.=0">
                <measResults>3600 </measResults>
            </measValue>
            <measValue measObjLdn="MMLG9126HUNB001/RADIOEQM:Cabinet No.=0, Subrack No.=61, Slot No.=0">
                <measResults>3600 </measResults>
            </measValue>
            <measValue measObjLdn="MMLG9126HUNB001/RADIOEQM:Cabinet No.=0, Subrack No.=62, Slot No.=0">
                <measResults>3600 </measResults>
            </measValue>
            <measValue measObjLdn="MMLG9126HUNB001/RADIOEQM:Cabinet No.=0, Subrack No.=80, Slot No.=0">
                <measResults>3600 </measResults>
            </measValue>
            <measValue measObjLdn="MMLG9126HUNB001/RADIOEQM:Cabinet No.=0, Subrack No.=81, Slot No.=0">
                <measResults>3600 </measResults>
            </measValue>
            <measValue measObjLdn="MMLG9126HUNB001/RADIOEQM:Cabinet No.=0, Subrack No.=82, Slot No.=0">
                <measResults>3600 </measResults>
            </measValue>
        </measInfo>
        <measInfo measInfoId="1593835544">
            <granPeriod duration="PT3600S" endTime="2021-08-19T12:00:00+08:00"/>
            <repPeriod duration="PT3600S"/>
            <measTypes>1593835835 </measTypes>
            <measValue measObjLdn="MMLG9126HUNB001/BU:Cabinet No.=0, Subrack No.=0">
                <measResults>0.19733416 </measResults>
            </measValue>
        </measInfo>
        <measInfo measInfoId="1593835545">
            <granPeriod duration="PT3600S" endTime="2021-08-19T12:00:00+08:00"/>
            <repPeriod duration="PT3600S"/>
            <measTypes>1593835836 </measTypes>
            <measValue measObjLdn="MMLG9126HUNB001/BTSBoard:Cabinet No.=0, Subrack No.=60, Slot No.=0">
                <measResults>0.17401582 </measResults>
            </measValue>
            <measValue measObjLdn="MMLG9126HUNB001/BTSBoard:Cabinet No.=0, Subrack No.=61, Slot No.=0">
                <measResults>0.17545334 </measResults>
            </measValue>
            <measValue measObjLdn="MMLG9126HUNB001/BTSBoard:Cabinet No.=0, Subrack No.=62, Slot No.=0">
                <measResults>0.17622417 </measResults>
            </measValue>
            <measValue measObjLdn="MMLG9126HUNB001/BTSBoard:Cabinet No.=0, Subrack No.=80, Slot No.=0">
                <measResults>0.1620975 </measResults>
            </measValue>
            <measValue measObjLdn="MMLG9126HUNB001/BTSBoard:Cabinet No.=0, Subrack No.=81, Slot No.=0">
                <measResults>0.1707475 </measResults>
            </measValue>
            <measValue measObjLdn="MMLG9126HUNB001/BTSBoard:Cabinet No.=0, Subrack No.=82, Slot No.=0">
                <measResults>0.19730416 </measResults>
            </measValue>
        </measInfo>
        <measInfo measInfoId="50331648">
            <granPeriod duration="PT3600S" endTime="2021-08-19T12:00:00+08:00"/>
            <repPeriod duration="PT3600S"/>
            <measTypes>50331654 50331655 50331656 50331657 50331658 50331659 50331660 50331661 50331662 50331663 50331664 50331665 50331666 50331667 50331668 50331669 50331670 50331671 50331672 50331673 50331674 50331675 50331676 50331677 50331678 50331679 50331680 50331681 50331682 50331683 50331684 50331685 50331686 50331687 50331688 50331689 50331690 50331691 50331692 50331693 50331694 50331695 50331696 50331697 50331698 50331699 50331709 50331710 50331711 50331712 50331713 50331714 50331717 50331718 50331719 50331720 50331721 50331722 50331723 50331724 50331745 50331746 50331754 50331755 50331756 50331757 50331758 50331759 50331760 50331761 50331762 50331763 50331764 50331765 50331766 50331767 50331768 50331769 50331770 50331771 50331772 50331773 50331774 50331775 50331776 50331777 50331778 50331779 50331780 50331781 50331782 50331783 50331784 50331785 50331786 50331787 50331788 50331789 50331790 50331791 50331792 50331793 50331794 50331795 50331796 50331797 50331798 50331799 50331800 50331801 50331802 50331803 50331804 50331805 50331806 50331807 50331808 50331809 50331810 50331811 50331812 50331813 50331814 50331815 50331816 50331817 50331818 50331819 50331820 50331821 50331838 50331839 50331840 50332168 50332169 50332170 50332173 50332174 50332215 50332216 50332217 50341648 50341649 50341650 50341651 50341652 50341653 50341654 50341655 50341656 50341657 50341658 50341659 50341668 50341669 50341670 50341671 50341672 50341675 50341676 50341677 50341678 50341679 50341680 50341685 50341686 50341687 50341688 50341689 50341690 50341691 50341692 50341693 50341694 50341695 50341696 50341697 50341698 50341699 50341700 50341701 50341702 50341703 50341704 50341705 50341706 50341707 50341708 50341709 50341710 50341711 50341712 50341713 50341714 50341715 50341716 50341717 50341722 50341739 50341740 </measTypes>
            <measValue measObjLdn="MMLG9126HUNB001/ULoCell:NodeB Function Name=MMLG9126HUNB001, Local Cell ID=10851, Cell Name=LAOLAU1">
                <measResults>777954 31851 9825 745925 30844 706 298 181 0 0 0 0 0 0 1833 621 498 358 313 385 684 695 1080 1190 1716 2140 3285 4262 5694 8007 8475 11085 9945 11326 11009 12198 16472 21882 36208 57512 153993 159821 93112 26564 11297 7635 229996 813711 0 0 0 0 0 0 0 0 0 487448 102202 819646 862272 7295345938 0 29047 3240 374 687 4917 1893 26271 7877 2237 1397 45584 3629 11887 11173 62890 30064 31077 6686 7632 4420 8005 25269 15119 66827 34569 44915 75106 60628 65924 64885 65058 0 0 0 0 0 0 0 0 0 0 0 0 0 0 0 0 0 0 0 0 0 0 0 0 0 0 0 0 0 0 0 0 0 0 0 0 7295059835 794401 6512 0 0 0 0 0 0 0 0 113 366 12 217 993 4 113 256 217 489 1000 441 2002201 10975931 11200 2002201 4540138 5 39 0 175 777 0 0 16 0 2.996 12.911 13.756 14.21 0.052 3 36 0 0 0 0 0 0 0 NIL 817 840 680 0 0 0 0 0 0 0 0 0 0 0 0 24985 0 0 </measResults>
            </measValue>
            <measValue measObjLdn="MMLG9126HUNB001/ULoCell:NodeB Function Name=MMLG9126HUNB001, Local Cell ID=10852, Cell Name=LAOLAU2">
                <measResults>124501 12453 8592 111681 11743 762 201 114 0 0 0 0 0 0 1433 1470 632 591 900 1103 2000 2633 4678 6889 9609 12011 16364 19769 22214 26391 22065 27594 26382 32969 33182 34572 38396 40242 36564 37887 44168 29643 18449 8469 3105 957 5427 142047 0 0 0 0 0 0 0 0 0 60035 80087 145549 157012 912883569 0 17615 4516 215 383 921 1299 5387 1310 991 885 2073 2984 3749 2879 4946 14004 6692 4912 5856 7794 8196 8819 6814 6741 5726 5390 4322 3020 2079 1570 3094 0 0 0 0 0 0 0 0 0 0 0 0 0 0 0 0 0 0 0 0 0 0 0 0 0 0 0 0 0 0 0 0 0 0 0 0 912410999 149658 12880 0 0 0 0 0 0 0 0 20 241 0 55 936 0 23 227 64 623 856 83 251647 4114176 0 293980 3031892 1 21 0 43 718 0 0 5 0 0.723 12.17 13.098 14 0 7 18 0 0 0 0 0 0 0 NIL 780 829 561 0 0 0 0 0 0 0 0 0 0 0 0 19200 0 0 </measResults>
            </measValue>
            <measValue measObjLdn="MMLG9126HUNB001/ULoCell:NodeB Function Name=MMLG9126HUNB001, Local Cell ID=10853, Cell Name=LAOLAU3">
                <measResults>429358 70778 41579 360449 61456 4481 1608 1364 0 0 0 0 0 0 7200 21685 10432 11975 10200 16500 30509 36364 52404 53536 58709 56064 58773 61923 62341 70112 56159 62431 54820 61969 53861 44090 39684 33036 31111 34021 53740 63872 64290 61266 32561 12751 103137 534275 0 0 0 0 0 0 0 0 0 166858 271759 541754 675964 4389563596 0 42611 5359 1702 3375 4624 6182 19303 6356 8190 7345 14144 13223 14677 12504 19118 41669 20362 20808 24047 19341 18759 19125 17963 20086 14035 13060 13203 11244 12037 10991 85494 0 0 0 0 0 0 0 0 0 0 0 0 0 0 0 0 0 0 0 0 0 0 0 0 0 0 0 0 0 0 0 0 0 0 0 0 4388881849 559335 53041 0 0 0 0 0 0 0 0 75 285 0 216 974 0 75 239 217 689 995 310 1210546 11518293 5 1216629 3904987 6 44 0 172 741 0 0 17 0 2.758 12.378 12.714 14 0.002 29 53 1 0 0 0 0 0 0 NIL 745 819 581 0 0 0 0 0 0 0 0 0 0 0 0 19417 0 0 </measResults>
            </measValue>
            <measValue measObjLdn="MMLG9126HUNB001/ULoCell:NodeB Function Name=MMLG9126HUNB001, Local Cell ID=50851, Cell Name=LAOLAN4">
                <measResults>275463 41597 6785 233193 40306 1494 352 118 0 0 0 0 0 0 782 57 486 160 126 171 324 361 523 716 1106 1738 3043 4932 6060 8922 12119 15254 16484 18855 22417 24974 23090 17915 15224 15540 35026 26373 21469 20673 24449 114221 13863 323843 0 0 0 0 0 0 0 0 0 161575 148405 323843 333548 2519524560 0 16040 2716 155 152 1256 362 8104 1574 652 555 2048 1812 5208 8492 11906 8730 14265 21674 25933 26419 37219 44859 37299 18267 5048 2528 3288 1965 2118 1065 11993 0 0 0 0 0 0 0 0 0 0 0 0 0 0 0 0 0 0 0 0 0 0 0 0 0 0 0 0 0 0 0 0 0 0 0 0 2519380392 322738 6761 0 0 0 0 0 0 0 0 45 500 0 152 998 0 56 251 192 844 793 179 695045 5424726 0 876475 3882933 3 39 0 138 904 0 0 11 0 2.116 14.618 13.86 14.652 0 3 13 0 0 0 0 0 0 0 NIL 900 921 793 0 0 0 0 0 0 0 0 0 0 0 0 20770 0 0 </measResults>
            </measValue>
            <measValue measObjLdn="MMLG9126HUNB001/ULoCell:NodeB Function Name=MMLG9126HUNB001, Local Cell ID=50852, Cell Name=LAOLAN5">
                <measResults>769912 93072 36958 654709 106328 7155 1332 388 0 0 0 0 0 0 898 93 39 82 119 210 484 440 734 1017 1543 2664 6220 13901 17259 19484 8832 11834 16031 36245 52839 52733 52939 45598 54806 68564 98762 117494 135912 136741 69226 46191 51965 897179 0 0 0 0 0 0 0 0 0 637848 210145 899958 1006720 6480028839 0 46157 1979 336 455 6854 7413 55848 12686 4558 1594 24153 19893 39353 18850 40454 20877 40952 19230 25922 37624 67315 80754 55431 48176 38731 32734 44872 42925 24852 9888 29028 0 0 0 0 0 0 0 0 0 0 0 0 0 0 0 0 0 0 0 0 0 0 0 0 0 0 0 0 0 0 0 0 0 0 0 0 6479804079 814762 2598 0 0 0 0 0 0 0 0 124 340 17 306 999 6 124 275 306 673 1000 452 1785630 8840334 18595 1785630 3950509 8 58 1 268 896 3 0 6 0 4.156 13.984 13.575 14 0.078 1 102 1 0 0 0 0 0 0 NIL 897 916 839 0 0 0 0 0 0 0 0 0 0 0 0 24460 0 0 </measResults>
            </measValue>
            <measValue measObjLdn="MMLG9126HUNB001/ULoCell:NodeB Function Name=MMLG9126HUNB001, Local Cell ID=50853, Cell Name=LAOLAN6">
                <measResults>427218 91624 65329 336234 78099 7991 2999 1895 0 0 0 0 0 0 10887 589 3199 583 463 498 1051 1263 2364 3445 6689 9429 17011 25762 39025 58998 61583 79340 79929 94369 116859 92144 95706 78715 75420 73011 107716 102574 77826 60945 53736 82748 10592 584239 0 0 0 0 0 0 0 0 0 171276 402372 584240 662319 2369757670 0 68182 12196 1861 1488 4202 2431 24398 6567 6785 8255 19991 20340 35507 32510 38766 37686 41192 36852 30992 29323 31402 18693 11206 13512 11644 10476 9780 4635 5436 2384 5207 0 0 0 0 0 0 0 0 0 0 0 0 0 0 0 0 0 0 0 0 0 0 0 0 0 0 0 0 0 0 0 0 0 0 0 0 2369485782 548652 12962 0 0 0 0 0 0 0 0 81 302 0 199 978 0 81 261 202 647 989 304 652075 6577547 0 659328 2144984 10 96 0 184 831 0 0 8 0 2.603 12.716 13.017 14 0 6 66 2 0 0 0 0 0 0 NIL 875 915 754 0 0 0 0 0 0 0 0 0 0 0 0 18910 0 0 </measResults>
            </measValue>
            <measValue measObjLdn="MMLG9126HUNB001/ULoCell:NodeB Function Name=MMLG9126HUNB001, Local Cell ID=60851, Cell Name=LAOLAN1">
                <measResults>381506 38533 9994 342294 37723 1116 243 130 0 0 0 0 0 0 1722 152 282 148 147 215 379 497 810 1082 1689 2094 3172 4640 7026 10713 13166 20576 31338 45960 60275 67830 65692 50792 34093 21793 26556 23460 26165 19303 15220 19217 33753 428958 0 0 0 0 0 0 0 0 0 319506 76802 430061 439456 4544112260 0 21254 3312 230 211 3520 496 11129 2861 488 658 1956 1269 2899 1544 2732 3069 5762 5728 11361 12715 24628 40148 43429 58416 49415 43358 25168 11654 8968 10841 20630 0 0 0 0 0 0 0 0 0 0 0 0 0 0 0 0 0 0 0 0 0 0 0 0 0 0 0 0 0 0 0 0 0 0 0 0 4543826602 427106 6814 0 0 0 0 0 0 0 0 59 251 0 203 996 0 63 249 216 847 939 237 1253876 9121560 0 1335331 5290616 3 28 0 176 869 0 0 6 0 2.668 12.95 13.119 14 0 3 13 0 0 0 0 0 0 0 NIL 886 912 812 0 0 0 0 0 0 0 0 0 0 0 0 20237 0 0 </measResults>
            </measValue>
            <measValue measObjLdn="MMLG9126HUNB001/ULoCell:NodeB Function Name=MMLG9126HUNB001, Local Cell ID=60852, Cell Name=LAOLAN2">
                <measResults>251731 28543 77462 212962 31205 4164 2142 1258 0 0 0 0 0 0 13417 133 85 121 160 229 1367 841 1785 2218 4102 5656 10178 14275 18457 28048 21110 34167 30475 43420 42652 41793 46357 46079 49918 56101 99000 103491 122454 117491 80020 39253 31986 349521 0 0 0 0 0 0 0 0 0 154034 171764 357784 389748 2069077137 0 36294 10700 622 443 2779 2366 16458 2724 3636 3975 6496 7107 8273 8413 11896 17762 20712 14253 17831 12627 16840 18849 20247 18702 13791 11452 9669 7214 7295 10233 17823 0 0 0 0 0 0 0 0 0 0 0 0 0 0 0 0 0 0 0 0 0 0 0 0 0 0 0 0 0 0 0 0 0 0 0 0 2068645343 340080 12650 0 0 0 0 0 0 0 0 49 278 0 131 865 0 50 248 132 654 990 188 570798 5808146 0 576564 3036160 6 139 0 114 744 0 0 5 0 1.68 11.249 12.799 14 0 6 46 1 0 0 0 0 0 0 NIL 880 910 800 0 0 0 0 0 0 0 0 0 0 0 0 19858 0 0 </measResults>
            </measValue>
            <measValue measObjLdn="MMLG9126HUNB001/ULoCell:NodeB Function Name=MMLG9126HUNB001, Local Cell ID=60853, Cell Name=LAOLAN3">
                <measResults>172579 36801 74536 131812 32294 5069 2165 1239 0 0 0 0 0 0 14410 4966 2258 2055 2373 2414 4333 4677 7347 8940 14612 18222 22189 25832 31014 49127 42172 56053 59204 81524 75211 64807 70391 72652 80636 97333 159120 141185 95720 45240 28303 86589 5123 277745 0 0 0 0 0 0 0 0 0 60962 217888 283973 309393 567152679 0 64497 8262 1086 990 5671 2371 30635 5262 6953 7345 10318 8476 12485 12586 16108 16425 13360 9113 8519 5576 4839 4711 4858 6967 3879 3864 2676 1582 1356 1462 1731 0 0 0 0 0 0 0 0 0 0 0 0 0 0 0 0 0 0 0 0 0 0 0 0 0 0 0 0 0 0 0 0 0 0 0 0 566958714 280269 19712 0 0 0 0 0 0 0 0 39 260 0 66 631 0 39 243 66 413 999 155 155331 1644024 0 155486 1002135 7 87 0 63 713 0 0 31 0 0.824 7.577 12.428 13.811 0 10 47 1 0 0 0 0 0 0 NIL 869 907 792 0 0 0 0 0 0 0 0 0 0 0 0 19501 0 0 </measResults>
            </measValue>
        </measInfo>
        <measInfo measInfoId="50331650">
            <granPeriod duration="PT3600S" endTime="2021-08-19T12:00:00+08:00"/>
            <repPeriod duration="PT3600S"/>
            <measTypes>50332548 50332549 50332550 50332554 50342548 50342549 50342550 50342554 50342612 50342613 50342615 50342616 </measTypes>
            <measValue measObjLdn="MMLG9126HUNB001/ULoCell:NodeB Function Name=MMLG9126HUNB001, Local Cell ID=10851, Cell Name=LAOLAU1">
                <measResults>0 0 7.767 1.556 0 0 35 6 0 0 0 0 </measResults>
            </measValue>
            <measValue measObjLdn="MMLG9126HUNB001/ULoCell:NodeB Function Name=MMLG9126HUNB001, Local Cell ID=10852, Cell Name=LAOLAU2">
                <measResults>0 0 9.236 5.497 0 0 21.5 11 0 0 0 0 </measResults>
            </measValue>
            <measValue measObjLdn="MMLG9126HUNB001/ULoCell:NodeB Function Name=MMLG9126HUNB001, Local Cell ID=10853, Cell Name=LAOLAU3">
                <measResults>0 0 16.721 8.968 0 0 34.5 16 0 0 0 0 </measResults>
            </measValue>
            <measValue measObjLdn="MMLG9126HUNB001/ULoCell:NodeB Function Name=MMLG9126HUNB001, Local Cell ID=50851, Cell Name=LAOLAN4">
                <measResults>0 0 4.273 1.857 0 0 18 8 0 0 0 0 </measResults>
            </measValue>
            <measValue measObjLdn="MMLG9126HUNB001/ULoCell:NodeB Function Name=MMLG9126HUNB001, Local Cell ID=50852, Cell Name=LAOLAN5">
                <measResults>0 0 11.022 4.113 0 0 31 10 0 0 0 0 </measResults>
            </measValue>
            <measValue measObjLdn="MMLG9126HUNB001/ULoCell:NodeB Function Name=MMLG9126HUNB001, Local Cell ID=50853, Cell Name=LAOLAN6">
                <measResults>0 0 15.69 7.396 0 0 30 17 0 0 0 0 </measResults>
            </measValue>
            <measValue measObjLdn="MMLG9126HUNB001/ULoCell:NodeB Function Name=MMLG9126HUNB001, Local Cell ID=60851, Cell Name=LAOLAN1">
                <measResults>0 0 9.152 4.808 0 0 20 11 0 0 0 0 </measResults>
            </measValue>
            <measValue measObjLdn="MMLG9126HUNB001/ULoCell:NodeB Function Name=MMLG9126HUNB001, Local Cell ID=60852, Cell Name=LAOLAN2">
                <measResults>0 0 14.455 6.894 0 0 26 15 0 0 0 0 </measResults>
            </measValue>
            <measValue measObjLdn="MMLG9126HUNB001/ULoCell:NodeB Function Name=MMLG9126HUNB001, Local Cell ID=60853, Cell Name=LAOLAN3">
                <measResults>0 0 17.821 10.318 0 0 38 23 0 0 0 0 </measResults>
            </measValue>
        </measInfo>
        <measInfo measInfoId="50331651">
            <granPeriod duration="PT3600S" endTime="2021-08-19T12:00:00+08:00"/>
            <repPeriod duration="PT3600S"/>
            <measTypes>50331850 50331851 50331852 50331853 50331854 50331855 50331856 50331857 50331858 50331859 50331860 50331861 50331862 50331863 50331864 50331865 50331866 50331867 50331868 50331869 50331870 50331871 50331872 50331873 50331874 50331875 50331876 50331877 50331878 50331879 50331885 50331886 50331887 50331888 50331889 50331892 50331903 50331904 50331908 50331925 50331926 50331927 50331928 50331929 50331930 50331931 50331957 50331958 50331959 50331961 50331962 50331963 50331964 50331965 50331966 50331967 50331971 50331972 50331973 50331974 50331987 50331988 50331989 50331990 50331991 50331992 50331993 50331995 50332378 50332379 50332380 50332385 50332386 50332387 50332498 50332499 50332500 50332501 50332503 50332507 50332623 50332638 50341849 50341850 50341851 50341852 50341853 50341854 50341855 50341856 50341857 50341858 50341859 50341864 50341865 50341866 50341868 50341869 50341870 50341871 50341872 50341873 50341874 50341875 50341876 50341877 50341878 50341879 50341880 50341881 50341882 50341883 50341884 50341885 50341886 50341887 50341888 50341889 50341890 50341891 50341892 50341893 50341894 50341895 50341896 50341897 50341898 50341980 50341981 50341982 50341983 50341984 50341985 50341986 50341994 50361698 50361699 50361701 </measTypes>
            <measValue measObjLdn="MMLG9126HUNB001/ULoCell:NodeB Function Name=MMLG9126HUNB001, Local Cell ID=10851, Cell Name=LAOLAU1">
                <measResults>1730914 41474 18963 4843 850 195 156 236 629 613 424 240 151 94 54 49 68 8 6 0 2 0 0 0 0 31 61 372561 1800000 981463 901395 81111 2770254 844951 71459 1 166 412 764764 1135 605 359 141 100 0 0 0 89 63 1883 1115 739 369 183 0 0 362 996 204 646534 172 189 1147 14264 20758 45726 43336 35990 901344 687570 17878 0.226 896565 26381 0 0 NIL NIL 0 0 0 0 94 0.641 2.135 0.106 0.385 0 0 0 0 36 0 15 43 NIL NIL NIL 0.964 0.709 0.021 0.005 0.001 0 930.072 440.28 289.59 89.01 54.774 0 0 974493.5 0.395 0.034 0.018 0.012 0.013 0.004 0.001 0 0.6 0 0 118 NIL NIL 13 110.91 89.202 438.348 3567.654 7118.126 91980.727 101670.633 6116.91 0 NIL 0 </measResults>
            </measValue>
            <measValue measObjLdn="MMLG9126HUNB001/ULoCell:NodeB Function Name=MMLG9126HUNB001, Local Cell ID=10852, Cell Name=LAOLAU2">
                <measResults>1793853 2258 744 202 136 126 146 178 393 640 616 302 153 77 29 10 27 2 3 4 9 0 2 1 0 89 118 379112 1758773 746704 505545 70250 3851288 187558 20665 2 150 300 269654 1186 659 286 200 50 0 0 0 165 123 1215 724 499 363 88 0 0 4604 16795 2708 122679 180 1568 6483 26262 28478 21269 4474 86549 129750 92921 37284 0.112 85764 48547 0 0 NIL NIL 0 0 0 0 78 0.551 3.542 0.013 0.085 3 0 0 0 80 0 24 18 NIL NIL NIL 1.262 0.252 0.009 0.004 0.001 0 672.678 413.508 223.71 130.728 27.942 0 0 494682.25 0.999 0.079 0.031 0.015 0.018 0.004 0.001 0 0.958 0 0 112 NIL NIL 251 57.408 369.766 1614.168 7472.754 11992.314 13653.982 3859.938 15823.652 0 NIL 0 </measResults>
            </measValue>
            <measValue measObjLdn="MMLG9126HUNB001/ULoCell:NodeB Function Name=MMLG9126HUNB001, Local Cell ID=10853, Cell Name=LAOLAU3">
                <measResults>1771585 7904 1796 817 1261 2576 5124 3251 2276 1276 939 531 334 122 93 16 1 0 1 1 1 0 0 0 0 94 98 780809 1798695 1444970 689100 208869 5562202 535238 104704 3 352 516 721315 7097 525 167 109 94 0 0 0 152 122 10088 608 37 30 0 0 0 10394 13400 10194 217641 28804 29214 39525 84329 66938 37140 51872 1066346 340279 201488 134603 0.068 191017 160302 0 0 NIL NIL 0 0 0 0 92 1.579 6.652 0.047 0.142 17 0 0 0 25 0 147 110 NIL NIL NIL 1.518 0.11 0.006 0.001 0 0 2231.148 280.392 0.48 0.018 0 0 0 438769.531 2.685 0.168 0.074 0.032 0.039 0.01 0.003 0 1.186 0 0 108 NIL NIL 622 4298.04 4754.85 7533.234 22692.393 26137.248 21252.648 45439.863 70188.125 0 NIL 0 </measResults>
            </measValue>
            <measValue measObjLdn="MMLG9126HUNB001/ULoCell:NodeB Function Name=MMLG9126HUNB001, Local Cell ID=50851, Cell Name=LAOLAN4">
                <measResults>1468067 110026 65449 46360 32269 22695 17492 11499 11537 5180 2549 1775 1275 899 686 569 408 306 218 184 187 106 76 69 50 77 1460 373077 1711557 758610 514776 69171 3194826 266533 28059 8 142 217 292466 12878 1699 1107 337 64 14 0 6 48 38 21869 3225 1661 851 352 159 0 1805 5701 252 201573 50 243 498 6825 28810 14118 13558 76479 128963 174477 28122 0.078 103957 31461 0 0 NIL NIL 0 0 0 0 88 0.557 3.369 0.016 0.071 2 0 0 0 80 0 22 19 NIL NIL NIL 1.294 0.062 0.002 0.001 0 0 6588.762 518.826 254.25 115.146 29.724 28.104 0 269388.938 0.822 0.08 0.034 0.013 0.014 0.002 0.001 0 0.846 0 0 62 NIL NIL 103 5.064 64.506 135.366 1692.06 7804.032 5376.004 13925.08 10356.664 0 NIL 0 </measResults>
            </measValue>
            <measValue measObjLdn="MMLG9126HUNB001/ULoCell:NodeB Function Name=MMLG9126HUNB001, Local Cell ID=50852, Cell Name=LAOLAN5">
                <measResults>5341 51860 205409 407022 439637 322173 178537 87159 69522 17037 5342 2949 2041 1460 1108 890 666 519 374 261 272 161 105 55 4 104 2197 702008 1800008 1005261 767298 276707 4992561 478780 227273 5 168 304 536571 211010 5180 2694 746 408 32 0 17 107 98 365775 15737 8690 2375 1497 204 0 2058 4162 5946 352249 5 70 587 7360 29149 51745 47586 108427 283127 336574 49837 0.268 228354 67193 0 0 NIL NIL 0 0 0 0 108 0.83 5.164 0.024 0.131 2 0 0 0 55 0 33 30 NIL NIL NIL 2.257 0.11 0.006 0.001 0 0 111387.266 3069.208 1502.28 158.322 102.504 22.836 0 398001.469 1.051 0.078 0.038 0.021 0.022 0.004 0.002 0 1.633 0 0 58 NIL NIL 110 5.748 28.872 155.772 2897.046 11039.59 30685.143 39679.48 23247.453 0 NIL 0 </measResults>
            </measValue>
            <measValue measObjLdn="MMLG9126HUNB001/ULoCell:NodeB Function Name=MMLG9126HUNB001, Local Cell ID=50853, Cell Name=LAOLAN6">
                <measResults>0 0 112 2495 20492 76789 155282 242748 461151 276038 169446 126525 104784 99254 51614 7032 2683 1502 569 453 324 212 97 56 14 339 45389 673085 1786901 1227081 692641 173144 6673495 632247 143197 6 290 843 862571 1179829 365327 236470 83566 28830 666 0 28 140 129 2070249 701424 441775 149522 55931 2022 0 21705 12418 15497 343637 583 734 3305 29062 97197 125196 75443 519855 357344 266576 174049 0.134 182839 188967 0 0 NIL NIL 0 0 0 0 76 1.18 5.075 0.044 0.149 7 0 0 0 47 0 128 77 NIL NIL NIL 1.989 0.067 0.004 0.001 0 0 409072.813 141233.859 84237.102 25191.248 7139.8 163.848 0 414732.625 2.47 0.188 0.061 0.03 0.037 0.008 0.003 0.001 1.509 0 28 101 NIL NIL 340 165.618 227.676 1599.684 10093.08 27954.377 53199.605 44944.445 77990.531 0 NIL 0 </measResults>
            </measValue>
            <measValue measObjLdn="MMLG9126HUNB001/ULoCell:NodeB Function Name=MMLG9126HUNB001, Local Cell ID=60851, Cell Name=LAOLAN1">
                <measResults>3 102 865 5835 17668 50021 148652 374335 842574 261835 59483 17668 8610 4947 2636 1492 749 622 467 223 132 299 490 262 0 40 4313 698519 1791026 1248439 599529 148066 3542385 311240 75710 14 260 857 620239 1216288 59231 17386 4267 2382 1247 588 5 74 63 1861235 90373 22775 5939 3782 1828 1040 18428 4999 3480 136608 402 474 1152 15390 81266 31734 24540 282679 232836 128468 104230 0.132 87474 152796 0 0 NIL NIL 0 0 0 0 128 1.053 3.35 0.023 0.28 8 0 0 0 69 0 51 50 NIL NIL NIL 0.976 0.077 0.002 0 0 0 361152.281 27007.752 6759.218 763.788 399.408 115.554 59.406 366869.563 1.659 0.155 0.046 0.024 0.039 0.025 0.007 0 0.735 0 1 42 NIL NIL 294 80.808 106.344 285.258 10196.136 59150.105 13958.814 20523.48 58158.414 0 NIL 0 </measResults>
            </measValue>
            <measValue measObjLdn="MMLG9126HUNB001/ULoCell:NodeB Function Name=MMLG9126HUNB001, Local Cell ID=60852, Cell Name=LAOLAN2">
                <measResults>0 0 0 0 0 0 0 0 0 0 349 52398 829215 782299 96509 19502 8320 4290 2493 1159 1148 597 239 732 460 301 40688 996993 1793998 1181333 688068 113722 6375731 382115 65829 7 219 979 585135 1181313 1181313 1181313 738378 96931 4401 930 47 333 206 1898096 1898096 1898096 1301645 224692 7523 1778 8276 18233 23379 209174 29 606 3069 30219 65326 74730 83441 260845 197824 149016 106122 0.216 87870 118606 0 0 NIL NIL 0 0 0 0 120 1.055 5.22 0.025 0.224 3 3 0 0 89 0 139 43 NIL NIL NIL 1.839 0.065 0.002 0.001 0 0 293734.844 293734.844 293734.844 225790.625 52646.234 697.224 108.84 293734.844 2.417 0.139 0.052 0.025 0.031 0.004 0.001 0 1.576 0 64 42 NIL NIL 229 7.716 114.168 756.882 8345.85 19327.049 29565.502 39959.711 40834.094 0 NIL 0 </measResults>
            </measValue>
            <measValue measObjLdn="MMLG9126HUNB001/ULoCell:NodeB Function Name=MMLG9126HUNB001, Local Cell ID=60853, Cell Name=LAOLAN3">
                <measResults>0 0 0 0 0 0 0 0 0 0 0 0 0 0 0 1113 216714 891212 526898 121452 32561 4507 1814 1077 247 2417 1800012 3019720 1797725 1667887 1297780 233500 5843436 1206755 202193 9 419 930 1237268 1667855 1667855 1667855 1667855 1667855 1592716 50 715 71 694 4184093 4184093 4184093 4184093 4184093 4040832 203 43408 38969 43107 619227 2181 4836 19465 111300 250161 670343 502813 1603693 154503 75824 369913 0.43 29827 139219 0 0 NIL NIL 0 0 0 0 301 2.325 7.768 0.047 0.336 34 35 0 0 90 0 473 127 NIL NIL NIL 1.154 0.008 0 0 0 0 207906.313 207906.313 207906.313 207906.313 207906.313 200188.234 8.658 207906.313 4.315 0.051 0.007 0.003 0.005 0.001 0 0 0.867 0 610 3 NIL NIL 475 179.442 436.152 1732.478 10002.466 23055.359 59185.699 48892.891 77639.063 0 NIL 0 </measResults>
            </measValue>
        </measInfo>
        <measInfo measInfoId="50331653">
            <granPeriod duration="PT3600S" endTime="2021-08-19T12:00:00+08:00"/>
            <repPeriod duration="PT3600S"/>
            <measTypes>50331748 50331749 50331750 50331751 50331752 50331753 50361697 </measTypes>
            <measValue measObjLdn="MMLG9126HUNB001/ULoCell:NodeB Function Name=MMLG9126HUNB001, Local Cell ID=10851, Cell Name=LAOLAU1">
                <measResults>0.271 0.217 0.271 0.185 0 0 0.103 </measResults>
            </measValue>
            <measValue measObjLdn="MMLG9126HUNB001/ULoCell:NodeB Function Name=MMLG9126HUNB001, Local Cell ID=10852, Cell Name=LAOLAU2">
                <measResults>0.514 0.433 0.514 0.386 0 0 0.101 </measResults>
            </measValue>
            <measValue measObjLdn="MMLG9126HUNB001/ULoCell:NodeB Function Name=MMLG9126HUNB001, Local Cell ID=10853, Cell Name=LAOLAU3">
                <measResults>0.575 0.432 0.575 0.31 0 0 0.087 </measResults>
            </measValue>
            <measValue measObjLdn="MMLG9126HUNB001/ULoCell:NodeB Function Name=MMLG9126HUNB001, Local Cell ID=50851, Cell Name=LAOLAN4">
                <measResults>0.357 0.278 0.357 0.258 0 0 0.158 </measResults>
            </measValue>
            <measValue measObjLdn="MMLG9126HUNB001/ULoCell:NodeB Function Name=MMLG9126HUNB001, Local Cell ID=50852, Cell Name=LAOLAN5">
                <measResults>0.342 0.271 0.342 0.251 0 0 0.344 </measResults>
            </measValue>
            <measValue measObjLdn="MMLG9126HUNB001/ULoCell:NodeB Function Name=MMLG9126HUNB001, Local Cell ID=50853, Cell Name=LAOLAN6">
                <measResults>0.751 0.657 0.751 0.581 0 0 0.291 </measResults>
            </measValue>
            <measValue measObjLdn="MMLG9126HUNB001/ULoCell:NodeB Function Name=MMLG9126HUNB001, Local Cell ID=60851, Cell Name=LAOLAN1">
                <measResults>0.444 0.401 0.444 0.356 0 0 0.048 </measResults>
            </measValue>
            <measValue measObjLdn="MMLG9126HUNB001/ULoCell:NodeB Function Name=MMLG9126HUNB001, Local Cell ID=60852, Cell Name=LAOLAN2">
                <measResults>0.758 0.578 0.758 0.56 0 0 0.099 </measResults>
            </measValue>
            <measValue measObjLdn="MMLG9126HUNB001/ULoCell:NodeB Function Name=MMLG9126HUNB001, Local Cell ID=60853, Cell Name=LAOLAN3">
                <measResults>0.203 0.16 0.203 0.158 0 0 0.01 </measResults>
            </measValue>
        </measInfo>
        <measInfo measInfoId="50331658">
            <granPeriod duration="PT3600S" endTime="2021-08-19T12:00:00+08:00"/>
            <repPeriod duration="PT3600S"/>
            <measTypes>50332250 50332251 50332410 50332411 </measTypes>
            <measValue measObjLdn="MMLG9126HUNB001/ULoCell:NodeB Function Name=MMLG9126HUNB001, Local Cell ID=10851, Cell Name=LAOLAU1">
                <measResults>0 0 0 0 </measResults>
            </measValue>
            <measValue measObjLdn="MMLG9126HUNB001/ULoCell:NodeB Function Name=MMLG9126HUNB001, Local Cell ID=10852, Cell Name=LAOLAU2">
                <measResults>0 0 0 0 </measResults>
            </measValue>
            <measValue measObjLdn="MMLG9126HUNB001/ULoCell:NodeB Function Name=MMLG9126HUNB001, Local Cell ID=10853, Cell Name=LAOLAU3">
                <measResults>0 0 0 0 </measResults>
            </measValue>
            <measValue measObjLdn="MMLG9126HUNB001/ULoCell:NodeB Function Name=MMLG9126HUNB001, Local Cell ID=50851, Cell Name=LAOLAN4">
                <measResults>0 0 0 0 </measResults>
            </measValue>
            <measValue measObjLdn="MMLG9126HUNB001/ULoCell:NodeB Function Name=MMLG9126HUNB001, Local Cell ID=50852, Cell Name=LAOLAN5">
                <measResults>0 0 0 0 </measResults>
            </measValue>
            <measValue measObjLdn="MMLG9126HUNB001/ULoCell:NodeB Function Name=MMLG9126HUNB001, Local Cell ID=50853, Cell Name=LAOLAN6">
                <measResults>0 0 0 0 </measResults>
            </measValue>
            <measValue measObjLdn="MMLG9126HUNB001/ULoCell:NodeB Function Name=MMLG9126HUNB001, Local Cell ID=60851, Cell Name=LAOLAN1">
                <measResults>0 0 0 0 </measResults>
            </measValue>
            <measValue measObjLdn="MMLG9126HUNB001/ULoCell:NodeB Function Name=MMLG9126HUNB001, Local Cell ID=60852, Cell Name=LAOLAN2">
                <measResults>0 0 0 0 </measResults>
            </measValue>
            <measValue measObjLdn="MMLG9126HUNB001/ULoCell:NodeB Function Name=MMLG9126HUNB001, Local Cell ID=60853, Cell Name=LAOLAN3">
                <measResults>0 0 0 0 </measResults>
            </measValue>
        </measInfo>
        <measInfo measInfoId="50331660">
            <granPeriod duration="PT3600S" endTime="2021-08-19T12:00:00+08:00"/>
            <repPeriod duration="PT3600S"/>
            <measTypes>50361670 50361671 50361672 50361673 </measTypes>
            <measValue measObjLdn="MMLG9126HUNB001/ULoCell:NodeB Function Name=MMLG9126HUNB001, Local Cell ID=10851, Cell Name=LAOLAU1">
                <measResults>0 0 0 0 </measResults>
            </measValue>
            <measValue measObjLdn="MMLG9126HUNB001/ULoCell:NodeB Function Name=MMLG9126HUNB001, Local Cell ID=10852, Cell Name=LAOLAU2">
                <measResults>0 0 0 0 </measResults>
            </measValue>
            <measValue measObjLdn="MMLG9126HUNB001/ULoCell:NodeB Function Name=MMLG9126HUNB001, Local Cell ID=10853, Cell Name=LAOLAU3">
                <measResults>0 0 0 0 </measResults>
            </measValue>
            <measValue measObjLdn="MMLG9126HUNB001/ULoCell:NodeB Function Name=MMLG9126HUNB001, Local Cell ID=50851, Cell Name=LAOLAN4">
                <measResults>0 0 0 0 </measResults>
            </measValue>
            <measValue measObjLdn="MMLG9126HUNB001/ULoCell:NodeB Function Name=MMLG9126HUNB001, Local Cell ID=50852, Cell Name=LAOLAN5">
                <measResults>0 0 0 0 </measResults>
            </measValue>
            <measValue measObjLdn="MMLG9126HUNB001/ULoCell:NodeB Function Name=MMLG9126HUNB001, Local Cell ID=50853, Cell Name=LAOLAN6">
                <measResults>0 0 0 0 </measResults>
            </measValue>
            <measValue measObjLdn="MMLG9126HUNB001/ULoCell:NodeB Function Name=MMLG9126HUNB001, Local Cell ID=60851, Cell Name=LAOLAN1">
                <measResults>0 0 0 0 </measResults>
            </measValue>
            <measValue measObjLdn="MMLG9126HUNB001/ULoCell:NodeB Function Name=MMLG9126HUNB001, Local Cell ID=60852, Cell Name=LAOLAN2">
                <measResults>0 0 0 0 </measResults>
            </measValue>
            <measValue measObjLdn="MMLG9126HUNB001/ULoCell:NodeB Function Name=MMLG9126HUNB001, Local Cell ID=60853, Cell Name=LAOLAN3">
                <measResults>0 0 0 0 </measResults>
            </measValue>
        </measInfo>
        <measInfo measInfoId="50331661">
            <granPeriod duration="PT3600S" endTime="2021-08-19T12:00:00+08:00"/>
            <repPeriod duration="PT3600S"/>
            <measTypes>50332048 50332049 50332050 50332051 </measTypes>
            <measValue measObjLdn="MMLG9126HUNB001/ULoCell:NodeB Function Name=MMLG9126HUNB001, Local Cell ID=10851, Cell Name=LAOLAU1">
                <measResults>9828 0 144070 0 </measResults>
            </measValue>
            <measValue measObjLdn="MMLG9126HUNB001/ULoCell:NodeB Function Name=MMLG9126HUNB001, Local Cell ID=10852, Cell Name=LAOLAU2">
                <measResults>17404 0 144178 0 </measResults>
            </measValue>
            <measValue measObjLdn="MMLG9126HUNB001/ULoCell:NodeB Function Name=MMLG9126HUNB001, Local Cell ID=10853, Cell Name=LAOLAU3">
                <measResults>30432 0 144521 0 </measResults>
            </measValue>
            <measValue measObjLdn="MMLG9126HUNB001/ULoCell:NodeB Function Name=MMLG9126HUNB001, Local Cell ID=50851, Cell Name=LAOLAN4">
                <measResults>16866 0 144366 0 </measResults>
            </measValue>
            <measValue measObjLdn="MMLG9126HUNB001/ULoCell:NodeB Function Name=MMLG9126HUNB001, Local Cell ID=50852, Cell Name=LAOLAN5">
                <measResults>21298 0 144537 0 </measResults>
            </measValue>
            <measValue measObjLdn="MMLG9126HUNB001/ULoCell:NodeB Function Name=MMLG9126HUNB001, Local Cell ID=50853, Cell Name=LAOLAN6">
                <measResults>39560 0 145220 0 </measResults>
            </measValue>
            <measValue measObjLdn="MMLG9126HUNB001/ULoCell:NodeB Function Name=MMLG9126HUNB001, Local Cell ID=60851, Cell Name=LAOLAN1">
                <measResults>13784 0 144140 0 </measResults>
            </measValue>
            <measValue measObjLdn="MMLG9126HUNB001/ULoCell:NodeB Function Name=MMLG9126HUNB001, Local Cell ID=60852, Cell Name=LAOLAN2">
                <measResults>32652 0 144439 0 </measResults>
            </measValue>
            <measValue measObjLdn="MMLG9126HUNB001/ULoCell:NodeB Function Name=MMLG9126HUNB001, Local Cell ID=60853, Cell Name=LAOLAN3">
                <measResults>32131 0 144825 0 </measResults>
            </measValue>
        </measInfo>
        <measInfo measInfoId="50331662">
            <granPeriod duration="PT3600S" endTime="2021-08-19T12:00:00+08:00"/>
            <repPeriod duration="PT3600S"/>
            <measTypes>50332052 50332053 50332054 50332070 50332505 </measTypes>
            <measValue measObjLdn="MMLG9126HUNB001/ULoCell:NodeB Function Name=MMLG9126HUNB001, Local Cell ID=10851, Cell Name=LAOLAU1">
                <measResults>0 34 199293 0 0 </measResults>
            </measValue>
            <measValue measObjLdn="MMLG9126HUNB001/ULoCell:NodeB Function Name=MMLG9126HUNB001, Local Cell ID=10852, Cell Name=LAOLAU2">
                <measResults>0 49 528956 0 0 </measResults>
            </measValue>
            <measValue measObjLdn="MMLG9126HUNB001/ULoCell:NodeB Function Name=MMLG9126HUNB001, Local Cell ID=10853, Cell Name=LAOLAU3">
                <measResults>0 124 587993 0 0 </measResults>
            </measValue>
            <measValue measObjLdn="MMLG9126HUNB001/ULoCell:NodeB Function Name=MMLG9126HUNB001, Local Cell ID=50851, Cell Name=LAOLAN4">
                <measResults>0 19 124782 0 0 </measResults>
            </measValue>
            <measValue measObjLdn="MMLG9126HUNB001/ULoCell:NodeB Function Name=MMLG9126HUNB001, Local Cell ID=50852, Cell Name=LAOLAN5">
                <measResults>0 46 239440 0 0 </measResults>
            </measValue>
            <measValue measObjLdn="MMLG9126HUNB001/ULoCell:NodeB Function Name=MMLG9126HUNB001, Local Cell ID=50853, Cell Name=LAOLAN6">
                <measResults>0 79 401231 0 0 </measResults>
            </measValue>
            <measValue measObjLdn="MMLG9126HUNB001/ULoCell:NodeB Function Name=MMLG9126HUNB001, Local Cell ID=60851, Cell Name=LAOLAN1">
                <measResults>0 36 498602 0 0 </measResults>
            </measValue>
            <measValue measObjLdn="MMLG9126HUNB001/ULoCell:NodeB Function Name=MMLG9126HUNB001, Local Cell ID=60852, Cell Name=LAOLAN2">
                <measResults>0 109 727266 0 0 </measResults>
            </measValue>
            <measValue measObjLdn="MMLG9126HUNB001/ULoCell:NodeB Function Name=MMLG9126HUNB001, Local Cell ID=60853, Cell Name=LAOLAN3">
                <measResults>0 64 807737 0 0 </measResults>
            </measValue>
        </measInfo>
        <measInfo measInfoId="50331663">
            <granPeriod duration="PT3600S" endTime="2021-08-19T12:00:00+08:00"/>
            <repPeriod duration="PT3600S"/>
            <measTypes>50331917 50332061 50332064 50332065 50332069 50332071 50332072 50332073 50332074 50332079 50332258 50332388 50332389 50332504 50332626 50332632 50332639 50332640 50332641 50332645 50342048 50342049 50342050 50342051 50361705 50361706 50361725 50361726 50361735 50361740 50361743 50361744 50361747 50361749 50361751 50361753 50361755 50361757 50361759 50361761 50361763 50361765 50361767 50361769 50361771 50361773 50361775 50361777 50361779 50361781 50361783 50361785 50361787 50361789 50361791 50361793 50361795 </measTypes>
            <measValue measObjLdn="MMLG9126HUNB001/ULoCell:NodeB Function Name=MMLG9126HUNB001, Local Cell ID=10851, Cell Name=LAOLAU1">
                <measResults>997.451 0 256 0 0 0 0 0 0 0 0.953 0 1 0 0 0 3600 0 NIL 0 12 69.964 0 0 0 0 0 NIL NIL NIL NIL NIL NIL NIL NIL NIL NIL NIL NIL NIL NIL NIL NIL NIL NIL NIL NIL NIL NIL NIL NIL NIL NIL NIL NIL NIL NIL </measResults>
            </measValue>
            <measValue measObjLdn="MMLG9126HUNB001/ULoCell:NodeB Function Name=MMLG9126HUNB001, Local Cell ID=10852, Cell Name=LAOLAU2">
                <measResults>997.903 0 256 0 0 0 0 0 0 0 3.25 0 0.81 0 0 0 3600 0 NIL 0 25 47.759 0 0 0 0 0 NIL NIL NIL NIL NIL NIL NIL NIL NIL NIL NIL NIL NIL NIL NIL NIL NIL NIL NIL NIL NIL NIL NIL NIL NIL NIL NIL NIL NIL NIL </measResults>
            </measValue>
            <measValue measObjLdn="MMLG9126HUNB001/ULoCell:NodeB Function Name=MMLG9126HUNB001, Local Cell ID=10853, Cell Name=LAOLAU3">
                <measResults>991.206 1 256 0 0 0 0 0 0 0 2.619 0 1.612 4.167 0 0 3600 0 NIL 0 11 85.301 0 0 0 0 0 NIL NIL NIL NIL NIL NIL NIL NIL NIL NIL NIL NIL NIL NIL NIL NIL NIL NIL NIL NIL NIL NIL NIL NIL NIL NIL NIL NIL NIL NIL </measResults>
            </measValue>
            <measValue measObjLdn="MMLG9126HUNB001/ULoCell:NodeB Function Name=MMLG9126HUNB001, Local Cell ID=50851, Cell Name=LAOLAN4">
                <measResults>969.845 0 256 0 0 0 0 0 0 0 0.749 0 0.724 0 0 0 3600 0 NIL 0 7 62.101 0 0 0 0 0 NIL NIL NIL NIL NIL NIL NIL NIL NIL NIL NIL NIL NIL NIL NIL NIL NIL NIL NIL NIL NIL NIL NIL NIL NIL NIL NIL NIL NIL NIL </measResults>
            </measValue>
            <measValue measObjLdn="MMLG9126HUNB001/ULoCell:NodeB Function Name=MMLG9126HUNB001, Local Cell ID=50852, Cell Name=LAOLAN5">
                <measResults>966.519 1 256 0 0 0 0 0 0 0 1.333 0 1.611 0 0 0 3600 0 NIL 0 6 96.591 0 3.055 0 0 0 1 NIL NIL NIL NIL NIL NIL NIL NIL NIL NIL NIL NIL NIL NIL NIL NIL NIL NIL NIL NIL NIL NIL NIL NIL NIL NIL NIL NIL NIL </measResults>
            </measValue>
            <measValue measObjLdn="MMLG9126HUNB001/ULoCell:NodeB Function Name=MMLG9126HUNB001, Local Cell ID=50853, Cell Name=LAOLAN6">
                <measResults>994.409 2 256 0 0 0 0 0 0 0 2.046 0 1.757 141.667 0 0 0 0 NIL 0 11 77.184 0 2.065 0 0 0 1 NIL NIL NIL NIL NIL NIL NIL NIL NIL NIL NIL NIL NIL NIL NIL NIL NIL NIL NIL NIL NIL NIL NIL NIL NIL NIL NIL NIL NIL </measResults>
            </measValue>
            <measValue measObjLdn="MMLG9126HUNB001/ULoCell:NodeB Function Name=MMLG9126HUNB001, Local Cell ID=60851, Cell Name=LAOLAN1">
                <measResults>832.387 1 256 0 0 0 0 0 0 0 2.915 0 1.007 0 0 0 3600 0 NIL 0 8 78.066 0 0 0 0 0 NIL NIL NIL NIL NIL NIL NIL NIL NIL NIL NIL NIL NIL NIL NIL NIL NIL NIL NIL NIL NIL NIL NIL NIL NIL NIL NIL NIL NIL NIL </measResults>
            </measValue>
            <measValue measObjLdn="MMLG9126HUNB001/ULoCell:NodeB Function Name=MMLG9126HUNB001, Local Cell ID=60852, Cell Name=LAOLAN2">
                <measResults>983.854 2 256 0 0 0 0 0 0 0 4.431 0 1.473 0 0 0 3600 0 NIL 0 11 68.52 0 0 0 0 0 NIL NIL NIL NIL NIL NIL NIL NIL NIL NIL NIL NIL NIL NIL NIL NIL NIL NIL NIL NIL NIL NIL NIL NIL NIL NIL NIL NIL NIL NIL </measResults>
            </measValue>
            <measValue measObjLdn="MMLG9126HUNB001/ULoCell:NodeB Function Name=MMLG9126HUNB001, Local Cell ID=60853, Cell Name=LAOLAN3">
                <measResults>995.447 2 256 0 0 0 0 0 0 0 4.731 0 2.463 25 0 0 0 0 NIL 0 9 58.911 0 0 0 0 0 NIL NIL NIL NIL NIL NIL NIL NIL NIL NIL NIL NIL NIL NIL NIL NIL NIL NIL NIL NIL NIL NIL NIL NIL NIL NIL NIL NIL NIL NIL </measResults>
            </measValue>
        </measInfo>
        <measInfo measInfoId="50331665">
            <granPeriod duration="PT3600S" endTime="2021-08-19T12:00:00+08:00"/>
            <repPeriod duration="PT3600S"/>
            <measTypes>50331740 50331741 50331742 50331743 50331744 50331909 50331910 50331911 50331912 50331913 50332381 50332382 50332576 50332577 </measTypes>
            <measValue measObjLdn="MMLG9126HUNB001/ULoCell:NodeB Function Name=MMLG9126HUNB001, Local Cell ID=10851, Cell Name=LAOLAU1">
                <measResults>0 0 0 0 0 0 0 0 0 0 0 0 0 0 </measResults>
            </measValue>
            <measValue measObjLdn="MMLG9126HUNB001/ULoCell:NodeB Function Name=MMLG9126HUNB001, Local Cell ID=10852, Cell Name=LAOLAU2">
                <measResults>0 0 0 0 0 0 0 0 0 0 0 0 0 0 </measResults>
            </measValue>
            <measValue measObjLdn="MMLG9126HUNB001/ULoCell:NodeB Function Name=MMLG9126HUNB001, Local Cell ID=10853, Cell Name=LAOLAU3">
                <measResults>0 0 0 0 0 0 0 0 0 0 0 0 0 0 </measResults>
            </measValue>
            <measValue measObjLdn="MMLG9126HUNB001/ULoCell:NodeB Function Name=MMLG9126HUNB001, Local Cell ID=50851, Cell Name=LAOLAN4">
                <measResults>0 0 0 0 0 0 0 0 0 0 0 0 0 0 </measResults>
            </measValue>
            <measValue measObjLdn="MMLG9126HUNB001/ULoCell:NodeB Function Name=MMLG9126HUNB001, Local Cell ID=50852, Cell Name=LAOLAN5">
                <measResults>0 0 0 0 0 0 0 0 0 0 0 0 0 0 </measResults>
            </measValue>
            <measValue measObjLdn="MMLG9126HUNB001/ULoCell:NodeB Function Name=MMLG9126HUNB001, Local Cell ID=50853, Cell Name=LAOLAN6">
                <measResults>0 0 0 0 0 0 0 0 0 0 0 0 0 0 </measResults>
            </measValue>
            <measValue measObjLdn="MMLG9126HUNB001/ULoCell:NodeB Function Name=MMLG9126HUNB001, Local Cell ID=60851, Cell Name=LAOLAN1">
                <measResults>0 0 0 0 0 0 0 0 0 0 0 0 0 0 </measResults>
            </measValue>
            <measValue measObjLdn="MMLG9126HUNB001/ULoCell:NodeB Function Name=MMLG9126HUNB001, Local Cell ID=60852, Cell Name=LAOLAN2">
                <measResults>0 0 0 0 0 0 0 0 0 0 0 0 0 0 </measResults>
            </measValue>
            <measValue measObjLdn="MMLG9126HUNB001/ULoCell:NodeB Function Name=MMLG9126HUNB001, Local Cell ID=60853, Cell Name=LAOLAN3">
                <measResults>0 0 0 0 0 0 0 0 0 0 0 0 0 0 </measResults>
            </measValue>
        </measInfo>
        <measInfo measInfoId="50331673">
            <granPeriod duration="PT3600S" endTime="2021-08-19T12:00:00+08:00"/>
            <repPeriod duration="PT3600S"/>
            <measTypes>50332055 50332056 50332057 50332058 50332059 50332060 50332278 50332279 50332280 50332281 50332282 50332283 50332284 50332285 50332286 50361648 50361649 50361650 50361651 </measTypes>
            <measValue measObjLdn="MMLG9126HUNB001/ULoCell:NodeB Function Name=MMLG9126HUNB001, Local Cell ID=10851, Cell Name=LAOLAU1">
                <measResults>5 6 3 0 0 0 4 4 1 0 6 0 2 1 27 0 0 0 0 </measResults>
            </measValue>
            <measValue measObjLdn="MMLG9126HUNB001/ULoCell:NodeB Function Name=MMLG9126HUNB001, Local Cell ID=10852, Cell Name=LAOLAU2">
                <measResults>12 27 9 0 0 0 12 11 1 4 4 0 0 5 7 0 0 0 0 </measResults>
            </measValue>
            <measValue measObjLdn="MMLG9126HUNB001/ULoCell:NodeB Function Name=MMLG9126HUNB001, Local Cell ID=10853, Cell Name=LAOLAU3">
                <measResults>42 22 14 0 0 0 11 11 2 6 6 0 0 9 11 0 0 0 0 </measResults>
            </measValue>
            <measValue measObjLdn="MMLG9126HUNB001/ULoCell:NodeB Function Name=MMLG9126HUNB001, Local Cell ID=50851, Cell Name=LAOLAN4">
                <measResults>8 4 0 0 0 0 2 2 2 2 10 0 1 4 10 0 0 0 0 </measResults>
            </measValue>
            <measValue measObjLdn="MMLG9126HUNB001/ULoCell:NodeB Function Name=MMLG9126HUNB001, Local Cell ID=50852, Cell Name=LAOLAN5">
                <measResults>8 4 1 0 0 0 4 4 3 4 12 0 3 5 21 0 0 0 0 </measResults>
            </measValue>
            <measValue measObjLdn="MMLG9126HUNB001/ULoCell:NodeB Function Name=MMLG9126HUNB001, Local Cell ID=50853, Cell Name=LAOLAN6">
                <measResults>20 10 3 0 0 0 11 9 7 11 15 1 2 14 11 0 0 0 0 </measResults>
            </measValue>
            <measValue measObjLdn="MMLG9126HUNB001/ULoCell:NodeB Function Name=MMLG9126HUNB001, Local Cell ID=60851, Cell Name=LAOLAN1">
                <measResults>6 17 3 0 0 0 13 11 2 4 6 0 1 10 8 0 0 0 0 </measResults>
            </measValue>
            <measValue measObjLdn="MMLG9126HUNB001/ULoCell:NodeB Function Name=MMLG9126HUNB001, Local Cell ID=60852, Cell Name=LAOLAN2">
                <measResults>8 16 4 0 0 0 26 22 4 7 7 0 1 8 5 0 0 0 0 </measResults>
            </measValue>
            <measValue measObjLdn="MMLG9126HUNB001/ULoCell:NodeB Function Name=MMLG9126HUNB001, Local Cell ID=60853, Cell Name=LAOLAN3">
                <measResults>18 16 6 0 0 0 24 22 5 10 6 2 4 11 2 0 0 0 0 </measResults>
            </measValue>
        </measInfo>
        <measInfo measInfoId="50331674">
            <granPeriod duration="PT3600S" endTime="2021-08-19T12:00:00+08:00"/>
            <repPeriod duration="PT3600S"/>
            <measTypes>50332161 50332162 50332163 50332164 50332165 50341718 50341719 50341720 50341721 </measTypes>
            <measValue measObjLdn="MMLG9126HUNB001/ULoCell:NodeB Function Name=MMLG9126HUNB001, Local Cell ID=10851, Cell Name=LAOLAU1">
                <measResults>0 0 0 0 0 0 0 0 0 </measResults>
            </measValue>
            <measValue measObjLdn="MMLG9126HUNB001/ULoCell:NodeB Function Name=MMLG9126HUNB001, Local Cell ID=10852, Cell Name=LAOLAU2">
                <measResults>0 0 0 0 0 0 0 0 0 </measResults>
            </measValue>
            <measValue measObjLdn="MMLG9126HUNB001/ULoCell:NodeB Function Name=MMLG9126HUNB001, Local Cell ID=10853, Cell Name=LAOLAU3">
                <measResults>0 0 0 0 0 0 0 0 0 </measResults>
            </measValue>
            <measValue measObjLdn="MMLG9126HUNB001/ULoCell:NodeB Function Name=MMLG9126HUNB001, Local Cell ID=50851, Cell Name=LAOLAN4">
                <measResults>0 0 0 0 0 0 0 0 0 </measResults>
            </measValue>
            <measValue measObjLdn="MMLG9126HUNB001/ULoCell:NodeB Function Name=MMLG9126HUNB001, Local Cell ID=50852, Cell Name=LAOLAN5">
                <measResults>0 0 0 0 0 0 0 0 0 </measResults>
            </measValue>
            <measValue measObjLdn="MMLG9126HUNB001/ULoCell:NodeB Function Name=MMLG9126HUNB001, Local Cell ID=50853, Cell Name=LAOLAN6">
                <measResults>0 0 0 0 0 0 0 0 0 </measResults>
            </measValue>
            <measValue measObjLdn="MMLG9126HUNB001/ULoCell:NodeB Function Name=MMLG9126HUNB001, Local Cell ID=60851, Cell Name=LAOLAN1">
                <measResults>0 0 0 0 0 0 0 0 0 </measResults>
            </measValue>
            <measValue measObjLdn="MMLG9126HUNB001/ULoCell:NodeB Function Name=MMLG9126HUNB001, Local Cell ID=60852, Cell Name=LAOLAN2">
                <measResults>0 0 0 0 0 0 0 0 0 </measResults>
            </measValue>
            <measValue measObjLdn="MMLG9126HUNB001/ULoCell:NodeB Function Name=MMLG9126HUNB001, Local Cell ID=60853, Cell Name=LAOLAN3">
                <measResults>0 0 0 0 0 0 0 0 0 </measResults>
            </measValue>
        </measInfo>
        <measInfo measInfoId="50331676">
            <granPeriod duration="PT3600S" endTime="2021-08-19T12:00:00+08:00"/>
            <repPeriod duration="PT3600S"/>
            <measTypes>50331747 50332175 50332176 50332177 50332178 50332179 50332180 50332181 50332182 50332183 50332184 50332185 50332186 50332187 50332188 50332189 50332190 50332192 50332193 50332194 50332195 50332196 50332197 50332198 50332199 50332200 50332201 50332202 50332203 50332204 50332205 50332206 50332207 50332208 50332209 50332210 50332211 50332212 50332213 50332214 50332219 50332232 50332233 50332234 50332235 50332236 50332237 50332238 50332245 50332246 50332648 50332649 50332650 50332651 50332652 50332653 50332654 50332655 50332656 50332657 50332658 50332670 50332848 50332849 50332850 50332853 50332854 50332855 50332856 50332865 50332866 50332867 50332868 50332869 50332870 50332871 50332872 50332873 50332874 50332875 50332876 50332877 50332878 50332879 50332880 50332881 50332882 50332883 50332884 50332885 50332886 50332887 50332888 50332889 50332890 50332891 50332892 50332894 50332895 50332896 50332897 50332898 50332899 50332900 50332901 50332902 50332903 50332904 50332905 50332906 50332907 50332908 50332909 50332910 50332943 50332944 50332945 50332946 50332947 50332948 50332949 50332950 50332951 50332952 50332953 50332954 50332955 50332956 50332957 50332958 50332959 50332960 50332961 50332962 50332963 50332964 50332965 50332966 50332967 50332968 50332969 50332970 50332971 50332972 50332973 50332974 50332985 50332986 50332987 50332990 50341723 50341741 50341742 50341743 50341748 50341749 50341750 50341751 50341752 50341753 50341754 50341755 50341756 50341757 50341758 50341759 </measTypes>
            <measValue measObjLdn="MMLG9126HUNB001/ULoCell:NodeB Function Name=MMLG9126HUNB001, Local Cell ID=10851, Cell Name=LAOLAU1">
                <measResults>7213249500 1009578 203959 46222 23904 42578 61722 50992 44886 28982 22070 19335 16443 14421 62139 150854 1915 0 7240848616 7611 0 1402 0 0 0 0 44 28425 33718 481 49 143 171 146 127 269 1080 1433 44 8 3295426048 7295345938 862261 7943127316 34136 53221 284628 298020 58154804 18477 20168 3215 16570 22756 15757 10815 24541 76972 57039 31 0 224481 0 0 0 7570 0 0 269643 0 0 0 0 0 0 0 0 0 0 0 0 7997799 106024823 156467465 4648326554 20878 36104 24768 453212 0 0 0 0 1000998 9985 2330 0 0 0 0 0 0 0 0 0 0 0 0 0 0 0 0 0 0 0 0 0 0 0 0 0 0 0 0 0 0 0 0 0 0 NIL NIL NIL NIL NIL NIL NIL NIL NIL NIL NIL NIL NIL NIL NIL NIL 0 0 0 493246 1.814 NIL 0 0 2055.385 4724.31 53009.742 111766.992 108102.523 95510.57 298055.219 1353967.125 1235359.5 1015.208 0 3256787 </measResults>
            </measValue>
            <measValue measObjLdn="MMLG9126HUNB001/ULoCell:NodeB Function Name=MMLG9126HUNB001, Local Cell ID=10852, Cell Name=LAOLAU2">
                <measResults>907519348 1657474 32058 3819 2521 1931 2523 1111 3207 1517 3186 1421 4424 10135 66395 8278 0 0 906329824 10368 0 962 0 0 0 0 0 3440 4393 498 49 126 145 147 129 280 282 53 10 2 91676784 912883569 156995 1048879965 139153 143710 170239 58880 260435991 43351 14693 3028 15865 20108 15358 10774 15754 11642 1346 7 0 90854 0 0 0 25507 0 0 34318 0 0 0 0 0 0 0 0 0 0 0 0 18892481 191061532 323645592 310737249 28279 46583 46446 35959 0 0 0 0 1659567 10909 3590 0 0 0 0 0 0 0 0 0 0 0 0 0 0 0 0 0 0 0 0 0 0 0 0 0 0 0 0 0 0 0 0 0 0 NIL NIL NIL NIL NIL NIL NIL NIL NIL NIL NIL NIL NIL NIL NIL NIL 0 0 0 108246 1.827 NIL 0 0 1566.252 4333.443 50206.012 98809.297 108739.125 94643.07 190951.188 191284.547 29776.145 226.216 0 764635.625 </measResults>
            </measValue>
            <measValue measObjLdn="MMLG9126HUNB001/ULoCell:NodeB Function Name=MMLG9126HUNB001, Local Cell ID=10853, Cell Name=LAOLAU3">
                <measResults>4404652092 1288183 69216 16796 12730 11269 13174 3933 11810 4446 12669 7149 20078 112930 209708 5909 0 0 4352984944 65929 0 3954 0 0 0 0 4 48331 63623 2083 342 499 485 381 221 446 553 492 50 14 2199723464 4389563596 675860 5446421319 646276 265612 187325 233119 614623551 216855 93974 38591 76999 79218 50545 30872 42702 44113 52595 2340 0 379384 0 0 0 107901 0 0 71352 0 0 0 0 0 0 0 0 0 0 0 0 87347144 566137743 813758295 844975299 165069 179611 134628 83897 0 0 0 0 2081074 9710 3858 0 0 0 0 0 0 0 0 0 0 0 0 0 0 0 0 0 0 0 0 0 0 0 0 0 0 0 0 0 0 0 0 0 0 NIL NIL NIL NIL NIL NIL NIL NIL NIL NIL NIL NIL NIL NIL NIL NIL 0 0 0 543086 4.028 NIL 0 0 17792.313 57571.402 237829.719 387453.563 352484.031 277223.125 510626.25 751237.813 1262987 72384.984 0 3852226.5 </measResults>
            </measValue>
            <measValue measObjLdn="MMLG9126HUNB001/ULoCell:NodeB Function Name=MMLG9126HUNB001, Local Cell ID=50851, Cell Name=LAOLAN4">
                <measResults>2503802576 1480885 29240 3297 2350 1748 2038 863 3568 1359 7734 2078 12763 3692 51737 189685 6963 0 2520879936 4826 0 103 0 0 0 0 0 4854 7253 402 14 97 125 245 245 288 175 240 69 6 327902784 2519524560 333524 2962474760 40844 97984 106795 207185 722150664 128523 7937 1819 27300 34242 72961 62220 50394 6521 9563 1441 0 264642 0 0 0 31589 0 0 32375 0 0 0 0 0 0 0 0 0 0 0 0 6448536 224956880 1090256528 775372472 10192 56699 150961 80375 0 0 0 0 1355376 4281 2266 0 0 0 0 0 0 0 0 0 0 0 0 0 0 0 0 0 0 0 0 0 0 0 0 0 0 0 0 0 0 0 0 0 0 NIL NIL NIL NIL NIL NIL NIL NIL NIL NIL NIL NIL NIL NIL NIL NIL 0 0 0 291234 1.344 NIL 0 0 1100.656 2755.216 87119.867 173933.125 514484.938 555149.313 569676.75 109695.875 243997.656 45969.289 0 2300026.75 </measResults>
            </measValue>
            <measValue measObjLdn="MMLG9126HUNB001/ULoCell:NodeB Function Name=MMLG9126HUNB001, Local Cell ID=50852, Cell Name=LAOLAN5">
                <measResults>6431433552 985814 170357 66991 23176 11027 8746 5882 7314 7935 10764 8300 10190 10826 170262 302416 0 0 6474558952 2185 0 1114 0 0 0 0 0 88656 99622 1000 118 312 323 489 709 1366 775 163 10 6 791478848 6480028839 1006688 7757993942 72778 167693 316575 477233 4558464894 763310 19414 6870 35614 64218 117401 143696 114304 84374 12318 5 0 571930 0 0 0 13813 0 0 248386 0 0 0 0 0 0 0 0 0 0 0 0 1550521 96764548 1656139714 2214562590 4571 35477 255858 315220 0 0 0 0 1603480 3694 2422 0 0 0 0 0 0 0 0 0 0 0 0 0 0 0 0 0 0 0 0 0 0 0 0 0 0 0 0 0 0 0 0 0 0 NIL NIL NIL NIL NIL NIL NIL NIL NIL NIL NIL NIL NIL NIL NIL NIL 0 0 0 766807 2.863 NIL 0 0 2909.738 10477.588 112570.883 316320.344 834047.25 1277082.5 1321909.875 1373141.125 276334.156 159.688 0 5511566 </measResults>
            </measValue>
            <measValue measObjLdn="MMLG9126HUNB001/ULoCell:NodeB Function Name=MMLG9126HUNB001, Local Cell ID=50853, Cell Name=LAOLAN6">
                <measResults>2372102048 1255422 106489 29347 19492 9394 12903 7124 16574 6237 28503 10030 32922 33800 217576 14187 0 0 2372543536 11194 0 3134 0 0 0 0 9 43619 65430 2085 285 882 614 516 412 507 316 31 4 2 137037888 2369757670 662256 3089420110 231921 462589 430555 377829 858544750 268248 50072 54314 151726 64290 31935 27224 33034 19390 596 8 0 328203 0 0 0 141230 0 1 125652 0 0 0 0 0 0 0 0 0 0 0 0 25066408 493864344 848684112 749728166 37843 221702 224253 131483 0 0 0 0 2786552 13270 5593 0 0 0 0 0 0 0 0 0 0 0 0 0 0 0 0 0 0 0 0 0 0 0 0 0 0 0 0 0 0 0 0 0 0 NIL NIL NIL NIL NIL NIL NIL NIL NIL NIL NIL NIL NIL NIL NIL NIL 0 0 0 508790 4.613 NIL 0 0 13946.2 82636.094 453121.156 307106.75 222879.688 238006.641 398923.656 310130.375 13993.832 280.28 0 1944442.375 </measResults>
            </measValue>
            <measValue measObjLdn="MMLG9126HUNB001/ULoCell:NodeB Function Name=MMLG9126HUNB001, Local Cell ID=60851, Cell Name=LAOLAN1">
                <measResults>4519336668 1376065 43738 5035 3250 2789 2930 2369 3257 3277 3602 3975 4516 11914 280548 52735 0 0 4543622472 5604 0 712 0 0 0 0 0 4337 5760 468 22 39 53 139 271 780 549 88 9 4 613389248 4544112260 439428 5119902758 44079 222423 197209 101822 3382259619 322890 8860 857 2926 6402 23954 59992 155024 82991 8694 4 0 339987 0 0 0 3708 0 0 48923 0 0 0 0 0 0 0 0 0 2756 0 0 4949990 251974779 2536604315 1232127333 10584 43270 246766 99342 0 0 0 0 1029099 4997 2287 0 0 0 0 0 0 0 0 0 0 0 0 0 0 0 0 0 0 0 0 0 0 0 0 0 0 0 0 0 0 0 0 0 0 NIL NIL NIL NIL NIL NIL NIL NIL NIL NIL NIL NIL NIL NIL NIL NIL 0 0 0 373908 1.772 NIL 0 0 853.482 1277.952 8415.432 33342.371 171447.531 543601.75 1861224.25 1328722.375 192303.016 138.808 0 4139195.5 </measResults>
            </measValue>
            <measValue measObjLdn="MMLG9126HUNB001/ULoCell:NodeB Function Name=MMLG9126HUNB001, Local Cell ID=60852, Cell Name=LAOLAN2">
                <measResults>2114646164 1459009 71326 11270 9672 6509 6543 3535 7850 5224 11875 6800 15957 32727 143192 8511 0 0 2044826884 9663 0 2257 0 0 0 0 0 23093 29365 1222 93 200 297 364 278 462 525 134 21 3 546090856 2069077137 389711 2838094619 107209 187841 279080 402265 480366656 162377 37803 10971 38765 43565 34820 22222 24694 30850 3520 14 0 198450 0 0 0 46970 0 8 79565 0 0 0 0 0 0 0 0 0 0 0 0 39196409 410371823 564849791 719658307 42582 125353 104646 85928 0 0 0 0 5002702 23724 9500 0 0 0 0 0 0 0 0 0 0 0 0 0 0 0 0 0 0 0 0 0 0 0 0 0 0 0 0 0 0 0 0 0 0 NIL NIL NIL NIL NIL NIL NIL NIL NIL NIL NIL NIL NIL NIL NIL NIL 0 0 0 287395 3.565 NIL 0 0 9126.879 16696.248 116085.188 217025.484 243022.984 198840.172 295382.375 526470.437 80144.828 462.16 0 1677433.625 </measResults>
            </measValue>
            <measValue measObjLdn="MMLG9126HUNB001/ULoCell:NodeB Function Name=MMLG9126HUNB001, Local Cell ID=60853, Cell Name=LAOLAN3">
                <measResults>596841392 1529749 111678 15506 12652 7804 8431 4320 10337 4411 12596 6488 16620 36986 22407 15 0 0 567549144 19139 0 2413 0 0 0 0 0 5009 12955 1490 157 309 285 218 175 484 635 114 16 2 46098736 567152679 309349 957736965 238538 328745 475000 393425 152244095 118669 48371 21341 35378 18004 3539 2632 5383 4073 232 6 0 69247 0 0 0 55390 0 3 101204 0 0 0 0 0 0 0 0 0 998 576 0 64063880 164871192 120989048 147947228 80876 96138 50438 58638 0 0 0 0 2663086 14508 6128 0 0 0 0 0 0 0 0 0 0 0 0 0 0 0 0 0 0 0 0 0 0 0 0 0 0 0 0 0 0 0 0 0 0 NIL NIL NIL NIL NIL NIL NIL NIL NIL NIL NIL NIL NIL NIL NIL NIL 0 0 0 169419 4.563 NIL 0 0 13885.641 31631.725 102772.688 85666 23685.111 23348.883 63915.73 65393.945 5234.176 196.152 0 370212.688 </measResults>
            </measValue>
        </measInfo>
        <measInfo measInfoId="50331649">
            <granPeriod duration="PT3600S" endTime="2021-08-19T12:00:00+08:00"/>
            <repPeriod duration="PT3600S"/>
            <measTypes>50332578 50332579 50332580 50332581 50342578 50342579 50342580 50342581 </measTypes>
            <measValue measObjLdn="MMLG9126HUNB001/NodeBFunction:NodeB Function Name=MMLG9126HUNB001">
                <measResults>5.707 1.553 3.825 54.771 8.8 3.4 7.6 76 </measResults>
            </measValue>
        </measInfo>
        <measInfo measInfoId="50331654">
            <granPeriod duration="PT3600S" endTime="2021-08-19T12:00:00+08:00"/>
            <repPeriod duration="PT3600S"/>
            <measTypes>50332565 50332566 50332633 50332635 </measTypes>
            <measValue measObjLdn="MMLG9126HUNB001/NodeBFunction:NodeB Function Name=MMLG9126HUNB001">
                <measResults>3072 1792 0 0 </measResults>
            </measValue>
        </measInfo>
        <measInfo measInfoId="50331664">
            <granPeriod duration="PT3600S" endTime="2021-08-19T12:00:00+08:00"/>
            <repPeriod duration="PT3600S"/>
            <measTypes>50332572 50332585 50332587 50332588 50332589 50332590 50332617 50332618 50332625 </measTypes>
            <measValue measObjLdn="MMLG9126HUNB001/NodeBFunction:NodeB Function Name=MMLG9126HUNB001">
                <measResults>1 0 26 26 0 15 0 0 3 </measResults>
            </measValue>
        </measInfo>
        <measInfo measInfoId="50331666">
            <granPeriod duration="PT3600S" endTime="2021-08-19T12:00:00+08:00"/>
            <repPeriod duration="PT3600S"/>
            <measTypes>50332567 50332568 50332569 50332570 50332571 </measTypes>
            <measValue measObjLdn="MMLG9126HUNB001/NodeBFunction:NodeB Function Name=MMLG9126HUNB001">
                <measResults>0 0 0 0 0 </measResults>
            </measValue>
        </measInfo>
        <measInfo measInfoId="50331681">
            <granPeriod duration="PT3600S" endTime="2021-08-19T12:00:00+08:00"/>
            <repPeriod duration="PT3600S"/>
            <measTypes>50342640 50342641 50342642 50342643 50342644 50342645 50342646 50342647 </measTypes>
            <measValue measObjLdn="MMLG9126HUNB001/NodeBFunction:NodeB Function Name=MMLG9126HUNB001">
                <measResults>10606029 14268209 888872813 4552539182 4259545 1975272 20400565 10116753 </measResults>
            </measValue>
        </measInfo>
        <measInfo measInfoId="50331652">
            <granPeriod duration="PT3600S" endTime="2021-08-19T12:00:00+08:00"/>
            <repPeriod duration="PT3600S"/>
            <measTypes>50332555 50332556 50332557 50332558 50332559 50332560 50332561 50332562 50332563 50332564 50332593 50332594 50342555 50342556 50342561 50342562 50342563 50342564 50342567 50342568 50342569 50342570 50342571 50342572 50342618 50342619 50342621 50342622 50342624 50342625 50342627 50342628 </measTypes>
            <measValue measObjLdn="MMLG9126HUNB001/NodeBFunction:NodeB Function Name=MMLG9126HUNB001/MocID:2/CnOperator:-1">
                <measResults>0 0 0 0 4176 3552 106.135 51.546 0 47.418 0 0 0 0 151 75 0 82 31 74.5 28 0 0 0 0 0 0 0 0 0 0 0 </measResults>
            </measValue>
        </measInfo>
        <measInfo measInfoId="50331667">
            <granPeriod duration="PT3600S" endTime="2021-08-19T12:00:00+08:00"/>
            <repPeriod duration="PT3600S"/>
            <measTypes>50332591 50332592 50332595 50332596 50332597 </measTypes>
            <measValue measObjLdn="MMLG9126HUNB001/NodeBFunction:NodeB Function Name=MMLG9126HUNB001/MocID:2/CnOperator:-1">
                <measResults>0 0 0 0 0 </measResults>
            </measValue>
        </measInfo>
        <measInfo measInfoId="50331668">
            <granPeriod duration="PT3600S" endTime="2021-08-19T12:00:00+08:00"/>
            <repPeriod duration="PT3600S"/>
            <measTypes>50332348 50332349 </measTypes>
            <measValue measObjLdn="MMLG9126HUNB001/LOCELL_SECTOREQM:NodeB Function Name=MMLG9126HUNB001, Local Cell ID=10851, Sector Equipment ID=0">
                <measResults>0 0 </measResults>
            </measValue>
            <measValue measObjLdn="MMLG9126HUNB001/LOCELL_SECTOREQM:NodeB Function Name=MMLG9126HUNB001, Local Cell ID=10852, Sector Equipment ID=1">
                <measResults>0 0 </measResults>
            </measValue>
            <measValue measObjLdn="MMLG9126HUNB001/LOCELL_SECTOREQM:NodeB Function Name=MMLG9126HUNB001, Local Cell ID=10853, Sector Equipment ID=2">
                <measResults>0 0 </measResults>
            </measValue>
            <measValue measObjLdn="MMLG9126HUNB001/LOCELL_SECTOREQM:NodeB Function Name=MMLG9126HUNB001, Local Cell ID=50851, Sector Equipment ID=6">
                <measResults>0 0 </measResults>
            </measValue>
            <measValue measObjLdn="MMLG9126HUNB001/LOCELL_SECTOREQM:NodeB Function Name=MMLG9126HUNB001, Local Cell ID=50852, Sector Equipment ID=7">
                <measResults>0 0 </measResults>
            </measValue>
            <measValue measObjLdn="MMLG9126HUNB001/LOCELL_SECTOREQM:NodeB Function Name=MMLG9126HUNB001, Local Cell ID=50853, Sector Equipment ID=8">
                <measResults>0 0 </measResults>
            </measValue>
            <measValue measObjLdn="MMLG9126HUNB001/LOCELL_SECTOREQM:NodeB Function Name=MMLG9126HUNB001, Local Cell ID=60851, Sector Equipment ID=10">
                <measResults>0 0 </measResults>
            </measValue>
            <measValue measObjLdn="MMLG9126HUNB001/LOCELL_SECTOREQM:NodeB Function Name=MMLG9126HUNB001, Local Cell ID=60852, Sector Equipment ID=11">
                <measResults>0 0 </measResults>
            </measValue>
            <measValue measObjLdn="MMLG9126HUNB001/LOCELL_SECTOREQM:NodeB Function Name=MMLG9126HUNB001, Local Cell ID=60853, Sector Equipment ID=12">
                <measResults>0 0 </measResults>
            </measValue>
        </measInfo>
        <measInfo measInfoId="50331669">
            <granPeriod duration="PT3600S" endTime="2021-08-19T12:00:00+08:00"/>
            <repPeriod duration="PT3600S"/>
            <measTypes>50332350 50332351 50332352 50332353 </measTypes>
            <measValue measObjLdn="MMLG9126HUNB001/LOCELL_SECTOREQM:NodeB Function Name=MMLG9126HUNB001, Local Cell ID=10851, Sector Equipment ID=0">
                <measResults>4506 7 4418 4418 </measResults>
            </measValue>
            <measValue measObjLdn="MMLG9126HUNB001/LOCELL_SECTOREQM:NodeB Function Name=MMLG9126HUNB001, Local Cell ID=10852, Sector Equipment ID=1">
                <measResults>18665 0 18536 18540 </measResults>
            </measValue>
            <measValue measObjLdn="MMLG9126HUNB001/LOCELL_SECTOREQM:NodeB Function Name=MMLG9126HUNB001, Local Cell ID=10853, Sector Equipment ID=2">
                <measResults>22315 28 22020 22058 </measResults>
            </measValue>
            <measValue measObjLdn="MMLG9126HUNB001/LOCELL_SECTOREQM:NodeB Function Name=MMLG9126HUNB001, Local Cell ID=50851, Sector Equipment ID=6">
                <measResults>15004 21 14694 14710 </measResults>
            </measValue>
            <measValue measObjLdn="MMLG9126HUNB001/LOCELL_SECTOREQM:NodeB Function Name=MMLG9126HUNB001, Local Cell ID=50852, Sector Equipment ID=7">
                <measResults>16792 2 16548 16554 </measResults>
            </measValue>
            <measValue measObjLdn="MMLG9126HUNB001/LOCELL_SECTOREQM:NodeB Function Name=MMLG9126HUNB001, Local Cell ID=50853, Sector Equipment ID=8">
                <measResults>27224 105 26186 26249 </measResults>
            </measValue>
            <measValue measObjLdn="MMLG9126HUNB001/LOCELL_SECTOREQM:NodeB Function Name=MMLG9126HUNB001, Local Cell ID=60851, Sector Equipment ID=10">
                <measResults>9769 4 9255 9295 </measResults>
            </measValue>
            <measValue measObjLdn="MMLG9126HUNB001/LOCELL_SECTOREQM:NodeB Function Name=MMLG9126HUNB001, Local Cell ID=60852, Sector Equipment ID=11">
                <measResults>21369 16 20770 20796 </measResults>
            </measValue>
            <measValue measObjLdn="MMLG9126HUNB001/LOCELL_SECTOREQM:NodeB Function Name=MMLG9126HUNB001, Local Cell ID=60853, Sector Equipment ID=12">
                <measResults>25466 19 24312 24493 </measResults>
            </measValue>
        </measInfo>
        <measInfo measInfoId="50331670">
            <granPeriod duration="PT3600S" endTime="2021-08-19T12:00:00+08:00"/>
            <repPeriod duration="PT3600S"/>
            <measTypes>50332354 50332355 </measTypes>
            <measValue measObjLdn="MMLG9126HUNB001/LOCELL_SECTOREQM:NodeB Function Name=MMLG9126HUNB001, Local Cell ID=10851, Sector Equipment ID=0">
                <measResults>0 0 </measResults>
            </measValue>
            <measValue measObjLdn="MMLG9126HUNB001/LOCELL_SECTOREQM:NodeB Function Name=MMLG9126HUNB001, Local Cell ID=10852, Sector Equipment ID=1">
                <measResults>0 0 </measResults>
            </measValue>
            <measValue measObjLdn="MMLG9126HUNB001/LOCELL_SECTOREQM:NodeB Function Name=MMLG9126HUNB001, Local Cell ID=10853, Sector Equipment ID=2">
                <measResults>0 0 </measResults>
            </measValue>
            <measValue measObjLdn="MMLG9126HUNB001/LOCELL_SECTOREQM:NodeB Function Name=MMLG9126HUNB001, Local Cell ID=50851, Sector Equipment ID=6">
                <measResults>0 0 </measResults>
            </measValue>
            <measValue measObjLdn="MMLG9126HUNB001/LOCELL_SECTOREQM:NodeB Function Name=MMLG9126HUNB001, Local Cell ID=50852, Sector Equipment ID=7">
                <measResults>0 0 </measResults>
            </measValue>
            <measValue measObjLdn="MMLG9126HUNB001/LOCELL_SECTOREQM:NodeB Function Name=MMLG9126HUNB001, Local Cell ID=50853, Sector Equipment ID=8">
                <measResults>0 0 </measResults>
            </measValue>
            <measValue measObjLdn="MMLG9126HUNB001/LOCELL_SECTOREQM:NodeB Function Name=MMLG9126HUNB001, Local Cell ID=60851, Sector Equipment ID=10">
                <measResults>0 0 </measResults>
            </measValue>
            <measValue measObjLdn="MMLG9126HUNB001/LOCELL_SECTOREQM:NodeB Function Name=MMLG9126HUNB001, Local Cell ID=60852, Sector Equipment ID=11">
                <measResults>0 0 </measResults>
            </measValue>
            <measValue measObjLdn="MMLG9126HUNB001/LOCELL_SECTOREQM:NodeB Function Name=MMLG9126HUNB001, Local Cell ID=60853, Sector Equipment ID=12">
                <measResults>0 0 </measResults>
            </measValue>
        </measInfo>
        <measInfo measInfoId="50331672">
            <granPeriod duration="PT3600S" endTime="2021-08-19T12:00:00+08:00"/>
            <repPeriod duration="PT3600S"/>
            <measTypes>50342590 50342591 50342592 50342593 50342594 50342595 50342596 50342597 </measTypes>
            <measValue measObjLdn="MMLG9126HUNB001/LOCELL_SECTOREQM:NodeB Function Name=MMLG9126HUNB001, Local Cell ID=10851, Sector Equipment ID=0">
                <measResults>-104.172 -103.376 -102.721 -101.78 -104.8 -104.2 -103.5 -102.6 </measResults>
            </measValue>
            <measValue measObjLdn="MMLG9126HUNB001/LOCELL_SECTOREQM:NodeB Function Name=MMLG9126HUNB001, Local Cell ID=10852, Sector Equipment ID=1">
                <measResults>-101.835 -101.44 -101.163 -101.622 -103.1 -102.4 -102.2 -102.7 </measResults>
            </measValue>
            <measValue measObjLdn="MMLG9126HUNB001/LOCELL_SECTOREQM:NodeB Function Name=MMLG9126HUNB001, Local Cell ID=10853, Sector Equipment ID=2">
                <measResults>-99.913 -95.797 -99.826 -101.612 -101.3 -97.2 -101.2 -102.9 </measResults>
            </measValue>
            <measValue measObjLdn="MMLG9126HUNB001/LOCELL_SECTOREQM:NodeB Function Name=MMLG9126HUNB001, Local Cell ID=50851, Sector Equipment ID=6">
                <measResults>-93.786 -91.997 NIL NIL -96 -93.8 NIL NIL </measResults>
            </measValue>
            <measValue measObjLdn="MMLG9126HUNB001/LOCELL_SECTOREQM:NodeB Function Name=MMLG9126HUNB001, Local Cell ID=50852, Sector Equipment ID=7">
                <measResults>-90.721 -88.647 NIL NIL -91.9 -90.2 NIL NIL </measResults>
            </measValue>
            <measValue measObjLdn="MMLG9126HUNB001/LOCELL_SECTOREQM:NodeB Function Name=MMLG9126HUNB001, Local Cell ID=50853, Sector Equipment ID=8">
                <measResults>-85.958 -87.613 NIL NIL -89.6 -89.3 NIL NIL </measResults>
            </measValue>
            <measValue measObjLdn="MMLG9126HUNB001/LOCELL_SECTOREQM:NodeB Function Name=MMLG9126HUNB001, Local Cell ID=60851, Sector Equipment ID=10">
                <measResults>-89.27 -86.346 NIL NIL -90.9 -88.3 NIL NIL </measResults>
            </measValue>
            <measValue measObjLdn="MMLG9126HUNB001/LOCELL_SECTOREQM:NodeB Function Name=MMLG9126HUNB001, Local Cell ID=60852, Sector Equipment ID=11">
                <measResults>-83.259 -82.549 NIL NIL -84.4 -83.6 NIL NIL </measResults>
            </measValue>
            <measValue measObjLdn="MMLG9126HUNB001/LOCELL_SECTOREQM:NodeB Function Name=MMLG9126HUNB001, Local Cell ID=60853, Sector Equipment ID=12">
                <measResults>-77.716 -78.807 NIL NIL -78.8 -79.9 NIL NIL </measResults>
            </measValue>
        </measInfo>
        <measInfo measInfoId="50331682">
            <granPeriod duration="PT3600S" endTime="2021-08-19T12:00:00+08:00"/>
            <repPeriod duration="PT3600S"/>
            <measTypes>50332602 50332603 50332615 50332616 </measTypes>
            <measValue measObjLdn="MMLG9126HUNB001/LOCELL_SECTOREQM:NodeB Function Name=MMLG9126HUNB001, Local Cell ID=10851, Sector Equipment ID=0">
                <measResults>198 196 206 196 </measResults>
            </measValue>
            <measValue measObjLdn="MMLG9126HUNB001/LOCELL_SECTOREQM:NodeB Function Name=MMLG9126HUNB001, Local Cell ID=10852, Sector Equipment ID=1">
                <measResults>187 223 204 195 </measResults>
            </measValue>
            <measValue measObjLdn="MMLG9126HUNB001/LOCELL_SECTOREQM:NodeB Function Name=MMLG9126HUNB001, Local Cell ID=10853, Sector Equipment ID=2">
                <measResults>260 269 210 225 </measResults>
            </measValue>
            <measValue measObjLdn="MMLG9126HUNB001/LOCELL_SECTOREQM:NodeB Function Name=MMLG9126HUNB001, Local Cell ID=50851, Sector Equipment ID=6">
                <measResults>880 766 NIL NIL </measResults>
            </measValue>
            <measValue measObjLdn="MMLG9126HUNB001/LOCELL_SECTOREQM:NodeB Function Name=MMLG9126HUNB001, Local Cell ID=50852, Sector Equipment ID=7">
                <measResults>410 418 NIL NIL </measResults>
            </measValue>
            <measValue measObjLdn="MMLG9126HUNB001/LOCELL_SECTOREQM:NodeB Function Name=MMLG9126HUNB001, Local Cell ID=50853, Sector Equipment ID=8">
                <measResults>NIL NIL NIL NIL </measResults>
            </measValue>
            <measValue measObjLdn="MMLG9126HUNB001/LOCELL_SECTOREQM:NodeB Function Name=MMLG9126HUNB001, Local Cell ID=60851, Sector Equipment ID=10">
                <measResults>885 751 NIL NIL </measResults>
            </measValue>
            <measValue measObjLdn="MMLG9126HUNB001/LOCELL_SECTOREQM:NodeB Function Name=MMLG9126HUNB001, Local Cell ID=60852, Sector Equipment ID=11">
                <measResults>976 987 NIL NIL </measResults>
            </measValue>
            <measValue measObjLdn="MMLG9126HUNB001/LOCELL_SECTOREQM:NodeB Function Name=MMLG9126HUNB001, Local Cell ID=60853, Sector Equipment ID=12">
                <measResults>NIL NIL NIL NIL </measResults>
            </measValue>
        </measInfo>
    </measData>
    <fileFooter>
        <measCollec endTime="2021-08-19T12:00:00+08:00"/>
    </fileFooter>
</measCollecFile>
