<?xml version="1.0" encoding="UTF-8"?>
<measCollecFile xmlns="http://www.3gpp.org/ftp/specs/archive/32_series/32.435#measCollec">
<fileHeader fileFormatVersion="32.435 V10.0" vendorName="Nokia Networks">
<fileSender elementType="HSSCALLP"/>
<measCollec beginTime="2021-08-21T22:30:00+08:00"/>
</fileHeader>
<measData>
<managedElement/>
<measInfo measInfoId="NETWORK">
<granPeriod duration="PT900S" endTime="2021-08-21T22:45:00+08:00"/>
<repPeriod duration="PT900S"/>
<measTypes>bytesReceived packetsReceived bytesTransmitted badPacketsReceived packetsTransmitted transmitErrors</measTypes>
<measValue measObjLdn="PLMN-PLMN/IMSNFM-MKT-VHSS/HSS-HSSDN_NHSSMKT5_DU/HSSCALLP-03/BRM-HSSCALLP-03/NET-eth0">
<measResults>16311262107 16311262107 2617524342303 0 2617524342303 0</measResults>
</measValue>
</measInfo>
<measInfo measInfoId="NETWORK">
<granPeriod duration="PT900S" endTime="2021-08-21T22:45:00+08:00"/>
<repPeriod duration="PT900S"/>
<measTypes>bytesReceived packetsReceived bytesTransmitted badPacketsReceived packetsTransmitted transmitErrors</measTypes>
<measValue measObjLdn="PLMN-PLMN/IMSNFM-MKT-VHSS/HSS-HSSDN_NHSSMKT5_DU/HSSCALLP-03/BRM-HSSCALLP-03/NET-lo">
<measResults>16311262107 16311262107 2617524342303 0 2617524342303 0</measResults>
</measValue>
</measInfo>
<measInfo measInfoId="NETWORK">
<granPeriod duration="PT900S" endTime="2021-08-21T22:45:00+08:00"/>
<repPeriod duration="PT900S"/>
<measTypes>bytesReceived packetsReceived bytesTransmitted badPacketsReceived packetsTransmitted transmitErrors</measTypes>
<measValue measObjLdn="PLMN-PLMN/IMSNFM-MKT-VHSS/HSS-HSSDN_NHSSMKT5_DU/HSSCALLP-03/BRM-HSSCALLP-03/NET-eth2">
<measResults>16311262107 16311262107 2617524342303 0 2617524342303 0</measResults>
</measValue>
</measInfo>
<measInfo measInfoId="NETWORK">
<granPeriod duration="PT900S" endTime="2021-08-21T22:45:00+08:00"/>
<repPeriod duration="PT900S"/>
<measTypes>bytesReceived packetsReceived bytesTransmitted badPacketsReceived packetsTransmitted transmitErrors</measTypes>
<measValue measObjLdn="PLMN-PLMN/IMSNFM-MKT-VHSS/HSS-HSSDN_NHSSMKT5_DU/HSSCALLP-03/BRM-HSSCALLP-03/NET-eth1">
<measResults>16311262107 16311262107 2617524342303 0 2617524342303 0</measResults>
</measValue>
</measInfo>
<measInfo measInfoId="AGGREGAT">
<granPeriod duration="PT900S" endTime="2021-08-21T22:45:00+08:00"/>
<repPeriod duration="PT900S"/>
<measTypes>sysUptime swapFree memFree sysAvailability swapUsed cpuPercentageOverValue cpuAverageLoad cpuPeakLoad memUsed</measTypes>
<measValue measObjLdn="PLMN-PLMN/IMSNFM-MKT-VHSS/HSS-HSSDN_NHSSMKT5_DU/HSSCALLP-03/BRM-1">
<measResults>61855572 4194300 14641812 0 4194300 0 29.6667 15 18138700</measResults>
</measValue>
</measInfo>
<measInfo measInfoId="DBSpace">
<granPeriod duration="PT900S" endTime="2021-08-21T22:45:00+08:00"/>
<repPeriod duration="PT900S"/>
<measTypes>DbSpaceUsed DbSpaceAvailable</measTypes>
<measValue measObjLdn="PLMN-PLMN/IMSNFM-MKT-VHSS/HSS-HSSDN_NHSSMKT5_DU/HSSCALLP-03/BRM-HSSCALLP-03/DBSpace-1">
<measResults>13800 20144</measResults>
</measValue>
</measInfo>
<measInfo measInfoId="CPU">
<granPeriod duration="PT900S" endTime="2021-08-21T22:45:00+08:00"/>
<repPeriod duration="PT900S"/>
<measTypes>cpuLoad cpuUsed</measTypes>
<measValue measObjLdn="PLMN-PLMN/IMSNFM-MKT-VHSS/HSS-HSSDN_NHSSMKT5_DU/HSSCALLP-03/BRM-HSSCALLP-03/CPU-cpu6">
<measResults>7.2811 10.3052</measResults>
</measValue>
</measInfo>
<measInfo measInfoId="CPU">
<granPeriod duration="PT900S" endTime="2021-08-21T22:45:00+08:00"/>
<repPeriod duration="PT900S"/>
<measTypes>cpuLoad cpuUsed</measTypes>
<measValue measObjLdn="PLMN-PLMN/IMSNFM-MKT-VHSS/HSS-HSSDN_NHSSMKT5_DU/HSSCALLP-03/BRM-HSSCALLP-03/CPU-cpu7">
<measResults>9.5771 17.0317</measResults>
</measValue>
</measInfo>
<measInfo measInfoId="CPU">
<granPeriod duration="PT900S" endTime="2021-08-21T22:45:00+08:00"/>
<repPeriod duration="PT900S"/>
<measTypes>cpuLoad cpuUsed</measTypes>
<measValue measObjLdn="PLMN-PLMN/IMSNFM-MKT-VHSS/HSS-HSSDN_NHSSMKT5_DU/HSSCALLP-03/BRM-HSSCALLP-03/CPU-cpu4">
<measResults>7.4169 13.2949</measResults>
</measValue>
</measInfo>
<measInfo measInfoId="CPU">
<granPeriod duration="PT900S" endTime="2021-08-21T22:45:00+08:00"/>
<repPeriod duration="PT900S"/>
<measTypes>cpuLoad cpuUsed</measTypes>
<measValue measObjLdn="PLMN-PLMN/IMSNFM-MKT-VHSS/HSS-HSSDN_NHSSMKT5_DU/HSSCALLP-03/BRM-HSSCALLP-03/CPU-cpu5">
<measResults>8.1062 21.4176</measResults>
</measValue>
</measInfo>
<measInfo measInfoId="CPU">
<granPeriod duration="PT900S" endTime="2021-08-21T22:45:00+08:00"/>
<repPeriod duration="PT900S"/>
<measTypes>cpuLoad cpuUsed</measTypes>
<measValue measObjLdn="PLMN-PLMN/IMSNFM-MKT-VHSS/HSS-HSSDN_NHSSMKT5_DU/HSSCALLP-03/BRM-HSSCALLP-03/CPU-cpu2">
<measResults>8.3173 11.1641</measResults>
</measValue>
</measInfo>
<measInfo measInfoId="CPU">
<granPeriod duration="PT900S" endTime="2021-08-21T22:45:00+08:00"/>
<repPeriod duration="PT900S"/>
<measTypes>cpuLoad cpuUsed</measTypes>
<measValue measObjLdn="PLMN-PLMN/IMSNFM-MKT-VHSS/HSS-HSSDN_NHSSMKT5_DU/HSSCALLP-03/BRM-HSSCALLP-03/CPU-cpu3">
<measResults>7.5498 15.3585</measResults>
</measValue>
</measInfo>
<measInfo measInfoId="CPU">
<granPeriod duration="PT900S" endTime="2021-08-21T22:45:00+08:00"/>
<repPeriod duration="PT900S"/>
<measTypes>cpuLoad cpuUsed</measTypes>
<measValue measObjLdn="PLMN-PLMN/IMSNFM-MKT-VHSS/HSS-HSSDN_NHSSMKT5_DU/HSSCALLP-03/BRM-HSSCALLP-03/CPU-cpu0">
<measResults>7.504 19.5159</measResults>
</measValue>
</measInfo>
<measInfo measInfoId="CPU">
<granPeriod duration="PT900S" endTime="2021-08-21T22:45:00+08:00"/>
<repPeriod duration="PT900S"/>
<measTypes>cpuLoad cpuUsed</measTypes>
<measValue measObjLdn="PLMN-PLMN/IMSNFM-MKT-VHSS/HSS-HSSDN_NHSSMKT5_DU/HSSCALLP-03/BRM-HSSCALLP-03/CPU-cpu1">
<measResults>8.0054 14.1511</measResults>
</measValue>
</measInfo>
<measInfo measInfoId="CPU">
<granPeriod duration="PT900S" endTime="2021-08-21T22:45:00+08:00"/>
<repPeriod duration="PT900S"/>
<measTypes>cpuLoad cpuUsed</measTypes>
<measValue measObjLdn="PLMN-PLMN/IMSNFM-MKT-VHSS/HSS-HSSDN_NHSSMKT5_DU/HSSCALLP-03/BRM-HSSCALLP-03/CPU-cpu">
<measResults>7.9679 15.2864</measResults>
</measValue>
</measInfo>
<measInfo measInfoId="VCPU">
<granPeriod duration="PT900S" endTime="2021-08-21T22:45:00+08:00"/>
<repPeriod duration="PT900S"/>
<measTypes>vCPUs</measTypes>
<measValue measObjLdn="PLMN-PLMN/IMSNFM-MKT-VHSS/HSS-HSSDN_NHSSMKT5_DU/HSSCALLP-03/BRM-HSSCALLP-03/VCPU-1">
<measResults>8</measResults>
</measValue>
</measInfo>
<measInfo measInfoId="DISK">
<granPeriod duration="PT900S" endTime="2021-08-21T22:45:00+08:00"/>
<repPeriod duration="PT900S"/>
<measTypes>bytesReceivedDisk bytesTransmittedDisk</measTypes>
<measValue measObjLdn="PLMN-PLMN/IMSNFM-MKT-VHSS/HSS-HSSDN_NHSSMKT5_DU/HSSCALLP-03/BRM-HSSCALLP-03/DISK-0">
<measResults>4322332 12312880516</measResults>
</measValue>
</measInfo>
<measInfo measInfoId="FS">
<granPeriod duration="PT900S" endTime="2021-08-21T22:45:00+08:00"/>
<repPeriod duration="PT900S"/>
<measTypes>fsUsed</measTypes>
<measValue measObjLdn="PLMN-PLMN/IMSNFM-MKT-VHSS/HSS-HSSDN_NHSSMKT5_DU/HSSCALLP-03/BRM-HSSCALLP-03/FS-_dev_mapper_vg00_root">
<measResults>0</measResults>
</measValue>
</measInfo>
<measInfo measInfoId="FS">
<granPeriod duration="PT900S" endTime="2021-08-21T22:45:00+08:00"/>
<repPeriod duration="PT900S"/>
<measTypes>fsUsed</measTypes>
<measValue measObjLdn="PLMN-PLMN/IMSNFM-MKT-VHSS/HSS-HSSDN_NHSSMKT5_DU/HSSCALLP-03/BRM-HSSCALLP-03/FS-_dev_mapper_vg00_Charging">
<measResults>0</measResults>
</measValue>
</measInfo>
<measInfo measInfoId="FS">
<granPeriod duration="PT900S" endTime="2021-08-21T22:45:00+08:00"/>
<repPeriod duration="PT900S"/>
<measTypes>fsUsed</measTypes>
<measValue measObjLdn="PLMN-PLMN/IMSNFM-MKT-VHSS/HSS-HSSDN_NHSSMKT5_DU/HSSCALLP-03/BRM-HSSCALLP-03/FS-tmpfs">
<measResults>0</measResults>
</measValue>
</measInfo>
<measInfo measInfoId="FS">
<granPeriod duration="PT900S" endTime="2021-08-21T22:45:00+08:00"/>
<repPeriod duration="PT900S"/>
<measTypes>fsUsed</measTypes>
<measValue measObjLdn="PLMN-PLMN/IMSNFM-MKT-VHSS/HSS-HSSDN_NHSSMKT5_DU/HSSCALLP-03/BRM-HSSCALLP-03/FS-_dev_mapper_vg00_TspCore">
<measResults>0</measResults>
</measValue>
</measInfo>
<measInfo measInfoId="FS">
<granPeriod duration="PT900S" endTime="2021-08-21T22:45:00+08:00"/>
<repPeriod duration="PT900S"/>
<measTypes>fsUsed</measTypes>
<measValue measObjLdn="PLMN-PLMN/IMSNFM-MKT-VHSS/HSS-HSSDN_NHSSMKT5_DU/HSSCALLP-03/BRM-HSSCALLP-03/FS-_dev_mapper_vg00_appDb">
<measResults>0</measResults>
</measValue>
</measInfo>
<measInfo measInfoId="FS">
<granPeriod duration="PT900S" endTime="2021-08-21T22:45:00+08:00"/>
<repPeriod duration="PT900S"/>
<measTypes>fsUsed</measTypes>
<measValue measObjLdn="PLMN-PLMN/IMSNFM-MKT-VHSS/HSS-HSSDN_NHSSMKT5_DU/HSSCALLP-03/BRM-HSSCALLP-03/FS-_dev_mapper_vg00_dump">
<measResults>0</measResults>
</measValue>
</measInfo>
<measInfo measInfoId="FS">
<granPeriod duration="PT900S" endTime="2021-08-21T22:45:00+08:00"/>
<repPeriod duration="PT900S"/>
<measTypes>fsUsed</measTypes>
<measValue measObjLdn="PLMN-PLMN/IMSNFM-MKT-VHSS/HSS-HSSDN_NHSSMKT5_DU/HSSCALLP-03/BRM-HSSCALLP-03/FS-_dev_vda1">
<measResults>0</measResults>
</measValue>
</measInfo>
<measInfo measInfoId="FS">
<granPeriod duration="PT900S" endTime="2021-08-21T22:45:00+08:00"/>
<repPeriod duration="PT900S"/>
<measTypes>fsUsed</measTypes>
<measValue measObjLdn="PLMN-PLMN/IMSNFM-MKT-VHSS/HSS-HSSDN_NHSSMKT5_DU/HSSCALLP-03/BRM-HSSCALLP-03/FS-_dev_mapper_vg00_tmp">
<measResults>0</measResults>
</measValue>
</measInfo>
<measInfo measInfoId="FS">
<granPeriod duration="PT900S" endTime="2021-08-21T22:45:00+08:00"/>
<repPeriod duration="PT900S"/>
<measTypes>fsUsed</measTypes>
<measValue measObjLdn="PLMN-PLMN/IMSNFM-MKT-VHSS/HSS-HSSDN_NHSSMKT5_DU/HSSCALLP-03/BRM-HSSCALLP-03/FS-_dev_mapper_vg00_var">
<measResults>0</measResults>
</measValue>
</measInfo>
<measInfo measInfoId="FS">
<granPeriod duration="PT900S" endTime="2021-08-21T22:45:00+08:00"/>
<repPeriod duration="PT900S"/>
<measTypes>fsUsed</measTypes>
<measValue measObjLdn="PLMN-PLMN/IMSNFM-MKT-VHSS/HSS-HSSDN_NHSSMKT5_DU/HSSCALLP-03/BRM-HSSCALLP-03/FS-_dev_mapper_vg00_tspdb">
<measResults>0</measResults>
</measValue>
</measInfo>
<measInfo measInfoId="FS">
<granPeriod duration="PT900S" endTime="2021-08-21T22:45:00+08:00"/>
<repPeriod duration="PT900S"/>
<measTypes>fsUsed</measTypes>
<measValue measObjLdn="PLMN-PLMN/IMSNFM-MKT-VHSS/HSS-HSSDN_NHSSMKT5_DU/HSSCALLP-03/BRM-HSSCALLP-03/FS-_dev_mapper_vg00_home">
<measResults>0</measResults>
</measValue>
</measInfo>
<measInfo measInfoId="NETWORK">
<granPeriod duration="PT900S" endTime="2021-08-21T22:45:00+08:00"/>
<repPeriod duration="PT900S"/>
<measTypes>bytesReceived packetsReceived bytesTransmitted badPacketsReceived packetsTransmitted transmitErrors</measTypes>
<measValue measObjLdn="PLMN-PLMN/IMSNFM-MKT-VHSS/HSS-HSSDN_NHSSMKT5_DU/HSSCALLP-04/BRM-HSSCALLP-04/NET-eth0">
<measResults>257951627 257951627 36417451956 0 36417451956 0</measResults>
</measValue>
</measInfo>
<measInfo measInfoId="NETWORK">
<granPeriod duration="PT900S" endTime="2021-08-21T22:45:00+08:00"/>
<repPeriod duration="PT900S"/>
<measTypes>bytesReceived packetsReceived bytesTransmitted badPacketsReceived packetsTransmitted transmitErrors</measTypes>
<measValue measObjLdn="PLMN-PLMN/IMSNFM-MKT-VHSS/HSS-HSSDN_NHSSMKT5_DU/HSSCALLP-04/BRM-HSSCALLP-04/NET-lo">
<measResults>257951627 257951627 36417451956 0 36417451956 0</measResults>
</measValue>
</measInfo>
<measInfo measInfoId="NETWORK">
<granPeriod duration="PT900S" endTime="2021-08-21T22:45:00+08:00"/>
<repPeriod duration="PT900S"/>
<measTypes>bytesReceived packetsReceived bytesTransmitted badPacketsReceived packetsTransmitted transmitErrors</measTypes>
<measValue measObjLdn="PLMN-PLMN/IMSNFM-MKT-VHSS/HSS-HSSDN_NHSSMKT5_DU/HSSCALLP-04/BRM-HSSCALLP-04/NET-eth2">
<measResults>257951627 257951627 36417451956 0 36417451956 0</measResults>
</measValue>
</measInfo>
<measInfo measInfoId="NETWORK">
<granPeriod duration="PT900S" endTime="2021-08-21T22:45:00+08:00"/>
<repPeriod duration="PT900S"/>
<measTypes>bytesReceived packetsReceived bytesTransmitted badPacketsReceived packetsTransmitted transmitErrors</measTypes>
<measValue measObjLdn="PLMN-PLMN/IMSNFM-MKT-VHSS/HSS-HSSDN_NHSSMKT5_DU/HSSCALLP-04/BRM-HSSCALLP-04/NET-eth1">
<measResults>257951627 257951627 36417451956 0 36417451956 0</measResults>
</measValue>
</measInfo>
<measInfo measInfoId="AGGREGAT">
<granPeriod duration="PT900S" endTime="2021-08-21T22:45:00+08:00"/>
<repPeriod duration="PT900S"/>
<measTypes>sysUptime swapFree memFree sysAvailability swapUsed cpuPercentageOverValue cpuAverageLoad cpuPeakLoad memUsed</measTypes>
<measValue measObjLdn="PLMN-PLMN/IMSNFM-MKT-VHSS/HSS-HSSDN_NHSSMKT5_DU/HSSCALLP-04/BRM-1">
<measResults>961511 4194300 16354544 0 4194300 0 21.3333 11 16426752</measResults>
</measValue>
</measInfo>
<measInfo measInfoId="DBSpace">
<granPeriod duration="PT900S" endTime="2021-08-21T22:45:00+08:00"/>
<repPeriod duration="PT900S"/>
<measTypes>DbSpaceUsed DbSpaceAvailable</measTypes>
<measValue measObjLdn="PLMN-PLMN/IMSNFM-MKT-VHSS/HSS-HSSDN_NHSSMKT5_DU/HSSCALLP-04/BRM-HSSCALLP-04/DBSpace-1">
<measResults>13849 19810</measResults>
</measValue>
</measInfo>
<measInfo measInfoId="CPU">
<granPeriod duration="PT900S" endTime="2021-08-21T22:45:00+08:00"/>
<repPeriod duration="PT900S"/>
<measTypes>cpuLoad cpuUsed</measTypes>
<measValue measObjLdn="PLMN-PLMN/IMSNFM-MKT-VHSS/HSS-HSSDN_NHSSMKT5_DU/HSSCALLP-04/BRM-HSSCALLP-04/CPU-cpu6">
<measResults>8.9195 7.643</measResults>
</measValue>
</measInfo>
<measInfo measInfoId="CPU">
<granPeriod duration="PT900S" endTime="2021-08-21T22:45:00+08:00"/>
<repPeriod duration="PT900S"/>
<measTypes>cpuLoad cpuUsed</measTypes>
<measValue measObjLdn="PLMN-PLMN/IMSNFM-MKT-VHSS/HSS-HSSDN_NHSSMKT5_DU/HSSCALLP-04/BRM-HSSCALLP-04/CPU-cpu7">
<measResults>13.335 11.5954</measResults>
</measValue>
</measInfo>
<measInfo measInfoId="CPU">
<granPeriod duration="PT900S" endTime="2021-08-21T22:45:00+08:00"/>
<repPeriod duration="PT900S"/>
<measTypes>cpuLoad cpuUsed</measTypes>
<measValue measObjLdn="PLMN-PLMN/IMSNFM-MKT-VHSS/HSS-HSSDN_NHSSMKT5_DU/HSSCALLP-04/BRM-HSSCALLP-04/CPU-cpu4">
<measResults>9.002 7.813</measResults>
</measValue>
</measInfo>
<measInfo measInfoId="CPU">
<granPeriod duration="PT900S" endTime="2021-08-21T22:45:00+08:00"/>
<repPeriod duration="PT900S"/>
<measTypes>cpuLoad cpuUsed</measTypes>
<measValue measObjLdn="PLMN-PLMN/IMSNFM-MKT-VHSS/HSS-HSSDN_NHSSMKT5_DU/HSSCALLP-04/BRM-HSSCALLP-04/CPU-cpu5">
<measResults>10.2712 9.7453</measResults>
</measValue>
</measInfo>
<measInfo measInfoId="CPU">
<granPeriod duration="PT900S" endTime="2021-08-21T22:45:00+08:00"/>
<repPeriod duration="PT900S"/>
<measTypes>cpuLoad cpuUsed</measTypes>
<measValue measObjLdn="PLMN-PLMN/IMSNFM-MKT-VHSS/HSS-HSSDN_NHSSMKT5_DU/HSSCALLP-04/BRM-HSSCALLP-04/CPU-cpu2">
<measResults>9.1539 7.7247</measResults>
</measValue>
</measInfo>
<measInfo measInfoId="CPU">
<granPeriod duration="PT900S" endTime="2021-08-21T22:45:00+08:00"/>
<repPeriod duration="PT900S"/>
<measTypes>cpuLoad cpuUsed</measTypes>
<measValue measObjLdn="PLMN-PLMN/IMSNFM-MKT-VHSS/HSS-HSSDN_NHSSMKT5_DU/HSSCALLP-04/BRM-HSSCALLP-04/CPU-cpu3">
<measResults>9.0826 7.8663</measResults>
</measValue>
</measInfo>
<measInfo measInfoId="CPU">
<granPeriod duration="PT900S" endTime="2021-08-21T22:45:00+08:00"/>
<repPeriod duration="PT900S"/>
<measTypes>cpuLoad cpuUsed</measTypes>
<measValue measObjLdn="PLMN-PLMN/IMSNFM-MKT-VHSS/HSS-HSSDN_NHSSMKT5_DU/HSSCALLP-04/BRM-HSSCALLP-04/CPU-cpu0">
<measResults>9.3129 8.2284</measResults>
</measValue>
</measInfo>
<measInfo measInfoId="CPU">
<granPeriod duration="PT900S" endTime="2021-08-21T22:45:00+08:00"/>
<repPeriod duration="PT900S"/>
<measTypes>cpuLoad cpuUsed</measTypes>
<measValue measObjLdn="PLMN-PLMN/IMSNFM-MKT-VHSS/HSS-HSSDN_NHSSMKT5_DU/HSSCALLP-04/BRM-HSSCALLP-04/CPU-cpu1">
<measResults>9.2045 7.9521</measResults>
</measValue>
</measInfo>
<measInfo measInfoId="CPU">
<granPeriod duration="PT900S" endTime="2021-08-21T22:45:00+08:00"/>
<repPeriod duration="PT900S"/>
<measTypes>cpuLoad cpuUsed</measTypes>
<measValue measObjLdn="PLMN-PLMN/IMSNFM-MKT-VHSS/HSS-HSSDN_NHSSMKT5_DU/HSSCALLP-04/BRM-HSSCALLP-04/CPU-cpu">
<measResults>9.7856 8.5748</measResults>
</measValue>
</measInfo>
<measInfo measInfoId="VCPU">
<granPeriod duration="PT900S" endTime="2021-08-21T22:45:00+08:00"/>
<repPeriod duration="PT900S"/>
<measTypes>vCPUs</measTypes>
<measValue measObjLdn="PLMN-PLMN/IMSNFM-MKT-VHSS/HSS-HSSDN_NHSSMKT5_DU/HSSCALLP-04/BRM-HSSCALLP-04/VCPU-1">
<measResults>8</measResults>
</measValue>
</measInfo>
<measInfo measInfoId="DISK">
<granPeriod duration="PT900S" endTime="2021-08-21T22:45:00+08:00"/>
<repPeriod duration="PT900S"/>
<measTypes>bytesReceivedDisk bytesTransmittedDisk</measTypes>
<measValue measObjLdn="PLMN-PLMN/IMSNFM-MKT-VHSS/HSS-HSSDN_NHSSMKT5_DU/HSSCALLP-04/BRM-HSSCALLP-04/DISK-0">
<measResults>5792276 180464912</measResults>
</measValue>
</measInfo>
<measInfo measInfoId="FS">
<granPeriod duration="PT900S" endTime="2021-08-21T22:45:00+08:00"/>
<repPeriod duration="PT900S"/>
<measTypes>fsUsed</measTypes>
<measValue measObjLdn="PLMN-PLMN/IMSNFM-MKT-VHSS/HSS-HSSDN_NHSSMKT5_DU/HSSCALLP-04/BRM-HSSCALLP-04/FS-_dev_mapper_vg00_root">
<measResults>0</measResults>
</measValue>
</measInfo>
<measInfo measInfoId="FS">
<granPeriod duration="PT900S" endTime="2021-08-21T22:45:00+08:00"/>
<repPeriod duration="PT900S"/>
<measTypes>fsUsed</measTypes>
<measValue measObjLdn="PLMN-PLMN/IMSNFM-MKT-VHSS/HSS-HSSDN_NHSSMKT5_DU/HSSCALLP-04/BRM-HSSCALLP-04/FS-_dev_mapper_vg00_Charging">
<measResults>0</measResults>
</measValue>
</measInfo>
<measInfo measInfoId="FS">
<granPeriod duration="PT900S" endTime="2021-08-21T22:45:00+08:00"/>
<repPeriod duration="PT900S"/>
<measTypes>fsUsed</measTypes>
<measValue measObjLdn="PLMN-PLMN/IMSNFM-MKT-VHSS/HSS-HSSDN_NHSSMKT5_DU/HSSCALLP-04/BRM-HSSCALLP-04/FS-tmpfs">
<measResults>0</measResults>
</measValue>
</measInfo>
<measInfo measInfoId="FS">
<granPeriod duration="PT900S" endTime="2021-08-21T22:45:00+08:00"/>
<repPeriod duration="PT900S"/>
<measTypes>fsUsed</measTypes>
<measValue measObjLdn="PLMN-PLMN/IMSNFM-MKT-VHSS/HSS-HSSDN_NHSSMKT5_DU/HSSCALLP-04/BRM-HSSCALLP-04/FS-_dev_mapper_vg00_TspCore">
<measResults>0</measResults>
</measValue>
</measInfo>
<measInfo measInfoId="FS">
<granPeriod duration="PT900S" endTime="2021-08-21T22:45:00+08:00"/>
<repPeriod duration="PT900S"/>
<measTypes>fsUsed</measTypes>
<measValue measObjLdn="PLMN-PLMN/IMSNFM-MKT-VHSS/HSS-HSSDN_NHSSMKT5_DU/HSSCALLP-04/BRM-HSSCALLP-04/FS-_dev_mapper_vg00_appDb">
<measResults>0</measResults>
</measValue>
</measInfo>
<measInfo measInfoId="FS">
<granPeriod duration="PT900S" endTime="2021-08-21T22:45:00+08:00"/>
<repPeriod duration="PT900S"/>
<measTypes>fsUsed</measTypes>
<measValue measObjLdn="PLMN-PLMN/IMSNFM-MKT-VHSS/HSS-HSSDN_NHSSMKT5_DU/HSSCALLP-04/BRM-HSSCALLP-04/FS-_dev_mapper_vg00_dump">
<measResults>0</measResults>
</measValue>
</measInfo>
<measInfo measInfoId="FS">
<granPeriod duration="PT900S" endTime="2021-08-21T22:45:00+08:00"/>
<repPeriod duration="PT900S"/>
<measTypes>fsUsed</measTypes>
<measValue measObjLdn="PLMN-PLMN/IMSNFM-MKT-VHSS/HSS-HSSDN_NHSSMKT5_DU/HSSCALLP-04/BRM-HSSCALLP-04/FS-_dev_vda1">
<measResults>0</measResults>
</measValue>
</measInfo>
<measInfo measInfoId="FS">
<granPeriod duration="PT900S" endTime="2021-08-21T22:45:00+08:00"/>
<repPeriod duration="PT900S"/>
<measTypes>fsUsed</measTypes>
<measValue measObjLdn="PLMN-PLMN/IMSNFM-MKT-VHSS/HSS-HSSDN_NHSSMKT5_DU/HSSCALLP-04/BRM-HSSCALLP-04/FS-_dev_mapper_vg00_tmp">
<measResults>0</measResults>
</measValue>
</measInfo>
<measInfo measInfoId="FS">
<granPeriod duration="PT900S" endTime="2021-08-21T22:45:00+08:00"/>
<repPeriod duration="PT900S"/>
<measTypes>fsUsed</measTypes>
<measValue measObjLdn="PLMN-PLMN/IMSNFM-MKT-VHSS/HSS-HSSDN_NHSSMKT5_DU/HSSCALLP-04/BRM-HSSCALLP-04/FS-_dev_mapper_vg00_var">
<measResults>0</measResults>
</measValue>
</measInfo>
<measInfo measInfoId="FS">
<granPeriod duration="PT900S" endTime="2021-08-21T22:45:00+08:00"/>
<repPeriod duration="PT900S"/>
<measTypes>fsUsed</measTypes>
<measValue measObjLdn="PLMN-PLMN/IMSNFM-MKT-VHSS/HSS-HSSDN_NHSSMKT5_DU/HSSCALLP-04/BRM-HSSCALLP-04/FS-_dev_mapper_vg00_tspdb">
<measResults>0</measResults>
</measValue>
</measInfo>
<measInfo measInfoId="FS">
<granPeriod duration="PT900S" endTime="2021-08-21T22:45:00+08:00"/>
<repPeriod duration="PT900S"/>
<measTypes>fsUsed</measTypes>
<measValue measObjLdn="PLMN-PLMN/IMSNFM-MKT-VHSS/HSS-HSSDN_NHSSMKT5_DU/HSSCALLP-04/BRM-HSSCALLP-04/FS-_dev_mapper_vg00_home">
<measResults>0</measResults>
</measValue>
</measInfo>
<measInfo measInfoId="NETWORK">
<granPeriod duration="PT900S" endTime="2021-08-21T22:45:00+08:00"/>
<repPeriod duration="PT900S"/>
<measTypes>bytesReceived packetsReceived bytesTransmitted badPacketsReceived packetsTransmitted transmitErrors</measTypes>
<measValue measObjLdn="PLMN-PLMN/IMSNFM-MKT-VHSS/HSS-HSSDN_NHSSMKT5_DU/HSSCALLP-01/BRM-HSSCALLP-01/NET-eth0">
<measResults>16306036234 16306036234 2615853130022 0 2615853130022 0</measResults>
</measValue>
</measInfo>
<measInfo measInfoId="NETWORK">
<granPeriod duration="PT900S" endTime="2021-08-21T22:45:00+08:00"/>
<repPeriod duration="PT900S"/>
<measTypes>bytesReceived packetsReceived bytesTransmitted badPacketsReceived packetsTransmitted transmitErrors</measTypes>
<measValue measObjLdn="PLMN-PLMN/IMSNFM-MKT-VHSS/HSS-HSSDN_NHSSMKT5_DU/HSSCALLP-01/BRM-HSSCALLP-01/NET-lo">
<measResults>16306036234 16306036234 2615853130022 0 2615853130022 0</measResults>
</measValue>
</measInfo>
<measInfo measInfoId="NETWORK">
<granPeriod duration="PT900S" endTime="2021-08-21T22:45:00+08:00"/>
<repPeriod duration="PT900S"/>
<measTypes>bytesReceived packetsReceived bytesTransmitted badPacketsReceived packetsTransmitted transmitErrors</measTypes>
<measValue measObjLdn="PLMN-PLMN/IMSNFM-MKT-VHSS/HSS-HSSDN_NHSSMKT5_DU/HSSCALLP-01/BRM-HSSCALLP-01/NET-eth2">
<measResults>16306036234 16306036234 2615853130022 0 2615853130022 0</measResults>
</measValue>
</measInfo>
<measInfo measInfoId="NETWORK">
<granPeriod duration="PT900S" endTime="2021-08-21T22:45:00+08:00"/>
<repPeriod duration="PT900S"/>
<measTypes>bytesReceived packetsReceived bytesTransmitted badPacketsReceived packetsTransmitted transmitErrors</measTypes>
<measValue measObjLdn="PLMN-PLMN/IMSNFM-MKT-VHSS/HSS-HSSDN_NHSSMKT5_DU/HSSCALLP-01/BRM-HSSCALLP-01/NET-eth1">
<measResults>16306036234 16306036234 2615853130022 0 2615853130022 0</measResults>
</measValue>
</measInfo>
<measInfo measInfoId="AGGREGAT">
<granPeriod duration="PT900S" endTime="2021-08-21T22:45:00+08:00"/>
<repPeriod duration="PT900S"/>
<measTypes>sysUptime swapFree memFree sysAvailability swapUsed cpuPercentageOverValue cpuAverageLoad cpuPeakLoad memUsed</measTypes>
<measValue measObjLdn="PLMN-PLMN/IMSNFM-MKT-VHSS/HSS-HSSDN_NHSSMKT5_DU/HSSCALLP-01/BRM-1">
<measResults>61855571 4194300 14956168 0 4194300 0 28 14 17825208</measResults>
</measValue>
</measInfo>
<measInfo measInfoId="DBSpace">
<granPeriod duration="PT900S" endTime="2021-08-21T22:45:00+08:00"/>
<repPeriod duration="PT900S"/>
<measTypes>DbSpaceUsed DbSpaceAvailable</measTypes>
<measValue measObjLdn="PLMN-PLMN/IMSNFM-MKT-VHSS/HSS-HSSDN_NHSSMKT5_DU/HSSCALLP-01/BRM-HSSCALLP-01/DBSpace-1">
<measResults>13849 20144</measResults>
</measValue>
</measInfo>
<measInfo measInfoId="CPU">
<granPeriod duration="PT900S" endTime="2021-08-21T22:45:00+08:00"/>
<repPeriod duration="PT900S"/>
<measTypes>cpuLoad cpuUsed</measTypes>
<measValue measObjLdn="PLMN-PLMN/IMSNFM-MKT-VHSS/HSS-HSSDN_NHSSMKT5_DU/HSSCALLP-01/BRM-HSSCALLP-01/CPU-cpu6">
<measResults>6.6811 13.1699</measResults>
</measValue>
</measInfo>
<measInfo measInfoId="CPU">
<granPeriod duration="PT900S" endTime="2021-08-21T22:45:00+08:00"/>
<repPeriod duration="PT900S"/>
<measTypes>cpuLoad cpuUsed</measTypes>
<measValue measObjLdn="PLMN-PLMN/IMSNFM-MKT-VHSS/HSS-HSSDN_NHSSMKT5_DU/HSSCALLP-01/BRM-HSSCALLP-01/CPU-cpu7">
<measResults>9.1866 18.6195</measResults>
</measValue>
</measInfo>
<measInfo measInfoId="CPU">
<granPeriod duration="PT900S" endTime="2021-08-21T22:45:00+08:00"/>
<repPeriod duration="PT900S"/>
<measTypes>cpuLoad cpuUsed</measTypes>
<measValue measObjLdn="PLMN-PLMN/IMSNFM-MKT-VHSS/HSS-HSSDN_NHSSMKT5_DU/HSSCALLP-01/BRM-HSSCALLP-01/CPU-cpu4">
<measResults>6.7826 12.3571</measResults>
</measValue>
</measInfo>
<measInfo measInfoId="CPU">
<granPeriod duration="PT900S" endTime="2021-08-21T22:45:00+08:00"/>
<repPeriod duration="PT900S"/>
<measTypes>cpuLoad cpuUsed</measTypes>
<measValue measObjLdn="PLMN-PLMN/IMSNFM-MKT-VHSS/HSS-HSSDN_NHSSMKT5_DU/HSSCALLP-01/BRM-HSSCALLP-01/CPU-cpu5">
<measResults>7.4757 14.6321</measResults>
</measValue>
</measInfo>
<measInfo measInfoId="CPU">
<granPeriod duration="PT900S" endTime="2021-08-21T22:45:00+08:00"/>
<repPeriod duration="PT900S"/>
<measTypes>cpuLoad cpuUsed</measTypes>
<measValue measObjLdn="PLMN-PLMN/IMSNFM-MKT-VHSS/HSS-HSSDN_NHSSMKT5_DU/HSSCALLP-01/BRM-HSSCALLP-01/CPU-cpu2">
<measResults>7.1161 13.6456</measResults>
</measValue>
</measInfo>
<measInfo measInfoId="CPU">
<granPeriod duration="PT900S" endTime="2021-08-21T22:45:00+08:00"/>
<repPeriod duration="PT900S"/>
<measTypes>cpuLoad cpuUsed</measTypes>
<measValue measObjLdn="PLMN-PLMN/IMSNFM-MKT-VHSS/HSS-HSSDN_NHSSMKT5_DU/HSSCALLP-01/BRM-HSSCALLP-01/CPU-cpu3">
<measResults>6.8942 13.4177</measResults>
</measValue>
</measInfo>
<measInfo measInfoId="CPU">
<granPeriod duration="PT900S" endTime="2021-08-21T22:45:00+08:00"/>
<repPeriod duration="PT900S"/>
<measTypes>cpuLoad cpuUsed</measTypes>
<measValue measObjLdn="PLMN-PLMN/IMSNFM-MKT-VHSS/HSS-HSSDN_NHSSMKT5_DU/HSSCALLP-01/BRM-HSSCALLP-01/CPU-cpu0">
<measResults>6.9465 13.6272</measResults>
</measValue>
</measInfo>
<measInfo measInfoId="CPU">
<granPeriod duration="PT900S" endTime="2021-08-21T22:45:00+08:00"/>
<repPeriod duration="PT900S"/>
<measTypes>cpuLoad cpuUsed</measTypes>
<measValue measObjLdn="PLMN-PLMN/IMSNFM-MKT-VHSS/HSS-HSSDN_NHSSMKT5_DU/HSSCALLP-01/BRM-HSSCALLP-01/CPU-cpu1">
<measResults>7.3015 13.2293</measResults>
</measValue>
</measInfo>
<measInfo measInfoId="CPU">
<granPeriod duration="PT900S" endTime="2021-08-21T22:45:00+08:00"/>
<repPeriod duration="PT900S"/>
<measTypes>cpuLoad cpuUsed</measTypes>
<measValue measObjLdn="PLMN-PLMN/IMSNFM-MKT-VHSS/HSS-HSSDN_NHSSMKT5_DU/HSSCALLP-01/BRM-HSSCALLP-01/CPU-cpu">
<measResults>7.296 14.1023</measResults>
</measValue>
</measInfo>
<measInfo measInfoId="VCPU">
<granPeriod duration="PT900S" endTime="2021-08-21T22:45:00+08:00"/>
<repPeriod duration="PT900S"/>
<measTypes>vCPUs</measTypes>
<measValue measObjLdn="PLMN-PLMN/IMSNFM-MKT-VHSS/HSS-HSSDN_NHSSMKT5_DU/HSSCALLP-01/BRM-HSSCALLP-01/VCPU-1">
<measResults>8</measResults>
</measValue>
</measInfo>
<measInfo measInfoId="DISK">
<granPeriod duration="PT900S" endTime="2021-08-21T22:45:00+08:00"/>
<repPeriod duration="PT900S"/>
<measTypes>bytesReceivedDisk bytesTransmittedDisk</measTypes>
<measValue measObjLdn="PLMN-PLMN/IMSNFM-MKT-VHSS/HSS-HSSDN_NHSSMKT5_DU/HSSCALLP-01/BRM-HSSCALLP-01/DISK-0">
<measResults>4318716 14006396684</measResults>
</measValue>
</measInfo>
<measInfo measInfoId="FS">
<granPeriod duration="PT900S" endTime="2021-08-21T22:45:00+08:00"/>
<repPeriod duration="PT900S"/>
<measTypes>fsUsed</measTypes>
<measValue measObjLdn="PLMN-PLMN/IMSNFM-MKT-VHSS/HSS-HSSDN_NHSSMKT5_DU/HSSCALLP-01/BRM-HSSCALLP-01/FS-_dev_mapper_vg00_root">
<measResults>0</measResults>
</measValue>
</measInfo>
<measInfo measInfoId="FS">
<granPeriod duration="PT900S" endTime="2021-08-21T22:45:00+08:00"/>
<repPeriod duration="PT900S"/>
<measTypes>fsUsed</measTypes>
<measValue measObjLdn="PLMN-PLMN/IMSNFM-MKT-VHSS/HSS-HSSDN_NHSSMKT5_DU/HSSCALLP-01/BRM-HSSCALLP-01/FS-_dev_mapper_vg00_Charging">
<measResults>0</measResults>
</measValue>
</measInfo>
<measInfo measInfoId="FS">
<granPeriod duration="PT900S" endTime="2021-08-21T22:45:00+08:00"/>
<repPeriod duration="PT900S"/>
<measTypes>fsUsed</measTypes>
<measValue measObjLdn="PLMN-PLMN/IMSNFM-MKT-VHSS/HSS-HSSDN_NHSSMKT5_DU/HSSCALLP-01/BRM-HSSCALLP-01/FS-tmpfs">
<measResults>0</measResults>
</measValue>
</measInfo>
<measInfo measInfoId="FS">
<granPeriod duration="PT900S" endTime="2021-08-21T22:45:00+08:00"/>
<repPeriod duration="PT900S"/>
<measTypes>fsUsed</measTypes>
<measValue measObjLdn="PLMN-PLMN/IMSNFM-MKT-VHSS/HSS-HSSDN_NHSSMKT5_DU/HSSCALLP-01/BRM-HSSCALLP-01/FS-_dev_mapper_vg00_TspCore">
<measResults>0</measResults>
</measValue>
</measInfo>
<measInfo measInfoId="FS">
<granPeriod duration="PT900S" endTime="2021-08-21T22:45:00+08:00"/>
<repPeriod duration="PT900S"/>
<measTypes>fsUsed</measTypes>
<measValue measObjLdn="PLMN-PLMN/IMSNFM-MKT-VHSS/HSS-HSSDN_NHSSMKT5_DU/HSSCALLP-01/BRM-HSSCALLP-01/FS-_dev_mapper_vg00_appDb">
<measResults>0</measResults>
</measValue>
</measInfo>
<measInfo measInfoId="FS">
<granPeriod duration="PT900S" endTime="2021-08-21T22:45:00+08:00"/>
<repPeriod duration="PT900S"/>
<measTypes>fsUsed</measTypes>
<measValue measObjLdn="PLMN-PLMN/IMSNFM-MKT-VHSS/HSS-HSSDN_NHSSMKT5_DU/HSSCALLP-01/BRM-HSSCALLP-01/FS-_dev_mapper_vg00_dump">
<measResults>0</measResults>
</measValue>
</measInfo>
<measInfo measInfoId="FS">
<granPeriod duration="PT900S" endTime="2021-08-21T22:45:00+08:00"/>
<repPeriod duration="PT900S"/>
<measTypes>fsUsed</measTypes>
<measValue measObjLdn="PLMN-PLMN/IMSNFM-MKT-VHSS/HSS-HSSDN_NHSSMKT5_DU/HSSCALLP-01/BRM-HSSCALLP-01/FS-_dev_vda1">
<measResults>0</measResults>
</measValue>
</measInfo>
<measInfo measInfoId="FS">
<granPeriod duration="PT900S" endTime="2021-08-21T22:45:00+08:00"/>
<repPeriod duration="PT900S"/>
<measTypes>fsUsed</measTypes>
<measValue measObjLdn="PLMN-PLMN/IMSNFM-MKT-VHSS/HSS-HSSDN_NHSSMKT5_DU/HSSCALLP-01/BRM-HSSCALLP-01/FS-_dev_mapper_vg00_tmp">
<measResults>0</measResults>
</measValue>
</measInfo>
<measInfo measInfoId="FS">
<granPeriod duration="PT900S" endTime="2021-08-21T22:45:00+08:00"/>
<repPeriod duration="PT900S"/>
<measTypes>fsUsed</measTypes>
<measValue measObjLdn="PLMN-PLMN/IMSNFM-MKT-VHSS/HSS-HSSDN_NHSSMKT5_DU/HSSCALLP-01/BRM-HSSCALLP-01/FS-_dev_mapper_vg00_var">
<measResults>0</measResults>
</measValue>
</measInfo>
<measInfo measInfoId="FS">
<granPeriod duration="PT900S" endTime="2021-08-21T22:45:00+08:00"/>
<repPeriod duration="PT900S"/>
<measTypes>fsUsed</measTypes>
<measValue measObjLdn="PLMN-PLMN/IMSNFM-MKT-VHSS/HSS-HSSDN_NHSSMKT5_DU/HSSCALLP-01/BRM-HSSCALLP-01/FS-_dev_mapper_vg00_tspdb">
<measResults>0</measResults>
</measValue>
</measInfo>
<measInfo measInfoId="FS">
<granPeriod duration="PT900S" endTime="2021-08-21T22:45:00+08:00"/>
<repPeriod duration="PT900S"/>
<measTypes>fsUsed</measTypes>
<measValue measObjLdn="PLMN-PLMN/IMSNFM-MKT-VHSS/HSS-HSSDN_NHSSMKT5_DU/HSSCALLP-01/BRM-HSSCALLP-01/FS-_dev_mapper_vg00_home">
<measResults>0</measResults>
</measValue>
</measInfo>
<measInfo measInfoId="NETWORK">
<granPeriod duration="PT900S" endTime="2021-08-21T22:45:00+08:00"/>
<repPeriod duration="PT900S"/>
<measTypes>bytesReceived packetsReceived bytesTransmitted badPacketsReceived packetsTransmitted transmitErrors</measTypes>
<measValue measObjLdn="PLMN-PLMN/IMSNFM-MKT-VHSS/HSS-HSSDN_NHSSMKT5_DU/HSSCALLP-02/BRM-HSSCALLP-02/NET-eth0">
<measResults>16307206942 16307206942 2616037695344 0 2616037695344 0</measResults>
</measValue>
</measInfo>
<measInfo measInfoId="NETWORK">
<granPeriod duration="PT900S" endTime="2021-08-21T22:45:00+08:00"/>
<repPeriod duration="PT900S"/>
<measTypes>bytesReceived packetsReceived bytesTransmitted badPacketsReceived packetsTransmitted transmitErrors</measTypes>
<measValue measObjLdn="PLMN-PLMN/IMSNFM-MKT-VHSS/HSS-HSSDN_NHSSMKT5_DU/HSSCALLP-02/BRM-HSSCALLP-02/NET-lo">
<measResults>16307206942 16307206942 2616037695344 0 2616037695344 0</measResults>
</measValue>
</measInfo>
<measInfo measInfoId="NETWORK">
<granPeriod duration="PT900S" endTime="2021-08-21T22:45:00+08:00"/>
<repPeriod duration="PT900S"/>
<measTypes>bytesReceived packetsReceived bytesTransmitted badPacketsReceived packetsTransmitted transmitErrors</measTypes>
<measValue measObjLdn="PLMN-PLMN/IMSNFM-MKT-VHSS/HSS-HSSDN_NHSSMKT5_DU/HSSCALLP-02/BRM-HSSCALLP-02/NET-eth2">
<measResults>16307206942 16307206942 2616037695344 0 2616037695344 0</measResults>
</measValue>
</measInfo>
<measInfo measInfoId="NETWORK">
<granPeriod duration="PT900S" endTime="2021-08-21T22:45:00+08:00"/>
<repPeriod duration="PT900S"/>
<measTypes>bytesReceived packetsReceived bytesTransmitted badPacketsReceived packetsTransmitted transmitErrors</measTypes>
<measValue measObjLdn="PLMN-PLMN/IMSNFM-MKT-VHSS/HSS-HSSDN_NHSSMKT5_DU/HSSCALLP-02/BRM-HSSCALLP-02/NET-eth1">
<measResults>16307206942 16307206942 2616037695344 0 2616037695344 0</measResults>
</measValue>
</measInfo>
<measInfo measInfoId="AGGREGAT">
<granPeriod duration="PT900S" endTime="2021-08-21T22:45:00+08:00"/>
<repPeriod duration="PT900S"/>
<measTypes>sysUptime swapFree memFree sysAvailability swapUsed cpuPercentageOverValue cpuAverageLoad cpuPeakLoad memUsed</measTypes>
<measValue measObjLdn="PLMN-PLMN/IMSNFM-MKT-VHSS/HSS-HSSDN_NHSSMKT5_DU/HSSCALLP-02/BRM-1">
<measResults>61855568 4194300 14729700 0 4194300 0 28.6667 14 18050952</measResults>
</measValue>
</measInfo>
<measInfo measInfoId="DBSpace">
<granPeriod duration="PT900S" endTime="2021-08-21T22:45:00+08:00"/>
<repPeriod duration="PT900S"/>
<measTypes>DbSpaceUsed DbSpaceAvailable</measTypes>
<measValue measObjLdn="PLMN-PLMN/IMSNFM-MKT-VHSS/HSS-HSSDN_NHSSMKT5_DU/HSSCALLP-02/BRM-HSSCALLP-02/DBSpace-1">
<measResults>13849 20144</measResults>
</measValue>
</measInfo>
<measInfo measInfoId="CPU">
<granPeriod duration="PT900S" endTime="2021-08-21T22:45:00+08:00"/>
<repPeriod duration="PT900S"/>
<measTypes>cpuLoad cpuUsed</measTypes>
<measValue measObjLdn="PLMN-PLMN/IMSNFM-MKT-VHSS/HSS-HSSDN_NHSSMKT5_DU/HSSCALLP-02/BRM-HSSCALLP-02/CPU-cpu6">
<measResults>6.9687 15.5441</measResults>
</measValue>
</measInfo>
<measInfo measInfoId="CPU">
<granPeriod duration="PT900S" endTime="2021-08-21T22:45:00+08:00"/>
<repPeriod duration="PT900S"/>
<measTypes>cpuLoad cpuUsed</measTypes>
<measValue measObjLdn="PLMN-PLMN/IMSNFM-MKT-VHSS/HSS-HSSDN_NHSSMKT5_DU/HSSCALLP-02/BRM-HSSCALLP-02/CPU-cpu7">
<measResults>9.1604 20.2573</measResults>
</measValue>
</measInfo>
<measInfo measInfoId="CPU">
<granPeriod duration="PT900S" endTime="2021-08-21T22:45:00+08:00"/>
<repPeriod duration="PT900S"/>
<measTypes>cpuLoad cpuUsed</measTypes>
<measValue measObjLdn="PLMN-PLMN/IMSNFM-MKT-VHSS/HSS-HSSDN_NHSSMKT5_DU/HSSCALLP-02/BRM-HSSCALLP-02/CPU-cpu4">
<measResults>6.8531 10.1534</measResults>
</measValue>
</measInfo>
<measInfo measInfoId="CPU">
<granPeriod duration="PT900S" endTime="2021-08-21T22:45:00+08:00"/>
<repPeriod duration="PT900S"/>
<measTypes>cpuLoad cpuUsed</measTypes>
<measValue measObjLdn="PLMN-PLMN/IMSNFM-MKT-VHSS/HSS-HSSDN_NHSSMKT5_DU/HSSCALLP-02/BRM-HSSCALLP-02/CPU-cpu5">
<measResults>7.5658 14.5258</measResults>
</measValue>
</measInfo>
<measInfo measInfoId="CPU">
<granPeriod duration="PT900S" endTime="2021-08-21T22:45:00+08:00"/>
<repPeriod duration="PT900S"/>
<measTypes>cpuLoad cpuUsed</measTypes>
<measValue measObjLdn="PLMN-PLMN/IMSNFM-MKT-VHSS/HSS-HSSDN_NHSSMKT5_DU/HSSCALLP-02/BRM-HSSCALLP-02/CPU-cpu2">
<measResults>7.2417 13.3367</measResults>
</measValue>
</measInfo>
<measInfo measInfoId="CPU">
<granPeriod duration="PT900S" endTime="2021-08-21T22:45:00+08:00"/>
<repPeriod duration="PT900S"/>
<measTypes>cpuLoad cpuUsed</measTypes>
<measValue measObjLdn="PLMN-PLMN/IMSNFM-MKT-VHSS/HSS-HSSDN_NHSSMKT5_DU/HSSCALLP-02/BRM-HSSCALLP-02/CPU-cpu3">
<measResults>7.0081 7.3092</measResults>
</measValue>
</measInfo>
<measInfo measInfoId="CPU">
<granPeriod duration="PT900S" endTime="2021-08-21T22:45:00+08:00"/>
<repPeriod duration="PT900S"/>
<measTypes>cpuLoad cpuUsed</measTypes>
<measValue measObjLdn="PLMN-PLMN/IMSNFM-MKT-VHSS/HSS-HSSDN_NHSSMKT5_DU/HSSCALLP-02/BRM-HSSCALLP-02/CPU-cpu0">
<measResults>7.0101 17.3302</measResults>
</measValue>
</measInfo>
<measInfo measInfoId="CPU">
<granPeriod duration="PT900S" endTime="2021-08-21T22:45:00+08:00"/>
<repPeriod duration="PT900S"/>
<measTypes>cpuLoad cpuUsed</measTypes>
<measValue measObjLdn="PLMN-PLMN/IMSNFM-MKT-VHSS/HSS-HSSDN_NHSSMKT5_DU/HSSCALLP-02/BRM-HSSCALLP-02/CPU-cpu1">
<measResults>7.3889 16.4372</measResults>
</measValue>
</measInfo>
<measInfo measInfoId="CPU">
<granPeriod duration="PT900S" endTime="2021-08-21T22:45:00+08:00"/>
<repPeriod duration="PT900S"/>
<measTypes>cpuLoad cpuUsed</measTypes>
<measValue measObjLdn="PLMN-PLMN/IMSNFM-MKT-VHSS/HSS-HSSDN_NHSSMKT5_DU/HSSCALLP-02/BRM-HSSCALLP-02/CPU-cpu">
<measResults>7.3977 14.3668</measResults>
</measValue>
</measInfo>
<measInfo measInfoId="VCPU">
<granPeriod duration="PT900S" endTime="2021-08-21T22:45:00+08:00"/>
<repPeriod duration="PT900S"/>
<measTypes>vCPUs</measTypes>
<measValue measObjLdn="PLMN-PLMN/IMSNFM-MKT-VHSS/HSS-HSSDN_NHSSMKT5_DU/HSSCALLP-02/BRM-HSSCALLP-02/VCPU-1">
<measResults>8</measResults>
</measValue>
</measInfo>
<measInfo measInfoId="DISK">
<granPeriod duration="PT900S" endTime="2021-08-21T22:45:00+08:00"/>
<repPeriod duration="PT900S"/>
<measTypes>bytesReceivedDisk bytesTransmittedDisk</measTypes>
<measValue measObjLdn="PLMN-PLMN/IMSNFM-MKT-VHSS/HSS-HSSDN_NHSSMKT5_DU/HSSCALLP-02/BRM-HSSCALLP-02/DISK-0">
<measResults>4310420 14193339272</measResults>
</measValue>
</measInfo>
<measInfo measInfoId="FS">
<granPeriod duration="PT900S" endTime="2021-08-21T22:45:00+08:00"/>
<repPeriod duration="PT900S"/>
<measTypes>fsUsed</measTypes>
<measValue measObjLdn="PLMN-PLMN/IMSNFM-MKT-VHSS/HSS-HSSDN_NHSSMKT5_DU/HSSCALLP-02/BRM-HSSCALLP-02/FS-_dev_mapper_vg00_root">
<measResults>0</measResults>
</measValue>
</measInfo>
<measInfo measInfoId="FS">
<granPeriod duration="PT900S" endTime="2021-08-21T22:45:00+08:00"/>
<repPeriod duration="PT900S"/>
<measTypes>fsUsed</measTypes>
<measValue measObjLdn="PLMN-PLMN/IMSNFM-MKT-VHSS/HSS-HSSDN_NHSSMKT5_DU/HSSCALLP-02/BRM-HSSCALLP-02/FS-_dev_mapper_vg00_Charging">
<measResults>0</measResults>
</measValue>
</measInfo>
<measInfo measInfoId="FS">
<granPeriod duration="PT900S" endTime="2021-08-21T22:45:00+08:00"/>
<repPeriod duration="PT900S"/>
<measTypes>fsUsed</measTypes>
<measValue measObjLdn="PLMN-PLMN/IMSNFM-MKT-VHSS/HSS-HSSDN_NHSSMKT5_DU/HSSCALLP-02/BRM-HSSCALLP-02/FS-tmpfs">
<measResults>0</measResults>
</measValue>
</measInfo>
<measInfo measInfoId="FS">
<granPeriod duration="PT900S" endTime="2021-08-21T22:45:00+08:00"/>
<repPeriod duration="PT900S"/>
<measTypes>fsUsed</measTypes>
<measValue measObjLdn="PLMN-PLMN/IMSNFM-MKT-VHSS/HSS-HSSDN_NHSSMKT5_DU/HSSCALLP-02/BRM-HSSCALLP-02/FS-_dev_mapper_vg00_TspCore">
<measResults>0</measResults>
</measValue>
</measInfo>
<measInfo measInfoId="FS">
<granPeriod duration="PT900S" endTime="2021-08-21T22:45:00+08:00"/>
<repPeriod duration="PT900S"/>
<measTypes>fsUsed</measTypes>
<measValue measObjLdn="PLMN-PLMN/IMSNFM-MKT-VHSS/HSS-HSSDN_NHSSMKT5_DU/HSSCALLP-02/BRM-HSSCALLP-02/FS-_dev_mapper_vg00_appDb">
<measResults>0</measResults>
</measValue>
</measInfo>
<measInfo measInfoId="FS">
<granPeriod duration="PT900S" endTime="2021-08-21T22:45:00+08:00"/>
<repPeriod duration="PT900S"/>
<measTypes>fsUsed</measTypes>
<measValue measObjLdn="PLMN-PLMN/IMSNFM-MKT-VHSS/HSS-HSSDN_NHSSMKT5_DU/HSSCALLP-02/BRM-HSSCALLP-02/FS-_dev_mapper_vg00_dump">
<measResults>0</measResults>
</measValue>
</measInfo>
<measInfo measInfoId="FS">
<granPeriod duration="PT900S" endTime="2021-08-21T22:45:00+08:00"/>
<repPeriod duration="PT900S"/>
<measTypes>fsUsed</measTypes>
<measValue measObjLdn="PLMN-PLMN/IMSNFM-MKT-VHSS/HSS-HSSDN_NHSSMKT5_DU/HSSCALLP-02/BRM-HSSCALLP-02/FS-_dev_vda1">
<measResults>0</measResults>
</measValue>
</measInfo>
<measInfo measInfoId="FS">
<granPeriod duration="PT900S" endTime="2021-08-21T22:45:00+08:00"/>
<repPeriod duration="PT900S"/>
<measTypes>fsUsed</measTypes>
<measValue measObjLdn="PLMN-PLMN/IMSNFM-MKT-VHSS/HSS-HSSDN_NHSSMKT5_DU/HSSCALLP-02/BRM-HSSCALLP-02/FS-_dev_mapper_vg00_tmp">
<measResults>0</measResults>
</measValue>
</measInfo>
<measInfo measInfoId="FS">
<granPeriod duration="PT900S" endTime="2021-08-21T22:45:00+08:00"/>
<repPeriod duration="PT900S"/>
<measTypes>fsUsed</measTypes>
<measValue measObjLdn="PLMN-PLMN/IMSNFM-MKT-VHSS/HSS-HSSDN_NHSSMKT5_DU/HSSCALLP-02/BRM-HSSCALLP-02/FS-_dev_mapper_vg00_var">
<measResults>0</measResults>
</measValue>
</measInfo>
<measInfo measInfoId="FS">
<granPeriod duration="PT900S" endTime="2021-08-21T22:45:00+08:00"/>
<repPeriod duration="PT900S"/>
<measTypes>fsUsed</measTypes>
<measValue measObjLdn="PLMN-PLMN/IMSNFM-MKT-VHSS/HSS-HSSDN_NHSSMKT5_DU/HSSCALLP-02/BRM-HSSCALLP-02/FS-_dev_mapper_vg00_tspdb">
<measResults>0</measResults>
</measValue>
</measInfo>
<measInfo measInfoId="FS">
<granPeriod duration="PT900S" endTime="2021-08-21T22:45:00+08:00"/>
<repPeriod duration="PT900S"/>
<measTypes>fsUsed</measTypes>
<measValue measObjLdn="PLMN-PLMN/IMSNFM-MKT-VHSS/HSS-HSSDN_NHSSMKT5_DU/HSSCALLP-02/BRM-HSSCALLP-02/FS-_dev_mapper_vg00_home">
<measResults>0</measResults>
</measValue>
</measInfo>
</measData>
<fileFooter>
<measCollec endTime="2021-08-21T22:45:00+08:00"/>
</fileFooter>
</measCollecFile>