<?xml version="1.0" encoding="UTF-8"?>
<measCollecFile xmlns="http://www.3gpp.org/ftp/specs/archive/32_series/32.435#measCollec">
<fileHeader fileFormatVersion="32.435 V10.0" vendorName="Nokia Networks">
<fileSender elementType="HSSCALLP"/>
<measCollec beginTime="2021-08-21T21:45:00+08:00"/>
</fileHeader>
<measData>
<managedElement/>
<measInfo measInfoId="ARQ">
<granPeriod duration="PT900S" endTime="2021-08-21T22:00:00+08:00"/>
<repPeriod duration="PT900S"/>
<measTypes>AsrSuccResSentToTp ArqReqSentTo1xHLR AsrEmtyContFrm1xHLR AsrSuccResFrom1xHLR AsrReqSentTo1xHLR AsrEmtyBegSntTo1xHLR ArqReqRecvdFromTp AsrReqRecvdFromTp ArqEmtyBegSntTo1xHLR ArqSuccResSentToTp ArqSuccResFrom1xHLR ArqEmtyContFrm1xHLR</measTypes>
<measValue measObjLdn="PLMN-PLMN/IMSNFM-CLK-VHSS/HSS-HSSDN_NHSSCLK2_DU/HSSCALLP-03/TP-1/ARQ-1">
<measResults>0 0 0 0 0 0 0 0 0 0 0 0</measResults>
</measValue>
</measInfo>
<measInfo measInfoId="RDR">
<granPeriod duration="PT900S" endTime="2021-08-21T22:00:00+08:00"/>
<repPeriod duration="PT900S"/>
<measTypes>RdrSuccResSnt RdrReqSentToTp RdrIndRecvd RdrSuccResRcvdFrmTp</measTypes>
<measValue measObjLdn="PLMN-PLMN/IMSNFM-CLK-VHSS/HSS-HSSDN_NHSSCLK2_DU/HSSCALLP-03/TP-1/RDR-1">
<measResults>0 0 0 0</measResults>
</measValue>
</measInfo>
<measInfo measInfoId="TFR">
<granPeriod duration="PT900S" endTime="2021-08-21T22:00:00+08:00"/>
<repPeriod duration="PT900S"/>
<measTypes>RECVD_SOAP_ACKEY_REQ UNS_SOAP_TRIG_REQ SENT_SOAP_SMCKEY_REQ RECVD_SOAP_TRIG_REQ</measTypes>
<measValue measObjLdn="PLMN-PLMN/IMSNFM-CLK-VHSS/HSS-HSSDN_NHSSCLK2_DU/HSSCALLP-03/HLRI-1/TFR-1">
<measResults>0 0 0 0</measResults>
</measValue>
</measInfo>
<measInfo measInfoId="ORREQ">
<granPeriod duration="PT900S" endTime="2021-08-21T22:00:00+08:00"/>
<repPeriod duration="PT900S"/>
<measTypes>OrreqIndRecvd OrreqSuccResSnt OrreqSuccResRcvdFrmTp OrreqReqSentToTp</measTypes>
<measValue measObjLdn="PLMN-PLMN/IMSNFM-CLK-VHSS/HSS-HSSDN_NHSSCLK2_DU/HSSCALLP-03/TP-1/ORREQ-1">
<measResults>0 0 0 0</measResults>
</measValue>
</measInfo>
<measInfo measInfoId="ACTPADAPTER">
<granPeriod duration="PT900S" endTime="2021-08-21T22:00:00+08:00"/>
<repPeriod duration="PT900S"/>
<measTypes>QNTS_RET_TO_HSS_RESYN TRIPLES_REQ_BY_HSS QNTS_RET_TO_HSS_IMM QNTS_RET_TO_HSS_NIMM QNTS_REQ_BY_HSS_NIMM RECVD_AFR_IN_AC QNTS_REQ_BY_HSS_IMM QNTS_REQ_BY_HSS_RESYN TRIPLES_RET_TO_HSS</measTypes>
<measValue measObjLdn="PLMN-PLMN/IMSNFM-CLK-VHSS/HSS-HSSDN_NHSSCLK2_DU/HSSCALLP-03/TP-1/HSACP-1/ACTPADAPTER-1">
<measResults>0 0 0 0 0 0 0 0 0</measResults>
</measValue>
</measInfo>
<measInfo measInfoId="UMSTP">
<granPeriod duration="PT900S" endTime="2021-08-21T22:00:00+08:00"/>
<repPeriod duration="PT900S"/>
<measTypes>HdCLAOut5004 S6tNIAOut5011 InvalidNSRDataRef HdCLAOut5005 BlockHdSNROlCntr S6RSATimeout LDAPReadVerySlow S6CLRByS6ULRCntr SWxSAARestoreSucc HdPNAInErrCntr S6AIAOut5420_4G_RSN ShRespNoOCOVLSent S6PUAOut4002 S6DSAErrCntr SIMCrdChOvrTrig CxSARSyncFailed MapSaiNotPossibleCntr CxLIRprio2Dropped S6CLAErrCntr S6AIAOut5012_4G_RSN CxLIAOut5003B SWxRTAIn5012 S6aIDRPCSCFRestorCtr S6dDSAFailByAdmin S6tRIR CxPNAIn5001 HdCLROutCLVisitedVLR HdCLAOut5001 ShSNAOut4100 LDAPWriteSlow ZhMAAOut5003 CxLIAOut5003 SWxSAAPDNGwUpdateSucc CxSAAFailPCSCFRestor ShPNRMultSI CxLIAOut5001 ShPUAout4101 CxUAAEmerReg ShPNAIncNoSuccess CxServerAssignReqCntr CxSARprio1Dropped SWxMAAOut5001 SWxMAAOut5004 SWxMAAOut5005 SWxMAAOut5006 SWxRTAIn5001 S6cALROutTotal HdPNROutErrCntr S6tNIRTimeout S6cSRRInTotal SWxSAASuccess CxPPRBySubsAdminCntr S6dIDATimeout S6mnSIRIn CxLIAOut4002 CxUAAOut5002EmerReg CxSarPCSCFRestorCtr ShPNRByCxCntr CxRTRBySubsAdminCntr CxMAAOutOtherError CxSAAOut5011 S6CLRBySubsAdminCntr S6dCLAIncNoSuccess S6AIAOut5001_4G_RSN ShSNAOut4002 S6tNIAOut5001 S6cRespNoOCOVLSent S6aULR_VPLMN CxSAAOut5009 ShPUAOutOtherError S6RSAIncNoSuccess HdSNRNotPossibleCntr BlockHdUDROlCntr HdCLAin5004 CxSAAOut5005 MapClReqToSgsnCntr S6DSATimeout CxSAAOut5007 CxSAAOut5002 CxSAAOut5001 ShUDRprio2Success CxSAAOut5003 SWxMultimAuthReqCntr S6aNOASuccess S6tNIAOutOther AdminPNAIn5107 S6UpdateLocReqErrCntr SWxMAREquIdChksNeg ShSNAOut5104 S6dULAOut4002 ShSubscNotifErrCntr ShPNAIn5107 HdCLAOut5012 ShSNAOut5101 S6dCLRByHdCLR S6tNIAOut5451 CxMarRGnonAgentReject ShUDRprio0Dropped ShPNAIn5012 HdSNAinSuccess ShPNRByHd ShPNASubsAdminsuccess S6tReqOCSupFeatRcvd CXPPRDueToCXPPACntr S6dIDRPCSCFRestorCtr CxLIRprio0Received SWxMAAOut5450 ShUDRprio4Received HdCLATimeout S6AIAOut5420_4G_NOR CxLocInfoReqCntr S6tNIAOutRC4002 S6tRIRTimeout SWxPPRNotPossibleCntr SWxMAAOut5452 SWxMAAOut4002 S6cSRAOut5558 S6cSRAOut5557 S6cSRAOut5556 HdPNAOut5012 S6aIDAIn5001BySWx WxMAAOut5001 S6cSRAOut5550 S6dDSATimeout CxLIRprio4Success S6AIAOutOtherError CxPPAInNoSuccess BlockShPNROlCntr InvalidSATemplateData ShUserDataErrCntr ShPNAIn5001 InternalCtxExpired CxMultimAuthReqCntr CxRespNoOCOVLSent SWxPPANoSuccess S6cALRByS6aNORCtr HdPNAOut5004 SWxMAREquIdChksPos HdPNAOut5005 BlockS6RSROlCntr HdPUAinSuccess HdPNAOut5001 MapMtForwardSMReqCntr S6PurgeUEReqCntr S6cALAInSuccess HdCLRInSIMCardChOvr ShRespOCOVLSent AVPsMissingCx BlockSWxRTROlCntr S6RSAErrCntr WxMAAOut4002 CxUAAOut5001EmerReg StaleMessageCx SWxRespOCOVLSent S6AIAOut5003_3G_NOR CxUAAsuccess LDAPReadSlow CxLIRprio3Received S6AIR_4G_RSN S6dULAOut5001 S6dULAOut5004 HdPNAInSuccessCntr S6RespOCOVLSent ShUDRprio1Received CxSARprio3Success S6AIAOut4002_4G_NOR S6dULRVPLMNRequest WxMultimAuthErrCntr S6cALAInError HdCLAIn5012 S6aIDRByShUDRCtr HdCLAIn5006 S6mRespOCOVLSent MapSaiRespErr StaleMessageSWx ShPNRByRadiusCntr HdPNAOutSuccess ShUDAOut5001 ShUDAOut5002 ShSubscNotifReqCntr LDAPReadMaximum S6cSRAOutSuccess HdCLROutSgsnUpdate ShPNACxfailure AVPsMissingS6 ShPUAOut4002 S6AIAOut5012_3G_RSN S6aDSATimeout SWxPPRDueToReset CxMAAOut5003 ShProfUpdateErrCntr CxLIRprio1Dropped CxMAAOut5005 HdPURNotPossibleCntr CxMAAOut5006 S6AIAOut4002_3G_NOR CxMAAOut5001 SWxPPARstTimeout CxMAAOut5002 S6tNIR ShUDAOut5004 S6UpdateLocReqCntr S6tNIASuccess SLhRIAOutOther SWxRespNoOCOVLSent ShUDRPDNGWreqRecvd ShPUAOut5105 BlockS6tRIROlCntr HdCLRInSgsnUpdPreRel8 S6NotifReqErrCntr SWxResOCOVLendedSent ShPNAShfailure WxMultimAuthReqCntr S6mSIAOutRC4002 CxSARPCSCFRecovCtr S6PUAOutOtherError CxSARprio2Success ShPUAOut5101 CxSARprio2Received HdCLRNotPossibleCntr S6NotifReqCntr ShPUAOut5103 S6mnSIAOutOther ShUDRprio3Success BlockS6aCLROlCntr CxLIRWithRegAndCap MapClReqNotPosCntr S6mResOCOVLendedSent CxRTRNotPossibleCntr CxLIAOut2003 ShSNAsuccess ShUDAOut5101 ShUDAOut5102 S6aULRVPLMNRequest CxUAREmerReg S6AIAOut5003_3G_RSN HdPNRIn LDAPReadNormal ShUDRprio3Received S6DSAFailByAdmin S6ULAOutOtherError S6IDAErrCntr MapSriNotPossibleCntr S6AIAOut5003_4G_NOR ShPUAOut5008 S6RSRBySubsAdminCntr ShUDAOut4002 S6PurgeUEReqErrCntr SWxPPASuccess ShPUAOut5001 BlockCxRTROlCntr SWxReqOCSupFeatRcvd ShPUAOut5002 BlockS6cALROlCntr MapMoForwardSMReqCntr LteAutoProvError CxSARprio0Dropped S6AIAOut4181_3G_NOR SWxPPASucPCSCFRestor BlockS6IDROlCntr S6cRDRInTotal S6IDATimeout S6aAIASuccess CxRTRByRadiusCntr CxSARprio4Dropped S6tNIRIn SWxRTASuccess HdUDATimeout MapEsrvccDtrOrreq S6aCLATimeout S6tCIAOutOther SWxPPAIn5012 ShUDRprio1Dropped ImplausibleClocksCx CxRTAIn5012 S6RSRNotPossibleCntr FlAccessAttemptCount ShUDRprio2Dropped SWxPPRPCSCFRestorCtr S6RSRSuccess S6AIAOut4002_3G_RSN CxRTAErrCntr S6AIAOut5012_3G_NOR CxLIRprio4Received ShPNAErrCntr S6dULAOut5420 ShPNRBySubsAdminCntr S6dULAOut5421 HdCLAOutOther SWxPPAIn5001 ShResOCOVLendedSent S6mSIAOutRC5012 MapLupClRespErr ShProfUpdateReqCntr S6aIDRBySWxSarCtr S6aIDASuccessBySh S6nSIRIn CxPPRNotPossibleCntr CxRTATimeout S6PUANotRegPeer CxMAAOut4002 S6IDRNotPossibleCntr HdSNROut MapUpdateLocReqCntr SWxPPARstErrCntr S6tCIAOut5001 CxSAAOut4002 S6tCIAOut5010 S6aIDAFailByCx S6tCIAOut5011 HdSNAinOther S6dPUASuccess S6dULRHPLMNRequest ShUDAOut5011 S6aIDAIn5012ByAdmin S6aIDAIn5001ByAdmin S6aIDASuccessByAdmin CxRTAIn5001 HdCLAInSuccess CxSARprio3Received CxLIRprio3Success SWxRTRDueToSwxMARCntr S6mSIAOut5510 S6mSIAOut5511 ShUDRprio4Success HdCLROutCardChange MapAtiReqCntr SLhRIAOut4201 SWxRTANoSuccess S6aIDAFailByAdmin CxPPAIn5008 HdCLAInOther CxPPAIn5009 CxLIRprio2Received S6tCIAOutRC4002 HdUDRNotPossibleCntr ShPNACxsuccess LdapWriteSuccCntr BlockS6DSROlCntr AdminDataChngCntr S6ULREquIdChksnoProv S6cSRAOutRC5004 SWxSARwithEmergPDNGW CxMultimAuthErrCntr S6cSRAOutRC5005 S6NOAOutOtherError CxUAAOut5003B S6cRDAOutRC4002 ShUDRprio2Received ShPNAShsuccess CxPPAIn5001 CxLIRprio0Dropped CxLIRprio4Dropped AVPsMissingSWx HdPNAinAVPDropped S6ULREquIdChksImpos ShSNAOutOtherError S6NOAOut4002 S6mSIASuccess CxRTRByCxMACntr HdSNAin5006 S6cRDAOut5001 ShReqOCSupFeatRcvd CxPPATimeout ShPNRNotPossibleCntr S6aULAOut5421 MapRedirectReqCntr CxUAAOutOtherError S6AIR_3G_NOR CxPPAErrCntr BlockS6tNIROlCntr S6DSRNotPossibleCntr S6aIDATimeout HdSNAin5004 S6dULR_VPLMN CxSARprio3Dropped HdCLRInSgsnAttach BlockHdCLROlCntr MapCancLocErrCntr CxUAAOut5005 CxUAAOut5004 S6cReqOCSupFeatRcvd CxUAAOut5003 HdUDAin5012 CxUAAOut5002 S6ULREquIdChksNeg CxUAAOut5001 LDAPWriteFast S6aULAOut4002 SLhRIAOutRC5007 SWxSARPDNGwUpdateReq HdCLROut CxResOCOVLendedSent S6aIDAFailPCSCFRestor TpIntErrCntr CxUserAuthReqCntr S6tCIASuccess LDAPWriteVerySlow MapULNotPossibleCntr MapMtForwardSMErrCntr S6tResOCOVLendedSent HdSNATimeout HdSNAin5012 S6NOAOut5001 HdPNROutSuccessCntr LdapReadSuccCntr MapAtiNotPossibleCntr CxSARprio1Success SLhRIAOutRC5012 S6aCLRByHdCLR S6AIAOut5001_3G_NOR HdCLRInCardChange S6cSRAOutRC5012 ShPNATimeout BlockS6dCLROlCntr CxSARprio1Received S6IDRByShPURCtr LDAPReadFast CxPPAIn5012 S6cRDAOutSuccess S6aIDASuccessBySWx S6aULASuccess S6NOAOut5423 InvalidSATemplateRef SWxSARRestoreReq AuCCtxExpired ShPUAOut5011 ShUDRprio3Dropped MapSriRespErr FlRemDueToOverflow S6aIDAIn5001BySh CxSAAOutOtherError S6dIDAFailPCSCFRestor WxEAPAKAAuthReqCntr ShUDAsuccess FlLimitReachedCount CxUARWithRegAndCap S6dIDASucPCSCFRestor HdCLROutMmeAttach CxSARprio4Received S6nSIAOutRC5012 ShUDAOut4100 CxPNAIN5107 CxLIRprio2Success ImplausibleClocksSWx NoReliableLocalTime S6AIR_3G_RSN CxRTAsuccess MapSaiReqCntr StaleMessageS6 SWxRTRByHdCLR CxRespOCOVLSent S6dUpdLocReqErrCntr S6mSIAOutOther SWxMAAOut5004B BlockHdPUROlCntr S6aIDASucPCSCFRestor SLhRIAOut5001 CxReqOCSupFeatRcvd S6aIDAFailBySWx MapMoForwardSMRespErr SWxPPRtrigEmergPDNGW S6IDRBySubsAdminCntr ShUDAOutOtherError S6aULAOut5420 RadAccountReqStartErr LdapReadErrorCntr CxPNAIN5012 S6AIAOut5003_4G_RSN S6AuthInfoReqErrCntr LDAPWriteNormal CxUAAOut4002 CxUAAOtherErrEmerReg S6CLRNotPossibleCntr S6aPUASuccess S6tCIAOut5511 S6tCIAOut5512 S6tCIAOut5514 SLhRIAOut5490 S6mSIAOut5598 S6tCIAOut5510 S6AIAOut5001_3G_RSN HdUDROut LdapWriteErrorCntr S6AIAOut4181_3G_RSN ShPNASubsAdminfailure S6AIAOut5420_3G_NOR ShUDRprio0Success BlockCxPPROlCntr AdminDataChngErrCntr CxServerAssignErrCntr S6RSRFailByInvokeRest CxUAAOut5012EmerReg MapCancLocReqCntr CxSAAServerName S6ULREquIdChksPos HdCLAOutSuccess ShPNAS6Success ZhMAASuccess S6mSIAOut5001 SWxPPATimeout HdPUATimeout HdPUAin5012 LDAPWriteMaximum CxLIRprio3Dropped SWxSAAOut5001 SWxSAAOut5003 ShPURMultSI SWxSAAOut5005 SWxSAAOut5004 MapMoFSMNotPosCntr WxMAAOut5043 CxPPAsuccess S6tNIAOutRC5012 WxMAAOut5041 SWxPPARstInNoSuccess ZhMAAOut5401 CxSARprio4Success SWxPPRDueToS6aNORCntr MapSriReqCntr S6mReqOCSupFeatRcvd S6DSRBySubsAdminCntr CxSARprio0Success S6AIAOut4181_4G_RSN CxRTAInNoSuccess ShUserDataReqCntr S6ReqOCSupFeatRcvd SWxMultimAuthErrCntr MapAtiRespErr ShPNRByShCntr S6aCLAIncNoSuccess HdPUAin5004 SWxMAASuccess HdPUAin5006 SWxRTRNotPossibleCntr ShUDRprio1Success RadiusAccountReqSTART S6RespNoOCOVLSent CxLocInfoErrCntr CxLIRprio1Received MapVccRegularOrreq HdPNAOutOther RadiusAccessReq HdCLRIn S6dULASuccess S6tNIAOut5511 S6PNAIn5001 S6cALRByS6aULRCtr S6ResOCOVLendedSent S6tCIRIn HdUDAinSuccess S6AIR_4G_NOR WxMAAOut5004 S6AIAOut4002_4G_RSN S6AIAOut5420_3G_RSN S6tRespOCOVLSent CxLIRprio1Success LdapWriteOtherCntr SLhRIASuccess S6dCLATimeout BlockSWxPPROlCntr S6PNAIn5012 S6aIDAIn5012BySh MapUpdateLocRespErr S6tNIAOutRC5004 S6tNIAOutRC5005 LteAutoProvSuccess ReqRejDueToNoCtx HdCLRinAVPDropped HdPUAinOther S6tNIAOutRC5001 CxUserAuthErrCntr SWxServerAsgnReqCntr CxMAAsuccess RadAccountReqStopErr CxSAAsuccess S6PNAIn5107 S6tCIAOutRC5012 S6AIAOut5012_4G_NOR ShUDRprio4Dropped S6tRespNoOCOVLSent S6aIDASuccessByCx HdUDAinOther ZhMultimAuthReqCntr CxLIAsuccess CxLIAOutOtherError S6aULAOut5001 SWxPPRStaleSessnCntr S6aIDRByCxSarCtr S6cRDAOutRC5012 S6cResOCOVLendedSent RadiusAccountReqSTOP AdminPNAIn5012 S6tCIAOutRC5006 S6tCIAOutRC5004 S6tCIAOutRC5005 ShPNRByS6 ShUDRprio0Received HdPUROut S6aS6dPUASuccess S6tCIAOutRC5001 HdUDAin5006 SWxServerAsgnErrCntr CxLIRprio0Success SWxRTATimeout S6AIAOut4181_4G_NOR HdUDAin5004 MapImrnReqCntr SWxSAAOut5450 S6aULR_HPLMN SWxRTAErrCntr CxSARprio0Received SWxSAAOut5452 S6aIDAFailBySh LdapReadOtherCntr SWxSAAOut4002 S6cRDAOut5558 SWxPPAFailPCSCFRestor S6cRDAOutRC5004 ShSNAOut5001 ZhMultimAuthErrCntr AdminPNAIn5001 ShSNAOut5002 FlInsertedImsiCount S6AIAOut5001_4G_NOR S6aULRHPLMNRequest HdCLROutSIMCardChOvr S6aDSAFailByAdmin SLhRIRIn WxEAPSIMAuthReqCntr SWxRTRBySubsAdminCntr SWxPPAErrCntr S6cRespOCOVLSent SWxMAREquIdChksnoProv ShPUAsuccess ShPNAInDataErr HdCLRInSgsnUpdate S6aIDRtrigEmergPDNGW S6aIDAIn5012BySWx ShSNAOut5011 SWxPPRBySubsAdminCntr S6aNORwithEmergPDNGW CxRTRByCxSACntr HdPNRinAVPDropped SWxPPRRstNotPosCtr SLhRIAOutRC4002 S6aULAOut5004 S6PUAOut5001 S6dULR_HPLMN S6mSIRIn S6cSRAOut5001 WxMAASuccess S6AIAOut4181 ImplausibleClocksS6 SWxMAREquIdChksImpos S6cSRAOutRC4002 CxSARprio2Dropped S6mRespNoOCOVLSent</measTypes>
<measValue measObjLdn="PLMN-PLMN/IMSNFM-CLK-VHSS/HSS-HSSDN_NHSSCLK2_DU/HSSCALLP-03/TP-1/UMSTP-1">
<measResults>0 0 0 0 0 0 0 2414 0 0 0 0 0 0 0 0 0 0 5 0 0 0 0 0 0 0 0 0 0 0 0 0 0 2 0 1473 0 0 0 8341 0 0 0 0 0 0 0 0 0 0 0 0 0 0 0 0 2 0 0 0 0 1 0 0 0 0 0 405 0 0 0 0 0 0 2 0 0 0 0 0 0 0 0 5696 0 0 0 0 0 0 0 0 0 0 0 0 0 0 0 0 0 0 0 0 0 0 0 0 0 633 5885 0 0 0 0 0 0 0 0 0 0 0 0 0 0 0 0 0 0 0 0 0 5769 0 0 0 0 0 0 0 0 0 0 283 0 0 0 0 0 0 0 0 0 0 0 15137 0 0 10 0 0 0 0 0 0 0 0 0 0 0 132 0 0 0 0 0 0 0 0 2579 0 0 14930 0 0 0 0 0 0 0 9 0 0 0 0 0 0 0 0 0 0 18398 0 0 0 0 26 0 28933 0 0 0 0 0 0 0 0 0 0 0 5693 0 0 0 0 0 0 0 0 207 2579 0 0 405 0 0 0 3 0 0 0 0 0 27 0 0 0 0 0 0 0 0 0 0 0 0 0 0 0 0 0 0 31248 0 0 0 0 0 0 2 0 0 0 0 0 0 0 0 0 0 0 0 0 0 0 0 0 0 0 0 0 0 0 10995 0 398 0 0 0 9 0 0 0 0 0 0 0 0 0 0 0 0 0 0 0 0 1 0 14931 0 0 0 0 0 0 0 0 0 0 0 0 0 0 0 0 0 0 0 0 5 0 0 0 0 0 0 0 0 0 125 0 0 0 0 0 0 0 0 0 1 0 0 0 0 0 0 0 0 0 0 0 0 0 0 0 0 4 0 0 0 0 0 0 0 2 0 52 96660 0 0 0 14931 0 0 0 15191 0 0 0 0 0 0 0 0 0 0 0 0 0 28928 0 0 0 0 0 0 266 134946 0 0 0 18390 0 0 0 0 0 0 0 0 0 0 0 0 8469 0 0 0 0 0 0 0 0 0 0 0 0 1 0 0 0 0 0 0 0 0 0 0 0 0 0 0 1 0 4 0 0 0 0 0 127 0 0 0 274 0 0 0 0 0 0 0 0 0 0 0 0 0 0 0 2 0 0 0 2 0 28936 0 0 0 0 0 0 0 0 0 0 0 0 0 0 0 0 0 0 0 0 0 0 0 0 0 0 0 0 8469 0 0 0 125 1 0 0 0 0 0 0 0 0 0 0 0 0 28930 0 0 0 0 0 0 0 32244 0 0 0 0 0 9 0 0 0 0 0 0 0 0 0 0 0 0 0 0 0 5770 0 8335 0 0 0 0 0 0 0 0 4203 0 0 0 0 0 0 0 0 0 0 0 0 0 0 0 0 0 0 0 0 0 0 0 0 17992 0 0 0 0 0 0 0 0 0 0 0 0 0 0 347 17995 0 0 0 0 0 0 0 0 10960 0 0 0 0 0 0 0 0 0 0 0 5 0 0 0 0 0 0 0 0 0 0 0</measResults>
</measValue>
</measInfo>
<measInfo measInfoId="TRIGGERFRAMEWORK">
<granPeriod duration="PT900S" endTime="2021-08-21T22:00:00+08:00"/>
<repPeriod duration="PT900S"/>
<measTypes>MSSEARCH_HLR_INTR_ERR MSSEARCH_RES_SUCCESS MSSEARCH_UNDELIVERBLE InvokeRestSuccess MSSEARCH_HLR_OTHR_ERR RECVD_TRG_MESSAGES InvokeRestRec UNS_TRG_MESSAGES MSSEARCH_REQ_SENT_CTR</measTypes>
<measValue measObjLdn="PLMN-PLMN/IMSNFM-CLK-VHSS/HSS-HSSDN_NHSSCLK2_DU/HSSCALLP-03/TP-1/TRIGGERFRAMEWORK-1">
<measResults>0 0 0 0 0 5 0 0 0</measResults>
</measValue>
</measInfo>
<measInfo measInfoId="UHSM">
<granPeriod duration="PT900S" endTime="2021-08-21T22:00:00+08:00"/>
<repPeriod duration="PT900S"/>
<measTypes>EXT_REQUESTS PROXY_RESPONSES EXT_RESPONSES EXT_ERRORS TOTAL_RESPONSES PROXY_TIMEOUTS REQ_NOT_QUEUED TOTAL_REQUESTS PROXY_ERRORS REQ_QUEUED PROXY_REQUESTS TOTAL_ERRORS</measTypes>
<measValue measObjLdn="PLMN-PLMN/IMSNFM-CLK-VHSS/HSS-HSSDN_NHSSCLK2_DU/HSSCALLP-03/HLRI-1/ACS-1/UHSM-1">
<measResults>0 0 0 0 0 0 0 0 0 0 0 0</measResults>
</measValue>
</measInfo>
<measInfo measInfoId="HSDIA">
<granPeriod duration="PT900S" endTime="2021-08-21T22:00:00+08:00"/>
<repPeriod duration="PT900S"/>
<measTypes>S6NOADropped DiaCerRejConAvailable ShPURDropped SLhOlBlockRIRCtr ShPNADropped CxOlBlockLIRCtr S6tRIADropped CxRTADropped S6OlBlockNORCtr HdPNRDropped DiaMessageSent MacOctSentEth2 MacOctSentEth3 S6mnOlBlockSIRCtr MacOctSentEth0 ShOlBlockSNRCtr MacOctSentEth1 HdOlBlockCLRCtr MacOctSentEth6 MacOctSentEth7 DiaMessageRcvd MacOctSentEth4 MacOctSentEth5 CxLIADropped S6aNORDroppedDrmp SWxRTADropped ShPUADropped S6OlBlockULRCtr DiaProtocolErrors MacOctReceivedEth7 MacOctReceivedEth6 S6aULRDroppedDrmp MacOctReceivedEth5 MacOctReceivedEth4 MacOctReceivedEth3 MacOctReceivedEth2 S6tOlBlockNIRRCtr MacOctReceivedEth1 MacOctReceivedEth0 DiaReqDropByRcvr RoDroppedCtr ShUDADropped SWxOlBlockMARCtr SWxPPADropped SWxOlBlockSARCtr SWxSAADropped SctpDataChunkSent DPDDnsRequestsSuccess S6mnSIRDropped CxOlBlockUARCtr HdCLRDropped RcvdCeaErrCtr S6PUADropped S6aPURDroppedDrmp E2DroppedCtr S6aPURDropped CxUARDropped CxMAADropped S6tNIRDropped DiameterTooBusy SctpDataChunkReceived CxUAADropped ZhMARDropped DiaUnknownAVPs S6OlBlockAIRCtr RfDroppedCtr SWxMARDropped SentCeaErrCtr DiaWrongProtType S6tOlBlockCIRCtr ShSNADropped RcvdCerCtr CxPPADropped DiaConnRejAdminBlkd WxMAADropped S6CLADropped S6tNIAIncomingDropped SctpDataChunkReSent S6cOlBlockSRRCtr S6cSRRDropped SWxSARDropped ZhOlBlockMARCtr S6OlBlockPURCtr DiaOutConnUnavailDur CxSARDropped S6tCIRDropped DPDDnsRequestsError S6RSADropped CxMARDropped ShOlBlockUDRCtr CxLIRDropped WxOlBlockMARCtr S6AIADropped S6cOlBlockRDRCtr NbrSctpUnavailable ShOlBlockPURCtr CxOlBlockMARCtr S6aAIRDropped ShSNRDropped S6aULRDropped CxOlBlockSARCtr SWxMAADropped DiaCerRejMaxConExcd ShUDRDropped DiaConnRejSysInOvl SendCerCtr S6aAIRDroppedDrmp S6DSADropped WxDroppedCtr CxSAADropped S6ULADropped S6aNORDropped SLhRIRDropped HdOlBlockPNRCtr S6cRDRDropped SctpUnavailDuration DiaMsgDropAtSndr S6IDADropped</measTypes>
<measValue measObjLdn="PLMN-PLMN/IMSNFM-CLK-VHSS/HSS-HSSDN_NHSSCLK2_DU/HSSCALLP-03/COMMON-1/HSDIA-1">
<measResults>0 0 0 0 0 0 0 0 0 0 0 295 0 0 161 0 0 0 0 0 0 0 0 0 0 0 0 0 0 0 0 0 0 0 0 602 0 0 150 0 0 0 0 0 0 0 0 0 0 0 0 0 0 0 0 0 0 0 0 0 0 0 0 0 0 0 0 0 0 0 0 0 0 0 0 0 0 0 0 0 0 0 0 0 0 0 0 0 0 0 0 0 0 0 0 0 0 0 0 0 0 0 0 0 0 0 0 0 0 0 0 0 0 0 0 0 0 0</measResults>
</measValue>
</measInfo>
<measInfo measInfoId="ANZ">
<granPeriod duration="PT900S" endTime="2021-08-21T22:00:00+08:00"/>
<repPeriod duration="PT900S"/>
<measTypes>AnsSuccResRcvdFrmTp AnzIndRecvdFromSCP AnzSuccResSntToSCP AnzReqSentToTp</measTypes>
<measValue measObjLdn="PLMN-PLMN/IMSNFM-CLK-VHSS/HSS-HSSDN_NHSSCLK2_DU/HSSCALLP-03/TP-1/ANZ-1">
<measResults>0 0 0 0</measResults>
</measValue>
</measInfo>
<measInfo measInfoId="IMSLB">
<granPeriod duration="PT900S" endTime="2021-08-21T22:00:00+08:00"/>
<repPeriod duration="PT900S"/>
<measTypes>DataStoreWriteFailure DataStoreWriteSuccess DataStoreReadSuccess ConnectedHAGroups DataStoreReadFailure IcmRemoteSendFail NodesInUpState</measTypes>
<measValue measObjLdn="PLMN-PLMN/IMSNFM-CLK-VHSS/HSS-HSSDN_NHSSCLK2_DU/HSSCALLP-03/COMMON-1/IMSLB-1">
<measResults>0 0 0 0 0 0 0</measResults>
</measValue>
</measInfo>
<measInfo measInfoId="RUR">
<granPeriod duration="PT900S" endTime="2021-08-21T22:00:00+08:00"/>
<repPeriod duration="PT900S"/>
<measTypes>RurReqSentToTp RurSuccResSntTo1xHLR RurSuccResRcvdFrmTp RurIndRecvdFrom1xHLR</measTypes>
<measValue measObjLdn="PLMN-PLMN/IMSNFM-CLK-VHSS/HSS-HSSDN_NHSSCLK2_DU/HSSCALLP-03/TP-1/RUR-1">
<measResults>0 0 0 0</measResults>
</measValue>
</measInfo>
<measInfo measInfoId="DIAMETERDISP">
<granPeriod duration="PT900S" endTime="2021-08-21T22:00:00+08:00"/>
<repPeriod duration="PT900S"/>
<measTypes>DiaUnknownMsg ShPNASentCntr ShUDA5012RespRecCntr DiaResolveTriggered ShUDA5101RespRecCntr ShPNA2001RespSentCntr ShPUA5012RespRecCntr ShPUA5008RespRecCntr DPDDnsDID02Error ShPUA5103RespRecCntr ShPUARecCntr ShSNA5001RespRecCntr ShUDA4100RespRecCntr ShPNA5008RespSentCntr ShUDRSentCntr ShPURSentCntr ShSNA2001RespRecCntr ShPUA4002RespRecCntr ShSNA5104RespRecCntr ConnectionsCE2 ConnectionsCE1 ShPNA5107RespSentCntr ShPUA5101RespRecCntr ShPUA5001RespRecCntr ShPNRRecCntr NoDiameterConnect ShSNA5012RespRecCntr CtxForOutMsgExpired ShSNA5106RespRecCntr ShPUA4101RespRecCntr ShPUA5108RespRecCntr ShUDA5001RespRecCntr ReqsDroppedDueToGS CtxForInMsgExpired DPDDnsDID02Success DiaRetransMsg ShSNA5101RespRecCntr ShPNA5100RespSentCntr ShUDA5102RespRecCntr PeerRqRjctdDueToGS DPDDnsDID01Success DPDDnsDID01Error ShPUA2001RespRecCntr ShSNRSentCntr DiaForwardedMsgs ShSNA5108RespRecCntr ShSNARecCntr InvalidShMsgRecCntr ShPNA5001RespSentCntr ShPNA5012RespSentCntr ShUDARecCntr ShPUA5105RespRecCntr ShUDA2001RespRecCntr</measTypes>
<measValue measObjLdn="PLMN-PLMN/IMSNFM-CLK-VHSS/HSS-HSSDN_NHSSCLK2_DU/HSSCALLP-03/COMMON-1/DIAMETERDISP-1">
<measResults>0 0 0 0 0 0 0 0 0 0 0 0 0 0 0 0 0 0 0 0 0 0 0 0 0 0 0 0 0 0 0 0 0 0 0 0 0 0 0 0 0 0 0 0 0 0 0 0 0 0 0 0 0</measResults>
</measValue>
</measInfo>
<measInfo measInfoId="SH">
<granPeriod duration="PT900S" endTime="2021-08-21T22:00:00+08:00"/>
<repPeriod duration="PT900S"/>
<measTypes>RelayRcvdShPNR ShPNR RelayShPNRNoRoute</measTypes>
<measValue measObjLdn="PLMN-PLMN/IMSNFM-CLK-VHSS/HSS-HSSDN_NHSSCLK2_DU/HSSCALLP-03/COMMON-1/SH-1">
<measResults>0 125 0</measResults>
</measValue>
</measInfo>
<measInfo measInfoId="CX">
<granPeriod duration="PT900S" endTime="2021-08-21T22:00:00+08:00"/>
<repPeriod duration="PT900S"/>
<measTypes>RelayCxPPRNoRoute CxStackMessageDscrd CxPPR RelayRcvdCxPPR RelayCxRTRNoRoute RelayRcvdCxRTR CxRTR</measTypes>
<measValue measObjLdn="PLMN-PLMN/IMSNFM-CLK-VHSS/HSS-HSSDN_NHSSCLK2_DU/HSSCALLP-03/COMMON-1/CX-1">
<measResults>0 0 0 0 0 0 1</measResults>
</measValue>
</measInfo>
<measInfo measInfoId="SWX">
<granPeriod duration="PT900S" endTime="2021-08-21T22:00:00+08:00"/>
<repPeriod duration="PT900S"/>
<measTypes>RelaySWxPPRNoRoute SWxRTR RelaySWxRTRNoRoute RelayRcvdSWxPPR SWxPPR RelayRcvdSWxRTR</measTypes>
<measValue measObjLdn="PLMN-PLMN/IMSNFM-CLK-VHSS/HSS-HSSDN_NHSSCLK2_DU/HSSCALLP-03/COMMON-1/SWX-1">
<measResults>0 0 0 0 0 0</measResults>
</measValue>
</measInfo>
<measInfo measInfoId="ATI">
<granPeriod duration="PT900S" endTime="2021-08-21T22:00:00+08:00"/>
<repPeriod duration="PT900S"/>
<measTypes>AtiTimeOut AtiSuccResSentToTp AtiErrResSentToTp AtiSuccResFromHlr AtiReqRecvdFromTp AtiReqToHlrFailed AtiErrResFromHlr AtiReqSentToHlr AtiResToTpFailed</measTypes>
<measValue measObjLdn="PLMN-PLMN/IMSNFM-CLK-VHSS/HSS-HSSDN_NHSSCLK2_DU/HSSCALLP-03/TP-1/ATI-1">
<measResults>0 0 0 0 0 0 0 0 0</measResults>
</measValue>
</measInfo>
<measInfo measInfoId="LCR">
<granPeriod duration="PT900S" endTime="2021-08-21T22:00:00+08:00"/>
<repPeriod duration="PT900S"/>
<measTypes>LcrReqSentTo1xHLR LcrSuccResSentToTp LcrEmtyBegSntTo1xHLR LcrEmtyContFrm1xHLR LcrReqRecvdFromTp LcrSuccResFrom1xHLR</measTypes>
<measValue measObjLdn="PLMN-PLMN/IMSNFM-CLK-VHSS/HSS-HSSDN_NHSSCLK2_DU/HSSCALLP-03/TP-1/LCR-1">
<measResults>0 0 0 0 0 0</measResults>
</measValue>
</measInfo>
<measInfo measInfoId="HSACS">
<granPeriod duration="PT900S" endTime="2021-08-21T22:00:00+08:00"/>
<repPeriod duration="PT900S"/>
<measTypes>EXT_REQUESTS EXT_RESPONSES EXT_ERRORS TOTAL_RESPONSES TOTAL_REQUESTS TOTAL_ERRORS</measTypes>
<measValue measObjLdn="PLMN-PLMN/IMSNFM-CLK-VHSS/HSS-HSSDN_NHSSCLK2_DU/HSSCALLP-03/TP-1/HSACS-1">
<measResults>0 0 0 0 0 0</measResults>
</measValue>
</measInfo>
<measInfo measInfoId="OVERLOADHANDLING">
<granPeriod duration="PT900S" endTime="2021-08-21T22:00:00+08:00"/>
<repPeriod duration="PT900S"/>
<measTypes>VMResourceUtilization CounterForLoadLevel Node2CntrForLoadLevel</measTypes>
<measValue measObjLdn="PLMN-PLMN/IMSNFM-CLK-VHSS/HSS-HSSDN_NHSSCLK2_DU/HSSCALLP-03/TP-1/OVERLOADHANDLING-1">
<measResults>5 0 0</measResults>
</measValue>
</measInfo>
<measInfo measInfoId="S6A">
<granPeriod duration="PT900S" endTime="2021-08-21T22:00:00+08:00"/>
<repPeriod duration="PT900S"/>
<measTypes>S6aIDR S6aCLR RelayS6CLRNoRoute RelayS6DSRNoRoute RelayRcvdS6DSR S6aRSR RelayRcvdS6CLR S6aDSR RelayS6IDRNoRoute RelayRcvdS6IDR</measTypes>
<measValue measObjLdn="PLMN-PLMN/IMSNFM-CLK-VHSS/HSS-HSSDN_NHSSCLK2_DU/HSSCALLP-03/COMMON-1/S6A-1">
<measResults>399 31344 0 0 0 0 0 0 0 0</measResults>
</measValue>
</measInfo>
<measInfo measInfoId="ARQ">
<granPeriod duration="PT900S" endTime="2021-08-21T22:00:00+08:00"/>
<repPeriod duration="PT900S"/>
<measTypes>AsrSuccResSentToTp ArqReqSentTo1xHLR AsrEmtyContFrm1xHLR AsrSuccResFrom1xHLR AsrReqSentTo1xHLR AsrEmtyBegSntTo1xHLR ArqReqRecvdFromTp AsrReqRecvdFromTp ArqEmtyBegSntTo1xHLR ArqSuccResSentToTp ArqSuccResFrom1xHLR ArqEmtyContFrm1xHLR</measTypes>
<measValue measObjLdn="PLMN-PLMN/IMSNFM-CLK-VHSS/HSS-HSSDN_NHSSCLK2_DU/HSSCALLP-04/TP-1/ARQ-1">
<measResults>0 0 0 0 0 0 0 0 0 0 0 0</measResults>
</measValue>
</measInfo>
<measInfo measInfoId="RDR">
<granPeriod duration="PT900S" endTime="2021-08-21T22:00:00+08:00"/>
<repPeriod duration="PT900S"/>
<measTypes>RdrSuccResSnt RdrReqSentToTp RdrIndRecvd RdrSuccResRcvdFrmTp</measTypes>
<measValue measObjLdn="PLMN-PLMN/IMSNFM-CLK-VHSS/HSS-HSSDN_NHSSCLK2_DU/HSSCALLP-04/TP-1/RDR-1">
<measResults>0 0 0 0</measResults>
</measValue>
</measInfo>
<measInfo measInfoId="TFR">
<granPeriod duration="PT900S" endTime="2021-08-21T22:00:00+08:00"/>
<repPeriod duration="PT900S"/>
<measTypes>RECVD_SOAP_ACKEY_REQ UNS_SOAP_TRIG_REQ SENT_SOAP_SMCKEY_REQ RECVD_SOAP_TRIG_REQ</measTypes>
<measValue measObjLdn="PLMN-PLMN/IMSNFM-CLK-VHSS/HSS-HSSDN_NHSSCLK2_DU/HSSCALLP-04/HLRI-1/TFR-1">
<measResults>0 0 0 0</measResults>
</measValue>
</measInfo>
<measInfo measInfoId="ORREQ">
<granPeriod duration="PT900S" endTime="2021-08-21T22:00:00+08:00"/>
<repPeriod duration="PT900S"/>
<measTypes>OrreqIndRecvd OrreqSuccResSnt OrreqSuccResRcvdFrmTp OrreqReqSentToTp</measTypes>
<measValue measObjLdn="PLMN-PLMN/IMSNFM-CLK-VHSS/HSS-HSSDN_NHSSCLK2_DU/HSSCALLP-04/TP-1/ORREQ-1">
<measResults>0 0 0 0</measResults>
</measValue>
</measInfo>
<measInfo measInfoId="UMSTP">
<granPeriod duration="PT900S" endTime="2021-08-21T22:00:00+08:00"/>
<repPeriod duration="PT900S"/>
<measTypes>HdCLAOut5004 S6tNIAOut5011 InvalidNSRDataRef HdCLAOut5005 BlockHdSNROlCntr S6RSATimeout LDAPReadVerySlow S6CLRByS6ULRCntr SWxSAARestoreSucc HdPNAInErrCntr S6AIAOut5420_4G_RSN ShRespNoOCOVLSent S6DSAErrCntr S6PUAOut4002 SIMCrdChOvrTrig CxSARSyncFailed MapSaiNotPossibleCntr CxLIRprio2Dropped S6CLAErrCntr S6AIAOut5012_4G_RSN CxLIAOut5003B SWxRTAIn5012 S6aIDRPCSCFRestorCtr S6dDSAFailByAdmin S6tRIR CxPNAIn5001 HdCLROutCLVisitedVLR HdCLAOut5001 ShSNAOut4100 LDAPWriteSlow ZhMAAOut5003 CxLIAOut5003 CxSAAFailPCSCFRestor SWxSAAPDNGwUpdateSucc ShPNRMultSI CxLIAOut5001 ShPUAout4101 CxUAAEmerReg ShPNAIncNoSuccess CxServerAssignReqCntr CxSARprio1Dropped SWxMAAOut5001 SWxMAAOut5004 SWxMAAOut5005 SWxMAAOut5006 SWxRTAIn5001 S6cALROutTotal HdPNROutErrCntr S6tNIRTimeout S6cSRRInTotal SWxSAASuccess CxPPRBySubsAdminCntr S6dIDATimeout S6mnSIRIn CxLIAOut4002 CxUAAOut5002EmerReg CxSarPCSCFRestorCtr ShPNRByCxCntr CxRTRBySubsAdminCntr CxMAAOutOtherError CxSAAOut5011 S6CLRBySubsAdminCntr S6dCLAIncNoSuccess S6AIAOut5001_4G_RSN ShSNAOut4002 S6tNIAOut5001 S6cRespNoOCOVLSent S6aULR_VPLMN CxSAAOut5009 ShPUAOutOtherError S6RSAIncNoSuccess HdSNRNotPossibleCntr BlockHdUDROlCntr CxSAAOut5005 HdCLAin5004 MapClReqToSgsnCntr S6DSATimeout CxSAAOut5007 CxSAAOut5002 CxSAAOut5001 ShUDRprio2Success CxSAAOut5003 SWxMultimAuthReqCntr S6aNOASuccess S6tNIAOutOther AdminPNAIn5107 S6UpdateLocReqErrCntr SWxMAREquIdChksNeg ShSNAOut5104 S6dULAOut4002 ShSubscNotifErrCntr ShPNAIn5107 HdCLAOut5012 ShSNAOut5101 S6dCLRByHdCLR S6tNIAOut5451 CxMarRGnonAgentReject ShUDRprio0Dropped ShPNAIn5012 HdSNAinSuccess ShPNRByHd ShPNASubsAdminsuccess S6tReqOCSupFeatRcvd CXPPRDueToCXPPACntr S6dIDRPCSCFRestorCtr CxLIRprio0Received HdCLATimeout SWxMAAOut5450 ShUDRprio4Received S6AIAOut5420_4G_NOR CxLocInfoReqCntr S6tNIAOutRC4002 S6tRIRTimeout SWxPPRNotPossibleCntr SWxMAAOut5452 SWxMAAOut4002 S6cSRAOut5558 S6cSRAOut5557 S6cSRAOut5556 HdPNAOut5012 S6aIDAIn5001BySWx WxMAAOut5001 S6cSRAOut5550 S6dDSATimeout CxLIRprio4Success S6AIAOutOtherError CxPPAInNoSuccess BlockShPNROlCntr InvalidSATemplateData ShUserDataErrCntr ShPNAIn5001 InternalCtxExpired CxMultimAuthReqCntr CxRespNoOCOVLSent SWxPPANoSuccess S6cALRByS6aNORCtr HdPNAOut5004 SWxMAREquIdChksPos HdPNAOut5005 BlockS6RSROlCntr HdPUAinSuccess HdPNAOut5001 MapMtForwardSMReqCntr S6PurgeUEReqCntr S6cALAInSuccess HdCLRInSIMCardChOvr ShRespOCOVLSent AVPsMissingCx BlockSWxRTROlCntr S6RSAErrCntr WxMAAOut4002 CxUAAOut5001EmerReg StaleMessageCx SWxRespOCOVLSent S6AIAOut5003_3G_NOR CxUAAsuccess LDAPReadSlow CxLIRprio3Received S6AIR_4G_RSN S6dULAOut5001 S6dULAOut5004 HdPNAInSuccessCntr S6RespOCOVLSent ShUDRprio1Received CxSARprio3Success S6AIAOut4002_4G_NOR S6dULRVPLMNRequest WxMultimAuthErrCntr S6cALAInError HdCLAIn5012 S6aIDRByShUDRCtr HdCLAIn5006 S6mRespOCOVLSent MapSaiRespErr StaleMessageSWx ShPNRByRadiusCntr HdPNAOutSuccess ShUDAOut5001 ShUDAOut5002 ShSubscNotifReqCntr LDAPReadMaximum S6cSRAOutSuccess HdCLROutSgsnUpdate ShPNACxfailure AVPsMissingS6 ShPUAOut4002 S6AIAOut5012_3G_RSN S6aDSATimeout SWxPPRDueToReset CxMAAOut5003 ShProfUpdateErrCntr CxLIRprio1Dropped CxMAAOut5005 HdPURNotPossibleCntr CxMAAOut5006 S6AIAOut4002_3G_NOR CxMAAOut5001 SWxPPARstTimeout CxMAAOut5002 S6tNIR ShUDAOut5004 S6UpdateLocReqCntr S6tNIASuccess SLhRIAOutOther SWxRespNoOCOVLSent ShUDRPDNGWreqRecvd ShPUAOut5105 BlockS6tRIROlCntr HdCLRInSgsnUpdPreRel8 S6NotifReqErrCntr SWxResOCOVLendedSent ShPNAShfailure WxMultimAuthReqCntr S6mSIAOutRC4002 CxSARPCSCFRecovCtr S6PUAOutOtherError CxSARprio2Success ShPUAOut5101 CxSARprio2Received HdCLRNotPossibleCntr S6NotifReqCntr ShPUAOut5103 S6mnSIAOutOther ShUDRprio3Success BlockS6aCLROlCntr CxLIRWithRegAndCap MapClReqNotPosCntr S6mResOCOVLendedSent CxRTRNotPossibleCntr CxLIAOut2003 ShSNAsuccess ShUDAOut5101 ShUDAOut5102 S6aULRVPLMNRequest CxUAREmerReg S6AIAOut5003_3G_RSN HdPNRIn LDAPReadNormal ShUDRprio3Received S6DSAFailByAdmin S6IDAErrCntr S6ULAOutOtherError MapSriNotPossibleCntr S6AIAOut5003_4G_NOR ShPUAOut5008 S6RSRBySubsAdminCntr ShUDAOut4002 S6PurgeUEReqErrCntr SWxPPASuccess ShPUAOut5001 BlockCxRTROlCntr SWxReqOCSupFeatRcvd ShPUAOut5002 BlockS6cALROlCntr MapMoForwardSMReqCntr LteAutoProvError CxSARprio0Dropped S6AIAOut4181_3G_NOR SWxPPASucPCSCFRestor BlockS6IDROlCntr S6cRDRInTotal S6IDATimeout S6aAIASuccess CxRTRByRadiusCntr CxSARprio4Dropped S6tNIRIn SWxRTASuccess HdUDATimeout MapEsrvccDtrOrreq S6aCLATimeout S6tCIAOutOther SWxPPAIn5012 ShUDRprio1Dropped ImplausibleClocksCx CxRTAIn5012 S6RSRNotPossibleCntr FlAccessAttemptCount ShUDRprio2Dropped SWxPPRPCSCFRestorCtr S6RSRSuccess S6AIAOut4002_3G_RSN CxRTAErrCntr S6AIAOut5012_3G_NOR CxLIRprio4Received ShPNAErrCntr S6dULAOut5420 ShPNRBySubsAdminCntr S6dULAOut5421 HdCLAOutOther SWxPPAIn5001 ShResOCOVLendedSent S6mSIAOutRC5012 MapLupClRespErr ShProfUpdateReqCntr S6aIDRBySWxSarCtr S6aIDASuccessBySh S6nSIRIn CxPPRNotPossibleCntr CxRTATimeout S6PUANotRegPeer CxMAAOut4002 S6IDRNotPossibleCntr HdSNROut MapUpdateLocReqCntr SWxPPARstErrCntr S6tCIAOut5001 CxSAAOut4002 S6tCIAOut5010 S6aIDAFailByCx S6tCIAOut5011 HdSNAinOther S6dPUASuccess S6dULRHPLMNRequest ShUDAOut5011 S6aIDAIn5012ByAdmin S6aIDASuccessByAdmin S6aIDAIn5001ByAdmin CxRTAIn5001 HdCLAInSuccess CxSARprio3Received CxLIRprio3Success SWxRTRDueToSwxMARCntr S6mSIAOut5510 S6mSIAOut5511 ShUDRprio4Success HdCLROutCardChange MapAtiReqCntr SLhRIAOut4201 SWxRTANoSuccess S6aIDAFailByAdmin CxPPAIn5008 HdCLAInOther CxPPAIn5009 CxLIRprio2Received S6tCIAOutRC4002 HdUDRNotPossibleCntr ShPNACxsuccess LdapWriteSuccCntr BlockS6DSROlCntr AdminDataChngCntr S6ULREquIdChksnoProv S6cSRAOutRC5004 SWxSARwithEmergPDNGW CxMultimAuthErrCntr S6cSRAOutRC5005 S6NOAOutOtherError CxUAAOut5003B S6cRDAOutRC4002 ShPNAShsuccess ShUDRprio2Received CxPPAIn5001 CxLIRprio0Dropped CxLIRprio4Dropped AVPsMissingSWx HdPNAinAVPDropped S6ULREquIdChksImpos ShSNAOutOtherError S6NOAOut4002 S6mSIASuccess CxRTRByCxMACntr HdSNAin5006 S6cRDAOut5001 ShReqOCSupFeatRcvd CxPPATimeout ShPNRNotPossibleCntr S6aULAOut5421 MapRedirectReqCntr CxUAAOutOtherError S6AIR_3G_NOR CxPPAErrCntr BlockS6tNIROlCntr S6DSRNotPossibleCntr S6aIDATimeout HdSNAin5004 S6dULR_VPLMN CxSARprio3Dropped HdCLRInSgsnAttach BlockHdCLROlCntr MapCancLocErrCntr CxUAAOut5005 CxUAAOut5004 S6cReqOCSupFeatRcvd CxUAAOut5003 HdUDAin5012 CxUAAOut5002 S6ULREquIdChksNeg CxUAAOut5001 LDAPWriteFast S6aULAOut4002 SLhRIAOutRC5007 SWxSARPDNGwUpdateReq HdCLROut CxResOCOVLendedSent S6aIDAFailPCSCFRestor TpIntErrCntr CxUserAuthReqCntr S6tCIASuccess LDAPWriteVerySlow MapULNotPossibleCntr MapMtForwardSMErrCntr S6tResOCOVLendedSent HdSNATimeout HdSNAin5012 S6NOAOut5001 HdPNROutSuccessCntr LdapReadSuccCntr MapAtiNotPossibleCntr CxSARprio1Success SLhRIAOutRC5012 S6aCLRByHdCLR S6AIAOut5001_3G_NOR HdCLRInCardChange S6cSRAOutRC5012 ShPNATimeout BlockS6dCLROlCntr CxSARprio1Received S6IDRByShPURCtr LDAPReadFast CxPPAIn5012 S6cRDAOutSuccess S6aIDASuccessBySWx S6aULASuccess S6NOAOut5423 InvalidSATemplateRef SWxSARRestoreReq AuCCtxExpired ShPUAOut5011 ShUDRprio3Dropped MapSriRespErr FlRemDueToOverflow S6aIDAIn5001BySh CxSAAOutOtherError S6dIDAFailPCSCFRestor WxEAPAKAAuthReqCntr ShUDAsuccess FlLimitReachedCount CxUARWithRegAndCap S6dIDASucPCSCFRestor HdCLROutMmeAttach CxSARprio4Received S6nSIAOutRC5012 ShUDAOut4100 CxPNAIN5107 CxLIRprio2Success ImplausibleClocksSWx NoReliableLocalTime S6AIR_3G_RSN CxRTAsuccess MapSaiReqCntr StaleMessageS6 SWxRTRByHdCLR CxRespOCOVLSent S6dUpdLocReqErrCntr S6mSIAOutOther SWxMAAOut5004B BlockHdPUROlCntr S6aIDASucPCSCFRestor SLhRIAOut5001 CxReqOCSupFeatRcvd S6aIDAFailBySWx MapMoForwardSMRespErr SWxPPRtrigEmergPDNGW S6IDRBySubsAdminCntr S6aULAOut5420 ShUDAOutOtherError RadAccountReqStartErr LdapReadErrorCntr CxPNAIN5012 S6AIAOut5003_4G_RSN S6AuthInfoReqErrCntr LDAPWriteNormal CxUAAOut4002 CxUAAOtherErrEmerReg S6CLRNotPossibleCntr S6aPUASuccess S6tCIAOut5511 S6tCIAOut5512 S6tCIAOut5514 SLhRIAOut5490 S6mSIAOut5598 S6tCIAOut5510 S6AIAOut5001_3G_RSN HdUDROut LdapWriteErrorCntr S6AIAOut4181_3G_RSN ShPNASubsAdminfailure S6AIAOut5420_3G_NOR ShUDRprio0Success BlockCxPPROlCntr AdminDataChngErrCntr CxServerAssignErrCntr S6RSRFailByInvokeRest CxUAAOut5012EmerReg MapCancLocReqCntr CxSAAServerName S6ULREquIdChksPos HdCLAOutSuccess ShPNAS6Success ZhMAASuccess S6mSIAOut5001 SWxPPATimeout HdPUATimeout HdPUAin5012 LDAPWriteMaximum CxLIRprio3Dropped SWxSAAOut5001 SWxSAAOut5003 ShPURMultSI SWxSAAOut5005 SWxSAAOut5004 MapMoFSMNotPosCntr WxMAAOut5043 CxPPAsuccess S6tNIAOutRC5012 WxMAAOut5041 SWxPPARstInNoSuccess ZhMAAOut5401 CxSARprio4Success SWxPPRDueToS6aNORCntr MapSriReqCntr S6mReqOCSupFeatRcvd S6DSRBySubsAdminCntr CxSARprio0Success S6AIAOut4181_4G_RSN CxRTAInNoSuccess ShUserDataReqCntr S6ReqOCSupFeatRcvd SWxMultimAuthErrCntr MapAtiRespErr ShPNRByShCntr S6aCLAIncNoSuccess HdPUAin5004 SWxMAASuccess HdPUAin5006 SWxRTRNotPossibleCntr ShUDRprio1Success RadiusAccountReqSTART S6RespNoOCOVLSent CxLocInfoErrCntr CxLIRprio1Received MapVccRegularOrreq HdPNAOutOther RadiusAccessReq HdCLRIn S6dULASuccess S6tNIAOut5511 S6PNAIn5001 S6cALRByS6aULRCtr S6ResOCOVLendedSent S6tCIRIn HdUDAinSuccess S6AIR_4G_NOR WxMAAOut5004 S6AIAOut4002_4G_RSN S6AIAOut5420_3G_RSN S6tRespOCOVLSent CxLIRprio1Success LdapWriteOtherCntr SLhRIASuccess S6dCLATimeout BlockSWxPPROlCntr S6PNAIn5012 S6aIDAIn5012BySh MapUpdateLocRespErr S6tNIAOutRC5004 S6tNIAOutRC5005 LteAutoProvSuccess ReqRejDueToNoCtx HdCLRinAVPDropped HdPUAinOther S6tNIAOutRC5001 CxUserAuthErrCntr SWxServerAsgnReqCntr CxMAAsuccess CxSAAsuccess RadAccountReqStopErr S6PNAIn5107 S6tCIAOutRC5012 S6AIAOut5012_4G_NOR ShUDRprio4Dropped S6tRespNoOCOVLSent S6aIDASuccessByCx HdUDAinOther CxLIAsuccess ZhMultimAuthReqCntr CxLIAOutOtherError S6aULAOut5001 SWxPPRStaleSessnCntr S6aIDRByCxSarCtr S6cRDAOutRC5012 S6cResOCOVLendedSent RadiusAccountReqSTOP AdminPNAIn5012 S6tCIAOutRC5006 S6tCIAOutRC5004 S6tCIAOutRC5005 ShPNRByS6 ShUDRprio0Received HdPUROut S6aS6dPUASuccess S6tCIAOutRC5001 HdUDAin5006 SWxServerAsgnErrCntr CxLIRprio0Success SWxRTATimeout S6AIAOut4181_4G_NOR HdUDAin5004 MapImrnReqCntr SWxSAAOut5450 S6aULR_HPLMN SWxRTAErrCntr CxSARprio0Received SWxSAAOut5452 S6aIDAFailBySh LdapReadOtherCntr SWxSAAOut4002 S6cRDAOut5558 SWxPPAFailPCSCFRestor S6cRDAOutRC5004 ShSNAOut5001 ZhMultimAuthErrCntr AdminPNAIn5001 ShSNAOut5002 FlInsertedImsiCount S6AIAOut5001_4G_NOR S6aULRHPLMNRequest HdCLROutSIMCardChOvr S6aDSAFailByAdmin SLhRIRIn SWxRTRBySubsAdminCntr WxEAPSIMAuthReqCntr SWxPPAErrCntr S6cRespOCOVLSent SWxMAREquIdChksnoProv ShPUAsuccess ShPNAInDataErr HdCLRInSgsnUpdate S6aIDRtrigEmergPDNGW S6aIDAIn5012BySWx ShSNAOut5011 SWxPPRBySubsAdminCntr S6aNORwithEmergPDNGW CxRTRByCxSACntr HdPNRinAVPDropped SWxPPRRstNotPosCtr SLhRIAOutRC4002 S6aULAOut5004 S6PUAOut5001 S6dULR_HPLMN S6mSIRIn S6cSRAOut5001 WxMAASuccess S6AIAOut4181 ImplausibleClocksS6 SWxMAREquIdChksImpos S6cSRAOutRC4002 CxSARprio2Dropped S6mRespNoOCOVLSent</measTypes>
<measValue measObjLdn="PLMN-PLMN/IMSNFM-CLK-VHSS/HSS-HSSDN_NHSSCLK2_DU/HSSCALLP-04/TP-1/UMSTP-1">
<measResults>0 0 0 0 0 0 0 2037 0 0 0 0 0 0 0 0 0 0 3 0 0 0 0 0 0 0 0 0 0 0 0 0 5 0 0 1258 0 0 0 6764 0 0 0 0 0 0 0 0 0 0 0 0 0 0 0 0 5 0 0 0 0 0 0 0 0 0 0 317 0 0 0 0 0 0 0 0 0 0 0 1 0 0 0 4578 0 0 0 0 0 0 0 0 0 0 0 0 0 0 0 0 0 0 0 0 0 0 0 0 0 487 4939 0 0 0 0 0 0 0 0 0 0 0 0 0 0 0 0 0 0 0 0 0 4731 0 0 0 0 0 0 0 0 0 0 229 0 0 0 0 0 0 0 0 0 0 0 12352 0 0 13 0 0 0 0 0 0 0 0 0 0 0 99 0 0 0 0 0 0 0 0 2137 0 0 12180 0 0 0 0 0 0 0 6 0 0 0 0 0 0 0 0 0 0 14922 0 0 0 0 22 0 23631 0 0 0 0 0 0 0 0 0 0 0 4578 0 0 0 0 0 0 0 0 158 2137 0 0 317 0 0 0 2 0 0 0 0 0 18 0 0 0 0 0 0 0 0 0 0 0 0 0 0 0 0 0 0 25483 0 0 0 0 0 0 1 0 0 0 0 0 0 0 0 0 0 0 0 0 0 0 0 0 0 0 0 0 0 0 9081 0 312 0 0 0 5 0 0 0 0 0 0 0 0 0 0 0 0 0 0 0 0 0 0 12180 0 0 0 0 0 0 0 0 0 0 0 0 0 0 0 0 0 0 0 0 5 0 0 0 0 0 0 0 0 110 0 0 0 0 0 0 0 0 0 0 0 0 0 0 0 0 0 0 0 0 0 0 0 0 0 0 0 2 0 0 0 0 0 0 0 1 0 49 78728 0 0 0 12179 0 0 0 12403 0 0 0 0 0 0 0 0 0 0 0 0 0 23629 0 0 0 0 0 0 213 110131 0 0 0 14919 0 0 0 0 0 0 0 0 0 0 0 0 6808 0 0 0 0 0 0 0 0 0 0 0 0 0 0 0 0 0 0 0 0 0 0 0 0 0 0 0 0 2 0 0 0 0 0 0 89 0 0 0 224 0 0 0 0 0 0 0 0 0 0 0 0 0 0 0 5 0 0 0 0 0 23630 0 0 0 0 0 0 0 0 0 0 0 0 0 0 0 0 0 0 0 0 0 0 0 0 0 0 0 0 6807 0 0 0 110 0 0 0 0 0 0 0 0 0 0 0 0 0 23628 0 0 0 0 0 0 0 26254 0 0 0 0 0 6 0 0 0 0 0 0 0 0 0 0 0 0 0 0 0 4731 6759 0 0 0 0 0 0 0 0 3523 0 0 0 0 0 0 0 0 0 0 0 0 0 0 0 0 0 0 0 0 0 0 0 0 0 14610 0 0 0 0 0 0 0 0 0 0 0 0 0 0 282 14604 0 0 0 0 0 0 0 0 9054 0 0 0 0 0 0 0 0 0 0 0 6 0 0 0 0 0 0 0 0 0 0 0</measResults>
</measValue>
</measInfo>
<measInfo measInfoId="ACTPADAPTER">
<granPeriod duration="PT900S" endTime="2021-08-21T22:00:00+08:00"/>
<repPeriod duration="PT900S"/>
<measTypes>QNTS_RET_TO_HSS_RESYN TRIPLES_REQ_BY_HSS QNTS_RET_TO_HSS_IMM QNTS_RET_TO_HSS_NIMM QNTS_REQ_BY_HSS_NIMM RECVD_AFR_IN_AC QNTS_REQ_BY_HSS_IMM QNTS_REQ_BY_HSS_RESYN TRIPLES_RET_TO_HSS</measTypes>
<measValue measObjLdn="PLMN-PLMN/IMSNFM-CLK-VHSS/HSS-HSSDN_NHSSCLK2_DU/HSSCALLP-04/TP-1/HSACP-1/ACTPADAPTER-1">
<measResults>0 0 0 0 0 0 0 0 0</measResults>
</measValue>
</measInfo>
<measInfo measInfoId="TRIGGERFRAMEWORK">
<granPeriod duration="PT900S" endTime="2021-08-21T22:00:00+08:00"/>
<repPeriod duration="PT900S"/>
<measTypes>MSSEARCH_HLR_INTR_ERR MSSEARCH_RES_SUCCESS MSSEARCH_UNDELIVERBLE InvokeRestSuccess MSSEARCH_HLR_OTHR_ERR RECVD_TRG_MESSAGES InvokeRestRec UNS_TRG_MESSAGES MSSEARCH_REQ_SENT_CTR</measTypes>
<measValue measObjLdn="PLMN-PLMN/IMSNFM-CLK-VHSS/HSS-HSSDN_NHSSCLK2_DU/HSSCALLP-04/TP-1/TRIGGERFRAMEWORK-1">
<measResults>0 0 0 0 0 5 0 0 0</measResults>
</measValue>
</measInfo>
<measInfo measInfoId="UHSM">
<granPeriod duration="PT900S" endTime="2021-08-21T22:00:00+08:00"/>
<repPeriod duration="PT900S"/>
<measTypes>EXT_REQUESTS PROXY_RESPONSES EXT_RESPONSES EXT_ERRORS TOTAL_RESPONSES PROXY_TIMEOUTS REQ_NOT_QUEUED TOTAL_REQUESTS PROXY_ERRORS REQ_QUEUED PROXY_REQUESTS TOTAL_ERRORS</measTypes>
<measValue measObjLdn="PLMN-PLMN/IMSNFM-CLK-VHSS/HSS-HSSDN_NHSSCLK2_DU/HSSCALLP-04/HLRI-1/ACS-1/UHSM-1">
<measResults>0 0 0 0 0 0 0 0 0 0 0 0</measResults>
</measValue>
</measInfo>
<measInfo measInfoId="HSDIA">
<granPeriod duration="PT900S" endTime="2021-08-21T22:00:00+08:00"/>
<repPeriod duration="PT900S"/>
<measTypes>S6NOADropped DiaCerRejConAvailable ShPURDropped SLhOlBlockRIRCtr ShPNADropped CxOlBlockLIRCtr S6tRIADropped CxRTADropped S6OlBlockNORCtr HdPNRDropped DiaMessageSent MacOctSentEth2 MacOctSentEth3 S6mnOlBlockSIRCtr MacOctSentEth0 ShOlBlockSNRCtr MacOctSentEth1 HdOlBlockCLRCtr MacOctSentEth6 MacOctSentEth7 DiaMessageRcvd MacOctSentEth4 MacOctSentEth5 CxLIADropped S6aNORDroppedDrmp SWxRTADropped ShPUADropped S6OlBlockULRCtr DiaProtocolErrors MacOctReceivedEth7 MacOctReceivedEth6 S6aULRDroppedDrmp MacOctReceivedEth5 MacOctReceivedEth4 MacOctReceivedEth3 MacOctReceivedEth2 S6tOlBlockNIRRCtr MacOctReceivedEth1 MacOctReceivedEth0 DiaReqDropByRcvr RoDroppedCtr ShUDADropped SWxOlBlockMARCtr SWxPPADropped SWxOlBlockSARCtr SWxSAADropped SctpDataChunkSent DPDDnsRequestsSuccess S6mnSIRDropped CxOlBlockUARCtr HdCLRDropped RcvdCeaErrCtr S6PUADropped S6aPURDroppedDrmp E2DroppedCtr S6aPURDropped CxUARDropped CxMAADropped S6tNIRDropped DiameterTooBusy SctpDataChunkReceived CxUAADropped ZhMARDropped DiaUnknownAVPs S6OlBlockAIRCtr RfDroppedCtr SWxMARDropped SentCeaErrCtr DiaWrongProtType S6tOlBlockCIRCtr ShSNADropped RcvdCerCtr CxPPADropped DiaConnRejAdminBlkd WxMAADropped S6CLADropped S6tNIAIncomingDropped SctpDataChunkReSent S6cOlBlockSRRCtr S6cSRRDropped SWxSARDropped ZhOlBlockMARCtr S6OlBlockPURCtr DiaOutConnUnavailDur CxSARDropped S6tCIRDropped DPDDnsRequestsError S6RSADropped CxMARDropped ShOlBlockUDRCtr CxLIRDropped WxOlBlockMARCtr S6AIADropped S6cOlBlockRDRCtr NbrSctpUnavailable ShOlBlockPURCtr CxOlBlockMARCtr S6aAIRDropped ShSNRDropped S6aULRDropped CxOlBlockSARCtr SWxMAADropped DiaCerRejMaxConExcd ShUDRDropped DiaConnRejSysInOvl SendCerCtr S6aAIRDroppedDrmp S6DSADropped WxDroppedCtr CxSAADropped S6ULADropped S6aNORDropped SLhRIRDropped HdOlBlockPNRCtr S6cRDRDropped SctpUnavailDuration DiaMsgDropAtSndr S6IDADropped</measTypes>
<measValue measObjLdn="PLMN-PLMN/IMSNFM-CLK-VHSS/HSS-HSSDN_NHSSCLK2_DU/HSSCALLP-04/COMMON-1/HSDIA-1">
<measResults>0 0 0 0 0 0 0 0 0 0 0 242 0 0 131 0 0 0 0 0 0 0 0 0 0 0 0 0 0 0 0 0 0 0 0 492 0 0 123 0 0 0 0 0 0 0 0 0 0 0 0 0 0 0 0 0 0 0 0 0 0 0 0 0 0 0 0 0 0 0 0 0 0 0 0 0 0 0 0 0 0 0 0 0 0 0 0 0 0 0 0 0 0 0 0 0 0 0 0 0 0 0 0 0 0 0 0 0 0 0 0 0 0 0 0 0 0 0</measResults>
</measValue>
</measInfo>
<measInfo measInfoId="IMSLB">
<granPeriod duration="PT900S" endTime="2021-08-21T22:00:00+08:00"/>
<repPeriod duration="PT900S"/>
<measTypes>DataStoreWriteFailure DataStoreWriteSuccess DataStoreReadSuccess ConnectedHAGroups DataStoreReadFailure IcmRemoteSendFail NodesInUpState</measTypes>
<measValue measObjLdn="PLMN-PLMN/IMSNFM-CLK-VHSS/HSS-HSSDN_NHSSCLK2_DU/HSSCALLP-04/COMMON-1/IMSLB-1">
<measResults>0 0 0 0 0 0 0</measResults>
</measValue>
</measInfo>
<measInfo measInfoId="ANZ">
<granPeriod duration="PT900S" endTime="2021-08-21T22:00:00+08:00"/>
<repPeriod duration="PT900S"/>
<measTypes>AnsSuccResRcvdFrmTp AnzIndRecvdFromSCP AnzSuccResSntToSCP AnzReqSentToTp</measTypes>
<measValue measObjLdn="PLMN-PLMN/IMSNFM-CLK-VHSS/HSS-HSSDN_NHSSCLK2_DU/HSSCALLP-04/TP-1/ANZ-1">
<measResults>0 0 0 0</measResults>
</measValue>
</measInfo>
<measInfo measInfoId="RUR">
<granPeriod duration="PT900S" endTime="2021-08-21T22:00:00+08:00"/>
<repPeriod duration="PT900S"/>
<measTypes>RurReqSentToTp RurSuccResSntTo1xHLR RurSuccResRcvdFrmTp RurIndRecvdFrom1xHLR</measTypes>
<measValue measObjLdn="PLMN-PLMN/IMSNFM-CLK-VHSS/HSS-HSSDN_NHSSCLK2_DU/HSSCALLP-04/TP-1/RUR-1">
<measResults>0 0 0 0</measResults>
</measValue>
</measInfo>
<measInfo measInfoId="DIAMETERDISP">
<granPeriod duration="PT900S" endTime="2021-08-21T22:00:00+08:00"/>
<repPeriod duration="PT900S"/>
<measTypes>DiaUnknownMsg ShPNASentCntr ShUDA5012RespRecCntr DiaResolveTriggered ShUDA5101RespRecCntr ShPNA2001RespSentCntr ShPUA5012RespRecCntr ShPUA5008RespRecCntr DPDDnsDID02Error ShPUA5103RespRecCntr ShPUARecCntr ShSNA5001RespRecCntr ShUDA4100RespRecCntr ShPNA5008RespSentCntr ShUDRSentCntr ShPURSentCntr ShSNA2001RespRecCntr ShPUA4002RespRecCntr ShSNA5104RespRecCntr ConnectionsCE2 ConnectionsCE1 ShPNA5107RespSentCntr ShPUA5101RespRecCntr ShPUA5001RespRecCntr ShPNRRecCntr NoDiameterConnect ShSNA5012RespRecCntr CtxForOutMsgExpired ShSNA5106RespRecCntr ShPUA4101RespRecCntr ShPUA5108RespRecCntr ShUDA5001RespRecCntr ReqsDroppedDueToGS CtxForInMsgExpired DPDDnsDID02Success DiaRetransMsg ShSNA5101RespRecCntr ShPNA5100RespSentCntr ShUDA5102RespRecCntr PeerRqRjctdDueToGS DPDDnsDID01Success DPDDnsDID01Error ShPUA2001RespRecCntr ShSNRSentCntr DiaForwardedMsgs ShSNA5108RespRecCntr ShSNARecCntr InvalidShMsgRecCntr ShPNA5001RespSentCntr ShPNA5012RespSentCntr ShUDARecCntr ShPUA5105RespRecCntr ShUDA2001RespRecCntr</measTypes>
<measValue measObjLdn="PLMN-PLMN/IMSNFM-CLK-VHSS/HSS-HSSDN_NHSSCLK2_DU/HSSCALLP-04/COMMON-1/DIAMETERDISP-1">
<measResults>0 0 0 0 0 0 0 0 0 0 0 0 0 0 0 0 0 0 0 0 0 0 0 0 0 0 0 0 0 0 0 0 0 0 0 0 0 0 0 0 0 0 0 0 0 0 0 0 0 0 0 0 0</measResults>
</measValue>
</measInfo>
<measInfo measInfoId="SH">
<granPeriod duration="PT900S" endTime="2021-08-21T22:00:00+08:00"/>
<repPeriod duration="PT900S"/>
<measTypes>RelayRcvdShPNR ShPNR RelayShPNRNoRoute</measTypes>
<measValue measObjLdn="PLMN-PLMN/IMSNFM-CLK-VHSS/HSS-HSSDN_NHSSCLK2_DU/HSSCALLP-04/COMMON-1/SH-1">
<measResults>0 110 0</measResults>
</measValue>
</measInfo>
<measInfo measInfoId="SWX">
<granPeriod duration="PT900S" endTime="2021-08-21T22:00:00+08:00"/>
<repPeriod duration="PT900S"/>
<measTypes>RelaySWxPPRNoRoute SWxRTR RelaySWxRTRNoRoute RelayRcvdSWxPPR SWxPPR RelayRcvdSWxRTR</measTypes>
<measValue measObjLdn="PLMN-PLMN/IMSNFM-CLK-VHSS/HSS-HSSDN_NHSSCLK2_DU/HSSCALLP-04/COMMON-1/SWX-1">
<measResults>0 0 0 0 0 0</measResults>
</measValue>
</measInfo>
<measInfo measInfoId="CX">
<granPeriod duration="PT900S" endTime="2021-08-21T22:00:00+08:00"/>
<repPeriod duration="PT900S"/>
<measTypes>RelayCxPPRNoRoute CxStackMessageDscrd CxPPR RelayRcvdCxPPR RelayCxRTRNoRoute RelayRcvdCxRTR CxRTR</measTypes>
<measValue measObjLdn="PLMN-PLMN/IMSNFM-CLK-VHSS/HSS-HSSDN_NHSSCLK2_DU/HSSCALLP-04/COMMON-1/CX-1">
<measResults>0 0 0 0 0 0 0</measResults>
</measValue>
</measInfo>
<measInfo measInfoId="ATI">
<granPeriod duration="PT900S" endTime="2021-08-21T22:00:00+08:00"/>
<repPeriod duration="PT900S"/>
<measTypes>AtiTimeOut AtiSuccResSentToTp AtiErrResSentToTp AtiSuccResFromHlr AtiReqRecvdFromTp AtiReqToHlrFailed AtiErrResFromHlr AtiReqSentToHlr AtiResToTpFailed</measTypes>
<measValue measObjLdn="PLMN-PLMN/IMSNFM-CLK-VHSS/HSS-HSSDN_NHSSCLK2_DU/HSSCALLP-04/TP-1/ATI-1">
<measResults>0 0 0 0 0 0 0 0 0</measResults>
</measValue>
</measInfo>
<measInfo measInfoId="LCR">
<granPeriod duration="PT900S" endTime="2021-08-21T22:00:00+08:00"/>
<repPeriod duration="PT900S"/>
<measTypes>LcrReqSentTo1xHLR LcrSuccResSentToTp LcrEmtyBegSntTo1xHLR LcrEmtyContFrm1xHLR LcrReqRecvdFromTp LcrSuccResFrom1xHLR</measTypes>
<measValue measObjLdn="PLMN-PLMN/IMSNFM-CLK-VHSS/HSS-HSSDN_NHSSCLK2_DU/HSSCALLP-04/TP-1/LCR-1">
<measResults>0 0 0 0 0 0</measResults>
</measValue>
</measInfo>
<measInfo measInfoId="HSACS">
<granPeriod duration="PT900S" endTime="2021-08-21T22:00:00+08:00"/>
<repPeriod duration="PT900S"/>
<measTypes>EXT_REQUESTS EXT_RESPONSES EXT_ERRORS TOTAL_RESPONSES TOTAL_REQUESTS TOTAL_ERRORS</measTypes>
<measValue measObjLdn="PLMN-PLMN/IMSNFM-CLK-VHSS/HSS-HSSDN_NHSSCLK2_DU/HSSCALLP-04/TP-1/HSACS-1">
<measResults>0 0 0 0 0 0</measResults>
</measValue>
</measInfo>
<measInfo measInfoId="OVERLOADHANDLING">
<granPeriod duration="PT900S" endTime="2021-08-21T22:00:00+08:00"/>
<repPeriod duration="PT900S"/>
<measTypes>VMResourceUtilization CounterForLoadLevel Node2CntrForLoadLevel</measTypes>
<measValue measObjLdn="PLMN-PLMN/IMSNFM-CLK-VHSS/HSS-HSSDN_NHSSCLK2_DU/HSSCALLP-04/TP-1/OVERLOADHANDLING-1">
<measResults>4 0 0</measResults>
</measValue>
</measInfo>
<measInfo measInfoId="S6A">
<granPeriod duration="PT900S" endTime="2021-08-21T22:00:00+08:00"/>
<repPeriod duration="PT900S"/>
<measTypes>S6aIDR S6aCLR RelayS6CLRNoRoute RelayS6DSRNoRoute RelayRcvdS6DSR S6aRSR RelayRcvdS6CLR S6aDSR RelayS6IDRNoRoute RelayRcvdS6IDR</measTypes>
<measValue measObjLdn="PLMN-PLMN/IMSNFM-CLK-VHSS/HSS-HSSDN_NHSSCLK2_DU/HSSCALLP-04/COMMON-1/S6A-1">
<measResults>312 25667 0 0 0 0 0 0 0 0</measResults>
</measValue>
</measInfo>
<measInfo measInfoId="ARQ">
<granPeriod duration="PT900S" endTime="2021-08-21T22:00:00+08:00"/>
<repPeriod duration="PT900S"/>
<measTypes>AsrSuccResSentToTp ArqReqSentTo1xHLR AsrEmtyContFrm1xHLR AsrSuccResFrom1xHLR AsrReqSentTo1xHLR AsrEmtyBegSntTo1xHLR ArqReqRecvdFromTp AsrReqRecvdFromTp ArqEmtyBegSntTo1xHLR ArqSuccResSentToTp ArqSuccResFrom1xHLR ArqEmtyContFrm1xHLR</measTypes>
<measValue measObjLdn="PLMN-PLMN/IMSNFM-CLK-VHSS/HSS-HSSDN_NHSSCLK2_DU/HSSCALLP-01/TP-1/ARQ-1">
<measResults>0 0 0 0 0 0 0 0 0 0 0 0</measResults>
</measValue>
</measInfo>
<measInfo measInfoId="RDR">
<granPeriod duration="PT900S" endTime="2021-08-21T22:00:00+08:00"/>
<repPeriod duration="PT900S"/>
<measTypes>RdrSuccResSnt RdrReqSentToTp RdrIndRecvd RdrSuccResRcvdFrmTp</measTypes>
<measValue measObjLdn="PLMN-PLMN/IMSNFM-CLK-VHSS/HSS-HSSDN_NHSSCLK2_DU/HSSCALLP-01/TP-1/RDR-1">
<measResults>0 0 0 0</measResults>
</measValue>
</measInfo>
<measInfo measInfoId="TFR">
<granPeriod duration="PT900S" endTime="2021-08-21T22:00:00+08:00"/>
<repPeriod duration="PT900S"/>
<measTypes>RECVD_SOAP_ACKEY_REQ UNS_SOAP_TRIG_REQ SENT_SOAP_SMCKEY_REQ RECVD_SOAP_TRIG_REQ</measTypes>
<measValue measObjLdn="PLMN-PLMN/IMSNFM-CLK-VHSS/HSS-HSSDN_NHSSCLK2_DU/HSSCALLP-01/HLRI-1/TFR-1">
<measResults>0 0 0 0</measResults>
</measValue>
</measInfo>
<measInfo measInfoId="ORREQ">
<granPeriod duration="PT900S" endTime="2021-08-21T22:00:00+08:00"/>
<repPeriod duration="PT900S"/>
<measTypes>OrreqIndRecvd OrreqSuccResSnt OrreqSuccResRcvdFrmTp OrreqReqSentToTp</measTypes>
<measValue measObjLdn="PLMN-PLMN/IMSNFM-CLK-VHSS/HSS-HSSDN_NHSSCLK2_DU/HSSCALLP-01/TP-1/ORREQ-1">
<measResults>0 0 0 0</measResults>
</measValue>
</measInfo>
<measInfo measInfoId="ACTPADAPTER">
<granPeriod duration="PT900S" endTime="2021-08-21T22:00:00+08:00"/>
<repPeriod duration="PT900S"/>
<measTypes>QNTS_RET_TO_HSS_RESYN TRIPLES_REQ_BY_HSS QNTS_RET_TO_HSS_IMM QNTS_RET_TO_HSS_NIMM QNTS_REQ_BY_HSS_NIMM RECVD_AFR_IN_AC QNTS_REQ_BY_HSS_IMM QNTS_REQ_BY_HSS_RESYN TRIPLES_RET_TO_HSS</measTypes>
<measValue measObjLdn="PLMN-PLMN/IMSNFM-CLK-VHSS/HSS-HSSDN_NHSSCLK2_DU/HSSCALLP-01/TP-1/HSACP-1/ACTPADAPTER-1">
<measResults>0 0 0 0 0 0 0 0 0</measResults>
</measValue>
</measInfo>
<measInfo measInfoId="UMSTP">
<granPeriod duration="PT900S" endTime="2021-08-21T22:00:00+08:00"/>
<repPeriod duration="PT900S"/>
<measTypes>HdCLAOut5004 S6tNIAOut5011 InvalidNSRDataRef HdCLAOut5005 BlockHdSNROlCntr S6RSATimeout LDAPReadVerySlow S6CLRByS6ULRCntr SWxSAARestoreSucc HdPNAInErrCntr S6AIAOut5420_4G_RSN ShRespNoOCOVLSent S6PUAOut4002 S6DSAErrCntr SIMCrdChOvrTrig CxSARSyncFailed MapSaiNotPossibleCntr CxLIRprio2Dropped S6CLAErrCntr S6AIAOut5012_4G_RSN CxLIAOut5003B SWxRTAIn5012 S6aIDRPCSCFRestorCtr S6dDSAFailByAdmin S6tRIR CxPNAIn5001 HdCLROutCLVisitedVLR HdCLAOut5001 ShSNAOut4100 LDAPWriteSlow ZhMAAOut5003 CxLIAOut5003 CxSAAFailPCSCFRestor SWxSAAPDNGwUpdateSucc ShPNRMultSI CxLIAOut5001 ShPUAout4101 CxUAAEmerReg ShPNAIncNoSuccess CxServerAssignReqCntr CxSARprio1Dropped SWxMAAOut5001 SWxMAAOut5004 SWxMAAOut5005 SWxMAAOut5006 SWxRTAIn5001 S6cALROutTotal HdPNROutErrCntr S6tNIRTimeout S6cSRRInTotal SWxSAASuccess CxPPRBySubsAdminCntr S6dIDATimeout S6mnSIRIn CxLIAOut4002 CxUAAOut5002EmerReg CxSarPCSCFRestorCtr ShPNRByCxCntr CxRTRBySubsAdminCntr CxMAAOutOtherError CxSAAOut5011 S6CLRBySubsAdminCntr S6dCLAIncNoSuccess S6AIAOut5001_4G_RSN ShSNAOut4002 S6tNIAOut5001 S6cRespNoOCOVLSent S6aULR_VPLMN CxSAAOut5009 ShPUAOutOtherError S6RSAIncNoSuccess HdSNRNotPossibleCntr BlockHdUDROlCntr CxSAAOut5005 HdCLAin5004 MapClReqToSgsnCntr S6DSATimeout CxSAAOut5007 CxSAAOut5002 CxSAAOut5001 ShUDRprio2Success CxSAAOut5003 SWxMultimAuthReqCntr S6aNOASuccess S6tNIAOutOther AdminPNAIn5107 S6UpdateLocReqErrCntr SWxMAREquIdChksNeg ShSNAOut5104 S6dULAOut4002 ShSubscNotifErrCntr ShPNAIn5107 HdCLAOut5012 ShSNAOut5101 S6dCLRByHdCLR S6tNIAOut5451 CxMarRGnonAgentReject ShUDRprio0Dropped ShPNAIn5012 HdSNAinSuccess ShPNRByHd ShPNASubsAdminsuccess S6tReqOCSupFeatRcvd CXPPRDueToCXPPACntr S6dIDRPCSCFRestorCtr CxLIRprio0Received HdCLATimeout SWxMAAOut5450 ShUDRprio4Received S6AIAOut5420_4G_NOR CxLocInfoReqCntr S6tNIAOutRC4002 S6tRIRTimeout SWxPPRNotPossibleCntr SWxMAAOut5452 SWxMAAOut4002 S6cSRAOut5558 S6cSRAOut5557 S6cSRAOut5556 HdPNAOut5012 S6aIDAIn5001BySWx WxMAAOut5001 S6cSRAOut5550 S6dDSATimeout CxLIRprio4Success S6AIAOutOtherError CxPPAInNoSuccess BlockShPNROlCntr InvalidSATemplateData ShUserDataErrCntr ShPNAIn5001 InternalCtxExpired CxMultimAuthReqCntr CxRespNoOCOVLSent SWxPPANoSuccess S6cALRByS6aNORCtr HdPNAOut5004 SWxMAREquIdChksPos HdPNAOut5005 BlockS6RSROlCntr HdPUAinSuccess HdPNAOut5001 MapMtForwardSMReqCntr S6PurgeUEReqCntr S6cALAInSuccess HdCLRInSIMCardChOvr ShRespOCOVLSent AVPsMissingCx BlockSWxRTROlCntr S6RSAErrCntr WxMAAOut4002 CxUAAOut5001EmerReg StaleMessageCx SWxRespOCOVLSent S6AIAOut5003_3G_NOR CxUAAsuccess LDAPReadSlow CxLIRprio3Received S6AIR_4G_RSN S6dULAOut5001 S6dULAOut5004 HdPNAInSuccessCntr S6RespOCOVLSent ShUDRprio1Received CxSARprio3Success S6AIAOut4002_4G_NOR S6dULRVPLMNRequest WxMultimAuthErrCntr S6cALAInError HdCLAIn5012 S6aIDRByShUDRCtr HdCLAIn5006 S6mRespOCOVLSent MapSaiRespErr StaleMessageSWx ShPNRByRadiusCntr HdPNAOutSuccess ShUDAOut5001 ShUDAOut5002 ShSubscNotifReqCntr LDAPReadMaximum S6cSRAOutSuccess HdCLROutSgsnUpdate ShPNACxfailure AVPsMissingS6 ShPUAOut4002 S6AIAOut5012_3G_RSN S6aDSATimeout SWxPPRDueToReset CxMAAOut5003 ShProfUpdateErrCntr CxLIRprio1Dropped CxMAAOut5005 HdPURNotPossibleCntr CxMAAOut5006 S6AIAOut4002_3G_NOR CxMAAOut5001 SWxPPARstTimeout CxMAAOut5002 S6tNIR ShUDAOut5004 S6tNIASuccess S6UpdateLocReqCntr SLhRIAOutOther SWxRespNoOCOVLSent ShUDRPDNGWreqRecvd ShPUAOut5105 BlockS6tRIROlCntr HdCLRInSgsnUpdPreRel8 S6NotifReqErrCntr SWxResOCOVLendedSent ShPNAShfailure WxMultimAuthReqCntr S6mSIAOutRC4002 CxSARPCSCFRecovCtr S6PUAOutOtherError CxSARprio2Success ShPUAOut5101 CxSARprio2Received HdCLRNotPossibleCntr S6NotifReqCntr ShPUAOut5103 S6mnSIAOutOther ShUDRprio3Success BlockS6aCLROlCntr CxLIRWithRegAndCap MapClReqNotPosCntr S6mResOCOVLendedSent CxRTRNotPossibleCntr CxLIAOut2003 ShSNAsuccess ShUDAOut5101 ShUDAOut5102 S6aULRVPLMNRequest CxUAREmerReg S6AIAOut5003_3G_RSN HdPNRIn LDAPReadNormal ShUDRprio3Received S6DSAFailByAdmin S6ULAOutOtherError S6IDAErrCntr MapSriNotPossibleCntr S6AIAOut5003_4G_NOR ShPUAOut5008 S6RSRBySubsAdminCntr ShUDAOut4002 S6PurgeUEReqErrCntr SWxPPASuccess ShPUAOut5001 BlockCxRTROlCntr SWxReqOCSupFeatRcvd ShPUAOut5002 BlockS6cALROlCntr MapMoForwardSMReqCntr LteAutoProvError CxSARprio0Dropped S6AIAOut4181_3G_NOR SWxPPASucPCSCFRestor BlockS6IDROlCntr S6cRDRInTotal S6IDATimeout S6aAIASuccess CxRTRByRadiusCntr CxSARprio4Dropped S6tNIRIn SWxRTASuccess HdUDATimeout MapEsrvccDtrOrreq S6aCLATimeout S6tCIAOutOther SWxPPAIn5012 ShUDRprio1Dropped ImplausibleClocksCx CxRTAIn5012 S6RSRNotPossibleCntr FlAccessAttemptCount ShUDRprio2Dropped SWxPPRPCSCFRestorCtr S6RSRSuccess S6AIAOut4002_3G_RSN CxRTAErrCntr S6AIAOut5012_3G_NOR CxLIRprio4Received ShPNAErrCntr S6dULAOut5420 ShPNRBySubsAdminCntr S6dULAOut5421 HdCLAOutOther SWxPPAIn5001 ShResOCOVLendedSent S6mSIAOutRC5012 MapLupClRespErr ShProfUpdateReqCntr S6aIDRBySWxSarCtr S6aIDASuccessBySh S6nSIRIn CxPPRNotPossibleCntr CxRTATimeout S6PUANotRegPeer CxMAAOut4002 S6IDRNotPossibleCntr HdSNROut MapUpdateLocReqCntr SWxPPARstErrCntr S6tCIAOut5001 CxSAAOut4002 S6tCIAOut5010 S6aIDAFailByCx S6tCIAOut5011 HdSNAinOther S6dPUASuccess S6dULRHPLMNRequest ShUDAOut5011 S6aIDAIn5012ByAdmin S6aIDASuccessByAdmin S6aIDAIn5001ByAdmin CxRTAIn5001 HdCLAInSuccess CxSARprio3Received CxLIRprio3Success SWxRTRDueToSwxMARCntr S6mSIAOut5510 S6mSIAOut5511 ShUDRprio4Success HdCLROutCardChange MapAtiReqCntr SLhRIAOut4201 SWxRTANoSuccess S6aIDAFailByAdmin CxPPAIn5008 HdCLAInOther CxPPAIn5009 CxLIRprio2Received S6tCIAOutRC4002 HdUDRNotPossibleCntr ShPNACxsuccess LdapWriteSuccCntr BlockS6DSROlCntr AdminDataChngCntr S6ULREquIdChksnoProv S6cSRAOutRC5004 SWxSARwithEmergPDNGW CxMultimAuthErrCntr S6cSRAOutRC5005 S6NOAOutOtherError CxUAAOut5003B S6cRDAOutRC4002 ShPNAShsuccess ShUDRprio2Received CxPPAIn5001 CxLIRprio0Dropped CxLIRprio4Dropped AVPsMissingSWx HdPNAinAVPDropped S6ULREquIdChksImpos ShSNAOutOtherError S6NOAOut4002 S6mSIASuccess CxRTRByCxMACntr HdSNAin5006 S6cRDAOut5001 ShReqOCSupFeatRcvd CxPPATimeout ShPNRNotPossibleCntr S6aULAOut5421 MapRedirectReqCntr CxUAAOutOtherError S6AIR_3G_NOR CxPPAErrCntr BlockS6tNIROlCntr S6DSRNotPossibleCntr S6aIDATimeout HdSNAin5004 S6dULR_VPLMN CxSARprio3Dropped HdCLRInSgsnAttach BlockHdCLROlCntr MapCancLocErrCntr CxUAAOut5005 CxUAAOut5004 S6cReqOCSupFeatRcvd CxUAAOut5003 HdUDAin5012 CxUAAOut5002 S6ULREquIdChksNeg CxUAAOut5001 LDAPWriteFast S6aULAOut4002 SLhRIAOutRC5007 SWxSARPDNGwUpdateReq HdCLROut CxResOCOVLendedSent S6aIDAFailPCSCFRestor TpIntErrCntr CxUserAuthReqCntr S6tCIASuccess LDAPWriteVerySlow MapULNotPossibleCntr MapMtForwardSMErrCntr S6tResOCOVLendedSent HdSNATimeout HdSNAin5012 S6NOAOut5001 HdPNROutSuccessCntr LdapReadSuccCntr MapAtiNotPossibleCntr CxSARprio1Success SLhRIAOutRC5012 S6aCLRByHdCLR S6AIAOut5001_3G_NOR HdCLRInCardChange S6cSRAOutRC5012 ShPNATimeout BlockS6dCLROlCntr CxSARprio1Received S6IDRByShPURCtr LDAPReadFast CxPPAIn5012 S6cRDAOutSuccess S6aIDASuccessBySWx S6aULASuccess S6NOAOut5423 InvalidSATemplateRef SWxSARRestoreReq AuCCtxExpired ShPUAOut5011 ShUDRprio3Dropped MapSriRespErr FlRemDueToOverflow S6aIDAIn5001BySh CxSAAOutOtherError S6dIDAFailPCSCFRestor WxEAPAKAAuthReqCntr ShUDAsuccess FlLimitReachedCount CxUARWithRegAndCap S6dIDASucPCSCFRestor HdCLROutMmeAttach CxSARprio4Received S6nSIAOutRC5012 ShUDAOut4100 CxPNAIN5107 CxLIRprio2Success ImplausibleClocksSWx NoReliableLocalTime S6AIR_3G_RSN CxRTAsuccess MapSaiReqCntr StaleMessageS6 SWxRTRByHdCLR CxRespOCOVLSent S6dUpdLocReqErrCntr S6mSIAOutOther SWxMAAOut5004B BlockHdPUROlCntr S6aIDASucPCSCFRestor SLhRIAOut5001 CxReqOCSupFeatRcvd S6aIDAFailBySWx MapMoForwardSMRespErr SWxPPRtrigEmergPDNGW S6IDRBySubsAdminCntr ShUDAOutOtherError S6aULAOut5420 RadAccountReqStartErr LdapReadErrorCntr CxPNAIN5012 S6AIAOut5003_4G_RSN S6AuthInfoReqErrCntr LDAPWriteNormal CxUAAOut4002 CxUAAOtherErrEmerReg S6CLRNotPossibleCntr S6aPUASuccess S6tCIAOut5511 S6tCIAOut5512 S6tCIAOut5514 SLhRIAOut5490 S6mSIAOut5598 S6tCIAOut5510 S6AIAOut5001_3G_RSN HdUDROut LdapWriteErrorCntr S6AIAOut4181_3G_RSN ShPNASubsAdminfailure S6AIAOut5420_3G_NOR ShUDRprio0Success BlockCxPPROlCntr AdminDataChngErrCntr CxServerAssignErrCntr S6RSRFailByInvokeRest CxUAAOut5012EmerReg MapCancLocReqCntr CxSAAServerName S6ULREquIdChksPos HdCLAOutSuccess ShPNAS6Success ZhMAASuccess S6mSIAOut5001 SWxPPATimeout HdPUATimeout HdPUAin5012 LDAPWriteMaximum CxLIRprio3Dropped SWxSAAOut5001 SWxSAAOut5003 ShPURMultSI SWxSAAOut5005 SWxSAAOut5004 MapMoFSMNotPosCntr WxMAAOut5043 CxPPAsuccess S6tNIAOutRC5012 WxMAAOut5041 SWxPPARstInNoSuccess ZhMAAOut5401 CxSARprio4Success SWxPPRDueToS6aNORCntr MapSriReqCntr S6mReqOCSupFeatRcvd S6DSRBySubsAdminCntr CxSARprio0Success S6AIAOut4181_4G_RSN CxRTAInNoSuccess ShUserDataReqCntr S6ReqOCSupFeatRcvd SWxMultimAuthErrCntr MapAtiRespErr ShPNRByShCntr S6aCLAIncNoSuccess HdPUAin5004 SWxMAASuccess HdPUAin5006 SWxRTRNotPossibleCntr ShUDRprio1Success RadiusAccountReqSTART S6RespNoOCOVLSent CxLocInfoErrCntr CxLIRprio1Received MapVccRegularOrreq HdPNAOutOther RadiusAccessReq HdCLRIn S6dULASuccess S6tNIAOut5511 S6PNAIn5001 S6cALRByS6aULRCtr S6ResOCOVLendedSent S6tCIRIn HdUDAinSuccess S6AIR_4G_NOR WxMAAOut5004 S6AIAOut4002_4G_RSN S6AIAOut5420_3G_RSN S6tRespOCOVLSent CxLIRprio1Success LdapWriteOtherCntr SLhRIASuccess S6dCLATimeout BlockSWxPPROlCntr S6PNAIn5012 S6aIDAIn5012BySh MapUpdateLocRespErr S6tNIAOutRC5004 S6tNIAOutRC5005 LteAutoProvSuccess ReqRejDueToNoCtx HdCLRinAVPDropped HdPUAinOther S6tNIAOutRC5001 CxUserAuthErrCntr SWxServerAsgnReqCntr CxMAAsuccess CxSAAsuccess RadAccountReqStopErr S6PNAIn5107 S6tCIAOutRC5012 S6AIAOut5012_4G_NOR ShUDRprio4Dropped S6tRespNoOCOVLSent S6aIDASuccessByCx HdUDAinOther CxLIAsuccess ZhMultimAuthReqCntr CxLIAOutOtherError S6aULAOut5001 SWxPPRStaleSessnCntr S6aIDRByCxSarCtr S6cRDAOutRC5012 S6cResOCOVLendedSent RadiusAccountReqSTOP AdminPNAIn5012 S6tCIAOutRC5006 S6tCIAOutRC5004 S6tCIAOutRC5005 ShPNRByS6 ShUDRprio0Received HdPUROut S6aS6dPUASuccess S6tCIAOutRC5001 HdUDAin5006 SWxServerAsgnErrCntr CxLIRprio0Success SWxRTATimeout S6AIAOut4181_4G_NOR HdUDAin5004 MapImrnReqCntr SWxSAAOut5450 S6aULR_HPLMN SWxRTAErrCntr CxSARprio0Received SWxSAAOut5452 S6aIDAFailBySh LdapReadOtherCntr SWxSAAOut4002 S6cRDAOut5558 SWxPPAFailPCSCFRestor S6cRDAOutRC5004 ShSNAOut5001 ZhMultimAuthErrCntr AdminPNAIn5001 ShSNAOut5002 FlInsertedImsiCount S6AIAOut5001_4G_NOR S6aULRHPLMNRequest HdCLROutSIMCardChOvr S6aDSAFailByAdmin SLhRIRIn WxEAPSIMAuthReqCntr SWxRTRBySubsAdminCntr SWxPPAErrCntr S6cRespOCOVLSent SWxMAREquIdChksnoProv ShPUAsuccess ShPNAInDataErr HdCLRInSgsnUpdate S6aIDRtrigEmergPDNGW S6aIDAIn5012BySWx ShSNAOut5011 SWxPPRBySubsAdminCntr S6aNORwithEmergPDNGW CxRTRByCxSACntr HdPNRinAVPDropped SWxPPRRstNotPosCtr SLhRIAOutRC4002 S6aULAOut5004 S6PUAOut5001 S6dULR_HPLMN S6mSIRIn S6cSRAOut5001 WxMAASuccess S6AIAOut4181 ImplausibleClocksS6 SWxMAREquIdChksImpos S6cSRAOutRC4002 CxSARprio2Dropped S6mRespNoOCOVLSent</measTypes>
<measValue measObjLdn="PLMN-PLMN/IMSNFM-CLK-VHSS/HSS-HSSDN_NHSSCLK2_DU/HSSCALLP-01/TP-1/UMSTP-1">
<measResults>0 0 0 0 0 0 0 2438 0 0 0 0 0 0 0 0 0 0 11 0 0 0 0 0 0 0 0 0 0 0 0 0 9 0 0 1483 0 0 0 8258 0 0 0 0 0 0 0 0 0 0 0 0 0 0 0 0 9 0 0 0 0 0 0 0 0 0 0 394 0 0 0 0 0 0 0 0 0 0 0 0 0 0 0 5657 0 0 0 0 0 0 0 0 0 0 0 0 0 0 0 0 0 0 0 0 0 0 0 0 0 677 5876 0 0 0 0 0 0 0 0 0 0 0 0 0 0 0 0 0 0 0 0 0 5757 0 0 0 0 0 0 0 0 0 0 311 0 0 0 0 0 0 0 0 0 0 0 15082 0 0 17 0 0 0 0 0 0 0 0 0 0 0 142 0 0 0 0 0 0 0 0 2687 0 0 14868 0 0 0 0 0 0 0 9 0 0 0 0 0 0 0 0 0 0 0 18301 0 0 0 19 0 28983 0 0 0 0 0 0 0 0 0 0 0 5656 0 0 0 0 0 0 0 0 230 2688 0 0 394 0 0 0 4 0 0 0 0 0 20 0 0 0 0 0 0 0 0 0 0 0 0 0 0 0 0 0 0 31251 0 0 0 0 0 0 0 0 0 0 0 0 0 0 0 0 0 0 0 0 0 0 0 0 0 0 0 0 0 0 10930 0 395 0 0 0 3 0 0 0 0 0 0 0 0 0 0 0 0 0 0 0 2 0 0 14865 0 0 0 0 0 0 0 0 0 0 0 0 0 0 0 0 0 0 0 0 5 0 0 0 0 0 0 0 0 109 0 0 0 0 0 0 0 0 0 0 0 0 0 0 0 0 0 0 0 0 0 0 0 0 0 0 0 10 0 0 0 0 0 0 0 2 0 57 96449 0 0 0 14867 0 0 0 15141 0 0 0 0 0 0 0 0 0 0 0 0 0 28989 0 0 0 0 0 0 253 134778 0 0 0 18290 0 0 0 0 0 0 0 0 0 0 0 0 8524 0 0 0 0 0 0 0 0 0 0 0 0 0 0 0 0 0 0 0 0 0 0 0 0 0 0 0 2 0 7 0 0 0 0 0 193 0 0 0 308 0 0 0 0 0 0 0 0 0 0 0 0 0 0 0 9 0 0 0 0 0 28993 0 0 0 0 0 0 0 0 0 0 0 0 0 0 0 0 0 0 0 0 0 0 0 0 0 0 0 0 8524 0 0 0 109 0 0 0 0 0 0 0 0 0 0 0 0 0 28991 0 0 0 0 0 0 0 32281 0 0 0 0 0 10 0 0 0 0 0 0 0 0 0 0 0 0 0 0 0 5757 8247 0 0 0 0 0 0 0 0 4164 0 0 0 0 0 0 0 0 0 0 0 0 0 0 0 0 0 0 0 0 0 0 0 0 0 17903 0 0 0 0 0 0 0 0 0 0 0 0 0 0 350 17902 0 0 0 0 0 0 0 0 10900 0 0 0 0 0 0 0 0 0 0 0 4 0 0 0 0 0 0 0 0 0 0 0</measResults>
</measValue>
</measInfo>
<measInfo measInfoId="TRIGGERFRAMEWORK">
<granPeriod duration="PT900S" endTime="2021-08-21T22:00:00+08:00"/>
<repPeriod duration="PT900S"/>
<measTypes>MSSEARCH_HLR_INTR_ERR MSSEARCH_RES_SUCCESS MSSEARCH_UNDELIVERBLE InvokeRestSuccess MSSEARCH_HLR_OTHR_ERR RECVD_TRG_MESSAGES InvokeRestRec UNS_TRG_MESSAGES MSSEARCH_REQ_SENT_CTR</measTypes>
<measValue measObjLdn="PLMN-PLMN/IMSNFM-CLK-VHSS/HSS-HSSDN_NHSSCLK2_DU/HSSCALLP-01/TP-1/TRIGGERFRAMEWORK-1">
<measResults>0 0 0 0 0 5 0 0 0</measResults>
</measValue>
</measInfo>
<measInfo measInfoId="UHSM">
<granPeriod duration="PT900S" endTime="2021-08-21T22:00:00+08:00"/>
<repPeriod duration="PT900S"/>
<measTypes>EXT_REQUESTS PROXY_RESPONSES EXT_RESPONSES EXT_ERRORS TOTAL_RESPONSES PROXY_TIMEOUTS REQ_NOT_QUEUED TOTAL_REQUESTS PROXY_ERRORS REQ_QUEUED PROXY_REQUESTS TOTAL_ERRORS</measTypes>
<measValue measObjLdn="PLMN-PLMN/IMSNFM-CLK-VHSS/HSS-HSSDN_NHSSCLK2_DU/HSSCALLP-01/HLRI-1/ACS-1/UHSM-1">
<measResults>0 0 0 0 0 0 0 0 0 0 0 0</measResults>
</measValue>
</measInfo>
<measInfo measInfoId="HSDIA">
<granPeriod duration="PT900S" endTime="2021-08-21T22:00:00+08:00"/>
<repPeriod duration="PT900S"/>
<measTypes>S6NOADropped DiaCerRejConAvailable ShPURDropped SLhOlBlockRIRCtr ShPNADropped CxOlBlockLIRCtr S6tRIADropped CxRTADropped S6OlBlockNORCtr HdPNRDropped DiaMessageSent MacOctSentEth2 MacOctSentEth3 S6mnOlBlockSIRCtr MacOctSentEth0 ShOlBlockSNRCtr MacOctSentEth1 HdOlBlockCLRCtr MacOctSentEth6 MacOctSentEth7 DiaMessageRcvd MacOctSentEth4 MacOctSentEth5 CxLIADropped S6aNORDroppedDrmp SWxRTADropped ShPUADropped S6OlBlockULRCtr DiaProtocolErrors MacOctReceivedEth7 MacOctReceivedEth6 S6aULRDroppedDrmp MacOctReceivedEth5 MacOctReceivedEth4 MacOctReceivedEth3 MacOctReceivedEth2 S6tOlBlockNIRRCtr MacOctReceivedEth1 MacOctReceivedEth0 DiaReqDropByRcvr RoDroppedCtr ShUDADropped SWxOlBlockMARCtr SWxPPADropped SWxOlBlockSARCtr SWxSAADropped SctpDataChunkSent DPDDnsRequestsSuccess S6mnSIRDropped CxOlBlockUARCtr HdCLRDropped RcvdCeaErrCtr S6PUADropped S6aPURDroppedDrmp E2DroppedCtr S6aPURDropped CxUARDropped CxMAADropped S6tNIRDropped DiameterTooBusy SctpDataChunkReceived CxUAADropped ZhMARDropped DiaUnknownAVPs S6OlBlockAIRCtr RfDroppedCtr SWxMARDropped SentCeaErrCtr DiaWrongProtType S6tOlBlockCIRCtr ShSNADropped RcvdCerCtr CxPPADropped DiaConnRejAdminBlkd WxMAADropped S6CLADropped S6tNIAIncomingDropped SctpDataChunkReSent S6cOlBlockSRRCtr S6cSRRDropped SWxSARDropped ZhOlBlockMARCtr S6OlBlockPURCtr DiaOutConnUnavailDur CxSARDropped S6tCIRDropped DPDDnsRequestsError S6RSADropped CxMARDropped ShOlBlockUDRCtr CxLIRDropped WxOlBlockMARCtr S6AIADropped S6cOlBlockRDRCtr NbrSctpUnavailable ShOlBlockPURCtr CxOlBlockMARCtr S6aAIRDropped ShSNRDropped S6aULRDropped CxOlBlockSARCtr SWxMAADropped DiaCerRejMaxConExcd ShUDRDropped DiaConnRejSysInOvl SendCerCtr S6aAIRDroppedDrmp S6DSADropped WxDroppedCtr CxSAADropped S6ULADropped S6aNORDropped SLhRIRDropped HdOlBlockPNRCtr S6cRDRDropped SctpUnavailDuration DiaMsgDropAtSndr S6IDADropped</measTypes>
<measValue measObjLdn="PLMN-PLMN/IMSNFM-CLK-VHSS/HSS-HSSDN_NHSSCLK2_DU/HSSCALLP-01/COMMON-1/HSDIA-1">
<measResults>0 0 0 0 0 0 0 0 0 0 0 294 0 0 162 0 0 0 0 0 0 0 0 0 0 0 0 0 0 0 0 0 0 0 0 601 0 0 151 0 0 0 0 0 0 0 0 0 0 0 0 0 0 0 0 0 0 0 0 0 0 0 0 0 0 0 0 0 0 0 0 0 0 0 0 0 0 0 0 0 0 0 0 0 0 0 0 0 0 0 0 0 0 0 0 0 0 0 0 0 0 0 0 0 0 0 0 0 0 0 0 0 0 0 0 0 0 0</measResults>
</measValue>
</measInfo>
<measInfo measInfoId="IMSLB">
<granPeriod duration="PT900S" endTime="2021-08-21T22:00:00+08:00"/>
<repPeriod duration="PT900S"/>
<measTypes>DataStoreWriteFailure DataStoreWriteSuccess DataStoreReadSuccess ConnectedHAGroups DataStoreReadFailure IcmRemoteSendFail NodesInUpState</measTypes>
<measValue measObjLdn="PLMN-PLMN/IMSNFM-CLK-VHSS/HSS-HSSDN_NHSSCLK2_DU/HSSCALLP-01/COMMON-1/IMSLB-1">
<measResults>0 0 0 0 0 0 0</measResults>
</measValue>
</measInfo>
<measInfo measInfoId="ANZ">
<granPeriod duration="PT900S" endTime="2021-08-21T22:00:00+08:00"/>
<repPeriod duration="PT900S"/>
<measTypes>AnsSuccResRcvdFrmTp AnzIndRecvdFromSCP AnzSuccResSntToSCP AnzReqSentToTp</measTypes>
<measValue measObjLdn="PLMN-PLMN/IMSNFM-CLK-VHSS/HSS-HSSDN_NHSSCLK2_DU/HSSCALLP-01/TP-1/ANZ-1">
<measResults>0 0 0 0</measResults>
</measValue>
</measInfo>
<measInfo measInfoId="RUR">
<granPeriod duration="PT900S" endTime="2021-08-21T22:00:00+08:00"/>
<repPeriod duration="PT900S"/>
<measTypes>RurReqSentToTp RurSuccResSntTo1xHLR RurSuccResRcvdFrmTp RurIndRecvdFrom1xHLR</measTypes>
<measValue measObjLdn="PLMN-PLMN/IMSNFM-CLK-VHSS/HSS-HSSDN_NHSSCLK2_DU/HSSCALLP-01/TP-1/RUR-1">
<measResults>0 0 0 0</measResults>
</measValue>
</measInfo>
<measInfo measInfoId="DIAMETERDISP">
<granPeriod duration="PT900S" endTime="2021-08-21T22:00:00+08:00"/>
<repPeriod duration="PT900S"/>
<measTypes>DiaUnknownMsg ShPNASentCntr ShUDA5012RespRecCntr DiaResolveTriggered ShUDA5101RespRecCntr ShPNA2001RespSentCntr ShPUA5012RespRecCntr ShPUA5008RespRecCntr DPDDnsDID02Error ShPUA5103RespRecCntr ShPUARecCntr ShSNA5001RespRecCntr ShUDA4100RespRecCntr ShPNA5008RespSentCntr ShUDRSentCntr ShPURSentCntr ShSNA2001RespRecCntr ShPUA4002RespRecCntr ShSNA5104RespRecCntr ConnectionsCE2 ConnectionsCE1 ShPNA5107RespSentCntr ShPUA5101RespRecCntr ShPUA5001RespRecCntr ShPNRRecCntr NoDiameterConnect ShSNA5012RespRecCntr CtxForOutMsgExpired ShSNA5106RespRecCntr ShPUA4101RespRecCntr ShPUA5108RespRecCntr ShUDA5001RespRecCntr ReqsDroppedDueToGS CtxForInMsgExpired DPDDnsDID02Success DiaRetransMsg ShSNA5101RespRecCntr ShPNA5100RespSentCntr ShUDA5102RespRecCntr PeerRqRjctdDueToGS DPDDnsDID01Success DPDDnsDID01Error ShPUA2001RespRecCntr ShSNRSentCntr DiaForwardedMsgs ShSNA5108RespRecCntr ShSNARecCntr InvalidShMsgRecCntr ShPNA5001RespSentCntr ShPNA5012RespSentCntr ShUDARecCntr ShPUA5105RespRecCntr ShUDA2001RespRecCntr</measTypes>
<measValue measObjLdn="PLMN-PLMN/IMSNFM-CLK-VHSS/HSS-HSSDN_NHSSCLK2_DU/HSSCALLP-01/COMMON-1/DIAMETERDISP-1">
<measResults>0 0 0 0 0 0 0 0 0 0 0 0 0 0 0 0 0 0 0 0 0 0 0 0 0 0 0 0 0 0 0 0 0 0 0 0 0 0 0 0 0 0 0 0 0 0 0 0 0 0 0 0 0</measResults>
</measValue>
</measInfo>
<measInfo measInfoId="SH">
<granPeriod duration="PT900S" endTime="2021-08-21T22:00:00+08:00"/>
<repPeriod duration="PT900S"/>
<measTypes>RelayRcvdShPNR ShPNR RelayShPNRNoRoute</measTypes>
<measValue measObjLdn="PLMN-PLMN/IMSNFM-CLK-VHSS/HSS-HSSDN_NHSSCLK2_DU/HSSCALLP-01/COMMON-1/SH-1">
<measResults>0 109 0</measResults>
</measValue>
</measInfo>
<measInfo measInfoId="SWX">
<granPeriod duration="PT900S" endTime="2021-08-21T22:00:00+08:00"/>
<repPeriod duration="PT900S"/>
<measTypes>RelaySWxPPRNoRoute SWxRTR RelaySWxRTRNoRoute RelayRcvdSWxPPR SWxPPR RelayRcvdSWxRTR</measTypes>
<measValue measObjLdn="PLMN-PLMN/IMSNFM-CLK-VHSS/HSS-HSSDN_NHSSCLK2_DU/HSSCALLP-01/COMMON-1/SWX-1">
<measResults>0 0 0 0 0 0</measResults>
</measValue>
</measInfo>
<measInfo measInfoId="CX">
<granPeriod duration="PT900S" endTime="2021-08-21T22:00:00+08:00"/>
<repPeriod duration="PT900S"/>
<measTypes>RelayCxPPRNoRoute CxStackMessageDscrd CxPPR RelayRcvdCxPPR RelayCxRTRNoRoute RelayRcvdCxRTR CxRTR</measTypes>
<measValue measObjLdn="PLMN-PLMN/IMSNFM-CLK-VHSS/HSS-HSSDN_NHSSCLK2_DU/HSSCALLP-01/COMMON-1/CX-1">
<measResults>0 0 0 0 0 0 0</measResults>
</measValue>
</measInfo>
<measInfo measInfoId="ATI">
<granPeriod duration="PT900S" endTime="2021-08-21T22:00:00+08:00"/>
<repPeriod duration="PT900S"/>
<measTypes>AtiTimeOut AtiSuccResSentToTp AtiErrResSentToTp AtiSuccResFromHlr AtiReqRecvdFromTp AtiReqToHlrFailed AtiErrResFromHlr AtiReqSentToHlr AtiResToTpFailed</measTypes>
<measValue measObjLdn="PLMN-PLMN/IMSNFM-CLK-VHSS/HSS-HSSDN_NHSSCLK2_DU/HSSCALLP-01/TP-1/ATI-1">
<measResults>0 0 0 0 0 0 0 0 0</measResults>
</measValue>
</measInfo>
<measInfo measInfoId="LCR">
<granPeriod duration="PT900S" endTime="2021-08-21T22:00:00+08:00"/>
<repPeriod duration="PT900S"/>
<measTypes>LcrReqSentTo1xHLR LcrSuccResSentToTp LcrEmtyBegSntTo1xHLR LcrEmtyContFrm1xHLR LcrReqRecvdFromTp LcrSuccResFrom1xHLR</measTypes>
<measValue measObjLdn="PLMN-PLMN/IMSNFM-CLK-VHSS/HSS-HSSDN_NHSSCLK2_DU/HSSCALLP-01/TP-1/LCR-1">
<measResults>0 0 0 0 0 0</measResults>
</measValue>
</measInfo>
<measInfo measInfoId="HSACS">
<granPeriod duration="PT900S" endTime="2021-08-21T22:00:00+08:00"/>
<repPeriod duration="PT900S"/>
<measTypes>EXT_REQUESTS EXT_RESPONSES EXT_ERRORS TOTAL_RESPONSES TOTAL_REQUESTS TOTAL_ERRORS</measTypes>
<measValue measObjLdn="PLMN-PLMN/IMSNFM-CLK-VHSS/HSS-HSSDN_NHSSCLK2_DU/HSSCALLP-01/TP-1/HSACS-1">
<measResults>0 0 0 0 0 0</measResults>
</measValue>
</measInfo>
<measInfo measInfoId="OVERLOADHANDLING">
<granPeriod duration="PT900S" endTime="2021-08-21T22:00:00+08:00"/>
<repPeriod duration="PT900S"/>
<measTypes>VMResourceUtilization CounterForLoadLevel Node2CntrForLoadLevel</measTypes>
<measValue measObjLdn="PLMN-PLMN/IMSNFM-CLK-VHSS/HSS-HSSDN_NHSSCLK2_DU/HSSCALLP-01/TP-1/OVERLOADHANDLING-1">
<measResults>6 0 0</measResults>
</measValue>
</measInfo>
<measInfo measInfoId="S6A">
<granPeriod duration="PT900S" endTime="2021-08-21T22:00:00+08:00"/>
<repPeriod duration="PT900S"/>
<measTypes>S6aIDR S6aCLR RelayS6CLRNoRoute RelayS6DSRNoRoute RelayRcvdS6DSR S6aRSR RelayRcvdS6CLR S6aDSR RelayS6IDRNoRoute RelayRcvdS6IDR</measTypes>
<measValue measObjLdn="PLMN-PLMN/IMSNFM-CLK-VHSS/HSS-HSSDN_NHSSCLK2_DU/HSSCALLP-01/COMMON-1/S6A-1">
<measResults>397 31428 0 0 0 0 0 0 0 0</measResults>
</measValue>
</measInfo>
<measInfo measInfoId="ARQ">
<granPeriod duration="PT900S" endTime="2021-08-21T22:00:00+08:00"/>
<repPeriod duration="PT900S"/>
<measTypes>AsrSuccResSentToTp ArqReqSentTo1xHLR AsrEmtyContFrm1xHLR AsrSuccResFrom1xHLR AsrReqSentTo1xHLR AsrEmtyBegSntTo1xHLR ArqReqRecvdFromTp AsrReqRecvdFromTp ArqEmtyBegSntTo1xHLR ArqSuccResSentToTp ArqSuccResFrom1xHLR ArqEmtyContFrm1xHLR</measTypes>
<measValue measObjLdn="PLMN-PLMN/IMSNFM-CLK-VHSS/HSS-HSSDN_NHSSCLK2_DU/HSSCALLP-02/TP-1/ARQ-1">
<measResults>0 0 0 0 0 0 0 0 0 0 0 0</measResults>
</measValue>
</measInfo>
<measInfo measInfoId="RDR">
<granPeriod duration="PT900S" endTime="2021-08-21T22:00:00+08:00"/>
<repPeriod duration="PT900S"/>
<measTypes>RdrSuccResSnt RdrReqSentToTp RdrIndRecvd RdrSuccResRcvdFrmTp</measTypes>
<measValue measObjLdn="PLMN-PLMN/IMSNFM-CLK-VHSS/HSS-HSSDN_NHSSCLK2_DU/HSSCALLP-02/TP-1/RDR-1">
<measResults>0 0 0 0</measResults>
</measValue>
</measInfo>
<measInfo measInfoId="TFR">
<granPeriod duration="PT900S" endTime="2021-08-21T22:00:00+08:00"/>
<repPeriod duration="PT900S"/>
<measTypes>RECVD_SOAP_ACKEY_REQ UNS_SOAP_TRIG_REQ SENT_SOAP_SMCKEY_REQ RECVD_SOAP_TRIG_REQ</measTypes>
<measValue measObjLdn="PLMN-PLMN/IMSNFM-CLK-VHSS/HSS-HSSDN_NHSSCLK2_DU/HSSCALLP-02/HLRI-1/TFR-1">
<measResults>0 0 0 0</measResults>
</measValue>
</measInfo>
<measInfo measInfoId="ORREQ">
<granPeriod duration="PT900S" endTime="2021-08-21T22:00:00+08:00"/>
<repPeriod duration="PT900S"/>
<measTypes>OrreqIndRecvd OrreqSuccResSnt OrreqSuccResRcvdFrmTp OrreqReqSentToTp</measTypes>
<measValue measObjLdn="PLMN-PLMN/IMSNFM-CLK-VHSS/HSS-HSSDN_NHSSCLK2_DU/HSSCALLP-02/TP-1/ORREQ-1">
<measResults>0 0 0 0</measResults>
</measValue>
</measInfo>
<measInfo measInfoId="ACTPADAPTER">
<granPeriod duration="PT900S" endTime="2021-08-21T22:00:00+08:00"/>
<repPeriod duration="PT900S"/>
<measTypes>QNTS_RET_TO_HSS_RESYN TRIPLES_REQ_BY_HSS QNTS_RET_TO_HSS_IMM QNTS_RET_TO_HSS_NIMM QNTS_REQ_BY_HSS_NIMM RECVD_AFR_IN_AC QNTS_REQ_BY_HSS_IMM QNTS_REQ_BY_HSS_RESYN TRIPLES_RET_TO_HSS</measTypes>
<measValue measObjLdn="PLMN-PLMN/IMSNFM-CLK-VHSS/HSS-HSSDN_NHSSCLK2_DU/HSSCALLP-02/TP-1/HSACP-1/ACTPADAPTER-1">
<measResults>0 0 0 0 0 0 0 0 0</measResults>
</measValue>
</measInfo>
<measInfo measInfoId="UMSTP">
<granPeriod duration="PT900S" endTime="2021-08-21T22:00:00+08:00"/>
<repPeriod duration="PT900S"/>
<measTypes>HdCLAOut5004 S6tNIAOut5011 InvalidNSRDataRef HdCLAOut5005 BlockHdSNROlCntr S6RSATimeout LDAPReadVerySlow S6CLRByS6ULRCntr SWxSAARestoreSucc HdPNAInErrCntr S6AIAOut5420_4G_RSN ShRespNoOCOVLSent S6PUAOut4002 S6DSAErrCntr SIMCrdChOvrTrig CxSARSyncFailed MapSaiNotPossibleCntr CxLIRprio2Dropped S6CLAErrCntr S6AIAOut5012_4G_RSN CxLIAOut5003B SWxRTAIn5012 S6aIDRPCSCFRestorCtr S6dDSAFailByAdmin S6tRIR CxPNAIn5001 HdCLROutCLVisitedVLR HdCLAOut5001 ShSNAOut4100 LDAPWriteSlow ZhMAAOut5003 CxLIAOut5003 CxSAAFailPCSCFRestor SWxSAAPDNGwUpdateSucc ShPNRMultSI CxLIAOut5001 ShPUAout4101 CxUAAEmerReg ShPNAIncNoSuccess CxServerAssignReqCntr CxSARprio1Dropped SWxMAAOut5001 SWxMAAOut5004 SWxMAAOut5005 SWxMAAOut5006 SWxRTAIn5001 S6cALROutTotal HdPNROutErrCntr S6tNIRTimeout S6cSRRInTotal SWxSAASuccess CxPPRBySubsAdminCntr S6dIDATimeout S6mnSIRIn CxLIAOut4002 CxUAAOut5002EmerReg CxSarPCSCFRestorCtr ShPNRByCxCntr CxRTRBySubsAdminCntr CxMAAOutOtherError CxSAAOut5011 S6CLRBySubsAdminCntr S6dCLAIncNoSuccess S6AIAOut5001_4G_RSN ShSNAOut4002 S6tNIAOut5001 S6cRespNoOCOVLSent S6aULR_VPLMN CxSAAOut5009 ShPUAOutOtherError S6RSAIncNoSuccess HdSNRNotPossibleCntr BlockHdUDROlCntr CxSAAOut5005 HdCLAin5004 MapClReqToSgsnCntr S6DSATimeout CxSAAOut5007 CxSAAOut5002 CxSAAOut5001 ShUDRprio2Success CxSAAOut5003 SWxMultimAuthReqCntr S6aNOASuccess S6tNIAOutOther AdminPNAIn5107 S6UpdateLocReqErrCntr SWxMAREquIdChksNeg ShSNAOut5104 S6dULAOut4002 ShSubscNotifErrCntr ShPNAIn5107 HdCLAOut5012 ShSNAOut5101 S6dCLRByHdCLR S6tNIAOut5451 CxMarRGnonAgentReject ShUDRprio0Dropped ShPNAIn5012 HdSNAinSuccess ShPNRByHd ShPNASubsAdminsuccess S6tReqOCSupFeatRcvd CXPPRDueToCXPPACntr S6dIDRPCSCFRestorCtr CxLIRprio0Received HdCLATimeout S6AIAOut5420_4G_NOR SWxMAAOut5450 ShUDRprio4Received CxLocInfoReqCntr S6tNIAOutRC4002 S6tRIRTimeout SWxPPRNotPossibleCntr SWxMAAOut5452 SWxMAAOut4002 S6cSRAOut5558 S6cSRAOut5557 S6cSRAOut5556 HdPNAOut5012 S6aIDAIn5001BySWx WxMAAOut5001 S6cSRAOut5550 S6dDSATimeout CxLIRprio4Success S6AIAOutOtherError CxPPAInNoSuccess BlockShPNROlCntr InvalidSATemplateData ShUserDataErrCntr ShPNAIn5001 InternalCtxExpired CxMultimAuthReqCntr CxRespNoOCOVLSent SWxPPANoSuccess S6cALRByS6aNORCtr HdPNAOut5004 SWxMAREquIdChksPos HdPNAOut5005 BlockS6RSROlCntr HdPUAinSuccess HdPNAOut5001 MapMtForwardSMReqCntr S6PurgeUEReqCntr S6cALAInSuccess HdCLRInSIMCardChOvr ShRespOCOVLSent AVPsMissingCx BlockSWxRTROlCntr S6RSAErrCntr WxMAAOut4002 CxUAAOut5001EmerReg StaleMessageCx SWxRespOCOVLSent S6AIAOut5003_3G_NOR CxUAAsuccess LDAPReadSlow CxLIRprio3Received S6AIR_4G_RSN S6dULAOut5001 S6dULAOut5004 HdPNAInSuccessCntr S6RespOCOVLSent ShUDRprio1Received CxSARprio3Success S6AIAOut4002_4G_NOR S6dULRVPLMNRequest WxMultimAuthErrCntr S6cALAInError HdCLAIn5012 S6aIDRByShUDRCtr HdCLAIn5006 S6mRespOCOVLSent MapSaiRespErr StaleMessageSWx ShPNRByRadiusCntr HdPNAOutSuccess ShUDAOut5001 ShUDAOut5002 ShSubscNotifReqCntr LDAPReadMaximum S6cSRAOutSuccess HdCLROutSgsnUpdate ShPNACxfailure AVPsMissingS6 ShPUAOut4002 S6AIAOut5012_3G_RSN S6aDSATimeout SWxPPRDueToReset CxMAAOut5003 ShProfUpdateErrCntr CxLIRprio1Dropped CxMAAOut5005 HdPURNotPossibleCntr CxMAAOut5006 S6AIAOut4002_3G_NOR CxMAAOut5001 SWxPPARstTimeout CxMAAOut5002 S6tNIR ShUDAOut5004 S6UpdateLocReqCntr S6tNIASuccess SLhRIAOutOther SWxRespNoOCOVLSent ShUDRPDNGWreqRecvd ShPUAOut5105 BlockS6tRIROlCntr HdCLRInSgsnUpdPreRel8 S6NotifReqErrCntr SWxResOCOVLendedSent ShPNAShfailure WxMultimAuthReqCntr S6mSIAOutRC4002 CxSARPCSCFRecovCtr S6PUAOutOtherError CxSARprio2Success ShPUAOut5101 CxSARprio2Received HdCLRNotPossibleCntr S6NotifReqCntr ShPUAOut5103 S6mnSIAOutOther ShUDRprio3Success BlockS6aCLROlCntr CxLIRWithRegAndCap MapClReqNotPosCntr S6mResOCOVLendedSent CxRTRNotPossibleCntr CxLIAOut2003 ShSNAsuccess ShUDAOut5101 ShUDAOut5102 S6aULRVPLMNRequest CxUAREmerReg S6AIAOut5003_3G_RSN HdPNRIn LDAPReadNormal ShUDRprio3Received S6DSAFailByAdmin S6IDAErrCntr S6ULAOutOtherError MapSriNotPossibleCntr S6AIAOut5003_4G_NOR ShPUAOut5008 S6RSRBySubsAdminCntr ShUDAOut4002 S6PurgeUEReqErrCntr SWxPPASuccess ShPUAOut5001 BlockCxRTROlCntr SWxReqOCSupFeatRcvd ShPUAOut5002 BlockS6cALROlCntr MapMoForwardSMReqCntr LteAutoProvError CxSARprio0Dropped S6AIAOut4181_3G_NOR SWxPPASucPCSCFRestor BlockS6IDROlCntr S6cRDRInTotal S6IDATimeout S6aAIASuccess CxRTRByRadiusCntr CxSARprio4Dropped S6tNIRIn SWxRTASuccess HdUDATimeout MapEsrvccDtrOrreq S6aCLATimeout S6tCIAOutOther SWxPPAIn5012 ShUDRprio1Dropped ImplausibleClocksCx CxRTAIn5012 S6RSRNotPossibleCntr FlAccessAttemptCount ShUDRprio2Dropped SWxPPRPCSCFRestorCtr S6RSRSuccess S6AIAOut4002_3G_RSN CxRTAErrCntr S6AIAOut5012_3G_NOR CxLIRprio4Received ShPNAErrCntr S6dULAOut5420 ShPNRBySubsAdminCntr S6dULAOut5421 HdCLAOutOther SWxPPAIn5001 ShResOCOVLendedSent S6mSIAOutRC5012 MapLupClRespErr ShProfUpdateReqCntr S6aIDRBySWxSarCtr S6aIDASuccessBySh S6nSIRIn CxPPRNotPossibleCntr CxRTATimeout S6PUANotRegPeer CxMAAOut4002 S6IDRNotPossibleCntr HdSNROut MapUpdateLocReqCntr SWxPPARstErrCntr S6tCIAOut5001 CxSAAOut4002 S6tCIAOut5010 S6aIDAFailByCx S6tCIAOut5011 HdSNAinOther S6dPUASuccess S6dULRHPLMNRequest ShUDAOut5011 S6aIDAIn5012ByAdmin S6aIDASuccessByAdmin S6aIDAIn5001ByAdmin CxRTAIn5001 HdCLAInSuccess CxSARprio3Received CxLIRprio3Success SWxRTRDueToSwxMARCntr S6mSIAOut5510 S6mSIAOut5511 ShUDRprio4Success HdCLROutCardChange MapAtiReqCntr SLhRIAOut4201 SWxRTANoSuccess S6aIDAFailByAdmin CxPPAIn5008 HdCLAInOther CxPPAIn5009 CxLIRprio2Received S6tCIAOutRC4002 HdUDRNotPossibleCntr ShPNACxsuccess LdapWriteSuccCntr BlockS6DSROlCntr AdminDataChngCntr S6ULREquIdChksnoProv S6cSRAOutRC5004 SWxSARwithEmergPDNGW CxMultimAuthErrCntr S6cSRAOutRC5005 S6NOAOutOtherError CxUAAOut5003B S6cRDAOutRC4002 ShPNAShsuccess ShUDRprio2Received CxPPAIn5001 CxLIRprio0Dropped CxLIRprio4Dropped AVPsMissingSWx HdPNAinAVPDropped S6ULREquIdChksImpos ShSNAOutOtherError S6NOAOut4002 S6mSIASuccess CxRTRByCxMACntr HdSNAin5006 S6cRDAOut5001 ShReqOCSupFeatRcvd CxPPATimeout ShPNRNotPossibleCntr S6aULAOut5421 MapRedirectReqCntr CxUAAOutOtherError S6AIR_3G_NOR CxPPAErrCntr BlockS6tNIROlCntr S6DSRNotPossibleCntr S6aIDATimeout HdSNAin5004 S6dULR_VPLMN CxSARprio3Dropped HdCLRInSgsnAttach BlockHdCLROlCntr MapCancLocErrCntr CxUAAOut5005 CxUAAOut5004 S6cReqOCSupFeatRcvd CxUAAOut5003 HdUDAin5012 CxUAAOut5002 S6ULREquIdChksNeg CxUAAOut5001 LDAPWriteFast S6aULAOut4002 SLhRIAOutRC5007 SWxSARPDNGwUpdateReq HdCLROut CxResOCOVLendedSent S6aIDAFailPCSCFRestor TpIntErrCntr CxUserAuthReqCntr S6tCIASuccess LDAPWriteVerySlow MapULNotPossibleCntr MapMtForwardSMErrCntr S6tResOCOVLendedSent HdSNATimeout HdSNAin5012 S6NOAOut5001 HdPNROutSuccessCntr LdapReadSuccCntr MapAtiNotPossibleCntr CxSARprio1Success SLhRIAOutRC5012 S6aCLRByHdCLR S6AIAOut5001_3G_NOR HdCLRInCardChange S6cSRAOutRC5012 ShPNATimeout BlockS6dCLROlCntr CxSARprio1Received S6IDRByShPURCtr LDAPReadFast CxPPAIn5012 S6cRDAOutSuccess S6aIDASuccessBySWx S6aULASuccess S6NOAOut5423 InvalidSATemplateRef SWxSARRestoreReq AuCCtxExpired ShPUAOut5011 ShUDRprio3Dropped MapSriRespErr FlRemDueToOverflow S6aIDAIn5001BySh CxSAAOutOtherError S6dIDAFailPCSCFRestor WxEAPAKAAuthReqCntr ShUDAsuccess FlLimitReachedCount CxUARWithRegAndCap S6dIDASucPCSCFRestor HdCLROutMmeAttach CxSARprio4Received S6nSIAOutRC5012 ShUDAOut4100 CxPNAIN5107 CxLIRprio2Success ImplausibleClocksSWx NoReliableLocalTime S6AIR_3G_RSN CxRTAsuccess MapSaiReqCntr StaleMessageS6 SWxRTRByHdCLR CxRespOCOVLSent S6dUpdLocReqErrCntr S6mSIAOutOther SWxMAAOut5004B BlockHdPUROlCntr S6aIDASucPCSCFRestor SLhRIAOut5001 CxReqOCSupFeatRcvd S6aIDAFailBySWx MapMoForwardSMRespErr SWxPPRtrigEmergPDNGW S6IDRBySubsAdminCntr ShUDAOutOtherError S6aULAOut5420 RadAccountReqStartErr LdapReadErrorCntr CxPNAIN5012 S6AIAOut5003_4G_RSN S6AuthInfoReqErrCntr LDAPWriteNormal CxUAAOut4002 CxUAAOtherErrEmerReg S6CLRNotPossibleCntr S6aPUASuccess S6tCIAOut5511 S6tCIAOut5512 S6tCIAOut5514 SLhRIAOut5490 S6mSIAOut5598 S6tCIAOut5510 S6AIAOut5001_3G_RSN HdUDROut LdapWriteErrorCntr S6AIAOut4181_3G_RSN ShPNASubsAdminfailure S6AIAOut5420_3G_NOR ShUDRprio0Success BlockCxPPROlCntr AdminDataChngErrCntr CxServerAssignErrCntr S6RSRFailByInvokeRest CxUAAOut5012EmerReg MapCancLocReqCntr CxSAAServerName S6ULREquIdChksPos HdCLAOutSuccess ShPNAS6Success ZhMAASuccess S6mSIAOut5001 SWxPPATimeout HdPUATimeout HdPUAin5012 LDAPWriteMaximum CxLIRprio3Dropped SWxSAAOut5001 SWxSAAOut5003 ShPURMultSI SWxSAAOut5005 SWxSAAOut5004 MapMoFSMNotPosCntr WxMAAOut5043 CxPPAsuccess S6tNIAOutRC5012 WxMAAOut5041 SWxPPARstInNoSuccess ZhMAAOut5401 CxSARprio4Success SWxPPRDueToS6aNORCntr MapSriReqCntr S6mReqOCSupFeatRcvd S6DSRBySubsAdminCntr CxSARprio0Success S6AIAOut4181_4G_RSN CxRTAInNoSuccess ShUserDataReqCntr S6ReqOCSupFeatRcvd SWxMultimAuthErrCntr MapAtiRespErr ShPNRByShCntr S6aCLAIncNoSuccess HdPUAin5004 SWxMAASuccess HdPUAin5006 SWxRTRNotPossibleCntr ShUDRprio1Success RadiusAccountReqSTART S6RespNoOCOVLSent CxLocInfoErrCntr CxLIRprio1Received MapVccRegularOrreq HdPNAOutOther RadiusAccessReq HdCLRIn S6dULASuccess S6tNIAOut5511 S6PNAIn5001 S6cALRByS6aULRCtr S6ResOCOVLendedSent S6tCIRIn HdUDAinSuccess S6AIR_4G_NOR WxMAAOut5004 S6AIAOut4002_4G_RSN S6AIAOut5420_3G_RSN S6tRespOCOVLSent CxLIRprio1Success LdapWriteOtherCntr SLhRIASuccess S6dCLATimeout BlockSWxPPROlCntr S6PNAIn5012 S6aIDAIn5012BySh MapUpdateLocRespErr S6tNIAOutRC5004 S6tNIAOutRC5005 LteAutoProvSuccess ReqRejDueToNoCtx HdCLRinAVPDropped HdPUAinOther S6tNIAOutRC5001 CxUserAuthErrCntr SWxServerAsgnReqCntr CxMAAsuccess CxSAAsuccess RadAccountReqStopErr S6PNAIn5107 S6tCIAOutRC5012 S6AIAOut5012_4G_NOR ShUDRprio4Dropped S6tRespNoOCOVLSent S6aIDASuccessByCx HdUDAinOther CxLIAsuccess ZhMultimAuthReqCntr CxLIAOutOtherError S6aULAOut5001 SWxPPRStaleSessnCntr S6aIDRByCxSarCtr S6cRDAOutRC5012 S6cResOCOVLendedSent RadiusAccountReqSTOP AdminPNAIn5012 S6tCIAOutRC5006 S6tCIAOutRC5004 S6tCIAOutRC5005 ShPNRByS6 ShUDRprio0Received HdPUROut S6aS6dPUASuccess S6tCIAOutRC5001 HdUDAin5006 SWxServerAsgnErrCntr CxLIRprio0Success SWxRTATimeout S6AIAOut4181_4G_NOR HdUDAin5004 MapImrnReqCntr SWxSAAOut5450 S6aULR_HPLMN SWxRTAErrCntr CxSARprio0Received SWxSAAOut5452 S6aIDAFailBySh LdapReadOtherCntr SWxSAAOut4002 S6cRDAOut5558 SWxPPAFailPCSCFRestor S6cRDAOutRC5004 ShSNAOut5001 ZhMultimAuthErrCntr AdminPNAIn5001 ShSNAOut5002 FlInsertedImsiCount S6AIAOut5001_4G_NOR S6aULRHPLMNRequest HdCLROutSIMCardChOvr S6aDSAFailByAdmin SLhRIRIn WxEAPSIMAuthReqCntr SWxRTRBySubsAdminCntr SWxPPAErrCntr S6cRespOCOVLSent SWxMAREquIdChksnoProv ShPUAsuccess ShPNAInDataErr HdCLRInSgsnUpdate S6aIDRtrigEmergPDNGW S6aIDAIn5012BySWx ShSNAOut5011 SWxPPRBySubsAdminCntr S6aNORwithEmergPDNGW CxRTRByCxSACntr HdPNRinAVPDropped SWxPPRRstNotPosCtr SLhRIAOutRC4002 S6aULAOut5004 S6PUAOut5001 S6dULR_HPLMN S6mSIRIn S6cSRAOut5001 WxMAASuccess S6AIAOut4181 ImplausibleClocksS6 SWxMAREquIdChksImpos S6cSRAOutRC4002 CxSARprio2Dropped S6mRespNoOCOVLSent</measTypes>
<measValue measObjLdn="PLMN-PLMN/IMSNFM-CLK-VHSS/HSS-HSSDN_NHSSCLK2_DU/HSSCALLP-02/TP-1/UMSTP-1">
<measResults>0 0 0 0 0 0 0 2428 0 0 0 0 0 0 0 0 0 0 8 0 0 0 0 0 0 0 0 0 0 0 0 0 3 0 0 1488 0 0 0 8519 0 0 0 0 0 0 0 0 0 0 0 0 0 0 0 0 3 0 0 0 0 2 0 0 0 0 0 370 0 0 0 0 0 0 0 0 0 0 0 0 0 0 0 5572 0 0 1 0 0 0 0 0 0 0 0 0 0 0 0 0 0 0 0 0 0 0 0 637 0 0 5907 0 0 0 0 0 0 0 0 0 0 0 0 0 0 0 0 0 0 0 0 0 5608 0 0 0 0 0 0 0 0 0 0 293 0 0 0 0 0 0 0 0 0 0 0 15126 0 0 8 0 0 0 0 0 0 0 0 0 0 0 113 0 0 0 0 0 0 0 0 2538 0 0 14937 0 0 0 0 0 0 0 5 0 0 0 0 0 0 0 0 0 0 18327 0 0 0 0 25 0 28868 0 0 0 0 0 0 0 0 0 0 0 5572 0 0 0 0 0 0 0 0 250 2538 0 0 370 0 0 0 1 0 0 0 0 0 24 0 0 0 0 0 0 0 0 0 0 0 0 0 0 0 0 0 0 31375 0 0 0 0 0 0 3 0 0 0 0 0 0 0 0 0 0 0 0 0 0 0 0 0 0 0 0 0 0 0 11100 0 398 0 0 0 3 0 0 0 0 0 0 0 0 0 0 0 0 0 0 0 0 1 0 14938 0 0 0 0 0 0 0 0 0 0 1 0 0 0 0 0 0 0 0 0 5 0 0 0 0 0 0 0 0 137 0 0 0 0 0 0 0 0 0 0 0 0 0 0 0 0 0 0 0 0 0 0 0 0 0 0 0 3 0 0 0 0 0 0 0 2 0 53 96948 0 0 0 14937 0 0 0 15181 0 0 0 0 0 0 0 0 0 0 0 0 0 28867 0 0 0 0 0 0 285 134398 0 0 0 18307 0 0 0 0 0 0 0 0 0 0 0 0 8248 0 0 0 0 0 0 0 0 0 0 0 0 0 0 0 0 0 0 0 0 0 0 0 0 0 0 0 1 0 4 0 0 0 0 0 124 0 0 0 290 0 0 0 0 0 0 0 0 0 0 0 0 0 0 0 3 0 0 0 0 0 28870 0 0 0 0 0 0 0 0 0 0 0 0 0 0 0 0 0 0 0 0 0 0 0 0 0 0 0 0 8248 0 0 0 137 0 0 0 0 0 0 0 0 0 0 0 0 0 28863 0 0 0 0 0 0 0 32377 0 0 0 0 0 8 0 0 0 0 0 0 0 0 0 0 0 0 0 0 0 5608 8517 0 0 0 0 0 0 0 0 4169 0 0 0 0 0 0 0 0 0 0 0 0 0 0 0 0 0 0 0 0 0 0 0 0 0 17946 0 0 0 0 0 0 0 0 0 0 0 0 0 0 352 17946 0 0 0 0 0 0 0 0 11070 0 0 0 0 0 0 0 0 0 0 0 6 0 0 0 0 0 0 0 0 0 0 0</measResults>
</measValue>
</measInfo>
<measInfo measInfoId="TRIGGERFRAMEWORK">
<granPeriod duration="PT900S" endTime="2021-08-21T22:00:00+08:00"/>
<repPeriod duration="PT900S"/>
<measTypes>MSSEARCH_HLR_INTR_ERR MSSEARCH_RES_SUCCESS MSSEARCH_UNDELIVERBLE InvokeRestSuccess MSSEARCH_HLR_OTHR_ERR RECVD_TRG_MESSAGES InvokeRestRec UNS_TRG_MESSAGES MSSEARCH_REQ_SENT_CTR</measTypes>
<measValue measObjLdn="PLMN-PLMN/IMSNFM-CLK-VHSS/HSS-HSSDN_NHSSCLK2_DU/HSSCALLP-02/TP-1/TRIGGERFRAMEWORK-1">
<measResults>0 0 0 0 0 5 0 0 0</measResults>
</measValue>
</measInfo>
<measInfo measInfoId="UHSM">
<granPeriod duration="PT900S" endTime="2021-08-21T22:00:00+08:00"/>
<repPeriod duration="PT900S"/>
<measTypes>EXT_REQUESTS PROXY_RESPONSES EXT_RESPONSES EXT_ERRORS TOTAL_RESPONSES PROXY_TIMEOUTS REQ_NOT_QUEUED TOTAL_REQUESTS PROXY_ERRORS REQ_QUEUED PROXY_REQUESTS TOTAL_ERRORS</measTypes>
<measValue measObjLdn="PLMN-PLMN/IMSNFM-CLK-VHSS/HSS-HSSDN_NHSSCLK2_DU/HSSCALLP-02/HLRI-1/ACS-1/UHSM-1">
<measResults>0 0 0 0 0 0 0 0 0 0 0 0</measResults>
</measValue>
</measInfo>
<measInfo measInfoId="HSDIA">
<granPeriod duration="PT900S" endTime="2021-08-21T22:00:00+08:00"/>
<repPeriod duration="PT900S"/>
<measTypes>S6NOADropped DiaCerRejConAvailable ShPURDropped SLhOlBlockRIRCtr ShPNADropped CxOlBlockLIRCtr S6tRIADropped CxRTADropped S6OlBlockNORCtr HdPNRDropped DiaMessageSent MacOctSentEth2 MacOctSentEth3 S6mnOlBlockSIRCtr MacOctSentEth0 ShOlBlockSNRCtr MacOctSentEth1 HdOlBlockCLRCtr MacOctSentEth6 MacOctSentEth7 DiaMessageRcvd MacOctSentEth4 MacOctSentEth5 CxLIADropped S6aNORDroppedDrmp SWxRTADropped ShPUADropped S6OlBlockULRCtr DiaProtocolErrors MacOctReceivedEth7 MacOctReceivedEth6 S6aULRDroppedDrmp MacOctReceivedEth5 MacOctReceivedEth4 MacOctReceivedEth3 MacOctReceivedEth2 S6tOlBlockNIRRCtr MacOctReceivedEth1 MacOctReceivedEth0 DiaReqDropByRcvr RoDroppedCtr ShUDADropped SWxOlBlockMARCtr SWxPPADropped SWxOlBlockSARCtr SWxSAADropped SctpDataChunkSent DPDDnsRequestsSuccess S6mnSIRDropped CxOlBlockUARCtr HdCLRDropped RcvdCeaErrCtr S6PUADropped S6aPURDroppedDrmp E2DroppedCtr S6aPURDropped CxUARDropped CxMAADropped S6tNIRDropped DiameterTooBusy SctpDataChunkReceived CxUAADropped ZhMARDropped DiaUnknownAVPs S6OlBlockAIRCtr RfDroppedCtr SWxMARDropped SentCeaErrCtr DiaWrongProtType S6tOlBlockCIRCtr ShSNADropped RcvdCerCtr CxPPADropped DiaConnRejAdminBlkd WxMAADropped S6CLADropped S6tNIAIncomingDropped SctpDataChunkReSent S6cOlBlockSRRCtr S6cSRRDropped SWxSARDropped ZhOlBlockMARCtr S6OlBlockPURCtr DiaOutConnUnavailDur CxSARDropped S6tCIRDropped DPDDnsRequestsError S6RSADropped CxMARDropped ShOlBlockUDRCtr CxLIRDropped WxOlBlockMARCtr S6AIADropped S6cOlBlockRDRCtr NbrSctpUnavailable ShOlBlockPURCtr CxOlBlockMARCtr S6aAIRDropped ShSNRDropped S6aULRDropped CxOlBlockSARCtr SWxMAADropped DiaCerRejMaxConExcd ShUDRDropped DiaConnRejSysInOvl SendCerCtr S6aAIRDroppedDrmp S6DSADropped WxDroppedCtr CxSAADropped S6ULADropped S6aNORDropped SLhRIRDropped HdOlBlockPNRCtr S6cRDRDropped SctpUnavailDuration DiaMsgDropAtSndr S6IDADropped</measTypes>
<measValue measObjLdn="PLMN-PLMN/IMSNFM-CLK-VHSS/HSS-HSSDN_NHSSCLK2_DU/HSSCALLP-02/COMMON-1/HSDIA-1">
<measResults>0 0 0 0 0 0 0 0 0 0 0 295 0 0 162 0 0 0 0 0 0 0 0 0 0 0 0 0 0 0 0 0 0 0 0 602 0 0 151 0 0 0 0 0 0 0 0 0 0 0 0 0 0 0 0 0 0 0 0 0 0 0 0 0 0 0 0 0 0 0 0 0 0 0 0 0 0 0 0 0 0 0 0 0 0 0 0 0 0 0 0 0 0 0 0 0 0 0 0 0 0 0 0 0 0 0 0 0 0 0 0 0 0 0 0 0 0 0</measResults>
</measValue>
</measInfo>
<measInfo measInfoId="IMSLB">
<granPeriod duration="PT900S" endTime="2021-08-21T22:00:00+08:00"/>
<repPeriod duration="PT900S"/>
<measTypes>DataStoreWriteFailure DataStoreWriteSuccess DataStoreReadSuccess ConnectedHAGroups DataStoreReadFailure IcmRemoteSendFail NodesInUpState</measTypes>
<measValue measObjLdn="PLMN-PLMN/IMSNFM-CLK-VHSS/HSS-HSSDN_NHSSCLK2_DU/HSSCALLP-02/COMMON-1/IMSLB-1">
<measResults>0 0 0 0 0 0 0</measResults>
</measValue>
</measInfo>
<measInfo measInfoId="ANZ">
<granPeriod duration="PT900S" endTime="2021-08-21T22:00:00+08:00"/>
<repPeriod duration="PT900S"/>
<measTypes>AnsSuccResRcvdFrmTp AnzIndRecvdFromSCP AnzSuccResSntToSCP AnzReqSentToTp</measTypes>
<measValue measObjLdn="PLMN-PLMN/IMSNFM-CLK-VHSS/HSS-HSSDN_NHSSCLK2_DU/HSSCALLP-02/TP-1/ANZ-1">
<measResults>0 0 0 0</measResults>
</measValue>
</measInfo>
<measInfo measInfoId="RUR">
<granPeriod duration="PT900S" endTime="2021-08-21T22:00:00+08:00"/>
<repPeriod duration="PT900S"/>
<measTypes>RurReqSentToTp RurSuccResSntTo1xHLR RurSuccResRcvdFrmTp RurIndRecvdFrom1xHLR</measTypes>
<measValue measObjLdn="PLMN-PLMN/IMSNFM-CLK-VHSS/HSS-HSSDN_NHSSCLK2_DU/HSSCALLP-02/TP-1/RUR-1">
<measResults>0 0 0 0</measResults>
</measValue>
</measInfo>
<measInfo measInfoId="DIAMETERDISP">
<granPeriod duration="PT900S" endTime="2021-08-21T22:00:00+08:00"/>
<repPeriod duration="PT900S"/>
<measTypes>DiaUnknownMsg ShPNASentCntr ShUDA5012RespRecCntr DiaResolveTriggered ShUDA5101RespRecCntr ShPNA2001RespSentCntr ShPUA5012RespRecCntr ShPUA5008RespRecCntr DPDDnsDID02Error ShPUA5103RespRecCntr ShPUARecCntr ShSNA5001RespRecCntr ShUDA4100RespRecCntr ShPNA5008RespSentCntr ShUDRSentCntr ShPURSentCntr ShSNA2001RespRecCntr ShPUA4002RespRecCntr ShSNA5104RespRecCntr ConnectionsCE2 ConnectionsCE1 ShPNA5107RespSentCntr ShPUA5101RespRecCntr ShPUA5001RespRecCntr ShPNRRecCntr NoDiameterConnect ShSNA5012RespRecCntr CtxForOutMsgExpired ShSNA5106RespRecCntr ShPUA4101RespRecCntr ShPUA5108RespRecCntr ShUDA5001RespRecCntr ReqsDroppedDueToGS CtxForInMsgExpired DPDDnsDID02Success DiaRetransMsg ShSNA5101RespRecCntr ShPNA5100RespSentCntr ShUDA5102RespRecCntr PeerRqRjctdDueToGS DPDDnsDID01Success DPDDnsDID01Error ShPUA2001RespRecCntr ShSNRSentCntr DiaForwardedMsgs ShSNA5108RespRecCntr ShSNARecCntr InvalidShMsgRecCntr ShPNA5001RespSentCntr ShPNA5012RespSentCntr ShUDARecCntr ShPUA5105RespRecCntr ShUDA2001RespRecCntr</measTypes>
<measValue measObjLdn="PLMN-PLMN/IMSNFM-CLK-VHSS/HSS-HSSDN_NHSSCLK2_DU/HSSCALLP-02/COMMON-1/DIAMETERDISP-1">
<measResults>0 0 0 0 0 0 0 0 0 0 0 0 0 0 0 0 0 0 0 0 0 0 0 0 0 0 0 0 0 0 0 0 0 0 0 0 0 0 0 0 0 0 0 0 0 0 0 0 0 0 0 0 0</measResults>
</measValue>
</measInfo>
<measInfo measInfoId="CX">
<granPeriod duration="PT900S" endTime="2021-08-21T22:00:00+08:00"/>
<repPeriod duration="PT900S"/>
<measTypes>RelayCxPPRNoRoute CxStackMessageDscrd CxPPR RelayRcvdCxPPR RelayCxRTRNoRoute RelayRcvdCxRTR CxRTR</measTypes>
<measValue measObjLdn="PLMN-PLMN/IMSNFM-CLK-VHSS/HSS-HSSDN_NHSSCLK2_DU/HSSCALLP-02/COMMON-1/CX-1">
<measResults>0 0 0 0 0 0 0</measResults>
</measValue>
</measInfo>
<measInfo measInfoId="SWX">
<granPeriod duration="PT900S" endTime="2021-08-21T22:00:00+08:00"/>
<repPeriod duration="PT900S"/>
<measTypes>RelaySWxPPRNoRoute SWxRTR RelaySWxRTRNoRoute RelayRcvdSWxPPR SWxPPR RelayRcvdSWxRTR</measTypes>
<measValue measObjLdn="PLMN-PLMN/IMSNFM-CLK-VHSS/HSS-HSSDN_NHSSCLK2_DU/HSSCALLP-02/COMMON-1/SWX-1">
<measResults>0 0 0 0 0 0</measResults>
</measValue>
</measInfo>
<measInfo measInfoId="SH">
<granPeriod duration="PT900S" endTime="2021-08-21T22:00:00+08:00"/>
<repPeriod duration="PT900S"/>
<measTypes>RelayRcvdShPNR ShPNR RelayShPNRNoRoute</measTypes>
<measValue measObjLdn="PLMN-PLMN/IMSNFM-CLK-VHSS/HSS-HSSDN_NHSSCLK2_DU/HSSCALLP-02/COMMON-1/SH-1">
<measResults>0 137 0</measResults>
</measValue>
</measInfo>
<measInfo measInfoId="ATI">
<granPeriod duration="PT900S" endTime="2021-08-21T22:00:00+08:00"/>
<repPeriod duration="PT900S"/>
<measTypes>AtiTimeOut AtiSuccResSentToTp AtiErrResSentToTp AtiSuccResFromHlr AtiReqRecvdFromTp AtiReqToHlrFailed AtiErrResFromHlr AtiReqSentToHlr AtiResToTpFailed</measTypes>
<measValue measObjLdn="PLMN-PLMN/IMSNFM-CLK-VHSS/HSS-HSSDN_NHSSCLK2_DU/HSSCALLP-02/TP-1/ATI-1">
<measResults>0 0 0 0 0 0 0 0 0</measResults>
</measValue>
</measInfo>
<measInfo measInfoId="LCR">
<granPeriod duration="PT900S" endTime="2021-08-21T22:00:00+08:00"/>
<repPeriod duration="PT900S"/>
<measTypes>LcrReqSentTo1xHLR LcrSuccResSentToTp LcrEmtyBegSntTo1xHLR LcrEmtyContFrm1xHLR LcrReqRecvdFromTp LcrSuccResFrom1xHLR</measTypes>
<measValue measObjLdn="PLMN-PLMN/IMSNFM-CLK-VHSS/HSS-HSSDN_NHSSCLK2_DU/HSSCALLP-02/TP-1/LCR-1">
<measResults>0 0 0 0 0 0</measResults>
</measValue>
</measInfo>
<measInfo measInfoId="HSACS">
<granPeriod duration="PT900S" endTime="2021-08-21T22:00:00+08:00"/>
<repPeriod duration="PT900S"/>
<measTypes>EXT_REQUESTS EXT_RESPONSES EXT_ERRORS TOTAL_RESPONSES TOTAL_REQUESTS TOTAL_ERRORS</measTypes>
<measValue measObjLdn="PLMN-PLMN/IMSNFM-CLK-VHSS/HSS-HSSDN_NHSSCLK2_DU/HSSCALLP-02/TP-1/HSACS-1">
<measResults>0 0 0 0 0 0</measResults>
</measValue>
</measInfo>
<measInfo measInfoId="OVERLOADHANDLING">
<granPeriod duration="PT900S" endTime="2021-08-21T22:00:00+08:00"/>
<repPeriod duration="PT900S"/>
<measTypes>VMResourceUtilization CounterForLoadLevel Node2CntrForLoadLevel</measTypes>
<measValue measObjLdn="PLMN-PLMN/IMSNFM-CLK-VHSS/HSS-HSSDN_NHSSCLK2_DU/HSSCALLP-02/TP-1/OVERLOADHANDLING-1">
<measResults>6 0 0</measResults>
</measValue>
</measInfo>
<measInfo measInfoId="S6A">
<granPeriod duration="PT900S" endTime="2021-08-21T22:00:00+08:00"/>
<repPeriod duration="PT900S"/>
<measTypes>S6aIDR S6aCLR RelayS6CLRNoRoute RelayS6DSRNoRoute RelayRcvdS6DSR S6aRSR RelayRcvdS6CLR S6aDSR RelayS6IDRNoRoute RelayRcvdS6IDR</measTypes>
<measValue measObjLdn="PLMN-PLMN/IMSNFM-CLK-VHSS/HSS-HSSDN_NHSSCLK2_DU/HSSCALLP-02/COMMON-1/S6A-1">
<measResults>399 31296 0 0 0 0 0 0 0 0</measResults>
</measValue>
</measInfo>
</measData>
<fileFooter>
<measCollec endTime="2021-08-21T22:00:00+08:00"/>
</fileFooter>
</measCollecFile>