<?xml version="1.0" encoding="UTF-8"?>
<measCollecFile xmlns="http://latest/nmc-omc/cmNrm.doc#measCollec" xmlns:xsi="http://www.w3.org/2001/XMLSchema-instance" xsi:schemaLocation="http://latest/nmc-omc/cmNrm.doc#measCollec schema\pmResultSchedule.xsd">
    <fileHeader fileFormatVersion="32.435 V7.2" vendorName="Huawei">
        <fileSender elementType="NodeB"/>
        <measCollec beginTime="2021-08-17T22:00:00+08:00"/>
    </fileHeader>
    <measData>
        <managedElement userLabel="MML00951HUNB001"/>
        <measInfo measInfoId="50331655">
            <granPeriod duration="PT3600S" endTime="2021-08-17T23:00:00+08:00"/>
            <repPeriod duration="PT3600S"/>
            <measTypes>50332573 50332574 50342574 50342575 50342635 50342636 </measTypes>
            <measValue measObjLdn="MML00951HUNB001/ULGROUP:UL BB Resource Group No.=1">
                <measResults>768 88.779 62.5 120.5 0 0 </measResults>
            </measValue>
            <measValue measObjLdn="MML00951HUNB001/ULGROUP:UL BB Resource Group No.=2">
                <measResults>1024 57.333 34.5 80.5 0 0 </measResults>
            </measValue>
        </measInfo>
        <measInfo measInfoId="50331656">
            <granPeriod duration="PT3600S" endTime="2021-08-17T23:00:00+08:00"/>
            <repPeriod duration="PT3600S"/>
            <measTypes>50332582 50332583 50332584 50332586 50342584 50342585 50342586 50342587 50342606 50342607 50342608 50342609 50342632 50342633 </measTypes>
            <measValue measObjLdn="MML00951HUNB001/BRD:Board Type=UBBP, Cabinet No.=0, Subrack No.=0, Slot No.=1">
                <measResults>1024 1024 0 0 0 0 0 0 0 0 0 0 0 0 </measResults>
            </measValue>
            <measValue measObjLdn="MML00951HUNB001/BRD:Board Type=UBBP, Cabinet No.=0, Subrack No.=0, Slot No.=2">
                <measResults>1024 768 58.825 88.779 41 72 62.5 120.5 3 6 6 10 0 0 </measResults>
            </measValue>
            <measValue measObjLdn="MML00951HUNB001/BRD:Board Type=UBBP, Cabinet No.=0, Subrack No.=0, Slot No.=3">
                <measResults>1024 1024 37.783 57.333 28 48 34.5 80.5 2 3 3 5 0 0 </measResults>
            </measValue>
            <measValue measObjLdn="MML00951HUNB001/BRD:Board Type=UMPT, Cabinet No.=0, Subrack No.=0, Slot No.=7">
                <measResults>0 0 0 0 0 0 0 0 0 0 0 0 0 0 </measResults>
            </measValue>
        </measInfo>
        <measInfo measInfoId="50331683">
            <granPeriod duration="PT3600S" endTime="2021-08-17T23:00:00+08:00"/>
            <repPeriod duration="PT3600S"/>
            <measTypes>50332627 </measTypes>
            <measValue measObjLdn="MML00951HUNB001/NODEBRRU:Cabinet No.=0, Subrack No.=60, Slot No.=0">
                <measResults>0 </measResults>
            </measValue>
            <measValue measObjLdn="MML00951HUNB001/NODEBRRU:Cabinet No.=0, Subrack No.=61, Slot No.=0">
                <measResults>0 </measResults>
            </measValue>
            <measValue measObjLdn="MML00951HUNB001/NODEBRRU:Cabinet No.=0, Subrack No.=62, Slot No.=0">
                <measResults>0 </measResults>
            </measValue>
            <measValue measObjLdn="MML00951HUNB001/NODEBRRU:Cabinet No.=0, Subrack No.=80, Slot No.=0">
                <measResults>0 </measResults>
            </measValue>
            <measValue measObjLdn="MML00951HUNB001/NODEBRRU:Cabinet No.=0, Subrack No.=81, Slot No.=0">
                <measResults>0 </measResults>
            </measValue>
            <measValue measObjLdn="MML00951HUNB001/NODEBRRU:Cabinet No.=0, Subrack No.=82, Slot No.=0">
                <measResults>0 </measResults>
            </measValue>
        </measInfo>
        <measInfo measInfoId="1542455297">
            <granPeriod duration="PT3600S" endTime="2021-08-17T23:00:00+08:00"/>
            <repPeriod duration="PT3600S"/>
            <measTypes>1542455297 1542455298 1542455299 1542455300 1542455301 1542455302 1542455303 1542455304 1542455305 1542455306 1542455307 1542460296 1542460297 </measTypes>
            <measValue measObjLdn="MML00951HUNB001/ETHPORT:Cabinet No.=0, Subrack No.=0, Slot No.=7, Port No.=0, Subboard Type=BASE_BOARD">
                <measResults>1293317891 13001173 3888512457 13604108 0 5044928 1431360 2874042 27444248 1512576 8641226 1000000 1000000 </measResults>
            </measValue>
            <measValue measObjLdn="MML00951HUNB001/ETHPORT:Cabinet No.=0, Subrack No.=0, Slot No.=7, Port No.=1, Subboard Type=BASE_BOARD">
                <measResults>0 0 0 0 0 0 0 0 0 0 0 0 0 </measResults>
            </measValue>
        </measInfo>
        <measInfo measInfoId="1542455301">
            <granPeriod duration="PT3600S" endTime="2021-08-17T23:00:00+08:00"/>
            <repPeriod duration="PT3600S"/>
            <measTypes>1542455326 1542455327 1542455328 1542455329 1542455330 1542455331 1542455332 1542455333 1542460727 1542460728 1542460729 </measTypes>
            <measValue measObjLdn="MML00951HUNB001/IP:Board Type=UMPT, Cabinet No.=0, Subrack No.=0, Slot No.=7">
                <measResults>12997583 984500522 0 0 13594813 3545223946 0 0 7820 0 0 </measResults>
            </measValue>
        </measInfo>
        <measInfo measInfoId="1542455303">
            <granPeriod duration="PT3600S" endTime="2021-08-17T23:00:00+08:00"/>
            <repPeriod duration="PT3600S"/>
            <measTypes>1542455365 1542455367 1542455369 1542455371 1542455375 1542455376 1542455377 1542455378 </measTypes>
            <measValue measObjLdn="MML00951HUNB001/RSCGRP:Transmission Resource Group Bear Type=IP, Cabinet No.=0, Bearing Port No.=0, Bearing Port Type=ETH, Transmission Resource Group ID=AUTOPORT, Subboard Type=BASE_BOARD, Slot No.=7, Subrack No.=0">
                <measResults>1218816006 13001412 0 0 4743840 1366584 2708494 0 </measResults>
            </measValue>
            <measValue measObjLdn="MML00951HUNB001/RSCGRP:Transmission Resource Group Bear Type=IP, Cabinet No.=0, Bearing Port No.=1, Bearing Port Type=ETH, Transmission Resource Group ID=AUTOPORT, Subboard Type=BASE_BOARD, Slot No.=7, Subrack No.=0">
                <measResults>0 0 0 0 0 0 0 0 </measResults>
            </measValue>
        </measInfo>
        <measInfo measInfoId="1542455312">
            <granPeriod duration="PT3600S" endTime="2021-08-17T23:00:00+08:00"/>
            <repPeriod duration="PT3600S"/>
            <measTypes>1542460308 1542460309 1542460310 1542460311 1542460312 1542460313 1542460314 1542460315 1542460316 1542460317 1542460318 1542460319 1542460320 1542460321 1542460322 1542460323 1542460324 1542460325 1542460326 1542460327 1542460328 1542460329 1542460330 1542460331 1542460332 </measTypes>
            <measValue measObjLdn="MML00951HUNB001/RSCGRP:Transmission Resource Group Bear Type=IP, Cabinet No.=0, Bearing Port No.=0, Bearing Port Type=ETH, Transmission Resource Group ID=AUTOPORT, Subboard Type=BASE_BOARD, Slot No.=7, Subrack No.=0">
                <measResults>32826 32826 32826 0 0 0 0 0 0 0 0 0 0 4710139 0 0 0 1 0 0 0 0 0 0 0 </measResults>
            </measValue>
            <measValue measObjLdn="MML00951HUNB001/RSCGRP:Transmission Resource Group Bear Type=IP, Cabinet No.=0, Bearing Port No.=1, Bearing Port Type=ETH, Transmission Resource Group ID=AUTOPORT, Subboard Type=BASE_BOARD, Slot No.=7, Subrack No.=0">
                <measResults>0 0 0 0 0 0 0 0 0 0 0 0 0 0 0 0 0 0 0 0 0 0 0 0 0 </measResults>
            </measValue>
        </measInfo>
        <measInfo measInfoId="1542455309">
            <granPeriod duration="PT3600S" endTime="2021-08-17T23:00:00+08:00"/>
            <repPeriod duration="PT3600S"/>
            <measTypes>1542455826 1542455827 1542455828 1542455829 1542455833 1542455834 1542455835 1542455836 1542455837 1542455838 1542455839 1542455840 1542455841 1542455842 1542455843 1542455844 1542455845 1542455846 1542455847 1542455848 </measTypes>
            <measValue measObjLdn="MML00951HUNB001/OMCH:Standby Status=MASTER, Bearer Type=IPV4">
                <measResults>638 169 0 0 0 0 0 0 0 477 0 0 647 0 0 0 0 585 0 62 </measResults>
            </measValue>
        </measInfo>
        <measInfo measInfoId="1542455815">
            <granPeriod duration="PT3600S" endTime="2021-08-17T23:00:00+08:00"/>
            <repPeriod duration="PT3600S"/>
            <measTypes>1542460340 1542460341 1542460342 1542460343 1542460496 1542460497 1542460498 1542460499 1542460500 1542460501 1542460502 1542460503 1542460504 1542460505 1542460506 1542460507 1542460510 </measTypes>
            <measValue measObjLdn="MML00951HUNB001/IKE:Board Type=UMPT, Cabinet No.=0, Subrack No.=0, Slot No.=7">
                <measResults>0 0 0 0 0 0 0 0 0 0 0 0 0 0 0 0 0 </measResults>
            </measValue>
        </measInfo>
        <measInfo measInfoId="1542455817">
            <granPeriod duration="PT3600S" endTime="2021-08-17T23:00:00+08:00"/>
            <repPeriod duration="PT3600S"/>
            <measTypes>1542460356 1542460357 1542460358 1542460359 1542460360 1542460361 1542460362 1542460363 1542460364 1542460365 1542460366 1542460367 1542460368 1542460369 1542460370 1542460371 1542460372 1542460373 1542460374 1542460375 1542460376 </measTypes>
            <measValue measObjLdn="MML00951HUNB001/SCTPLNK:Link No.=31">
                <measResults>8974046 10399732 94330 145997 0 58408 0 19947 37496 15480 23117 24635 121807 0 0 0 0 0 0 121807 24638 </measResults>
            </measValue>
            <measValue measObjLdn="MML00951HUNB001/SCTPLNK:Link No.=32">
                <measResults>14611530 15880586 485939 601061 0 61640 10080 32469 61200 13208 35290 228923 442839 0 0 0 0 0 0 442839 228923 </measResults>
            </measValue>
        </measInfo>
        <measInfo measInfoId="1542455818">
            <granPeriod duration="PT3600S" endTime="2021-08-17T23:00:00+08:00"/>
            <repPeriod duration="PT3600S"/>
            <measTypes>1542455526 1542455527 1542455528 1542455529 1542455530 1542455531 1542455532 1542455533 1542455534 1542455535 </measTypes>
            <measValue measObjLdn="MML00951HUNB001/USERPLANEHOST:User Plane Host ID=3">
                <measResults>12118320 12994388 910991335 3490346810 4016552 2024427 25882040 7756243 NIL NIL </measResults>
            </measValue>
        </measInfo>
        <measInfo measInfoId="1593835529">
            <granPeriod duration="PT3600S" endTime="2021-08-17T23:00:00+08:00"/>
            <repPeriod duration="PT3600S"/>
            <measTypes>1593835620 1593835628 1593835629 </measTypes>
            <measValue measObjLdn="MML00951HUNB001/NODE:NODE">
                <measResults>NIL 0.71 0 </measResults>
            </measValue>
        </measInfo>
        <measInfo measInfoId="1593835533">
            <granPeriod duration="PT3600S" endTime="2021-08-17T23:00:00+08:00"/>
            <repPeriod duration="PT3600S"/>
            <measTypes>1593835647 1593835648 1593835649 </measTypes>
            <measValue measObjLdn="MML00951HUNB001/NODE:NODE">
                <measResults>32291 32274 32313 </measResults>
            </measValue>
        </measInfo>
        <measInfo measInfoId="1593835531">
            <granPeriod duration="PT3600S" endTime="2021-08-17T23:00:00+08:00"/>
            <repPeriod duration="PT3600S"/>
            <measTypes>1593835630 1593835632 1593835633 1593835634 </measTypes>
            <measValue measObjLdn="MML00951HUNB001/BBUBoard:Board Type=UBBP, Cabinet No.=0, Subrack No.=0, Slot No.=1">
                <measResults>0 3 2 0 </measResults>
            </measValue>
            <measValue measObjLdn="MML00951HUNB001/BBUBoard:Board Type=UBBP, Cabinet No.=0, Subrack No.=0, Slot No.=2">
                <measResults>0 4 2 0 </measResults>
            </measValue>
            <measValue measObjLdn="MML00951HUNB001/BBUBoard:Board Type=UBBP, Cabinet No.=0, Subrack No.=0, Slot No.=3">
                <measResults>0 4 3 0 </measResults>
            </measValue>
            <measValue measObjLdn="MML00951HUNB001/BBUBoard:Board Type=UMPT, Cabinet No.=0, Subrack No.=0, Slot No.=7">
                <measResults>0 4 1 0 </measResults>
            </measValue>
        </measInfo>
        <measInfo measInfoId="1593835535">
            <granPeriod duration="PT3600S" endTime="2021-08-17T23:00:00+08:00"/>
            <repPeriod duration="PT3600S"/>
            <measTypes>1593835652 1593835653 1593835654 1593835655 1593835656 1593835657 1593835658 1593835659 1593835660 1593835661 1593835662 1593835663 1593835664 1593835665 1593835666 1593835667 1593835668 1593835669 1593835670 1593835671 </measTypes>
            <measValue measObjLdn="MML00951HUNB001/RADIOEQM:Cabinet No.=0, Subrack No.=60, Slot No.=0">
                <measResults>NIL NIL NIL NIL NIL NIL NIL NIL NIL NIL 0 0 0 0 0 0 0 0 0 0 </measResults>
            </measValue>
            <measValue measObjLdn="MML00951HUNB001/RADIOEQM:Cabinet No.=0, Subrack No.=61, Slot No.=0">
                <measResults>NIL NIL NIL NIL NIL NIL NIL NIL NIL NIL 0 0 0 0 0 0 0 0 0 0 </measResults>
            </measValue>
            <measValue measObjLdn="MML00951HUNB001/RADIOEQM:Cabinet No.=0, Subrack No.=62, Slot No.=0">
                <measResults>NIL NIL NIL NIL NIL NIL NIL NIL NIL NIL 0 0 0 0 0 0 0 0 0 0 </measResults>
            </measValue>
            <measValue measObjLdn="MML00951HUNB001/RADIOEQM:Cabinet No.=0, Subrack No.=80, Slot No.=0">
                <measResults>NIL NIL NIL NIL NIL NIL NIL NIL NIL NIL 0 0 0 0 0 0 0 0 0 0 </measResults>
            </measValue>
            <measValue measObjLdn="MML00951HUNB001/RADIOEQM:Cabinet No.=0, Subrack No.=81, Slot No.=0">
                <measResults>NIL NIL NIL NIL NIL NIL NIL NIL NIL NIL 0 0 0 0 0 0 0 0 0 0 </measResults>
            </measValue>
            <measValue measObjLdn="MML00951HUNB001/RADIOEQM:Cabinet No.=0, Subrack No.=82, Slot No.=0">
                <measResults>NIL NIL NIL NIL NIL NIL NIL NIL NIL NIL 0 0 0 0 0 0 0 0 0 0 </measResults>
            </measValue>
        </measInfo>
        <measInfo measInfoId="1593835539">
            <granPeriod duration="PT3600S" endTime="2021-08-17T23:00:00+08:00"/>
            <repPeriod duration="PT3600S"/>
            <measTypes>1593835767 </measTypes>
            <measValue measObjLdn="MML00951HUNB001/RADIOEQM:Cabinet No.=0, Subrack No.=60, Slot No.=0">
                <measResults>3600 </measResults>
            </measValue>
            <measValue measObjLdn="MML00951HUNB001/RADIOEQM:Cabinet No.=0, Subrack No.=61, Slot No.=0">
                <measResults>3600 </measResults>
            </measValue>
            <measValue measObjLdn="MML00951HUNB001/RADIOEQM:Cabinet No.=0, Subrack No.=62, Slot No.=0">
                <measResults>3600 </measResults>
            </measValue>
            <measValue measObjLdn="MML00951HUNB001/RADIOEQM:Cabinet No.=0, Subrack No.=80, Slot No.=0">
                <measResults>3600 </measResults>
            </measValue>
            <measValue measObjLdn="MML00951HUNB001/RADIOEQM:Cabinet No.=0, Subrack No.=81, Slot No.=0">
                <measResults>3600 </measResults>
            </measValue>
            <measValue measObjLdn="MML00951HUNB001/RADIOEQM:Cabinet No.=0, Subrack No.=82, Slot No.=0">
                <measResults>3600 </measResults>
            </measValue>
        </measInfo>
        <measInfo measInfoId="1593835544">
            <granPeriod duration="PT3600S" endTime="2021-08-17T23:00:00+08:00"/>
            <repPeriod duration="PT3600S"/>
            <measTypes>1593835835 </measTypes>
            <measValue measObjLdn="MML00951HUNB001/BU:Cabinet No.=0, Subrack No.=0">
                <measResults>0.21010308 </measResults>
            </measValue>
        </measInfo>
        <measInfo measInfoId="1593835545">
            <granPeriod duration="PT3600S" endTime="2021-08-17T23:00:00+08:00"/>
            <repPeriod duration="PT3600S"/>
            <measTypes>1593835836 </measTypes>
            <measValue measObjLdn="MML00951HUNB001/BTSBoard:Cabinet No.=0, Subrack No.=60, Slot No.=0">
                <measResults>0.15498751 </measResults>
            </measValue>
            <measValue measObjLdn="MML00951HUNB001/BTSBoard:Cabinet No.=0, Subrack No.=61, Slot No.=0">
                <measResults>0.14969333 </measResults>
            </measValue>
            <measValue measObjLdn="MML00951HUNB001/BTSBoard:Cabinet No.=0, Subrack No.=62, Slot No.=0">
                <measResults>0.15891084 </measResults>
            </measValue>
            <measValue measObjLdn="MML00951HUNB001/BTSBoard:Cabinet No.=0, Subrack No.=80, Slot No.=0">
                <measResults>0.236765 </measResults>
            </measValue>
            <measValue measObjLdn="MML00951HUNB001/BTSBoard:Cabinet No.=0, Subrack No.=81, Slot No.=0">
                <measResults>0.26901084 </measResults>
            </measValue>
            <measValue measObjLdn="MML00951HUNB001/BTSBoard:Cabinet No.=0, Subrack No.=82, Slot No.=0">
                <measResults>0.24040835 </measResults>
            </measValue>
        </measInfo>
        <measInfo measInfoId="50331648">
            <granPeriod duration="PT3600S" endTime="2021-08-17T23:00:00+08:00"/>
            <repPeriod duration="PT3600S"/>
            <measTypes>50331654 50331655 50331656 50331657 50331658 50331659 50331660 50331661 50331662 50331663 50331664 50331665 50331666 50331667 50331668 50331669 50331670 50331671 50331672 50331673 50331674 50331675 50331676 50331677 50331678 50331679 50331680 50331681 50331682 50331683 50331684 50331685 50331686 50331687 50331688 50331689 50331690 50331691 50331692 50331693 50331694 50331695 50331696 50331697 50331698 50331699 50331709 50331710 50331711 50331712 50331713 50331714 50331717 50331718 50331719 50331720 50331721 50331722 50331723 50331724 50331745 50331746 50331754 50331755 50331756 50331757 50331758 50331759 50331760 50331761 50331762 50331763 50331764 50331765 50331766 50331767 50331768 50331769 50331770 50331771 50331772 50331773 50331774 50331775 50331776 50331777 50331778 50331779 50331780 50331781 50331782 50331783 50331784 50331785 50331786 50331787 50331788 50331789 50331790 50331791 50331792 50331793 50331794 50331795 50331796 50331797 50331798 50331799 50331800 50331801 50331802 50331803 50331804 50331805 50331806 50331807 50331808 50331809 50331810 50331811 50331812 50331813 50331814 50331815 50331816 50331817 50331818 50331819 50331820 50331821 50331838 50331839 50331840 50332168 50332169 50332170 50332173 50332174 50332215 50332216 50332217 50341648 50341649 50341650 50341651 50341652 50341653 50341654 50341655 50341656 50341657 50341658 50341659 50341668 50341669 50341670 50341671 50341672 50341675 50341676 50341677 50341678 50341679 50341680 50341685 50341686 50341687 50341688 50341689 50341690 50341691 50341692 50341693 50341694 50341695 50341696 50341697 50341698 50341699 50341700 50341701 50341702 50341703 50341704 50341705 50341706 50341707 50341708 50341709 50341710 50341711 50341712 50341713 50341714 50341715 50341716 50341717 50341722 50341739 50341740 </measTypes>
            <measValue measObjLdn="MML00951HUNB001/ULoCell:NodeB Function Name=MML00951HUNB001, Local Cell ID=10151, Cell Name=MCUMAU1">
                <measResults>284173 28333 22410 256373 23812 2195 1224 569 0 0 0 0 0 0 3710 3799 1785 4882 3452 4831 11196 14395 36703 43553 64719 69128 81398 65844 55249 58394 36999 41385 33719 40795 44904 36454 39421 31207 44254 47699 81074 49318 24480 8053 3848 1953 18768 294435 0 0 0 0 0 0 0 0 0 83690 232509 334967 383104 1767754175 0 27778 3448 416 1630 3324 3636 15808 5400 7042 9179 13793 13539 15025 15948 23322 26615 21813 19447 14596 11814 8579 9396 8242 7887 4982 4920 10378 3844 6371 5565 10897 0 0 0 0 0 0 0 0 0 0 0 0 0 0 0 0 0 0 0 0 0 0 0 0 0 0 0 0 0 0 0 0 0 0 0 0 1767516231 335852 17379 0 0 0 0 0 0 0 0 46 271 0 120 941 0 48 245 124 630 967 186 486654 6539245 0 503262 2616419 6 55 0 108 762 0 0 18 0 1.531 12.233 12.756 14 0 9 34 0 0 0 0 0 0 0 NIL 781 827 653 0 0 0 0 0 0 0 0 0 0 0 0 16030 0 0 </measResults>
            </measValue>
            <measValue measObjLdn="MML00951HUNB001/ULoCell:NodeB Function Name=MML00951HUNB001, Local Cell ID=10152, Cell Name=MCUMAU2">
                <measResults>879910 62459 79434 807184 60991 4164 4891 2680 0 0 0 0 0 0 10091 15803 10530 7689 10094 13799 27553 26670 56766 73657 137547 163747 213204 209198 208162 241806 133755 189251 142315 183189 125200 100924 90343 71176 60889 62223 91237 85724 57968 31982 15984 8212 58589 989546 0 0 0 0 0 0 0 0 0 229793 733601 1021983 1358936 4855136737 0 90639 7843 3504 7169 5931 6668 47851 15603 20596 18042 27492 33582 53446 67151 106744 105012 81080 54139 39857 34628 28295 27912 19642 16935 11492 11668 12066 9718 10929 10234 35798 0 0 0 0 0 0 0 0 0 0 0 0 0 0 0 0 0 0 0 0 0 0 0 0 0 0 0 0 0 0 0 0 0 0 0 0 4854691658 953921 49503 0 0 0 0 0 0 0 0 141 317 9 390 994 3 141 265 390 729 1000 529 1335916 8438070 2088 1335916 2525361 19 71 1 294 733 1 0 106 0 4.623 12.293 11.838 13 0.039 26 105 7 0 0 0 0 0 0 NIL 706 784 579 0 0 0 0 0 0 0 0 0 0 0 0 14952 1 1 </measResults>
            </measValue>
            <measValue measObjLdn="MML00951HUNB001/ULoCell:NodeB Function Name=MML00951HUNB001, Local Cell ID=10153, Cell Name=MCUMAU3">
                <measResults>422710 74934 18712 350331 68987 2459 577 356 0 0 0 0 0 0 3888 2661 2335 1713 2235 3172 5411 5357 10447 15017 25321 30899 37803 42969 49822 69887 59410 71176 57494 68350 77786 63483 68187 49598 39390 24843 25016 13887 8809 3661 1664 986 6532 491128 0 0 0 0 0 0 0 0 0 197473 312446 516451 611363 2801132537 0 29400 3666 479 1386 2339 1726 16266 4998 7303 6541 14583 21088 28958 25272 30233 38769 31195 30515 29985 26593 25589 29763 29446 24928 17309 10275 14392 2938 3915 1490 4653 0 0 0 0 0 0 0 0 0 0 0 0 0 0 0 0 0 0 0 0 0 0 0 0 0 0 0 0 0 0 0 0 0 0 0 0 2800676686 502773 15444 0 0 0 0 0 0 0 0 71 279 0 206 987 0 77 253 223 731 923 279 771586 6453355 0 835954 2765541 7 93 0 178 774 0 0 1 0 2.686 12.829 13 13.621 0 8 47 1 0 0 0 0 0 0 NIL 803 841 686 0 0 0 0 0 0 0 0 0 0 0 0 15719 0 0 </measResults>
            </measValue>
            <measValue measObjLdn="MML00951HUNB001/ULoCell:NodeB Function Name=MML00951HUNB001, Local Cell ID=50151, Cell Name=MCUMAN4">
                <measResults>150072 27776 14566 122823 24475 1624 768 382 0 0 0 0 0 0 2497 321 679 731 312 349 531 432 897 1231 2000 2409 3242 4981 6801 10470 13607 19537 22783 29799 34330 34067 30455 29692 23071 18280 32599 28958 24186 18712 16871 27628 20100 191043 0 0 0 0 0 0 0 0 0 70263 102073 192436 210314 1403664806 0 15815 3584 854 555 1527 522 8091 1134 1410 1290 2477 2090 6391 10189 5396 5811 10497 10377 10553 12518 12681 10768 6104 6191 4840 3549 6894 4191 6549 5298 14160 0 0 0 0 0 0 0 0 0 0 0 0 0 0 0 0 0 0 0 0 0 0 0 0 0 0 0 0 0 0 0 0 0 0 0 0 1403506994 195819 10877 0 0 0 0 0 0 0 0 26 224 0 78 853 0 33 239 99 706 792 108 387205 7850387 0 488895 3585231 4 58 0 72 752 0 0 13 0 1.06 11.936 13.529 14 0 5 19 0 0 0 0 0 0 0 NIL 904 923 844 0 0 0 0 0 0 0 0 0 0 0 0 21373 0 0 </measResults>
            </measValue>
            <measValue measObjLdn="MML00951HUNB001/ULoCell:NodeB Function Name=MML00951HUNB001, Local Cell ID=50152, Cell Name=MCUMAN5">
                <measResults>457663 67970 143738 377077 65863 8780 3679 2264 0 0 0 0 0 0 29487 345 1061 543 561 461 2029 869 1569 2470 4305 6204 10016 15434 24899 41063 47717 63389 71077 96452 111103 123370 127061 152201 151743 158527 231231 244345 219752 160069 161097 310508 36002 653736 0 0 0 0 0 0 0 0 0 218544 414999 669545 800163 2285322206 0 133026 14761 2999 2863 12098 4118 59034 11159 7041 7947 17327 17239 57056 18076 26739 20191 22376 18829 20152 20950 26363 30231 23313 25009 9044 13638 9435 6000 7087 5504 19924 0 0 0 0 0 0 0 0 0 0 0 0 0 0 0 0 0 0 0 0 0 0 0 0 0 0 0 0 0 0 0 0 0 0 0 0 2285024478 595212 23069 0 0 0 0 0 0 0 0 92 345 5 175 801 2 92 274 175 517 999 330 627014 3186403 86 627642 1900042 18 107 1 157 750 1 0 2 0 2.212 9.874 12.632 13.647 0.022 12 115 11 1 0 0 0 0 0 NIL 868 902 800 0 0 0 0 0 0 0 0 0 0 0 0 23379 0 0 </measResults>
            </measValue>
            <measValue measObjLdn="MML00951HUNB001/ULoCell:NodeB Function Name=MML00951HUNB001, Local Cell ID=50153, Cell Name=MCUMAN6">
                <measResults>413465 47325 29830 365745 44093 1789 985 853 0 0 0 0 0 0 5869 69 206 149 99 195 374 230 493 627 1078 2310 4827 7979 11395 19423 28567 36441 39557 50019 55817 53973 55016 51221 50157 51724 85457 52924 26223 12787 9479 10310 10527 489646 0 0 0 0 0 0 0 0 0 298742 181359 490628 554808 4077748963 0 26415 3888 860 384 2100 666 13806 1765 2830 1712 3992 3099 17144 25840 8380 8952 13157 17682 22486 25668 34006 47348 46047 42668 30747 29849 28188 11957 8996 2313 7512 0 0 0 0 0 0 0 0 0 0 0 0 0 0 0 0 0 0 0 0 0 0 0 0 0 0 0 0 0 0 0 0 0 0 0 0 4077421726 482799 9911 0 0 0 0 0 0 0 0 68 254 0 221 943 0 71 251 233 818 951 268 1124925 6326427 0 1182886 4197481 10 60 0 201 833 0 0 4 0 2.982 12.264 13.453 14.018 0 5 25 0 0 0 0 0 0 0 NIL 904 922 852 0 0 0 0 0 0 0 0 0 0 0 0 21148 0 0 </measResults>
            </measValue>
            <measValue measObjLdn="MML00951HUNB001/ULoCell:NodeB Function Name=MML00951HUNB001, Local Cell ID=60151, Cell Name=MCUMAN1">
                <measResults>282516 49414 32325 232938 45232 2458 1175 713 0 0 0 0 0 0 6104 752 835 851 633 626 1294 1737 3250 5274 9763 15709 23505 29787 38314 47058 46816 52189 49585 58247 58713 52476 49929 45557 38679 34808 44598 27689 16561 9162 7649 12613 46221 361629 0 0 0 0 0 0 0 0 0 154495 163585 364301 420857 2897049913 0 30120 5625 312 383 2314 1188 15236 2722 1680 1669 3700 4707 6366 5714 10181 12131 17501 33242 16206 14166 14779 17015 15475 18276 15982 18381 17150 11331 7280 8383 34845 0 0 0 0 0 0 0 0 0 0 0 0 0 0 0 0 0 0 0 0 0 0 0 0 0 0 0 0 0 0 0 0 0 0 0 0 2896246607 365132 20362 0 0 0 0 0 0 0 0 50 265 0 150 955 0 52 243 155 723 968 202 799204 5464898 0 825624 3956455 7 83 0 131 831 0 0 5 0 1.969 12.411 13.11 14 0 11 33 0 0 0 0 0 0 0 NIL 897 919 841 0 0 0 0 0 0 0 0 0 0 0 0 19057 0 0 </measResults>
            </measValue>
            <measValue measObjLdn="MML00951HUNB001/ULoCell:NodeB Function Name=MML00951HUNB001, Local Cell ID=60152, Cell Name=MCUMAN2">
                <measResults>321435 37269 113724 273433 37796 5551 2715 1940 0 0 0 0 0 0 21491 1012 1264 1016 998 1608 5491 4607 10710 16013 26492 33998 44729 50019 58121 76757 75231 94641 97585 121430 128602 125158 147123 135755 158511 156428 266534 213317 169766 120861 94441 72875 43992 452997 0 0 0 0 0 0 0 0 0 149129 279388 472509 515836 1646476086 0 119700 22039 760 1217 7125 3253 46288 7771 3881 4899 10955 10782 18718 9985 13221 8536 17726 13191 10152 8295 9062 12784 10026 21176 9288 15373 9689 7503 8240 7779 23062 0 0 0 0 0 0 0 0 0 0 0 0 0 0 0 0 0 0 0 0 0 0 0 0 0 0 0 0 0 0 0 0 0 0 0 0 1646125210 432916 33226 0 0 0 0 0 0 0 0 65 298 6 104 652 2 65 257 104 412 1000 240 452096 2910302 1059 452096 1883733 10 131 1 84 516 0 0 15 0 1.25 7.191 11.935 13 0.026 18 100 8 0 0 0 0 0 0 NIL 859 904 772 0 0 0 0 0 0 0 0 0 0 0 0 22722 0 0 </measResults>
            </measValue>
            <measValue measObjLdn="MML00951HUNB001/ULoCell:NodeB Function Name=MML00951HUNB001, Local Cell ID=60153, Cell Name=MCUMAN3">
                <measResults>148024 23021 28406 125036 19567 1905 962 554 0 0 0 0 0 0 5837 3860 2313 934 509 654 1090 1619 3079 4205 6814 9742 14332 18772 23688 30610 30844 35779 32670 37992 36731 32562 34082 28148 25411 18748 25180 18863 16102 9652 7873 6805 16267 196282 0 0 0 0 0 0 0 0 0 91827 91375 199469 218479 1343402514 0 23504 5585 342 279 1467 424 12389 2488 995 1268 2757 3387 3697 2190 3937 4350 7254 12472 8851 9039 9730 11455 9443 11684 8197 10013 8061 5091 3993 3501 11549 0 0 0 0 0 0 0 0 0 0 0 0 0 0 0 0 0 0 0 0 0 0 0 0 0 0 0 0 0 0 0 0 0 0 0 0 1343067296 198202 11691 0 0 0 0 0 0 0 0 27 238 0 73 862 0 33 240 89 633 821 110 370426 5988277 0 451189 3367509 4 47 0 63 757 0 0 8 0 0.974 12.071 13.28 14 0 6 32 0 0 0 0 0 0 0 NIL 903 920 858 0 0 0 0 0 0 0 0 0 0 0 0 19582 0 0 </measResults>
            </measValue>
        </measInfo>
        <measInfo measInfoId="50331650">
            <granPeriod duration="PT3600S" endTime="2021-08-17T23:00:00+08:00"/>
            <repPeriod duration="PT3600S"/>
            <measTypes>50332548 50332549 50332550 50332554 50342548 50342549 50342550 50342554 50342612 50342613 50342615 50342616 </measTypes>
            <measValue measObjLdn="MML00951HUNB001/ULoCell:NodeB Function Name=MML00951HUNB001, Local Cell ID=10151, Cell Name=MCUMAU1">
                <measResults>0 0 13.531 7.051 0 0 29 13 0 0 0 0 </measResults>
            </measValue>
            <measValue measObjLdn="MML00951HUNB001/ULoCell:NodeB Function Name=MML00951HUNB001, Local Cell ID=10152, Cell Name=MCUMAU2">
                <measResults>0 0 34.299 17.336 0 0 58 29 0 0 0 0 </measResults>
            </measValue>
            <measValue measObjLdn="MML00951HUNB001/ULoCell:NodeB Function Name=MML00951HUNB001, Local Cell ID=10153, Cell Name=MCUMAU3">
                <measResults>0 0 10.022 4.407 0 0 22.5 10 0 0 0 0 </measResults>
            </measValue>
            <measValue measObjLdn="MML00951HUNB001/ULoCell:NodeB Function Name=MML00951HUNB001, Local Cell ID=50151, Cell Name=MCUMAN4">
                <measResults>0 0 6.679 2.696 0 0 18 8 0 0 0 0 </measResults>
            </measValue>
            <measValue measObjLdn="MML00951HUNB001/ULoCell:NodeB Function Name=MML00951HUNB001, Local Cell ID=50152, Cell Name=MCUMAN5">
                <measResults>0 0 26.051 12.033 0 0 41 22 0 0 0 0 </measResults>
            </measValue>
            <measValue measObjLdn="MML00951HUNB001/ULoCell:NodeB Function Name=MML00951HUNB001, Local Cell ID=50153, Cell Name=MCUMAN6">
                <measResults>0 0 8.053 3.364 0 0 30.5 8 0 0 0 0 </measResults>
            </measValue>
            <measValue measObjLdn="MML00951HUNB001/ULoCell:NodeB Function Name=MML00951HUNB001, Local Cell ID=60151, Cell Name=MCUMAN1">
                <measResults>0 0 9.394 4.174 0 0 24.5 12 0 0 0 0 </measResults>
            </measValue>
            <measValue measObjLdn="MML00951HUNB001/ULoCell:NodeB Function Name=MML00951HUNB001, Local Cell ID=60152, Cell Name=MCUMAN2">
                <measResults>0 0 32.342 15.229 0 0 48 25 0 0 0 0 </measResults>
            </measValue>
            <measValue measObjLdn="MML00951HUNB001/ULoCell:NodeB Function Name=MML00951HUNB001, Local Cell ID=60153, Cell Name=MCUMAN3">
                <measResults>0 0 6.438 2.981 0 0 19 9 0 0 0 0 </measResults>
            </measValue>
        </measInfo>
        <measInfo measInfoId="50331651">
            <granPeriod duration="PT3600S" endTime="2021-08-17T23:00:00+08:00"/>
            <repPeriod duration="PT3600S"/>
            <measTypes>50331850 50331851 50331852 50331853 50331854 50331855 50331856 50331857 50331858 50331859 50331860 50331861 50331862 50331863 50331864 50331865 50331866 50331867 50331868 50331869 50331870 50331871 50331872 50331873 50331874 50331875 50331876 50331877 50331878 50331879 50331885 50331886 50331887 50331888 50331889 50331892 50331903 50331904 50331908 50331925 50331926 50331927 50331928 50331929 50331930 50331931 50331957 50331958 50331959 50331961 50331962 50331963 50331964 50331965 50331966 50331967 50331971 50331972 50331973 50331974 50331987 50331988 50331989 50331990 50331991 50331992 50331993 50331995 50332378 50332379 50332380 50332385 50332386 50332387 50332498 50332499 50332500 50332501 50332503 50332507 50332623 50332638 50341849 50341850 50341851 50341852 50341853 50341854 50341855 50341856 50341857 50341858 50341859 50341864 50341865 50341866 50341868 50341869 50341870 50341871 50341872 50341873 50341874 50341875 50341876 50341877 50341878 50341879 50341880 50341881 50341882 50341883 50341884 50341885 50341886 50341887 50341888 50341889 50341890 50341891 50341892 50341893 50341894 50341895 50341896 50341897 50341898 50341980 50341981 50341982 50341983 50341984 50341985 50341986 50341994 50361698 50361699 50361701 </measTypes>
            <measValue measObjLdn="MML00951HUNB001/ULoCell:NodeB Function Name=MML00951HUNB001, Local Cell ID=10151, Cell Name=MCUMAU1">
                <measResults>1791676 3849 1857 1000 290 168 80 84 255 142 130 157 45 21 19 2 2 3 5 0 0 0 0 0 0 242 250 706455 1798991 1168292 710446 226424 8324883 274384 37993 4 183 806 426526 322 77 22 0 0 0 0 0 123 105 389 88 50 0 0 0 0 816 997 2089 193613 1840 6838 15647 43241 28594 11969 5141 110997 209151 143425 64655 0.25 123841 92431 0 0 NIL NIL 0 0.16 0 0 66 1.238 5.171 0.017 0.083 1 0 0 0 78 0 67 31 0 NIL NIL 2.796 0.133 0.003 0 0 0 31.056 9.138 0.9 0 0 0 0 495201.25 2.592 0.161 0.069 0.032 0.043 0.008 0.002 0.001 2.224 0 0 71 NIL NIL 186 621.138 2927.456 6078.15 17781.824 17572.004 9195.652 3930.86 21517.877 0 NIL 0 </measResults>
            </measValue>
            <measValue measObjLdn="MML00951HUNB001/ULoCell:NodeB Function Name=MML00951HUNB001, Local Cell ID=10152, Cell Name=MCUMAU2">
                <measResults>1756857 19963 8290 3767 2104 1565 1264 1195 1168 740 510 415 337 286 425 461 266 90 31 26 33 8 1 1 1 223 466 1537535 1800027 1669870 1312748 609144 16250139 860565 210736 9 432 779 1055569 4234 1526 1330 1164 989 50 0 0 94 72 8039 3101 2700 2225 1790 57 0 6213 8888 8744 520335 2711 10238 38092 97928 98735 83291 42075 764542 623200 473753 207965 0.766 351435 294437 0 0 NIL NIL 0 0.598 0 0 72 2.738 7.153 0.069 0.162 5 0 0 0 80 0 216 173 0 NIL NIL 5.176 0.143 0.006 0.001 0 0 1956.702 919.476 843.33 596.46 497.544 13.536 0 835561.688 5.836 0.311 0.098 0.046 0.075 0.032 0.005 0.001 4.046 0 0 82 NIL NIL 350 1124.178 3588.812 15201.294 39149.762 38777.336 45489.801 26873.473 54063.707 0 NIL 0 </measResults>
            </measValue>
            <measValue measObjLdn="MML00951HUNB001/ULoCell:NodeB Function Name=MML00951HUNB001, Local Cell ID=10153, Cell Name=MCUMAU3">
                <measResults>1792096 4090 1478 354 270 269 187 191 309 77 66 30 32 27 34 51 13 34 12 4 2 4 60 0 0 338 454 504212 1783198 968591 584145 190222 5835859 343358 36915 2 205 300 538950 141 32 32 32 32 31 31 0 64 56 420 50 50 50 50 50 50 6992 3540 4443 235292 1561 3725 13828 62020 45458 13146 2960 145683 271526 214074 78649 0.188 174397 107334 0 0 NIL NIL 0 0.126 0 0 66 0.946 6.945 0.018 0.101 2 0 0 0 80 0 44 31 0 NIL NIL 2.118 0.12 0.002 0 0 0 92.148 0.9 0.9 0.9 0.9 0.9 0.9 429480.469 1.641 0.15 0.066 0.03 0.037 0.006 0.002 0 1.6 0 0 78 NIL NIL 224 560.196 1852.518 5270.078 22830.877 27153.029 10565.102 1993.112 27269.352 0 NIL 0 </measResults>
            </measValue>
            <measValue measObjLdn="MML00951HUNB001/ULoCell:NodeB Function Name=MML00951HUNB001, Local Cell ID=50151, Cell Name=MCUMAN4">
                <measResults>0 0 0 0 0 0 0 0 7 77392 549438 772163 314493 57736 17110 7408 2745 872 216 115 130 51 18 32 7 93 1709 1183309 1757792 1292838 577076 123156 3675219 236768 65779 6 251 356 357988 1292862 1271785 952289 68553 21692 650 0 0 80 55 2303879 2275979 1787526 155810 54887 1620 0 39664 9155 7867 73784 1675 1128 2216 18180 81190 42357 27578 369244 102434 69516 61837 0.752 40803 66013 0 0 NIL NIL 0 0.674 0 0 197 1.28 4.983 0.018 0.156 8 0 0 0 75 0 34 34 4 NIL NIL 0.685 0.041 0.001 0 0 0 251473.984 248616.438 203142.078 20055.357 4410.666 50.148 0 251473.984 2.359 0.111 0.042 0.021 0.026 0.004 0.001 0 0.548 0 2 14 NIL NIL 574 572.844 300.462 786.714 4890.054 16765.17 12380.25 14742.956 28836.48 0 NIL 0 </measResults>
            </measValue>
            <measValue measObjLdn="MML00951HUNB001/ULoCell:NodeB Function Name=MML00951HUNB001, Local Cell ID=50152, Cell Name=MCUMAN5">
                <measResults>0 0 0 0 0 0 0 0 0 0 0 0 0 0 0 0 0 0 0 0 0 265 1354678 207215 14743 223131 1800032 7349477 1800032 1791656 3257200 448343 9680038 2637114 325221 15 422 974 1671536 1791674 1791674 1791674 1791674 1791674 1791674 1791674 1119 30 1018 8832897 8832897 8832897 8832897 8832897 8832897 8832897 27560 41280 40877 1633851 2366 1829 9520 107614 456183 939835 1602514 2371132 348769 211983 767339 3.572 80232 301090 0 0 NIL NIL 0 2.414 0 0 397 4.907 13.322 0.064 0.348 16 42 0 0 55 0 679 127 1000 NIL NIL 2.399 0.01 0 0 0 0 520943.406 520943.406 520943.406 520943.406 520943.406 520943.406 520943.406 520943.406 7.664 0.129 0.026 0.01 0.018 0.001 0 0 1.501 0 570 2 NIL NIL 265 294.144 183.576 901.812 10693.804 42814.121 82117.469 160865.516 137585.516 0 NIL 0 </measResults>
            </measValue>
            <measValue measObjLdn="MML00951HUNB001/ULoCell:NodeB Function Name=MML00951HUNB001, Local Cell ID=50153, Cell Name=MCUMAN6">
                <measResults>0 0 1202 56258 257171 379142 295647 193687 350396 178383 39349 13189 7436 4940 3418 3874 3790 4701 3019 2707 789 97 14 14 3 804 12616 759225 1756414 1175099 588552 108567 3358597 432509 67591 6 305 395 574809 848810 60235 34636 22373 19461 11789 0 7 104 84 1511239 151950 90635 58410 49973 31191 0 29875 28004 21310 128052 114 359 2325 21647 48631 67589 29787 523363 204292 213707 84202 0.498 116916 95934 0 0 NIL NIL 0 0.404 0 0 145 1.041 4.506 0.028 0.233 16 0 0 0 90 0 80 60 8 NIL NIL 0.96 0.067 0.001 0.001 0 0 248756.578 23561.895 7648.764 2794.296 2063.004 1205.532 0 281189.406 1.641 0.113 0.048 0.022 0.024 0.005 0.002 0 0.699 0 4 50 NIL NIL 479 24.912 63.198 399.15 4373.364 12030.098 23918.092 17047.957 44844.816 0 NIL 0 </measResults>
            </measValue>
            <measValue measObjLdn="MML00951HUNB001/ULoCell:NodeB Function Name=MML00951HUNB001, Local Cell ID=60151, Cell Name=MCUMAN1">
                <measResults>0 0 0 0 0 0 0 0 0 0 0 0 10 44813 1002537 609773 95842 26139 9381 4974 3510 915 413 292 61 1368 52191 937194 1776156 1254476 644330 111829 4466649 432940 57167 6 243 881 679489 1254474 1254474 1254474 1254474 1246208 20138 0 25 125 128 2087683 2087683 2087683 2087683 2078131 34334 0 32600 23709 20236 189172 958 1706 11875 71381 108752 84816 43556 439611 193287 185945 121622 0.572 86992 116587 0 0 NIL NIL 0 0.412 0 0 142 1.16 4.384 0.027 0.147 13 10 0 0 44 0 74 49 225 NIL NIL 0.869 0.066 0.001 0 0 0 294400.625 294400.625 294400.625 294400.625 293190.969 3255.836 0 294400.625 2.367 0.175 0.078 0.03 0.032 0.003 0.001 0 0.701 0 252 27 NIL NIL 350 211.566 255.6 2083.872 14337.198 24973.326 26696.299 20377.783 41862.852 0 NIL 0 </measResults>
            </measValue>
            <measValue measObjLdn="MML00951HUNB001/ULoCell:NodeB Function Name=MML00951HUNB001, Local Cell ID=60152, Cell Name=MCUMAN2">
                <measResults>0 0 0 0 0 0 0 0 0 0 0 0 0 0 0 0 0 0 1629 163291 1349171 185885 49025 20357 3182 27489 1800029 5504114 1800029 1765643 2602745 373637 13358959 2447569 309418 12 454 974 1423148 1765614 1765614 1765614 1765614 1765614 1765614 8176 1190 37 966 6526533 6526533 6526533 6526533 6526533 6526533 39310 53167 76141 147387 1535763 558 5966 24409 157686 330604 656221 787071 2024153 258764 199959 499484 2.668 75199 206886 0 0 NIL NIL 0 1.558 0 0 276 3.626 9.568 0.067 0.424 23 28 0 0 48 0 651 132 1000 NIL NIL 2.881 0.008 0 0 0 0 370969.469 370969.469 370969.469 370969.469 370969.469 370969.469 1816.806 370969.469 7.94 0.133 0.024 0.01 0.011 0.001 0 0 2.154 0 557 4 NIL NIL 319 60.102 619.038 2384.376 15266.508 31881.039 66389.797 82249.867 106130.117 0 NIL 0 </measResults>
            </measValue>
            <measValue measObjLdn="MML00951HUNB001/ULoCell:NodeB Function Name=MML00951HUNB001, Local Cell ID=60153, Cell Name=MCUMAN3">
                <measResults>0 0 0 0 0 0 0 0 0 0 0 4405 216899 514808 400095 168252 55686 42064 159990 215172 13898 2739 1158 822 192 3847 444284 1381924 1707231 1281304 709841 126131 3779713 307448 58035 8 330 763 470088 1281276 1281276 1281276 1211079 837427 274657 0 303 71 332 2446630 2446630 2446630 2352477 1682065 514783 0 10277 20886 21212 120548 2401 2679 11038 64397 91426 77824 52231 435505 121675 77301 93617 0.758 38117 89069 0 0 NIL NIL 0 0.564 0 0 222 1.357 4.73 0.028 0.182 13 8 0 0 90 0 127 45 365 NIL NIL 0.813 0.037 0 0 0 0 263877.375 263877.375 263877.375 255285.516 181537.406 41202.668 0 263877.375 2.312 0.146 0.061 0.026 0.034 0.004 0.001 0 0.659 0 141 18 NIL NIL 470 350.244 681.978 2158.512 12722.43 23339.676 20448.99 16940.43 40287.145 0 NIL 0 </measResults>
            </measValue>
        </measInfo>
        <measInfo measInfoId="50331653">
            <granPeriod duration="PT3600S" endTime="2021-08-17T23:00:00+08:00"/>
            <repPeriod duration="PT3600S"/>
            <measTypes>50331748 50331749 50331750 50331751 50331752 50331753 50361697 </measTypes>
            <measValue measObjLdn="MML00951HUNB001/ULoCell:NodeB Function Name=MML00951HUNB001, Local Cell ID=10151, Cell Name=MCUMAU1">
                <measResults>0.226 0.176 0.226 0.156 0 0 0.096 </measResults>
            </measValue>
            <measValue measObjLdn="MML00951HUNB001/ULoCell:NodeB Function Name=MML00951HUNB001, Local Cell ID=10152, Cell Name=MCUMAU2">
                <measResults>1.15 1.014 1.15 0.949 0 0 0.096 </measResults>
            </measValue>
            <measValue measObjLdn="MML00951HUNB001/ULoCell:NodeB Function Name=MML00951HUNB001, Local Cell ID=10153, Cell Name=MCUMAU3">
                <measResults>0.371 0.325 0.371 0.267 0 0 0.092 </measResults>
            </measValue>
            <measValue measObjLdn="MML00951HUNB001/ULoCell:NodeB Function Name=MML00951HUNB001, Local Cell ID=50151, Cell Name=MCUMAN4">
                <measResults>0.206 0.146 0.206 0.117 0 0 0.103 </measResults>
            </measValue>
            <measValue measObjLdn="MML00951HUNB001/ULoCell:NodeB Function Name=MML00951HUNB001, Local Cell ID=50152, Cell Name=MCUMAN5">
                <measResults>0.808 0.731 0.808 0.728 0 0 0.105 </measResults>
            </measValue>
            <measValue measObjLdn="MML00951HUNB001/ULoCell:NodeB Function Name=MML00951HUNB001, Local Cell ID=50153, Cell Name=MCUMAN6">
                <measResults>0.485 0.396 0.485 0.313 0 0 0.068 </measResults>
            </measValue>
            <measValue measObjLdn="MML00951HUNB001/ULoCell:NodeB Function Name=MML00951HUNB001, Local Cell ID=60151, Cell Name=MCUMAN1">
                <measResults>0.468 0.349 0.468 0.314 0 0 0.33 </measResults>
            </measValue>
            <measValue measObjLdn="MML00951HUNB001/ULoCell:NodeB Function Name=MML00951HUNB001, Local Cell ID=60152, Cell Name=MCUMAN2">
                <measResults>1.19 1.054 1.19 1.046 0 0 0.123 </measResults>
            </measValue>
            <measValue measObjLdn="MML00951HUNB001/ULoCell:NodeB Function Name=MML00951HUNB001, Local Cell ID=60153, Cell Name=MCUMAN3">
                <measResults>0.287 0.222 0.287 0.203 0 0 0.153 </measResults>
            </measValue>
        </measInfo>
        <measInfo measInfoId="50331658">
            <granPeriod duration="PT3600S" endTime="2021-08-17T23:00:00+08:00"/>
            <repPeriod duration="PT3600S"/>
            <measTypes>50332250 50332251 50332410 50332411 </measTypes>
            <measValue measObjLdn="MML00951HUNB001/ULoCell:NodeB Function Name=MML00951HUNB001, Local Cell ID=10151, Cell Name=MCUMAU1">
                <measResults>0 0 0 0 </measResults>
            </measValue>
            <measValue measObjLdn="MML00951HUNB001/ULoCell:NodeB Function Name=MML00951HUNB001, Local Cell ID=10152, Cell Name=MCUMAU2">
                <measResults>0 0 0 0 </measResults>
            </measValue>
            <measValue measObjLdn="MML00951HUNB001/ULoCell:NodeB Function Name=MML00951HUNB001, Local Cell ID=10153, Cell Name=MCUMAU3">
                <measResults>0 0 0 0 </measResults>
            </measValue>
            <measValue measObjLdn="MML00951HUNB001/ULoCell:NodeB Function Name=MML00951HUNB001, Local Cell ID=50151, Cell Name=MCUMAN4">
                <measResults>0 0 0 0 </measResults>
            </measValue>
            <measValue measObjLdn="MML00951HUNB001/ULoCell:NodeB Function Name=MML00951HUNB001, Local Cell ID=50152, Cell Name=MCUMAN5">
                <measResults>0 0 0 0 </measResults>
            </measValue>
            <measValue measObjLdn="MML00951HUNB001/ULoCell:NodeB Function Name=MML00951HUNB001, Local Cell ID=50153, Cell Name=MCUMAN6">
                <measResults>0 0 0 0 </measResults>
            </measValue>
            <measValue measObjLdn="MML00951HUNB001/ULoCell:NodeB Function Name=MML00951HUNB001, Local Cell ID=60151, Cell Name=MCUMAN1">
                <measResults>0 0 0 0 </measResults>
            </measValue>
            <measValue measObjLdn="MML00951HUNB001/ULoCell:NodeB Function Name=MML00951HUNB001, Local Cell ID=60152, Cell Name=MCUMAN2">
                <measResults>0 0 0 0 </measResults>
            </measValue>
            <measValue measObjLdn="MML00951HUNB001/ULoCell:NodeB Function Name=MML00951HUNB001, Local Cell ID=60153, Cell Name=MCUMAN3">
                <measResults>0 0 0 0 </measResults>
            </measValue>
        </measInfo>
        <measInfo measInfoId="50331660">
            <granPeriod duration="PT3600S" endTime="2021-08-17T23:00:00+08:00"/>
            <repPeriod duration="PT3600S"/>
            <measTypes>50361670 50361671 50361672 50361673 </measTypes>
            <measValue measObjLdn="MML00951HUNB001/ULoCell:NodeB Function Name=MML00951HUNB001, Local Cell ID=10151, Cell Name=MCUMAU1">
                <measResults>0 0 0 0 </measResults>
            </measValue>
            <measValue measObjLdn="MML00951HUNB001/ULoCell:NodeB Function Name=MML00951HUNB001, Local Cell ID=10152, Cell Name=MCUMAU2">
                <measResults>0 0 0 0 </measResults>
            </measValue>
            <measValue measObjLdn="MML00951HUNB001/ULoCell:NodeB Function Name=MML00951HUNB001, Local Cell ID=10153, Cell Name=MCUMAU3">
                <measResults>0 0 0 0 </measResults>
            </measValue>
            <measValue measObjLdn="MML00951HUNB001/ULoCell:NodeB Function Name=MML00951HUNB001, Local Cell ID=50151, Cell Name=MCUMAN4">
                <measResults>0 0 0 0 </measResults>
            </measValue>
            <measValue measObjLdn="MML00951HUNB001/ULoCell:NodeB Function Name=MML00951HUNB001, Local Cell ID=50152, Cell Name=MCUMAN5">
                <measResults>0 0 0 0 </measResults>
            </measValue>
            <measValue measObjLdn="MML00951HUNB001/ULoCell:NodeB Function Name=MML00951HUNB001, Local Cell ID=50153, Cell Name=MCUMAN6">
                <measResults>0 0 0 0 </measResults>
            </measValue>
            <measValue measObjLdn="MML00951HUNB001/ULoCell:NodeB Function Name=MML00951HUNB001, Local Cell ID=60151, Cell Name=MCUMAN1">
                <measResults>0 0 0 0 </measResults>
            </measValue>
            <measValue measObjLdn="MML00951HUNB001/ULoCell:NodeB Function Name=MML00951HUNB001, Local Cell ID=60152, Cell Name=MCUMAN2">
                <measResults>0 0 0 0 </measResults>
            </measValue>
            <measValue measObjLdn="MML00951HUNB001/ULoCell:NodeB Function Name=MML00951HUNB001, Local Cell ID=60153, Cell Name=MCUMAN3">
                <measResults>0 0 0 0 </measResults>
            </measValue>
        </measInfo>
        <measInfo measInfoId="50331661">
            <granPeriod duration="PT3600S" endTime="2021-08-17T23:00:00+08:00"/>
            <repPeriod duration="PT3600S"/>
            <measTypes>50332048 50332049 50332050 50332051 </measTypes>
            <measValue measObjLdn="MML00951HUNB001/ULoCell:NodeB Function Name=MML00951HUNB001, Local Cell ID=10151, Cell Name=MCUMAU1">
                <measResults>17293 0 71444 0 </measResults>
            </measValue>
            <measValue measObjLdn="MML00951HUNB001/ULoCell:NodeB Function Name=MML00951HUNB001, Local Cell ID=10152, Cell Name=MCUMAU2">
                <measResults>46035 0 72619 0 </measResults>
            </measValue>
            <measValue measObjLdn="MML00951HUNB001/ULoCell:NodeB Function Name=MML00951HUNB001, Local Cell ID=10153, Cell Name=MCUMAU3">
                <measResults>15695 0 71105 0 </measResults>
            </measValue>
            <measValue measObjLdn="MML00951HUNB001/ULoCell:NodeB Function Name=MML00951HUNB001, Local Cell ID=50151, Cell Name=MCUMAN4">
                <measResults>10910 0 70880 0 </measResults>
            </measValue>
            <measValue measObjLdn="MML00951HUNB001/ULoCell:NodeB Function Name=MML00951HUNB001, Local Cell ID=50152, Cell Name=MCUMAN5">
                <measResults>48070 0 72927 0 </measResults>
            </measValue>
            <measValue measObjLdn="MML00951HUNB001/ULoCell:NodeB Function Name=MML00951HUNB001, Local Cell ID=50153, Cell Name=MCUMAN6">
                <measResults>15431 0 71071 0 </measResults>
            </measValue>
            <measValue measObjLdn="MML00951HUNB001/ULoCell:NodeB Function Name=MML00951HUNB001, Local Cell ID=60151, Cell Name=MCUMAN1">
                <measResults>22408 0 71268 0 </measResults>
            </measValue>
            <measValue measObjLdn="MML00951HUNB001/ULoCell:NodeB Function Name=MML00951HUNB001, Local Cell ID=60152, Cell Name=MCUMAN2">
                <measResults>53819 0 73477 0 </measResults>
            </measValue>
            <measValue measObjLdn="MML00951HUNB001/ULoCell:NodeB Function Name=MML00951HUNB001, Local Cell ID=60153, Cell Name=MCUMAN3">
                <measResults>13631 0 70739 0 </measResults>
            </measValue>
        </measInfo>
        <measInfo measInfoId="50331662">
            <granPeriod duration="PT3600S" endTime="2021-08-17T23:00:00+08:00"/>
            <repPeriod duration="PT3600S"/>
            <measTypes>50332052 50332053 50332054 50332070 50332505 </measTypes>
            <measValue measObjLdn="MML00951HUNB001/ULoCell:NodeB Function Name=MML00951HUNB001, Local Cell ID=10151, Cell Name=MCUMAU1">
                <measResults>21 71 408697 0 0 </measResults>
            </measValue>
            <measValue measObjLdn="MML00951HUNB001/ULoCell:NodeB Function Name=MML00951HUNB001, Local Cell ID=10152, Cell Name=MCUMAU2">
                <measResults>20 96 919501 0 0 </measResults>
            </measValue>
            <measValue measObjLdn="MML00951HUNB001/ULoCell:NodeB Function Name=MML00951HUNB001, Local Cell ID=10153, Cell Name=MCUMAU3">
                <measResults>18 54 155312 0 0 </measResults>
            </measValue>
            <measValue measObjLdn="MML00951HUNB001/ULoCell:NodeB Function Name=MML00951HUNB001, Local Cell ID=50151, Cell Name=MCUMAN4">
                <measResults>48 42 153518 0 0 </measResults>
            </measValue>
            <measValue measObjLdn="MML00951HUNB001/ULoCell:NodeB Function Name=MML00951HUNB001, Local Cell ID=50152, Cell Name=MCUMAN5">
                <measResults>1 78 540826 0 0 </measResults>
            </measValue>
            <measValue measObjLdn="MML00951HUNB001/ULoCell:NodeB Function Name=MML00951HUNB001, Local Cell ID=50153, Cell Name=MCUMAN6">
                <measResults>36 26 236394 0 0 </measResults>
            </measValue>
            <measValue measObjLdn="MML00951HUNB001/ULoCell:NodeB Function Name=MML00951HUNB001, Local Cell ID=60151, Cell Name=MCUMAN1">
                <measResults>0 55 481337 0 0 </measResults>
            </measValue>
            <measValue measObjLdn="MML00951HUNB001/ULoCell:NodeB Function Name=MML00951HUNB001, Local Cell ID=60152, Cell Name=MCUMAN2">
                <measResults>1 98 1007731 0 0 </measResults>
            </measValue>
            <measValue measObjLdn="MML00951HUNB001/ULoCell:NodeB Function Name=MML00951HUNB001, Local Cell ID=60153, Cell Name=MCUMAN3">
                <measResults>139 26 357086 0 0 </measResults>
            </measValue>
        </measInfo>
        <measInfo measInfoId="50331663">
            <granPeriod duration="PT3600S" endTime="2021-08-17T23:00:00+08:00"/>
            <repPeriod duration="PT3600S"/>
            <measTypes>50331917 50332061 50332064 50332065 50332069 50332071 50332072 50332073 50332074 50332079 50332258 50332388 50332389 50332504 50332626 50332632 50332639 50332640 50332641 50332645 50342048 50342049 50342050 50342051 50361705 50361706 50361725 50361726 50361735 50361740 50361743 50361744 50361747 50361749 50361751 50361753 50361755 50361757 50361759 50361761 50361763 50361765 50361767 50361769 50361771 50361773 50361775 50361777 50361779 50361781 50361783 50361785 50361787 50361789 50361791 50361793 50361795 </measTypes>
            <measValue measObjLdn="MML00951HUNB001/ULoCell:NodeB Function Name=MML00951HUNB001, Local Cell ID=10151, Cell Name=MCUMAU1">
                <measResults>995.198 1 256 0 0 0 0 0 0 0 1.985 0 1.54 0 0 0 3600 0 NIL 0 26 64.154 0 0 0 0 0 NIL NIL NIL NIL NIL NIL NIL NIL NIL NIL NIL NIL NIL NIL NIL NIL NIL NIL NIL NIL NIL NIL NIL NIL NIL NIL NIL NIL NIL NIL </measResults>
            </measValue>
            <measValue measObjLdn="MML00951HUNB001/ULoCell:NodeB Function Name=MML00951HUNB001, Local Cell ID=10152, Cell Name=MCUMAU2">
                <measResults>982.929 4 256 0 0 0 0 0 0 0 3.482 0 3.297 0 0 0 3600 0 NIL 0 56 127.273 0 0 0 0 0 NIL NIL NIL NIL NIL NIL NIL NIL NIL NIL NIL NIL NIL NIL NIL NIL NIL NIL NIL NIL NIL NIL NIL NIL NIL NIL NIL NIL NIL NIL </measResults>
            </measValue>
            <measValue measObjLdn="MML00951HUNB001/ULoCell:NodeB Function Name=MML00951HUNB001, Local Cell ID=10153, Cell Name=MCUMAU3">
                <measResults>999.672 0 254 0 0 0 0 0 0 0 0.394 0 1.192 0 0 0 3600 0 NIL 0 61 77.751 0 0 0 0 0 NIL NIL NIL NIL NIL NIL NIL NIL NIL NIL NIL NIL NIL NIL NIL NIL NIL NIL NIL NIL NIL NIL NIL NIL NIL NIL NIL NIL NIL NIL </measResults>
            </measValue>
            <measValue measObjLdn="MML00951HUNB001/ULoCell:NodeB Function Name=MML00951HUNB001, Local Cell ID=50151, Cell Name=MCUMAN4">
                <measResults>966.485 0 256 0 0 0 0 0 0 0 0.636 0 1.244 0 0 0 0 0 NIL 0 5 48.356 0 0 0 0 0 NIL NIL NIL NIL NIL NIL NIL NIL NIL NIL NIL NIL NIL NIL NIL NIL NIL NIL NIL NIL NIL NIL NIL NIL NIL NIL NIL NIL NIL NIL </measResults>
            </measValue>
            <measValue measObjLdn="MML00951HUNB001/ULoCell:NodeB Function Name=MML00951HUNB001, Local Cell ID=50152, Cell Name=MCUMAN5">
                <measResults>585.488 5 256 0 0 0 0 0 0 0 2.751 0 5.587 0 0 0 0 0 NIL 0 20 76.863 0 6.262 0 0 0 1 NIL NIL NIL NIL NIL NIL NIL NIL NIL NIL NIL NIL NIL NIL NIL NIL NIL NIL NIL NIL NIL NIL NIL NIL NIL NIL NIL NIL NIL </measResults>
            </measValue>
            <measValue measObjLdn="MML00951HUNB001/ULoCell:NodeB Function Name=MML00951HUNB001, Local Cell ID=50153, Cell Name=MCUMAN6">
                <measResults>932.793 1 256 0 0 0 0 0 0 0 0.942 0 1.141 0 0 0 0 0 NIL 0 16 82.43 0 0 0 0 0 NIL NIL NIL NIL NIL NIL NIL NIL NIL NIL NIL NIL NIL NIL NIL NIL NIL NIL NIL NIL NIL NIL NIL NIL NIL NIL NIL NIL NIL NIL </measResults>
            </measValue>
            <measValue measObjLdn="MML00951HUNB001/ULoCell:NodeB Function Name=MML00951HUNB001, Local Cell ID=60151, Cell Name=MCUMAN1">
                <measResults>847.608 1 256 0 0 0 0 0 0 0 2.362 0 1.336 0 0 0 3600 0 NIL 0 10 69.241 0 3.823 0 0 0 1 NIL NIL NIL NIL NIL NIL NIL NIL NIL NIL NIL NIL NIL NIL NIL NIL NIL NIL NIL NIL NIL NIL NIL NIL NIL NIL NIL NIL NIL </measResults>
            </measValue>
            <measValue measObjLdn="MML00951HUNB001/ULoCell:NodeB Function Name=MML00951HUNB001, Local Cell ID=60152, Cell Name=MCUMAN2">
                <measResults>720.772 5 256 0 0 0 0 0 0 0 4.535 0 4.592 0 0 0 3600 0 NIL 0 15 71.616 0 1.575 0 0 0 1 NIL NIL NIL NIL NIL NIL NIL NIL NIL NIL NIL NIL NIL NIL NIL NIL NIL NIL NIL NIL NIL NIL NIL NIL NIL NIL NIL NIL NIL </measResults>
            </measValue>
            <measValue measObjLdn="MML00951HUNB001/ULoCell:NodeB Function Name=MML00951HUNB001, Local Cell ID=60153, Cell Name=MCUMAN3">
                <measResults>959.562 0 256 0 0 0 0 0 0 0 1.678 0 1.322 916.667 0 0 3600 0 NIL 0 21 48.809 0 0 0 0 0 NIL NIL NIL NIL NIL NIL NIL NIL NIL NIL NIL NIL NIL NIL NIL NIL NIL NIL NIL NIL NIL NIL NIL NIL NIL NIL NIL NIL NIL NIL </measResults>
            </measValue>
        </measInfo>
        <measInfo measInfoId="50331665">
            <granPeriod duration="PT3600S" endTime="2021-08-17T23:00:00+08:00"/>
            <repPeriod duration="PT3600S"/>
            <measTypes>50331740 50331741 50331742 50331743 50331744 50331909 50331910 50331911 50331912 50331913 50332381 50332382 50332576 50332577 </measTypes>
            <measValue measObjLdn="MML00951HUNB001/ULoCell:NodeB Function Name=MML00951HUNB001, Local Cell ID=10151, Cell Name=MCUMAU1">
                <measResults>0 0 0 0 0 0 0 0 0 0 0 0 0 0 </measResults>
            </measValue>
            <measValue measObjLdn="MML00951HUNB001/ULoCell:NodeB Function Name=MML00951HUNB001, Local Cell ID=10152, Cell Name=MCUMAU2">
                <measResults>0 0 0 0 0 0 0 0 0 0 0 0 0 0 </measResults>
            </measValue>
            <measValue measObjLdn="MML00951HUNB001/ULoCell:NodeB Function Name=MML00951HUNB001, Local Cell ID=10153, Cell Name=MCUMAU3">
                <measResults>0 0 0 0 0 0 0 0 0 0 0 0 0 0 </measResults>
            </measValue>
            <measValue measObjLdn="MML00951HUNB001/ULoCell:NodeB Function Name=MML00951HUNB001, Local Cell ID=50151, Cell Name=MCUMAN4">
                <measResults>0 0 0 0 0 0 0 0 0 0 0 0 0 0 </measResults>
            </measValue>
            <measValue measObjLdn="MML00951HUNB001/ULoCell:NodeB Function Name=MML00951HUNB001, Local Cell ID=50152, Cell Name=MCUMAN5">
                <measResults>0 0 0 0 0 0 0 0 0 0 0 0 0 0 </measResults>
            </measValue>
            <measValue measObjLdn="MML00951HUNB001/ULoCell:NodeB Function Name=MML00951HUNB001, Local Cell ID=50153, Cell Name=MCUMAN6">
                <measResults>0 0 0 0 0 0 0 0 0 0 0 0 0 0 </measResults>
            </measValue>
            <measValue measObjLdn="MML00951HUNB001/ULoCell:NodeB Function Name=MML00951HUNB001, Local Cell ID=60151, Cell Name=MCUMAN1">
                <measResults>0 0 0 0 0 0 0 0 0 0 0 0 0 0 </measResults>
            </measValue>
            <measValue measObjLdn="MML00951HUNB001/ULoCell:NodeB Function Name=MML00951HUNB001, Local Cell ID=60152, Cell Name=MCUMAN2">
                <measResults>0 0 0 0 0 0 0 0 0 0 0 0 0 0 </measResults>
            </measValue>
            <measValue measObjLdn="MML00951HUNB001/ULoCell:NodeB Function Name=MML00951HUNB001, Local Cell ID=60153, Cell Name=MCUMAN3">
                <measResults>0 0 0 0 0 0 0 0 0 0 0 0 0 0 </measResults>
            </measValue>
        </measInfo>
        <measInfo measInfoId="50331673">
            <granPeriod duration="PT3600S" endTime="2021-08-17T23:00:00+08:00"/>
            <repPeriod duration="PT3600S"/>
            <measTypes>50332055 50332056 50332057 50332058 50332059 50332060 50332278 50332279 50332280 50332281 50332282 50332283 50332284 50332285 50332286 50361648 50361649 50361650 50361651 </measTypes>
            <measValue measObjLdn="MML00951HUNB001/ULoCell:NodeB Function Name=MML00951HUNB001, Local Cell ID=10151, Cell Name=MCUMAU1">
                <measResults>34 11 7 0 0 0 15 14 2 7 10 0 0 8 7 0 0 0 0 </measResults>
            </measValue>
            <measValue measObjLdn="MML00951HUNB001/ULoCell:NodeB Function Name=MML00951HUNB001, Local Cell ID=10152, Cell Name=MCUMAU2">
                <measResults>66 29 20 0 0 0 18 18 6 13 23 1 3 17 35 0 0 0 0 </measResults>
            </measValue>
            <measValue measObjLdn="MML00951HUNB001/ULoCell:NodeB Function Name=MML00951HUNB001, Local Cell ID=10153, Cell Name=MCUMAU3">
                <measResults>27 4 2 0 0 0 3 2 2 5 9 0 1 7 7 0 0 0 0 </measResults>
            </measValue>
            <measValue measObjLdn="MML00951HUNB001/ULoCell:NodeB Function Name=MML00951HUNB001, Local Cell ID=50151, Cell Name=MCUMAN4">
                <measResults>10 1 1 0 0 0 4 4 1 4 2 0 0 6 2 0 0 0 0 </measResults>
            </measValue>
            <measValue measObjLdn="MML00951HUNB001/ULoCell:NodeB Function Name=MML00951HUNB001, Local Cell ID=50152, Cell Name=MCUMAN5">
                <measResults>27 8 3 0 0 0 22 17 11 21 16 4 11 23 7 0 0 0 0 </measResults>
            </measValue>
            <measValue measObjLdn="MML00951HUNB001/ULoCell:NodeB Function Name=MML00951HUNB001, Local Cell ID=50153, Cell Name=MCUMAN6">
                <measResults>8 2 1 0 0 0 10 9 4 7 7 0 1 10 8 0 0 0 0 </measResults>
            </measValue>
            <measValue measObjLdn="MML00951HUNB001/ULoCell:NodeB Function Name=MML00951HUNB001, Local Cell ID=60151, Cell Name=MCUMAN1">
                <measResults>10 5 3 0 0 0 16 21 4 8 5 0 1 9 4 0 0 0 0 </measResults>
            </measValue>
            <measValue measObjLdn="MML00951HUNB001/ULoCell:NodeB Function Name=MML00951HUNB001, Local Cell ID=60152, Cell Name=MCUMAN2">
                <measResults>25 14 9 0 0 0 36 27 10 18 16 3 10 17 6 0 0 0 0 </measResults>
            </measValue>
            <measValue measObjLdn="MML00951HUNB001/ULoCell:NodeB Function Name=MML00951HUNB001, Local Cell ID=60153, Cell Name=MCUMAN3">
                <measResults>8 4 2 0 0 0 6 8 3 6 3 0 1 8 3 0 0 0 0 </measResults>
            </measValue>
        </measInfo>
        <measInfo measInfoId="50331674">
            <granPeriod duration="PT3600S" endTime="2021-08-17T23:00:00+08:00"/>
            <repPeriod duration="PT3600S"/>
            <measTypes>50332161 50332162 50332163 50332164 50332165 50341718 50341719 50341720 50341721 </measTypes>
            <measValue measObjLdn="MML00951HUNB001/ULoCell:NodeB Function Name=MML00951HUNB001, Local Cell ID=10151, Cell Name=MCUMAU1">
                <measResults>0 0 0 0 0 0 0 0 0 </measResults>
            </measValue>
            <measValue measObjLdn="MML00951HUNB001/ULoCell:NodeB Function Name=MML00951HUNB001, Local Cell ID=10152, Cell Name=MCUMAU2">
                <measResults>0 0 0 0 0 0 0 0 0 </measResults>
            </measValue>
            <measValue measObjLdn="MML00951HUNB001/ULoCell:NodeB Function Name=MML00951HUNB001, Local Cell ID=10153, Cell Name=MCUMAU3">
                <measResults>0 0 0 0 0 0 0 0 0 </measResults>
            </measValue>
            <measValue measObjLdn="MML00951HUNB001/ULoCell:NodeB Function Name=MML00951HUNB001, Local Cell ID=50151, Cell Name=MCUMAN4">
                <measResults>0 0 0 0 0 0 0 0 0 </measResults>
            </measValue>
            <measValue measObjLdn="MML00951HUNB001/ULoCell:NodeB Function Name=MML00951HUNB001, Local Cell ID=50152, Cell Name=MCUMAN5">
                <measResults>0 0 0 0 0 0 0 0 0 </measResults>
            </measValue>
            <measValue measObjLdn="MML00951HUNB001/ULoCell:NodeB Function Name=MML00951HUNB001, Local Cell ID=50153, Cell Name=MCUMAN6">
                <measResults>0 0 0 0 0 0 0 0 0 </measResults>
            </measValue>
            <measValue measObjLdn="MML00951HUNB001/ULoCell:NodeB Function Name=MML00951HUNB001, Local Cell ID=60151, Cell Name=MCUMAN1">
                <measResults>0 0 0 0 0 0 0 0 0 </measResults>
            </measValue>
            <measValue measObjLdn="MML00951HUNB001/ULoCell:NodeB Function Name=MML00951HUNB001, Local Cell ID=60152, Cell Name=MCUMAN2">
                <measResults>0 0 0 0 0 0 0 0 0 </measResults>
            </measValue>
            <measValue measObjLdn="MML00951HUNB001/ULoCell:NodeB Function Name=MML00951HUNB001, Local Cell ID=60153, Cell Name=MCUMAN3">
                <measResults>0 0 0 0 0 0 0 0 0 </measResults>
            </measValue>
        </measInfo>
        <measInfo measInfoId="50331676">
            <granPeriod duration="PT3600S" endTime="2021-08-17T23:00:00+08:00"/>
            <repPeriod duration="PT3600S"/>
            <measTypes>50331747 50332175 50332176 50332177 50332178 50332179 50332180 50332181 50332182 50332183 50332184 50332185 50332186 50332187 50332188 50332189 50332190 50332192 50332193 50332194 50332195 50332196 50332197 50332198 50332199 50332200 50332201 50332202 50332203 50332204 50332205 50332206 50332207 50332208 50332209 50332210 50332211 50332212 50332213 50332214 50332219 50332232 50332233 50332234 50332235 50332236 50332237 50332238 50332245 50332246 50332648 50332649 50332650 50332651 50332652 50332653 50332654 50332655 50332656 50332657 50332658 50332670 50332848 50332849 50332850 50332853 50332854 50332855 50332856 50332865 50332866 50332867 50332868 50332869 50332870 50332871 50332872 50332873 50332874 50332875 50332876 50332877 50332878 50332879 50332880 50332881 50332882 50332883 50332884 50332885 50332886 50332887 50332888 50332889 50332890 50332891 50332892 50332894 50332895 50332896 50332897 50332898 50332899 50332900 50332901 50332902 50332903 50332904 50332905 50332906 50332907 50332908 50332909 50332910 50332943 50332944 50332945 50332946 50332947 50332948 50332949 50332950 50332951 50332952 50332953 50332954 50332955 50332956 50332957 50332958 50332959 50332960 50332961 50332962 50332963 50332964 50332965 50332966 50332967 50332968 50332969 50332970 50332971 50332972 50332973 50332974 50332985 50332986 50332987 50332990 50341723 50341741 50341742 50341743 50341748 50341749 50341750 50341751 50341752 50341753 50341754 50341755 50341756 50341757 50341758 50341759 </measTypes>
            <measValue measObjLdn="MML00951HUNB001/ULoCell:NodeB Function Name=MML00951HUNB001, Local Cell ID=10151, Cell Name=MCUMAU1">
                <measResults>1763137516 1477084 53495 13585 12112 11741 12327 2237 12662 5347 23088 16725 19137 28936 108626 2898 0 0 1495415312 12647 0 3430 0 0 0 0 1 17981 30832 1103 268 439 456 308 198 422 220 68 7 0 366760544 1767754175 383053 2038510576 525884 166324 200362 77701 462762458 157899 43372 32437 59827 54144 23315 12838 24625 16931 5629 2 0 197311 0 0 0 103485 0 0 60675 0 0 0 0 0 0 0 0 0 3132 0 0 126776486 513918321 330575014 580516568 118731 141712 55263 55183 0 0 0 0 1696603 7311 3258 0 0 0 0 0 0 0 0 0 0 0 0 0 0 0 0 0 0 0 0 0 0 0 0 0 0 0 0 0 0 0 0 0 0 NIL NIL NIL NIL NIL NIL NIL NIL NIL NIL NIL NIL NIL NIL NIL NIL 0 0 0 304739 2.93 NIL 0 0 16001.074 48357.605 176342.109 267564.594 160086.5 114676.375 296620.969 289765.469 128934.383 69.96 0 1434060.375 </measResults>
            </measValue>
            <measValue measObjLdn="MML00951HUNB001/ULoCell:NodeB Function Name=MML00951HUNB001, Local Cell ID=10152, Cell Name=MCUMAU2">
                <measResults>4844773652 888776 105933 33495 21659 17900 24288 7329 34366 9370 51431 17143 197733 355871 34706 0 0 0 4721681338 64632 0 6219 0 0 0 0 113 131709 206287 5182 812 1682 1151 527 312 412 529 182 7 2 1118195968 4855136737 1358758 5580902262 1520857 725424 371196 198758 1787020819 777989 211631 120296 334503 190780 54251 34152 38182 40041 13887 25 0 705821 0 0 0 380207 4 9 124149 0 0 0 0 0 0 0 0 0 6 0 0 543019195 1604738457 992501815 954175154 432120 549557 223129 111115 0 0 0 0 4327503 13781 7065 0 0 0 0 0 0 0 0 0 0 0 0 0 0 0 0 0 0 0 0 0 0 0 0 0 0 0 0 0 0 0 0 0 0 NIL NIL NIL NIL NIL NIL NIL NIL NIL NIL NIL NIL NIL NIL NIL NIL 0 0 0 1200230 8.014 NIL 0 0 63401.738 183702.375 1004522.5 916134.313 372628.906 301019.531 462097 663596.438 313014.656 756.552 0 4033770 </measResults>
            </measValue>
            <measValue measObjLdn="MML00951HUNB001/ULoCell:NodeB Function Name=MML00951HUNB001, Local Cell ID=10153, Cell Name=MCUMAU3">
                <measResults>2794547032 1308373 53928 17630 10845 9475 16443 3250 20514 6205 30976 10382 26025 6535 279064 355 0 0 2594885024 13868 0 3195 0 0 0 0 0 49048 70789 1210 255 663 542 416 287 452 143 26 2 2 133477176 2801132537 611279 3388396280 339991 299855 167547 22954 334681735 149735 54059 50825 119891 77916 48926 44469 58346 9827 2378 1 0 361754 0 0 0 126958 0 1 71549 0 0 0 0 0 0 0 0 0 0 0 0 177901155 786360452 1255450655 420943950 134576 218867 193108 59028 0 0 0 0 1752048 7170 3583 0 0 0 0 0 0 0 0 0 0 0 0 0 0 0 0 0 0 0 0 0 0 0 0 0 0 0 0 0 0 0 0 0 0 NIL NIL NIL NIL NIL NIL NIL NIL NIL NIL NIL NIL NIL NIL NIL NIL 0 0 0 527100 2.579 NIL 0 0 21738.486 78104.727 355233.25 386686.375 336940.531 397430.906 685426.875 157984.813 55017.16 30.032 0 2374750 </measResults>
            </measValue>
            <measValue measObjLdn="MML00951HUNB001/ULoCell:NodeB Function Name=MML00951HUNB001, Local Cell ID=50151, Cell Name=MCUMAN4">
                <measResults>1403037284 1611452 31099 3970 2883 2137 2226 1181 2979 1646 13266 2396 6837 3818 61656 52454 0 0 1395324116 7148 0 1944 0 0 0 0 0 8076 10792 428 56 136 194 228 165 158 175 115 8 0 405652704 1403664806 210277 1763392136 48205 139971 133152 114851 44763736 16427 14245 6321 21532 26120 25513 9375 15024 19535 10014 39 0 127152 0 0 0 32675 0 0 30488 0 0 0 0 0 0 0 0 0 0 0 0 3887038 104969272 359743932 379345790 15288 43729 72158 44853 0 0 0 0 1304818 5361 2449 0 0 0 0 0 0 0 0 0 0 0 0 0 0 0 0 0 0 0 0 0 0 0 0 0 0 0 0 0 0 0 0 0 0 NIL NIL NIL NIL NIL NIL NIL NIL NIL NIL NIL NIL NIL NIL NIL NIL 0 0 0 164431 1.389 NIL 0 0 2849.846 9970.96 63893.816 132042.484 176810.328 82722.266 179401.25 330195.781 232739.844 1207.504 0 1199013.25 </measResults>
            </measValue>
            <measValue measObjLdn="MML00951HUNB001/ULoCell:NodeB Function Name=MML00951HUNB001, Local Cell ID=50152, Cell Name=MCUMAN5">
                <measResults>2330529112 1214438 182072 31904 19098 12658 18415 16164 19835 13725 41215 14047 26647 82309 107298 175 0 0 2271882662 19812 0 9562 0 0 0 0 220 44504 82399 4451 488 992 924 913 1013 1113 777 290 108 8 484995832 2285322206 800067 3213307465 157178 456163 803141 1080790 785263666 369988 124466 48306 87386 55115 31981 20490 19914 12061 1940 110 0 228997 0 0 0 82937 23 8 203427 0 0 0 0 0 0 0 0 0 0 0 0 11654589 195566270 463462896 719032149 49325 184556 174752 199801 0 0 0 0 4599350 19593 10356 0 0 0 0 0 0 0 0 0 0 0 0 0 0 0 0 0 0 0 0 0 0 0 0 0 0 0 0 0 0 0 0 0 0 NIL NIL NIL NIL NIL NIL NIL NIL NIL NIL NIL NIL NIL NIL NIL NIL 0 0 0 555097 7.517 NIL 0 0 45764.07 73674.539 253196.609 270870.188 221364.5 180770.875 230479.906 196359.375 43192.098 3618 0 1399851.5 </measResults>
            </measValue>
            <measValue measObjLdn="MML00951HUNB001/ULoCell:NodeB Function Name=MML00951HUNB001, Local Cell ID=50153, Cell Name=MCUMAN6">
                <measResults>4069822648 1322235 43673 7823 5006 3790 4264 3215 6223 3725 36271 4137 9531 5505 199619 144911 72 0 4078161656 6716 0 3504 0 0 0 0 0 43654 52120 860 72 267 317 411 443 712 366 57 6 0 199774088 4077748963 554727 4775972138 73847 226621 288869 110026 280710187 72740 31473 9976 52171 52101 68600 61564 107230 48320 3705 8 0 393699 0 0 0 58239 0 0 49354 0 0 0 0 0 0 0 0 0 0 0 0 4426766 226414555 1283293250 2203558847 14788 108767 184257 218889 0 0 0 0 1746166 6371 3245 0 0 0 0 0 0 0 0 0 0 0 0 0 0 0 0 0 0 0 0 0 0 0 0 0 0 0 0 0 0 0 0 0 0 NIL NIL NIL NIL NIL NIL NIL NIL NIL NIL NIL NIL NIL NIL NIL NIL 0 0 0 488153 2.386 NIL 0 0 3481.713 16162.757 154013.609 267941.844 478171.375 555931.75 1270811.125 767859.875 87136.406 244.664 0 3582110.75 </measResults>
            </measValue>
            <measValue measObjLdn="MML00951HUNB001/ULoCell:NodeB Function Name=MML00951HUNB001, Local Cell ID=60151, Cell Name=MCUMAN1">
                <measResults>2900503940 1448184 54769 7529 6428 3514 5881 3516 5833 5090 8875 4941 14052 11002 191829 28557 0 0 2895328936 18097 0 4258 0 0 0 0 0 29318 34391 852 90 267 360 333 227 486 504 210 20 5 892898088 2897049913 420806 3614264539 220595 268302 212115 72739 430933543 92187 31895 14606 43932 49319 27227 21505 43398 41034 18311 7 0 244733 0 0 0 40555 0 2 61816 0 0 0 0 0 0 0 0 0 0 0 0 76549114 520795055 853049405 902372954 55949 143288 110876 81396 0 0 0 0 2697411 10328 5320 0 0 0 0 0 0 0 0 0 0 0 0 0 0 0 0 0 0 0 0 0 0 0 0 0 0 0 0 0 0 0 0 0 0 NIL NIL NIL NIL NIL NIL NIL NIL NIL NIL NIL NIL NIL NIL NIL NIL 0 0 0 327347 2.49 NIL 0 0 5702.498 21604.6 137917.203 242634.234 185663.719 191978.297 514622.375 672164.563 418099.5 241.952 0 2363321.75 </measResults>
            </measValue>
            <measValue measObjLdn="MML00951HUNB001/ULoCell:NodeB Function Name=MML00951HUNB001, Local Cell ID=60152, Cell Name=MCUMAN2">
                <measResults>1679957616 1377616 180084 27343 13362 11598 14756 8040 11630 10625 16972 12689 36009 65464 13812 0 0 0 1614934060 23629 0 10137 0 0 0 0 44 14821 25411 3490 231 379 397 467 450 902 1078 233 44 11 554347712 1646476086 515762 2265033990 395065 543091 840057 657449 420278481 205864 55006 17872 25928 17452 15691 14268 21949 14284 1405 36 0 111013 0 0 0 30870 1 13 181199 0 0 0 0 0 0 0 0 0 0 0 0 41446657 178874539 369185298 584200648 72842 119609 105504 137558 0 0 0 0 6903620 32492 16530 0 0 0 0 0 0 0 0 0 0 0 0 0 0 0 0 0 0 0 0 0 0 0 0 0 0 0 0 0 0 0 0 0 0 NIL NIL NIL NIL NIL NIL NIL NIL NIL NIL NIL NIL NIL NIL NIL NIL 0 0 0 274227 8.091 NIL 0 0 9472.866 26659.277 71840.781 86489.906 110652.438 127831.727 262454.313 232024.047 30489.297 1149 0 922931.5 </measResults>
            </measValue>
            <measValue measObjLdn="MML00951HUNB001/ULoCell:NodeB Function Name=MML00951HUNB001, Local Cell ID=60153, Cell Name=MCUMAN3">
                <measResults>1352545492 1607085 45576 5881 4450 2613 3157 1769 2925 3147 4565 2702 5840 5371 65267 39652 0 0 1341831960 9546 0 2496 0 0 0 0 0 9112 11233 583 41 116 206 219 181 299 317 96 4 1 296648784 1343402514 218452 1719508866 130512 161778 124190 56938 123392331 38916 16677 3045 11780 19377 22392 14418 22278 15154 6602 0 0 112001 0 0 0 14113 0 0 46510 0 0 0 0 0 0 0 0 0 0 0 0 23314666 275945974 451682514 403429743 24046 76686 65472 43250 0 0 0 0 1692930 10353 3915 0 0 0 0 0 0 0 0 0 0 0 0 0 0 0 0 0 0 0 0 0 0 0 0 0 0 0 0 0 0 0 0 0 0 NIL NIL NIL NIL NIL NIL NIL NIL NIL NIL NIL NIL NIL NIL NIL NIL 0 0 0 149434 1.834 NIL 0 0 2033.745 4263.812 36380.531 97598.359 156934.625 128829.063 265750.906 251282 149108.719 0 0 1085884.25 </measResults>
            </measValue>
        </measInfo>
        <measInfo measInfoId="50331649">
            <granPeriod duration="PT3600S" endTime="2021-08-17T23:00:00+08:00"/>
            <repPeriod duration="PT3600S"/>
            <measTypes>50332578 50332579 50332580 50332581 50342578 50342579 50342580 50342581 </measTypes>
            <measValue measObjLdn="MML00951HUNB001/NodeBFunction:NodeB Function Name=MML00951HUNB001">
                <measResults>6.844 1.594 6.496 74.158 10.6 4 10.8 102.6 </measResults>
            </measValue>
        </measInfo>
        <measInfo measInfoId="50331654">
            <granPeriod duration="PT3600S" endTime="2021-08-17T23:00:00+08:00"/>
            <repPeriod duration="PT3600S"/>
            <measTypes>50332565 50332566 50332633 50332635 </measTypes>
            <measValue measObjLdn="MML00951HUNB001/NodeBFunction:NodeB Function Name=MML00951HUNB001">
                <measResults>3072 1792 0 0 </measResults>
            </measValue>
        </measInfo>
        <measInfo measInfoId="50331664">
            <granPeriod duration="PT3600S" endTime="2021-08-17T23:00:00+08:00"/>
            <repPeriod duration="PT3600S"/>
            <measTypes>50332572 50332585 50332587 50332588 50332589 50332590 50332617 50332618 50332625 </measTypes>
            <measValue measObjLdn="MML00951HUNB001/NodeBFunction:NodeB Function Name=MML00951HUNB001">
                <measResults>2 0 34 34 0 21 0 0 3 </measResults>
            </measValue>
        </measInfo>
        <measInfo measInfoId="50331666">
            <granPeriod duration="PT3600S" endTime="2021-08-17T23:00:00+08:00"/>
            <repPeriod duration="PT3600S"/>
            <measTypes>50332567 50332568 50332569 50332570 50332571 </measTypes>
            <measValue measObjLdn="MML00951HUNB001/NodeBFunction:NodeB Function Name=MML00951HUNB001">
                <measResults>0 0 0 0 0 </measResults>
            </measValue>
        </measInfo>
        <measInfo measInfoId="50331681">
            <granPeriod duration="PT3600S" endTime="2021-08-17T23:00:00+08:00"/>
            <repPeriod duration="PT3600S"/>
            <measTypes>50342640 50342641 50342642 50342643 50342644 50342645 50342646 50342647 </measTypes>
            <measValue measObjLdn="MML00951HUNB001/NodeBFunction:NodeB Function Name=MML00951HUNB001">
                <measResults>12827647 13547397 971086880 3538843822 2946970 2157970 17163912 7864097 </measResults>
            </measValue>
        </measInfo>
        <measInfo measInfoId="50331652">
            <granPeriod duration="PT3600S" endTime="2021-08-17T23:00:00+08:00"/>
            <repPeriod duration="PT3600S"/>
            <measTypes>50332555 50332556 50332557 50332558 50332559 50332560 50332561 50332562 50332563 50332564 50332593 50332594 50342555 50342556 50342561 50342562 50342563 50342564 50342567 50342568 50342569 50342570 50342571 50342572 50342618 50342619 50342621 50342622 50342624 50342625 50342627 50342628 </measTypes>
            <measValue measObjLdn="MML00951HUNB001/NodeBFunction:NodeB Function Name=MML00951HUNB001/MocID:2/CnOperator:-1">
                <measResults>0 0 0 0 4736 3840 146.81 69.426 0 63.404 0 0 0 0 184.5 92 0 87.5 42 102.5 43.5 0 0 0 0 0 0 0 0 0 0 0 </measResults>
            </measValue>
        </measInfo>
        <measInfo measInfoId="50331667">
            <granPeriod duration="PT3600S" endTime="2021-08-17T23:00:00+08:00"/>
            <repPeriod duration="PT3600S"/>
            <measTypes>50332591 50332592 50332595 50332596 50332597 </measTypes>
            <measValue measObjLdn="MML00951HUNB001/NodeBFunction:NodeB Function Name=MML00951HUNB001/MocID:2/CnOperator:-1">
                <measResults>0 0 0 0 0 </measResults>
            </measValue>
        </measInfo>
        <measInfo measInfoId="50331668">
            <granPeriod duration="PT3600S" endTime="2021-08-17T23:00:00+08:00"/>
            <repPeriod duration="PT3600S"/>
            <measTypes>50332348 50332349 </measTypes>
            <measValue measObjLdn="MML00951HUNB001/LOCELL_SECTOREQM:NodeB Function Name=MML00951HUNB001, Local Cell ID=10151, Sector Equipment ID=0">
                <measResults>0 0 </measResults>
            </measValue>
            <measValue measObjLdn="MML00951HUNB001/LOCELL_SECTOREQM:NodeB Function Name=MML00951HUNB001, Local Cell ID=10152, Sector Equipment ID=1">
                <measResults>0 0 </measResults>
            </measValue>
            <measValue measObjLdn="MML00951HUNB001/LOCELL_SECTOREQM:NodeB Function Name=MML00951HUNB001, Local Cell ID=10153, Sector Equipment ID=2">
                <measResults>0 0 </measResults>
            </measValue>
            <measValue measObjLdn="MML00951HUNB001/LOCELL_SECTOREQM:NodeB Function Name=MML00951HUNB001, Local Cell ID=50151, Sector Equipment ID=6">
                <measResults>0 0 </measResults>
            </measValue>
            <measValue measObjLdn="MML00951HUNB001/LOCELL_SECTOREQM:NodeB Function Name=MML00951HUNB001, Local Cell ID=50152, Sector Equipment ID=7">
                <measResults>0 0 </measResults>
            </measValue>
            <measValue measObjLdn="MML00951HUNB001/LOCELL_SECTOREQM:NodeB Function Name=MML00951HUNB001, Local Cell ID=50153, Sector Equipment ID=8">
                <measResults>0 0 </measResults>
            </measValue>
            <measValue measObjLdn="MML00951HUNB001/LOCELL_SECTOREQM:NodeB Function Name=MML00951HUNB001, Local Cell ID=60151, Sector Equipment ID=10">
                <measResults>0 0 </measResults>
            </measValue>
            <measValue measObjLdn="MML00951HUNB001/LOCELL_SECTOREQM:NodeB Function Name=MML00951HUNB001, Local Cell ID=60152, Sector Equipment ID=11">
                <measResults>0 0 </measResults>
            </measValue>
            <measValue measObjLdn="MML00951HUNB001/LOCELL_SECTOREQM:NodeB Function Name=MML00951HUNB001, Local Cell ID=60153, Sector Equipment ID=12">
                <measResults>0 0 </measResults>
            </measValue>
        </measInfo>
        <measInfo measInfoId="50331669">
            <granPeriod duration="PT3600S" endTime="2021-08-17T23:00:00+08:00"/>
            <repPeriod duration="PT3600S"/>
            <measTypes>50332350 50332351 50332352 50332353 </measTypes>
            <measValue measObjLdn="MML00951HUNB001/LOCELL_SECTOREQM:NodeB Function Name=MML00951HUNB001, Local Cell ID=10151, Sector Equipment ID=0">
                <measResults>14289 2 14167 14183 </measResults>
            </measValue>
            <measValue measObjLdn="MML00951HUNB001/LOCELL_SECTOREQM:NodeB Function Name=MML00951HUNB001, Local Cell ID=10152, Sector Equipment ID=1">
                <measResults>50973 44 49736 49781 </measResults>
            </measValue>
            <measValue measObjLdn="MML00951HUNB001/LOCELL_SECTOREQM:NodeB Function Name=MML00951HUNB001, Local Cell ID=10153, Sector Equipment ID=2">
                <measResults>7732 12 7208 7231 </measResults>
            </measValue>
            <measValue measObjLdn="MML00951HUNB001/LOCELL_SECTOREQM:NodeB Function Name=MML00951HUNB001, Local Cell ID=50151, Sector Equipment ID=6">
                <measResults>8029 20 7484 7498 </measResults>
            </measValue>
            <measValue measObjLdn="MML00951HUNB001/LOCELL_SECTOREQM:NodeB Function Name=MML00951HUNB001, Local Cell ID=50152, Sector Equipment ID=7">
                <measResults>62899 204 60885 61111 </measResults>
            </measValue>
            <measValue measObjLdn="MML00951HUNB001/LOCELL_SECTOREQM:NodeB Function Name=MML00951HUNB001, Local Cell ID=50153, Sector Equipment ID=8">
                <measResults>8716 0 8491 8501 </measResults>
            </measValue>
            <measValue measObjLdn="MML00951HUNB001/LOCELL_SECTOREQM:NodeB Function Name=MML00951HUNB001, Local Cell ID=60151, Sector Equipment ID=10">
                <measResults>12674 6 12219 12249 </measResults>
            </measValue>
            <measValue measObjLdn="MML00951HUNB001/LOCELL_SECTOREQM:NodeB Function Name=MML00951HUNB001, Local Cell ID=60152, Sector Equipment ID=11">
                <measResults>62828 334 61339 61456 </measResults>
            </measValue>
            <measValue measObjLdn="MML00951HUNB001/LOCELL_SECTOREQM:NodeB Function Name=MML00951HUNB001, Local Cell ID=60153, Sector Equipment ID=12">
                <measResults>7827 0 7435 7472 </measResults>
            </measValue>
        </measInfo>
        <measInfo measInfoId="50331670">
            <granPeriod duration="PT3600S" endTime="2021-08-17T23:00:00+08:00"/>
            <repPeriod duration="PT3600S"/>
            <measTypes>50332354 50332355 </measTypes>
            <measValue measObjLdn="MML00951HUNB001/LOCELL_SECTOREQM:NodeB Function Name=MML00951HUNB001, Local Cell ID=10151, Sector Equipment ID=0">
                <measResults>0 0 </measResults>
            </measValue>
            <measValue measObjLdn="MML00951HUNB001/LOCELL_SECTOREQM:NodeB Function Name=MML00951HUNB001, Local Cell ID=10152, Sector Equipment ID=1">
                <measResults>0 0 </measResults>
            </measValue>
            <measValue measObjLdn="MML00951HUNB001/LOCELL_SECTOREQM:NodeB Function Name=MML00951HUNB001, Local Cell ID=10153, Sector Equipment ID=2">
                <measResults>0 0 </measResults>
            </measValue>
            <measValue measObjLdn="MML00951HUNB001/LOCELL_SECTOREQM:NodeB Function Name=MML00951HUNB001, Local Cell ID=50151, Sector Equipment ID=6">
                <measResults>0 0 </measResults>
            </measValue>
            <measValue measObjLdn="MML00951HUNB001/LOCELL_SECTOREQM:NodeB Function Name=MML00951HUNB001, Local Cell ID=50152, Sector Equipment ID=7">
                <measResults>0 0 </measResults>
            </measValue>
            <measValue measObjLdn="MML00951HUNB001/LOCELL_SECTOREQM:NodeB Function Name=MML00951HUNB001, Local Cell ID=50153, Sector Equipment ID=8">
                <measResults>0 0 </measResults>
            </measValue>
            <measValue measObjLdn="MML00951HUNB001/LOCELL_SECTOREQM:NodeB Function Name=MML00951HUNB001, Local Cell ID=60151, Sector Equipment ID=10">
                <measResults>0 0 </measResults>
            </measValue>
            <measValue measObjLdn="MML00951HUNB001/LOCELL_SECTOREQM:NodeB Function Name=MML00951HUNB001, Local Cell ID=60152, Sector Equipment ID=11">
                <measResults>0 0 </measResults>
            </measValue>
            <measValue measObjLdn="MML00951HUNB001/LOCELL_SECTOREQM:NodeB Function Name=MML00951HUNB001, Local Cell ID=60153, Sector Equipment ID=12">
                <measResults>0 0 </measResults>
            </measValue>
        </measInfo>
        <measInfo measInfoId="50331672">
            <granPeriod duration="PT3600S" endTime="2021-08-17T23:00:00+08:00"/>
            <repPeriod duration="PT3600S"/>
            <measTypes>50342590 50342591 50342592 50342593 50342594 50342595 50342596 50342597 </measTypes>
            <measValue measObjLdn="MML00951HUNB001/LOCELL_SECTOREQM:NodeB Function Name=MML00951HUNB001, Local Cell ID=10151, Sector Equipment ID=0">
                <measResults>-100.849 -100.364 -99.813 -100.722 -102.2 -102.3 -101.4 -102.6 </measResults>
            </measValue>
            <measValue measObjLdn="MML00951HUNB001/LOCELL_SECTOREQM:NodeB Function Name=MML00951HUNB001, Local Cell ID=10152, Sector Equipment ID=1">
                <measResults>-93.977 -96.912 -97.324 -93.981 -95.6 -98.6 -99.2 -95.5 </measResults>
            </measValue>
            <measValue measObjLdn="MML00951HUNB001/LOCELL_SECTOREQM:NodeB Function Name=MML00951HUNB001, Local Cell ID=10153, Sector Equipment ID=2">
                <measResults>-102.422 -102.001 -101.694 -101.649 -104.3 -104 -103.3 -103.5 </measResults>
            </measValue>
            <measValue measObjLdn="MML00951HUNB001/LOCELL_SECTOREQM:NodeB Function Name=MML00951HUNB001, Local Cell ID=50151, Sector Equipment ID=6">
                <measResults>-83.444 -86.149 NIL NIL -84.8 -87.7 NIL NIL </measResults>
            </measValue>
            <measValue measObjLdn="MML00951HUNB001/LOCELL_SECTOREQM:NodeB Function Name=MML00951HUNB001, Local Cell ID=50152, Sector Equipment ID=7">
                <measResults>-68.107 -76.242 NIL NIL -68.8 -77.5 NIL NIL </measResults>
            </measValue>
            <measValue measObjLdn="MML00951HUNB001/LOCELL_SECTOREQM:NodeB Function Name=MML00951HUNB001, Local Cell ID=50153, Sector Equipment ID=8">
                <measResults>-89.04 -87.626 NIL NIL -90.8 -89.4 NIL NIL </measResults>
            </measValue>
            <measValue measObjLdn="MML00951HUNB001/LOCELL_SECTOREQM:NodeB Function Name=MML00951HUNB001, Local Cell ID=60151, Sector Equipment ID=10">
                <measResults>-81.033 -80.994 NIL NIL -82 -81.9 NIL NIL </measResults>
            </measValue>
            <measValue measObjLdn="MML00951HUNB001/LOCELL_SECTOREQM:NodeB Function Name=MML00951HUNB001, Local Cell ID=60152, Sector Equipment ID=11">
                <measResults>-73.064 -79.114 NIL NIL -73.8 -80.4 NIL NIL </measResults>
            </measValue>
            <measValue measObjLdn="MML00951HUNB001/LOCELL_SECTOREQM:NodeB Function Name=MML00951HUNB001, Local Cell ID=60153, Sector Equipment ID=12">
                <measResults>-81.825 -79.91 NIL NIL -84.1 -82.7 NIL NIL </measResults>
            </measValue>
        </measInfo>
        <measInfo measInfoId="50331682">
            <granPeriod duration="PT3600S" endTime="2021-08-17T23:00:00+08:00"/>
            <repPeriod duration="PT3600S"/>
            <measTypes>50332602 50332603 50332615 50332616 </measTypes>
            <measValue measObjLdn="MML00951HUNB001/LOCELL_SECTOREQM:NodeB Function Name=MML00951HUNB001, Local Cell ID=10151, Sector Equipment ID=0">
                <measResults>222 238 239 233 </measResults>
            </measValue>
            <measValue measObjLdn="MML00951HUNB001/LOCELL_SECTOREQM:NodeB Function Name=MML00951HUNB001, Local Cell ID=10152, Sector Equipment ID=1">
                <measResults>160 160 162 177 </measResults>
            </measValue>
            <measValue measObjLdn="MML00951HUNB001/LOCELL_SECTOREQM:NodeB Function Name=MML00951HUNB001, Local Cell ID=10153, Sector Equipment ID=2">
                <measResults>242 243 236 238 </measResults>
            </measValue>
            <measValue measObjLdn="MML00951HUNB001/LOCELL_SECTOREQM:NodeB Function Name=MML00951HUNB001, Local Cell ID=50151, Sector Equipment ID=6">
                <measResults>NIL NIL NIL NIL </measResults>
            </measValue>
            <measValue measObjLdn="MML00951HUNB001/LOCELL_SECTOREQM:NodeB Function Name=MML00951HUNB001, Local Cell ID=50152, Sector Equipment ID=7">
                <measResults>NIL NIL NIL NIL </measResults>
            </measValue>
            <measValue measObjLdn="MML00951HUNB001/LOCELL_SECTOREQM:NodeB Function Name=MML00951HUNB001, Local Cell ID=50153, Sector Equipment ID=8">
                <measResults>NIL NIL NIL NIL </measResults>
            </measValue>
            <measValue measObjLdn="MML00951HUNB001/LOCELL_SECTOREQM:NodeB Function Name=MML00951HUNB001, Local Cell ID=60151, Sector Equipment ID=10">
                <measResults>998 988 NIL NIL </measResults>
            </measValue>
            <measValue measObjLdn="MML00951HUNB001/LOCELL_SECTOREQM:NodeB Function Name=MML00951HUNB001, Local Cell ID=60152, Sector Equipment ID=11">
                <measResults>149 314 NIL NIL </measResults>
            </measValue>
            <measValue measObjLdn="MML00951HUNB001/LOCELL_SECTOREQM:NodeB Function Name=MML00951HUNB001, Local Cell ID=60153, Sector Equipment ID=12">
                <measResults>436 271 NIL NIL </measResults>
            </measValue>
        </measInfo>
    </measData>
    <fileFooter>
        <measCollec endTime="2021-08-17T23:00:00+08:00"/>
    </fileFooter>
</measCollecFile>
