<?xml version="1.0" encoding="UTF-8"?>
<measCollecFile xmlns="http://latest/nmc-omc/cmNrm.doc#measCollec" xmlns:xsi="http://www.w3.org/2001/XMLSchema-instance" xsi:schemaLocation="http://latest/nmc-omc/cmNrm.doc#measCollec schema\pmResultSchedule.xsd">
    <fileHeader fileFormatVersion="32.435 V7.2" vendorName="Huawei">
        <fileSender elementType="CGPOMU"/>
        <measCollec beginTime="2021-08-11T23:30:00+08:00"/>
    </fileHeader>
    <measData>
        <managedElement userLabel="nl2DRAOMU01"/>
        <measInfo measInfoId="1057000002">
            <granPeriod duration="PT1800S" endTime="2021-08-12T00:00:00+08:00"/>
            <repPeriod duration="PT1800S"/>
            <measTypes>1057000210 1057000211 1057000212 1057000213 1057000214 1057000215 1057000216 1057000217 1057000218 1057000219 1057000220 1057000221 1057000222 1057000223 1057000224 1057000225 1057000226 1057000227 1057000228 1057000229 </measTypes>
            <measValue measObjLdn="nl2DRAOMU01/VPORT:Virtual machine name=nl2DRA01_SDAU_3, Port name=FABRIC1">
                <measResults>3893984 2162 6620694 3678 0 0 0 0 3592421 1995 6667969 3704 0 0 0 0 0 0 0 0 </measResults>
            </measValue>
            <measValue measObjLdn="nl2DRAOMU01/VPORT:Virtual machine name=nl2DRA01_SSAP1_2, Port name=BASE1">
                <measResults>37024 20 227513 126 0 0 0 0 52251 28 247244 137 0 0 0 0 0 0 0 0 </measResults>
            </measValue>
            <measValue measObjLdn="nl2DRAOMU01/VPORT:Virtual machine name=nl2DRAOMU01_OMUBIG_1, Port name=VNIC2">
                <measResults>0 0 0 0 0 0 0 0 0 0 0 0 0 0 0 0 0 0 0 0 </measResults>
            </measValue>
            <measValue measObjLdn="nl2DRAOMU01/VPORT:Virtual machine name=nl2DRABE01_SPSCDBPID3_VDU2_0, Port name=VNIC1">
                <measResults>269 0 3234 1 0 0 0 0 79 0 599 0 0 0 0 0 0 0 0 0 </measResults>
            </measValue>
            <measValue measObjLdn="nl2DRAOMU01/VPORT:Virtual machine name=nl2DRA01_SSAP1_3, Port name=VNIC2">
                <measResults>11314401 6285 37275942 20708 0 0 0 0 12891008 7161 37962273 21090 0 0 0 0 0 0 0 0 </measResults>
            </measValue>
            <measValue measObjLdn="nl2DRAOMU01/VPORT:Virtual machine name=nl2DRA01_SSAP1_5, Port name=VNIC3">
                <measResults>0 0 0 0 0 0 0 0 0 0 0 0 0 0 0 0 0 0 0 0 </measResults>
            </measValue>
            <measValue measObjLdn="nl2DRAOMU01/VPORT:Virtual machine name=nl2DRA01_SDAU_8, Port name=FABRIC1">
                <measResults>3916216 2175 6655485 3697 0 0 0 0 3613831 2007 6708581 3726 0 0 0 0 0 0 0 0 </measResults>
            </measValue>
            <measValue measObjLdn="nl2DRAOMU01/VPORT:Virtual machine name=nl2DRA01_SSAP1_1, Port name=VNIC4">
                <measResults>0 0 0 0 0 0 0 0 0 0 0 0 0 0 0 0 0 0 0 0 </measResults>
            </measValue>
            <measValue measObjLdn="nl2DRAOMU01/VPORT:Virtual machine name=nl2DRAOMU01_OMUBIG_1, Port name=VNIC3">
                <measResults>0 0 0 0 0 0 0 0 0 0 0 0 0 0 0 0 0 0 0 0 </measResults>
            </measValue>
            <measValue measObjLdn="nl2DRAOMU01/VPORT:Virtual machine name=nl2DRABE01_SPSCDBRSUF_VDU1_0, Port name=VNIC2">
                <measResults>55243 30 98652 54 0 0 0 0 54689 30 89951 49 0 0 0 0 0 0 0 0 </measResults>
            </measValue>
            <measValue measObjLdn="nl2DRAOMU01/VPORT:Virtual machine name=nl2DRA01_SDAU_10, Port name=BASE2">
                <measResults>22512 12 139837 77 0 0 0 0 32591 17 150793 83 0 0 0 0 0 0 0 0 </measResults>
            </measValue>
            <measValue measObjLdn="nl2DRAOMU01/VPORT:Virtual machine name=nl2DRA01_SSAP1_9, Port name=VNIC2">
                <measResults>513 0 8079 4 0 0 0 0 0 0 0 0 0 0 0 0 0 0 0 0 </measResults>
            </measValue>
            <measValue measObjLdn="nl2DRAOMU01/VPORT:Virtual machine name=nl2DRABE01_SPSCDBPID3_VDU2_0, Port name=VNIC2">
                <measResults>287 0 3531 1 0 0 0 0 80 0 599 0 0 0 0 0 0 0 0 0 </measResults>
            </measValue>
            <measValue measObjLdn="nl2DRAOMU01/VPORT:Virtual machine name=nl2DRAOMU01_OMUBIG_1, Port name=FABRIC1">
                <measResults>34497 18 151015 83 0 0 0 0 30095 16 141767 78 0 0 0 0 0 0 0 0 </measResults>
            </measValue>
            <measValue measObjLdn="nl2DRAOMU01/VPORT:Virtual machine name=nl2DRA01_SDAU_4, Port name=BASE2">
                <measResults>23009 12 144083 80 0 0 0 0 33206 18 155141 86 0 0 0 0 0 0 0 0 </measResults>
            </measValue>
            <measValue measObjLdn="nl2DRAOMU01/VPORT:Virtual machine name=nl2DRA01_SDAU_3, Port name=FABRIC2">
                <measResults>3892796 2162 6620866 3678 0 0 0 0 3592914 1995 6670086 3705 0 0 0 0 0 0 0 0 </measResults>
            </measValue>
            <measValue measObjLdn="nl2DRAOMU01/VPORT:Virtual machine name=nl2DRA01_SSAP1_6, Port name=FABRIC1">
                <measResults>8221130 4566 18789044 10438 0 0 0 0 6744033 3746 19366535 10759 0 0 0 0 0 0 0 0 </measResults>
            </measValue>
            <measValue measObjLdn="nl2DRAOMU01/VPORT:Virtual machine name=nl2DRA01_SDAU_13, Port name=FABRIC1">
                <measResults>3892727 2162 6613937 3674 0 0 0 0 3591813 1995 6666633 3703 0 0 0 0 0 0 0 0 </measResults>
            </measValue>
            <measValue measObjLdn="nl2DRAOMU01/VPORT:Virtual machine name=nl2DRA01_SSAP1_6, Port name=VNIC6">
                <measResults>20929 11 73511 40 0 0 0 0 25109 13 64848 36 0 0 0 0 0 0 0 0 </measResults>
            </measValue>
            <measValue measObjLdn="nl2DRAOMU01/VPORT:Virtual machine name=nl2DRA01_SDAU_9, Port name=BASE2">
                <measResults>23114 12 146358 81 0 0 0 0 37450 20 157775 87 0 0 0 0 0 0 0 0 </measResults>
            </measValue>
            <measValue measObjLdn="nl2DRAOMU01/VPORT:Virtual machine name=nl2DRABE01_SPSCDBPID3_VDU1_0, Port name=VNIC1">
                <measResults>258 0 3058 1 0 0 0 0 112 0 1380 0 0 0 0 0 0 0 0 0 </measResults>
            </measValue>
            <measValue measObjLdn="nl2DRAOMU01/VPORT:Virtual machine name=nl2DRA01_SSAP1_9, Port name=VNIC6">
                <measResults>610 0 9634 5 0 0 0 0 0 0 0 0 0 0 0 0 0 0 0 0 </measResults>
            </measValue>
            <measValue measObjLdn="nl2DRAOMU01/VPORT:Virtual machine name=nl2DRA01_SSAP1_1, Port name=VNIC1">
                <measResults>1481221 822 3560896 1978 0 0 0 0 3669059 2038 4180964 2322 0 0 0 0 0 0 0 0 </measResults>
            </measValue>
            <measValue measObjLdn="nl2DRAOMU01/VPORT:Virtual machine name=nl2DRA01_SDAU_10, Port name=FABRIC1">
                <measResults>3915345 2174 6654472 3696 0 0 0 0 3612694 2006 6707153 3726 0 0 0 0 0 0 0 0 </measResults>
            </measValue>
            <measValue measObjLdn="nl2DRAOMU01/VPORT:Virtual machine name=nl2DRABE01_SPSCDBPID3_VDU1_0, Port name=FABRIC1">
                <measResults>31616 17 186566 103 0 0 0 0 28515 15 166893 92 0 0 0 0 0 0 0 0 </measResults>
            </measValue>
            <measValue measObjLdn="nl2DRAOMU01/VPORT:Virtual machine name=nl2DRABE01_SPSCDBPID3_VDU2_0, Port name=FABRIC1">
                <measResults>27543 14 154338 85 0 0 0 0 26410 14 157754 87 0 0 0 0 0 0 0 0 </measResults>
            </measValue>
            <measValue measObjLdn="nl2DRAOMU01/VPORT:Virtual machine name=nl2DRA01_SSAP1_6, Port name=BASE1">
                <measResults>38836 21 230086 127 0 0 0 0 44257 24 236082 131 0 0 0 0 0 0 0 0 </measResults>
            </measValue>
            <measValue measObjLdn="nl2DRAOMU01/VPORT:Virtual machine name=nl2DRA01_SSAP1_6, Port name=BASE2">
                <measResults>23579 13 155443 86 0 0 0 0 33340 18 165674 92 0 0 0 0 0 0 0 0 </measResults>
            </measValue>
            <measValue measObjLdn="nl2DRAOMU01/VPORT:Virtual machine name=nl2DRA01_SDAU_11, Port name=BASE1">
                <measResults>35789 19 208734 115 0 0 0 0 41054 22 214823 119 0 0 0 0 0 0 0 0 </measResults>
            </measValue>
            <measValue measObjLdn="nl2DRAOMU01/VPORT:Virtual machine name=nl2DRA01_SDAU_4, Port name=FABRIC2">
                <measResults>3915018 2174 6657106 3698 0 0 0 0 3612514 2006 6706935 3726 0 0 0 0 0 0 0 0 </measResults>
            </measValue>
            <measValue measObjLdn="nl2DRAOMU01/VPORT:Virtual machine name=nl2DRA01_SSAP1_8, Port name=VNIC2">
                <measResults>516 0 8127 4 0 0 0 0 0 0 0 0 0 0 0 0 0 0 0 0 </measResults>
            </measValue>
            <measValue measObjLdn="nl2DRAOMU01/VPORT:Virtual machine name=nl2DRA01_SSAP1_1, Port name=FABRIC2">
                <measResults>8911476 4950 17787695 9882 0 0 0 0 9417599 5231 17544458 9746 0 0 0 0 0 0 0 0 </measResults>
            </measValue>
            <measValue measObjLdn="nl2DRAOMU01/VPORT:Virtual machine name=nl2DRABE01_SPSCDBRSUF_VDU2_0, Port name=VNIC2">
                <measResults>55575 30 99254 55 0 0 0 0 55039 30 90506 50 0 0 0 0 0 0 0 0 </measResults>
            </measValue>
            <measValue measObjLdn="nl2DRAOMU01/VPORT:Virtual machine name=nl2DRAOMU01_OMUBIG_0, Port name=FABRIC1">
                <measResults>33063 18 143927 79 0 0 0 0 30997 17 147187 81 0 0 0 0 0 0 0 0 </measResults>
            </measValue>
            <measValue measObjLdn="nl2DRAOMU01/VPORT:Virtual machine name=nl2DRA01_SSAP1_9, Port name=FABRIC2">
                <measResults>18416978 10231 37200678 20667 0 0 0 0 16581447 9211 36108092 20060 0 0 0 0 0 0 0 0 </measResults>
            </measValue>
            <measValue measObjLdn="nl2DRAOMU01/VPORT:Virtual machine name=nl2DRA01_SSAP1_6, Port name=VNIC4">
                <measResults>0 0 0 0 0 0 0 0 0 0 0 0 0 0 0 0 0 0 0 0 </measResults>
            </measValue>
            <measValue measObjLdn="nl2DRAOMU01/VPORT:Virtual machine name=nl2DRA01_SDAU_7, Port name=BASE2">
                <measResults>22788 12 143818 79 0 0 0 0 37277 20 156376 86 0 0 0 0 0 0 0 0 </measResults>
            </measValue>
            <measValue measObjLdn="nl2DRAOMU01/VPORT:Virtual machine name=nl2DRA01_SSAP1_7, Port name=BASE1">
                <measResults>35905 19 214223 119 0 0 0 0 41642 22 227863 126 0 0 0 0 0 0 0 0 </measResults>
            </measValue>
            <measValue measObjLdn="nl2DRAOMU01/VPORT:Virtual machine name=nl2DRA01_SSAP1_4, Port name=VNIC4">
                <measResults>0 0 0 0 0 0 0 0 0 0 0 0 0 0 0 0 0 0 0 0 </measResults>
            </measValue>
            <measValue measObjLdn="nl2DRAOMU01/VPORT:Virtual machine name=nl2DRAOMU01_OMUBIG_0, Port name=FABRIC2">
                <measResults>39068 21 149835 83 0 0 0 0 34904 19 150133 83 0 0 0 0 0 0 0 0 </measResults>
            </measValue>
            <measValue measObjLdn="nl2DRAOMU01/VPORT:Virtual machine name=nl2DRAOMU01_OMUBIG_0, Port name=VNIC3">
                <measResults>0 0 0 0 0 0 0 0 0 0 0 0 0 0 0 0 0 0 0 0 </measResults>
            </measValue>
            <measValue measObjLdn="nl2DRAOMU01/VPORT:Virtual machine name=nl2DRA01_SSAP1_0, Port name=BASE2">
                <measResults>22855 12 148944 82 0 0 0 0 34153 18 169419 94 0 0 0 0 0 0 0 0 </measResults>
            </measValue>
            <measValue measObjLdn="nl2DRAOMU01/VPORT:Virtual machine name=nl2DRA01_SDAU_6, Port name=FABRIC1">
                <measResults>3892935 2162 6618086 3676 0 0 0 0 3592225 1995 6667895 3704 0 0 0 0 0 0 0 0 </measResults>
            </measValue>
            <measValue measObjLdn="nl2DRAOMU01/VPORT:Virtual machine name=nl2DRA01_SSAP1_8, Port name=VNIC6">
                <measResults>614 0 9690 5 0 0 0 0 0 0 0 0 0 0 0 0 0 0 0 0 </measResults>
            </measValue>
            <measValue measObjLdn="nl2DRAOMU01/VPORT:Virtual machine name=nl2DRA01_SSAP1_1, Port name=VNIC5">
                <measResults>21220 11 75124 41 0 0 0 0 25998 14 66448 36 0 0 0 0 0 0 0 0 </measResults>
            </measValue>
            <measValue measObjLdn="nl2DRAOMU01/VPORT:Virtual machine name=nl2DRABE01_SPSCDBPID3_VDU2_0, Port name=VNIC3">
                <measResults>208 0 2932 1 0 0 0 0 0 0 0 0 0 0 0 0 0 0 0 0 </measResults>
            </measValue>
            <measValue measObjLdn="nl2DRAOMU01/VPORT:Virtual machine name=nl2DRA01_SDAU_11, Port name=FABRIC1">
                <measResults>3914889 2174 6654085 3696 0 0 0 0 3612146 2006 6705643 3725 0 0 0 0 0 0 0 0 </measResults>
            </measValue>
            <measValue measObjLdn="nl2DRAOMU01/VPORT:Virtual machine name=nl2DRA01_SDAU_7, Port name=FABRIC1">
                <measResults>3916205 2175 6655886 3697 0 0 0 0 3612983 2006 6707207 3726 0 0 0 0 0 0 0 0 </measResults>
            </measValue>
            <measValue measObjLdn="nl2DRAOMU01/VPORT:Virtual machine name=nl2DRA01_SSAP1_7, Port name=VNIC3">
                <measResults>0 0 0 0 0 0 0 0 0 0 0 0 0 0 0 0 0 0 0 0 </measResults>
            </measValue>
            <measValue measObjLdn="nl2DRAOMU01/VPORT:Virtual machine name=nl2DRA01_SSAP1_5, Port name=VNIC4">
                <measResults>0 0 0 0 0 0 0 0 0 0 0 0 0 0 0 0 0 0 0 0 </measResults>
            </measValue>
            <measValue measObjLdn="nl2DRAOMU01/VPORT:Virtual machine name=nl2DRA01_SDAU_1, Port name=FABRIC2">
                <measResults>3893025 2162 6621230 3678 0 0 0 0 3592360 1995 6669757 3705 0 0 0 0 0 0 0 0 </measResults>
            </measValue>
            <measValue measObjLdn="nl2DRAOMU01/VPORT:Virtual machine name=nl2DRABE01_SPSCDBRSUF_VDU1_0, Port name=BASE1">
                <measResults>81812 45 454533 252 0 0 0 0 218740 121 354758 197 0 0 0 0 0 0 0 0 </measResults>
            </measValue>
            <measValue measObjLdn="nl2DRAOMU01/VPORT:Virtual machine name=nl2DRA01_SSAP1_8, Port name=VNIC3">
                <measResults>0 0 0 0 0 0 0 0 0 0 0 0 0 0 0 0 0 0 0 0 </measResults>
            </measValue>
            <measValue measObjLdn="nl2DRAOMU01/VPORT:Virtual machine name=nl2DRA01_SDAU_0, Port name=FABRIC1">
                <measResults>3893647 2162 6624025 3680 0 0 0 0 3592560 1995 6670057 3705 0 0 0 0 0 0 0 0 </measResults>
            </measValue>
            <measValue measObjLdn="nl2DRAOMU01/VPORT:Virtual machine name=nl2DRA01_SSAP1_4, Port name=BASE2">
                <measResults>23453 12 152037 84 0 0 0 0 33608 18 167043 92 0 0 0 0 0 0 0 0 </measResults>
            </measValue>
            <measValue measObjLdn="nl2DRAOMU01/VPORT:Virtual machine name=nl2DRA01_SSAP1_3, Port name=BASE1">
                <measResults>35915 19 214601 119 0 0 0 0 41498 22 226988 126 0 0 0 0 0 0 0 0 </measResults>
            </measValue>
            <measValue measObjLdn="nl2DRAOMU01/VPORT:Virtual machine name=nl2DRABE01_SPSCDBPID3_VDU1_0, Port name=BASE2">
                <measResults>10020 5 81281 45 0 0 0 0 17464 9 111599 61 0 0 0 0 0 0 0 0 </measResults>
            </measValue>
            <measValue measObjLdn="nl2DRAOMU01/VPORT:Virtual machine name=nl2DRA01_SSAP1_9, Port name=VNIC3">
                <measResults>0 0 0 0 0 0 0 0 0 0 0 0 0 0 0 0 0 0 0 0 </measResults>
            </measValue>
            <measValue measObjLdn="nl2DRAOMU01/VPORT:Virtual machine name=nl2DRA01_SSAP1_9, Port name=VNIC4">
                <measResults>0 0 0 0 0 0 0 0 0 0 0 0 0 0 0 0 0 0 0 0 </measResults>
            </measValue>
            <measValue measObjLdn="nl2DRAOMU01/VPORT:Virtual machine name=nl2DRA01_SSAP1_0, Port name=VNIC5">
                <measResults>21182 11 75120 41 0 0 0 0 25945 14 66430 36 0 0 0 0 0 0 0 0 </measResults>
            </measValue>
            <measValue measObjLdn="nl2DRAOMU01/VPORT:Virtual machine name=nl2DRA01_SSAP1_8, Port name=VNIC5">
                <measResults>613 0 9689 5 0 0 0 0 0 0 0 0 0 0 0 0 0 0 0 0 </measResults>
            </measValue>
            <measValue measObjLdn="nl2DRAOMU01/VPORT:Virtual machine name=nl2DRABE01_SPSCDBPID3_VDU2_0, Port name=BASE1">
                <measResults>53825 29 412618 229 0 0 0 0 41013 22 389251 216 0 0 0 0 0 0 0 0 </measResults>
            </measValue>
            <measValue measObjLdn="nl2DRAOMU01/VPORT:Virtual machine name=nl2DRA01_SDAU_13, Port name=BASE1">
                <measResults>35274 19 205238 114 0 0 0 0 40655 22 212507 118 0 0 0 0 0 0 0 0 </measResults>
            </measValue>
            <measValue measObjLdn="nl2DRAOMU01/VPORT:Virtual machine name=nl2DRA01_SSAP1_2, Port name=FABRIC2">
                <measResults>17033383 9462 40311401 22395 0 0 0 0 18411048 10227 38636031 21464 0 0 0 0 0 0 0 0 </measResults>
            </measValue>
            <measValue measObjLdn="nl2DRAOMU01/VPORT:Virtual machine name=nl2DRABE01_SPSCDBRSUF_VDU1_0, Port name=BASE2">
                <measResults>72373 39 383208 212 0 0 0 0 50344 27 168740 93 0 0 0 0 0 0 0 0 </measResults>
            </measValue>
            <measValue measObjLdn="nl2DRAOMU01/VPORT:Virtual machine name=nl2DRAOMU01_OMUBIG_0, Port name=BASE2">
                <measResults>379359 210 1309601 727 0 0 0 0 100499 55 1109455 616 0 0 0 0 0 0 0 0 </measResults>
            </measValue>
            <measValue measObjLdn="nl2DRAOMU01/VPORT:Virtual machine name=nl2DRA01_SSAP1_6, Port name=VNIC2">
                <measResults>77380 42 239811 133 0 0 0 0 18170 9 184748 102 0 0 0 0 0 0 0 0 </measResults>
            </measValue>
            <measValue measObjLdn="nl2DRAOMU01/VPORT:Virtual machine name=nl2DRA01_SSAP1_6, Port name=VNIC5">
                <measResults>21217 11 74986 41 0 0 0 0 25870 14 66313 36 0 0 0 0 0 0 0 0 </measResults>
            </measValue>
            <measValue measObjLdn="nl2DRAOMU01/VPORT:Virtual machine name=nl2DRA01_SDAU_2, Port name=FABRIC1">
                <measResults>3915623 2174 6658388 3699 0 0 0 0 3613306 2006 6706748 3725 0 0 0 0 0 0 0 0 </measResults>
            </measValue>
            <measValue measObjLdn="nl2DRAOMU01/VPORT:Virtual machine name=nl2DRA01_SDAU_5, Port name=FABRIC2">
                <measResults>3915092 2174 6656543 3698 0 0 0 0 3612977 2006 6707571 3726 0 0 0 0 0 0 0 0 </measResults>
            </measValue>
            <measValue measObjLdn="nl2DRAOMU01/VPORT:Virtual machine name=nl2DRABE01_SPSCDBRSUF_VDU2_0, Port name=BASE2">
                <measResults>13669 7 124558 69 0 0 0 0 20430 11 135483 75 0 0 0 0 0 0 0 0 </measResults>
            </measValue>
            <measValue measObjLdn="nl2DRAOMU01/VPORT:Virtual machine name=nl2DRA01_SDAU_5, Port name=BASE1">
                <measResults>35454 19 206305 114 0 0 0 0 40814 22 213526 118 0 0 0 0 0 0 0 0 </measResults>
            </measValue>
            <measValue measObjLdn="nl2DRAOMU01/VPORT:Virtual machine name=nl2DRA01_SDAU_1, Port name=FABRIC1">
                <measResults>3893318 2162 6621204 3678 0 0 0 0 3592530 1995 6669914 3705 0 0 0 0 0 0 0 0 </measResults>
            </measValue>
            <measValue measObjLdn="nl2DRAOMU01/VPORT:Virtual machine name=nl2DRA01_SDAU_11, Port name=BASE2">
                <measResults>22775 12 143631 79 0 0 0 0 37428 20 157293 87 0 0 0 0 0 0 0 0 </measResults>
            </measValue>
            <measValue measObjLdn="nl2DRAOMU01/VPORT:Virtual machine name=nl2DRABE01_SPSCDBPID3_VDU2_0, Port name=BASE2">
                <measResults>12987 7 96339 53 0 0 0 0 12161 6 88959 49 0 0 0 0 0 0 0 0 </measResults>
            </measValue>
            <measValue measObjLdn="nl2DRAOMU01/VPORT:Virtual machine name=nl2DRABE01_SPSCDBRSUF_VDU1_0, Port name=VNIC1">
                <measResults>222984 123 398659 221 0 0 0 0 120875 66 389604 216 0 0 0 0 0 0 0 0 </measResults>
            </measValue>
            <measValue measObjLdn="nl2DRAOMU01/VPORT:Virtual machine name=nl2DRA01_SSAP1_4, Port name=VNIC3">
                <measResults>0 0 0 0 0 0 0 0 0 0 0 0 0 0 0 0 0 0 0 0 </measResults>
            </measValue>
            <measValue measObjLdn="nl2DRAOMU01/VPORT:Virtual machine name=nl2DRA01_SSAP1_8, Port name=VNIC4">
                <measResults>0 0 0 0 0 0 0 0 0 0 0 0 0 0 0 0 0 0 0 0 </measResults>
            </measValue>
            <measValue measObjLdn="nl2DRAOMU01/VPORT:Virtual machine name=nl2DRA01_SSAP1_5, Port name=FABRIC1">
                <measResults>21144362 11746 51121327 28400 0 0 0 0 21184420 11768 52150292 28972 0 0 0 0 0 0 0 0 </measResults>
            </measValue>
            <measValue measObjLdn="nl2DRAOMU01/VPORT:Virtual machine name=nl2DRA01_SSAP1_0, Port name=VNIC3">
                <measResults>0 0 0 0 0 0 0 0 0 0 0 0 0 0 0 0 0 0 0 0 </measResults>
            </measValue>
            <measValue measObjLdn="nl2DRAOMU01/VPORT:Virtual machine name=nl2DRA01_SSAP1_5, Port name=BASE1">
                <measResults>35972 19 215067 119 0 0 0 0 41187 22 226342 125 0 0 0 0 0 0 0 0 </measResults>
            </measValue>
            <measValue measObjLdn="nl2DRAOMU01/VPORT:Virtual machine name=nl2DRA01_SDAU_0, Port name=BASE1">
                <measResults>35582 19 209849 116 0 0 0 0 45337 25 218660 121 0 0 0 0 0 0 0 0 </measResults>
            </measValue>
            <measValue measObjLdn="nl2DRAOMU01/VPORT:Virtual machine name=nl2DRA01_SSAP1_5, Port name=BASE2">
                <measResults>23390 12 152019 84 0 0 0 0 35356 19 168919 93 0 0 0 0 0 0 0 0 </measResults>
            </measValue>
            <measValue measObjLdn="nl2DRAOMU01/VPORT:Virtual machine name=nl2DRA01_SSAP1_4, Port name=VNIC1">
                <measResults>8428347 4682 22793173 12662 0 0 0 0 8178191 4543 23263942 12924 0 0 0 0 0 0 0 0 </measResults>
            </measValue>
            <measValue measObjLdn="nl2DRAOMU01/VPORT:Virtual machine name=nl2DRA01_SDAU_8, Port name=FABRIC2">
                <measResults>3914610 2174 6655578 3697 0 0 0 0 3612430 2006 6707239 3726 0 0 0 0 0 0 0 0 </measResults>
            </measValue>
            <measValue measObjLdn="nl2DRAOMU01/VPORT:Virtual machine name=nl2DRA01_SSAP1_8, Port name=FABRIC1">
                <measResults>9009311 5004 16170563 8983 0 0 0 0 11660359 6477 17700905 9833 0 0 0 0 0 0 0 0 </measResults>
            </measValue>
            <measValue measObjLdn="nl2DRAOMU01/VPORT:Virtual machine name=nl2DRAOMU01_OMUBIG_1, Port name=VNIC1">
                <measResults>211 0 3306 1 0 0 0 0 17 0 387 0 0 0 0 0 0 0 0 0 </measResults>
            </measValue>
            <measValue measObjLdn="nl2DRAOMU01/VPORT:Virtual machine name=nl2DRA01_SDAU_10, Port name=BASE1">
                <measResults>36048 19 212461 118 0 0 0 0 45885 25 221172 122 0 0 0 0 0 0 0 0 </measResults>
            </measValue>
            <measValue measObjLdn="nl2DRAOMU01/VPORT:Virtual machine name=nl2DRA01_SDAU_5, Port name=FABRIC1">
                <measResults>3915742 2174 6655620 3697 0 0 0 0 3613157 2006 6706080 3725 0 0 0 0 0 0 0 0 </measResults>
            </measValue>
            <measValue measObjLdn="nl2DRAOMU01/VPORT:Virtual machine name=nl2DRA01_SDAU_9, Port name=FABRIC1">
                <measResults>3916429 2175 6657736 3698 0 0 0 0 3613904 2007 6708688 3727 0 0 0 0 0 0 0 0 </measResults>
            </measValue>
            <measValue measObjLdn="nl2DRAOMU01/VPORT:Virtual machine name=nl2DRAOMU01_OMUBIG_1, Port name=FABRIC2">
                <measResults>38479 21 154809 86 0 0 0 0 36186 19 148546 82 0 0 0 0 0 0 0 0 </measResults>
            </measValue>
            <measValue measObjLdn="nl2DRAOMU01/VPORT:Virtual machine name=nl2DRA01_SSAP1_8, Port name=FABRIC2">
                <measResults>11294018 6274 22473601 12485 0 0 0 0 10017555 5564 22721151 12622 0 0 0 0 0 0 0 0 </measResults>
            </measValue>
            <measValue measObjLdn="nl2DRAOMU01/VPORT:Virtual machine name=nl2DRA01_SSAP1_5, Port name=VNIC1">
                <measResults>93033 51 307068 170 0 0 0 0 25068 13 240089 133 0 0 0 0 0 0 0 0 </measResults>
            </measValue>
            <measValue measObjLdn="nl2DRAOMU01/VPORT:Virtual machine name=nl2DRA01_SDAU_10, Port name=FABRIC2">
                <measResults>3914261 2174 6654676 3697 0 0 0 0 3612139 2006 6706892 3726 0 0 0 0 0 0 0 0 </measResults>
            </measValue>
            <measValue measObjLdn="nl2DRAOMU01/VPORT:Virtual machine name=nl2DRAOMU01_OMUBIG_0, Port name=VNIC2">
                <measResults>0 0 0 0 0 0 0 0 0 0 0 0 0 0 0 0 0 0 0 0 </measResults>
            </measValue>
            <measValue measObjLdn="nl2DRAOMU01/VPORT:Virtual machine name=nl2DRA01_SSAP1_3, Port name=BASE2">
                <measResults>23109 12 150049 83 0 0 0 0 34723 19 165792 92 0 0 0 0 0 0 0 0 </measResults>
            </measValue>
            <measValue measObjLdn="nl2DRAOMU01/VPORT:Virtual machine name=nl2DRA01_SSAP1_7, Port name=VNIC5">
                <measResults>21214 11 75018 41 0 0 0 0 25923 14 66351 36 0 0 0 0 0 0 0 0 </measResults>
            </measValue>
            <measValue measObjLdn="nl2DRAOMU01/VPORT:Virtual machine name=nl2DRA01_SDAU_3, Port name=BASE2">
                <measResults>22467 12 141732 78 0 0 0 0 37188 20 155318 86 0 0 0 0 0 0 0 0 </measResults>
            </measValue>
            <measValue measObjLdn="nl2DRAOMU01/VPORT:Virtual machine name=nl2DRA01_SSAP1_7, Port name=BASE2">
                <measResults>23375 12 152051 84 0 0 0 0 34973 19 166664 92 0 0 0 0 0 0 0 0 </measResults>
            </measValue>
            <measValue measObjLdn="nl2DRAOMU01/VPORT:Virtual machine name=nl2DRA01_SSAP1_3, Port name=VNIC6">
                <measResults>20906 11 73670 40 0 0 0 0 25185 13 64982 36 0 0 0 0 0 0 0 0 </measResults>
            </measValue>
            <measValue measObjLdn="nl2DRAOMU01/VPORT:Virtual machine name=nl2DRA01_SDAU_7, Port name=FABRIC2">
                <measResults>3914292 2174 6655827 3697 0 0 0 0 3612727 2006 6707302 3726 0 0 0 0 0 0 0 0 </measResults>
            </measValue>
            <measValue measObjLdn="nl2DRAOMU01/VPORT:Virtual machine name=nl2DRA01_SSAP1_7, Port name=FABRIC1">
                <measResults>10855072 6030 24686044 13714 0 0 0 0 10355962 5752 25417268 14120 0 0 0 0 0 0 0 0 </measResults>
            </measValue>
            <measValue measObjLdn="nl2DRAOMU01/VPORT:Virtual machine name=nl2DRA01_SSAP1_2, Port name=VNIC2">
                <measResults>86286 47 279430 155 0 0 0 0 44455 24 231550 128 0 0 0 0 0 0 0 0 </measResults>
            </measValue>
            <measValue measObjLdn="nl2DRAOMU01/VPORT:Virtual machine name=nl2DRA01_SSAP1_9, Port name=VNIC1">
                <measResults>868 0 13046 7 0 0 0 0 0 0 0 0 0 0 0 0 0 0 0 0 </measResults>
            </measValue>
            <measValue measObjLdn="nl2DRAOMU01/VPORT:Virtual machine name=nl2DRABE01_SPSCDBPID3_VDU1_0, Port name=VNIC3">
                <measResults>191 0 2935 1 0 0 0 0 0 0 0 0 0 0 0 0 0 0 0 0 </measResults>
            </measValue>
            <measValue measObjLdn="nl2DRAOMU01/VPORT:Virtual machine name=nl2DRA01_SSAP1_0, Port name=FABRIC2">
                <measResults>8679166 4821 22114314 12285 0 0 0 0 10365519 5758 22867741 12704 0 0 0 0 0 0 0 0 </measResults>
            </measValue>
            <measValue measObjLdn="nl2DRAOMU01/VPORT:Virtual machine name=nl2DRA01_SSAP1_8, Port name=BASE1">
                <measResults>35816 19 210853 117 0 0 0 0 41186 22 220047 122 0 0 0 0 0 0 0 0 </measResults>
            </measValue>
            <measValue measObjLdn="nl2DRAOMU01/VPORT:Virtual machine name=nl2DRA01_SSAP1_3, Port name=VNIC5">
                <measResults>21190 11 75139 41 0 0 0 0 25966 14 66445 36 0 0 0 0 0 0 0 0 </measResults>
            </measValue>
            <measValue measObjLdn="nl2DRAOMU01/VPORT:Virtual machine name=nl2DRA01_SSAP1_6, Port name=VNIC1">
                <measResults>4373720 2429 15546721 8637 0 0 0 0 6135214 3408 16131959 8962 0 0 0 0 0 0 0 0 </measResults>
            </measValue>
            <measValue measObjLdn="nl2DRAOMU01/VPORT:Virtual machine name=nl2DRA01_SDAU_6, Port name=BASE1">
                <measResults>35524 19 209166 116 0 0 0 0 45312 25 218011 121 0 0 0 0 0 0 0 0 </measResults>
            </measValue>
            <measValue measObjLdn="nl2DRAOMU01/VPORT:Virtual machine name=nl2DRA01_SSAP1_1, Port name=FABRIC1">
                <measResults>20519714 11399 48583394 26990 0 0 0 0 19111733 10617 48832612 27129 0 0 0 0 0 0 0 0 </measResults>
            </measValue>
            <measValue measObjLdn="nl2DRAOMU01/VPORT:Virtual machine name=nl2DRABE01_SPSCDBRSUF_VDU2_0, Port name=VNIC1">
                <measResults>221236 122 395662 219 0 0 0 0 120392 66 386575 214 0 0 0 0 0 0 0 0 </measResults>
            </measValue>
            <measValue measObjLdn="nl2DRAOMU01/VPORT:Virtual machine name=nl2DRA01_SDAU_12, Port name=FABRIC2">
                <measResults>3915258 2174 6651791 3695 0 0 0 0 3613186 2006 6706643 3725 0 0 0 0 0 0 0 0 </measResults>
            </measValue>
            <measValue measObjLdn="nl2DRAOMU01/VPORT:Virtual machine name=nl2DRA01_SSAP1_5, Port name=VNIC2">
                <measResults>8443696 4690 22817803 12676 0 0 0 0 8186377 4547 23288445 12938 0 0 0 0 0 0 0 0 </measResults>
            </measValue>
            <measValue measObjLdn="nl2DRAOMU01/VPORT:Virtual machine name=nl2DRA01_SDAU_12, Port name=BASE2">
                <measResults>22507 12 139769 77 0 0 0 0 32590 17 150747 83 0 0 0 0 0 0 0 0 </measResults>
            </measValue>
            <measValue measObjLdn="nl2DRAOMU01/VPORT:Virtual machine name=nl2DRABE01_SPSCDBPID3_VDU2_0, Port name=FABRIC2">
                <measResults>31622 17 157204 87 0 0 0 0 29957 16 151279 84 0 0 0 0 0 0 0 0 </measResults>
            </measValue>
            <measValue measObjLdn="nl2DRAOMU01/VPORT:Virtual machine name=nl2DRA01_SSAP1_7, Port name=FABRIC2">
                <measResults>8178365 4543 19732216 10962 0 0 0 0 8408815 4671 20238103 11243 0 0 0 0 0 0 0 0 </measResults>
            </measValue>
            <measValue measObjLdn="nl2DRAOMU01/VPORT:Virtual machine name=nl2DRA01_SDAU_9, Port name=FABRIC2">
                <measResults>3915407 2174 6654813 3697 0 0 0 0 3612958 2006 6707800 3726 0 0 0 0 0 0 0 0 </measResults>
            </measValue>
            <measValue measObjLdn="nl2DRAOMU01/VPORT:Virtual machine name=nl2DRA01_SSAP1_4, Port name=VNIC5">
                <measResults>21170 11 75094 41 0 0 0 0 25942 14 66401 36 0 0 0 0 0 0 0 0 </measResults>
            </measValue>
            <measValue measObjLdn="nl2DRAOMU01/VPORT:Virtual machine name=nl2DRA01_SSAP1_0, Port name=FABRIC1">
                <measResults>17497421 9720 38387540 21326 0 0 0 0 15124448 8402 38143618 21190 0 0 0 0 0 0 0 0 </measResults>
            </measValue>
            <measValue measObjLdn="nl2DRAOMU01/VPORT:Virtual machine name=nl2DRA01_SDAU_13, Port name=BASE2">
                <measResults>22992 12 145804 80 0 0 0 0 37527 20 158338 87 0 0 0 0 0 0 0 0 </measResults>
            </measValue>
            <measValue measObjLdn="nl2DRAOMU01/VPORT:Virtual machine name=nl2DRA01_SSAP1_9, Port name=FABRIC1">
                <measResults>16796628 9331 36095570 20053 0 0 0 0 19969396 11093 36078055 20043 0 0 0 0 0 0 0 0 </measResults>
            </measValue>
            <measValue measObjLdn="nl2DRAOMU01/VPORT:Virtual machine name=nl2DRAOMU01_OMUBIG_0, Port name=BASE1">
                <measResults>423137 234 1469533 816 0 0 0 0 247751 137 1322343 734 0 0 0 0 0 0 0 0 </measResults>
            </measValue>
            <measValue measObjLdn="nl2DRAOMU01/VPORT:Virtual machine name=nl2DRA01_SDAU_12, Port name=BASE1">
                <measResults>36026 19 212102 117 0 0 0 0 45890 25 221007 122 0 0 0 0 0 0 0 0 </measResults>
            </measValue>
            <measValue measObjLdn="nl2DRAOMU01/VPORT:Virtual machine name=nl2DRA01_SSAP1_5, Port name=VNIC6">
                <measResults>20882 11 73634 40 0 0 0 0 25171 13 64950 36 0 0 0 0 0 0 0 0 </measResults>
            </measValue>
            <measValue measObjLdn="nl2DRAOMU01/VPORT:Virtual machine name=nl2DRA01_SSAP1_1, Port name=VNIC6">
                <measResults>20959 11 73690 40 0 0 0 0 25170 13 65001 36 0 0 0 0 0 0 0 0 </measResults>
            </measValue>
            <measValue measObjLdn="nl2DRAOMU01/VPORT:Virtual machine name=nl2DRA01_SDAU_3, Port name=BASE1">
                <measResults>35741 19 208993 116 0 0 0 0 40972 22 215051 119 0 0 0 0 0 0 0 0 </measResults>
            </measValue>
            <measValue measObjLdn="nl2DRAOMU01/VPORT:Virtual machine name=nl2DRA01_SDAU_1, Port name=BASE1">
                <measResults>35449 19 206689 114 0 0 0 0 40886 22 213956 118 0 0 0 0 0 0 0 0 </measResults>
            </measValue>
            <measValue measObjLdn="nl2DRAOMU01/VPORT:Virtual machine name=nl2DRA01_SSAP1_0, Port name=VNIC2">
                <measResults>94955 52 325922 181 0 0 0 0 49449 27 275285 152 0 0 0 0 0 0 0 0 </measResults>
            </measValue>
            <measValue measObjLdn="nl2DRAOMU01/VPORT:Virtual machine name=nl2DRA01_SSAP1_9, Port name=BASE1">
                <measResults>35360 19 206680 114 0 0 0 0 39087 21 215117 119 0 0 0 0 0 0 0 0 </measResults>
            </measValue>
            <measValue measObjLdn="nl2DRAOMU01/VPORT:Virtual machine name=nl2DRA01_SSAP1_0, Port name=VNIC1">
                <measResults>16799318 9332 47556259 26420 0 0 0 0 18217355 10120 48543469 26968 0 0 0 0 0 0 0 0 </measResults>
            </measValue>
            <measValue measObjLdn="nl2DRAOMU01/VPORT:Virtual machine name=nl2DRA01_SDAU_8, Port name=BASE1">
                <measResults>35729 19 210412 116 0 0 0 0 45338 24 217967 121 0 0 0 0 0 0 0 0 </measResults>
            </measValue>
            <measValue measObjLdn="nl2DRAOMU01/VPORT:Virtual machine name=nl2DRABE01_SPSCDBPID3_VDU1_0, Port name=VNIC2">
                <measResults>275 0 3355 1 0 0 0 0 112 0 1379 0 0 0 0 0 0 0 0 0 </measResults>
            </measValue>
            <measValue measObjLdn="nl2DRAOMU01/VPORT:Virtual machine name=nl2DRA01_SDAU_11, Port name=FABRIC2">
                <measResults>3914880 2174 6653630 3696 0 0 0 0 3612777 2006 6706728 3725 0 0 0 0 0 0 0 0 </measResults>
            </measValue>
            <measValue measObjLdn="nl2DRAOMU01/VPORT:Virtual machine name=nl2DRA01_SSAP1_6, Port name=FABRIC2">
                <measResults>3398946 1887 8042616 4468 0 0 0 0 3657983 2031 8144590 4524 0 0 0 0 0 0 0 0 </measResults>
            </measValue>
            <measValue measObjLdn="nl2DRAOMU01/VPORT:Virtual machine name=nl2DRABE01_SPSCDBRSUF_VDU1_0, Port name=FABRIC1">
                <measResults>961062 533 2797691 1554 0 0 0 0 967783 537 2821289 1567 0 0 0 0 0 0 0 0 </measResults>
            </measValue>
            <measValue measObjLdn="nl2DRAOMU01/VPORT:Virtual machine name=nl2DRA01_SSAP1_3, Port name=VNIC1">
                <measResults>1476399 819 3496825 1942 0 0 0 0 3660896 2033 4110524 2283 0 0 0 0 0 0 0 0 </measResults>
            </measValue>
            <measValue measObjLdn="nl2DRAOMU01/VPORT:Virtual machine name=nl2DRA01_SDAU_1, Port name=BASE2">
                <measResults>22848 12 144829 80 0 0 0 0 37304 20 157182 87 0 0 0 0 0 0 0 0 </measResults>
            </measValue>
            <measValue measObjLdn="nl2DRAOMU01/VPORT:Virtual machine name=nl2DRA01_SSAP1_2, Port name=VNIC3">
                <measResults>0 0 0 0 0 0 0 0 0 0 0 0 0 0 0 0 0 0 0 0 </measResults>
            </measValue>
            <measValue measObjLdn="nl2DRAOMU01/VPORT:Virtual machine name=nl2DRABE01_SPSCDBRSUF_VDU2_0, Port name=BASE1">
                <measResults>19312 10 120377 66 0 0 0 0 17064 9 125330 69 0 0 0 0 0 0 0 0 </measResults>
            </measValue>
            <measValue measObjLdn="nl2DRAOMU01/VPORT:Virtual machine name=nl2DRA01_SSAP1_4, Port name=FABRIC1">
                <measResults>14315677 7952 34606723 19225 0 0 0 0 15516813 8619 34985116 19436 0 0 0 0 0 0 0 0 </measResults>
            </measValue>
            <measValue measObjLdn="nl2DRAOMU01/VPORT:Virtual machine name=nl2DRA01_SSAP1_7, Port name=VNIC4">
                <measResults>0 0 0 0 0 0 0 0 0 0 0 0 0 0 0 0 0 0 0 0 </measResults>
            </measValue>
            <measValue measObjLdn="nl2DRAOMU01/VPORT:Virtual machine name=nl2DRA01_SSAP1_8, Port name=BASE2">
                <measResults>22445 12 140801 78 0 0 0 0 30687 16 152225 84 0 0 0 0 0 0 0 0 </measResults>
            </measValue>
            <measValue measObjLdn="nl2DRAOMU01/VPORT:Virtual machine name=nl2DRA01_SSAP1_6, Port name=VNIC3">
                <measResults>0 0 0 0 0 0 0 0 0 0 0 0 0 0 0 0 0 0 0 0 </measResults>
            </measValue>
            <measValue measObjLdn="nl2DRAOMU01/VPORT:Virtual machine name=nl2DRA01_SSAP1_1, Port name=BASE2">
                <measResults>23700 13 156840 87 0 0 0 0 40289 22 179713 99 0 0 0 0 0 0 0 0 </measResults>
            </measValue>
            <measValue measObjLdn="nl2DRAOMU01/VPORT:Virtual machine name=nl2DRA01_SSAP1_3, Port name=FABRIC1">
                <measResults>28683759 15934 66914278 37174 0 0 0 0 26380555 14655 62576238 34764 0 0 0 0 0 0 0 0 </measResults>
            </measValue>
            <measValue measObjLdn="nl2DRAOMU01/VPORT:Virtual machine name=nl2DRA01_SSAP1_7, Port name=VNIC1">
                <measResults>71105 39 233523 129 0 0 0 0 17734 9 175904 97 0 0 0 0 0 0 0 0 </measResults>
            </measValue>
            <measValue measObjLdn="nl2DRAOMU01/VPORT:Virtual machine name=nl2DRA01_SSAP1_9, Port name=VNIC5">
                <measResults>610 0 9635 5 0 0 0 0 0 0 0 0 0 0 0 0 0 0 0 0 </measResults>
            </measValue>
            <measValue measObjLdn="nl2DRAOMU01/VPORT:Virtual machine name=nl2DRA01_SSAP1_3, Port name=VNIC3">
                <measResults>0 0 0 0 0 0 0 0 0 0 0 0 0 0 0 0 0 0 0 0 </measResults>
            </measValue>
            <measValue measObjLdn="nl2DRAOMU01/VPORT:Virtual machine name=nl2DRABE01_SPSCDBPID3_VDU1_0, Port name=FABRIC2">
                <measResults>35046 19 178941 99 0 0 0 0 32447 17 168653 93 0 0 0 0 0 0 0 0 </measResults>
            </measValue>
            <measValue measObjLdn="nl2DRAOMU01/VPORT:Virtual machine name=nl2DRABE01_SPSCDBRSUF_VDU2_0, Port name=FABRIC2">
                <measResults>94929 52 341328 189 0 0 0 0 96235 53 343726 190 0 0 0 0 0 0 0 0 </measResults>
            </measValue>
            <measValue measObjLdn="nl2DRAOMU01/VPORT:Virtual machine name=nl2DRA01_SDAU_0, Port name=BASE2">
                <measResults>22703 12 141414 78 0 0 0 0 32869 18 152413 84 0 0 0 0 0 0 0 0 </measResults>
            </measValue>
            <measValue measObjLdn="nl2DRAOMU01/VPORT:Virtual machine name=nl2DRA01_SSAP1_4, Port name=FABRIC2">
                <measResults>12938935 7188 30533026 16962 0 0 0 0 13547984 7526 30918542 17176 0 0 0 0 0 0 0 0 </measResults>
            </measValue>
            <measValue measObjLdn="nl2DRAOMU01/VPORT:Virtual machine name=nl2DRA01_SSAP1_5, Port name=FABRIC2">
                <measResults>12291142 6828 30537895 16965 0 0 0 0 15610087 8671 31646812 17581 0 0 0 0 0 0 0 0 </measResults>
            </measValue>
            <measValue measObjLdn="nl2DRAOMU01/VPORT:Virtual machine name=nl2DRA01_SDAU_4, Port name=FABRIC1">
                <measResults>3916026 2175 6657962 3698 0 0 0 0 3613617 2007 6707898 3726 0 0 0 0 0 0 0 0 </measResults>
            </measValue>
            <measValue measObjLdn="nl2DRAOMU01/VPORT:Virtual machine name=nl2DRA01_SDAU_2, Port name=FABRIC2">
                <measResults>3915081 2174 6658139 3698 0 0 0 0 3612559 2006 6708017 3726 0 0 0 0 0 0 0 0 </measResults>
            </measValue>
            <measValue measObjLdn="nl2DRAOMU01/VPORT:Virtual machine name=nl2DRA01_SSAP1_2, Port name=VNIC6">
                <measResults>20973 11 73710 40 0 0 0 0 25146 13 65018 36 0 0 0 0 0 0 0 0 </measResults>
            </measValue>
            <measValue measObjLdn="nl2DRAOMU01/VPORT:Virtual machine name=nl2DRA01_SSAP1_9, Port name=BASE2">
                <measResults>22557 12 141669 78 0 0 0 0 32438 17 153814 85 0 0 0 0 0 0 0 0 </measResults>
            </measValue>
            <measValue measObjLdn="nl2DRAOMU01/VPORT:Virtual machine name=nl2DRA01_SSAP1_2, Port name=VNIC5">
                <measResults>21221 11 75202 41 0 0 0 0 25995 14 66507 36 0 0 0 0 0 0 0 0 </measResults>
            </measValue>
            <measValue measObjLdn="nl2DRAOMU01/VPORT:Virtual machine name=nl2DRA01_SSAP1_0, Port name=VNIC6">
                <measResults>20929 11 73616 40 0 0 0 0 25136 13 64933 36 0 0 0 0 0 0 0 0 </measResults>
            </measValue>
            <measValue measObjLdn="nl2DRAOMU01/VPORT:Virtual machine name=nl2DRA01_SDAU_13, Port name=FABRIC2">
                <measResults>3891624 2161 6613163 3673 0 0 0 0 3591426 1994 6665721 3703 0 0 0 0 0 0 0 0 </measResults>
            </measValue>
            <measValue measObjLdn="nl2DRAOMU01/VPORT:Virtual machine name=nl2DRA01_SSAP1_1, Port name=VNIC3">
                <measResults>0 0 0 0 0 0 0 0 0 0 0 0 0 0 0 0 0 0 0 0 </measResults>
            </measValue>
            <measValue measObjLdn="nl2DRAOMU01/VPORT:Virtual machine name=nl2DRA01_SSAP1_3, Port name=FABRIC2">
                <measResults>17842782 9912 41173191 22873 0 0 0 0 17210567 9560 40300428 22389 0 0 0 0 0 0 0 0 </measResults>
            </measValue>
            <measValue measObjLdn="nl2DRAOMU01/VPORT:Virtual machine name=nl2DRA01_SSAP1_8, Port name=VNIC1">
                <measResults>856 0 13124 7 0 0 0 0 0 0 0 0 0 0 0 0 0 0 0 0 </measResults>
            </measValue>
            <measValue measObjLdn="nl2DRAOMU01/VPORT:Virtual machine name=nl2DRA01_SSAP1_2, Port name=FABRIC1">
                <measResults>27613322 15340 68758033 38198 0 0 0 0 32834519 18241 68089731 37827 0 0 0 0 0 0 0 0 </measResults>
            </measValue>
            <measValue measObjLdn="nl2DRAOMU01/VPORT:Virtual machine name=nl2DRA01_SSAP1_1, Port name=VNIC2">
                <measResults>15369479 8538 44240837 24578 0 0 0 0 14754346 8196 44791419 24884 0 0 0 0 0 0 0 0 </measResults>
            </measValue>
            <measValue measObjLdn="nl2DRAOMU01/VPORT:Virtual machine name=nl2DRA01_SSAP1_3, Port name=VNIC4">
                <measResults>0 0 0 0 0 0 0 0 0 0 0 0 0 0 0 0 0 0 0 0 </measResults>
            </measValue>
            <measValue measObjLdn="nl2DRAOMU01/VPORT:Virtual machine name=nl2DRA01_SSAP1_2, Port name=BASE2">
                <measResults>23298 12 150525 83 0 0 0 0 33111 18 164389 91 0 0 0 0 0 0 0 0 </measResults>
            </measValue>
            <measValue measObjLdn="nl2DRAOMU01/VPORT:Virtual machine name=nl2DRA01_SDAU_0, Port name=FABRIC2">
                <measResults>3893060 2162 6622990 3679 0 0 0 0 3592660 1995 6669874 3705 0 0 0 0 0 0 0 0 </measResults>
            </measValue>
            <measValue measObjLdn="nl2DRAOMU01/VPORT:Virtual machine name=nl2DRA01_SSAP1_4, Port name=BASE1">
                <measResults>35877 19 214568 119 0 0 0 0 42924 23 227813 126 0 0 0 0 0 0 0 0 </measResults>
            </measValue>
            <measValue measObjLdn="nl2DRAOMU01/VPORT:Virtual machine name=nl2DRA01_SSAP1_4, Port name=VNIC2">
                <measResults>90745 50 297414 165 0 0 0 0 24444 13 237347 131 0 0 0 0 0 0 0 0 </measResults>
            </measValue>
            <measValue measObjLdn="nl2DRAOMU01/VPORT:Virtual machine name=nl2DRA01_SSAP1_0, Port name=BASE1">
                <measResults>43762 24 262554 145 0 0 0 0 45498 25 243729 135 0 0 0 0 0 0 0 0 </measResults>
            </measValue>
            <measValue measObjLdn="nl2DRAOMU01/VPORT:Virtual machine name=nl2DRAOMU01_OMUBIG_0, Port name=VNIC1">
                <measResults>3892 1 11213 6 0 0 0 0 4093 2 8086 4 0 0 0 0 0 0 0 0 </measResults>
            </measValue>
            <measValue measObjLdn="nl2DRAOMU01/VPORT:Virtual machine name=nl2DRA01_SSAP1_2, Port name=VNIC1">
                <measResults>12771369 7094 40542055 22523 0 0 0 0 16408680 9115 41780423 23211 0 0 0 0 0 0 0 0 </measResults>
            </measValue>
            <measValue measObjLdn="nl2DRAOMU01/VPORT:Virtual machine name=nl2DRA01_SSAP1_0, Port name=VNIC4">
                <measResults>0 0 0 0 0 0 0 0 0 0 0 0 0 0 0 0 0 0 0 0 </measResults>
            </measValue>
            <measValue measObjLdn="nl2DRAOMU01/VPORT:Virtual machine name=nl2DRA01_SDAU_5, Port name=BASE2">
                <measResults>23077 12 146150 81 0 0 0 0 37672 20 158745 88 0 0 0 0 0 0 0 0 </measResults>
            </measValue>
            <measValue measObjLdn="nl2DRAOMU01/VPORT:Virtual machine name=nl2DRAOMU01_OMUBIG_1, Port name=BASE2">
                <measResults>35150 19 162603 90 0 0 0 0 33495 18 157647 87 0 0 0 0 0 0 0 0 </measResults>
            </measValue>
            <measValue measObjLdn="nl2DRAOMU01/VPORT:Virtual machine name=nl2DRA01_SSAP1_4, Port name=VNIC6">
                <measResults>20890 11 73621 40 0 0 0 0 25142 13 64938 36 0 0 0 0 0 0 0 0 </measResults>
            </measValue>
            <measValue measObjLdn="nl2DRAOMU01/VPORT:Virtual machine name=nl2DRABE01_SPSCDBRSUF_VDU2_0, Port name=FABRIC1">
                <measResults>962533 534 2790691 1550 0 0 0 0 963279 534 2798770 1554 0 0 0 0 0 0 0 0 </measResults>
            </measValue>
            <measValue measObjLdn="nl2DRAOMU01/VPORT:Virtual machine name=nl2DRA01_SDAU_8, Port name=BASE2">
                <measResults>22830 12 142539 79 0 0 0 0 33155 18 154749 85 0 0 0 0 0 0 0 0 </measResults>
            </measValue>
            <measValue measObjLdn="nl2DRAOMU01/VPORT:Virtual machine name=nl2DRA01_SDAU_6, Port name=FABRIC2">
                <measResults>3892780 2162 6618127 3676 0 0 0 0 3592118 1995 6669554 3705 0 0 0 0 0 0 0 0 </measResults>
            </measValue>
            <measValue measObjLdn="nl2DRAOMU01/VPORT:Virtual machine name=nl2DRA01_SSAP1_2, Port name=VNIC4">
                <measResults>0 0 0 0 0 0 0 0 0 0 0 0 0 0 0 0 0 0 0 0 </measResults>
            </measValue>
            <measValue measObjLdn="nl2DRAOMU01/VPORT:Virtual machine name=nl2DRA01_SSAP1_5, Port name=VNIC5">
                <measResults>21132 11 75099 41 0 0 0 0 25989 14 66406 36 0 0 0 0 0 0 0 0 </measResults>
            </measValue>
            <measValue measObjLdn="nl2DRAOMU01/VPORT:Virtual machine name=nl2DRA01_SDAU_12, Port name=FABRIC1">
                <measResults>3915423 2174 6654365 3696 0 0 0 0 3613045 2006 6707658 3726 0 0 0 0 0 0 0 0 </measResults>
            </measValue>
            <measValue measObjLdn="nl2DRAOMU01/VPORT:Virtual machine name=nl2DRAOMU01_OMUBIG_1, Port name=BASE1">
                <measResults>192323 106 378327 210 0 0 0 0 58891 32 314324 174 0 0 0 0 0 0 0 0 </measResults>
            </measValue>
            <measValue measObjLdn="nl2DRAOMU01/VPORT:Virtual machine name=nl2DRABE01_SPSCDBPID3_VDU1_0, Port name=BASE1">
                <measResults>43554 23 383414 213 0 0 0 0 47649 26 403325 224 0 0 0 0 0 0 0 0 </measResults>
            </measValue>
            <measValue measObjLdn="nl2DRAOMU01/VPORT:Virtual machine name=nl2DRA01_SDAU_4, Port name=BASE1">
                <measResults>35552 19 208826 116 0 0 0 0 45325 24 217666 120 0 0 0 0 0 0 0 0 </measResults>
            </measValue>
            <measValue measObjLdn="nl2DRAOMU01/VPORT:Virtual machine name=nl2DRA01_SSAP1_7, Port name=VNIC6">
                <measResults>20924 11 73558 40 0 0 0 0 25129 13 64883 36 0 0 0 0 0 0 0 0 </measResults>
            </measValue>
            <measValue measObjLdn="nl2DRAOMU01/VPORT:Virtual machine name=nl2DRA01_SDAU_2, Port name=BASE1">
                <measResults>35744 19 210797 117 0 0 0 0 45501 25 219477 121 0 0 0 0 0 0 0 0 </measResults>
            </measValue>
            <measValue measObjLdn="nl2DRAOMU01/VPORT:Virtual machine name=nl2DRA01_SDAU_7, Port name=BASE1">
                <measResults>35811 19 209082 116 0 0 0 0 41240 22 216387 120 0 0 0 0 0 0 0 0 </measResults>
            </measValue>
            <measValue measObjLdn="nl2DRAOMU01/VPORT:Virtual machine name=nl2DRA01_SDAU_9, Port name=BASE1">
                <measResults>35455 19 205967 114 0 0 0 0 41053 22 214469 119 0 0 0 0 0 0 0 0 </measResults>
            </measValue>
            <measValue measObjLdn="nl2DRAOMU01/VPORT:Virtual machine name=nl2DRA01_SDAU_6, Port name=BASE2">
                <measResults>22697 12 141606 78 0 0 0 0 32881 18 152615 84 0 0 0 0 0 0 0 0 </measResults>
            </measValue>
            <measValue measObjLdn="nl2DRAOMU01/VPORT:Virtual machine name=nl2DRABE01_SPSCDBRSUF_VDU1_0, Port name=FABRIC2">
                <measResults>93580 51 341015 189 0 0 0 0 99722 55 370250 205 0 0 0 0 0 0 0 0 </measResults>
            </measValue>
            <measValue measObjLdn="nl2DRAOMU01/VPORT:Virtual machine name=nl2DRA01_SSAP1_7, Port name=VNIC2">
                <measResults>4383813 2434 15568702 8649 0 0 0 0 6139767 3410 16154584 8974 0 0 0 0 0 0 0 0 </measResults>
            </measValue>
            <measValue measObjLdn="nl2DRAOMU01/VPORT:Virtual machine name=nl2DRA01_SSAP1_1, Port name=BASE1">
                <measResults>40027 21 236229 131 0 0 0 0 50228 27 278360 154 0 0 0 0 0 0 0 0 </measResults>
            </measValue>
            <measValue measObjLdn="nl2DRAOMU01/VPORT:Virtual machine name=nl2DRA01_SDAU_2, Port name=BASE2">
                <measResults>22820 12 142344 79 0 0 0 0 33003 18 153377 85 0 0 0 0 0 0 0 0 </measResults>
            </measValue>
        </measInfo>
        <measInfo measInfoId="1056974611">
            <granPeriod duration="PT1800S" endTime="2021-08-12T00:00:00+08:00"/>
            <repPeriod duration="PT1800S"/>
            <measTypes>1056974758 1056974759 1056974760 1056974761 1056974762 1056974763 1056974764 1056974765 1056974766 1056974767 1056974768 1056974769 1056974770 1056974771 1056974772 1056974773 1056974774 1056974775 1056974776 1056974777 1056974778 1056974779 1056974780 1056974781 1056974782 1056974783 1056974784 1056974785 1056974786 1056974787 1056974788 1056974789 1056974790 1056974791 1056974792 1056974793 1056974794 1056974795 1056974796 1056974797 1056974798 1056974799 1056974800 1056974801 1056974802 1056974803 1056974804 1056974805 1056974806 1056974807 1056974808 1056974809 1056974810 1056974811 1056974812 1056974813 1056974814 1056974815 1056974816 1056974817 1056974818 1056974819 1056974820 1056974821 1056974822 1056974823 </measTypes>
            <measValue measObjLdn="nl2DRAOMU01/IP:IP index=36, MEID=156, Module=807,IP=10.90.100.10">
                <measResults>52090 0 0 52090 0 0 0 0 0 0 0 0 52071 0 0 52071 0 0 0 0 0 0 0 0 238 339 1500 1500 28 28 6889 9824 40 40 0 0 0 0 0 0 0 0 0 0 0 0 0 0 0 0 0 0 0 0 0 0 0 0 0 0 0 0 0 0 0 0 </measResults>
            </measValue>
            <measValue measObjLdn="nl2DRAOMU01/IP:IP index=17, MEID=156, Module=807,IP=10.90.97.43">
                <measResults>226940 0 0 226940 0 0 0 0 0 0 0 0 181265 0 0 181265 0 0 0 0 0 0 0 0 321 88 1500 1132 125 100 40573 8830 270 188 0 0 0 0 0 0 226940 181261 0 0 0 0 0 0 0 0 0 0 0 0 0 0 0 0 0 0 0 0 0 0 0 0 </measResults>
            </measValue>
            <measValue measObjLdn="nl2DRAOMU01/IP:IP index=26, MEID=156, Module=801,IP=10.90.97.68">
                <measResults>3165222 0 3165222 0 0 0 0 0 0 0 0 0 3804204 0 3804204 0 0 0 0 0 0 0 0 0 420 936 1260 1260 1758 2113 739504 1979385 3851 4475 0 0 0 0 0 0 3165222 3803253 0 0 0 0 0 0 0 0 0 0 0 0 0 0 0 0 0 0 0 0 0 0 0 0 </measResults>
            </measValue>
            <measValue measObjLdn="nl2DRAOMU01/IP:IP index=13, MEID=156, Module=805,IP=10.90.97.41">
                <measResults>285582 0 0 285582 0 0 0 0 0 0 0 0 234618 0 0 234618 0 0 0 0 0 0 0 0 302 92 1500 1272 158 129 48044 12006 279 223 0 0 0 0 0 0 285582 234616 0 0 0 0 0 0 0 0 0 0 0 0 0 0 0 0 0 0 0 0 0 0 0 0 </measResults>
            </measValue>
            <measValue measObjLdn="nl2DRAOMU01/IP:IP index=40, MEID=66, Module=3,IP=10.90.99.68">
                <measResults>0 0 0 0 0 0 0 0 0 0 0 0 0 0 0 0 0 0 0 0 0 0 0 0 0 0 0 0 0 0 0 0 0 0 0 0 0 0 0 0 0 0 0 0 0 0 0 0 0 0 0 0 0 0 0 0 0 0 0 0 0 0 0 0 0 0 </measResults>
            </measValue>
            <measValue measObjLdn="nl2DRAOMU01/IP:IP index=25, MEID=156, Module=806,IP=10.90.100.41">
                <measResults>50602 0 0 50602 0 0 0 0 0 0 0 0 50604 0 0 50604 0 0 0 0 0 0 0 0 239 334 1500 1500 27 27 6720 9408 39 39 0 0 0 0 0 0 0 0 0 0 0 0 0 0 0 0 0 0 0 0 0 0 0 0 0 0 0 0 0 0 0 0 </measResults>
            </measValue>
            <measValue measObjLdn="nl2DRAOMU01/IP:IP index=16, MEID=156, Module=807,IP=10.90.97.10">
                <measResults>15507712 0 340 15507372 0 0 0 0 0 0 0 0 16114487 0 325 16114162 0 0 0 0 0 0 0 0 275 375 1500 1500 8614 8952 2373150 3363305 12180 12737 0 0 0 0 0 0 15507713 16114521 0 0 0 0 0 0 0 0 0 0 0 0 0 0 0 0 0 0 0 0 0 0 0 0 </measResults>
            </measValue>
            <measValue measObjLdn="nl2DRAOMU01/IP:IP index=29, MEID=156, Module=804,IP=10.90.97.71">
                <measResults>3132368 0 3132368 0 0 0 0 0 0 0 0 0 3786907 0 3786907 0 0 0 0 0 0 0 0 0 423 939 1260 1260 1739 2103 736903 1977191 3225 3796 0 0 0 0 0 0 3132368 3787586 0 0 0 0 0 0 0 0 0 0 0 0 0 0 0 0 0 0 0 0 0 0 0 0 </measResults>
            </measValue>
            <measValue measObjLdn="nl2DRAOMU01/IP:IP index=0, MEID=66, Module=16,IP=10.90.100.13">
                <measResults>315308 0 0 315308 0 0 0 0 0 0 0 0 314954 0 0 314954 0 0 0 0 0 0 0 0 566 246 1500 1500 174 174 99265 43134 246 246 0 0 0 0 0 0 0 0 0 0 0 0 0 0 0 0 0 0 0 0 0 0 0 0 0 0 0 0 0 0 0 0 </measResults>
            </measValue>
            <measValue measObjLdn="nl2DRAOMU01/IP:IP index=22, MEID=156, Module=804,IP=10.90.100.7">
                <measResults>52071 0 0 52071 0 0 0 0 0 0 0 0 52067 0 0 52067 0 0 0 0 0 0 0 0 237 340 1500 1500 28 28 6877 9851 40 40 0 0 0 0 0 0 0 0 0 0 0 0 0 0 0 0 0 0 0 0 0 0 0 0 0 0 0 0 0 0 0 0 </measResults>
            </measValue>
            <measValue measObjLdn="nl2DRAOMU01/IP:IP index=18, MEID=156, Module=808,IP=10.90.97.42">
                <measResults>15529721 0 356 15529365 0 0 0 0 0 0 0 0 16129238 0 334 16128904 0 0 0 0 0 0 0 0 275 375 1500 1500 8627 8960 2377161 3364775 9414 9700 0 0 0 0 0 0 15529719 16129449 0 0 0 0 0 0 0 0 0 0 0 0 0 0 0 0 0 0 0 0 0 0 0 0 </measResults>
            </measValue>
            <measValue measObjLdn="nl2DRAOMU01/IP:IP index=24, MEID=156, Module=806,IP=10.90.100.9">
                <measResults>52076 0 0 52076 0 0 0 0 0 0 0 0 52067 0 0 52067 0 0 0 0 0 0 0 0 236 341 1500 1500 28 28 6843 9879 40 41 0 0 0 0 0 0 0 0 0 0 0 0 0 0 0 0 0 0 0 0 0 0 0 0 0 0 0 0 0 0 0 0 </measResults>
            </measValue>
            <measValue measObjLdn="nl2DRAOMU01/IP:IP index=11, MEID=156, Module=804,IP=10.90.97.7">
                <measResults>274463 0 0 274463 0 0 0 0 0 0 0 0 233905 0 0 233905 0 0 0 0 0 0 0 0 298 185 1500 1500 152 129 45531 24119 306 381 0 0 0 0 0 0 274463 233905 0 0 0 0 0 0 0 0 0 0 0 0 0 0 0 0 0 0 0 0 0 0 0 0 </measResults>
            </measValue>
            <measValue measObjLdn="nl2DRAOMU01/IP:IP index=8, MEID=156, Module=803,IP=10.90.97.6">
                <measResults>36953250 0 540 36952710 0 0 0 0 0 0 0 0 37501266 0 428 37500838 0 0 0 0 0 0 0 0 300 329 1500 1500 20529 20833 6162254 6867518 25224 29783 0 0 0 0 0 0 36953250 37500309 0 0 0 0 0 0 0 0 0 0 0 0 0 0 0 0 0 0 0 0 0 0 0 0 </measResults>
            </measValue>
            <measValue measObjLdn="nl2DRAOMU01/IP:IP index=39, MEID=156, Module=808,IP=10.90.100.43">
                <measResults>50594 0 0 50594 0 0 0 0 0 0 0 0 50591 0 0 50591 0 0 0 0 0 0 0 0 238 334 1500 1500 27 27 6715 9407 36 36 0 0 0 0 0 0 0 0 0 0 0 0 0 0 0 0 0 0 0 0 0 0 0 0 0 0 0 0 0 0 0 0 </measResults>
            </measValue>
            <measValue measObjLdn="nl2DRAOMU01/IP:IP index=1, MEID=66, Module=16,IP=10.90.100.45">
                <measResults>23165 0 0 23165 0 0 0 0 0 0 0 0 23165 0 0 23165 0 0 0 0 0 0 0 0 683 683 1500 1500 12 12 8794 8794 19 19 0 0 0 0 0 0 0 0 0 0 0 0 0 0 0 0 0 0 0 0 0 0 0 0 0 0 0 0 0 0 0 0 </measResults>
            </measValue>
            <measValue measObjLdn="nl2DRAOMU01/IP:IP index=27, MEID=156, Module=802,IP=10.90.97.69">
                <measResults>3167350 0 3167350 0 0 0 0 0 0 0 0 0 3825293 0 3825293 0 0 0 0 0 0 0 0 0 420 931 1260 1260 1758 2123 739077 1979189 2927 3395 0 0 0 0 0 0 3167350 3824464 0 0 0 0 0 0 0 0 0 0 0 0 0 0 0 0 0 0 0 0 0 0 0 0 </measResults>
            </measValue>
            <measValue measObjLdn="nl2DRAOMU01/IP:IP index=38, MEID=156, Module=808,IP=10.90.100.11">
                <measResults>52071 0 0 52071 0 0 0 0 0 0 0 0 52078 0 0 52078 0 0 0 0 0 0 0 0 236 341 1500 1500 28 28 6845 9865 34 39 0 0 0 0 0 0 0 0 0 0 0 0 0 0 0 0 0 0 0 0 0 0 0 0 0 0 0 0 0 0 0 0 </measResults>
            </measValue>
            <measValue measObjLdn="nl2DRAOMU01/IP:IP index=32, MEID=156, Module=802,IP=10.90.100.5">
                <measResults>52065 0 0 52065 0 0 0 0 0 0 0 0 52073 0 0 52073 0 0 0 0 0 0 0 0 237 341 1500 1500 28 28 6852 9861 45 45 0 0 0 0 0 0 0 0 0 0 0 0 0 0 0 0 0 0 0 0 0 0 0 0 0 0 0 0 0 0 0 0 </measResults>
            </measValue>
            <measValue measObjLdn="nl2DRAOMU01/IP:IP index=6, MEID=156, Module=802,IP=10.90.97.36">
                <measResults>44013116 0 591 44012525 0 0 0 0 0 0 0 0 44610227 0 458 44609769 0 0 0 0 0 0 0 0 341 323 1500 1500 24437 24769 8348878 8017302 37279 39947 0 0 0 0 0 0 44013123 44607953 0 0 0 0 0 0 0 0 0 0 0 0 0 0 0 0 0 0 0 0 0 0 0 0 </measResults>
            </measValue>
            <measValue measObjLdn="nl2DRAOMU01/IP:IP index=15, MEID=156, Module=806,IP=10.90.97.9">
                <measResults>295847 0 0 295847 0 0 0 0 0 0 0 0 240899 0 0 240899 0 0 0 0 0 0 0 0 307 92 1500 1500 163 133 50480 12424 262 207 0 0 0 0 0 0 295847 240892 0 0 0 0 0 0 0 0 0 0 0 0 0 0 0 0 0 0 0 0 0 0 0 0 </measResults>
            </measValue>
            <measValue measObjLdn="nl2DRAOMU01/IP:IP index=33, MEID=156, Module=802,IP=10.90.100.37">
                <measResults>50633 0 0 50633 0 0 0 0 0 0 0 0 50632 0 0 50632 0 0 0 0 0 0 0 0 238 335 1500 1500 27 27 6697 9410 45 45 0 0 0 0 0 0 0 0 0 0 0 0 0 0 0 0 0 0 0 0 0 0 0 0 0 0 0 0 0 0 0 0 </measResults>
            </measValue>
            <measValue measObjLdn="nl2DRAOMU01/IP:IP index=28, MEID=156, Module=803,IP=10.90.97.70">
                <measResults>3117269 0 3117269 0 0 0 0 0 0 0 0 0 3786371 0 3786371 0 0 0 0 0 0 0 0 0 426 940 1260 1260 1731 2102 738320 1978969 3213 3805 0 0 0 0 0 0 3117269 3785805 0 0 0 0 0 0 0 0 0 0 0 0 0 0 0 0 0 0 0 0 0 0 0 0 </measResults>
            </measValue>
            <measValue measObjLdn="nl2DRAOMU01/IP:IP index=34, MEID=156, Module=805,IP=10.90.100.8">
                <measResults>52080 0 0 52080 0 0 0 0 0 0 0 0 52067 0 0 52067 0 0 0 0 0 0 0 0 237 340 1500 1500 28 28 6864 9846 44 46 0 0 0 0 0 0 0 0 0 0 0 0 0 0 0 0 0 0 0 0 0 0 0 0 0 0 0 0 0 0 0 0 </measResults>
            </measValue>
            <measValue measObjLdn="nl2DRAOMU01/IP:IP index=9, MEID=156, Module=803,IP=10.90.97.39">
                <measResults>261794 0 0 261794 0 0 0 0 0 0 0 0 221896 0 0 221896 0 0 0 0 0 0 0 0 302 167 1500 1500 145 122 44094 20695 272 331 0 0 0 0 0 0 261794 221897 0 0 0 0 0 0 0 0 0 0 0 0 0 0 0 0 0 0 0 0 0 0 0 0 </measResults>
            </measValue>
            <measValue measObjLdn="nl2DRAOMU01/IP:IP index=4, MEID=156, Module=801,IP=10.90.97.4">
                <measResults>43985764 0 541 43985223 0 0 0 0 0 0 0 0 44249184 0 429 44248755 0 0 0 0 0 0 0 0 343 318 1500 1500 24436 24582 8387271 7843537 37113 40261 0 0 0 0 0 0 43985767 44247189 0 0 0 0 0 0 0 0 0 0 0 0 0 0 0 0 0 0 0 0 0 0 0 0 </measResults>
            </measValue>
            <measValue measObjLdn="nl2DRAOMU01/IP:IP index=31, MEID=156, Module=801,IP=10.90.100.36">
                <measResults>50597 0 0 50597 0 0 0 0 0 0 0 0 50597 0 0 50597 0 0 0 0 0 0 0 0 238 335 1500 1500 27 27 6717 9421 43 43 0 0 0 0 0 0 0 0 0 0 0 0 0 0 0 0 0 0 0 0 0 0 0 0 0 0 0 0 0 0 0 0 </measResults>
            </measValue>
            <measValue measObjLdn="nl2DRAOMU01/IP:IP index=10, MEID=156, Module=804,IP=10.90.97.38">
                <measResults>37086354 0 574 37085780 0 0 0 0 0 0 0 0 37802851 0 456 37802395 0 0 0 0 0 0 0 0 297 333 1500 1500 20603 21001 6135593 7000550 29991 31664 0 0 0 0 0 0 37086355 37808460 0 0 0 0 0 0 0 0 0 0 0 0 0 0 0 0 0 0 0 0 0 0 0 0 </measResults>
            </measValue>
            <measValue measObjLdn="nl2DRAOMU01/IP:IP index=21, MEID=156, Module=803,IP=10.90.100.38">
                <measResults>50595 0 0 50595 0 0 0 0 0 0 0 0 50596 0 0 50596 0 0 0 0 0 0 0 0 239 334 1500 1500 27 27 6735 9390 32 32 0 0 0 0 0 0 0 0 0 0 0 0 0 0 0 0 0 0 0 0 0 0 0 0 0 0 0 0 0 0 0 0 </measResults>
            </measValue>
            <measValue measObjLdn="nl2DRAOMU01/IP:IP index=5, MEID=156, Module=801,IP=10.90.97.37">
                <measResults>305508 0 0 305508 0 0 0 0 0 0 0 0 261678 0 0 261678 0 0 0 0 0 0 0 0 283 150 1500 1500 169 144 48225 21933 299 329 0 0 0 0 0 0 305508 261689 0 0 0 0 0 0 0 0 0 0 0 0 0 0 0 0 0 0 0 0 0 0 0 0 </measResults>
            </measValue>
            <measValue measObjLdn="nl2DRAOMU01/IP:IP index=41, MEID=66, Module=3,IP=10.90.93.103">
                <measResults>0 0 0 0 0 0 0 0 0 0 0 0 0 0 0 0 0 0 0 0 0 0 0 0 0 0 0 0 0 0 0 0 0 0 0 0 0 0 0 0 0 0 0 0 0 0 0 0 0 0 0 0 0 0 0 0 0 0 0 0 0 0 0 0 0 0 </measResults>
            </measValue>
            <measValue measObjLdn="nl2DRAOMU01/IP:IP index=3, MEID=66, Module=15,IP=10.90.100.44">
                <measResults>23164 0 0 23164 0 0 0 0 0 0 0 0 23164 0 0 23164 0 0 0 0 0 0 0 0 682 682 1500 1500 12 12 8789 8789 23 23 0 0 0 0 0 0 0 0 0 0 0 0 0 0 0 0 0 0 0 0 0 0 0 0 0 0 0 0 0 0 0 0 </measResults>
            </measValue>
            <measValue measObjLdn="nl2DRAOMU01/IP:IP index=7, MEID=156, Module=802,IP=10.90.97.5">
                <measResults>304710 0 0 304710 0 0 0 0 0 0 0 0 267895 30 0 267865 0 0 0 0 0 0 0 0 269 176 1500 1500 168 148 45795 26248 427 471 0 0 0 0 0 0 304710 267864 0 0 0 0 0 0 0 0 0 0 0 0 0 0 0 0 0 0 0 0 0 0 0 0 </measResults>
            </measValue>
            <measValue measObjLdn="nl2DRAOMU01/IP:IP index=20, MEID=156, Module=803,IP=10.90.100.6">
                <measResults>52077 0 0 52077 0 0 0 0 0 0 0 0 52080 0 0 52080 0 0 0 0 0 0 0 0 237 340 1500 1500 28 28 6862 9852 34 34 0 0 0 0 0 0 0 0 0 0 0 0 0 0 0 0 0 0 0 0 0 0 0 0 0 0 0 0 0 0 0 0 </measResults>
            </measValue>
            <measValue measObjLdn="nl2DRAOMU01/IP:IP index=30, MEID=156, Module=801,IP=10.90.100.4">
                <measResults>52104 0 0 52104 0 0 0 0 0 0 0 0 52093 0 0 52093 0 0 0 0 0 0 0 0 237 340 1500 1500 28 28 6868 9847 43 43 0 0 0 0 0 0 0 0 0 0 0 0 0 0 0 0 0 0 0 0 0 0 0 0 0 0 0 0 0 0 0 0 </measResults>
            </measValue>
            <measValue measObjLdn="nl2DRAOMU01/IP:IP index=2, MEID=66, Module=15,IP=10.90.100.12">
                <measResults>320532 0 0 320532 0 0 0 0 0 0 0 0 320131 0 0 320131 0 0 0 0 0 0 0 0 566 246 1500 1500 177 177 100992 43803 273 273 0 0 0 0 0 0 0 0 0 0 0 0 0 0 0 0 0 0 0 0 0 0 0 0 0 0 0 0 0 0 0 0 </measResults>
            </measValue>
            <measValue measObjLdn="nl2DRAOMU01/IP:IP index=35, MEID=156, Module=805,IP=10.90.100.40">
                <measResults>50605 0 0 50605 0 0 0 0 0 0 0 0 50604 0 0 50604 0 0 0 0 0 0 0 0 238 335 1500 1500 27 27 6706 9427 45 45 0 0 0 0 0 0 0 0 0 0 0 0 0 0 0 0 0 0 0 0 0 0 0 0 0 0 0 0 0 0 0 0 </measResults>
            </measValue>
            <measValue measObjLdn="nl2DRAOMU01/IP:IP index=37, MEID=156, Module=807,IP=10.90.100.42">
                <measResults>50597 0 0 50597 0 0 0 0 0 0 0 0 50597 0 0 50597 0 0 0 0 0 0 0 0 239 334 1500 1500 27 27 6728 9404 39 39 0 0 0 0 0 0 0 0 0 0 0 0 0 0 0 0 0 0 0 0 0 0 0 0 0 0 0 0 0 0 0 0 </measResults>
            </measValue>
            <measValue measObjLdn="nl2DRAOMU01/IP:IP index=12, MEID=156, Module=805,IP=10.90.97.8">
                <measResults>22638401 0 330 22638071 0 0 0 0 0 0 0 0 23131926 0 326 23131600 0 0 0 0 0 0 0 0 364 346 1500 1500 12576 12850 4590122 4451845 21994 22242 0 0 0 0 0 0 22638401 23133805 0 0 0 0 0 0 0 0 0 0 0 0 0 0 0 0 0 0 0 0 0 0 0 0 </measResults>
            </measValue>
            <measValue measObjLdn="nl2DRAOMU01/IP:IP index=14, MEID=156, Module=806,IP=10.90.97.40">
                <measResults>22660685 0 336 22660349 0 0 0 0 0 0 0 0 23149206 0 329 23148877 0 0 0 0 0 0 0 0 365 346 1500 1500 12588 12860 4594595 4456619 19165 19415 0 0 0 0 0 0 22660683 23149575 0 0 0 0 0 0 0 0 0 0 0 0 0 0 0 0 0 0 0 0 0 0 0 0 </measResults>
            </measValue>
            <measValue measObjLdn="nl2DRAOMU01/IP:IP index=23, MEID=156, Module=804,IP=10.90.100.39">
                <measResults>50606 0 0 50606 0 0 0 0 0 0 0 0 50605 0 0 50605 0 0 0 0 0 0 0 0 238 335 1500 1500 27 27 6707 9426 41 40 0 0 0 0 0 0 0 0 0 0 0 0 0 0 0 0 0 0 0 0 0 0 0 0 0 0 0 0 0 0 0 0 </measResults>
            </measValue>
            <measValue measObjLdn="nl2DRAOMU01/IP:IP index=19, MEID=156, Module=808,IP=10.90.97.11">
                <measResults>216387 0 0 216387 0 0 0 0 0 0 0 0 173033 0 0 173033 0 0 0 0 0 0 0 0 308 90 1500 1184 119 95 37138 8662 175 129 0 0 0 0 0 0 216387 173031 0 0 0 0 0 0 0 0 0 0 0 0 0 0 0 0 0 0 0 0 0 0 0 0 </measResults>
            </measValue>
        </measInfo>
        <measInfo measInfoId="1057000003">
            <granPeriod duration="PT1800S" endTime="2021-08-12T00:00:00+08:00"/>
            <repPeriod duration="PT1800S"/>
            <measTypes>1057000230 1057000231 1057000232 1057000233 1057000234 1057000235 1057000236 1057000237 1057000238 1057000239 1057000240 </measTypes>
            <measValue measObjLdn="nl2DRAOMU01/VM:Virtual machine name=nl2DRA01_SDAU_11">
                <measResults>23 4952 3795 2.133 0 14.867 0 0.683 0.645 0.052 0 </measResults>
            </measValue>
            <measValue measObjLdn="nl2DRAOMU01/VM:Virtual machine name=nl2DRA01_SSAP1_3">
                <measResults>20 4952 3934 2.167 0 16.533 0 0.642 0.58 0.038 0 </measResults>
            </measValue>
            <measValue measObjLdn="nl2DRAOMU01/VM:Virtual machine name=nl2DRA01_SDAU_10">
                <measResults>23 4952 3792 2 0 15.797 0 0.647 0.608 0.038 0 </measResults>
            </measValue>
            <measValue measObjLdn="nl2DRAOMU01/VM:Virtual machine name=nl2DRA01_SSAP1_5">
                <measResults>20 4952 3931 2.317 0 17.667 0 0.687 0.612 0.042 0 </measResults>
            </measValue>
            <measValue measObjLdn="nl2DRAOMU01/VM:Virtual machine name=nl2DRA01_SDAU_5">
                <measResults>23 4952 3793 2.05 0 16.925 0 0.605 0.528 0.038 0 </measResults>
            </measValue>
            <measValue measObjLdn="nl2DRAOMU01/VM:Virtual machine name=nl2DRA01_SDAU_7">
                <measResults>23 4952 3795 2.567 0 22.263 0 0.545 0.415 0.042 0 </measResults>
            </measValue>
            <measValue measObjLdn="nl2DRAOMU01/VM:Virtual machine name=nl2DRA01_SDAU_2">
                <measResults>23 4952 3793 1.983 0.633 21.133 33.467 0.627 0.528 0.063 0 </measResults>
            </measValue>
            <measValue measObjLdn="nl2DRAOMU01/VM:Virtual machine name=nl2DRA01_SDAU_3">
                <measResults>23 4952 3794 1.917 0 17.333 0 0.623 0.623 0.04 0 </measResults>
            </measValue>
            <measValue measObjLdn="nl2DRAOMU01/VM:Virtual machine name=nl2DRA01_SSAP1_7">
                <measResults>20 4952 3934 2.417 0 18.467 0 0.708 0.568 0.048 0 </measResults>
            </measValue>
            <measValue measObjLdn="nl2DRAOMU01/VM:Virtual machine name=nl2DRA01_SDAU_12">
                <measResults>23 4952 3795 2.15 0 20.057 0 0.495 0.462 0.047 0 </measResults>
            </measValue>
            <measValue measObjLdn="nl2DRAOMU01/VM:Virtual machine name=nl2DRA01_SSAP1_6">
                <measResults>20 4952 3936 2.767 0 20.332 0 0.618 0.58 0.04 0 </measResults>
            </measValue>
            <measValue measObjLdn="nl2DRAOMU01/VM:Virtual machine name=nl2DRA01_SDAU_4">
                <measResults>23 4952 3794 1.983 0 18.333 0 0.552 0.552 0.038 0 </measResults>
            </measValue>
            <measValue measObjLdn="nl2DRAOMU01/VM:Virtual machine name=nl2DRA01_SDAU_1">
                <measResults>23 4952 3792 2.3 0 19.867 0 0.557 0.532 0.043 0 </measResults>
            </measValue>
            <measValue measObjLdn="nl2DRAOMU01/VM:Virtual machine name=nl2DRA01_SDAU_0">
                <measResults>23 4952 3794 1.767 0 15.665 0 0.703 0.578 0.037 0 </measResults>
            </measValue>
            <measValue measObjLdn="nl2DRAOMU01/VM:Virtual machine name=nl2DRA01_SSAP1_4">
                <measResults>20 4952 3930 2.167 0 15.733 0 0.567 0.552 0.038 0 </measResults>
            </measValue>
            <measValue measObjLdn="nl2DRAOMU01/VM:Virtual machine name=nl2DRA01_SSAP1_0">
                <measResults>21 4952 3874 2.283 0 23.265 0 0.533 0.5 0.033 0 </measResults>
            </measValue>
            <measValue measObjLdn="nl2DRAOMU01/VM:Virtual machine name=nl2DRABE01_SPSCDBPID3_VDU1_0">
                <measResults>12 302114 265261 7.015 0 52.505 0 0.478 0.323 0.083 0.002 </measResults>
            </measValue>
            <measValue measObjLdn="nl2DRAOMU01/VM:Virtual machine name=nl2DRAOMU01_OMUBIG_0">
                <measResults>32 254802 171828 24.033 20.583 1034.533 291.667 1.588 0.327 1.068 0.092 </measResults>
            </measValue>
            <measValue measObjLdn="nl2DRAOMU01/VM:Virtual machine name=nl2DRA01_SSAP1_2">
                <measResults>20 4952 3934 2.467 0 18 0 0.697 0.645 0.043 0 </measResults>
            </measValue>
            <measValue measObjLdn="nl2DRAOMU01/VM:Virtual machine name=nl2DRAOMU01_OMUBIG_1">
                <measResults>33 254802 169598 12.732 1.167 670.995 41.527 1.438 0.355 0.23 0.017 </measResults>
            </measValue>
            <measValue measObjLdn="nl2DRAOMU01/VM:Virtual machine name=nl2DRA01_SDAU_8">
                <measResults>23 4952 3795 2.317 0 18 0 0.522 0.425 0.04 0 </measResults>
            </measValue>
            <measValue measObjLdn="nl2DRAOMU01/VM:Virtual machine name=nl2DRA01_SSAP1_9">
                <measResults>19 4952 3971 2.467 0 22 0 0.715 0.597 0.04 0 </measResults>
            </measValue>
            <measValue measObjLdn="nl2DRAOMU01/VM:Virtual machine name=nl2DRABE01_SPSCDBPID3_VDU2_0">
                <measResults>11 302114 267016 5.767 0 39.812 0 0.485 0.375 0.088 0 </measResults>
            </measValue>
            <measValue measObjLdn="nl2DRAOMU01/VM:Virtual machine name=nl2DRA01_SSAP1_8">
                <measResults>19 4952 3969 2.6 0 22.8 0 0.647 0.623 0.042 0 </measResults>
            </measValue>
            <measValue measObjLdn="nl2DRAOMU01/VM:Virtual machine name=nl2DRA01_SDAU_9">
                <measResults>23 4952 3794 2.5 0 20.397 0 0.663 0.517 0.038 0 </measResults>
            </measValue>
            <measValue measObjLdn="nl2DRAOMU01/VM:Virtual machine name=nl2DRABE01_SPSCDBRSUF_VDU2_0">
                <measResults>5 303230 285951 5.933 0.767 39.6 3.067 0.513 0.47 0.188 0 </measResults>
            </measValue>
            <measValue measObjLdn="nl2DRAOMU01/VM:Virtual machine name=nl2DRA01_SSAP1_1">
                <measResults>21 4952 3867 2.533 0 19.067 0 0.585 0.488 0.038 0 </measResults>
            </measValue>
            <measValue measObjLdn="nl2DRAOMU01/VM:Virtual machine name=nl2DRA01_SDAU_13">
                <measResults>23 4952 3794 2.233 0 19.333 0 0.608 0.608 0.04 0 </measResults>
            </measValue>
            <measValue measObjLdn="nl2DRAOMU01/VM:Virtual machine name=nl2DRA01_SDAU_6">
                <measResults>23 4952 3795 2.367 0 21.667 0 0.568 0.413 0.045 0 </measResults>
            </measValue>
            <measValue measObjLdn="nl2DRAOMU01/VM:Virtual machine name=nl2DRABE01_SPSCDBRSUF_VDU1_0">
                <measResults>5 303230 285910 7.682 0.683 55.057 2.733 0.535 0.492 0.19 0.003 </measResults>
            </measValue>
        </measInfo>
        <measInfo measInfoId="1057000000">
            <granPeriod duration="PT1800S" endTime="2021-08-12T00:00:00+08:00"/>
            <repPeriod duration="PT1800S"/>
            <measTypes>1057000200 1057000201 1057000203 1057000205 1057000206 </measTypes>
            <measValue measObjLdn="nl2DRAOMU01/VM:Virtual machine name=nl2DRA01_SDAU_11">
                <measResults>10 14 2 0 0 </measResults>
            </measValue>
            <measValue measObjLdn="nl2DRAOMU01/VM:Virtual machine name=nl2DRA01_SSAP1_3">
                <measResults>20 24 5 0 0 </measResults>
            </measValue>
            <measValue measObjLdn="nl2DRAOMU01/VM:Virtual machine name=nl2DRA01_SDAU_10">
                <measResults>10 14 2 0 0 </measResults>
            </measValue>
            <measValue measObjLdn="nl2DRAOMU01/VM:Virtual machine name=nl2DRA01_SSAP1_5">
                <measResults>18 23 2 0 0 </measResults>
            </measValue>
            <measValue measObjLdn="nl2DRAOMU01/VM:Virtual machine name=nl2DRA01_SDAU_5">
                <measResults>10 13 12 0 0 </measResults>
            </measValue>
            <measValue measObjLdn="nl2DRAOMU01/VM:Virtual machine name=nl2DRA01_SDAU_7">
                <measResults>10 14 1 0 0 </measResults>
            </measValue>
            <measValue measObjLdn="nl2DRAOMU01/VM:Virtual machine name=nl2DRA01_SDAU_2">
                <measResults>10 13 11 0 0 </measResults>
            </measValue>
            <measValue measObjLdn="nl2DRAOMU01/VM:Virtual machine name=nl2DRA01_SDAU_3">
                <measResults>10 14 3 0 0 </measResults>
            </measValue>
            <measValue measObjLdn="nl2DRAOMU01/VM:Virtual machine name=nl2DRA01_SSAP1_7">
                <measResults>9 13 2 0 0 </measResults>
            </measValue>
            <measValue measObjLdn="nl2DRAOMU01/VM:Virtual machine name=nl2DRA01_SDAU_12">
                <measResults>10 13 8 0 0 </measResults>
            </measValue>
            <measValue measObjLdn="nl2DRAOMU01/VM:Virtual machine name=nl2DRA01_SSAP1_6">
                <measResults>4 7 4 0 0 </measResults>
            </measValue>
            <measValue measObjLdn="nl2DRAOMU01/VM:Virtual machine name=nl2DRA01_SDAU_4">
                <measResults>10 13 5 0 0 </measResults>
            </measValue>
            <measValue measObjLdn="nl2DRAOMU01/VM:Virtual machine name=nl2DRA01_SDAU_1">
                <measResults>10 15 2 0 0 </measResults>
            </measValue>
            <measValue measObjLdn="nl2DRAOMU01/VM:Virtual machine name=nl2DRA01_SDAU_0">
                <measResults>10 14 2 0 0 </measResults>
            </measValue>
            <measValue measObjLdn="nl2DRAOMU01/VM:Virtual machine name=nl2DRA01_SSAP1_4">
                <measResults>14 18 9 0 0 </measResults>
            </measValue>
            <measValue measObjLdn="nl2DRAOMU01/VM:Virtual machine name=nl2DRA01_SSAP1_0">
                <measResults>8 12 2 0 0 </measResults>
            </measValue>
            <measValue measObjLdn="nl2DRAOMU01/VM:Virtual machine name=nl2DRABE01_SPSCDBPID3_VDU1_0">
                <measResults>8 26 1 0 0 </measResults>
            </measValue>
            <measValue measObjLdn="nl2DRAOMU01/VM:Virtual machine name=nl2DRAOMU01_OMUBIG_0">
                <measResults>25 49 1 0 0 </measResults>
            </measValue>
            <measValue measObjLdn="nl2DRAOMU01/VM:Virtual machine name=nl2DRA01_SSAP1_2">
                <measResults>26 35 1 0 0 </measResults>
            </measValue>
            <measValue measObjLdn="nl2DRAOMU01/VM:Virtual machine name=nl2DRAOMU01_OMUBIG_1">
                <measResults>4 20 1 0 0 </measResults>
            </measValue>
            <measValue measObjLdn="nl2DRAOMU01/VM:Virtual machine name=nl2DRA01_SDAU_8">
                <measResults>10 13 2 0 0 </measResults>
            </measValue>
            <measValue measObjLdn="nl2DRAOMU01/VM:Virtual machine name=nl2DRA01_SSAP1_9">
                <measResults>18 22 3 0 0 </measResults>
            </measValue>
            <measValue measObjLdn="nl2DRAOMU01/VM:Virtual machine name=nl2DRABE01_SPSCDBPID3_VDU2_0">
                <measResults>6 23 1 0 0 </measResults>
            </measValue>
            <measValue measObjLdn="nl2DRAOMU01/VM:Virtual machine name=nl2DRA01_SSAP1_8">
                <measResults>11 15 7 0 0 </measResults>
            </measValue>
            <measValue measObjLdn="nl2DRAOMU01/VM:Virtual machine name=nl2DRA01_SDAU_9">
                <measResults>10 13 12 0 0 </measResults>
            </measValue>
            <measValue measObjLdn="nl2DRAOMU01/VM:Virtual machine name=nl2DRABE01_SPSCDBRSUF_VDU2_0">
                <measResults>9 13 2 0 0 </measResults>
            </measValue>
            <measValue measObjLdn="nl2DRAOMU01/VM:Virtual machine name=nl2DRA01_SSAP1_1">
                <measResults>10 14 3 0 0 </measResults>
            </measValue>
            <measValue measObjLdn="nl2DRAOMU01/VM:Virtual machine name=nl2DRA01_SDAU_13">
                <measResults>10 14 1 0 0 </measResults>
            </measValue>
            <measValue measObjLdn="nl2DRAOMU01/VM:Virtual machine name=nl2DRA01_SDAU_6">
                <measResults>10 13 2 0 0 </measResults>
            </measValue>
            <measValue measObjLdn="nl2DRAOMU01/VM:Virtual machine name=nl2DRABE01_SPSCDBRSUF_VDU1_0">
                <measResults>9 13 2 0 0 </measResults>
            </measValue>
        </measInfo>
    </measData>
    <fileFooter>
        <measCollec endTime="2021-08-12T00:00:00+08:00"/>
    </fileFooter>
</measCollecFile>
