<?xml version="1.0" encoding="UTF-8"?>
<measCollecFile xmlns="http://latest/nmc-omc/cmNrm.doc#measCollec" xmlns:xsi="http://www.w3.org/2001/XMLSchema-instance" xsi:schemaLocation="http://latest/nmc-omc/cmNrm.doc#measCollec schema\pmResultSchedule.xsd">
    <fileHeader fileFormatVersion="32.435 V7.2" vendorName="Huawei">
        <fileSender elementType="CGPOMU"/>
        <measCollec beginTime="2021-08-11T23:30:00+08:00"/>
    </fileHeader>
    <measData>
        <managedElement userLabel="vis1MSXOMU01_M301E"/>
        <measInfo measInfoId="1057000002">
            <granPeriod duration="PT1800S" endTime="2021-08-12T00:00:00+08:00"/>
            <repPeriod duration="PT1800S"/>
            <measTypes>1057000210 1057000211 1057000212 1057000213 1057000214 1057000215 1057000216 1057000217 1057000218 1057000219 1057000220 1057000221 1057000222 1057000223 1057000224 1057000225 1057000226 1057000227 1057000228 1057000229 </measTypes>
            <measValue measObjLdn="vis1MSXOMU01_M301E/VPORT:Virtual machine name=vis1MSX01_M301E_MSXBSG_VDU1_0, Port name=BASE2">
                <measResults>163140 90 226824 126 0 0 0 0 168368 93 224405 124 0 0 0 0 0 0 0 0 </measResults>
            </measValue>
            <measValue measObjLdn="vis1MSXOMU01_M301E/VPORT:Virtual machine name=vis1MSX01_M301E_MSXCCU_VDU1_7, Port name=BASE2">
                <measResults>166189 91 270247 150 0 0 0 0 760414 421 678726 377 0 0 0 0 0 0 0 0 </measResults>
            </measValue>
            <measValue measObjLdn="vis1MSXOMU01_M301E/VPORT:Virtual machine name=vis1MSX01_M301E_MSXCCU_VDU2_5, Port name=FABRIC1">
                <measResults>160857 88 206613 114 0 0 0 0 162721 89 199883 111 0 0 0 0 0 0 0 0 </measResults>
            </measValue>
            <measValue measObjLdn="vis1MSXOMU01_M301E/VPORT:Virtual machine name=vis1MSX01_M301E_MSXIFM_VDU2_0, Port name=BASE1">
                <measResults>181882 100 311685 173 0 0 0 0 174762 96 307516 170 0 0 0 0 0 0 0 0 </measResults>
            </measValue>
            <measValue measObjLdn="vis1MSXOMU01_M301E/VPORT:Virtual machine name=vis1MSXOMU01_M301E_OMUBIG_1, Port name=VNIC2">
                <measResults>0 0 0 0 0 0 0 0 0 0 0 0 0 0 0 0 0 0 0 0 </measResults>
            </measValue>
            <measValue measObjLdn="vis1MSXOMU01_M301E/VPORT:Virtual machine name=vis1MSXIGWB01_M301E_IGWB_VDU2_0, Port name=VNIC1">
                <measResults>276 0 4018 2 0 0 0 0 32 0 782 0 0 0 0 0 0 0 0 0 </measResults>
            </measValue>
            <measValue measObjLdn="vis1MSXOMU01_M301E/VPORT:Virtual machine name=vis1MSX01_M301E_MSXIFM_VDU2_1, Port name=VNIC2">
                <measResults>14272 7 148933 82 0 0 0 0 13980 7 145500 80 0 0 0 0 0 0 0 0 </measResults>
            </measValue>
            <measValue measObjLdn="vis1MSXOMU01_M301E/VPORT:Virtual machine name=vis1MSX01_M301E_MSXIFM_VDU1_0, Port name=VNIC3">
                <measResults>0 0 0 0 0 0 0 0 0 0 0 0 0 0 0 0 0 0 0 0 </measResults>
            </measValue>
            <measValue measObjLdn="vis1MSXOMU01_M301E/VPORT:Virtual machine name=vis1MSX01_M301E_MSXCCU_VDU1_0, Port name=FABRIC1">
                <measResults>172292 95 291319 161 0 0 0 0 172190 95 272888 151 0 0 0 0 0 0 0 0 </measResults>
            </measValue>
            <measValue measObjLdn="vis1MSXOMU01_M301E/VPORT:Virtual machine name=vis1MSXOMU01_M301E_OMUBIG_1, Port name=VNIC3">
                <measResults>0 0 0 0 0 0 0 0 0 0 0 0 0 0 0 0 0 0 0 0 </measResults>
            </measValue>
            <measValue measObjLdn="vis1MSXOMU01_M301E/VPORT:Virtual machine name=vis1MSXIGWB01_M301E_IGWB_VDU2_2, Port name=VNIC2">
                <measResults>254 0 4193 2 0 0 0 0 0 0 0 0 0 0 0 0 0 0 0 0 </measResults>
            </measValue>
            <measValue measObjLdn="vis1MSXOMU01_M301E/VPORT:Virtual machine name=vis1MSX01_M301E_MSXVDB_VDU1_1, Port name=BASE2">
                <measResults>164383 91 236405 131 0 0 0 0 167519 92 245533 136 0 0 0 0 0 0 0 0 </measResults>
            </measValue>
            <measValue measObjLdn="vis1MSXOMU01_M301E/VPORT:Virtual machine name=vis1MSX01_M301E_MSXCCU_VDU1_2, Port name=BASE2">
                <measResults>167019 92 269855 149 0 0 0 0 760612 422 679138 377 0 0 0 0 0 0 0 0 </measResults>
            </measValue>
            <measValue measObjLdn="vis1MSXOMU01_M301E/VPORT:Virtual machine name=vis1MSXIGWB01_M301E_IGWB_VDU2_0, Port name=VNIC2">
                <measResults>270 0 4196 2 0 0 0 0 0 0 0 0 0 0 0 0 0 0 0 0 </measResults>
            </measValue>
            <measValue measObjLdn="vis1MSXOMU01_M301E/VPORT:Virtual machine name=vis1MSX01_M301E_MSXBSG_VDU2_2, Port name=BASE1">
                <measResults>177077 98 278329 154 0 0 0 0 174057 96 265693 147 0 0 0 0 0 0 0 0 </measResults>
            </measValue>
            <measValue measObjLdn="vis1MSXOMU01_M301E/VPORT:Virtual machine name=vis1MSXOMU01_M301E_OMUBIG_1, Port name=FABRIC1">
                <measResults>174705 96 239861 133 0 0 0 0 168786 93 229506 127 0 0 0 0 0 0 0 0 </measResults>
            </measValue>
            <measValue measObjLdn="vis1MSXOMU01_M301E/VPORT:Virtual machine name=vis1MSX01_M301E_MSXCCU_VDU2_6, Port name=BASE2">
                <measResults>751449 416 667959 371 0 0 0 0 168187 93 254924 141 0 0 0 0 0 0 0 0 </measResults>
            </measValue>
            <measValue measObjLdn="vis1MSXOMU01_M301E/VPORT:Virtual machine name=vis1MSX01_M301E_MSXCCU_VDU2_5, Port name=FABRIC2">
                <measResults>160838 88 206244 114 0 0 0 0 162706 89 199514 110 0 0 0 0 0 0 0 0 </measResults>
            </measValue>
            <measValue measObjLdn="vis1MSXOMU01_M301E/VPORT:Virtual machine name=vis1MSX01_M301E_MSXIFM_VDU1_1, Port name=FABRIC1">
                <measResults>173306 95 295644 164 0 0 0 0 169384 93 288719 160 0 0 0 0 0 0 0 0 </measResults>
            </measValue>
            <measValue measObjLdn="vis1MSXOMU01_M301E/VPORT:Virtual machine name=vis1MSX01_M301E_MSXCCU_VDU1_5, Port name=FABRIC1">
                <measResults>173298 96 293142 162 0 0 0 0 173111 95 274417 152 0 0 0 0 0 0 0 0 </measResults>
            </measValue>
            <measValue measObjLdn="vis1MSXOMU01_M301E/VPORT:Virtual machine name=vis1MSX01_M301E_MSXIFM_VDU1_1, Port name=VNIC6">
                <measResults>0 0 0 0 0 0 0 0 0 0 0 0 0 0 0 0 0 0 0 0 </measResults>
            </measValue>
            <measValue measObjLdn="vis1MSXOMU01_M301E/VPORT:Virtual machine name=vis1MSX01_M301E_MSXCCU_VDU1_1, Port name=BASE2">
                <measResults>167119 92 271532 150 0 0 0 0 765005 424 682656 379 0 0 0 0 0 0 0 0 </measResults>
            </measValue>
            <measValue measObjLdn="vis1MSXOMU01_M301E/VPORT:Virtual machine name=vis1MSXIGWB01_M301E_IGWB_VDU2_1, Port name=VNIC1">
                <measResults>259 0 4016 2 0 0 0 0 32 0 781 0 0 0 0 0 0 0 0 0 </measResults>
            </measValue>
            <measValue measObjLdn="vis1MSXOMU01_M301E/VPORT:Virtual machine name=vis1MSX01_M301E_MSXCDB_VDU2_0, Port name=FABRIC1">
                <measResults>162292 90 207938 115 0 0 0 0 158225 87 201060 111 0 0 0 0 0 0 0 0 </measResults>
            </measValue>
            <measValue measObjLdn="vis1MSXOMU01_M301E/VPORT:Virtual machine name=vis1MSXIGWB01_M301E_IGWB_VDU1_2, Port name=VNIC1">
                <measResults>287 0 4193 2 0 0 0 0 0 0 0 0 0 0 0 0 0 0 0 0 </measResults>
            </measValue>
            <measValue measObjLdn="vis1MSXOMU01_M301E/VPORT:Virtual machine name=vis1MSX01_M301E_MSXCCU_VDU1_2, Port name=FABRIC1">
                <measResults>173283 96 292869 162 0 0 0 0 173099 95 274191 152 0 0 0 0 0 0 0 0 </measResults>
            </measValue>
            <measValue measObjLdn="vis1MSXOMU01_M301E/VPORT:Virtual machine name=vis1MSX01_M301E_MSXBSG_VDU2_2, Port name=FABRIC2">
                <measResults>178800 99 339780 188 0 0 0 0 182013 100 340219 189 0 0 0 0 0 0 0 0 </measResults>
            </measValue>
            <measValue measObjLdn="vis1MSXOMU01_M301E/VPORT:Virtual machine name=vis1MSXIGWB01_M301E_IGWB_VDU2_1, Port name=FABRIC1">
                <measResults>163558 90 225463 125 0 0 0 0 162193 89 218311 121 0 0 0 0 0 0 0 0 </measResults>
            </measValue>
            <measValue measObjLdn="vis1MSXOMU01_M301E/VPORT:Virtual machine name=vis1MSX01_M301E_MSXCCU_VDU1_6, Port name=BASE2">
                <measResults>166050 91 268305 149 0 0 0 0 756404 419 675431 375 0 0 0 0 0 0 0 0 </measResults>
            </measValue>
            <measValue measObjLdn="vis1MSXOMU01_M301E/VPORT:Virtual machine name=vis1MSX01_M301E_MSXVDB_VDU2_3, Port name=FABRIC2">
                <measResults>160952 88 207176 115 0 0 0 0 157948 87 200471 111 0 0 0 0 0 0 0 0 </measResults>
            </measValue>
            <measValue measObjLdn="vis1MSXOMU01_M301E/VPORT:Virtual machine name=vis1MSXIGWB01_M301E_IGWB_VDU2_0, Port name=FABRIC1">
                <measResults>163517 90 226233 125 0 0 0 0 162963 89 220322 122 0 0 0 0 0 0 0 0 </measResults>
            </measValue>
            <measValue measObjLdn="vis1MSXOMU01_M301E/VPORT:Virtual machine name=vis1MSX01_M301E_MSXVDB_VDU2_3, Port name=BASE2">
                <measResults>166335 91 246164 136 0 0 0 0 163728 90 232232 129 0 0 0 0 0 0 0 0 </measResults>
            </measValue>
            <measValue measObjLdn="vis1MSXOMU01_M301E/VPORT:Virtual machine name=vis1MSX01_M301E_MSXVDB_VDU2_1, Port name=FABRIC2">
                <measResults>161839 89 207279 115 0 0 0 0 158775 87 200500 111 0 0 0 0 0 0 0 0 </measResults>
            </measValue>
            <measValue measObjLdn="vis1MSXOMU01_M301E/VPORT:Virtual machine name=vis1MSX01_M301E_MSXIFM_VDU1_1, Port name=BASE1">
                <measResults>182266 100 316932 176 0 0 0 0 172279 95 298463 165 0 0 0 0 0 0 0 0 </measResults>
            </measValue>
            <measValue measObjLdn="vis1MSXOMU01_M301E/VPORT:Virtual machine name=vis1MSX01_M301E_MSXIFM_VDU1_1, Port name=BASE2">
                <measResults>162566 89 221818 123 0 0 0 0 159286 87 216957 120 0 0 0 0 0 0 0 0 </measResults>
            </measValue>
            <measValue measObjLdn="vis1MSXOMU01_M301E/VPORT:Virtual machine name=vis1MSX01_M301E_MSXCCU_VDU1_3, Port name=BASE1">
                <measResults>184516 101 352725 195 0 0 0 0 766012 424 749173 416 0 0 0 0 0 0 0 0 </measResults>
            </measValue>
            <measValue measObjLdn="vis1MSXOMU01_M301E/VPORT:Virtual machine name=vis1MSX01_M301E_MSXCCU_VDU2_6, Port name=FABRIC2">
                <measResults>160832 88 206369 114 0 0 0 0 162712 89 199635 110 0 0 0 0 0 0 0 0 </measResults>
            </measValue>
            <measValue measObjLdn="vis1MSXOMU01_M301E/VPORT:Virtual machine name=vis1MSXIGWB01_M301E_IGWB_VDU1_2, Port name=FABRIC2">
                <measResults>162228 90 208228 115 0 0 0 0 159995 88 201422 111 0 0 0 0 0 0 0 0 </measResults>
            </measValue>
            <measValue measObjLdn="vis1MSXOMU01_M301E/VPORT:Virtual machine name=vis1MSX01_M301E_MSXVDB_VDU2_2, Port name=FABRIC2">
                <measResults>161862 89 207708 115 0 0 0 0 158800 87 200970 111 0 0 0 0 0 0 0 0 </measResults>
            </measValue>
            <measValue measObjLdn="vis1MSXOMU01_M301E/VPORT:Virtual machine name=vis1MSXIGWB01_M301E_IGWB_VDU1_0, Port name=VNIC2">
                <measResults>286 0 4194 2 0 0 0 0 0 0 0 0 0 0 0 0 0 0 0 0 </measResults>
            </measValue>
            <measValue measObjLdn="vis1MSXOMU01_M301E/VPORT:Virtual machine name=vis1MSXOMU01_M301E_OMUBIG_0, Port name=FABRIC1">
                <measResults>173065 95 233768 129 0 0 0 0 169152 93 230537 128 0 0 0 0 0 0 0 0 </measResults>
            </measValue>
            <measValue measObjLdn="vis1MSXOMU01_M301E/VPORT:Virtual machine name=vis1MSX01_M301E_MSXCCU_VDU2_1, Port name=FABRIC2">
                <measResults>160887 88 207640 115 0 0 0 0 162775 90 200920 111 0 0 0 0 0 0 0 0 </measResults>
            </measValue>
            <measValue measObjLdn="vis1MSXOMU01_M301E/VPORT:Virtual machine name=vis1MSX01_M301E_MSXIFM_VDU1_1, Port name=VNIC4">
                <measResults>0 0 0 0 0 0 0 0 0 0 0 0 0 0 0 0 0 0 0 0 </measResults>
            </measValue>
            <measValue measObjLdn="vis1MSXOMU01_M301E/VPORT:Virtual machine name=vis1MSX01_M301E_MSXCCU_VDU2_9, Port name=BASE2">
                <measResults>755548 419 673007 373 0 0 0 0 171498 94 258558 143 0 0 0 0 0 0 0 0 </measResults>
            </measValue>
            <measValue measObjLdn="vis1MSXOMU01_M301E/VPORT:Virtual machine name=vis1MSX01_M301E_MSXVDB_VDU1_3, Port name=BASE2">
                <measResults>164429 91 236895 131 0 0 0 0 167616 92 246232 136 0 0 0 0 0 0 0 0 </measResults>
            </measValue>
            <measValue measObjLdn="vis1MSXOMU01_M301E/VPORT:Virtual machine name=vis1MSX01_M301E_MSXIFM_VDU1_2, Port name=BASE1">
                <measResults>182146 100 314866 174 0 0 0 0 169953 93 295643 164 0 0 0 0 0 0 0 0 </measResults>
            </measValue>
            <measValue measObjLdn="vis1MSXOMU01_M301E/VPORT:Virtual machine name=vis1MSX01_M301E_MSXIFM_VDU2_2, Port name=VNIC4">
                <measResults>0 0 0 0 0 0 0 0 0 0 0 0 0 0 0 0 0 0 0 0 </measResults>
            </measValue>
            <measValue measObjLdn="vis1MSXOMU01_M301E/VPORT:Virtual machine name=vis1MSXOMU01_M301E_OMUBIG_0, Port name=FABRIC2">
                <measResults>177950 98 239304 132 0 0 0 0 173153 95 234331 130 0 0 0 0 0 0 0 0 </measResults>
            </measValue>
            <measValue measObjLdn="vis1MSXOMU01_M301E/VPORT:Virtual machine name=vis1MSX01_M301E_MSXBSG_VDU2_2, Port name=FABRIC1">
                <measResults>178870 99 340295 189 0 0 0 0 181993 100 340005 188 0 0 0 0 0 0 0 0 </measResults>
            </measValue>
            <measValue measObjLdn="vis1MSXOMU01_M301E/VPORT:Virtual machine name=vis1MSXOMU01_M301E_OMUBIG_0, Port name=VNIC3">
                <measResults>0 0 0 0 0 0 0 0 0 0 0 0 0 0 0 0 0 0 0 0 </measResults>
            </measValue>
            <measValue measObjLdn="vis1MSXOMU01_M301E/VPORT:Virtual machine name=vis1MSXIGWB01_M301E_IGWB_VDU1_1, Port name=BASE2">
                <measResults>172265 95 282095 156 0 0 0 0 165695 91 248175 137 0 0 0 0 0 0 0 0 </measResults>
            </measValue>
            <measValue measObjLdn="vis1MSXOMU01_M301E/VPORT:Virtual machine name=vis1MSX01_M301E_MSXCCU_VDU2_8, Port name=FABRIC1">
                <measResults>161786 89 208170 115 0 0 0 0 163678 90 201402 111 0 0 0 0 0 0 0 0 </measResults>
            </measValue>
            <measValue measObjLdn="vis1MSXOMU01_M301E/VPORT:Virtual machine name=vis1MSX01_M301E_MSXBSG_VDU1_1, Port name=BASE1">
                <measResults>177001 98 278131 154 0 0 0 0 173840 96 265567 147 0 0 0 0 0 0 0 0 </measResults>
            </measValue>
            <measValue measObjLdn="vis1MSXOMU01_M301E/VPORT:Virtual machine name=vis1MSX01_M301E_MSXBSG_VDU2_0, Port name=BASE2">
                <measResults>177174 98 290094 161 0 0 0 0 166374 92 232919 129 0 0 0 0 0 0 0 0 </measResults>
            </measValue>
            <measValue measObjLdn="vis1MSXOMU01_M301E/VPORT:Virtual machine name=vis1MSX01_M301E_MSXVDB_VDU2_1, Port name=FABRIC1">
                <measResults>161872 89 207896 115 0 0 0 0 158801 87 201117 111 0 0 0 0 0 0 0 0 </measResults>
            </measValue>
            <measValue measObjLdn="vis1MSXOMU01_M301E/VPORT:Virtual machine name=vis1MSX01_M301E_MSXCCU_VDU1_3, Port name=FABRIC1">
                <measResults>172251 95 291201 161 0 0 0 0 172110 95 272640 151 0 0 0 0 0 0 0 0 </measResults>
            </measValue>
            <measValue measObjLdn="vis1MSXOMU01_M301E/VPORT:Virtual machine name=vis1MSX01_M301E_MSXCCU_VDU2_9, Port name=FABRIC1">
                <measResults>161740 89 206794 114 0 0 0 0 163621 90 199984 111 0 0 0 0 0 0 0 0 </measResults>
            </measValue>
            <measValue measObjLdn="vis1MSXOMU01_M301E/VPORT:Virtual machine name=vis1MSX01_M301E_MSXIFM_VDU1_2, Port name=VNIC3">
                <measResults>0 0 0 0 0 0 0 0 0 0 0 0 0 0 0 0 0 0 0 0 </measResults>
            </measValue>
            <measValue measObjLdn="vis1MSXOMU01_M301E/VPORT:Virtual machine name=vis1MSX01_M301E_MSXIFM_VDU1_0, Port name=VNIC4">
                <measResults>0 0 0 0 0 0 0 0 0 0 0 0 0 0 0 0 0 0 0 0 </measResults>
            </measValue>
            <measValue measObjLdn="vis1MSXOMU01_M301E/VPORT:Virtual machine name=vis1MSX01_M301E_MSXCCU_VDU2_3, Port name=FABRIC2">
                <measResults>161783 89 207914 115 0 0 0 0 163725 90 201159 111 0 0 0 0 0 0 0 0 </measResults>
            </measValue>
            <measValue measObjLdn="vis1MSXOMU01_M301E/VPORT:Virtual machine name=vis1MSXIGWB01_M301E_IGWB_VDU2_2, Port name=BASE1">
                <measResults>183402 101 354803 197 0 0 0 0 186645 103 372654 207 0 0 0 0 0 0 0 0 </measResults>
            </measValue>
            <measValue measObjLdn="vis1MSXOMU01_M301E/VPORT:Virtual machine name=vis1MSX01_M301E_MSXCCU_VDU2_2, Port name=FABRIC1">
                <measResults>160866 88 206634 114 0 0 0 0 162753 89 199882 111 0 0 0 0 0 0 0 0 </measResults>
            </measValue>
            <measValue measObjLdn="vis1MSXOMU01_M301E/VPORT:Virtual machine name=vis1MSX01_M301E_MSXCCU_VDU1_6, Port name=FABRIC1">
                <measResults>172283 95 291171 161 0 0 0 0 172112 95 272542 151 0 0 0 0 0 0 0 0 </measResults>
            </measValue>
            <measValue measObjLdn="vis1MSXOMU01_M301E/VPORT:Virtual machine name=vis1MSX01_M301E_MSXIFM_VDU2_2, Port name=BASE2">
                <measResults>162382 89 220301 122 0 0 0 0 159126 87 215393 119 0 0 0 0 0 0 0 0 </measResults>
            </measValue>
            <measValue measObjLdn="vis1MSXOMU01_M301E/VPORT:Virtual machine name=vis1MSX01_M301E_MSXIFM_VDU2_1, Port name=BASE1">
                <measResults>180754 99 308444 171 0 0 0 0 171385 94 303576 168 0 0 0 0 0 0 0 0 </measResults>
            </measValue>
            <measValue measObjLdn="vis1MSXOMU01_M301E/VPORT:Virtual machine name=vis1MSX01_M301E_MSXBSG_VDU1_2, Port name=FABRIC1">
                <measResults>178535 99 338384 187 0 0 0 0 181765 100 338157 187 0 0 0 0 0 0 0 0 </measResults>
            </measValue>
            <measValue measObjLdn="vis1MSXOMU01_M301E/VPORT:Virtual machine name=vis1MSXIGWB01_M301E_IGWB_VDU2_1, Port name=BASE2">
                <measResults>166932 92 277824 154 0 0 0 0 179827 99 311237 172 0 0 0 0 0 0 0 0 </measResults>
            </measValue>
            <measValue measObjLdn="vis1MSXOMU01_M301E/VPORT:Virtual machine name=vis1MSX01_M301E_MSXVDB_VDU2_0, Port name=BASE1">
                <measResults>181196 100 299088 166 0 0 0 0 170040 94 274654 152 0 0 0 0 0 0 0 0 </measResults>
            </measValue>
            <measValue measObjLdn="vis1MSXOMU01_M301E/VPORT:Virtual machine name=vis1MSXIGWB01_M301E_IGWB_VDU2_0, Port name=BASE1">
                <measResults>194463 107 513870 285 0 0 0 0 201963 111 542266 301 0 0 0 0 0 0 0 0 </measResults>
            </measValue>
            <measValue measObjLdn="vis1MSXOMU01_M301E/VPORT:Virtual machine name=vis1MSX01_M301E_MSXVDB_VDU1_0, Port name=FABRIC2">
                <measResults>169418 93 272900 151 0 0 0 0 168987 93 268345 149 0 0 0 0 0 0 0 0 </measResults>
            </measValue>
            <measValue measObjLdn="vis1MSXOMU01_M301E/VPORT:Virtual machine name=vis1MSX01_M301E_MSXCCU_VDU1_5, Port name=BASE1">
                <measResults>185649 102 355533 197 0 0 0 0 770482 427 754436 419 0 0 0 0 0 0 0 0 </measResults>
            </measValue>
            <measValue measObjLdn="vis1MSXOMU01_M301E/VPORT:Virtual machine name=vis1MSX01_M301E_MSXCDB_VDU1_0, Port name=FABRIC2">
                <measResults>203393 112 343118 190 0 0 0 0 190809 105 349000 193 0 0 0 0 0 0 0 0 </measResults>
            </measValue>
            <measValue measObjLdn="vis1MSXOMU01_M301E/VPORT:Virtual machine name=vis1MSX01_M301E_MSXIFM_VDU2_0, Port name=FABRIC2">
                <measResults>175860 97 311178 172 0 0 0 0 171970 95 304100 168 0 0 0 0 0 0 0 0 </measResults>
            </measValue>
            <measValue measObjLdn="vis1MSXOMU01_M301E/VPORT:Virtual machine name=vis1MSXIGWB01_M301E_IGWB_VDU2_2, Port name=BASE2">
                <measResults>166103 91 267865 148 0 0 0 0 170132 94 291001 161 0 0 0 0 0 0 0 0 </measResults>
            </measValue>
            <measValue measObjLdn="vis1MSXOMU01_M301E/VPORT:Virtual machine name=vis1MSXOMU01_M301E_OMUBIG_0, Port name=BASE2">
                <measResults>365704 202 1339908 744 0 0 0 0 244683 135 1297872 721 0 0 0 0 0 0 0 0 </measResults>
            </measValue>
            <measValue measObjLdn="vis1MSXOMU01_M301E/VPORT:Virtual machine name=vis1MSX01_M301E_MSXBSG_VDU1_2, Port name=BASE1">
                <measResults>176884 98 275710 153 0 0 0 0 171484 94 262201 145 0 0 0 0 0 0 0 0 </measResults>
            </measValue>
            <measValue measObjLdn="vis1MSXOMU01_M301E/VPORT:Virtual machine name=vis1MSX01_M301E_MSXIFM_VDU1_1, Port name=VNIC2">
                <measResults>14176 7 148026 82 0 0 0 0 13886 7 144634 80 0 0 0 0 0 0 0 0 </measResults>
            </measValue>
            <measValue measObjLdn="vis1MSXOMU01_M301E/VPORT:Virtual machine name=vis1MSX01_M301E_MSXIFM_VDU1_1, Port name=VNIC5">
                <measResults>0 0 0 0 0 0 0 0 0 0 0 0 0 0 0 0 0 0 0 0 </measResults>
            </measValue>
            <measValue measObjLdn="vis1MSXOMU01_M301E/VPORT:Virtual machine name=vis1MSX01_M301E_MSXBSG_VDU1_2, Port name=FABRIC2">
                <measResults>178467 98 337726 187 0 0 0 0 181747 100 338015 187 0 0 0 0 0 0 0 0 </measResults>
            </measValue>
            <measValue measObjLdn="vis1MSXOMU01_M301E/VPORT:Virtual machine name=vis1MSX01_M301E_MSXCCU_VDU1_9, Port name=FABRIC2">
                <measResults>173227 96 292270 162 0 0 0 0 173089 95 273617 152 0 0 0 0 0 0 0 0 </measResults>
            </measValue>
            <measValue measObjLdn="vis1MSXOMU01_M301E/VPORT:Virtual machine name=vis1MSX01_M301E_MSXCCU_VDU2_4, Port name=FABRIC1">
                <measResults>161738 89 207494 115 0 0 0 0 163699 90 200767 111 0 0 0 0 0 0 0 0 </measResults>
            </measValue>
            <measValue measObjLdn="vis1MSXOMU01_M301E/VPORT:Virtual machine name=vis1MSX01_M301E_MSXCCU_VDU1_7, Port name=FABRIC1">
                <measResults>172280 95 291307 161 0 0 0 0 172100 95 272743 151 0 0 0 0 0 0 0 0 </measResults>
            </measValue>
            <measValue measObjLdn="vis1MSXOMU01_M301E/VPORT:Virtual machine name=vis1MSX01_M301E_MSXVDB_VDU1_0, Port name=FABRIC1">
                <measResults>169410 93 272713 151 0 0 0 0 168975 93 268098 148 0 0 0 0 0 0 0 0 </measResults>
            </measValue>
            <measValue measObjLdn="vis1MSXOMU01_M301E/VPORT:Virtual machine name=vis1MSX01_M301E_MSXCCU_VDU2_7, Port name=FABRIC2">
                <measResults>161832 89 208551 115 0 0 0 0 163645 90 201738 112 0 0 0 0 0 0 0 0 </measResults>
            </measValue>
            <measValue measObjLdn="vis1MSXOMU01_M301E/VPORT:Virtual machine name=vis1MSX01_M301E_MSXVDB_VDU1_3, Port name=FABRIC1">
                <measResults>170430 94 275000 152 0 0 0 0 169984 94 270433 150 0 0 0 0 0 0 0 0 </measResults>
            </measValue>
            <measValue measObjLdn="vis1MSXOMU01_M301E/VPORT:Virtual machine name=vis1MSXIGWB01_M301E_IGWB_VDU1_0, Port name=BASE2">
                <measResults>171682 94 288069 160 0 0 0 0 173061 95 255554 141 0 0 0 0 0 0 0 0 </measResults>
            </measValue>
            <measValue measObjLdn="vis1MSXOMU01_M301E/VPORT:Virtual machine name=vis1MSX01_M301E_MSXCCU_VDU2_7, Port name=BASE1">
                <measResults>774155 429 756032 420 0 0 0 0 179037 99 330407 183 0 0 0 0 0 0 0 0 </measResults>
            </measValue>
            <measValue measObjLdn="vis1MSXOMU01_M301E/VPORT:Virtual machine name=vis1MSX01_M301E_MSXCCU_VDU2_3, Port name=FABRIC1">
                <measResults>161812 89 208461 115 0 0 0 0 163747 90 201706 112 0 0 0 0 0 0 0 0 </measResults>
            </measValue>
            <measValue measObjLdn="vis1MSXOMU01_M301E/VPORT:Virtual machine name=vis1MSX01_M301E_MSXCCU_VDU1_3, Port name=BASE2">
                <measResults>166167 91 270222 150 0 0 0 0 760524 421 678896 377 0 0 0 0 0 0 0 0 </measResults>
            </measValue>
            <measValue measObjLdn="vis1MSXOMU01_M301E/VPORT:Virtual machine name=vis1MSXIGWB01_M301E_IGWB_VDU2_0, Port name=BASE2">
                <measResults>177173 97 426968 237 0 0 0 0 184179 101 460671 255 0 0 0 0 0 0 0 0 </measResults>
            </measValue>
            <measValue measObjLdn="vis1MSXOMU01_M301E/VPORT:Virtual machine name=vis1MSXIGWB01_M301E_IGWB_VDU2_2, Port name=VNIC1">
                <measResults>259 0 4015 2 0 0 0 0 32 0 780 0 0 0 0 0 0 0 0 0 </measResults>
            </measValue>
            <measValue measObjLdn="vis1MSXOMU01_M301E/VPORT:Virtual machine name=vis1MSX01_M301E_MSXBSG_VDU1_0, Port name=FABRIC2">
                <measResults>178859 99 341476 189 0 0 0 0 182016 100 341359 189 0 0 0 0 0 0 0 0 </measResults>
            </measValue>
            <measValue measObjLdn="vis1MSXOMU01_M301E/VPORT:Virtual machine name=vis1MSX01_M301E_MSXIFM_VDU2_2, Port name=VNIC3">
                <measResults>0 0 0 0 0 0 0 0 0 0 0 0 0 0 0 0 0 0 0 0 </measResults>
            </measValue>
            <measValue measObjLdn="vis1MSXOMU01_M301E/VPORT:Virtual machine name=vis1MSX01_M301E_MSXVDB_VDU2_1, Port name=BASE2">
                <measResults>167328 92 247957 137 0 0 0 0 164630 91 233916 129 0 0 0 0 0 0 0 0 </measResults>
            </measValue>
            <measValue measObjLdn="vis1MSXOMU01_M301E/VPORT:Virtual machine name=vis1MSX01_M301E_MSXVDB_VDU2_1, Port name=BASE1">
                <measResults>181138 100 298104 165 0 0 0 0 167805 92 272984 151 0 0 0 0 0 0 0 0 </measResults>
            </measValue>
            <measValue measObjLdn="vis1MSXOMU01_M301E/VPORT:Virtual machine name=vis1MSX01_M301E_MSXIFM_VDU1_0, Port name=FABRIC1">
                <measResults>173128 95 293185 162 0 0 0 0 171758 94 316240 175 0 0 0 0 0 0 0 0 </measResults>
            </measValue>
            <measValue measObjLdn="vis1MSXOMU01_M301E/VPORT:Virtual machine name=vis1MSX01_M301E_MSXIFM_VDU1_0, Port name=BASE1">
                <measResults>252517 139 559232 310 0 0 0 0 433939 240 634249 352 0 0 0 0 0 0 0 0 </measResults>
            </measValue>
            <measValue measObjLdn="vis1MSXOMU01_M301E/VPORT:Virtual machine name=vis1MSX01_M301E_MSXCCU_VDU2_2, Port name=BASE1">
                <measResults>769899 427 753138 418 0 0 0 0 180418 99 330616 183 0 0 0 0 0 0 0 0 </measResults>
            </measValue>
            <measValue measObjLdn="vis1MSXOMU01_M301E/VPORT:Virtual machine name=vis1MSX01_M301E_MSXIFM_VDU1_0, Port name=BASE2">
                <measResults>194578 107 372670 207 0 0 0 0 179170 99 252946 140 0 0 0 0 0 0 0 0 </measResults>
            </measValue>
            <measValue measObjLdn="vis1MSXOMU01_M301E/VPORT:Virtual machine name=vis1MSX01_M301E_MSXIFM_VDU2_2, Port name=VNIC1">
                <measResults>411 0 6176 3 0 0 0 0 64 0 1562 0 0 0 0 0 0 0 0 0 </measResults>
            </measValue>
            <measValue measObjLdn="vis1MSXOMU01_M301E/VPORT:Virtual machine name=vis1MSX01_M301E_MSXCCU_VDU1_0, Port name=FABRIC2">
                <measResults>172313 95 291869 162 0 0 0 0 172204 95 273447 151 0 0 0 0 0 0 0 0 </measResults>
            </measValue>
            <measValue measObjLdn="vis1MSXOMU01_M301E/VPORT:Virtual machine name=vis1MSX01_M301E_MSXCCU_VDU2_0, Port name=FABRIC1">
                <measResults>160869 88 206729 114 0 0 0 0 162833 90 200008 111 0 0 0 0 0 0 0 0 </measResults>
            </measValue>
            <measValue measObjLdn="vis1MSXOMU01_M301E/VPORT:Virtual machine name=vis1MSX01_M301E_MSXCDB_VDU1_0, Port name=BASE1">
                <measResults>179382 99 291452 161 0 0 0 0 421449 233 545215 302 0 0 0 0 0 0 0 0 </measResults>
            </measValue>
            <measValue measObjLdn="vis1MSXOMU01_M301E/VPORT:Virtual machine name=vis1MSXOMU01_M301E_OMUBIG_1, Port name=VNIC1">
                <measResults>179 0 2524 1 0 0 0 0 17 0 387 0 0 0 0 0 0 0 0 0 </measResults>
            </measValue>
            <measValue measObjLdn="vis1MSXOMU01_M301E/VPORT:Virtual machine name=vis1MSX01_M301E_MSXCCU_VDU1_2, Port name=BASE1">
                <measResults>185708 102 355906 197 0 0 0 0 774830 430 756432 420 0 0 0 0 0 0 0 0 </measResults>
            </measValue>
            <measValue measObjLdn="vis1MSXOMU01_M301E/VPORT:Virtual machine name=vis1MSX01_M301E_MSXCCU_VDU2_7, Port name=FABRIC1">
                <measResults>161784 89 207661 115 0 0 0 0 163608 90 200848 111 0 0 0 0 0 0 0 0 </measResults>
            </measValue>
            <measValue measObjLdn="vis1MSXOMU01_M301E/VPORT:Virtual machine name=vis1MSX01_M301E_MSXCCU_VDU1_1, Port name=FABRIC1">
                <measResults>173301 95 293756 163 0 0 0 0 173138 95 275117 152 0 0 0 0 0 0 0 0 </measResults>
            </measValue>
            <measValue measObjLdn="vis1MSXOMU01_M301E/VPORT:Virtual machine name=vis1MSXOMU01_M301E_OMUBIG_1, Port name=FABRIC2">
                <measResults>178672 99 242619 134 0 0 0 0 173636 96 234011 130 0 0 0 0 0 0 0 0 </measResults>
            </measValue>
            <measValue measObjLdn="vis1MSXOMU01_M301E/VPORT:Virtual machine name=vis1MSX01_M301E_MSXCCU_VDU2_0, Port name=FABRIC2">
                <measResults>160849 88 206357 114 0 0 0 0 162815 89 199636 110 0 0 0 0 0 0 0 0 </measResults>
            </measValue>
            <measValue measObjLdn="vis1MSXOMU01_M301E/VPORT:Virtual machine name=vis1MSX01_M301E_MSXIFM_VDU1_0, Port name=VNIC1">
                <measResults>436 0 6573 3 0 0 0 0 0 0 0 0 0 0 0 0 0 0 0 0 </measResults>
            </measValue>
            <measValue measObjLdn="vis1MSXOMU01_M301E/VPORT:Virtual machine name=vis1MSX01_M301E_MSXCCU_VDU1_2, Port name=FABRIC2">
                <measResults>173235 96 292221 162 0 0 0 0 173057 95 273528 151 0 0 0 0 0 0 0 0 </measResults>
            </measValue>
            <measValue measObjLdn="vis1MSXOMU01_M301E/VPORT:Virtual machine name=vis1MSXOMU01_M301E_OMUBIG_0, Port name=VNIC2">
                <measResults>0 0 0 0 0 0 0 0 0 0 0 0 0 0 0 0 0 0 0 0 </measResults>
            </measValue>
            <measValue measObjLdn="vis1MSXOMU01_M301E/VPORT:Virtual machine name=vis1MSX01_M301E_MSXIFM_VDU2_1, Port name=BASE2">
                <measResults>162605 89 222692 123 0 0 0 0 161492 89 218468 121 0 0 0 0 0 0 0 0 </measResults>
            </measValue>
            <measValue measObjLdn="vis1MSXOMU01_M301E/VPORT:Virtual machine name=vis1MSX01_M301E_MSXIFM_VDU1_2, Port name=VNIC5">
                <measResults>0 0 0 0 0 0 0 0 0 0 0 0 0 0 0 0 0 0 0 0 </measResults>
            </measValue>
            <measValue measObjLdn="vis1MSXOMU01_M301E/VPORT:Virtual machine name=vis1MSX01_M301E_MSXVDB_VDU1_1, Port name=FABRIC2">
                <measResults>170357 94 274097 152 0 0 0 0 169905 94 269456 149 0 0 0 0 0 0 0 0 </measResults>
            </measValue>
            <measValue measObjLdn="vis1MSXOMU01_M301E/VPORT:Virtual machine name=vis1MSX01_M301E_MSXCCU_VDU2_5, Port name=BASE2">
                <measResults>751479 417 669574 371 0 0 0 0 170525 94 257422 143 0 0 0 0 0 0 0 0 </measResults>
            </measValue>
            <measValue measObjLdn="vis1MSXOMU01_M301E/VPORT:Virtual machine name=vis1MSX01_M301E_MSXIFM_VDU1_2, Port name=BASE2">
                <measResults>162634 89 223058 123 0 0 0 0 161497 89 218910 121 0 0 0 0 0 0 0 0 </measResults>
            </measValue>
            <measValue measObjLdn="vis1MSXOMU01_M301E/VPORT:Virtual machine name=vis1MSX01_M301E_MSXIFM_VDU2_1, Port name=VNIC6">
                <measResults>0 0 0 0 0 0 0 0 0 0 0 0 0 0 0 0 0 0 0 0 </measResults>
            </measValue>
            <measValue measObjLdn="vis1MSXOMU01_M301E/VPORT:Virtual machine name=vis1MSX01_M301E_MSXCCU_VDU2_9, Port name=FABRIC2">
                <measResults>161844 89 208690 115 0 0 0 0 163699 90 201881 112 0 0 0 0 0 0 0 0 </measResults>
            </measValue>
            <measValue measObjLdn="vis1MSXOMU01_M301E/VPORT:Virtual machine name=vis1MSX01_M301E_MSXIFM_VDU1_2, Port name=FABRIC1">
                <measResults>172936 95 292193 162 0 0 0 0 169102 93 286317 159 0 0 0 0 0 0 0 0 </measResults>
            </measValue>
            <measValue measObjLdn="vis1MSXOMU01_M301E/VPORT:Virtual machine name=vis1MSX01_M301E_MSXIFM_VDU2_0, Port name=VNIC2">
                <measResults>14181 7 148022 82 0 0 0 0 13888 7 144573 80 0 0 0 0 0 0 0 0 </measResults>
            </measValue>
            <measValue measObjLdn="vis1MSXOMU01_M301E/VPORT:Virtual machine name=vis1MSX01_M301E_MSXCCU_VDU1_9, Port name=FABRIC1">
                <measResults>173253 96 292733 162 0 0 0 0 173116 95 274136 152 0 0 0 0 0 0 0 0 </measResults>
            </measValue>
            <measValue measObjLdn="vis1MSXOMU01_M301E/VPORT:Virtual machine name=vis1MSX01_M301E_MSXBSG_VDU1_1, Port name=FABRIC1">
                <measResults>179743 99 349153 193 0 0 0 0 182883 101 348714 193 0 0 0 0 0 0 0 0 </measResults>
            </measValue>
            <measValue measObjLdn="vis1MSXOMU01_M301E/VPORT:Virtual machine name=vis1MSXIGWB01_M301E_IGWB_VDU1_1, Port name=FABRIC2">
                <measResults>162275 90 209009 116 0 0 0 0 160499 88 202224 112 0 0 0 0 0 0 0 0 </measResults>
            </measValue>
            <measValue measObjLdn="vis1MSXOMU01_M301E/VPORT:Virtual machine name=vis1MSX01_M301E_MSXCCU_VDU1_8, Port name=FABRIC1">
                <measResults>173309 96 293169 162 0 0 0 0 173145 95 274468 152 0 0 0 0 0 0 0 0 </measResults>
            </measValue>
            <measValue measObjLdn="vis1MSXOMU01_M301E/VPORT:Virtual machine name=vis1MSX01_M301E_MSXCCU_VDU2_0, Port name=BASE1">
                <measResults>769873 427 753939 418 0 0 0 0 180580 99 332043 184 0 0 0 0 0 0 0 0 </measResults>
            </measValue>
            <measValue measObjLdn="vis1MSXOMU01_M301E/VPORT:Virtual machine name=vis1MSX01_M301E_MSXCDB_VDU2_0, Port name=FABRIC2">
                <measResults>162278 90 207664 115 0 0 0 0 158214 87 200786 111 0 0 0 0 0 0 0 0 </measResults>
            </measValue>
            <measValue measObjLdn="vis1MSXOMU01_M301E/VPORT:Virtual machine name=vis1MSX01_M301E_MSXCCU_VDU1_8, Port name=BASE2">
                <measResults>167019 92 269578 149 0 0 0 0 760735 422 678849 377 0 0 0 0 0 0 0 0 </measResults>
            </measValue>
            <measValue measObjLdn="vis1MSXOMU01_M301E/VPORT:Virtual machine name=vis1MSX01_M301E_MSXIFM_VDU2_1, Port name=VNIC5">
                <measResults>0 0 0 0 0 0 0 0 0 0 0 0 0 0 0 0 0 0 0 0 </measResults>
            </measValue>
            <measValue measObjLdn="vis1MSXOMU01_M301E/VPORT:Virtual machine name=vis1MSX01_M301E_MSXIFM_VDU1_1, Port name=VNIC1">
                <measResults>433 0 6531 3 0 0 0 0 0 0 0 0 0 0 0 0 0 0 0 0 </measResults>
            </measValue>
            <measValue measObjLdn="vis1MSXOMU01_M301E/VPORT:Virtual machine name=vis1MSX01_M301E_MSXCCU_VDU2_8, Port name=BASE1">
                <measResults>773995 429 756864 420 0 0 0 0 181415 100 332251 184 0 0 0 0 0 0 0 0 </measResults>
            </measValue>
            <measValue measObjLdn="vis1MSXOMU01_M301E/VPORT:Virtual machine name=vis1MSXIGWB01_M301E_IGWB_VDU1_2, Port name=FABRIC1">
                <measResults>162897 90 209190 116 0 0 0 0 160037 88 202086 112 0 0 0 0 0 0 0 0 </measResults>
            </measValue>
            <measValue measObjLdn="vis1MSXOMU01_M301E/VPORT:Virtual machine name=vis1MSXIGWB01_M301E_IGWB_VDU1_0, Port name=VNIC1">
                <measResults>287 0 4195 2 0 0 0 0 0 0 0 0 0 0 0 0 0 0 0 0 </measResults>
            </measValue>
            <measValue measObjLdn="vis1MSXOMU01_M301E/VPORT:Virtual machine name=vis1MSX01_M301E_MSXCCU_VDU1_4, Port name=FABRIC2">
                <measResults>172263 95 290687 161 0 0 0 0 172075 95 272080 151 0 0 0 0 0 0 0 0 </measResults>
            </measValue>
            <measValue measObjLdn="vis1MSXOMU01_M301E/VPORT:Virtual machine name=vis1MSX01_M301E_MSXCDB_VDU1_0, Port name=BASE2">
                <measResults>164393 90 239871 133 0 0 0 0 377445 209 408692 227 0 0 0 0 0 0 0 0 </measResults>
            </measValue>
            <measValue measObjLdn="vis1MSXOMU01_M301E/VPORT:Virtual machine name=vis1MSX01_M301E_MSXIFM_VDU1_0, Port name=VNIC2">
                <measResults>14262 7 148880 82 0 0 0 0 13967 7 145398 80 0 0 0 0 0 0 0 0 </measResults>
            </measValue>
            <measValue measObjLdn="vis1MSXOMU01_M301E/VPORT:Virtual machine name=vis1MSX01_M301E_MSXCCU_VDU1_4, Port name=BASE2">
                <measResults>166016 91 267300 148 0 0 0 0 756311 419 674303 374 0 0 0 0 0 0 0 0 </measResults>
            </measValue>
            <measValue measObjLdn="vis1MSXOMU01_M301E/VPORT:Virtual machine name=vis1MSXIGWB01_M301E_IGWB_VDU2_0, Port name=FABRIC2">
                <measResults>163437 90 225186 125 0 0 0 0 162091 89 218334 121 0 0 0 0 0 0 0 0 </measResults>
            </measValue>
            <measValue measObjLdn="vis1MSXOMU01_M301E/VPORT:Virtual machine name=vis1MSX01_M301E_MSXVDB_VDU1_2, Port name=FABRIC2">
                <measResults>170407 94 274184 152 0 0 0 0 169961 94 269554 149 0 0 0 0 0 0 0 0 </measResults>
            </measValue>
            <measValue measObjLdn="vis1MSXOMU01_M301E/VPORT:Virtual machine name=vis1MSX01_M301E_MSXIFM_VDU1_2, Port name=FABRIC2">
                <measResults>172929 95 292439 162 0 0 0 0 168901 93 285214 158 0 0 0 0 0 0 0 0 </measResults>
            </measValue>
            <measValue measObjLdn="vis1MSXOMU01_M301E/VPORT:Virtual machine name=vis1MSX01_M301E_MSXCCU_VDU1_1, Port name=FABRIC2">
                <measResults>173276 95 293273 162 0 0 0 0 173116 95 274618 152 0 0 0 0 0 0 0 0 </measResults>
            </measValue>
            <measValue measObjLdn="vis1MSXOMU01_M301E/VPORT:Virtual machine name=vis1MSX01_M301E_MSXBSG_VDU2_2, Port name=BASE2">
                <measResults>163096 90 225965 125 0 0 0 0 166073 91 222860 123 0 0 0 0 0 0 0 0 </measResults>
            </measValue>
            <measValue measObjLdn="vis1MSXOMU01_M301E/VPORT:Virtual machine name=vis1MSX01_M301E_MSXBSG_VDU2_1, Port name=FABRIC1">
                <measResults>182145 100 377202 209 0 0 0 0 190514 105 405802 225 0 0 0 0 0 0 0 0 </measResults>
            </measValue>
            <measValue measObjLdn="vis1MSXOMU01_M301E/VPORT:Virtual machine name=vis1MSX01_M301E_MSXIFM_VDU2_2, Port name=VNIC5">
                <measResults>0 0 0 0 0 0 0 0 0 0 0 0 0 0 0 0 0 0 0 0 </measResults>
            </measValue>
            <measValue measObjLdn="vis1MSXOMU01_M301E/VPORT:Virtual machine name=vis1MSXIGWB01_M301E_IGWB_VDU1_1, Port name=FABRIC1">
                <measResults>162949 90 209767 116 0 0 0 0 160532 88 202678 112 0 0 0 0 0 0 0 0 </measResults>
            </measValue>
            <measValue measObjLdn="vis1MSXOMU01_M301E/VPORT:Virtual machine name=vis1MSX01_M301E_MSXCCU_VDU1_5, Port name=BASE2">
                <measResults>167137 92 271454 150 0 0 0 0 765029 424 682499 379 0 0 0 0 0 0 0 0 </measResults>
            </measValue>
            <measValue measObjLdn="vis1MSXOMU01_M301E/VPORT:Virtual machine name=vis1MSX01_M301E_MSXCCU_VDU2_1, Port name=FABRIC1">
                <measResults>160828 88 206544 114 0 0 0 0 162732 89 199824 111 0 0 0 0 0 0 0 0 </measResults>
            </measValue>
            <measValue measObjLdn="vis1MSXOMU01_M301E/VPORT:Virtual machine name=vis1MSXOMU01_M301E_OMUBIG_0, Port name=BASE1">
                <measResults>385309 213 1468679 815 0 0 0 0 344331 191 1456781 809 0 0 0 0 0 0 0 0 </measResults>
            </measValue>
            <measValue measObjLdn="vis1MSXOMU01_M301E/VPORT:Virtual machine name=vis1MSX01_M301E_MSXCCU_VDU1_4, Port name=BASE1">
                <measResults>184680 102 354224 196 0 0 0 0 770518 427 752491 418 0 0 0 0 0 0 0 0 </measResults>
            </measValue>
            <measValue measObjLdn="vis1MSXOMU01_M301E/VPORT:Virtual machine name=vis1MSX01_M301E_MSXIFM_VDU1_0, Port name=VNIC6">
                <measResults>0 0 0 0 0 0 0 0 0 0 0 0 0 0 0 0 0 0 0 0 </measResults>
            </measValue>
            <measValue measObjLdn="vis1MSXOMU01_M301E/VPORT:Virtual machine name=vis1MSX01_M301E_MSXCCU_VDU1_9, Port name=BASE1">
                <measResults>180923 100 321811 178 0 0 0 0 766036 425 720585 400 0 0 0 0 0 0 0 0 </measResults>
            </measValue>
            <measValue measObjLdn="vis1MSXOMU01_M301E/VPORT:Virtual machine name=vis1MSX01_M301E_MSXVDB_VDU2_3, Port name=FABRIC1">
                <measResults>160901 88 206223 114 0 0 0 0 157909 87 199517 110 0 0 0 0 0 0 0 0 </measResults>
            </measValue>
            <measValue measObjLdn="vis1MSXOMU01_M301E/VPORT:Virtual machine name=vis1MSX01_M301E_MSXBSG_VDU1_0, Port name=BASE1">
                <measResults>176861 98 275724 153 0 0 0 0 171454 94 262202 145 0 0 0 0 0 0 0 0 </measResults>
            </measValue>
            <measValue measObjLdn="vis1MSXOMU01_M301E/VPORT:Virtual machine name=vis1MSX01_M301E_MSXCCU_VDU2_5, Port name=BASE1">
                <measResults>769669 427 751642 417 0 0 0 0 178052 98 328472 182 0 0 0 0 0 0 0 0 </measResults>
            </measValue>
            <measValue measObjLdn="vis1MSXOMU01_M301E/VPORT:Virtual machine name=vis1MSX01_M301E_MSXCCU_VDU2_3, Port name=BASE1">
                <measResults>774098 429 756392 420 0 0 0 0 179176 99 330994 183 0 0 0 0 0 0 0 0 </measResults>
            </measValue>
            <measValue measObjLdn="vis1MSXOMU01_M301E/VPORT:Virtual machine name=vis1MSXIGWB01_M301E_IGWB_VDU1_1, Port name=VNIC2">
                <measResults>270 0 4192 2 0 0 0 0 0 0 0 0 0 0 0 0 0 0 0 0 </measResults>
            </measValue>
            <measValue measObjLdn="vis1MSXOMU01_M301E/VPORT:Virtual machine name=vis1MSX01_M301E_MSXCCU_VDU2_1, Port name=BASE1">
                <measResults>769666 427 751432 417 0 0 0 0 178070 98 328401 182 0 0 0 0 0 0 0 0 </measResults>
            </measValue>
            <measValue measObjLdn="vis1MSXOMU01_M301E/VPORT:Virtual machine name=vis1MSXIGWB01_M301E_IGWB_VDU1_1, Port name=VNIC1">
                <measResults>270 0 4192 2 0 0 0 0 0 0 0 0 0 0 0 0 0 0 0 0 </measResults>
            </measValue>
            <measValue measObjLdn="vis1MSXOMU01_M301E/VPORT:Virtual machine name=vis1MSX01_M301E_MSXCCU_VDU1_0, Port name=BASE1">
                <measResults>184801 102 356490 198 0 0 0 0 770515 427 754095 418 0 0 0 0 0 0 0 0 </measResults>
            </measValue>
            <measValue measObjLdn="vis1MSXOMU01_M301E/VPORT:Virtual machine name=vis1MSXIGWB01_M301E_IGWB_VDU2_1, Port name=VNIC2">
                <measResults>253 0 4194 2 0 0 0 0 0 0 0 0 0 0 0 0 0 0 0 0 </measResults>
            </measValue>
            <measValue measObjLdn="vis1MSXOMU01_M301E/VPORT:Virtual machine name=vis1MSX01_M301E_MSXCCU_VDU1_3, Port name=FABRIC2">
                <measResults>172219 95 290684 161 0 0 0 0 172083 95 272108 151 0 0 0 0 0 0 0 0 </measResults>
            </measValue>
            <measValue measObjLdn="vis1MSXOMU01_M301E/VPORT:Virtual machine name=vis1MSX01_M301E_MSXVDB_VDU2_0, Port name=BASE2">
                <measResults>167263 92 247261 137 0 0 0 0 162261 89 232526 129 0 0 0 0 0 0 0 0 </measResults>
            </measValue>
            <measValue measObjLdn="vis1MSXOMU01_M301E/VPORT:Virtual machine name=vis1MSX01_M301E_MSXIFM_VDU1_1, Port name=FABRIC2">
                <measResults>173129 95 293300 162 0 0 0 0 169262 93 287300 159 0 0 0 0 0 0 0 0 </measResults>
            </measValue>
            <measValue measObjLdn="vis1MSXOMU01_M301E/VPORT:Virtual machine name=vis1MSX01_M301E_MSXVDB_VDU2_0, Port name=FABRIC2">
                <measResults>161833 89 207276 115 0 0 0 0 158692 87 200486 111 0 0 0 0 0 0 0 0 </measResults>
            </measValue>
            <measValue measObjLdn="vis1MSXOMU01_M301E/VPORT:Virtual machine name=vis1MSXIGWB01_M301E_IGWB_VDU2_2, Port name=FABRIC1">
                <measResults>163088 90 223169 123 0 0 0 0 161506 89 216672 120 0 0 0 0 0 0 0 0 </measResults>
            </measValue>
            <measValue measObjLdn="vis1MSXOMU01_M301E/VPORT:Virtual machine name=vis1MSX01_M301E_MSXIFM_VDU2_1, Port name=VNIC1">
                <measResults>413 0 6215 3 0 0 0 0 65 0 1571 0 0 0 0 0 0 0 0 0 </measResults>
            </measValue>
            <measValue measObjLdn="vis1MSXOMU01_M301E/VPORT:Virtual machine name=vis1MSX01_M301E_MSXCCU_VDU2_3, Port name=BASE2">
                <measResults>755622 419 672867 373 0 0 0 0 171555 94 258492 143 0 0 0 0 0 0 0 0 </measResults>
            </measValue>
            <measValue measObjLdn="vis1MSXOMU01_M301E/VPORT:Virtual machine name=vis1MSX01_M301E_MSXIFM_VDU2_0, Port name=VNIC3">
                <measResults>0 0 0 0 0 0 0 0 0 0 0 0 0 0 0 0 0 0 0 0 </measResults>
            </measValue>
            <measValue measObjLdn="vis1MSXOMU01_M301E/VPORT:Virtual machine name=vis1MSXIGWB01_M301E_IGWB_VDU1_0, Port name=BASE1">
                <measResults>188394 104 363825 202 0 0 0 0 175606 97 324773 180 0 0 0 0 0 0 0 0 </measResults>
            </measValue>
            <measValue measObjLdn="vis1MSXOMU01_M301E/VPORT:Virtual machine name=vis1MSX01_M301E_MSXBSG_VDU1_1, Port name=FABRIC2">
                <measResults>179670 99 347887 193 0 0 0 0 182862 101 347785 193 0 0 0 0 0 0 0 0 </measResults>
            </measValue>
            <measValue measObjLdn="vis1MSXOMU01_M301E/VPORT:Virtual machine name=vis1MSX01_M301E_MSXIFM_VDU2_2, Port name=FABRIC1">
                <measResults>174466 96 306491 170 0 0 0 0 170665 94 300688 167 0 0 0 0 0 0 0 0 </measResults>
            </measValue>
            <measValue measObjLdn="vis1MSXOMU01_M301E/VPORT:Virtual machine name=vis1MSX01_M301E_MSXIFM_VDU1_2, Port name=VNIC4">
                <measResults>0 0 0 0 0 0 0 0 0 0 0 0 0 0 0 0 0 0 0 0 </measResults>
            </measValue>
            <measValue measObjLdn="vis1MSXOMU01_M301E/VPORT:Virtual machine name=vis1MSX01_M301E_MSXVDB_VDU1_1, Port name=BASE1">
                <measResults>178169 98 286207 159 0 0 0 0 170707 94 284333 157 0 0 0 0 0 0 0 0 </measResults>
            </measValue>
            <measValue measObjLdn="vis1MSXOMU01_M301E/VPORT:Virtual machine name=vis1MSX01_M301E_MSXCCU_VDU2_0, Port name=BASE2">
                <measResults>751450 417 667465 370 0 0 0 0 168316 92 254834 141 0 0 0 0 0 0 0 0 </measResults>
            </measValue>
            <measValue measObjLdn="vis1MSXOMU01_M301E/VPORT:Virtual machine name=vis1MSX01_M301E_MSXIFM_VDU1_1, Port name=VNIC3">
                <measResults>0 0 0 0 0 0 0 0 0 0 0 0 0 0 0 0 0 0 0 0 </measResults>
            </measValue>
            <measValue measObjLdn="vis1MSXOMU01_M301E/VPORT:Virtual machine name=vis1MSXIGWB01_M301E_IGWB_VDU1_2, Port name=BASE2">
                <measResults>170223 94 272085 151 0 0 0 0 170713 94 246422 136 0 0 0 0 0 0 0 0 </measResults>
            </measValue>
            <measValue measObjLdn="vis1MSXOMU01_M301E/VPORT:Virtual machine name=vis1MSX01_M301E_MSXIFM_VDU2_1, Port name=FABRIC1">
                <measResults>174877 96 309681 172 0 0 0 0 170947 94 302663 168 0 0 0 0 0 0 0 0 </measResults>
            </measValue>
            <measValue measObjLdn="vis1MSXOMU01_M301E/VPORT:Virtual machine name=vis1MSX01_M301E_MSXIFM_VDU1_2, Port name=VNIC1">
                <measResults>433 0 6534 3 0 0 0 0 0 0 0 0 0 0 0 0 0 0 0 0 </measResults>
            </measValue>
            <measValue measObjLdn="vis1MSXOMU01_M301E/VPORT:Virtual machine name=vis1MSX01_M301E_MSXIFM_VDU2_1, Port name=VNIC3">
                <measResults>0 0 0 0 0 0 0 0 0 0 0 0 0 0 0 0 0 0 0 0 </measResults>
            </measValue>
            <measValue measObjLdn="vis1MSXOMU01_M301E/VPORT:Virtual machine name=vis1MSX01_M301E_MSXBSG_VDU2_0, Port name=FABRIC1">
                <measResults>181902 100 368634 204 0 0 0 0 191828 106 413882 229 0 0 0 0 0 0 0 0 </measResults>
            </measValue>
            <measValue measObjLdn="vis1MSXOMU01_M301E/VPORT:Virtual machine name=vis1MSXIGWB01_M301E_IGWB_VDU2_1, Port name=FABRIC2">
                <measResults>163335 90 223980 124 0 0 0 0 161362 89 216521 120 0 0 0 0 0 0 0 0 </measResults>
            </measValue>
            <measValue measObjLdn="vis1MSXOMU01_M301E/VPORT:Virtual machine name=vis1MSX01_M301E_MSXBSG_VDU2_1, Port name=BASE1">
                <measResults>176018 97 275673 153 0 0 0 0 170568 94 262206 145 0 0 0 0 0 0 0 0 </measResults>
            </measValue>
            <measValue measObjLdn="vis1MSXOMU01_M301E/VPORT:Virtual machine name=vis1MSXIGWB01_M301E_IGWB_VDU1_0, Port name=FABRIC2">
                <measResults>161269 89 206502 114 0 0 0 0 159925 88 199718 110 0 0 0 0 0 0 0 0 </measResults>
            </measValue>
            <measValue measObjLdn="vis1MSXOMU01_M301E/VPORT:Virtual machine name=vis1MSX01_M301E_MSXVDB_VDU2_0, Port name=FABRIC1">
                <measResults>161880 89 208164 115 0 0 0 0 158728 87 201373 111 0 0 0 0 0 0 0 0 </measResults>
            </measValue>
            <measValue measObjLdn="vis1MSXOMU01_M301E/VPORT:Virtual machine name=vis1MSX01_M301E_MSXBSG_VDU1_2, Port name=BASE2">
                <measResults>163182 90 227260 126 0 0 0 0 168434 93 224831 124 0 0 0 0 0 0 0 0 </measResults>
            </measValue>
            <measValue measObjLdn="vis1MSXOMU01_M301E/VPORT:Virtual machine name=vis1MSX01_M301E_MSXVDB_VDU2_3, Port name=BASE1">
                <measResults>180075 99 296233 164 0 0 0 0 166884 92 271303 150 0 0 0 0 0 0 0 0 </measResults>
            </measValue>
            <measValue measObjLdn="vis1MSXOMU01_M301E/VPORT:Virtual machine name=vis1MSX01_M301E_MSXCCU_VDU2_2, Port name=BASE2">
                <measResults>751336 417 667688 370 0 0 0 0 168220 92 254800 141 0 0 0 0 0 0 0 0 </measResults>
            </measValue>
            <measValue measObjLdn="vis1MSXOMU01_M301E/VPORT:Virtual machine name=vis1MSX01_M301E_MSXVDB_VDU1_0, Port name=BASE2">
                <measResults>163432 90 235103 130 0 0 0 0 164370 90 243578 135 0 0 0 0 0 0 0 0 </measResults>
            </measValue>
            <measValue measObjLdn="vis1MSXOMU01_M301E/VPORT:Virtual machine name=vis1MSX01_M301E_MSXIFM_VDU2_2, Port name=FABRIC2">
                <measResults>174600 96 308531 171 0 0 0 0 170656 94 301527 167 0 0 0 0 0 0 0 0 </measResults>
            </measValue>
            <measValue measObjLdn="vis1MSXOMU01_M301E/VPORT:Virtual machine name=vis1MSX01_M301E_MSXIFM_VDU1_0, Port name=FABRIC2">
                <measResults>173115 95 293593 163 0 0 0 0 171539 94 315048 175 0 0 0 0 0 0 0 0 </measResults>
            </measValue>
            <measValue measObjLdn="vis1MSXOMU01_M301E/VPORT:Virtual machine name=vis1MSX01_M301E_MSXCCU_VDU2_6, Port name=FABRIC1">
                <measResults>160834 88 206395 114 0 0 0 0 162713 89 199661 110 0 0 0 0 0 0 0 0 </measResults>
            </measValue>
            <measValue measObjLdn="vis1MSXOMU01_M301E/VPORT:Virtual machine name=vis1MSX01_M301E_MSXVDB_VDU2_2, Port name=BASE1">
                <measResults>181247 100 299971 166 0 0 0 0 170161 94 275537 153 0 0 0 0 0 0 0 0 </measResults>
            </measValue>
            <measValue measObjLdn="vis1MSXOMU01_M301E/VPORT:Virtual machine name=vis1MSX01_M301E_MSXCCU_VDU2_4, Port name=FABRIC2">
                <measResults>161758 89 207880 115 0 0 0 0 163715 90 201152 111 0 0 0 0 0 0 0 0 </measResults>
            </measValue>
            <measValue measObjLdn="vis1MSXOMU01_M301E/VPORT:Virtual machine name=vis1MSX01_M301E_MSXIFM_VDU2_0, Port name=VNIC6">
                <measResults>0 0 0 0 0 0 0 0 0 0 0 0 0 0 0 0 0 0 0 0 </measResults>
            </measValue>
            <measValue measObjLdn="vis1MSXOMU01_M301E/VPORT:Virtual machine name=vis1MSX01_M301E_MSXCCU_VDU2_1, Port name=BASE2">
                <measResults>751353 416 668273 371 0 0 0 0 170469 94 256138 142 0 0 0 0 0 0 0 0 </measResults>
            </measValue>
            <measValue measObjLdn="vis1MSXOMU01_M301E/VPORT:Virtual machine name=vis1MSX01_M301E_MSXIFM_VDU2_0, Port name=VNIC5">
                <measResults>0 0 0 0 0 0 0 0 0 0 0 0 0 0 0 0 0 0 0 0 </measResults>
            </measValue>
            <measValue measObjLdn="vis1MSXOMU01_M301E/VPORT:Virtual machine name=vis1MSX01_M301E_MSXCCU_VDU1_5, Port name=FABRIC2">
                <measResults>173260 96 292514 162 0 0 0 0 173076 95 273761 152 0 0 0 0 0 0 0 0 </measResults>
            </measValue>
            <measValue measObjLdn="vis1MSXOMU01_M301E/VPORT:Virtual machine name=vis1MSX01_M301E_MSXCCU_VDU1_9, Port name=BASE2">
                <measResults>167178 92 272542 151 0 0 0 0 764754 424 683338 379 0 0 0 0 0 0 0 0 </measResults>
            </measValue>
            <measValue measObjLdn="vis1MSXOMU01_M301E/VPORT:Virtual machine name=vis1MSX01_M301E_MSXVDB_VDU2_2, Port name=FABRIC1">
                <measResults>161894 89 208305 115 0 0 0 0 158824 87 201567 111 0 0 0 0 0 0 0 0 </measResults>
            </measValue>
            <measValue measObjLdn="vis1MSXOMU01_M301E/VPORT:Virtual machine name=vis1MSX01_M301E_MSXIFM_VDU2_1, Port name=FABRIC2">
                <measResults>174786 96 308043 171 0 0 0 0 170978 94 302309 167 0 0 0 0 0 0 0 0 </measResults>
            </measValue>
            <measValue measObjLdn="vis1MSXOMU01_M301E/VPORT:Virtual machine name=vis1MSX01_M301E_MSXVDB_VDU1_3, Port name=BASE1">
                <measResults>178223 98 286656 159 0 0 0 0 170799 94 284842 158 0 0 0 0 0 0 0 0 </measResults>
            </measValue>
            <measValue measObjLdn="vis1MSXOMU01_M301E/VPORT:Virtual machine name=vis1MSX01_M301E_MSXIFM_VDU2_0, Port name=FABRIC1">
                <measResults>176396 97 316653 175 0 0 0 0 172444 95 309191 171 0 0 0 0 0 0 0 0 </measResults>
            </measValue>
            <measValue measObjLdn="vis1MSXOMU01_M301E/VPORT:Virtual machine name=vis1MSXIGWB01_M301E_IGWB_VDU1_2, Port name=VNIC2">
                <measResults>286 0 4193 2 0 0 0 0 0 0 0 0 0 0 0 0 0 0 0 0 </measResults>
            </measValue>
            <measValue measObjLdn="vis1MSXOMU01_M301E/VPORT:Virtual machine name=vis1MSX01_M301E_MSXIFM_VDU2_1, Port name=VNIC4">
                <measResults>0 0 0 0 0 0 0 0 0 0 0 0 0 0 0 0 0 0 0 0 </measResults>
            </measValue>
            <measValue measObjLdn="vis1MSXOMU01_M301E/VPORT:Virtual machine name=vis1MSX01_M301E_MSXBSG_VDU2_1, Port name=BASE2">
                <measResults>162238 89 225465 125 0 0 0 0 167498 92 223166 123 0 0 0 0 0 0 0 0 </measResults>
            </measValue>
            <measValue measObjLdn="vis1MSXOMU01_M301E/VPORT:Virtual machine name=vis1MSX01_M301E_MSXIFM_VDU2_0, Port name=BASE2">
                <measResults>163468 90 223120 123 0 0 0 0 160212 88 218213 121 0 0 0 0 0 0 0 0 </measResults>
            </measValue>
            <measValue measObjLdn="vis1MSXOMU01_M301E/VPORT:Virtual machine name=vis1MSX01_M301E_MSXCCU_VDU2_2, Port name=FABRIC2">
                <measResults>160832 88 205998 114 0 0 0 0 162727 89 199246 110 0 0 0 0 0 0 0 0 </measResults>
            </measValue>
            <measValue measObjLdn="vis1MSXOMU01_M301E/VPORT:Virtual machine name=vis1MSX01_M301E_MSXVDB_VDU1_2, Port name=BASE2">
                <measResults>164355 91 235542 130 0 0 0 0 165292 91 244036 135 0 0 0 0 0 0 0 0 </measResults>
            </measValue>
            <measValue measObjLdn="vis1MSXOMU01_M301E/VPORT:Virtual machine name=vis1MSX01_M301E_MSXIFM_VDU2_2, Port name=BASE1">
                <measResults>180790 99 310313 172 0 0 0 0 173647 96 306113 170 0 0 0 0 0 0 0 0 </measResults>
            </measValue>
            <measValue measObjLdn="vis1MSXOMU01_M301E/VPORT:Virtual machine name=vis1MSX01_M301E_MSXIFM_VDU2_2, Port name=VNIC2">
                <measResults>13864 7 144371 80 0 0 0 0 13622 7 141063 78 0 0 0 0 0 0 0 0 </measResults>
            </measValue>
            <measValue measObjLdn="vis1MSXOMU01_M301E/VPORT:Virtual machine name=vis1MSXIGWB01_M301E_IGWB_VDU1_1, Port name=BASE1">
                <measResults>187483 103 356446 198 0 0 0 0 182359 100 325457 180 0 0 0 0 0 0 0 0 </measResults>
            </measValue>
            <measValue measObjLdn="vis1MSXOMU01_M301E/VPORT:Virtual machine name=vis1MSX01_M301E_MSXCCU_VDU1_6, Port name=FABRIC2">
                <measResults>172238 95 290485 161 0 0 0 0 172070 95 271847 151 0 0 0 0 0 0 0 0 </measResults>
            </measValue>
            <measValue measObjLdn="vis1MSXOMU01_M301E/VPORT:Virtual machine name=vis1MSX01_M301E_MSXCCU_VDU1_8, Port name=BASE1">
                <measResults>181054 100 322822 179 0 0 0 0 770365 427 723099 401 0 0 0 0 0 0 0 0 </measResults>
            </measValue>
            <measValue measObjLdn="vis1MSXOMU01_M301E/VPORT:Virtual machine name=vis1MSXOMU01_M301E_OMUBIG_0, Port name=VNIC1">
                <measResults>1152 0 5151 2 0 0 0 0 1119 0 3098 1 0 0 0 0 0 0 0 0 </measResults>
            </measValue>
            <measValue measObjLdn="vis1MSXOMU01_M301E/VPORT:Virtual machine name=vis1MSX01_M301E_MSXVDB_VDU2_2, Port name=BASE2">
                <measResults>167207 92 246188 136 0 0 0 0 162301 89 231499 128 0 0 0 0 0 0 0 0 </measResults>
            </measValue>
            <measValue measObjLdn="vis1MSXOMU01_M301E/VPORT:Virtual machine name=vis1MSX01_M301E_MSXVDB_VDU1_3, Port name=FABRIC2">
                <measResults>170382 94 273955 152 0 0 0 0 169944 94 269366 149 0 0 0 0 0 0 0 0 </measResults>
            </measValue>
            <measValue measObjLdn="vis1MSXOMU01_M301E/VPORT:Virtual machine name=vis1MSX01_M301E_MSXBSG_VDU1_1, Port name=BASE2">
                <measResults>163076 90 225966 125 0 0 0 0 166130 92 222898 123 0 0 0 0 0 0 0 0 </measResults>
            </measValue>
            <measValue measObjLdn="vis1MSXOMU01_M301E/VPORT:Virtual machine name=vis1MSX01_M301E_MSXIFM_VDU2_0, Port name=VNIC1">
                <measResults>627 0 9816 5 0 0 0 0 375 0 6999 3 0 0 0 0 0 0 0 0 </measResults>
            </measValue>
            <measValue measObjLdn="vis1MSXOMU01_M301E/VPORT:Virtual machine name=vis1MSX01_M301E_MSXCDB_VDU2_0, Port name=BASE2">
                <measResults>380257 210 413147 229 0 0 0 0 161671 89 233813 129 0 0 0 0 0 0 0 0 </measResults>
            </measValue>
            <measValue measObjLdn="vis1MSXOMU01_M301E/VPORT:Virtual machine name=vis1MSX01_M301E_MSXCDB_VDU2_0, Port name=BASE1">
                <measResults>373643 207 428971 238 0 0 0 0 168530 93 269624 149 0 0 0 0 0 0 0 0 </measResults>
            </measValue>
            <measValue measObjLdn="vis1MSXOMU01_M301E/VPORT:Virtual machine name=vis1MSX01_M301E_MSXCCU_VDU2_7, Port name=BASE2">
                <measResults>755615 419 673098 373 0 0 0 0 171444 94 258575 143 0 0 0 0 0 0 0 0 </measResults>
            </measValue>
            <measValue measObjLdn="vis1MSXOMU01_M301E/VPORT:Virtual machine name=vis1MSXOMU01_M301E_OMUBIG_1, Port name=BASE2">
                <measResults>174601 96 248273 137 0 0 0 0 173242 96 242209 134 0 0 0 0 0 0 0 0 </measResults>
            </measValue>
            <measValue measObjLdn="vis1MSXOMU01_M301E/VPORT:Virtual machine name=vis1MSX01_M301E_MSXBSG_VDU2_0, Port name=BASE1">
                <measResults>230754 127 435508 241 0 0 0 0 344543 191 497624 276 0 0 0 0 0 0 0 0 </measResults>
            </measValue>
            <measValue measObjLdn="vis1MSXOMU01_M301E/VPORT:Virtual machine name=vis1MSX01_M301E_MSXCCU_VDU1_7, Port name=BASE1">
                <measResults>184589 101 353714 196 0 0 0 0 766180 425 750372 416 0 0 0 0 0 0 0 0 </measResults>
            </measValue>
            <measValue measObjLdn="vis1MSXOMU01_M301E/VPORT:Virtual machine name=vis1MSX01_M301E_MSXIFM_VDU2_2, Port name=VNIC6">
                <measResults>0 0 0 0 0 0 0 0 0 0 0 0 0 0 0 0 0 0 0 0 </measResults>
            </measValue>
            <measValue measObjLdn="vis1MSXOMU01_M301E/VPORT:Virtual machine name=vis1MSX01_M301E_MSXVDB_VDU1_1, Port name=FABRIC1">
                <measResults>170420 94 275092 152 0 0 0 0 169955 94 270443 150 0 0 0 0 0 0 0 0 </measResults>
            </measValue>
            <measValue measObjLdn="vis1MSXOMU01_M301E/VPORT:Virtual machine name=vis1MSX01_M301E_MSXCCU_VDU1_7, Port name=FABRIC2">
                <measResults>172281 95 291356 161 0 0 0 0 172095 95 272759 151 0 0 0 0 0 0 0 0 </measResults>
            </measValue>
            <measValue measObjLdn="vis1MSXOMU01_M301E/VPORT:Virtual machine name=vis1MSXIGWB01_M301E_IGWB_VDU1_0, Port name=FABRIC1">
                <measResults>162009 89 208525 115 0 0 0 0 160008 88 201423 111 0 0 0 0 0 0 0 0 </measResults>
            </measValue>
            <measValue measObjLdn="vis1MSXOMU01_M301E/VPORT:Virtual machine name=vis1MSX01_M301E_MSXCCU_VDU1_0, Port name=BASE2">
                <measResults>166095 91 268863 149 0 0 0 0 756479 419 675670 375 0 0 0 0 0 0 0 0 </measResults>
            </measValue>
            <measValue measObjLdn="vis1MSXOMU01_M301E/VPORT:Virtual machine name=vis1MSX01_M301E_MSXCCU_VDU2_8, Port name=FABRIC2">
                <measResults>161754 89 207567 115 0 0 0 0 163655 90 200799 111 0 0 0 0 0 0 0 0 </measResults>
            </measValue>
            <measValue measObjLdn="vis1MSXOMU01_M301E/VPORT:Virtual machine name=vis1MSX01_M301E_MSXVDB_VDU1_2, Port name=FABRIC1">
                <measResults>170471 94 275136 152 0 0 0 0 170015 94 270498 150 0 0 0 0 0 0 0 0 </measResults>
            </measValue>
            <measValue measObjLdn="vis1MSXOMU01_M301E/VPORT:Virtual machine name=vis1MSX01_M301E_MSXCDB_VDU1_0, Port name=FABRIC1">
                <measResults>203836 112 345705 192 0 0 0 0 191007 105 350603 194 0 0 0 0 0 0 0 0 </measResults>
            </measValue>
            <measValue measObjLdn="vis1MSXOMU01_M301E/VPORT:Virtual machine name=vis1MSX01_M301E_MSXIFM_VDU2_0, Port name=VNIC4">
                <measResults>0 0 0 0 0 0 0 0 0 0 0 0 0 0 0 0 0 0 0 0 </measResults>
            </measValue>
            <measValue measObjLdn="vis1MSXOMU01_M301E/VPORT:Virtual machine name=vis1MSX01_M301E_MSXIFM_VDU1_0, Port name=VNIC5">
                <measResults>0 0 0 0 0 0 0 0 0 0 0 0 0 0 0 0 0 0 0 0 </measResults>
            </measValue>
            <measValue measObjLdn="vis1MSXOMU01_M301E/VPORT:Virtual machine name=vis1MSX01_M301E_MSXVDB_VDU1_2, Port name=BASE1">
                <measResults>178298 98 287589 159 0 0 0 0 173040 95 286405 159 0 0 0 0 0 0 0 0 </measResults>
            </measValue>
            <measValue measObjLdn="vis1MSXOMU01_M301E/VPORT:Virtual machine name=vis1MSX01_M301E_MSXVDB_VDU1_0, Port name=BASE1">
                <measResults>177239 97 285942 158 0 0 0 0 172018 95 284758 158 0 0 0 0 0 0 0 0 </measResults>
            </measValue>
            <measValue measObjLdn="vis1MSXOMU01_M301E/VPORT:Virtual machine name=vis1MSX01_M301E_MSXCCU_VDU1_4, Port name=FABRIC1">
                <measResults>172299 95 291168 161 0 0 0 0 172104 95 272543 151 0 0 0 0 0 0 0 0 </measResults>
            </measValue>
            <measValue measObjLdn="vis1MSXOMU01_M301E/VPORT:Virtual machine name=vis1MSXOMU01_M301E_OMUBIG_1, Port name=BASE1">
                <measResults>282396 156 427411 237 0 0 0 0 195523 108 379342 210 0 0 0 0 0 0 0 0 </measResults>
            </measValue>
            <measValue measObjLdn="vis1MSXOMU01_M301E/VPORT:Virtual machine name=vis1MSXIGWB01_M301E_IGWB_VDU2_1, Port name=BASE1">
                <measResults>183188 101 349966 194 0 0 0 0 180944 100 368093 204 0 0 0 0 0 0 0 0 </measResults>
            </measValue>
            <measValue measObjLdn="vis1MSXOMU01_M301E/VPORT:Virtual machine name=vis1MSX01_M301E_MSXCCU_VDU2_6, Port name=BASE1">
                <measResults>769751 427 753406 418 0 0 0 0 180400 99 330992 183 0 0 0 0 0 0 0 0 </measResults>
            </measValue>
            <measValue measObjLdn="vis1MSXOMU01_M301E/VPORT:Virtual machine name=vis1MSX01_M301E_MSXBSG_VDU1_0, Port name=FABRIC1">
                <measResults>178882 99 341595 189 0 0 0 0 182005 100 341182 189 0 0 0 0 0 0 0 0 </measResults>
            </measValue>
            <measValue measObjLdn="vis1MSXOMU01_M301E/VPORT:Virtual machine name=vis1MSX01_M301E_MSXIFM_VDU1_2, Port name=VNIC6">
                <measResults>0 0 0 0 0 0 0 0 0 0 0 0 0 0 0 0 0 0 0 0 </measResults>
            </measValue>
            <measValue measObjLdn="vis1MSXOMU01_M301E/VPORT:Virtual machine name=vis1MSX01_M301E_MSXCCU_VDU2_4, Port name=BASE1">
                <measResults>774143 429 756889 420 0 0 0 0 181465 100 332224 184 0 0 0 0 0 0 0 0 </measResults>
            </measValue>
            <measValue measObjLdn="vis1MSXOMU01_M301E/VPORT:Virtual machine name=vis1MSX01_M301E_MSXCCU_VDU1_6, Port name=BASE1">
                <measResults>184683 102 354629 197 0 0 0 0 770313 427 752762 418 0 0 0 0 0 0 0 0 </measResults>
            </measValue>
            <measValue measObjLdn="vis1MSXOMU01_M301E/VPORT:Virtual machine name=vis1MSX01_M301E_MSXCCU_VDU2_9, Port name=BASE1">
                <measResults>774158 429 756040 420 0 0 0 0 179101 98 330528 183 0 0 0 0 0 0 0 0 </measResults>
            </measValue>
            <measValue measObjLdn="vis1MSXOMU01_M301E/VPORT:Virtual machine name=vis1MSX01_M301E_MSXCCU_VDU1_1, Port name=BASE1">
                <measResults>185577 102 354491 196 0 0 0 0 770517 427 753314 418 0 0 0 0 0 0 0 0 </measResults>
            </measValue>
            <measValue measObjLdn="vis1MSXOMU01_M301E/VPORT:Virtual machine name=vis1MSX01_M301E_MSXCCU_VDU2_8, Port name=BASE2">
                <measResults>755509 419 670696 372 0 0 0 0 169136 93 255586 141 0 0 0 0 0 0 0 0 </measResults>
            </measValue>
            <measValue measObjLdn="vis1MSXOMU01_M301E/VPORT:Virtual machine name=vis1MSXIGWB01_M301E_IGWB_VDU2_2, Port name=FABRIC2">
                <measResults>163093 90 222557 123 0 0 0 0 161019 89 216384 120 0 0 0 0 0 0 0 0 </measResults>
            </measValue>
            <measValue measObjLdn="vis1MSXOMU01_M301E/VPORT:Virtual machine name=vis1MSX01_M301E_MSXIFM_VDU1_2, Port name=VNIC2">
                <measResults>13866 7 144421 80 0 0 0 0 13619 7 141064 78 0 0 0 0 0 0 0 0 </measResults>
            </measValue>
            <measValue measObjLdn="vis1MSXOMU01_M301E/VPORT:Virtual machine name=vis1MSXIGWB01_M301E_IGWB_VDU1_2, Port name=BASE1">
                <measResults>187036 103 348383 193 0 0 0 0 174557 96 316023 175 0 0 0 0 0 0 0 0 </measResults>
            </measValue>
            <measValue measObjLdn="vis1MSXOMU01_M301E/VPORT:Virtual machine name=vis1MSX01_M301E_MSXBSG_VDU2_0, Port name=FABRIC2">
                <measResults>181767 100 367875 204 0 0 0 0 191598 106 412435 229 0 0 0 0 0 0 0 0 </measResults>
            </measValue>
            <measValue measObjLdn="vis1MSXOMU01_M301E/VPORT:Virtual machine name=vis1MSX01_M301E_MSXCCU_VDU2_4, Port name=BASE2">
                <measResults>755537 419 671381 372 0 0 0 0 169206 93 256250 142 0 0 0 0 0 0 0 0 </measResults>
            </measValue>
            <measValue measObjLdn="vis1MSXOMU01_M301E/VPORT:Virtual machine name=vis1MSX01_M301E_MSXBSG_VDU2_1, Port name=FABRIC2">
                <measResults>181924 100 374993 208 0 0 0 0 190253 105 403085 223 0 0 0 0 0 0 0 0 </measResults>
            </measValue>
            <measValue measObjLdn="vis1MSXOMU01_M301E/VPORT:Virtual machine name=vis1MSX01_M301E_MSXCCU_VDU1_8, Port name=FABRIC2">
                <measResults>173310 96 293211 162 0 0 0 0 173146 95 274511 152 0 0 0 0 0 0 0 0 </measResults>
            </measValue>
        </measInfo>
        <measInfo measInfoId="1056974611">
            <granPeriod duration="PT1800S" endTime="2021-08-12T00:00:00+08:00"/>
            <repPeriod duration="PT1800S"/>
            <measTypes>1056974758 1056974759 1056974760 1056974761 1056974762 1056974763 1056974764 1056974765 1056974766 1056974767 1056974768 1056974769 1056974770 1056974771 1056974772 1056974773 1056974774 1056974775 1056974776 1056974777 1056974778 1056974779 1056974780 1056974781 1056974782 1056974783 1056974784 1056974785 1056974786 1056974787 1056974788 1056974789 1056974790 1056974791 1056974792 1056974793 1056974794 1056974795 1056974796 1056974797 1056974798 1056974799 1056974800 1056974801 1056974802 1056974803 1056974804 1056974805 1056974806 1056974807 1056974808 1056974809 1056974810 1056974811 1056974812 1056974813 1056974814 1056974815 1056974816 1056974817 1056974818 1056974819 1056974820 1056974821 1056974822 1056974823 </measTypes>
            <measValue measObjLdn="vis1MSXOMU01_M301E/IP:IP index=13, MEID=50, Module=1818,IP=10.86.105.101">
                <measResults>0 0 0 0 0 0 0 0 0 0 0 0 0 0 0 0 0 0 0 0 0 0 0 0 0 0 0 0 0 0 0 0 0 0 0 0 0 0 0 0 0 0 0 0 0 0 0 0 0 0 0 0 0 0 0 0 0 0 0 0 0 0 0 0 0 0 </measResults>
            </measValue>
            <measValue measObjLdn="vis1MSXOMU01_M301E/IP:IP index=0, MEID=5, Module=1,IP=10.86.105.36">
                <measResults>143102 0 0 143102 0 0 0 0 0 0 0 0 142879 0 0 142879 0 0 0 0 0 0 0 0 85 85 1452 1452 79 79 6757 6715 82 82 0 0 0 0 130847 130620 0 0 0 0 0 0 9897 9898 0 0 0 0 0 0 0 0 0 0 2358 2358 0 0 0 0 0 0 </measResults>
            </measValue>
            <measValue measObjLdn="vis1MSXOMU01_M301E/IP:IP index=11, MEID=5, Module=9,IP=10.86.105.9">
                <measResults>0 0 0 0 0 0 0 0 0 0 0 0 0 0 0 0 0 0 0 0 0 0 0 0 0 0 0 0 0 0 0 0 0 0 0 0 0 0 0 0 0 0 0 0 0 0 0 0 0 0 0 0 0 0 0 0 0 0 0 0 0 0 0 0 0 0 </measResults>
            </measValue>
            <measValue measObjLdn="vis1MSXOMU01_M301E/IP:IP index=8, MEID=5, Module=6,IP=10.86.105.6">
                <measResults>0 0 0 0 0 0 0 0 0 0 0 0 0 0 0 0 0 0 0 0 0 0 0 0 0 0 0 0 0 0 0 0 0 0 0 0 0 0 0 0 0 0 0 0 0 0 0 0 0 0 0 0 0 0 0 0 0 0 0 0 0 0 0 0 0 0 </measResults>
            </measValue>
            <measValue measObjLdn="vis1MSXOMU01_M301E/IP:IP index=1, MEID=5, Module=4,IP=10.86.105.37">
                <measResults>143134 0 0 143134 0 0 0 0 0 0 0 0 142975 0 0 142975 0 0 0 0 0 0 0 0 85 84 1452 1452 79 79 6763 6723 87 86 0 0 0 0 130876 130716 0 0 0 0 0 0 9899 9898 0 0 0 0 0 0 0 0 0 0 2359 2359 0 0 0 0 0 0 </measResults>
            </measValue>
            <measValue measObjLdn="vis1MSXOMU01_M301E/IP:IP index=6, MEID=5, Module=3,IP=10.86.105.4">
                <measResults>3643 44 3599 0 0 0 0 0 0 0 0 0 5442 44 5398 0 0 0 0 0 0 0 0 0 47 45 52 54 2 3 95 135 4 6 0 0 0 0 0 0 0 0 3599 5397 0 0 0 0 0 0 0 0 0 0 0 0 0 0 0 0 44 0 0 0 0 0 </measResults>
            </measValue>
            <measValue measObjLdn="vis1MSXOMU01_M301E/IP:IP index=9, MEID=5, Module=6,IP=10.86.105.7">
                <measResults>0 0 0 0 0 0 0 0 0 0 0 0 0 0 0 0 0 0 0 0 0 0 0 0 0 0 0 0 0 0 0 0 0 0 0 0 0 0 0 0 0 0 0 0 0 0 0 0 0 0 0 0 0 0 0 0 0 0 0 0 0 0 0 0 0 0 </measResults>
            </measValue>
            <measValue measObjLdn="vis1MSXOMU01_M301E/IP:IP index=4, MEID=5, Module=5,IP=10.86.105.53">
                <measResults>143178 0 0 143178 0 0 0 0 0 0 0 0 142987 0 0 142987 0 0 0 0 0 0 0 0 85 84 1452 1452 79 79 6761 6719 84 84 0 0 0 0 130923 130734 0 0 0 0 0 0 9897 9898 0 0 0 0 0 0 0 0 0 0 2358 2359 0 0 0 0 0 0 </measResults>
            </measValue>
            <measValue measObjLdn="vis1MSXOMU01_M301E/IP:IP index=10, MEID=5, Module=9,IP=10.86.105.8">
                <measResults>0 0 0 0 0 0 0 0 0 0 0 0 0 0 0 0 0 0 0 0 0 0 0 0 0 0 0 0 0 0 0 0 0 0 0 0 0 0 0 0 0 0 0 0 0 0 0 0 0 0 0 0 0 0 0 0 0 0 0 0 0 0 0 0 0 0 </measResults>
            </measValue>
            <measValue measObjLdn="vis1MSXOMU01_M301E/IP:IP index=5, MEID=5, Module=8,IP=10.86.105.54">
                <measResults>138525 0 0 138525 0 0 0 0 0 0 0 0 138448 0 0 138448 0 0 0 0 0 0 0 0 85 85 1452 1452 76 76 6572 6541 104 105 0 0 0 0 129569 129496 0 0 0 0 0 0 6597 6611 0 0 0 0 0 0 0 0 0 0 2359 2358 0 0 0 0 0 0 </measResults>
            </measValue>
            <measValue measObjLdn="vis1MSXOMU01_M301E/IP:IP index=3, MEID=5, Module=2,IP=10.86.105.52">
                <measResults>143161 0 0 143161 0 0 0 0 0 0 0 0 142963 0 0 142963 0 0 0 0 0 0 0 0 85 84 1452 1452 79 79 6760 6719 163 162 0 0 0 0 130906 130697 0 0 0 0 0 0 9896 9897 0 0 0 0 0 0 0 0 0 0 2359 2358 0 0 0 0 0 0 </measResults>
            </measValue>
            <measValue measObjLdn="vis1MSXOMU01_M301E/IP:IP index=7, MEID=5, Module=3,IP=10.86.105.5">
                <measResults>0 0 0 0 0 0 0 0 0 0 0 0 0 0 0 0 0 0 0 0 0 0 0 0 0 0 0 0 0 0 0 0 0 0 0 0 0 0 0 0 0 0 0 0 0 0 0 0 0 0 0 0 0 0 0 0 0 0 0 0 0 0 0 0 0 0 </measResults>
            </measValue>
            <measValue measObjLdn="vis1MSXOMU01_M301E/IP:IP index=2, MEID=5, Module=7,IP=10.86.105.38">
                <measResults>138539 0 0 138539 0 0 0 0 0 0 0 0 138429 0 0 138429 0 0 0 0 0 0 0 0 85 85 1452 1452 76 76 6574 6542 122 122 0 0 0 0 129598 129486 0 0 0 0 0 0 6583 6583 0 0 0 0 0 0 0 0 0 0 2358 2358 0 0 0 0 0 0 </measResults>
            </measValue>
            <measValue measObjLdn="vis1MSXOMU01_M301E/IP:IP index=12, MEID=50, Module=1808,IP=10.86.105.100">
                <measResults>0 0 0 0 0 0 0 0 0 0 0 0 0 0 0 0 0 0 0 0 0 0 0 0 0 0 0 0 0 0 0 0 0 0 0 0 0 0 0 0 0 0 0 0 0 0 0 0 0 0 0 0 0 0 0 0 0 0 0 0 0 0 0 0 0 0 </measResults>
            </measValue>
            <measValue measObjLdn="vis1MSXOMU01_M301E/IP:IP index=14, MEID=50, Module=1828,IP=10.86.105.102">
                <measResults>0 0 0 0 0 0 0 0 0 0 0 0 0 0 0 0 0 0 0 0 0 0 0 0 0 0 0 0 0 0 0 0 0 0 0 0 0 0 0 0 0 0 0 0 0 0 0 0 0 0 0 0 0 0 0 0 0 0 0 0 0 0 0 0 0 0 </measResults>
            </measValue>
        </measInfo>
        <measInfo measInfoId="1057000003">
            <granPeriod duration="PT1800S" endTime="2021-08-12T00:00:00+08:00"/>
            <repPeriod duration="PT1800S"/>
            <measTypes>1057000230 1057000231 1057000232 1057000233 1057000234 1057000235 1057000236 1057000237 1057000238 1057000239 1057000240 </measTypes>
            <measValue measObjLdn="vis1MSXOMU01_M301E/VM:Virtual machine name=vis1MSX01_M301E_MSXCCU_VDU1_3">
                <measResults>17 5956 4901 2.133 0 16.597 0 0.677 0.677 0.042 0 </measResults>
            </measValue>
            <measValue measObjLdn="vis1MSXOMU01_M301E/VM:Virtual machine name=vis1MSX01_M301E_MSXIFM_VDU2_1">
                <measResults>19 3944 3172 2.1 0 20.065 0 0.65 0.553 0.045 0 </measResults>
            </measValue>
            <measValue measObjLdn="vis1MSXOMU01_M301E/VM:Virtual machine name=vis1MSX01_M301E_MSXVDB_VDU2_1">
                <measResults>26 3944 2915 2.333 0 17.532 0 0.67 0.625 0.038 0 </measResults>
            </measValue>
            <measValue measObjLdn="vis1MSXOMU01_M301E/VM:Virtual machine name=vis1MSX01_M301E_MSXCCU_VDU1_2">
                <measResults>17 5956 4899 2.45 0 19.267 0 0.663 0.663 0.042 0 </measResults>
            </measValue>
            <measValue measObjLdn="vis1MSXOMU01_M301E/VM:Virtual machine name=vis1MSX01_M301E_MSXCCU_VDU1_7">
                <measResults>17 5956 4900 2.4 0 18.267 0 0.687 0.62 0.04 0 </measResults>
            </measValue>
            <measValue measObjLdn="vis1MSXOMU01_M301E/VM:Virtual machine name=vis1MSX01_M301E_MSXIFM_VDU1_0">
                <measResults>19 3944 3172 2.267 0 19.867 0 0.692 0.67 0.043 0 </measResults>
            </measValue>
            <measValue measObjLdn="vis1MSXOMU01_M301E/VM:Virtual machine name=vis1MSX01_M301E_MSXCCU_VDU2_7">
                <measResults>17 5956 4900 2.317 0 15.467 0 0.638 0.623 0.04 0 </measResults>
            </measValue>
            <measValue measObjLdn="vis1MSXOMU01_M301E/VM:Virtual machine name=vis1MSX01_M301E_MSXCCU_VDU2_9">
                <measResults>17 5956 4899 1.833 0 15.733 0 0.65 0.613 0.038 0 </measResults>
            </measValue>
            <measValue measObjLdn="vis1MSXOMU01_M301E/VM:Virtual machine name=vis1MSX01_M301E_MSXCCU_VDU2_4">
                <measResults>17 5956 4899 2.233 0 18.333 0 0.517 0.517 0.035 0 </measResults>
            </measValue>
            <measValue measObjLdn="vis1MSXOMU01_M301E/VM:Virtual machine name=vis1MSX01_M301E_MSXBSG_VDU1_2">
                <measResults>20 3944 3139 2.233 0 20.395 0 0.638 0.59 0.04 0 </measResults>
            </measValue>
            <measValue measObjLdn="vis1MSXOMU01_M301E/VM:Virtual machine name=vis1MSX01_M301E_MSXCCU_VDU1_8">
                <measResults>17 5956 4897 2.083 0 15.6 0 0.675 0.643 0.042 0 </measResults>
            </measValue>
            <measValue measObjLdn="vis1MSXOMU01_M301E/VM:Virtual machine name=vis1MSX01_M301E_MSXVDB_VDU1_3">
                <measResults>26 3944 2914 2.267 0 17.467 0 0.62 0.568 0.037 0 </measResults>
            </measValue>
            <measValue measObjLdn="vis1MSXOMU01_M301E/VM:Virtual machine name=vis1MSX01_M301E_MSXVDB_VDU2_2">
                <measResults>26 3944 2913 2.567 0 16.53 0 0.658 0.613 0.038 0 </measResults>
            </measValue>
            <measValue measObjLdn="vis1MSXOMU01_M301E/VM:Virtual machine name=vis1MSX01_M301E_MSXVDB_VDU1_1">
                <measResults>26 3944 2915 2.483 0 18.13 0 0.592 0.528 0.038 0 </measResults>
            </measValue>
            <measValue measObjLdn="vis1MSXOMU01_M301E/VM:Virtual machine name=vis1MSX01_M301E_MSXBSG_VDU2_2">
                <measResults>20 3944 3139 2.55 0 18.667 0 0.637 0.637 0.04 0 </measResults>
            </measValue>
            <measValue measObjLdn="vis1MSXOMU01_M301E/VM:Virtual machine name=vis1MSX01_M301E_MSXCCU_VDU2_5">
                <measResults>17 5956 4899 2.2 0 16.333 0 0.637 0.628 0.043 0 </measResults>
            </measValue>
            <measValue measObjLdn="vis1MSXOMU01_M301E/VM:Virtual machine name=vis1MSX01_M301E_MSXIFM_VDU1_2">
                <measResults>19 3944 3171 2.367 0.633 19.867 33.467 1.41 1.157 0.285 0.003 </measResults>
            </measValue>
            <measValue measObjLdn="vis1MSXOMU01_M301E/VM:Virtual machine name=vis1MSX01_M301E_MSXCCU_VDU1_4">
                <measResults>17 5956 4899 2.483 0 16.6 0 0.685 0.617 0.042 0 </measResults>
            </measValue>
            <measValue measObjLdn="vis1MSXOMU01_M301E/VM:Virtual machine name=vis1MSX01_M301E_MSXVDB_VDU2_3">
                <measResults>26 3944 2915 2.3 0 19.063 0 0.727 0.653 0.04 0 </measResults>
            </measValue>
            <measValue measObjLdn="vis1MSXOMU01_M301E/VM:Virtual machine name=vis1MSX01_M301E_MSXIFM_VDU1_1">
                <measResults>19 3944 3173 1.9 0 13.533 0 0.563 0.557 0.038 0 </measResults>
            </measValue>
            <measValue measObjLdn="vis1MSXOMU01_M301E/VM:Virtual machine name=vis1MSX01_M301E_MSXBSG_VDU2_0">
                <measResults>20 3944 3140 2.183 0 21.463 0 0.725 0.62 0.042 0 </measResults>
            </measValue>
            <measValue measObjLdn="vis1MSXOMU01_M301E/VM:Virtual machine name=vis1MSX01_M301E_MSXBSG_VDU1_1">
                <measResults>20 3944 3142 2.533 0 20.865 0 0.543 0.533 0.037 0 </measResults>
            </measValue>
            <measValue measObjLdn="vis1MSXOMU01_M301E/VM:Virtual machine name=vis1MSX01_M301E_MSXVDB_VDU1_2">
                <measResults>26 3944 2914 2.517 0 19.998 0 0.682 0.668 0.04 0 </measResults>
            </measValue>
            <measValue measObjLdn="vis1MSXOMU01_M301E/VM:Virtual machine name=vis1MSX01_M301E_MSXCCU_VDU1_9">
                <measResults>17 5956 4899 2.3 0 15.667 0 0.623 0.597 0.038 0 </measResults>
            </measValue>
            <measValue measObjLdn="vis1MSXOMU01_M301E/VM:Virtual machine name=vis1MSX01_M301E_MSXBSG_VDU1_0">
                <measResults>20 3944 3137 1.983 0 17.598 0 0.727 0.68 0.042 0 </measResults>
            </measValue>
            <measValue measObjLdn="vis1MSXOMU01_M301E/VM:Virtual machine name=vis1MSX01_M301E_MSXBSG_VDU2_1">
                <measResults>20 3944 3141 2.033 0 15.865 0 0.698 0.603 0.04 0 </measResults>
            </measValue>
            <measValue measObjLdn="vis1MSXOMU01_M301E/VM:Virtual machine name=vis1MSX01_M301E_MSXCDB_VDU1_0">
                <measResults>22 3944 3053 2.45 0 20.332 0 0.662 0.63 0.042 0 </measResults>
            </measValue>
            <measValue measObjLdn="vis1MSXOMU01_M301E/VM:Virtual machine name=vis1MSX01_M301E_MSXCCU_VDU2_6">
                <measResults>17 5956 4901 2.3 0 18.728 0 0.665 0.625 0.038 0 </measResults>
            </measValue>
            <measValue measObjLdn="vis1MSXOMU01_M301E/VM:Virtual machine name=vis1MSX01_M301E_MSXCCU_VDU2_3">
                <measResults>17 5956 4897 2.233 0 17 0 0.71 0.645 0.042 0 </measResults>
            </measValue>
            <measValue measObjLdn="vis1MSXOMU01_M301E/VM:Virtual machine name=vis1MSX01_M301E_MSXCCU_VDU2_2">
                <measResults>17 5956 4899 2 0 15.998 0 0.69 0.637 0.04 0 </measResults>
            </measValue>
            <measValue measObjLdn="vis1MSXOMU01_M301E/VM:Virtual machine name=vis1MSX01_M301E_MSXIFM_VDU2_2">
                <measResults>19 3944 3172 2.2 0 16.263 0 0.613 0.613 0.04 0 </measResults>
            </measValue>
            <measValue measObjLdn="vis1MSXOMU01_M301E/VM:Virtual machine name=vis1MSXIGWB01_M301E_IGWB_VDU1_1">
                <measResults>11 40015 35446 6.45 0 37.25 0 0.382 0.302 0.088 0 </measResults>
            </measValue>
            <measValue measObjLdn="vis1MSXOMU01_M301E/VM:Virtual machine name=vis1MSXIGWB01_M301E_IGWB_VDU2_1">
                <measResults>5 297981 280171 5.867 0 34.422 0 0.525 0.378 0.113 0 </measResults>
            </measValue>
            <measValue measObjLdn="vis1MSXOMU01_M301E/VM:Virtual machine name=vis1MSXOMU01_M301E_OMUBIG_0">
                <measResults>38 204405 126057 14.367 0.167 280.517 0.8 1.682 0.282 0.16 0.018 </measResults>
            </measValue>
            <measValue measObjLdn="vis1MSXOMU01_M301E/VM:Virtual machine name=vis1MSX01_M301E_MSXIFM_VDU2_0">
                <measResults>19 3944 3172 2.417 0 19.53 0 0.74 0.715 0.05 0 </measResults>
            </measValue>
            <measValue measObjLdn="vis1MSXOMU01_M301E/VM:Virtual machine name=vis1MSXOMU01_M301E_OMUBIG_1">
                <measResults>38 204405 126433 8.45 0.167 62.9 8.4 0.55 0.222 0.078 0 </measResults>
            </measValue>
            <measValue measObjLdn="vis1MSXOMU01_M301E/VM:Virtual machine name=vis1MSX01_M301E_MSXVDB_VDU1_0">
                <measResults>26 3944 2914 2.4 0 20.595 0 0.555 0.437 0.032 0 </measResults>
            </measValue>
            <measValue measObjLdn="vis1MSXOMU01_M301E/VM:Virtual machine name=vis1MSX01_M301E_MSXCCU_VDU1_0">
                <measResults>17 5956 4899 2.017 0 17.465 0 0.692 0.637 0.04 0 </measResults>
            </measValue>
            <measValue measObjLdn="vis1MSXOMU01_M301E/VM:Virtual machine name=vis1MSX01_M301E_MSXCCU_VDU2_1">
                <measResults>17 5956 4899 1.9 0 14.662 0 0.617 0.603 0.04 0 </measResults>
            </measValue>
            <measValue measObjLdn="vis1MSXOMU01_M301E/VM:Virtual machine name=vis1MSX01_M301E_MSXVDB_VDU2_0">
                <measResults>26 3944 2917 2.067 0 18.133 0 0.693 0.637 0.04 0 </measResults>
            </measValue>
            <measValue measObjLdn="vis1MSXOMU01_M301E/VM:Virtual machine name=vis1MSXIGWB01_M301E_IGWB_VDU2_0">
                <measResults>6 297981 280085 6.033 0 36.317 0 0.535 0.347 0.107 0 </measResults>
            </measValue>
            <measValue measObjLdn="vis1MSXOMU01_M301E/VM:Virtual machine name=vis1MSX01_M301E_MSXCCU_VDU2_0">
                <measResults>17 5956 4898 2.9 0 19.532 0 0.637 0.637 0.04 0 </measResults>
            </measValue>
            <measValue measObjLdn="vis1MSXOMU01_M301E/VM:Virtual machine name=vis1MSX01_M301E_MSXCCU_VDU1_1">
                <measResults>17 5956 4899 2.383 0 17.665 0 0.613 0.597 0.037 0 </measResults>
            </measValue>
            <measValue measObjLdn="vis1MSXOMU01_M301E/VM:Virtual machine name=vis1MSXIGWB01_M301E_IGWB_VDU1_0">
                <measResults>11 40015 35406 5.983 0 36.667 0 0.472 0.348 0.115 0 </measResults>
            </measValue>
            <measValue measObjLdn="vis1MSXOMU01_M301E/VM:Virtual machine name=vis1MSXIGWB01_M301E_IGWB_VDU1_2">
                <measResults>11 40015 35583 5.4 0 31.133 0 0.473 0.385 0.098 0 </measResults>
            </measValue>
            <measValue measObjLdn="vis1MSXOMU01_M301E/VM:Virtual machine name=vis1MSX01_M301E_MSXCCU_VDU1_5">
                <measResults>17 5956 4898 2.083 0 16.528 0 0.687 0.68 0.042 0 </measResults>
            </measValue>
            <measValue measObjLdn="vis1MSXOMU01_M301E/VM:Virtual machine name=vis1MSX01_M301E_MSXCCU_VDU1_6">
                <measResults>17 5956 4898 2.217 0 16.933 0 0.605 0.53 0.038 0 </measResults>
            </measValue>
            <measValue measObjLdn="vis1MSXOMU01_M301E/VM:Virtual machine name=vis1MSX01_M301E_MSXCCU_VDU2_8">
                <measResults>17 5956 4900 2.283 0 17.933 0 0.702 0.637 0.04 0 </measResults>
            </measValue>
            <measValue measObjLdn="vis1MSXOMU01_M301E/VM:Virtual machine name=vis1MSX01_M301E_MSXCDB_VDU2_0">
                <measResults>22 3944 3054 2.467 0 18.067 0 0.68 0.617 0.038 0 </measResults>
            </measValue>
            <measValue measObjLdn="vis1MSXOMU01_M301E/VM:Virtual machine name=vis1MSXIGWB01_M301E_IGWB_VDU2_2">
                <measResults>5 297981 280227 5.833 0 36.745 0 0.453 0.338 0.107 0 </measResults>
            </measValue>
        </measInfo>
        <measInfo measInfoId="1057000000">
            <granPeriod duration="PT1800S" endTime="2021-08-12T00:00:00+08:00"/>
            <repPeriod duration="PT1800S"/>
            <measTypes>1057000200 1057000201 1057000203 1057000205 1057000206 </measTypes>
            <measValue measObjLdn="vis1MSXOMU01_M301E/VM:Virtual machine name=vis1MSX01_M301E_MSXCCU_VDU1_3">
                <measResults>3 6 9 0 0 </measResults>
            </measValue>
            <measValue measObjLdn="vis1MSXOMU01_M301E/VM:Virtual machine name=vis1MSX01_M301E_MSXIFM_VDU2_1">
                <measResults>6 15 1 0 0 </measResults>
            </measValue>
            <measValue measObjLdn="vis1MSXOMU01_M301E/VM:Virtual machine name=vis1MSX01_M301E_MSXVDB_VDU2_1">
                <measResults>2 7 1 0 0 </measResults>
            </measValue>
            <measValue measObjLdn="vis1MSXOMU01_M301E/VM:Virtual machine name=vis1MSX01_M301E_MSXCCU_VDU1_2">
                <measResults>3 8 14 0 0 </measResults>
            </measValue>
            <measValue measObjLdn="vis1MSXOMU01_M301E/VM:Virtual machine name=vis1MSX01_M301E_MSXCCU_VDU1_7">
                <measResults>3 7 10 0 0 </measResults>
            </measValue>
            <measValue measObjLdn="vis1MSXOMU01_M301E/VM:Virtual machine name=vis1MSX01_M301E_MSXIFM_VDU1_0">
                <measResults>6 17 2 0 0 </measResults>
            </measValue>
            <measValue measObjLdn="vis1MSXOMU01_M301E/VM:Virtual machine name=vis1MSX01_M301E_MSXCCU_VDU2_7">
                <measResults>3 9 2 0 0 </measResults>
            </measValue>
            <measValue measObjLdn="vis1MSXOMU01_M301E/VM:Virtual machine name=vis1MSX01_M301E_MSXCCU_VDU2_9">
                <measResults>3 8 4 0 0 </measResults>
            </measValue>
            <measValue measObjLdn="vis1MSXOMU01_M301E/VM:Virtual machine name=vis1MSX01_M301E_MSXCCU_VDU2_4">
                <measResults>3 11 1 0 0 </measResults>
            </measValue>
            <measValue measObjLdn="vis1MSXOMU01_M301E/VM:Virtual machine name=vis1MSX01_M301E_MSXBSG_VDU1_2">
                <measResults>3 6 7 0 0 </measResults>
            </measValue>
            <measValue measObjLdn="vis1MSXOMU01_M301E/VM:Virtual machine name=vis1MSX01_M301E_MSXCCU_VDU1_8">
                <measResults>3 14 13 0 0 </measResults>
            </measValue>
            <measValue measObjLdn="vis1MSXOMU01_M301E/VM:Virtual machine name=vis1MSX01_M301E_MSXVDB_VDU1_3">
                <measResults>3 7 1 0 0 </measResults>
            </measValue>
            <measValue measObjLdn="vis1MSXOMU01_M301E/VM:Virtual machine name=vis1MSX01_M301E_MSXVDB_VDU2_2">
                <measResults>3 7 2 0 0 </measResults>
            </measValue>
            <measValue measObjLdn="vis1MSXOMU01_M301E/VM:Virtual machine name=vis1MSX01_M301E_MSXVDB_VDU1_1">
                <measResults>3 6 24 0 0 </measResults>
            </measValue>
            <measValue measObjLdn="vis1MSXOMU01_M301E/VM:Virtual machine name=vis1MSX01_M301E_MSXBSG_VDU2_2">
                <measResults>3 12 4 0 0 </measResults>
            </measValue>
            <measValue measObjLdn="vis1MSXOMU01_M301E/VM:Virtual machine name=vis1MSX01_M301E_MSXCCU_VDU2_5">
                <measResults>3 8 1 0 0 </measResults>
            </measValue>
            <measValue measObjLdn="vis1MSXOMU01_M301E/VM:Virtual machine name=vis1MSX01_M301E_MSXIFM_VDU1_2">
                <measResults>6 15 1 0 0 </measResults>
            </measValue>
            <measValue measObjLdn="vis1MSXOMU01_M301E/VM:Virtual machine name=vis1MSX01_M301E_MSXCCU_VDU1_4">
                <measResults>3 6 15 0 0 </measResults>
            </measValue>
            <measValue measObjLdn="vis1MSXOMU01_M301E/VM:Virtual machine name=vis1MSX01_M301E_MSXVDB_VDU2_3">
                <measResults>2 6 13 0 0 </measResults>
            </measValue>
            <measValue measObjLdn="vis1MSXOMU01_M301E/VM:Virtual machine name=vis1MSX01_M301E_MSXIFM_VDU1_1">
                <measResults>6 17 3 0 0 </measResults>
            </measValue>
            <measValue measObjLdn="vis1MSXOMU01_M301E/VM:Virtual machine name=vis1MSX01_M301E_MSXBSG_VDU2_0">
                <measResults>3 11 6 0 0 </measResults>
            </measValue>
            <measValue measObjLdn="vis1MSXOMU01_M301E/VM:Virtual machine name=vis1MSX01_M301E_MSXBSG_VDU1_1">
                <measResults>3 7 1 0 0 </measResults>
            </measValue>
            <measValue measObjLdn="vis1MSXOMU01_M301E/VM:Virtual machine name=vis1MSX01_M301E_MSXVDB_VDU1_2">
                <measResults>3 8 2 0 0 </measResults>
            </measValue>
            <measValue measObjLdn="vis1MSXOMU01_M301E/VM:Virtual machine name=vis1MSX01_M301E_MSXCCU_VDU1_9">
                <measResults>3 7 13 0 0 </measResults>
            </measValue>
            <measValue measObjLdn="vis1MSXOMU01_M301E/VM:Virtual machine name=vis1MSX01_M301E_MSXBSG_VDU1_0">
                <measResults>3 7 18 0 0 </measResults>
            </measValue>
            <measValue measObjLdn="vis1MSXOMU01_M301E/VM:Virtual machine name=vis1MSX01_M301E_MSXBSG_VDU2_1">
                <measResults>3 7 1 0 0 </measResults>
            </measValue>
            <measValue measObjLdn="vis1MSXOMU01_M301E/VM:Virtual machine name=vis1MSX01_M301E_MSXCDB_VDU1_0">
                <measResults>6 12 2 0 0 </measResults>
            </measValue>
            <measValue measObjLdn="vis1MSXOMU01_M301E/VM:Virtual machine name=vis1MSX01_M301E_MSXCCU_VDU2_6">
                <measResults>3 8 3 0 0 </measResults>
            </measValue>
            <measValue measObjLdn="vis1MSXOMU01_M301E/VM:Virtual machine name=vis1MSX01_M301E_MSXCCU_VDU2_3">
                <measResults>3 8 1 0 0 </measResults>
            </measValue>
            <measValue measObjLdn="vis1MSXOMU01_M301E/VM:Virtual machine name=vis1MSX01_M301E_MSXCCU_VDU2_2">
                <measResults>3 13 1 0 0 </measResults>
            </measValue>
            <measValue measObjLdn="vis1MSXOMU01_M301E/VM:Virtual machine name=vis1MSX01_M301E_MSXIFM_VDU2_2">
                <measResults>6 26 1 0 0 </measResults>
            </measValue>
            <measValue measObjLdn="vis1MSXOMU01_M301E/VM:Virtual machine name=vis1MSXIGWB01_M301E_IGWB_VDU1_1">
                <measResults>5 13 6 0 0 </measResults>
            </measValue>
            <measValue measObjLdn="vis1MSXOMU01_M301E/VM:Virtual machine name=vis1MSXIGWB01_M301E_IGWB_VDU2_1">
                <measResults>6 24 1 0 0 </measResults>
            </measValue>
            <measValue measObjLdn="vis1MSXOMU01_M301E/VM:Virtual machine name=vis1MSXOMU01_M301E_OMUBIG_0">
                <measResults>19 36 7 0 0 </measResults>
            </measValue>
            <measValue measObjLdn="vis1MSXOMU01_M301E/VM:Virtual machine name=vis1MSX01_M301E_MSXIFM_VDU2_0">
                <measResults>6 17 1 0 0 </measResults>
            </measValue>
            <measValue measObjLdn="vis1MSXOMU01_M301E/VM:Virtual machine name=vis1MSXOMU01_M301E_OMUBIG_1">
                <measResults>4 18 4 0 0 </measResults>
            </measValue>
            <measValue measObjLdn="vis1MSXOMU01_M301E/VM:Virtual machine name=vis1MSX01_M301E_MSXVDB_VDU1_0">
                <measResults>3 7 4 0 0 </measResults>
            </measValue>
            <measValue measObjLdn="vis1MSXOMU01_M301E/VM:Virtual machine name=vis1MSX01_M301E_MSXCCU_VDU1_0">
                <measResults>3 7 1 0 0 </measResults>
            </measValue>
            <measValue measObjLdn="vis1MSXOMU01_M301E/VM:Virtual machine name=vis1MSX01_M301E_MSXCCU_VDU2_1">
                <measResults>3 11 2 0 0 </measResults>
            </measValue>
            <measValue measObjLdn="vis1MSXOMU01_M301E/VM:Virtual machine name=vis1MSX01_M301E_MSXVDB_VDU2_0">
                <measResults>3 11 3 0 0 </measResults>
            </measValue>
            <measValue measObjLdn="vis1MSXOMU01_M301E/VM:Virtual machine name=vis1MSXIGWB01_M301E_IGWB_VDU2_0">
                <measResults>6 26 1 0 0 </measResults>
            </measValue>
            <measValue measObjLdn="vis1MSXOMU01_M301E/VM:Virtual machine name=vis1MSX01_M301E_MSXCCU_VDU2_0">
                <measResults>3 11 1 0 0 </measResults>
            </measValue>
            <measValue measObjLdn="vis1MSXOMU01_M301E/VM:Virtual machine name=vis1MSX01_M301E_MSXCCU_VDU1_1">
                <measResults>3 6 17 0 0 </measResults>
            </measValue>
            <measValue measObjLdn="vis1MSXOMU01_M301E/VM:Virtual machine name=vis1MSXIGWB01_M301E_IGWB_VDU1_0">
                <measResults>6 14 9 0 0 </measResults>
            </measValue>
            <measValue measObjLdn="vis1MSXOMU01_M301E/VM:Virtual machine name=vis1MSXIGWB01_M301E_IGWB_VDU1_2">
                <measResults>5 12 1 0 0 </measResults>
            </measValue>
            <measValue measObjLdn="vis1MSXOMU01_M301E/VM:Virtual machine name=vis1MSX01_M301E_MSXCCU_VDU1_5">
                <measResults>3 6 17 0 0 </measResults>
            </measValue>
            <measValue measObjLdn="vis1MSXOMU01_M301E/VM:Virtual machine name=vis1MSX01_M301E_MSXCCU_VDU1_6">
                <measResults>3 6 8 0 0 </measResults>
            </measValue>
            <measValue measObjLdn="vis1MSXOMU01_M301E/VM:Virtual machine name=vis1MSX01_M301E_MSXCCU_VDU2_8">
                <measResults>3 6 4 0 0 </measResults>
            </measValue>
            <measValue measObjLdn="vis1MSXOMU01_M301E/VM:Virtual machine name=vis1MSX01_M301E_MSXCDB_VDU2_0">
                <measResults>5 32 18 0 0 </measResults>
            </measValue>
            <measValue measObjLdn="vis1MSXOMU01_M301E/VM:Virtual machine name=vis1MSXIGWB01_M301E_IGWB_VDU2_2">
                <measResults>6 25 2 0 0 </measResults>
            </measValue>
        </measInfo>
    </measData>
    <fileFooter>
        <measCollec endTime="2021-08-12T00:00:00+08:00"/>
    </fileFooter>
</measCollecFile>
