<?xml version="1.0" encoding="UTF-8"?>
<measCollecFile xmlns="http://www.3gpp.org/ftp/specs/archive/32_series/32.435#measCollec">
<fileHeader fileFormatVersion="32.435 V10.0" vendorName="Nokia Networks">
<fileSender elementType="HSSFE"/>
<measCollec beginTime="2021-08-22T00:30:00+08:00"/>
</fileHeader>
<measData>
<managedElement/>
<measInfo measInfoId="NETWORK">
<granPeriod duration="PT900S" endTime="2021-08-22T00:45:00+08:00"/>
<repPeriod duration="PT900S"/>
<measTypes>bytesTransmitted packetsTransmitted packetsReceived bytesReceived</measTypes>
<measValue measObjLdn="PLMN-PLMN/HSSFE-HSSGHL02/BRM-hssghl02/NET-eth3">
<measResults>0 0 0 0</measResults>
</measValue>
</measInfo>
<measInfo measInfoId="NETWORK">
<granPeriod duration="PT900S" endTime="2021-08-22T00:45:00+08:00"/>
<repPeriod duration="PT900S"/>
<measTypes>bytesTransmitted packetsTransmitted packetsReceived bytesReceived</measTypes>
<measValue measObjLdn="PLMN-PLMN/HSSFE-HSSGHL02/BRM-hssghl02/NET-eth4">
<measResults>0 0 2120 251108</measResults>
</measValue>
</measInfo>
<measInfo measInfoId="NETWORK">
<granPeriod duration="PT900S" endTime="2021-08-22T00:45:00+08:00"/>
<repPeriod duration="PT900S"/>
<measTypes>bytesTransmitted packetsTransmitted packetsReceived bytesReceived</measTypes>
<measValue measObjLdn="PLMN-PLMN/HSSFE-HSSGHL02/BRM-hssghl02/NET-eth5">
<measResults>0 0 2120 251108</measResults>
</measValue>
</measInfo>
<measInfo measInfoId="NETWORK">
<granPeriod duration="PT900S" endTime="2021-08-22T00:45:00+08:00"/>
<repPeriod duration="PT900S"/>
<measTypes>bytesTransmitted packetsTransmitted packetsReceived bytesReceived</measTypes>
<measValue measObjLdn="PLMN-PLMN/HSSFE-HSSGHL02/BRM-hssghl02/NET-eth2">
<measResults>0 0 0 0</measResults>
</measValue>
</measInfo>
<measInfo measInfoId="NETWORK">
<granPeriod duration="PT900S" endTime="2021-08-22T00:45:00+08:00"/>
<repPeriod duration="PT900S"/>
<measTypes>bytesTransmitted packetsTransmitted packetsReceived bytesReceived</measTypes>
<measValue measObjLdn="PLMN-PLMN/HSSFE-HSSGHL02/BRM-hssghl02/NET-eth1">
<measResults>0 0 3 180</measResults>
</measValue>
</measInfo>
<measInfo measInfoId="NETWORK">
<granPeriod duration="PT900S" endTime="2021-08-22T00:45:00+08:00"/>
<repPeriod duration="PT900S"/>
<measTypes>bytesTransmitted packetsTransmitted packetsReceived bytesReceived</measTypes>
<measValue measObjLdn="PLMN-PLMN/HSSFE-HSSGHL02/BRM-hssghl02/NET-eth0">
<measResults>423182 4928 4232 2008404</measResults>
</measValue>
</measInfo>
<measInfo measInfoId="NETWORK">
<granPeriod duration="PT900S" endTime="2021-08-22T00:45:00+08:00"/>
<repPeriod duration="PT900S"/>
<measTypes>bytesTransmitted packetsTransmitted packetsReceived bytesReceived</measTypes>
<measValue measObjLdn="PLMN-PLMN/HSSFE-HSSGHL02/BRM-hssghl02/NET-lo">
<measResults>20275946 88674 88674 20275946</measResults>
</measValue>
</measInfo>
<measInfo measInfoId="CPU">
<granPeriod duration="PT900S" endTime="2021-08-22T00:45:00+08:00"/>
<repPeriod duration="PT900S"/>
<measTypes>cpuLoad cpuUsed</measTypes>
<measValue measObjLdn="PLMN-PLMN/HSSFE-HSSGHL02/BRM-hssghl02/CPU-9">
<measResults>2 576</measResults>
</measValue>
</measInfo>
<measInfo measInfoId="CPU">
<granPeriod duration="PT900S" endTime="2021-08-22T00:45:00+08:00"/>
<repPeriod duration="PT900S"/>
<measTypes>cpuLoad cpuUsed</measTypes>
<measValue measObjLdn="PLMN-PLMN/HSSFE-HSSGHL02/BRM-hssghl02/CPU-8">
<measResults>4 959</measResults>
</measValue>
</measInfo>
<measInfo measInfoId="CPU">
<granPeriod duration="PT900S" endTime="2021-08-22T00:45:00+08:00"/>
<repPeriod duration="PT900S"/>
<measTypes>cpuLoad cpuUsed</measTypes>
<measValue measObjLdn="PLMN-PLMN/HSSFE-HSSGHL02/BRM-hssghl02/CPU-7">
<measResults>6 1467</measResults>
</measValue>
</measInfo>
<measInfo measInfoId="CPU">
<granPeriod duration="PT900S" endTime="2021-08-22T00:45:00+08:00"/>
<repPeriod duration="PT900S"/>
<measTypes>cpuLoad cpuUsed</measTypes>
<measValue measObjLdn="PLMN-PLMN/HSSFE-HSSGHL02/BRM-hssghl02/CPU-10">
<measResults>2 553</measResults>
</measValue>
</measInfo>
<measInfo measInfoId="CPU">
<granPeriod duration="PT900S" endTime="2021-08-22T00:45:00+08:00"/>
<repPeriod duration="PT900S"/>
<measTypes>cpuLoad cpuUsed</measTypes>
<measValue measObjLdn="PLMN-PLMN/HSSFE-HSSGHL02/BRM-hssghl02/CPU-6">
<measResults>4 1057</measResults>
</measValue>
</measInfo>
<measInfo measInfoId="CPU">
<granPeriod duration="PT900S" endTime="2021-08-22T00:45:00+08:00"/>
<repPeriod duration="PT900S"/>
<measTypes>cpuLoad cpuUsed</measTypes>
<measValue measObjLdn="PLMN-PLMN/HSSFE-HSSGHL02/BRM-hssghl02/CPU-11">
<measResults>2 534</measResults>
</measValue>
</measInfo>
<measInfo measInfoId="CPU">
<granPeriod duration="PT900S" endTime="2021-08-22T00:45:00+08:00"/>
<repPeriod duration="PT900S"/>
<measTypes>cpuLoad cpuUsed</measTypes>
<measValue measObjLdn="PLMN-PLMN/HSSFE-HSSGHL02/BRM-hssghl02/CPU-5">
<measResults>2 515</measResults>
</measValue>
</measInfo>
<measInfo measInfoId="CPU">
<granPeriod duration="PT900S" endTime="2021-08-22T00:45:00+08:00"/>
<repPeriod duration="PT900S"/>
<measTypes>cpuLoad cpuUsed</measTypes>
<measValue measObjLdn="PLMN-PLMN/HSSFE-HSSGHL02/BRM-hssghl02/CPU-4">
<measResults>2 538</measResults>
</measValue>
</measInfo>
<measInfo measInfoId="CPU">
<granPeriod duration="PT900S" endTime="2021-08-22T00:45:00+08:00"/>
<repPeriod duration="PT900S"/>
<measTypes>cpuLoad cpuUsed</measTypes>
<measValue measObjLdn="PLMN-PLMN/HSSFE-HSSGHL02/BRM-hssghl02/CPU-3">
<measResults>2 545</measResults>
</measValue>
</measInfo>
<measInfo measInfoId="CPU">
<granPeriod duration="PT900S" endTime="2021-08-22T00:45:00+08:00"/>
<repPeriod duration="PT900S"/>
<measTypes>cpuLoad cpuUsed</measTypes>
<measValue measObjLdn="PLMN-PLMN/HSSFE-HSSGHL02/BRM-hssghl02/CPU-2">
<measResults>4 895</measResults>
</measValue>
</measInfo>
<measInfo measInfoId="CPU">
<granPeriod duration="PT900S" endTime="2021-08-22T00:45:00+08:00"/>
<repPeriod duration="PT900S"/>
<measTypes>cpuLoad cpuUsed</measTypes>
<measValue measObjLdn="PLMN-PLMN/HSSFE-HSSGHL02/BRM-hssghl02/CPU-1">
<measResults>8 1860</measResults>
</measValue>
</measInfo>
<measInfo measInfoId="CPU">
<granPeriod duration="PT900S" endTime="2021-08-22T00:45:00+08:00"/>
<repPeriod duration="PT900S"/>
<measTypes>cpuLoad cpuUsed</measTypes>
<measValue measObjLdn="PLMN-PLMN/HSSFE-HSSGHL02/BRM-hssghl02/CPU-0">
<measResults>40 9068</measResults>
</measValue>
</measInfo>
<measInfo measInfoId="AGGREGAT">
<granPeriod duration="PT900S" endTime="2021-08-22T00:45:00+08:00"/>
<repPeriod duration="PT900S"/>
<measTypes>sysUptime sysAvailability memUsed memFree swapUsed swapFree cpuAverageLoad cpuPeakLoad cpuPercentageOverValue</measTypes>
<measValue measObjLdn="PLMN-PLMN/HSSFE-HSSGHL02/BRM-hssghl02">
<measResults>184031757 100 13267920 36150500 0 6291452 11 14 0</measResults>
</measValue>
</measInfo>
<measInfo measInfoId="FS">
<granPeriod duration="PT900S" endTime="2021-08-22T00:45:00+08:00"/>
<repPeriod duration="PT900S"/>
<measTypes>fsUsed</measTypes>
<measValue measObjLdn="PLMN-PLMN/HSSFE-HSSGHL02/BRM-hssghl02/FS-tmpfs">
<measResults>1</measResults>
</measValue>
</measInfo>
<measInfo measInfoId="FS">
<granPeriod duration="PT900S" endTime="2021-08-22T00:45:00+08:00"/>
<repPeriod duration="PT900S"/>
<measTypes>fsUsed</measTypes>
<measValue measObjLdn="PLMN-PLMN/HSSFE-HSSGHL02/BRM-hssghl02/FS-_dev_sda1">
<measResults>16</measResults>
</measValue>
</measInfo>
<measInfo measInfoId="FS">
<granPeriod duration="PT900S" endTime="2021-08-22T00:45:00+08:00"/>
<repPeriod duration="PT900S"/>
<measTypes>fsUsed</measTypes>
<measValue measObjLdn="PLMN-PLMN/HSSFE-HSSGHL02/BRM-hssghl02/FS-_dev_mapper_vg00_root">
<measResults>54</measResults>
</measValue>
</measInfo>
<measInfo measInfoId="FS">
<granPeriod duration="PT900S" endTime="2021-08-22T00:45:00+08:00"/>
<repPeriod duration="PT900S"/>
<measTypes>fsUsed</measTypes>
<measValue measObjLdn="PLMN-PLMN/HSSFE-HSSGHL02/BRM-hssghl02/FS-_dev_mapper_vg00_SolidBackup">
<measResults>4</measResults>
</measValue>
</measInfo>
<measInfo measInfoId="FS">
<granPeriod duration="PT900S" endTime="2021-08-22T00:45:00+08:00"/>
<repPeriod duration="PT900S"/>
<measTypes>fsUsed</measTypes>
<measValue measObjLdn="PLMN-PLMN/HSSFE-HSSGHL02/BRM-hssghl02/FS-_dev_mapper_vg00_SMAW">
<measResults>31</measResults>
</measValue>
</measInfo>
<measInfo measInfoId="FS">
<granPeriod duration="PT900S" endTime="2021-08-22T00:45:00+08:00"/>
<repPeriod duration="PT900S"/>
<measTypes>fsUsed</measTypes>
<measValue measObjLdn="PLMN-PLMN/HSSFE-HSSGHL02/BRM-hssghl02/FS-_dev_mapper_vg00_tmp">
<measResults>2</measResults>
</measValue>
</measInfo>
<measInfo measInfoId="FS">
<granPeriod duration="PT900S" endTime="2021-08-22T00:45:00+08:00"/>
<repPeriod duration="PT900S"/>
<measTypes>fsUsed</measTypes>
<measValue measObjLdn="PLMN-PLMN/HSSFE-HSSGHL02/BRM-hssghl02/FS-_dev_mapper_vg00_home">
<measResults>55</measResults>
</measValue>
</measInfo>
<measInfo measInfoId="FS">
<granPeriod duration="PT900S" endTime="2021-08-22T00:45:00+08:00"/>
<repPeriod duration="PT900S"/>
<measTypes>fsUsed</measTypes>
<measValue measObjLdn="PLMN-PLMN/HSSFE-HSSGHL02/BRM-hssghl02/FS-_dev_mapper_vg00_tspsolid">
<measResults>41</measResults>
</measValue>
</measInfo>
<measInfo measInfoId="FS">
<granPeriod duration="PT900S" endTime="2021-08-22T00:45:00+08:00"/>
<repPeriod duration="PT900S"/>
<measTypes>fsUsed</measTypes>
<measValue measObjLdn="PLMN-PLMN/HSSFE-HSSGHL02/BRM-hssghl02/FS-_dev_mapper_vg00_TspOam">
<measResults>9</measResults>
</measValue>
</measInfo>
<measInfo measInfoId="FS">
<granPeriod duration="PT900S" endTime="2021-08-22T00:45:00+08:00"/>
<repPeriod duration="PT900S"/>
<measTypes>fsUsed</measTypes>
<measValue measObjLdn="PLMN-PLMN/HSSFE-HSSGHL02/BRM-hssghl02/FS-_dev_mapper_vg00_appsolid">
<measResults>5</measResults>
</measValue>
</measInfo>
<measInfo measInfoId="FS">
<granPeriod duration="PT900S" endTime="2021-08-22T00:45:00+08:00"/>
<repPeriod duration="PT900S"/>
<measTypes>fsUsed</measTypes>
<measValue measObjLdn="PLMN-PLMN/HSSFE-HSSGHL02/BRM-hssghl02/FS-_dev_mapper_vg00_var">
<measResults>9</measResults>
</measValue>
</measInfo>
<measInfo measInfoId="FS">
<granPeriod duration="PT900S" endTime="2021-08-22T00:45:00+08:00"/>
<repPeriod duration="PT900S"/>
<measTypes>fsUsed</measTypes>
<measValue measObjLdn="PLMN-PLMN/HSSFE-HSSGHL02/BRM-hssghl02/FS-_dev_mapper_vg00_Charging">
<measResults>13</measResults>
</measValue>
</measInfo>
<measInfo measInfoId="FS">
<granPeriod duration="PT900S" endTime="2021-08-22T00:45:00+08:00"/>
<repPeriod duration="PT900S"/>
<measTypes>fsUsed</measTypes>
<measValue measObjLdn="PLMN-PLMN/HSSFE-HSSGHL02/BRM-hssghl02/FS-_dev_mapper_vg00_dump">
<measResults>23</measResults>
</measValue>
</measInfo>
<measInfo measInfoId="FS">
<granPeriod duration="PT900S" endTime="2021-08-22T00:45:00+08:00"/>
<repPeriod duration="PT900S"/>
<measTypes>fsUsed</measTypes>
<measValue measObjLdn="PLMN-PLMN/HSSFE-HSSGHL02/BRM-hssghl02/FS-_dev_mapper_vg00_TspFt">
<measResults>2</measResults>
</measValue>
</measInfo>
<measInfo measInfoId="FS">
<granPeriod duration="PT900S" endTime="2021-08-22T00:45:00+08:00"/>
<repPeriod duration="PT900S"/>
<measTypes>fsUsed</measTypes>
<measValue measObjLdn="PLMN-PLMN/HSSFE-HSSGHL02/BRM-hssghl02/FS-_dev_mapper_vg00_TspCore">
<measResults>14</measResults>
</measValue>
</measInfo>
<measInfo measInfoId="FS">
<granPeriod duration="PT900S" endTime="2021-08-22T00:45:00+08:00"/>
<repPeriod duration="PT900S"/>
<measTypes>fsUsed</measTypes>
<measValue measObjLdn="PLMN-PLMN/HSSFE-HSSGHL02/BRM-hssghl02/FS-_dev_mapper_vg00_TspTicketCache">
<measResults>4</measResults>
</measValue>
</measInfo>
</measData>
<fileFooter>
<measCollec endTime="2021-08-22T00:45:00+08:00"/>
</fileFooter>
</measCollecFile>