<?xml version="1.0" encoding="UTF-8"?>
<measCollecFile xmlns="http://latest/nmc-omc/cmNrm.doc#measCollec" xmlns:xsi="http://www.w3.org/2001/XMLSchema-instance" xsi:schemaLocation="http://latest/nmc-omc/cmNrm.doc#measCollec schema\pmResultSchedule.xsd">
    <fileHeader fileFormatVersion="32.435 V7.2" vendorName="Huawei">
        <fileSender elementType="vUSN"/>
        <measCollec beginTime="2021-08-11T23:00:00+08:00"/>
    </fileHeader>
    <measData>
        <managedElement userLabel="sm1USN02"/>
        <measInfo measInfoId="117440524">
            <granPeriod duration="PT3600S" endTime="2021-08-12T00:00:00+08:00"/>
            <repPeriod duration="PT3600S"/>
            <measTypes>117451813 117451814 117451815 117451816 117451817 117451818 117451819 117451820 </measTypes>
            <measValue measObjLdn="sm1USN02/Gb interface NSE:nodeName=gb, NSE ID=110">
                <measResults>0 0 0 0 0 0 0 0 </measResults>
            </measValue>
            <measValue measObjLdn="sm1USN02/Gb interface NSE:nodeName=gb, NSE ID=11000">
                <measResults>115354 92473 0 378476 510395 0 150 78 </measResults>
            </measValue>
            <measValue measObjLdn="sm1USN02/Gb interface NSE:nodeName=gb, NSE ID=11010">
                <measResults>141407 48622 0 312525 293501 0 100 44 </measResults>
            </measValue>
            <measValue measObjLdn="sm1USN02/Gb interface NSE:nodeName=gb, NSE ID=11020">
                <measResults>135754 56044 0 334007 359832 0 150 51 </measResults>
            </measValue>
            <measValue measObjLdn="sm1USN02/Gb interface NSE:nodeName=gb, NSE ID=11030">
                <measResults>74335 45778 0 253504 290798 0 88 43 </measResults>
            </measValue>
            <measValue measObjLdn="sm1USN02/Gb interface NSE:nodeName=gb, NSE ID=11040">
                <measResults>49270 49066 0 184170 283815 0 54 37 </measResults>
            </measValue>
            <measValue measObjLdn="sm1USN02/Gb interface NSE:nodeName=gb, NSE ID=11050">
                <measResults>151911 99488 0 419884 556775 0 96 70 </measResults>
            </measValue>
            <measValue measObjLdn="sm1USN02/Gb interface NSE:nodeName=gb, NSE ID=11060">
                <measResults>57390 40997 0 199176 247408 0 69 33 </measResults>
            </measValue>
            <measValue measObjLdn="sm1USN02/Gb interface NSE:nodeName=gb, NSE ID=11070">
                <measResults>49190 37081 0 180471 236431 0 54 29 </measResults>
            </measValue>
            <measValue measObjLdn="sm1USN02/Gb interface NSE:nodeName=gb, NSE ID=11080">
                <measResults>224760 171315 0 820011 1051875 0 160 106 </measResults>
            </measValue>
            <measValue measObjLdn="sm1USN02/Gb interface NSE:nodeName=gb, NSE ID=11090">
                <measResults>70197 68312 0 251884 362426 0 130 44 </measResults>
            </measValue>
            <measValue measObjLdn="sm1USN02/Gb interface NSE:nodeName=gb, NSE ID=11100">
                <measResults>138729 88006 0 376792 521618 0 144 52 </measResults>
            </measValue>
            <measValue measObjLdn="sm1USN02/Gb interface NSE:nodeName=gb, NSE ID=11110">
                <measResults>212014 121965 0 621151 746490 0 180 81 </measResults>
            </measValue>
            <measValue measObjLdn="sm1USN02/Gb interface NSE:nodeName=gb, NSE ID=11120">
                <measResults>16684 23830 0 93870 142258 0 31 26 </measResults>
            </measValue>
            <measValue measObjLdn="sm1USN02/Gb interface NSE:nodeName=gb, NSE ID=11130">
                <measResults>84098 57758 0 302704 361797 0 62 55 </measResults>
            </measValue>
            <measValue measObjLdn="sm1USN02/Gb interface NSE:nodeName=gb, NSE ID=11140">
                <measResults>43743 31577 0 166701 182473 0 43 25 </measResults>
            </measValue>
            <measValue measObjLdn="sm1USN02/Gb interface NSE:nodeName=gb, NSE ID=11150">
                <measResults>39707 18152 0 138091 125594 0 50 20 </measResults>
            </measValue>
            <measValue measObjLdn="sm1USN02/Gb interface NSE:nodeName=gb, NSE ID=11160">
                <measResults>54610 34809 0 165027 197135 0 56 32 </measResults>
            </measValue>
            <measValue measObjLdn="sm1USN02/Gb interface NSE:nodeName=gb, NSE ID=11170">
                <measResults>39714 27367 0 138982 156939 0 69 27 </measResults>
            </measValue>
            <measValue measObjLdn="sm1USN02/Gb interface NSE:nodeName=gb, NSE ID=11180">
                <measResults>0 0 0 0 0 0 0 0 </measResults>
            </measValue>
            <measValue measObjLdn="sm1USN02/Gb interface NSE:nodeName=gb, NSE ID=11190">
                <measResults>27324 24219 0 116397 147560 0 69 29 </measResults>
            </measValue>
            <measValue measObjLdn="sm1USN02/Gb interface NSE:nodeName=gb, NSE ID=11200">
                <measResults>83027 57271 0 288399 356340 0 87 47 </measResults>
            </measValue>
            <measValue measObjLdn="sm1USN02/Gb interface NSE:nodeName=gb, NSE ID=11220">
                <measResults>0 0 0 0 0 0 0 0 </measResults>
            </measValue>
            <measValue measObjLdn="sm1USN02/Gb interface NSE:nodeName=gb, NSE ID=11240">
                <measResults>0 0 0 0 0 0 0 0 </measResults>
            </measValue>
            <measValue measObjLdn="sm1USN02/Gb interface NSE:nodeName=gb, NSE ID=11250">
                <measResults>127669 99981 0 457792 591975 0 109 58 </measResults>
            </measValue>
            <measValue measObjLdn="sm1USN02/Gb interface NSE:nodeName=gb, NSE ID=11260">
                <measResults>95489 45818 0 232813 292654 0 99 37 </measResults>
            </measValue>
            <measValue measObjLdn="sm1USN02/Gb interface NSE:nodeName=gb, NSE ID=11270">
                <measResults>173431 136414 0 546939 606098 0 168 327 </measResults>
            </measValue>
            <measValue measObjLdn="sm1USN02/Gb interface NSE:nodeName=gb, NSE ID=14000">
                <measResults>242004 123863 0 616654 663230 0 177 69 </measResults>
            </measValue>
            <measValue measObjLdn="sm1USN02/Gb interface NSE:nodeName=gb, NSE ID=14010">
                <measResults>10922 14341 0 55366 83399 0 37 20 </measResults>
            </measValue>
            <measValue measObjLdn="sm1USN02/Gb interface NSE:nodeName=gb, NSE ID=14020">
                <measResults>103547 35742 0 235539 201974 0 131 27 </measResults>
            </measValue>
            <measValue measObjLdn="sm1USN02/Gb interface NSE:nodeName=gb, NSE ID=14030">
                <measResults>178636 75687 0 420894 443213 0 121 46 </measResults>
            </measValue>
            <measValue measObjLdn="sm1USN02/Gb interface NSE:nodeName=gb, NSE ID=14040">
                <measResults>80465 78068 0 255024 310777 0 98 41 </measResults>
            </measValue>
            <measValue measObjLdn="sm1USN02/Gb interface NSE:nodeName=gb, NSE ID=14050">
                <measResults>62105 35300 0 175753 206752 0 138 41 </measResults>
            </measValue>
            <measValue measObjLdn="sm1USN02/Gb interface NSE:nodeName=gb, NSE ID=14060">
                <measResults>37817 18556 0 97625 112087 0 58 27 </measResults>
            </measValue>
            <measValue measObjLdn="sm1USN02/Gb interface NSE:nodeName=gb, NSE ID=14070">
                <measResults>41912 38435 0 151548 201865 0 97 33 </measResults>
            </measValue>
            <measValue measObjLdn="sm1USN02/Gb interface NSE:nodeName=gb, NSE ID=14080">
                <measResults>132891 87912 0 405286 511647 0 117 62 </measResults>
            </measValue>
            <measValue measObjLdn="sm1USN02/Gb interface NSE:nodeName=gb, NSE ID=14090">
                <measResults>156686 40447 0 288144 237652 0 127 33 </measResults>
            </measValue>
            <measValue measObjLdn="sm1USN02/Gb interface NSE:nodeName=gb, NSE ID=14100">
                <measResults>361803 121683 0 667207 705476 0 232 90 </measResults>
            </measValue>
            <measValue measObjLdn="sm1USN02/Gb interface NSE:nodeName=gb, NSE ID=14110">
                <measResults>26511 24647 0 90723 142206 0 56 27 </measResults>
            </measValue>
            <measValue measObjLdn="sm1USN02/Gb interface NSE:nodeName=gb, NSE ID=14120">
                <measResults>41875 48506 0 195196 281134 0 79 37 </measResults>
            </measValue>
            <measValue measObjLdn="sm1USN02/Gb interface NSE:nodeName=gb, NSE ID=14130">
                <measResults>115132 105446 0 456318 635190 0 100 190 </measResults>
            </measValue>
            <measValue measObjLdn="sm1USN02/Gb interface NSE:nodeName=gb, NSE ID=14140">
                <measResults>120406 57562 0 362353 381719 0 143 48 </measResults>
            </measValue>
            <measValue measObjLdn="sm1USN02/Gb interface NSE:nodeName=gb, NSE ID=14150">
                <measResults>46074 34756 0 182286 220291 0 55 36 </measResults>
            </measValue>
            <measValue measObjLdn="sm1USN02/Gb interface NSE:nodeName=gb, NSE ID=14160">
                <measResults>27917 19980 0 110458 123286 0 54 24 </measResults>
            </measValue>
            <measValue measObjLdn="sm1USN02/Gb interface NSE:nodeName=gb, NSE ID=14170">
                <measResults>71669 47247 0 218336 295717 0 150 48 </measResults>
            </measValue>
            <measValue measObjLdn="sm1USN02/Gb interface NSE:nodeName=gb, NSE ID=14180">
                <measResults>202736 91197 0 522474 509130 0 228 98 </measResults>
            </measValue>
            <measValue measObjLdn="sm1USN02/Gb interface NSE:nodeName=gb, NSE ID=14190">
                <measResults>53329 44935 0 202698 271981 0 64 33 </measResults>
            </measValue>
            <measValue measObjLdn="sm1USN02/Gb interface NSE:nodeName=gb, NSE ID=14200">
                <measResults>0 0 0 0 0 0 0 0 </measResults>
            </measValue>
            <measValue measObjLdn="sm1USN02/Gb interface NSE:nodeName=gb, NSE ID=17000">
                <measResults>136070 50048 0 395595 330025 0 154 37 </measResults>
            </measValue>
            <measValue measObjLdn="sm1USN02/Gb interface NSE:nodeName=gb, NSE ID=17010">
                <measResults>184819 69899 0 446545 430155 0 172 53 </measResults>
            </measValue>
            <measValue measObjLdn="sm1USN02/Gb interface NSE:nodeName=gb, NSE ID=17020">
                <measResults>93452 52262 0 284554 331926 0 100 43 </measResults>
            </measValue>
            <measValue measObjLdn="sm1USN02/Gb interface NSE:nodeName=gb, NSE ID=20000">
                <measResults>70213 45158 0 577528 496332 0 62 36 </measResults>
            </measValue>
            <measValue measObjLdn="sm1USN02/Gb interface NSE:nodeName=gb, NSE ID=20010">
                <measResults>95996 64983 0 1058679 1049858 0 88 56 </measResults>
            </measValue>
            <measValue measObjLdn="sm1USN02/Gb interface NSE:nodeName=gb, NSE ID=20020">
                <measResults>90536 55475 0 695605 702156 0 86 40 </measResults>
            </measValue>
            <measValue measObjLdn="sm1USN02/Gb interface NSE:nodeName=gb, NSE ID=20030">
                <measResults>54150 52305 0 699154 724572 0 59 35 </measResults>
            </measValue>
            <measValue measObjLdn="sm1USN02/Gb interface NSE:nodeName=gb, NSE ID=20040">
                <measResults>24408 35056 0 715727 740447 0 53 44 </measResults>
            </measValue>
            <measValue measObjLdn="sm1USN02/Gb interface NSE:nodeName=gb, NSE ID=20050">
                <measResults>334230 131409 0 1394934 1219064 0 274 94 </measResults>
            </measValue>
            <measValue measObjLdn="sm1USN02/Gb interface NSE:nodeName=gb, NSE ID=20060">
                <measResults>321722 109944 0 1119819 1019567 0 234 62 </measResults>
            </measValue>
            <measValue measObjLdn="sm1USN02/Gb interface NSE:nodeName=gb, NSE ID=20070">
                <measResults>166194 86130 0 717187 799788 0 135 62 </measResults>
            </measValue>
            <measValue measObjLdn="sm1USN02/Gb interface NSE:nodeName=gb, NSE ID=20080">
                <measResults>111530 44120 0 564102 580502 0 134 35 </measResults>
            </measValue>
            <measValue measObjLdn="sm1USN02/Gb interface NSE:nodeName=gb, NSE ID=20090">
                <measResults>74137 53061 0 718797 715598 0 124 61 </measResults>
            </measValue>
            <measValue measObjLdn="sm1USN02/Gb interface NSE:nodeName=gb, NSE ID=20100">
                <measResults>197700 97631 0 1025996 1031603 0 145 75 </measResults>
            </measValue>
            <measValue measObjLdn="sm1USN02/Gb interface NSE:nodeName=gb, NSE ID=20110">
                <measResults>28092 18853 0 606944 584394 0 90 21 </measResults>
            </measValue>
            <measValue measObjLdn="sm1USN02/Gb interface NSE:nodeName=gb, NSE ID=20120">
                <measResults>104817 42089 0 488370 508558 0 120 42 </measResults>
            </measValue>
            <measValue measObjLdn="sm1USN02/Gb interface NSE:nodeName=gb, NSE ID=20130">
                <measResults>130145 44862 0 719806 688885 0 96 51 </measResults>
            </measValue>
            <measValue measObjLdn="sm1USN02/Gb interface NSE:nodeName=gb, NSE ID=20140">
                <measResults>65456 42910 0 701148 684338 0 67 33 </measResults>
            </measValue>
            <measValue measObjLdn="sm1USN02/Gb interface NSE:nodeName=gb, NSE ID=21000">
                <measResults>153345 82498 0 745817 742848 0 133 48 </measResults>
            </measValue>
            <measValue measObjLdn="sm1USN02/Gb interface NSE:nodeName=gb, NSE ID=21010">
                <measResults>419031 152877 0 1168799 1171849 0 216 88 </measResults>
            </measValue>
            <measValue measObjLdn="sm1USN02/Gb interface NSE:nodeName=gb, NSE ID=21050">
                <measResults>412110 223142 0 1652523 1659562 0 305 137 </measResults>
            </measValue>
            <measValue measObjLdn="sm1USN02/Gb interface NSE:nodeName=gb, NSE ID=21060">
                <measResults>73719 40022 0 357635 339119 0 75 26 </measResults>
            </measValue>
            <measValue measObjLdn="sm1USN02/Gb interface NSE:nodeName=gb, NSE ID=21070">
                <measResults>189426 140304 0 910165 1049394 0 182 103 </measResults>
            </measValue>
            <measValue measObjLdn="sm1USN02/Gb interface NSE:nodeName=gb, NSE ID=23000">
                <measResults>480720 277754 0 2011087 2071920 0 301 147 </measResults>
            </measValue>
            <measValue measObjLdn="sm1USN02/Gb interface NSE:nodeName=gb, NSE ID=23010">
                <measResults>98225 62450 0 493704 510203 0 73 41 </measResults>
            </measValue>
            <measValue measObjLdn="sm1USN02/Gb interface NSE:nodeName=gb, NSE ID=23020">
                <measResults>0 0 0 0 0 0 0 0 </measResults>
            </measValue>
            <measValue measObjLdn="sm1USN02/Gb interface NSE:nodeName=gb, NSE ID=27970">
                <measResults>264502 111158 0 1084355 1034967 0 210 67 </measResults>
            </measValue>
            <measValue measObjLdn="sm1USN02/Gb interface NSE:nodeName=gb, NSE ID=27980">
                <measResults>345984 121690 0 1260956 1191532 0 214 79 </measResults>
            </measValue>
            <measValue measObjLdn="sm1USN02/Gb interface NSE:nodeName=gb, NSE ID=27990">
                <measResults>88791 74685 0 647826 729231 0 99 51 </measResults>
            </measValue>
        </measInfo>
        <measInfo measInfoId="117440525">
            <granPeriod duration="PT3600S" endTime="2021-08-12T00:00:00+08:00"/>
            <repPeriod duration="PT3600S"/>
            <measTypes>117451913 117451914 117451915 117451916 117451917 117451918 117451919 117451920 117451923 </measTypes>
            <measValue measObjLdn="sm1USN02/Gb interface NSE:nodeName=gb, NSE ID=110">
                <measResults>0 0 0 0 0 0 0 0 0 </measResults>
            </measValue>
            <measValue measObjLdn="sm1USN02/Gb interface NSE:nodeName=gb, NSE ID=11000">
                <measResults>0 0 0 0 2383 1941 1747 1786 848 </measResults>
            </measValue>
            <measValue measObjLdn="sm1USN02/Gb interface NSE:nodeName=gb, NSE ID=11010">
                <measResults>0 0 0 0 1187 987 827 893 953 </measResults>
            </measValue>
            <measValue measObjLdn="sm1USN02/Gb interface NSE:nodeName=gb, NSE ID=11020">
                <measResults>0 0 0 0 1992 1640 1293 1293 548 </measResults>
            </measValue>
            <measValue measObjLdn="sm1USN02/Gb interface NSE:nodeName=gb, NSE ID=11030">
                <measResults>0 0 0 0 1651 1321 1370 1364 778 </measResults>
            </measValue>
            <measValue measObjLdn="sm1USN02/Gb interface NSE:nodeName=gb, NSE ID=11040">
                <measResults>0 0 0 0 1022 823 782 804 700 </measResults>
            </measValue>
            <measValue measObjLdn="sm1USN02/Gb interface NSE:nodeName=gb, NSE ID=11050">
                <measResults>0 0 0 0 2697 2209 2130 2334 3083 </measResults>
            </measValue>
            <measValue measObjLdn="sm1USN02/Gb interface NSE:nodeName=gb, NSE ID=11060">
                <measResults>0 0 0 0 1325 1127 619 865 845 </measResults>
            </measValue>
            <measValue measObjLdn="sm1USN02/Gb interface NSE:nodeName=gb, NSE ID=11070">
                <measResults>0 0 0 0 1261 1036 883 877 967 </measResults>
            </measValue>
            <measValue measObjLdn="sm1USN02/Gb interface NSE:nodeName=gb, NSE ID=11080">
                <measResults>0 0 0 0 4181 3477 2573 4834 398 </measResults>
            </measValue>
            <measValue measObjLdn="sm1USN02/Gb interface NSE:nodeName=gb, NSE ID=11090">
                <measResults>0 0 0 0 1391 1114 1092 1090 742 </measResults>
            </measValue>
            <measValue measObjLdn="sm1USN02/Gb interface NSE:nodeName=gb, NSE ID=11100">
                <measResults>0 0 0 0 2550 2184 1318 2048 686 </measResults>
            </measValue>
            <measValue measObjLdn="sm1USN02/Gb interface NSE:nodeName=gb, NSE ID=11110">
                <measResults>0 0 0 0 3183 2718 1493 2309 578 </measResults>
            </measValue>
            <measValue measObjLdn="sm1USN02/Gb interface NSE:nodeName=gb, NSE ID=11120">
                <measResults>0 0 0 0 589 511 213 512 1006 </measResults>
            </measValue>
            <measValue measObjLdn="sm1USN02/Gb interface NSE:nodeName=gb, NSE ID=11130">
                <measResults>0 0 0 0 1672 1433 613 962 1105 </measResults>
            </measValue>
            <measValue measObjLdn="sm1USN02/Gb interface NSE:nodeName=gb, NSE ID=11140">
                <measResults>0 0 0 0 622 535 241 241 962 </measResults>
            </measValue>
            <measValue measObjLdn="sm1USN02/Gb interface NSE:nodeName=gb, NSE ID=11150">
                <measResults>0 0 0 0 364 324 126 145 775 </measResults>
            </measValue>
            <measValue measObjLdn="sm1USN02/Gb interface NSE:nodeName=gb, NSE ID=11160">
                <measResults>0 0 0 0 1060 937 480 498 918 </measResults>
            </measValue>
            <measValue measObjLdn="sm1USN02/Gb interface NSE:nodeName=gb, NSE ID=11170">
                <measResults>0 0 0 0 582 493 209 209 894 </measResults>
            </measValue>
            <measValue measObjLdn="sm1USN02/Gb interface NSE:nodeName=gb, NSE ID=11180">
                <measResults>0 0 0 0 0 0 0 0 0 </measResults>
            </measValue>
            <measValue measObjLdn="sm1USN02/Gb interface NSE:nodeName=gb, NSE ID=11190">
                <measResults>0 0 0 0 524 438 146 146 772 </measResults>
            </measValue>
            <measValue measObjLdn="sm1USN02/Gb interface NSE:nodeName=gb, NSE ID=11200">
                <measResults>0 0 0 0 912 832 343 449 767 </measResults>
            </measValue>
            <measValue measObjLdn="sm1USN02/Gb interface NSE:nodeName=gb, NSE ID=11220">
                <measResults>0 0 0 0 0 0 0 0 0 </measResults>
            </measValue>
            <measValue measObjLdn="sm1USN02/Gb interface NSE:nodeName=gb, NSE ID=11240">
                <measResults>0 0 0 0 0 0 0 0 0 </measResults>
            </measValue>
            <measValue measObjLdn="sm1USN02/Gb interface NSE:nodeName=gb, NSE ID=11250">
                <measResults>0 0 0 0 3049 2568 2177 2177 970 </measResults>
            </measValue>
            <measValue measObjLdn="sm1USN02/Gb interface NSE:nodeName=gb, NSE ID=11260">
                <measResults>0 0 0 0 1382 1175 841 840 1110 </measResults>
            </measValue>
            <measValue measObjLdn="sm1USN02/Gb interface NSE:nodeName=gb, NSE ID=11270">
                <measResults>0 0 0 0 2990 2476 2231 2230 565 </measResults>
            </measValue>
            <measValue measObjLdn="sm1USN02/Gb interface NSE:nodeName=gb, NSE ID=14000">
                <measResults>0 0 0 0 1377 1131 713 711 906 </measResults>
            </measValue>
            <measValue measObjLdn="sm1USN02/Gb interface NSE:nodeName=gb, NSE ID=14010">
                <measResults>0 0 0 0 508 417 285 285 915 </measResults>
            </measValue>
            <measValue measObjLdn="sm1USN02/Gb interface NSE:nodeName=gb, NSE ID=14020">
                <measResults>0 0 0 0 1040 913 561 560 718 </measResults>
            </measValue>
            <measValue measObjLdn="sm1USN02/Gb interface NSE:nodeName=gb, NSE ID=14030">
                <measResults>0 0 0 0 1200 822 1393 1393 766 </measResults>
            </measValue>
            <measValue measObjLdn="sm1USN02/Gb interface NSE:nodeName=gb, NSE ID=14040">
                <measResults>0 0 0 0 1420 1176 958 1104 954 </measResults>
            </measValue>
            <measValue measObjLdn="sm1USN02/Gb interface NSE:nodeName=gb, NSE ID=14050">
                <measResults>0 0 0 0 897 701 770 767 763 </measResults>
            </measValue>
            <measValue measObjLdn="sm1USN02/Gb interface NSE:nodeName=gb, NSE ID=14060">
                <measResults>0 0 0 0 805 661 699 699 783 </measResults>
            </measValue>
            <measValue measObjLdn="sm1USN02/Gb interface NSE:nodeName=gb, NSE ID=14070">
                <measResults>0 0 0 0 835 681 715 715 864 </measResults>
            </measValue>
            <measValue measObjLdn="sm1USN02/Gb interface NSE:nodeName=gb, NSE ID=14080">
                <measResults>0 0 0 0 3427 2898 2071 2069 1063 </measResults>
            </measValue>
            <measValue measObjLdn="sm1USN02/Gb interface NSE:nodeName=gb, NSE ID=14090">
                <measResults>0 0 0 0 638 482 672 672 970 </measResults>
            </measValue>
            <measValue measObjLdn="sm1USN02/Gb interface NSE:nodeName=gb, NSE ID=14100">
                <measResults>0 0 0 0 2638 1968 2499 2495 953 </measResults>
            </measValue>
            <measValue measObjLdn="sm1USN02/Gb interface NSE:nodeName=gb, NSE ID=14110">
                <measResults>0 0 0 0 581 476 586 586 856 </measResults>
            </measValue>
            <measValue measObjLdn="sm1USN02/Gb interface NSE:nodeName=gb, NSE ID=14120">
                <measResults>0 0 0 0 1825 1550 1051 1154 709 </measResults>
            </measValue>
            <measValue measObjLdn="sm1USN02/Gb interface NSE:nodeName=gb, NSE ID=14130">
                <measResults>0 0 0 0 2590 2024 2018 2101 1041 </measResults>
            </measValue>
            <measValue measObjLdn="sm1USN02/Gb interface NSE:nodeName=gb, NSE ID=14140">
                <measResults>0 0 0 0 2063 1590 1983 2016 1001 </measResults>
            </measValue>
            <measValue measObjLdn="sm1USN02/Gb interface NSE:nodeName=gb, NSE ID=14150">
                <measResults>0 0 0 0 659 589 315 591 714 </measResults>
            </measValue>
            <measValue measObjLdn="sm1USN02/Gb interface NSE:nodeName=gb, NSE ID=14160">
                <measResults>0 0 0 0 815 657 556 556 978 </measResults>
            </measValue>
            <measValue measObjLdn="sm1USN02/Gb interface NSE:nodeName=gb, NSE ID=14170">
                <measResults>0 0 0 0 2668 2182 1725 1725 966 </measResults>
            </measValue>
            <measValue measObjLdn="sm1USN02/Gb interface NSE:nodeName=gb, NSE ID=14180">
                <measResults>0 0 0 0 1468 1257 891 889 1045 </measResults>
            </measValue>
            <measValue measObjLdn="sm1USN02/Gb interface NSE:nodeName=gb, NSE ID=14190">
                <measResults>0 0 0 0 953 850 439 750 684 </measResults>
            </measValue>
            <measValue measObjLdn="sm1USN02/Gb interface NSE:nodeName=gb, NSE ID=14200">
                <measResults>0 0 0 0 0 0 0 0 0 </measResults>
            </measValue>
            <measValue measObjLdn="sm1USN02/Gb interface NSE:nodeName=gb, NSE ID=17000">
                <measResults>0 0 0 0 984 812 696 909 671 </measResults>
            </measValue>
            <measValue measObjLdn="sm1USN02/Gb interface NSE:nodeName=gb, NSE ID=17010">
                <measResults>0 0 0 0 1601 1365 1053 1053 437 </measResults>
            </measValue>
            <measValue measObjLdn="sm1USN02/Gb interface NSE:nodeName=gb, NSE ID=17020">
                <measResults>0 0 0 0 1597 1421 856 906 676 </measResults>
            </measValue>
            <measValue measObjLdn="sm1USN02/Gb interface NSE:nodeName=gb, NSE ID=20000">
                <measResults>0 0 0 0 1736 1026 695 692 1299 </measResults>
            </measValue>
            <measValue measObjLdn="sm1USN02/Gb interface NSE:nodeName=gb, NSE ID=20010">
                <measResults>0 0 0 0 5670 3841 2058 2057 1156 </measResults>
            </measValue>
            <measValue measObjLdn="sm1USN02/Gb interface NSE:nodeName=gb, NSE ID=20020">
                <measResults>0 0 0 0 1691 975 779 779 932 </measResults>
            </measValue>
            <measValue measObjLdn="sm1USN02/Gb interface NSE:nodeName=gb, NSE ID=20030">
                <measResults>0 0 0 0 2075 1118 1377 1376 933 </measResults>
            </measValue>
            <measValue measObjLdn="sm1USN02/Gb interface NSE:nodeName=gb, NSE ID=20040">
                <measResults>0 0 0 0 1385 741 957 957 958 </measResults>
            </measValue>
            <measValue measObjLdn="sm1USN02/Gb interface NSE:nodeName=gb, NSE ID=20050">
                <measResults>0 0 0 0 5336 3403 1749 1761 947 </measResults>
            </measValue>
            <measValue measObjLdn="sm1USN02/Gb interface NSE:nodeName=gb, NSE ID=20060">
                <measResults>0 0 0 0 5199 3544 1887 1884 795 </measResults>
            </measValue>
            <measValue measObjLdn="sm1USN02/Gb interface NSE:nodeName=gb, NSE ID=20070">
                <measResults>0 0 0 0 2174 1418 848 890 803 </measResults>
            </measValue>
            <measValue measObjLdn="sm1USN02/Gb interface NSE:nodeName=gb, NSE ID=20080">
                <measResults>0 0 0 0 4092 2301 1801 1801 1032 </measResults>
            </measValue>
            <measValue measObjLdn="sm1USN02/Gb interface NSE:nodeName=gb, NSE ID=20090">
                <measResults>0 0 0 0 3103 1988 1424 1424 983 </measResults>
            </measValue>
            <measValue measObjLdn="sm1USN02/Gb interface NSE:nodeName=gb, NSE ID=20100">
                <measResults>0 0 0 0 4966 3022 1966 1972 990 </measResults>
            </measValue>
            <measValue measObjLdn="sm1USN02/Gb interface NSE:nodeName=gb, NSE ID=20110">
                <measResults>0 0 0 0 662 384 381 380 1129 </measResults>
            </measValue>
            <measValue measObjLdn="sm1USN02/Gb interface NSE:nodeName=gb, NSE ID=20120">
                <measResults>0 0 0 0 1270 759 793 793 1206 </measResults>
            </measValue>
            <measValue measObjLdn="sm1USN02/Gb interface NSE:nodeName=gb, NSE ID=20130">
                <measResults>0 0 0 0 2274 1361 1030 1027 999 </measResults>
            </measValue>
            <measValue measObjLdn="sm1USN02/Gb interface NSE:nodeName=gb, NSE ID=20140">
                <measResults>0 0 0 0 2687 1584 1264 1262 993 </measResults>
            </measValue>
            <measValue measObjLdn="sm1USN02/Gb interface NSE:nodeName=gb, NSE ID=21000">
                <measResults>0 0 0 0 6829 3657 5341 5412 2423 </measResults>
            </measValue>
            <measValue measObjLdn="sm1USN02/Gb interface NSE:nodeName=gb, NSE ID=21010">
                <measResults>0 0 0 0 7457 3940 6453 6450 1642 </measResults>
            </measValue>
            <measValue measObjLdn="sm1USN02/Gb interface NSE:nodeName=gb, NSE ID=21050">
                <measResults>0 0 0 0 10323 5315 10543 10574 1662 </measResults>
            </measValue>
            <measValue measObjLdn="sm1USN02/Gb interface NSE:nodeName=gb, NSE ID=21060">
                <measResults>0 0 0 0 2325 1204 2501 2501 1744 </measResults>
            </measValue>
            <measValue measObjLdn="sm1USN02/Gb interface NSE:nodeName=gb, NSE ID=21070">
                <measResults>0 0 0 0 4869 2607 4097 4155 1577 </measResults>
            </measValue>
            <measValue measObjLdn="sm1USN02/Gb interface NSE:nodeName=gb, NSE ID=23000">
                <measResults>0 0 0 0 8882 4938 6034 6029 1432 </measResults>
            </measValue>
            <measValue measObjLdn="sm1USN02/Gb interface NSE:nodeName=gb, NSE ID=23010">
                <measResults>0 0 0 0 5486 2852 5720 5720 2902 </measResults>
            </measValue>
            <measValue measObjLdn="sm1USN02/Gb interface NSE:nodeName=gb, NSE ID=23020">
                <measResults>0 0 0 0 0 0 0 0 0 </measResults>
            </measValue>
            <measValue measObjLdn="sm1USN02/Gb interface NSE:nodeName=gb, NSE ID=27970">
                <measResults>0 0 0 0 5198 3476 1548 1561 1300 </measResults>
            </measValue>
            <measValue measObjLdn="sm1USN02/Gb interface NSE:nodeName=gb, NSE ID=27980">
                <measResults>0 0 0 0 3869 2625 1420 1762 1261 </measResults>
            </measValue>
            <measValue measObjLdn="sm1USN02/Gb interface NSE:nodeName=gb, NSE ID=27990">
                <measResults>0 0 0 0 4441 2678 2147 2145 1338 </measResults>
            </measValue>
        </measInfo>
        <measInfo measInfoId="117440515">
            <granPeriod duration="PT3600S" endTime="2021-08-12T00:00:00+08:00"/>
            <repPeriod duration="PT3600S"/>
            <measTypes>117450913 117450914 117450915 117450916 117450917 117450918 117450919 117450920 117450921 117450922 117450923 117450924 117450925 117450926 117450927 117450928 117450929 117450930 117450931 117450932 117450933 117450934 117450935 117450936 117450937 117450938 117450939 117450940 117450941 117450942 117450943 117450944 117450945 117450946 117450947 117450948 117450949 117450950 117450951 117450952 117450953 117450954 117450955 117450956 117450957 117450958 </measTypes>
            <measValue measObjLdn="sm1USN02/UsnFunction:nodeName=gb">
                <measResults>320456 0 0 21645183 7955283 23226077 4103970 953661 30637 1163341 84201 22887433 3797456 21669389 7769765 43226 17 954414 25071 410299 0 17357 439 38271 7702 0 6855 0 2 0 0 12059253 4369 25112 7836 2964 8289 1465 392 10 484 171 3402 1740 12154 13049 </measResults>
            </measValue>
        </measInfo>
        <measInfo measInfoId="117440516">
            <granPeriod duration="PT3600S" endTime="2021-08-12T00:00:00+08:00"/>
            <repPeriod duration="PT3600S"/>
            <measTypes>117451013 117451014 117451015 117451016 117451017 117451018 117451019 117451020 117451021 117451022 117451023 117451024 117451025 117451026 117451027 </measTypes>
            <measValue measObjLdn="sm1USN02/UsnFunction:nodeName=gb">
                <measResults>0 0 71 12696 20821335 3691777 16024046 7690534 21669389 7769765 22887433 3797456 35439 71 0 </measResults>
            </measValue>
        </measInfo>
        <measInfo measInfoId="117440519">
            <granPeriod duration="PT3600S" endTime="2021-08-12T00:00:00+08:00"/>
            <repPeriod duration="PT3600S"/>
            <measTypes>117451313 117451314 117451315 117451316 117451317 117451318 117451319 117451320 117451321 117451322 117451323 117451324 117451325 117451326 117451327 117451328 117451329 117451330 117451331 117451332 117451333 117451334 117451335 117451336 117451337 117451338 117451343 117475733 117475734 </measTypes>
            <measValue measObjLdn="sm1USN02/UsnFunction:nodeName=gb">
                <measResults>35186 168714 0 0 59 0 338832 175654 10793554 35 25 0 11 37533 1758660 36448627 9295187 25207467 4732450 25172361 4208644 22816141 7926193 0 3079 69754 1182 15080647 8866225 </measResults>
            </measValue>
        </measInfo>
        <measInfo measInfoId="117440520">
            <granPeriod duration="PT3600S" endTime="2021-08-12T00:00:00+08:00"/>
            <repPeriod duration="PT3600S"/>
            <measTypes>117451413 117451414 117451415 117451416 117451417 117451418 117451419 117451420 117451421 117451422 117451423 117451424 117451425 117451426 117451427 117451428 117451429 117451430 117451431 117451432 117451433 117451434 117451435 117451436 117451437 117451438 117451439 117451440 117451441 117451442 117451443 117451444 117451445 117451446 117451447 117451448 </measTypes>
            <measValue measObjLdn="sm1USN02/UsnFunction:nodeName=gb">
                <measResults>36448627 9295187 0 0 0 0 38969798 4997793 0 0 0 0 0 0 0 0 0 0 0 0 0 0 0 0 0 0 0 0 0 0 20949 4012 75418425 14445198 24989 5183 </measResults>
            </measValue>
        </measInfo>
        <measInfo measInfoId="117440521">
            <granPeriod duration="PT3600S" endTime="2021-08-12T00:00:00+08:00"/>
            <repPeriod duration="PT3600S"/>
            <measTypes>117451513 117451514 117451515 117451516 117451517 117451518 117451519 117451520 117451521 117451522 117451523 117451524 117451525 117451526 117451527 117451528 127938275 127938276 127938277 127938278 127938279 127938280 </measTypes>
            <measValue measObjLdn="sm1USN02/UsnFunction:nodeName=gb">
                <measResults>0 0 0 0 0 0 0 0 0 0 0 0 0 0 0 0 NIL NIL NIL NIL NIL NIL </measResults>
            </measValue>
        </measInfo>
        <measInfo measInfoId="117440522">
            <granPeriod duration="PT3600S" endTime="2021-08-12T00:00:00+08:00"/>
            <repPeriod duration="PT3600S"/>
            <measTypes>117451616 117451617 </measTypes>
            <measValue measObjLdn="sm1USN02/UsnFunction:nodeName=gb">
                <measResults>24738 406 </measResults>
            </measValue>
        </measInfo>
        <measInfo measInfoId="117440665">
            <granPeriod duration="PT3600S" endTime="2021-08-12T00:00:00+08:00"/>
            <repPeriod duration="PT3600S"/>
            <measTypes>117465913 117465914 117465915 117465916 117465920 117465921 </measTypes>
            <measValue measObjLdn="sm1USN02/UsnFunction:nodeName=gb">
                <measResults>0 0 0 0 0 0 </measResults>
            </measValue>
        </measInfo>
        <measInfo measInfoId="117440666">
            <granPeriod duration="PT3600S" endTime="2021-08-12T00:00:00+08:00"/>
            <repPeriod duration="PT3600S"/>
            <measTypes>117466013 117466014 117466015 117466016 117466017 117466018 117466019 117466020 </measTypes>
            <measValue measObjLdn="sm1USN02/UsnFunction:nodeName=gb">
                <measResults>38969798 5150016 36448627 9295187 0 0 0 0 </measResults>
            </measValue>
        </measInfo>
        <measInfo measInfoId="1912143876">
            <granPeriod duration="PT3600S" endTime="2021-08-12T00:00:00+08:00"/>
            <repPeriod duration="PT3600S"/>
            <measTypes>1912143892 </measTypes>
            <measValue measObjLdn="sm1USN02/UsnFunction:nodeName=gb">
                <measResults>0 </measResults>
            </measValue>
        </measInfo>
        <measInfo measInfoId="1912143877">
            <granPeriod duration="PT3600S" endTime="2021-08-12T00:00:00+08:00"/>
            <repPeriod duration="PT3600S"/>
            <measTypes>1912143893 1912143894 </measTypes>
            <measValue measObjLdn="sm1USN02/UsnFunction:nodeName=gb">
                <measResults>62628911 36643627 </measResults>
            </measValue>
        </measInfo>
        <measInfo measInfoId="117440526">
            <granPeriod duration="PT3600S" endTime="2021-08-12T00:00:00+08:00"/>
            <repPeriod duration="PT3600S"/>
            <measTypes>117452013 117452014 117452015 117452016 117452017 117452018 117452019 117452020 117452021 </measTypes>
            <measValue measObjLdn="sm1USN02/Gb interface BSSID:nodeName=gb, BSSID=110">
                <measResults>0 0 0 0 0 0 0 0 0 </measResults>
            </measValue>
            <measValue measObjLdn="sm1USN02/Gb interface BSSID:nodeName=gb, BSSID=11000">
                <measResults>115354 92473 207826 32 25 57 150 78 211 </measResults>
            </measValue>
            <measValue measObjLdn="sm1USN02/Gb interface BSSID:nodeName=gb, BSSID=11010">
                <measResults>141407 48622 190031 39 13 52 100 44 139 </measResults>
            </measValue>
            <measValue measObjLdn="sm1USN02/Gb interface BSSID:nodeName=gb, BSSID=11020">
                <measResults>135754 56044 191796 37 15 52 150 51 174 </measResults>
            </measValue>
            <measValue measObjLdn="sm1USN02/Gb interface BSSID:nodeName=gb, BSSID=11030">
                <measResults>74335 45778 120112 20 12 32 88 43 125 </measResults>
            </measValue>
            <measValue measObjLdn="sm1USN02/Gb interface BSSID:nodeName=gb, BSSID=11040">
                <measResults>49270 49066 98337 13 13 26 54 37 82 </measResults>
            </measValue>
            <measValue measObjLdn="sm1USN02/Gb interface BSSID:nodeName=gb, BSSID=11050">
                <measResults>151911 99489 251398 42 27 69 96 70 146 </measResults>
            </measValue>
            <measValue measObjLdn="sm1USN02/Gb interface BSSID:nodeName=gb, BSSID=11060">
                <measResults>57390 40997 98391 15 11 26 69 33 78 </measResults>
            </measValue>
            <measValue measObjLdn="sm1USN02/Gb interface BSSID:nodeName=gb, BSSID=11070">
                <measResults>49190 37081 86266 13 10 23 54 29 78 </measResults>
            </measValue>
            <measValue measObjLdn="sm1USN02/Gb interface BSSID:nodeName=gb, BSSID=11080">
                <measResults>224760 171315 396080 62 47 109 160 106 252 </measResults>
            </measValue>
            <measValue measObjLdn="sm1USN02/Gb interface BSSID:nodeName=gb, BSSID=11090">
                <measResults>70197 68312 138518 19 18 37 130 44 168 </measResults>
            </measValue>
            <measValue measObjLdn="sm1USN02/Gb interface BSSID:nodeName=gb, BSSID=11100">
                <measResults>138729 88006 226738 38 24 62 144 52 188 </measResults>
            </measValue>
            <measValue measObjLdn="sm1USN02/Gb interface BSSID:nodeName=gb, BSSID=11110">
                <measResults>212014 121965 333984 58 33 91 180 81 231 </measResults>
            </measValue>
            <measValue measObjLdn="sm1USN02/Gb interface BSSID:nodeName=gb, BSSID=11120">
                <measResults>16684 23830 40518 4 6 10 31 26 45 </measResults>
            </measValue>
            <measValue measObjLdn="sm1USN02/Gb interface BSSID:nodeName=gb, BSSID=11130">
                <measResults>84098 57758 141854 23 16 39 62 55 106 </measResults>
            </measValue>
            <measValue measObjLdn="sm1USN02/Gb interface BSSID:nodeName=gb, BSSID=11140">
                <measResults>43744 31577 75324 12 8 20 43 25 59 </measResults>
            </measValue>
            <measValue measObjLdn="sm1USN02/Gb interface BSSID:nodeName=gb, BSSID=11150">
                <measResults>39707 18152 57857 11 5 16 50 20 70 </measResults>
            </measValue>
            <measValue measObjLdn="sm1USN02/Gb interface BSSID:nodeName=gb, BSSID=11160">
                <measResults>54610 34809 89424 15 9 24 56 32 77 </measResults>
            </measValue>
            <measValue measObjLdn="sm1USN02/Gb interface BSSID:nodeName=gb, BSSID=11170">
                <measResults>39714 27367 67084 11 7 18 69 27 82 </measResults>
            </measValue>
            <measValue measObjLdn="sm1USN02/Gb interface BSSID:nodeName=gb, BSSID=11180">
                <measResults>0 0 0 0 0 0 0 0 0 </measResults>
            </measValue>
            <measValue measObjLdn="sm1USN02/Gb interface BSSID:nodeName=gb, BSSID=11190">
                <measResults>27324 24219 51545 7 6 13 69 29 94 </measResults>
            </measValue>
            <measValue measObjLdn="sm1USN02/Gb interface BSSID:nodeName=gb, BSSID=11200">
                <measResults>83027 57271 140307 23 15 38 87 47 116 </measResults>
            </measValue>
            <measValue measObjLdn="sm1USN02/Gb interface BSSID:nodeName=gb, BSSID=11220">
                <measResults>0 0 0 0 0 0 0 0 0 </measResults>
            </measValue>
            <measValue measObjLdn="sm1USN02/Gb interface BSSID:nodeName=gb, BSSID=11240">
                <measResults>0 0 0 0 0 0 0 0 0 </measResults>
            </measValue>
            <measValue measObjLdn="sm1USN02/Gb interface BSSID:nodeName=gb, BSSID=11250">
                <measResults>127669 99981 227646 35 27 62 109 58 150 </measResults>
            </measValue>
            <measValue measObjLdn="sm1USN02/Gb interface BSSID:nodeName=gb, BSSID=11260">
                <measResults>95489 45818 141307 26 12 38 99 37 116 </measResults>
            </measValue>
            <measValue measObjLdn="sm1USN02/Gb interface BSSID:nodeName=gb, BSSID=11270">
                <measResults>173431 136414 309847 48 37 85 168 327 407 </measResults>
            </measValue>
            <measValue measObjLdn="sm1USN02/Gb interface BSSID:nodeName=gb, BSSID=14000">
                <measResults>242004 123863 365866 67 34 101 177 69 244 </measResults>
            </measValue>
            <measValue measObjLdn="sm1USN02/Gb interface BSSID:nodeName=gb, BSSID=14010">
                <measResults>10922 14340 25259 3 3 6 37 20 57 </measResults>
            </measValue>
            <measValue measObjLdn="sm1USN02/Gb interface BSSID:nodeName=gb, BSSID=14020">
                <measResults>103547 35742 139294 28 9 37 131 27 140 </measResults>
            </measValue>
            <measValue measObjLdn="sm1USN02/Gb interface BSSID:nodeName=gb, BSSID=14030">
                <measResults>178636 75687 254319 49 21 70 121 46 154 </measResults>
            </measValue>
            <measValue measObjLdn="sm1USN02/Gb interface BSSID:nodeName=gb, BSSID=14040">
                <measResults>80465 78068 158539 22 21 43 98 41 138 </measResults>
            </measValue>
            <measValue measObjLdn="sm1USN02/Gb interface BSSID:nodeName=gb, BSSID=14050">
                <measResults>62105 35300 97408 17 9 26 138 41 173 </measResults>
            </measValue>
            <measValue measObjLdn="sm1USN02/Gb interface BSSID:nodeName=gb, BSSID=14060">
                <measResults>37817 18556 56373 10 5 15 58 27 72 </measResults>
            </measValue>
            <measValue measObjLdn="sm1USN02/Gb interface BSSID:nodeName=gb, BSSID=14070">
                <measResults>41912 38435 80345 11 10 21 97 33 123 </measResults>
            </measValue>
            <measValue measObjLdn="sm1USN02/Gb interface BSSID:nodeName=gb, BSSID=14080">
                <measResults>132891 87912 220807 36 24 60 117 62 167 </measResults>
            </measValue>
            <measValue measObjLdn="sm1USN02/Gb interface BSSID:nodeName=gb, BSSID=14090">
                <measResults>156686 40448 197133 43 11 54 127 33 148 </measResults>
            </measValue>
            <measValue measObjLdn="sm1USN02/Gb interface BSSID:nodeName=gb, BSSID=14100">
                <measResults>361803 121684 483485 100 33 133 232 90 310 </measResults>
            </measValue>
            <measValue measObjLdn="sm1USN02/Gb interface BSSID:nodeName=gb, BSSID=14110">
                <measResults>26511 24647 51148 7 6 13 56 27 78 </measResults>
            </measValue>
            <measValue measObjLdn="sm1USN02/Gb interface BSSID:nodeName=gb, BSSID=14120">
                <measResults>41875 48506 90389 11 13 24 79 37 116 </measResults>
            </measValue>
            <measValue measObjLdn="sm1USN02/Gb interface BSSID:nodeName=gb, BSSID=14130">
                <measResults>115132 105446 220580 31 29 60 100 190 224 </measResults>
            </measValue>
            <measValue measObjLdn="sm1USN02/Gb interface BSSID:nodeName=gb, BSSID=14140">
                <measResults>120406 57562 177965 33 15 48 143 48 182 </measResults>
            </measValue>
            <measValue measObjLdn="sm1USN02/Gb interface BSSID:nodeName=gb, BSSID=14150">
                <measResults>46074 34756 80833 12 9 21 55 36 81 </measResults>
            </measValue>
            <measValue measObjLdn="sm1USN02/Gb interface BSSID:nodeName=gb, BSSID=14160">
                <measResults>27917 19980 47900 7 5 12 54 24 67 </measResults>
            </measValue>
            <measValue measObjLdn="sm1USN02/Gb interface BSSID:nodeName=gb, BSSID=14170">
                <measResults>71669 47247 118921 19 13 32 150 48 189 </measResults>
            </measValue>
            <measValue measObjLdn="sm1USN02/Gb interface BSSID:nodeName=gb, BSSID=14180">
                <measResults>202736 91197 293933 56 25 81 228 98 291 </measResults>
            </measValue>
            <measValue measObjLdn="sm1USN02/Gb interface BSSID:nodeName=gb, BSSID=14190">
                <measResults>53329 44935 98254 14 12 26 64 33 93 </measResults>
            </measValue>
            <measValue measObjLdn="sm1USN02/Gb interface BSSID:nodeName=gb, BSSID=14200">
                <measResults>0 0 0 0 0 0 0 0 0 </measResults>
            </measValue>
            <measValue measObjLdn="sm1USN02/Gb interface BSSID:nodeName=gb, BSSID=17000">
                <measResults>136070 50048 186117 37 13 50 154 37 185 </measResults>
            </measValue>
            <measValue measObjLdn="sm1USN02/Gb interface BSSID:nodeName=gb, BSSID=17010">
                <measResults>184819 69899 254713 51 19 70 172 53 211 </measResults>
            </measValue>
            <measValue measObjLdn="sm1USN02/Gb interface BSSID:nodeName=gb, BSSID=17020">
                <measResults>93452 52262 145712 25 14 39 100 43 122 </measResults>
            </measValue>
            <measValue measObjLdn="sm1USN02/Gb interface BSSID:nodeName=gb, BSSID=20000">
                <measResults>70213 45158 115374 19 12 31 62 36 91 </measResults>
            </measValue>
            <measValue measObjLdn="sm1USN02/Gb interface BSSID:nodeName=gb, BSSID=20010">
                <measResults>95996 64982 160972 26 18 44 88 56 121 </measResults>
            </measValue>
            <measValue measObjLdn="sm1USN02/Gb interface BSSID:nodeName=gb, BSSID=20020">
                <measResults>90536 55475 146013 25 15 40 86 40 122 </measResults>
            </measValue>
            <measValue measObjLdn="sm1USN02/Gb interface BSSID:nodeName=gb, BSSID=20030">
                <measResults>54150 52305 106459 15 14 29 59 35 81 </measResults>
            </measValue>
            <measValue measObjLdn="sm1USN02/Gb interface BSSID:nodeName=gb, BSSID=20040">
                <measResults>24408 35056 59467 6 9 15 53 44 76 </measResults>
            </measValue>
            <measValue measObjLdn="sm1USN02/Gb interface BSSID:nodeName=gb, BSSID=20050">
                <measResults>334230 131409 465651 92 36 128 274 94 348 </measResults>
            </measValue>
            <measValue measObjLdn="sm1USN02/Gb interface BSSID:nodeName=gb, BSSID=20060">
                <measResults>321722 109944 431666 89 30 119 234 62 279 </measResults>
            </measValue>
            <measValue measObjLdn="sm1USN02/Gb interface BSSID:nodeName=gb, BSSID=20070">
                <measResults>166194 86130 252319 46 23 69 135 62 181 </measResults>
            </measValue>
            <measValue measObjLdn="sm1USN02/Gb interface BSSID:nodeName=gb, BSSID=20080">
                <measResults>111530 44120 155648 30 12 42 134 35 170 </measResults>
            </measValue>
            <measValue measObjLdn="sm1USN02/Gb interface BSSID:nodeName=gb, BSSID=20090">
                <measResults>74137 53061 127210 20 14 34 124 61 186 </measResults>
            </measValue>
            <measValue measObjLdn="sm1USN02/Gb interface BSSID:nodeName=gb, BSSID=20100">
                <measResults>197700 97631 295327 54 27 81 145 75 197 </measResults>
            </measValue>
            <measValue measObjLdn="sm1USN02/Gb interface BSSID:nodeName=gb, BSSID=20110">
                <measResults>28092 18853 46947 7 5 12 90 21 99 </measResults>
            </measValue>
            <measValue measObjLdn="sm1USN02/Gb interface BSSID:nodeName=gb, BSSID=20120">
                <measResults>104817 42089 146909 29 11 40 120 42 144 </measResults>
            </measValue>
            <measValue measObjLdn="sm1USN02/Gb interface BSSID:nodeName=gb, BSSID=20130">
                <measResults>130145 44862 175007 36 12 48 96 51 125 </measResults>
            </measValue>
            <measValue measObjLdn="sm1USN02/Gb interface BSSID:nodeName=gb, BSSID=20140">
                <measResults>65456 42910 108363 18 11 29 67 33 85 </measResults>
            </measValue>
            <measValue measObjLdn="sm1USN02/Gb interface BSSID:nodeName=gb, BSSID=21000">
                <measResults>153345 82498 235845 42 22 64 133 48 175 </measResults>
            </measValue>
            <measValue measObjLdn="sm1USN02/Gb interface BSSID:nodeName=gb, BSSID=21010">
                <measResults>419031 152877 571912 116 42 158 216 88 254 </measResults>
            </measValue>
            <measValue measObjLdn="sm1USN02/Gb interface BSSID:nodeName=gb, BSSID=21050">
                <measResults>412110 223142 635250 114 61 175 305 137 427 </measResults>
            </measValue>
            <measValue measObjLdn="sm1USN02/Gb interface BSSID:nodeName=gb, BSSID=21060">
                <measResults>73719 40022 113743 20 11 31 75 26 92 </measResults>
            </measValue>
            <measValue measObjLdn="sm1USN02/Gb interface BSSID:nodeName=gb, BSSID=21070">
                <measResults>189426 140304 329733 52 38 90 182 103 282 </measResults>
            </measValue>
            <measValue measObjLdn="sm1USN02/Gb interface BSSID:nodeName=gb, BSSID=23000">
                <measResults>480720 277754 758477 133 77 210 301 147 427 </measResults>
            </measValue>
            <measValue measObjLdn="sm1USN02/Gb interface BSSID:nodeName=gb, BSSID=23010">
                <measResults>98225 62450 160681 27 17 44 73 41 102 </measResults>
            </measValue>
            <measValue measObjLdn="sm1USN02/Gb interface BSSID:nodeName=gb, BSSID=23020">
                <measResults>0 0 0 0 0 0 0 0 0 </measResults>
            </measValue>
            <measValue measObjLdn="sm1USN02/Gb interface BSSID:nodeName=gb, BSSID=27970">
                <measResults>264502 111158 375660 73 30 103 210 67 269 </measResults>
            </measValue>
            <measValue measObjLdn="sm1USN02/Gb interface BSSID:nodeName=gb, BSSID=27980">
                <measResults>345984 121690 467671 96 33 129 214 79 285 </measResults>
            </measValue>
            <measValue measObjLdn="sm1USN02/Gb interface BSSID:nodeName=gb, BSSID=27990">
                <measResults>88791 74685 163475 24 20 44 99 51 135 </measResults>
            </measValue>
        </measInfo>
        <measInfo measInfoId="1912143879">
            <granPeriod duration="PT3600S" endTime="2021-08-12T00:00:00+08:00"/>
            <repPeriod duration="PT3600S"/>
            <measTypes>1912143940 1912143941 </measTypes>
            <measValue measObjLdn="sm1USN02/RU_USN:nodeName=gb, RU NAME=GB_SP_RU_0064">
                <measResults>14 10 </measResults>
            </measValue>
            <measValue measObjLdn="sm1USN02/RU_USN:nodeName=gb, RU NAME=GB_SP_RU_0065">
                <measResults>13 11 </measResults>
            </measValue>
            <measValue measObjLdn="sm1USN02/RU_USN:nodeName=gb, RU NAME=GB_SP_RU_0066">
                <measResults>14 11 </measResults>
            </measValue>
            <measValue measObjLdn="sm1USN02/RU_USN:nodeName=gb, RU NAME=GB_SP_RU_0070">
                <measResults>14 11 </measResults>
            </measValue>
            <measValue measObjLdn="sm1USN02/RU_USN:nodeName=gb, RU NAME=GB_SP_RU_0071">
                <measResults>13 11 </measResults>
            </measValue>
        </measInfo>
        <measInfo measInfoId="1912143880">
            <granPeriod duration="PT3600S" endTime="2021-08-12T00:00:00+08:00"/>
            <repPeriod duration="PT3600S"/>
            <measTypes>1912143950 1912143951 </measTypes>
            <measValue measObjLdn="sm1USN02/ScaleGroup_USN:nodeName=gb, ScaleRroupName=SG1_GB">
                <measResults>13 11 </measResults>
            </measValue>
        </measInfo>
    </measData>
    <fileFooter>
        <measCollec endTime="2021-08-12T00:00:00+08:00"/>
    </fileFooter>
</measCollecFile>
