<?xml version="1.0" encoding="UTF-8"?>
<measCollecFile xmlns="http://latest/nmc-omc/cmNrm.doc#measCollec" xmlns:xsi="http://www.w3.org/2001/XMLSchema-instance" xsi:schemaLocation="http://latest/nmc-omc/cmNrm.doc#measCollec schema\pmResultSchedule.xsd">
    <fileHeader fileFormatVersion="32.435 V7.2" vendorName="Huawei">
        <fileSender elementType="MGW"/>
        <measCollec beginTime="2021-08-11T22:00:00+08:00"/>
    </fileHeader>
    <measData>
        <managedElement userLabel="HW_MG02FCDO"/>
        <measInfo measInfoId="100665892">
            <granPeriod duration="PT3600S" endTime="2021-08-11T23:00:00+08:00"/>
            <repPeriod duration="PT3600S"/>
            <measTypes>100991900 100991901 100991902 100991903 100991904 100991905 100992144 100992145 100992146 100992147 100992148 100992149 100992150 100992151 100992152 100992153 100992154 100992155 100992156 100992157 100992160 100992161 100992162 100992163 </measTypes>
            <measValue measObjLdn="HW_MG02FCDO/MGWFunction:HW_MG02FCDO">
                <measResults>3385 4818 0 0 0 0 0 0 0 0 0 0 0 0 0 0 0 0 0 0 747 1028 0 0 </measResults>
            </measValue>
        </measInfo>
        <measInfo measInfoId="100665880">
            <granPeriod duration="PT3600S" endTime="2021-08-11T23:00:00+08:00"/>
            <repPeriod duration="PT3600S"/>
            <measTypes>100991622 100991623 </measTypes>
            <measValue measObjLdn="HW_MG02FCDO/MGWFunction:HW_MG02FCDO">
                <measResults>0 0 </measResults>
            </measValue>
        </measInfo>
        <measInfo measInfoId="100665814">
            <granPeriod duration="PT3600S" endTime="2021-08-11T23:00:00+08:00"/>
            <repPeriod duration="PT3600S"/>
            <measTypes>100991139 100991140 100991243 100991244 100991245 100991246 100991247 100991248 100991249 100991250 100991251 100991821 100991822 100991823 </measTypes>
            <measValue measObjLdn="HW_MG02FCDO/MGWFunction:HW_MG02FCDO">
                <measResults>3393 47296 58368 47296 43884 97051 97051 0 0 12891216 99130 0 0 0 </measResults>
            </measValue>
        </measInfo>
        <measInfo measInfoId="100665916">
            <granPeriod duration="PT3600S" endTime="2021-08-11T23:00:00+08:00"/>
            <repPeriod duration="PT3600S"/>
            <measTypes>100992080 100992081 100992082 100992083 100992084 100992085 </measTypes>
            <measValue measObjLdn="HW_MG02FCDO/MGW:VMGWID=0">
                <measResults>0 0 0 0 0 0 </measResults>
            </measValue>
            <measValue measObjLdn="HW_MG02FCDO/MGW:VMGWID=5">
                <measResults>0 0 0 0 0 0 </measResults>
            </measValue>
            <measValue measObjLdn="HW_MG02FCDO/MGW:VMGWID=3">
                <measResults>0 0 0 0 0 0 </measResults>
            </measValue>
            <measValue measObjLdn="HW_MG02FCDO/MGW:VMGWID=8">
                <measResults>0 0 0 0 0 0 </measResults>
            </measValue>
        </measInfo>
        <measInfo measInfoId="100665842">
            <granPeriod duration="PT3600S" endTime="2021-08-11T23:00:00+08:00"/>
            <repPeriod duration="PT3600S"/>
            <measTypes>100991422 100991423 100991424 100991425 100991426 100992111 100992112 100992113 </measTypes>
            <measValue measObjLdn="HW_MG02FCDO/MGW:VMGWID=3">
                <measResults>6416 2586 13796 0 7087 0 0 15 </measResults>
            </measValue>
            <measValue measObjLdn="HW_MG02FCDO/MGW:VMGWID=8">
                <measResults>6460 2983 14278 0 7006 0 0 19 </measResults>
            </measValue>
            <measValue measObjLdn="HW_MG02FCDO/MGW:VMGWID=0">
                <measResults>6556 3307 14563 0 7351 0 0 24 </measResults>
            </measValue>
            <measValue measObjLdn="HW_MG02FCDO/MGW:VMGWID=5">
                <measResults>6554 2711 14819 0 7149 0 0 33 </measResults>
            </measValue>
        </measInfo>
        <measInfo measInfoId="100665906">
            <granPeriod duration="PT3600S" endTime="2021-08-11T23:00:00+08:00"/>
            <repPeriod duration="PT3600S"/>
            <measTypes>100991853 100991854 100991855 100991856 100991857 100991858 100991859 100991860 100991863 100991864 100991865 100991866 100991867 100991868 100991869 100991870 100991871 100991872 100991873 100991874 100991875 100991876 100991877 100991878 100991879 100991880 100991881 100991882 100991883 100991884 100991885 100991886 100991887 100991888 100991995 100991996 </measTypes>
            <measValue measObjLdn="HW_MG02FCDO/MGW:VMGWID=0">
                <measResults>1160 1160 0 0 0 0 0 0 7181 7181 3314 3314 4 4 3025 3025 66 66 0 0 0 0 0 0 0 0 0 0 0 0 0 0 279 279 0 0 </measResults>
            </measValue>
            <measValue measObjLdn="HW_MG02FCDO/MGW:VMGWID=5">
                <measResults>127 127 0 0 0 0 0 0 6776 6776 3598 3598 0 0 3759 3759 67 67 0 0 0 0 0 0 0 0 0 0 0 0 0 0 510 510 0 0 </measResults>
            </measValue>
            <measValue measObjLdn="HW_MG02FCDO/MGW:VMGWID=3">
                <measResults>173 173 0 0 0 0 0 0 7272 7272 3557 3557 1 1 3141 3141 66 66 0 0 0 0 0 0 0 0 0 0 0 0 0 0 288 288 0 0 </measResults>
            </measValue>
            <measValue measObjLdn="HW_MG02FCDO/MGW:VMGWID=8">
                <measResults>141 141 0 0 0 0 0 0 7144 7144 3519 3519 1 1 3160 3160 84 84 0 0 0 0 0 0 0 0 0 0 0 0 0 0 570 570 0 0 </measResults>
            </measValue>
        </measInfo>
        <measInfo measInfoId="100665915">
            <granPeriod duration="PT3600S" endTime="2021-08-11T23:00:00+08:00"/>
            <repPeriod duration="PT3600S"/>
            <measTypes>100992048 100992049 100992050 100992051 100992052 100992053 100992054 100992055 100992056 100992057 100992058 100992059 100992060 100992061 100992062 100992063 100992064 100992065 100992066 100992067 100992068 100992069 100992070 100992071 100992072 100992073 100992074 100992075 100992076 100992077 100992078 100992079 </measTypes>
            <measValue measObjLdn="HW_MG02FCDO/MGW:VMGWID=3">
                <measResults>173 173 0 0 0 0 0 0 0 0 7272 7272 3557 3557 1 1 3141 3141 66 66 0 0 0 0 0 0 0 0 288 288 0 0 </measResults>
            </measValue>
            <measValue measObjLdn="HW_MG02FCDO/MGW:VMGWID=8">
                <measResults>141 141 0 0 0 0 0 0 0 0 7144 7144 3519 3519 1 1 3160 3160 84 84 0 0 0 0 0 0 0 0 570 570 0 0 </measResults>
            </measValue>
            <measValue measObjLdn="HW_MG02FCDO/MGW:VMGWID=0">
                <measResults>1160 1160 0 0 0 0 0 0 0 0 7181 7181 3314 3314 4 4 3025 3025 66 66 0 0 0 0 0 0 0 0 279 279 0 0 </measResults>
            </measValue>
            <measValue measObjLdn="HW_MG02FCDO/MGW:VMGWID=5">
                <measResults>127 127 0 0 0 0 0 0 0 0 6776 6776 3598 3598 0 0 3759 3759 67 67 0 0 0 0 0 0 0 0 510 510 0 0 </measResults>
            </measValue>
        </measInfo>
        <measInfo measInfoId="100665835">
            <granPeriod duration="PT3600S" endTime="2021-08-11T23:00:00+08:00"/>
            <repPeriod duration="PT3600S"/>
            <measTypes>100991386 100991387 100991388 </measTypes>
            <measValue measObjLdn="HW_MG02FCDO/Board:FN=2, SN=1, BP=Front">
                <measResults>213 3072 7 </measResults>
            </measValue>
            <measValue measObjLdn="HW_MG02FCDO/Board:FN=3, SN=10, BP=Front">
                <measResults>163 1344 12 </measResults>
            </measValue>
            <measValue measObjLdn="HW_MG02FCDO/Board:FN=2, SN=3, BP=Front">
                <measResults>158 1344 12 </measResults>
            </measValue>
            <measValue measObjLdn="HW_MG02FCDO/Board:FN=1, SN=1, BP=Front">
                <measResults>231 3072 8 </measResults>
            </measValue>
            <measValue measObjLdn="HW_MG02FCDO/Board:FN=3, SN=11, BP=Front">
                <measResults>19 2304 1 </measResults>
            </measValue>
            <measValue measObjLdn="HW_MG02FCDO/Board:FN=2, SN=11, BP=Front">
                <measResults>230 3072 7 </measResults>
            </measValue>
            <measValue measObjLdn="HW_MG02FCDO/Board:FN=1, SN=3, BP=Front">
                <measResults>162 1344 12 </measResults>
            </measValue>
            <measValue measObjLdn="HW_MG02FCDO/Board:FN=3, SN=1, BP=Front">
                <measResults>221 3072 7 </measResults>
            </measValue>
            <measValue measObjLdn="HW_MG02FCDO/Board:FN=1, SN=11, BP=Front">
                <measResults>189 2688 7 </measResults>
            </measValue>
            <measValue measObjLdn="HW_MG02FCDO/Board:FN=2, SN=0, BP=Front">
                <measResults>200 2816 7 </measResults>
            </measValue>
            <measValue measObjLdn="HW_MG02FCDO/Board:FN=3, SN=3, BP=Front">
                <measResults>22 2304 1 </measResults>
            </measValue>
            <measValue measObjLdn="HW_MG02FCDO/Board:FN=2, SN=2, BP=Front">
                <measResults>216 3072 7 </measResults>
            </measValue>
            <measValue measObjLdn="HW_MG02FCDO/Board:FN=1, SN=0, BP=Front">
                <measResults>192 2816 7 </measResults>
            </measValue>
            <measValue measObjLdn="HW_MG02FCDO/Board:FN=1, SN=2, BP=Front">
                <measResults>213 3072 7 </measResults>
            </measValue>
            <measValue measObjLdn="HW_MG02FCDO/Board:FN=2, SN=10, BP=Front">
                <measResults>223 3072 7 </measResults>
            </measValue>
            <measValue measObjLdn="HW_MG02FCDO/Board:FN=3, SN=0, BP=Front">
                <measResults>222 3072 7 </measResults>
            </measValue>
            <measValue measObjLdn="HW_MG02FCDO/Board:FN=1, SN=10, BP=Front">
                <measResults>208 3072 7 </measResults>
            </measValue>
            <measValue measObjLdn="HW_MG02FCDO/Board:FN=1, SN=12, BP=Front">
                <measResults>154 1344 11 </measResults>
            </measValue>
            <measValue measObjLdn="HW_MG02FCDO/Board:FN=3, SN=2, BP=Front">
                <measResults>157 1344 12 </measResults>
            </measValue>
        </measInfo>
        <measInfo measInfoId="100665836">
            <granPeriod duration="PT3600S" endTime="2021-08-11T23:00:00+08:00"/>
            <repPeriod duration="PT3600S"/>
            <measTypes>100991389 100991390 100991391 </measTypes>
            <measValue measObjLdn="HW_MG02FCDO/Board:FN=2, SN=2, BP=Front">
                <measResults>0 0 NIL </measResults>
            </measValue>
            <measValue measObjLdn="HW_MG02FCDO/Board:FN=1, SN=0, BP=Front">
                <measResults>0 0 NIL </measResults>
            </measValue>
            <measValue measObjLdn="HW_MG02FCDO/Board:FN=3, SN=11, BP=Front">
                <measResults>0 0 NIL </measResults>
            </measValue>
            <measValue measObjLdn="HW_MG02FCDO/Board:FN=1, SN=2, BP=Front">
                <measResults>0 0 NIL </measResults>
            </measValue>
            <measValue measObjLdn="HW_MG02FCDO/Board:FN=2, SN=10, BP=Front">
                <measResults>0 0 NIL </measResults>
            </measValue>
            <measValue measObjLdn="HW_MG02FCDO/Board:FN=3, SN=0, BP=Front">
                <measResults>0 0 NIL </measResults>
            </measValue>
            <measValue measObjLdn="HW_MG02FCDO/Board:FN=1, SN=10, BP=Front">
                <measResults>0 0 NIL </measResults>
            </measValue>
            <measValue measObjLdn="HW_MG02FCDO/Board:FN=1, SN=12, BP=Front">
                <measResults>0 0 NIL </measResults>
            </measValue>
            <measValue measObjLdn="HW_MG02FCDO/Board:FN=3, SN=2, BP=Front">
                <measResults>0 0 NIL </measResults>
            </measValue>
            <measValue measObjLdn="HW_MG02FCDO/Board:FN=2, SN=1, BP=Front">
                <measResults>0 0 NIL </measResults>
            </measValue>
            <measValue measObjLdn="HW_MG02FCDO/Board:FN=3, SN=10, BP=Front">
                <measResults>0 0 NIL </measResults>
            </measValue>
            <measValue measObjLdn="HW_MG02FCDO/Board:FN=2, SN=3, BP=Front">
                <measResults>0 0 NIL </measResults>
            </measValue>
            <measValue measObjLdn="HW_MG02FCDO/Board:FN=1, SN=1, BP=Front">
                <measResults>0 0 NIL </measResults>
            </measValue>
            <measValue measObjLdn="HW_MG02FCDO/Board:FN=2, SN=11, BP=Front">
                <measResults>0 0 NIL </measResults>
            </measValue>
            <measValue measObjLdn="HW_MG02FCDO/Board:FN=1, SN=3, BP=Front">
                <measResults>0 0 NIL </measResults>
            </measValue>
            <measValue measObjLdn="HW_MG02FCDO/Board:FN=3, SN=1, BP=Front">
                <measResults>0 0 NIL </measResults>
            </measValue>
            <measValue measObjLdn="HW_MG02FCDO/Board:FN=1, SN=11, BP=Front">
                <measResults>0 0 NIL </measResults>
            </measValue>
            <measValue measObjLdn="HW_MG02FCDO/Board:FN=2, SN=0, BP=Front">
                <measResults>0 0 NIL </measResults>
            </measValue>
            <measValue measObjLdn="HW_MG02FCDO/Board:FN=3, SN=3, BP=Front">
                <measResults>0 0 NIL </measResults>
            </measValue>
        </measInfo>
        <measInfo measInfoId="100665859">
            <granPeriod duration="PT3600S" endTime="2021-08-11T23:00:00+08:00"/>
            <repPeriod duration="PT3600S"/>
            <measTypes>100991582 100991583 100991584 </measTypes>
            <measValue measObjLdn="HW_MG02FCDO/Board:FN=2, SN=11, BP=Front">
                <measResults>0 0 NIL </measResults>
            </measValue>
            <measValue measObjLdn="HW_MG02FCDO/Board:FN=1, SN=3, BP=Front">
                <measResults>0 0 NIL </measResults>
            </measValue>
            <measValue measObjLdn="HW_MG02FCDO/Board:FN=3, SN=1, BP=Front">
                <measResults>0 0 NIL </measResults>
            </measValue>
            <measValue measObjLdn="HW_MG02FCDO/Board:FN=1, SN=11, BP=Front">
                <measResults>0 510 0 </measResults>
            </measValue>
            <measValue measObjLdn="HW_MG02FCDO/Board:FN=2, SN=0, BP=Front">
                <measResults>0 340 0 </measResults>
            </measValue>
            <measValue measObjLdn="HW_MG02FCDO/Board:FN=3, SN=3, BP=Front">
                <measResults>0 0 NIL </measResults>
            </measValue>
            <measValue measObjLdn="HW_MG02FCDO/Board:FN=2, SN=2, BP=Front">
                <measResults>0 0 NIL </measResults>
            </measValue>
            <measValue measObjLdn="HW_MG02FCDO/Board:FN=1, SN=0, BP=Front">
                <measResults>0 340 0 </measResults>
            </measValue>
            <measValue measObjLdn="HW_MG02FCDO/Board:FN=1, SN=2, BP=Front">
                <measResults>0 0 NIL </measResults>
            </measValue>
            <measValue measObjLdn="HW_MG02FCDO/Board:FN=2, SN=10, BP=Front">
                <measResults>0 0 NIL </measResults>
            </measValue>
            <measValue measObjLdn="HW_MG02FCDO/Board:FN=3, SN=11, BP=Front">
                <measResults>0 0 NIL </measResults>
            </measValue>
            <measValue measObjLdn="HW_MG02FCDO/Board:FN=3, SN=0, BP=Front">
                <measResults>0 0 NIL </measResults>
            </measValue>
            <measValue measObjLdn="HW_MG02FCDO/Board:FN=1, SN=10, BP=Front">
                <measResults>0 0 NIL </measResults>
            </measValue>
            <measValue measObjLdn="HW_MG02FCDO/Board:FN=1, SN=12, BP=Front">
                <measResults>0 0 NIL </measResults>
            </measValue>
            <measValue measObjLdn="HW_MG02FCDO/Board:FN=3, SN=2, BP=Front">
                <measResults>0 0 NIL </measResults>
            </measValue>
            <measValue measObjLdn="HW_MG02FCDO/Board:FN=2, SN=1, BP=Front">
                <measResults>0 0 NIL </measResults>
            </measValue>
            <measValue measObjLdn="HW_MG02FCDO/Board:FN=3, SN=10, BP=Front">
                <measResults>0 0 NIL </measResults>
            </measValue>
            <measValue measObjLdn="HW_MG02FCDO/Board:FN=2, SN=3, BP=Front">
                <measResults>0 0 NIL </measResults>
            </measValue>
            <measValue measObjLdn="HW_MG02FCDO/Board:FN=1, SN=1, BP=Front">
                <measResults>0 0 NIL </measResults>
            </measValue>
        </measInfo>
        <measInfo measInfoId="100665821">
            <granPeriod duration="PT3600S" endTime="2021-08-11T23:00:00+08:00"/>
            <repPeriod duration="PT3600S"/>
            <measTypes>100991203 100991204 </measTypes>
            <measValue measObjLdn="HW_MG02FCDO/M3UADsp:Label=MG02FCDO_1, INDEX =1">
                <measResults>0 3600 </measResults>
            </measValue>
            <measValue measObjLdn="HW_MG02FCDO/M3UADsp:Label=MSS17_0, INDEX =0">
                <measResults>0 0 </measResults>
            </measValue>
        </measInfo>
        <measInfo measInfoId="100665819">
            <granPeriod duration="PT3600S" endTime="2021-08-11T23:00:00+08:00"/>
            <repPeriod duration="PT3600S"/>
            <measTypes>100991155 100991156 100991157 100991158 100991159 100991160 100991161 100991162 100991163 100991164 100991165 100991166 100991167 100991168 100991169 100991170 100991171 100991172 100991173 100991174 100991175 100991176 100991177 100991836 100991837 100991838 100991839 100991840 100991841 100991842 100991843 100991844 </measTypes>
            <measValue measObjLdn="HW_MG02FCDO/M3UALinkSet:Label=MSS17_0, INDEX =0">
                <measResults>0 0 0 0 0 0 0 0 0 0 0 0 0 0 0 0 0 0 0 0 0 0 0 0 0 0 0 0 0 0 0 0 </measResults>
            </measValue>
        </measInfo>
        <measInfo measInfoId="100665820">
            <granPeriod duration="PT3600S" endTime="2021-08-11T23:00:00+08:00"/>
            <repPeriod duration="PT3600S"/>
            <measTypes>100991178 100991179 100991180 100991181 100991182 100991183 100991184 100991185 100991186 100991187 100991188 100991189 100991190 100991191 100991192 100991193 100991194 100991195 100991196 100991197 100991198 100991199 100991200 100991201 100991202 100991395 100991396 </measTypes>
            <measValue measObjLdn="HW_MG02FCDO/M3UALink:Label=Sigtran MSS17_4, LinkNo=4">
                <measResults>0 0 0 0 0 0 0 0 0 0 0 0 0 0 0 0 0 0 0 0 0 0 0 0 0 50 50 </measResults>
            </measValue>
            <measValue measObjLdn="HW_MG02FCDO/M3UALink:Label=Sigtran MSS17_6, LinkNo=6">
                <measResults>0 0 0 0 0 0 0 0 0 0 0 0 0 0 0 0 0 0 0 0 0 0 0 0 0 50 50 </measResults>
            </measValue>
            <measValue measObjLdn="HW_MG02FCDO/M3UALink:Label=Sigtran MSS17_8, LinkNo=8">
                <measResults>0 0 0 0 0 0 0 0 0 0 0 0 0 0 0 0 0 0 0 0 0 0 0 0 0 50 50 </measResults>
            </measValue>
            <measValue measObjLdn="HW_MG02FCDO/M3UALink:Label=Sigtran MSS17_10, LinkNo=10">
                <measResults>0 0 0 0 0 0 0 0 0 0 0 0 0 0 0 0 0 0 0 0 0 0 0 0 0 50 50 </measResults>
            </measValue>
            <measValue measObjLdn="HW_MG02FCDO/M3UALink:Label=Sigtran MSS17_1, LinkNo=1">
                <measResults>0 0 0 0 0 0 0 0 0 0 0 0 0 0 0 0 0 0 0 0 0 0 0 0 0 50 50 </measResults>
            </measValue>
            <measValue measObjLdn="HW_MG02FCDO/M3UALink:Label=Sigtran MSS17_3, LinkNo=3">
                <measResults>0 0 0 0 0 0 0 0 0 0 0 0 0 0 0 0 0 0 0 0 0 0 0 0 0 50 50 </measResults>
            </measValue>
            <measValue measObjLdn="HW_MG02FCDO/M3UALink:Label=Sigtran MSS17_5, LinkNo=5">
                <measResults>0 0 0 0 0 0 0 0 0 0 0 0 0 0 0 0 0 0 0 0 0 0 0 0 0 50 50 </measResults>
            </measValue>
            <measValue measObjLdn="HW_MG02FCDO/M3UALink:Label=Sigtran MSS17_7, LinkNo=7">
                <measResults>0 0 0 0 0 0 0 0 0 0 0 0 0 0 0 0 0 0 0 0 0 0 0 0 0 50 50 </measResults>
            </measValue>
            <measValue measObjLdn="HW_MG02FCDO/M3UALink:Label=Sigtran MSS17_0, LinkNo=0">
                <measResults>0 0 0 0 0 0 0 0 0 0 0 0 0 0 0 0 0 0 0 0 0 0 0 0 0 50 50 </measResults>
            </measValue>
            <measValue measObjLdn="HW_MG02FCDO/M3UALink:Label=Sigtran MSS17_9, LinkNo=9">
                <measResults>0 0 0 0 0 0 0 0 0 0 0 0 0 0 0 0 0 0 0 0 0 0 0 0 0 50 50 </measResults>
            </measValue>
            <measValue measObjLdn="HW_MG02FCDO/M3UALink:Label=Sigtran MSS17_11, LinkNo=11">
                <measResults>0 0 0 0 0 0 0 0 0 0 0 0 0 0 0 0 0 0 0 0 0 0 0 0 0 50 50 </measResults>
            </measValue>
            <measValue measObjLdn="HW_MG02FCDO/M3UALink:Label=Sigtran MSS17_2, LinkNo=2">
                <measResults>0 0 0 0 0 0 0 0 0 0 0 0 0 0 0 0 0 0 0 0 0 0 0 0 0 50 50 </measResults>
            </measValue>
        </measInfo>
        <measInfo measInfoId="100665837">
            <granPeriod duration="PT3600S" endTime="2021-08-11T23:00:00+08:00"/>
            <repPeriod duration="PT3600S"/>
            <measTypes>100991393 100991394 </measTypes>
            <measValue measObjLdn="HW_MG02FCDO/IntfNo:BN=0, IN=1, BT=HRB">
                <measResults>0 0 </measResults>
            </measValue>
            <measValue measObjLdn="HW_MG02FCDO/IntfNo:BN=1, IN=1, BT=HRB">
                <measResults>0 0 </measResults>
            </measValue>
            <measValue measObjLdn="HW_MG02FCDO/IntfNo:BN=5, IN=2, BT=HRB">
                <measResults>0 0 </measResults>
            </measValue>
            <measValue measObjLdn="HW_MG02FCDO/IntfNo:BN=1, IN=0, BT=TNU">
                <measResults>10970 77579 </measResults>
            </measValue>
            <measValue measObjLdn="HW_MG02FCDO/IntfNo:BN=2, IN=1, BT=HRB">
                <measResults>0 0 </measResults>
            </measValue>
            <measValue measObjLdn="HW_MG02FCDO/IntfNo:BN=3, IN=0, BT=TNU">
                <measResults>0 0 </measResults>
            </measValue>
            <measValue measObjLdn="HW_MG02FCDO/IntfNo:BN=3, IN=1, BT=HRB">
                <measResults>0 0 </measResults>
            </measValue>
            <measValue measObjLdn="HW_MG02FCDO/IntfNo:BN=0, IN=0, BT=HRB">
                <measResults>0 0 </measResults>
            </measValue>
            <measValue measObjLdn="HW_MG02FCDO/IntfNo:BN=4, IN=1, BT=HRB">
                <measResults>0 0 </measResults>
            </measValue>
            <measValue measObjLdn="HW_MG02FCDO/IntfNo:BN=1, IN=0, BT=HRB">
                <measResults>0 0 </measResults>
            </measValue>
            <measValue measObjLdn="HW_MG02FCDO/IntfNo:BN=5, IN=1, BT=HRB">
                <measResults>0 0 </measResults>
            </measValue>
            <measValue measObjLdn="HW_MG02FCDO/IntfNo:BN=2, IN=0, BT=HRB">
                <measResults>0 0 </measResults>
            </measValue>
            <measValue measObjLdn="HW_MG02FCDO/IntfNo:BN=5, IN=3, BT=HRB">
                <measResults>0 0 </measResults>
            </measValue>
            <measValue measObjLdn="HW_MG02FCDO/IntfNo:BN=2, IN=0, BT=TNU">
                <measResults>0 0 </measResults>
            </measValue>
            <measValue measObjLdn="HW_MG02FCDO/IntfNo:BN=3, IN=0, BT=HRB">
                <measResults>0 0 </measResults>
            </measValue>
            <measValue measObjLdn="HW_MG02FCDO/IntfNo:BN=4, IN=0, BT=HRB">
                <measResults>0 0 </measResults>
            </measValue>
            <measValue measObjLdn="HW_MG02FCDO/IntfNo:BN=0, IN=0, BT=OMU">
                <measResults>0 0 </measResults>
            </measValue>
            <measValue measObjLdn="HW_MG02FCDO/IntfNo:BN=5, IN=0, BT=HRB">
                <measResults>0 0 </measResults>
            </measValue>
        </measInfo>
        <measInfo measInfoId="100665905">
            <granPeriod duration="PT3600S" endTime="2021-08-11T23:00:00+08:00"/>
            <repPeriod duration="PT3600S"/>
            <measTypes>100991826 100991827 100991828 100991829 100991830 100991832 100991833 100991834 100991835 100991898 100991899 </measTypes>
            <measValue measObjLdn="HW_MG02FCDO/Local IP:0@10.167.104.36/28/Remote IP:0@10.241.168.12/32">
                <measResults>4.1 2.6 3.3 0 32 0 162 1278 154 1594 2641 </measResults>
            </measValue>
            <measValue measObjLdn="HW_MG02FCDO/Local IP:0@10.167.104.36/28/Remote IP:0@10.241.173.4/28">
                <measResults>0 0 0 0 0 0 0 0 0 0 13 </measResults>
            </measValue>
            <measValue measObjLdn="HW_MG02FCDO/Local IP:0@10.167.104.36/28/Remote IP:0@10.245.69.36/28">
                <measResults>4.1 3.4 0.8 0 0 0 0 23 36 59 65 </measResults>
            </measValue>
            <measValue measObjLdn="HW_MG02FCDO/Local IP:0@10.167.104.36/28/Remote IP:0@10.129.130.197/28">
                <measResults>4.3 2.6 3.4 0 0 0 4 566 246 816 1162 </measResults>
            </measValue>
            <measValue measObjLdn="HW_MG02FCDO/Local IP:0@10.167.104.36/28/Remote IP:0@10.241.177.20/28">
                <measResults>4.1 2.6 2.5 0 1 0 4 358 247 609 799 </measResults>
            </measValue>
            <measValue measObjLdn="HW_MG02FCDO/Local IP:0@10.167.104.36/28/Remote IP:0@10.241.176.12/32">
                <measResults>4.1 2.6 3.3 0 2 0 25 252 174 451 693 </measResults>
            </measValue>
            <measValue measObjLdn="HW_MG02FCDO/Local IP:0@10.167.104.36/28/Remote IP:0@10.241.176.28/32">
                <measResults>4.1 2.6 3.5 0 6 0 29 489 333 851 1151 </measResults>
            </measValue>
            <measValue measObjLdn="HW_MG02FCDO/Local IP:0@10.167.104.36/28/Remote IP:0@10.129.148.116/28">
                <measResults>0 0 0 0 0 0 0 13 16 29 34 </measResults>
            </measValue>
            <measValue measObjLdn="HW_MG02FCDO/Local IP:0@10.167.104.36/28/Remote IP:0@10.167.73.20/28">
                <measResults>4.1 2.8 2.2 0 0 0 0 147 65 212 247 </measResults>
            </measValue>
            <measValue measObjLdn="HW_MG02FCDO/Local IP:0@10.167.104.36/28/Remote IP:0@10.167.73.36/28">
                <measResults>4.3 2.9 2.7 0 0 0 1 333 1894 2228 2606 </measResults>
            </measValue>
            <measValue measObjLdn="HW_MG02FCDO/Local IP:0@10.167.104.36/28/Remote IP:0@10.129.130.180/28">
                <measResults>0 0 0 0 0 0 0 29 17 46 105 </measResults>
            </measValue>
            <measValue measObjLdn="HW_MG02FCDO/Local IP:0@10.167.104.36/28/Remote IP:0@10.241.168.4/32">
                <measResults>4.1 2.6 3.4 0 32 0 166 1328 151 1645 2742 </measResults>
            </measValue>
            <measValue measObjLdn="HW_MG02FCDO/Local IP:0@10.167.104.36/28/Remote IP:0@10.241.176.52/28">
                <measResults>4.3 2.6 3.4 0 0 0 1 312 217 530 791 </measResults>
            </measValue>
            <measValue measObjLdn="HW_MG02FCDO/Local IP:0@10.167.104.36/28/Remote IP:0@10.129.148.100/28">
                <measResults>4.1 2.6 1 0 0 0 1 56 28 85 92 </measResults>
            </measValue>
            <measValue measObjLdn="HW_MG02FCDO/Local IP:0@10.167.104.36/28/Remote IP:0@10.241.174.20/28">
                <measResults>0 0 0 0 0 0 0 8 2 10 11 </measResults>
            </measValue>
            <measValue measObjLdn="HW_MG02FCDO/Local IP:0@10.167.104.36/28/Remote IP:0@10.241.174.52/28">
                <measResults>0 0 0 0 0 0 0 5 6 11 14 </measResults>
            </measValue>
            <measValue measObjLdn="HW_MG02FCDO/Local IP:0@10.167.104.36/28/Remote IP:0@10.167.73.52/28">
                <measResults>4.1 2.7 0.7 0 0 0 1 95 36 132 168 </measResults>
            </measValue>
            <measValue measObjLdn="HW_MG02FCDO/Local IP:0@10.167.104.36/28/Remote IP:0@10.241.176.44/32">
                <measResults>0 0 0 0 0 0 0 0 0 0 1 </measResults>
            </measValue>
            <measValue measObjLdn="HW_MG02FCDO/Local IP:0@10.167.104.36/28/Remote IP:0@10.169.36.52/28">
                <measResults>4.1 2.9 0.4 0 0 0 0 27 16 43 47 </measResults>
            </measValue>
            <measValue measObjLdn="HW_MG02FCDO/Local IP:0@10.167.104.36/28/Remote IP:0@10.169.36.68/28">
                <measResults>4.1 3 1.8 0 0 0 0 41 10 51 55 </measResults>
            </measValue>
            <measValue measObjLdn="HW_MG02FCDO/Local IP:0@10.167.104.36/28/Remote IP:0@10.167.104.4/27">
                <measResults>4.3 2.6 3.3 0 1 0 6 522 331 859 1206 </measResults>
            </measValue>
            <measValue measObjLdn="HW_MG02FCDO/Local IP:0@10.167.104.36/28/Remote IP:0@10.241.174.36/28">
                <measResults>4.1 3.3 0.3 0 0 0 0 26 14 40 47 </measResults>
            </measValue>
        </measInfo>
        <measInfo measInfoId="100666295">
            <granPeriod duration="PT3600S" endTime="2021-08-11T23:00:00+08:00"/>
            <repPeriod duration="PT3600S"/>
            <measTypes>101053297 101053301 </measTypes>
            <measValue measObjLdn="HW_MG02FCDO/Local IP:0@10.167.104.36/28/Remote IP:0@10.241.168.4/32">
                <measResults>14634331 87 </measResults>
            </measValue>
            <measValue measObjLdn="HW_MG02FCDO/Local IP:0@10.167.104.36/28/Remote IP:0@10.241.176.52/28">
                <measResults>6580191 2 </measResults>
            </measValue>
            <measValue measObjLdn="HW_MG02FCDO/Local IP:0@10.167.104.36/28/Remote IP:0@10.129.148.100/28">
                <measResults>904354 0 </measResults>
            </measValue>
            <measValue measObjLdn="HW_MG02FCDO/Local IP:0@10.167.104.36/28/Remote IP:0@10.241.174.20/28">
                <measResults>177920 0 </measResults>
            </measValue>
            <measValue measObjLdn="HW_MG02FCDO/Local IP:0@10.167.104.36/28/Remote IP:0@10.241.174.52/28">
                <measResults>86482 0 </measResults>
            </measValue>
            <measValue measObjLdn="HW_MG02FCDO/Local IP:0@10.167.104.36/28/Remote IP:0@10.167.73.52/28">
                <measResults>1190667 0 </measResults>
            </measValue>
            <measValue measObjLdn="HW_MG02FCDO/Local IP:0@10.167.104.36/28/Remote IP:0@10.241.176.44/32">
                <measResults>0 0 </measResults>
            </measValue>
            <measValue measObjLdn="HW_MG02FCDO/Local IP:0@10.167.104.36/28/Remote IP:0@10.169.36.52/28">
                <measResults>628842 0 </measResults>
            </measValue>
            <measValue measObjLdn="HW_MG02FCDO/Local IP:0@10.167.104.36/28/Remote IP:0@10.169.36.68/28">
                <measResults>501089 0 </measResults>
            </measValue>
            <measValue measObjLdn="HW_MG02FCDO/Local IP:0@10.167.104.36/28/Remote IP:0@10.167.104.4/27">
                <measResults>11605420 5 </measResults>
            </measValue>
            <measValue measObjLdn="HW_MG02FCDO/Local IP:0@10.167.104.36/28/Remote IP:0@10.241.168.12/32">
                <measResults>15811432 75 </measResults>
            </measValue>
            <measValue measObjLdn="HW_MG02FCDO/Local IP:0@10.167.104.36/28/Remote IP:0@10.241.174.36/28">
                <measResults>456039 0 </measResults>
            </measValue>
            <measValue measObjLdn="HW_MG02FCDO/Local IP:0@10.167.104.36/28/Remote IP:0@10.241.173.4/28">
                <measResults>26 0 </measResults>
            </measValue>
            <measValue measObjLdn="HW_MG02FCDO/Local IP:0@10.167.104.36/28/Remote IP:0@10.245.69.36/28">
                <measResults>373716 0 </measResults>
            </measValue>
            <measValue measObjLdn="HW_MG02FCDO/Local IP:0@10.167.104.36/28/Remote IP:0@10.129.130.197/28">
                <measResults>8486233 2 </measResults>
            </measValue>
            <measValue measObjLdn="HW_MG02FCDO/Local IP:0@10.167.104.36/28/Remote IP:0@10.241.177.20/28">
                <measResults>7683084 2 </measResults>
            </measValue>
            <measValue measObjLdn="HW_MG02FCDO/Local IP:0@10.167.104.36/28/Remote IP:0@10.241.176.12/32">
                <measResults>4180819 0 </measResults>
            </measValue>
            <measValue measObjLdn="HW_MG02FCDO/Local IP:0@10.167.104.36/28/Remote IP:0@10.241.176.28/32">
                <measResults>6838105 24 </measResults>
            </measValue>
            <measValue measObjLdn="HW_MG02FCDO/Local IP:0@10.167.104.36/28/Remote IP:0@10.129.148.116/28">
                <measResults>413779 0 </measResults>
            </measValue>
            <measValue measObjLdn="HW_MG02FCDO/Local IP:0@10.167.104.36/28/Remote IP:0@10.167.73.20/28">
                <measResults>2749929 2 </measResults>
            </measValue>
            <measValue measObjLdn="HW_MG02FCDO/Local IP:0@10.167.104.36/28/Remote IP:0@10.167.73.36/28">
                <measResults>15770802 10 </measResults>
            </measValue>
            <measValue measObjLdn="HW_MG02FCDO/Local IP:0@10.167.104.36/28/Remote IP:0@10.129.130.180/28">
                <measResults>95573 0 </measResults>
            </measValue>
        </measInfo>
        <measInfo measInfoId="100665838">
            <granPeriod duration="PT3600S" endTime="2021-08-11T23:00:00+08:00"/>
            <repPeriod duration="PT3600S"/>
            <measTypes>100991397 100991398 100993038 100993039 100993040 100993041 100993042 100993043 100993044 100993045 100993046 100993047 </measTypes>
            <measValue measObjLdn="HW_MG02FCDO/LinkNo:VMGWID=0, MGCIDX=0, LINKID=1,Label=Link1 to MSS17">
                <measResults>1616 3450 5821011 12421810 41872 41870 5821011 12421810 0 0 0 0 </measResults>
            </measValue>
            <measValue measObjLdn="HW_MG02FCDO/LinkNo:VMGWID=0, MGCIDX=0, LINKID=3,Label=Link3 to MSS17">
                <measResults>1602 3413 5767939 12287223 41565 41565 5767939 12287223 0 0 0 0 </measResults>
            </measValue>
            <measValue measObjLdn="HW_MG02FCDO/LinkNo:VMGWID=0, MGCIDX=0, LINKID=0,Label=Link0 to MSS17">
                <measResults>1598 3411 5754016 12282238 41541 41540 5754016 12282238 0 0 0 0 </measResults>
            </measValue>
            <measValue measObjLdn="HW_MG02FCDO/LinkNo:VMGWID=0, MGCIDX=0, LINKID=2,Label=Link2 to MSS17">
                <measResults>1615 3418 5816431 12307485 41807 41807 5816431 12307485 0 0 0 0 </measResults>
            </measValue>
        </measInfo>
        <measInfo measInfoId="100666003">
            <granPeriod duration="PT3600S" endTime="2021-08-11T23:00:00+08:00"/>
            <repPeriod duration="PT3600S"/>
            <measTypes>100991561 100993025 100993026 100993027 100993028 100993029 </measTypes>
            <measValue measObjLdn="HW_MG02FCDO/Board:FN=1, SN=10, BP=Back">
                <measResults>2 1 0 0 0 0 </measResults>
            </measValue>
            <measValue measObjLdn="HW_MG02FCDO/Board:FN=2, SN=12, BP=Front">
                <measResults>0 0 0 0 0 0 </measResults>
            </measValue>
            <measValue measObjLdn="HW_MG02FCDO/Board:FN=3, SN=8, BP=Front">
                <measResults>4 2 0 0 0 0 </measResults>
            </measValue>
            <measValue measObjLdn="HW_MG02FCDO/Board:FN=2, SN=5, BP=Back">
                <measResults>0 0 0 0 0 0 </measResults>
            </measValue>
            <measValue measObjLdn="HW_MG02FCDO/Board:FN=3, SN=2, BP=Back">
                <measResults>6 6 0 0 0 0 </measResults>
            </measValue>
            <measValue measObjLdn="HW_MG02FCDO/Board:FN=1, SN=1, BP=Back">
                <measResults>20 18 0 0 0 0 </measResults>
            </measValue>
            <measValue measObjLdn="HW_MG02FCDO/Board:FN=2, SN=14, BP=Back">
                <measResults>5 3 0 0 0 0 </measResults>
            </measValue>
            <measValue measObjLdn="HW_MG02FCDO/Board:FN=1, SN=7, BP=Front">
                <measResults>12 3 0 0 0 0 </measResults>
            </measValue>
            <measValue measObjLdn="HW_MG02FCDO/Board:FN=1, SN=12, BP=Back">
                <measResults>2 1 0 0 0 0 </measResults>
            </measValue>
            <measValue measObjLdn="HW_MG02FCDO/Board:FN=1, SN=3, BP=Back">
                <measResults>5 3 0 0 0 0 </measResults>
            </measValue>
            <measValue measObjLdn="HW_MG02FCDO/Board:FN=2, SN=7, BP=Back">
                <measResults>4 2 0 0 0 0 </measResults>
            </measValue>
            <measValue measObjLdn="HW_MG02FCDO/Board:FN=2, SN=14, BP=Front">
                <measResults>0 0 0 0 0 0 </measResults>
            </measValue>
            <measValue measObjLdn="HW_MG02FCDO/Board:FN=3, SN=6, BP=Front">
                <measResults>0 0 0 0 0 0 </measResults>
            </measValue>
            <measValue measObjLdn="HW_MG02FCDO/Board:FN=3, SN=15, BP=Back">
                <measResults>5 3 0 0 0 0 </measResults>
            </measValue>
            <measValue measObjLdn="HW_MG02FCDO/Board:FN=2, SN=5, BP=Front">
                <measResults>0 0 0 0 0 0 </measResults>
            </measValue>
            <measValue measObjLdn="HW_MG02FCDO/Board:FN=3, SN=8, BP=Back">
                <measResults>6 3 0 0 0 0 </measResults>
            </measValue>
            <measValue measObjLdn="HW_MG02FCDO/Board:FN=2, SN=9, BP=Front">
                <measResults>1 0 0 0 0 0 </measResults>
            </measValue>
            <measValue measObjLdn="HW_MG02FCDO/Board:FN=2, SN=0, BP=Back">
                <measResults>5 3 0 0 0 0 </measResults>
            </measValue>
            <measValue measObjLdn="HW_MG02FCDO/Board:FN=1, SN=14, BP=Back">
                <measResults>5 3 0 0 0 0 </measResults>
            </measValue>
            <measValue measObjLdn="HW_MG02FCDO/Board:FN=1, SN=5, BP=Back">
                <measResults>5 3 0 0 0 0 </measResults>
            </measValue>
            <measValue measObjLdn="HW_MG02FCDO/Board:FN=3, SN=12, BP=Front">
                <measResults>0 0 0 0 0 0 </measResults>
            </measValue>
            <measValue measObjLdn="HW_MG02FCDO/Board:FN=2, SN=7, BP=Front">
                <measResults>5 2 0 0 0 0 </measResults>
            </measValue>
            <measValue measObjLdn="HW_MG02FCDO/Board:FN=2, SN=2, BP=Back">
                <measResults>6 6 0 0 0 0 </measResults>
            </measValue>
            <measValue measObjLdn="HW_MG02FCDO/Board:FN=1, SN=7, BP=Back">
                <measResults>8 4 0 0 0 0 </measResults>
            </measValue>
            <measValue measObjLdn="HW_MG02FCDO/Board:FN=3, SN=4, BP=Front">
                <measResults>0 0 0 0 0 0 </measResults>
            </measValue>
            <measValue measObjLdn="HW_MG02FCDO/Board:FN=1, SN=14, BP=Front">
                <measResults>0 0 0 0 0 0 </measResults>
            </measValue>
            <measValue measObjLdn="HW_MG02FCDO/Board:FN=3, SN=10, BP=Back">
                <measResults>8 5 0 0 0 0 </measResults>
            </measValue>
            <measValue measObjLdn="HW_MG02FCDO/Board:FN=2, SN=11, BP=Back">
                <measResults>8 5 0 0 0 0 </measResults>
            </measValue>
            <measValue measObjLdn="HW_MG02FCDO/Board:FN=1, SN=5, BP=Front">
                <measResults>0 0 0 0 0 0 </measResults>
            </measValue>
            <measValue measObjLdn="HW_MG02FCDO/Board:FN=2, SN=9, BP=Front">
                <measResults>2 0 0 0 0 0 </measResults>
            </measValue>
            <measValue measObjLdn="HW_MG02FCDO/Board:FN=3, SN=14, BP=Front">
                <measResults>0 0 0 0 0 0 </measResults>
            </measValue>
            <measValue measObjLdn="HW_MG02FCDO/Board:FN=2, SN=0, BP=Front">
                <measResults>6 4 0 0 0 0 </measResults>
            </measValue>
            <measValue measObjLdn="HW_MG02FCDO/Board:FN=3, SN=11, BP=Front">
                <measResults>3 3 0 0 0 0 </measResults>
            </measValue>
            <measValue measObjLdn="HW_MG02FCDO/Board:FN=3, SN=7, BP=Front">
                <measResults>6 3 0 0 0 0 </measResults>
            </measValue>
            <measValue measObjLdn="HW_MG02FCDO/Board:FN=1, SN=0, BP=Back">
                <measResults>20 19 0 0 0 0 </measResults>
            </measValue>
            <measValue measObjLdn="HW_MG02FCDO/Board:FN=2, SN=13, BP=Back">
                <measResults>8 5 0 0 0 0 </measResults>
            </measValue>
            <measValue measObjLdn="HW_MG02FCDO/Board:FN=1, SN=9, BP=Front">
                <measResults>2 1 0 0 0 0 </measResults>
            </measValue>
            <measValue measObjLdn="HW_MG02FCDO/Board:FN=3, SN=12, BP=Back">
                <measResults>0 0 0 0 0 0 </measResults>
            </measValue>
            <measValue measObjLdn="HW_MG02FCDO/Board:FN=3, SN=0, BP=Back">
                <measResults>5 3 0 0 0 0 </measResults>
            </measValue>
            <measValue measObjLdn="HW_MG02FCDO/Board:FN=2, SN=4, BP=Back">
                <measResults>3 0 0 0 0 0 </measResults>
            </measValue>
            <measValue measObjLdn="HW_MG02FCDO/Board:FN=1, SN=8, BP=Front">
                <measResults>12 3 0 0 0 0 </measResults>
            </measValue>
            <measValue measObjLdn="HW_MG02FCDO/Board:FN=2, SN=11, BP=Front">
                <measResults>6 4 0 0 0 0 </measResults>
            </measValue>
            <measValue measObjLdn="HW_MG02FCDO/Board:FN=2, SN=2, BP=Front">
                <measResults>6 4 0 0 0 0 </measResults>
            </measValue>
            <measValue measObjLdn="HW_MG02FCDO/Board:FN=2, SN=15, BP=Back">
                <measResults>5 3 0 0 0 0 </measResults>
            </measValue>
            <measValue measObjLdn="HW_MG02FCDO/Board:FN=2, SN=13, BP=Front">
                <measResults>0 0 0 0 0 0 </measResults>
            </measValue>
            <measValue measObjLdn="HW_MG02FCDO/Board:FN=3, SN=9, BP=Front">
                <measResults>2 0 0 0 0 0 </measResults>
            </measValue>
            <measValue measObjLdn="HW_MG02FCDO/Board:FN=2, SN=4, BP=Front">
                <measResults>0 0 0 0 0 0 </measResults>
            </measValue>
            <measValue measObjLdn="HW_MG02FCDO/Board:FN=3, SN=3, BP=Back">
                <measResults>17 7 0 0 0 0 </measResults>
            </measValue>
            <measValue measObjLdn="HW_MG02FCDO/Board:FN=1, SN=11, BP=Back">
                <measResults>8 5 0 0 0 0 </measResults>
            </measValue>
            <measValue measObjLdn="HW_MG02FCDO/Board:FN=1, SN=2, BP=Back">
                <measResults>5 3 0 0 0 0 </measResults>
            </measValue>
            <measValue measObjLdn="HW_MG02FCDO/Board:FN=1, SN=9, BP=Front">
                <measResults>1 0 0 0 0 0 </measResults>
            </measValue>
            <measValue measObjLdn="HW_MG02FCDO/Board:FN=3, SN=14, BP=Back">
                <measResults>5 3 0 0 0 0 </measResults>
            </measValue>
            <measValue measObjLdn="HW_MG02FCDO/Board:FN=2, SN=6, BP=Front">
                <measResults>1 0 0 0 0 0 </measResults>
            </measValue>
            <measValue measObjLdn="HW_MG02FCDO/Board:FN=1, SN=0, BP=Front">
                <measResults>6 4 0 0 0 0 </measResults>
            </measValue>
            <measValue measObjLdn="HW_MG02FCDO/Board:FN=3, SN=7, BP=Back">
                <measResults>4 1 0 0 0 0 </measResults>
            </measValue>
            <measValue measObjLdn="HW_MG02FCDO/Board:FN=2, SN=8, BP=Back">
                <measResults>7 3 0 0 0 0 </measResults>
            </measValue>
            <measValue measObjLdn="HW_MG02FCDO/Board:FN=1, SN=13, BP=Back">
                <measResults>8 5 0 0 0 0 </measResults>
            </measValue>
            <measValue measObjLdn="HW_MG02FCDO/Board:FN=1, SN=4, BP=Back">
                <measResults>5 3 0 0 0 0 </measResults>
            </measValue>
            <measValue measObjLdn="HW_MG02FCDO/Board:FN=2, SN=6, BP=Front">
                <measResults>1 0 0 0 0 0 </measResults>
            </measValue>
            <measValue measObjLdn="HW_MG02FCDO/Board:FN=2, SN=15, BP=Front">
                <measResults>0 0 0 0 0 0 </measResults>
            </measValue>
            <measValue measObjLdn="HW_MG02FCDO/Board:FN=1, SN=2, BP=Front">
                <measResults>6 4 0 0 0 0 </measResults>
            </measValue>
            <measValue measObjLdn="HW_MG02FCDO/Board:FN=3, SN=1, BP=Front">
                <measResults>6 4 0 0 0 0 </measResults>
            </measValue>
            <measValue measObjLdn="HW_MG02FCDO/Board:FN=1, SN=11, BP=Front">
                <measResults>5 4 0 0 0 0 </measResults>
            </measValue>
            <measValue measObjLdn="HW_MG02FCDO/Board:FN=2, SN=10, BP=Back">
                <measResults>2 1 0 0 0 0 </measResults>
            </measValue>
            <measValue measObjLdn="HW_MG02FCDO/Board:FN=2, SN=8, BP=Front">
                <measResults>6 3 0 0 0 0 </measResults>
            </measValue>
            <measValue measObjLdn="HW_MG02FCDO/Board:FN=2, SN=1, BP=Back">
                <measResults>6 6 0 0 0 0 </measResults>
            </measValue>
            <measValue measObjLdn="HW_MG02FCDO/Board:FN=1, SN=6, BP=Front">
                <measResults>1 1 0 0 0 0 </measResults>
            </measValue>
            <measValue measObjLdn="HW_MG02FCDO/Board:FN=1, SN=15, BP=Back">
                <measResults>5 3 0 0 0 0 </measResults>
            </measValue>
            <measValue measObjLdn="HW_MG02FCDO/Board:FN=3, SN=9, BP=Front">
                <measResults>2 0 0 0 0 0 </measResults>
            </measValue>
            <measValue measObjLdn="HW_MG02FCDO/Board:FN=1, SN=4, BP=Front">
                <measResults>0 0 0 0 0 0 </measResults>
            </measValue>
            <measValue measObjLdn="HW_MG02FCDO/Board:FN=3, SN=13, BP=Front">
                <measResults>0 0 0 0 0 0 </measResults>
            </measValue>
            <measValue measObjLdn="HW_MG02FCDO/Board:FN=1, SN=13, BP=Front">
                <measResults>0 0 0 0 0 0 </measResults>
            </measValue>
            <measValue measObjLdn="HW_MG02FCDO/Board:FN=3, SN=3, BP=Front">
                <measResults>3 3 0 0 0 0 </measResults>
            </measValue>
            <measValue measObjLdn="HW_MG02FCDO/Board:FN=3, SN=11, BP=Back">
                <measResults>2 1 0 0 0 0 </measResults>
            </measValue>
            <measValue measObjLdn="HW_MG02FCDO/Board:FN=1, SN=15, BP=Front">
                <measResults>0 0 0 0 0 0 </measResults>
            </measValue>
            <measValue measObjLdn="HW_MG02FCDO/Board:FN=2, SN=3, BP=Back">
                <measResults>6 6 0 0 0 0 </measResults>
            </measValue>
            <measValue measObjLdn="HW_MG02FCDO/Board:FN=3, SN=6, BP=Front">
                <measResults>1 0 0 0 0 0 </measResults>
            </measValue>
            <measValue measObjLdn="HW_MG02FCDO/Board:FN=3, SN=15, BP=Front">
                <measResults>0 0 0 0 0 0 </measResults>
            </measValue>
            <measValue measObjLdn="HW_MG02FCDO/Board:FN=1, SN=6, BP=Front">
                <measResults>2 1 0 0 0 0 </measResults>
            </measValue>
            <measValue measObjLdn="HW_MG02FCDO/Board:FN=2, SN=12, BP=Back">
                <measResults>2 1 0 0 0 0 </measResults>
            </measValue>
            <measValue measObjLdn="HW_MG02FCDO/Board:FN=1, SN=8, BP=Back">
                <measResults>5 2 0 0 0 0 </measResults>
            </measValue>
            <measValue measObjLdn="HW_MG02FCDO/Board:FN=2, SN=1, BP=Front">
                <measResults>6 4 0 0 0 0 </measResults>
            </measValue>
            <measValue measObjLdn="HW_MG02FCDO/Board:FN=2, SN=10, BP=Front">
                <measResults>6 4 0 0 0 0 </measResults>
            </measValue>
            <measValue measObjLdn="HW_MG02FCDO/Board:FN=3, SN=13, BP=Back">
                <measResults>3 0 0 0 0 0 </measResults>
            </measValue>
            <measValue measObjLdn="HW_MG02FCDO/Board:FN=2, SN=3, BP=Front">
                <measResults>5 4 0 0 0 0 </measResults>
            </measValue>
            <measValue measObjLdn="HW_MG02FCDO/Board:FN=3, SN=0, BP=Front">
                <measResults>7 4 0 0 0 0 </measResults>
            </measValue>
            <measValue measObjLdn="HW_MG02FCDO/Board:FN=1, SN=1, BP=Front">
                <measResults>6 4 0 0 0 0 </measResults>
            </measValue>
            <measValue measObjLdn="HW_MG02FCDO/Board:FN=3, SN=10, BP=Front">
                <measResults>6 4 0 0 0 0 </measResults>
            </measValue>
            <measValue measObjLdn="HW_MG02FCDO/Board:FN=1, SN=10, BP=Front">
                <measResults>6 4 0 0 0 0 </measResults>
            </measValue>
            <measValue measObjLdn="HW_MG02FCDO/Board:FN=1, SN=3, BP=Front">
                <measResults>5 4 0 0 0 0 </measResults>
            </measValue>
            <measValue measObjLdn="HW_MG02FCDO/Board:FN=1, SN=12, BP=Front">
                <measResults>5 4 0 0 0 0 </measResults>
            </measValue>
            <measValue measObjLdn="HW_MG02FCDO/Board:FN=3, SN=2, BP=Front">
                <measResults>6 4 0 0 0 0 </measResults>
            </measValue>
        </measInfo>
        <measInfo measInfoId="100665860">
            <granPeriod duration="PT3600S" endTime="2021-08-11T23:00:00+08:00"/>
            <repPeriod duration="PT3600S"/>
            <measTypes>100991525 100991526 100991527 100991528 100991529 </measTypes>
            <measValue measObjLdn="HW_MG02FCDO/Board:BN=3, IN=0, BT=HRB">
                <measResults>111725707 3506486 70723309 2086587 190 </measResults>
            </measValue>
            <measValue measObjLdn="HW_MG02FCDO/Board:BN=4, IN=0, BT=HRB">
                <measResults>107424759 3418009 68450879 2065147 228 </measResults>
            </measValue>
            <measValue measObjLdn="HW_MG02FCDO/Board:BN=0, IN=1, BT=HRB">
                <measResults>0 0 0 0 0 </measResults>
            </measValue>
            <measValue measObjLdn="HW_MG02FCDO/Board:BN=5, IN=0, BT=HRB">
                <measResults>113439482 3620215 71505627 2153510 240 </measResults>
            </measValue>
            <measValue measObjLdn="HW_MG02FCDO/Board:BN=1, IN=1, BT=HRB">
                <measResults>0 0 0 0 0 </measResults>
            </measValue>
            <measValue measObjLdn="HW_MG02FCDO/Board:BN=5, IN=2, BT=HRB">
                <measResults>0 0 0 0 0 </measResults>
            </measValue>
            <measValue measObjLdn="HW_MG02FCDO/Board:BN=2, IN=1, BT=HRB">
                <measResults>0 0 0 0 0 </measResults>
            </measValue>
            <measValue measObjLdn="HW_MG02FCDO/Board:BN=3, IN=1, BT=HRB">
                <measResults>0 0 0 0 0 </measResults>
            </measValue>
            <measValue measObjLdn="HW_MG02FCDO/Board:BN=0, IN=0, BT=HRB">
                <measResults>112071795 3576027 71471900 2161866 262 </measResults>
            </measValue>
            <measValue measObjLdn="HW_MG02FCDO/Board:BN=4, IN=1, BT=HRB">
                <measResults>0 0 0 0 0 </measResults>
            </measValue>
            <measValue measObjLdn="HW_MG02FCDO/Board:BN=1, IN=0, BT=HRB">
                <measResults>109754641 3477989 71382237 2156002 209 </measResults>
            </measValue>
            <measValue measObjLdn="HW_MG02FCDO/Board:BN=5, IN=1, BT=HRB">
                <measResults>111225969 3524541 70499510 2112219 252 </measResults>
            </measValue>
            <measValue measObjLdn="HW_MG02FCDO/Board:BN=2, IN=0, BT=HRB">
                <measResults>104954726 3312924 66842376 1991246 291 </measResults>
            </measValue>
            <measValue measObjLdn="HW_MG02FCDO/Board:BN=5, IN=3, BT=HRB">
                <measResults>0 0 0 0 0 </measResults>
            </measValue>
        </measInfo>
        <measInfo measInfoId="100665866">
            <granPeriod duration="PT3600S" endTime="2021-08-11T23:00:00+08:00"/>
            <repPeriod duration="PT3600S"/>
            <measTypes>100991586 100991587 100991657 100991658 100991717 100991746 </measTypes>
            <measValue measObjLdn="HW_MG02FCDO/Board:BN=1, IN=0, BT=HRB">
                <measResults>0 0 0 0 625 83 </measResults>
            </measValue>
            <measValue measObjLdn="HW_MG02FCDO/Board:BN=5, IN=1, BT=HRB">
                <measResults>1430710 2240655 1 1 614 84 </measResults>
            </measValue>
            <measValue measObjLdn="HW_MG02FCDO/Board:BN=5, IN=3, BT=HRB">
                <measResults>0 0 0 0 0 0 </measResults>
            </measValue>
            <measValue measObjLdn="HW_MG02FCDO/Board:BN=2, IN=0, BT=HRB">
                <measResults>1367406 2121347 1 1 501 84 </measResults>
            </measValue>
            <measValue measObjLdn="HW_MG02FCDO/Board:BN=3, IN=0, BT=HRB">
                <measResults>1438412 2246611 1 1 616 84 </measResults>
            </measValue>
            <measValue measObjLdn="HW_MG02FCDO/Board:BN=4, IN=0, BT=HRB">
                <measResults>0 0 0 0 508 84 </measResults>
            </measValue>
            <measValue measObjLdn="HW_MG02FCDO/Board:BN=5, IN=0, BT=HRB">
                <measResults>1457512 2287135 1 1 615 85 </measResults>
            </measValue>
            <measValue measObjLdn="HW_MG02FCDO/Board:BN=0, IN=1, BT=HRB">
                <measResults>0 0 0 0 0 0 </measResults>
            </measValue>
            <measValue measObjLdn="HW_MG02FCDO/Board:BN=1, IN=1, BT=HRB">
                <measResults>1469498 2244105 1 1 0 0 </measResults>
            </measValue>
            <measValue measObjLdn="HW_MG02FCDO/Board:BN=5, IN=2, BT=HRB">
                <measResults>0 0 0 0 0 0 </measResults>
            </measValue>
            <measValue measObjLdn="HW_MG02FCDO/Board:BN=2, IN=1, BT=HRB">
                <measResults>0 0 0 0 0 0 </measResults>
            </measValue>
            <measValue measObjLdn="HW_MG02FCDO/Board:BN=3, IN=1, BT=HRB">
                <measResults>0 0 0 0 0 0 </measResults>
            </measValue>
            <measValue measObjLdn="HW_MG02FCDO/Board:BN=0, IN=0, BT=HRB">
                <measResults>1467018 2283886 1 1 590 84 </measResults>
            </measValue>
            <measValue measObjLdn="HW_MG02FCDO/Board:BN=4, IN=1, BT=HRB">
                <measResults>1407741 2169220 1 1 0 0 </measResults>
            </measValue>
        </measInfo>
        <measInfo measInfoId="100665865">
            <granPeriod duration="PT3600S" endTime="2021-08-11T23:00:00+08:00"/>
            <repPeriod duration="PT3600S"/>
            <measTypes>100991585 </measTypes>
            <measValue measObjLdn="HW_MG02FCDO/Board:BN=1, IN=0, BT=HRB">
                <measResults>19096 </measResults>
            </measValue>
            <measValue measObjLdn="HW_MG02FCDO/Board:BN=5, IN=1, BT=HRB">
                <measResults>18973 </measResults>
            </measValue>
            <measValue measObjLdn="HW_MG02FCDO/Board:BN=5, IN=3, BT=HRB">
                <measResults>0 </measResults>
            </measValue>
            <measValue measObjLdn="HW_MG02FCDO/Board:BN=2, IN=0, BT=HRB">
                <measResults>19090 </measResults>
            </measValue>
            <measValue measObjLdn="HW_MG02FCDO/Board:BN=3, IN=0, BT=HRB">
                <measResults>19067 </measResults>
            </measValue>
            <measValue measObjLdn="HW_MG02FCDO/Board:BN=4, IN=0, BT=HRB">
                <measResults>19165 </measResults>
            </measValue>
            <measValue measObjLdn="HW_MG02FCDO/Board:BN=5, IN=0, BT=HRB">
                <measResults>18965 </measResults>
            </measValue>
            <measValue measObjLdn="HW_MG02FCDO/Board:BN=0, IN=1, BT=HRB">
                <measResults>0 </measResults>
            </measValue>
            <measValue measObjLdn="HW_MG02FCDO/Board:BN=1, IN=1, BT=HRB">
                <measResults>0 </measResults>
            </measValue>
            <measValue measObjLdn="HW_MG02FCDO/Board:BN=5, IN=2, BT=HRB">
                <measResults>0 </measResults>
            </measValue>
            <measValue measObjLdn="HW_MG02FCDO/Board:BN=2, IN=1, BT=HRB">
                <measResults>0 </measResults>
            </measValue>
            <measValue measObjLdn="HW_MG02FCDO/Board:BN=3, IN=1, BT=HRB">
                <measResults>0 </measResults>
            </measValue>
            <measValue measObjLdn="HW_MG02FCDO/Board:BN=0, IN=0, BT=HRB">
                <measResults>19130 </measResults>
            </measValue>
            <measValue measObjLdn="HW_MG02FCDO/Board:BN=4, IN=1, BT=HRB">
                <measResults>0 </measResults>
            </measValue>
        </measInfo>
        <measInfo measInfoId="100665878">
            <granPeriod duration="PT3600S" endTime="2021-08-11T23:00:00+08:00"/>
            <repPeriod duration="PT3600S"/>
            <measTypes>100991615 100991616 </measTypes>
            <measValue measObjLdn="HW_MG02FCDO/M3UARoute:LSX=0, DEX=0">
                <measResults>0 0 </measResults>
            </measValue>
        </measInfo>
        <measInfo measInfoId="100665882">
            <granPeriod duration="PT3600S" endTime="2021-08-11T23:00:00+08:00"/>
            <repPeriod duration="PT3600S"/>
            <measTypes>100991629 100991630 100991631 100991632 100991633 100991665 100991666 100991667 100991668 100991669 100991670 100991671 100991672 100992016 </measTypes>
            <measValue measObjLdn="HW_MG02FCDO/M3UALink:Label=Sigtran MSS17_10, LinkNo=10">
                <measResults>0 0 5398 5398 0 4 0 1 1 407 407 2 814 0 </measResults>
            </measValue>
            <measValue measObjLdn="HW_MG02FCDO/M3UALink:Label=Sigtran MSS17_3, LinkNo=3">
                <measResults>0 0 5399 5399 0 4 0 1 1 407 407 2 814 0 </measResults>
            </measValue>
            <measValue measObjLdn="HW_MG02FCDO/M3UALink:Label=Sigtran MSS17_5, LinkNo=5">
                <measResults>0 0 5398 5398 0 4 0 1 1 407 407 2 814 0 </measResults>
            </measValue>
            <measValue measObjLdn="HW_MG02FCDO/M3UALink:Label=Sigtran MSS17_7, LinkNo=7">
                <measResults>0 0 5398 5397 0 4 0 1 1 407 407 2 814 0 </measResults>
            </measValue>
            <measValue measObjLdn="HW_MG02FCDO/M3UALink:Label=Sigtran MSS17_0, LinkNo=0">
                <measResults>0 0 5398 5398 0 4 0 1 1 407 407 2 814 0 </measResults>
            </measValue>
            <measValue measObjLdn="HW_MG02FCDO/M3UALink:Label=Sigtran MSS17_9, LinkNo=9">
                <measResults>0 0 5398 5398 0 4 0 1 1 407 407 2 814 0 </measResults>
            </measValue>
            <measValue measObjLdn="HW_MG02FCDO/M3UALink:Label=Sigtran MSS17_11, LinkNo=11">
                <measResults>0 0 5399 5399 0 4 0 1 1 407 407 2 814 0 </measResults>
            </measValue>
            <measValue measObjLdn="HW_MG02FCDO/M3UALink:Label=Sigtran MSS17_2, LinkNo=2">
                <measResults>0 0 5399 5398 0 4 0 1 1 407 407 2 814 0 </measResults>
            </measValue>
            <measValue measObjLdn="HW_MG02FCDO/M3UALink:Label=Sigtran MSS17_4, LinkNo=4">
                <measResults>0 0 5399 5399 0 4 0 1 1 407 407 2 814 0 </measResults>
            </measValue>
            <measValue measObjLdn="HW_MG02FCDO/M3UALink:Label=Sigtran MSS17_6, LinkNo=6">
                <measResults>0 0 5398 5398 0 4 0 1 1 407 407 2 814 0 </measResults>
            </measValue>
            <measValue measObjLdn="HW_MG02FCDO/M3UALink:Label=Sigtran MSS17_8, LinkNo=8">
                <measResults>0 0 5398 5398 0 4 0 1 1 407 407 2 814 0 </measResults>
            </measValue>
            <measValue measObjLdn="HW_MG02FCDO/M3UALink:Label=Sigtran MSS17_1, LinkNo=1">
                <measResults>0 0 5398 5398 0 4 0 1 1 407 407 2 814 0 </measResults>
            </measValue>
        </measInfo>
        <measInfo measInfoId="100665884">
            <granPeriod duration="PT3600S" endTime="2021-08-11T23:00:00+08:00"/>
            <repPeriod duration="PT3600S"/>
            <measTypes>100991645 100991646 100991647 100991648 100991649 100991650 100991651 100991652 100991653 100991699 100991986 100991987 100992104 100992105 100992106 100992107 100992108 100992109 100992110 </measTypes>
            <measValue measObjLdn="HW_MG02FCDO/CNNode:CNID=2">
                <measResults>0 0 0 0 0 0 0 0 0 0 0 0 0 0 0 0 0 0 0 </measResults>
            </measValue>
        </measInfo>
        <measInfo measInfoId="100665885">
            <granPeriod duration="PT3600S" endTime="2021-08-11T23:00:00+08:00"/>
            <repPeriod duration="PT3600S"/>
            <measTypes>100991654 </measTypes>
            <measValue measObjLdn="HW_MG02FCDO/NRI AND MSC Map:NRIV=2">
                <measResults>0 </measResults>
            </measValue>
        </measInfo>
        <measInfo measInfoId="100665886">
            <granPeriod duration="PT3600S" endTime="2021-08-11T23:00:00+08:00"/>
            <repPeriod duration="PT3600S"/>
            <measTypes>100991659 100991660 100991661 100991662 100991893 100991894 100991895 </measTypes>
            <measValue measObjLdn="HW_MG02FCDO/DomainID:DMID=0">
                <measResults>7168000 182263 6985737 2 0 0 0 </measResults>
            </measValue>
        </measInfo>
        <measInfo measInfoId="100665891">
            <granPeriod duration="PT3600S" endTime="2021-08-11T23:00:00+08:00"/>
            <repPeriod duration="PT3600S"/>
            <measTypes>100991693 100991694 100991695 100991696 100991697 </measTypes>
            <measValue measObjLdn="HW_MG02FCDO/BoardframeslotNo:FN=1, SN=8, BP=Front">
                <measResults>1953 354 18 0 0 </measResults>
            </measValue>
            <measValue measObjLdn="HW_MG02FCDO/BoardframeslotNo:FN=1, SN=7, BP=Front">
                <measResults>1953 358 18 0 0 </measResults>
            </measValue>
        </measInfo>
        <measInfo measInfoId="100665918">
            <granPeriod duration="PT3600S" endTime="2021-08-11T23:00:00+08:00"/>
            <repPeriod duration="PT3600S"/>
            <measTypes>100992096 100992097 100992098 100992099 100992100 100992101 </measTypes>
            <measValue measObjLdn="HW_MG02FCDO/Board:FN=3, SN=11, BP=Back, SUBBN=Mother Board, BT=HRB">
                <measResults>1 0 0 0 0 2 </measResults>
            </measValue>
            <measValue measObjLdn="HW_MG02FCDO/Board:FN=1, SN=15, BP=Front, SUBBN=Mother Board, BT=SPF">
                <measResults>0 0 0 0 0 0 </measResults>
            </measValue>
            <measValue measObjLdn="HW_MG02FCDO/Board:FN=2, SN=3, BP=Back, SUBBN=Mother Board, BT=S4L">
                <measResults>6 0 0 0 0 6 </measResults>
            </measValue>
            <measValue measObjLdn="HW_MG02FCDO/Board:FN=3, SN=6, BP=Front, SUBBN=Mother Board, BT=CMU">
                <measResults>0 0 0 0 0 1 </measResults>
            </measValue>
            <measValue measObjLdn="HW_MG02FCDO/Board:FN=3, SN=15, BP=Front, SUBBN=Mother Board, BT=SPF">
                <measResults>0 0 0 0 0 0 </measResults>
            </measValue>
            <measValue measObjLdn="HW_MG02FCDO/Board:FN=1, SN=6, BP=Front, SUBBN=Mother Board, BT=CMU">
                <measResults>1 0 0 0 0 2 </measResults>
            </measValue>
            <measValue measObjLdn="HW_MG02FCDO/Board:FN=2, SN=12, BP=Back, SUBBN=Mother Board, BT=HRB">
                <measResults>1 0 0 0 0 2 </measResults>
            </measValue>
            <measValue measObjLdn="HW_MG02FCDO/Board:FN=1, SN=8, BP=Back, SUBBN=Mother Board, BT=TNU">
                <measResults>2 0 0 0 0 5 </measResults>
            </measValue>
            <measValue measObjLdn="HW_MG02FCDO/Board:FN=1, SN=10, BP=Back, SUBBN=Mother Board, BT=HRB">
                <measResults>1 0 0 0 0 2 </measResults>
            </measValue>
            <measValue measObjLdn="HW_MG02FCDO/Board:FN=2, SN=12, BP=Front, SUBBN=Mother Board, BT=SPF">
                <measResults>0 0 0 0 0 0 </measResults>
            </measValue>
            <measValue measObjLdn="HW_MG02FCDO/Board:FN=3, SN=8, BP=Front, SUBBN=Mother Board, BT=MPU">
                <measResults>2 0 0 0 0 4 </measResults>
            </measValue>
            <measValue measObjLdn="HW_MG02FCDO/Board:FN=2, SN=5, BP=Back, SUBBN=Mother Board, BT=IFU">
                <measResults>0 0 0 0 0 0 </measResults>
            </measValue>
            <measValue measObjLdn="HW_MG02FCDO/Board:FN=3, SN=2, BP=Back, SUBBN=Mother Board, BT=S4L">
                <measResults>6 0 0 0 0 6 </measResults>
            </measValue>
            <measValue measObjLdn="HW_MG02FCDO/Board:FN=1, SN=1, BP=Back, SUBBN=Mother Board, BT=CLK">
                <measResults>18 0 0 0 0 20 </measResults>
            </measValue>
            <measValue measObjLdn="HW_MG02FCDO/Board:FN=3, SN=13, BP=Back, SUBBN=Mother Board, BT=HRB">
                <measResults>0 0 0 0 0 3 </measResults>
            </measValue>
            <measValue measObjLdn="HW_MG02FCDO/Board:FN=2, SN=14, BP=Back, SUBBN=Mother Board, BT=E63">
                <measResults>3 0 0 0 0 5 </measResults>
            </measValue>
            <measValue measObjLdn="HW_MG02FCDO/Board:FN=1, SN=12, BP=Back, SUBBN=Mother Board, BT=HRB">
                <measResults>1 0 0 0 0 2 </measResults>
            </measValue>
            <measValue measObjLdn="HW_MG02FCDO/Board:FN=1, SN=3, BP=Back, SUBBN=Mother Board, BT=E63">
                <measResults>3 0 0 0 0 5 </measResults>
            </measValue>
            <measValue measObjLdn="HW_MG02FCDO/Board:FN=2, SN=7, BP=Back, SUBBN=Mother Board, BT=TNU">
                <measResults>2 0 0 0 0 4 </measResults>
            </measValue>
            <measValue measObjLdn="HW_MG02FCDO/Board:FN=2, SN=14, BP=Front, SUBBN=Mother Board, BT=SPF">
                <measResults>0 0 0 0 0 0 </measResults>
            </measValue>
            <measValue measObjLdn="HW_MG02FCDO/Board:FN=3, SN=6, BP=Front, SUBBN=Sub-Board 0, BT=CMU">
                <measResults>0 0 0 0 0 0 </measResults>
            </measValue>
            <measValue measObjLdn="HW_MG02FCDO/Board:FN=3, SN=15, BP=Back, SUBBN=Mother Board, BT=E63">
                <measResults>3 0 0 0 0 5 </measResults>
            </measValue>
            <measValue measObjLdn="HW_MG02FCDO/Board:FN=2, SN=5, BP=Front, SUBBN=Mother Board, BT=SPF">
                <measResults>0 0 0 0 0 0 </measResults>
            </measValue>
            <measValue measObjLdn="HW_MG02FCDO/Board:FN=3, SN=8, BP=Back, SUBBN=Mother Board, BT=TNU">
                <measResults>3 0 0 0 0 6 </measResults>
            </measValue>
            <measValue measObjLdn="HW_MG02FCDO/Board:FN=2, SN=9, BP=Front, SUBBN=Sub-Board 0, BT=CMU">
                <measResults>0 0 0 0 0 1 </measResults>
            </measValue>
            <measValue measObjLdn="HW_MG02FCDO/Board:FN=2, SN=0, BP=Back, SUBBN=Mother Board, BT=E63">
                <measResults>3 0 0 0 0 5 </measResults>
            </measValue>
            <measValue measObjLdn="HW_MG02FCDO/Board:FN=1, SN=14, BP=Back, SUBBN=Mother Board, BT=E63">
                <measResults>3 0 0 0 0 5 </measResults>
            </measValue>
            <measValue measObjLdn="HW_MG02FCDO/Board:FN=1, SN=5, BP=Back, SUBBN=Mother Board, BT=E63">
                <measResults>3 0 0 0 0 5 </measResults>
            </measValue>
            <measValue measObjLdn="HW_MG02FCDO/Board:FN=3, SN=12, BP=Front, SUBBN=Mother Board, BT=SPF">
                <measResults>0 0 0 0 0 0 </measResults>
            </measValue>
            <measValue measObjLdn="HW_MG02FCDO/Board:FN=2, SN=7, BP=Front, SUBBN=Mother Board, BT=MPU">
                <measResults>2 0 0 0 0 5 </measResults>
            </measValue>
            <measValue measObjLdn="HW_MG02FCDO/Board:FN=1, SN=3, BP=Front, SUBBN=Mother Board, BT=VPU">
                <measResults>4 0 0 0 0 5 </measResults>
            </measValue>
            <measValue measObjLdn="HW_MG02FCDO/Board:FN=1, SN=12, BP=Front, SUBBN=Mother Board, BT=VPU">
                <measResults>4 0 0 0 0 5 </measResults>
            </measValue>
            <measValue measObjLdn="HW_MG02FCDO/Board:FN=3, SN=2, BP=Front, SUBBN=Mother Board, BT=VPU">
                <measResults>4 0 0 0 0 6 </measResults>
            </measValue>
            <measValue measObjLdn="HW_MG02FCDO/Board:FN=3, SN=11, BP=Front, SUBBN=Mother Board, BT=VPU">
                <measResults>3 0 0 0 0 3 </measResults>
            </measValue>
            <measValue measObjLdn="HW_MG02FCDO/Board:FN=2, SN=2, BP=Back, SUBBN=Mother Board, BT=S4L">
                <measResults>6 0 0 0 0 6 </measResults>
            </measValue>
            <measValue measObjLdn="HW_MG02FCDO/Board:FN=1, SN=7, BP=Back, SUBBN=Mother Board, BT=TNU">
                <measResults>4 0 0 0 0 8 </measResults>
            </measValue>
            <measValue measObjLdn="HW_MG02FCDO/Board:FN=3, SN=4, BP=Front, SUBBN=Mother Board, BT=SPF">
                <measResults>0 0 0 0 0 0 </measResults>
            </measValue>
            <measValue measObjLdn="HW_MG02FCDO/Board:FN=1, SN=14, BP=Front, SUBBN=Mother Board, BT=SPF">
                <measResults>0 0 0 0 0 0 </measResults>
            </measValue>
            <measValue measObjLdn="HW_MG02FCDO/Board:FN=3, SN=10, BP=Back, SUBBN=Mother Board, BT=HRB">
                <measResults>5 0 0 0 0 8 </measResults>
            </measValue>
            <measValue measObjLdn="HW_MG02FCDO/Board:FN=2, SN=11, BP=Back, SUBBN=Mother Board, BT=HRB">
                <measResults>5 0 0 0 0 8 </measResults>
            </measValue>
            <measValue measObjLdn="HW_MG02FCDO/Board:FN=1, SN=5, BP=Front, SUBBN=Mother Board, BT=SPF">
                <measResults>0 0 0 0 0 0 </measResults>
            </measValue>
            <measValue measObjLdn="HW_MG02FCDO/Board:FN=2, SN=9, BP=Front, SUBBN=Mother Board, BT=CMU">
                <measResults>0 0 0 0 0 2 </measResults>
            </measValue>
            <measValue measObjLdn="HW_MG02FCDO/Board:FN=3, SN=14, BP=Front, SUBBN=Mother Board, BT=SPF">
                <measResults>0 0 0 0 0 0 </measResults>
            </measValue>
            <measValue measObjLdn="HW_MG02FCDO/Board:FN=2, SN=0, BP=Front, SUBBN=Mother Board, BT=VPU">
                <measResults>4 0 0 0 0 6 </measResults>
            </measValue>
            <measValue measObjLdn="HW_MG02FCDO/Board:FN=3, SN=7, BP=Front, SUBBN=Mother Board, BT=MPU">
                <measResults>3 0 0 0 0 6 </measResults>
            </measValue>
            <measValue measObjLdn="HW_MG02FCDO/Board:FN=1, SN=0, BP=Back, SUBBN=Mother Board, BT=CLK">
                <measResults>19 0 0 0 0 20 </measResults>
            </measValue>
            <measValue measObjLdn="HW_MG02FCDO/Board:FN=2, SN=13, BP=Back, SUBBN=Mother Board, BT=HRB">
                <measResults>5 0 0 0 0 8 </measResults>
            </measValue>
            <measValue measObjLdn="HW_MG02FCDO/Board:FN=1, SN=9, BP=Front, SUBBN=Sub-Board 0, BT=CMU">
                <measResults>1 0 0 0 0 2 </measResults>
            </measValue>
            <measValue measObjLdn="HW_MG02FCDO/Board:FN=3, SN=12, BP=Back, SUBBN=Mother Board, BT=HRB">
                <measResults>0 0 0 0 0 0 </measResults>
            </measValue>
            <measValue measObjLdn="HW_MG02FCDO/Board:FN=3, SN=0, BP=Back, SUBBN=Mother Board, BT=E63">
                <measResults>3 0 0 0 0 5 </measResults>
            </measValue>
            <measValue measObjLdn="HW_MG02FCDO/Board:FN=1, SN=7, BP=Front, SUBBN=Mother Board, BT=OMU">
                <measResults>3 0 0 0 0 12 </measResults>
            </measValue>
            <measValue measObjLdn="HW_MG02FCDO/Board:FN=2, SN=4, BP=Back, SUBBN=Mother Board, BT=IFU">
                <measResults>0 0 0 0 0 3 </measResults>
            </measValue>
            <measValue measObjLdn="HW_MG02FCDO/Board:FN=2, SN=11, BP=Front, SUBBN=Mother Board, BT=VPU">
                <measResults>4 0 0 0 0 6 </measResults>
            </measValue>
            <measValue measObjLdn="HW_MG02FCDO/Board:FN=2, SN=2, BP=Front, SUBBN=Mother Board, BT=VPU">
                <measResults>4 0 0 0 0 6 </measResults>
            </measValue>
            <measValue measObjLdn="HW_MG02FCDO/Board:FN=2, SN=15, BP=Back, SUBBN=Mother Board, BT=E63">
                <measResults>3 0 0 0 0 5 </measResults>
            </measValue>
            <measValue measObjLdn="HW_MG02FCDO/Board:FN=2, SN=13, BP=Front, SUBBN=Mother Board, BT=SPF">
                <measResults>0 0 0 0 0 0 </measResults>
            </measValue>
            <measValue measObjLdn="HW_MG02FCDO/Board:FN=3, SN=9, BP=Front, SUBBN=Mother Board, BT=CMU">
                <measResults>0 0 0 0 0 2 </measResults>
            </measValue>
            <measValue measObjLdn="HW_MG02FCDO/Board:FN=2, SN=4, BP=Front, SUBBN=Mother Board, BT=SPF">
                <measResults>0 0 0 0 0 0 </measResults>
            </measValue>
            <measValue measObjLdn="HW_MG02FCDO/Board:FN=3, SN=3, BP=Back, SUBBN=Mother Board, BT=S4L">
                <measResults>7 0 0 0 0 17 </measResults>
            </measValue>
            <measValue measObjLdn="HW_MG02FCDO/Board:FN=1, SN=11, BP=Back, SUBBN=Mother Board, BT=HRB">
                <measResults>5 0 0 0 0 8 </measResults>
            </measValue>
            <measValue measObjLdn="HW_MG02FCDO/Board:FN=1, SN=2, BP=Back, SUBBN=Mother Board, BT=E63">
                <measResults>3 0 0 0 0 5 </measResults>
            </measValue>
            <measValue measObjLdn="HW_MG02FCDO/Board:FN=1, SN=9, BP=Front, SUBBN=Mother Board, BT=CMU">
                <measResults>0 0 0 0 0 1 </measResults>
            </measValue>
            <measValue measObjLdn="HW_MG02FCDO/Board:FN=3, SN=14, BP=Back, SUBBN=Mother Board, BT=E63">
                <measResults>3 0 0 0 0 5 </measResults>
            </measValue>
            <measValue measObjLdn="HW_MG02FCDO/Board:FN=2, SN=6, BP=Front, SUBBN=Sub-Board 0, BT=CMU">
                <measResults>0 0 0 0 0 1 </measResults>
            </measValue>
            <measValue measObjLdn="HW_MG02FCDO/Board:FN=1, SN=0, BP=Front, SUBBN=Mother Board, BT=VPU">
                <measResults>4 0 0 0 0 6 </measResults>
            </measValue>
            <measValue measObjLdn="HW_MG02FCDO/Board:FN=3, SN=7, BP=Back, SUBBN=Mother Board, BT=TNU">
                <measResults>1 0 0 0 0 4 </measResults>
            </measValue>
            <measValue measObjLdn="HW_MG02FCDO/Board:FN=2, SN=8, BP=Back, SUBBN=Mother Board, BT=TNU">
                <measResults>3 0 0 0 0 7 </measResults>
            </measValue>
            <measValue measObjLdn="HW_MG02FCDO/Board:FN=1, SN=13, BP=Back, SUBBN=Mother Board, BT=HRB">
                <measResults>5 0 0 0 0 8 </measResults>
            </measValue>
            <measValue measObjLdn="HW_MG02FCDO/Board:FN=1, SN=4, BP=Back, SUBBN=Mother Board, BT=E63">
                <measResults>3 0 0 0 0 5 </measResults>
            </measValue>
            <measValue measObjLdn="HW_MG02FCDO/Board:FN=2, SN=6, BP=Front, SUBBN=Mother Board, BT=CMU">
                <measResults>0 0 0 0 0 1 </measResults>
            </measValue>
            <measValue measObjLdn="HW_MG02FCDO/Board:FN=2, SN=15, BP=Front, SUBBN=Mother Board, BT=SPF">
                <measResults>0 0 0 0 0 0 </measResults>
            </measValue>
            <measValue measObjLdn="HW_MG02FCDO/Board:FN=1, SN=2, BP=Front, SUBBN=Mother Board, BT=VPU">
                <measResults>4 0 0 0 0 6 </measResults>
            </measValue>
            <measValue measObjLdn="HW_MG02FCDO/Board:FN=3, SN=1, BP=Front, SUBBN=Mother Board, BT=VPU">
                <measResults>4 0 0 0 0 6 </measResults>
            </measValue>
            <measValue measObjLdn="HW_MG02FCDO/Board:FN=1, SN=11, BP=Front, SUBBN=Mother Board, BT=VPU">
                <measResults>4 0 0 0 0 5 </measResults>
            </measValue>
            <measValue measObjLdn="HW_MG02FCDO/Board:FN=2, SN=10, BP=Back, SUBBN=Mother Board, BT=HRB">
                <measResults>1 0 0 0 0 2 </measResults>
            </measValue>
            <measValue measObjLdn="HW_MG02FCDO/Board:FN=2, SN=8, BP=Front, SUBBN=Mother Board, BT=MPU">
                <measResults>3 0 0 0 0 6 </measResults>
            </measValue>
            <measValue measObjLdn="HW_MG02FCDO/Board:FN=2, SN=1, BP=Back, SUBBN=Mother Board, BT=S4L">
                <measResults>6 0 0 0 0 6 </measResults>
            </measValue>
            <measValue measObjLdn="HW_MG02FCDO/Board:FN=1, SN=6, BP=Front, SUBBN=Sub-Board 0, BT=CMU">
                <measResults>1 0 0 0 0 1 </measResults>
            </measValue>
            <measValue measObjLdn="HW_MG02FCDO/Board:FN=1, SN=15, BP=Back, SUBBN=Mother Board, BT=E63">
                <measResults>3 0 0 0 0 5 </measResults>
            </measValue>
            <measValue measObjLdn="HW_MG02FCDO/Board:FN=3, SN=9, BP=Front, SUBBN=Sub-Board 0, BT=CMU">
                <measResults>0 0 0 0 0 2 </measResults>
            </measValue>
            <measValue measObjLdn="HW_MG02FCDO/Board:FN=1, SN=4, BP=Front, SUBBN=Mother Board, BT=SPF">
                <measResults>0 0 0 0 0 0 </measResults>
            </measValue>
            <measValue measObjLdn="HW_MG02FCDO/Board:FN=3, SN=13, BP=Front, SUBBN=Mother Board, BT=SPF">
                <measResults>0 0 0 0 0 0 </measResults>
            </measValue>
            <measValue measObjLdn="HW_MG02FCDO/Board:FN=1, SN=13, BP=Front, SUBBN=Mother Board, BT=SPF">
                <measResults>0 0 0 0 0 0 </measResults>
            </measValue>
            <measValue measObjLdn="HW_MG02FCDO/Board:FN=3, SN=3, BP=Front, SUBBN=Mother Board, BT=VPU">
                <measResults>3 0 0 0 0 3 </measResults>
            </measValue>
            <measValue measObjLdn="HW_MG02FCDO/Board:FN=2, SN=1, BP=Front, SUBBN=Mother Board, BT=VPU">
                <measResults>4 0 0 0 0 6 </measResults>
            </measValue>
            <measValue measObjLdn="HW_MG02FCDO/Board:FN=2, SN=10, BP=Front, SUBBN=Mother Board, BT=VPU">
                <measResults>4 0 0 0 0 6 </measResults>
            </measValue>
            <measValue measObjLdn="HW_MG02FCDO/Board:FN=1, SN=8, BP=Front, SUBBN=Mother Board, BT=OMU">
                <measResults>3 0 0 0 0 12 </measResults>
            </measValue>
            <measValue measObjLdn="HW_MG02FCDO/Board:FN=2, SN=3, BP=Front, SUBBN=Mother Board, BT=VPU">
                <measResults>4 0 0 0 0 5 </measResults>
            </measValue>
            <measValue measObjLdn="HW_MG02FCDO/Board:FN=3, SN=0, BP=Front, SUBBN=Mother Board, BT=VPU">
                <measResults>4 0 0 0 0 7 </measResults>
            </measValue>
            <measValue measObjLdn="HW_MG02FCDO/Board:FN=1, SN=1, BP=Front, SUBBN=Mother Board, BT=VPU">
                <measResults>4 0 0 0 0 6 </measResults>
            </measValue>
            <measValue measObjLdn="HW_MG02FCDO/Board:FN=3, SN=10, BP=Front, SUBBN=Mother Board, BT=VPU">
                <measResults>4 0 0 0 0 6 </measResults>
            </measValue>
            <measValue measObjLdn="HW_MG02FCDO/Board:FN=1, SN=10, BP=Front, SUBBN=Mother Board, BT=VPU">
                <measResults>4 0 0 0 0 6 </measResults>
            </measValue>
        </measInfo>
        <measInfo measInfoId="100666008">
            <granPeriod duration="PT3600S" endTime="2021-08-11T23:00:00+08:00"/>
            <repPeriod duration="PT3600S"/>
            <measTypes>100992118 100992119 100992120 100992121 100992122 100992123 100992124 100992125 </measTypes>
            <measValue measObjLdn="HW_MG02FCDO/Frame:FN=1/Board:FN=1, SN=13, BP=Back">
                <measResults>0 0 0 0 0 0 0 19805 </measResults>
            </measValue>
            <measValue measObjLdn="HW_MG02FCDO/Frame:FN=2/Board:FN=2, SN=0, BP=Back">
                <measResults>0 0 0 0 0 0 0 0 </measResults>
            </measValue>
            <measValue measObjLdn="HW_MG02FCDO/Frame:FN=2/Board:FN=2, SN=13, BP=Back">
                <measResults>0 0 0 0 0 0 0 19808 </measResults>
            </measValue>
            <measValue measObjLdn="HW_MG02FCDO/Frame:FN=1/Board:FN=1, SN=2, BP=Back">
                <measResults>0 0 0 0 0 0 0 0 </measResults>
            </measValue>
            <measValue measObjLdn="HW_MG02FCDO/Frame:FN=3/Board:FN=3, SN=0, BP=Back">
                <measResults>0 0 0 0 0 0 0 0 </measResults>
            </measValue>
            <measValue measObjLdn="HW_MG02FCDO/Frame:FN=3/Board:FN=3, SN=14, BP=Back">
                <measResults>0 0 0 0 0 0 0 0 </measResults>
            </measValue>
            <measValue measObjLdn="HW_MG02FCDO/Frame:FN=2/Board:FN=2, SN=2, BP=Back">
                <measResults>0 0 0 0 0 0 0 0 </measResults>
            </measValue>
            <measValue measObjLdn="HW_MG02FCDO/Frame:FN=2/Board:FN=2, SN=15, BP=Back">
                <measResults>0 0 0 0 0 0 0 0 </measResults>
            </measValue>
            <measValue measObjLdn="HW_MG02FCDO/Frame:FN=1/Board:FN=1, SN=4, BP=Back">
                <measResults>0 0 0 0 0 0 0 0 </measResults>
            </measValue>
            <measValue measObjLdn="HW_MG02FCDO/Frame:FN=1/Board:FN=1, SN=15, BP=Back">
                <measResults>0 0 0 0 0 0 0 0 </measResults>
            </measValue>
            <measValue measObjLdn="HW_MG02FCDO/Frame:FN=3/Board:FN=3, SN=3, BP=Back">
                <measResults>0 0 0 0 0 0 0 0 </measResults>
            </measValue>
            <measValue measObjLdn="HW_MG02FCDO/Frame:FN=1/Board:FN=1, SN=7, BP=Back">
                <measResults>0 0 0 0 0 0 0 0 </measResults>
            </measValue>
            <measValue measObjLdn="HW_MG02FCDO/Frame:FN=3/Board:FN=3, SN=8, BP=Back">
                <measResults>0 0 0 0 0 0 0 0 </measResults>
            </measValue>
            <measValue measObjLdn="HW_MG02FCDO/Frame:FN=2/Board:FN=2, SN=7, BP=Back">
                <measResults>0 0 0 0 0 0 0 0 </measResults>
            </measValue>
            <measValue measObjLdn="HW_MG02FCDO/Frame:FN=3/Board:FN=3, SN=15, BP=Back">
                <measResults>0 0 0 0 0 0 0 0 </measResults>
            </measValue>
            <measValue measObjLdn="HW_MG02FCDO/Frame:FN=1/Board:FN=1, SN=2, BP=Front">
                <measResults>0 0 0 0 0 0 0 2878 </measResults>
            </measValue>
            <measValue measObjLdn="HW_MG02FCDO/Frame:FN=1/Board:FN=1, SN=10, BP=Back">
                <measResults>0 0 0 0 0 0 0 0 </measResults>
            </measValue>
            <measValue measObjLdn="HW_MG02FCDO/Frame:FN=2/Board:FN=2, SN=10, BP=Back">
                <measResults>0 0 0 0 0 0 0 0 </measResults>
            </measValue>
            <measValue measObjLdn="HW_MG02FCDO/Frame:FN=3/Board:FN=3, SN=11, BP=Back">
                <measResults>0 0 0 0 0 0 0 0 </measResults>
            </measValue>
            <measValue measObjLdn="HW_MG02FCDO/Frame:FN=2/Board:FN=2, SN=3, BP=Front">
                <measResults>0 0 0 0 0 0 0 2920 </measResults>
            </measValue>
            <measValue measObjLdn="HW_MG02FCDO/Frame:FN=1/Board:FN=1, SN=10, BP=Front">
                <measResults>0 0 0 0 0 0 0 2903 </measResults>
            </measValue>
            <measValue measObjLdn="HW_MG02FCDO/Frame:FN=3/Board:FN=3, SN=3, BP=Front">
                <measResults>0 0 0 0 0 0 0 184 </measResults>
            </measValue>
            <measValue measObjLdn="HW_MG02FCDO/Frame:FN=1/Board:FN=1, SN=12, BP=Back">
                <measResults>0 0 0 0 0 0 0 0 </measResults>
            </measValue>
            <measValue measObjLdn="HW_MG02FCDO/Frame:FN=2/Board:FN=2, SN=12, BP=Back">
                <measResults>0 0 0 0 0 0 0 0 </measResults>
            </measValue>
            <measValue measObjLdn="HW_MG02FCDO/Frame:FN=3/Board:FN=3, SN=13, BP=Back">
                <measResults>0 0 0 0 0 0 0 39255 </measResults>
            </measValue>
            <measValue measObjLdn="HW_MG02FCDO/Frame:FN=2/Board:FN=2, SN=11, BP=Front">
                <measResults>0 0 0 0 0 0 0 2921 </measResults>
            </measValue>
            <measValue measObjLdn="HW_MG02FCDO/Frame:FN=1/Board:FN=1, SN=12, BP=Front">
                <measResults>0 0 0 0 0 0 0 2899 </measResults>
            </measValue>
            <measValue measObjLdn="HW_MG02FCDO/Frame:FN=1/Board:FN=1, SN=3, BP=Back">
                <measResults>0 0 0 0 0 0 0 0 </measResults>
            </measValue>
            <measValue measObjLdn="HW_MG02FCDO/Frame:FN=2/Board:FN=2, SN=1, BP=Back">
                <measResults>0 0 0 0 0 0 0 0 </measResults>
            </measValue>
            <measValue measObjLdn="HW_MG02FCDO/Frame:FN=1/Board:FN=1, SN=14, BP=Back">
                <measResults>0 0 0 0 0 0 0 0 </measResults>
            </measValue>
            <measValue measObjLdn="HW_MG02FCDO/Frame:FN=3/Board:FN=3, SN=2, BP=Back">
                <measResults>0 0 0 0 0 0 0 0 </measResults>
            </measValue>
            <measValue measObjLdn="HW_MG02FCDO/Frame:FN=2/Board:FN=2, SN=14, BP=Back">
                <measResults>0 0 0 0 0 0 0 0 </measResults>
            </measValue>
            <measValue measObjLdn="HW_MG02FCDO/Frame:FN=3/Board:FN=3, SN=7, BP=Back">
                <measResults>0 0 0 0 0 0 0 0 </measResults>
            </measValue>
            <measValue measObjLdn="HW_MG02FCDO/Frame:FN=2/Board:FN=2, SN=3, BP=Back">
                <measResults>0 0 0 0 0 0 0 0 </measResults>
            </measValue>
            <measValue measObjLdn="HW_MG02FCDO/Frame:FN=1/Board:FN=1, SN=5, BP=Back">
                <measResults>0 0 0 0 0 0 0 0 </measResults>
            </measValue>
            <measValue measObjLdn="HW_MG02FCDO/Frame:FN=3/Board:FN=3, SN=0, BP=Front">
                <measResults>0 0 0 0 0 0 0 2899 </measResults>
            </measValue>
            <measValue measObjLdn="HW_MG02FCDO/Frame:FN=1/Board:FN=1, SN=1, BP=Front">
                <measResults>0 0 0 0 0 0 0 2909 </measResults>
            </measValue>
            <measValue measObjLdn="HW_MG02FCDO/Frame:FN=2/Board:FN=2, SN=0, BP=Front">
                <measResults>0 0 0 0 0 0 0 3127 </measResults>
            </measValue>
            <measValue measObjLdn="HW_MG02FCDO/Frame:FN=2/Board:FN=2, SN=8, BP=Back">
                <measResults>0 0 0 0 0 0 0 0 </measResults>
            </measValue>
            <measValue measObjLdn="HW_MG02FCDO/Frame:FN=3/Board:FN=3, SN=10, BP=Back">
                <measResults>0 0 0 0 0 0 0 19958 </measResults>
            </measValue>
            <measValue measObjLdn="HW_MG02FCDO/Frame:FN=1/Board:FN=1, SN=8, BP=Back">
                <measResults>0 0 0 0 0 0 0 0 </measResults>
            </measValue>
            <measValue measObjLdn="HW_MG02FCDO/Frame:FN=2/Board:FN=2, SN=2, BP=Front">
                <measResults>0 0 0 0 0 0 0 2886 </measResults>
            </measValue>
            <measValue measObjLdn="HW_MG02FCDO/Frame:FN=1/Board:FN=1, SN=3, BP=Front">
                <measResults>0 0 0 0 0 0 0 2910 </measResults>
            </measValue>
            <measValue measObjLdn="HW_MG02FCDO/Frame:FN=3/Board:FN=3, SN=2, BP=Front">
                <measResults>0 0 0 0 0 0 0 2893 </measResults>
            </measValue>
            <measValue measObjLdn="HW_MG02FCDO/Frame:FN=3/Board:FN=3, SN=11, BP=Front">
                <measResults>0 0 0 0 0 0 0 185 </measResults>
            </measValue>
            <measValue measObjLdn="HW_MG02FCDO/Frame:FN=1/Board:FN=1, SN=11, BP=Back">
                <measResults>0 0 0 0 0 0 0 19984 </measResults>
            </measValue>
            <measValue measObjLdn="HW_MG02FCDO/Frame:FN=3/Board:FN=3, SN=12, BP=Back">
                <measResults>0 0 0 0 0 0 0 0 </measResults>
            </measValue>
            <measValue measObjLdn="HW_MG02FCDO/Frame:FN=2/Board:FN=2, SN=11, BP=Back">
                <measResults>0 0 0 0 0 0 0 19898 </measResults>
            </measValue>
            <measValue measObjLdn="HW_MG02FCDO/Frame:FN=2/Board:FN=2, SN=10, BP=Front">
                <measResults>0 0 0 0 0 0 0 2908 </measResults>
            </measValue>
            <measValue measObjLdn="HW_MG02FCDO/Frame:FN=1/Board:FN=1, SN=11, BP=Front">
                <measResults>0 0 0 0 0 0 0 2994 </measResults>
            </measValue>
            <measValue measObjLdn="HW_MG02FCDO/Frame:FN=3/Board:FN=3, SN=10, BP=Front">
                <measResults>0 0 0 0 0 0 0 2927 </measResults>
            </measValue>
            <measValue measObjLdn="HW_MG02FCDO/Frame:FN=1/Board:FN=1, SN=0, BP=Front">
                <measResults>0 0 0 0 0 0 0 3168 </measResults>
            </measValue>
            <measValue measObjLdn="HW_MG02FCDO/Frame:FN=2/Board:FN=2, SN=1, BP=Front">
                <measResults>0 0 0 0 0 0 0 3440 </measResults>
            </measValue>
            <measValue measObjLdn="HW_MG02FCDO/Frame:FN=3/Board:FN=3, SN=1, BP=Front">
                <measResults>0 0 0 0 0 0 0 2903 </measResults>
            </measValue>
        </measInfo>
    </measData>
    <fileFooter>
        <measCollec endTime="2021-08-11T23:00:00+08:00"/>
    </fileFooter>
</measCollecFile>
