<?xml version="1.0" encoding="UTF-8"?>
<measCollecFile xmlns="http://www.3gpp.org/ftp/specs/archive/32_series/32.435#measCollec">
<fileHeader fileFormatVersion="32.435 V10.0" vendorName="Nokia Networks">
<fileSender elementType="HSSFE"/>
<measCollec beginTime="2021-08-21T21:30:00+08:00"/>
</fileHeader>
<measData>
<managedElement/>
<measInfo measInfoId="CPU">
<granPeriod duration="PT900S" endTime="2021-08-21T21:45:00+08:00"/>
<repPeriod duration="PT900S"/>
<measTypes>cpuLoad cpuUsed</measTypes>
<measValue measObjLdn="PLMN-PLMN/HSSFE-HSSQCY01/BRM-hssqcy01/CPU-11">
<measResults>1 189</measResults>
</measValue>
</measInfo>
<measInfo measInfoId="CPU">
<granPeriod duration="PT900S" endTime="2021-08-21T21:45:00+08:00"/>
<repPeriod duration="PT900S"/>
<measTypes>cpuLoad cpuUsed</measTypes>
<measValue measObjLdn="PLMN-PLMN/HSSFE-HSSQCY01/BRM-hssqcy01/CPU-8">
<measResults>2 265</measResults>
</measValue>
</measInfo>
<measInfo measInfoId="CPU">
<granPeriod duration="PT900S" endTime="2021-08-21T21:45:00+08:00"/>
<repPeriod duration="PT900S"/>
<measTypes>cpuLoad cpuUsed</measTypes>
<measValue measObjLdn="PLMN-PLMN/HSSFE-HSSQCY01/BRM-hssqcy01/CPU-9">
<measResults>2 274</measResults>
</measValue>
</measInfo>
<measInfo measInfoId="CPU">
<granPeriod duration="PT900S" endTime="2021-08-21T21:45:00+08:00"/>
<repPeriod duration="PT900S"/>
<measTypes>cpuLoad cpuUsed</measTypes>
<measValue measObjLdn="PLMN-PLMN/HSSFE-HSSQCY01/BRM-hssqcy01/CPU-10">
<measResults>2 267</measResults>
</measValue>
</measInfo>
<measInfo measInfoId="CPU">
<granPeriod duration="PT900S" endTime="2021-08-21T21:45:00+08:00"/>
<repPeriod duration="PT900S"/>
<measTypes>cpuLoad cpuUsed</measTypes>
<measValue measObjLdn="PLMN-PLMN/HSSFE-HSSQCY01/BRM-hssqcy01/CPU-0">
<measResults>3 290</measResults>
</measValue>
</measInfo>
<measInfo measInfoId="CPU">
<granPeriod duration="PT900S" endTime="2021-08-21T21:45:00+08:00"/>
<repPeriod duration="PT900S"/>
<measTypes>cpuLoad cpuUsed</measTypes>
<measValue measObjLdn="PLMN-PLMN/HSSFE-HSSQCY01/BRM-hssqcy01/CPU-1">
<measResults>2 238</measResults>
</measValue>
</measInfo>
<measInfo measInfoId="CPU">
<granPeriod duration="PT900S" endTime="2021-08-21T21:45:00+08:00"/>
<repPeriod duration="PT900S"/>
<measTypes>cpuLoad cpuUsed</measTypes>
<measValue measObjLdn="PLMN-PLMN/HSSFE-HSSQCY01/BRM-hssqcy01/CPU-2">
<measResults>2 210</measResults>
</measValue>
</measInfo>
<measInfo measInfoId="CPU">
<granPeriod duration="PT900S" endTime="2021-08-21T21:45:00+08:00"/>
<repPeriod duration="PT900S"/>
<measTypes>cpuLoad cpuUsed</measTypes>
<measValue measObjLdn="PLMN-PLMN/HSSFE-HSSQCY01/BRM-hssqcy01/CPU-3">
<measResults>2 196</measResults>
</measValue>
</measInfo>
<measInfo measInfoId="CPU">
<granPeriod duration="PT900S" endTime="2021-08-21T21:45:00+08:00"/>
<repPeriod duration="PT900S"/>
<measTypes>cpuLoad cpuUsed</measTypes>
<measValue measObjLdn="PLMN-PLMN/HSSFE-HSSQCY01/BRM-hssqcy01/CPU-4">
<measResults>2 229</measResults>
</measValue>
</measInfo>
<measInfo measInfoId="CPU">
<granPeriod duration="PT900S" endTime="2021-08-21T21:45:00+08:00"/>
<repPeriod duration="PT900S"/>
<measTypes>cpuLoad cpuUsed</measTypes>
<measValue measObjLdn="PLMN-PLMN/HSSFE-HSSQCY01/BRM-hssqcy01/CPU-5">
<measResults>1 180</measResults>
</measValue>
</measInfo>
<measInfo measInfoId="CPU">
<granPeriod duration="PT900S" endTime="2021-08-21T21:45:00+08:00"/>
<repPeriod duration="PT900S"/>
<measTypes>cpuLoad cpuUsed</measTypes>
<measValue measObjLdn="PLMN-PLMN/HSSFE-HSSQCY01/BRM-hssqcy01/CPU-6">
<measResults>2 267</measResults>
</measValue>
</measInfo>
<measInfo measInfoId="CPU">
<granPeriod duration="PT900S" endTime="2021-08-21T21:45:00+08:00"/>
<repPeriod duration="PT900S"/>
<measTypes>cpuLoad cpuUsed</measTypes>
<measValue measObjLdn="PLMN-PLMN/HSSFE-HSSQCY01/BRM-hssqcy01/CPU-7">
<measResults>2 236</measResults>
</measValue>
</measInfo>
<measInfo measInfoId="AGGREGAT">
<granPeriod duration="PT900S" endTime="2021-08-21T21:45:00+08:00"/>
<repPeriod duration="PT900S"/>
<measTypes>sysUptime sysAvailability memUsed memFree swapUsed swapFree cpuAverageLoad cpuPeakLoad cpuPercentageOverValue</measTypes>
<measValue measObjLdn="PLMN-PLMN/HSSFE-HSSQCY01/BRM-hssqcy01">
<measResults>184629897 100 12448004 36970416 0 6291452 1 1 0</measResults>
</measValue>
</measInfo>
<measInfo measInfoId="FS">
<granPeriod duration="PT900S" endTime="2021-08-21T21:45:00+08:00"/>
<repPeriod duration="PT900S"/>
<measTypes>fsUsed</measTypes>
<measValue measObjLdn="PLMN-PLMN/HSSFE-HSSQCY01/BRM-hssqcy01/FS-_dev_mapper_vg00_appsolid">
<measResults>5</measResults>
</measValue>
</measInfo>
<measInfo measInfoId="FS">
<granPeriod duration="PT900S" endTime="2021-08-21T21:45:00+08:00"/>
<repPeriod duration="PT900S"/>
<measTypes>fsUsed</measTypes>
<measValue measObjLdn="PLMN-PLMN/HSSFE-HSSQCY01/BRM-hssqcy01/FS-_dev_sda1">
<measResults>16</measResults>
</measValue>
</measInfo>
<measInfo measInfoId="FS">
<granPeriod duration="PT900S" endTime="2021-08-21T21:45:00+08:00"/>
<repPeriod duration="PT900S"/>
<measTypes>fsUsed</measTypes>
<measValue measObjLdn="PLMN-PLMN/HSSFE-HSSQCY01/BRM-hssqcy01/FS-_dev_mapper_vg00_Charging">
<measResults>15</measResults>
</measValue>
</measInfo>
<measInfo measInfoId="FS">
<granPeriod duration="PT900S" endTime="2021-08-21T21:45:00+08:00"/>
<repPeriod duration="PT900S"/>
<measTypes>fsUsed</measTypes>
<measValue measObjLdn="PLMN-PLMN/HSSFE-HSSQCY01/BRM-hssqcy01/FS-_dev_mapper_vg00_home">
<measResults>47</measResults>
</measValue>
</measInfo>
<measInfo measInfoId="FS">
<granPeriod duration="PT900S" endTime="2021-08-21T21:45:00+08:00"/>
<repPeriod duration="PT900S"/>
<measTypes>fsUsed</measTypes>
<measValue measObjLdn="PLMN-PLMN/HSSFE-HSSQCY01/BRM-hssqcy01/FS-_dev_mapper_vg00_tspsolid">
<measResults>42</measResults>
</measValue>
</measInfo>
<measInfo measInfoId="FS">
<granPeriod duration="PT900S" endTime="2021-08-21T21:45:00+08:00"/>
<repPeriod duration="PT900S"/>
<measTypes>fsUsed</measTypes>
<measValue measObjLdn="PLMN-PLMN/HSSFE-HSSQCY01/BRM-hssqcy01/FS-_dev_mapper_vg00_TspFt">
<measResults>2</measResults>
</measValue>
</measInfo>
<measInfo measInfoId="FS">
<granPeriod duration="PT900S" endTime="2021-08-21T21:45:00+08:00"/>
<repPeriod duration="PT900S"/>
<measTypes>fsUsed</measTypes>
<measValue measObjLdn="PLMN-PLMN/HSSFE-HSSQCY01/BRM-hssqcy01/FS-_dev_mapper_vg00_TspCore">
<measResults>14</measResults>
</measValue>
</measInfo>
<measInfo measInfoId="FS">
<granPeriod duration="PT900S" endTime="2021-08-21T21:45:00+08:00"/>
<repPeriod duration="PT900S"/>
<measTypes>fsUsed</measTypes>
<measValue measObjLdn="PLMN-PLMN/HSSFE-HSSQCY01/BRM-hssqcy01/FS-_dev_mapper_vg00_TspOam">
<measResults>7</measResults>
</measValue>
</measInfo>
<measInfo measInfoId="FS">
<granPeriod duration="PT900S" endTime="2021-08-21T21:45:00+08:00"/>
<repPeriod duration="PT900S"/>
<measTypes>fsUsed</measTypes>
<measValue measObjLdn="PLMN-PLMN/HSSFE-HSSQCY01/BRM-hssqcy01/FS-_dev_mapper_vg00_TspTicketCache">
<measResults>4</measResults>
</measValue>
</measInfo>
<measInfo measInfoId="FS">
<granPeriod duration="PT900S" endTime="2021-08-21T21:45:00+08:00"/>
<repPeriod duration="PT900S"/>
<measTypes>fsUsed</measTypes>
<measValue measObjLdn="PLMN-PLMN/HSSFE-HSSQCY01/BRM-hssqcy01/FS-_dev_mapper_vg00_dump">
<measResults>7</measResults>
</measValue>
</measInfo>
<measInfo measInfoId="FS">
<granPeriod duration="PT900S" endTime="2021-08-21T21:45:00+08:00"/>
<repPeriod duration="PT900S"/>
<measTypes>fsUsed</measTypes>
<measValue measObjLdn="PLMN-PLMN/HSSFE-HSSQCY01/BRM-hssqcy01/FS-_dev_mapper_vg00_SolidBackup">
<measResults>4</measResults>
</measValue>
</measInfo>
<measInfo measInfoId="FS">
<granPeriod duration="PT900S" endTime="2021-08-21T21:45:00+08:00"/>
<repPeriod duration="PT900S"/>
<measTypes>fsUsed</measTypes>
<measValue measObjLdn="PLMN-PLMN/HSSFE-HSSQCY01/BRM-hssqcy01/FS-tmpfs">
<measResults>1</measResults>
</measValue>
</measInfo>
<measInfo measInfoId="FS">
<granPeriod duration="PT900S" endTime="2021-08-21T21:45:00+08:00"/>
<repPeriod duration="PT900S"/>
<measTypes>fsUsed</measTypes>
<measValue measObjLdn="PLMN-PLMN/HSSFE-HSSQCY01/BRM-hssqcy01/FS-_dev_mapper_vg00_root">
<measResults>56</measResults>
</measValue>
</measInfo>
<measInfo measInfoId="FS">
<granPeriod duration="PT900S" endTime="2021-08-21T21:45:00+08:00"/>
<repPeriod duration="PT900S"/>
<measTypes>fsUsed</measTypes>
<measValue measObjLdn="PLMN-PLMN/HSSFE-HSSQCY01/BRM-hssqcy01/FS-_dev_mapper_vg00_tmp">
<measResults>2</measResults>
</measValue>
</measInfo>
<measInfo measInfoId="FS">
<granPeriod duration="PT900S" endTime="2021-08-21T21:45:00+08:00"/>
<repPeriod duration="PT900S"/>
<measTypes>fsUsed</measTypes>
<measValue measObjLdn="PLMN-PLMN/HSSFE-HSSQCY01/BRM-hssqcy01/FS-_dev_mapper_vg00_SMAW">
<measResults>31</measResults>
</measValue>
</measInfo>
<measInfo measInfoId="FS">
<granPeriod duration="PT900S" endTime="2021-08-21T21:45:00+08:00"/>
<repPeriod duration="PT900S"/>
<measTypes>fsUsed</measTypes>
<measValue measObjLdn="PLMN-PLMN/HSSFE-HSSQCY01/BRM-hssqcy01/FS-_dev_mapper_vg00_var">
<measResults>9</measResults>
</measValue>
</measInfo>
<measInfo measInfoId="NETWORK">
<granPeriod duration="PT900S" endTime="2021-08-21T21:45:00+08:00"/>
<repPeriod duration="PT900S"/>
<measTypes>bytesTransmitted packetsTransmitted packetsReceived bytesReceived</measTypes>
<measValue measObjLdn="PLMN-PLMN/HSSFE-HSSQCY01/BRM-hssqcy01/NET-eth1">
<measResults>0 0 2420 145200</measResults>
</measValue>
</measInfo>
<measInfo measInfoId="NETWORK">
<granPeriod duration="PT900S" endTime="2021-08-21T21:45:00+08:00"/>
<repPeriod duration="PT900S"/>
<measTypes>bytesTransmitted packetsTransmitted packetsReceived bytesReceived</measTypes>
<measValue measObjLdn="PLMN-PLMN/HSSFE-HSSQCY01/BRM-hssqcy01/NET-eth0">
<measResults>419956 5964 5519 2048295</measResults>
</measValue>
</measInfo>
<measInfo measInfoId="NETWORK">
<granPeriod duration="PT900S" endTime="2021-08-21T21:45:00+08:00"/>
<repPeriod duration="PT900S"/>
<measTypes>bytesTransmitted packetsTransmitted packetsReceived bytesReceived</measTypes>
<measValue measObjLdn="PLMN-PLMN/HSSFE-HSSQCY01/BRM-hssqcy01/NET-eth5">
<measResults>0 0 2086 249068</measResults>
</measValue>
</measInfo>
<measInfo measInfoId="NETWORK">
<granPeriod duration="PT900S" endTime="2021-08-21T21:45:00+08:00"/>
<repPeriod duration="PT900S"/>
<measTypes>bytesTransmitted packetsTransmitted packetsReceived bytesReceived</measTypes>
<measValue measObjLdn="PLMN-PLMN/HSSFE-HSSQCY01/BRM-hssqcy01/NET-eth4">
<measResults>0 0 2086 249068</measResults>
</measValue>
</measInfo>
<measInfo measInfoId="NETWORK">
<granPeriod duration="PT900S" endTime="2021-08-21T21:45:00+08:00"/>
<repPeriod duration="PT900S"/>
<measTypes>bytesTransmitted packetsTransmitted packetsReceived bytesReceived</measTypes>
<measValue measObjLdn="PLMN-PLMN/HSSFE-HSSQCY01/BRM-hssqcy01/NET-eth3">
<measResults>0 0 0 0</measResults>
</measValue>
</measInfo>
<measInfo measInfoId="NETWORK">
<granPeriod duration="PT900S" endTime="2021-08-21T21:45:00+08:00"/>
<repPeriod duration="PT900S"/>
<measTypes>bytesTransmitted packetsTransmitted packetsReceived bytesReceived</measTypes>
<measValue measObjLdn="PLMN-PLMN/HSSFE-HSSQCY01/BRM-hssqcy01/NET-eth2">
<measResults>0 0 0 0</measResults>
</measValue>
</measInfo>
<measInfo measInfoId="NETWORK">
<granPeriod duration="PT900S" endTime="2021-08-21T21:45:00+08:00"/>
<repPeriod duration="PT900S"/>
<measTypes>bytesTransmitted packetsTransmitted packetsReceived bytesReceived</measTypes>
<measValue measObjLdn="PLMN-PLMN/HSSFE-HSSQCY01/BRM-hssqcy01/NET-lo">
<measResults>6385082 47991 47991 6385082</measResults>
</measValue>
</measInfo>
</measData>
<fileFooter>
<measCollec endTime="2021-08-21T21:45:00+08:00"/>
</fileFooter>
</measCollecFile>