<?xml version="1.0" encoding="UTF-8"?>
<measCollecFile xmlns="http://www.3gpp.org/ftp/specs/archive/32_series/32.435#measCollec">
<fileHeader fileFormatVersion="32.435 V10.0" vendorName="Nokia Networks">
<fileSender elementType="MGW"/>
<measCollec beginTime="2021-08-21T23:00:00+08:00"/>
</fileHeader>
<measData>
<managedElement/>
<measInfo measInfoId="MTP_SL_Avail">
<granPeriod duration="PT1800S" endTime="2021-08-21T23:30:00+08:00"/>
<repPeriod duration="PT1800S"/>
<measTypes>M208B2C1 M208B2C2 M208B2C3 M208B2C4 M208B2C5 M208B2C6 M208B2C7 M208B2C8 M208B2C9 M208B2C10 M208B2C11 M208B2C12 M208B2C13 M208B2C14 M208B2C15 M208B2C16</measTypes>
<measValue measObjLdn="PLMN-PLMN/MGW-360422,SL_TYPE=SLN-60_0/SL_TYPE-0,SPC_TOPO=SNET-NA0/SPCD-1302,SIGNALLING_LINK_SETNAME=SLSN-SUAXB">
<measResults>1800 0 0 0 0 0 0 0 0 0 0 0 0 0 0 0</measResults>
</measValue>
</measInfo>
<measInfo measInfoId="MTP_SL_Avail">
<granPeriod duration="PT1800S" endTime="2021-08-21T23:30:00+08:00"/>
<repPeriod duration="PT1800S"/>
<measTypes>M208B2C1 M208B2C2 M208B2C3 M208B2C4 M208B2C5 M208B2C6 M208B2C7 M208B2C8 M208B2C9 M208B2C10 M208B2C11 M208B2C12 M208B2C13 M208B2C14 M208B2C15 M208B2C16</measTypes>
<measValue measObjLdn="PLMN-PLMN/MGW-360422,SL_TYPE=SLN-61_1/SL_TYPE-0,SPC_TOPO=SNET-NA0/SPCD-1302,SIGNALLING_LINK_SETNAME=SLSN-SUAXB">
<measResults>1800 0 0 0 0 0 0 0 0 0 0 0 0 0 0 0</measResults>
</measValue>
</measInfo>
<measInfo measInfoId="MTP_SL_Avail">
<granPeriod duration="PT1800S" endTime="2021-08-21T23:30:00+08:00"/>
<repPeriod duration="PT1800S"/>
<measTypes>M208B2C1 M208B2C2 M208B2C3 M208B2C4 M208B2C5 M208B2C6 M208B2C7 M208B2C8 M208B2C9 M208B2C10 M208B2C11 M208B2C12 M208B2C13 M208B2C14 M208B2C15 M208B2C16</measTypes>
<measValue measObjLdn="PLMN-PLMN/MGW-360422,SL_TYPE=SLN-62_0/SL_TYPE-0,SPC_TOPO=SNET-NA0/SPCD-6110,SIGNALLING_LINK_SETNAME=SLSN-GTVL1">
<measResults>0 0 0 0 0 0 0 0 0 0 0 0 0 0 0 0</measResults>
</measValue>
</measInfo>
<measInfo measInfoId="MTP_SL_Avail">
<granPeriod duration="PT1800S" endTime="2021-08-21T23:30:00+08:00"/>
<repPeriod duration="PT1800S"/>
<measTypes>M208B2C1 M208B2C2 M208B2C3 M208B2C4 M208B2C5 M208B2C6 M208B2C7 M208B2C8 M208B2C9 M208B2C10 M208B2C11 M208B2C12 M208B2C13 M208B2C14 M208B2C15 M208B2C16</measTypes>
<measValue measObjLdn="PLMN-PLMN/MGW-360422,SL_TYPE=SLN-63_1/SL_TYPE-0,SPC_TOPO=SNET-NA0/SPCD-6110,SIGNALLING_LINK_SETNAME=SLSN-GTVL1">
<measResults>0 0 0 0 0 0 0 0 0 0 0 0 0 0 0 0</measResults>
</measValue>
</measInfo>
<measInfo measInfoId="MTP_SL_Avail">
<granPeriod duration="PT1800S" endTime="2021-08-21T23:30:00+08:00"/>
<repPeriod duration="PT1800S"/>
<measTypes>M208B2C1 M208B2C2 M208B2C3 M208B2C4 M208B2C5 M208B2C6 M208B2C7 M208B2C8 M208B2C9 M208B2C10 M208B2C11 M208B2C12 M208B2C13 M208B2C14 M208B2C15 M208B2C16</measTypes>
<measValue measObjLdn="PLMN-PLMN/MGW-360422,SL_TYPE=SLN-64_2/SL_TYPE-0,SPC_TOPO=SNET-NA0/SPCD-6110,SIGNALLING_LINK_SETNAME=SLSN-GTVL1">
<measResults>0 0 0 0 0 0 0 0 0 0 0 0 0 0 0 0</measResults>
</measValue>
</measInfo>
<measInfo measInfoId="MTP_SL_Avail">
<granPeriod duration="PT1800S" endTime="2021-08-21T23:30:00+08:00"/>
<repPeriod duration="PT1800S"/>
<measTypes>M208B2C1 M208B2C2 M208B2C3 M208B2C4 M208B2C5 M208B2C6 M208B2C7 M208B2C8 M208B2C9 M208B2C10 M208B2C11 M208B2C12 M208B2C13 M208B2C14 M208B2C15 M208B2C16</measTypes>
<measValue measObjLdn="PLMN-PLMN/MGW-360422,SL_TYPE=SLN-65_3/SL_TYPE-0,SPC_TOPO=SNET-NA0/SPCD-6110,SIGNALLING_LINK_SETNAME=SLSN-GTVL1">
<measResults>0 0 0 0 0 0 0 0 0 0 0 0 0 0 0 0</measResults>
</measValue>
</measInfo>
<measInfo measInfoId="MTP_SL_Avail">
<granPeriod duration="PT1800S" endTime="2021-08-21T23:30:00+08:00"/>
<repPeriod duration="PT1800S"/>
<measTypes>M208B2C1 M208B2C2 M208B2C3 M208B2C4 M208B2C5 M208B2C6 M208B2C7 M208B2C8 M208B2C9 M208B2C10 M208B2C11 M208B2C12 M208B2C13 M208B2C14 M208B2C15 M208B2C16</measTypes>
<measValue measObjLdn="PLMN-PLMN/MGW-360422,SL_TYPE=SLN-66_0/SL_TYPE-0,SPC_TOPO=SNET-NA0/SPCD-6255,SIGNALLING_LINK_SETNAME=SLSN-GTBC1">
<measResults>0 0 0 0 0 0 0 0 0 0 0 0 0 0 0 0</measResults>
</measValue>
</measInfo>
<measInfo measInfoId="MTP_SL_Avail">
<granPeriod duration="PT1800S" endTime="2021-08-21T23:30:00+08:00"/>
<repPeriod duration="PT1800S"/>
<measTypes>M208B2C1 M208B2C2 M208B2C3 M208B2C4 M208B2C5 M208B2C6 M208B2C7 M208B2C8 M208B2C9 M208B2C10 M208B2C11 M208B2C12 M208B2C13 M208B2C14 M208B2C15 M208B2C16</measTypes>
<measValue measObjLdn="PLMN-PLMN/MGW-360422,SL_TYPE=SLN-67_1/SL_TYPE-0,SPC_TOPO=SNET-NA0/SPCD-6255,SIGNALLING_LINK_SETNAME=SLSN-GTBC1">
<measResults>0 0 0 0 0 0 0 0 0 0 0 0 0 0 0 0</measResults>
</measValue>
</measInfo>
</measData>
<fileFooter>
<measCollec endTime="2021-08-21T23:30:00+08:00"/>
</fileFooter>
</measCollecFile>