<?xml version="1.0" encoding="UTF-8"?>
<measCollecFile xmlns="http://latest/nmc-omc/cmNrm.doc#measCollec" xmlns:xsi="http://www.w3.org/2001/XMLSchema-instance" xsi:schemaLocation="http://latest/nmc-omc/cmNrm.doc#measCollec schema\pmResultSchedule.xsd">
    <fileHeader fileFormatVersion="32.435 V7.2" vendorName="Huawei">
        <fileSender elementType="NodeB"/>
        <measCollec beginTime="2021-08-17T22:00:00+08:00"/>
    </fileHeader>
    <measData>
        <managedElement userLabel="PSYG3710HUNB001"/>
        <measInfo measInfoId="50331655">
            <granPeriod duration="PT3600S" endTime="2021-08-17T23:00:00+08:00"/>
            <repPeriod duration="PT3600S"/>
            <measTypes>50332573 50332574 50342574 50342575 50342635 50342636 </measTypes>
            <measValue measObjLdn="PSYG3710HUNB001/ULGROUP:UL BB Resource Group No.=0">
                <measResults>2048 1.842 0 8.5 0 0 </measResults>
            </measValue>
        </measInfo>
        <measInfo measInfoId="50331656">
            <granPeriod duration="PT3600S" endTime="2021-08-17T23:00:00+08:00"/>
            <repPeriod duration="PT3600S"/>
            <measTypes>50332582 50332583 50332584 50332586 50342584 50342585 50342586 50342587 50342606 50342607 50342608 50342609 50342632 50342633 </measTypes>
            <measValue measObjLdn="PSYG3710HUNB001/BRD:Board Type=UBBP, Cabinet No.=1, Subrack No.=0, Slot No.=2">
                <measResults>1024 1024 0 1.292 0 0 0 5.5 0 0 0 0 0 0 </measResults>
            </measValue>
            <measValue measObjLdn="PSYG3710HUNB001/BRD:Board Type=UBBP, Cabinet No.=1, Subrack No.=0, Slot No.=3">
                <measResults>1024 1024 25.308 0.55 24 29 0 4.5 0 1 0 1 0 0 </measResults>
            </measValue>
            <measValue measObjLdn="PSYG3710HUNB001/BRD:Board Type=UMPT, Cabinet No.=1, Subrack No.=0, Slot No.=7">
                <measResults>0 0 0 0 0 0 0 0 0 0 0 0 0 0 </measResults>
            </measValue>
        </measInfo>
        <measInfo measInfoId="50331683">
            <granPeriod duration="PT3600S" endTime="2021-08-17T23:00:00+08:00"/>
            <repPeriod duration="PT3600S"/>
            <measTypes>50332627 </measTypes>
            <measValue measObjLdn="PSYG3710HUNB001/NODEBRRU:Cabinet No.=0, Subrack No.=5, Slot No.=0">
                <measResults>0 </measResults>
            </measValue>
            <measValue measObjLdn="PSYG3710HUNB001/NODEBRRU:Cabinet No.=0, Subrack No.=5, Slot No.=1">
                <measResults>0 </measResults>
            </measValue>
            <measValue measObjLdn="PSYG3710HUNB001/NODEBRRU:Cabinet No.=0, Subrack No.=5, Slot No.=2">
                <measResults>0 </measResults>
            </measValue>
            <measValue measObjLdn="PSYG3710HUNB001/NODEBRRU:Cabinet No.=0, Subrack No.=5, Slot No.=3">
                <measResults>0 </measResults>
            </measValue>
            <measValue measObjLdn="PSYG3710HUNB001/NODEBRRU:Cabinet No.=0, Subrack No.=5, Slot No.=4">
                <measResults>0 </measResults>
            </measValue>
            <measValue measObjLdn="PSYG3710HUNB001/NODEBRRU:Cabinet No.=0, Subrack No.=5, Slot No.=5">
                <measResults>0 </measResults>
            </measValue>
            <measValue measObjLdn="PSYG3710HUNB001/NODEBRRU:Cabinet No.=1, Subrack No.=5, Slot No.=0">
                <measResults>0 </measResults>
            </measValue>
            <measValue measObjLdn="PSYG3710HUNB001/NODEBRRU:Cabinet No.=1, Subrack No.=5, Slot No.=1">
                <measResults>0 </measResults>
            </measValue>
        </measInfo>
        <measInfo measInfoId="1542455297">
            <granPeriod duration="PT3600S" endTime="2021-08-17T23:00:00+08:00"/>
            <repPeriod duration="PT3600S"/>
            <measTypes>1542455297 1542455298 1542455299 1542455300 1542455301 1542455302 1542455303 1542455304 1542455305 1542455306 1542455307 1542460296 1542460297 </measTypes>
            <measValue measObjLdn="PSYG3710HUNB001/ETHPORT:Cabinet No.=1, Subrack No.=0, Slot No.=7, Port No.=0, Subboard Type=BASE_BOARD">
                <measResults>56067451 579003 117251858 1199925 0 1715000 70800 124590 12775992 73344 260569 1000000 1000000 </measResults>
            </measValue>
            <measValue measObjLdn="PSYG3710HUNB001/ETHPORT:Cabinet No.=1, Subrack No.=0, Slot No.=7, Port No.=1, Subboard Type=BASE_BOARD">
                <measResults>0 0 0 0 0 0 0 0 0 0 0 0 0 </measResults>
            </measValue>
        </measInfo>
        <measInfo measInfoId="1542455301">
            <granPeriod duration="PT3600S" endTime="2021-08-17T23:00:00+08:00"/>
            <repPeriod duration="PT3600S"/>
            <measTypes>1542455326 1542455327 1542455328 1542455329 1542455330 1542455331 1542455332 1542455333 1542460727 1542460728 1542460729 </measTypes>
            <measValue measObjLdn="PSYG3710HUNB001/IP:Board Type=UMPT, Cabinet No.=1, Subrack No.=0, Slot No.=7">
                <measResults>578866 42277210 0 0 1198275 88935813 0 0 60 0 0 </measResults>
            </measValue>
        </measInfo>
        <measInfo measInfoId="1542455303">
            <granPeriod duration="PT3600S" endTime="2021-08-17T23:00:00+08:00"/>
            <repPeriod duration="PT3600S"/>
            <measTypes>1542455365 1542455367 1542455369 1542455371 1542455375 1542455376 1542455377 1542455378 </measTypes>
            <measValue measObjLdn="PSYG3710HUNB001/RSCGRP:Transmission Resource Group Bear Type=IP, Cabinet No.=1, Bearing Port No.=0, Bearing Port Type=ETH, Transmission Resource Group ID=AUTOPORT, Subboard Type=BASE_BOARD, Slot No.=7, Subrack No.=0">
                <measResults>52723426 579009 0 0 1609216 69216 117167 0 </measResults>
            </measValue>
            <measValue measObjLdn="PSYG3710HUNB001/RSCGRP:Transmission Resource Group Bear Type=IP, Cabinet No.=1, Bearing Port No.=1, Bearing Port Type=ETH, Transmission Resource Group ID=AUTOPORT, Subboard Type=BASE_BOARD, Slot No.=7, Subrack No.=0">
                <measResults>0 0 0 0 0 0 0 0 </measResults>
            </measValue>
            <measValue measObjLdn="PSYG3710HUNB001/RSCGRP:Transmission Resource Group Bear Type=IP, Cabinet No.=1, Bearing Port No.=0, Bearing Port Type=TUNNEL, Transmission Resource Group ID=AUTOPORT, Subboard Type=BACK_BOARD, Slot No.=7, Subrack No.=0">
                <measResults>0 0 0 0 0 0 0 0 </measResults>
            </measValue>
        </measInfo>
        <measInfo measInfoId="1542455312">
            <granPeriod duration="PT3600S" endTime="2021-08-17T23:00:00+08:00"/>
            <repPeriod duration="PT3600S"/>
            <measTypes>1542460308 1542460309 1542460310 1542460311 1542460312 1542460313 1542460314 1542460315 1542460316 1542460317 1542460318 1542460319 1542460320 1542460321 1542460322 1542460323 1542460324 1542460325 1542460326 1542460327 1542460328 1542460329 1542460330 1542460331 1542460332 </measTypes>
            <measValue measObjLdn="PSYG3710HUNB001/RSCGRP:Transmission Resource Group Bear Type=IP, Cabinet No.=1, Bearing Port No.=0, Bearing Port Type=ETH, Transmission Resource Group ID=AUTOPORT, Subboard Type=BASE_BOARD, Slot No.=7, Subrack No.=0">
                <measResults>531441 531441 531441 0 0 0 0 0 0 0 0 0 0 30692 0 0 0 0 0 0 0 0 0 0 0 </measResults>
            </measValue>
            <measValue measObjLdn="PSYG3710HUNB001/RSCGRP:Transmission Resource Group Bear Type=IP, Cabinet No.=1, Bearing Port No.=1, Bearing Port Type=ETH, Transmission Resource Group ID=AUTOPORT, Subboard Type=BASE_BOARD, Slot No.=7, Subrack No.=0">
                <measResults>0 0 0 0 0 0 0 0 0 0 0 0 0 0 0 0 0 0 0 0 0 0 0 0 0 </measResults>
            </measValue>
            <measValue measObjLdn="PSYG3710HUNB001/RSCGRP:Transmission Resource Group Bear Type=IP, Cabinet No.=1, Bearing Port No.=0, Bearing Port Type=TUNNEL, Transmission Resource Group ID=AUTOPORT, Subboard Type=BACK_BOARD, Slot No.=7, Subrack No.=0">
                <measResults>0 0 0 0 0 0 0 0 0 0 0 0 0 0 0 0 0 0 0 0 0 0 0 0 0 </measResults>
            </measValue>
        </measInfo>
        <measInfo measInfoId="1542455309">
            <granPeriod duration="PT3600S" endTime="2021-08-17T23:00:00+08:00"/>
            <repPeriod duration="PT3600S"/>
            <measTypes>1542455826 1542455827 1542455828 1542455829 1542455833 1542455834 1542455835 1542455836 1542455837 1542455838 1542455839 1542455840 1542455841 1542455842 1542455843 1542455844 1542455845 1542455846 1542455847 1542455848 </measTypes>
            <measValue measObjLdn="PSYG3710HUNB001/OMCH:Standby Status=MASTER, Bearer Type=IPV4">
                <measResults>1228 312 0 0 0 0 0 0 0 922 0 0 1223 0 0 0 0 1113 0 110 </measResults>
            </measValue>
        </measInfo>
        <measInfo measInfoId="1542455310">
            <granPeriod duration="PT3600S" endTime="2021-08-17T23:00:00+08:00"/>
            <repPeriod duration="PT3600S"/>
            <measTypes>1542455856 1542455857 1542455858 1542455859 1542455860 1542455861 1542455862 1542455863 1542455864 1542455865 </measTypes>
            <measValue measObjLdn="PSYG3710HUNB001/TUNNEL:Source Cabinet No.=1, Source Slot No.=7, Source Subrack No.=0, Tunnel No.=0">
                <measResults>0 0 0 0 0 0 0 0 0 0 </measResults>
            </measValue>
        </measInfo>
        <measInfo measInfoId="1542455815">
            <granPeriod duration="PT3600S" endTime="2021-08-17T23:00:00+08:00"/>
            <repPeriod duration="PT3600S"/>
            <measTypes>1542460340 1542460341 1542460342 1542460343 1542460496 1542460497 1542460498 1542460499 1542460500 1542460501 1542460502 1542460503 1542460504 1542460505 1542460506 1542460507 1542460510 </measTypes>
            <measValue measObjLdn="PSYG3710HUNB001/IKE:Board Type=UMPT, Cabinet No.=1, Subrack No.=0, Slot No.=7">
                <measResults>0 0 0 0 0 0 0 0 0 0 0 0 0 0 0 0 0 </measResults>
            </measValue>
        </measInfo>
        <measInfo measInfoId="1542455817">
            <granPeriod duration="PT3600S" endTime="2021-08-17T23:00:00+08:00"/>
            <repPeriod duration="PT3600S"/>
            <measTypes>1542460356 1542460357 1542460358 1542460359 1542460360 1542460361 1542460362 1542460363 1542460364 1542460365 1542460366 1542460367 1542460368 1542460369 1542460370 1542460371 1542460372 1542460373 1542460374 1542460375 1542460376 </measTypes>
            <measValue measObjLdn="PSYG3710HUNB001/SCTPLNK:Link No.=31">
                <measResults>165213 6270248 45485 88687 0 10200 0 367 60528 13528 13934 473 86873 0 0 0 0 0 0 86877 473 </measResults>
            </measValue>
            <measValue measObjLdn="PSYG3710HUNB001/SCTPLNK:Link No.=32">
                <measResults>186865 197322 8619 9741 0 8888 0 415 6816 0 438 3120 5957 0 0 0 0 0 0 5957 3120 </measResults>
            </measValue>
        </measInfo>
        <measInfo measInfoId="1542455818">
            <granPeriod duration="PT3600S" endTime="2021-08-17T23:00:00+08:00"/>
            <repPeriod duration="PT3600S"/>
            <measTypes>1542455526 1542455527 1542455528 1542455529 1542455530 1542455531 1542455532 1542455533 1542455534 1542455535 </measTypes>
            <measValue measObjLdn="PSYG3710HUNB001/USERPLANEHOST:User Plane Host ID=3">
                <measResults>261567 925699 15097258 70758693 1511520 33550 12270688 157216 NIL NIL </measResults>
            </measValue>
        </measInfo>
        <measInfo measInfoId="1593835529">
            <granPeriod duration="PT3600S" endTime="2021-08-17T23:00:00+08:00"/>
            <repPeriod duration="PT3600S"/>
            <measTypes>1593835620 1593835628 1593835629 </measTypes>
            <measValue measObjLdn="PSYG3710HUNB001/NODE:NODE">
                <measResults>NIL 0.65 0 </measResults>
            </measValue>
        </measInfo>
        <measInfo measInfoId="1593835533">
            <granPeriod duration="PT3600S" endTime="2021-08-17T23:00:00+08:00"/>
            <repPeriod duration="PT3600S"/>
            <measTypes>1593835647 1593835648 1593835649 </measTypes>
            <measValue measObjLdn="PSYG3710HUNB001/NODE:NODE">
                <measResults>33851 33823 33838 </measResults>
            </measValue>
        </measInfo>
        <measInfo measInfoId="1593835531">
            <granPeriod duration="PT3600S" endTime="2021-08-17T23:00:00+08:00"/>
            <repPeriod duration="PT3600S"/>
            <measTypes>1593835630 1593835632 1593835633 1593835634 </measTypes>
            <measValue measObjLdn="PSYG3710HUNB001/BBUBoard:Board Type=UBBP, Cabinet No.=1, Subrack No.=0, Slot No.=2">
                <measResults>0 2 2 0 </measResults>
            </measValue>
            <measValue measObjLdn="PSYG3710HUNB001/BBUBoard:Board Type=UBBP, Cabinet No.=1, Subrack No.=0, Slot No.=3">
                <measResults>0 3 2 0 </measResults>
            </measValue>
            <measValue measObjLdn="PSYG3710HUNB001/BBUBoard:Board Type=UMPT, Cabinet No.=1, Subrack No.=0, Slot No.=7">
                <measResults>0 4 1 0 </measResults>
            </measValue>
        </measInfo>
        <measInfo measInfoId="1593835535">
            <granPeriod duration="PT3600S" endTime="2021-08-17T23:00:00+08:00"/>
            <repPeriod duration="PT3600S"/>
            <measTypes>1593835652 1593835653 1593835654 1593835655 1593835656 1593835657 1593835658 1593835659 1593835660 1593835661 1593835662 1593835663 1593835664 1593835665 1593835666 1593835667 1593835668 1593835669 1593835670 1593835671 </measTypes>
            <measValue measObjLdn="PSYG3710HUNB001/RADIOEQM:Cabinet No.=0, Subrack No.=5, Slot No.=0">
                <measResults>NIL NIL NIL NIL NIL NIL NIL NIL NIL NIL 0 0 0 0 0 0 0 0 0 0 </measResults>
            </measValue>
            <measValue measObjLdn="PSYG3710HUNB001/RADIOEQM:Cabinet No.=0, Subrack No.=5, Slot No.=1">
                <measResults>NIL NIL NIL NIL NIL NIL NIL NIL NIL NIL 0 0 0 0 0 0 0 0 0 0 </measResults>
            </measValue>
            <measValue measObjLdn="PSYG3710HUNB001/RADIOEQM:Cabinet No.=0, Subrack No.=5, Slot No.=2">
                <measResults>NIL NIL NIL NIL NIL NIL NIL NIL NIL NIL 0 0 0 0 0 0 0 0 0 0 </measResults>
            </measValue>
            <measValue measObjLdn="PSYG3710HUNB001/RADIOEQM:Cabinet No.=0, Subrack No.=5, Slot No.=3">
                <measResults>NIL NIL NIL NIL NIL NIL NIL NIL NIL NIL 0 0 0 25 0 0 0 0 0 0 </measResults>
            </measValue>
            <measValue measObjLdn="PSYG3710HUNB001/RADIOEQM:Cabinet No.=0, Subrack No.=5, Slot No.=4">
                <measResults>NIL NIL NIL NIL NIL NIL NIL NIL NIL NIL 0 0 0 0 0 0 0 0 0 0 </measResults>
            </measValue>
            <measValue measObjLdn="PSYG3710HUNB001/RADIOEQM:Cabinet No.=0, Subrack No.=5, Slot No.=5">
                <measResults>NIL NIL NIL NIL NIL NIL NIL NIL NIL NIL 0 0 0 0 0 0 0 0 0 0 </measResults>
            </measValue>
            <measValue measObjLdn="PSYG3710HUNB001/RADIOEQM:Cabinet No.=1, Subrack No.=5, Slot No.=0">
                <measResults>NIL NIL NIL NIL NIL NIL NIL NIL NIL NIL 0 0 0 0 0 0 0 0 0 0 </measResults>
            </measValue>
            <measValue measObjLdn="PSYG3710HUNB001/RADIOEQM:Cabinet No.=1, Subrack No.=5, Slot No.=1">
                <measResults>NIL NIL NIL NIL NIL NIL NIL NIL NIL NIL 0 0 0 0 0 0 0 0 0 0 </measResults>
            </measValue>
        </measInfo>
        <measInfo measInfoId="1593835539">
            <granPeriod duration="PT3600S" endTime="2021-08-17T23:00:00+08:00"/>
            <repPeriod duration="PT3600S"/>
            <measTypes>1593835767 </measTypes>
            <measValue measObjLdn="PSYG3710HUNB001/RADIOEQM:Cabinet No.=0, Subrack No.=5, Slot No.=0">
                <measResults>3600 </measResults>
            </measValue>
            <measValue measObjLdn="PSYG3710HUNB001/RADIOEQM:Cabinet No.=0, Subrack No.=5, Slot No.=1">
                <measResults>3600 </measResults>
            </measValue>
            <measValue measObjLdn="PSYG3710HUNB001/RADIOEQM:Cabinet No.=0, Subrack No.=5, Slot No.=2">
                <measResults>3600 </measResults>
            </measValue>
            <measValue measObjLdn="PSYG3710HUNB001/RADIOEQM:Cabinet No.=0, Subrack No.=5, Slot No.=3">
                <measResults>3600 </measResults>
            </measValue>
            <measValue measObjLdn="PSYG3710HUNB001/RADIOEQM:Cabinet No.=0, Subrack No.=5, Slot No.=4">
                <measResults>3600 </measResults>
            </measValue>
            <measValue measObjLdn="PSYG3710HUNB001/RADIOEQM:Cabinet No.=0, Subrack No.=5, Slot No.=5">
                <measResults>3600 </measResults>
            </measValue>
            <measValue measObjLdn="PSYG3710HUNB001/RADIOEQM:Cabinet No.=1, Subrack No.=5, Slot No.=0">
                <measResults>3600 </measResults>
            </measValue>
            <measValue measObjLdn="PSYG3710HUNB001/RADIOEQM:Cabinet No.=1, Subrack No.=5, Slot No.=1">
                <measResults>3600 </measResults>
            </measValue>
        </measInfo>
        <measInfo measInfoId="1593835544">
            <granPeriod duration="PT3600S" endTime="2021-08-17T23:00:00+08:00"/>
            <repPeriod duration="PT3600S"/>
            <measTypes>1593835835 </measTypes>
            <measValue measObjLdn="PSYG3710HUNB001/BU:Cabinet No.=1, Subrack No.=0">
                <measResults>0.15645777 </measResults>
            </measValue>
        </measInfo>
        <measInfo measInfoId="1593835545">
            <granPeriod duration="PT3600S" endTime="2021-08-17T23:00:00+08:00"/>
            <repPeriod duration="PT3600S"/>
            <measTypes>1593835836 </measTypes>
            <measValue measObjLdn="PSYG3710HUNB001/BTSBoard:Cabinet No.=0, Subrack No.=5, Slot No.=0">
                <measResults>0.121145 </measResults>
            </measValue>
            <measValue measObjLdn="PSYG3710HUNB001/BTSBoard:Cabinet No.=0, Subrack No.=5, Slot No.=1">
                <measResults>0.12525751 </measResults>
            </measValue>
            <measValue measObjLdn="PSYG3710HUNB001/BTSBoard:Cabinet No.=0, Subrack No.=5, Slot No.=2">
                <measResults>0.11612666 </measResults>
            </measValue>
            <measValue measObjLdn="PSYG3710HUNB001/BTSBoard:Cabinet No.=0, Subrack No.=5, Slot No.=3">
                <measResults>0.1137725 </measResults>
            </measValue>
            <measValue measObjLdn="PSYG3710HUNB001/BTSBoard:Cabinet No.=0, Subrack No.=5, Slot No.=4">
                <measResults>0.1230775 </measResults>
            </measValue>
            <measValue measObjLdn="PSYG3710HUNB001/BTSBoard:Cabinet No.=0, Subrack No.=5, Slot No.=5">
                <measResults>0.1176125 </measResults>
            </measValue>
            <measValue measObjLdn="PSYG3710HUNB001/BTSBoard:Cabinet No.=1, Subrack No.=5, Slot No.=0">
                <measResults>0.11720917 </measResults>
            </measValue>
            <measValue measObjLdn="PSYG3710HUNB001/BTSBoard:Cabinet No.=1, Subrack No.=5, Slot No.=1">
                <measResults>0.1213675 </measResults>
            </measValue>
        </measInfo>
        <measInfo measInfoId="50331648">
            <granPeriod duration="PT3600S" endTime="2021-08-17T23:00:00+08:00"/>
            <repPeriod duration="PT3600S"/>
            <measTypes>50331654 50331655 50331656 50331657 50331658 50331659 50331660 50331661 50331662 50331663 50331664 50331665 50331666 50331667 50331668 50331669 50331670 50331671 50331672 50331673 50331674 50331675 50331676 50331677 50331678 50331679 50331680 50331681 50331682 50331683 50331684 50331685 50331686 50331687 50331688 50331689 50331690 50331691 50331692 50331693 50331694 50331695 50331696 50331697 50331698 50331699 50331709 50331710 50331711 50331712 50331713 50331714 50331717 50331718 50331719 50331720 50331721 50331722 50331723 50331724 50331745 50331746 50331754 50331755 50331756 50331757 50331758 50331759 50331760 50331761 50331762 50331763 50331764 50331765 50331766 50331767 50331768 50331769 50331770 50331771 50331772 50331773 50331774 50331775 50331776 50331777 50331778 50331779 50331780 50331781 50331782 50331783 50331784 50331785 50331786 50331787 50331788 50331789 50331790 50331791 50331792 50331793 50331794 50331795 50331796 50331797 50331798 50331799 50331800 50331801 50331802 50331803 50331804 50331805 50331806 50331807 50331808 50331809 50331810 50331811 50331812 50331813 50331814 50331815 50331816 50331817 50331818 50331819 50331820 50331821 50331838 50331839 50331840 50332168 50332169 50332170 50332173 50332174 50332215 50332216 50332217 50341648 50341649 50341650 50341651 50341652 50341653 50341654 50341655 50341656 50341657 50341658 50341659 50341668 50341669 50341670 50341671 50341672 50341675 50341676 50341677 50341678 50341679 50341680 50341685 50341686 50341687 50341688 50341689 50341690 50341691 50341692 50341693 50341694 50341695 50341696 50341697 50341698 50341699 50341700 50341701 50341702 50341703 50341704 50341705 50341706 50341707 50341708 50341709 50341710 50341711 50341712 50341713 50341714 50341715 50341716 50341717 50341722 50341739 50341740 </measTypes>
            <measValue measObjLdn="PSYG3710HUNB001/ULoCell:NodeB Function Name=PSYG3710HUNB001, Local Cell ID=11151, Cell Name=NPORTU1">
                <measResults>332 9 55 321 6 3 1 1 0 0 0 0 0 0 9 0 2 1 0 1 9 0 1 0 3 2 3 1 1 4 6 2 5 4 4 9 10 7 22 58 319 628 651 813 497 73 18 396 0 0 0 0 0 0 0 0 0 125 253 396 243 775064 0 62 85 2 3 18 1 31 20 5 3 18 13 30 10 15 5 10 3 6 1 5 3 4 5 7 6 4 1 7 1 12 0 0 0 0 0 0 0 0 0 0 0 0 0 0 0 0 0 0 0 0 0 0 0 0 0 0 0 0 0 0 0 0 0 0 0 0 770080 243 1 0 0 0 0 0 0 0 0 0 10 0 0 16 0 3 245 2 199 16 0 233 93547 0 14563 NIL 0 1 0 0 13 0 0 0 0 0.001 0.229 14 14 0 0 0 0 0 0 0 0 0 0 NIL 844 850 824 0 0 0 0 0 0 0 0 0 0 0 0 27600 0 NIL </measResults>
            </measValue>
            <measValue measObjLdn="PSYG3710HUNB001/ULoCell:NodeB Function Name=PSYG3710HUNB001, Local Cell ID=11152, Cell Name=NPORTU2">
                <measResults>13984 796 2874 12709 902 170 106 97 0 0 0 0 0 0 410 4 7 3 3 1 13 9 12 13 29 36 67 86 110 226 234 384 373 616 675 831 1217 1882 2353 3080 5619 7078 6215 2531 2414 10529 4780 17659 0 0 0 0 0 0 0 0 0 5070 7809 17659 20246 144486800 0 3426 313 8 31 409 19 1822 193 152 68 566 314 478 709 369 152 452 144 205 222 295 614 252 447 303 312 429 188 340 279 4126 0 0 0 0 0 0 0 0 0 0 0 0 0 0 0 0 0 0 0 0 0 0 0 0 0 0 0 0 0 0 0 0 0 0 0 0 144445776 20239 3158 0 0 0 0 0 0 0 0 2 117 0 4 358 0 12 209 23 383 191 11 39827 4752664 0 208518 3620636 0 13 0 3 294 0 0 0 0 0.064 5.05 14 14.114 0 1 0 0 0 0 0 0 0 0 NIL 842 850 811 0 0 0 0 0 0 0 0 0 0 0 0 26829 0 0 </measResults>
            </measValue>
            <measValue measObjLdn="PSYG3710HUNB001/ULoCell:NodeB Function Name=PSYG3710HUNB001, Local Cell ID=11153, Cell Name=NPORTU3">
                <measResults>2110 105 496 1954 133 16 5 2 0 0 0 0 0 0 121 1 3 3 2 3 64 5 1 2 1 2 2 7 16 39 80 139 271 487 983 725 1017 617 916 652 810 1176 790 541 299 2709 882 2514 0 0 0 0 0 0 0 0 0 905 924 2711 2829 28274537 0 388 119 0 10 12 8 293 22 18 1 115 74 168 62 70 63 131 18 11 18 15 24 28 43 20 37 46 31 47 34 777 0 0 0 0 0 0 0 0 0 0 0 0 0 0 0 0 0 0 0 0 0 0 0 0 0 0 0 0 0 0 0 0 0 0 0 0 28273405 2829 352 0 0 0 0 0 0 0 0 0 91 0 0 316 0 7 247 11 377 53 1 7809 4609512 0 147340 7809000 0 5 0 0 253 0 0 0 0 0.009 4.48 14 14.166 0 0 0 0 0 0 0 0 0 0 NIL 844 850 833 0 0 0 0 0 0 0 0 0 0 0 0 26683 0 0 </measResults>
            </measValue>
            <measValue measObjLdn="PSYG3710HUNB001/ULoCell:NodeB Function Name=PSYG3710HUNB001, Local Cell ID=11154, Cell Name=NPORTUA">
                <measResults>0 0 0 0 0 0 0 0 0 0 0 0 0 0 0 0 0 0 0 0 0 0 0 0 0 0 0 0 0 0 0 0 0 0 0 0 0 0 0 0 0 0 0 0 0 0 0 0 0 0 0 0 0 0 0 0 0 0 0 0 0 0 0 0 0 0 0 0 0 0 0 0 0 0 0 0 0 0 0 0 0 0 0 0 0 0 0 0 0 0 0 0 0 0 0 0 0 0 0 0 0 0 0 0 0 0 0 0 0 0 0 0 0 0 0 0 0 0 0 0 0 0 0 0 0 0 0 0 0 0 0 0 0 0 0 0 0 0 0 0 0 0 0 0 0 0 0 NIL NIL NIL NIL 0 0 0 0 0 NIL NIL 0 0 0 0 0 0 NIL NIL NIL 0 0 14 14 0 0 NIL NIL NIL 0 0 0 0 0 NIL 844 850 836 0 0 0 0 0 0 0 0 0 0 0 0 NIL 0 NIL </measResults>
            </measValue>
            <measValue measObjLdn="PSYG3710HUNB001/ULoCell:NodeB Function Name=PSYG3710HUNB001, Local Cell ID=11155, Cell Name=NPORTUB">
                <measResults>887 40 685 567 175 84 37 24 0 0 0 0 0 0 35 0 0 0 0 0 0 0 0 8 51 140 246 131 15 4 0 0 0 0 0 0 0 0 0 0 0 0 0 0 0 0 0 1612 0 0 0 0 0 0 0 0 0 276 1336 1612 1648 5156920 0 88 0 8 4 10 7 34 6 1 1 21 19 20 21 70 220 48 306 512 195 21 0 0 0 0 0 0 0 0 0 0 0 0 0 0 0 0 0 0 0 0 0 0 0 0 0 0 0 0 0 0 0 0 0 0 0 0 0 0 0 0 0 0 0 0 0 0 5156920 1648 36 0 0 0 0 0 0 0 0 0 70 0 0 237 0 33 244 105 778 6 0 1419 380181 0 236500 NIL 0 11 0 0 205 0 0 0 0 0.01 3.315 14 14 0 0 0 0 0 0 0 0 0 0 NIL 843 850 831 0 0 0 0 0 0 0 0 0 0 0 0 10966 0 0 </measResults>
            </measValue>
            <measValue measObjLdn="PSYG3710HUNB001/ULoCell:NodeB Function Name=PSYG3710HUNB001, Local Cell ID=11156, Cell Name=NPORTUC">
                <measResults>70 1 113 42 20 7 1 0 0 0 0 0 0 0 23 0 0 0 2 7 8 34 30 39 172 325 257 100 15 17 9 0 1 0 0 1 0 1 0 0 0 0 0 1 0 1 0 184 0 0 0 0 0 0 0 0 0 4 180 184 377 94576 0 115 0 13 0 0 0 3 0 1 21 6 4 1 1 2 4 2 2 8 1 0 0 0 0 0 0 0 0 0 0 0 0 0 0 0 0 0 0 0 0 0 0 0 0 0 0 0 0 0 0 0 0 0 0 0 0 0 0 0 0 0 0 0 0 0 0 0 94576 377 193 0 0 0 0 0 0 0 0 0 6 0 0 6 0 1 122 1 82 14 0 24 13234 0 1714 NIL 0 1 0 0 5 0 0 0 0 0 0.09 14 14 0 0 0 0 0 0 0 0 0 0 NIL 843 850 797 0 0 0 0 0 0 0 0 0 0 0 0 10468 0 0 </measResults>
            </measValue>
            <measValue measObjLdn="PSYG3710HUNB001/ULoCell:NodeB Function Name=PSYG3710HUNB001, Local Cell ID=11157, Cell Name=NPORTUJ">
                <measResults>718 212 1970 487 108 53 33 37 0 0 0 0 0 0 364 0 11 17 11 13 27 29 57 52 61 76 128 151 155 160 135 141 120 130 117 77 84 58 34 37 10 0 0 0 0 0 1 2901 0 0 0 0 0 0 0 0 0 245 2655 2901 3181 1719960 0 148 152 1 3 26 4 68 38 107 749 94 180 306 406 217 71 55 86 67 64 27 21 1 5 1 0 0 2 0 0 0 0 0 0 0 0 0 0 0 0 0 0 0 0 0 0 0 0 0 0 0 0 0 0 0 0 0 0 0 0 0 0 0 0 0 0 0 1717808 3181 496 0 0 0 0 0 0 0 0 0 160 0 0 238 0 40 202 64 317 9 1 469 105491 0 52111 469000 0 45 0 0 462 0 0 0 0 0.009 3.326 14 14 0 0 0 0 0 0 0 0 0 0 NIL 844 849 833 0 0 0 0 0 0 0 0 0 0 0 0 12453 0 0 </measResults>
            </measValue>
            <measValue measObjLdn="PSYG3710HUNB001/ULoCell:NodeB Function Name=PSYG3710HUNB001, Local Cell ID=11158, Cell Name=NPORTUK">
                <measResults>463 4 168 405 30 16 8 4 0 0 0 0 0 0 14 2 3 2 2 1 2 15 32 23 17 20 22 56 124 236 858 2277 5503 2303 873 3 0 0 6 17 84 62 82 87 46 8 4 540 0 0 0 0 0 0 0 0 0 79 552 635 404 158848 0 209 141 1 2 44 1 139 1 10 1 5 2 49 6 4 0 12 0 0 0 0 1 1 1 0 0 0 0 0 0 2 0 0 0 0 0 0 0 0 0 0 0 0 0 0 0 0 0 0 0 0 0 0 0 0 0 0 0 0 0 0 0 0 0 0 0 0 157312 404 12 0 0 0 0 0 0 0 0 0 7 0 0 3 0 1 245 0 79 53 0 59 12850 0 1113 NIL 0 1 0 0 1 0 0 0 0 0 0.04 13.998 14 0 0 0 0 0 0 0 0 0 0 NIL 843 850 805 0 0 0 0 0 0 0 0 0 0 0 0 24581 0 0 </measResults>
            </measValue>
        </measInfo>
        <measInfo measInfoId="50331650">
            <granPeriod duration="PT3600S" endTime="2021-08-17T23:00:00+08:00"/>
            <repPeriod duration="PT3600S"/>
            <measTypes>50332548 50332549 50332550 50332554 50342548 50342549 50342550 50342554 50342612 50342613 50342615 50342616 </measTypes>
            <measValue measObjLdn="PSYG3710HUNB001/ULoCell:NodeB Function Name=PSYG3710HUNB001, Local Cell ID=11151, Cell Name=NPORTU1">
                <measResults>0 0 0.092 0.067 0 0 3.5 4 0 0 0 0 </measResults>
            </measValue>
            <measValue measObjLdn="PSYG3710HUNB001/ULoCell:NodeB Function Name=PSYG3710HUNB001, Local Cell ID=11152, Cell Name=NPORTU2">
                <measResults>0 0 0.743 0.346 0 0 9 3 0 0 0 0 </measResults>
            </measValue>
            <measValue measObjLdn="PSYG3710HUNB001/ULoCell:NodeB Function Name=PSYG3710HUNB001, Local Cell ID=11153, Cell Name=NPORTU3">
                <measResults>0 0 0.148 0.071 0 0 4.5 1 0 0 0 0 </measResults>
            </measValue>
            <measValue measObjLdn="PSYG3710HUNB001/ULoCell:NodeB Function Name=PSYG3710HUNB001, Local Cell ID=11154, Cell Name=NPORTUA">
                <measResults>0 0 0.006 0.008 0 0 1 1 0 0 0 0 </measResults>
            </measValue>
            <measValue measObjLdn="PSYG3710HUNB001/ULoCell:NodeB Function Name=PSYG3710HUNB001, Local Cell ID=11155, Cell Name=NPORTUB">
                <measResults>0 0 0.195 0.185 0 0 3.5 3 0 0 0 0 </measResults>
            </measValue>
            <measValue measObjLdn="PSYG3710HUNB001/ULoCell:NodeB Function Name=PSYG3710HUNB001, Local Cell ID=11156, Cell Name=NPORTUC">
                <measResults>0 0 0.18 0.135 0 0 3.5 2 0 0 0 0 </measResults>
            </measValue>
            <measValue measObjLdn="PSYG3710HUNB001/ULoCell:NodeB Function Name=PSYG3710HUNB001, Local Cell ID=11157, Cell Name=NPORTUJ">
                <measResults>0 0 0.108 0.086 0 0 2.5 2 0 0 0 0 </measResults>
            </measValue>
            <measValue measObjLdn="PSYG3710HUNB001/ULoCell:NodeB Function Name=PSYG3710HUNB001, Local Cell ID=11158, Cell Name=NPORTUK">
                <measResults>0 0 0.421 0.31 0 0 4.5 2 0 0 0 0 </measResults>
            </measValue>
        </measInfo>
        <measInfo measInfoId="50331651">
            <granPeriod duration="PT3600S" endTime="2021-08-17T23:00:00+08:00"/>
            <repPeriod duration="PT3600S"/>
            <measTypes>50331850 50331851 50331852 50331853 50331854 50331855 50331856 50331857 50331858 50331859 50331860 50331861 50331862 50331863 50331864 50331865 50331866 50331867 50331868 50331869 50331870 50331871 50331872 50331873 50331874 50331875 50331876 50331877 50331878 50331879 50331885 50331886 50331887 50331888 50331889 50331892 50331903 50331904 50331908 50331925 50331926 50331927 50331928 50331929 50331930 50331931 50331957 50331958 50331959 50331961 50331962 50331963 50331964 50331965 50331966 50331967 50331971 50331972 50331973 50331974 50331987 50331988 50331989 50331990 50331991 50331992 50331993 50331995 50332378 50332379 50332380 50332385 50332386 50332387 50332498 50332499 50332500 50332501 50332503 50332507 50332623 50332638 50341849 50341850 50341851 50341852 50341853 50341854 50341855 50341856 50341857 50341858 50341859 50341864 50341865 50341866 50341868 50341869 50341870 50341871 50341872 50341873 50341874 50341875 50341876 50341877 50341878 50341879 50341880 50341881 50341882 50341883 50341884 50341885 50341886 50341887 50341888 50341889 50341890 50341891 50341892 50341893 50341894 50341895 50341896 50341897 50341898 50341980 50341981 50341982 50341983 50341984 50341985 50341986 50341994 50361698 50361699 50361701 </measTypes>
            <measValue measObjLdn="PSYG3710HUNB001/ULoCell:NodeB Function Name=PSYG3710HUNB001, Local Cell ID=11151, Cell Name=NPORTU1">
                <measResults>1780917 9766 4367 2022 1021 797 396 191 253 198 52 9 7 0 0 0 0 0 0 0 0 0 0 0 0 0 0 952 30174 1473 821 44 28701 821 44 0 19 0 1042 0 0 0 0 0 0 0 0 10 0 126 0 0 0 0 0 0 0 0 0 655 0 0 0 0 15 44 322 50 924 289 168 0 186 756 0 0 NIL NIL 0 0 0 0 31 0.001 0.129 0 0.014 0 0 0 0 74 0 0 0 0 NIL NIL 0.011 0 0 0 0 0 369.486 0 0 0 0 0 0 963.406 0.005 0 0 0 0 0 0 0 0.01 0 6 207 NIL NIL 18 0 0 0 0 17.052 30.606 616.2 163.32 0 NIL 0 </measResults>
            </measValue>
            <measValue measObjLdn="PSYG3710HUNB001/ULoCell:NodeB Function Name=PSYG3710HUNB001, Local Cell ID=11152, Cell Name=NPORTU2">
                <measResults>0 0 64 5260 65744 229129 355181 322321 344117 156868 113677 102729 60081 25886 11327 4594 1905 717 216 46 31 24 8 6 3 63 1226 39078 406769 83759 49667 9975 345504 46542 8349 4 68 42 45988 81275 16882 9561 1701 697 50 0 0 25 14 83259 19342 11105 2901 1235 3 0 5715 1063 2103 34147 0 10 5 191 911 4485 12402 16741 23870 29157 3518 0.026 21092 3853 0 0 NIL NIL 0 0.008 0 0 90 0.047 0.993 0.002 0.082 10 1 0 0 65 0 1 2 0 NIL NIL 0.148 0.011 0.001 0 0 0 26280.643 9494.354 5871.752 2242.266 1381.608 0.408 0 26452.471 0.07 0.005 0.002 0.001 0.001 0 0 0 0.122 0 17 139 NIL NIL 292 0 2.424 0.372 65.468 203.868 1536.162 11438.026 6296.034 0 NIL 0 </measResults>
            </measValue>
            <measValue measObjLdn="PSYG3710HUNB001/ULoCell:NodeB Function Name=PSYG3710HUNB001, Local Cell ID=11153, Cell Name=NPORTU3">
                <measResults>1759755 16998 9679 5316 3477 1792 901 631 732 437 163 56 22 11 10 10 6 0 0 0 0 0 0 0 0 0 0 16099 95668 24582 5174 2719 70635 4949 2717 1 106 0 7195 0 0 0 0 0 0 0 0 2 2 0 0 0 0 0 0 0 947 510 28 1064 0 0 0 0 95 993 4237 12365 2777 1301 1271 0.006 1762 1100 0 0 NIL NIL 0 0.004 0 0 168 0.014 0.966 0.001 0.061 18 0 0 0 80 0 0 1 0 NIL NIL 0.01 0.001 0 0 0 0 0 0 0 0 0 0 0 2915.418 0.04 0.001 0.001 0 0 0 0 0 0.01 0 0 41 NIL NIL 758 0 0 0 0 10.044 244.356 1644.42 1215.42 0 NIL 0 </measResults>
            </measValue>
            <measValue measObjLdn="PSYG3710HUNB001/ULoCell:NodeB Function Name=PSYG3710HUNB001, Local Cell ID=11154, Cell Name=NPORTUA">
                <measResults>0 0 0 0 0 2 50 842 33797 131188 380883 856448 359506 33887 1431 588 969 390 15 0 0 0 0 0 0 0 506 0 70 10 9 1 60 0 0 0 0 NIL 0 10 10 10 0 0 0 0 0 0 0 10 10 10 0 0 0 0 0 0 0 0 0 0 0 0 0 0 0 0 0 0 0 0 0 0 0 0 NIL NIL 0 0 0 0 0 0 0.004 0 0 0 0 0 0 7 0 NIL 0 0 NIL NIL 0 0 0 0 0 0 1.506 1.506 1.506 0 0 0 0 1.506 0 0 0 0 0 0 0 0 0 NIL NIL NIL NIL NIL NIL 0 0 0 0 0 0 0 0 0 NIL 0 </measResults>
            </measValue>
            <measValue measObjLdn="PSYG3710HUNB001/ULoCell:NodeB Function Name=PSYG3710HUNB001, Local Cell ID=11155, Cell Name=NPORTUB">
                <measResults>1677525 35247 34813 24941 14213 7940 3088 992 661 478 98 0 0 0 0 0 0 0 0 0 0 0 0 0 0 0 0 685 27713 1057 659 907 26131 162 718 3 12 0 0 0 0 0 0 0 0 0 0 0 0 0 0 0 0 0 0 0 2 58 4 0 0 0 0 0 0 0 0 161 0 0 0 0 0 0 0 0 NIL NIL 0 0 0 0 24 0.001 0.266 0 0.006 1 0 0 0 47 0 0 0 0 NIL NIL 0.002 0 0 0 0 0 0 0 0 0 0 0 0 67.176 0.013 0 0 0 0 0 0 0 0.002 0 0 0 NIL NIL 984 0 0 0 0 0 0 0 2.898 0 NIL 0 </measResults>
            </measValue>
            <measValue measObjLdn="PSYG3710HUNB001/ULoCell:NodeB Function Name=PSYG3710HUNB001, Local Cell ID=11156, Cell Name=NPORTUC">
                <measResults>1772658 11611 5785 4297 3110 1351 618 282 230 51 4 0 0 0 0 0 0 0 0 0 0 0 0 0 0 0 0 30 68440 100 5 15 68340 5 15 1 10 0 0 0 0 0 0 0 0 0 0 0 0 0 0 0 0 0 0 0 0 0 0 0 0 0 0 0 0 0 0 25 0 0 0 0 0 0 0 0 NIL NIL 0 0 0 0 0 0 0.024 0 0.002 0 0 0 0 80 0 0 0 0 NIL NIL 0 0 0 0 0 0 0 0 0 0 0 0 0 0.09 0.037 0 0 0 0 0 0 0 0 0 0 0 NIL NIL 1000 0 0 0 0 0 0 0 0.09 0 NIL 0 </measResults>
            </measValue>
            <measValue measObjLdn="PSYG3710HUNB001/ULoCell:NodeB Function Name=PSYG3710HUNB001, Local Cell ID=11157, Cell Name=NPORTUJ">
                <measResults>1799950 45 2 0 0 0 0 0 0 0 0 0 0 0 0 0 0 0 0 0 0 0 0 0 0 0 0 1562 47015 6986 3269 756 40837 2226 425 0 27 0 2205 0 0 0 0 0 0 0 0 0 0 0 0 0 0 0 0 0 928 499 341 189 20 26 40 293 224 201 0 1743 514 847 270 0.002 447 101 0 0 NIL NIL 0 0 0 0 32 0.004 0.59 0 0.031 16 0 0 0 26 0 0 0 0 NIL NIL 0.015 0 0 0 0 0 0 0 0 0 0 0 0 1443.206 0.01 0.001 0 0 0 0 0 0 0.013 0 0 17 NIL NIL 689 12.816 11.928 9.456 95.268 120.024 100.592 0 304.664 0 NIL 0 </measResults>
            </measValue>
            <measValue measObjLdn="PSYG3710HUNB001/ULoCell:NodeB Function Name=PSYG3710HUNB001, Local Cell ID=11158, Cell Name=NPORTUK">
                <measResults>1701762 21902 13615 10059 10462 12856 12944 8332 6856 1075 131 4 0 0 0 0 0 0 0 0 0 0 0 0 0 0 0 31354 104946 31761 13948 10029 73177 13948 10029 2 84 0 1317 0 0 0 0 0 0 0 0 0 0 43 0 0 0 0 0 0 824 12181 0 518 0 0 0 1 132 74 56 12642 687 1121 0 0.008 711 0 0 0 NIL NIL 0 0 0 0 298 0.018 0.728 0.001 0.032 63 0 0 0 80 0 0 1 0 NIL NIL 0.018 0 0 0 0 0 218.478 0 0 0 0 0 0 968.024 0.039 0 0 0 0 0 0 0 0.017 0 0 0 NIL NIL 790 0 0 0 0.372 49.104 299.184 100.352 260.658 0 NIL 0 </measResults>
            </measValue>
        </measInfo>
        <measInfo measInfoId="50331653">
            <granPeriod duration="PT3600S" endTime="2021-08-17T23:00:00+08:00"/>
            <repPeriod duration="PT3600S"/>
            <measTypes>50331748 50331749 50331750 50331751 50331752 50331753 50361697 </measTypes>
            <measValue measObjLdn="PSYG3710HUNB001/ULoCell:NodeB Function Name=PSYG3710HUNB001, Local Cell ID=11151, Cell Name=NPORTU1">
                <measResults>0.01 0.004 0.01 0.004 0 0 0.074 </measResults>
            </measValue>
            <measValue measObjLdn="PSYG3710HUNB001/ULoCell:NodeB Function Name=PSYG3710HUNB001, Local Cell ID=11152, Cell Name=NPORTU2">
                <measResults>0.118 0.1 0.118 0.087 0 0 0.116 </measResults>
            </measValue>
            <measValue measObjLdn="PSYG3710HUNB001/ULoCell:NodeB Function Name=PSYG3710HUNB001, Local Cell ID=11153, Cell Name=NPORTU3">
                <measResults>0.004 0.001 0.004 0 0 0 0.107 </measResults>
            </measValue>
            <measValue measObjLdn="PSYG3710HUNB001/ULoCell:NodeB Function Name=PSYG3710HUNB001, Local Cell ID=11154, Cell Name=NPORTUA">
                <measResults>0 0 0 0 0 0 NIL </measResults>
            </measValue>
            <measValue measObjLdn="PSYG3710HUNB001/ULoCell:NodeB Function Name=PSYG3710HUNB001, Local Cell ID=11155, Cell Name=NPORTUB">
                <measResults>0 0 0 0 0 0 NIL </measResults>
            </measValue>
            <measValue measObjLdn="PSYG3710HUNB001/ULoCell:NodeB Function Name=PSYG3710HUNB001, Local Cell ID=11156, Cell Name=NPORTUC">
                <measResults>0 0 0 0 0 0 NIL </measResults>
            </measValue>
            <measValue measObjLdn="PSYG3710HUNB001/ULoCell:NodeB Function Name=PSYG3710HUNB001, Local Cell ID=11157, Cell Name=NPORTUJ">
                <measResults>0.004 0.004 0.004 0.003 0 0 0.055 </measResults>
            </measValue>
            <measValue measObjLdn="PSYG3710HUNB001/ULoCell:NodeB Function Name=PSYG3710HUNB001, Local Cell ID=11158, Cell Name=NPORTUK">
                <measResults>0.019 0.019 0.019 0.018 0 0 0.011 </measResults>
            </measValue>
        </measInfo>
        <measInfo measInfoId="50331658">
            <granPeriod duration="PT3600S" endTime="2021-08-17T23:00:00+08:00"/>
            <repPeriod duration="PT3600S"/>
            <measTypes>50332250 50332251 50332410 50332411 </measTypes>
            <measValue measObjLdn="PSYG3710HUNB001/ULoCell:NodeB Function Name=PSYG3710HUNB001, Local Cell ID=11151, Cell Name=NPORTU1">
                <measResults>0 0 0 0 </measResults>
            </measValue>
            <measValue measObjLdn="PSYG3710HUNB001/ULoCell:NodeB Function Name=PSYG3710HUNB001, Local Cell ID=11152, Cell Name=NPORTU2">
                <measResults>0 0 0 0 </measResults>
            </measValue>
            <measValue measObjLdn="PSYG3710HUNB001/ULoCell:NodeB Function Name=PSYG3710HUNB001, Local Cell ID=11153, Cell Name=NPORTU3">
                <measResults>0 0 0 0 </measResults>
            </measValue>
            <measValue measObjLdn="PSYG3710HUNB001/ULoCell:NodeB Function Name=PSYG3710HUNB001, Local Cell ID=11154, Cell Name=NPORTUA">
                <measResults>0 0 0 0 </measResults>
            </measValue>
            <measValue measObjLdn="PSYG3710HUNB001/ULoCell:NodeB Function Name=PSYG3710HUNB001, Local Cell ID=11155, Cell Name=NPORTUB">
                <measResults>0 0 0 0 </measResults>
            </measValue>
            <measValue measObjLdn="PSYG3710HUNB001/ULoCell:NodeB Function Name=PSYG3710HUNB001, Local Cell ID=11156, Cell Name=NPORTUC">
                <measResults>0 0 0 0 </measResults>
            </measValue>
            <measValue measObjLdn="PSYG3710HUNB001/ULoCell:NodeB Function Name=PSYG3710HUNB001, Local Cell ID=11157, Cell Name=NPORTUJ">
                <measResults>0 0 0 0 </measResults>
            </measValue>
            <measValue measObjLdn="PSYG3710HUNB001/ULoCell:NodeB Function Name=PSYG3710HUNB001, Local Cell ID=11158, Cell Name=NPORTUK">
                <measResults>0 0 0 0 </measResults>
            </measValue>
        </measInfo>
        <measInfo measInfoId="50331660">
            <granPeriod duration="PT3600S" endTime="2021-08-17T23:00:00+08:00"/>
            <repPeriod duration="PT3600S"/>
            <measTypes>50361670 50361671 50361672 50361673 </measTypes>
            <measValue measObjLdn="PSYG3710HUNB001/ULoCell:NodeB Function Name=PSYG3710HUNB001, Local Cell ID=11151, Cell Name=NPORTU1">
                <measResults>0 0 0 0 </measResults>
            </measValue>
            <measValue measObjLdn="PSYG3710HUNB001/ULoCell:NodeB Function Name=PSYG3710HUNB001, Local Cell ID=11152, Cell Name=NPORTU2">
                <measResults>0 0 0 0 </measResults>
            </measValue>
            <measValue measObjLdn="PSYG3710HUNB001/ULoCell:NodeB Function Name=PSYG3710HUNB001, Local Cell ID=11153, Cell Name=NPORTU3">
                <measResults>0 0 0 0 </measResults>
            </measValue>
            <measValue measObjLdn="PSYG3710HUNB001/ULoCell:NodeB Function Name=PSYG3710HUNB001, Local Cell ID=11154, Cell Name=NPORTUA">
                <measResults>0 0 0 0 </measResults>
            </measValue>
            <measValue measObjLdn="PSYG3710HUNB001/ULoCell:NodeB Function Name=PSYG3710HUNB001, Local Cell ID=11155, Cell Name=NPORTUB">
                <measResults>0 0 0 0 </measResults>
            </measValue>
            <measValue measObjLdn="PSYG3710HUNB001/ULoCell:NodeB Function Name=PSYG3710HUNB001, Local Cell ID=11156, Cell Name=NPORTUC">
                <measResults>0 0 0 0 </measResults>
            </measValue>
            <measValue measObjLdn="PSYG3710HUNB001/ULoCell:NodeB Function Name=PSYG3710HUNB001, Local Cell ID=11157, Cell Name=NPORTUJ">
                <measResults>0 0 0 0 </measResults>
            </measValue>
            <measValue measObjLdn="PSYG3710HUNB001/ULoCell:NodeB Function Name=PSYG3710HUNB001, Local Cell ID=11158, Cell Name=NPORTUK">
                <measResults>0 0 0 0 </measResults>
            </measValue>
        </measInfo>
        <measInfo measInfoId="50331661">
            <granPeriod duration="PT3600S" endTime="2021-08-17T23:00:00+08:00"/>
            <repPeriod duration="PT3600S"/>
            <measTypes>50332048 50332049 50332050 50332051 </measTypes>
            <measValue measObjLdn="PSYG3710HUNB001/ULoCell:NodeB Function Name=PSYG3710HUNB001, Local Cell ID=11151, Cell Name=NPORTU1">
                <measResults>1656 0 87244 0 </measResults>
            </measValue>
            <measValue measObjLdn="PSYG3710HUNB001/ULoCell:NodeB Function Name=PSYG3710HUNB001, Local Cell ID=11152, Cell Name=NPORTU2">
                <measResults>3388 0 87632 0 </measResults>
            </measValue>
            <measValue measObjLdn="PSYG3710HUNB001/ULoCell:NodeB Function Name=PSYG3710HUNB001, Local Cell ID=11153, Cell Name=NPORTU3">
                <measResults>1352 0 87312 0 </measResults>
            </measValue>
            <measValue measObjLdn="PSYG3710HUNB001/ULoCell:NodeB Function Name=PSYG3710HUNB001, Local Cell ID=11154, Cell Name=NPORTUA">
                <measResults>942 0 87424 0 </measResults>
            </measValue>
            <measValue measObjLdn="PSYG3710HUNB001/ULoCell:NodeB Function Name=PSYG3710HUNB001, Local Cell ID=11155, Cell Name=NPORTUB">
                <measResults>960 0 87344 0 </measResults>
            </measValue>
            <measValue measObjLdn="PSYG3710HUNB001/ULoCell:NodeB Function Name=PSYG3710HUNB001, Local Cell ID=11156, Cell Name=NPORTUC">
                <measResults>1022 0 87224 0 </measResults>
            </measValue>
            <measValue measObjLdn="PSYG3710HUNB001/ULoCell:NodeB Function Name=PSYG3710HUNB001, Local Cell ID=11157, Cell Name=NPORTUJ">
                <measResults>1017 0 87296 0 </measResults>
            </measValue>
            <measValue measObjLdn="PSYG3710HUNB001/ULoCell:NodeB Function Name=PSYG3710HUNB001, Local Cell ID=11158, Cell Name=NPORTUK">
                <measResults>1279 0 87245 0 </measResults>
            </measValue>
        </measInfo>
        <measInfo measInfoId="50331662">
            <granPeriod duration="PT3600S" endTime="2021-08-17T23:00:00+08:00"/>
            <repPeriod duration="PT3600S"/>
            <measTypes>50332052 50332053 50332054 50332070 50332505 </measTypes>
            <measValue measObjLdn="PSYG3710HUNB001/ULoCell:NodeB Function Name=PSYG3710HUNB001, Local Cell ID=11151, Cell Name=NPORTU1">
                <measResults>0 15 5605 0 0 </measResults>
            </measValue>
            <measValue measObjLdn="PSYG3710HUNB001/ULoCell:NodeB Function Name=PSYG3710HUNB001, Local Cell ID=11152, Cell Name=NPORTU2">
                <measResults>0 18 31602 0 0 </measResults>
            </measValue>
            <measValue measObjLdn="PSYG3710HUNB001/ULoCell:NodeB Function Name=PSYG3710HUNB001, Local Cell ID=11153, Cell Name=NPORTU3">
                <measResults>0 1 1930 0 0 </measResults>
            </measValue>
            <measValue measObjLdn="PSYG3710HUNB001/ULoCell:NodeB Function Name=PSYG3710HUNB001, Local Cell ID=11154, Cell Name=NPORTUA">
                <measResults>0 0 394 0 0 </measResults>
            </measValue>
            <measValue measObjLdn="PSYG3710HUNB001/ULoCell:NodeB Function Name=PSYG3710HUNB001, Local Cell ID=11155, Cell Name=NPORTUB">
                <measResults>0 26 28630 0 0 </measResults>
            </measValue>
            <measValue measObjLdn="PSYG3710HUNB001/ULoCell:NodeB Function Name=PSYG3710HUNB001, Local Cell ID=11156, Cell Name=NPORTUC">
                <measResults>0 4 9173 0 0 </measResults>
            </measValue>
            <measValue measObjLdn="PSYG3710HUNB001/ULoCell:NodeB Function Name=PSYG3710HUNB001, Local Cell ID=11157, Cell Name=NPORTUJ">
                <measResults>0 7 8924 0 0 </measResults>
            </measValue>
            <measValue measObjLdn="PSYG3710HUNB001/ULoCell:NodeB Function Name=PSYG3710HUNB001, Local Cell ID=11158, Cell Name=NPORTUK">
                <measResults>205 15 13794 0 0 </measResults>
            </measValue>
        </measInfo>
        <measInfo measInfoId="50331663">
            <granPeriod duration="PT3600S" endTime="2021-08-17T23:00:00+08:00"/>
            <repPeriod duration="PT3600S"/>
            <measTypes>50331917 50332061 50332064 50332065 50332069 50332071 50332072 50332073 50332074 50332079 50332258 50332388 50332389 50332504 50332626 50332632 50332639 50332640 50332641 50332645 50342048 50342049 50342050 50342051 50361705 50361706 50361725 50361726 50361735 50361740 50361743 50361744 50361747 50361749 50361751 50361753 50361755 50361757 50361759 50361761 50361763 50361765 50361767 50361769 50361771 50361773 50361775 50361777 50361779 50361781 50361783 50361785 50361787 50361789 50361791 50361793 50361795 </measTypes>
            <measValue measObjLdn="PSYG3710HUNB001/ULoCell:NodeB Function Name=PSYG3710HUNB001, Local Cell ID=11151, Cell Name=NPORTU1">
                <measResults>1000 0 72 0 0 0 0 0 0 0 0.051 0 0.004 0 0 0 3600 0 NIL 0 2 23.181 0 0 0 0 0 NIL NIL NIL NIL NIL NIL NIL NIL NIL NIL NIL NIL NIL NIL NIL NIL NIL NIL NIL NIL NIL NIL NIL NIL NIL NIL NIL NIL NIL NIL </measResults>
            </measValue>
            <measValue measObjLdn="PSYG3710HUNB001/ULoCell:NodeB Function Name=PSYG3710HUNB001, Local Cell ID=11152, Cell Name=NPORTU2">
                <measResults>1000 0 256 0 0 0 0 0 0 0 0.154 0 0.07 0 0 0 3600 0 NIL 0 5 24.803 0 0 0 0 0 NIL NIL NIL NIL NIL NIL NIL NIL NIL NIL NIL NIL NIL NIL NIL NIL NIL NIL NIL NIL NIL NIL NIL NIL NIL NIL NIL NIL NIL NIL </measResults>
            </measValue>
            <measValue measObjLdn="PSYG3710HUNB001/ULoCell:NodeB Function Name=PSYG3710HUNB001, Local Cell ID=11153, Cell Name=NPORTU3">
                <measResults>1000 0 120 0 0 0 0 0 0 0 0.008 0 0.017 0 0 0 3600 0 NIL 0 5 23.231 0 0 0 0 0 NIL NIL NIL NIL NIL NIL NIL NIL NIL NIL NIL NIL NIL NIL NIL NIL NIL NIL NIL NIL NIL NIL NIL NIL NIL NIL NIL NIL NIL NIL </measResults>
            </measValue>
            <measValue measObjLdn="PSYG3710HUNB001/ULoCell:NodeB Function Name=PSYG3710HUNB001, Local Cell ID=11154, Cell Name=NPORTUA">
                <measResults>1000 0 25 0 0 0 0 0 0 0 0.006 0 0 0 0 0 3600 0 NIL 0 0 23.016 0 0 0 0 0 NIL NIL NIL NIL NIL NIL NIL NIL NIL NIL NIL NIL NIL NIL NIL NIL NIL NIL NIL NIL NIL NIL NIL NIL NIL NIL NIL NIL NIL NIL </measResults>
            </measValue>
            <measValue measObjLdn="PSYG3710HUNB001/ULoCell:NodeB Function Name=PSYG3710HUNB001, Local Cell ID=11155, Cell Name=NPORTUB">
                <measResults>1000 0 249 0 0 0 0 0 0 0 0.019 0 0.003 0 0 0 3600 0 NIL 0 0 23.676 0 0 0 0 0 NIL NIL NIL NIL NIL NIL NIL NIL NIL NIL NIL NIL NIL NIL NIL NIL NIL NIL NIL NIL NIL NIL NIL NIL NIL NIL NIL NIL NIL NIL </measResults>
            </measValue>
            <measValue measObjLdn="PSYG3710HUNB001/ULoCell:NodeB Function Name=PSYG3710HUNB001, Local Cell ID=11156, Cell Name=NPORTUC">
                <measResults>1000 0 31 0 0 0 0 0 0 0 0.056 0 0.004 0 0 0 3600 0 NIL 0 1 23.31 0 0 0 0 0 NIL NIL NIL NIL NIL NIL NIL NIL NIL NIL NIL NIL NIL NIL NIL NIL NIL NIL NIL NIL NIL NIL NIL NIL NIL NIL NIL NIL NIL NIL </measResults>
            </measValue>
            <measValue measObjLdn="PSYG3710HUNB001/ULoCell:NodeB Function Name=PSYG3710HUNB001, Local Cell ID=11157, Cell Name=NPORTUJ">
                <measResults>1000 0 201 0 0 0 0 0 0 0 0.064 0 0.006 0 0 0 3600 0 NIL 0 0 23.327 0 0 0 0 0 NIL NIL NIL NIL NIL NIL NIL NIL NIL NIL NIL NIL NIL NIL NIL NIL NIL NIL NIL NIL NIL NIL NIL NIL NIL NIL NIL NIL NIL NIL </measResults>
            </measValue>
            <measValue measObjLdn="PSYG3710HUNB001/ULoCell:NodeB Function Name=PSYG3710HUNB001, Local Cell ID=11158, Cell Name=NPORTUK">
                <measResults>1000 0 35 0 0 0 0 0 0 0 0.132 0 0.021 0 0 0 3600 0 NIL 0 1 23.782 0 0 0 0 0 NIL NIL NIL NIL NIL NIL NIL NIL NIL NIL NIL NIL NIL NIL NIL NIL NIL NIL NIL NIL NIL NIL NIL NIL NIL NIL NIL NIL NIL NIL </measResults>
            </measValue>
        </measInfo>
        <measInfo measInfoId="50331665">
            <granPeriod duration="PT3600S" endTime="2021-08-17T23:00:00+08:00"/>
            <repPeriod duration="PT3600S"/>
            <measTypes>50331740 50331741 50331742 50331743 50331744 50331909 50331910 50331911 50331912 50331913 50332381 50332382 50332576 50332577 </measTypes>
            <measValue measObjLdn="PSYG3710HUNB001/ULoCell:NodeB Function Name=PSYG3710HUNB001, Local Cell ID=11151, Cell Name=NPORTU1">
                <measResults>0 0 0 0 0 0 0 0 0 0 0 0 0 0 </measResults>
            </measValue>
            <measValue measObjLdn="PSYG3710HUNB001/ULoCell:NodeB Function Name=PSYG3710HUNB001, Local Cell ID=11152, Cell Name=NPORTU2">
                <measResults>0 0 0 0 0 0 0 0 0 0 0 0 0 0 </measResults>
            </measValue>
            <measValue measObjLdn="PSYG3710HUNB001/ULoCell:NodeB Function Name=PSYG3710HUNB001, Local Cell ID=11153, Cell Name=NPORTU3">
                <measResults>0 0 0 0 0 0 0 0 0 0 0 0 0 0 </measResults>
            </measValue>
            <measValue measObjLdn="PSYG3710HUNB001/ULoCell:NodeB Function Name=PSYG3710HUNB001, Local Cell ID=11154, Cell Name=NPORTUA">
                <measResults>0 0 0 0 0 0 0 0 0 0 0 0 0 0 </measResults>
            </measValue>
            <measValue measObjLdn="PSYG3710HUNB001/ULoCell:NodeB Function Name=PSYG3710HUNB001, Local Cell ID=11155, Cell Name=NPORTUB">
                <measResults>0 0 0 0 0 0 0 0 0 0 0 0 0 0 </measResults>
            </measValue>
            <measValue measObjLdn="PSYG3710HUNB001/ULoCell:NodeB Function Name=PSYG3710HUNB001, Local Cell ID=11156, Cell Name=NPORTUC">
                <measResults>0 0 0 0 0 0 0 0 0 0 0 0 0 0 </measResults>
            </measValue>
            <measValue measObjLdn="PSYG3710HUNB001/ULoCell:NodeB Function Name=PSYG3710HUNB001, Local Cell ID=11157, Cell Name=NPORTUJ">
                <measResults>0 0 0 0 0 0 0 0 0 0 0 0 0 0 </measResults>
            </measValue>
            <measValue measObjLdn="PSYG3710HUNB001/ULoCell:NodeB Function Name=PSYG3710HUNB001, Local Cell ID=11158, Cell Name=NPORTUK">
                <measResults>0 0 0 0 0 0 0 0 0 0 0 0 0 0 </measResults>
            </measValue>
        </measInfo>
        <measInfo measInfoId="50331673">
            <granPeriod duration="PT3600S" endTime="2021-08-17T23:00:00+08:00"/>
            <repPeriod duration="PT3600S"/>
            <measTypes>50332055 50332056 50332057 50332058 50332059 50332060 50332278 50332279 50332280 50332281 50332282 50332283 50332284 50332285 50332286 50361648 50361649 50361650 50361651 </measTypes>
            <measValue measObjLdn="PSYG3710HUNB001/ULoCell:NodeB Function Name=PSYG3710HUNB001, Local Cell ID=11151, Cell Name=NPORTU1">
                <measResults>0 0 0 0 0 0 0 0 0 0 0 0 0 0 0 0 0 0 0 </measResults>
            </measValue>
            <measValue measObjLdn="PSYG3710HUNB001/ULoCell:NodeB Function Name=PSYG3710HUNB001, Local Cell ID=11152, Cell Name=NPORTU2">
                <measResults>0 0 0 0 0 0 3 2 0 0 2 0 0 0 2 0 0 0 0 </measResults>
            </measValue>
            <measValue measObjLdn="PSYG3710HUNB001/ULoCell:NodeB Function Name=PSYG3710HUNB001, Local Cell ID=11153, Cell Name=NPORTU3">
                <measResults>0 0 0 0 0 0 0 0 0 0 0 0 0 0 0 0 0 0 0 </measResults>
            </measValue>
            <measValue measObjLdn="PSYG3710HUNB001/ULoCell:NodeB Function Name=PSYG3710HUNB001, Local Cell ID=11154, Cell Name=NPORTUA">
                <measResults>0 0 0 0 0 0 0 0 0 0 0 0 0 0 0 0 0 0 0 </measResults>
            </measValue>
            <measValue measObjLdn="PSYG3710HUNB001/ULoCell:NodeB Function Name=PSYG3710HUNB001, Local Cell ID=11155, Cell Name=NPORTUB">
                <measResults>0 0 0 0 0 0 0 0 0 0 0 0 0 0 0 0 0 0 0 </measResults>
            </measValue>
            <measValue measObjLdn="PSYG3710HUNB001/ULoCell:NodeB Function Name=PSYG3710HUNB001, Local Cell ID=11156, Cell Name=NPORTUC">
                <measResults>0 0 0 0 0 0 0 0 0 0 0 0 0 0 0 0 0 0 0 </measResults>
            </measValue>
            <measValue measObjLdn="PSYG3710HUNB001/ULoCell:NodeB Function Name=PSYG3710HUNB001, Local Cell ID=11157, Cell Name=NPORTUJ">
                <measResults>0 0 0 0 0 0 0 0 0 0 0 0 0 0 0 0 0 0 0 </measResults>
            </measValue>
            <measValue measObjLdn="PSYG3710HUNB001/ULoCell:NodeB Function Name=PSYG3710HUNB001, Local Cell ID=11158, Cell Name=NPORTUK">
                <measResults>0 0 0 0 0 0 2 0 0 0 0 0 0 0 0 0 0 0 0 </measResults>
            </measValue>
        </measInfo>
        <measInfo measInfoId="50331674">
            <granPeriod duration="PT3600S" endTime="2021-08-17T23:00:00+08:00"/>
            <repPeriod duration="PT3600S"/>
            <measTypes>50332161 50332162 50332163 50332164 50332165 50341718 50341719 50341720 50341721 </measTypes>
            <measValue measObjLdn="PSYG3710HUNB001/ULoCell:NodeB Function Name=PSYG3710HUNB001, Local Cell ID=11151, Cell Name=NPORTU1">
                <measResults>0 0 0 0 0 0 0 0 0 </measResults>
            </measValue>
            <measValue measObjLdn="PSYG3710HUNB001/ULoCell:NodeB Function Name=PSYG3710HUNB001, Local Cell ID=11152, Cell Name=NPORTU2">
                <measResults>0 0 0 0 0 0 0 0 0 </measResults>
            </measValue>
            <measValue measObjLdn="PSYG3710HUNB001/ULoCell:NodeB Function Name=PSYG3710HUNB001, Local Cell ID=11153, Cell Name=NPORTU3">
                <measResults>0 0 0 0 0 0 0 0 0 </measResults>
            </measValue>
            <measValue measObjLdn="PSYG3710HUNB001/ULoCell:NodeB Function Name=PSYG3710HUNB001, Local Cell ID=11154, Cell Name=NPORTUA">
                <measResults>0 0 0 0 0 0 0 0 0 </measResults>
            </measValue>
            <measValue measObjLdn="PSYG3710HUNB001/ULoCell:NodeB Function Name=PSYG3710HUNB001, Local Cell ID=11155, Cell Name=NPORTUB">
                <measResults>0 0 0 0 0 0 0 0 0 </measResults>
            </measValue>
            <measValue measObjLdn="PSYG3710HUNB001/ULoCell:NodeB Function Name=PSYG3710HUNB001, Local Cell ID=11156, Cell Name=NPORTUC">
                <measResults>0 0 0 0 0 0 0 0 0 </measResults>
            </measValue>
            <measValue measObjLdn="PSYG3710HUNB001/ULoCell:NodeB Function Name=PSYG3710HUNB001, Local Cell ID=11157, Cell Name=NPORTUJ">
                <measResults>0 0 0 0 0 0 0 0 0 </measResults>
            </measValue>
            <measValue measObjLdn="PSYG3710HUNB001/ULoCell:NodeB Function Name=PSYG3710HUNB001, Local Cell ID=11158, Cell Name=NPORTUK">
                <measResults>0 0 0 0 0 0 0 0 0 </measResults>
            </measValue>
        </measInfo>
        <measInfo measInfoId="50331676">
            <granPeriod duration="PT3600S" endTime="2021-08-17T23:00:00+08:00"/>
            <repPeriod duration="PT3600S"/>
            <measTypes>50331747 50332175 50332176 50332177 50332178 50332179 50332180 50332181 50332182 50332183 50332184 50332185 50332186 50332187 50332188 50332189 50332190 50332192 50332193 50332194 50332195 50332196 50332197 50332198 50332199 50332200 50332201 50332202 50332203 50332204 50332205 50332206 50332207 50332208 50332209 50332210 50332211 50332212 50332213 50332214 50332219 50332232 50332233 50332234 50332235 50332236 50332237 50332238 50332245 50332246 50332648 50332649 50332650 50332651 50332652 50332653 50332654 50332655 50332656 50332657 50332658 50332670 50332848 50332849 50332850 50332853 50332854 50332855 50332856 50332865 50332866 50332867 50332868 50332869 50332870 50332871 50332872 50332873 50332874 50332875 50332876 50332877 50332878 50332879 50332880 50332881 50332882 50332883 50332884 50332885 50332886 50332887 50332888 50332889 50332890 50332891 50332892 50332894 50332895 50332896 50332897 50332898 50332899 50332900 50332901 50332902 50332903 50332904 50332905 50332906 50332907 50332908 50332909 50332910 50332943 50332944 50332945 50332946 50332947 50332948 50332949 50332950 50332951 50332952 50332953 50332954 50332955 50332956 50332957 50332958 50332959 50332960 50332961 50332962 50332963 50332964 50332965 50332966 50332967 50332968 50332969 50332970 50332971 50332972 50332973 50332974 50332985 50332986 50332987 50332990 50341723 50341741 50341742 50341743 50341748 50341749 50341750 50341751 50341752 50341753 50341754 50341755 50341756 50341757 50341758 50341759 </measTypes>
            <measValue measObjLdn="PSYG3710HUNB001/ULoCell:NodeB Function Name=PSYG3710HUNB001, Local Cell ID=11151, Cell Name=NPORTU1">
                <measResults>856152 1799604 272 33 20 9 7 3 6 2 3 2 1 2 4 32 0 0 864240 0 0 0 0 0 0 0 0 0 0 2 0 0 0 0 0 2 4 0 0 0 143440 775064 243 1133192 34 24 416 2662 5384 15 11 0 0 0 0 0 11 22 0 0 0 33 0 0 0 3 0 0 295 0 0 0 0 0 0 0 0 0 0 0 0 1040 0 808 334904 8 0 3 97 0 0 0 0 89176 161 126 0 0 0 0 0 0 0 0 0 0 0 0 0 0 0 0 0 0 0 0 0 0 0 0 0 0 0 0 0 0 0 0 0 0 NIL NIL NIL NIL NIL NIL NIL NIL NIL NIL NIL NIL NIL NIL NIL NIL 0 0 0 74 0.016 NIL 0 0 0.888 0 0 0 0 0 134.992 341.48 0 0 0 476.472 </measResults>
            </measValue>
            <measValue measObjLdn="PSYG3710HUNB001/ULoCell:NodeB Function Name=PSYG3710HUNB001, Local Cell ID=11152, Cell Name=NPORTU2">
                <measResults>144865272 1782371 7524 952 447 268 390 256 312 183 808 282 328 307 253 4956 363 0 144727688 3159 0 35 0 0 0 0 0 0 12 94 2 11 8 9 11 23 29 52 9 0 106671544 144486800 20245 177124912 853 2879 14151 28767 9822304 3463 3593 218 497 606 371 90 165 1129 2941 323 0 6122 0 0 0 700 0 0 7612 0 0 0 0 0 0 0 0 0 0 0 0 32232 2401584 2107560 12249088 3428 1615 1140 3544 0 0 0 0 240888 1082 397 0 0 0 0 0 0 0 0 0 0 0 0 0 0 0 0 0 0 0 0 0 0 0 0 0 0 0 0 0 0 0 0 0 0 NIL NIL NIL NIL NIL NIL NIL NIL NIL NIL NIL NIL NIL NIL NIL NIL 0 0 0 8510 0.2 NIL 0 0 378.2 340.384 1246.704 3270.84 2569.352 831.92 2028.736 19505.6 76768.211 9945.536 0 116166.898 </measResults>
            </measValue>
            <measValue measObjLdn="PSYG3710HUNB001/ULoCell:NodeB Function Name=PSYG3710HUNB001, Local Cell ID=11153, Cell Name=NPORTU3">
                <measResults>28212900 1797297 1356 199 29 22 55 59 34 10 37 28 15 9 16 420 414 0 28260592 2 0 76 0 0 0 0 0 0 0 18 0 0 0 0 1 1 2 2 2 0 24406696 28274537 2829 31722484 123 1910 3192 4975 0 0 111 0 1 1 0 1 7 5 438 369 0 822 0 0 0 18 0 0 1247 0 0 0 0 0 0 0 0 0 0 0 0 1112 2479 86154 1210192 18 523 189 387 0 0 0 0 57309 211 139 0 0 0 0 0 0 0 0 0 0 0 0 0 0 0 0 0 0 0 0 0 0 0 0 0 0 0 0 0 0 0 0 0 0 NIL NIL NIL NIL NIL NIL NIL NIL NIL NIL NIL NIL NIL NIL NIL NIL 0 0 0 1111 0.053 NIL 0 0 11.504 0 2.88 5.296 0 8.592 82.368 86.336 12785.232 11299.032 0 24269.736 </measResults>
            </measValue>
            <measValue measObjLdn="PSYG3710HUNB001/ULoCell:NodeB Function Name=PSYG3710HUNB001, Local Cell ID=11154, Cell Name=NPORTUA">
                <measResults>0 1800000 0 0 0 0 0 0 0 0 0 0 0 0 0 0 0 0 0 0 0 0 0 0 0 0 0 0 0 0 0 0 0 0 0 0 0 0 0 0 0 0 0 0 0 0 0 0 0 0 0 0 0 0 0 0 0 0 0 0 0 0 0 0 0 0 0 0 0 0 0 0 0 0 0 0 0 0 0 0 0 0 0 0 0 0 0 0 0 0 0 0 0 0 0 0 0 0 0 0 0 0 0 0 0 0 0 0 0 0 0 0 0 0 0 0 0 0 0 0 0 0 0 0 0 0 0 0 0 0 NIL NIL NIL NIL NIL NIL NIL NIL NIL NIL NIL NIL NIL NIL NIL NIL 0 0 0 0 0 NIL 0 0 0 0 0 0 0 0 0 0 0 0 0 0 </measResults>
            </measValue>
            <measValue measObjLdn="PSYG3710HUNB001/ULoCell:NodeB Function Name=PSYG3710HUNB001, Local Cell ID=11155, Cell Name=NPORTUB">
                <measResults>5281728 1798388 160 17 26 24 22 5 32 6 45 9 282 93 14 877 0 0 5156920 5 0 8 0 0 0 0 0 0 0 1 2 1 5 2 1 0 0 0 0 0 0 5156920 1648 9297376 595 0 0 0 5156920 1648 10 217 440 143 180 1 0 0 0 0 0 764 0 0 0 230 0 0 214 0 0 0 0 0 0 0 0 0 0 0 0 1398192 3758728 0 0 559 1089 0 0 0 0 0 0 0 0 0 0 0 0 0 0 0 0 0 0 0 0 0 0 0 0 0 0 0 0 0 0 0 0 0 0 0 0 0 0 0 0 0 0 0 NIL NIL NIL NIL NIL NIL NIL NIL NIL NIL NIL NIL NIL NIL NIL NIL 0 0 0 1325 0.007 NIL 0 0 6.336 405.744 1462.032 622.896 1135.536 8.136 0 0 0 0 0 3228.6 </measResults>
            </measValue>
            <measValue measObjLdn="PSYG3710HUNB001/ULoCell:NodeB Function Name=PSYG3710HUNB001, Local Cell ID=11156, Cell Name=NPORTUC">
                <measResults>95024 1799816 132 9 23 0 1 0 5 0 1 2 2 0 0 9 0 0 94576 176 0 0 0 0 0 0 0 0 0 1 0 0 1 2 0 0 0 0 0 0 0 94576 377 168496 1015 2 1 2 0 0 176 0 0 3 4 0 0 0 0 0 0 7 0 0 0 6 0 0 87 0 0 0 0 0 0 0 0 0 0 0 0 36680 57896 0 0 305 72 0 0 0 0 0 0 0 0 0 0 0 0 0 0 0 0 0 0 0 0 0 0 0 0 0 0 0 0 0 0 0 0 0 0 0 0 0 0 0 0 0 0 0 NIL NIL NIL NIL NIL NIL NIL NIL NIL NIL NIL NIL NIL NIL NIL NIL 0 0 0 16 0.014 NIL 0 0 0 0 0 14.368 27.76 0 0 0 0 0 0 42.128 </measResults>
            </measValue>
            <measValue measObjLdn="PSYG3710HUNB001/ULoCell:NodeB Function Name=PSYG3710HUNB001, Local Cell ID=11157, Cell Name=NPORTUJ">
                <measResults>2507248 1797101 454 136 629 314 294 252 140 18 158 15 124 36 1 328 0 0 1725224 191 0 0 0 0 0 0 0 0 0 11 1 2 0 1 1 0 1 0 0 0 11232 1719960 3180 6946688 1083 585 223 0 443048 623 1893 0 316 0 3 1 0 1 0 0 0 321 0 0 0 595 0 0 486 0 0 0 0 0 0 0 0 0 0 0 0 912832 508704 206256 97432 2865 527 150 46 0 0 0 0 5264 407 54 0 0 0 0 0 0 0 0 0 0 0 0 0 0 0 0 0 0 0 0 0 0 0 0 0 0 0 0 0 0 0 0 0 0 NIL NIL NIL NIL NIL NIL NIL NIL NIL NIL NIL NIL NIL NIL NIL NIL 0 0 0 2215 0.01 NIL 0 0 817.368 0 649.704 0 21.304 8.136 0 19.552 0 0 0 698.696 </measResults>
            </measValue>
            <measValue measObjLdn="PSYG3710HUNB001/ULoCell:NodeB Function Name=PSYG3710HUNB001, Local Cell ID=11158, Cell Name=NPORTUK">
                <measResults>221060 1799368 575 53 1 0 0 1 0 0 0 0 0 0 0 2 0 0 237224 0 0 0 0 0 0 0 0 0 0 4 0 0 0 0 0 0 0 0 1 0 41512 158848 404 350863 1154 10836 107 285 0 0 15 0 0 0 0 0 0 2 0 0 0 2 0 0 0 3 0 0 473 0 0 0 0 0 0 0 0 0 0 0 0 824 16028 135279 13864 4 90 401 30 0 0 0 0 85019 243 161 0 0 0 0 0 0 0 0 0 0 0 0 0 0 0 0 0 0 0 0 0 0 0 0 0 0 0 0 0 0 0 0 0 0 NIL NIL NIL NIL NIL NIL NIL NIL NIL NIL NIL NIL NIL NIL NIL NIL 0 0 0 28 0.053 NIL 0 0 0 0 0 0 0 0 0 37.896 0 0 0 37.896 </measResults>
            </measValue>
        </measInfo>
        <measInfo measInfoId="50331649">
            <granPeriod duration="PT3600S" endTime="2021-08-17T23:00:00+08:00"/>
            <repPeriod duration="PT3600S"/>
            <measTypes>50332578 50332579 50332580 50332581 50342578 50342579 50342580 50342581 </measTypes>
            <measValue measObjLdn="PSYG3710HUNB001/NodeBFunction:NodeB Function Name=PSYG3710HUNB001">
                <measResults>0.128 0.013 0.056 0.906 1 0.6 0.8 6.6 </measResults>
            </measValue>
        </measInfo>
        <measInfo measInfoId="50331654">
            <granPeriod duration="PT3600S" endTime="2021-08-17T23:00:00+08:00"/>
            <repPeriod duration="PT3600S"/>
            <measTypes>50332565 50332566 50332633 50332635 </measTypes>
            <measValue measObjLdn="PSYG3710HUNB001/NodeBFunction:NodeB Function Name=PSYG3710HUNB001">
                <measResults>2048 2048 0 0 </measResults>
            </measValue>
        </measInfo>
        <measInfo measInfoId="50331664">
            <granPeriod duration="PT3600S" endTime="2021-08-17T23:00:00+08:00"/>
            <repPeriod duration="PT3600S"/>
            <measTypes>50332572 50332585 50332587 50332588 50332589 50332590 50332617 50332618 50332625 </measTypes>
            <measValue measObjLdn="PSYG3710HUNB001/NodeBFunction:NodeB Function Name=PSYG3710HUNB001">
                <measResults>0 0 2 2 0 0 0 0 1 </measResults>
            </measValue>
        </measInfo>
        <measInfo measInfoId="50331666">
            <granPeriod duration="PT3600S" endTime="2021-08-17T23:00:00+08:00"/>
            <repPeriod duration="PT3600S"/>
            <measTypes>50332567 50332568 50332569 50332570 50332571 </measTypes>
            <measValue measObjLdn="PSYG3710HUNB001/NodeBFunction:NodeB Function Name=PSYG3710HUNB001">
                <measResults>0 0 0 0 0 </measResults>
            </measValue>
        </measInfo>
        <measInfo measInfoId="50331681">
            <granPeriod duration="PT3600S" endTime="2021-08-17T23:00:00+08:00"/>
            <repPeriod duration="PT3600S"/>
            <measTypes>50342640 50342641 50342642 50342643 50342644 50342645 50342646 50342647 </measTypes>
            <measValue measObjLdn="PSYG3710HUNB001/NodeBFunction:NodeB Function Name=PSYG3710HUNB001">
                <measResults>352847 977214 26466617 74463146 491649 58814 3520884 165473 </measResults>
            </measValue>
        </measInfo>
        <measInfo measInfoId="50331652">
            <granPeriod duration="PT3600S" endTime="2021-08-17T23:00:00+08:00"/>
            <repPeriod duration="PT3600S"/>
            <measTypes>50332555 50332556 50332557 50332558 50332559 50332560 50332561 50332562 50332563 50332564 50332593 50332594 50342555 50342556 50342561 50342562 50342563 50342564 50342567 50342568 50342569 50342570 50342571 50342572 50342618 50342619 50342621 50342622 50342624 50342625 50342627 50342628 </measTypes>
            <measValue measObjLdn="PSYG3710HUNB001/NodeBFunction:NodeB Function Name=PSYG3710HUNB001/MocID:2/CnOperator:-1">
                <measResults>0 0 0 0 3728 3376 1.892 1.214 0 0.581 0 0 0 0 10.5 5 0 9 0 0 0 0 0 0 0 0 0 0 0 0 0 0 </measResults>
            </measValue>
        </measInfo>
        <measInfo measInfoId="50331667">
            <granPeriod duration="PT3600S" endTime="2021-08-17T23:00:00+08:00"/>
            <repPeriod duration="PT3600S"/>
            <measTypes>50332591 50332592 50332595 50332596 50332597 </measTypes>
            <measValue measObjLdn="PSYG3710HUNB001/NodeBFunction:NodeB Function Name=PSYG3710HUNB001/MocID:2/CnOperator:-1">
                <measResults>0 0 0 0 0 </measResults>
            </measValue>
        </measInfo>
        <measInfo measInfoId="50331668">
            <granPeriod duration="PT3600S" endTime="2021-08-17T23:00:00+08:00"/>
            <repPeriod duration="PT3600S"/>
            <measTypes>50332348 50332349 </measTypes>
            <measValue measObjLdn="PSYG3710HUNB001/LOCELL_SECTOREQM:NodeB Function Name=PSYG3710HUNB001, Local Cell ID=11151, Sector Equipment ID=20">
                <measResults>0 0 </measResults>
            </measValue>
            <measValue measObjLdn="PSYG3710HUNB001/LOCELL_SECTOREQM:NodeB Function Name=PSYG3710HUNB001, Local Cell ID=11152, Sector Equipment ID=21">
                <measResults>0 0 </measResults>
            </measValue>
            <measValue measObjLdn="PSYG3710HUNB001/LOCELL_SECTOREQM:NodeB Function Name=PSYG3710HUNB001, Local Cell ID=11153, Sector Equipment ID=22">
                <measResults>0 0 </measResults>
            </measValue>
            <measValue measObjLdn="PSYG3710HUNB001/LOCELL_SECTOREQM:NodeB Function Name=PSYG3710HUNB001, Local Cell ID=11154, Sector Equipment ID=23">
                <measResults>0 0 </measResults>
            </measValue>
            <measValue measObjLdn="PSYG3710HUNB001/LOCELL_SECTOREQM:NodeB Function Name=PSYG3710HUNB001, Local Cell ID=11155, Sector Equipment ID=24">
                <measResults>0 0 </measResults>
            </measValue>
            <measValue measObjLdn="PSYG3710HUNB001/LOCELL_SECTOREQM:NodeB Function Name=PSYG3710HUNB001, Local Cell ID=11156, Sector Equipment ID=25">
                <measResults>0 0 </measResults>
            </measValue>
            <measValue measObjLdn="PSYG3710HUNB001/LOCELL_SECTOREQM:NodeB Function Name=PSYG3710HUNB001, Local Cell ID=11157, Sector Equipment ID=26">
                <measResults>0 0 </measResults>
            </measValue>
            <measValue measObjLdn="PSYG3710HUNB001/LOCELL_SECTOREQM:NodeB Function Name=PSYG3710HUNB001, Local Cell ID=11158, Sector Equipment ID=27">
                <measResults>0 0 </measResults>
            </measValue>
        </measInfo>
        <measInfo measInfoId="50331669">
            <granPeriod duration="PT3600S" endTime="2021-08-17T23:00:00+08:00"/>
            <repPeriod duration="PT3600S"/>
            <measTypes>50332350 50332351 50332352 50332353 </measTypes>
            <measValue measObjLdn="PSYG3710HUNB001/LOCELL_SECTOREQM:NodeB Function Name=PSYG3710HUNB001, Local Cell ID=11151, Sector Equipment ID=20">
                <measResults>529 0 525 525 </measResults>
            </measValue>
            <measValue measObjLdn="PSYG3710HUNB001/LOCELL_SECTOREQM:NodeB Function Name=PSYG3710HUNB001, Local Cell ID=11152, Sector Equipment ID=21">
                <measResults>2015 0 1871 1874 </measResults>
            </measValue>
            <measValue measObjLdn="PSYG3710HUNB001/LOCELL_SECTOREQM:NodeB Function Name=PSYG3710HUNB001, Local Cell ID=11153, Sector Equipment ID=22">
                <measResults>161 0 159 160 </measResults>
            </measValue>
            <measValue measObjLdn="PSYG3710HUNB001/LOCELL_SECTOREQM:NodeB Function Name=PSYG3710HUNB001, Local Cell ID=11154, Sector Equipment ID=23">
                <measResults>0 0 0 0 </measResults>
            </measValue>
            <measValue measObjLdn="PSYG3710HUNB001/LOCELL_SECTOREQM:NodeB Function Name=PSYG3710HUNB001, Local Cell ID=11155, Sector Equipment ID=24">
                <measResults>5 0 5 5 </measResults>
            </measValue>
            <measValue measObjLdn="PSYG3710HUNB001/LOCELL_SECTOREQM:NodeB Function Name=PSYG3710HUNB001, Local Cell ID=11156, Sector Equipment ID=25">
                <measResults>32 4 17 17 </measResults>
            </measValue>
            <measValue measObjLdn="PSYG3710HUNB001/LOCELL_SECTOREQM:NodeB Function Name=PSYG3710HUNB001, Local Cell ID=11157, Sector Equipment ID=26">
                <measResults>19 0 18 19 </measResults>
            </measValue>
            <measValue measObjLdn="PSYG3710HUNB001/LOCELL_SECTOREQM:NodeB Function Name=PSYG3710HUNB001, Local Cell ID=11158, Sector Equipment ID=27">
                <measResults>76 0 76 76 </measResults>
            </measValue>
        </measInfo>
        <measInfo measInfoId="50331670">
            <granPeriod duration="PT3600S" endTime="2021-08-17T23:00:00+08:00"/>
            <repPeriod duration="PT3600S"/>
            <measTypes>50332354 50332355 </measTypes>
            <measValue measObjLdn="PSYG3710HUNB001/LOCELL_SECTOREQM:NodeB Function Name=PSYG3710HUNB001, Local Cell ID=11151, Sector Equipment ID=20">
                <measResults>0 0 </measResults>
            </measValue>
            <measValue measObjLdn="PSYG3710HUNB001/LOCELL_SECTOREQM:NodeB Function Name=PSYG3710HUNB001, Local Cell ID=11152, Sector Equipment ID=21">
                <measResults>0 0 </measResults>
            </measValue>
            <measValue measObjLdn="PSYG3710HUNB001/LOCELL_SECTOREQM:NodeB Function Name=PSYG3710HUNB001, Local Cell ID=11153, Sector Equipment ID=22">
                <measResults>0 0 </measResults>
            </measValue>
            <measValue measObjLdn="PSYG3710HUNB001/LOCELL_SECTOREQM:NodeB Function Name=PSYG3710HUNB001, Local Cell ID=11154, Sector Equipment ID=23">
                <measResults>0 0 </measResults>
            </measValue>
            <measValue measObjLdn="PSYG3710HUNB001/LOCELL_SECTOREQM:NodeB Function Name=PSYG3710HUNB001, Local Cell ID=11155, Sector Equipment ID=24">
                <measResults>0 0 </measResults>
            </measValue>
            <measValue measObjLdn="PSYG3710HUNB001/LOCELL_SECTOREQM:NodeB Function Name=PSYG3710HUNB001, Local Cell ID=11156, Sector Equipment ID=25">
                <measResults>0 0 </measResults>
            </measValue>
            <measValue measObjLdn="PSYG3710HUNB001/LOCELL_SECTOREQM:NodeB Function Name=PSYG3710HUNB001, Local Cell ID=11157, Sector Equipment ID=26">
                <measResults>0 0 </measResults>
            </measValue>
            <measValue measObjLdn="PSYG3710HUNB001/LOCELL_SECTOREQM:NodeB Function Name=PSYG3710HUNB001, Local Cell ID=11158, Sector Equipment ID=27">
                <measResults>0 0 </measResults>
            </measValue>
        </measInfo>
        <measInfo measInfoId="50331672">
            <granPeriod duration="PT3600S" endTime="2021-08-17T23:00:00+08:00"/>
            <repPeriod duration="PT3600S"/>
            <measTypes>50342590 50342591 50342592 50342593 50342594 50342595 50342596 50342597 </measTypes>
            <measValue measObjLdn="PSYG3710HUNB001/LOCELL_SECTOREQM:NodeB Function Name=PSYG3710HUNB001, Local Cell ID=11151, Sector Equipment ID=20">
                <measResults>-94.717 NIL NIL NIL -95.8 NIL NIL NIL </measResults>
            </measValue>
            <measValue measObjLdn="PSYG3710HUNB001/LOCELL_SECTOREQM:NodeB Function Name=PSYG3710HUNB001, Local Cell ID=11152, Sector Equipment ID=21">
                <measResults>-87.419 NIL NIL NIL -89.2 NIL NIL NIL </measResults>
            </measValue>
            <measValue measObjLdn="PSYG3710HUNB001/LOCELL_SECTOREQM:NodeB Function Name=PSYG3710HUNB001, Local Cell ID=11153, Sector Equipment ID=22">
                <measResults>-96.168 NIL NIL NIL -97 NIL NIL NIL </measResults>
            </measValue>
            <measValue measObjLdn="PSYG3710HUNB001/LOCELL_SECTOREQM:NodeB Function Name=PSYG3710HUNB001, Local Cell ID=11154, Sector Equipment ID=23">
                <measResults>-84.622 NIL NIL NIL -87 NIL NIL NIL </measResults>
            </measValue>
            <measValue measObjLdn="PSYG3710HUNB001/LOCELL_SECTOREQM:NodeB Function Name=PSYG3710HUNB001, Local Cell ID=11155, Sector Equipment ID=24">
                <measResults>-95.476 NIL NIL NIL -96.9 NIL NIL NIL </measResults>
            </measValue>
            <measValue measObjLdn="PSYG3710HUNB001/LOCELL_SECTOREQM:NodeB Function Name=PSYG3710HUNB001, Local Cell ID=11156, Sector Equipment ID=25">
                <measResults>-95.433 NIL NIL NIL -99.3 NIL NIL NIL </measResults>
            </measValue>
            <measValue measObjLdn="PSYG3710HUNB001/LOCELL_SECTOREQM:NodeB Function Name=PSYG3710HUNB001, Local Cell ID=11157, Sector Equipment ID=26">
                <measResults>-104.812 NIL NIL NIL -105 NIL NIL NIL </measResults>
            </measValue>
            <measValue measObjLdn="PSYG3710HUNB001/LOCELL_SECTOREQM:NodeB Function Name=PSYG3710HUNB001, Local Cell ID=11158, Sector Equipment ID=27">
                <measResults>-93.813 NIL NIL NIL -95.6 NIL NIL NIL </measResults>
            </measValue>
        </measInfo>
        <measInfo measInfoId="50331682">
            <granPeriod duration="PT3600S" endTime="2021-08-17T23:00:00+08:00"/>
            <repPeriod duration="PT3600S"/>
            <measTypes>50332602 50332603 50332615 50332616 </measTypes>
            <measValue measObjLdn="PSYG3710HUNB001/LOCELL_SECTOREQM:NodeB Function Name=PSYG3710HUNB001, Local Cell ID=11151, Sector Equipment ID=20">
                <measResults>255 NIL NIL NIL </measResults>
            </measValue>
            <measValue measObjLdn="PSYG3710HUNB001/LOCELL_SECTOREQM:NodeB Function Name=PSYG3710HUNB001, Local Cell ID=11152, Sector Equipment ID=21">
                <measResults>229 NIL NIL NIL </measResults>
            </measValue>
            <measValue measObjLdn="PSYG3710HUNB001/LOCELL_SECTOREQM:NodeB Function Name=PSYG3710HUNB001, Local Cell ID=11153, Sector Equipment ID=22">
                <measResults>230 NIL NIL NIL </measResults>
            </measValue>
            <measValue measObjLdn="PSYG3710HUNB001/LOCELL_SECTOREQM:NodeB Function Name=PSYG3710HUNB001, Local Cell ID=11154, Sector Equipment ID=23">
                <measResults>294 NIL NIL NIL </measResults>
            </measValue>
            <measValue measObjLdn="PSYG3710HUNB001/LOCELL_SECTOREQM:NodeB Function Name=PSYG3710HUNB001, Local Cell ID=11155, Sector Equipment ID=24">
                <measResults>306 NIL NIL NIL </measResults>
            </measValue>
            <measValue measObjLdn="PSYG3710HUNB001/LOCELL_SECTOREQM:NodeB Function Name=PSYG3710HUNB001, Local Cell ID=11156, Sector Equipment ID=25">
                <measResults>342 NIL NIL NIL </measResults>
            </measValue>
            <measValue measObjLdn="PSYG3710HUNB001/LOCELL_SECTOREQM:NodeB Function Name=PSYG3710HUNB001, Local Cell ID=11157, Sector Equipment ID=26">
                <measResults>130 NIL NIL NIL </measResults>
            </measValue>
            <measValue measObjLdn="PSYG3710HUNB001/LOCELL_SECTOREQM:NodeB Function Name=PSYG3710HUNB001, Local Cell ID=11158, Sector Equipment ID=27">
                <measResults>330 NIL NIL NIL </measResults>
            </measValue>
        </measInfo>
    </measData>
    <fileFooter>
        <measCollec endTime="2021-08-17T23:00:00+08:00"/>
    </fileFooter>
</measCollecFile>
