<?xml version="1.0" encoding="UTF-8"?>
<measCollecFile xmlns="http://latest/nmc-omc/cmNrm.doc#measCollec" xmlns:xsi="http://www.w3.org/2001/XMLSchema-instance" xsi:schemaLocation="http://latest/nmc-omc/cmNrm.doc#measCollec schema\pmResultSchedule.xsd">
    <fileHeader fileFormatVersion="32.435 V7.2" vendorName="Huawei">
        <fileSender elementType="vUSN"/>
        <measCollec beginTime="2021-08-11T23:00:00+08:00"/>
    </fileHeader>
    <measData>
        <managedElement userLabel="sm1USN02"/>
        <measInfo measInfoId="117440528">
            <granPeriod duration="PT3600S" endTime="2021-08-12T00:00:00+08:00"/>
            <repPeriod duration="PT3600S"/>
            <measTypes>117452213 117452214 117452215 117452216 117452217 117452218 117452219 117452220 117452221 </measTypes>
            <measValue measObjLdn="sm1USN02/UsnFunction:nodeName=link, USN Function Configuration Name=LINK_VNFC">
                <measResults>0 0 540 276 2527 2714 300 345 275 </measResults>
            </measValue>
        </measInfo>
        <measInfo measInfoId="117440542">
            <granPeriod duration="PT3600S" endTime="2021-08-12T00:00:00+08:00"/>
            <repPeriod duration="PT3600S"/>
            <measTypes>117453613 117453614 117453615 117453616 117453617 117453618 117453619 117453620 117453621 117453622 117453623 117453624 117453625 117453626 117453627 117453628 117453629 117453630 117453631 117453632 117453633 117453634 117453635 117453636 117453637 117453638 117453639 117453640 117453641 117453642 117453643 117453644 117453645 117453646 117453647 117453648 117453649 117453650 117453651 117453652 117453653 117453654 117453655 117453656 117453657 117453658 117453659 117453660 117453661 117453662 117453663 127996546 </measTypes>
            <measValue measObjLdn="sm1USN02/UsnFunction:nodeName=link, USN Function Configuration Name=LINK_VNFC">
                <measResults>1098704 1058156 9 0 0 0 0 0 0 0 0 0 0 948914 405346 1065329 1047694 715 149790 109415 64615 62149 8865 926763 0 929682 925302 1720 0 11403 0 0 0 0 0 0 0 0 0 0 0 0 0 28140 85 0 0 0 43913 3308 358040 0 </measResults>
            </measValue>
        </measInfo>
        <measInfo measInfoId="117440614">
            <granPeriod duration="PT3600S" endTime="2021-08-12T00:00:00+08:00"/>
            <repPeriod duration="PT3600S"/>
            <measTypes>117460813 117460814 117460815 117460816 117460817 117460819 117460820 117460821 </measTypes>
            <measValue measObjLdn="sm1USN02/UsnFunction:nodeName=link, USN Function Configuration Name=LINK_VNFC">
                <measResults>0 0 0 0 0 1 0 0 </measResults>
            </measValue>
        </measInfo>
        <measInfo measInfoId="117440615">
            <granPeriod duration="PT3600S" endTime="2021-08-12T00:00:00+08:00"/>
            <repPeriod duration="PT3600S"/>
            <measTypes>117460913 117460914 117460916 117460917 </measTypes>
            <measValue measObjLdn="sm1USN02/UsnFunction:nodeName=link, USN Function Configuration Name=LINK_VNFC">
                <measResults>0 0 0 0 </measResults>
            </measValue>
        </measInfo>
        <measInfo measInfoId="117440616">
            <granPeriod duration="PT3600S" endTime="2021-08-12T00:00:00+08:00"/>
            <repPeriod duration="PT3600S"/>
            <measTypes>117461013 117461014 117461015 117461016 117461017 117461019 117461020 117461021 117461022 </measTypes>
            <measValue measObjLdn="sm1USN02/UsnFunction:nodeName=link, USN Function Configuration Name=LINK_VNFC">
                <measResults>0 2 17954259 1743082 1533225 8903831 7497427 952586 794127 </measResults>
            </measValue>
        </measInfo>
        <measInfo measInfoId="117440618">
            <granPeriod duration="PT3600S" endTime="2021-08-12T00:00:00+08:00"/>
            <repPeriod duration="PT3600S"/>
            <measTypes>117461213 117461214 117461215 117461216 117461217 117461218 117461219 117461220 117461221 117461222 </measTypes>
            <measValue measObjLdn="sm1USN02/UsnFunction:nodeName=link, USN Function Configuration Name=LINK_VNFC">
                <measResults>344532 421488 421447 322040 0 0 41 21948 0 0 </measResults>
            </measValue>
        </measInfo>
        <measInfo measInfoId="117440619">
            <granPeriod duration="PT3600S" endTime="2021-08-12T00:00:00+08:00"/>
            <repPeriod duration="PT3600S"/>
            <measTypes>117461313 117461314 117461315 117461316 117461317 117461318 117461319 117461320 117461321 117461322 </measTypes>
            <measValue measObjLdn="sm1USN02/UsnFunction:nodeName=link, USN Function Configuration Name=LINK_VNFC">
                <measResults>344532 421488 421447 322040 0 0 41 21953 0 0 </measResults>
            </measValue>
        </measInfo>
        <measInfo measInfoId="117440620">
            <granPeriod duration="PT3600S" endTime="2021-08-12T00:00:00+08:00"/>
            <repPeriod duration="PT3600S"/>
            <measTypes>117461418 117461419 117461420 117461421 117461422 117461423 117461424 117461425 117461426 117461427 </measTypes>
            <measValue measObjLdn="sm1USN02/UsnFunction:nodeName=link, USN Function Configuration Name=LINK_VNFC">
                <measResults>0 0 0 0 0 0 0 0 123 0 </measResults>
            </measValue>
        </measInfo>
        <measInfo measInfoId="117440621">
            <granPeriod duration="PT3600S" endTime="2021-08-12T00:00:00+08:00"/>
            <repPeriod duration="PT3600S"/>
            <measTypes>117461513 117461514 117461515 117461516 117461517 117461518 117461519 117461520 </measTypes>
            <measValue measObjLdn="sm1USN02/UsnFunction:nodeName=link, USN Function Configuration Name=LINK_VNFC">
                <measResults>0 0 0 0 0 0 0 5 </measResults>
            </measValue>
        </measInfo>
        <measInfo measInfoId="117496538">
            <granPeriod duration="PT3600S" endTime="2021-08-12T00:00:00+08:00"/>
            <repPeriod duration="PT3600S"/>
            <measTypes>117498413 117498414 117498415 117498416 117498417 117498418 117498419 117498420 117498421 117498422 117498423 117498424 117498425 117498426 117498427 </measTypes>
            <measValue measObjLdn="sm1USN02/UsnFunction:nodeName=link, USN Function Configuration Name=LINK_VNFC">
                <measResults>0 0 0 0 0 0 0 0 3 0 0 0 0 0 0 </measResults>
            </measValue>
        </measInfo>
        <measInfo measInfoId="1912209408">
            <granPeriod duration="PT3600S" endTime="2021-08-12T00:00:00+08:00"/>
            <repPeriod duration="PT3600S"/>
            <measTypes>1912209408 1912209409 1912209410 1912209411 1912209412 1912209413 1912209414 1912209415 1912209416 1912209417 1912209418 1912209419 1912209420 1912209421 1912209422 1912209423 1912209424 1912209425 1912209426 1912209427 1912209428 1912209429 1912209430 1912209431 1912209432 1912209433 1912209434 1912209435 1912209436 1912209437 1912209438 1912209439 1912209440 1912209441 1912209442 1912209443 </measTypes>
            <measValue measObjLdn="sm1USN02/UsnFunction:nodeName=link, USN Function Configuration Name=LINK_VNFC">
                <measResults>29660 29937 369 390 0 0 29660 29937 0 0 0 0 0 0 59597 40 760 0 0 23 0 440 29 29 0 0 59 74 5256 4986 66 67 4 4 0 0 </measResults>
            </measValue>
        </measInfo>
        <measInfo measInfoId="1912209409">
            <granPeriod duration="PT3600S" endTime="2021-08-12T00:00:00+08:00"/>
            <repPeriod duration="PT3600S"/>
            <measTypes>1912209444 1912209445 1912209446 1912209447 1912209448 1912209449 1912209450 1912209451 </measTypes>
            <measValue measObjLdn="sm1USN02/UsnFunction:nodeName=link, USN Function Configuration Name=LINK_VNFC">
                <measResults>4936 4928 1010 4 4 12972 12455 459 </measResults>
            </measValue>
        </measInfo>
        <measInfo measInfoId="1912209413">
            <granPeriod duration="PT3600S" endTime="2021-08-12T00:00:00+08:00"/>
            <repPeriod duration="PT3600S"/>
            <measTypes>1912209473 </measTypes>
            <measValue measObjLdn="sm1USN02/UsnFunction:nodeName=link, USN Function Configuration Name=LINK_VNFC">
                <measResults>0 </measResults>
            </measValue>
        </measInfo>
        <measInfo measInfoId="1912209416">
            <granPeriod duration="PT3600S" endTime="2021-08-12T00:00:00+08:00"/>
            <repPeriod duration="PT3600S"/>
            <measTypes>117490652 117490663 1912209484 1912209485 1912209486 1912209487 1912209488 1912209489 1912209490 1912209491 1912209492 1912209493 1912209494 1912209495 1912209496 1912209497 1912209498 1912209499 1912209500 1912209501 1912209502 1912209503 1912209504 1912209505 1912209506 1912209507 1912209508 1912209509 1912209510 1912209511 1912209512 1912209513 1912209514 1912209515 1912209516 1912209517 1912209518 1912209519 1912209520 1912209521 1912209522 1912209523 1912209524 1912209525 1912209526 1912209527 1912209528 1912209529 1912209530 1912209531 1912209532 1912209533 1912209534 1912209535 1912209536 1912209537 1912209538 1912209539 1912209540 1912209541 1912209542 1912209543 1912209544 1912209545 1912209546 1912209547 1912209548 1912209549 1912209550 1912209551 1912209552 1912209553 1912209554 1912209555 1912209556 1912209557 1912209558 1912209559 1912209560 1912209561 1912209562 1912209563 1912209564 1912209565 1912209566 1912209567 1912209568 1912209569 1912209570 1912209571 1912209572 1912209573 1912209574 1912209575 1912209576 1912209577 1912209578 1912209579 1912209580 1912209581 1912209582 1912209583 1912209584 1912209585 1912209586 1912209587 1912209588 1912209589 1912209590 1912209591 1912209592 1912209593 1912209781 1912209782 1912209783 1912209784 1912209785 1912209786 1912209787 1912209788 1912209789 1912209790 </measTypes>
            <measValue measObjLdn="sm1USN02/UsnFunction:nodeName=link, USN Function Configuration Name=LINK_VNFC">
                <measResults>15 3344 174 127 0 0 11542235 11515560 9291 9025 47044 46742 160 59602281 101087043 2899963 7720109 8660366 2228886 0 0 0 9988 7737500 2887841 166695326 166401849 102631024 64777375 1263136 11152919 718 0 1223 0 135244 28834 34695 343 62610 0 0 0 0 160 0 0 0 0 0 0 0 0 0 0 0 0 0 0 145 12809495 12780420 512 407 33 0 4 40 2 0 0 3 23 9291 9025 209 0 0 0 2 5 0 0 188 0 14 35646 12 199 1 0 0 176 0 0 0 0 0 0 0 0 0 0 0 0 0 0 0 0 0 0 0 0 0 0 0 0 31504 31474 72.989 99.769 10620072 </measResults>
            </measValue>
        </measInfo>
        <measInfo measInfoId="1912209417">
            <granPeriod duration="PT3600S" endTime="2021-08-12T00:00:00+08:00"/>
            <repPeriod duration="PT3600S"/>
            <measTypes>1912209594 1912209595 1912209596 1912209597 1912209598 1912209599 1912209600 1912209601 1912209602 1912209603 1912209604 1912209605 1912209606 1912209607 1912209608 1912209609 1912209610 1912209612 1912209613 1912209755 1912209756 1912209757 1912209758 1912209759 1912209760 1912209761 1912209762 1912209763 1912209764 1912209765 1912209766 </measTypes>
            <measValue measObjLdn="sm1USN02/UsnFunction:nodeName=link, USN Function Configuration Name=LINK_VNFC">
                <measResults>408591 395857 211466 209936 0 0 206002 206001 8403 8401 1111 1106 55589 55347 891160 890878 284 1 1 8403 8401 8403 8401 8403 8401 8403 8401 8403 8401 0 0 </measResults>
            </measValue>
        </measInfo>
        <measInfo measInfoId="1912209418">
            <granPeriod duration="PT3600S" endTime="2021-08-12T00:00:00+08:00"/>
            <repPeriod duration="PT3600S"/>
            <measTypes>1912209614 1912209615 1912209616 1912209617 1912209618 1912209619 1912209620 1912209621 </measTypes>
            <measValue measObjLdn="sm1USN02/UsnFunction:nodeName=link, USN Function Configuration Name=LINK_VNFC">
                <measResults>5592980 0 30948386 27946263 64492447 0 0 0 </measResults>
            </measValue>
        </measInfo>
        <measInfo measInfoId="1912209422">
            <granPeriod duration="PT3600S" endTime="2021-08-12T00:00:00+08:00"/>
            <repPeriod duration="PT3600S"/>
            <measTypes>1912209630 1912209631 1912209632 1912209633 1912209634 1912209635 1912209636 1912209637 1912209638 1912209639 1912209640 1912209643 1912209644 1912209645 1912209646 1912209647 1912209648 1912209649 1912209650 1912209651 1912209652 1912209653 1912209654 1912209655 1912209657 1912209658 1912209659 1912209664 1912209665 </measTypes>
            <measValue measObjLdn="sm1USN02/UsnFunction:nodeName=link, USN Function Configuration Name=LINK_VNFC">
                <measResults>990028 989932 67 8827 8826 47963 10416 58381 98994 13519 100941 2541 2537 4 290 0 0 0 0 641928 634536 398985 406745 848578 99.99 89170 11771 0 16 </measResults>
            </measValue>
        </measInfo>
        <measInfo measInfoId="1912209425">
            <granPeriod duration="PT3600S" endTime="2021-08-12T00:00:00+08:00"/>
            <repPeriod duration="PT3600S"/>
            <measTypes>1912209704 </measTypes>
            <measValue measObjLdn="sm1USN02/UsnFunction:nodeName=link, USN Function Configuration Name=LINK_VNFC">
                <measResults>0 </measResults>
            </measValue>
        </measInfo>
        <measInfo measInfoId="1912209427">
            <granPeriod duration="PT3600S" endTime="2021-08-12T00:00:00+08:00"/>
            <repPeriod duration="PT3600S"/>
            <measTypes>1912209717 1912209718 1912209719 1912209720 1912209721 1912209722 1912209723 1912209724 </measTypes>
            <measValue measObjLdn="sm1USN02/UsnFunction:nodeName=link, USN Function Configuration Name=LINK_VNFC">
                <measResults>0 0 0 0 0 0 0 0 </measResults>
            </measValue>
        </measInfo>
        <measInfo measInfoId="1912209428">
            <granPeriod duration="PT3600S" endTime="2021-08-12T00:00:00+08:00"/>
            <repPeriod duration="PT3600S"/>
            <measTypes>1912209725 1912209726 </measTypes>
            <measValue measObjLdn="sm1USN02/UsnFunction:nodeName=link, USN Function Configuration Name=LINK_VNFC">
                <measResults>351651427 221831893 </measResults>
            </measValue>
        </measInfo>
        <measInfo measInfoId="1912209429">
            <granPeriod duration="PT3600S" endTime="2021-08-12T00:00:00+08:00"/>
            <repPeriod duration="PT3600S"/>
            <measTypes>1912209727 1912209728 1912209729 </measTypes>
            <measValue measObjLdn="sm1USN02/UsnFunction:nodeName=link, USN Function Configuration Name=LINK_VNFC">
                <measResults>409093 409099 599 </measResults>
            </measValue>
        </measInfo>
        <measInfo measInfoId="1912209430">
            <granPeriod duration="PT3600S" endTime="2021-08-12T00:00:00+08:00"/>
            <repPeriod duration="PT3600S"/>
            <measTypes>1912209730 </measTypes>
            <measValue measObjLdn="sm1USN02/UsnFunction:nodeName=link, USN Function Configuration Name=LINK_VNFC">
                <measResults>0 </measResults>
            </measValue>
        </measInfo>
        <measInfo measInfoId="1912209431">
            <granPeriod duration="PT3600S" endTime="2021-08-12T00:00:00+08:00"/>
            <repPeriod duration="PT3600S"/>
            <measTypes>1912209731 </measTypes>
            <measValue measObjLdn="sm1USN02/UsnFunction:nodeName=link, USN Function Configuration Name=LINK_VNFC">
                <measResults>0 </measResults>
            </measValue>
        </measInfo>
        <measInfo measInfoId="1912209435">
            <granPeriod duration="PT3600S" endTime="2021-08-12T00:00:00+08:00"/>
            <repPeriod duration="PT3600S"/>
            <measTypes>1912209823 1912209824 1912209825 1912209826 1912209827 </measTypes>
            <measValue measObjLdn="sm1USN02/UsnFunction:nodeName=link, USN Function Configuration Name=LINK_VNFC">
                <measResults>0 0 0 0 0 </measResults>
            </measValue>
        </measInfo>
        <measInfo measInfoId="117440656">
            <granPeriod duration="PT3600S" endTime="2021-08-12T00:00:00+08:00"/>
            <repPeriod duration="PT3600S"/>
            <measTypes>117465013 117465014 117465015 117465016 117465017 117465018 117465019 117465020 117465021 </measTypes>
            <measValue measObjLdn="sm1USN02/M3UA link:nodeName=link, Link No.=0">
                <measResults>0 0 3600 0 0 0 0 0 0 </measResults>
            </measValue>
            <measValue measObjLdn="sm1USN02/M3UA link:nodeName=link, Link No.=1">
                <measResults>0 0 0 0 0 0 0 8992 1186 </measResults>
            </measValue>
            <measValue measObjLdn="sm1USN02/M3UA link:nodeName=link, Link No.=10">
                <measResults>0 0 0 0 0 95910 10081 87506 14641 </measResults>
            </measValue>
            <measValue measObjLdn="sm1USN02/M3UA link:nodeName=link, Link No.=100">
                <measResults>0 0 0 0 0 141921 8807 124735 7844 </measResults>
            </measValue>
            <measValue measObjLdn="sm1USN02/M3UA link:nodeName=link, Link No.=103">
                <measResults>0 0 0 0 0 101576 6337 80388 5215 </measResults>
            </measValue>
            <measValue measObjLdn="sm1USN02/M3UA link:nodeName=link, Link No.=104">
                <measResults>0 0 0 0 0 100147 6270 79823 5176 </measResults>
            </measValue>
            <measValue measObjLdn="sm1USN02/M3UA link:nodeName=link, Link No.=107">
                <measResults>0 0 0 0 0 139570 9918 114780 7478 </measResults>
            </measValue>
            <measValue measObjLdn="sm1USN02/M3UA link:nodeName=link, Link No.=108">
                <measResults>0 0 0 0 0 139731 9935 115732 7553 </measResults>
            </measValue>
            <measValue measObjLdn="sm1USN02/M3UA link:nodeName=link, Link No.=109">
                <measResults>0 0 0 0 0 100778 6917 83510 5615 </measResults>
            </measValue>
            <measValue measObjLdn="sm1USN02/M3UA link:nodeName=link, Link No.=11">
                <measResults>0 0 0 0 0 95724 10069 87424 14652 </measResults>
            </measValue>
            <measValue measObjLdn="sm1USN02/M3UA link:nodeName=link, Link No.=110">
                <measResults>0 0 0 0 0 99946 6838 82571 5564 </measResults>
            </measValue>
            <measValue measObjLdn="sm1USN02/M3UA link:nodeName=link, Link No.=111">
                <measResults>0 0 0 0 0 109323 7176 91166 6146 </measResults>
            </measValue>
            <measValue measObjLdn="sm1USN02/M3UA link:nodeName=link, Link No.=112">
                <measResults>0 0 0 0 0 109421 7175 91108 6133 </measResults>
            </measValue>
            <measValue measObjLdn="sm1USN02/M3UA link:nodeName=link, Link No.=113">
                <measResults>0 0 0 0 0 97868 6245 80226 5268 </measResults>
            </measValue>
            <measValue measObjLdn="sm1USN02/M3UA link:nodeName=link, Link No.=114">
                <measResults>0 0 0 0 0 97503 6223 80099 5277 </measResults>
            </measValue>
            <measValue measObjLdn="sm1USN02/M3UA link:nodeName=link, Link No.=115">
                <measResults>0 0 0 0 0 127071 9881 94054 6130 </measResults>
            </measValue>
            <measValue measObjLdn="sm1USN02/M3UA link:nodeName=link, Link No.=116">
                <measResults>0 0 0 0 0 126103 9853 94797 6196 </measResults>
            </measValue>
            <measValue measObjLdn="sm1USN02/M3UA link:nodeName=link, Link No.=117">
                <measResults>0 0 0 0 0 112086 7218 95322 6359 </measResults>
            </measValue>
            <measValue measObjLdn="sm1USN02/M3UA link:nodeName=link, Link No.=118">
                <measResults>0 0 0 0 0 111903 7193 95797 6396 </measResults>
            </measValue>
            <measValue measObjLdn="sm1USN02/M3UA link:nodeName=link, Link No.=119">
                <measResults>0 0 0 0 0 102351 6661 90167 6000 </measResults>
            </measValue>
            <measValue measObjLdn="sm1USN02/M3UA link:nodeName=link, Link No.=12">
                <measResults>0 0 0 0 0 95909 10090 86490 14481 </measResults>
            </measValue>
            <measValue measObjLdn="sm1USN02/M3UA link:nodeName=link, Link No.=120">
                <measResults>0 0 0 0 0 103099 6667 90747 6035 </measResults>
            </measValue>
            <measValue measObjLdn="sm1USN02/M3UA link:nodeName=link, Link No.=125">
                <measResults>0 0 0 0 0 70087 4267 54224 3590 </measResults>
            </measValue>
            <measValue measObjLdn="sm1USN02/M3UA link:nodeName=link, Link No.=126">
                <measResults>0 0 0 0 0 68890 4203 55058 3654 </measResults>
            </measValue>
            <measValue measObjLdn="sm1USN02/M3UA link:nodeName=link, Link No.=13">
                <measResults>0 0 0 0 0 95876 10096 86084 14422 </measResults>
            </measValue>
            <measValue measObjLdn="sm1USN02/M3UA link:nodeName=link, Link No.=131">
                <measResults>0 0 0 0 0 99930 6018 81057 5331 </measResults>
            </measValue>
            <measValue measObjLdn="sm1USN02/M3UA link:nodeName=link, Link No.=132">
                <measResults>0 0 0 0 0 100597 6065 81344 5355 </measResults>
            </measValue>
            <measValue measObjLdn="sm1USN02/M3UA link:nodeName=link, Link No.=133">
                <measResults>0 0 0 0 0 109177 7495 85894 5669 </measResults>
            </measValue>
            <measValue measObjLdn="sm1USN02/M3UA link:nodeName=link, Link No.=134">
                <measResults>0 0 0 0 0 109734 7555 86642 5702 </measResults>
            </measValue>
            <measValue measObjLdn="sm1USN02/M3UA link:nodeName=link, Link No.=135">
                <measResults>0 0 0 0 0 105629 6515 86307 5775 </measResults>
            </measValue>
            <measValue measObjLdn="sm1USN02/M3UA link:nodeName=link, Link No.=136">
                <measResults>0 0 0 0 0 105607 6506 86049 5757 </measResults>
            </measValue>
            <measValue measObjLdn="sm1USN02/M3UA link:nodeName=link, Link No.=137">
                <measResults>0 0 0 0 0 56519 3382 43738 2917 </measResults>
            </measValue>
            <measValue measObjLdn="sm1USN02/M3UA link:nodeName=link, Link No.=138">
                <measResults>0 0 0 0 0 56088 3346 43745 2929 </measResults>
            </measValue>
            <measValue measObjLdn="sm1USN02/M3UA link:nodeName=link, Link No.=139">
                <measResults>0 0 0 0 0 34181 2160 28428 1900 </measResults>
            </measValue>
            <measValue measObjLdn="sm1USN02/M3UA link:nodeName=link, Link No.=14">
                <measResults>0 0 0 0 0 95565 10034 87521 14651 </measResults>
            </measValue>
            <measValue measObjLdn="sm1USN02/M3UA link:nodeName=link, Link No.=140">
                <measResults>0 0 0 0 0 34240 2169 28717 1917 </measResults>
            </measValue>
            <measValue measObjLdn="sm1USN02/M3UA link:nodeName=link, Link No.=143">
                <measResults>0 0 0 0 0 41660 2670 34812 2381 </measResults>
            </measValue>
            <measValue measObjLdn="sm1USN02/M3UA link:nodeName=link, Link No.=144">
                <measResults>0 0 0 0 0 41450 2670 34745 2366 </measResults>
            </measValue>
            <measValue measObjLdn="sm1USN02/M3UA link:nodeName=link, Link No.=145">
                <measResults>0 0 0 0 0 61231 3907 52552 3538 </measResults>
            </measValue>
            <measValue measObjLdn="sm1USN02/M3UA link:nodeName=link, Link No.=146">
                <measResults>0 0 0 0 0 62606 3964 52098 3501 </measResults>
            </measValue>
            <measValue measObjLdn="sm1USN02/M3UA link:nodeName=link, Link No.=15">
                <measResults>0 0 0 0 0 95720 10074 87265 14644 </measResults>
            </measValue>
            <measValue measObjLdn="sm1USN02/M3UA link:nodeName=link, Link No.=159">
                <measResults>0 0 0 0 0 49356 3018 40234 2692 </measResults>
            </measValue>
            <measValue measObjLdn="sm1USN02/M3UA link:nodeName=link, Link No.=16">
                <measResults>0 0 0 0 0 95918 10091 84831 14196 </measResults>
            </measValue>
            <measValue measObjLdn="sm1USN02/M3UA link:nodeName=link, Link No.=160">
                <measResults>0 0 0 0 0 49361 3011 40064 2679 </measResults>
            </measValue>
            <measValue measObjLdn="sm1USN02/M3UA link:nodeName=link, Link No.=2">
                <measResults>0 0 0 0 0 0 0 9041 1189 </measResults>
            </measValue>
            <measValue measObjLdn="sm1USN02/M3UA link:nodeName=link, Link No.=20">
                <measResults>0 0 0 0 0 33689 2027 26731 1934 </measResults>
            </measValue>
            <measValue measObjLdn="sm1USN02/M3UA link:nodeName=link, Link No.=21">
                <measResults>0 0 0 0 0 33161 1996 26836 1941 </measResults>
            </measValue>
            <measValue measObjLdn="sm1USN02/M3UA link:nodeName=link, Link No.=24">
                <measResults>0 0 0 0 0 36475 2135 28625 1987 </measResults>
            </measValue>
            <measValue measObjLdn="sm1USN02/M3UA link:nodeName=link, Link No.=25">
                <measResults>0 0 0 0 0 36340 2130 28442 1985 </measResults>
            </measValue>
            <measValue measObjLdn="sm1USN02/M3UA link:nodeName=link, Link No.=26">
                <measResults>0 0 0 0 0 105118 6207 83832 5880 </measResults>
            </measValue>
            <measValue measObjLdn="sm1USN02/M3UA link:nodeName=link, Link No.=27">
                <measResults>0 0 0 0 0 105081 6211 83862 5889 </measResults>
            </measValue>
            <measValue measObjLdn="sm1USN02/M3UA link:nodeName=link, Link No.=28">
                <measResults>0 0 0 0 0 40114 2356 31676 2205 </measResults>
            </measValue>
            <measValue measObjLdn="sm1USN02/M3UA link:nodeName=link, Link No.=29">
                <measResults>0 0 0 0 0 41635 2421 32204 2233 </measResults>
            </measValue>
            <measValue measObjLdn="sm1USN02/M3UA link:nodeName=link, Link No.=3">
                <measResults>0 0 0 0 0 0 0 8893 1163 </measResults>
            </measValue>
            <measValue measObjLdn="sm1USN02/M3UA link:nodeName=link, Link No.=30">
                <measResults>0 0 0 0 0 41151 2406 31927 2208 </measResults>
            </measValue>
            <measValue measObjLdn="sm1USN02/M3UA link:nodeName=link, Link No.=31">
                <measResults>0 0 0 0 0 40379 2366 32502 2261 </measResults>
            </measValue>
            <measValue measObjLdn="sm1USN02/M3UA link:nodeName=link, Link No.=32">
                <measResults>0 0 0 0 0 19175 1112 14795 1047 </measResults>
            </measValue>
            <measValue measObjLdn="sm1USN02/M3UA link:nodeName=link, Link No.=33">
                <measResults>0 0 0 0 0 18759 1102 14566 1035 </measResults>
            </measValue>
            <measValue measObjLdn="sm1USN02/M3UA link:nodeName=link, Link No.=34">
                <measResults>0 0 0 0 0 18897 1106 14600 1035 </measResults>
            </measValue>
            <measValue measObjLdn="sm1USN02/M3UA link:nodeName=link, Link No.=35">
                <measResults>0 0 0 0 0 18828 1106 14915 1050 </measResults>
            </measValue>
            <measValue measObjLdn="sm1USN02/M3UA link:nodeName=link, Link No.=36">
                <measResults>0 0 0 0 0 11438 685 9087 673 </measResults>
            </measValue>
            <measValue measObjLdn="sm1USN02/M3UA link:nodeName=link, Link No.=37">
                <measResults>0 0 0 0 0 11249 669 9054 670 </measResults>
            </measValue>
            <measValue measObjLdn="sm1USN02/M3UA link:nodeName=link, Link No.=38">
                <measResults>0 0 0 0 0 11598 691 9107 674 </measResults>
            </measValue>
            <measValue measObjLdn="sm1USN02/M3UA link:nodeName=link, Link No.=39">
                <measResults>0 0 0 0 0 11111 668 9150 681 </measResults>
            </measValue>
            <measValue measObjLdn="sm1USN02/M3UA link:nodeName=link, Link No.=4">
                <measResults>0 0 0 0 0 0 0 9718 1317 </measResults>
            </measValue>
            <measValue measObjLdn="sm1USN02/M3UA link:nodeName=link, Link No.=40">
                <measResults>0 0 0 0 0 39009 2291 30572 2133 </measResults>
            </measValue>
            <measValue measObjLdn="sm1USN02/M3UA link:nodeName=link, Link No.=41">
                <measResults>0 0 0 0 0 39498 2306 30693 2145 </measResults>
            </measValue>
            <measValue measObjLdn="sm1USN02/M3UA link:nodeName=link, Link No.=42">
                <measResults>0 0 0 0 0 38792 2280 30648 2143 </measResults>
            </measValue>
            <measValue measObjLdn="sm1USN02/M3UA link:nodeName=link, Link No.=43">
                <measResults>0 0 0 0 0 39051 2293 30756 2150 </measResults>
            </measValue>
            <measValue measObjLdn="sm1USN02/M3UA link:nodeName=link, Link No.=44">
                <measResults>0 0 0 0 0 26118 1560 21296 1480 </measResults>
            </measValue>
            <measValue measObjLdn="sm1USN02/M3UA link:nodeName=link, Link No.=45">
                <measResults>0 0 0 0 0 27216 1600 21450 1488 </measResults>
            </measValue>
            <measValue measObjLdn="sm1USN02/M3UA link:nodeName=link, Link No.=46">
                <measResults>0 0 0 0 0 26629 1579 20974 1461 </measResults>
            </measValue>
            <measValue measObjLdn="sm1USN02/M3UA link:nodeName=link, Link No.=47">
                <measResults>0 0 0 0 0 27351 1600 21001 1471 </measResults>
            </measValue>
            <measValue measObjLdn="sm1USN02/M3UA link:nodeName=link, Link No.=48">
                <measResults>0 0 0 0 0 29442 1781 23987 1725 </measResults>
            </measValue>
            <measValue measObjLdn="sm1USN02/M3UA link:nodeName=link, Link No.=49">
                <measResults>0 0 0 0 0 29943 1800 23955 1723 </measResults>
            </measValue>
            <measValue measObjLdn="sm1USN02/M3UA link:nodeName=link, Link No.=5">
                <measResults>0 0 0 0 0 0 0 9768 1327 </measResults>
            </measValue>
            <measValue measObjLdn="sm1USN02/M3UA link:nodeName=link, Link No.=50">
                <measResults>0 0 0 0 0 30062 1798 23781 1703 </measResults>
            </measValue>
            <measValue measObjLdn="sm1USN02/M3UA link:nodeName=link, Link No.=51">
                <measResults>0 0 0 0 0 29117 1769 23747 1708 </measResults>
            </measValue>
            <measValue measObjLdn="sm1USN02/M3UA link:nodeName=link, Link No.=52">
                <measResults>0 0 0 0 0 24854 1482 20055 1407 </measResults>
            </measValue>
            <measValue measObjLdn="sm1USN02/M3UA link:nodeName=link, Link No.=53">
                <measResults>0 0 0 0 0 25392 1505 20184 1422 </measResults>
            </measValue>
            <measValue measObjLdn="sm1USN02/M3UA link:nodeName=link, Link No.=54">
                <measResults>0 0 0 0 0 25122 1484 20189 1412 </measResults>
            </measValue>
            <measValue measObjLdn="sm1USN02/M3UA link:nodeName=link, Link No.=55">
                <measResults>0 0 0 0 0 25875 1520 19999 1408 </measResults>
            </measValue>
            <measValue measObjLdn="sm1USN02/M3UA link:nodeName=link, Link No.=56">
                <measResults>0 0 0 0 0 39432 2369 32233 2266 </measResults>
            </measValue>
            <measValue measObjLdn="sm1USN02/M3UA link:nodeName=link, Link No.=57">
                <measResults>0 0 0 0 0 39625 2368 32401 2272 </measResults>
            </measValue>
            <measValue measObjLdn="sm1USN02/M3UA link:nodeName=link, Link No.=58">
                <measResults>0 0 0 0 0 39929 2380 32312 2266 </measResults>
            </measValue>
            <measValue measObjLdn="sm1USN02/M3UA link:nodeName=link, Link No.=59">
                <measResults>0 0 0 0 0 39829 2377 32012 2246 </measResults>
            </measValue>
            <measValue measObjLdn="sm1USN02/M3UA link:nodeName=link, Link No.=6">
                <measResults>0 0 0 0 0 0 0 8358 1071 </measResults>
            </measValue>
            <measValue measObjLdn="sm1USN02/M3UA link:nodeName=link, Link No.=60">
                <measResults>0 0 0 0 0 8495 491 6559 476 </measResults>
            </measValue>
            <measValue measObjLdn="sm1USN02/M3UA link:nodeName=link, Link No.=61">
                <measResults>0 0 0 0 0 8607 500 6730 487 </measResults>
            </measValue>
            <measValue measObjLdn="sm1USN02/M3UA link:nodeName=link, Link No.=62">
                <measResults>0 0 0 0 0 8791 507 6803 496 </measResults>
            </measValue>
            <measValue measObjLdn="sm1USN02/M3UA link:nodeName=link, Link No.=63">
                <measResults>0 0 0 0 0 8351 484 6792 487 </measResults>
            </measValue>
            <measValue measObjLdn="sm1USN02/M3UA link:nodeName=link, Link No.=64">
                <measResults>0 0 0 0 0 12554 756 10348 728 </measResults>
            </measValue>
            <measValue measObjLdn="sm1USN02/M3UA link:nodeName=link, Link No.=65">
                <measResults>0 0 0 0 0 12891 767 10230 721 </measResults>
            </measValue>
            <measValue measObjLdn="sm1USN02/M3UA link:nodeName=link, Link No.=66">
                <measResults>0 0 0 0 0 13144 775 10387 730 </measResults>
            </measValue>
            <measValue measObjLdn="sm1USN02/M3UA link:nodeName=link, Link No.=67">
                <measResults>0 0 0 0 0 12844 763 10294 729 </measResults>
            </measValue>
            <measValue measObjLdn="sm1USN02/M3UA link:nodeName=link, Link No.=68">
                <measResults>0 0 0 0 0 22957 1364 18906 1333 </measResults>
            </measValue>
            <measValue measObjLdn="sm1USN02/M3UA link:nodeName=link, Link No.=69">
                <measResults>0 0 0 0 0 23195 1379 18724 1325 </measResults>
            </measValue>
            <measValue measObjLdn="sm1USN02/M3UA link:nodeName=link, Link No.=7">
                <measResults>0 0 0 0 0 0 0 8275 1048 </measResults>
            </measValue>
            <measValue measObjLdn="sm1USN02/M3UA link:nodeName=link, Link No.=70">
                <measResults>0 0 0 0 0 23231 1377 18691 1323 </measResults>
            </measValue>
            <measValue measObjLdn="sm1USN02/M3UA link:nodeName=link, Link No.=71">
                <measResults>0 0 0 0 0 23373 1373 18707 1319 </measResults>
            </measValue>
            <measValue measObjLdn="sm1USN02/M3UA link:nodeName=link, Link No.=72">
                <measResults>0 0 0 0 0 23420 1383 18525 1314 </measResults>
            </measValue>
            <measValue measObjLdn="sm1USN02/M3UA link:nodeName=link, Link No.=73">
                <measResults>0 0 0 0 0 23091 1371 18522 1312 </measResults>
            </measValue>
            <measValue measObjLdn="sm1USN02/M3UA link:nodeName=link, Link No.=74">
                <measResults>0 0 0 0 0 22894 1370 18432 1308 </measResults>
            </measValue>
            <measValue measObjLdn="sm1USN02/M3UA link:nodeName=link, Link No.=75">
                <measResults>0 0 0 0 0 23097 1367 18566 1314 </measResults>
            </measValue>
            <measValue measObjLdn="sm1USN02/M3UA link:nodeName=link, Link No.=77">
                <measResults>0 0 0 0 0 52362 3076 46241 3092 </measResults>
            </measValue>
            <measValue measObjLdn="sm1USN02/M3UA link:nodeName=link, Link No.=78">
                <measResults>0 0 0 0 0 53410 3098 46468 3100 </measResults>
            </measValue>
            <measValue measObjLdn="sm1USN02/M3UA link:nodeName=link, Link No.=8">
                <measResults>0 0 0 0 0 0 0 8805 1160 </measResults>
            </measValue>
            <measValue measObjLdn="sm1USN02/M3UA link:nodeName=link, Link No.=80">
                <measResults>0 0 0 0 0 43428 2768 33982 2285 </measResults>
            </measValue>
            <measValue measObjLdn="sm1USN02/M3UA link:nodeName=link, Link No.=81">
                <measResults>0 0 0 0 0 42802 2701 34029 2301 </measResults>
            </measValue>
            <measValue measObjLdn="sm1USN02/M3UA link:nodeName=link, Link No.=83">
                <measResults>0 0 0 0 0 40916 2557 31330 2090 </measResults>
            </measValue>
            <measValue measObjLdn="sm1USN02/M3UA link:nodeName=link, Link No.=84">
                <measResults>0 0 0 0 0 41168 2604 31335 2107 </measResults>
            </measValue>
            <measValue measObjLdn="sm1USN02/M3UA link:nodeName=link, Link No.=85">
                <measResults>0 0 0 0 0 39208 2681 30753 2002 </measResults>
            </measValue>
            <measValue measObjLdn="sm1USN02/M3UA link:nodeName=link, Link No.=86">
                <measResults>0 0 0 0 0 40061 2764 30016 1945 </measResults>
            </measValue>
            <measValue measObjLdn="sm1USN02/M3UA link:nodeName=link, Link No.=9">
                <measResults>0 0 0 0 0 95640 10077 87835 14727 </measResults>
            </measValue>
            <measValue measObjLdn="sm1USN02/M3UA link:nodeName=link, Link No.=91">
                <measResults>0 0 0 0 0 118405 7086 100123 6795 </measResults>
            </measValue>
            <measValue measObjLdn="sm1USN02/M3UA link:nodeName=link, Link No.=92">
                <measResults>0 0 0 0 0 117759 7052 99832 6769 </measResults>
            </measValue>
            <measValue measObjLdn="sm1USN02/M3UA link:nodeName=link, Link No.=93">
                <measResults>0 0 0 0 0 56380 3265 41719 2981 </measResults>
            </measValue>
            <measValue measObjLdn="sm1USN02/M3UA link:nodeName=link, Link No.=94">
                <measResults>0 0 0 0 0 55833 3212 41959 2990 </measResults>
            </measValue>
            <measValue measObjLdn="sm1USN02/M3UA link:nodeName=link, Link No.=95">
                <measResults>0 0 0 0 0 141660 8788 126380 7983 </measResults>
            </measValue>
            <measValue measObjLdn="sm1USN02/M3UA link:nodeName=link, Link No.=96">
                <measResults>0 0 0 0 0 143393 8916 125769 7943 </measResults>
            </measValue>
            <measValue measObjLdn="sm1USN02/M3UA link:nodeName=link, Link No.=97">
                <measResults>0 0 0 0 0 97345 6038 88348 5453 </measResults>
            </measValue>
            <measValue measObjLdn="sm1USN02/M3UA link:nodeName=link, Link No.=98">
                <measResults>0 0 0 0 0 98035 6039 88923 5501 </measResults>
            </measValue>
            <measValue measObjLdn="sm1USN02/M3UA link:nodeName=link, Link No.=99">
                <measResults>0 0 0 0 0 141573 8759 124807 7871 </measResults>
            </measValue>
        </measInfo>
        <measInfo measInfoId="117440657">
            <granPeriod duration="PT3600S" endTime="2021-08-12T00:00:00+08:00"/>
            <repPeriod duration="PT3600S"/>
            <measTypes>117465113 117465114 117465115 117465116 117465117 117465118 </measTypes>
            <measValue measObjLdn="sm1USN02/M3UA linkset:nodeName=link, Linkset index=0">
                <measResults>0 54000 0 0 0 0 </measResults>
            </measValue>
            <measValue measObjLdn="sm1USN02/M3UA linkset:nodeName=link, Linkset index=1">
                <measResults>0 0 766343 80620 695027 116418 </measResults>
            </measValue>
            <measValue measObjLdn="sm1USN02/M3UA linkset:nodeName=link, Linkset index=10">
                <measResults>0 0 107295 6338 84714 5900 </measResults>
            </measValue>
            <measValue measObjLdn="sm1USN02/M3UA linkset:nodeName=link, Linkset index=11">
                <measResults>0 0 118543 7147 95456 6858 </measResults>
            </measValue>
            <measValue measObjLdn="sm1USN02/M3UA linkset:nodeName=link, Linkset index=12">
                <measResults>0 0 101265 5993 80464 5650 </measResults>
            </measValue>
            <measValue measObjLdn="sm1USN02/M3UA linkset:nodeName=link, Linkset index=13">
                <measResults>0 0 158830 9495 128949 9047 </measResults>
            </measValue>
            <measValue measObjLdn="sm1USN02/M3UA linkset:nodeName=link, Linkset index=14">
                <measResults>0 0 34237 1981 26880 1946 </measResults>
            </measValue>
            <measValue measObjLdn="sm1USN02/M3UA linkset:nodeName=link, Linkset index=15">
                <measResults>0 0 51419 3061 41256 2909 </measResults>
            </measValue>
            <measValue measObjLdn="sm1USN02/M3UA linkset:nodeName=link, Linkset index=16">
                <measResults>0 0 92737 5493 75025 5299 </measResults>
            </measValue>
            <measValue measObjLdn="sm1USN02/M3UA linkset:nodeName=link, Linkset index=17">
                <measResults>0 0 92512 5491 74054 5248 </measResults>
            </measValue>
            <measValue measObjLdn="sm1USN02/M3UA linkset:nodeName=link, Linkset index=18">
                <measResults>0 0 236197 14141 199977 13565 </measResults>
            </measValue>
            <measValue measObjLdn="sm1USN02/M3UA linkset:nodeName=link, Linkset index=19">
                <measResults>0 0 112232 6477 83685 5973 </measResults>
            </measValue>
            <measValue measObjLdn="sm1USN02/M3UA linkset:nodeName=link, Linkset index=2">
                <measResults>0 0 0 0 71853 9459 </measResults>
            </measValue>
            <measValue measObjLdn="sm1USN02/M3UA linkset:nodeName=link, Linkset index=20">
                <measResults>0 0 105790 6174 92717 6192 </measResults>
            </measValue>
            <measValue measObjLdn="sm1USN02/M3UA linkset:nodeName=link, Linkset index=21">
                <measResults>0 0 86236 5468 68021 4586 </measResults>
            </measValue>
            <measValue measObjLdn="sm1USN02/M3UA linkset:nodeName=link, Linkset index=22">
                <measResults>0 0 82075 5162 62646 4197 </measResults>
            </measValue>
            <measValue measObjLdn="sm1USN02/M3UA linkset:nodeName=link, Linkset index=23">
                <measResults>0 0 79258 5444 60758 3946 </measResults>
            </measValue>
            <measValue measObjLdn="sm1USN02/M3UA linkset:nodeName=link, Linkset index=24">
                <measResults>0 0 285023 17702 252109 15924 </measResults>
            </measValue>
            <measValue measObjLdn="sm1USN02/M3UA linkset:nodeName=link, Linkset index=25">
                <measResults>0 0 195387 12077 177274 10955 </measResults>
            </measValue>
            <measValue measObjLdn="sm1USN02/M3UA linkset:nodeName=link, Linkset index=26">
                <measResults>0 0 283557 17569 249583 15716 </measResults>
            </measValue>
            <measValue measObjLdn="sm1USN02/M3UA linkset:nodeName=link, Linkset index=27">
                <measResults>0 0 220116 13813 185470 12235 </measResults>
            </measValue>
            <measValue measObjLdn="sm1USN02/M3UA linkset:nodeName=link, Linkset index=28">
                <measResults>0 0 201813 12611 160286 10394 </measResults>
            </measValue>
            <measValue measObjLdn="sm1USN02/M3UA linkset:nodeName=link, Linkset index=29">
                <measResults>0 0 362229 22424 304012 20347 </measResults>
            </measValue>
            <measValue measObjLdn="sm1USN02/M3UA linkset:nodeName=link, Linkset index=3">
                <measResults>0 0 66850 4023 53573 3874 </measResults>
            </measValue>
            <measValue measObjLdn="sm1USN02/M3UA linkset:nodeName=link, Linkset index=30">
                <measResults>0 0 279304 19854 230525 15032 </measResults>
            </measValue>
            <measValue measObjLdn="sm1USN02/M3UA linkset:nodeName=link, Linkset index=31">
                <measResults>0 0 200730 13753 166087 11177 </measResults>
            </measValue>
            <measValue measObjLdn="sm1USN02/M3UA linkset:nodeName=link, Linkset index=32">
                <measResults>0 0 218781 14351 182291 12280 </measResults>
            </measValue>
            <measValue measObjLdn="sm1USN02/M3UA linkset:nodeName=link, Linkset index=33">
                <measResults>0 0 195369 12467 160292 10542 </measResults>
            </measValue>
            <measValue measObjLdn="sm1USN02/M3UA linkset:nodeName=link, Linkset index=34">
                <measResults>0 0 253263 19738 188921 12331 </measResults>
            </measValue>
            <measValue measObjLdn="sm1USN02/M3UA linkset:nodeName=link, Linkset index=35">
                <measResults>0 0 224019 14413 191150 12757 </measResults>
            </measValue>
            <measValue measObjLdn="sm1USN02/M3UA linkset:nodeName=link, Linkset index=36">
                <measResults>0 0 205418 13325 180879 12033 </measResults>
            </measValue>
            <measValue measObjLdn="sm1USN02/M3UA linkset:nodeName=link, Linkset index=38">
                <measResults>0 0 180801 11013 148252 9814 </measResults>
            </measValue>
            <measValue measObjLdn="sm1USN02/M3UA linkset:nodeName=link, Linkset index=39">
                <measResults>0 0 138962 8468 109260 7243 </measResults>
            </measValue>
            <measValue measObjLdn="sm1USN02/M3UA linkset:nodeName=link, Linkset index=4">
                <measResults>0 0 72807 4265 57060 3971 </measResults>
            </measValue>
            <measValue measObjLdn="sm1USN02/M3UA linkset:nodeName=link, Linkset index=40">
                <measResults>0 0 93671 5641 73472 4927 </measResults>
            </measValue>
            <measValue measObjLdn="sm1USN02/M3UA linkset:nodeName=link, Linkset index=41">
                <measResults>0 0 267479 16439 216602 14442 </measResults>
            </measValue>
            <measValue measObjLdn="sm1USN02/M3UA linkset:nodeName=link, Linkset index=42">
                <measResults>0 0 200520 12082 162395 10685 </measResults>
            </measValue>
            <measValue measObjLdn="sm1USN02/M3UA linkset:nodeName=link, Linkset index=43">
                <measResults>0 0 218929 15051 172545 11372 </measResults>
            </measValue>
            <measValue measObjLdn="sm1USN02/M3UA linkset:nodeName=link, Linkset index=44">
                <measResults>0 0 211243 13022 172388 11533 </measResults>
            </measValue>
            <measValue measObjLdn="sm1USN02/M3UA linkset:nodeName=link, Linkset index=45">
                <measResults>0 0 112607 6728 87483 5846 </measResults>
            </measValue>
            <measValue measObjLdn="sm1USN02/M3UA linkset:nodeName=link, Linkset index=46">
                <measResults>0 0 68425 4330 57146 3817 </measResults>
            </measValue>
            <measValue measObjLdn="sm1USN02/M3UA linkset:nodeName=link, Linkset index=47">
                <measResults>0 0 233713 14649 200364 13427 </measResults>
            </measValue>
            <measValue measObjLdn="sm1USN02/M3UA linkset:nodeName=link, Linkset index=48">
                <measResults>0 0 83110 5340 69557 4747 </measResults>
            </measValue>
            <measValue measObjLdn="sm1USN02/M3UA linkset:nodeName=link, Linkset index=49">
                <measResults>0 0 123814 7870 104643 7038 </measResults>
            </measValue>
            <measValue measObjLdn="sm1USN02/M3UA linkset:nodeName=link, Linkset index=5">
                <measResults>0 0 210268 12420 167747 11772 </measResults>
            </measValue>
            <measValue measObjLdn="sm1USN02/M3UA linkset:nodeName=link, Linkset index=51">
                <measResults>0 0 155897 8763 139892 8576 </measResults>
            </measValue>
            <measValue measObjLdn="sm1USN02/M3UA linkset:nodeName=link, Linkset index=53">
                <measResults>0 0 2 0 2 0 </measResults>
            </measValue>
            <measValue measObjLdn="sm1USN02/M3UA linkset:nodeName=link, Linkset index=54">
                <measResults>0 0 682953 38968 606812 38149 </measResults>
            </measValue>
            <measValue measObjLdn="sm1USN02/M3UA linkset:nodeName=link, Linkset index=56">
                <measResults>0 0 98761 6030 80335 5372 </measResults>
            </measValue>
            <measValue measObjLdn="sm1USN02/M3UA linkset:nodeName=link, Linkset index=57">
                <measResults>0 0 69789 4353 58832 3968 </measResults>
            </measValue>
            <measValue measObjLdn="sm1USN02/M3UA linkset:nodeName=link, Linkset index=58">
                <measResults>0 0 160924 9780 131919 8708 </measResults>
            </measValue>
            <measValue measObjLdn="sm1USN02/M3UA linkset:nodeName=link, Linkset index=6">
                <measResults>0 0 163313 9551 128324 8909 </measResults>
            </measValue>
            <measValue measObjLdn="sm1USN02/M3UA linkset:nodeName=link, Linkset index=63">
                <measResults>0 0 95640 5758 75524 5080 </measResults>
            </measValue>
            <measValue measObjLdn="sm1USN02/M3UA linkset:nodeName=link, Linkset index=7">
                <measResults>0 0 75642 4425 58871 4167 </measResults>
            </measValue>
            <measValue measObjLdn="sm1USN02/M3UA linkset:nodeName=link, Linkset index=70">
                <measResults>0 0 4588 276 3771 251 </measResults>
            </measValue>
            <measValue measObjLdn="sm1USN02/M3UA linkset:nodeName=link, Linkset index=71">
                <measResults>0 0 0 0 0 0 </measResults>
            </measValue>
            <measValue measObjLdn="sm1USN02/M3UA linkset:nodeName=link, Linkset index=72">
                <measResults>0 0 0 0 0 0 </measResults>
            </measValue>
            <measValue measObjLdn="sm1USN02/M3UA linkset:nodeName=link, Linkset index=73">
                <measResults>0 0 88155 5741 74180 5000 </measResults>
            </measValue>
            <measValue measObjLdn="sm1USN02/M3UA linkset:nodeName=link, Linkset index=74">
                <measResults>0 0 75360 4741 61725 4185 </measResults>
            </measValue>
            <measValue measObjLdn="sm1USN02/M3UA linkset:nodeName=link, Linkset index=75">
                <measResults>0 0 195469 13665 164113 8894 </measResults>
            </measValue>
            <measValue measObjLdn="sm1USN02/M3UA linkset:nodeName=link, Linkset index=76">
                <measResults>0 0 0 0 0 0 </measResults>
            </measValue>
            <measValue measObjLdn="sm1USN02/M3UA linkset:nodeName=link, Linkset index=77">
                <measResults>0 0 4692 272 3776 242 </measResults>
            </measValue>
            <measValue measObjLdn="sm1USN02/M3UA linkset:nodeName=link, Linkset index=78">
                <measResults>0 0 0 0 0 0 </measResults>
            </measValue>
            <measValue measObjLdn="sm1USN02/M3UA linkset:nodeName=link, Linkset index=79">
                <measResults>0 54000 0 0 0 0 </measResults>
            </measValue>
            <measValue measObjLdn="sm1USN02/M3UA linkset:nodeName=link, Linkset index=8">
                <measResults>0 0 45419 2715 36428 2699 </measResults>
            </measValue>
            <measValue measObjLdn="sm1USN02/M3UA linkset:nodeName=link, Linkset index=80">
                <measResults>0 0 0 0 0 0 </measResults>
            </measValue>
            <measValue measObjLdn="sm1USN02/M3UA linkset:nodeName=link, Linkset index=81">
                <measResults>0 54000 0 0 0 0 </measResults>
            </measValue>
            <measValue measObjLdn="sm1USN02/M3UA linkset:nodeName=link, Linkset index=82">
                <measResults>0 54000 0 0 0 0 </measResults>
            </measValue>
            <measValue measObjLdn="sm1USN02/M3UA linkset:nodeName=link, Linkset index=83">
                <measResults>0 54000 0 0 0 0 </measResults>
            </measValue>
            <measValue measObjLdn="sm1USN02/M3UA linkset:nodeName=link, Linkset index=84">
                <measResults>0 0 146596 8977 118947 7969 </measResults>
            </measValue>
            <measValue measObjLdn="sm1USN02/M3UA linkset:nodeName=link, Linkset index=85">
                <measResults>0 0 473 29 386 30 </measResults>
            </measValue>
            <measValue measObjLdn="sm1USN02/M3UA linkset:nodeName=link, Linkset index=86">
                <measResults>0 0 3169 195 2584 174 </measResults>
            </measValue>
            <measValue measObjLdn="sm1USN02/M3UA linkset:nodeName=link, Linkset index=87">
                <measResults>0 0 92 7 76 5 </measResults>
            </measValue>
            <measValue measObjLdn="sm1USN02/M3UA linkset:nodeName=link, Linkset index=88">
                <measResults>0 0 0 0 0 0 </measResults>
            </measValue>
            <measValue measObjLdn="sm1USN02/M3UA linkset:nodeName=link, Linkset index=89">
                <measResults>0 0 0 0 0 0 </measResults>
            </measValue>
            <measValue measObjLdn="sm1USN02/M3UA linkset:nodeName=link, Linkset index=9">
                <measResults>0 0 156339 9166 122674 8571 </measResults>
            </measValue>
            <measValue measObjLdn="sm1USN02/M3UA linkset:nodeName=link, Linkset index=90">
                <measResults>0 0 0 0 0 0 </measResults>
            </measValue>
            <measValue measObjLdn="sm1USN02/M3UA linkset:nodeName=link, Linkset index=91">
                <measResults>0 0 0 0 0 0 </measResults>
            </measValue>
        </measInfo>
        <measInfo measInfoId="117440658">
            <granPeriod duration="PT3600S" endTime="2021-08-12T00:00:00+08:00"/>
            <repPeriod duration="PT3600S"/>
            <measTypes>117465213 117465214 </measTypes>
            <measValue measObjLdn="sm1USN02/M3DE:nodeName=link, Destination entity index=0">
                <measResults>0 54000 </measResults>
            </measValue>
            <measValue measObjLdn="sm1USN02/M3DE:nodeName=link, Destination entity index=1">
                <measResults>0 0 </measResults>
            </measValue>
            <measValue measObjLdn="sm1USN02/M3DE:nodeName=link, Destination entity index=10">
                <measResults>0 0 </measResults>
            </measValue>
            <measValue measObjLdn="sm1USN02/M3DE:nodeName=link, Destination entity index=11">
                <measResults>0 0 </measResults>
            </measValue>
            <measValue measObjLdn="sm1USN02/M3DE:nodeName=link, Destination entity index=12">
                <measResults>0 0 </measResults>
            </measValue>
            <measValue measObjLdn="sm1USN02/M3DE:nodeName=link, Destination entity index=13">
                <measResults>0 0 </measResults>
            </measValue>
            <measValue measObjLdn="sm1USN02/M3DE:nodeName=link, Destination entity index=14">
                <measResults>0 0 </measResults>
            </measValue>
            <measValue measObjLdn="sm1USN02/M3DE:nodeName=link, Destination entity index=15">
                <measResults>0 0 </measResults>
            </measValue>
            <measValue measObjLdn="sm1USN02/M3DE:nodeName=link, Destination entity index=16">
                <measResults>0 0 </measResults>
            </measValue>
            <measValue measObjLdn="sm1USN02/M3DE:nodeName=link, Destination entity index=17">
                <measResults>0 0 </measResults>
            </measValue>
            <measValue measObjLdn="sm1USN02/M3DE:nodeName=link, Destination entity index=18">
                <measResults>0 0 </measResults>
            </measValue>
            <measValue measObjLdn="sm1USN02/M3DE:nodeName=link, Destination entity index=19">
                <measResults>0 0 </measResults>
            </measValue>
            <measValue measObjLdn="sm1USN02/M3DE:nodeName=link, Destination entity index=2">
                <measResults>0 0 </measResults>
            </measValue>
            <measValue measObjLdn="sm1USN02/M3DE:nodeName=link, Destination entity index=20">
                <measResults>0 0 </measResults>
            </measValue>
            <measValue measObjLdn="sm1USN02/M3DE:nodeName=link, Destination entity index=21">
                <measResults>0 0 </measResults>
            </measValue>
            <measValue measObjLdn="sm1USN02/M3DE:nodeName=link, Destination entity index=22">
                <measResults>0 0 </measResults>
            </measValue>
            <measValue measObjLdn="sm1USN02/M3DE:nodeName=link, Destination entity index=23">
                <measResults>0 0 </measResults>
            </measValue>
            <measValue measObjLdn="sm1USN02/M3DE:nodeName=link, Destination entity index=24">
                <measResults>0 0 </measResults>
            </measValue>
            <measValue measObjLdn="sm1USN02/M3DE:nodeName=link, Destination entity index=25">
                <measResults>0 0 </measResults>
            </measValue>
            <measValue measObjLdn="sm1USN02/M3DE:nodeName=link, Destination entity index=26">
                <measResults>0 0 </measResults>
            </measValue>
            <measValue measObjLdn="sm1USN02/M3DE:nodeName=link, Destination entity index=27">
                <measResults>0 0 </measResults>
            </measValue>
            <measValue measObjLdn="sm1USN02/M3DE:nodeName=link, Destination entity index=28">
                <measResults>0 0 </measResults>
            </measValue>
            <measValue measObjLdn="sm1USN02/M3DE:nodeName=link, Destination entity index=29">
                <measResults>0 0 </measResults>
            </measValue>
            <measValue measObjLdn="sm1USN02/M3DE:nodeName=link, Destination entity index=3">
                <measResults>0 0 </measResults>
            </measValue>
            <measValue measObjLdn="sm1USN02/M3DE:nodeName=link, Destination entity index=30">
                <measResults>0 0 </measResults>
            </measValue>
            <measValue measObjLdn="sm1USN02/M3DE:nodeName=link, Destination entity index=31">
                <measResults>0 0 </measResults>
            </measValue>
            <measValue measObjLdn="sm1USN02/M3DE:nodeName=link, Destination entity index=32">
                <measResults>0 0 </measResults>
            </measValue>
            <measValue measObjLdn="sm1USN02/M3DE:nodeName=link, Destination entity index=33">
                <measResults>0 0 </measResults>
            </measValue>
            <measValue measObjLdn="sm1USN02/M3DE:nodeName=link, Destination entity index=34">
                <measResults>0 0 </measResults>
            </measValue>
            <measValue measObjLdn="sm1USN02/M3DE:nodeName=link, Destination entity index=35">
                <measResults>0 0 </measResults>
            </measValue>
            <measValue measObjLdn="sm1USN02/M3DE:nodeName=link, Destination entity index=36">
                <measResults>0 0 </measResults>
            </measValue>
            <measValue measObjLdn="sm1USN02/M3DE:nodeName=link, Destination entity index=38">
                <measResults>0 0 </measResults>
            </measValue>
            <measValue measObjLdn="sm1USN02/M3DE:nodeName=link, Destination entity index=39">
                <measResults>0 0 </measResults>
            </measValue>
            <measValue measObjLdn="sm1USN02/M3DE:nodeName=link, Destination entity index=4">
                <measResults>0 0 </measResults>
            </measValue>
            <measValue measObjLdn="sm1USN02/M3DE:nodeName=link, Destination entity index=40">
                <measResults>0 0 </measResults>
            </measValue>
            <measValue measObjLdn="sm1USN02/M3DE:nodeName=link, Destination entity index=41">
                <measResults>0 0 </measResults>
            </measValue>
            <measValue measObjLdn="sm1USN02/M3DE:nodeName=link, Destination entity index=42">
                <measResults>0 0 </measResults>
            </measValue>
            <measValue measObjLdn="sm1USN02/M3DE:nodeName=link, Destination entity index=43">
                <measResults>0 0 </measResults>
            </measValue>
            <measValue measObjLdn="sm1USN02/M3DE:nodeName=link, Destination entity index=44">
                <measResults>0 0 </measResults>
            </measValue>
            <measValue measObjLdn="sm1USN02/M3DE:nodeName=link, Destination entity index=45">
                <measResults>0 0 </measResults>
            </measValue>
            <measValue measObjLdn="sm1USN02/M3DE:nodeName=link, Destination entity index=46">
                <measResults>0 0 </measResults>
            </measValue>
            <measValue measObjLdn="sm1USN02/M3DE:nodeName=link, Destination entity index=47">
                <measResults>0 0 </measResults>
            </measValue>
            <measValue measObjLdn="sm1USN02/M3DE:nodeName=link, Destination entity index=48">
                <measResults>0 0 </measResults>
            </measValue>
            <measValue measObjLdn="sm1USN02/M3DE:nodeName=link, Destination entity index=49">
                <measResults>0 0 </measResults>
            </measValue>
            <measValue measObjLdn="sm1USN02/M3DE:nodeName=link, Destination entity index=5">
                <measResults>0 0 </measResults>
            </measValue>
            <measValue measObjLdn="sm1USN02/M3DE:nodeName=link, Destination entity index=51">
                <measResults>0 0 </measResults>
            </measValue>
            <measValue measObjLdn="sm1USN02/M3DE:nodeName=link, Destination entity index=53">
                <measResults>0 0 </measResults>
            </measValue>
            <measValue measObjLdn="sm1USN02/M3DE:nodeName=link, Destination entity index=54">
                <measResults>0 0 </measResults>
            </measValue>
            <measValue measObjLdn="sm1USN02/M3DE:nodeName=link, Destination entity index=56">
                <measResults>0 0 </measResults>
            </measValue>
            <measValue measObjLdn="sm1USN02/M3DE:nodeName=link, Destination entity index=57">
                <measResults>0 0 </measResults>
            </measValue>
            <measValue measObjLdn="sm1USN02/M3DE:nodeName=link, Destination entity index=58">
                <measResults>0 0 </measResults>
            </measValue>
            <measValue measObjLdn="sm1USN02/M3DE:nodeName=link, Destination entity index=6">
                <measResults>0 0 </measResults>
            </measValue>
            <measValue measObjLdn="sm1USN02/M3DE:nodeName=link, Destination entity index=63">
                <measResults>0 0 </measResults>
            </measValue>
            <measValue measObjLdn="sm1USN02/M3DE:nodeName=link, Destination entity index=7">
                <measResults>0 0 </measResults>
            </measValue>
            <measValue measObjLdn="sm1USN02/M3DE:nodeName=link, Destination entity index=70">
                <measResults>0 0 </measResults>
            </measValue>
            <measValue measObjLdn="sm1USN02/M3DE:nodeName=link, Destination entity index=71">
                <measResults>0 0 </measResults>
            </measValue>
            <measValue measObjLdn="sm1USN02/M3DE:nodeName=link, Destination entity index=72">
                <measResults>0 0 </measResults>
            </measValue>
            <measValue measObjLdn="sm1USN02/M3DE:nodeName=link, Destination entity index=73">
                <measResults>0 0 </measResults>
            </measValue>
            <measValue measObjLdn="sm1USN02/M3DE:nodeName=link, Destination entity index=74">
                <measResults>0 0 </measResults>
            </measValue>
            <measValue measObjLdn="sm1USN02/M3DE:nodeName=link, Destination entity index=75">
                <measResults>0 0 </measResults>
            </measValue>
            <measValue measObjLdn="sm1USN02/M3DE:nodeName=link, Destination entity index=76">
                <measResults>0 0 </measResults>
            </measValue>
            <measValue measObjLdn="sm1USN02/M3DE:nodeName=link, Destination entity index=77">
                <measResults>0 0 </measResults>
            </measValue>
            <measValue measObjLdn="sm1USN02/M3DE:nodeName=link, Destination entity index=78">
                <measResults>0 0 </measResults>
            </measValue>
            <measValue measObjLdn="sm1USN02/M3DE:nodeName=link, Destination entity index=79">
                <measResults>0 54000 </measResults>
            </measValue>
            <measValue measObjLdn="sm1USN02/M3DE:nodeName=link, Destination entity index=8">
                <measResults>0 0 </measResults>
            </measValue>
            <measValue measObjLdn="sm1USN02/M3DE:nodeName=link, Destination entity index=80">
                <measResults>0 0 </measResults>
            </measValue>
            <measValue measObjLdn="sm1USN02/M3DE:nodeName=link, Destination entity index=81">
                <measResults>0 54000 </measResults>
            </measValue>
            <measValue measObjLdn="sm1USN02/M3DE:nodeName=link, Destination entity index=82">
                <measResults>0 54000 </measResults>
            </measValue>
            <measValue measObjLdn="sm1USN02/M3DE:nodeName=link, Destination entity index=83">
                <measResults>0 54000 </measResults>
            </measValue>
            <measValue measObjLdn="sm1USN02/M3DE:nodeName=link, Destination entity index=84">
                <measResults>0 0 </measResults>
            </measValue>
            <measValue measObjLdn="sm1USN02/M3DE:nodeName=link, Destination entity index=85">
                <measResults>0 0 </measResults>
            </measValue>
            <measValue measObjLdn="sm1USN02/M3DE:nodeName=link, Destination entity index=86">
                <measResults>0 0 </measResults>
            </measValue>
            <measValue measObjLdn="sm1USN02/M3DE:nodeName=link, Destination entity index=87">
                <measResults>0 0 </measResults>
            </measValue>
            <measValue measObjLdn="sm1USN02/M3DE:nodeName=link, Destination entity index=88">
                <measResults>0 0 </measResults>
            </measValue>
            <measValue measObjLdn="sm1USN02/M3DE:nodeName=link, Destination entity index=89">
                <measResults>0 0 </measResults>
            </measValue>
            <measValue measObjLdn="sm1USN02/M3DE:nodeName=link, Destination entity index=9">
                <measResults>0 0 </measResults>
            </measValue>
            <measValue measObjLdn="sm1USN02/M3DE:nodeName=link, Destination entity index=90">
                <measResults>0 0 </measResults>
            </measValue>
            <measValue measObjLdn="sm1USN02/M3DE:nodeName=link, Destination entity index=91">
                <measResults>0 0 </measResults>
            </measValue>
        </measInfo>
        <measInfo measInfoId="1912209423">
            <granPeriod duration="PT3600S" endTime="2021-08-12T00:00:00+08:00"/>
            <repPeriod duration="PT3600S"/>
            <measTypes>1912209666 1912209667 1912209668 1912209669 1912209670 1912209671 1912209672 1912209673 1912209674 1912209675 1912209676 1912209677 1912209678 1912209679 1912209680 1912209681 1912209682 1912209683 1912209684 1912209685 1912209686 1912209687 1912209688 1912209689 1912209690 1912209691 1912209692 1912209694 </measTypes>
            <measValue measObjLdn="sm1USN02/VLR:nodeName=link, VLR No.=639180007010">
                <measResults>75474 75472 0 444 444 3866 1394 5260 5012 887 5098 283 282 1 30 0 0 0 0 75472 75191 18841 19394 0 0 0 0 0 </measResults>
            </measValue>
            <measValue measObjLdn="sm1USN02/VLR:nodeName=link, VLR No.=639180007020">
                <measResults>65883 65881 1 293 293 3667 1393 5060 4915 771 5079 225 225 0 22 0 0 0 0 65881 65656 17594 18147 0 0 0 0 0 </measResults>
            </measValue>
            <measValue measObjLdn="sm1USN02/VLR:nodeName=link, VLR No.=639180007011">
                <measResults>0 0 0 0 0 0 0 0 0 0 0 0 0 0 0 0 0 0 0 0 0 0 0 0 0 0 0 0 </measResults>
            </measValue>
            <measValue measObjLdn="sm1USN02/VLR:nodeName=link, VLR No.=639180007041">
                <measResults>22840 22841 0 353 353 1375 403 1779 3423 408 3422 91 91 0 13 0 0 0 0 15410 15110 13490 13779 22841 0 0 737 1 </measResults>
            </measValue>
            <measValue measObjLdn="sm1USN02/VLR:nodeName=link, VLR No.=639180007022">
                <measResults>63790 63769 14 836 835 3206 895 4102 7434 1026 7584 194 193 1 24 0 0 0 0 42903 42083 28975 29516 63769 0 0 0 0 </measResults>
            </measValue>
            <measValue measObjLdn="sm1USN02/VLR:nodeName=link, VLR No.=639180007042">
                <measResults>23252 23250 2 368 368 1661 395 2056 3272 469 3192 116 116 0 14 0 0 0 0 15146 14786 11078 11324 23250 0 0 765 0 </measResults>
            </measValue>
            <measValue measObjLdn="sm1USN02/VLR:nodeName=link, VLR No.=639180007013">
                <measResults>77482 77479 5 480 480 3010 292 3302 7657 891 7827 127 127 0 8 0 0 0 0 40819 40592 30275 30593 77479 0 0 0 1 </measResults>
            </measValue>
            <measValue measObjLdn="sm1USN02/VLR:nodeName=link, VLR No.=639180007023">
                <measResults>80429 80420 7 472 472 3077 275 3352 6791 941 7136 111 111 0 13 0 0 0 0 41703 41350 28272 28622 80420 0 0 0 2 </measResults>
            </measValue>
            <measValue measObjLdn="sm1USN02/VLR:nodeName=link, VLR No.=639180007043">
                <measResults>22634 22631 0 370 370 1603 417 2020 2987 467 3000 93 93 0 17 0 0 0 0 15288 14898 10133 10549 22631 0 0 592 2 </measResults>
            </measValue>
            <measValue measObjLdn="sm1USN02/VLR:nodeName=link, VLR No.=639180007014">
                <measResults>76888 76885 0 508 508 3303 288 3591 6851 865 7075 111 111 0 10 0 0 0 0 39004 38686 28337 28798 76885 0 0 0 1 </measResults>
            </measValue>
            <measValue measObjLdn="sm1USN02/VLR:nodeName=link, VLR No.=639180007044">
                <measResults>21325 21322 2 282 282 1621 401 2022 3210 420 3137 116 116 0 7 0 0 0 0 14394 14128 14640 14967 21322 0 0 705 0 </measResults>
            </measValue>
            <measValue measObjLdn="sm1USN02/VLR:nodeName=link, VLR No.=639180007015">
                <measResults>61123 61118 1 637 637 3160 867 4027 6697 1017 7046 119 118 1 22 0 0 0 0 40487 39906 27410 28057 61118 0 0 0 2 </measResults>
            </measValue>
            <measValue measObjLdn="sm1USN02/VLR:nodeName=link, VLR No.=639180007025">
                <measResults>78290 78284 0 623 623 3154 292 3446 7272 953 7481 135 135 0 6 0 0 0 0 41426 41018 29851 30331 78284 0 0 0 0 </measResults>
            </measValue>
            <measValue measObjLdn="sm1USN02/VLR:nodeName=link, VLR No.=639180007045">
                <measResults>22279 22273 5 370 370 1446 436 1882 3195 483 3128 118 118 0 11 0 0 0 0 14679 14346 14144 14591 22273 0 0 901 0 </measResults>
            </measValue>
            <measValue measObjLdn="sm1USN02/VLR:nodeName=link, VLR No.=639180007006">
                <measResults>59529 59525 4 650 650 3134 856 3990 7045 991 7089 186 186 0 30 0 0 0 0 40904 39919 27985 28474 59525 0 0 0 0 </measResults>
            </measValue>
            <measValue measObjLdn="sm1USN02/VLR:nodeName=link, VLR No.=639180007016">
                <measResults>62152 62137 13 778 778 3057 869 3926 6474 1009 6658 177 177 0 27 0 0 0 0 42346 41632 25844 26426 62136 0 0 0 1 </measResults>
            </measValue>
            <measValue measObjLdn="sm1USN02/VLR:nodeName=link, VLR No.=639180007046">
                <measResults>21765 21765 0 341 341 1409 397 1806 3060 375 3043 93 93 0 16 0 0 0 0 14381 14095 13263 13532 21765 0 0 724 1 </measResults>
            </measValue>
            <measValue measObjLdn="sm1USN02/VLR:nodeName=link, VLR No.=639180007007">
                <measResults>75609 75609 3 463 463 2991 282 3273 7127 841 7289 127 126 1 11 0 0 0 0 39984 39704 32025 32494 75609 0 0 0 2 </measResults>
            </measValue>
            <measValue measObjLdn="sm1USN02/VLR:nodeName=link, VLR No.=639180007008">
                <measResults>79284 79271 10 559 559 3223 264 3487 6572 705 6657 119 119 0 9 0 0 0 0 41701 41436 26828 27151 79271 0 0 0 3 </measResults>
            </measValue>
            <measValue measObjLdn="sm1USN02/VLR:nodeName=link, VLR No.=639180000287">
                <measResults>0 0 0 0 0 0 0 0 0 0 0 0 0 0 0 0 0 0 0 0 0 0 0 0 0 0 0 0 </measResults>
            </measValue>
        </measInfo>
        <measInfo measInfoId="117440688">
            <granPeriod duration="PT3600S" endTime="2021-08-12T00:00:00+08:00"/>
            <repPeriod duration="PT3600S"/>
            <measTypes>117470813 117470814 117470815 </measTypes>
            <measValue measObjLdn="sm1USN02/DNS inquiry:nodeName=link, IP address=121.54.10.154">
                <measResults>5115 3804 5 </measResults>
            </measValue>
            <measValue measObjLdn="sm1USN02/DNS inquiry:nodeName=link, IP address=121.54.10.158">
                <measResults>51 50 0 </measResults>
            </measValue>
            <measValue measObjLdn="sm1USN02/DNS inquiry:nodeName=link, IP address=121.54.77.138">
                <measResults>20 20 0 </measResults>
            </measValue>
            <measValue measObjLdn="sm1USN02/DNS inquiry:nodeName=link, IP address=121.54.77.142">
                <measResults>13090 13090 13 </measResults>
            </measValue>
        </measInfo>
        <measInfo measInfoId="117490515">
            <granPeriod duration="PT3600S" endTime="2021-08-12T00:00:00+08:00"/>
            <repPeriod duration="PT3600S"/>
            <measTypes>117490812 117490813 117490814 117490815 </measTypes>
            <measValue measObjLdn="sm1USN02/Diameter link:nodeName=link, Link No.=0">
                <measResults>0 0 0 0 </measResults>
            </measValue>
            <measValue measObjLdn="sm1USN02/Diameter link:nodeName=link, Link No.=1">
                <measResults>0 0 0 0 </measResults>
            </measValue>
            <measValue measObjLdn="sm1USN02/Diameter link:nodeName=link, Link No.=10">
                <measResults>0 0 0 0 </measResults>
            </measValue>
            <measValue measObjLdn="sm1USN02/Diameter link:nodeName=link, Link No.=11">
                <measResults>0 0 0 0 </measResults>
            </measValue>
            <measValue measObjLdn="sm1USN02/Diameter link:nodeName=link, Link No.=12">
                <measResults>0 0 0 0 </measResults>
            </measValue>
            <measValue measObjLdn="sm1USN02/Diameter link:nodeName=link, Link No.=13">
                <measResults>0 0 0 0 </measResults>
            </measValue>
            <measValue measObjLdn="sm1USN02/Diameter link:nodeName=link, Link No.=14">
                <measResults>0 0 0 0 </measResults>
            </measValue>
            <measValue measObjLdn="sm1USN02/Diameter link:nodeName=link, Link No.=15">
                <measResults>0 3600 0 0 </measResults>
            </measValue>
            <measValue measObjLdn="sm1USN02/Diameter link:nodeName=link, Link No.=2">
                <measResults>0 0 0 0 </measResults>
            </measValue>
            <measValue measObjLdn="sm1USN02/Diameter link:nodeName=link, Link No.=3">
                <measResults>0 0 0 0 </measResults>
            </measValue>
            <measValue measObjLdn="sm1USN02/Diameter link:nodeName=link, Link No.=4">
                <measResults>0 0 0 0 </measResults>
            </measValue>
            <measValue measObjLdn="sm1USN02/Diameter link:nodeName=link, Link No.=5">
                <measResults>0 0 0 0 </measResults>
            </measValue>
            <measValue measObjLdn="sm1USN02/Diameter link:nodeName=link, Link No.=6">
                <measResults>0 0 0 0 </measResults>
            </measValue>
            <measValue measObjLdn="sm1USN02/Diameter link:nodeName=link, Link No.=7">
                <measResults>0 0 0 0 </measResults>
            </measValue>
            <measValue measObjLdn="sm1USN02/Diameter link:nodeName=link, Link No.=8">
                <measResults>0 0 0 0 </measResults>
            </measValue>
            <measValue measObjLdn="sm1USN02/Diameter link:nodeName=link, Link No.=9">
                <measResults>0 0 0 0 </measResults>
            </measValue>
        </measInfo>
        <measInfo measInfoId="117496524">
            <granPeriod duration="PT3600S" endTime="2021-08-12T00:00:00+08:00"/>
            <repPeriod duration="PT3600S"/>
            <measTypes>117497332 117497333 117497334 117497335 117497336 117497337 117497338 117497339 117497340 </measTypes>
            <measValue measObjLdn="sm1USN02/Diameter link:nodeName=link, Link No.=0">
                <measResults>26039 25845 195 0 18 1 17 0 0 </measResults>
            </measValue>
            <measValue measObjLdn="sm1USN02/Diameter link:nodeName=link, Link No.=1">
                <measResults>26488 26296 192 0 15 1 23 0 0 </measResults>
            </measValue>
            <measValue measObjLdn="sm1USN02/Diameter link:nodeName=link, Link No.=10">
                <measResults>0 0 0 0 0 0 0 0 0 </measResults>
            </measValue>
            <measValue measObjLdn="sm1USN02/Diameter link:nodeName=link, Link No.=11">
                <measResults>0 0 0 0 0 0 0 0 0 </measResults>
            </measValue>
            <measValue measObjLdn="sm1USN02/Diameter link:nodeName=link, Link No.=12">
                <measResults>0 0 0 0 0 0 0 0 0 </measResults>
            </measValue>
            <measValue measObjLdn="sm1USN02/Diameter link:nodeName=link, Link No.=13">
                <measResults>0 0 0 0 0 0 0 0 0 </measResults>
            </measValue>
            <measValue measObjLdn="sm1USN02/Diameter link:nodeName=link, Link No.=14">
                <measResults>0 0 0 0 0 0 0 0 0 </measResults>
            </measValue>
            <measValue measObjLdn="sm1USN02/Diameter link:nodeName=link, Link No.=15">
                <measResults>0 0 0 0 0 0 0 0 0 </measResults>
            </measValue>
            <measValue measObjLdn="sm1USN02/Diameter link:nodeName=link, Link No.=2">
                <measResults>26117 25924 193 0 16 0 20 0 0 </measResults>
            </measValue>
            <measValue measObjLdn="sm1USN02/Diameter link:nodeName=link, Link No.=3">
                <measResults>26212 26012 199 0 18 0 26 0 0 </measResults>
            </measValue>
            <measValue measObjLdn="sm1USN02/Diameter link:nodeName=link, Link No.=4">
                <measResults>26869 26673 197 0 19 3 18 0 0 </measResults>
            </measValue>
            <measValue measObjLdn="sm1USN02/Diameter link:nodeName=link, Link No.=5">
                <measResults>26710 26506 204 0 16 3 32 0 0 </measResults>
            </measValue>
            <measValue measObjLdn="sm1USN02/Diameter link:nodeName=link, Link No.=6">
                <measResults>26573 26403 169 0 9 4 19 0 0 </measResults>
            </measValue>
            <measValue measObjLdn="sm1USN02/Diameter link:nodeName=link, Link No.=7">
                <measResults>26458 26277 180 0 17 2 19 0 0 </measResults>
            </measValue>
            <measValue measObjLdn="sm1USN02/Diameter link:nodeName=link, Link No.=8">
                <measResults>0 0 0 0 0 0 0 0 0 </measResults>
            </measValue>
            <measValue measObjLdn="sm1USN02/Diameter link:nodeName=link, Link No.=9">
                <measResults>0 0 0 0 0 0 0 0 0 </measResults>
            </measValue>
        </measInfo>
        <measInfo measInfoId="117496525">
            <granPeriod duration="PT3600S" endTime="2021-08-12T00:00:00+08:00"/>
            <repPeriod duration="PT3600S"/>
            <measTypes>117497392 117497393 117497394 117497395 117497396 117497397 117497398 117497399 117497400 </measTypes>
            <measValue measObjLdn="sm1USN02/Diameter link:nodeName=link, Link No.=0">
                <measResults>51293 49668 1607 515 916 1 20 0 0 </measResults>
            </measValue>
            <measValue measObjLdn="sm1USN02/Diameter link:nodeName=link, Link No.=1">
                <measResults>51204 49623 1576 499 868 5 23 0 0 </measResults>
            </measValue>
            <measValue measObjLdn="sm1USN02/Diameter link:nodeName=link, Link No.=10">
                <measResults>0 0 0 0 0 0 0 0 0 </measResults>
            </measValue>
            <measValue measObjLdn="sm1USN02/Diameter link:nodeName=link, Link No.=11">
                <measResults>0 0 0 0 0 0 0 0 0 </measResults>
            </measValue>
            <measValue measObjLdn="sm1USN02/Diameter link:nodeName=link, Link No.=12">
                <measResults>0 0 0 0 0 0 0 0 0 </measResults>
            </measValue>
            <measValue measObjLdn="sm1USN02/Diameter link:nodeName=link, Link No.=13">
                <measResults>0 0 0 0 0 0 0 0 0 </measResults>
            </measValue>
            <measValue measObjLdn="sm1USN02/Diameter link:nodeName=link, Link No.=14">
                <measResults>0 0 0 0 0 0 0 0 0 </measResults>
            </measValue>
            <measValue measObjLdn="sm1USN02/Diameter link:nodeName=link, Link No.=15">
                <measResults>0 0 0 0 0 0 0 0 0 </measResults>
            </measValue>
            <measValue measObjLdn="sm1USN02/Diameter link:nodeName=link, Link No.=2">
                <measResults>51365 49732 1615 484 936 3 26 0 0 </measResults>
            </measValue>
            <measValue measObjLdn="sm1USN02/Diameter link:nodeName=link, Link No.=3">
                <measResults>51092 49464 1623 503 920 4 24 0 0 </measResults>
            </measValue>
            <measValue measObjLdn="sm1USN02/Diameter link:nodeName=link, Link No.=4">
                <measResults>50418 48869 1541 475 899 3 25 0 0 </measResults>
            </measValue>
            <measValue measObjLdn="sm1USN02/Diameter link:nodeName=link, Link No.=5">
                <measResults>51031 49461 1558 517 873 3 21 0 0 </measResults>
            </measValue>
            <measValue measObjLdn="sm1USN02/Diameter link:nodeName=link, Link No.=6">
                <measResults>51150 49622 1523 452 869 6 22 0 0 </measResults>
            </measValue>
            <measValue measObjLdn="sm1USN02/Diameter link:nodeName=link, Link No.=7">
                <measResults>51038 49418 1608 510 921 8 14 0 0 </measResults>
            </measValue>
            <measValue measObjLdn="sm1USN02/Diameter link:nodeName=link, Link No.=8">
                <measResults>0 0 0 0 0 0 0 0 0 </measResults>
            </measValue>
            <measValue measObjLdn="sm1USN02/Diameter link:nodeName=link, Link No.=9">
                <measResults>0 0 0 0 0 0 0 0 0 </measResults>
            </measValue>
        </measInfo>
        <measInfo measInfoId="117496861">
            <granPeriod duration="PT3600S" endTime="2021-08-12T00:00:00+08:00"/>
            <repPeriod duration="PT3600S"/>
            <measTypes>117501013 117501014 117501015 117501016 117501017 117501018 </measTypes>
            <measValue measObjLdn="sm1USN02/Diameter link:nodeName=link, Link No.=0">
                <measResults>51352 51355 60 51292 3 0 </measResults>
            </measValue>
            <measValue measObjLdn="sm1USN02/Diameter link:nodeName=link, Link No.=1">
                <measResults>51004 51005 67 50938 0 0 </measResults>
            </measValue>
            <measValue measObjLdn="sm1USN02/Diameter link:nodeName=link, Link No.=10">
                <measResults>0 0 0 0 0 0 </measResults>
            </measValue>
            <measValue measObjLdn="sm1USN02/Diameter link:nodeName=link, Link No.=11">
                <measResults>0 0 0 0 0 0 </measResults>
            </measValue>
            <measValue measObjLdn="sm1USN02/Diameter link:nodeName=link, Link No.=12">
                <measResults>0 0 0 0 0 0 </measResults>
            </measValue>
            <measValue measObjLdn="sm1USN02/Diameter link:nodeName=link, Link No.=13">
                <measResults>0 0 0 0 0 0 </measResults>
            </measValue>
            <measValue measObjLdn="sm1USN02/Diameter link:nodeName=link, Link No.=14">
                <measResults>0 0 0 0 0 0 </measResults>
            </measValue>
            <measValue measObjLdn="sm1USN02/Diameter link:nodeName=link, Link No.=15">
                <measResults>0 0 0 0 0 0 </measResults>
            </measValue>
            <measValue measObjLdn="sm1USN02/Diameter link:nodeName=link, Link No.=2">
                <measResults>51073 51073 73 50995 5 0 </measResults>
            </measValue>
            <measValue measObjLdn="sm1USN02/Diameter link:nodeName=link, Link No.=3">
                <measResults>51301 51304 73 51229 2 0 </measResults>
            </measValue>
            <measValue measObjLdn="sm1USN02/Diameter link:nodeName=link, Link No.=4">
                <measResults>51329 51327 89 51233 5 0 </measResults>
            </measValue>
            <measValue measObjLdn="sm1USN02/Diameter link:nodeName=link, Link No.=5">
                <measResults>50999 51001 74 50923 4 0 </measResults>
            </measValue>
            <measValue measObjLdn="sm1USN02/Diameter link:nodeName=link, Link No.=6">
                <measResults>50892 50890 84 50803 3 0 </measResults>
            </measValue>
            <measValue measObjLdn="sm1USN02/Diameter link:nodeName=link, Link No.=7">
                <measResults>51143 51144 79 51063 2 0 </measResults>
            </measValue>
            <measValue measObjLdn="sm1USN02/Diameter link:nodeName=link, Link No.=8">
                <measResults>0 0 0 0 0 0 </measResults>
            </measValue>
            <measValue measObjLdn="sm1USN02/Diameter link:nodeName=link, Link No.=9">
                <measResults>0 0 0 0 0 0 </measResults>
            </measValue>
        </measInfo>
        <measInfo measInfoId="117490516">
            <granPeriod duration="PT3600S" endTime="2021-08-12T00:00:00+08:00"/>
            <repPeriod duration="PT3600S"/>
            <measTypes>117490912 117490913 117490914 </measTypes>
            <measValue measObjLdn="sm1USN02/Diameter linkset:nodeName=link, Diameter links index=10">
                <measResults>0 0 8 </measResults>
            </measValue>
            <measValue measObjLdn="sm1USN02/Diameter linkset:nodeName=link, Diameter links index=11">
                <measResults>0 0 8 </measResults>
            </measValue>
        </measInfo>
        <measInfo measInfoId="1912209433">
            <granPeriod duration="PT3600S" endTime="2021-08-12T00:00:00+08:00"/>
            <repPeriod duration="PT3600S"/>
            <measTypes>1912209771 1912209772 </measTypes>
            <measValue measObjLdn="sm1USN02/VM_USN:nodeName=link, VM NAME=SPU_O_0070">
                <measResults>79284 79271 </measResults>
            </measValue>
            <measValue measObjLdn="sm1USN02/VM_USN:nodeName=link, VM NAME=SPU_O_0071">
                <measResults>161164 161143 </measResults>
            </measValue>
            <measValue measObjLdn="sm1USN02/VM_USN:nodeName=link, VM NAME=SPU_O_0072">
                <measResults>99728 99726 </measResults>
            </measValue>
            <measValue measObjLdn="sm1USN02/VM_USN:nodeName=link, VM NAME=SPU_O_0084">
                <measResults>82448 82440 </measResults>
            </measValue>
            <measValue measObjLdn="sm1USN02/VM_USN:nodeName=link, VM NAME=SPU_O_0085">
                <measResults>101542 101534 </measResults>
            </measValue>
            <measValue measObjLdn="sm1USN02/VM_USN:nodeName=link, VM NAME=SPU_O_0086">
                <measResults>82163 82156 </measResults>
            </measValue>
            <measValue measObjLdn="sm1USN02/VM_USN:nodeName=link, VM NAME=SPU_O_0087">
                <measResults>146312 146301 </measResults>
            </measValue>
            <measValue measObjLdn="sm1USN02/VM_USN:nodeName=link, VM NAME=SPU_O_0088">
                <measResults>152956 152951 </measResults>
            </measValue>
            <measValue measObjLdn="sm1USN02/VM_USN:nodeName=link, VM NAME=SPU_O_0089">
                <measResults>84431 84410 </measResults>
            </measValue>
        </measInfo>
        <measInfo measInfoId="1912209434">
            <granPeriod duration="PT3600S" endTime="2021-08-12T00:00:00+08:00"/>
            <repPeriod duration="PT3600S"/>
            <measTypes>1912209821 1912209822 </measTypes>
            <measValue measObjLdn="sm1USN02/VM_USN:nodeName=link, VM NAME=SPU_O_0070">
                <measResults>0 0 </measResults>
            </measValue>
            <measValue measObjLdn="sm1USN02/VM_USN:nodeName=link, VM NAME=SPU_O_0071">
                <measResults>2315 2315 </measResults>
            </measValue>
            <measValue measObjLdn="sm1USN02/VM_USN:nodeName=link, VM NAME=SPU_O_0072">
                <measResults>0 0 </measResults>
            </measValue>
            <measValue measObjLdn="sm1USN02/VM_USN:nodeName=link, VM NAME=SPU_O_0084">
                <measResults>0 0 </measResults>
            </measValue>
            <measValue measObjLdn="sm1USN02/VM_USN:nodeName=link, VM NAME=SPU_O_0085">
                <measResults>0 0 </measResults>
            </measValue>
            <measValue measObjLdn="sm1USN02/VM_USN:nodeName=link, VM NAME=SPU_O_0086">
                <measResults>0 0 </measResults>
            </measValue>
            <measValue measObjLdn="sm1USN02/VM_USN:nodeName=link, VM NAME=SPU_O_0087">
                <measResults>0 0 </measResults>
            </measValue>
            <measValue measObjLdn="sm1USN02/VM_USN:nodeName=link, VM NAME=SPU_O_0088">
                <measResults>27345 27622 </measResults>
            </measValue>
            <measValue measObjLdn="sm1USN02/VM_USN:nodeName=link, VM NAME=SPU_O_0089">
                <measResults>0 0 </measResults>
            </measValue>
        </measInfo>
        <measInfo measInfoId="1912209437">
            <granPeriod duration="PT3600S" endTime="2021-08-12T00:00:00+08:00"/>
            <repPeriod duration="PT3600S"/>
            <measTypes>1912209800 1912209801 </measTypes>
            <measValue measObjLdn="sm1USN02/RU_USN:nodeName=link, RU NAME=LINK_SP_RU_0064">
                <measResults>24 20 </measResults>
            </measValue>
            <measValue measObjLdn="sm1USN02/RU_USN:nodeName=link, RU NAME=LINK_SP_RU_0065">
                <measResults>23 19 </measResults>
            </measValue>
            <measValue measObjLdn="sm1USN02/RU_USN:nodeName=link, RU NAME=LINK_SP_RU_0066">
                <measResults>23 19 </measResults>
            </measValue>
            <measValue measObjLdn="sm1USN02/RU_USN:nodeName=link, RU NAME=LINK_SP_RU_0070">
                <measResults>26 20 </measResults>
            </measValue>
            <measValue measObjLdn="sm1USN02/RU_USN:nodeName=link, RU NAME=LINK_SP_RU_0071">
                <measResults>24 19 </measResults>
            </measValue>
            <measValue measObjLdn="sm1USN02/RU_USN:nodeName=link, RU NAME=LINK_SP_RU_0072">
                <measResults>25 20 </measResults>
            </measValue>
            <measValue measObjLdn="sm1USN02/RU_USN:nodeName=link, RU NAME=LINK_SP_RU_0073">
                <measResults>22 19 </measResults>
            </measValue>
            <measValue measObjLdn="sm1USN02/RU_USN:nodeName=link, RU NAME=LINK_SP_RU_0074">
                <measResults>25 20 </measResults>
            </measValue>
            <measValue measObjLdn="sm1USN02/RU_USN:nodeName=link, RU NAME=LINK_SP_RU_0075">
                <measResults>23 19 </measResults>
            </measValue>
        </measInfo>
        <measInfo measInfoId="1912209438">
            <granPeriod duration="PT3600S" endTime="2021-08-12T00:00:00+08:00"/>
            <repPeriod duration="PT3600S"/>
            <measTypes>1912209810 1912209811 </measTypes>
            <measValue measObjLdn="sm1USN02/ScaleGroup_USN:nodeName=link, ScaleRroupName=SG1_LINK">
                <measResults>22 20 </measResults>
            </measValue>
        </measInfo>
    </measData>
    <fileFooter>
        <measCollec endTime="2021-08-12T00:00:00+08:00"/>
    </fileFooter>
</measCollecFile>
