<?xml version="1.0" encoding="UTF-8"?>
<measCollecFile xmlns="http://latest/nmc-omc/cmNrm.doc#measCollec" xmlns:xsi="http://www.w3.org/2001/XMLSchema-instance" xsi:schemaLocation="http://latest/nmc-omc/cmNrm.doc#measCollec schema\pmResultSchedule.xsd">
    <fileHeader fileFormatVersion="32.435 V7.2" vendorName="Huawei">
        <fileSender elementType="NodeB"/>
        <measCollec beginTime="2021-08-17T22:00:00+08:00"/>
    </fileHeader>
    <measData>
        <managedElement userLabel="MML00942HUNB001"/>
        <measInfo measInfoId="50331655">
            <granPeriod duration="PT3600S" endTime="2021-08-17T23:00:00+08:00"/>
            <repPeriod duration="PT3600S"/>
            <measTypes>50332573 50332574 50342574 50342575 50342635 50342636 </measTypes>
            <measValue measObjLdn="MML00942HUNB001/ULGROUP:UL BB Resource Group No.=1">
                <measResults>768 161.283 127.5 215.5 0 0 </measResults>
            </measValue>
            <measValue measObjLdn="MML00942HUNB001/ULGROUP:UL BB Resource Group No.=2">
                <measResults>1024 72.442 48.5 105.5 0 0 </measResults>
            </measValue>
        </measInfo>
        <measInfo measInfoId="50331656">
            <granPeriod duration="PT3600S" endTime="2021-08-17T23:00:00+08:00"/>
            <repPeriod duration="PT3600S"/>
            <measTypes>50332582 50332583 50332584 50332586 50342584 50342585 50342586 50342587 50342606 50342607 50342608 50342609 50342632 50342633 </measTypes>
            <measValue measObjLdn="MML00942HUNB001/BRD:Board Type=UBBP, Cabinet No.=0, Subrack No.=0, Slot No.=1">
                <measResults>1024 1024 0 0 0 0 0 0 0 0 0 0 0 0 </measResults>
            </measValue>
            <measValue measObjLdn="MML00942HUNB001/BRD:Board Type=UBBP, Cabinet No.=0, Subrack No.=0, Slot No.=2">
                <measResults>1024 768 88.708 161.283 69 119 127.5 215.5 6 10 10 16 0 0 </measResults>
            </measValue>
            <measValue measObjLdn="MML00942HUNB001/BRD:Board Type=UBBP, Cabinet No.=0, Subrack No.=0, Slot No.=3">
                <measResults>1024 1024 42.833 72.442 32 62 48.5 105.5 2 5 3 6 0 0 </measResults>
            </measValue>
            <measValue measObjLdn="MML00942HUNB001/BRD:Board Type=UMPT, Cabinet No.=0, Subrack No.=0, Slot No.=7">
                <measResults>0 0 0 0 0 0 0 0 0 0 0 0 0 0 </measResults>
            </measValue>
        </measInfo>
        <measInfo measInfoId="50331683">
            <granPeriod duration="PT3600S" endTime="2021-08-17T23:00:00+08:00"/>
            <repPeriod duration="PT3600S"/>
            <measTypes>50332627 </measTypes>
            <measValue measObjLdn="MML00942HUNB001/NODEBRRU:Cabinet No.=0, Subrack No.=60, Slot No.=0">
                <measResults>0 </measResults>
            </measValue>
            <measValue measObjLdn="MML00942HUNB001/NODEBRRU:Cabinet No.=0, Subrack No.=61, Slot No.=0">
                <measResults>0 </measResults>
            </measValue>
            <measValue measObjLdn="MML00942HUNB001/NODEBRRU:Cabinet No.=0, Subrack No.=62, Slot No.=0">
                <measResults>0 </measResults>
            </measValue>
            <measValue measObjLdn="MML00942HUNB001/NODEBRRU:Cabinet No.=0, Subrack No.=80, Slot No.=0">
                <measResults>0 </measResults>
            </measValue>
            <measValue measObjLdn="MML00942HUNB001/NODEBRRU:Cabinet No.=0, Subrack No.=81, Slot No.=0">
                <measResults>0 </measResults>
            </measValue>
            <measValue measObjLdn="MML00942HUNB001/NODEBRRU:Cabinet No.=0, Subrack No.=82, Slot No.=0">
                <measResults>0 </measResults>
            </measValue>
        </measInfo>
        <measInfo measInfoId="1542455297">
            <granPeriod duration="PT3600S" endTime="2021-08-17T23:00:00+08:00"/>
            <repPeriod duration="PT3600S"/>
            <measTypes>1542455297 1542455298 1542455299 1542455300 1542455301 1542455302 1542455303 1542455304 1542455305 1542455306 1542455307 1542460296 1542460297 </measTypes>
            <measValue measObjLdn="MML00942HUNB001/ETHPORT:Cabinet No.=0, Subrack No.=0, Slot No.=7, Port No.=0, Subboard Type=BASE_BOARD">
                <measResults>2202221067 18367961 9208373126 22367435 0 9661928 2656840 4893726 43310016 3085712 20461673 1000000 1000000 </measResults>
            </measValue>
            <measValue measObjLdn="MML00942HUNB001/ETHPORT:Cabinet No.=0, Subrack No.=0, Slot No.=7, Port No.=1, Subboard Type=BASE_BOARD">
                <measResults>0 0 0 0 0 0 0 0 0 0 0 0 0 </measResults>
            </measValue>
        </measInfo>
        <measInfo measInfoId="1542455301">
            <granPeriod duration="PT3600S" endTime="2021-08-17T23:00:00+08:00"/>
            <repPeriod duration="PT3600S"/>
            <measTypes>1542455326 1542455327 1542455328 1542455329 1542455330 1542455331 1542455332 1542455333 1542460727 1542460728 1542460729 </measTypes>
            <measValue measObjLdn="MML00942HUNB001/IP:Board Type=UMPT, Cabinet No.=0, Subrack No.=0, Slot No.=7">
                <measResults>18367601 1767768383 0 0 22362153 8656858864 0 0 27786 0 0 </measResults>
            </measValue>
        </measInfo>
        <measInfo measInfoId="1542455303">
            <granPeriod duration="PT3600S" endTime="2021-08-17T23:00:00+08:00"/>
            <repPeriod duration="PT3600S"/>
            <measTypes>1542455365 1542455367 1542455369 1542455371 1542455375 1542455376 1542455377 1542455378 </measTypes>
            <measValue measObjLdn="MML00942HUNB001/RSCGRP:Transmission Resource Group Bear Type=IP, Cabinet No.=0, Bearing Port No.=0, Bearing Port Type=ETH, Transmission Resource Group ID=AUTOPORT, Subboard Type=BASE_BOARD, Slot No.=7, Subrack No.=0">
                <measResults>2098387018 18367522 0 0 9464736 2518240 4662995 0 </measResults>
            </measValue>
            <measValue measObjLdn="MML00942HUNB001/RSCGRP:Transmission Resource Group Bear Type=IP, Cabinet No.=0, Bearing Port No.=1, Bearing Port Type=ETH, Transmission Resource Group ID=AUTOPORT, Subboard Type=BASE_BOARD, Slot No.=7, Subrack No.=0">
                <measResults>0 0 0 0 0 0 0 0 </measResults>
            </measValue>
        </measInfo>
        <measInfo measInfoId="1542455312">
            <granPeriod duration="PT3600S" endTime="2021-08-17T23:00:00+08:00"/>
            <repPeriod duration="PT3600S"/>
            <measTypes>1542460308 1542460309 1542460310 1542460311 1542460312 1542460313 1542460314 1542460315 1542460316 1542460317 1542460318 1542460319 1542460320 1542460321 1542460322 1542460323 1542460324 1542460325 1542460326 1542460327 1542460328 1542460329 1542460330 1542460331 1542460332 </measTypes>
            <measValue measObjLdn="MML00942HUNB001/RSCGRP:Transmission Resource Group Bear Type=IP, Cabinet No.=0, Bearing Port No.=0, Bearing Port Type=ETH, Transmission Resource Group ID=AUTOPORT, Subboard Type=BASE_BOARD, Slot No.=7, Subrack No.=0">
                <measResults>40806 40806 40806 0 0 0 0 0 0 0 0 0 0 8125673 0 0 0 1 0 0 0 0 0 0 0 </measResults>
            </measValue>
            <measValue measObjLdn="MML00942HUNB001/RSCGRP:Transmission Resource Group Bear Type=IP, Cabinet No.=0, Bearing Port No.=1, Bearing Port Type=ETH, Transmission Resource Group ID=AUTOPORT, Subboard Type=BASE_BOARD, Slot No.=7, Subrack No.=0">
                <measResults>0 0 0 0 0 0 0 0 0 0 0 0 0 0 0 0 0 0 0 0 0 0 0 0 0 </measResults>
            </measValue>
        </measInfo>
        <measInfo measInfoId="1542455309">
            <granPeriod duration="PT3600S" endTime="2021-08-17T23:00:00+08:00"/>
            <repPeriod duration="PT3600S"/>
            <measTypes>1542455826 1542455827 1542455828 1542455829 1542455833 1542455834 1542455835 1542455836 1542455837 1542455838 1542455839 1542455840 1542455841 1542455842 1542455843 1542455844 1542455845 1542455846 1542455847 1542455848 </measTypes>
            <measValue measObjLdn="MML00942HUNB001/OMCH:Standby Status=MASTER, Bearer Type=IPV4">
                <measResults>645 170 0 0 0 0 0 0 0 480 0 0 653 0 0 0 0 592 0 61 </measResults>
            </measValue>
        </measInfo>
        <measInfo measInfoId="1542455815">
            <granPeriod duration="PT3600S" endTime="2021-08-17T23:00:00+08:00"/>
            <repPeriod duration="PT3600S"/>
            <measTypes>1542460340 1542460341 1542460342 1542460343 1542460496 1542460497 1542460498 1542460499 1542460500 1542460501 1542460502 1542460503 1542460504 1542460505 1542460506 1542460507 1542460510 </measTypes>
            <measValue measObjLdn="MML00942HUNB001/IKE:Board Type=UMPT, Cabinet No.=0, Subrack No.=0, Slot No.=7">
                <measResults>0 0 0 0 0 0 0 0 0 0 0 0 0 0 0 0 0 </measResults>
            </measValue>
        </measInfo>
        <measInfo measInfoId="1542455817">
            <granPeriod duration="PT3600S" endTime="2021-08-17T23:00:00+08:00"/>
            <repPeriod duration="PT3600S"/>
            <measTypes>1542460356 1542460357 1542460358 1542460359 1542460360 1542460361 1542460362 1542460363 1542460364 1542460365 1542460366 1542460367 1542460368 1542460369 1542460370 1542460371 1542460372 1542460373 1542460374 1542460375 1542460376 </measTypes>
            <measValue measObjLdn="MML00942HUNB001/SCTPLNK:Link No.=31">
                <measResults>13206371 12218179 116924 169991 0 78816 0 29348 45304 16304 27153 37437 134637 0 0 0 0 0 0 134637 37446 </measResults>
            </measValue>
            <measValue measObjLdn="MML00942HUNB001/SCTPLNK:Link No.=32">
                <measResults>21389157 22301210 678502 836631 0 87704 22960 47529 88576 26360 49556 322223 618104 0 0 0 0 0 0 618104 322223 </measResults>
            </measValue>
        </measInfo>
        <measInfo measInfoId="1542455818">
            <granPeriod duration="PT3600S" endTime="2021-08-17T23:00:00+08:00"/>
            <repPeriod duration="PT3600S"/>
            <measTypes>1542455526 1542455527 1542455528 1542455529 1542455530 1542455531 1542455532 1542455533 1542455534 1542455535 </measTypes>
            <measValue measObjLdn="MML00942HUNB001/USERPLANEHOST:User Plane Host ID=3">
                <measResults>17125870 21346097 1666582088 8566961896 8175160 3703690 43521600 19038881 NIL NIL </measResults>
            </measValue>
        </measInfo>
        <measInfo measInfoId="1593835529">
            <granPeriod duration="PT3600S" endTime="2021-08-17T23:00:00+08:00"/>
            <repPeriod duration="PT3600S"/>
            <measTypes>1593835620 1593835628 1593835629 </measTypes>
            <measValue measObjLdn="MML00942HUNB001/NODE:NODE">
                <measResults>NIL 0.803 0 </measResults>
            </measValue>
        </measInfo>
        <measInfo measInfoId="1593835533">
            <granPeriod duration="PT3600S" endTime="2021-08-17T23:00:00+08:00"/>
            <repPeriod duration="PT3600S"/>
            <measTypes>1593835647 1593835648 1593835649 </measTypes>
            <measValue measObjLdn="MML00942HUNB001/NODE:NODE">
                <measResults>31357 31348 31351 </measResults>
            </measValue>
        </measInfo>
        <measInfo measInfoId="1593835531">
            <granPeriod duration="PT3600S" endTime="2021-08-17T23:00:00+08:00"/>
            <repPeriod duration="PT3600S"/>
            <measTypes>1593835630 1593835632 1593835633 1593835634 </measTypes>
            <measValue measObjLdn="MML00942HUNB001/BBUBoard:Board Type=UBBP, Cabinet No.=0, Subrack No.=0, Slot No.=1">
                <measResults>0 3 2 0 </measResults>
            </measValue>
            <measValue measObjLdn="MML00942HUNB001/BBUBoard:Board Type=UBBP, Cabinet No.=0, Subrack No.=0, Slot No.=2">
                <measResults>0 4 3 0 </measResults>
            </measValue>
            <measValue measObjLdn="MML00942HUNB001/BBUBoard:Board Type=UBBP, Cabinet No.=0, Subrack No.=0, Slot No.=3">
                <measResults>0 4 3 0 </measResults>
            </measValue>
            <measValue measObjLdn="MML00942HUNB001/BBUBoard:Board Type=UMPT, Cabinet No.=0, Subrack No.=0, Slot No.=7">
                <measResults>0 4 1 0 </measResults>
            </measValue>
        </measInfo>
        <measInfo measInfoId="1593835535">
            <granPeriod duration="PT3600S" endTime="2021-08-17T23:00:00+08:00"/>
            <repPeriod duration="PT3600S"/>
            <measTypes>1593835652 1593835653 1593835654 1593835655 1593835656 1593835657 1593835658 1593835659 1593835660 1593835661 1593835662 1593835663 1593835664 1593835665 1593835666 1593835667 1593835668 1593835669 1593835670 1593835671 </measTypes>
            <measValue measObjLdn="MML00942HUNB001/RADIOEQM:Cabinet No.=0, Subrack No.=60, Slot No.=0">
                <measResults>0 0 0 0 0 0 0 0 0 0 NIL NIL NIL NIL NIL NIL NIL NIL NIL NIL </measResults>
            </measValue>
            <measValue measObjLdn="MML00942HUNB001/RADIOEQM:Cabinet No.=0, Subrack No.=61, Slot No.=0">
                <measResults>0 0 0 0 0 0 0 0 0 0 NIL NIL NIL NIL NIL NIL NIL NIL NIL NIL </measResults>
            </measValue>
            <measValue measObjLdn="MML00942HUNB001/RADIOEQM:Cabinet No.=0, Subrack No.=62, Slot No.=0">
                <measResults>0 0 0 0 0 0 0 0 0 0 NIL NIL NIL NIL NIL NIL NIL NIL NIL NIL </measResults>
            </measValue>
            <measValue measObjLdn="MML00942HUNB001/RADIOEQM:Cabinet No.=0, Subrack No.=80, Slot No.=0">
                <measResults>NIL NIL NIL NIL NIL NIL NIL NIL NIL NIL 0 0 0 5 0 0 0 0 0 0 </measResults>
            </measValue>
            <measValue measObjLdn="MML00942HUNB001/RADIOEQM:Cabinet No.=0, Subrack No.=81, Slot No.=0">
                <measResults>NIL NIL NIL NIL NIL NIL NIL NIL NIL NIL 0 0 0 0 0 0 0 0 0 0 </measResults>
            </measValue>
            <measValue measObjLdn="MML00942HUNB001/RADIOEQM:Cabinet No.=0, Subrack No.=82, Slot No.=0">
                <measResults>NIL NIL NIL NIL NIL NIL NIL NIL NIL NIL 0 0 0 0 0 0 0 0 0 0 </measResults>
            </measValue>
        </measInfo>
        <measInfo measInfoId="1593835539">
            <granPeriod duration="PT3600S" endTime="2021-08-17T23:00:00+08:00"/>
            <repPeriod duration="PT3600S"/>
            <measTypes>1593835767 </measTypes>
            <measValue measObjLdn="MML00942HUNB001/RADIOEQM:Cabinet No.=0, Subrack No.=60, Slot No.=0">
                <measResults>3600 </measResults>
            </measValue>
            <measValue measObjLdn="MML00942HUNB001/RADIOEQM:Cabinet No.=0, Subrack No.=61, Slot No.=0">
                <measResults>3600 </measResults>
            </measValue>
            <measValue measObjLdn="MML00942HUNB001/RADIOEQM:Cabinet No.=0, Subrack No.=62, Slot No.=0">
                <measResults>3600 </measResults>
            </measValue>
            <measValue measObjLdn="MML00942HUNB001/RADIOEQM:Cabinet No.=0, Subrack No.=80, Slot No.=0">
                <measResults>3600 </measResults>
            </measValue>
            <measValue measObjLdn="MML00942HUNB001/RADIOEQM:Cabinet No.=0, Subrack No.=81, Slot No.=0">
                <measResults>3600 </measResults>
            </measValue>
            <measValue measObjLdn="MML00942HUNB001/RADIOEQM:Cabinet No.=0, Subrack No.=82, Slot No.=0">
                <measResults>3600 </measResults>
            </measValue>
        </measInfo>
        <measInfo measInfoId="1593835544">
            <granPeriod duration="PT3600S" endTime="2021-08-17T23:00:00+08:00"/>
            <repPeriod duration="PT3600S"/>
            <measTypes>1593835835 </measTypes>
            <measValue measObjLdn="MML00942HUNB001/BU:Cabinet No.=0, Subrack No.=0">
                <measResults>0.20428249 </measResults>
            </measValue>
        </measInfo>
        <measInfo measInfoId="1593835545">
            <granPeriod duration="PT3600S" endTime="2021-08-17T23:00:00+08:00"/>
            <repPeriod duration="PT3600S"/>
            <measTypes>1593835836 </measTypes>
            <measValue measObjLdn="MML00942HUNB001/BTSBoard:Cabinet No.=0, Subrack No.=60, Slot No.=0">
                <measResults>0.2063075 </measResults>
            </measValue>
            <measValue measObjLdn="MML00942HUNB001/BTSBoard:Cabinet No.=0, Subrack No.=61, Slot No.=0">
                <measResults>0.20431916 </measResults>
            </measValue>
            <measValue measObjLdn="MML00942HUNB001/BTSBoard:Cabinet No.=0, Subrack No.=62, Slot No.=0">
                <measResults>0.19668083 </measResults>
            </measValue>
            <measValue measObjLdn="MML00942HUNB001/BTSBoard:Cabinet No.=0, Subrack No.=80, Slot No.=0">
                <measResults>0.27805668 </measResults>
            </measValue>
            <measValue measObjLdn="MML00942HUNB001/BTSBoard:Cabinet No.=0, Subrack No.=81, Slot No.=0">
                <measResults>0.24248669 </measResults>
            </measValue>
            <measValue measObjLdn="MML00942HUNB001/BTSBoard:Cabinet No.=0, Subrack No.=82, Slot No.=0">
                <measResults>0.27347666 </measResults>
            </measValue>
        </measInfo>
        <measInfo measInfoId="50331648">
            <granPeriod duration="PT3600S" endTime="2021-08-17T23:00:00+08:00"/>
            <repPeriod duration="PT3600S"/>
            <measTypes>50331654 50331655 50331656 50331657 50331658 50331659 50331660 50331661 50331662 50331663 50331664 50331665 50331666 50331667 50331668 50331669 50331670 50331671 50331672 50331673 50331674 50331675 50331676 50331677 50331678 50331679 50331680 50331681 50331682 50331683 50331684 50331685 50331686 50331687 50331688 50331689 50331690 50331691 50331692 50331693 50331694 50331695 50331696 50331697 50331698 50331699 50331709 50331710 50331711 50331712 50331713 50331714 50331717 50331718 50331719 50331720 50331721 50331722 50331723 50331724 50331745 50331746 50331754 50331755 50331756 50331757 50331758 50331759 50331760 50331761 50331762 50331763 50331764 50331765 50331766 50331767 50331768 50331769 50331770 50331771 50331772 50331773 50331774 50331775 50331776 50331777 50331778 50331779 50331780 50331781 50331782 50331783 50331784 50331785 50331786 50331787 50331788 50331789 50331790 50331791 50331792 50331793 50331794 50331795 50331796 50331797 50331798 50331799 50331800 50331801 50331802 50331803 50331804 50331805 50331806 50331807 50331808 50331809 50331810 50331811 50331812 50331813 50331814 50331815 50331816 50331817 50331818 50331819 50331820 50331821 50331838 50331839 50331840 50332168 50332169 50332170 50332173 50332174 50332215 50332216 50332217 50341648 50341649 50341650 50341651 50341652 50341653 50341654 50341655 50341656 50341657 50341658 50341659 50341668 50341669 50341670 50341671 50341672 50341675 50341676 50341677 50341678 50341679 50341680 50341685 50341686 50341687 50341688 50341689 50341690 50341691 50341692 50341693 50341694 50341695 50341696 50341697 50341698 50341699 50341700 50341701 50341702 50341703 50341704 50341705 50341706 50341707 50341708 50341709 50341710 50341711 50341712 50341713 50341714 50341715 50341716 50341717 50341722 50341739 50341740 </measTypes>
            <measValue measObjLdn="MML00942HUNB001/ULoCell:NodeB Function Name=MML00942HUNB001, Local Cell ID=10121, Cell Name=JLUNAU1">
                <measResults>1283536 220151 96060 1055143 209134 11929 4620 2710 0 0 0 0 0 0 12507 8298 8061 13035 13522 18418 35057 35581 68200 85979 139565 159027 190969 198245 193136 231346 177538 188697 171224 158595 140825 91262 77903 59570 53774 48541 55834 52796 37434 16061 9064 15779 41235 1575876 0 0 0 0 0 0 0 0 0 542350 1016325 1599910 2954749 7567213989 0 85872 5046 3708 6621 10776 10992 51879 14105 22159 25202 45202 65958 105648 116449 130003 108513 104672 97695 103433 92629 85576 73447 59688 45056 25784 21533 21762 18099 16139 11549 14599 0 0 0 0 0 0 0 0 0 0 0 0 0 0 0 0 0 0 0 0 0 0 0 0 0 0 0 0 0 0 0 0 0 0 0 0 7566949713 1412478 11538 0 0 0 0 0 0 0 0 222 355 14 655 998 7 222 282 655 835 1000 784 2083408 8308147 8498 2083408 2657408 24 67 2 488 745 8 0 5 0 7.881 12.514 12.028 13 0.09 6 119 9 0 0 0 0 0 0 NIL 690 783 540 0 0 0 0 0 0 0 0 0 0 0 0 14606 0 0 </measResults>
            </measValue>
            <measValue measObjLdn="MML00942HUNB001/ULoCell:NodeB Function Name=MML00942HUNB001, Local Cell ID=10122, Cell Name=JLUNAU2">
                <measResults>671894 63005 39161 607166 58748 3298 1480 1202 0 0 0 0 0 0 6274 6327 13591 4613 6301 8257 14991 15857 28397 36124 59900 69794 94450 103964 113935 152812 100243 133761 113239 138832 108939 92517 84729 72246 60459 54785 57608 42166 22679 9224 5329 3626 23897 752839 0 0 0 0 0 0 0 0 0 198903 551359 774159 973285 3947348646 0 66747 5191 1865 5882 4978 5987 31854 10626 14091 15029 22219 26845 34266 34743 51427 63496 62697 59580 46148 37189 32023 30391 22848 19222 13755 10554 9709 8588 7527 6771 11553 0 0 0 0 0 0 0 0 0 0 0 0 0 0 0 0 0 0 0 0 0 0 0 0 0 0 0 0 0 0 0 0 0 0 0 0 3946883934 741907 30001 0 0 0 0 0 0 0 0 107 294 2 300 996 1 107 258 300 724 999 412 1086873 6638994 718 1087961 2638041 12 65 0 248 755 0 0 6 0 3.811 13.386 12.697 13.817 0.007 16 72 3 0 0 0 0 0 0 NIL 755 823 632 0 0 0 0 0 0 0 0 0 0 0 0 14914 2 0 </measResults>
            </measValue>
            <measValue measObjLdn="MML00942HUNB001/ULoCell:NodeB Function Name=MML00942HUNB001, Local Cell ID=10123, Cell Name=JLUNAU3">
                <measResults>580714 59139 39625 517774 56506 3625 1704 1105 0 0 0 0 0 0 5475 7317 5914 4457 4234 7887 14020 15735 27093 32548 48229 57642 78396 93527 112786 162207 124123 157246 123118 144278 127080 121851 136729 119464 102152 92910 103224 86687 64587 49595 37133 78790 34364 648638 0 0 0 0 0 0 0 0 0 308217 336936 679517 848533 4521551844 0 83383 5103 1604 2646 4224 5394 35386 9281 9717 8845 17780 19493 22945 14062 24105 30224 28449 30537 27148 20804 20887 28211 26781 33723 30199 34737 34731 24431 17939 11144 15567 0 0 0 0 0 0 0 0 0 0 0 0 0 0 0 0 0 0 0 0 0 0 0 0 0 0 0 0 0 0 0 0 0 0 0 0 4521039677 643525 36534 0 0 0 0 0 0 0 0 94 307 5 242 985 3 94 260 242 670 1000 357 1245590 8910117 6410 1245590 3489048 9 48 0 188 752 1 0 1 0 3.095 12.696 12.758 14 0.039 19 94 6 0 0 0 0 0 0 NIL 749 820 611 0 0 0 0 0 0 0 0 0 0 0 0 19096 0 0 </measResults>
            </measValue>
            <measValue measObjLdn="MML00942HUNB001/ULoCell:NodeB Function Name=MML00942HUNB001, Local Cell ID=50121, Cell Name=JLUNAN4">
                <measResults>986823 131523 88418 851962 117660 9534 4665 3002 0 0 0 0 0 0 13141 1456 3928 1068 1454 1774 3143 3915 8366 14095 26534 39256 63954 96438 134870 198808 171507 233176 217560 268036 251630 230279 239221 195955 186228 167450 207613 145100 98587 72350 55927 43556 49709 1206615 0 0 0 0 0 0 0 0 0 454680 702467 1206856 2006084 6693580510 0 114032 7198 2883 2913 7441 5605 56405 12477 13603 11657 21638 23525 46092 46464 68859 63299 74511 76024 83044 77476 68329 63171 49178 51918 35783 33131 29844 12818 15672 8812 22809 0 0 0 0 0 0 0 0 0 0 0 0 0 0 0 0 0 0 0 0 0 0 0 0 0 0 0 0 0 0 0 0 0 0 0 0 6693018326 1057475 16848 0 0 0 0 0 0 0 0 167 360 24 470 996 10 167 283 470 796 1000 587 1842859 7229990 14507 1842859 3139453 33 99 4 391 847 13 0 1 0 5.96 13.816 12.656 13.931 0.126 9 129 11 0 0 0 0 0 0 NIL 839 894 719 0 0 0 0 0 0 0 0 0 0 0 0 19778 0 0 </measResults>
            </measValue>
            <measValue measObjLdn="MML00942HUNB001/ULoCell:NodeB Function Name=MML00942HUNB001, Local Cell ID=50122, Cell Name=JLUNAN5">
                <measResults>942852 124711 51966 817037 113312 7069 3338 2096 0 0 0 0 0 0 7040 1816 3364 887 1012 1064 2105 2440 4885 7439 14602 22365 44140 73089 106311 154547 116536 159556 141053 175213 143722 126059 122327 103401 95853 100240 146321 111291 65580 43902 30902 27996 28077 1119187 0 0 0 0 0 0 0 0 0 426952 664579 1119608 1711251 7383099224 0 66662 5189 1820 1962 3558 3971 27824 4787 8770 10077 17258 23298 44680 62818 80221 72989 68078 66728 68837 71537 63081 51548 38733 44461 36019 43867 51354 29420 25564 10074 14314 0 0 0 0 0 0 0 0 0 0 0 0 0 0 0 0 0 0 0 0 0 0 0 0 0 0 0 0 0 0 0 0 0 0 0 0 7382815528 1037470 10145 0 0 0 0 0 0 0 0 155 316 4 493 997 1 155 269 493 854 1000 576 2034975 8223110 1018 2034975 3532943 29 123 1 434 864 0 0 4 0 6.426 13.634 13.035 14 0.018 5 78 4 0 0 0 0 0 0 NIL 869 908 790 0 0 0 0 0 0 0 0 0 0 0 0 18553 0 0 </measResults>
            </measValue>
            <measValue measObjLdn="MML00942HUNB001/ULoCell:NodeB Function Name=MML00942HUNB001, Local Cell ID=50123, Cell Name=JLUNAN6">
                <measResults>926374 127322 107606 797537 111810 6700 4856 5471 0 0 0 0 0 0 16052 2409 940 2600 1469 1448 2734 2718 4821 6619 12320 17619 25607 35431 50842 87319 103144 152668 179191 219491 218241 169482 128122 132021 122043 115116 189603 199116 226705 196247 172067 177303 262045 1158026 0 0 0 0 0 0 0 0 0 339781 559515 1161341 1670014 9866543413 0 108571 6160 1932 1895 4969 7336 54750 6782 7672 7362 16053 13233 39143 16608 26291 33242 53814 74446 98656 76439 53064 37792 22009 27641 20718 22344 30466 20496 30822 28180 211928 0 0 0 0 0 0 0 0 0 0 0 0 0 0 0 0 0 0 0 0 0 0 0 0 0 0 0 0 0 0 0 0 0 0 0 0 9866090821 1019553 12954 0 0 0 0 0 0 0 0 161 321 17 465 996 22 161 283 465 819 1000 566 2720799 11244846 95371 2720799 4807065 25 81 3 381 866 21 0 10 0 6.036 13.343 12.963 14 0.285 6 124 10 0 0 0 0 0 0 NIL 842 904 713 0 0 0 0 0 0 0 0 0 0 0 0 22508 0 0 </measResults>
            </measValue>
            <measValue measObjLdn="MML00942HUNB001/ULoCell:NodeB Function Name=MML00942HUNB001, Local Cell ID=60121, Cell Name=JLUNAN1">
                <measResults>999076 137372 107118 850441 126156 12376 6103 4000 0 0 0 0 0 0 12656 9033 6461 7276 10856 13368 28079 26453 48125 59712 102886 133749 189641 218644 227574 268282 198048 233182 202207 220658 197082 149457 129155 106528 90223 79907 91731 56580 25674 10788 4765 3620 29394 1231806 0 0 0 0 0 0 0 0 0 565894 648396 1243684 1910587 6366487735 0 98436 6657 1925 2440 8121 8099 51600 14650 12672 14810 28593 30159 43724 42294 58896 64806 88764 95050 98837 79483 71395 63714 50071 58700 41988 36701 28956 16848 10464 7643 7108 0 0 0 0 0 0 0 0 0 0 0 0 0 0 0 0 0 0 0 0 0 0 0 0 0 0 0 0 0 0 0 0 0 0 0 0 6366114588 1086098 19421 0 0 0 0 0 0 0 0 172 347 7 491 995 3 172 285 491 813 1000 603 1752868 5928192 6085 1752868 2906912 32 111 1 398 829 1 0 28 0 5.851 12.857 11.914 13 0.034 10 134 12 0 0 0 0 0 0 NIL 820 894 682 0 0 0 0 0 0 0 0 0 0 0 0 15897 0 0 </measResults>
            </measValue>
            <measValue measObjLdn="MML00942HUNB001/ULoCell:NodeB Function Name=MML00942HUNB001, Local Cell ID=60122, Cell Name=JLUNAN2">
                <measResults>906844 115879 78108 785568 107907 6829 4014 2526 0 0 0 0 0 0 11226 26782 12989 13126 15054 14181 26954 22141 38435 42881 63778 70780 91137 114722 138310 185356 160601 194244 183418 206226 182277 143457 138558 108725 90634 89378 122948 71348 39257 24371 13341 7282 86792 1091595 0 0 0 0 0 0 0 0 0 438247 575862 1100901 1590275 6485021359 0 88382 10335 2130 2850 9775 21573 50992 22397 19089 23514 31807 39214 64164 48786 53866 40999 48308 42148 41822 33685 29945 37750 34339 45690 38963 44088 43625 33521 32494 30171 34231 0 0 0 0 0 0 0 0 0 0 0 0 0 0 0 0 0 0 0 0 0 0 0 0 0 0 0 0 0 0 0 0 0 0 0 0 6484512065 1031500 71188 0 0 0 0 0 0 0 0 152 374 6 389 991 4 152 264 389 677 1000 573 1785952 8093235 1398 1785952 3116845 26 125 1 354 858 2 0 139 0 4.824 13.405 12.389 14 0.043 39 118 8 0 0 0 0 0 0 NIL 844 902 676 0 0 0 0 0 0 0 0 0 0 0 0 16450 0 0 </measResults>
            </measValue>
            <measValue measObjLdn="MML00942HUNB001/ULoCell:NodeB Function Name=MML00942HUNB001, Local Cell ID=60123, Cell Name=JLUNAN3">
                <measResults>831437 125811 127102 695834 115090 10439 5108 4966 0 0 0 0 0 0 19328 3692 4017 3919 6288 10277 21750 25493 46084 60657 90628 102137 118007 126611 133773 155500 123737 139327 132996 153988 148327 125953 126694 102447 103640 105519 171825 172975 156610 117961 98004 168997 334989 1063102 0 0 0 0 0 0 0 0 0 225319 524062 1084370 1464958 8270700870 0 117976 14605 1421 2068 6546 8309 55490 19076 10094 12557 24647 25855 37144 37879 54245 43088 58372 42205 23298 18725 17046 19143 15557 24349 15943 19397 26090 23326 29258 36004 244038 0 0 0 0 0 0 0 0 0 0 0 0 0 0 0 0 0 0 0 0 0 0 0 0 0 0 0 0 0 0 0 0 0 0 0 0 8269956190 923487 21628 0 0 0 0 0 0 0 0 150 364 8 374 994 6 150 289 374 721 1000 513 2279165 11035245 11915 2279165 4442817 25 122 2 306 802 2 0 18 0 4.601 12.488 12.272 13.296 0.079 11 151 16 1 0 0 0 0 0 NIL 840 895 746 0 0 0 0 0 0 0 0 0 0 0 0 21972 0 0 </measResults>
            </measValue>
        </measInfo>
        <measInfo measInfoId="50331650">
            <granPeriod duration="PT3600S" endTime="2021-08-17T23:00:00+08:00"/>
            <repPeriod duration="PT3600S"/>
            <measTypes>50332548 50332549 50332550 50332554 50342548 50342549 50342550 50342554 50342612 50342613 50342615 50342616 </measTypes>
            <measValue measObjLdn="MML00942HUNB001/ULoCell:NodeB Function Name=MML00942HUNB001, Local Cell ID=10121, Cell Name=JLUNAU1">
                <measResults>0 0 32.81 15.433 0 0 62 27 0 0 0 0 </measResults>
            </measValue>
            <measValue measObjLdn="MML00942HUNB001/ULoCell:NodeB Function Name=MML00942HUNB001, Local Cell ID=10122, Cell Name=JLUNAU2">
                <measResults>0 0 17.669 7.825 0 0 44.5 16 0 0 0 0 </measResults>
            </measValue>
            <measValue measObjLdn="MML00942HUNB001/ULoCell:NodeB Function Name=MML00942HUNB001, Local Cell ID=10123, Cell Name=JLUNAU3">
                <measResults>0 0 22.544 10.71 0 0 43 20 0 0 0 0 </measResults>
            </measValue>
            <measValue measObjLdn="MML00942HUNB001/ULoCell:NodeB Function Name=MML00942HUNB001, Local Cell ID=50121, Cell Name=JLUNAN4">
                <measResults>0 0 29.987 12.317 0 0 56.5 21 0 0 0 0 </measResults>
            </measValue>
            <measValue measObjLdn="MML00942HUNB001/ULoCell:NodeB Function Name=MML00942HUNB001, Local Cell ID=50122, Cell Name=JLUNAN5">
                <measResults>0 0 17.309 7.282 0 0 39.5 15 0 0 0 0 </measResults>
            </measValue>
            <measValue measObjLdn="MML00942HUNB001/ULoCell:NodeB Function Name=MML00942HUNB001, Local Cell ID=50123, Cell Name=JLUNAN6">
                <measResults>0 0 23.683 10.232 0 0 41.5 19 0 0 0 0 </measResults>
            </measValue>
            <measValue measObjLdn="MML00942HUNB001/ULoCell:NodeB Function Name=MML00942HUNB001, Local Cell ID=60121, Cell Name=JLUNAN1">
                <measResults>0 0 32.916 15.428 0 0 70 26 0 0 0 0 </measResults>
            </measValue>
            <measValue measObjLdn="MML00942HUNB001/ULoCell:NodeB Function Name=MML00942HUNB001, Local Cell ID=60122, Cell Name=JLUNAN2">
                <measResults>0 0 24.734 11.174 0 0 40.5 21 0 0 0 0 </measResults>
            </measValue>
            <measValue measObjLdn="MML00942HUNB001/ULoCell:NodeB Function Name=MML00942HUNB001, Local Cell ID=60123, Cell Name=JLUNAN3">
                <measResults>0 0 33.828 15.275 0 0 62.5 29 0 0 0 0 </measResults>
            </measValue>
        </measInfo>
        <measInfo measInfoId="50331651">
            <granPeriod duration="PT3600S" endTime="2021-08-17T23:00:00+08:00"/>
            <repPeriod duration="PT3600S"/>
            <measTypes>50331850 50331851 50331852 50331853 50331854 50331855 50331856 50331857 50331858 50331859 50331860 50331861 50331862 50331863 50331864 50331865 50331866 50331867 50331868 50331869 50331870 50331871 50331872 50331873 50331874 50331875 50331876 50331877 50331878 50331879 50331885 50331886 50331887 50331888 50331889 50331892 50331903 50331904 50331908 50331925 50331926 50331927 50331928 50331929 50331930 50331931 50331957 50331958 50331959 50331961 50331962 50331963 50331964 50331965 50331966 50331967 50331971 50331972 50331973 50331974 50331987 50331988 50331989 50331990 50331991 50331992 50331993 50331995 50332378 50332379 50332380 50332385 50332386 50332387 50332498 50332499 50332500 50332501 50332503 50332507 50332623 50332638 50341849 50341850 50341851 50341852 50341853 50341854 50341855 50341856 50341857 50341858 50341859 50341864 50341865 50341866 50341868 50341869 50341870 50341871 50341872 50341873 50341874 50341875 50341876 50341877 50341878 50341879 50341880 50341881 50341882 50341883 50341884 50341885 50341886 50341887 50341888 50341889 50341890 50341891 50341892 50341893 50341894 50341895 50341896 50341897 50341898 50341980 50341981 50341982 50341983 50341984 50341985 50341986 50341994 50361698 50361699 50361701 </measTypes>
            <measValue measObjLdn="MML00942HUNB001/ULoCell:NodeB Function Name=MML00942HUNB001, Local Cell ID=10121, Cell Name=JLUNAU1">
                <measResults>1297933 133570 88185 67741 53330 44581 36530 28859 34273 12003 1947 188 42 33 21 13 5 1 1 2 0 0 1 0 0 752 757 1772089 1800011 1706292 1222100 271475 12533873 842828 145139 14 390 820 1452545 47825 0 0 0 0 0 0 0 78 65 149457 0 0 0 0 0 0 23853 13981 9059 243848 7973 33364 115963 286891 178653 57540 13708 1146891 676867 190808 470694 1.02 150814 548362 0 0 NIL NIL 0 0.9 0 0 99 2.896 8.365 0.073 0.198 6 0 0 0 80 0 217 158 0 NIL NIL 1.824 0.098 0.011 0.005 0 0 26473.568 0 0 0 0 0 0 1063130.75 6.601 0.698 0.268 0.114 0.123 0.025 0.011 0.006 1.352 0 0 71 NIL NIL 492 2096.78 7415.778 29218.549 100964.578 88707.398 29135 8271.218 150374.938 0 NIL 0 </measResults>
            </measValue>
            <measValue measObjLdn="MML00942HUNB001/ULoCell:NodeB Function Name=MML00942HUNB001, Local Cell ID=10122, Cell Name=JLUNAU2">
                <measResults>1779588 11804 3714 1732 727 494 381 311 431 283 163 80 72 63 43 25 27 17 4 2 3 1 0 1 0 44 76 1118841 1800010 1525642 885074 194007 9089514 575246 97983 5 333 407 1092837 1014 85 85 0 0 0 0 0 64 49 2154 108 108 0 0 0 0 10594 13705 13685 216155 14477 29723 63886 190564 188814 62847 11961 738724 517217 202825 269350 0.752 195360 337507 0 0 NIL NIL 0 0.62 0 0 88 1.943 7.256 0.049 0.143 4 0 0 0 80 0 129 94 0 NIL NIL 1.994 0.099 0.004 0.001 0 0 1091.01 8.346 8.346 0 0 0 0 822347.813 3.972 0.474 0.195 0.087 0.107 0.021 0.009 0.005 1.483 0 0 105 NIL NIL 444 2905.758 7146.57 16759.34 62819.219 71473.078 39815.465 13779.66 132147.25 0 NIL 0 </measResults>
            </measValue>
            <measValue measObjLdn="MML00942HUNB001/ULoCell:NodeB Function Name=MML00942HUNB001, Local Cell ID=10123, Cell Name=JLUNAU3">
                <measResults>1781477 14848 2929 485 87 87 3 0 12 0 0 0 0 0 0 0 0 0 0 0 0 0 0 0 0 82 82 899172 1800010 1386228 713655 152944 9336356 633892 99315 5 355 694 1072624 0 0 0 0 0 0 0 0 141 121 0 0 0 0 0 0 0 7160 20761 19907 279478 3938 15413 30373 153789 150734 106593 26836 627481 566717 249538 262126 0.54 229533 354815 0 0 NIL NIL 0 0.44 0 0 74 1.5 6.586 0.051 0.178 5 0 0 0 73 0 156 106 0 NIL NIL 2.04 0.118 0.004 0.001 0 0 0 0 0 0 0 0 0 648900.875 3.843 0.311 0.135 0.069 0.095 0.02 0.006 0.001 1.661 0 0 156 NIL NIL 384 1004.642 4453.422 8983.422 43739.852 69473.039 62581.762 21062.758 108422.688 0 NIL 0 </measResults>
            </measValue>
            <measValue measObjLdn="MML00942HUNB001/ULoCell:NodeB Function Name=MML00942HUNB001, Local Cell ID=50121, Cell Name=JLUNAN4">
                <measResults>1503650 135523 50615 29101 18534 12578 8958 6954 9821 5883 4880 2980 2245 1623 1610 1559 1343 1041 324 109 102 59 41 39 29 423 2321 2203427 1800024 1746356 1797716 698362 14792387 1384880 495398 11 500 848 1476148 36815 12345 8242 4714 3393 535 0 4 99 82 155733 47186 29259 14558 8965 1269 0 79965 71612 36707 589761 1416 4225 18162 155242 278042 334291 211571 1466332 1029075 624158 415507 1.462 595371 468073 0 0 NIL NIL 0 1.06 0 0 104 3.506 8.96 0.099 0.271 8 0 0 0 80 0 253 191 0 NIL NIL 3.576 0.353 0.017 0.001 0 0 41824.82 11517.678 7289.982 3186.618 1958.208 254.526 0 1335771.25 6.647 0.586 0.221 0.095 0.109 0.024 0.007 0.001 2.795 0 1 82 NIL NIL 418 345.6 817.536 5102.294 51137.395 92872.398 129533.578 223198.438 207308.406 0 NIL 0 </measResults>
            </measValue>
            <measValue measObjLdn="MML00942HUNB001/ULoCell:NodeB Function Name=MML00942HUNB001, Local Cell ID=50122, Cell Name=JLUNAN5">
                <measResults>1551431 123035 44149 24546 16600 11700 7481 4953 5481 3271 2357 1613 1257 608 288 245 162 124 89 92 103 68 58 42 0 270 863 1383345 1799929 1560062 1119067 280072 10668517 767543 139093 9 298 549 1150617 15555 2754 1790 250 50 0 0 5 111 99 40243 7572 4633 832 122 0 0 13024 40586 10511 408198 955 3723 9337 109947 166924 132686 56207 550707 619178 404361 250865 0.762 335473 306076 0 0 NIL NIL 0 0.604 0 0 96 2.036 7.448 0.048 0.182 4 0 0 0 47 0 136 94 0 NIL NIL 2.808 0.233 0.005 0.001 0 0 15748.832 2623.666 1878.34 207.126 80.58 0 0 859209.25 4.167 0.375 0.138 0.069 0.087 0.019 0.005 0 2.131 0 0 89 NIL NIL 313 322.41 829.092 2590.63 29685.637 55115.656 64494.695 34491.137 90793.5 0 NIL 0 </measResults>
            </measValue>
            <measValue measObjLdn="MML00942HUNB001/ULoCell:NodeB Function Name=MML00942HUNB001, Local Cell ID=50123, Cell Name=JLUNAN6">
                <measResults>1727388 34117 5958 4002 4395 2775 1901 1368 1826 1439 1252 3343 3040 3754 862 643 636 189 77 41 44 23 24 689 5 235 1357 1680702 1800026 1566966 1217083 365914 10900419 1058304 238793 13 565 707 1248922 15288 8886 7858 4507 1725 427 389 4 156 135 28150 15456 13966 8996 3296 410 301 26166 37821 14016 562751 505 2170 11045 94519 241188 176352 187225 1070251 775953 501858 293882 0.878 441361 361124 0 0 NIL NIL 0 0.67 0 0 111 2.297 8.434 0.087 0.204 8 0 0 0 80 0 230 159 0 NIL NIL 3.412 0.204 0.011 0.002 0 0 7704.998 3623.94 3245.748 2011.164 803.124 18.738 6.45 875934.938 4.047 0.326 0.117 0.056 0.082 0.022 0.006 0.002 2.616 0 0 95 NIL NIL 349 187.044 618.102 3218.184 21977.852 85482.352 64676.273 150292.734 117704.25 0 NIL 0 </measResults>
            </measValue>
            <measValue measObjLdn="MML00942HUNB001/ULoCell:NodeB Function Name=MML00942HUNB001, Local Cell ID=60121, Cell Name=JLUNAN1">
                <measResults>0 0 0 0 0 84 24762 185170 830476 505905 146322 47018 21680 11812 8204 5441 4806 2953 1694 788 585 497 417 652 45 716 8900 3268785 1800027 1777791 1812869 951272 14357021 1263021 710899 12 568 730 1375483 1777814 237145 78166 19976 13640 4296 786 9 59 50 8088575 1433059 479062 102038 62141 15786 1487 20542 16464 13817 479158 7050 27806 67417 248253 243230 112485 19795 1741511 665634 460336 398083 1.906 281235 412953 0 0 NIL NIL 0 1.664 0 0 145 4.493 17.92 0.094 0.253 9 0 0 0 50 0 304 240 3 NIL NIL 2.327 0.161 0.004 0.001 0 0 1007336.188 206827.656 76973.594 20486.516 12608.45 1026.288 86.052 1007336.188 8.811 0.634 0.223 0.105 0.108 0.018 0.003 0 1.602 0 4 43 NIL NIL 415 1898.82 6677.17 16296.806 75105.141 78321.5 53983.816 14785.178 150924.156 0 NIL 0 </measResults>
            </measValue>
            <measValue measObjLdn="MML00942HUNB001/ULoCell:NodeB Function Name=MML00942HUNB001, Local Cell ID=60122, Cell Name=JLUNAN2">
                <measResults>0 0 0 0 0 0 0 0 0 0 0 0 1 289385 1309094 137826 44041 6405 2378 1379 2899 1563 511 462 1734 2347 21005 2787168 1800025 1740471 1649566 508470 12530972 1038217 216685 10 435 800 1466119 1740446 1740446 1740446 1740446 1577859 9301 4028 32 160 166 5993913 5993913 5993913 5993913 5613458 40361 19140 20830 36805 59981 385046 10661 22012 44644 219573 371147 269818 72920 1145880 633839 379568 454833 1.548 195492 466100 0 0 NIL NIL 0 1.25 0 0 150 3.33 9.348 0.057 0.162 8 4 0 0 46 0 227 147 8 NIL NIL 2.363 0.19 0.002 0.001 0 0 1007876.5 1007876.5 1007876.5 1007876.5 951343.188 2354.244 1063.206 1007876.5 6.653 0.553 0.213 0.091 0.151 0.019 0.002 0 1.672 0 69 36 NIL NIL 365 3374.922 6625.99 11894.534 47117.02 90794.242 92876.742 25449.371 116036.633 0 NIL 0 </measResults>
            </measValue>
            <measValue measObjLdn="MML00942HUNB001/ULoCell:NodeB Function Name=MML00942HUNB001, Local Cell ID=60123, Cell Name=JLUNAN3">
                <measResults>221773 300380 303459 287640 230130 161525 101675 64397 61454 26234 13557 8484 7504 5417 2653 1396 728 383 239 156 137 45 29 76 66 487 1668 1921551 1800024 1700092 1461120 445508 12349899 1346121 328604 14 503 791 1366392 227290 25360 16656 5775 2288 500 250 3 172 141 821040 79520 49558 17551 5941 480 0 105030 31066 27966 656192 4545 29202 75965 178238 215192 176480 191111 1806261 1097605 723540 333629 1.406 793780 337898 0 0 NIL NIL 0 1.066 0 0 108 2.989 8.858 0.087 0.188 13 0 0 0 69 0 282 212 0 NIL NIL 2.483 0.495 0.018 0.002 0 0 292754.625 33910.266 19854.871 5371.866 1815.27 11.436 0 1196430.75 6.191 0.349 0.107 0.052 0.077 0.015 0.004 0.001 1.984 0 2 75 NIL NIL 475 1135.878 5459.418 17514.869 42551.438 50579.188 58099.891 210339.688 173115.469 0 NIL 0 </measResults>
            </measValue>
        </measInfo>
        <measInfo measInfoId="50331653">
            <granPeriod duration="PT3600S" endTime="2021-08-17T23:00:00+08:00"/>
            <repPeriod duration="PT3600S"/>
            <measTypes>50331748 50331749 50331750 50331751 50331752 50331753 50361697 </measTypes>
            <measValue measObjLdn="MML00942HUNB001/ULoCell:NodeB Function Name=MML00942HUNB001, Local Cell ID=10121, Cell Name=JLUNAU1">
                <measResults>0.267 0.235 0.267 0.194 0 0 0.423 </measResults>
            </measValue>
            <measValue measObjLdn="MML00942HUNB001/ULoCell:NodeB Function Name=MML00942HUNB001, Local Cell ID=10122, Cell Name=JLUNAU2">
                <measResults>0.811 0.693 0.811 0.625 0 0 0.432 </measResults>
            </measValue>
            <measValue measObjLdn="MML00942HUNB001/ULoCell:NodeB Function Name=MML00942HUNB001, Local Cell ID=10123, Cell Name=JLUNAU3">
                <measResults>0.419 0.26 0.419 0.25 0 0 0.119 </measResults>
            </measValue>
            <measValue measObjLdn="MML00942HUNB001/ULoCell:NodeB Function Name=MML00942HUNB001, Local Cell ID=50121, Cell Name=JLUNAN4">
                <measResults>0.271 0.219 0.271 0.196 0 0 0.098 </measResults>
            </measValue>
            <measValue measObjLdn="MML00942HUNB001/ULoCell:NodeB Function Name=MML00942HUNB001, Local Cell ID=50122, Cell Name=JLUNAN5">
                <measResults>0.224 0.169 0.224 0.147 0 0 0.419 </measResults>
            </measValue>
            <measValue measObjLdn="MML00942HUNB001/ULoCell:NodeB Function Name=MML00942HUNB001, Local Cell ID=50123, Cell Name=JLUNAN6">
                <measResults>0.625 0.486 0.625 0.407 0 0 0.092 </measResults>
            </measValue>
            <measValue measObjLdn="MML00942HUNB001/ULoCell:NodeB Function Name=MML00942HUNB001, Local Cell ID=60121, Cell Name=JLUNAN1">
                <measResults>0.2 0.168 0.2 0.16 0 0 0.315 </measResults>
            </measValue>
            <measValue measObjLdn="MML00942HUNB001/ULoCell:NodeB Function Name=MML00942HUNB001, Local Cell ID=60122, Cell Name=JLUNAN2">
                <measResults>0.45 0.328 0.45 0.286 0 0 0.391 </measResults>
            </measValue>
            <measValue measObjLdn="MML00942HUNB001/ULoCell:NodeB Function Name=MML00942HUNB001, Local Cell ID=60123, Cell Name=JLUNAN3">
                <measResults>0.9 0.689 0.9 0.574 0 0 0.077 </measResults>
            </measValue>
        </measInfo>
        <measInfo measInfoId="50331658">
            <granPeriod duration="PT3600S" endTime="2021-08-17T23:00:00+08:00"/>
            <repPeriod duration="PT3600S"/>
            <measTypes>50332250 50332251 50332410 50332411 </measTypes>
            <measValue measObjLdn="MML00942HUNB001/ULoCell:NodeB Function Name=MML00942HUNB001, Local Cell ID=10121, Cell Name=JLUNAU1">
                <measResults>0 0 0 0 </measResults>
            </measValue>
            <measValue measObjLdn="MML00942HUNB001/ULoCell:NodeB Function Name=MML00942HUNB001, Local Cell ID=10122, Cell Name=JLUNAU2">
                <measResults>0 0 0 0 </measResults>
            </measValue>
            <measValue measObjLdn="MML00942HUNB001/ULoCell:NodeB Function Name=MML00942HUNB001, Local Cell ID=10123, Cell Name=JLUNAU3">
                <measResults>0 0 0 0 </measResults>
            </measValue>
            <measValue measObjLdn="MML00942HUNB001/ULoCell:NodeB Function Name=MML00942HUNB001, Local Cell ID=50121, Cell Name=JLUNAN4">
                <measResults>0 0 0 0 </measResults>
            </measValue>
            <measValue measObjLdn="MML00942HUNB001/ULoCell:NodeB Function Name=MML00942HUNB001, Local Cell ID=50122, Cell Name=JLUNAN5">
                <measResults>0 0 0 0 </measResults>
            </measValue>
            <measValue measObjLdn="MML00942HUNB001/ULoCell:NodeB Function Name=MML00942HUNB001, Local Cell ID=50123, Cell Name=JLUNAN6">
                <measResults>0 0 0 0 </measResults>
            </measValue>
            <measValue measObjLdn="MML00942HUNB001/ULoCell:NodeB Function Name=MML00942HUNB001, Local Cell ID=60121, Cell Name=JLUNAN1">
                <measResults>0 0 0 0 </measResults>
            </measValue>
            <measValue measObjLdn="MML00942HUNB001/ULoCell:NodeB Function Name=MML00942HUNB001, Local Cell ID=60122, Cell Name=JLUNAN2">
                <measResults>0 0 0 0 </measResults>
            </measValue>
            <measValue measObjLdn="MML00942HUNB001/ULoCell:NodeB Function Name=MML00942HUNB001, Local Cell ID=60123, Cell Name=JLUNAN3">
                <measResults>0 0 0 0 </measResults>
            </measValue>
        </measInfo>
        <measInfo measInfoId="50331660">
            <granPeriod duration="PT3600S" endTime="2021-08-17T23:00:00+08:00"/>
            <repPeriod duration="PT3600S"/>
            <measTypes>50361670 50361671 50361672 50361673 </measTypes>
            <measValue measObjLdn="MML00942HUNB001/ULoCell:NodeB Function Name=MML00942HUNB001, Local Cell ID=10121, Cell Name=JLUNAU1">
                <measResults>0 0 0 0 </measResults>
            </measValue>
            <measValue measObjLdn="MML00942HUNB001/ULoCell:NodeB Function Name=MML00942HUNB001, Local Cell ID=10122, Cell Name=JLUNAU2">
                <measResults>0 0 0 0 </measResults>
            </measValue>
            <measValue measObjLdn="MML00942HUNB001/ULoCell:NodeB Function Name=MML00942HUNB001, Local Cell ID=10123, Cell Name=JLUNAU3">
                <measResults>0 0 0 0 </measResults>
            </measValue>
            <measValue measObjLdn="MML00942HUNB001/ULoCell:NodeB Function Name=MML00942HUNB001, Local Cell ID=50121, Cell Name=JLUNAN4">
                <measResults>0 0 0 0 </measResults>
            </measValue>
            <measValue measObjLdn="MML00942HUNB001/ULoCell:NodeB Function Name=MML00942HUNB001, Local Cell ID=50122, Cell Name=JLUNAN5">
                <measResults>0 0 0 0 </measResults>
            </measValue>
            <measValue measObjLdn="MML00942HUNB001/ULoCell:NodeB Function Name=MML00942HUNB001, Local Cell ID=50123, Cell Name=JLUNAN6">
                <measResults>0 0 0 0 </measResults>
            </measValue>
            <measValue measObjLdn="MML00942HUNB001/ULoCell:NodeB Function Name=MML00942HUNB001, Local Cell ID=60121, Cell Name=JLUNAN1">
                <measResults>0 0 0 0 </measResults>
            </measValue>
            <measValue measObjLdn="MML00942HUNB001/ULoCell:NodeB Function Name=MML00942HUNB001, Local Cell ID=60122, Cell Name=JLUNAN2">
                <measResults>0 0 0 0 </measResults>
            </measValue>
            <measValue measObjLdn="MML00942HUNB001/ULoCell:NodeB Function Name=MML00942HUNB001, Local Cell ID=60123, Cell Name=JLUNAN3">
                <measResults>0 0 0 0 </measResults>
            </measValue>
        </measInfo>
        <measInfo measInfoId="50331661">
            <granPeriod duration="PT3600S" endTime="2021-08-17T23:00:00+08:00"/>
            <repPeriod duration="PT3600S"/>
            <measTypes>50332048 50332049 50332050 50332051 </measTypes>
            <measValue measObjLdn="MML00942HUNB001/ULoCell:NodeB Function Name=MML00942HUNB001, Local Cell ID=10121, Cell Name=JLUNAU1">
                <measResults>56201 0 102180 0 </measResults>
            </measValue>
            <measValue measObjLdn="MML00942HUNB001/ULoCell:NodeB Function Name=MML00942HUNB001, Local Cell ID=10122, Cell Name=JLUNAU2">
                <measResults>38797 0 98616 0 </measResults>
            </measValue>
            <measValue measObjLdn="MML00942HUNB001/ULoCell:NodeB Function Name=MML00942HUNB001, Local Cell ID=10123, Cell Name=JLUNAU3">
                <measResults>44653 0 99285 0 </measResults>
            </measValue>
            <measValue measObjLdn="MML00942HUNB001/ULoCell:NodeB Function Name=MML00942HUNB001, Local Cell ID=50121, Cell Name=JLUNAN4">
                <measResults>62498 0 100797 0 </measResults>
            </measValue>
            <measValue measObjLdn="MML00942HUNB001/ULoCell:NodeB Function Name=MML00942HUNB001, Local Cell ID=50122, Cell Name=JLUNAN5">
                <measResults>35211 0 99852 0 </measResults>
            </measValue>
            <measValue measObjLdn="MML00942HUNB001/ULoCell:NodeB Function Name=MML00942HUNB001, Local Cell ID=50123, Cell Name=JLUNAN6">
                <measResults>42410 0 101017 0 </measResults>
            </measValue>
            <measValue measObjLdn="MML00942HUNB001/ULoCell:NodeB Function Name=MML00942HUNB001, Local Cell ID=60121, Cell Name=JLUNAN1">
                <measResults>58093 0 100494 0 </measResults>
            </measValue>
            <measValue measObjLdn="MML00942HUNB001/ULoCell:NodeB Function Name=MML00942HUNB001, Local Cell ID=60122, Cell Name=JLUNAN2">
                <measResults>44839 0 99194 0 </measResults>
            </measValue>
            <measValue measObjLdn="MML00942HUNB001/ULoCell:NodeB Function Name=MML00942HUNB001, Local Cell ID=60123, Cell Name=JLUNAN3">
                <measResults>55340 0 100782 0 </measResults>
            </measValue>
        </measInfo>
        <measInfo measInfoId="50331662">
            <granPeriod duration="PT3600S" endTime="2021-08-17T23:00:00+08:00"/>
            <repPeriod duration="PT3600S"/>
            <measTypes>50332052 50332053 50332054 50332070 50332505 </measTypes>
            <measValue measObjLdn="MML00942HUNB001/ULoCell:NodeB Function Name=MML00942HUNB001, Local Cell ID=10121, Cell Name=JLUNAU1">
                <measResults>292 166 685490 0 0 </measResults>
            </measValue>
            <measValue measObjLdn="MML00942HUNB001/ULoCell:NodeB Function Name=MML00942HUNB001, Local Cell ID=10122, Cell Name=JLUNAU2">
                <measResults>0 111 375695 0 0 </measResults>
            </measValue>
            <measValue measObjLdn="MML00942HUNB001/ULoCell:NodeB Function Name=MML00942HUNB001, Local Cell ID=10123, Cell Name=JLUNAU3">
                <measResults>41 105 429768 0 0 </measResults>
            </measValue>
            <measValue measObjLdn="MML00942HUNB001/ULoCell:NodeB Function Name=MML00942HUNB001, Local Cell ID=50121, Cell Name=JLUNAN4">
                <measResults>7 150 364091 0 0 </measResults>
            </measValue>
            <measValue measObjLdn="MML00942HUNB001/ULoCell:NodeB Function Name=MML00942HUNB001, Local Cell ID=50122, Cell Name=JLUNAN5">
                <measResults>119 129 230140 0 0 </measResults>
            </measValue>
            <measValue measObjLdn="MML00942HUNB001/ULoCell:NodeB Function Name=MML00942HUNB001, Local Cell ID=50123, Cell Name=JLUNAN6">
                <measResults>133 101 259302 0 0 </measResults>
            </measValue>
            <measValue measObjLdn="MML00942HUNB001/ULoCell:NodeB Function Name=MML00942HUNB001, Local Cell ID=60121, Cell Name=JLUNAN1">
                <measResults>18 135 752353 0 0 </measResults>
            </measValue>
            <measValue measObjLdn="MML00942HUNB001/ULoCell:NodeB Function Name=MML00942HUNB001, Local Cell ID=60122, Cell Name=JLUNAN2">
                <measResults>1 131 615264 0 0 </measResults>
            </measValue>
            <measValue measObjLdn="MML00942HUNB001/ULoCell:NodeB Function Name=MML00942HUNB001, Local Cell ID=60123, Cell Name=JLUNAN3">
                <measResults>205 156 648194 0 0 </measResults>
            </measValue>
        </measInfo>
        <measInfo measInfoId="50331663">
            <granPeriod duration="PT3600S" endTime="2021-08-17T23:00:00+08:00"/>
            <repPeriod duration="PT3600S"/>
            <measTypes>50331917 50332061 50332064 50332065 50332069 50332071 50332072 50332073 50332074 50332079 50332258 50332388 50332389 50332504 50332626 50332632 50332639 50332640 50332641 50332645 50342048 50342049 50342050 50342051 50361705 50361706 50361725 50361726 50361735 50361740 50361743 50361744 50361747 50361749 50361751 50361753 50361755 50361757 50361759 50361761 50361763 50361765 50361767 50361769 50361771 50361773 50361775 50361777 50361779 50361781 50361783 50361785 50361787 50361789 50361791 50361793 50361795 </measTypes>
            <measValue measObjLdn="MML00942HUNB001/ULoCell:NodeB Function Name=MML00942HUNB001, Local Cell ID=10121, Cell Name=JLUNAU1">
                <measResults>913.987 3 256 0 0 0 0 0 0 0 3.272 0 4.175 0 0 0 0 0 NIL 0 42 175.095 0 0 0 0 0 NIL NIL NIL NIL NIL NIL NIL NIL NIL NIL NIL NIL NIL NIL NIL NIL NIL NIL NIL NIL NIL NIL NIL NIL NIL NIL NIL NIL NIL NIL </measResults>
            </measValue>
            <measValue measObjLdn="MML00942HUNB001/ULoCell:NodeB Function Name=MML00942HUNB001, Local Cell ID=10122, Cell Name=JLUNAU2">
                <measResults>997.935 1 256 0 0 0 0 0 0 0 1.264 0 2.663 0 0 0 0 0 NIL 0 11 101.924 0 0 0 0 0 NIL NIL NIL NIL NIL NIL NIL NIL NIL NIL NIL NIL NIL NIL NIL NIL NIL NIL NIL NIL NIL NIL NIL NIL NIL NIL NIL NIL NIL NIL </measResults>
            </measValue>
            <measValue measObjLdn="MML00942HUNB001/ULoCell:NodeB Function Name=MML00942HUNB001, Local Cell ID=10123, Cell Name=JLUNAU3">
                <measResults>963.58 2 256 0 0 0 0 0 0 0 1.267 0 2.703 0 0 0 3600 0 NIL 0 13 89.545 0 0 0 0 0 NIL NIL NIL NIL NIL NIL NIL NIL NIL NIL NIL NIL NIL NIL NIL NIL NIL NIL NIL NIL NIL NIL NIL NIL NIL NIL NIL NIL NIL NIL </measResults>
            </measValue>
            <measValue measObjLdn="MML00942HUNB001/ULoCell:NodeB Function Name=MML00942HUNB001, Local Cell ID=50121, Cell Name=JLUNAN4">
                <measResults>997.75 6 256 0 0 0 0 0 0 0 0.822 0 4.639 0 0 0 0 0 NIL 0 18 136.329 0 0 0 0 0 NIL NIL NIL NIL NIL NIL NIL NIL NIL NIL NIL NIL NIL NIL NIL NIL NIL NIL NIL NIL NIL NIL NIL NIL NIL NIL NIL NIL NIL NIL </measResults>
            </measValue>
            <measValue measObjLdn="MML00942HUNB001/ULoCell:NodeB Function Name=MML00942HUNB001, Local Cell ID=50122, Cell Name=JLUNAN5">
                <measResults>977.727 4 256 0 0 0 0 0 0 0 0.5 0 2.964 0 0 0 0 0 NIL 0 15 134.739 0 1.422 0 0 0 1 NIL NIL NIL NIL NIL NIL NIL NIL NIL NIL NIL NIL NIL NIL NIL NIL NIL NIL NIL NIL NIL NIL NIL NIL NIL NIL NIL NIL NIL </measResults>
            </measValue>
            <measValue measObjLdn="MML00942HUNB001/ULoCell:NodeB Function Name=MML00942HUNB001, Local Cell ID=50123, Cell Name=JLUNAN6">
                <measResults>989.839 6 256 0 0 0 0 0 0 0 0.997 0 3.361 0 0 0 0 0 NIL 0 26 132.742 0 0 0 0 0 NIL NIL NIL NIL NIL NIL NIL NIL NIL NIL NIL NIL NIL NIL NIL NIL NIL NIL NIL NIL NIL NIL NIL NIL NIL NIL NIL NIL NIL NIL </measResults>
            </measValue>
            <measValue measObjLdn="MML00942HUNB001/ULoCell:NodeB Function Name=MML00942HUNB001, Local Cell ID=60121, Cell Name=JLUNAN1">
                <measResults>973.655 7 255 0 0 0 0 0 0 0 3.124 0 4.517 0 0 0 0 0 NIL 0 24 143.41 0 1.653 0 0 0 0.996 NIL NIL NIL NIL NIL NIL NIL NIL NIL NIL NIL NIL NIL NIL NIL NIL NIL NIL NIL NIL NIL NIL NIL NIL NIL NIL NIL NIL NIL </measResults>
            </measValue>
            <measValue measObjLdn="MML00942HUNB001/ULoCell:NodeB Function Name=MML00942HUNB001, Local Cell ID=60122, Cell Name=JLUNAN2">
                <measResults>996.022 4 256 0 0 0 0 0 0 0 3.126 0 4.153 0 0 0 0 0 NIL 0 16 123.066 0 2.596 0 0 0 1 NIL NIL NIL NIL NIL NIL NIL NIL NIL NIL NIL NIL NIL NIL NIL NIL NIL NIL NIL NIL NIL NIL NIL NIL NIL NIL NIL NIL NIL </measResults>
            </measValue>
            <measValue measObjLdn="MML00942HUNB001/ULoCell:NodeB Function Name=MML00942HUNB001, Local Cell ID=60123, Cell Name=JLUNAN3">
                <measResults>999.624 7 256 0 0 0 0 0 0 0 2.669 0 4.001 1000 0 0 0 0 NIL 0 22 121.211 0 0 0 0 0 NIL NIL NIL NIL NIL NIL NIL NIL NIL NIL NIL NIL NIL NIL NIL NIL NIL NIL NIL NIL NIL NIL NIL NIL NIL NIL NIL NIL NIL NIL </measResults>
            </measValue>
        </measInfo>
        <measInfo measInfoId="50331665">
            <granPeriod duration="PT3600S" endTime="2021-08-17T23:00:00+08:00"/>
            <repPeriod duration="PT3600S"/>
            <measTypes>50331740 50331741 50331742 50331743 50331744 50331909 50331910 50331911 50331912 50331913 50332381 50332382 50332576 50332577 </measTypes>
            <measValue measObjLdn="MML00942HUNB001/ULoCell:NodeB Function Name=MML00942HUNB001, Local Cell ID=10121, Cell Name=JLUNAU1">
                <measResults>0 0 0 0 0 0 0 0 0 0 0 0 0 0 </measResults>
            </measValue>
            <measValue measObjLdn="MML00942HUNB001/ULoCell:NodeB Function Name=MML00942HUNB001, Local Cell ID=10122, Cell Name=JLUNAU2">
                <measResults>0 0 0 0 0 0 0 0 0 0 0 0 0 0 </measResults>
            </measValue>
            <measValue measObjLdn="MML00942HUNB001/ULoCell:NodeB Function Name=MML00942HUNB001, Local Cell ID=10123, Cell Name=JLUNAU3">
                <measResults>0 0 0 0 0 0 0 0 0 0 0 0 0 0 </measResults>
            </measValue>
            <measValue measObjLdn="MML00942HUNB001/ULoCell:NodeB Function Name=MML00942HUNB001, Local Cell ID=50121, Cell Name=JLUNAN4">
                <measResults>0 0 0 0 0 0 0 0 0 0 0 0 0 0 </measResults>
            </measValue>
            <measValue measObjLdn="MML00942HUNB001/ULoCell:NodeB Function Name=MML00942HUNB001, Local Cell ID=50122, Cell Name=JLUNAN5">
                <measResults>0 0 0 0 0 0 0 0 0 0 0 0 0 0 </measResults>
            </measValue>
            <measValue measObjLdn="MML00942HUNB001/ULoCell:NodeB Function Name=MML00942HUNB001, Local Cell ID=50123, Cell Name=JLUNAN6">
                <measResults>0 0 0 0 0 0 0 0 0 0 0 0 0 0 </measResults>
            </measValue>
            <measValue measObjLdn="MML00942HUNB001/ULoCell:NodeB Function Name=MML00942HUNB001, Local Cell ID=60121, Cell Name=JLUNAN1">
                <measResults>0 0 0 0 0 0 0 0 0 0 0 0 0 0 </measResults>
            </measValue>
            <measValue measObjLdn="MML00942HUNB001/ULoCell:NodeB Function Name=MML00942HUNB001, Local Cell ID=60122, Cell Name=JLUNAN2">
                <measResults>0 0 0 0 0 0 0 0 0 0 0 0 0 0 </measResults>
            </measValue>
            <measValue measObjLdn="MML00942HUNB001/ULoCell:NodeB Function Name=MML00942HUNB001, Local Cell ID=60123, Cell Name=JLUNAN3">
                <measResults>0 0 0 0 0 0 0 0 0 0 0 0 0 0 </measResults>
            </measValue>
        </measInfo>
        <measInfo measInfoId="50331673">
            <granPeriod duration="PT3600S" endTime="2021-08-17T23:00:00+08:00"/>
            <repPeriod duration="PT3600S"/>
            <measTypes>50332055 50332056 50332057 50332058 50332059 50332060 50332278 50332279 50332280 50332281 50332282 50332283 50332284 50332285 50332286 50361648 50361649 50361650 50361651 </measTypes>
            <measValue measObjLdn="MML00942HUNB001/ULoCell:NodeB Function Name=MML00942HUNB001, Local Cell ID=10121, Cell Name=JLUNAU1">
                <measResults>88 29 10 0 0 0 8 9 4 12 5 1 0 20 9 0 0 0 0 </measResults>
            </measValue>
            <measValue measObjLdn="MML00942HUNB001/ULoCell:NodeB Function Name=MML00942HUNB001, Local Cell ID=10122, Cell Name=JLUNAU2">
                <measResults>45 10 13 0 0 0 6 6 3 9 6 0 0 15 12 0 0 0 0 </measResults>
            </measValue>
            <measValue measObjLdn="MML00942HUNB001/ULoCell:NodeB Function Name=MML00942HUNB001, Local Cell ID=10123, Cell Name=JLUNAU3">
                <measResults>52 15 8 0 0 0 7 9 4 12 9 0 0 16 8 0 0 0 0 </measResults>
            </measValue>
            <measValue measObjLdn="MML00942HUNB001/ULoCell:NodeB Function Name=MML00942HUNB001, Local Cell ID=50121, Cell Name=JLUNAN4">
                <measResults>59 6 2 0 0 0 5 7 17 33 29 4 6 42 47 0 0 0 0 </measResults>
            </measValue>
            <measValue measObjLdn="MML00942HUNB001/ULoCell:NodeB Function Name=MML00942HUNB001, Local Cell ID=50122, Cell Name=JLUNAN5">
                <measResults>39 3 1 0 0 0 6 6 12 20 24 2 2 26 20 0 0 0 0 </measResults>
            </measValue>
            <measValue measObjLdn="MML00942HUNB001/ULoCell:NodeB Function Name=MML00942HUNB001, Local Cell ID=50123, Cell Name=JLUNAN6">
                <measResults>58 10 0 0 0 0 14 12 14 25 32 3 4 32 31 0 0 0 0 </measResults>
            </measValue>
            <measValue measObjLdn="MML00942HUNB001/ULoCell:NodeB Function Name=MML00942HUNB001, Local Cell ID=60121, Cell Name=JLUNAN1">
                <measResults>54 24 6 0 0 0 22 22 18 34 18 4 3 40 15 0 0 0 0 </measResults>
            </measValue>
            <measValue measObjLdn="MML00942HUNB001/ULoCell:NodeB Function Name=MML00942HUNB001, Local Cell ID=60122, Cell Name=JLUNAN2">
                <measResults>38 23 3 0 0 0 17 18 11 20 14 2 2 30 12 0 0 0 0 </measResults>
            </measValue>
            <measValue measObjLdn="MML00942HUNB001/ULoCell:NodeB Function Name=MML00942HUNB001, Local Cell ID=60123, Cell Name=JLUNAN3">
                <measResults>46 18 4 0 0 0 24 25 15 27 29 4 7 31 78 0 0 0 0 </measResults>
            </measValue>
        </measInfo>
        <measInfo measInfoId="50331674">
            <granPeriod duration="PT3600S" endTime="2021-08-17T23:00:00+08:00"/>
            <repPeriod duration="PT3600S"/>
            <measTypes>50332161 50332162 50332163 50332164 50332165 50341718 50341719 50341720 50341721 </measTypes>
            <measValue measObjLdn="MML00942HUNB001/ULoCell:NodeB Function Name=MML00942HUNB001, Local Cell ID=10121, Cell Name=JLUNAU1">
                <measResults>0 0 0 0 0 0 0 0 0 </measResults>
            </measValue>
            <measValue measObjLdn="MML00942HUNB001/ULoCell:NodeB Function Name=MML00942HUNB001, Local Cell ID=10122, Cell Name=JLUNAU2">
                <measResults>0 0 0 0 0 0 0 0 0 </measResults>
            </measValue>
            <measValue measObjLdn="MML00942HUNB001/ULoCell:NodeB Function Name=MML00942HUNB001, Local Cell ID=10123, Cell Name=JLUNAU3">
                <measResults>0 0 0 0 0 0 0 0 0 </measResults>
            </measValue>
            <measValue measObjLdn="MML00942HUNB001/ULoCell:NodeB Function Name=MML00942HUNB001, Local Cell ID=50121, Cell Name=JLUNAN4">
                <measResults>0 0 0 0 0 0 0 0 0 </measResults>
            </measValue>
            <measValue measObjLdn="MML00942HUNB001/ULoCell:NodeB Function Name=MML00942HUNB001, Local Cell ID=50122, Cell Name=JLUNAN5">
                <measResults>0 0 0 0 0 0 0 0 0 </measResults>
            </measValue>
            <measValue measObjLdn="MML00942HUNB001/ULoCell:NodeB Function Name=MML00942HUNB001, Local Cell ID=50123, Cell Name=JLUNAN6">
                <measResults>0 0 0 0 0 0 0 0 0 </measResults>
            </measValue>
            <measValue measObjLdn="MML00942HUNB001/ULoCell:NodeB Function Name=MML00942HUNB001, Local Cell ID=60121, Cell Name=JLUNAN1">
                <measResults>0 0 0 0 0 0 0 0 0 </measResults>
            </measValue>
            <measValue measObjLdn="MML00942HUNB001/ULoCell:NodeB Function Name=MML00942HUNB001, Local Cell ID=60122, Cell Name=JLUNAN2">
                <measResults>0 0 0 0 0 0 0 0 0 </measResults>
            </measValue>
            <measValue measObjLdn="MML00942HUNB001/ULoCell:NodeB Function Name=MML00942HUNB001, Local Cell ID=60123, Cell Name=JLUNAN3">
                <measResults>0 0 0 0 0 0 0 0 0 </measResults>
            </measValue>
        </measInfo>
        <measInfo measInfoId="50331676">
            <granPeriod duration="PT3600S" endTime="2021-08-17T23:00:00+08:00"/>
            <repPeriod duration="PT3600S"/>
            <measTypes>50331747 50332175 50332176 50332177 50332178 50332179 50332180 50332181 50332182 50332183 50332184 50332185 50332186 50332187 50332188 50332189 50332190 50332192 50332193 50332194 50332195 50332196 50332197 50332198 50332199 50332200 50332201 50332202 50332203 50332204 50332205 50332206 50332207 50332208 50332209 50332210 50332211 50332212 50332213 50332214 50332219 50332232 50332233 50332234 50332235 50332236 50332237 50332238 50332245 50332246 50332648 50332649 50332650 50332651 50332652 50332653 50332654 50332655 50332656 50332657 50332658 50332670 50332848 50332849 50332850 50332853 50332854 50332855 50332856 50332865 50332866 50332867 50332868 50332869 50332870 50332871 50332872 50332873 50332874 50332875 50332876 50332877 50332878 50332879 50332880 50332881 50332882 50332883 50332884 50332885 50332886 50332887 50332888 50332889 50332890 50332891 50332892 50332894 50332895 50332896 50332897 50332898 50332899 50332900 50332901 50332902 50332903 50332904 50332905 50332906 50332907 50332908 50332909 50332910 50332943 50332944 50332945 50332946 50332947 50332948 50332949 50332950 50332951 50332952 50332953 50332954 50332955 50332956 50332957 50332958 50332959 50332960 50332961 50332962 50332963 50332964 50332965 50332966 50332967 50332968 50332969 50332970 50332971 50332972 50332973 50332974 50332985 50332986 50332987 50332990 50341723 50341741 50341742 50341743 50341748 50341749 50341750 50341751 50341752 50341753 50341754 50341755 50341756 50341757 50341758 50341759 </measTypes>
            <measValue measObjLdn="MML00942HUNB001/ULoCell:NodeB Function Name=MML00942HUNB001, Local Cell ID=10121, Cell Name=JLUNAU1">
                <measResults>7545123204 396260 57826 25851 23192 26487 46159 13456 74488 17135 98148 31817 234902 659897 94382 0 0 0 7452429571 21353 0 24248 0 0 0 0 380 538768 773820 7509 2162 2851 1405 811 424 426 177 19 3 1 629880440 7567213989 2954394 9387922562 1547945 725607 289782 130764 2733346734 1446925 691977 587689 756493 270709 129750 58400 46295 19057 545 1 0 1281250 0 0 0 549607 21 37 72464 0 0 0 0 0 0 0 0 0 5076 696 0 659754525 2495391828 2716709608 1396205246 692474 1312340 711092 196607 0 0 0 0 2241084 5429 3784 0 0 0 0 0 0 0 0 0 0 0 0 0 0 0 0 0 0 0 0 0 0 0 0 0 0 0 0 0 0 0 0 0 0 NIL NIL NIL NIL NIL NIL NIL NIL NIL NIL NIL NIL NIL NIL NIL NIL 0 0 0 2879619 7.524 NIL 0 0 298967.656 880338.625 2148395.25 1318761.75 895573.875 517699.375 541572.563 303157.75 11373.976 34.04 0 5736568.5 </measResults>
            </measValue>
            <measValue measObjLdn="MML00942HUNB001/ULoCell:NodeB Function Name=MML00942HUNB001, Local Cell ID=10122, Cell Name=JLUNAU2">
                <measResults>3938054396 1082584 85788 24957 19029 17786 23700 4725 26383 6073 30849 8961 48013 163189 249846 8117 0 0 3892908174 28090 0 8523 0 0 0 0 20 98977 141819 2708 514 1014 918 707 462 576 308 69 8 3 423805800 3947348646 973140 4511479639 797068 567589 324217 82507 358608529 147286 118385 84589 178911 163795 84476 41943 43837 26072 4497 2 0 543533 0 0 0 256699 2 5 93233 0 0 0 0 0 0 0 0 0 2696 0 0 367130584 1403774400 1153663012 806936477 271143 393151 202856 91706 0 0 0 0 3450480 9328 5355 0 0 0 0 0 0 0 0 0 0 0 0 0 0 0 0 0 0 0 0 0 0 0 0 0 0 0 0 0 0 0 0 0 0 NIL NIL NIL NIL NIL NIL NIL NIL NIL NIL NIL NIL NIL NIL NIL NIL 0 0 0 850122 5.193 NIL 0 0 39592.211 132098.828 542538.688 812870.125 580529.938 371980.688 509348.563 426489.313 97143.281 63.424 0 3340964 </measResults>
            </measValue>
            <measValue measObjLdn="MML00942HUNB001/ULoCell:NodeB Function Name=MML00942HUNB001, Local Cell ID=10123, Cell Name=JLUNAU3">
                <measResults>4501774632 1186889 110226 25359 15665 12014 15384 5554 15146 7834 16810 8344 19786 112385 246182 2422 0 0 4391671195 37374 0 12318 0 0 0 0 40 78878 103072 3075 411 748 744 592 425 999 982 192 31 6 577078136 4521551844 848425 5160544549 739288 627428 535020 311969 262755921 138721 99431 44526 88832 89618 44744 32841 79943 76466 5118 36 0 417598 0 0 0 94339 0 4 132480 0 0 0 0 0 0 0 0 0 0 0 0 99829169 649300584 1179824745 2294520082 139378 233415 210473 225622 0 0 0 0 4019606 13775 6028 0 0 0 0 0 0 0 0 0 0 0 0 0 0 0 0 0 0 0 0 0 0 0 0 0 0 0 0 0 0 0 0 0 0 NIL NIL NIL NIL NIL NIL NIL NIL NIL NIL NIL NIL NIL NIL NIL NIL 0 0 0 674434 6.637 NIL 0 0 26335.086 67316.102 264254.844 442394.094 308793.156 296260.938 957138.563 1238284.625 116534.055 1210.128 0 3624870.5 </measResults>
            </measValue>
            <measValue measObjLdn="MML00942HUNB001/ULoCell:NodeB Function Name=MML00942HUNB001, Local Cell ID=50121, Cell Name=JLUNAN4">
                <measResults>6675364608 755556 109460 23120 17085 13975 18496 9147 27140 10667 40094 16567 63252 224125 467557 3759 0 0 6696054096 19527 0 13638 0 0 0 0 383 351351 443326 6091 1254 2218 1648 1254 915 1029 456 106 21 6 717911368 6693580510 2005857 8040333695 766876 1199853 996401 415513 698520308 412321 332510 273763 433120 242247 138691 68106 72177 21959 5403 14 0 981717 0 0 0 240123 15 9 126286 0 0 0 0 0 0 0 0 0 0 0 0 34396635 926512418 2372078731 2338822606 96966 663910 702896 408881 0 0 0 0 2668920 11427 4285 0 0 0 0 0 0 0 0 0 0 0 0 0 0 0 0 0 0 0 0 0 0 0 0 0 0 0 0 0 0 0 0 0 0 NIL NIL NIL NIL NIL NIL NIL NIL NIL NIL NIL NIL NIL NIL NIL NIL 0 0 0 1856362 9.371 NIL 0 0 98852.633 415390.656 1250653.875 1183070.25 950504.563 605026.563 836194.25 358896.063 121650.688 454.168 0 5306450.5 </measResults>
            </measValue>
            <measValue measObjLdn="MML00942HUNB001/ULoCell:NodeB Function Name=MML00942HUNB001, Local Cell ID=50122, Cell Name=JLUNAN5">
                <measResults>7356615920 770091 58179 12317 11683 11851 16300 5202 29592 6794 52633 10275 72960 40816 659445 41862 0 0 7383337544 11178 0 10491 0 0 0 0 90 305956 393496 3670 785 1475 1148 834 575 682 418 67 4 6 463517368 7383099224 1711066 8744729192 554749 741693 565817 279408 903386649 279103 226554 211683 366400 250240 150130 86068 105538 64024 2606 2 0 1025008 0 0 0 288258 3 0 63241 0 0 0 0 0 0 0 0 0 0 0 0 57167166 1288801666 2147983126 2687251906 91450 649302 495528 359956 0 0 0 0 1512672 4878 2616 0 0 0 0 0 0 0 0 0 0 0 0 0 0 0 0 0 0 0 0 0 0 0 0 0 0 0 0 0 0 0 0 0 0 NIL NIL NIL NIL NIL NIL NIL NIL NIL NIL NIL NIL NIL NIL NIL NIL 0 0 0 1633856 5.873 NIL 0 0 63246.461 322075.281 1088767.125 1223363.125 1038595.375 769917.75 1251973.75 1031565.75 58521.176 67.544 0 6462771.5 </measResults>
            </measValue>
            <measValue measObjLdn="MML00942HUNB001/ULoCell:NodeB Function Name=MML00942HUNB001, Local Cell ID=50123, Cell Name=JLUNAN6">
                <measResults>9929562584 789198 105392 20309 12899 9741 11366 6875 17097 9863 26427 14240 35056 96093 610848 34596 0 0 9863576008 12896 0 11941 0 0 0 0 257 280999 336277 5691 695 1490 1487 1147 740 1031 1204 665 58 13 5202557312 9866543413 1669705 12325546033 347856 937149 686905 971438 2033597067 633146 149247 107354 263007 230952 130091 67174 113635 118220 73903 1652 1 998635 0 0 0 113805 7 5 125862 0 0 0 0 0 0 0 0 0 1389 0 0 11807221 282760424 2129196944 1417338872 45233 223323 618641 263975 0 0 0 0 3200336 7888 4469 0 0 0 0 0 0 0 0 0 0 0 0 0 0 0 0 0 0 0 0 0 0 0 0 0 0 0 0 0 0 0 0 0 0 NIL NIL NIL NIL NIL NIL NIL NIL NIL NIL NIL NIL NIL NIL NIL NIL 0 0 0 1525395 8.045 NIL 0 0 38626.207 168965.156 784849.813 1152042.125 887713.563 599091.25 1354463 1972496.125 1709346.875 51262.602 51.136 8511317 </measResults>
            </measValue>
            <measValue measObjLdn="MML00942HUNB001/ULoCell:NodeB Function Name=MML00942HUNB001, Local Cell ID=60121, Cell Name=JLUNAN1">
                <measResults>6368032560 729069 95827 26382 19797 16678 22761 9543 26979 12673 35986 26167 240591 425041 112506 0 0 0 6349083496 39298 0 10967 0 0 0 0 403 327772 409509 6051 999 1913 1606 1125 666 732 373 51 5 5 356312496 6366487735 1910380 7947129302 1521052 985055 491286 100106 1146084785 473301 288352 222386 413372 279396 165507 74220 50330 11704 389 3 0 994921 0 0 0 250886 4 25 121629 0 0 0 0 0 0 0 0 0 0 0 0 452372896 2468607518 2247749080 1122581616 418893 827300 453986 196987 0 0 0 0 3027231 8126 5131 0 0 0 0 0 0 0 0 0 0 0 0 0 0 0 0 0 0 0 0 0 0 0 0 0 0 0 0 0 0 0 0 0 0 NIL NIL NIL NIL NIL NIL NIL NIL NIL NIL NIL NIL NIL NIL NIL NIL 0 0 0 1769367 8.729 NIL 0 0 97279.773 339589.688 1217647.75 1386459.5 1132067.125 662265.188 582458.875 185561.078 8154.352 97.96 0 5174711.5 </measResults>
            </measValue>
            <measValue measObjLdn="MML00942HUNB001/ULoCell:NodeB Function Name=MML00942HUNB001, Local Cell ID=60122, Cell Name=JLUNAN2">
                <measResults>6486555636 832666 131024 52698 30190 25326 30179 10144 38743 12665 41949 15995 78802 238379 250906 10334 0 0 6477377597 103511 0 11532 0 0 0 0 141 191234 278212 4966 664 1038 931 811 641 1069 825 129 16 5 1342174392 6485021359 1590144 7866146514 1021719 895084 546028 155072 637881172 501195 383034 149677 174792 137571 96830 78681 131261 62919 4508 8 0 686570 0 0 0 262225 6 13 138535 0 0 0 0 0 0 0 0 0 0 0 0 575891928 1069635604 1866812686 2682206326 563451 374665 322243 300579 0 0 0 0 3037998 14081 6222 0 0 0 0 0 0 0 0 0 0 0 0 0 0 0 0 0 0 0 0 0 0 0 0 0 0 0 0 0 0 0 0 0 0 NIL NIL NIL NIL NIL NIL NIL NIL NIL NIL NIL NIL NIL NIL NIL NIL 0 0 0 1381890 7.527 NIL 0 0 125635.547 221136.766 510498.063 685093.25 670259.25 703923.813 1560134.875 1000629.438 99088.992 254.4 0 5229882 </measResults>
            </measValue>
            <measValue measObjLdn="MML00942HUNB001/ULoCell:NodeB Function Name=MML00942HUNB001, Local Cell ID=60123, Cell Name=JLUNAN3">
                <measResults>8323301244 887788 135375 29549 19582 22220 25302 16141 26382 15014 35181 21255 80829 317082 167847 453 0 0 8247144770 28660 0 9449 0 0 0 0 493 194952 245487 5818 836 1354 887 701 629 1038 1496 878 76 26 5681173008 8270700870 1464843 10598920930 969069 669662 596043 708108 927594086 494120 217987 116401 184118 97740 58452 56699 90744 126524 63491 152 0 677920 0 0 0 178828 5 49 155341 0 0 0 0 0 0 0 0 0 849 1062 0 350823038 812559406 704684882 2035699465 298571 377625 169852 228507 0 0 0 0 5277491 20208 9361 0 0 0 0 0 0 0 0 0 0 0 0 0 0 0 0 0 0 0 0 0 0 0 0 0 0 0 0 0 0 0 0 0 0 NIL NIL NIL NIL NIL NIL NIL NIL NIL NIL NIL NIL NIL NIL NIL NIL 0 0 0 1262789 9.396 NIL 0 0 69045.672 177836.594 534816.812 480002 406555.906 510766 1079567.25 2152108 1441769.375 4963.28 0 6610549 </measResults>
            </measValue>
        </measInfo>
        <measInfo measInfoId="50331649">
            <granPeriod duration="PT3600S" endTime="2021-08-17T23:00:00+08:00"/>
            <repPeriod duration="PT3600S"/>
            <measTypes>50332578 50332579 50332580 50332581 50342578 50342579 50342580 50342581 </measTypes>
            <measValue measObjLdn="MML00942HUNB001/NodeBFunction:NodeB Function Name=MML00942HUNB001">
                <measResults>10.401 2.901 9.627 99.361 17.8 5 15.6 136.8 </measResults>
            </measValue>
        </measInfo>
        <measInfo measInfoId="50331654">
            <granPeriod duration="PT3600S" endTime="2021-08-17T23:00:00+08:00"/>
            <repPeriod duration="PT3600S"/>
            <measTypes>50332565 50332566 50332633 50332635 </measTypes>
            <measValue measObjLdn="MML00942HUNB001/NodeBFunction:NodeB Function Name=MML00942HUNB001">
                <measResults>3072 1792 0 0 </measResults>
            </measValue>
        </measInfo>
        <measInfo measInfoId="50331664">
            <granPeriod duration="PT3600S" endTime="2021-08-17T23:00:00+08:00"/>
            <repPeriod duration="PT3600S"/>
            <measTypes>50332572 50332585 50332587 50332588 50332589 50332590 50332617 50332618 50332625 </measTypes>
            <measValue measObjLdn="MML00942HUNB001/NodeBFunction:NodeB Function Name=MML00942HUNB001">
                <measResults>3 0 51 51 0 33 0 0 5 </measResults>
            </measValue>
        </measInfo>
        <measInfo measInfoId="50331666">
            <granPeriod duration="PT3600S" endTime="2021-08-17T23:00:00+08:00"/>
            <repPeriod duration="PT3600S"/>
            <measTypes>50332567 50332568 50332569 50332570 50332571 </measTypes>
            <measValue measObjLdn="MML00942HUNB001/NodeBFunction:NodeB Function Name=MML00942HUNB001">
                <measResults>0 0 0 0 0 </measResults>
            </measValue>
        </measInfo>
        <measInfo measInfoId="50331681">
            <granPeriod duration="PT3600S" endTime="2021-08-17T23:00:00+08:00"/>
            <repPeriod duration="PT3600S"/>
            <measTypes>50342640 50342641 50342642 50342643 50342644 50342645 50342646 50342647 </measTypes>
            <measValue measObjLdn="MML00942HUNB001/NodeBFunction:NodeB Function Name=MML00942HUNB001">
                <measResults>18081387 22117630 1746537392 8654496995 5968666 3881194 35664696 19232215 </measResults>
            </measValue>
        </measInfo>
        <measInfo measInfoId="50331652">
            <granPeriod duration="PT3600S" endTime="2021-08-17T23:00:00+08:00"/>
            <repPeriod duration="PT3600S"/>
            <measTypes>50332555 50332556 50332557 50332558 50332559 50332560 50332561 50332562 50332563 50332564 50332593 50332594 50342555 50342556 50342561 50342562 50342563 50342564 50342567 50342568 50342569 50342570 50342571 50342572 50342618 50342619 50342621 50342622 50342624 50342625 50342627 50342628 </measTypes>
            <measValue measObjLdn="MML00942HUNB001/NodeBFunction:NodeB Function Name=MML00942HUNB001/MocID:2/CnOperator:-1">
                <measResults>0 0 0 0 4784 3824 235.482 105.904 0 112.651 0 0 0 0 331.5 158 0 157 75 182.5 84.5 0 0 0 0 0 0 0 0 0 0 0 </measResults>
            </measValue>
        </measInfo>
        <measInfo measInfoId="50331667">
            <granPeriod duration="PT3600S" endTime="2021-08-17T23:00:00+08:00"/>
            <repPeriod duration="PT3600S"/>
            <measTypes>50332591 50332592 50332595 50332596 50332597 </measTypes>
            <measValue measObjLdn="MML00942HUNB001/NodeBFunction:NodeB Function Name=MML00942HUNB001/MocID:2/CnOperator:-1">
                <measResults>0 0 0 0 0 </measResults>
            </measValue>
        </measInfo>
        <measInfo measInfoId="50331668">
            <granPeriod duration="PT3600S" endTime="2021-08-17T23:00:00+08:00"/>
            <repPeriod duration="PT3600S"/>
            <measTypes>50332348 50332349 </measTypes>
            <measValue measObjLdn="MML00942HUNB001/LOCELL_SECTOREQM:NodeB Function Name=MML00942HUNB001, Local Cell ID=10121, Sector Equipment ID=0">
                <measResults>0 0 </measResults>
            </measValue>
            <measValue measObjLdn="MML00942HUNB001/LOCELL_SECTOREQM:NodeB Function Name=MML00942HUNB001, Local Cell ID=10122, Sector Equipment ID=1">
                <measResults>0 0 </measResults>
            </measValue>
            <measValue measObjLdn="MML00942HUNB001/LOCELL_SECTOREQM:NodeB Function Name=MML00942HUNB001, Local Cell ID=10123, Sector Equipment ID=2">
                <measResults>0 0 </measResults>
            </measValue>
            <measValue measObjLdn="MML00942HUNB001/LOCELL_SECTOREQM:NodeB Function Name=MML00942HUNB001, Local Cell ID=50121, Sector Equipment ID=6">
                <measResults>0 0 </measResults>
            </measValue>
            <measValue measObjLdn="MML00942HUNB001/LOCELL_SECTOREQM:NodeB Function Name=MML00942HUNB001, Local Cell ID=50122, Sector Equipment ID=7">
                <measResults>0 0 </measResults>
            </measValue>
            <measValue measObjLdn="MML00942HUNB001/LOCELL_SECTOREQM:NodeB Function Name=MML00942HUNB001, Local Cell ID=50123, Sector Equipment ID=8">
                <measResults>0 0 </measResults>
            </measValue>
            <measValue measObjLdn="MML00942HUNB001/LOCELL_SECTOREQM:NodeB Function Name=MML00942HUNB001, Local Cell ID=60121, Sector Equipment ID=10">
                <measResults>0 0 </measResults>
            </measValue>
            <measValue measObjLdn="MML00942HUNB001/LOCELL_SECTOREQM:NodeB Function Name=MML00942HUNB001, Local Cell ID=60122, Sector Equipment ID=11">
                <measResults>0 0 </measResults>
            </measValue>
            <measValue measObjLdn="MML00942HUNB001/LOCELL_SECTOREQM:NodeB Function Name=MML00942HUNB001, Local Cell ID=60123, Sector Equipment ID=12">
                <measResults>0 0 </measResults>
            </measValue>
        </measInfo>
        <measInfo measInfoId="50331669">
            <granPeriod duration="PT3600S" endTime="2021-08-17T23:00:00+08:00"/>
            <repPeriod duration="PT3600S"/>
            <measTypes>50332350 50332351 50332352 50332353 </measTypes>
            <measValue measObjLdn="MML00942HUNB001/LOCELL_SECTOREQM:NodeB Function Name=MML00942HUNB001, Local Cell ID=10121, Sector Equipment ID=0">
                <measResults>39518 24 39169 39212 </measResults>
            </measValue>
            <measValue measObjLdn="MML00942HUNB001/LOCELL_SECTOREQM:NodeB Function Name=MML00942HUNB001, Local Cell ID=10122, Sector Equipment ID=1">
                <measResults>44171 24 43870 43904 </measResults>
            </measValue>
            <measValue measObjLdn="MML00942HUNB001/LOCELL_SECTOREQM:NodeB Function Name=MML00942HUNB001, Local Cell ID=10123, Sector Equipment ID=2">
                <measResults>45226 64 44745 44779 </measResults>
            </measValue>
            <measValue measObjLdn="MML00942HUNB001/LOCELL_SECTOREQM:NodeB Function Name=MML00942HUNB001, Local Cell ID=50121, Sector Equipment ID=6">
                <measResults>47275 137 44737 44844 </measResults>
            </measValue>
            <measValue measObjLdn="MML00942HUNB001/LOCELL_SECTOREQM:NodeB Function Name=MML00942HUNB001, Local Cell ID=50122, Sector Equipment ID=7">
                <measResults>32158 119 30997 31028 </measResults>
            </measValue>
            <measValue measObjLdn="MML00942HUNB001/LOCELL_SECTOREQM:NodeB Function Name=MML00942HUNB001, Local Cell ID=50123, Sector Equipment ID=8">
                <measResults>28302 71 27361 27406 </measResults>
            </measValue>
            <measValue measObjLdn="MML00942HUNB001/LOCELL_SECTOREQM:NodeB Function Name=MML00942HUNB001, Local Cell ID=60121, Sector Equipment ID=10">
                <measResults>38692 72 36868 37006 </measResults>
            </measValue>
            <measValue measObjLdn="MML00942HUNB001/LOCELL_SECTOREQM:NodeB Function Name=MML00942HUNB001, Local Cell ID=60122, Sector Equipment ID=11">
                <measResults>41528 63 40007 40110 </measResults>
            </measValue>
            <measValue measObjLdn="MML00942HUNB001/LOCELL_SECTOREQM:NodeB Function Name=MML00942HUNB001, Local Cell ID=60123, Sector Equipment ID=12">
                <measResults>37032 20 35976 36263 </measResults>
            </measValue>
        </measInfo>
        <measInfo measInfoId="50331670">
            <granPeriod duration="PT3600S" endTime="2021-08-17T23:00:00+08:00"/>
            <repPeriod duration="PT3600S"/>
            <measTypes>50332354 50332355 </measTypes>
            <measValue measObjLdn="MML00942HUNB001/LOCELL_SECTOREQM:NodeB Function Name=MML00942HUNB001, Local Cell ID=10121, Sector Equipment ID=0">
                <measResults>0 0 </measResults>
            </measValue>
            <measValue measObjLdn="MML00942HUNB001/LOCELL_SECTOREQM:NodeB Function Name=MML00942HUNB001, Local Cell ID=10122, Sector Equipment ID=1">
                <measResults>0 0 </measResults>
            </measValue>
            <measValue measObjLdn="MML00942HUNB001/LOCELL_SECTOREQM:NodeB Function Name=MML00942HUNB001, Local Cell ID=10123, Sector Equipment ID=2">
                <measResults>0 0 </measResults>
            </measValue>
            <measValue measObjLdn="MML00942HUNB001/LOCELL_SECTOREQM:NodeB Function Name=MML00942HUNB001, Local Cell ID=50121, Sector Equipment ID=6">
                <measResults>0 0 </measResults>
            </measValue>
            <measValue measObjLdn="MML00942HUNB001/LOCELL_SECTOREQM:NodeB Function Name=MML00942HUNB001, Local Cell ID=50122, Sector Equipment ID=7">
                <measResults>0 0 </measResults>
            </measValue>
            <measValue measObjLdn="MML00942HUNB001/LOCELL_SECTOREQM:NodeB Function Name=MML00942HUNB001, Local Cell ID=50123, Sector Equipment ID=8">
                <measResults>0 0 </measResults>
            </measValue>
            <measValue measObjLdn="MML00942HUNB001/LOCELL_SECTOREQM:NodeB Function Name=MML00942HUNB001, Local Cell ID=60121, Sector Equipment ID=10">
                <measResults>0 0 </measResults>
            </measValue>
            <measValue measObjLdn="MML00942HUNB001/LOCELL_SECTOREQM:NodeB Function Name=MML00942HUNB001, Local Cell ID=60122, Sector Equipment ID=11">
                <measResults>0 0 </measResults>
            </measValue>
            <measValue measObjLdn="MML00942HUNB001/LOCELL_SECTOREQM:NodeB Function Name=MML00942HUNB001, Local Cell ID=60123, Sector Equipment ID=12">
                <measResults>0 0 </measResults>
            </measValue>
        </measInfo>
        <measInfo measInfoId="50331672">
            <granPeriod duration="PT3600S" endTime="2021-08-17T23:00:00+08:00"/>
            <repPeriod duration="PT3600S"/>
            <measTypes>50342590 50342591 50342592 50342593 50342594 50342595 50342596 50342597 </measTypes>
            <measValue measObjLdn="MML00942HUNB001/LOCELL_SECTOREQM:NodeB Function Name=MML00942HUNB001, Local Cell ID=10121, Sector Equipment ID=0">
                <measResults>-99.228 -90.942 -91.444 -98.056 -100.6 -96.6 -96.3 -99.9 </measResults>
            </measValue>
            <measValue measObjLdn="MML00942HUNB001/LOCELL_SECTOREQM:NodeB Function Name=MML00942HUNB001, Local Cell ID=10122, Sector Equipment ID=1">
                <measResults>-98.292 -96.307 -94.433 -97.912 -100.6 -99.6 -97.7 -99.9 </measResults>
            </measValue>
            <measValue measObjLdn="MML00942HUNB001/LOCELL_SECTOREQM:NodeB Function Name=MML00942HUNB001, Local Cell ID=10123, Sector Equipment ID=2">
                <measResults>-102.399 -101.238 -100.123 -102.964 -104.1 -104.2 -103.1 -104.4 </measResults>
            </measValue>
            <measValue measObjLdn="MML00942HUNB001/LOCELL_SECTOREQM:NodeB Function Name=MML00942HUNB001, Local Cell ID=50121, Sector Equipment ID=6">
                <measResults>-92.782 -92.314 NIL NIL -94.4 -94 NIL NIL </measResults>
            </measValue>
            <measValue measObjLdn="MML00942HUNB001/LOCELL_SECTOREQM:NodeB Function Name=MML00942HUNB001, Local Cell ID=50122, Sector Equipment ID=7">
                <measResults>-91.81 -93.149 NIL NIL -93.2 -94.6 NIL NIL </measResults>
            </measValue>
            <measValue measObjLdn="MML00942HUNB001/LOCELL_SECTOREQM:NodeB Function Name=MML00942HUNB001, Local Cell ID=50123, Sector Equipment ID=8">
                <measResults>-95.347 -97.194 NIL NIL -97 -99.4 NIL NIL </measResults>
            </measValue>
            <measValue measObjLdn="MML00942HUNB001/LOCELL_SECTOREQM:NodeB Function Name=MML00942HUNB001, Local Cell ID=60121, Sector Equipment ID=10">
                <measResults>-86.618 -87.417 NIL NIL -88.1 -89 NIL NIL </measResults>
            </measValue>
            <measValue measObjLdn="MML00942HUNB001/LOCELL_SECTOREQM:NodeB Function Name=MML00942HUNB001, Local Cell ID=60122, Sector Equipment ID=11">
                <measResults>-80.683 -82.716 NIL NIL -81.3 -83.4 NIL NIL </measResults>
            </measValue>
            <measValue measObjLdn="MML00942HUNB001/LOCELL_SECTOREQM:NodeB Function Name=MML00942HUNB001, Local Cell ID=60123, Sector Equipment ID=12">
                <measResults>-91.254 -89.214 NIL NIL -93 -90.9 NIL NIL </measResults>
            </measValue>
        </measInfo>
        <measInfo measInfoId="50331682">
            <granPeriod duration="PT3600S" endTime="2021-08-17T23:00:00+08:00"/>
            <repPeriod duration="PT3600S"/>
            <measTypes>50332602 50332603 50332615 50332616 </measTypes>
            <measValue measObjLdn="MML00942HUNB001/LOCELL_SECTOREQM:NodeB Function Name=MML00942HUNB001, Local Cell ID=10121, Sector Equipment ID=0">
                <measResults>NIL NIL NIL NIL </measResults>
            </measValue>
            <measValue measObjLdn="MML00942HUNB001/LOCELL_SECTOREQM:NodeB Function Name=MML00942HUNB001, Local Cell ID=10122, Sector Equipment ID=1">
                <measResults>NIL NIL NIL NIL </measResults>
            </measValue>
            <measValue measObjLdn="MML00942HUNB001/LOCELL_SECTOREQM:NodeB Function Name=MML00942HUNB001, Local Cell ID=10123, Sector Equipment ID=2">
                <measResults>206 232 282 189 </measResults>
            </measValue>
            <measValue measObjLdn="MML00942HUNB001/LOCELL_SECTOREQM:NodeB Function Name=MML00942HUNB001, Local Cell ID=50121, Sector Equipment ID=6">
                <measResults>NIL NIL NIL NIL </measResults>
            </measValue>
            <measValue measObjLdn="MML00942HUNB001/LOCELL_SECTOREQM:NodeB Function Name=MML00942HUNB001, Local Cell ID=50122, Sector Equipment ID=7">
                <measResults>NIL NIL NIL NIL </measResults>
            </measValue>
            <measValue measObjLdn="MML00942HUNB001/LOCELL_SECTOREQM:NodeB Function Name=MML00942HUNB001, Local Cell ID=50123, Sector Equipment ID=8">
                <measResults>NIL NIL NIL NIL </measResults>
            </measValue>
            <measValue measObjLdn="MML00942HUNB001/LOCELL_SECTOREQM:NodeB Function Name=MML00942HUNB001, Local Cell ID=60121, Sector Equipment ID=10">
                <measResults>NIL NIL NIL NIL </measResults>
            </measValue>
            <measValue measObjLdn="MML00942HUNB001/LOCELL_SECTOREQM:NodeB Function Name=MML00942HUNB001, Local Cell ID=60122, Sector Equipment ID=11">
                <measResults>NIL NIL NIL NIL </measResults>
            </measValue>
            <measValue measObjLdn="MML00942HUNB001/LOCELL_SECTOREQM:NodeB Function Name=MML00942HUNB001, Local Cell ID=60123, Sector Equipment ID=12">
                <measResults>NIL NIL NIL NIL </measResults>
            </measValue>
        </measInfo>
    </measData>
    <fileFooter>
        <measCollec endTime="2021-08-17T23:00:00+08:00"/>
    </fileFooter>
</measCollecFile>
