<?xml version="1.0" encoding="UTF-8"?>
<measCollecFile xmlns="http://latest/nmc-omc/cmNrm.doc#measCollec" xmlns:xsi="http://www.w3.org/2001/XMLSchema-instance" xsi:schemaLocation="http://latest/nmc-omc/cmNrm.doc#measCollec schema\pmResultSchedule.xsd">
    <fileHeader fileFormatVersion="32.435 V7.2" vendorName="Huawei">
        <fileSender elementType="vUSN"/>
        <measCollec beginTime="2021-08-11T23:00:00+08:00"/>
    </fileHeader>
    <measData>
        <managedElement userLabel="sl2USN03"/>
        <measInfo measInfoId="117440528">
            <granPeriod duration="PT3600S" endTime="2021-08-12T00:00:00+08:00"/>
            <repPeriod duration="PT3600S"/>
            <measTypes>117452213 117452214 117452215 117452216 117452217 117452218 117452219 117452220 117452221 </measTypes>
            <measValue measObjLdn="sl2USN03/UsnFunction:nodeName=link, USN Function Configuration Name=LINK_VNFC">
                <measResults>0 0 525 276 2558 2631 301 356 273 </measResults>
            </measValue>
        </measInfo>
        <measInfo measInfoId="117440542">
            <granPeriod duration="PT3600S" endTime="2021-08-12T00:00:00+08:00"/>
            <repPeriod duration="PT3600S"/>
            <measTypes>117453613 117453614 117453615 117453616 117453617 117453618 117453619 117453620 117453621 117453622 117453623 117453624 117453625 117453626 117453627 117453628 117453629 117453630 117453631 117453632 117453633 117453634 117453635 117453636 117453637 117453638 117453639 117453640 117453641 117453642 117453643 117453644 117453645 117453646 117453647 117453648 117453649 117453650 117453651 117453652 117453653 117453654 117453655 117453656 117453657 117453658 117453659 117453660 117453661 117453662 117453663 127996546 </measTypes>
            <measValue measObjLdn="sl2USN03/UsnFunction:nodeName=link, USN Function Configuration Name=LINK_VNFC">
                <measResults>957182 922786 6 0 0 0 0 0 0 0 0 0 0 807929 358004 928177 914519 723 149253 115028 71577 68799 7523 785584 0 790252 785560 1520 0 11043 0 0 0 0 0 0 0 0 0 0 0 0 0 20284 138 0 0 0 38657 2877 316332 0 </measResults>
            </measValue>
        </measInfo>
        <measInfo measInfoId="117440614">
            <granPeriod duration="PT3600S" endTime="2021-08-12T00:00:00+08:00"/>
            <repPeriod duration="PT3600S"/>
            <measTypes>117460813 117460814 117460815 117460816 117460817 117460819 117460820 117460821 </measTypes>
            <measValue measObjLdn="sl2USN03/UsnFunction:nodeName=link, USN Function Configuration Name=LINK_VNFC">
                <measResults>0 0 0 0 0 0 0 0 </measResults>
            </measValue>
        </measInfo>
        <measInfo measInfoId="117440615">
            <granPeriod duration="PT3600S" endTime="2021-08-12T00:00:00+08:00"/>
            <repPeriod duration="PT3600S"/>
            <measTypes>117460913 117460914 117460916 117460917 </measTypes>
            <measValue measObjLdn="sl2USN03/UsnFunction:nodeName=link, USN Function Configuration Name=LINK_VNFC">
                <measResults>0 0 0 0 </measResults>
            </measValue>
        </measInfo>
        <measInfo measInfoId="117440616">
            <granPeriod duration="PT3600S" endTime="2021-08-12T00:00:00+08:00"/>
            <repPeriod duration="PT3600S"/>
            <measTypes>117461013 117461014 117461015 117461016 117461017 117461019 117461020 117461021 117461022 </measTypes>
            <measValue measObjLdn="sl2USN03/UsnFunction:nodeName=link, USN Function Configuration Name=LINK_VNFC">
                <measResults>0 1 15850526 1619837 1545068 7629352 6650287 956137 811892 </measResults>
            </measValue>
        </measInfo>
        <measInfo measInfoId="117440618">
            <granPeriod duration="PT3600S" endTime="2021-08-12T00:00:00+08:00"/>
            <repPeriod duration="PT3600S"/>
            <measTypes>117461213 117461214 117461215 117461216 117461217 117461218 117461219 117461220 117461221 117461222 </measTypes>
            <measValue measObjLdn="sl2USN03/UsnFunction:nodeName=link, USN Function Configuration Name=LINK_VNFC">
                <measResults>343746 428134 428088 321879 0 0 45 21294 0 0 </measResults>
            </measValue>
        </measInfo>
        <measInfo measInfoId="117440619">
            <granPeriod duration="PT3600S" endTime="2021-08-12T00:00:00+08:00"/>
            <repPeriod duration="PT3600S"/>
            <measTypes>117461313 117461314 117461315 117461316 117461317 117461318 117461319 117461320 117461321 117461322 </measTypes>
            <measValue measObjLdn="sl2USN03/UsnFunction:nodeName=link, USN Function Configuration Name=LINK_VNFC">
                <measResults>343746 428134 428087 321879 0 0 45 21302 0 0 </measResults>
            </measValue>
        </measInfo>
        <measInfo measInfoId="117440620">
            <granPeriod duration="PT3600S" endTime="2021-08-12T00:00:00+08:00"/>
            <repPeriod duration="PT3600S"/>
            <measTypes>117461418 117461419 117461420 117461421 117461422 117461423 117461424 117461425 117461426 117461427 </measTypes>
            <measValue measObjLdn="sl2USN03/UsnFunction:nodeName=link, USN Function Configuration Name=LINK_VNFC">
                <measResults>0 0 0 0 0 0 0 0 106 0 </measResults>
            </measValue>
        </measInfo>
        <measInfo measInfoId="117440621">
            <granPeriod duration="PT3600S" endTime="2021-08-12T00:00:00+08:00"/>
            <repPeriod duration="PT3600S"/>
            <measTypes>117461513 117461514 117461515 117461516 117461517 117461518 117461519 117461520 </measTypes>
            <measValue measObjLdn="sl2USN03/UsnFunction:nodeName=link, USN Function Configuration Name=LINK_VNFC">
                <measResults>0 0 0 0 0 0 0 8 </measResults>
            </measValue>
        </measInfo>
        <measInfo measInfoId="117496538">
            <granPeriod duration="PT3600S" endTime="2021-08-12T00:00:00+08:00"/>
            <repPeriod duration="PT3600S"/>
            <measTypes>117498413 117498414 117498415 117498416 117498417 117498418 117498419 117498420 117498421 117498422 117498423 117498424 117498425 117498426 117498427 </measTypes>
            <measValue measObjLdn="sl2USN03/UsnFunction:nodeName=link, USN Function Configuration Name=LINK_VNFC">
                <measResults>0 0 0 0 0 0 0 0 0 0 0 0 0 0 0 </measResults>
            </measValue>
        </measInfo>
        <measInfo measInfoId="1912209408">
            <granPeriod duration="PT3600S" endTime="2021-08-12T00:00:00+08:00"/>
            <repPeriod duration="PT3600S"/>
            <measTypes>1912209408 1912209409 1912209410 1912209411 1912209412 1912209413 1912209414 1912209415 1912209416 1912209417 1912209418 1912209419 1912209420 1912209421 1912209422 1912209423 1912209424 1912209425 1912209426 1912209427 1912209428 1912209429 1912209430 1912209431 1912209432 1912209433 1912209434 1912209435 1912209436 1912209437 1912209438 1912209439 1912209440 1912209441 1912209442 1912209443 </measTypes>
            <measValue measObjLdn="sl2USN03/UsnFunction:nodeName=link, USN Function Configuration Name=LINK_VNFC">
                <measResults>28752 29255 358 381 0 0 28752 29255 0 0 0 0 0 0 58007 40 741 0 0 23 0 426 28 29 0 0 58 72 5442 5172 69 69 4 4 0 0 </measResults>
            </measValue>
        </measInfo>
        <measInfo measInfoId="1912209409">
            <granPeriod duration="PT3600S" endTime="2021-08-12T00:00:00+08:00"/>
            <repPeriod duration="PT3600S"/>
            <measTypes>1912209444 1912209445 1912209446 1912209447 1912209448 1912209449 1912209450 1912209451 </measTypes>
            <measValue measObjLdn="sl2USN03/UsnFunction:nodeName=link, USN Function Configuration Name=LINK_VNFC">
                <measResults>4655 4655 1141 4 4 17119 16486 523 </measResults>
            </measValue>
        </measInfo>
        <measInfo measInfoId="1912209413">
            <granPeriod duration="PT3600S" endTime="2021-08-12T00:00:00+08:00"/>
            <repPeriod duration="PT3600S"/>
            <measTypes>1912209473 </measTypes>
            <measValue measObjLdn="sl2USN03/UsnFunction:nodeName=link, USN Function Configuration Name=LINK_VNFC">
                <measResults>0 </measResults>
            </measValue>
        </measInfo>
        <measInfo measInfoId="1912209416">
            <granPeriod duration="PT3600S" endTime="2021-08-12T00:00:00+08:00"/>
            <repPeriod duration="PT3600S"/>
            <measTypes>117490652 117490663 1912209484 1912209485 1912209486 1912209487 1912209488 1912209489 1912209490 1912209491 1912209492 1912209493 1912209494 1912209495 1912209496 1912209497 1912209498 1912209499 1912209500 1912209501 1912209502 1912209503 1912209504 1912209505 1912209506 1912209507 1912209508 1912209509 1912209510 1912209511 1912209512 1912209513 1912209514 1912209515 1912209516 1912209517 1912209518 1912209519 1912209520 1912209521 1912209522 1912209523 1912209524 1912209525 1912209526 1912209527 1912209528 1912209529 1912209530 1912209531 1912209532 1912209533 1912209534 1912209535 1912209536 1912209537 1912209538 1912209539 1912209540 1912209541 1912209542 1912209543 1912209544 1912209545 1912209546 1912209547 1912209548 1912209549 1912209550 1912209551 1912209552 1912209553 1912209554 1912209555 1912209556 1912209557 1912209558 1912209559 1912209560 1912209561 1912209562 1912209563 1912209564 1912209565 1912209566 1912209567 1912209568 1912209569 1912209570 1912209571 1912209572 1912209573 1912209574 1912209575 1912209576 1912209577 1912209578 1912209579 1912209580 1912209581 1912209582 1912209583 1912209584 1912209585 1912209586 1912209587 1912209588 1912209589 1912209590 1912209591 1912209592 1912209593 1912209781 1912209782 1912209783 1912209784 1912209785 1912209786 1912209787 1912209788 1912209789 1912209790 </measTypes>
            <measValue measObjLdn="sl2USN03/UsnFunction:nodeName=link, USN Function Configuration Name=LINK_VNFC">
                <measResults>6 3111 192 144 0 0 11080904 11053798 9689 9423 58134 57736 226 57632657 101144185 2848157 7652846 8113107 2239803 0 0 0 9996 7668008 2835048 165161114 164408873 102636722 62949259 1220266 10663088 899 0 1262 0 162267 29002 36261 342 80145 0 0 0 0 226 0 0 0 0 0 0 0 0 0 0 0 0 0 0 220 12316456 12287135 292 80 152 3 1 28 0 0 0 5 23 9689 9423 219 0 0 4 0 8 0 0 198 0 9 37699 14 248 1 0 0 193 0 0 0 0 0 0 0 0 0 0 0 0 0 0 0 0 0 0 0 0 0 0 0 0 31655 31628 75 99.755 10501003 </measResults>
            </measValue>
        </measInfo>
        <measInfo measInfoId="1912209417">
            <granPeriod duration="PT3600S" endTime="2021-08-12T00:00:00+08:00"/>
            <repPeriod duration="PT3600S"/>
            <measTypes>1912209594 1912209595 1912209596 1912209597 1912209598 1912209599 1912209600 1912209601 1912209602 1912209603 1912209604 1912209605 1912209606 1912209607 1912209608 1912209609 1912209610 1912209612 1912209613 1912209755 1912209756 1912209757 1912209758 1912209759 1912209760 1912209761 1912209762 1912209763 1912209764 1912209765 1912209766 </measTypes>
            <measValue measObjLdn="sl2USN03/UsnFunction:nodeName=link, USN Function Configuration Name=LINK_VNFC">
                <measResults>400270 381487 220434 218716 0 0 214222 214222 10539 10530 1168 1164 59661 59399 906291 905887 412 1 1 10539 10530 10539 10530 10539 10530 10539 10530 10539 10530 0 0 </measResults>
            </measValue>
        </measInfo>
        <measInfo measInfoId="1912209418">
            <granPeriod duration="PT3600S" endTime="2021-08-12T00:00:00+08:00"/>
            <repPeriod duration="PT3600S"/>
            <measTypes>1912209614 1912209615 1912209616 1912209617 1912209618 1912209619 1912209620 1912209621 </measTypes>
            <measValue measObjLdn="sl2USN03/UsnFunction:nodeName=link, USN Function Configuration Name=LINK_VNFC">
                <measResults>5476363 0 31710505 28416505 65608375 0 0 0 </measResults>
            </measValue>
        </measInfo>
        <measInfo measInfoId="1912209422">
            <granPeriod duration="PT3600S" endTime="2021-08-12T00:00:00+08:00"/>
            <repPeriod duration="PT3600S"/>
            <measTypes>1912209630 1912209631 1912209632 1912209633 1912209634 1912209635 1912209636 1912209637 1912209638 1912209639 1912209640 1912209643 1912209644 1912209645 1912209646 1912209647 1912209648 1912209649 1912209650 1912209651 1912209652 1912209653 1912209654 1912209655 1912209657 1912209658 1912209659 1912209664 1912209665 </measTypes>
            <measValue measObjLdn="sl2USN03/UsnFunction:nodeName=link, USN Function Configuration Name=LINK_VNFC">
                <measResults>1094928 1094733 207 9883 9883 47545 11574 59119 96485 13339 96630 3015 3009 6 354 0 0 0 0 719286 711402 401350 410230 946762 99.982 85252 11378 0 32 </measResults>
            </measValue>
        </measInfo>
        <measInfo measInfoId="1912209425">
            <granPeriod duration="PT3600S" endTime="2021-08-12T00:00:00+08:00"/>
            <repPeriod duration="PT3600S"/>
            <measTypes>1912209704 </measTypes>
            <measValue measObjLdn="sl2USN03/UsnFunction:nodeName=link, USN Function Configuration Name=LINK_VNFC">
                <measResults>0 </measResults>
            </measValue>
        </measInfo>
        <measInfo measInfoId="1912209427">
            <granPeriod duration="PT3600S" endTime="2021-08-12T00:00:00+08:00"/>
            <repPeriod duration="PT3600S"/>
            <measTypes>1912209717 1912209718 1912209719 1912209720 1912209721 1912209722 1912209723 1912209724 </measTypes>
            <measValue measObjLdn="sl2USN03/UsnFunction:nodeName=link, USN Function Configuration Name=LINK_VNFC">
                <measResults>0 0 0 0 0 0 0 0 </measResults>
            </measValue>
        </measInfo>
        <measInfo measInfoId="1912209428">
            <granPeriod duration="PT3600S" endTime="2021-08-12T00:00:00+08:00"/>
            <repPeriod duration="PT3600S"/>
            <measTypes>1912209725 1912209726 </measTypes>
            <measValue measObjLdn="sl2USN03/UsnFunction:nodeName=link, USN Function Configuration Name=LINK_VNFC">
                <measResults>345165251 219021079 </measResults>
            </measValue>
        </measInfo>
        <measInfo measInfoId="1912209429">
            <granPeriod duration="PT3600S" endTime="2021-08-12T00:00:00+08:00"/>
            <repPeriod duration="PT3600S"/>
            <measTypes>1912209727 1912209728 1912209729 </measTypes>
            <measValue measObjLdn="sl2USN03/UsnFunction:nodeName=link, USN Function Configuration Name=LINK_VNFC">
                <measResults>446472 446472 664 </measResults>
            </measValue>
        </measInfo>
        <measInfo measInfoId="1912209430">
            <granPeriod duration="PT3600S" endTime="2021-08-12T00:00:00+08:00"/>
            <repPeriod duration="PT3600S"/>
            <measTypes>1912209730 </measTypes>
            <measValue measObjLdn="sl2USN03/UsnFunction:nodeName=link, USN Function Configuration Name=LINK_VNFC">
                <measResults>0 </measResults>
            </measValue>
        </measInfo>
        <measInfo measInfoId="1912209431">
            <granPeriod duration="PT3600S" endTime="2021-08-12T00:00:00+08:00"/>
            <repPeriod duration="PT3600S"/>
            <measTypes>1912209731 </measTypes>
            <measValue measObjLdn="sl2USN03/UsnFunction:nodeName=link, USN Function Configuration Name=LINK_VNFC">
                <measResults>0 </measResults>
            </measValue>
        </measInfo>
        <measInfo measInfoId="1912209435">
            <granPeriod duration="PT3600S" endTime="2021-08-12T00:00:00+08:00"/>
            <repPeriod duration="PT3600S"/>
            <measTypes>1912209823 1912209824 1912209825 1912209826 1912209827 </measTypes>
            <measValue measObjLdn="sl2USN03/UsnFunction:nodeName=link, USN Function Configuration Name=LINK_VNFC">
                <measResults>0 0 0 0 0 </measResults>
            </measValue>
        </measInfo>
        <measInfo measInfoId="117440656">
            <granPeriod duration="PT3600S" endTime="2021-08-12T00:00:00+08:00"/>
            <repPeriod duration="PT3600S"/>
            <measTypes>117465013 117465014 117465015 117465016 117465017 117465018 117465019 117465020 117465021 </measTypes>
            <measValue measObjLdn="sl2USN03/M3UA link:nodeName=link, Link No.=0">
                <measResults>0 0 3600 0 0 0 0 0 0 </measResults>
            </measValue>
            <measValue measObjLdn="sl2USN03/M3UA link:nodeName=link, Link No.=1">
                <measResults>0 0 0 0 0 0 0 8831 1136 </measResults>
            </measValue>
            <measValue measObjLdn="sl2USN03/M3UA link:nodeName=link, Link No.=10">
                <measResults>0 0 0 0 0 96409 10140 87646 14641 </measResults>
            </measValue>
            <measValue measObjLdn="sl2USN03/M3UA link:nodeName=link, Link No.=100">
                <measResults>0 0 0 0 0 82464 5324 73698 4776 </measResults>
            </measValue>
            <measValue measObjLdn="sl2USN03/M3UA link:nodeName=link, Link No.=103">
                <measResults>0 0 0 0 0 76393 4718 64968 4280 </measResults>
            </measValue>
            <measValue measObjLdn="sl2USN03/M3UA link:nodeName=link, Link No.=104">
                <measResults>0 0 0 0 0 75318 4681 63885 4201 </measResults>
            </measValue>
            <measValue measObjLdn="sl2USN03/M3UA link:nodeName=link, Link No.=107">
                <measResults>0 0 0 0 0 132272 9390 112823 7492 </measResults>
            </measValue>
            <measValue measObjLdn="sl2USN03/M3UA link:nodeName=link, Link No.=108">
                <measResults>0 0 0 0 0 131906 9488 111933 7446 </measResults>
            </measValue>
            <measValue measObjLdn="sl2USN03/M3UA link:nodeName=link, Link No.=109">
                <measResults>0 0 0 0 0 83211 5534 73076 4999 </measResults>
            </measValue>
            <measValue measObjLdn="sl2USN03/M3UA link:nodeName=link, Link No.=11">
                <measResults>0 0 0 0 0 96555 10176 88046 14726 </measResults>
            </measValue>
            <measValue measObjLdn="sl2USN03/M3UA link:nodeName=link, Link No.=110">
                <measResults>0 0 0 0 0 82528 5525 73733 5039 </measResults>
            </measValue>
            <measValue measObjLdn="sl2USN03/M3UA link:nodeName=link, Link No.=111">
                <measResults>0 0 0 0 0 92742 6466 79218 5330 </measResults>
            </measValue>
            <measValue measObjLdn="sl2USN03/M3UA link:nodeName=link, Link No.=112">
                <measResults>0 0 0 0 0 91075 6362 79123 5328 </measResults>
            </measValue>
            <measValue measObjLdn="sl2USN03/M3UA link:nodeName=link, Link No.=113">
                <measResults>0 0 0 0 0 85026 5507 71995 4779 </measResults>
            </measValue>
            <measValue measObjLdn="sl2USN03/M3UA link:nodeName=link, Link No.=114">
                <measResults>0 0 0 0 0 84282 5487 71927 4767 </measResults>
            </measValue>
            <measValue measObjLdn="sl2USN03/M3UA link:nodeName=link, Link No.=115">
                <measResults>0 0 0 0 0 101066 8343 78086 5112 </measResults>
            </measValue>
            <measValue measObjLdn="sl2USN03/M3UA link:nodeName=link, Link No.=116">
                <measResults>0 0 0 0 0 100539 8265 77744 5086 </measResults>
            </measValue>
            <measValue measObjLdn="sl2USN03/M3UA link:nodeName=link, Link No.=117">
                <measResults>0 0 0 0 0 98672 6519 86303 5818 </measResults>
            </measValue>
            <measValue measObjLdn="sl2USN03/M3UA link:nodeName=link, Link No.=118">
                <measResults>0 0 0 0 0 98818 6496 86787 5844 </measResults>
            </measValue>
            <measValue measObjLdn="sl2USN03/M3UA link:nodeName=link, Link No.=119">
                <measResults>0 0 0 0 0 104848 6857 94300 6239 </measResults>
            </measValue>
            <measValue measObjLdn="sl2USN03/M3UA link:nodeName=link, Link No.=12">
                <measResults>0 0 0 0 0 96760 10142 87085 14522 </measResults>
            </measValue>
            <measValue measObjLdn="sl2USN03/M3UA link:nodeName=link, Link No.=120">
                <measResults>0 0 0 0 0 104729 6840 94004 6230 </measResults>
            </measValue>
            <measValue measObjLdn="sl2USN03/M3UA link:nodeName=link, Link No.=125">
                <measResults>0 0 0 0 0 56845 3707 47002 3116 </measResults>
            </measValue>
            <measValue measObjLdn="sl2USN03/M3UA link:nodeName=link, Link No.=126">
                <measResults>0 0 0 0 0 56324 3637 46820 3089 </measResults>
            </measValue>
            <measValue measObjLdn="sl2USN03/M3UA link:nodeName=link, Link No.=13">
                <measResults>0 0 0 0 0 96287 10132 87719 14662 </measResults>
            </measValue>
            <measValue measObjLdn="sl2USN03/M3UA link:nodeName=link, Link No.=131">
                <measResults>0 0 0 0 0 88007 5418 74394 4941 </measResults>
            </measValue>
            <measValue measObjLdn="sl2USN03/M3UA link:nodeName=link, Link No.=132">
                <measResults>0 0 0 0 0 88209 5444 73491 4856 </measResults>
            </measValue>
            <measValue measObjLdn="sl2USN03/M3UA link:nodeName=link, Link No.=133">
                <measResults>0 0 0 0 0 97932 7509 75757 4971 </measResults>
            </measValue>
            <measValue measObjLdn="sl2USN03/M3UA link:nodeName=link, Link No.=134">
                <measResults>0 0 0 0 0 97392 7499 75884 4965 </measResults>
            </measValue>
            <measValue measObjLdn="sl2USN03/M3UA link:nodeName=link, Link No.=135">
                <measResults>0 0 0 0 0 86253 5519 74778 5057 </measResults>
            </measValue>
            <measValue measObjLdn="sl2USN03/M3UA link:nodeName=link, Link No.=136">
                <measResults>0 0 0 0 0 87191 5562 74160 5014 </measResults>
            </measValue>
            <measValue measObjLdn="sl2USN03/M3UA link:nodeName=link, Link No.=137">
                <measResults>0 0 0 0 0 41082 2505 33454 2248 </measResults>
            </measValue>
            <measValue measObjLdn="sl2USN03/M3UA link:nodeName=link, Link No.=138">
                <measResults>0 0 0 0 0 41719 2536 33509 2249 </measResults>
            </measValue>
            <measValue measObjLdn="sl2USN03/M3UA link:nodeName=link, Link No.=139">
                <measResults>0 0 0 0 0 27345 1795 23611 1593 </measResults>
            </measValue>
            <measValue measObjLdn="sl2USN03/M3UA link:nodeName=link, Link No.=14">
                <measResults>0 0 0 0 0 96593 10168 88342 14765 </measResults>
            </measValue>
            <measValue measObjLdn="sl2USN03/M3UA link:nodeName=link, Link No.=140">
                <measResults>0 0 0 0 0 27310 1805 23989 1613 </measResults>
            </measValue>
            <measValue measObjLdn="sl2USN03/M3UA link:nodeName=link, Link No.=143">
                <measResults>0 0 0 0 0 31569 2080 27143 1875 </measResults>
            </measValue>
            <measValue measObjLdn="sl2USN03/M3UA link:nodeName=link, Link No.=144">
                <measResults>0 0 0 0 0 30892 2063 27373 1894 </measResults>
            </measValue>
            <measValue measObjLdn="sl2USN03/M3UA link:nodeName=link, Link No.=145">
                <measResults>0 0 0 0 0 55791 3622 47702 3219 </measResults>
            </measValue>
            <measValue measObjLdn="sl2USN03/M3UA link:nodeName=link, Link No.=146">
                <measResults>0 0 0 0 0 55500 3583 48391 3263 </measResults>
            </measValue>
            <measValue measObjLdn="sl2USN03/M3UA link:nodeName=link, Link No.=15">
                <measResults>0 0 0 0 0 95869 10103 88510 14818 </measResults>
            </measValue>
            <measValue measObjLdn="sl2USN03/M3UA link:nodeName=link, Link No.=159">
                <measResults>0 0 0 0 0 45348 2808 38371 2603 </measResults>
            </measValue>
            <measValue measObjLdn="sl2USN03/M3UA link:nodeName=link, Link No.=16">
                <measResults>0 0 0 0 0 96550 10153 85244 14245 </measResults>
            </measValue>
            <measValue measObjLdn="sl2USN03/M3UA link:nodeName=link, Link No.=160">
                <measResults>0 0 0 0 0 45531 2800 38510 2617 </measResults>
            </measValue>
            <measValue measObjLdn="sl2USN03/M3UA link:nodeName=link, Link No.=2">
                <measResults>0 0 0 0 0 0 0 9134 1198 </measResults>
            </measValue>
            <measValue measObjLdn="sl2USN03/M3UA link:nodeName=link, Link No.=20">
                <measResults>0 0 0 0 0 34270 2220 29164 2302 </measResults>
            </measValue>
            <measValue measObjLdn="sl2USN03/M3UA link:nodeName=link, Link No.=21">
                <measResults>0 0 0 0 0 34365 2232 28892 2289 </measResults>
            </measValue>
            <measValue measObjLdn="sl2USN03/M3UA link:nodeName=link, Link No.=24">
                <measResults>0 0 0 0 0 33111 2033 27676 1976 </measResults>
            </measValue>
            <measValue measObjLdn="sl2USN03/M3UA link:nodeName=link, Link No.=25">
                <measResults>0 0 0 0 0 33149 2028 27851 2002 </measResults>
            </measValue>
            <measValue measObjLdn="sl2USN03/M3UA link:nodeName=link, Link No.=26">
                <measResults>0 0 0 0 0 98461 5984 82041 5882 </measResults>
            </measValue>
            <measValue measObjLdn="sl2USN03/M3UA link:nodeName=link, Link No.=27">
                <measResults>0 0 0 0 0 97859 5970 82376 5905 </measResults>
            </measValue>
            <measValue measObjLdn="sl2USN03/M3UA link:nodeName=link, Link No.=28">
                <measResults>0 0 0 0 0 37213 2253 30764 2175 </measResults>
            </measValue>
            <measValue measObjLdn="sl2USN03/M3UA link:nodeName=link, Link No.=29">
                <measResults>0 0 0 0 0 36862 2237 30894 2180 </measResults>
            </measValue>
            <measValue measObjLdn="sl2USN03/M3UA link:nodeName=link, Link No.=3">
                <measResults>0 0 0 0 0 0 0 8999 1172 </measResults>
            </measValue>
            <measValue measObjLdn="sl2USN03/M3UA link:nodeName=link, Link No.=30">
                <measResults>0 0 0 0 0 37491 2254 30799 2169 </measResults>
            </measValue>
            <measValue measObjLdn="sl2USN03/M3UA link:nodeName=link, Link No.=31">
                <measResults>0 0 0 0 0 37242 2236 30994 2190 </measResults>
            </measValue>
            <measValue measObjLdn="sl2USN03/M3UA link:nodeName=link, Link No.=32">
                <measResults>0 0 0 0 0 17027 1037 13856 1000 </measResults>
            </measValue>
            <measValue measObjLdn="sl2USN03/M3UA link:nodeName=link, Link No.=33">
                <measResults>0 0 0 0 0 16228 996 13915 998 </measResults>
            </measValue>
            <measValue measObjLdn="sl2USN03/M3UA link:nodeName=link, Link No.=34">
                <measResults>0 0 0 0 0 16896 1022 13999 1014 </measResults>
            </measValue>
            <measValue measObjLdn="sl2USN03/M3UA link:nodeName=link, Link No.=35">
                <measResults>0 0 0 0 0 16453 1002 13907 1002 </measResults>
            </measValue>
            <measValue measObjLdn="sl2USN03/M3UA link:nodeName=link, Link No.=36">
                <measResults>0 0 0 0 0 10925 663 9027 672 </measResults>
            </measValue>
            <measValue measObjLdn="sl2USN03/M3UA link:nodeName=link, Link No.=37">
                <measResults>0 0 0 0 0 10493 646 9006 674 </measResults>
            </measValue>
            <measValue measObjLdn="sl2USN03/M3UA link:nodeName=link, Link No.=38">
                <measResults>0 0 0 0 0 10368 643 9026 672 </measResults>
            </measValue>
            <measValue measObjLdn="sl2USN03/M3UA link:nodeName=link, Link No.=39">
                <measResults>0 0 0 0 0 10600 655 9109 680 </measResults>
            </measValue>
            <measValue measObjLdn="sl2USN03/M3UA link:nodeName=link, Link No.=4">
                <measResults>0 0 0 0 0 0 0 9403 1248 </measResults>
            </measValue>
            <measValue measObjLdn="sl2USN03/M3UA link:nodeName=link, Link No.=40">
                <measResults>0 0 0 0 0 41424 2505 34306 2436 </measResults>
            </measValue>
            <measValue measObjLdn="sl2USN03/M3UA link:nodeName=link, Link No.=41">
                <measResults>0 0 0 0 0 40683 2471 34561 2447 </measResults>
            </measValue>
            <measValue measObjLdn="sl2USN03/M3UA link:nodeName=link, Link No.=42">
                <measResults>0 0 0 0 0 41465 2518 34244 2432 </measResults>
            </measValue>
            <measValue measObjLdn="sl2USN03/M3UA link:nodeName=link, Link No.=43">
                <measResults>0 0 0 0 0 40629 2485 34311 2432 </measResults>
            </measValue>
            <measValue measObjLdn="sl2USN03/M3UA link:nodeName=link, Link No.=44">
                <measResults>0 0 0 0 0 24592 1514 20237 1440 </measResults>
            </measValue>
            <measValue measObjLdn="sl2USN03/M3UA link:nodeName=link, Link No.=45">
                <measResults>0 0 0 0 0 23868 1464 20438 1453 </measResults>
            </measValue>
            <measValue measObjLdn="sl2USN03/M3UA link:nodeName=link, Link No.=46">
                <measResults>0 0 0 0 0 24368 1487 20325 1448 </measResults>
            </measValue>
            <measValue measObjLdn="sl2USN03/M3UA link:nodeName=link, Link No.=47">
                <measResults>0 0 0 0 0 24269 1486 20125 1436 </measResults>
            </measValue>
            <measValue measObjLdn="sl2USN03/M3UA link:nodeName=link, Link No.=48">
                <measResults>0 0 0 0 0 31296 1998 26590 1993 </measResults>
            </measValue>
            <measValue measObjLdn="sl2USN03/M3UA link:nodeName=link, Link No.=49">
                <measResults>0 0 0 0 0 31220 1982 26368 1985 </measResults>
            </measValue>
            <measValue measObjLdn="sl2USN03/M3UA link:nodeName=link, Link No.=5">
                <measResults>0 0 0 0 0 0 0 9147 1208 </measResults>
            </measValue>
            <measValue measObjLdn="sl2USN03/M3UA link:nodeName=link, Link No.=50">
                <measResults>0 0 0 0 0 31806 2011 26552 1999 </measResults>
            </measValue>
            <measValue measObjLdn="sl2USN03/M3UA link:nodeName=link, Link No.=51">
                <measResults>0 0 0 0 0 31192 1983 26499 1997 </measResults>
            </measValue>
            <measValue measObjLdn="sl2USN03/M3UA link:nodeName=link, Link No.=52">
                <measResults>0 0 0 0 0 27543 1681 23294 1643 </measResults>
            </measValue>
            <measValue measObjLdn="sl2USN03/M3UA link:nodeName=link, Link No.=53">
                <measResults>0 0 0 0 0 27946 1692 23167 1638 </measResults>
            </measValue>
            <measValue measObjLdn="sl2USN03/M3UA link:nodeName=link, Link No.=54">
                <measResults>0 0 0 0 0 27860 1680 23213 1634 </measResults>
            </measValue>
            <measValue measObjLdn="sl2USN03/M3UA link:nodeName=link, Link No.=55">
                <measResults>0 0 0 0 0 27752 1678 23318 1642 </measResults>
            </measValue>
            <measValue measObjLdn="sl2USN03/M3UA link:nodeName=link, Link No.=56">
                <measResults>0 0 0 0 0 41319 2532 34700 2476 </measResults>
            </measValue>
            <measValue measObjLdn="sl2USN03/M3UA link:nodeName=link, Link No.=57">
                <measResults>0 0 0 0 0 40548 2491 34566 2472 </measResults>
            </measValue>
            <measValue measObjLdn="sl2USN03/M3UA link:nodeName=link, Link No.=58">
                <measResults>0 0 0 0 0 41008 2509 34512 2465 </measResults>
            </measValue>
            <measValue measObjLdn="sl2USN03/M3UA link:nodeName=link, Link No.=59">
                <measResults>0 0 0 0 0 41065 2523 34673 2488 </measResults>
            </measValue>
            <measValue measObjLdn="sl2USN03/M3UA link:nodeName=link, Link No.=6">
                <measResults>0 0 0 0 0 0 0 8883 1150 </measResults>
            </measValue>
            <measValue measObjLdn="sl2USN03/M3UA link:nodeName=link, Link No.=60">
                <measResults>0 0 0 0 0 8304 511 7097 531 </measResults>
            </measValue>
            <measValue measObjLdn="sl2USN03/M3UA link:nodeName=link, Link No.=61">
                <measResults>0 0 0 0 0 8466 513 7124 528 </measResults>
            </measValue>
            <measValue measObjLdn="sl2USN03/M3UA link:nodeName=link, Link No.=62">
                <measResults>0 0 0 0 0 8594 520 7236 538 </measResults>
            </measValue>
            <measValue measObjLdn="sl2USN03/M3UA link:nodeName=link, Link No.=63">
                <measResults>0 0 0 0 0 8418 514 7220 536 </measResults>
            </measValue>
            <measValue measObjLdn="sl2USN03/M3UA link:nodeName=link, Link No.=64">
                <measResults>0 0 0 0 0 11282 694 9594 697 </measResults>
            </measValue>
            <measValue measObjLdn="sl2USN03/M3UA link:nodeName=link, Link No.=65">
                <measResults>0 0 0 0 0 11823 726 9608 695 </measResults>
            </measValue>
            <measValue measObjLdn="sl2USN03/M3UA link:nodeName=link, Link No.=66">
                <measResults>0 0 0 0 0 11178 694 9710 699 </measResults>
            </measValue>
            <measValue measObjLdn="sl2USN03/M3UA link:nodeName=link, Link No.=67">
                <measResults>0 0 0 0 0 11453 704 9559 687 </measResults>
            </measValue>
            <measValue measObjLdn="sl2USN03/M3UA link:nodeName=link, Link No.=68">
                <measResults>0 0 0 0 0 22673 1374 18758 1324 </measResults>
            </measValue>
            <measValue measObjLdn="sl2USN03/M3UA link:nodeName=link, Link No.=69">
                <measResults>0 0 0 0 0 22363 1359 18775 1330 </measResults>
            </measValue>
            <measValue measObjLdn="sl2USN03/M3UA link:nodeName=link, Link No.=7">
                <measResults>0 0 0 0 0 0 0 8814 1138 </measResults>
            </measValue>
            <measValue measObjLdn="sl2USN03/M3UA link:nodeName=link, Link No.=70">
                <measResults>0 0 0 0 0 22439 1369 18927 1346 </measResults>
            </measValue>
            <measValue measObjLdn="sl2USN03/M3UA link:nodeName=link, Link No.=71">
                <measResults>0 0 0 0 0 22054 1344 18816 1330 </measResults>
            </measValue>
            <measValue measObjLdn="sl2USN03/M3UA link:nodeName=link, Link No.=72">
                <measResults>0 0 0 0 0 24465 1474 20137 1420 </measResults>
            </measValue>
            <measValue measObjLdn="sl2USN03/M3UA link:nodeName=link, Link No.=73">
                <measResults>0 0 0 0 0 23922 1444 20215 1425 </measResults>
            </measValue>
            <measValue measObjLdn="sl2USN03/M3UA link:nodeName=link, Link No.=74">
                <measResults>0 0 0 0 0 24161 1453 20025 1410 </measResults>
            </measValue>
            <measValue measObjLdn="sl2USN03/M3UA link:nodeName=link, Link No.=75">
                <measResults>0 0 0 0 0 24046 1449 20028 1408 </measResults>
            </measValue>
            <measValue measObjLdn="sl2USN03/M3UA link:nodeName=link, Link No.=77">
                <measResults>0 0 0 0 0 56565 3463 50139 3555 </measResults>
            </measValue>
            <measValue measObjLdn="sl2USN03/M3UA link:nodeName=link, Link No.=78">
                <measResults>0 0 0 0 0 56835 3485 51176 3619 </measResults>
            </measValue>
            <measValue measObjLdn="sl2USN03/M3UA link:nodeName=link, Link No.=8">
                <measResults>0 0 0 0 0 0 0 8720 1139 </measResults>
            </measValue>
            <measValue measObjLdn="sl2USN03/M3UA link:nodeName=link, Link No.=80">
                <measResults>0 0 0 0 0 34802 2424 28134 1902 </measResults>
            </measValue>
            <measValue measObjLdn="sl2USN03/M3UA link:nodeName=link, Link No.=81">
                <measResults>0 0 0 0 0 34663 2425 28995 1974 </measResults>
            </measValue>
            <measValue measObjLdn="sl2USN03/M3UA link:nodeName=link, Link No.=83">
                <measResults>0 0 0 0 0 28220 1870 23264 1571 </measResults>
            </measValue>
            <measValue measObjLdn="sl2USN03/M3UA link:nodeName=link, Link No.=84">
                <measResults>0 0 0 0 0 27851 1825 23020 1562 </measResults>
            </measValue>
            <measValue measObjLdn="sl2USN03/M3UA link:nodeName=link, Link No.=85">
                <measResults>0 0 0 0 0 24647 1632 20006 1357 </measResults>
            </measValue>
            <measValue measObjLdn="sl2USN03/M3UA link:nodeName=link, Link No.=86">
                <measResults>0 0 0 0 0 24239 1592 19607 1329 </measResults>
            </measValue>
            <measValue measObjLdn="sl2USN03/M3UA link:nodeName=link, Link No.=9">
                <measResults>0 0 0 0 0 97032 10220 88331 14783 </measResults>
            </measValue>
            <measValue measObjLdn="sl2USN03/M3UA link:nodeName=link, Link No.=91">
                <measResults>0 0 0 0 0 108869 6642 93463 6476 </measResults>
            </measValue>
            <measValue measObjLdn="sl2USN03/M3UA link:nodeName=link, Link No.=92">
                <measResults>0 0 0 0 0 108812 6623 93611 6496 </measResults>
            </measValue>
            <measValue measObjLdn="sl2USN03/M3UA link:nodeName=link, Link No.=93">
                <measResults>0 0 0 0 0 49958 3003 39783 2908 </measResults>
            </measValue>
            <measValue measObjLdn="sl2USN03/M3UA link:nodeName=link, Link No.=94">
                <measResults>0 0 0 0 0 49614 2982 39254 2880 </measResults>
            </measValue>
            <measValue measObjLdn="sl2USN03/M3UA link:nodeName=link, Link No.=95">
                <measResults>0 0 0 0 0 95172 6111 85091 5500 </measResults>
            </measValue>
            <measValue measObjLdn="sl2USN03/M3UA link:nodeName=link, Link No.=96">
                <measResults>0 0 0 0 0 94948 6091 85198 5503 </measResults>
            </measValue>
            <measValue measObjLdn="sl2USN03/M3UA link:nodeName=link, Link No.=97">
                <measResults>0 0 0 0 0 65279 4142 59220 3735 </measResults>
            </measValue>
            <measValue measObjLdn="sl2USN03/M3UA link:nodeName=link, Link No.=98">
                <measResults>0 0 0 0 0 65279 4128 59300 3741 </measResults>
            </measValue>
            <measValue measObjLdn="sl2USN03/M3UA link:nodeName=link, Link No.=99">
                <measResults>0 0 0 0 0 82426 5339 74147 4819 </measResults>
            </measValue>
        </measInfo>
        <measInfo measInfoId="117440657">
            <granPeriod duration="PT3600S" endTime="2021-08-12T00:00:00+08:00"/>
            <repPeriod duration="PT3600S"/>
            <measTypes>117465113 117465114 117465115 117465116 117465117 117465118 </measTypes>
            <measValue measObjLdn="sl2USN03/M3UA linkset:nodeName=link, Linkset index=0">
                <measResults>0 82800 0 0 0 0 </measResults>
            </measValue>
            <measValue measObjLdn="sl2USN03/M3UA linkset:nodeName=link, Linkset index=1">
                <measResults>0 0 772106 81239 700996 117168 </measResults>
            </measValue>
            <measValue measObjLdn="sl2USN03/M3UA linkset:nodeName=link, Linkset index=10">
                <measResults>0 0 97103 5953 81125 5778 </measResults>
            </measValue>
            <measValue measObjLdn="sl2USN03/M3UA linkset:nodeName=link, Linkset index=11">
                <measResults>0 0 125593 7980 106061 7979 </measResults>
            </measValue>
            <measValue measObjLdn="sl2USN03/M3UA linkset:nodeName=link, Linkset index=12">
                <measResults>0 0 111056 6730 92957 6558 </measResults>
            </measValue>
            <measValue measObjLdn="sl2USN03/M3UA linkset:nodeName=link, Linkset index=13">
                <measResults>0 0 163954 10055 138480 9903 </measResults>
            </measValue>
            <measValue measObjLdn="sl2USN03/M3UA linkset:nodeName=link, Linkset index=14">
                <measResults>0 0 33785 2059 28684 2134 </measResults>
            </measValue>
            <measValue measObjLdn="sl2USN03/M3UA linkset:nodeName=link, Linkset index=15">
                <measResults>0 0 45743 2819 38483 2779 </measResults>
            </measValue>
            <measValue measObjLdn="sl2USN03/M3UA linkset:nodeName=link, Linkset index=16">
                <measResults>0 0 89528 5446 75276 5328 </measResults>
            </measValue>
            <measValue measObjLdn="sl2USN03/M3UA linkset:nodeName=link, Linkset index=17">
                <measResults>0 0 96545 5818 80369 5662 </measResults>
            </measValue>
            <measValue measObjLdn="sl2USN03/M3UA linkset:nodeName=link, Linkset index=18">
                <measResults>0 0 217716 13264 187101 12971 </measResults>
            </measValue>
            <measValue measObjLdn="sl2USN03/M3UA linkset:nodeName=link, Linkset index=19">
                <measResults>0 0 99559 5986 79031 5787 </measResults>
            </measValue>
            <measValue measObjLdn="sl2USN03/M3UA linkset:nodeName=link, Linkset index=2">
                <measResults>0 0 0 0 71930 9391 </measResults>
            </measValue>
            <measValue measObjLdn="sl2USN03/M3UA linkset:nodeName=link, Linkset index=20">
                <measResults>0 0 113388 6948 101300 7174 </measResults>
            </measValue>
            <measValue measObjLdn="sl2USN03/M3UA linkset:nodeName=link, Linkset index=21">
                <measResults>0 0 69448 4848 57116 3875 </measResults>
            </measValue>
            <measValue measObjLdn="sl2USN03/M3UA linkset:nodeName=link, Linkset index=22">
                <measResults>0 0 56083 3696 46291 3133 </measResults>
            </measValue>
            <measValue measObjLdn="sl2USN03/M3UA linkset:nodeName=link, Linkset index=23">
                <measResults>0 0 48914 3226 39634 2685 </measResults>
            </measValue>
            <measValue measObjLdn="sl2USN03/M3UA linkset:nodeName=link, Linkset index=24">
                <measResults>0 0 190113 12202 170295 11004 </measResults>
            </measValue>
            <measValue measObjLdn="sl2USN03/M3UA linkset:nodeName=link, Linkset index=25">
                <measResults>0 0 130574 8272 118528 7477 </measResults>
            </measValue>
            <measValue measObjLdn="sl2USN03/M3UA linkset:nodeName=link, Linkset index=26">
                <measResults>0 0 164890 10665 147845 9597 </measResults>
            </measValue>
            <measValue measObjLdn="sl2USN03/M3UA linkset:nodeName=link, Linkset index=27">
                <measResults>0 0 189381 12140 165595 11033 </measResults>
            </measValue>
            <measValue measObjLdn="sl2USN03/M3UA linkset:nodeName=link, Linkset index=28">
                <measResults>0 0 151732 9401 128853 8482 </measResults>
            </measValue>
            <measValue measObjLdn="sl2USN03/M3UA linkset:nodeName=link, Linkset index=29">
                <measResults>0 0 312321 19852 272874 18390 </measResults>
            </measValue>
            <measValue measObjLdn="sl2USN03/M3UA linkset:nodeName=link, Linkset index=3">
                <measResults>0 0 68644 4453 58063 4591 </measResults>
            </measValue>
            <measValue measObjLdn="sl2USN03/M3UA linkset:nodeName=link, Linkset index=30">
                <measResults>0 0 264134 18876 224736 14937 </measResults>
            </measValue>
            <measValue measObjLdn="sl2USN03/M3UA linkset:nodeName=link, Linkset index=31">
                <measResults>0 0 165781 11062 146842 10041 </measResults>
            </measValue>
            <measValue measObjLdn="sl2USN03/M3UA linkset:nodeName=link, Linkset index=32">
                <measResults>0 0 183817 12828 158339 10658 </measResults>
            </measValue>
            <measValue measObjLdn="sl2USN03/M3UA linkset:nodeName=link, Linkset index=33">
                <measResults>0 0 169358 10994 143961 9546 </measResults>
            </measValue>
            <measValue measObjLdn="sl2USN03/M3UA linkset:nodeName=link, Linkset index=34">
                <measResults>0 0 201586 16610 155798 10199 </measResults>
            </measValue>
            <measValue measObjLdn="sl2USN03/M3UA linkset:nodeName=link, Linkset index=35">
                <measResults>0 0 197481 13015 173086 11661 </measResults>
            </measValue>
            <measValue measObjLdn="sl2USN03/M3UA linkset:nodeName=link, Linkset index=36">
                <measResults>0 0 209526 13696 188257 12468 </measResults>
            </measValue>
            <measValue measObjLdn="sl2USN03/M3UA linkset:nodeName=link, Linkset index=38">
                <measResults>0 0 135073 8431 113408 7620 </measResults>
            </measValue>
            <measValue measObjLdn="sl2USN03/M3UA linkset:nodeName=link, Linkset index=39">
                <measResults>0 0 113160 7343 93837 6206 </measResults>
            </measValue>
            <measValue measObjLdn="sl2USN03/M3UA linkset:nodeName=link, Linkset index=4">
                <measResults>0 0 66243 4061 55527 3976 </measResults>
            </measValue>
            <measValue measObjLdn="sl2USN03/M3UA linkset:nodeName=link, Linkset index=40">
                <measResults>0 0 71377 4465 58628 3942 </measResults>
            </measValue>
            <measValue measObjLdn="sl2USN03/M3UA linkset:nodeName=link, Linkset index=41">
                <measResults>0 0 212259 13477 180890 12132 </measResults>
            </measValue>
            <measValue measObjLdn="sl2USN03/M3UA linkset:nodeName=link, Linkset index=42">
                <measResults>0 0 176193 10861 147870 9797 </measResults>
            </measValue>
            <measValue measObjLdn="sl2USN03/M3UA linkset:nodeName=link, Linkset index=43">
                <measResults>0 0 195358 15009 151664 9936 </measResults>
            </measValue>
            <measValue measObjLdn="sl2USN03/M3UA linkset:nodeName=link, Linkset index=44">
                <measResults>0 0 173479 11082 148943 10071 </measResults>
            </measValue>
            <measValue measObjLdn="sl2USN03/M3UA linkset:nodeName=link, Linkset index=45">
                <measResults>0 0 82796 5041 66958 4497 </measResults>
            </measValue>
            <measValue measObjLdn="sl2USN03/M3UA linkset:nodeName=link, Linkset index=46">
                <measResults>0 0 54657 3600 47604 3207 </measResults>
            </measValue>
            <measValue measObjLdn="sl2USN03/M3UA linkset:nodeName=link, Linkset index=47">
                <measResults>0 0 208650 13267 183607 12252 </measResults>
            </measValue>
            <measValue measObjLdn="sl2USN03/M3UA linkset:nodeName=link, Linkset index=48">
                <measResults>0 0 62436 4141 54506 3768 </measResults>
            </measValue>
            <measValue measObjLdn="sl2USN03/M3UA linkset:nodeName=link, Linkset index=49">
                <measResults>0 0 111310 7206 96099 6482 </measResults>
            </measValue>
            <measValue measObjLdn="sl2USN03/M3UA linkset:nodeName=link, Linkset index=5">
                <measResults>0 0 196307 11952 164404 11785 </measResults>
            </measValue>
            <measValue measObjLdn="sl2USN03/M3UA linkset:nodeName=link, Linkset index=51">
                <measResults>0 0 124196 7126 112090 7015 </measResults>
            </measValue>
            <measValue measObjLdn="sl2USN03/M3UA linkset:nodeName=link, Linkset index=53">
                <measResults>0 0 10 0 8 1 </measResults>
            </measValue>
            <measValue measObjLdn="sl2USN03/M3UA linkset:nodeName=link, Linkset index=54">
                <measResults>0 0 632489 36704 566541 36211 </measResults>
            </measValue>
            <measValue measObjLdn="sl2USN03/M3UA linkset:nodeName=link, Linkset index=56">
                <measResults>0 0 90922 5607 76909 5219 </measResults>
            </measValue>
            <measValue measObjLdn="sl2USN03/M3UA linkset:nodeName=link, Linkset index=57">
                <measResults>0 0 61838 3913 52838 3604 </measResults>
            </measValue>
            <measValue measObjLdn="sl2USN03/M3UA linkset:nodeName=link, Linkset index=58">
                <measResults>0 0 138021 8531 118563 7831 </measResults>
            </measValue>
            <measValue measObjLdn="sl2USN03/M3UA linkset:nodeName=link, Linkset index=6">
                <measResults>0 0 148812 8980 123452 8714 </measResults>
            </measValue>
            <measValue measObjLdn="sl2USN03/M3UA linkset:nodeName=link, Linkset index=63">
                <measResults>0 0 69454 4294 57265 3873 </measResults>
            </measValue>
            <measValue measObjLdn="sl2USN03/M3UA linkset:nodeName=link, Linkset index=7">
                <measResults>0 0 66584 4058 55656 4013 </measResults>
            </measValue>
            <measValue measObjLdn="sl2USN03/M3UA linkset:nodeName=link, Linkset index=70">
                <measResults>0 0 4878 304 4222 281 </measResults>
            </measValue>
            <measValue measObjLdn="sl2USN03/M3UA linkset:nodeName=link, Linkset index=71">
                <measResults>0 0 41 3 30 1 </measResults>
            </measValue>
            <measValue measObjLdn="sl2USN03/M3UA linkset:nodeName=link, Linkset index=72">
                <measResults>0 0 0 0 0 0 </measResults>
            </measValue>
            <measValue measObjLdn="sl2USN03/M3UA linkset:nodeName=link, Linkset index=73">
                <measResults>0 0 61539 4210 53856 3744 </measResults>
            </measValue>
            <measValue measObjLdn="sl2USN03/M3UA linkset:nodeName=link, Linkset index=74">
                <measResults>0 0 57999 3832 50638 3495 </measResults>
            </measValue>
            <measValue measObjLdn="sl2USN03/M3UA linkset:nodeName=link, Linkset index=75">
                <measResults>0 0 199031 13880 168456 9221 </measResults>
            </measValue>
            <measValue measObjLdn="sl2USN03/M3UA linkset:nodeName=link, Linkset index=76">
                <measResults>0 0 0 0 0 0 </measResults>
            </measValue>
            <measValue measObjLdn="sl2USN03/M3UA linkset:nodeName=link, Linkset index=77">
                <measResults>0 0 3155 180 2523 163 </measResults>
            </measValue>
            <measValue measObjLdn="sl2USN03/M3UA linkset:nodeName=link, Linkset index=78">
                <measResults>0 0 0 0 0 0 </measResults>
            </measValue>
            <measValue measObjLdn="sl2USN03/M3UA linkset:nodeName=link, Linkset index=79">
                <measResults>0 82800 0 0 0 0 </measResults>
            </measValue>
            <measValue measObjLdn="sl2USN03/M3UA linkset:nodeName=link, Linkset index=8">
                <measResults>0 0 42396 2607 36164 2698 </measResults>
            </measValue>
            <measValue measObjLdn="sl2USN03/M3UA linkset:nodeName=link, Linkset index=80">
                <measResults>0 0 0 0 0 0 </measResults>
            </measValue>
            <measValue measObjLdn="sl2USN03/M3UA linkset:nodeName=link, Linkset index=81">
                <measResults>0 82800 0 0 0 0 </measResults>
            </measValue>
            <measValue measObjLdn="sl2USN03/M3UA linkset:nodeName=link, Linkset index=82">
                <measResults>0 82800 0 0 0 0 </measResults>
            </measValue>
            <measValue measObjLdn="sl2USN03/M3UA linkset:nodeName=link, Linkset index=83">
                <measResults>0 82800 0 0 0 0 </measResults>
            </measValue>
            <measValue measObjLdn="sl2USN03/M3UA linkset:nodeName=link, Linkset index=84">
                <measResults>0 0 118436 7448 101839 6838 </measResults>
            </measValue>
            <measValue measObjLdn="sl2USN03/M3UA linkset:nodeName=link, Linkset index=85">
                <measResults>0 0 114 6 77 6 </measResults>
            </measValue>
            <measValue measObjLdn="sl2USN03/M3UA linkset:nodeName=link, Linkset index=86">
                <measResults>0 0 2400 151 2043 138 </measResults>
            </measValue>
            <measValue measObjLdn="sl2USN03/M3UA linkset:nodeName=link, Linkset index=87">
                <measResults>0 0 43 3 41 3 </measResults>
            </measValue>
            <measValue measObjLdn="sl2USN03/M3UA linkset:nodeName=link, Linkset index=88">
                <measResults>0 0 0 0 0 0 </measResults>
            </measValue>
            <measValue measObjLdn="sl2USN03/M3UA linkset:nodeName=link, Linkset index=89">
                <measResults>0 0 0 0 0 0 </measResults>
            </measValue>
            <measValue measObjLdn="sl2USN03/M3UA linkset:nodeName=link, Linkset index=9">
                <measResults>0 0 164228 9979 137455 9748 </measResults>
            </measValue>
            <measValue measObjLdn="sl2USN03/M3UA linkset:nodeName=link, Linkset index=90">
                <measResults>0 0 0 0 0 0 </measResults>
            </measValue>
            <measValue measObjLdn="sl2USN03/M3UA linkset:nodeName=link, Linkset index=91">
                <measResults>0 0 0 0 0 0 </measResults>
            </measValue>
        </measInfo>
        <measInfo measInfoId="117440658">
            <granPeriod duration="PT3600S" endTime="2021-08-12T00:00:00+08:00"/>
            <repPeriod duration="PT3600S"/>
            <measTypes>117465213 117465214 </measTypes>
            <measValue measObjLdn="sl2USN03/M3DE:nodeName=link, Destination entity index=0">
                <measResults>0 82800 </measResults>
            </measValue>
            <measValue measObjLdn="sl2USN03/M3DE:nodeName=link, Destination entity index=1">
                <measResults>0 0 </measResults>
            </measValue>
            <measValue measObjLdn="sl2USN03/M3DE:nodeName=link, Destination entity index=10">
                <measResults>0 0 </measResults>
            </measValue>
            <measValue measObjLdn="sl2USN03/M3DE:nodeName=link, Destination entity index=11">
                <measResults>0 0 </measResults>
            </measValue>
            <measValue measObjLdn="sl2USN03/M3DE:nodeName=link, Destination entity index=12">
                <measResults>0 0 </measResults>
            </measValue>
            <measValue measObjLdn="sl2USN03/M3DE:nodeName=link, Destination entity index=13">
                <measResults>0 0 </measResults>
            </measValue>
            <measValue measObjLdn="sl2USN03/M3DE:nodeName=link, Destination entity index=14">
                <measResults>0 0 </measResults>
            </measValue>
            <measValue measObjLdn="sl2USN03/M3DE:nodeName=link, Destination entity index=15">
                <measResults>0 0 </measResults>
            </measValue>
            <measValue measObjLdn="sl2USN03/M3DE:nodeName=link, Destination entity index=16">
                <measResults>0 0 </measResults>
            </measValue>
            <measValue measObjLdn="sl2USN03/M3DE:nodeName=link, Destination entity index=17">
                <measResults>0 0 </measResults>
            </measValue>
            <measValue measObjLdn="sl2USN03/M3DE:nodeName=link, Destination entity index=18">
                <measResults>0 0 </measResults>
            </measValue>
            <measValue measObjLdn="sl2USN03/M3DE:nodeName=link, Destination entity index=19">
                <measResults>0 0 </measResults>
            </measValue>
            <measValue measObjLdn="sl2USN03/M3DE:nodeName=link, Destination entity index=2">
                <measResults>0 0 </measResults>
            </measValue>
            <measValue measObjLdn="sl2USN03/M3DE:nodeName=link, Destination entity index=20">
                <measResults>0 0 </measResults>
            </measValue>
            <measValue measObjLdn="sl2USN03/M3DE:nodeName=link, Destination entity index=21">
                <measResults>0 0 </measResults>
            </measValue>
            <measValue measObjLdn="sl2USN03/M3DE:nodeName=link, Destination entity index=22">
                <measResults>0 0 </measResults>
            </measValue>
            <measValue measObjLdn="sl2USN03/M3DE:nodeName=link, Destination entity index=23">
                <measResults>0 0 </measResults>
            </measValue>
            <measValue measObjLdn="sl2USN03/M3DE:nodeName=link, Destination entity index=24">
                <measResults>0 0 </measResults>
            </measValue>
            <measValue measObjLdn="sl2USN03/M3DE:nodeName=link, Destination entity index=25">
                <measResults>0 0 </measResults>
            </measValue>
            <measValue measObjLdn="sl2USN03/M3DE:nodeName=link, Destination entity index=26">
                <measResults>0 0 </measResults>
            </measValue>
            <measValue measObjLdn="sl2USN03/M3DE:nodeName=link, Destination entity index=27">
                <measResults>0 0 </measResults>
            </measValue>
            <measValue measObjLdn="sl2USN03/M3DE:nodeName=link, Destination entity index=28">
                <measResults>0 0 </measResults>
            </measValue>
            <measValue measObjLdn="sl2USN03/M3DE:nodeName=link, Destination entity index=29">
                <measResults>0 0 </measResults>
            </measValue>
            <measValue measObjLdn="sl2USN03/M3DE:nodeName=link, Destination entity index=3">
                <measResults>0 0 </measResults>
            </measValue>
            <measValue measObjLdn="sl2USN03/M3DE:nodeName=link, Destination entity index=30">
                <measResults>0 0 </measResults>
            </measValue>
            <measValue measObjLdn="sl2USN03/M3DE:nodeName=link, Destination entity index=31">
                <measResults>0 0 </measResults>
            </measValue>
            <measValue measObjLdn="sl2USN03/M3DE:nodeName=link, Destination entity index=32">
                <measResults>0 0 </measResults>
            </measValue>
            <measValue measObjLdn="sl2USN03/M3DE:nodeName=link, Destination entity index=33">
                <measResults>0 0 </measResults>
            </measValue>
            <measValue measObjLdn="sl2USN03/M3DE:nodeName=link, Destination entity index=34">
                <measResults>0 0 </measResults>
            </measValue>
            <measValue measObjLdn="sl2USN03/M3DE:nodeName=link, Destination entity index=35">
                <measResults>0 0 </measResults>
            </measValue>
            <measValue measObjLdn="sl2USN03/M3DE:nodeName=link, Destination entity index=36">
                <measResults>0 0 </measResults>
            </measValue>
            <measValue measObjLdn="sl2USN03/M3DE:nodeName=link, Destination entity index=38">
                <measResults>0 0 </measResults>
            </measValue>
            <measValue measObjLdn="sl2USN03/M3DE:nodeName=link, Destination entity index=39">
                <measResults>0 0 </measResults>
            </measValue>
            <measValue measObjLdn="sl2USN03/M3DE:nodeName=link, Destination entity index=4">
                <measResults>0 0 </measResults>
            </measValue>
            <measValue measObjLdn="sl2USN03/M3DE:nodeName=link, Destination entity index=40">
                <measResults>0 0 </measResults>
            </measValue>
            <measValue measObjLdn="sl2USN03/M3DE:nodeName=link, Destination entity index=41">
                <measResults>0 0 </measResults>
            </measValue>
            <measValue measObjLdn="sl2USN03/M3DE:nodeName=link, Destination entity index=42">
                <measResults>0 0 </measResults>
            </measValue>
            <measValue measObjLdn="sl2USN03/M3DE:nodeName=link, Destination entity index=43">
                <measResults>0 0 </measResults>
            </measValue>
            <measValue measObjLdn="sl2USN03/M3DE:nodeName=link, Destination entity index=44">
                <measResults>0 0 </measResults>
            </measValue>
            <measValue measObjLdn="sl2USN03/M3DE:nodeName=link, Destination entity index=45">
                <measResults>0 0 </measResults>
            </measValue>
            <measValue measObjLdn="sl2USN03/M3DE:nodeName=link, Destination entity index=46">
                <measResults>0 0 </measResults>
            </measValue>
            <measValue measObjLdn="sl2USN03/M3DE:nodeName=link, Destination entity index=47">
                <measResults>0 0 </measResults>
            </measValue>
            <measValue measObjLdn="sl2USN03/M3DE:nodeName=link, Destination entity index=48">
                <measResults>0 0 </measResults>
            </measValue>
            <measValue measObjLdn="sl2USN03/M3DE:nodeName=link, Destination entity index=49">
                <measResults>0 0 </measResults>
            </measValue>
            <measValue measObjLdn="sl2USN03/M3DE:nodeName=link, Destination entity index=5">
                <measResults>0 0 </measResults>
            </measValue>
            <measValue measObjLdn="sl2USN03/M3DE:nodeName=link, Destination entity index=51">
                <measResults>0 0 </measResults>
            </measValue>
            <measValue measObjLdn="sl2USN03/M3DE:nodeName=link, Destination entity index=53">
                <measResults>0 0 </measResults>
            </measValue>
            <measValue measObjLdn="sl2USN03/M3DE:nodeName=link, Destination entity index=54">
                <measResults>0 0 </measResults>
            </measValue>
            <measValue measObjLdn="sl2USN03/M3DE:nodeName=link, Destination entity index=56">
                <measResults>0 0 </measResults>
            </measValue>
            <measValue measObjLdn="sl2USN03/M3DE:nodeName=link, Destination entity index=57">
                <measResults>0 0 </measResults>
            </measValue>
            <measValue measObjLdn="sl2USN03/M3DE:nodeName=link, Destination entity index=58">
                <measResults>0 0 </measResults>
            </measValue>
            <measValue measObjLdn="sl2USN03/M3DE:nodeName=link, Destination entity index=6">
                <measResults>0 0 </measResults>
            </measValue>
            <measValue measObjLdn="sl2USN03/M3DE:nodeName=link, Destination entity index=63">
                <measResults>0 0 </measResults>
            </measValue>
            <measValue measObjLdn="sl2USN03/M3DE:nodeName=link, Destination entity index=7">
                <measResults>0 0 </measResults>
            </measValue>
            <measValue measObjLdn="sl2USN03/M3DE:nodeName=link, Destination entity index=70">
                <measResults>0 0 </measResults>
            </measValue>
            <measValue measObjLdn="sl2USN03/M3DE:nodeName=link, Destination entity index=71">
                <measResults>0 0 </measResults>
            </measValue>
            <measValue measObjLdn="sl2USN03/M3DE:nodeName=link, Destination entity index=72">
                <measResults>0 0 </measResults>
            </measValue>
            <measValue measObjLdn="sl2USN03/M3DE:nodeName=link, Destination entity index=73">
                <measResults>0 0 </measResults>
            </measValue>
            <measValue measObjLdn="sl2USN03/M3DE:nodeName=link, Destination entity index=74">
                <measResults>0 0 </measResults>
            </measValue>
            <measValue measObjLdn="sl2USN03/M3DE:nodeName=link, Destination entity index=75">
                <measResults>0 0 </measResults>
            </measValue>
            <measValue measObjLdn="sl2USN03/M3DE:nodeName=link, Destination entity index=76">
                <measResults>0 0 </measResults>
            </measValue>
            <measValue measObjLdn="sl2USN03/M3DE:nodeName=link, Destination entity index=77">
                <measResults>0 0 </measResults>
            </measValue>
            <measValue measObjLdn="sl2USN03/M3DE:nodeName=link, Destination entity index=78">
                <measResults>0 0 </measResults>
            </measValue>
            <measValue measObjLdn="sl2USN03/M3DE:nodeName=link, Destination entity index=79">
                <measResults>0 82800 </measResults>
            </measValue>
            <measValue measObjLdn="sl2USN03/M3DE:nodeName=link, Destination entity index=8">
                <measResults>0 0 </measResults>
            </measValue>
            <measValue measObjLdn="sl2USN03/M3DE:nodeName=link, Destination entity index=80">
                <measResults>0 0 </measResults>
            </measValue>
            <measValue measObjLdn="sl2USN03/M3DE:nodeName=link, Destination entity index=81">
                <measResults>0 82800 </measResults>
            </measValue>
            <measValue measObjLdn="sl2USN03/M3DE:nodeName=link, Destination entity index=82">
                <measResults>0 82800 </measResults>
            </measValue>
            <measValue measObjLdn="sl2USN03/M3DE:nodeName=link, Destination entity index=83">
                <measResults>0 82800 </measResults>
            </measValue>
            <measValue measObjLdn="sl2USN03/M3DE:nodeName=link, Destination entity index=84">
                <measResults>0 0 </measResults>
            </measValue>
            <measValue measObjLdn="sl2USN03/M3DE:nodeName=link, Destination entity index=85">
                <measResults>0 0 </measResults>
            </measValue>
            <measValue measObjLdn="sl2USN03/M3DE:nodeName=link, Destination entity index=86">
                <measResults>0 0 </measResults>
            </measValue>
            <measValue measObjLdn="sl2USN03/M3DE:nodeName=link, Destination entity index=87">
                <measResults>0 0 </measResults>
            </measValue>
            <measValue measObjLdn="sl2USN03/M3DE:nodeName=link, Destination entity index=88">
                <measResults>0 0 </measResults>
            </measValue>
            <measValue measObjLdn="sl2USN03/M3DE:nodeName=link, Destination entity index=89">
                <measResults>0 0 </measResults>
            </measValue>
            <measValue measObjLdn="sl2USN03/M3DE:nodeName=link, Destination entity index=9">
                <measResults>0 0 </measResults>
            </measValue>
            <measValue measObjLdn="sl2USN03/M3DE:nodeName=link, Destination entity index=90">
                <measResults>0 0 </measResults>
            </measValue>
            <measValue measObjLdn="sl2USN03/M3DE:nodeName=link, Destination entity index=91">
                <measResults>0 0 </measResults>
            </measValue>
        </measInfo>
        <measInfo measInfoId="1912209423">
            <granPeriod duration="PT3600S" endTime="2021-08-12T00:00:00+08:00"/>
            <repPeriod duration="PT3600S"/>
            <measTypes>1912209666 1912209667 1912209668 1912209669 1912209670 1912209671 1912209672 1912209673 1912209674 1912209675 1912209676 1912209677 1912209678 1912209679 1912209680 1912209681 1912209682 1912209683 1912209684 1912209685 1912209686 1912209687 1912209688 1912209689 1912209690 1912209691 1912209692 1912209694 </measTypes>
            <measValue measObjLdn="sl2USN03/VLR:nodeName=link, VLR No.=639180007010">
                <measResults>73647 73646 0 395 395 4025 1474 5499 4944 895 4910 322 321 1 40 0 0 0 0 73646 73398 16978 17421 0 0 0 0 0 </measResults>
            </measValue>
            <measValue measObjLdn="sl2USN03/VLR:nodeName=link, VLR No.=639180007020">
                <measResults>74323 74323 0 434 434 3992 1486 5478 4676 783 4657 302 302 0 41 0 0 0 0 74323 74097 17356 17711 0 0 0 0 0 </measResults>
            </measValue>
            <measValue measObjLdn="sl2USN03/VLR:nodeName=link, VLR No.=639180007011">
                <measResults>0 0 0 0 0 0 0 0 0 0 0 0 0 0 0 0 0 0 0 0 0 0 0 0 0 0 0 0 </measResults>
            </measValue>
            <measValue measObjLdn="sl2USN03/VLR:nodeName=link, VLR No.=639180007041">
                <measResults>22284 22284 0 473 473 1437 382 1819 3332 433 3227 124 124 0 8 0 0 0 0 14365 14098 16433 17009 22284 0 0 1248 0 </measResults>
            </measValue>
            <measValue measObjLdn="sl2USN03/VLR:nodeName=link, VLR No.=639180007022">
                <measResults>60343 60329 12 670 670 3153 839 3992 6454 929 6583 160 158 2 26 0 0 0 0 42006 41334 21634 22303 60329 0 0 0 1 </measResults>
            </measValue>
            <measValue measObjLdn="sl2USN03/VLR:nodeName=link, VLR No.=639180007042">
                <measResults>21757 21756 0 312 312 1528 402 1930 3511 410 3438 106 105 1 18 0 0 0 0 15522 15202 11618 11843 21756 0 0 744 1 </measResults>
            </measValue>
            <measValue measObjLdn="sl2USN03/VLR:nodeName=link, VLR No.=639180007013">
                <measResults>94672 94615 58 645 645 2992 460 3452 6621 910 6627 180 180 0 14 0 0 0 0 53053 52663 29174 29559 94614 0 0 0 0 </measResults>
            </measValue>
            <measValue measObjLdn="sl2USN03/VLR:nodeName=link, VLR No.=639180007023">
                <measResults>98183 98182 1 601 601 3005 475 3480 7097 896 7122 178 178 0 11 0 0 0 0 53390 52673 31242 31580 98183 0 0 0 1 </measResults>
            </measValue>
            <measValue measObjLdn="sl2USN03/VLR:nodeName=link, VLR No.=639180007043">
                <measResults>23001 22995 6 305 305 1321 387 1708 3057 477 3085 93 93 0 13 0 0 0 0 15076 14791 13131 14152 22996 0 0 720 9 </measResults>
            </measValue>
            <measValue measObjLdn="sl2USN03/VLR:nodeName=link, VLR No.=639180007014">
                <measResults>90571 90569 0 559 559 3116 507 3623 6818 909 6834 170 170 0 18 0 0 0 0 51481 51111 28547 29108 90569 0 0 0 0 </measResults>
            </measValue>
            <measValue measObjLdn="sl2USN03/VLR:nodeName=link, VLR No.=639180007044">
                <measResults>21791 21770 20 389 389 1446 401 1847 2936 438 3021 71 71 0 12 0 0 0 0 14517 14276 14426 14630 21770 0 0 997 1 </measResults>
            </measValue>
            <measValue measObjLdn="sl2USN03/VLR:nodeName=link, VLR No.=639180007015">
                <measResults>60079 60083 3 581 581 2899 842 3741 6353 928 6528 142 142 0 23 0 0 0 0 41017 40485 24687 25313 60083 0 0 0 2 </measResults>
            </measValue>
            <measValue measObjLdn="sl2USN03/VLR:nodeName=link, VLR No.=639180007025">
                <measResults>96485 96475 17 767 767 3164 498 3662 6876 833 6793 224 223 1 22 0 0 0 0 54107 53552 42729 43092 96474 0 0 0 1 </measResults>
            </measValue>
            <measValue measObjLdn="sl2USN03/VLR:nodeName=link, VLR No.=639180007045">
                <measResults>20974 20974 0 393 393 1445 428 1873 3177 371 3126 86 86 0 13 0 0 0 0 14567 14237 13828 14487 20974 0 0 695 0 </measResults>
            </measValue>
            <measValue measObjLdn="sl2USN03/VLR:nodeName=link, VLR No.=639180007006">
                <measResults>60991 60978 9 846 846 3264 814 4078 6756 896 6724 190 190 0 27 0 0 0 0 41251 40422 25571 26195 60977 0 0 0 0 </measResults>
            </measValue>
            <measValue measObjLdn="sl2USN03/VLR:nodeName=link, VLR No.=639180007016">
                <measResults>62690 62681 11 849 849 3072 832 3904 6644 934 6830 135 134 1 12 0 0 0 0 42222 41429 25315 25809 62681 0 0 0 0 </measResults>
            </measValue>
            <measValue measObjLdn="sl2USN03/VLR:nodeName=link, VLR No.=639180007046">
                <measResults>22092 22093 0 323 323 1382 398 1780 3064 455 3040 100 100 0 15 0 0 0 0 14140 13864 12620 12948 22093 0 0 945 0 </measResults>
            </measValue>
            <measValue measObjLdn="sl2USN03/VLR:nodeName=link, VLR No.=639180007007">
                <measResults>96481 96424 59 726 726 3016 487 3503 6908 961 6844 239 239 0 19 0 0 0 0 52340 51894 24964 25316 96423 0 0 0 15 </measResults>
            </measValue>
            <measValue measObjLdn="sl2USN03/VLR:nodeName=link, VLR No.=639180007008">
                <measResults>94564 94556 11 615 615 3288 462 3750 7261 881 7241 193 193 0 22 0 0 0 0 52263 51876 31097 31754 94556 0 0 0 1 </measResults>
            </measValue>
        </measInfo>
        <measInfo measInfoId="117440688">
            <granPeriod duration="PT3600S" endTime="2021-08-12T00:00:00+08:00"/>
            <repPeriod duration="PT3600S"/>
            <measTypes>117470813 117470814 117470815 </measTypes>
            <measValue measObjLdn="sl2USN03/DNS inquiry:nodeName=link, IP address=121.54.10.154">
                <measResults>0 0 0 </measResults>
            </measValue>
            <measValue measObjLdn="sl2USN03/DNS inquiry:nodeName=link, IP address=121.54.10.158">
                <measResults>16295 16295 16 </measResults>
            </measValue>
            <measValue measObjLdn="sl2USN03/DNS inquiry:nodeName=link, IP address=121.54.77.138">
                <measResults>5886 4408 5 </measResults>
            </measValue>
            <measValue measObjLdn="sl2USN03/DNS inquiry:nodeName=link, IP address=121.54.77.142">
                <measResults>40 40 0 </measResults>
            </measValue>
        </measInfo>
        <measInfo measInfoId="117490515">
            <granPeriod duration="PT3600S" endTime="2021-08-12T00:00:00+08:00"/>
            <repPeriod duration="PT3600S"/>
            <measTypes>117490812 117490813 117490814 117490815 </measTypes>
            <measValue measObjLdn="sl2USN03/Diameter link:nodeName=link, Link No.=0">
                <measResults>0 0 0 0 </measResults>
            </measValue>
            <measValue measObjLdn="sl2USN03/Diameter link:nodeName=link, Link No.=1">
                <measResults>0 0 0 0 </measResults>
            </measValue>
            <measValue measObjLdn="sl2USN03/Diameter link:nodeName=link, Link No.=10">
                <measResults>0 0 0 0 </measResults>
            </measValue>
            <measValue measObjLdn="sl2USN03/Diameter link:nodeName=link, Link No.=11">
                <measResults>0 0 0 0 </measResults>
            </measValue>
            <measValue measObjLdn="sl2USN03/Diameter link:nodeName=link, Link No.=12">
                <measResults>0 0 0 0 </measResults>
            </measValue>
            <measValue measObjLdn="sl2USN03/Diameter link:nodeName=link, Link No.=13">
                <measResults>0 0 0 0 </measResults>
            </measValue>
            <measValue measObjLdn="sl2USN03/Diameter link:nodeName=link, Link No.=14">
                <measResults>0 0 0 0 </measResults>
            </measValue>
            <measValue measObjLdn="sl2USN03/Diameter link:nodeName=link, Link No.=15">
                <measResults>0 0 0 0 </measResults>
            </measValue>
            <measValue measObjLdn="sl2USN03/Diameter link:nodeName=link, Link No.=2">
                <measResults>0 0 0 0 </measResults>
            </measValue>
            <measValue measObjLdn="sl2USN03/Diameter link:nodeName=link, Link No.=3">
                <measResults>0 0 0 0 </measResults>
            </measValue>
            <measValue measObjLdn="sl2USN03/Diameter link:nodeName=link, Link No.=4">
                <measResults>0 0 0 0 </measResults>
            </measValue>
            <measValue measObjLdn="sl2USN03/Diameter link:nodeName=link, Link No.=5">
                <measResults>0 0 0 0 </measResults>
            </measValue>
            <measValue measObjLdn="sl2USN03/Diameter link:nodeName=link, Link No.=6">
                <measResults>0 0 0 0 </measResults>
            </measValue>
            <measValue measObjLdn="sl2USN03/Diameter link:nodeName=link, Link No.=7">
                <measResults>0 0 0 0 </measResults>
            </measValue>
            <measValue measObjLdn="sl2USN03/Diameter link:nodeName=link, Link No.=8">
                <measResults>0 0 0 0 </measResults>
            </measValue>
            <measValue measObjLdn="sl2USN03/Diameter link:nodeName=link, Link No.=9">
                <measResults>0 0 0 0 </measResults>
            </measValue>
        </measInfo>
        <measInfo measInfoId="117496524">
            <granPeriod duration="PT3600S" endTime="2021-08-12T00:00:00+08:00"/>
            <repPeriod duration="PT3600S"/>
            <measTypes>117497332 117497333 117497334 117497335 117497336 117497337 117497338 117497339 117497340 </measTypes>
            <measValue measObjLdn="sl2USN03/Diameter link:nodeName=link, Link No.=0">
                <measResults>27926 27699 227 0 14 7 36 0 0 </measResults>
            </measValue>
            <measValue measObjLdn="sl2USN03/Diameter link:nodeName=link, Link No.=1">
                <measResults>27833 27623 211 0 22 4 34 0 0 </measResults>
            </measValue>
            <measValue measObjLdn="sl2USN03/Diameter link:nodeName=link, Link No.=10">
                <measResults>0 0 0 0 0 0 0 0 0 </measResults>
            </measValue>
            <measValue measObjLdn="sl2USN03/Diameter link:nodeName=link, Link No.=11">
                <measResults>0 0 0 0 0 0 0 0 0 </measResults>
            </measValue>
            <measValue measObjLdn="sl2USN03/Diameter link:nodeName=link, Link No.=12">
                <measResults>0 0 0 0 0 0 0 0 0 </measResults>
            </measValue>
            <measValue measObjLdn="sl2USN03/Diameter link:nodeName=link, Link No.=13">
                <measResults>0 0 0 0 0 0 0 0 0 </measResults>
            </measValue>
            <measValue measObjLdn="sl2USN03/Diameter link:nodeName=link, Link No.=14">
                <measResults>0 0 0 0 0 0 0 0 0 </measResults>
            </measValue>
            <measValue measObjLdn="sl2USN03/Diameter link:nodeName=link, Link No.=15">
                <measResults>0 0 0 0 0 0 0 0 0 </measResults>
            </measValue>
            <measValue measObjLdn="sl2USN03/Diameter link:nodeName=link, Link No.=2">
                <measResults>27521 27289 233 0 23 3 42 0 0 </measResults>
            </measValue>
            <measValue measObjLdn="sl2USN03/Diameter link:nodeName=link, Link No.=3">
                <measResults>27678 27459 222 0 22 5 42 0 0 </measResults>
            </measValue>
            <measValue measObjLdn="sl2USN03/Diameter link:nodeName=link, Link No.=4">
                <measResults>27462 27242 222 0 19 7 32 0 0 </measResults>
            </measValue>
            <measValue measObjLdn="sl2USN03/Diameter link:nodeName=link, Link No.=5">
                <measResults>27419 27207 212 0 20 1 34 0 0 </measResults>
            </measValue>
            <measValue measObjLdn="sl2USN03/Diameter link:nodeName=link, Link No.=6">
                <measResults>27690 27504 186 0 14 3 24 0 0 </measResults>
            </measValue>
            <measValue measObjLdn="sl2USN03/Diameter link:nodeName=link, Link No.=7">
                <measResults>26905 26693 213 0 23 3 39 0 0 </measResults>
            </measValue>
            <measValue measObjLdn="sl2USN03/Diameter link:nodeName=link, Link No.=8">
                <measResults>0 0 0 0 0 0 0 0 0 </measResults>
            </measValue>
            <measValue measObjLdn="sl2USN03/Diameter link:nodeName=link, Link No.=9">
                <measResults>0 0 0 0 0 0 0 0 0 </measResults>
            </measValue>
        </measInfo>
        <measInfo measInfoId="117496525">
            <granPeriod duration="PT3600S" endTime="2021-08-12T00:00:00+08:00"/>
            <repPeriod duration="PT3600S"/>
            <measTypes>117497392 117497393 117497394 117497395 117497396 117497397 117497398 117497399 117497400 </measTypes>
            <measValue measObjLdn="sl2USN03/Diameter link:nodeName=link, Link No.=0">
                <measResults>50128 47840 2274 710 1290 4 53 0 0 </measResults>
            </measValue>
            <measValue measObjLdn="sl2USN03/Diameter link:nodeName=link, Link No.=1">
                <measResults>49976 47594 2368 766 1307 6 53 0 0 </measResults>
            </measValue>
            <measValue measObjLdn="sl2USN03/Diameter link:nodeName=link, Link No.=10">
                <measResults>0 0 0 0 0 0 0 0 0 </measResults>
            </measValue>
            <measValue measObjLdn="sl2USN03/Diameter link:nodeName=link, Link No.=11">
                <measResults>0 0 0 0 0 0 0 0 0 </measResults>
            </measValue>
            <measValue measObjLdn="sl2USN03/Diameter link:nodeName=link, Link No.=12">
                <measResults>0 0 0 0 0 0 0 0 0 </measResults>
            </measValue>
            <measValue measObjLdn="sl2USN03/Diameter link:nodeName=link, Link No.=13">
                <measResults>0 0 0 0 0 0 0 0 0 </measResults>
            </measValue>
            <measValue measObjLdn="sl2USN03/Diameter link:nodeName=link, Link No.=14">
                <measResults>0 0 0 0 0 0 0 0 0 </measResults>
            </measValue>
            <measValue measObjLdn="sl2USN03/Diameter link:nodeName=link, Link No.=15">
                <measResults>0 0 0 0 0 0 0 0 0 </measResults>
            </measValue>
            <measValue measObjLdn="sl2USN03/Diameter link:nodeName=link, Link No.=2">
                <measResults>49838 47493 2325 775 1295 3 53 0 0 </measResults>
            </measValue>
            <measValue measObjLdn="sl2USN03/Diameter link:nodeName=link, Link No.=3">
                <measResults>49904 47544 2345 808 1273 8 62 0 0 </measResults>
            </measValue>
            <measValue measObjLdn="sl2USN03/Diameter link:nodeName=link, Link No.=4">
                <measResults>50059 47689 2351 773 1307 10 49 0 0 </measResults>
            </measValue>
            <measValue measObjLdn="sl2USN03/Diameter link:nodeName=link, Link No.=5">
                <measResults>50053 47778 2254 714 1256 2 56 0 0 </measResults>
            </measValue>
            <measValue measObjLdn="sl2USN03/Diameter link:nodeName=link, Link No.=6">
                <measResults>49787 47483 2289 709 1302 7 71 0 0 </measResults>
            </measValue>
            <measValue measObjLdn="sl2USN03/Diameter link:nodeName=link, Link No.=7">
                <measResults>50525 48066 2443 804 1377 5 64 0 0 </measResults>
            </measValue>
            <measValue measObjLdn="sl2USN03/Diameter link:nodeName=link, Link No.=8">
                <measResults>0 0 0 0 0 0 0 0 0 </measResults>
            </measValue>
            <measValue measObjLdn="sl2USN03/Diameter link:nodeName=link, Link No.=9">
                <measResults>0 0 0 0 0 0 0 0 0 </measResults>
            </measValue>
        </measInfo>
        <measInfo measInfoId="117496861">
            <granPeriod duration="PT3600S" endTime="2021-08-12T00:00:00+08:00"/>
            <repPeriod duration="PT3600S"/>
            <measTypes>117501013 117501014 117501015 117501016 117501017 117501018 </measTypes>
            <measValue measObjLdn="sl2USN03/Diameter link:nodeName=link, Link No.=0">
                <measResults>55499 55498 89 55403 6 0 </measResults>
            </measValue>
            <measValue measObjLdn="sl2USN03/Diameter link:nodeName=link, Link No.=1">
                <measResults>55646 55646 90 55553 3 0 </measResults>
            </measValue>
            <measValue measObjLdn="sl2USN03/Diameter link:nodeName=link, Link No.=10">
                <measResults>0 0 0 0 0 0 </measResults>
            </measValue>
            <measValue measObjLdn="sl2USN03/Diameter link:nodeName=link, Link No.=11">
                <measResults>0 0 0 0 0 0 </measResults>
            </measValue>
            <measValue measObjLdn="sl2USN03/Diameter link:nodeName=link, Link No.=12">
                <measResults>0 0 0 0 0 0 </measResults>
            </measValue>
            <measValue measObjLdn="sl2USN03/Diameter link:nodeName=link, Link No.=13">
                <measResults>0 0 0 0 0 0 </measResults>
            </measValue>
            <measValue measObjLdn="sl2USN03/Diameter link:nodeName=link, Link No.=14">
                <measResults>0 0 0 0 0 0 </measResults>
            </measValue>
            <measValue measObjLdn="sl2USN03/Diameter link:nodeName=link, Link No.=15">
                <measResults>0 0 0 0 0 0 </measResults>
            </measValue>
            <measValue measObjLdn="sl2USN03/Diameter link:nodeName=link, Link No.=2">
                <measResults>55868 55867 99 55766 2 0 </measResults>
            </measValue>
            <measValue measObjLdn="sl2USN03/Diameter link:nodeName=link, Link No.=3">
                <measResults>55843 55844 78 55761 5 0 </measResults>
            </measValue>
            <measValue measObjLdn="sl2USN03/Diameter link:nodeName=link, Link No.=4">
                <measResults>55895 55896 94 55797 5 0 </measResults>
            </measValue>
            <measValue measObjLdn="sl2USN03/Diameter link:nodeName=link, Link No.=5">
                <measResults>55884 55882 79 55801 2 0 </measResults>
            </measValue>
            <measValue measObjLdn="sl2USN03/Diameter link:nodeName=link, Link No.=6">
                <measResults>55874 55875 64 55808 3 0 </measResults>
            </measValue>
            <measValue measObjLdn="sl2USN03/Diameter link:nodeName=link, Link No.=7">
                <measResults>55963 55964 71 55892 1 0 </measResults>
            </measValue>
            <measValue measObjLdn="sl2USN03/Diameter link:nodeName=link, Link No.=8">
                <measResults>0 0 0 0 0 0 </measResults>
            </measValue>
            <measValue measObjLdn="sl2USN03/Diameter link:nodeName=link, Link No.=9">
                <measResults>0 0 0 0 0 0 </measResults>
            </measValue>
        </measInfo>
        <measInfo measInfoId="117490516">
            <granPeriod duration="PT3600S" endTime="2021-08-12T00:00:00+08:00"/>
            <repPeriod duration="PT3600S"/>
            <measTypes>117490912 117490913 117490914 </measTypes>
            <measValue measObjLdn="sl2USN03/Diameter linkset:nodeName=link, Diameter links index=10">
                <measResults>0 0 8 </measResults>
            </measValue>
            <measValue measObjLdn="sl2USN03/Diameter linkset:nodeName=link, Diameter links index=11">
                <measResults>0 0 8 </measResults>
            </measValue>
        </measInfo>
        <measInfo measInfoId="1912209433">
            <granPeriod duration="PT3600S" endTime="2021-08-12T00:00:00+08:00"/>
            <repPeriod duration="PT3600S"/>
            <measTypes>1912209771 1912209772 </measTypes>
            <measValue measObjLdn="sl2USN03/VM_USN:nodeName=link, VM NAME=SPU_O_0070">
                <measResults>392073 392040 </measResults>
            </measValue>
            <measValue measObjLdn="sl2USN03/VM_USN:nodeName=link, VM NAME=SPU_O_0071">
                <measResults>0 0 </measResults>
            </measValue>
            <measValue measObjLdn="sl2USN03/VM_USN:nodeName=link, VM NAME=SPU_O_0072">
                <measResults>0 0 </measResults>
            </measValue>
            <measValue measObjLdn="sl2USN03/VM_USN:nodeName=link, VM NAME=SPU_O_0084">
                <measResults>570956 570821 </measResults>
            </measValue>
            <measValue measObjLdn="sl2USN03/VM_USN:nodeName=link, VM NAME=SPU_O_0085">
                <measResults>22092 22093 </measResults>
            </measValue>
            <measValue measObjLdn="sl2USN03/VM_USN:nodeName=link, VM NAME=SPU_O_0086">
                <measResults>0 0 </measResults>
            </measValue>
            <measValue measObjLdn="sl2USN03/VM_USN:nodeName=link, VM NAME=SPU_O_0087">
                <measResults>109807 109779 </measResults>
            </measValue>
            <measValue measObjLdn="sl2USN03/VM_USN:nodeName=link, VM NAME=SPU_O_0088">
                <measResults>0 0 </measResults>
            </measValue>
            <measValue measObjLdn="sl2USN03/VM_USN:nodeName=link, VM NAME=SPU_O_0089">
                <measResults>0 0 </measResults>
            </measValue>
            <measValue measObjLdn="sl2USN03/VM_USN:nodeName=link, VM NAME=SPU_O_0090">
                <measResults>0 0 </measResults>
            </measValue>
            <measValue measObjLdn="sl2USN03/VM_USN:nodeName=link, VM NAME=SPU_O_0091">
                <measResults>0 0 </measResults>
            </measValue>
        </measInfo>
        <measInfo measInfoId="1912209434">
            <granPeriod duration="PT3600S" endTime="2021-08-12T00:00:00+08:00"/>
            <repPeriod duration="PT3600S"/>
            <measTypes>1912209821 1912209822 </measTypes>
            <measValue measObjLdn="sl2USN03/VM_USN:nodeName=link, VM NAME=SPU_O_0070">
                <measResults>2329 2329 </measResults>
            </measValue>
            <measValue measObjLdn="sl2USN03/VM_USN:nodeName=link, VM NAME=SPU_O_0071">
                <measResults>0 0 </measResults>
            </measValue>
            <measValue measObjLdn="sl2USN03/VM_USN:nodeName=link, VM NAME=SPU_O_0072">
                <measResults>0 0 </measResults>
            </measValue>
            <measValue measObjLdn="sl2USN03/VM_USN:nodeName=link, VM NAME=SPU_O_0084">
                <measResults>26423 26926 </measResults>
            </measValue>
            <measValue measObjLdn="sl2USN03/VM_USN:nodeName=link, VM NAME=SPU_O_0085">
                <measResults>0 0 </measResults>
            </measValue>
            <measValue measObjLdn="sl2USN03/VM_USN:nodeName=link, VM NAME=SPU_O_0086">
                <measResults>0 0 </measResults>
            </measValue>
            <measValue measObjLdn="sl2USN03/VM_USN:nodeName=link, VM NAME=SPU_O_0087">
                <measResults>0 0 </measResults>
            </measValue>
            <measValue measObjLdn="sl2USN03/VM_USN:nodeName=link, VM NAME=SPU_O_0088">
                <measResults>0 0 </measResults>
            </measValue>
            <measValue measObjLdn="sl2USN03/VM_USN:nodeName=link, VM NAME=SPU_O_0089">
                <measResults>0 0 </measResults>
            </measValue>
            <measValue measObjLdn="sl2USN03/VM_USN:nodeName=link, VM NAME=SPU_O_0090">
                <measResults>0 0 </measResults>
            </measValue>
            <measValue measObjLdn="sl2USN03/VM_USN:nodeName=link, VM NAME=SPU_O_0091">
                <measResults>0 0 </measResults>
            </measValue>
        </measInfo>
        <measInfo measInfoId="1912209437">
            <granPeriod duration="PT3600S" endTime="2021-08-12T00:00:00+08:00"/>
            <repPeriod duration="PT3600S"/>
            <measTypes>1912209800 1912209801 </measTypes>
            <measValue measObjLdn="sl2USN03/RU_USN:nodeName=link, RU NAME=LINK_SP_RU_0064">
                <measResults>24 19 </measResults>
            </measValue>
            <measValue measObjLdn="sl2USN03/RU_USN:nodeName=link, RU NAME=LINK_SP_RU_0065">
                <measResults>23 18 </measResults>
            </measValue>
            <measValue measObjLdn="sl2USN03/RU_USN:nodeName=link, RU NAME=LINK_SP_RU_0066">
                <measResults>22 18 </measResults>
            </measValue>
            <measValue measObjLdn="sl2USN03/RU_USN:nodeName=link, RU NAME=LINK_SP_RU_0067">
                <measResults>23 18 </measResults>
            </measValue>
            <measValue measObjLdn="sl2USN03/RU_USN:nodeName=link, RU NAME=LINK_SP_RU_0068">
                <measResults>22 18 </measResults>
            </measValue>
            <measValue measObjLdn="sl2USN03/RU_USN:nodeName=link, RU NAME=LINK_SP_RU_0069">
                <measResults>22 18 </measResults>
            </measValue>
            <measValue measObjLdn="sl2USN03/RU_USN:nodeName=link, RU NAME=LINK_SP_RU_0070">
                <measResults>23 18 </measResults>
            </measValue>
            <measValue measObjLdn="sl2USN03/RU_USN:nodeName=link, RU NAME=LINK_SP_RU_0071">
                <measResults>21 18 </measResults>
            </measValue>
            <measValue measObjLdn="sl2USN03/RU_USN:nodeName=link, RU NAME=LINK_SP_RU_0072">
                <measResults>21 17 </measResults>
            </measValue>
            <measValue measObjLdn="sl2USN03/RU_USN:nodeName=link, RU NAME=LINK_SP_RU_0073">
                <measResults>20 18 </measResults>
            </measValue>
            <measValue measObjLdn="sl2USN03/RU_USN:nodeName=link, RU NAME=LINK_SP_RU_0074">
                <measResults>22 19 </measResults>
            </measValue>
        </measInfo>
        <measInfo measInfoId="1912209438">
            <granPeriod duration="PT3600S" endTime="2021-08-12T00:00:00+08:00"/>
            <repPeriod duration="PT3600S"/>
            <measTypes>1912209810 1912209811 </measTypes>
            <measValue measObjLdn="sl2USN03/ScaleGroup_USN:nodeName=link, ScaleRroupName=SG1_LINK">
                <measResults>20 18 </measResults>
            </measValue>
        </measInfo>
    </measData>
    <fileFooter>
        <measCollec endTime="2021-08-12T00:00:00+08:00"/>
    </fileFooter>
</measCollecFile>
