<?xml version="1.0" encoding="UTF-8"?>
<measCollecFile xmlns="http://www.3gpp.org/ftp/specs/archive/32_series/32.435#measCollec">
<fileHeader fileFormatVersion="32.435 V10.0" vendorName="Nokia Networks">
<fileSender elementType="SDM"/>
<measCollec beginTime="2021-08-21T22:46:00+08:00"/>
</fileHeader>
<measData>
<managedElement/>
<measInfo measInfoId="Disk">
<granPeriod duration="PT900S" endTime="2021-08-21T23:01:00+08:00"/>
<repPeriod duration="PT900S"/>
<measTypes>Usage</measTypes>
<measValue measObjLdn="PLMN-PLMN/SDM-BMMNP/HDW-1/HPN-ghlmnp2fe05/DSK-381b7869">
<measResults>56</measResults>
</measValue>
</measInfo>
<measInfo measInfoId="Disk">
<granPeriod duration="PT900S" endTime="2021-08-21T23:01:00+08:00"/>
<repPeriod duration="PT900S"/>
<measTypes>Usage</measTypes>
<measValue measObjLdn="PLMN-PLMN/SDM-BMMNP/HDW-1/HPN-qcymnp2fe05/DSK-78762518">
<measResults>10</measResults>
</measValue>
</measInfo>
<measInfo measInfoId="Disk">
<granPeriod duration="PT900S" endTime="2021-08-21T23:01:00+08:00"/>
<repPeriod duration="PT900S"/>
<measTypes>Usage</measTypes>
<measValue measObjLdn="PLMN-PLMN/SDM-BMMNP/HDW-1/HPN-ghlmnp2fe04/DSK-c1a2310b">
<measResults>1</measResults>
</measValue>
</measInfo>
<measInfo measInfoId="Disk">
<granPeriod duration="PT900S" endTime="2021-08-21T23:01:00+08:00"/>
<repPeriod duration="PT900S"/>
<measTypes>Usage</measTypes>
<measValue measObjLdn="PLMN-PLMN/SDM-BMMNP/HDW-1/HPN-qcymnp1fe01/DSK-99d190a4">
<measResults>1</measResults>
</measValue>
</measInfo>
<measInfo measInfoId="Disk">
<granPeriod duration="PT900S" endTime="2021-08-21T23:01:00+08:00"/>
<repPeriod duration="PT900S"/>
<measTypes>Usage</measTypes>
<measValue measObjLdn="PLMN-PLMN/SDM-BMMNP/HDW-1/HPN-qcymnp2fe06/DSK-8f3e2196">
<measResults>11</measResults>
</measValue>
</measInfo>
<measInfo measInfoId="Disk">
<granPeriod duration="PT900S" endTime="2021-08-21T23:01:00+08:00"/>
<repPeriod duration="PT900S"/>
<measTypes>Usage</measTypes>
<measValue measObjLdn="PLMN-PLMN/SDM-BMMNP/HDW-1/HPN-qcymnp2fe04/DSK-9daa3934">
<measResults>1</measResults>
</measValue>
</measInfo>
<measInfo measInfoId="Disk">
<granPeriod duration="PT900S" endTime="2021-08-21T23:01:00+08:00"/>
<repPeriod duration="PT900S"/>
<measTypes>Usage</measTypes>
<measValue measObjLdn="PLMN-PLMN/SDM-BMMNP/HDW-1/HPN-cebmnp2fe05/DSK-9a655308">
<measResults>7</measResults>
</measValue>
</measInfo>
<measInfo measInfoId="Disk">
<granPeriod duration="PT900S" endTime="2021-08-21T23:01:00+08:00"/>
<repPeriod duration="PT900S"/>
<measTypes>Usage</measTypes>
<measValue measObjLdn="PLMN-PLMN/SDM-BMMNP/HDW-1/HPN-qcymnp2fe05/DSK-30a72bc6">
<measResults>3</measResults>
</measValue>
</measInfo>
<measInfo measInfoId="Disk">
<granPeriod duration="PT900S" endTime="2021-08-21T23:01:00+08:00"/>
<repPeriod duration="PT900S"/>
<measTypes>Usage</measTypes>
<measValue measObjLdn="PLMN-PLMN/SDM-BMMNP/HDW-1/HPN-cebmnp2fe05/DSK-fefa1bc3">
<measResults>10</measResults>
</measValue>
</measInfo>
<measInfo measInfoId="Disk">
<granPeriod duration="PT900S" endTime="2021-08-21T23:01:00+08:00"/>
<repPeriod duration="PT900S"/>
<measTypes>Usage</measTypes>
<measValue measObjLdn="PLMN-PLMN/SDM-BMMNP/HDW-1/HPN-cebmnp1fe01/DSK-387d7916">
<measResults>37</measResults>
</measValue>
</measInfo>
<measInfo measInfoId="Disk">
<granPeriod duration="PT900S" endTime="2021-08-21T23:01:00+08:00"/>
<repPeriod duration="PT900S"/>
<measTypes>Usage</measTypes>
<measValue measObjLdn="PLMN-PLMN/SDM-BMMNP/HDW-1/HPN-ghlmnp1fe03/DSK-ed5d7f96">
<measResults>21</measResults>
</measValue>
</measInfo>
<measInfo measInfoId="Disk">
<granPeriod duration="PT900S" endTime="2021-08-21T23:01:00+08:00"/>
<repPeriod duration="PT900S"/>
<measTypes>Usage</measTypes>
<measValue measObjLdn="PLMN-PLMN/SDM-BMMNP/HDW-1/HPN-ghlmnp1fe03/DSK-87d95c79">
<measResults>1</measResults>
</measValue>
</measInfo>
<measInfo measInfoId="Disk">
<granPeriod duration="PT900S" endTime="2021-08-21T23:01:00+08:00"/>
<repPeriod duration="PT900S"/>
<measTypes>Usage</measTypes>
<measValue measObjLdn="PLMN-PLMN/SDM-BMMNP/HDW-1/HPN-ghlmnp2fe06/DSK-e5cffcfa">
<measResults>5</measResults>
</measValue>
</measInfo>
<measInfo measInfoId="Disk">
<granPeriod duration="PT900S" endTime="2021-08-21T23:01:00+08:00"/>
<repPeriod duration="PT900S"/>
<measTypes>Usage</measTypes>
<measValue measObjLdn="PLMN-PLMN/SDM-BMMNP/HDW-1/HPN-ghlmnp1fe03/DSK-129e9320">
<measResults>1</measResults>
</measValue>
</measInfo>
<measInfo measInfoId="Disk">
<granPeriod duration="PT900S" endTime="2021-08-21T23:01:00+08:00"/>
<repPeriod duration="PT900S"/>
<measTypes>Usage</measTypes>
<measValue measObjLdn="PLMN-PLMN/SDM-BMMNP/HDW-1/HPN-cebmnp1fe01/DSK-610e42ee">
<measResults>2</measResults>
</measValue>
</measInfo>
<measInfo measInfoId="Disk">
<granPeriod duration="PT900S" endTime="2021-08-21T23:01:00+08:00"/>
<repPeriod duration="PT900S"/>
<measTypes>Usage</measTypes>
<measValue measObjLdn="PLMN-PLMN/SDM-BMMNP/HDW-1/HPN-cebmnp1fe01/DSK-4855d7bb">
<measResults>7</measResults>
</measValue>
</measInfo>
<measInfo measInfoId="Disk">
<granPeriod duration="PT900S" endTime="2021-08-21T23:01:00+08:00"/>
<repPeriod duration="PT900S"/>
<measTypes>Usage</measTypes>
<measValue measObjLdn="PLMN-PLMN/SDM-BMMNP/HDW-1/HPN-cebmnp2fe06/DSK-2d3265d1">
<measResults>1</measResults>
</measValue>
</measInfo>
<measInfo measInfoId="Disk">
<granPeriod duration="PT900S" endTime="2021-08-21T23:01:00+08:00"/>
<repPeriod duration="PT900S"/>
<measTypes>Usage</measTypes>
<measValue measObjLdn="PLMN-PLMN/SDM-BMMNP/HDW-1/HPN-ghlmnp2fe06/DSK-b0caa747">
<measResults>1</measResults>
</measValue>
</measInfo>
<measInfo measInfoId="Disk">
<granPeriod duration="PT900S" endTime="2021-08-21T23:01:00+08:00"/>
<repPeriod duration="PT900S"/>
<measTypes>Usage</measTypes>
<measValue measObjLdn="PLMN-PLMN/SDM-BMMNP/HDW-1/HPN-cebmnp2fe04/DSK-bd8c65bf">
<measResults>37</measResults>
</measValue>
</measInfo>
<measInfo measInfoId="Disk">
<granPeriod duration="PT900S" endTime="2021-08-21T23:01:00+08:00"/>
<repPeriod duration="PT900S"/>
<measTypes>Usage</measTypes>
<measValue measObjLdn="PLMN-PLMN/SDM-BMMNP/HDW-1/HPN-ghlmnp2fe04/DSK-4c542cc8">
<measResults>1</measResults>
</measValue>
</measInfo>
<measInfo measInfoId="Disk">
<granPeriod duration="PT900S" endTime="2021-08-21T23:01:00+08:00"/>
<repPeriod duration="PT900S"/>
<measTypes>Usage</measTypes>
<measValue measObjLdn="PLMN-PLMN/SDM-BMMNP/HDW-1/HPN-ghlmnp2fe06/DSK-46c635ca">
<measResults>1</measResults>
</measValue>
</measInfo>
<measInfo measInfoId="Disk">
<granPeriod duration="PT900S" endTime="2021-08-21T23:01:00+08:00"/>
<repPeriod duration="PT900S"/>
<measTypes>Usage</measTypes>
<measValue measObjLdn="PLMN-PLMN/SDM-BMMNP/HDW-1/HPN-cebmnp2fe04/DSK-517be859">
<measResults>10</measResults>
</measValue>
</measInfo>
<measInfo measInfoId="Disk">
<granPeriod duration="PT900S" endTime="2021-08-21T23:01:00+08:00"/>
<repPeriod duration="PT900S"/>
<measTypes>Usage</measTypes>
<measValue measObjLdn="PLMN-PLMN/SDM-BMMNP/HDW-1/HPN-cebmnp2fe04/DSK-9f0963dc">
<measResults>1</measResults>
</measValue>
</measInfo>
<measInfo measInfoId="Disk">
<granPeriod duration="PT900S" endTime="2021-08-21T23:01:00+08:00"/>
<repPeriod duration="PT900S"/>
<measTypes>Usage</measTypes>
<measValue measObjLdn="PLMN-PLMN/SDM-BMMNP/HDW-1/HPN-qcymnp1fe01/DSK-3f864ca6">
<measResults>13</measResults>
</measValue>
</measInfo>
<measInfo measInfoId="Disk">
<granPeriod duration="PT900S" endTime="2021-08-21T23:01:00+08:00"/>
<repPeriod duration="PT900S"/>
<measTypes>Usage</measTypes>
<measValue measObjLdn="PLMN-PLMN/SDM-BMMNP/HDW-1/HPN-qcymnp1fe02/DSK-8f114a97">
<measResults>3</measResults>
</measValue>
</measInfo>
<measInfo measInfoId="Disk">
<granPeriod duration="PT900S" endTime="2021-08-21T23:01:00+08:00"/>
<repPeriod duration="PT900S"/>
<measTypes>Usage</measTypes>
<measValue measObjLdn="PLMN-PLMN/SDM-BMMNP/HDW-1/HPN-qcymnp2fe04/DSK-3f5543b2">
<measResults>37</measResults>
</measValue>
</measInfo>
<measInfo measInfoId="Disk">
<granPeriod duration="PT900S" endTime="2021-08-21T23:01:00+08:00"/>
<repPeriod duration="PT900S"/>
<measTypes>Usage</measTypes>
<measValue measObjLdn="PLMN-PLMN/SDM-BMMNP/HDW-1/HPN-qcymnp1fe01/DSK-ad7f6dcd">
<measResults>10</measResults>
</measValue>
</measInfo>
<measInfo measInfoId="Disk">
<granPeriod duration="PT900S" endTime="2021-08-21T23:01:00+08:00"/>
<repPeriod duration="PT900S"/>
<measTypes>Usage</measTypes>
<measValue measObjLdn="PLMN-PLMN/SDM-BMMNP/HDW-1/HPN-cebmnp2fe04/DSK-56121901">
<measResults>1</measResults>
</measValue>
</measInfo>
<measInfo measInfoId="Disk">
<granPeriod duration="PT900S" endTime="2021-08-21T23:01:00+08:00"/>
<repPeriod duration="PT900S"/>
<measTypes>Usage</measTypes>
<measValue measObjLdn="PLMN-PLMN/SDM-BMMNP/HDW-1/HPN-qcymnp2fe04/DSK-96e86846">
<measResults>3</measResults>
</measValue>
</measInfo>
<measInfo measInfoId="Disk">
<granPeriod duration="PT900S" endTime="2021-08-21T23:01:00+08:00"/>
<repPeriod duration="PT900S"/>
<measTypes>Usage</measTypes>
<measValue measObjLdn="PLMN-PLMN/SDM-BMMNP/HDW-1/HPN-ghlmnp2fe04/DSK-754487e6">
<measResults>21</measResults>
</measValue>
</measInfo>
<measInfo measInfoId="Disk">
<granPeriod duration="PT900S" endTime="2021-08-21T23:01:00+08:00"/>
<repPeriod duration="PT900S"/>
<measTypes>Usage</measTypes>
<measValue measObjLdn="PLMN-PLMN/SDM-BMMNP/HDW-1/HPN-qcymnp1fe02/DSK-86397ffb">
<measResults>1</measResults>
</measValue>
</measInfo>
<measInfo measInfoId="Disk">
<granPeriod duration="PT900S" endTime="2021-08-21T23:01:00+08:00"/>
<repPeriod duration="PT900S"/>
<measTypes>Usage</measTypes>
<measValue measObjLdn="PLMN-PLMN/SDM-BMMNP/HDW-1/HPN-ghlmnp1fe02/DSK-342692e0">
<measResults>2</measResults>
</measValue>
</measInfo>
<measInfo measInfoId="Disk">
<granPeriod duration="PT900S" endTime="2021-08-21T23:01:00+08:00"/>
<repPeriod duration="PT900S"/>
<measTypes>Usage</measTypes>
<measValue measObjLdn="PLMN-PLMN/SDM-BMMNP/HDW-1/HPN-cebmnp2fe06/DSK-c43d8216">
<measResults>1</measResults>
</measValue>
</measInfo>
<measInfo measInfoId="Disk">
<granPeriod duration="PT900S" endTime="2021-08-21T23:01:00+08:00"/>
<repPeriod duration="PT900S"/>
<measTypes>Usage</measTypes>
<measValue measObjLdn="PLMN-PLMN/SDM-BMMNP/HDW-1/HPN-qcymnp2fe05/DSK-5eab54c3">
<measResults>1</measResults>
</measValue>
</measInfo>
<measInfo measInfoId="Disk">
<granPeriod duration="PT900S" endTime="2021-08-21T23:01:00+08:00"/>
<repPeriod duration="PT900S"/>
<measTypes>Usage</measTypes>
<measValue measObjLdn="PLMN-PLMN/SDM-BMMNP/HDW-1/HPN-qcymnp1fe01/DSK-cd6b8f39">
<measResults>1</measResults>
</measValue>
</measInfo>
<measInfo measInfoId="Disk">
<granPeriod duration="PT900S" endTime="2021-08-21T23:01:00+08:00"/>
<repPeriod duration="PT900S"/>
<measTypes>Usage</measTypes>
<measValue measObjLdn="PLMN-PLMN/SDM-BMMNP/HDW-1/HPN-qcymnp2fe06/DSK-ea145d4f">
<measResults>1</measResults>
</measValue>
</measInfo>
<measInfo measInfoId="Disk">
<granPeriod duration="PT900S" endTime="2021-08-21T23:01:00+08:00"/>
<repPeriod duration="PT900S"/>
<measTypes>Usage</measTypes>
<measValue measObjLdn="PLMN-PLMN/SDM-BMMNP/HDW-1/HPN-ghlmnp1fe02/DSK-862f6f6f">
<measResults>1</measResults>
</measValue>
</measInfo>
<measInfo measInfoId="Disk">
<granPeriod duration="PT900S" endTime="2021-08-21T23:01:00+08:00"/>
<repPeriod duration="PT900S"/>
<measTypes>Usage</measTypes>
<measValue measObjLdn="PLMN-PLMN/SDM-BMMNP/HDW-1/HPN-cebmnp1fe01/DSK-066d15d3">
<measResults>1</measResults>
</measValue>
</measInfo>
<measInfo measInfoId="Disk">
<granPeriod duration="PT900S" endTime="2021-08-21T23:01:00+08:00"/>
<repPeriod duration="PT900S"/>
<measTypes>Usage</measTypes>
<measValue measObjLdn="PLMN-PLMN/SDM-BMMNP/HDW-1/HPN-ghlmnp2fe06/DSK-4013ac9f">
<measResults>4</measResults>
</measValue>
</measInfo>
<measInfo measInfoId="Disk">
<granPeriod duration="PT900S" endTime="2021-08-21T23:01:00+08:00"/>
<repPeriod duration="PT900S"/>
<measTypes>Usage</measTypes>
<measValue measObjLdn="PLMN-PLMN/SDM-BMMNP/HDW-1/HPN-cebmnp2fe04/DSK-0b2633ca">
<measResults>21</measResults>
</measValue>
</measInfo>
<measInfo measInfoId="Disk">
<granPeriod duration="PT900S" endTime="2021-08-21T23:01:00+08:00"/>
<repPeriod duration="PT900S"/>
<measTypes>Usage</measTypes>
<measValue measObjLdn="PLMN-PLMN/SDM-BMMNP/HDW-1/HPN-ghlmnp1fe03/DSK-7865d2cc">
<measResults>1</measResults>
</measValue>
</measInfo>
<measInfo measInfoId="Disk">
<granPeriod duration="PT900S" endTime="2021-08-21T23:01:00+08:00"/>
<repPeriod duration="PT900S"/>
<measTypes>Usage</measTypes>
<measValue measObjLdn="PLMN-PLMN/SDM-BMMNP/HDW-1/HPN-ghlmnp2fe05/DSK-2de7b680">
<measResults>10</measResults>
</measValue>
</measInfo>
<measInfo measInfoId="Disk">
<granPeriod duration="PT900S" endTime="2021-08-21T23:01:00+08:00"/>
<repPeriod duration="PT900S"/>
<measTypes>Usage</measTypes>
<measValue measObjLdn="PLMN-PLMN/SDM-BMMNP/HDW-1/HPN-qcymnp2fe06/DSK-dbe360dc">
<measResults>2</measResults>
</measValue>
</measInfo>
<measInfo measInfoId="Disk">
<granPeriod duration="PT900S" endTime="2021-08-21T23:01:00+08:00"/>
<repPeriod duration="PT900S"/>
<measTypes>Usage</measTypes>
<measValue measObjLdn="PLMN-PLMN/SDM-BMMNP/HDW-1/HPN-ghlmnp1fe03/DSK-66c261de">
<measResults>10</measResults>
</measValue>
</measInfo>
<measInfo measInfoId="Disk">
<granPeriod duration="PT900S" endTime="2021-08-21T23:01:00+08:00"/>
<repPeriod duration="PT900S"/>
<measTypes>Usage</measTypes>
<measValue measObjLdn="PLMN-PLMN/SDM-BMMNP/HDW-1/HPN-ghlmnp1fe02/DSK-76eabdeb">
<measResults>37</measResults>
</measValue>
</measInfo>
<measInfo measInfoId="Disk">
<granPeriod duration="PT900S" endTime="2021-08-21T23:01:00+08:00"/>
<repPeriod duration="PT900S"/>
<measTypes>Usage</measTypes>
<measValue measObjLdn="PLMN-PLMN/SDM-BMMNP/HDW-1/HPN-qcymnp1fe01/DSK-dc83dfbd">
<measResults>3</measResults>
</measValue>
</measInfo>
<measInfo measInfoId="Disk">
<granPeriod duration="PT900S" endTime="2021-08-21T23:01:00+08:00"/>
<repPeriod duration="PT900S"/>
<measTypes>Usage</measTypes>
<measValue measObjLdn="PLMN-PLMN/SDM-BMMNP/HDW-1/HPN-qcymnp1fe02/DSK-02863b88">
<measResults>37</measResults>
</measValue>
</measInfo>
<measInfo measInfoId="Disk">
<granPeriod duration="PT900S" endTime="2021-08-21T23:01:00+08:00"/>
<repPeriod duration="PT900S"/>
<measTypes>Usage</measTypes>
<measValue measObjLdn="PLMN-PLMN/SDM-BMMNP/HDW-1/HPN-qcymnp1fe01/DSK-140f767d">
<measResults>1</measResults>
</measValue>
</measInfo>
<measInfo measInfoId="Disk">
<granPeriod duration="PT900S" endTime="2021-08-21T23:01:00+08:00"/>
<repPeriod duration="PT900S"/>
<measTypes>Usage</measTypes>
<measValue measObjLdn="PLMN-PLMN/SDM-BMMNP/HDW-1/HPN-qcymnp2fe06/DSK-1570e986">
<measResults>3</measResults>
</measValue>
</measInfo>
<measInfo measInfoId="Disk">
<granPeriod duration="PT900S" endTime="2021-08-21T23:01:00+08:00"/>
<repPeriod duration="PT900S"/>
<measTypes>Usage</measTypes>
<measValue measObjLdn="PLMN-PLMN/SDM-BMMNP/HDW-1/HPN-cebmnp2fe05/DSK-f8982972">
<measResults>11</measResults>
</measValue>
</measInfo>
<measInfo measInfoId="Disk">
<granPeriod duration="PT900S" endTime="2021-08-21T23:01:00+08:00"/>
<repPeriod duration="PT900S"/>
<measTypes>Usage</measTypes>
<measValue measObjLdn="PLMN-PLMN/SDM-BMMNP/HDW-1/HPN-ghlmnp1fe01/DSK-2d50a129">
<measResults>4</measResults>
</measValue>
</measInfo>
<measInfo measInfoId="Disk">
<granPeriod duration="PT900S" endTime="2021-08-21T23:01:00+08:00"/>
<repPeriod duration="PT900S"/>
<measTypes>Usage</measTypes>
<measValue measObjLdn="PLMN-PLMN/SDM-BMMNP/HDW-1/HPN-ghlmnp1fe01/DSK-97b61afa">
<measResults>11</measResults>
</measValue>
</measInfo>
<measInfo measInfoId="Disk">
<granPeriod duration="PT900S" endTime="2021-08-21T23:01:00+08:00"/>
<repPeriod duration="PT900S"/>
<measTypes>Usage</measTypes>
<measValue measObjLdn="PLMN-PLMN/SDM-BMMNP/HDW-1/HPN-qcymnp1fe01/DSK-ef01f25a">
<measResults>2</measResults>
</measValue>
</measInfo>
<measInfo measInfoId="Disk">
<granPeriod duration="PT900S" endTime="2021-08-21T23:01:00+08:00"/>
<repPeriod duration="PT900S"/>
<measTypes>Usage</measTypes>
<measValue measObjLdn="PLMN-PLMN/SDM-BMMNP/HDW-1/HPN-qcymnp1fe01/DSK-facd0db3">
<measResults>1</measResults>
</measValue>
</measInfo>
<measInfo measInfoId="Disk">
<granPeriod duration="PT900S" endTime="2021-08-21T23:01:00+08:00"/>
<repPeriod duration="PT900S"/>
<measTypes>Usage</measTypes>
<measValue measObjLdn="PLMN-PLMN/SDM-BMMNP/HDW-1/HPN-qcymnp2fe05/DSK-6edd911d">
<measResults>1</measResults>
</measValue>
</measInfo>
<measInfo measInfoId="Disk">
<granPeriod duration="PT900S" endTime="2021-08-21T23:01:00+08:00"/>
<repPeriod duration="PT900S"/>
<measTypes>Usage</measTypes>
<measValue measObjLdn="PLMN-PLMN/SDM-BMMNP/HDW-1/HPN-cebmnp2fe04/DSK-a8ff040c">
<measResults>1</measResults>
</measValue>
</measInfo>
<measInfo measInfoId="Disk">
<granPeriod duration="PT900S" endTime="2021-08-21T23:01:00+08:00"/>
<repPeriod duration="PT900S"/>
<measTypes>Usage</measTypes>
<measValue measObjLdn="PLMN-PLMN/SDM-BMMNP/HDW-1/HPN-ghlmnp2fe04/DSK-422bc8a4">
<measResults>1</measResults>
</measValue>
</measInfo>
<measInfo measInfoId="Disk">
<granPeriod duration="PT900S" endTime="2021-08-21T23:01:00+08:00"/>
<repPeriod duration="PT900S"/>
<measTypes>Usage</measTypes>
<measValue measObjLdn="PLMN-PLMN/SDM-BMMNP/HDW-1/HPN-ghlmnp2fe05/DSK-c4c0be68">
<measResults>21</measResults>
</measValue>
</measInfo>
<measInfo measInfoId="Disk">
<granPeriod duration="PT900S" endTime="2021-08-21T23:01:00+08:00"/>
<repPeriod duration="PT900S"/>
<measTypes>Usage</measTypes>
<measValue measObjLdn="PLMN-PLMN/SDM-BMMNP/HDW-1/HPN-cebmnp2fe06/DSK-a411ec35">
<measResults>2</measResults>
</measValue>
</measInfo>
<measInfo measInfoId="Disk">
<granPeriod duration="PT900S" endTime="2021-08-21T23:01:00+08:00"/>
<repPeriod duration="PT900S"/>
<measTypes>Usage</measTypes>
<measValue measObjLdn="PLMN-PLMN/SDM-BMMNP/HDW-1/HPN-ghlmnp2fe06/DSK-3503cd0a">
<measResults>2</measResults>
</measValue>
</measInfo>
<measInfo measInfoId="Disk">
<granPeriod duration="PT900S" endTime="2021-08-21T23:01:00+08:00"/>
<repPeriod duration="PT900S"/>
<measTypes>Usage</measTypes>
<measValue measObjLdn="PLMN-PLMN/SDM-BMMNP/HDW-1/HPN-cebmnp2fe04/DSK-72f5f094">
<measResults>21</measResults>
</measValue>
</measInfo>
<measInfo measInfoId="Disk">
<granPeriod duration="PT900S" endTime="2021-08-21T23:01:00+08:00"/>
<repPeriod duration="PT900S"/>
<measTypes>Usage</measTypes>
<measValue measObjLdn="PLMN-PLMN/SDM-BMMNP/HDW-1/HPN-ghlmnp1fe02/DSK-2cbac037">
<measResults>1</measResults>
</measValue>
</measInfo>
<measInfo measInfoId="Disk">
<granPeriod duration="PT900S" endTime="2021-08-21T23:01:00+08:00"/>
<repPeriod duration="PT900S"/>
<measTypes>Usage</measTypes>
<measValue measObjLdn="PLMN-PLMN/SDM-BMMNP/HDW-1/HPN-qcymnp1fe01/DSK-96f386fb">
<measResults>37</measResults>
</measValue>
</measInfo>
<measInfo measInfoId="Disk">
<granPeriod duration="PT900S" endTime="2021-08-21T23:01:00+08:00"/>
<repPeriod duration="PT900S"/>
<measTypes>Usage</measTypes>
<measValue measObjLdn="PLMN-PLMN/SDM-BMMNP/HDW-1/HPN-qcymnp2fe04/DSK-5a68d34f">
<measResults>7</measResults>
</measValue>
</measInfo>
<measInfo measInfoId="Disk">
<granPeriod duration="PT900S" endTime="2021-08-21T23:01:00+08:00"/>
<repPeriod duration="PT900S"/>
<measTypes>Usage</measTypes>
<measValue measObjLdn="PLMN-PLMN/SDM-BMMNP/HDW-1/HPN-qcymnp2fe05/DSK-b37ee447">
<measResults>7</measResults>
</measValue>
</measInfo>
<measInfo measInfoId="Disk">
<granPeriod duration="PT900S" endTime="2021-08-21T23:01:00+08:00"/>
<repPeriod duration="PT900S"/>
<measTypes>Usage</measTypes>
<measValue measObjLdn="PLMN-PLMN/SDM-BMMNP/HDW-1/HPN-cebmnp2fe06/DSK-ff0f141f">
<measResults>18</measResults>
</measValue>
</measInfo>
<measInfo measInfoId="Disk">
<granPeriod duration="PT900S" endTime="2021-08-21T23:01:00+08:00"/>
<repPeriod duration="PT900S"/>
<measTypes>Usage</measTypes>
<measValue measObjLdn="PLMN-PLMN/SDM-BMMNP/HDW-1/HPN-cebmnp1fe01/DSK-a5ab2ec6">
<measResults>12</measResults>
</measValue>
</measInfo>
<measInfo measInfoId="Disk">
<granPeriod duration="PT900S" endTime="2021-08-21T23:01:00+08:00"/>
<repPeriod duration="PT900S"/>
<measTypes>Usage</measTypes>
<measValue measObjLdn="PLMN-PLMN/SDM-BMMNP/HDW-1/HPN-cebmnp2fe06/DSK-368fb65c">
<measResults>1</measResults>
</measValue>
</measInfo>
<measInfo measInfoId="Disk">
<granPeriod duration="PT900S" endTime="2021-08-21T23:01:00+08:00"/>
<repPeriod duration="PT900S"/>
<measTypes>Usage</measTypes>
<measValue measObjLdn="PLMN-PLMN/SDM-BMMNP/HDW-1/HPN-ghlmnp2fe05/DSK-84b1fa81">
<measResults>2</measResults>
</measValue>
</measInfo>
<measInfo measInfoId="Disk">
<granPeriod duration="PT900S" endTime="2021-08-21T23:01:00+08:00"/>
<repPeriod duration="PT900S"/>
<measTypes>Usage</measTypes>
<measValue measObjLdn="PLMN-PLMN/SDM-BMMNP/HDW-1/HPN-ghlmnp1fe01/DSK-fb580642">
<measResults>2</measResults>
</measValue>
</measInfo>
<measInfo measInfoId="Disk">
<granPeriod duration="PT900S" endTime="2021-08-21T23:01:00+08:00"/>
<repPeriod duration="PT900S"/>
<measTypes>Usage</measTypes>
<measValue measObjLdn="PLMN-PLMN/SDM-BMMNP/HDW-1/HPN-qcymnp1fe03/DSK-a9b6e9f9">
<measResults>5</measResults>
</measValue>
</measInfo>
<measInfo measInfoId="Disk">
<granPeriod duration="PT900S" endTime="2021-08-21T23:01:00+08:00"/>
<repPeriod duration="PT900S"/>
<measTypes>Usage</measTypes>
<measValue measObjLdn="PLMN-PLMN/SDM-BMMNP/HDW-1/HPN-qcymnp1fe02/DSK-e349b0a3">
<measResults>2</measResults>
</measValue>
</measInfo>
<measInfo measInfoId="Disk">
<granPeriod duration="PT900S" endTime="2021-08-21T23:01:00+08:00"/>
<repPeriod duration="PT900S"/>
<measTypes>Usage</measTypes>
<measValue measObjLdn="PLMN-PLMN/SDM-BMMNP/HDW-1/HPN-qcymnp2fe06/DSK-e5819ddd">
<measResults>1</measResults>
</measValue>
</measInfo>
<measInfo measInfoId="Disk">
<granPeriod duration="PT900S" endTime="2021-08-21T23:01:00+08:00"/>
<repPeriod duration="PT900S"/>
<measTypes>Usage</measTypes>
<measValue measObjLdn="PLMN-PLMN/SDM-BMMNP/HDW-1/HPN-ghlmnp1fe03/DSK-b9d28ef3">
<measResults>2</measResults>
</measValue>
</measInfo>
<measInfo measInfoId="Disk">
<granPeriod duration="PT900S" endTime="2021-08-21T23:01:00+08:00"/>
<repPeriod duration="PT900S"/>
<measTypes>Usage</measTypes>
<measValue measObjLdn="PLMN-PLMN/SDM-BMMNP/HDW-1/HPN-ghlmnp1fe03/DSK-2840966a">
<measResults>7</measResults>
</measValue>
</measInfo>
<measInfo measInfoId="Disk">
<granPeriod duration="PT900S" endTime="2021-08-21T23:01:00+08:00"/>
<repPeriod duration="PT900S"/>
<measTypes>Usage</measTypes>
<measValue measObjLdn="PLMN-PLMN/SDM-BMMNP/HDW-1/HPN-qcymnp1fe01/DSK-aa5b983e">
<measResults>7</measResults>
</measValue>
</measInfo>
<measInfo measInfoId="Disk">
<granPeriod duration="PT900S" endTime="2021-08-21T23:01:00+08:00"/>
<repPeriod duration="PT900S"/>
<measTypes>Usage</measTypes>
<measValue measObjLdn="PLMN-PLMN/SDM-BMMNP/HDW-1/HPN-qcymnp2fe04/DSK-0836555f">
<measResults>3</measResults>
</measValue>
</measInfo>
<measInfo measInfoId="Disk">
<granPeriod duration="PT900S" endTime="2021-08-21T23:01:00+08:00"/>
<repPeriod duration="PT900S"/>
<measTypes>Usage</measTypes>
<measValue measObjLdn="PLMN-PLMN/SDM-BMMNP/HDW-1/HPN-ghlmnp1fe02/DSK-fd5aeb0a">
<measResults>1</measResults>
</measValue>
</measInfo>
<measInfo measInfoId="Disk">
<granPeriod duration="PT900S" endTime="2021-08-21T23:01:00+08:00"/>
<repPeriod duration="PT900S"/>
<measTypes>Usage</measTypes>
<measValue measObjLdn="PLMN-PLMN/SDM-BMMNP/HDW-1/HPN-ghlmnp2fe04/DSK-8dd22887">
<measResults>1</measResults>
</measValue>
</measInfo>
<measInfo measInfoId="Disk">
<granPeriod duration="PT900S" endTime="2021-08-21T23:01:00+08:00"/>
<repPeriod duration="PT900S"/>
<measTypes>Usage</measTypes>
<measValue measObjLdn="PLMN-PLMN/SDM-BMMNP/HDW-1/HPN-cebmnp2fe05/DSK-dbdb2913">
<measResults>1</measResults>
</measValue>
</measInfo>
<measInfo measInfoId="Disk">
<granPeriod duration="PT900S" endTime="2021-08-21T23:01:00+08:00"/>
<repPeriod duration="PT900S"/>
<measTypes>Usage</measTypes>
<measValue measObjLdn="PLMN-PLMN/SDM-BMMNP/HDW-1/HPN-ghlmnp1fe01/DSK-2e1748dc">
<measResults>10</measResults>
</measValue>
</measInfo>
<measInfo measInfoId="Disk">
<granPeriod duration="PT900S" endTime="2021-08-21T23:01:00+08:00"/>
<repPeriod duration="PT900S"/>
<measTypes>Usage</measTypes>
<measValue measObjLdn="PLMN-PLMN/SDM-BMMNP/HDW-1/HPN-qcymnp1fe02/DSK-b9449c69">
<measResults>1</measResults>
</measValue>
</measInfo>
<measInfo measInfoId="Disk">
<granPeriod duration="PT900S" endTime="2021-08-21T23:01:00+08:00"/>
<repPeriod duration="PT900S"/>
<measTypes>Usage</measTypes>
<measValue measObjLdn="PLMN-PLMN/SDM-BMMNP/HDW-1/HPN-qcymnp2fe05/DSK-6ec67df0">
<measResults>1</measResults>
</measValue>
</measInfo>
<measInfo measInfoId="Disk">
<granPeriod duration="PT900S" endTime="2021-08-21T23:01:00+08:00"/>
<repPeriod duration="PT900S"/>
<measTypes>Usage</measTypes>
<measValue measObjLdn="PLMN-PLMN/SDM-BMMNP/HDW-1/HPN-qcymnp1fe01/DSK-79e2366d">
<measResults>1</measResults>
</measValue>
</measInfo>
<measInfo measInfoId="Disk">
<granPeriod duration="PT900S" endTime="2021-08-21T23:01:00+08:00"/>
<repPeriod duration="PT900S"/>
<measTypes>Usage</measTypes>
<measValue measObjLdn="PLMN-PLMN/SDM-BMMNP/HDW-1/HPN-ghlmnp2fe06/DSK-3c348600">
<measResults>1</measResults>
</measValue>
</measInfo>
<measInfo measInfoId="Disk">
<granPeriod duration="PT900S" endTime="2021-08-21T23:01:00+08:00"/>
<repPeriod duration="PT900S"/>
<measTypes>Usage</measTypes>
<measValue measObjLdn="PLMN-PLMN/SDM-BMMNP/HDW-1/HPN-ghlmnp2fe05/DSK-9519aaa6">
<measResults>1</measResults>
</measValue>
</measInfo>
<measInfo measInfoId="Disk">
<granPeriod duration="PT900S" endTime="2021-08-21T23:01:00+08:00"/>
<repPeriod duration="PT900S"/>
<measTypes>Usage</measTypes>
<measValue measObjLdn="PLMN-PLMN/SDM-BMMNP/HDW-1/HPN-qcymnp2fe05/DSK-7d3a4394">
<measResults>2</measResults>
</measValue>
</measInfo>
<measInfo measInfoId="Disk">
<granPeriod duration="PT900S" endTime="2021-08-21T23:01:00+08:00"/>
<repPeriod duration="PT900S"/>
<measTypes>Usage</measTypes>
<measValue measObjLdn="PLMN-PLMN/SDM-BMMNP/HDW-1/HPN-qcymnp2fe06/DSK-b7286619">
<measResults>1</measResults>
</measValue>
</measInfo>
<measInfo measInfoId="Disk">
<granPeriod duration="PT900S" endTime="2021-08-21T23:01:00+08:00"/>
<repPeriod duration="PT900S"/>
<measTypes>Usage</measTypes>
<measValue measObjLdn="PLMN-PLMN/SDM-BMMNP/HDW-1/HPN-ghlmnp1fe02/DSK-f80c3965">
<measResults>10</measResults>
</measValue>
</measInfo>
<measInfo measInfoId="Disk">
<granPeriod duration="PT900S" endTime="2021-08-21T23:01:00+08:00"/>
<repPeriod duration="PT900S"/>
<measTypes>Usage</measTypes>
<measValue measObjLdn="PLMN-PLMN/SDM-BMMNP/HDW-1/HPN-ghlmnp1fe03/DSK-e413c3bd">
<measResults>3</measResults>
</measValue>
</measInfo>
<measInfo measInfoId="Disk">
<granPeriod duration="PT900S" endTime="2021-08-21T23:01:00+08:00"/>
<repPeriod duration="PT900S"/>
<measTypes>Usage</measTypes>
<measValue measObjLdn="PLMN-PLMN/SDM-BMMNP/HDW-1/HPN-qcymnp1fe03/DSK-faba93fc">
<measResults>5</measResults>
</measValue>
</measInfo>
<measInfo measInfoId="Disk">
<granPeriod duration="PT900S" endTime="2021-08-21T23:01:00+08:00"/>
<repPeriod duration="PT900S"/>
<measTypes>Usage</measTypes>
<measValue measObjLdn="PLMN-PLMN/SDM-BMMNP/HDW-1/HPN-ghlmnp1fe02/DSK-a0d0d39a">
<measResults>7</measResults>
</measValue>
</measInfo>
<measInfo measInfoId="Disk">
<granPeriod duration="PT900S" endTime="2021-08-21T23:01:00+08:00"/>
<repPeriod duration="PT900S"/>
<measTypes>Usage</measTypes>
<measValue measObjLdn="PLMN-PLMN/SDM-BMMNP/HDW-1/HPN-ghlmnp1fe03/DSK-52f2ec9a">
<measResults>7</measResults>
</measValue>
</measInfo>
<measInfo measInfoId="Disk">
<granPeriod duration="PT900S" endTime="2021-08-21T23:01:00+08:00"/>
<repPeriod duration="PT900S"/>
<measTypes>Usage</measTypes>
<measValue measObjLdn="PLMN-PLMN/SDM-BMMNP/HDW-1/HPN-qcymnp1fe03/DSK-c344f0f3">
<measResults>1</measResults>
</measValue>
</measInfo>
<measInfo measInfoId="Disk">
<granPeriod duration="PT900S" endTime="2021-08-21T23:01:00+08:00"/>
<repPeriod duration="PT900S"/>
<measTypes>Usage</measTypes>
<measValue measObjLdn="PLMN-PLMN/SDM-BMMNP/HDW-1/HPN-qcymnp1fe03/DSK-a80a5430">
<measResults>7</measResults>
</measValue>
</measInfo>
<measInfo measInfoId="Disk">
<granPeriod duration="PT900S" endTime="2021-08-21T23:01:00+08:00"/>
<repPeriod duration="PT900S"/>
<measTypes>Usage</measTypes>
<measValue measObjLdn="PLMN-PLMN/SDM-BMMNP/HDW-1/HPN-cebmnp2fe05/DSK-45924196">
<measResults>7</measResults>
</measValue>
</measInfo>
<measInfo measInfoId="Disk">
<granPeriod duration="PT900S" endTime="2021-08-21T23:01:00+08:00"/>
<repPeriod duration="PT900S"/>
<measTypes>Usage</measTypes>
<measValue measObjLdn="PLMN-PLMN/SDM-BMMNP/HDW-1/HPN-cebmnp2fe05/DSK-e868288c">
<measResults>37</measResults>
</measValue>
</measInfo>
<measInfo measInfoId="Disk">
<granPeriod duration="PT900S" endTime="2021-08-21T23:01:00+08:00"/>
<repPeriod duration="PT900S"/>
<measTypes>Usage</measTypes>
<measValue measObjLdn="PLMN-PLMN/SDM-BMMNP/HDW-1/HPN-ghlmnp2fe05/DSK-d6b50e75">
<measResults>7</measResults>
</measValue>
</measInfo>
<measInfo measInfoId="Disk">
<granPeriod duration="PT900S" endTime="2021-08-21T23:01:00+08:00"/>
<repPeriod duration="PT900S"/>
<measTypes>Usage</measTypes>
<measValue measObjLdn="PLMN-PLMN/SDM-BMMNP/HDW-1/HPN-ghlmnp2fe05/DSK-6f7167cb">
<measResults>1</measResults>
</measValue>
</measInfo>
<measInfo measInfoId="Disk">
<granPeriod duration="PT900S" endTime="2021-08-21T23:01:00+08:00"/>
<repPeriod duration="PT900S"/>
<measTypes>Usage</measTypes>
<measValue measObjLdn="PLMN-PLMN/SDM-BMMNP/HDW-1/HPN-cebmnp1fe01/DSK-03bbb762">
<measResults>1</measResults>
</measValue>
</measInfo>
<measInfo measInfoId="Disk">
<granPeriod duration="PT900S" endTime="2021-08-21T23:01:00+08:00"/>
<repPeriod duration="PT900S"/>
<measTypes>Usage</measTypes>
<measValue measObjLdn="PLMN-PLMN/SDM-BMMNP/HDW-1/HPN-qcymnp1fe02/DSK-166110a8">
<measResults>1</measResults>
</measValue>
</measInfo>
<measInfo measInfoId="Disk">
<granPeriod duration="PT900S" endTime="2021-08-21T23:01:00+08:00"/>
<repPeriod duration="PT900S"/>
<measTypes>Usage</measTypes>
<measValue measObjLdn="PLMN-PLMN/SDM-BMMNP/HDW-1/HPN-ghlmnp2fe04/DSK-ba64a2da">
<measResults>10</measResults>
</measValue>
</measInfo>
<measInfo measInfoId="Disk">
<granPeriod duration="PT900S" endTime="2021-08-21T23:01:00+08:00"/>
<repPeriod duration="PT900S"/>
<measTypes>Usage</measTypes>
<measValue measObjLdn="PLMN-PLMN/SDM-BMMNP/HDW-1/HPN-ghlmnp1fe02/DSK-ecaac349">
<measResults>4</measResults>
</measValue>
</measInfo>
<measInfo measInfoId="Disk">
<granPeriod duration="PT900S" endTime="2021-08-21T23:01:00+08:00"/>
<repPeriod duration="PT900S"/>
<measTypes>Usage</measTypes>
<measValue measObjLdn="PLMN-PLMN/SDM-BMMNP/HDW-1/HPN-ghlmnp1fe02/DSK-b1ee6301">
<measResults>5</measResults>
</measValue>
</measInfo>
<measInfo measInfoId="Disk">
<granPeriod duration="PT900S" endTime="2021-08-21T23:01:00+08:00"/>
<repPeriod duration="PT900S"/>
<measTypes>Usage</measTypes>
<measValue measObjLdn="PLMN-PLMN/SDM-BMMNP/HDW-1/HPN-qcymnp2fe06/DSK-7e2a0293">
<measResults>7</measResults>
</measValue>
</measInfo>
<measInfo measInfoId="Disk">
<granPeriod duration="PT900S" endTime="2021-08-21T23:01:00+08:00"/>
<repPeriod duration="PT900S"/>
<measTypes>Usage</measTypes>
<measValue measObjLdn="PLMN-PLMN/SDM-BMMNP/HDW-1/HPN-cebmnp2fe06/DSK-41c9a5b1">
<measResults>1</measResults>
</measValue>
</measInfo>
<measInfo measInfoId="Disk">
<granPeriod duration="PT900S" endTime="2021-08-21T23:01:00+08:00"/>
<repPeriod duration="PT900S"/>
<measTypes>Usage</measTypes>
<measValue measObjLdn="PLMN-PLMN/SDM-BMMNP/HDW-1/HPN-qcymnp2fe05/DSK-78254fc3">
<measResults>1</measResults>
</measValue>
</measInfo>
<measInfo measInfoId="Disk">
<granPeriod duration="PT900S" endTime="2021-08-21T23:01:00+08:00"/>
<repPeriod duration="PT900S"/>
<measTypes>Usage</measTypes>
<measValue measObjLdn="PLMN-PLMN/SDM-BMMNP/HDW-1/HPN-ghlmnp2fe06/DSK-2e730807">
<measResults>7</measResults>
</measValue>
</measInfo>
<measInfo measInfoId="Disk">
<granPeriod duration="PT900S" endTime="2021-08-21T23:01:00+08:00"/>
<repPeriod duration="PT900S"/>
<measTypes>Usage</measTypes>
<measValue measObjLdn="PLMN-PLMN/SDM-BMMNP/HDW-1/HPN-qcymnp2fe06/DSK-15bee8f1">
<measResults>37</measResults>
</measValue>
</measInfo>
<measInfo measInfoId="Disk">
<granPeriod duration="PT900S" endTime="2021-08-21T23:01:00+08:00"/>
<repPeriod duration="PT900S"/>
<measTypes>Usage</measTypes>
<measValue measObjLdn="PLMN-PLMN/SDM-BMMNP/HDW-1/HPN-qcymnp2fe06/DSK-3987ca76">
<measResults>10</measResults>
</measValue>
</measInfo>
<measInfo measInfoId="Disk">
<granPeriod duration="PT900S" endTime="2021-08-21T23:01:00+08:00"/>
<repPeriod duration="PT900S"/>
<measTypes>Usage</measTypes>
<measValue measObjLdn="PLMN-PLMN/SDM-BMMNP/HDW-1/HPN-ghlmnp1fe03/DSK-c0288e89">
<measResults>1</measResults>
</measValue>
</measInfo>
<measInfo measInfoId="Disk">
<granPeriod duration="PT900S" endTime="2021-08-21T23:01:00+08:00"/>
<repPeriod duration="PT900S"/>
<measTypes>Usage</measTypes>
<measValue measObjLdn="PLMN-PLMN/SDM-BMMNP/HDW-1/HPN-qcymnp1fe03/DSK-a0789088">
<measResults>1</measResults>
</measValue>
</measInfo>
<measInfo measInfoId="Disk">
<granPeriod duration="PT900S" endTime="2021-08-21T23:01:00+08:00"/>
<repPeriod duration="PT900S"/>
<measTypes>Usage</measTypes>
<measValue measObjLdn="PLMN-PLMN/SDM-BMMNP/HDW-1/HPN-cebmnp1fe01/DSK-549090c0">
<measResults>1</measResults>
</measValue>
</measInfo>
<measInfo measInfoId="Disk">
<granPeriod duration="PT900S" endTime="2021-08-21T23:01:00+08:00"/>
<repPeriod duration="PT900S"/>
<measTypes>Usage</measTypes>
<measValue measObjLdn="PLMN-PLMN/SDM-BMMNP/HDW-1/HPN-qcymnp2fe05/DSK-a8c0e84a">
<measResults>3</measResults>
</measValue>
</measInfo>
<measInfo measInfoId="Disk">
<granPeriod duration="PT900S" endTime="2021-08-21T23:01:00+08:00"/>
<repPeriod duration="PT900S"/>
<measTypes>Usage</measTypes>
<measValue measObjLdn="PLMN-PLMN/SDM-BMMNP/HDW-1/HPN-ghlmnp1fe01/DSK-04cff0d2">
<measResults>1</measResults>
</measValue>
</measInfo>
<measInfo measInfoId="Disk">
<granPeriod duration="PT900S" endTime="2021-08-21T23:01:00+08:00"/>
<repPeriod duration="PT900S"/>
<measTypes>Usage</measTypes>
<measValue measObjLdn="PLMN-PLMN/SDM-BMMNP/HDW-1/HPN-qcymnp2fe04/DSK-d2b219cf">
<measResults>10</measResults>
</measValue>
</measInfo>
<measInfo measInfoId="Disk">
<granPeriod duration="PT900S" endTime="2021-08-21T23:01:00+08:00"/>
<repPeriod duration="PT900S"/>
<measTypes>Usage</measTypes>
<measValue measObjLdn="PLMN-PLMN/SDM-BMMNP/HDW-1/HPN-ghlmnp1fe01/DSK-00769ee8">
<measResults>1</measResults>
</measValue>
</measInfo>
<measInfo measInfoId="Disk">
<granPeriod duration="PT900S" endTime="2021-08-21T23:01:00+08:00"/>
<repPeriod duration="PT900S"/>
<measTypes>Usage</measTypes>
<measValue measObjLdn="PLMN-PLMN/SDM-BMMNP/HDW-1/HPN-ghlmnp1fe03/DSK-2a5674f0">
<measResults>37</measResults>
</measValue>
</measInfo>
<measInfo measInfoId="Disk">
<granPeriod duration="PT900S" endTime="2021-08-21T23:01:00+08:00"/>
<repPeriod duration="PT900S"/>
<measTypes>Usage</measTypes>
<measValue measObjLdn="PLMN-PLMN/SDM-BMMNP/HDW-1/HPN-ghlmnp1fe02/DSK-bb85814c">
<measResults>21</measResults>
</measValue>
</measInfo>
<measInfo measInfoId="Disk">
<granPeriod duration="PT900S" endTime="2021-08-21T23:01:00+08:00"/>
<repPeriod duration="PT900S"/>
<measTypes>Usage</measTypes>
<measValue measObjLdn="PLMN-PLMN/SDM-BMMNP/HDW-1/HPN-ghlmnp2fe04/DSK-99c9e546">
<measResults>3</measResults>
</measValue>
</measInfo>
<measInfo measInfoId="Disk">
<granPeriod duration="PT900S" endTime="2021-08-21T23:01:00+08:00"/>
<repPeriod duration="PT900S"/>
<measTypes>Usage</measTypes>
<measValue measObjLdn="PLMN-PLMN/SDM-BMMNP/HDW-1/HPN-ghlmnp1fe01/DSK-8bc4c20a">
<measResults>7</measResults>
</measValue>
</measInfo>
<measInfo measInfoId="Disk">
<granPeriod duration="PT900S" endTime="2021-08-21T23:01:00+08:00"/>
<repPeriod duration="PT900S"/>
<measTypes>Usage</measTypes>
<measValue measObjLdn="PLMN-PLMN/SDM-BMMNP/HDW-1/HPN-cebmnp2fe06/DSK-14cd7b14">
<measResults>37</measResults>
</measValue>
</measInfo>
<measInfo measInfoId="Disk">
<granPeriod duration="PT900S" endTime="2021-08-21T23:01:00+08:00"/>
<repPeriod duration="PT900S"/>
<measTypes>Usage</measTypes>
<measValue measObjLdn="PLMN-PLMN/SDM-BMMNP/HDW-1/HPN-ghlmnp1fe02/DSK-f2e5480b">
<measResults>1</measResults>
</measValue>
</measInfo>
<measInfo measInfoId="Disk">
<granPeriod duration="PT900S" endTime="2021-08-21T23:01:00+08:00"/>
<repPeriod duration="PT900S"/>
<measTypes>Usage</measTypes>
<measValue measObjLdn="PLMN-PLMN/SDM-BMMNP/HDW-1/HPN-cebmnp2fe05/DSK-26f2f964">
<measResults>1</measResults>
</measValue>
</measInfo>
<measInfo measInfoId="Disk">
<granPeriod duration="PT900S" endTime="2021-08-21T23:01:00+08:00"/>
<repPeriod duration="PT900S"/>
<measTypes>Usage</measTypes>
<measValue measObjLdn="PLMN-PLMN/SDM-BMMNP/HDW-1/HPN-ghlmnp2fe05/DSK-a0460cb6">
<measResults>7</measResults>
</measValue>
</measInfo>
<measInfo measInfoId="Disk">
<granPeriod duration="PT900S" endTime="2021-08-21T23:01:00+08:00"/>
<repPeriod duration="PT900S"/>
<measTypes>Usage</measTypes>
<measValue measObjLdn="PLMN-PLMN/SDM-BMMNP/HDW-1/HPN-qcymnp1fe02/DSK-51982a94">
<measResults>1</measResults>
</measValue>
</measInfo>
<measInfo measInfoId="Disk">
<granPeriod duration="PT900S" endTime="2021-08-21T23:01:00+08:00"/>
<repPeriod duration="PT900S"/>
<measTypes>Usage</measTypes>
<measValue measObjLdn="PLMN-PLMN/SDM-BMMNP/HDW-1/HPN-cebmnp2fe06/DSK-4dbd30fa">
<measResults>11</measResults>
</measValue>
</measInfo>
<measInfo measInfoId="Disk">
<granPeriod duration="PT900S" endTime="2021-08-21T23:01:00+08:00"/>
<repPeriod duration="PT900S"/>
<measTypes>Usage</measTypes>
<measValue measObjLdn="PLMN-PLMN/SDM-BMMNP/HDW-1/HPN-ghlmnp2fe04/DSK-fa744cc4">
<measResults>5</measResults>
</measValue>
</measInfo>
<measInfo measInfoId="Disk">
<granPeriod duration="PT900S" endTime="2021-08-21T23:01:00+08:00"/>
<repPeriod duration="PT900S"/>
<measTypes>Usage</measTypes>
<measValue measObjLdn="PLMN-PLMN/SDM-BMMNP/HDW-1/HPN-cebmnp2fe05/DSK-f354aed6">
<measResults>1</measResults>
</measValue>
</measInfo>
<measInfo measInfoId="Disk">
<granPeriod duration="PT900S" endTime="2021-08-21T23:01:00+08:00"/>
<repPeriod duration="PT900S"/>
<measTypes>Usage</measTypes>
<measValue measObjLdn="PLMN-PLMN/SDM-BMMNP/HDW-1/HPN-qcymnp1fe03/DSK-bf1ddeb1">
<measResults>1</measResults>
</measValue>
</measInfo>
<measInfo measInfoId="Disk">
<granPeriod duration="PT900S" endTime="2021-08-21T23:01:00+08:00"/>
<repPeriod duration="PT900S"/>
<measTypes>Usage</measTypes>
<measValue measObjLdn="PLMN-PLMN/SDM-BMMNP/HDW-1/HPN-cebmnp1fe01/DSK-17a5efa9">
<measResults>1</measResults>
</measValue>
</measInfo>
<measInfo measInfoId="Disk">
<granPeriod duration="PT900S" endTime="2021-08-21T23:01:00+08:00"/>
<repPeriod duration="PT900S"/>
<measTypes>Usage</measTypes>
<measValue measObjLdn="PLMN-PLMN/SDM-BMMNP/HDW-1/HPN-qcymnp1fe03/DSK-37c83525">
<measResults>1</measResults>
</measValue>
</measInfo>
<measInfo measInfoId="Disk">
<granPeriod duration="PT900S" endTime="2021-08-21T23:01:00+08:00"/>
<repPeriod duration="PT900S"/>
<measTypes>Usage</measTypes>
<measValue measObjLdn="PLMN-PLMN/SDM-BMMNP/HDW-1/HPN-qcymnp1fe03/DSK-27ba115d">
<measResults>37</measResults>
</measValue>
</measInfo>
<measInfo measInfoId="Disk">
<granPeriod duration="PT900S" endTime="2021-08-21T23:01:00+08:00"/>
<repPeriod duration="PT900S"/>
<measTypes>Usage</measTypes>
<measValue measObjLdn="PLMN-PLMN/SDM-BMMNP/HDW-1/HPN-qcymnp2fe06/DSK-f358b0bf">
<measResults>1</measResults>
</measValue>
</measInfo>
<measInfo measInfoId="Disk">
<granPeriod duration="PT900S" endTime="2021-08-21T23:01:00+08:00"/>
<repPeriod duration="PT900S"/>
<measTypes>Usage</measTypes>
<measValue measObjLdn="PLMN-PLMN/SDM-BMMNP/HDW-1/HPN-ghlmnp2fe05/DSK-bcad5d34">
<measResults>1</measResults>
</measValue>
</measInfo>
<measInfo measInfoId="Disk">
<granPeriod duration="PT900S" endTime="2021-08-21T23:01:00+08:00"/>
<repPeriod duration="PT900S"/>
<measTypes>Usage</measTypes>
<measValue measObjLdn="PLMN-PLMN/SDM-BMMNP/HDW-1/HPN-qcymnp1fe03/DSK-1032a3d3">
<measResults>2</measResults>
</measValue>
</measInfo>
<measInfo measInfoId="Disk">
<granPeriod duration="PT900S" endTime="2021-08-21T23:01:00+08:00"/>
<repPeriod duration="PT900S"/>
<measTypes>Usage</measTypes>
<measValue measObjLdn="PLMN-PLMN/SDM-BMMNP/HDW-1/HPN-qcymnp2fe04/DSK-0ef449a0">
<measResults>1</measResults>
</measValue>
</measInfo>
<measInfo measInfoId="Disk">
<granPeriod duration="PT900S" endTime="2021-08-21T23:01:00+08:00"/>
<repPeriod duration="PT900S"/>
<measTypes>Usage</measTypes>
<measValue measObjLdn="PLMN-PLMN/SDM-BMMNP/HDW-1/HPN-ghlmnp1fe01/DSK-0288e198">
<measResults>37</measResults>
</measValue>
</measInfo>
<measInfo measInfoId="Disk">
<granPeriod duration="PT900S" endTime="2021-08-21T23:01:00+08:00"/>
<repPeriod duration="PT900S"/>
<measTypes>Usage</measTypes>
<measValue measObjLdn="PLMN-PLMN/SDM-BMMNP/HDW-1/HPN-cebmnp1fe01/DSK-16e09e2f">
<measResults>10</measResults>
</measValue>
</measInfo>
<measInfo measInfoId="Disk">
<granPeriod duration="PT900S" endTime="2021-08-21T23:01:00+08:00"/>
<repPeriod duration="PT900S"/>
<measTypes>Usage</measTypes>
<measValue measObjLdn="PLMN-PLMN/SDM-BMMNP/HDW-1/HPN-qcymnp2fe05/DSK-6e57b3f6">
<measResults>1</measResults>
</measValue>
</measInfo>
<measInfo measInfoId="Disk">
<granPeriod duration="PT900S" endTime="2021-08-21T23:01:00+08:00"/>
<repPeriod duration="PT900S"/>
<measTypes>Usage</measTypes>
<measValue measObjLdn="PLMN-PLMN/SDM-BMMNP/HDW-1/HPN-cebmnp2fe05/DSK-be3deec8">
<measResults>1</measResults>
</measValue>
</measInfo>
<measInfo measInfoId="Disk">
<granPeriod duration="PT900S" endTime="2021-08-21T23:01:00+08:00"/>
<repPeriod duration="PT900S"/>
<measTypes>Usage</measTypes>
<measValue measObjLdn="PLMN-PLMN/SDM-BMMNP/HDW-1/HPN-ghlmnp1fe01/DSK-981da7f4">
<measResults>21</measResults>
</measValue>
</measInfo>
<measInfo measInfoId="Disk">
<granPeriod duration="PT900S" endTime="2021-08-21T23:01:00+08:00"/>
<repPeriod duration="PT900S"/>
<measTypes>Usage</measTypes>
<measValue measObjLdn="PLMN-PLMN/SDM-BMMNP/HDW-1/HPN-ghlmnp2fe06/DSK-0cdd3651">
<measResults>10</measResults>
</measValue>
</measInfo>
<measInfo measInfoId="Disk">
<granPeriod duration="PT900S" endTime="2021-08-21T23:01:00+08:00"/>
<repPeriod duration="PT900S"/>
<measTypes>Usage</measTypes>
<measValue measObjLdn="PLMN-PLMN/SDM-BMMNP/HDW-1/HPN-qcymnp1fe03/DSK-aaaa1f4b">
<measResults>10</measResults>
</measValue>
</measInfo>
<measInfo measInfoId="Disk">
<granPeriod duration="PT900S" endTime="2021-08-21T23:01:00+08:00"/>
<repPeriod duration="PT900S"/>
<measTypes>Usage</measTypes>
<measValue measObjLdn="PLMN-PLMN/SDM-BMMNP/HDW-1/HPN-qcymnp2fe04/DSK-49de70ba">
<measResults>1</measResults>
</measValue>
</measInfo>
<measInfo measInfoId="Disk">
<granPeriod duration="PT900S" endTime="2021-08-21T23:01:00+08:00"/>
<repPeriod duration="PT900S"/>
<measTypes>Usage</measTypes>
<measValue measObjLdn="PLMN-PLMN/SDM-BMMNP/HDW-1/HPN-ghlmnp2fe06/DSK-85ac1524">
<measResults>1</measResults>
</measValue>
</measInfo>
<measInfo measInfoId="Disk">
<granPeriod duration="PT900S" endTime="2021-08-21T23:01:00+08:00"/>
<repPeriod duration="PT900S"/>
<measTypes>Usage</measTypes>
<measValue measObjLdn="PLMN-PLMN/SDM-BMMNP/HDW-1/HPN-cebmnp1fe01/DSK-915bb119">
<measResults>1</measResults>
</measValue>
</measInfo>
<measInfo measInfoId="Disk">
<granPeriod duration="PT900S" endTime="2021-08-21T23:01:00+08:00"/>
<repPeriod duration="PT900S"/>
<measTypes>Usage</measTypes>
<measValue measObjLdn="PLMN-PLMN/SDM-BMMNP/HDW-1/HPN-cebmnp2fe04/DSK-72f82c07">
<measResults>1</measResults>
</measValue>
</measInfo>
<measInfo measInfoId="Disk">
<granPeriod duration="PT900S" endTime="2021-08-21T23:01:00+08:00"/>
<repPeriod duration="PT900S"/>
<measTypes>Usage</measTypes>
<measValue measObjLdn="PLMN-PLMN/SDM-BMMNP/HDW-1/HPN-ghlmnp1fe02/DSK-9a2b405b">
<measResults>11</measResults>
</measValue>
</measInfo>
<measInfo measInfoId="Disk">
<granPeriod duration="PT900S" endTime="2021-08-21T23:01:00+08:00"/>
<repPeriod duration="PT900S"/>
<measTypes>Usage</measTypes>
<measValue measObjLdn="PLMN-PLMN/SDM-BMMNP/HDW-1/HPN-qcymnp2fe06/DSK-3b3bde17">
<measResults>3</measResults>
</measValue>
</measInfo>
<measInfo measInfoId="Disk">
<granPeriod duration="PT900S" endTime="2021-08-21T23:01:00+08:00"/>
<repPeriod duration="PT900S"/>
<measTypes>Usage</measTypes>
<measValue measObjLdn="PLMN-PLMN/SDM-BMMNP/HDW-1/HPN-qcymnp2fe05/DSK-159e6c1a">
<measResults>11</measResults>
</measValue>
</measInfo>
<measInfo measInfoId="Disk">
<granPeriod duration="PT900S" endTime="2021-08-21T23:01:00+08:00"/>
<repPeriod duration="PT900S"/>
<measTypes>Usage</measTypes>
<measValue measObjLdn="PLMN-PLMN/SDM-BMMNP/HDW-1/HPN-ghlmnp2fe04/DSK-b77fa381">
<measResults>1</measResults>
</measValue>
</measInfo>
<measInfo measInfoId="Disk">
<granPeriod duration="PT900S" endTime="2021-08-21T23:01:00+08:00"/>
<repPeriod duration="PT900S"/>
<measTypes>Usage</measTypes>
<measValue measObjLdn="PLMN-PLMN/SDM-BMMNP/HDW-1/HPN-cebmnp2fe05/DSK-4268df37">
<measResults>18</measResults>
</measValue>
</measInfo>
<measInfo measInfoId="Disk">
<granPeriod duration="PT900S" endTime="2021-08-21T23:01:00+08:00"/>
<repPeriod duration="PT900S"/>
<measTypes>Usage</measTypes>
<measValue measObjLdn="PLMN-PLMN/SDM-BMMNP/HDW-1/HPN-ghlmnp2fe05/DSK-cabc601d">
<measResults>4</measResults>
</measValue>
</measInfo>
<measInfo measInfoId="Disk">
<granPeriod duration="PT900S" endTime="2021-08-21T23:01:00+08:00"/>
<repPeriod duration="PT900S"/>
<measTypes>Usage</measTypes>
<measValue measObjLdn="PLMN-PLMN/SDM-BMMNP/HDW-1/HPN-qcymnp1fe03/DSK-fbc0b2e0">
<measResults>1</measResults>
</measValue>
</measInfo>
<measInfo measInfoId="Disk">
<granPeriod duration="PT900S" endTime="2021-08-21T23:01:00+08:00"/>
<repPeriod duration="PT900S"/>
<measTypes>Usage</measTypes>
<measValue measObjLdn="PLMN-PLMN/SDM-BMMNP/HDW-1/HPN-ghlmnp2fe06/DSK-5482cec3">
<measResults>6</measResults>
</measValue>
</measInfo>
<measInfo measInfoId="Disk">
<granPeriod duration="PT900S" endTime="2021-08-21T23:01:00+08:00"/>
<repPeriod duration="PT900S"/>
<measTypes>Usage</measTypes>
<measValue measObjLdn="PLMN-PLMN/SDM-BMMNP/HDW-1/HPN-qcymnp1fe03/DSK-3a8d2193">
<measResults>3</measResults>
</measValue>
</measInfo>
<measInfo measInfoId="Disk">
<granPeriod duration="PT900S" endTime="2021-08-21T23:01:00+08:00"/>
<repPeriod duration="PT900S"/>
<measTypes>Usage</measTypes>
<measValue measObjLdn="PLMN-PLMN/SDM-BMMNP/HDW-1/HPN-ghlmnp1fe03/DSK-1dde3b91">
<measResults>1</measResults>
</measValue>
</measInfo>
<measInfo measInfoId="Disk">
<granPeriod duration="PT900S" endTime="2021-08-21T23:01:00+08:00"/>
<repPeriod duration="PT900S"/>
<measTypes>Usage</measTypes>
<measValue measObjLdn="PLMN-PLMN/SDM-BMMNP/HDW-1/HPN-cebmnp2fe06/DSK-672a1def">
<measResults>7</measResults>
</measValue>
</measInfo>
<measInfo measInfoId="Disk">
<granPeriod duration="PT900S" endTime="2021-08-21T23:01:00+08:00"/>
<repPeriod duration="PT900S"/>
<measTypes>Usage</measTypes>
<measValue measObjLdn="PLMN-PLMN/SDM-BMMNP/HDW-1/HPN-cebmnp1fe01/DSK-9ccccb30">
<measResults>9</measResults>
</measValue>
</measInfo>
<measInfo measInfoId="Disk">
<granPeriod duration="PT900S" endTime="2021-08-21T23:01:00+08:00"/>
<repPeriod duration="PT900S"/>
<measTypes>Usage</measTypes>
<measValue measObjLdn="PLMN-PLMN/SDM-BMMNP/HDW-1/HPN-qcymnp2fe06/DSK-896dfd2d">
<measResults>1</measResults>
</measValue>
</measInfo>
<measInfo measInfoId="Disk">
<granPeriod duration="PT900S" endTime="2021-08-21T23:01:00+08:00"/>
<repPeriod duration="PT900S"/>
<measTypes>Usage</measTypes>
<measValue measObjLdn="PLMN-PLMN/SDM-BMMNP/HDW-1/HPN-qcymnp2fe04/DSK-fc16aa71">
<measResults>11</measResults>
</measValue>
</measInfo>
<measInfo measInfoId="Disk">
<granPeriod duration="PT900S" endTime="2021-08-21T23:01:00+08:00"/>
<repPeriod duration="PT900S"/>
<measTypes>Usage</measTypes>
<measValue measObjLdn="PLMN-PLMN/SDM-BMMNP/HDW-1/HPN-ghlmnp2fe05/DSK-237bb220">
<measResults>37</measResults>
</measValue>
</measInfo>
<measInfo measInfoId="Disk">
<granPeriod duration="PT900S" endTime="2021-08-21T23:01:00+08:00"/>
<repPeriod duration="PT900S"/>
<measTypes>Usage</measTypes>
<measValue measObjLdn="PLMN-PLMN/SDM-BMMNP/HDW-1/HPN-ghlmnp2fe06/DSK-043bab32">
<measResults>1</measResults>
</measValue>
</measInfo>
<measInfo measInfoId="Disk">
<granPeriod duration="PT900S" endTime="2021-08-21T23:01:00+08:00"/>
<repPeriod duration="PT900S"/>
<measTypes>Usage</measTypes>
<measValue measObjLdn="PLMN-PLMN/SDM-BMMNP/HDW-1/HPN-qcymnp1fe02/DSK-10bef7c0">
<measResults>1</measResults>
</measValue>
</measInfo>
<measInfo measInfoId="Disk">
<granPeriod duration="PT900S" endTime="2021-08-21T23:01:00+08:00"/>
<repPeriod duration="PT900S"/>
<measTypes>Usage</measTypes>
<measValue measObjLdn="PLMN-PLMN/SDM-BMMNP/HDW-1/HPN-ghlmnp2fe04/DSK-fdd97dff">
<measResults>2</measResults>
</measValue>
</measInfo>
<measInfo measInfoId="Disk">
<granPeriod duration="PT900S" endTime="2021-08-21T23:01:00+08:00"/>
<repPeriod duration="PT900S"/>
<measTypes>Usage</measTypes>
<measValue measObjLdn="PLMN-PLMN/SDM-BMMNP/HDW-1/HPN-cebmnp2fe06/DSK-8f132d33">
<measResults>1</measResults>
</measValue>
</measInfo>
<measInfo measInfoId="Disk">
<granPeriod duration="PT900S" endTime="2021-08-21T23:01:00+08:00"/>
<repPeriod duration="PT900S"/>
<measTypes>Usage</measTypes>
<measValue measObjLdn="PLMN-PLMN/SDM-BMMNP/HDW-1/HPN-cebmnp2fe06/DSK-25f6db00">
<measResults>11</measResults>
</measValue>
</measInfo>
<measInfo measInfoId="Disk">
<granPeriod duration="PT900S" endTime="2021-08-21T23:01:00+08:00"/>
<repPeriod duration="PT900S"/>
<measTypes>Usage</measTypes>
<measValue measObjLdn="PLMN-PLMN/SDM-BMMNP/HDW-1/HPN-ghlmnp2fe06/DSK-ba925eab">
<measResults>1</measResults>
</measValue>
</measInfo>
<measInfo measInfoId="Disk">
<granPeriod duration="PT900S" endTime="2021-08-21T23:01:00+08:00"/>
<repPeriod duration="PT900S"/>
<measTypes>Usage</measTypes>
<measValue measObjLdn="PLMN-PLMN/SDM-BMMNP/HDW-1/HPN-qcymnp1fe03/DSK-0b741ea7">
<measResults>1</measResults>
</measValue>
</measInfo>
<measInfo measInfoId="Disk">
<granPeriod duration="PT900S" endTime="2021-08-21T23:01:00+08:00"/>
<repPeriod duration="PT900S"/>
<measTypes>Usage</measTypes>
<measValue measObjLdn="PLMN-PLMN/SDM-BMMNP/HDW-1/HPN-cebmnp2fe05/DSK-64a4e327">
<measResults>1</measResults>
</measValue>
</measInfo>
<measInfo measInfoId="Disk">
<granPeriod duration="PT900S" endTime="2021-08-21T23:01:00+08:00"/>
<repPeriod duration="PT900S"/>
<measTypes>Usage</measTypes>
<measValue measObjLdn="PLMN-PLMN/SDM-BMMNP/HDW-1/HPN-cebmnp2fe04/DSK-550c6385">
<measResults>7</measResults>
</measValue>
</measInfo>
<measInfo measInfoId="Disk">
<granPeriod duration="PT900S" endTime="2021-08-21T23:01:00+08:00"/>
<repPeriod duration="PT900S"/>
<measTypes>Usage</measTypes>
<measValue measObjLdn="PLMN-PLMN/SDM-BMMNP/HDW-1/HPN-cebmnp1fe01/DSK-9149fb23">
<measResults>1</measResults>
</measValue>
</measInfo>
<measInfo measInfoId="Disk">
<granPeriod duration="PT900S" endTime="2021-08-21T23:01:00+08:00"/>
<repPeriod duration="PT900S"/>
<measTypes>Usage</measTypes>
<measValue measObjLdn="PLMN-PLMN/SDM-BMMNP/HDW-1/HPN-cebmnp2fe06/DSK-2edf7856">
<measResults>1</measResults>
</measValue>
</measInfo>
<measInfo measInfoId="Disk">
<granPeriod duration="PT900S" endTime="2021-08-21T23:01:00+08:00"/>
<repPeriod duration="PT900S"/>
<measTypes>Usage</measTypes>
<measValue measObjLdn="PLMN-PLMN/SDM-BMMNP/HDW-1/HPN-qcymnp1fe01/DSK-6fa71c4a">
<measResults>3</measResults>
</measValue>
</measInfo>
<measInfo measInfoId="Disk">
<granPeriod duration="PT900S" endTime="2021-08-21T23:01:00+08:00"/>
<repPeriod duration="PT900S"/>
<measTypes>Usage</measTypes>
<measValue measObjLdn="PLMN-PLMN/SDM-BMMNP/HDW-1/HPN-cebmnp1fe01/DSK-29cb364f">
<measResults>21</measResults>
</measValue>
</measInfo>
<measInfo measInfoId="Disk">
<granPeriod duration="PT900S" endTime="2021-08-21T23:01:00+08:00"/>
<repPeriod duration="PT900S"/>
<measTypes>Usage</measTypes>
<measValue measObjLdn="PLMN-PLMN/SDM-BMMNP/HDW-1/HPN-ghlmnp2fe04/DSK-e05ecdd9">
<measResults>37</measResults>
</measValue>
</measInfo>
<measInfo measInfoId="Disk">
<granPeriod duration="PT900S" endTime="2021-08-21T23:01:00+08:00"/>
<repPeriod duration="PT900S"/>
<measTypes>Usage</measTypes>
<measValue measObjLdn="PLMN-PLMN/SDM-BMMNP/HDW-1/HPN-cebmnp2fe04/DSK-92d87856">
<measResults>1</measResults>
</measValue>
</measInfo>
<measInfo measInfoId="Disk">
<granPeriod duration="PT900S" endTime="2021-08-21T23:01:00+08:00"/>
<repPeriod duration="PT900S"/>
<measTypes>Usage</measTypes>
<measValue measObjLdn="PLMN-PLMN/SDM-BMMNP/HDW-1/HPN-ghlmnp1fe01/DSK-d041c6d0">
<measResults>1</measResults>
</measValue>
</measInfo>
<measInfo measInfoId="Disk">
<granPeriod duration="PT900S" endTime="2021-08-21T23:01:00+08:00"/>
<repPeriod duration="PT900S"/>
<measTypes>Usage</measTypes>
<measValue measObjLdn="PLMN-PLMN/SDM-BMMNP/HDW-1/HPN-ghlmnp1fe01/DSK-83bdcf91">
<measResults>1</measResults>
</measValue>
</measInfo>
<measInfo measInfoId="Disk">
<granPeriod duration="PT900S" endTime="2021-08-21T23:01:00+08:00"/>
<repPeriod duration="PT900S"/>
<measTypes>Usage</measTypes>
<measValue measObjLdn="PLMN-PLMN/SDM-BMMNP/HDW-1/HPN-ghlmnp2fe04/DSK-7b78b93b">
<measResults>7</measResults>
</measValue>
</measInfo>
<measInfo measInfoId="Disk">
<granPeriod duration="PT900S" endTime="2021-08-21T23:01:00+08:00"/>
<repPeriod duration="PT900S"/>
<measTypes>Usage</measTypes>
<measValue measObjLdn="PLMN-PLMN/SDM-BMMNP/HDW-1/HPN-ghlmnp2fe05/DSK-c733018c">
<measResults>1</measResults>
</measValue>
</measInfo>
<measInfo measInfoId="Disk">
<granPeriod duration="PT900S" endTime="2021-08-21T23:01:00+08:00"/>
<repPeriod duration="PT900S"/>
<measTypes>Usage</measTypes>
<measValue measObjLdn="PLMN-PLMN/SDM-BMMNP/HDW-1/HPN-qcymnp1fe02/DSK-3ac23c26">
<measResults>10</measResults>
</measValue>
</measInfo>
<measInfo measInfoId="Disk">
<granPeriod duration="PT900S" endTime="2021-08-21T23:01:00+08:00"/>
<repPeriod duration="PT900S"/>
<measTypes>Usage</measTypes>
<measValue measObjLdn="PLMN-PLMN/SDM-BMMNP/HDW-1/HPN-ghlmnp2fe04/DSK-d0740a9a">
<measResults>4</measResults>
</measValue>
</measInfo>
<measInfo measInfoId="Disk">
<granPeriod duration="PT900S" endTime="2021-08-21T23:01:00+08:00"/>
<repPeriod duration="PT900S"/>
<measTypes>Usage</measTypes>
<measValue measObjLdn="PLMN-PLMN/SDM-BMMNP/HDW-1/HPN-cebmnp2fe04/DSK-a31f0d7d">
<measResults>12</measResults>
</measValue>
</measInfo>
<measInfo measInfoId="Disk">
<granPeriod duration="PT900S" endTime="2021-08-21T23:01:00+08:00"/>
<repPeriod duration="PT900S"/>
<measTypes>Usage</measTypes>
<measValue measObjLdn="PLMN-PLMN/SDM-BMMNP/HDW-1/HPN-qcymnp2fe04/DSK-70fbdcda">
<measResults>1</measResults>
</measValue>
</measInfo>
<measInfo measInfoId="Disk">
<granPeriod duration="PT900S" endTime="2021-08-21T23:01:00+08:00"/>
<repPeriod duration="PT900S"/>
<measTypes>Usage</measTypes>
<measValue measObjLdn="PLMN-PLMN/SDM-BMMNP/HDW-1/HPN-qcymnp2fe05/DSK-caabb0aa">
<measResults>37</measResults>
</measValue>
</measInfo>
<measInfo measInfoId="Disk">
<granPeriod duration="PT900S" endTime="2021-08-21T23:01:00+08:00"/>
<repPeriod duration="PT900S"/>
<measTypes>Usage</measTypes>
<measValue measObjLdn="PLMN-PLMN/SDM-BMMNP/HDW-1/HPN-qcymnp1fe01/DSK-598cc5b6">
<measResults>1</measResults>
</measValue>
</measInfo>
<measInfo measInfoId="Disk">
<granPeriod duration="PT900S" endTime="2021-08-21T23:01:00+08:00"/>
<repPeriod duration="PT900S"/>
<measTypes>Usage</measTypes>
<measValue measObjLdn="PLMN-PLMN/SDM-BMMNP/HDW-1/HPN-cebmnp2fe04/DSK-37e91e43">
<measResults>8</measResults>
</measValue>
</measInfo>
<measInfo measInfoId="Disk">
<granPeriod duration="PT900S" endTime="2021-08-21T23:01:00+08:00"/>
<repPeriod duration="PT900S"/>
<measTypes>Usage</measTypes>
<measValue measObjLdn="PLMN-PLMN/SDM-BMMNP/HDW-1/HPN-cebmnp2fe05/DSK-7e7c1ec4">
<measResults>2</measResults>
</measValue>
</measInfo>
<measInfo measInfoId="Disk">
<granPeriod duration="PT900S" endTime="2021-08-21T23:01:00+08:00"/>
<repPeriod duration="PT900S"/>
<measTypes>Usage</measTypes>
<measValue measObjLdn="PLMN-PLMN/SDM-BMMNP/HDW-1/HPN-qcymnp2fe05/DSK-41f9130f">
<measResults>1</measResults>
</measValue>
</measInfo>
<measInfo measInfoId="Disk">
<granPeriod duration="PT900S" endTime="2021-08-21T23:01:00+08:00"/>
<repPeriod duration="PT900S"/>
<measTypes>Usage</measTypes>
<measValue measObjLdn="PLMN-PLMN/SDM-BMMNP/HDW-1/HPN-ghlmnp2fe06/DSK-17afa3e1">
<measResults>37</measResults>
</measValue>
</measInfo>
<measInfo measInfoId="Disk">
<granPeriod duration="PT900S" endTime="2021-08-21T23:01:00+08:00"/>
<repPeriod duration="PT900S"/>
<measTypes>Usage</measTypes>
<measValue measObjLdn="PLMN-PLMN/SDM-BMMNP/HDW-1/HPN-ghlmnp1fe02/DSK-98941637">
<measResults>1</measResults>
</measValue>
</measInfo>
<measInfo measInfoId="Disk">
<granPeriod duration="PT900S" endTime="2021-08-21T23:01:00+08:00"/>
<repPeriod duration="PT900S"/>
<measTypes>Usage</measTypes>
<measValue measObjLdn="PLMN-PLMN/SDM-BMMNP/HDW-1/HPN-cebmnp2fe06/DSK-2a842e36">
<measResults>10</measResults>
</measValue>
</measInfo>
<measInfo measInfoId="Disk">
<granPeriod duration="PT900S" endTime="2021-08-21T23:01:00+08:00"/>
<repPeriod duration="PT900S"/>
<measTypes>Usage</measTypes>
<measValue measObjLdn="PLMN-PLMN/SDM-BMMNP/HDW-1/HPN-qcymnp1fe02/DSK-9dc1292b">
<measResults>1</measResults>
</measValue>
</measInfo>
<measInfo measInfoId="Disk">
<granPeriod duration="PT900S" endTime="2021-08-21T23:01:00+08:00"/>
<repPeriod duration="PT900S"/>
<measTypes>Usage</measTypes>
<measValue measObjLdn="PLMN-PLMN/SDM-BMMNP/HDW-1/HPN-ghlmnp2fe05/DSK-9ce681cf">
<measResults>3</measResults>
</measValue>
</measInfo>
<measInfo measInfoId="Disk">
<granPeriod duration="PT900S" endTime="2021-08-21T23:01:00+08:00"/>
<repPeriod duration="PT900S"/>
<measTypes>Usage</measTypes>
<measValue measObjLdn="PLMN-PLMN/SDM-BMMNP/HDW-1/HPN-qcymnp2fe04/DSK-51c7d081">
<measResults>1</measResults>
</measValue>
</measInfo>
<measInfo measInfoId="Disk">
<granPeriod duration="PT900S" endTime="2021-08-21T23:01:00+08:00"/>
<repPeriod duration="PT900S"/>
<measTypes>Usage</measTypes>
<measValue measObjLdn="PLMN-PLMN/SDM-BMMNP/HDW-1/HPN-qcymnp1fe02/DSK-9bb5c953">
<measResults>11</measResults>
</measValue>
</measInfo>
<measInfo measInfoId="Disk">
<granPeriod duration="PT900S" endTime="2021-08-21T23:01:00+08:00"/>
<repPeriod duration="PT900S"/>
<measTypes>Usage</measTypes>
<measValue measObjLdn="PLMN-PLMN/SDM-BMMNP/HDW-1/HPN-cebmnp2fe05/DSK-902bd0ab">
<measResults>1</measResults>
</measValue>
</measInfo>
<measInfo measInfoId="Disk">
<granPeriod duration="PT900S" endTime="2021-08-21T23:01:00+08:00"/>
<repPeriod duration="PT900S"/>
<measTypes>Usage</measTypes>
<measValue measObjLdn="PLMN-PLMN/SDM-BMMNP/HDW-1/HPN-qcymnp2fe04/DSK-c1550178">
<measResults>2</measResults>
</measValue>
</measInfo>
<measInfo measInfoId="Disk">
<granPeriod duration="PT900S" endTime="2021-08-21T23:01:00+08:00"/>
<repPeriod duration="PT900S"/>
<measTypes>Usage</measTypes>
<measValue measObjLdn="PLMN-PLMN/SDM-BMMNP/HDW-1/HPN-qcymnp2fe06/DSK-0325fee8">
<measResults>1</measResults>
</measValue>
</measInfo>
<measInfo measInfoId="Disk">
<granPeriod duration="PT900S" endTime="2021-08-21T23:01:00+08:00"/>
<repPeriod duration="PT900S"/>
<measTypes>Usage</measTypes>
<measValue measObjLdn="PLMN-PLMN/SDM-BMMNP/HDW-1/HPN-qcymnp2fe04/DSK-cd451c6d">
<measResults>1</measResults>
</measValue>
</measInfo>
<measInfo measInfoId="Disk">
<granPeriod duration="PT900S" endTime="2021-08-21T23:01:00+08:00"/>
<repPeriod duration="PT900S"/>
<measTypes>Usage</measTypes>
<measValue measObjLdn="PLMN-PLMN/SDM-BMMNP/HDW-1/HPN-qcymnp1fe02/DSK-447fec71">
<measResults>7</measResults>
</measValue>
</measInfo>
<measInfo measInfoId="Disk">
<granPeriod duration="PT900S" endTime="2021-08-21T23:01:00+08:00"/>
<repPeriod duration="PT900S"/>
<measTypes>Usage</measTypes>
<measValue measObjLdn="PLMN-PLMN/SDM-BMMNP/HDW-1/HPN-cebmnp2fe04/DSK-5ba5fcb7">
<measResults>1</measResults>
</measValue>
</measInfo>
<measInfo measInfoId="Disk">
<granPeriod duration="PT900S" endTime="2021-08-21T23:01:00+08:00"/>
<repPeriod duration="PT900S"/>
<measTypes>Usage</measTypes>
<measValue measObjLdn="PLMN-PLMN/SDM-BMMNP/HDW-1/HPN-qcymnp1fe02/DSK-300d84ee">
<measResults>3</measResults>
</measValue>
</measInfo>
<measInfo measInfoId="Disk">
<granPeriod duration="PT900S" endTime="2021-08-21T23:01:00+08:00"/>
<repPeriod duration="PT900S"/>
<measTypes>Usage</measTypes>
<measValue measObjLdn="PLMN-PLMN/SDM-BMMNP/HDW-1/HPN-ghlmnp1fe03/DSK-d3a622df">
<measResults>1</measResults>
</measValue>
</measInfo>
<measInfo measInfoId="Disk">
<granPeriod duration="PT900S" endTime="2021-08-21T23:01:00+08:00"/>
<repPeriod duration="PT900S"/>
<measTypes>Usage</measTypes>
<measValue measObjLdn="PLMN-PLMN/SDM-BMMNP/HDW-1/HPN-ghlmnp1fe01/DSK-a00feedb">
<measResults>3</measResults>
</measValue>
</measInfo>
<measInfo measInfoId="Disk">
<granPeriod duration="PT900S" endTime="2021-08-21T23:01:00+08:00"/>
<repPeriod duration="PT900S"/>
<measTypes>Usage</measTypes>
<measValue measObjLdn="PLMN-PLMN/SDM-BMMNP/HDW-1/HPN-ghlmnp1fe01/DSK-ce43badc">
<measResults>1</measResults>
</measValue>
</measInfo>
</measData>
<fileFooter>
<measCollec endTime="2021-08-21T23:01:00+08:00"/>
</fileFooter>
</measCollecFile>