<?xml version="1.0" encoding="UTF-8"?>
<measCollecFile xmlns="http://latest/nmc-omc/cmNrm.doc#measCollec" xmlns:xsi="http://www.w3.org/2001/XMLSchema-instance" xsi:schemaLocation="http://latest/nmc-omc/cmNrm.doc#measCollec schema\pmResultSchedule.xsd">
    <fileHeader fileFormatVersion="32.435 V7.2" vendorName="Huawei">
        <fileSender elementType="SOFTX3000"/>
        <measCollec beginTime="2021-08-11T23:30:00+08:00"/>
    </fileHeader>
    <measData>
        <managedElement userLabel="MIGHUSX001"/>
        <measInfo measInfoId="956301790">
            <granPeriod duration="PT900S" endTime="2021-08-11T23:45:00+08:00"/>
            <repPeriod duration="PT900S"/>
            <measTypes>956305726 956305728 956305729 956305731 956305732 956305734 956305735 956305736 </measTypes>
            <measValue measObjLdn="MIGHUSX001/Module number:Module number=146">
                <measResults>3 0 0 0 0 0 0 0 </measResults>
            </measValue>
            <measValue measObjLdn="MIGHUSX001/Module number:Module number=152">
                <measResults>3 0 0 0 0 0 0 0 </measResults>
            </measValue>
            <measValue measObjLdn="MIGHUSX001/Module number:Module number=133">
                <measResults>3 0 0 0 0 0 0 0 </measResults>
            </measValue>
            <measValue measObjLdn="MIGHUSX001/Module number:Module number=148">
                <measResults>3 0 0 0 0 0 0 0 </measResults>
            </measValue>
            <measValue measObjLdn="MIGHUSX001/Module number:Module number=137">
                <measResults>2 0 0 0 0 0 0 0 </measResults>
            </measValue>
            <measValue measObjLdn="MIGHUSX001/Module number:Module number=149">
                <measResults>3 0 0 0 0 0 0 0 </measResults>
            </measValue>
            <measValue measObjLdn="MIGHUSX001/Module number:Module number=142">
                <measResults>3 0 0 0 0 0 0 0 </measResults>
            </measValue>
            <measValue measObjLdn="MIGHUSX001/Module number:Module number=136">
                <measResults>3 0 0 0 0 0 0 0 </measResults>
            </measValue>
            <measValue measObjLdn="MIGHUSX001/Module number:Module number=210">
                <measResults>6 0 0 0 0 0 0 0 </measResults>
            </measValue>
            <measValue measObjLdn="MIGHUSX001/Module number:Module number=27">
                <measResults>4 0 0 0 0 1634 0 1588 </measResults>
            </measValue>
            <measValue measObjLdn="MIGHUSX001/Module number:Module number=144">
                <measResults>3 0 0 0 0 0 0 0 </measResults>
            </measValue>
            <measValue measObjLdn="MIGHUSX001/Module number:Module number=141">
                <measResults>3 0 0 0 0 0 0 0 </measResults>
            </measValue>
            <measValue measObjLdn="MIGHUSX001/Module number:Module number=158">
                <measResults>3 0 0 0 0 0 0 0 </measResults>
            </measValue>
            <measValue measObjLdn="MIGHUSX001/Module number:Module number=156">
                <measResults>3 0 0 0 0 0 0 0 </measResults>
            </measValue>
            <measValue measObjLdn="MIGHUSX001/Module number:Module number=143">
                <measResults>3 0 0 0 0 0 0 0 </measResults>
            </measValue>
            <measValue measObjLdn="MIGHUSX001/Module number:Module number=145">
                <measResults>3 0 0 0 0 0 0 0 </measResults>
            </measValue>
            <measValue measObjLdn="MIGHUSX001/Module number:Module number=147">
                <measResults>3 0 0 0 0 0 0 0 </measResults>
            </measValue>
            <measValue measObjLdn="MIGHUSX001/Module number:Module number=208">
                <measResults>2 0 0 0 0 0 0 0 </measResults>
            </measValue>
            <measValue measObjLdn="MIGHUSX001/Module number:Module number=139">
                <measResults>3 0 0 0 0 0 0 0 </measResults>
            </measValue>
            <measValue measObjLdn="MIGHUSX001/Module number:Module number=140">
                <measResults>3 0 0 0 0 0 0 0 </measResults>
            </measValue>
            <measValue measObjLdn="MIGHUSX001/Module number:Module number=22">
                <measResults>5 0 0 0 0 1627 0 1574 </measResults>
            </measValue>
            <measValue measObjLdn="MIGHUSX001/Module number:Module number=155">
                <measResults>2 0 0 0 0 0 0 0 </measResults>
            </measValue>
            <measValue measObjLdn="MIGHUSX001/Module number:Module number=159">
                <measResults>3 0 0 0 0 0 0 0 </measResults>
            </measValue>
            <measValue measObjLdn="MIGHUSX001/Module number:Module number=153">
                <measResults>3 0 0 0 0 0 0 0 </measResults>
            </measValue>
            <measValue measObjLdn="MIGHUSX001/Module number:Module number=26">
                <measResults>4 0 0 0 0 1658 0 1611 </measResults>
            </measValue>
            <measValue measObjLdn="MIGHUSX001/Module number:Module number=138">
                <measResults>2 0 0 0 0 0 0 0 </measResults>
            </measValue>
            <measValue measObjLdn="MIGHUSX001/Module number:Module number=25">
                <measResults>4 0 0 0 0 1706 0 1640 </measResults>
            </measValue>
            <measValue measObjLdn="MIGHUSX001/Module number:Module number=151">
                <measResults>2 0 0 0 0 0 0 0 </measResults>
            </measValue>
            <measValue measObjLdn="MIGHUSX001/Module number:Module number=150">
                <measResults>2 0 0 0 0 0 0 0 </measResults>
            </measValue>
            <measValue measObjLdn="MIGHUSX001/Module number:Module number=209">
                <measResults>3 0 0 0 0 0 0 0 </measResults>
            </measValue>
            <measValue measObjLdn="MIGHUSX001/Module number:Module number=211">
                <measResults>6 0 0 0 0 0 0 0 </measResults>
            </measValue>
            <measValue measObjLdn="MIGHUSX001/Module number:Module number=212">
                <measResults>1 0 0 0 0 0 0 0 </measResults>
            </measValue>
            <measValue measObjLdn="MIGHUSX001/Module number:Module number=132">
                <measResults>3 0 0 0 0 0 0 0 </measResults>
            </measValue>
            <measValue measObjLdn="MIGHUSX001/Module number:Module number=154">
                <measResults>3 0 0 0 0 0 0 0 </measResults>
            </measValue>
            <measValue measObjLdn="MIGHUSX001/Module number:Module number=157">
                <measResults>3 0 0 0 0 0 0 0 </measResults>
            </measValue>
            <measValue measObjLdn="MIGHUSX001/Module number:Module number=24">
                <measResults>5 0 0 0 0 1640 0 1594 </measResults>
            </measValue>
            <measValue measObjLdn="MIGHUSX001/Module number:Module number=102">
                <measResults>3 0 0 0 0 0 0 0 </measResults>
            </measValue>
            <measValue measObjLdn="MIGHUSX001/Module number:Module number=23">
                <measResults>4 0 0 0 0 1708 0 1656 </measResults>
            </measValue>
            <measValue measObjLdn="MIGHUSX001/Module number:Module number=213">
                <measResults>1 0 0 0 0 0 0 0 </measResults>
            </measValue>
        </measInfo>
    </measData>
    <fileFooter>
        <measCollec endTime="2021-08-11T23:45:00+08:00"/>
    </fileFooter>
</measCollecFile>
