<?xml version="1.0" encoding="UTF-8"?>
<measCollecFile xmlns="http://latest/nmc-omc/cmNrm.doc#measCollec" xmlns:xsi="http://www.w3.org/2001/XMLSchema-instance" xsi:schemaLocation="http://latest/nmc-omc/cmNrm.doc#measCollec schema\pmResultSchedule.xsd">
    <fileHeader fileFormatVersion="32.435 V7.2" vendorName="Huawei">
        <fileSender elementType="MGW"/>
        <measCollec beginTime="2021-08-11T22:00:00+08:00"/>
    </fileHeader>
    <measData>
        <managedElement userLabel="MG06ECEB"/>
        <measInfo measInfoId="100665879">
            <granPeriod duration="PT3600S" endTime="2021-08-11T23:00:00+08:00"/>
            <repPeriod duration="PT3600S"/>
            <measTypes>100991620 100991621 </measTypes>
            <measValue measObjLdn="MG06ECEB/MGWFunction:MG06ECEB">
                <measResults>6413 6405 </measResults>
            </measValue>
        </measInfo>
        <measInfo measInfoId="100665889">
            <granPeriod duration="PT3600S" endTime="2021-08-11T23:00:00+08:00"/>
            <repPeriod duration="PT3600S"/>
            <measTypes>100991637 100991638 100991639 100991640 100991641 100991642 100991643 100991644 100991698 </measTypes>
            <measValue measObjLdn="MG06ECEB/MGWFunction:MG06ECEB">
                <measResults>0 0 0 0 0 0 0 0 0 </measResults>
            </measValue>
        </measInfo>
        <measInfo measInfoId="100665811">
            <granPeriod duration="PT3600S" endTime="2021-08-11T23:00:00+08:00"/>
            <repPeriod duration="PT3600S"/>
            <measTypes>100991130 100991131 </measTypes>
            <measValue measObjLdn="MG06ECEB/MGWFunction:MG06ECEB">
                <measResults>16112 0 </measResults>
            </measValue>
        </measInfo>
        <measInfo measInfoId="100665871">
            <granPeriod duration="PT3600S" endTime="2021-08-11T23:00:00+08:00"/>
            <repPeriod duration="PT3600S"/>
            <measTypes>100991592 100991593 100991594 100991595 100991596 100991597 100991598 100991599 100991600 100991601 100991602 </measTypes>
            <measValue measObjLdn="MG06ECEB/MGWFunction:MG06ECEB">
                <measResults>0 0 0 0 0 0 0 0 0 0 0 </measResults>
            </measValue>
        </measInfo>
        <measInfo measInfoId="100665880">
            <granPeriod duration="PT3600S" endTime="2021-08-11T23:00:00+08:00"/>
            <repPeriod duration="PT3600S"/>
            <measTypes>100991622 100991623 </measTypes>
            <measValue measObjLdn="MG06ECEB/MGWFunction:MG06ECEB">
                <measResults>0 0 </measResults>
            </measValue>
        </measInfo>
        <measInfo measInfoId="100665814">
            <granPeriod duration="PT3600S" endTime="2021-08-11T23:00:00+08:00"/>
            <repPeriod duration="PT3600S"/>
            <measTypes>100991139 100991140 100991243 100991244 100991245 100991246 100991247 100991248 100991249 100991250 100991251 100991821 100991822 100991823 </measTypes>
            <measValue measObjLdn="MG06ECEB/MGWFunction:MG06ECEB">
                <measResults>2129 59648 73728 59648 57495 43545 43545 0 0 8246153 45086 0 0 0 </measResults>
            </measValue>
        </measInfo>
        <measInfo measInfoId="100665892">
            <granPeriod duration="PT3600S" endTime="2021-08-11T23:00:00+08:00"/>
            <repPeriod duration="PT3600S"/>
            <measTypes>100991900 100991901 100991902 100991903 100991904 100991905 100992144 100992145 100992146 100992147 100992148 100992149 100992150 100992151 100992152 100992153 100992154 100992155 100992156 100992157 100992160 100992161 100992162 100992163 </measTypes>
            <measValue measObjLdn="MG06ECEB/MGWFunction:MG06ECEB">
                <measResults>1349 2129 0 0 0 0 0 0 0 0 0 0 0 0 0 0 0 0 0 0 234 370 0 0 </measResults>
            </measValue>
        </measInfo>
        <measInfo measInfoId="100665816">
            <granPeriod duration="PT3600S" endTime="2021-08-11T23:00:00+08:00"/>
            <repPeriod duration="PT3600S"/>
            <measTypes>100991099 100991100 100991101 100991102 100991103 100991104 </measTypes>
            <measValue measObjLdn="MG06ECEB/MGW:VMGWID=2">
                <measResults>1035 691 0 0 0 0 </measResults>
            </measValue>
            <measValue measObjLdn="MG06ECEB/MGW:VMGWID=9">
                <measResults>1040 651 0 0 0 0 </measResults>
            </measValue>
            <measValue measObjLdn="MG06ECEB/MGW:VMGWID=3">
                <measResults>1046 650 0 0 0 0 </measResults>
            </measValue>
            <measValue measObjLdn="MG06ECEB/MGW:VMGWID=4">
                <measResults>1034 622 0 0 0 0 </measResults>
            </measValue>
            <measValue measObjLdn="MG06ECEB/MGW:VMGWID=0">
                <measResults>0 0 0 0 0 0 </measResults>
            </measValue>
        </measInfo>
        <measInfo measInfoId="100665841">
            <granPeriod duration="PT3600S" endTime="2021-08-11T23:00:00+08:00"/>
            <repPeriod duration="PT3600S"/>
            <measTypes>100991420 100991421 </measTypes>
            <measValue measObjLdn="MG06ECEB/MGW:VMGWID=0">
                <measResults>0 0 </measResults>
            </measValue>
            <measValue measObjLdn="MG06ECEB/MGW:VMGWID=3">
                <measResults>0 0 </measResults>
            </measValue>
            <measValue measObjLdn="MG06ECEB/MGW:VMGWID=9">
                <measResults>0 0 </measResults>
            </measValue>
            <measValue measObjLdn="MG06ECEB/MGW:VMGWID=2">
                <measResults>0 0 </measResults>
            </measValue>
            <measValue measObjLdn="MG06ECEB/MGW:VMGWID=4">
                <measResults>0 0 </measResults>
            </measValue>
        </measInfo>
        <measInfo measInfoId="100665806">
            <granPeriod duration="PT3600S" endTime="2021-08-11T23:00:00+08:00"/>
            <repPeriod duration="PT3600S"/>
            <measTypes>100991105 100991106 100991107 100991108 100991141 100991142 100991143 100991144 100991767 100991768 </measTypes>
            <measValue measObjLdn="MG06ECEB/MGW:VMGWID=4">
                <measResults>862 526 0 0 0 0 3 0 0 0 </measResults>
            </measValue>
            <measValue measObjLdn="MG06ECEB/MGW:VMGWID=0">
                <measResults>0 0 0 0 0 0 0 0 0 0 </measResults>
            </measValue>
            <measValue measObjLdn="MG06ECEB/MGW:VMGWID=3">
                <measResults>854 529 0 0 0 0 3 0 0 0 </measResults>
            </measValue>
            <measValue measObjLdn="MG06ECEB/MGW:VMGWID=9">
                <measResults>850 522 0 0 0 0 3 0 0 0 </measResults>
            </measValue>
            <measValue measObjLdn="MG06ECEB/MGW:VMGWID=2">
                <measResults>837 578 0 0 0 0 3 0 0 0 </measResults>
            </measValue>
        </measInfo>
        <measInfo measInfoId="100665911">
            <granPeriod duration="PT3600S" endTime="2021-08-11T23:00:00+08:00"/>
            <repPeriod duration="PT3600S"/>
            <measTypes>100991997 100991998 100991999 100992000 100992001 100992002 100992003 100992004 100992005 100992006 100992007 100992008 100992009 100992010 100992011 100992012 100992013 100992014 100992015 </measTypes>
            <measValue measObjLdn="MG06ECEB/MGW:VMGWID=0">
                <measResults>0 0 0 0 0 0 0 0 0 0 0 0 0 0 0 0 0 0 0 </measResults>
            </measValue>
            <measValue measObjLdn="MG06ECEB/MGW:VMGWID=3">
                <measResults>74092 0 146093 0 0 0 74092 146093 74092 146093 0 0 0 0 0 0 0 0 0 </measResults>
            </measValue>
            <measValue measObjLdn="MG06ECEB/MGW:VMGWID=9">
                <measResults>67479 0 139482 0 0 0 67479 139482 67479 139482 0 0 0 0 0 0 0 0 0 </measResults>
            </measValue>
            <measValue measObjLdn="MG06ECEB/MGW:VMGWID=2">
                <measResults>73094 0 145107 0 0 0 73094 145107 73094 145107 0 0 0 0 0 0 0 0 0 </measResults>
            </measValue>
            <measValue measObjLdn="MG06ECEB/MGW:VMGWID=4">
                <measResults>64021 0 136029 0 0 0 64021 136029 64021 136029 0 0 0 0 0 0 0 0 0 </measResults>
            </measValue>
        </measInfo>
        <measInfo measInfoId="100665916">
            <granPeriod duration="PT3600S" endTime="2021-08-11T23:00:00+08:00"/>
            <repPeriod duration="PT3600S"/>
            <measTypes>100992080 100992081 100992082 100992083 100992084 100992085 </measTypes>
            <measValue measObjLdn="MG06ECEB/MGW:VMGWID=3">
                <measResults>0 0 0 0 0 0 </measResults>
            </measValue>
            <measValue measObjLdn="MG06ECEB/MGW:VMGWID=2">
                <measResults>0 0 0 0 0 0 </measResults>
            </measValue>
            <measValue measObjLdn="MG06ECEB/MGW:VMGWID=0">
                <measResults>0 0 0 0 0 0 </measResults>
            </measValue>
            <measValue measObjLdn="MG06ECEB/MGW:VMGWID=4">
                <measResults>0 0 0 0 0 0 </measResults>
            </measValue>
            <measValue measObjLdn="MG06ECEB/MGW:VMGWID=9">
                <measResults>0 0 0 0 0 0 </measResults>
            </measValue>
        </measInfo>
        <measInfo measInfoId="100665798">
            <granPeriod duration="PT3600S" endTime="2021-08-11T23:00:00+08:00"/>
            <repPeriod duration="PT3600S"/>
            <measTypes>100991027 100991028 100991029 100991030 100991031 100991032 100991033 100991034 100991035 100991036 100991037 100991038 100991039 100991040 100991041 100991042 100991043 100991044 100991045 100991046 100991047 100991048 100991049 100991050 100991051 100991052 100991053 100991054 100991234 100991235 100991427 100991428 100991429 100991430 100991431 100991432 100991433 100991434 100991523 </measTypes>
            <measValue measObjLdn="MG06ECEB/MGW:VMGWID=4">
                <measResults>64021 64021 47877 16144 16144 47877 48113 16144 16144 48113 0 0 0 0 16144 16144 13839 13839 14520 14520 68 68 19037 19037 952 952 0 0 17895135 8014514 3 0 0 0 0 0 0 0 0 </measResults>
            </measValue>
            <measValue measObjLdn="MG06ECEB/MGW:VMGWID=2">
                <measResults>73095 73094 54810 18285 18285 54809 55063 18285 18285 55062 0 0 0 0 18285 18285 15862 15861 16498 16498 64 64 21914 21914 1043 1043 0 0 20624747 9211931 3 0 0 0 0 0 0 0 0 </measResults>
            </measValue>
            <measValue measObjLdn="MG06ECEB/MGW:VMGWID=0">
                <measResults>0 0 0 0 0 0 0 0 0 0 0 0 0 0 0 0 0 0 0 0 0 0 0 0 0 0 0 0 0 0 0 0 0 0 0 0 0 0 0 </measResults>
            </measValue>
            <measValue measObjLdn="MG06ECEB/MGW:VMGWID=9">
                <measResults>67481 67479 50672 16809 16809 50670 50891 16809 16809 50889 0 0 0 0 16809 16809 14431 14434 15074 15072 52 52 20642 20639 945 945 0 0 19005047 8438140 2 0 0 0 0 0 0 0 0 </measResults>
            </measValue>
            <measValue measObjLdn="MG06ECEB/MGW:VMGWID=3">
                <measResults>74090 74092 55375 18714 18715 55378 55623 18714 18715 55626 0 0 0 0 18714 18715 16682 16683 17322 17322 75 75 20845 20847 933 933 0 0 21267572 9417159 1 0 0 0 0 0 0 0 0 </measResults>
            </measValue>
        </measInfo>
        <measInfo measInfoId="100665805">
            <granPeriod duration="PT3600S" endTime="2021-08-11T23:00:00+08:00"/>
            <repPeriod duration="PT3600S"/>
            <measTypes>100991088 100991089 100991090 100991091 100991092 100991093 100991094 100991095 100991096 100991097 100991098 100991145 100991146 100991147 100991418 100991419 100991663 100991664 100991764 100991765 100991766 </measTypes>
            <measValue measObjLdn="MG06ECEB/MGW:VMGWID=3">
                <measResults>7356 7645 1149977 479 296 0 0 0 5956 0 0 0 0 0 2 1689 7354 100 0 0 0 </measResults>
            </measValue>
            <measValue measObjLdn="MG06ECEB/MGW:VMGWID=9">
                <measResults>6297 6598 1161582 488 300 0 0 0 5956 0 0 0 0 0 2 642 6295 100 0 0 0 </measResults>
            </measValue>
            <measValue measObjLdn="MG06ECEB/MGW:VMGWID=2">
                <measResults>7025 7323 1242957 485 322 0 0 0 6390 0 0 0 0 0 3 933 7022 100 0 0 0 </measResults>
            </measValue>
            <measValue measObjLdn="MG06ECEB/MGW:VMGWID=4">
                <measResults>6038 6350 1139209 475 289 0 0 0 5763 0 0 0 0 0 3 587 6035 100 0 0 0 </measResults>
            </measValue>
            <measValue measObjLdn="MG06ECEB/MGW:VMGWID=0">
                <measResults>0 0 0 0 0 0 0 0 0 0 0 0 0 0 0 0 0 NIL 0 0 0 </measResults>
            </measValue>
        </measInfo>
        <measInfo measInfoId="100665906">
            <granPeriod duration="PT3600S" endTime="2021-08-11T23:00:00+08:00"/>
            <repPeriod duration="PT3600S"/>
            <measTypes>100991853 100991854 100991855 100991856 100991857 100991858 100991859 100991860 100991863 100991864 100991865 100991866 100991867 100991868 100991869 100991870 100991871 100991872 100991873 100991874 100991875 100991876 100991877 100991878 100991879 100991880 100991881 100991882 100991883 100991884 100991885 100991886 100991887 100991888 100991995 100991996 </measTypes>
            <measValue measObjLdn="MG06ECEB/MGW:VMGWID=2">
                <measResults>41 41 0 0 0 0 0 0 7081 7081 962 962 2 2 1269 1269 101 101 0 0 0 0 0 0 0 0 0 0 0 0 0 0 66 66 0 0 </measResults>
            </measValue>
            <measValue measObjLdn="MG06ECEB/MGW:VMGWID=4">
                <measResults>49 49 0 0 0 0 0 0 6542 6542 844 844 0 0 955 955 107 107 0 0 0 0 0 0 0 0 0 0 0 0 0 0 228 228 0 0 </measResults>
            </measValue>
            <measValue measObjLdn="MG06ECEB/MGW:VMGWID=0">
                <measResults>0 0 0 0 0 0 0 0 0 0 0 0 0 0 0 0 0 0 0 0 0 0 0 0 0 0 0 0 0 0 0 0 0 0 0 0 </measResults>
            </measValue>
            <measValue measObjLdn="MG06ECEB/MGW:VMGWID=3">
                <measResults>30 30 0 0 0 0 0 0 6257 6257 809 809 2 2 984 984 102 102 0 0 0 0 0 0 0 0 0 0 0 0 0 0 111 111 0 0 </measResults>
            </measValue>
            <measValue measObjLdn="MG06ECEB/MGW:VMGWID=9">
                <measResults>48 48 0 0 0 0 0 0 6735 6735 914 914 0 0 933 933 147 147 0 0 0 0 0 0 0 0 0 0 0 0 0 0 333 333 0 0 </measResults>
            </measValue>
        </measInfo>
        <measInfo measInfoId="100665842">
            <granPeriod duration="PT3600S" endTime="2021-08-11T23:00:00+08:00"/>
            <repPeriod duration="PT3600S"/>
            <measTypes>100991422 100991423 100991424 100991425 100991426 100992111 100992112 100992113 </measTypes>
            <measValue measObjLdn="MG06ECEB/MGW:VMGWID=3">
                <measResults>4181 405 7604 0 4091 0 0 2 </measResults>
            </measValue>
            <measValue measObjLdn="MG06ECEB/MGW:VMGWID=4">
                <measResults>4306 328 6317 0 4247 0 0 3 </measResults>
            </measValue>
            <measValue measObjLdn="MG06ECEB/MGW:VMGWID=0">
                <measResults>0 0 0 0 0 0 0 0 </measResults>
            </measValue>
            <measValue measObjLdn="MG06ECEB/MGW:VMGWID=2">
                <measResults>4835 415 7292 0 4718 0 0 3 </measResults>
            </measValue>
            <measValue measObjLdn="MG06ECEB/MGW:VMGWID=9">
                <measResults>4409 433 6567 0 4389 0 0 2 </measResults>
            </measValue>
        </measInfo>
        <measInfo measInfoId="100665915">
            <granPeriod duration="PT3600S" endTime="2021-08-11T23:00:00+08:00"/>
            <repPeriod duration="PT3600S"/>
            <measTypes>100992048 100992049 100992050 100992051 100992052 100992053 100992054 100992055 100992056 100992057 100992058 100992059 100992060 100992061 100992062 100992063 100992064 100992065 100992066 100992067 100992068 100992069 100992070 100992071 100992072 100992073 100992074 100992075 100992076 100992077 100992078 100992079 </measTypes>
            <measValue measObjLdn="MG06ECEB/MGW:VMGWID=0">
                <measResults>0 0 0 0 0 0 0 0 0 0 0 0 0 0 0 0 0 0 0 0 0 0 0 0 0 0 0 0 0 0 0 0 </measResults>
            </measValue>
            <measValue measObjLdn="MG06ECEB/MGW:VMGWID=3">
                <measResults>30 30 0 0 0 0 0 0 0 0 6257 6257 809 809 2 2 984 984 102 102 0 0 0 0 0 0 0 0 111 111 0 0 </measResults>
            </measValue>
            <measValue measObjLdn="MG06ECEB/MGW:VMGWID=9">
                <measResults>48 48 0 0 0 0 0 0 0 0 6735 6735 914 914 0 0 933 933 147 147 0 0 0 0 0 0 0 0 333 333 0 0 </measResults>
            </measValue>
            <measValue measObjLdn="MG06ECEB/MGW:VMGWID=2">
                <measResults>41 41 0 0 0 0 0 0 0 0 7081 7081 962 962 2 2 1269 1269 101 101 0 0 0 0 0 0 0 0 66 66 0 0 </measResults>
            </measValue>
            <measValue measObjLdn="MG06ECEB/MGW:VMGWID=4">
                <measResults>49 49 0 0 0 0 0 0 0 0 6542 6542 844 844 0 0 955 955 107 107 0 0 0 0 0 0 0 0 228 228 0 0 </measResults>
            </measValue>
        </measInfo>
        <measInfo measInfoId="100665835">
            <granPeriod duration="PT3600S" endTime="2021-08-11T23:00:00+08:00"/>
            <repPeriod duration="PT3600S"/>
            <measTypes>100991386 100991387 100991388 </measTypes>
            <measValue measObjLdn="MG06ECEB/Board:FN=1, SN=2, BP=Front">
                <measResults>49 3072 2 </measResults>
            </measValue>
            <measValue measObjLdn="MG06ECEB/Board:FN=3, SN=1, BP=Front">
                <measResults>198 3072 6 </measResults>
            </measValue>
            <measValue measObjLdn="MG06ECEB/Board:FN=2, SN=13, BP=Front">
                <measResults>196 3072 6 </measResults>
            </measValue>
            <measValue measObjLdn="MG06ECEB/Board:FN=1, SN=0, BP=Front">
                <measResults>10 2112 0 </measResults>
            </measValue>
            <measValue measObjLdn="MG06ECEB/Board:FN=2, SN=11, BP=Front">
                <measResults>45 1344 3 </measResults>
            </measValue>
            <measValue measObjLdn="MG06ECEB/Board:FN=1, SN=10, BP=Front">
                <measResults>53 3072 2 </measResults>
            </measValue>
            <measValue measObjLdn="MG06ECEB/Board:FN=3, SN=12, BP=Front">
                <measResults>193 3072 6 </measResults>
            </measValue>
            <measValue measObjLdn="MG06ECEB/Board:FN=2, SN=0, BP=Front">
                <measResults>200 3072 7 </measResults>
            </measValue>
            <measValue measObjLdn="MG06ECEB/Board:FN=1, SN=11, BP=Front">
                <measResults>56 3072 2 </measResults>
            </measValue>
            <measValue measObjLdn="MG06ECEB/Board:FN=1, SN=12, BP=Front">
                <measResults>50 2816 2 </measResults>
            </measValue>
            <measValue measObjLdn="MG06ECEB/Board:FN=3, SN=10, BP=Front">
                <measResults>196 3072 6 </measResults>
            </measValue>
            <measValue measObjLdn="MG06ECEB/Board:FN=2, SN=3, BP=Front">
                <measResults>48 1344 4 </measResults>
            </measValue>
            <measValue measObjLdn="MG06ECEB/Board:FN=2, SN=2, BP=Front">
                <measResults>48 1344 4 </measResults>
            </measValue>
            <measValue measObjLdn="MG06ECEB/Board:FN=3, SN=2, BP=Front">
                <measResults>12 2304 1 </measResults>
            </measValue>
            <measValue measObjLdn="MG06ECEB/Board:FN=1, SN=1, BP=Front">
                <measResults>190 3072 6 </measResults>
            </measValue>
            <measValue measObjLdn="MG06ECEB/Board:FN=3, SN=0, BP=Front">
                <measResults>46 1344 3 </measResults>
            </measValue>
            <measValue measObjLdn="MG06ECEB/Board:FN=3, SN=13, BP=Front">
                <measResults>198 3072 6 </measResults>
            </measValue>
            <measValue measObjLdn="MG06ECEB/Board:FN=2, SN=12, BP=Front">
                <measResults>12 2112 1 </measResults>
            </measValue>
            <measValue measObjLdn="MG06ECEB/Board:FN=2, SN=1, BP=Front">
                <measResults>9 2304 0 </measResults>
            </measValue>
            <measValue measObjLdn="MG06ECEB/Board:FN=1, SN=13, BP=Front">
                <measResults>12 2112 1 </measResults>
            </measValue>
            <measValue measObjLdn="MG06ECEB/Board:FN=3, SN=11, BP=Front">
                <measResults>196 3072 6 </measResults>
            </measValue>
            <measValue measObjLdn="MG06ECEB/Board:FN=2, SN=10, BP=Front">
                <measResults>49 1344 4 </measResults>
            </measValue>
            <measValue measObjLdn="MG06ECEB/Board:FN=1, SN=3, BP=Front">
                <measResults>52 3072 2 </measResults>
            </measValue>
            <measValue measObjLdn="MG06ECEB/Board:FN=3, SN=3, BP=Front">
                <measResults>11 2304 0 </measResults>
            </measValue>
        </measInfo>
        <measInfo measInfoId="100665859">
            <granPeriod duration="PT3600S" endTime="2021-08-11T23:00:00+08:00"/>
            <repPeriod duration="PT3600S"/>
            <measTypes>100991582 100991583 100991584 </measTypes>
            <measValue measObjLdn="MG06ECEB/Board:FN=3, SN=2, BP=Front">
                <measResults>0 0 NIL </measResults>
            </measValue>
            <measValue measObjLdn="MG06ECEB/Board:FN=2, SN=11, BP=Front">
                <measResults>0 0 NIL </measResults>
            </measValue>
            <measValue measObjLdn="MG06ECEB/Board:FN=2, SN=0, BP=Front">
                <measResults>0 0 NIL </measResults>
            </measValue>
            <measValue measObjLdn="MG06ECEB/Board:FN=1, SN=10, BP=Front">
                <measResults>0 0 NIL </measResults>
            </measValue>
            <measValue measObjLdn="MG06ECEB/Board:FN=2, SN=1, BP=Front">
                <measResults>0 0 NIL </measResults>
            </measValue>
            <measValue measObjLdn="MG06ECEB/Board:FN=2, SN=2, BP=Front">
                <measResults>0 0 NIL </measResults>
            </measValue>
            <measValue measObjLdn="MG06ECEB/Board:FN=3, SN=1, BP=Front">
                <measResults>0 0 NIL </measResults>
            </measValue>
            <measValue measObjLdn="MG06ECEB/Board:FN=1, SN=13, BP=Front">
                <measResults>0 340 0 </measResults>
            </measValue>
            <measValue measObjLdn="MG06ECEB/Board:FN=2, SN=13, BP=Front">
                <measResults>0 0 NIL </measResults>
            </measValue>
            <measValue measObjLdn="MG06ECEB/Board:FN=1, SN=1, BP=Front">
                <measResults>0 0 NIL </measResults>
            </measValue>
            <measValue measObjLdn="MG06ECEB/Board:FN=3, SN=12, BP=Front">
                <measResults>0 0 NIL </measResults>
            </measValue>
            <measValue measObjLdn="MG06ECEB/Board:FN=1, SN=12, BP=Front">
                <measResults>0 340 0 </measResults>
            </measValue>
            <measValue measObjLdn="MG06ECEB/Board:FN=3, SN=10, BP=Front">
                <measResults>0 0 NIL </measResults>
            </measValue>
            <measValue measObjLdn="MG06ECEB/Board:FN=2, SN=12, BP=Front">
                <measResults>0 340 0 </measResults>
            </measValue>
            <measValue measObjLdn="MG06ECEB/Board:FN=2, SN=10, BP=Front">
                <measResults>0 0 NIL </measResults>
            </measValue>
            <measValue measObjLdn="MG06ECEB/Board:FN=1, SN=11, BP=Front">
                <measResults>0 0 NIL </measResults>
            </measValue>
            <measValue measObjLdn="MG06ECEB/Board:FN=1, SN=3, BP=Front">
                <measResults>0 0 NIL </measResults>
            </measValue>
            <measValue measObjLdn="MG06ECEB/Board:FN=2, SN=3, BP=Front">
                <measResults>0 0 NIL </measResults>
            </measValue>
            <measValue measObjLdn="MG06ECEB/Board:FN=3, SN=3, BP=Front">
                <measResults>0 0 NIL </measResults>
            </measValue>
            <measValue measObjLdn="MG06ECEB/Board:FN=3, SN=13, BP=Front">
                <measResults>0 0 NIL </measResults>
            </measValue>
            <measValue measObjLdn="MG06ECEB/Board:FN=1, SN=2, BP=Front">
                <measResults>0 0 NIL </measResults>
            </measValue>
            <measValue measObjLdn="MG06ECEB/Board:FN=3, SN=0, BP=Front">
                <measResults>0 0 NIL </measResults>
            </measValue>
            <measValue measObjLdn="MG06ECEB/Board:FN=3, SN=11, BP=Front">
                <measResults>0 0 NIL </measResults>
            </measValue>
            <measValue measObjLdn="MG06ECEB/Board:FN=1, SN=0, BP=Front">
                <measResults>0 340 0 </measResults>
            </measValue>
        </measInfo>
        <measInfo measInfoId="100665834">
            <granPeriod duration="PT3600S" endTime="2021-08-11T23:00:00+08:00"/>
            <repPeriod duration="PT3600S"/>
            <measTypes>100991382 100991383 100991384 100991385 </measTypes>
            <measValue measObjLdn="MG06ECEB/Board:FN=1, SN=2, BP=Front">
                <measResults>18441506 1420521 4907990 494240 </measResults>
            </measValue>
            <measValue measObjLdn="MG06ECEB/Board:FN=1, SN=13, BP=Front">
                <measResults>14467205 1015006 2061213 198047 </measResults>
            </measValue>
            <measValue measObjLdn="MG06ECEB/Board:FN=3, SN=13, BP=Front">
                <measResults>34917817 2883104 18250543 1651965 </measResults>
            </measValue>
            <measValue measObjLdn="MG06ECEB/Board:FN=2, SN=12, BP=Front">
                <measResults>14575570 1032050 2168660 214417 </measResults>
            </measValue>
            <measValue measObjLdn="MG06ECEB/Board:FN=1, SN=0, BP=Front">
                <measResults>14458832 1047187 2026874 228994 </measResults>
            </measValue>
            <measValue measObjLdn="MG06ECEB/Board:FN=3, SN=11, BP=Front">
                <measResults>34272573 2850435 18165937 1672290 </measResults>
            </measValue>
            <measValue measObjLdn="MG06ECEB/Board:FN=2, SN=10, BP=Front">
                <measResults>18762454 1458264 4722644 482809 </measResults>
            </measValue>
            <measValue measObjLdn="MG06ECEB/Board:FN=2, SN=2, BP=Front">
                <measResults>18671166 1449191 4741252 485084 </measResults>
            </measValue>
            <measValue measObjLdn="MG06ECEB/Board:FN=3, SN=3, BP=Front">
                <measResults>14413962 1019726 1949268 197515 </measResults>
            </measValue>
            <measValue measObjLdn="MG06ECEB/Board:FN=1, SN=11, BP=Front">
                <measResults>18979354 1473460 5457087 547493 </measResults>
            </measValue>
            <measValue measObjLdn="MG06ECEB/Board:FN=3, SN=1, BP=Front">
                <measResults>34681778 2888737 18278960 1675665 </measResults>
            </measValue>
            <measValue measObjLdn="MG06ECEB/Board:FN=2, SN=0, BP=Front">
                <measResults>34938003 2910585 18645850 1713434 </measResults>
            </measValue>
            <measValue measObjLdn="MG06ECEB/Board:FN=1, SN=3, BP=Front">
                <measResults>18842385 1460621 5132251 515746 </measResults>
            </measValue>
            <measValue measObjLdn="MG06ECEB/Board:FN=2, SN=13, BP=Front">
                <measResults>34184921 2813436 18174343 1646179 </measResults>
            </measValue>
            <measValue measObjLdn="MG06ECEB/Board:FN=1, SN=1, BP=Front">
                <measResults>33502678 2786766 17565097 1621547 </measResults>
            </measValue>
            <measValue measObjLdn="MG06ECEB/Board:FN=2, SN=11, BP=Front">
                <measResults>18330275 1415475 4307249 441859 </measResults>
            </measValue>
            <measValue measObjLdn="MG06ECEB/Board:FN=3, SN=12, BP=Front">
                <measResults>34031446 2825453 17957650 1650418 </measResults>
            </measValue>
            <measValue measObjLdn="MG06ECEB/Board:FN=1, SN=12, BP=Front">
                <measResults>18648948 1441316 4897178 493058 </measResults>
            </measValue>
            <measValue measObjLdn="MG06ECEB/Board:FN=3, SN=10, BP=Front">
                <measResults>34735998 2918081 18398176 1717336 </measResults>
            </measValue>
            <measValue measObjLdn="MG06ECEB/Board:FN=2, SN=3, BP=Front">
                <measResults>18470900 1428562 4529491 463277 </measResults>
            </measValue>
            <measValue measObjLdn="MG06ECEB/Board:FN=3, SN=2, BP=Front">
                <measResults>14516969 1029305 2122364 212259 </measResults>
            </measValue>
            <measValue measObjLdn="MG06ECEB/Board:FN=1, SN=10, BP=Front">
                <measResults>18834779 1459669 5126188 515097 </measResults>
            </measValue>
            <measValue measObjLdn="MG06ECEB/Board:FN=2, SN=1, BP=Front">
                <measResults>14256454 1032259 1757003 208430 </measResults>
            </measValue>
            <measValue measObjLdn="MG06ECEB/Board:FN=3, SN=0, BP=Front">
                <measResults>18343073 1420587 4397517 455024 </measResults>
            </measValue>
        </measInfo>
        <measInfo measInfoId="100665870">
            <granPeriod duration="PT3600S" endTime="2021-08-11T23:00:00+08:00"/>
            <repPeriod duration="PT3600S"/>
            <measTypes>100991589 100991590 100991591 </measTypes>
            <measValue measObjLdn="MG06ECEB/Board:FN=3, SN=13, BP=Front">
                <measResults>0 0 NIL </measResults>
            </measValue>
            <measValue measObjLdn="MG06ECEB/Board:FN=1, SN=13, BP=Front">
                <measResults>0 0 NIL </measResults>
            </measValue>
            <measValue measObjLdn="MG06ECEB/Board:FN=2, SN=11, BP=Front">
                <measResults>0 0 NIL </measResults>
            </measValue>
            <measValue measObjLdn="MG06ECEB/Board:FN=3, SN=11, BP=Front">
                <measResults>0 0 NIL </measResults>
            </measValue>
            <measValue measObjLdn="MG06ECEB/Board:FN=1, SN=11, BP=Front">
                <measResults>0 0 NIL </measResults>
            </measValue>
            <measValue measObjLdn="MG06ECEB/Board:FN=2, SN=2, BP=Front">
                <measResults>0 0 NIL </measResults>
            </measValue>
            <measValue measObjLdn="MG06ECEB/Board:FN=3, SN=2, BP=Front">
                <measResults>0 0 NIL </measResults>
            </measValue>
            <measValue measObjLdn="MG06ECEB/Board:FN=1, SN=3, BP=Front">
                <measResults>0 0 NIL </measResults>
            </measValue>
            <measValue measObjLdn="MG06ECEB/Board:FN=3, SN=3, BP=Front">
                <measResults>0 0 NIL </measResults>
            </measValue>
            <measValue measObjLdn="MG06ECEB/Board:FN=3, SN=1, BP=Front">
                <measResults>0 0 NIL </measResults>
            </measValue>
            <measValue measObjLdn="MG06ECEB/Board:FN=1, SN=1, BP=Front">
                <measResults>0 0 NIL </measResults>
            </measValue>
            <measValue measObjLdn="MG06ECEB/Board:FN=2, SN=13, BP=Front">
                <measResults>0 0 NIL </measResults>
            </measValue>
            <measValue measObjLdn="MG06ECEB/Board:FN=2, SN=0, BP=Front">
                <measResults>0 0 NIL </measResults>
            </measValue>
            <measValue measObjLdn="MG06ECEB/Board:FN=2, SN=3, BP=Front">
                <measResults>0 0 NIL </measResults>
            </measValue>
            <measValue measObjLdn="MG06ECEB/Board:FN=1, SN=12, BP=Front">
                <measResults>0 0 NIL </measResults>
            </measValue>
            <measValue measObjLdn="MG06ECEB/Board:FN=3, SN=12, BP=Front">
                <measResults>0 0 NIL </measResults>
            </measValue>
            <measValue measObjLdn="MG06ECEB/Board:FN=2, SN=12, BP=Front">
                <measResults>0 0 NIL </measResults>
            </measValue>
            <measValue measObjLdn="MG06ECEB/Board:FN=1, SN=10, BP=Front">
                <measResults>0 0 NIL </measResults>
            </measValue>
            <measValue measObjLdn="MG06ECEB/Board:FN=2, SN=10, BP=Front">
                <measResults>0 0 NIL </measResults>
            </measValue>
            <measValue measObjLdn="MG06ECEB/Board:FN=1, SN=2, BP=Front">
                <measResults>0 0 NIL </measResults>
            </measValue>
            <measValue measObjLdn="MG06ECEB/Board:FN=3, SN=10, BP=Front">
                <measResults>0 0 NIL </measResults>
            </measValue>
            <measValue measObjLdn="MG06ECEB/Board:FN=2, SN=1, BP=Front">
                <measResults>0 0 NIL </measResults>
            </measValue>
            <measValue measObjLdn="MG06ECEB/Board:FN=1, SN=0, BP=Front">
                <measResults>0 0 NIL </measResults>
            </measValue>
            <measValue measObjLdn="MG06ECEB/Board:FN=3, SN=0, BP=Front">
                <measResults>0 0 NIL </measResults>
            </measValue>
        </measInfo>
        <measInfo measInfoId="100665821">
            <granPeriod duration="PT3600S" endTime="2021-08-11T23:00:00+08:00"/>
            <repPeriod duration="PT3600S"/>
            <measTypes>100991203 100991204 </measTypes>
            <measValue measObjLdn="MG06ECEB/M3UADsp:Label=MS03ECEB_0, INDEX =11">
                <measResults>0 0 </measResults>
            </measValue>
            <measValue measObjLdn="MG06ECEB/M3UADsp:Label=MS03ECEB_1, INDEX =111">
                <measResults>0 3600 </measResults>
            </measValue>
        </measInfo>
        <measInfo measInfoId="100665819">
            <granPeriod duration="PT3600S" endTime="2021-08-11T23:00:00+08:00"/>
            <repPeriod duration="PT3600S"/>
            <measTypes>100991155 100991156 100991157 100991158 100991159 100991160 100991161 100991162 100991163 100991164 100991165 100991166 100991167 100991168 100991169 100991170 100991171 100991172 100991173 100991174 100991175 100991176 100991177 100991836 100991837 100991838 100991839 100991840 100991841 100991842 100991843 100991844 </measTypes>
            <measValue measObjLdn="MG06ECEB/M3UALinkSet:Label=MS03ECEB, INDEX =11">
                <measResults>0 0 0 0 0 0 0 0 0 0 0 0 0 0 0 0 0 0 0 0 0 0 0 0 0 0 0 0 0 0 0 0 </measResults>
            </measValue>
        </measInfo>
        <measInfo measInfoId="100665820">
            <granPeriod duration="PT3600S" endTime="2021-08-11T23:00:00+08:00"/>
            <repPeriod duration="PT3600S"/>
            <measTypes>100991178 100991179 100991180 100991181 100991182 100991183 100991184 100991185 100991186 100991187 100991188 100991189 100991190 100991191 100991192 100991193 100991194 100991195 100991196 100991197 100991198 100991199 100991200 100991201 100991202 100991395 100991396 </measTypes>
            <measValue measObjLdn="MG06ECEB/M3UALink:Label=MS03ECEB_04, LinkNo=4">
                <measResults>0 0 0 0 0 0 0 0 0 0 0 0 0 0 0 0 0 0 0 0 0 0 0 0 0 50 50 </measResults>
            </measValue>
            <measValue measObjLdn="MG06ECEB/M3UALink:Label=MS03ECEB_06, LinkNo=6">
                <measResults>0 0 0 0 0 0 0 0 0 0 0 0 0 0 0 0 0 0 0 0 0 0 0 0 0 50 50 </measResults>
            </measValue>
            <measValue measObjLdn="MG06ECEB/M3UALink:Label=MS03ECEB_08, LinkNo=8">
                <measResults>0 0 0 0 0 0 0 0 0 0 0 0 0 0 0 0 0 0 0 0 0 0 0 0 0 50 50 </measResults>
            </measValue>
            <measValue measObjLdn="MG06ECEB/M3UALink:Label=MS03ECEB_10, LinkNo=10">
                <measResults>0 0 0 0 0 0 0 0 0 0 0 0 0 0 0 0 0 0 0 0 0 0 0 0 0 50 50 </measResults>
            </measValue>
            <measValue measObjLdn="MG06ECEB/M3UALink:Label=MS03ECEB_01, LinkNo=1">
                <measResults>0 0 0 0 0 0 0 0 0 0 0 0 0 0 0 0 0 0 0 0 0 0 0 0 0 50 50 </measResults>
            </measValue>
            <measValue measObjLdn="MG06ECEB/M3UALink:Label=MS03ECEB_03, LinkNo=3">
                <measResults>0 0 0 0 0 0 0 0 0 0 0 0 0 0 0 0 0 0 0 0 0 0 0 0 0 50 50 </measResults>
            </measValue>
            <measValue measObjLdn="MG06ECEB/M3UALink:Label=MS03ECEB_05, LinkNo=5">
                <measResults>0 0 0 0 0 0 0 0 0 0 0 0 0 0 0 0 0 0 0 0 0 0 0 0 0 50 50 </measResults>
            </measValue>
            <measValue measObjLdn="MG06ECEB/M3UALink:Label=MS03ECEB_07, LinkNo=7">
                <measResults>0 0 0 0 0 0 0 0 0 0 0 0 0 0 0 0 0 0 0 0 0 0 0 0 0 50 50 </measResults>
            </measValue>
            <measValue measObjLdn="MG06ECEB/M3UALink:Label=MS03ECEB_00, LinkNo=0">
                <measResults>0 0 0 0 0 0 0 0 0 0 0 0 0 0 0 0 0 0 0 0 0 0 0 0 0 50 50 </measResults>
            </measValue>
            <measValue measObjLdn="MG06ECEB/M3UALink:Label=MS03ECEB_09, LinkNo=9">
                <measResults>0 0 0 0 0 0 0 0 0 0 0 0 0 0 0 0 0 0 0 0 0 0 0 0 0 50 50 </measResults>
            </measValue>
            <measValue measObjLdn="MG06ECEB/M3UALink:Label=MS03ECEB_02, LinkNo=2">
                <measResults>0 0 0 0 0 0 0 0 0 0 0 0 0 0 0 0 0 0 0 0 0 0 0 0 0 50 50 </measResults>
            </measValue>
            <measValue measObjLdn="MG06ECEB/M3UALink:Label=MS03ECEB_11, LinkNo=11">
                <measResults>0 0 0 0 0 0 0 0 0 0 0 0 0 0 0 0 0 0 0 0 0 0 0 0 0 50 50 </measResults>
            </measValue>
        </measInfo>
        <measInfo measInfoId="100665837">
            <granPeriod duration="PT3600S" endTime="2021-08-11T23:00:00+08:00"/>
            <repPeriod duration="PT3600S"/>
            <measTypes>100991393 100991394 </measTypes>
            <measValue measObjLdn="MG06ECEB/IntfNo:BN=5, IN=1, BT=HRB">
                <measResults>0 0 </measResults>
            </measValue>
            <measValue measObjLdn="MG06ECEB/IntfNo:BN=4, IN=1, BT=HRB">
                <measResults>0 0 </measResults>
            </measValue>
            <measValue measObjLdn="MG06ECEB/IntfNo:BN=1, IN=0, BT=HRB">
                <measResults>0 0 </measResults>
            </measValue>
            <measValue measObjLdn="MG06ECEB/IntfNo:BN=2, IN=0, BT=TNU">
                <measResults>0 0 </measResults>
            </measValue>
            <measValue measObjLdn="MG06ECEB/IntfNo:BN=4, IN=0, BT=HRB">
                <measResults>0 0 </measResults>
            </measValue>
            <measValue measObjLdn="MG06ECEB/IntfNo:BN=0, IN=0, BT=OMU">
                <measResults>0 0 </measResults>
            </measValue>
            <measValue measObjLdn="MG06ECEB/IntfNo:BN=3, IN=0, BT=HRB">
                <measResults>0 0 </measResults>
            </measValue>
            <measValue measObjLdn="MG06ECEB/IntfNo:BN=5, IN=3, BT=HRB">
                <measResults>0 0 </measResults>
            </measValue>
            <measValue measObjLdn="MG06ECEB/IntfNo:BN=5, IN=2, BT=HRB">
                <measResults>0 0 </measResults>
            </measValue>
            <measValue measObjLdn="MG06ECEB/IntfNo:BN=1, IN=1, BT=HRB">
                <measResults>0 0 </measResults>
            </measValue>
            <measValue measObjLdn="MG06ECEB/IntfNo:BN=5, IN=0, BT=HRB">
                <measResults>0 0 </measResults>
            </measValue>
            <measValue measObjLdn="MG06ECEB/IntfNo:BN=3, IN=0, BT=TNU">
                <measResults>0 0 </measResults>
            </measValue>
            <measValue measObjLdn="MG06ECEB/IntfNo:BN=0, IN=1, BT=HRB">
                <measResults>0 0 </measResults>
            </measValue>
            <measValue measObjLdn="MG06ECEB/IntfNo:BN=1, IN=0, BT=TNU">
                <measResults>2868 16612 </measResults>
            </measValue>
            <measValue measObjLdn="MG06ECEB/IntfNo:BN=0, IN=0, BT=HRB">
                <measResults>0 0 </measResults>
            </measValue>
            <measValue measObjLdn="MG06ECEB/IntfNo:BN=3, IN=1, BT=HRB">
                <measResults>0 0 </measResults>
            </measValue>
            <measValue measObjLdn="MG06ECEB/IntfNo:BN=2, IN=1, BT=HRB">
                <measResults>0 0 </measResults>
            </measValue>
            <measValue measObjLdn="MG06ECEB/IntfNo:BN=2, IN=0, BT=HRB">
                <measResults>0 0 </measResults>
            </measValue>
        </measInfo>
        <measInfo measInfoId="100665852">
            <granPeriod duration="PT3600S" endTime="2021-08-11T23:00:00+08:00"/>
            <repPeriod duration="PT3600S"/>
            <measTypes>100991493 100991494 100991495 100991496 </measTypes>
            <measValue measObjLdn="MG06ECEB/Local IP:0@10.245.69.52/28/Remote IP:0@10.129.148.116/28">
                <measResults>151 151 102 102 </measResults>
            </measValue>
            <measValue measObjLdn="MG06ECEB/Local IP:0@10.245.69.52/28/Remote IP:0@10.241.176.52/28">
                <measResults>24 24 38 38 </measResults>
            </measValue>
            <measValue measObjLdn="MG06ECEB/Local IP:0@10.245.69.52/28/Remote IP:0@10.129.148.100/28">
                <measResults>63 63 470 470 </measResults>
            </measValue>
            <measValue measObjLdn="MG06ECEB/Local IP:0@10.245.69.52/28/Remote IP:0@10.167.73.52/28">
                <measResults>163 163 143 143 </measResults>
            </measValue>
            <measValue measObjLdn="MG06ECEB/Local IP:0@10.245.69.52/28/Remote IP:0@10.169.36.68/28">
                <measResults>25 25 11 11 </measResults>
            </measValue>
            <measValue measObjLdn="MG06ECEB/Local IP:0@10.245.69.52/28/Remote IP:0@10.245.69.36/28">
                <measResults>1155 1155 84 84 </measResults>
            </measValue>
            <measValue measObjLdn="MG06ECEB/Local IP:0@10.245.69.52/28/Remote IP:0@10.169.18.68/32">
                <measResults>0 0 0 0 </measResults>
            </measValue>
            <measValue measObjLdn="MG06ECEB/Local IP:0@10.245.69.52/28/Remote IP:0@10.241.173.4/28">
                <measResults>21 21 5 5 </measResults>
            </measValue>
            <measValue measObjLdn="MG06ECEB/Local IP:0@10.245.69.52/28/Remote IP:0@10.167.104.36/28">
                <measResults>18 18 21 21 </measResults>
            </measValue>
            <measValue measObjLdn="MG06ECEB/Local IP:0@10.245.69.52/28/Remote IP:0@10.241.164.12/32">
                <measResults>0 0 0 0 </measResults>
            </measValue>
            <measValue measObjLdn="MG06ECEB/Local IP:0@10.245.69.52/28/Remote IP:0@10.241.177.20/28">
                <measResults>9 9 12 12 </measResults>
            </measValue>
            <measValue measObjLdn="MG06ECEB/Local IP:0@10.245.69.52/28/Remote IP:0@10.241.174.52/28">
                <measResults>4 4 4 4 </measResults>
            </measValue>
            <measValue measObjLdn="MG06ECEB/Local IP:0@10.245.69.52/28/Remote IP:0@10.241.174.68/28">
                <measResults>38 38 43 43 </measResults>
            </measValue>
            <measValue measObjLdn="MG06ECEB/Local IP:0@10.245.69.52/28/Remote IP:0@10.241.176.68/28">
                <measResults>5 5 0 0 </measResults>
            </measValue>
            <measValue measObjLdn="MG06ECEB/Local IP:0@10.245.69.52/28/Remote IP:0@10.241.174.36/28">
                <measResults>53 53 142 142 </measResults>
            </measValue>
            <measValue measObjLdn="MG06ECEB/Local IP:0@10.245.69.52/28/Remote IP:0@10.241.164.4/32">
                <measResults>0 0 0 0 </measResults>
            </measValue>
            <measValue measObjLdn="MG06ECEB/Local IP:0@10.245.69.52/28/Remote IP:0@10.245.70.12/32">
                <measResults>0 0 0 0 </measResults>
            </measValue>
            <measValue measObjLdn="MG06ECEB/Local IP:0@10.245.69.52/28/Remote IP:0@10.167.73.20/28">
                <measResults>904 904 678 678 </measResults>
            </measValue>
            <measValue measObjLdn="MG06ECEB/Local IP:0@10.245.69.52/28/Remote IP:0@10.169.18.76/32">
                <measResults>0 0 0 0 </measResults>
            </measValue>
            <measValue measObjLdn="MG06ECEB/Local IP:0@10.245.69.52/28/Remote IP:0@10.169.36.52/28">
                <measResults>6 6 9 9 </measResults>
            </measValue>
            <measValue measObjLdn="MG06ECEB/Local IP:0@10.245.69.52/28/Remote IP:0@10.167.104.4/28">
                <measResults>37 37 17 17 </measResults>
            </measValue>
            <measValue measObjLdn="MG06ECEB/Local IP:0@10.245.69.52/28/Remote IP:0@10.245.70.4/32">
                <measResults>0 0 0 0 </measResults>
            </measValue>
            <measValue measObjLdn="MG06ECEB/Local IP:0@10.245.69.52/28/Remote IP:0@10.129.130.180/28">
                <measResults>47 47 42 42 </measResults>
            </measValue>
            <measValue measObjLdn="MG06ECEB/Local IP:0@10.245.69.52/28/Remote IP:0@10.167.73.36/28">
                <measResults>1096 1096 684 684 </measResults>
            </measValue>
            <measValue measObjLdn="MG06ECEB/Local IP:0@10.245.69.52/28/Remote IP:0@10.241.174.20/28">
                <measResults>4 4 10 10 </measResults>
            </measValue>
            <measValue measObjLdn="MG06ECEB/Local IP:0@10.245.69.52/28/Remote IP:0@10.241.177.36/28">
                <measResults>1 1 1 1 </measResults>
            </measValue>
            <measValue measObjLdn="MG06ECEB/Local IP:0@10.245.69.52/28/Remote IP:0@10.129.130.197/28">
                <measResults>15 15 21 21 </measResults>
            </measValue>
        </measInfo>
        <measInfo measInfoId="100665905">
            <granPeriod duration="PT3600S" endTime="2021-08-11T23:00:00+08:00"/>
            <repPeriod duration="PT3600S"/>
            <measTypes>100991826 100991827 100991828 100991829 100991830 100991832 100991833 100991834 100991835 100991898 100991899 </measTypes>
            <measValue measObjLdn="MG06ECEB/Local IP:0@10.245.69.52/28/Remote IP:0@10.129.148.116/28">
                <measResults>4.1 3.6 0.9 0 0 0 0 0 73 73 294 </measResults>
            </measValue>
            <measValue measObjLdn="MG06ECEB/Local IP:0@10.245.69.52/28/Remote IP:0@10.241.173.4/28">
                <measResults>0 0 0 0 0 0 0 0 3 3 24 </measResults>
            </measValue>
            <measValue measObjLdn="MG06ECEB/Local IP:0@10.245.69.52/28/Remote IP:0@10.167.73.52/28">
                <measResults>4.1 2.6 1.5 0 0 0 0 1 78 79 353 </measResults>
            </measValue>
            <measValue measObjLdn="MG06ECEB/Local IP:0@10.245.69.52/28/Remote IP:0@10.169.36.68/28">
                <measResults>0 0 0 0 0 0 0 0 2 2 29 </measResults>
            </measValue>
            <measValue measObjLdn="MG06ECEB/Local IP:0@10.245.69.52/28/Remote IP:0@10.241.176.52/28">
                <measResults>4.1 4.1 0.3 0 0 0 0 0 13 13 53 </measResults>
            </measValue>
            <measValue measObjLdn="MG06ECEB/Local IP:0@10.245.69.52/28/Remote IP:0@10.241.174.68/28">
                <measResults>0 0 0 0 0 0 0 0 3 3 39 </measResults>
            </measValue>
            <measValue measObjLdn="MG06ECEB/Local IP:0@10.245.69.52/28/Remote IP:0@10.167.104.36/28">
                <measResults>0 0 0 0 0 0 0 1 16 17 50 </measResults>
            </measValue>
            <measValue measObjLdn="MG06ECEB/Local IP:0@10.245.69.52/28/Remote IP:0@10.241.164.12/32">
                <measResults>4.1 2.6 3.3 0 28 0 94 1337 133 1564 4865 </measResults>
            </measValue>
            <measValue measObjLdn="MG06ECEB/Local IP:0@10.245.69.52/28/Remote IP:0@10.245.69.36/28">
                <measResults>4.1 2.6 4 0 0 0 1 7 473 481 1304 </measResults>
            </measValue>
            <measValue measObjLdn="MG06ECEB/Local IP:0@10.245.69.52/28/Remote IP:0@10.167.73.20/28">
                <measResults>4.1 2.6 3.8 0 0 0 3 42 969 1014 4170 </measResults>
            </measValue>
            <measValue measObjLdn="MG06ECEB/Local IP:0@10.245.69.52/28/Remote IP:0@10.241.176.68/28">
                <measResults>0 0 0 0 0 0 0 0 2 2 9 </measResults>
            </measValue>
            <measValue measObjLdn="MG06ECEB/Local IP:0@10.245.69.52/28/Remote IP:0@10.241.174.36/28">
                <measResults>4.1 2.7 1.6 0 0 0 0 0 22 22 125 </measResults>
            </measValue>
            <measValue measObjLdn="MG06ECEB/Local IP:0@10.245.69.52/28/Remote IP:0@10.241.164.4/32">
                <measResults>4.1 2.6 3.4 0.1 11 0 71 1247 125 1443 4613 </measResults>
            </measValue>
            <measValue measObjLdn="MG06ECEB/Local IP:0@10.245.69.52/28/Remote IP:0@10.241.177.20/28">
                <measResults>0 0 0 0 0 0 0 0 6 6 21 </measResults>
            </measValue>
            <measValue measObjLdn="MG06ECEB/Local IP:0@10.245.69.52/28/Remote IP:0@10.241.174.52/28">
                <measResults>0 0 0 0 0 0 0 0 1 1 6 </measResults>
            </measValue>
            <measValue measObjLdn="MG06ECEB/Local IP:0@10.245.69.52/28/Remote IP:0@10.129.130.180/28">
                <measResults>4.1 3.8 0.4 0 0 0 0 10 13 23 86 </measResults>
            </measValue>
            <measValue measObjLdn="MG06ECEB/Local IP:0@10.245.69.52/28/Remote IP:0@10.169.18.76/32">
                <measResults>4.1 2.6 3.4 0 14 0 69 632 64 765 2532 </measResults>
            </measValue>
            <measValue measObjLdn="MG06ECEB/Local IP:0@10.245.69.52/28/Remote IP:0@10.169.36.52/28">
                <measResults>0 0 0 0 0 0 0 0 2 2 7 </measResults>
            </measValue>
            <measValue measObjLdn="MG06ECEB/Local IP:0@10.245.69.52/28/Remote IP:0@10.167.104.4/28">
                <measResults>0 0 0 0 0 0 0 0 14 14 54 </measResults>
            </measValue>
            <measValue measObjLdn="MG06ECEB/Local IP:0@10.245.69.52/28/Remote IP:0@10.245.70.12/32">
                <measResults>4.1 2.6 2.7 0 6 0 20 291 54 365 1007 </measResults>
            </measValue>
            <measValue measObjLdn="MG06ECEB/Local IP:0@10.245.69.52/28/Remote IP:0@10.241.177.36/28">
                <measResults>0 0 0 0 0 0 0 0 1 1 2 </measResults>
            </measValue>
            <measValue measObjLdn="MG06ECEB/Local IP:0@10.245.69.52/28/Remote IP:0@10.129.148.100/28">
                <measResults>4.1 2.7 1.6 0 0 0 1 22 249 272 984 </measResults>
            </measValue>
            <measValue measObjLdn="MG06ECEB/Local IP:0@10.245.69.52/28/Remote IP:0@10.167.73.36/28">
                <measResults>4.3 2.7 1.4 0 0 0 0 7 457 464 1582 </measResults>
            </measValue>
            <measValue measObjLdn="MG06ECEB/Local IP:0@10.245.69.52/28/Remote IP:0@10.241.174.20/28">
                <measResults>0 0 0 0 0 0 0 0 1 1 14 </measResults>
            </measValue>
            <measValue measObjLdn="MG06ECEB/Local IP:0@10.245.69.52/28/Remote IP:0@10.245.70.4/32">
                <measResults>4.1 2.6 2.3 0 7 0 32 276 38 346 973 </measResults>
            </measValue>
            <measValue measObjLdn="MG06ECEB/Local IP:0@10.245.69.52/28/Remote IP:0@10.169.18.68/32">
                <measResults>4.1 2.6 3.1 0 9 0 51 657 56 764 2567 </measResults>
            </measValue>
            <measValue measObjLdn="MG06ECEB/Local IP:0@10.245.69.52/28/Remote IP:0@10.129.130.197/28">
                <measResults>0 0 0 0 0 0 0 0 10 10 29 </measResults>
            </measValue>
        </measInfo>
        <measInfo measInfoId="100666003">
            <granPeriod duration="PT3600S" endTime="2021-08-11T23:00:00+08:00"/>
            <repPeriod duration="PT3600S"/>
            <measTypes>100991561 100993025 100993026 100993027 100993028 100993029 </measTypes>
            <measValue measObjLdn="MG06ECEB/Board:FN=2, SN=11, BP=Back">
                <measResults>0 0 0 0 0 0 </measResults>
            </measValue>
            <measValue measObjLdn="MG06ECEB/Board:FN=2, SN=15, BP=Front">
                <measResults>0 0 0 0 0 0 </measResults>
            </measValue>
            <measValue measObjLdn="MG06ECEB/Board:FN=1, SN=4, BP=Front">
                <measResults>0 0 0 0 0 0 </measResults>
            </measValue>
            <measValue measObjLdn="MG06ECEB/Board:FN=2, SN=4, BP=Front">
                <measResults>0 0 0 0 0 0 </measResults>
            </measValue>
            <measValue measObjLdn="MG06ECEB/Board:FN=3, SN=6, BP=Front">
                <measResults>0 0 0 0 0 0 </measResults>
            </measValue>
            <measValue measObjLdn="MG06ECEB/Board:FN=1, SN=15, BP=Back">
                <measResults>6 6 0 0 0 0 </measResults>
            </measValue>
            <measValue measObjLdn="MG06ECEB/Board:FN=1, SN=10, BP=Back">
                <measResults>0 0 0 0 0 0 </measResults>
            </measValue>
            <measValue measObjLdn="MG06ECEB/Board:FN=3, SN=15, BP=Front">
                <measResults>0 0 0 0 0 0 </measResults>
            </measValue>
            <measValue measObjLdn="MG06ECEB/Board:FN=3, SN=8, BP=Front">
                <measResults>6 2 0 0 0 0 </measResults>
            </measValue>
            <measValue measObjLdn="MG06ECEB/Board:FN=2, SN=8, BP=Back">
                <measResults>4 1 0 0 0 0 </measResults>
            </measValue>
            <measValue measObjLdn="MG06ECEB/Board:FN=2, SN=13, BP=Back">
                <measResults>0 0 0 0 0 0 </measResults>
            </measValue>
            <measValue measObjLdn="MG06ECEB/Board:FN=1, SN=7, BP=Front">
                <measResults>16 3 0 0 0 0 </measResults>
            </measValue>
            <measValue measObjLdn="MG06ECEB/Board:FN=1, SN=1, BP=Back">
                <measResults>21 19 0 0 0 0 </measResults>
            </measValue>
            <measValue measObjLdn="MG06ECEB/Board:FN=2, SN=6, BP=Front">
                <measResults>0 0 0 0 0 0 </measResults>
            </measValue>
            <measValue measObjLdn="MG06ECEB/Board:FN=1, SN=15, BP=Front">
                <measResults>0 0 0 0 0 0 </measResults>
            </measValue>
            <measValue measObjLdn="MG06ECEB/Board:FN=2, SN=15, BP=Back">
                <measResults>0 0 0 0 0 0 </measResults>
            </measValue>
            <measValue measObjLdn="MG06ECEB/Board:FN=2, SN=8, BP=Front">
                <measResults>4 2 0 0 0 0 </measResults>
            </measValue>
            <measValue measObjLdn="MG06ECEB/Board:FN=3, SN=7, BP=Back">
                <measResults>4 1 0 0 0 0 </measResults>
            </measValue>
            <measValue measObjLdn="MG06ECEB/Board:FN=3, SN=9, BP=Front">
                <measResults>0 0 0 0 0 0 </measResults>
            </measValue>
            <measValue measObjLdn="MG06ECEB/Board:FN=1, SN=1, BP=Front">
                <measResults>5 4 0 0 0 0 </measResults>
            </measValue>
            <measValue measObjLdn="MG06ECEB/Board:FN=3, SN=12, BP=Front">
                <measResults>5 4 0 0 0 0 </measResults>
            </measValue>
            <measValue measObjLdn="MG06ECEB/Board:FN=3, SN=10, BP=Front">
                <measResults>6 4 0 0 0 0 </measResults>
            </measValue>
            <measValue measObjLdn="MG06ECEB/Board:FN=1, SN=3, BP=Back">
                <measResults>5 3 0 0 0 0 </measResults>
            </measValue>
            <measValue measObjLdn="MG06ECEB/Board:FN=1, SN=7, BP=Back">
                <measResults>7 3 0 0 0 0 </measResults>
            </measValue>
            <measValue measObjLdn="MG06ECEB/Board:FN=1, SN=14, BP=Front">
                <measResults>0 0 0 0 0 0 </measResults>
            </measValue>
            <measValue measObjLdn="MG06ECEB/Board:FN=2, SN=10, BP=Back">
                <measResults>0 0 0 0 0 0 </measResults>
            </measValue>
            <measValue measObjLdn="MG06ECEB/Board:FN=2, SN=12, BP=Back">
                <measResults>0 0 0 0 0 0 </measResults>
            </measValue>
            <measValue measObjLdn="MG06ECEB/Board:FN=3, SN=1, BP=Front">
                <measResults>6 4 0 0 0 0 </measResults>
            </measValue>
            <measValue measObjLdn="MG06ECEB/Board:FN=1, SN=12, BP=Front">
                <measResults>3 3 0 0 0 0 </measResults>
            </measValue>
            <measValue measObjLdn="MG06ECEB/Board:FN=2, SN=14, BP=Front">
                <measResults>0 0 0 0 0 0 </measResults>
            </measValue>
            <measValue measObjLdn="MG06ECEB/Board:FN=3, SN=11, BP=Back">
                <measResults>0 0 0 0 0 0 </measResults>
            </measValue>
            <measValue measObjLdn="MG06ECEB/Board:FN=3, SN=6, BP=Front">
                <measResults>0 0 0 0 0 0 </measResults>
            </measValue>
            <measValue measObjLdn="MG06ECEB/Board:FN=3, SN=13, BP=Back">
                <measResults>0 0 0 0 0 0 </measResults>
            </measValue>
            <measValue measObjLdn="MG06ECEB/Board:FN=1, SN=5, BP=Front">
                <measResults>0 0 0 0 0 0 </measResults>
            </measValue>
            <measValue measObjLdn="MG06ECEB/Board:FN=2, SN=5, BP=Front">
                <measResults>0 0 0 0 0 0 </measResults>
            </measValue>
            <measValue measObjLdn="MG06ECEB/Board:FN=3, SN=14, BP=Front">
                <measResults>0 0 0 0 0 0 </measResults>
            </measValue>
            <measValue measObjLdn="MG06ECEB/Board:FN=2, SN=7, BP=Front">
                <measResults>6 2 0 0 0 0 </measResults>
            </measValue>
            <measValue measObjLdn="MG06ECEB/Board:FN=2, SN=12, BP=Front">
                <measResults>3 3 0 0 0 0 </measResults>
            </measValue>
            <measValue measObjLdn="MG06ECEB/Board:FN=1, SN=3, BP=Front">
                <measResults>3 3 0 0 0 0 </measResults>
            </measValue>
            <measValue measObjLdn="MG06ECEB/Board:FN=1, SN=2, BP=Back">
                <measResults>5 3 0 0 0 0 </measResults>
            </measValue>
            <measValue measObjLdn="MG06ECEB/Board:FN=1, SN=0, BP=Back">
                <measResults>20 18 0 0 0 0 </measResults>
            </measValue>
            <measValue measObjLdn="MG06ECEB/Board:FN=3, SN=7, BP=Front">
                <measResults>5 2 0 0 0 0 </measResults>
            </measValue>
            <measValue measObjLdn="MG06ECEB/Board:FN=1, SN=9, BP=Front">
                <measResults>1 0 0 0 0 0 </measResults>
            </measValue>
            <measValue measObjLdn="MG06ECEB/Board:FN=2, SN=14, BP=Back">
                <measResults>3 0 0 0 0 0 </measResults>
            </measValue>
            <measValue measObjLdn="MG06ECEB/Board:FN=3, SN=5, BP=Front">
                <measResults>0 0 0 0 0 0 </measResults>
            </measValue>
            <measValue measObjLdn="MG06ECEB/Board:FN=1, SN=11, BP=Back">
                <measResults>0 0 0 0 0 0 </measResults>
            </measValue>
            <measValue measObjLdn="MG06ECEB/Board:FN=3, SN=0, BP=Front">
                <measResults>3 3 0 0 0 0 </measResults>
            </measValue>
            <measValue measObjLdn="MG06ECEB/Board:FN=3, SN=8, BP=Back">
                <measResults>6 3 0 0 0 0 </measResults>
            </measValue>
            <measValue measObjLdn="MG06ECEB/Board:FN=1, SN=9, BP=Front">
                <measResults>0 0 0 0 0 0 </measResults>
            </measValue>
            <measValue measObjLdn="MG06ECEB/Board:FN=3, SN=15, BP=Back">
                <measResults>0 0 0 0 0 0 </measResults>
            </measValue>
            <measValue measObjLdn="MG06ECEB/Board:FN=2, SN=7, BP=Back">
                <measResults>5 3 0 0 0 0 </measResults>
            </measValue>
            <measValue measObjLdn="MG06ECEB/Board:FN=2, SN=9, BP=Front">
                <measResults>0 0 0 0 0 0 </measResults>
            </measValue>
            <measValue measObjLdn="MG06ECEB/Board:FN=2, SN=2, BP=Back">
                <measResults>6 6 0 0 0 0 </measResults>
            </measValue>
            <measValue measObjLdn="MG06ECEB/Board:FN=1, SN=8, BP=Front">
                <measResults>15 2 0 0 0 0 </measResults>
            </measValue>
            <measValue measObjLdn="MG06ECEB/Board:FN=3, SN=10, BP=Back">
                <measResults>0 0 0 0 0 0 </measResults>
            </measValue>
            <measValue measObjLdn="MG06ECEB/Board:FN=1, SN=2, BP=Front">
                <measResults>3 3 0 0 0 0 </measResults>
            </measValue>
            <measValue measObjLdn="MG06ECEB/Board:FN=2, SN=11, BP=Front">
                <measResults>3 3 0 0 0 0 </measResults>
            </measValue>
            <measValue measObjLdn="MG06ECEB/Board:FN=1, SN=0, BP=Front">
                <measResults>3 3 0 0 0 0 </measResults>
            </measValue>
            <measValue measObjLdn="MG06ECEB/Board:FN=3, SN=4, BP=Front">
                <measResults>0 0 0 0 0 0 </measResults>
            </measValue>
            <measValue measObjLdn="MG06ECEB/Board:FN=1, SN=8, BP=Back">
                <measResults>5 2 0 0 0 0 </measResults>
            </measValue>
            <measValue measObjLdn="MG06ECEB/Board:FN=1, SN=6, BP=Front">
                <measResults>1 0 0 0 0 0 </measResults>
            </measValue>
            <measValue measObjLdn="MG06ECEB/Board:FN=3, SN=9, BP=Front">
                <measResults>1 0 0 0 0 0 </measResults>
            </measValue>
            <measValue measObjLdn="MG06ECEB/Board:FN=2, SN=2, BP=Front">
                <measResults>3 3 0 0 0 0 </measResults>
            </measValue>
            <measValue measObjLdn="MG06ECEB/Board:FN=3, SN=2, BP=Front">
                <measResults>3 3 0 0 0 0 </measResults>
            </measValue>
            <measValue measObjLdn="MG06ECEB/Board:FN=3, SN=11, BP=Front">
                <measResults>5 4 0 0 0 0 </measResults>
            </measValue>
            <measValue measObjLdn="MG06ECEB/Board:FN=2, SN=0, BP=Front">
                <measResults>5 4 0 0 0 0 </measResults>
            </measValue>
            <measValue measObjLdn="MG06ECEB/Board:FN=1, SN=6, BP=Front">
                <measResults>1 0 0 0 0 0 </measResults>
            </measValue>
            <measValue measObjLdn="MG06ECEB/Board:FN=2, SN=9, BP=Front">
                <measResults>0 0 0 0 0 0 </measResults>
            </measValue>
            <measValue measObjLdn="MG06ECEB/Board:FN=3, SN=12, BP=Back">
                <measResults>0 0 0 0 0 0 </measResults>
            </measValue>
            <measValue measObjLdn="MG06ECEB/Board:FN=2, SN=13, BP=Front">
                <measResults>5 4 0 0 0 0 </measResults>
            </measValue>
            <measValue measObjLdn="MG06ECEB/Board:FN=1, SN=13, BP=Front">
                <measResults>3 3 0 0 0 0 </measResults>
            </measValue>
            <measValue measObjLdn="MG06ECEB/Board:FN=3, SN=14, BP=Back">
                <measResults>1 0 0 0 0 0 </measResults>
            </measValue>
            <measValue measObjLdn="MG06ECEB/Board:FN=1, SN=11, BP=Front">
                <measResults>3 3 0 0 0 0 </measResults>
            </measValue>
            <measValue measObjLdn="MG06ECEB/Board:FN=2, SN=6, BP=Front">
                <measResults>0 0 0 0 0 0 </measResults>
            </measValue>
            <measValue measObjLdn="MG06ECEB/Board:FN=3, SN=13, BP=Front">
                <measResults>5 4 0 0 0 0 </measResults>
            </measValue>
            <measValue measObjLdn="MG06ECEB/Board:FN=1, SN=10, BP=Front">
                <measResults>3 3 0 0 0 0 </measResults>
            </measValue>
            <measValue measObjLdn="MG06ECEB/Board:FN=2, SN=3, BP=Front">
                <measResults>3 3 0 0 0 0 </measResults>
            </measValue>
            <measValue measObjLdn="MG06ECEB/Board:FN=2, SN=10, BP=Front">
                <measResults>3 3 0 0 0 0 </measResults>
            </measValue>
            <measValue measObjLdn="MG06ECEB/Board:FN=2, SN=1, BP=Front">
                <measResults>5 4 0 0 0 0 </measResults>
            </measValue>
            <measValue measObjLdn="MG06ECEB/Board:FN=3, SN=3, BP=Front">
                <measResults>3 3 0 0 0 0 </measResults>
            </measValue>
        </measInfo>
        <measInfo measInfoId="100665860">
            <granPeriod duration="PT3600S" endTime="2021-08-11T23:00:00+08:00"/>
            <repPeriod duration="PT3600S"/>
            <measTypes>100991525 100991526 100991527 100991528 100991529 </measTypes>
            <measValue measObjLdn="MG06ECEB/Board:BN=5, IN=0, BT=HRB">
                <measResults>29451031 696731 33700885 867677 133 </measResults>
            </measValue>
            <measValue measObjLdn="MG06ECEB/Board:BN=0, IN=1, BT=HRB">
                <measResults>0 0 0 0 0 </measResults>
            </measValue>
            <measValue measObjLdn="MG06ECEB/Board:BN=1, IN=1, BT=HRB">
                <measResults>0 0 0 0 0 </measResults>
            </measValue>
            <measValue measObjLdn="MG06ECEB/Board:BN=5, IN=2, BT=HRB">
                <measResults>0 0 0 0 0 </measResults>
            </measValue>
            <measValue measObjLdn="MG06ECEB/Board:BN=0, IN=0, BT=HRB">
                <measResults>30990295 714596 35764366 903468 42 </measResults>
            </measValue>
            <measValue measObjLdn="MG06ECEB/Board:BN=3, IN=1, BT=HRB">
                <measResults>0 0 0 0 0 </measResults>
            </measValue>
            <measValue measObjLdn="MG06ECEB/Board:BN=2, IN=1, BT=HRB">
                <measResults>0 0 0 0 0 </measResults>
            </measValue>
            <measValue measObjLdn="MG06ECEB/Board:BN=5, IN=3, BT=HRB">
                <measResults>0 0 0 0 0 </measResults>
            </measValue>
            <measValue measObjLdn="MG06ECEB/Board:BN=1, IN=0, BT=HRB">
                <measResults>30418277 713364 34978015 895162 627 </measResults>
            </measValue>
            <measValue measObjLdn="MG06ECEB/Board:BN=2, IN=0, BT=HRB">
                <measResults>29756282 690331 34334421 864033 62 </measResults>
            </measValue>
            <measValue measObjLdn="MG06ECEB/Board:BN=4, IN=1, BT=HRB">
                <measResults>0 0 0 0 0 </measResults>
            </measValue>
            <measValue measObjLdn="MG06ECEB/Board:BN=4, IN=0, BT=HRB">
                <measResults>29578574 696729 33907494 872385 124 </measResults>
            </measValue>
            <measValue measObjLdn="MG06ECEB/Board:BN=3, IN=0, BT=HRB">
                <measResults>30246497 720826 35315783 919000 60 </measResults>
            </measValue>
            <measValue measObjLdn="MG06ECEB/Board:BN=5, IN=1, BT=HRB">
                <measResults>29243127 677052 34050133 866592 80 </measResults>
            </measValue>
        </measInfo>
        <measInfo measInfoId="100665866">
            <granPeriod duration="PT3600S" endTime="2021-08-11T23:00:00+08:00"/>
            <repPeriod duration="PT3600S"/>
            <measTypes>100991586 100991587 100991657 100991658 100991717 100991746 </measTypes>
            <measValue measObjLdn="MG06ECEB/Board:BN=0, IN=0, BT=HRB">
                <measResults>0 0 0 0 227 44 </measResults>
            </measValue>
            <measValue measObjLdn="MG06ECEB/Board:BN=4, IN=1, BT=HRB">
                <measResults>656572 543848 0 0 0 0 </measResults>
            </measValue>
            <measValue measObjLdn="MG06ECEB/Board:BN=3, IN=1, BT=HRB">
                <measResults>687669 558556 0 0 0 0 </measResults>
            </measValue>
            <measValue measObjLdn="MG06ECEB/Board:BN=1, IN=0, BT=HRB">
                <measResults>0 0 0 0 221 44 </measResults>
            </measValue>
            <measValue measObjLdn="MG06ECEB/Board:BN=3, IN=0, BT=HRB">
                <measResults>0 0 0 0 206 43 </measResults>
            </measValue>
            <measValue measObjLdn="MG06ECEB/Board:BN=2, IN=0, BT=HRB">
                <measResults>0 0 0 0 222 44 </measResults>
            </measValue>
            <measValue measObjLdn="MG06ECEB/Board:BN=5, IN=1, BT=HRB">
                <measResults>0 0 0 0 191 44 </measResults>
            </measValue>
            <measValue measObjLdn="MG06ECEB/Board:BN=5, IN=3, BT=HRB">
                <measResults>655788 534563 0 0 0 0 </measResults>
            </measValue>
            <measValue measObjLdn="MG06ECEB/Board:BN=4, IN=0, BT=HRB">
                <measResults>0 0 0 0 204 44 </measResults>
            </measValue>
            <measValue measObjLdn="MG06ECEB/Board:BN=5, IN=0, BT=HRB">
                <measResults>0 0 0 0 189 43 </measResults>
            </measValue>
            <measValue measObjLdn="MG06ECEB/Board:BN=0, IN=1, BT=HRB">
                <measResults>690838 562851 0 0 0 0 </measResults>
            </measValue>
            <measValue measObjLdn="MG06ECEB/Board:BN=5, IN=2, BT=HRB">
                <measResults>653289 537028 0 0 0 0 </measResults>
            </measValue>
            <measValue measObjLdn="MG06ECEB/Board:BN=1, IN=1, BT=HRB">
                <measResults>675399 557919 0 0 0 0 </measResults>
            </measValue>
            <measValue measObjLdn="MG06ECEB/Board:BN=2, IN=1, BT=HRB">
                <measResults>660725 544299 0 0 0 0 </measResults>
            </measValue>
        </measInfo>
        <measInfo measInfoId="100665865">
            <granPeriod duration="PT3600S" endTime="2021-08-11T23:00:00+08:00"/>
            <repPeriod duration="PT3600S"/>
            <measTypes>100991585 </measTypes>
            <measValue measObjLdn="MG06ECEB/Board:BN=1, IN=0, BT=HRB">
                <measResults>7771 </measResults>
            </measValue>
            <measValue measObjLdn="MG06ECEB/Board:BN=5, IN=1, BT=HRB">
                <measResults>7891 </measResults>
            </measValue>
            <measValue measObjLdn="MG06ECEB/Board:BN=5, IN=0, BT=HRB">
                <measResults>7681 </measResults>
            </measValue>
            <measValue measObjLdn="MG06ECEB/Board:BN=4, IN=0, BT=HRB">
                <measResults>7786 </measResults>
            </measValue>
            <measValue measObjLdn="MG06ECEB/Board:BN=3, IN=0, BT=HRB">
                <measResults>7761 </measResults>
            </measValue>
            <measValue measObjLdn="MG06ECEB/Board:BN=5, IN=2, BT=HRB">
                <measResults>0 </measResults>
            </measValue>
            <measValue measObjLdn="MG06ECEB/Board:BN=0, IN=1, BT=HRB">
                <measResults>0 </measResults>
            </measValue>
            <measValue measObjLdn="MG06ECEB/Board:BN=1, IN=1, BT=HRB">
                <measResults>0 </measResults>
            </measValue>
            <measValue measObjLdn="MG06ECEB/Board:BN=4, IN=1, BT=HRB">
                <measResults>0 </measResults>
            </measValue>
            <measValue measObjLdn="MG06ECEB/Board:BN=0, IN=0, BT=HRB">
                <measResults>7756 </measResults>
            </measValue>
            <measValue measObjLdn="MG06ECEB/Board:BN=3, IN=1, BT=HRB">
                <measResults>0 </measResults>
            </measValue>
            <measValue measObjLdn="MG06ECEB/Board:BN=2, IN=1, BT=HRB">
                <measResults>0 </measResults>
            </measValue>
            <measValue measObjLdn="MG06ECEB/Board:BN=2, IN=0, BT=HRB">
                <measResults>7759 </measResults>
            </measValue>
            <measValue measObjLdn="MG06ECEB/Board:BN=5, IN=3, BT=HRB">
                <measResults>0 </measResults>
            </measValue>
        </measInfo>
        <measInfo measInfoId="100665878">
            <granPeriod duration="PT3600S" endTime="2021-08-11T23:00:00+08:00"/>
            <repPeriod duration="PT3600S"/>
            <measTypes>100991615 100991616 </measTypes>
            <measValue measObjLdn="MG06ECEB/M3UARoute:LSX=11, DEX=11">
                <measResults>0 0 </measResults>
            </measValue>
        </measInfo>
        <measInfo measInfoId="100665882">
            <granPeriod duration="PT3600S" endTime="2021-08-11T23:00:00+08:00"/>
            <repPeriod duration="PT3600S"/>
            <measTypes>100991629 100991630 100991631 100991632 100991633 100991665 100991666 100991667 100991668 100991669 100991670 100991671 100991672 100992016 </measTypes>
            <measValue measObjLdn="MG06ECEB/M3UALink:Label=MS03ECEB_04, LinkNo=4">
                <measResults>0 0 5397 5395 0 4 0 1 1 407 407 2 814 0 </measResults>
            </measValue>
            <measValue measObjLdn="MG06ECEB/M3UALink:Label=MS03ECEB_11, LinkNo=11">
                <measResults>0 0 5398 5398 0 3 0 1 1 407 407 2 814 0 </measResults>
            </measValue>
            <measValue measObjLdn="MG06ECEB/M3UALink:Label=MS03ECEB_02, LinkNo=2">
                <measResults>0 0 5399 5398 0 4 0 1 1 407 407 2 814 0 </measResults>
            </measValue>
            <measValue measObjLdn="MG06ECEB/M3UALink:Label=MS03ECEB_08, LinkNo=8">
                <measResults>0 0 5397 5395 0 3 0 1 1 407 407 2 814 0 </measResults>
            </measValue>
            <measValue measObjLdn="MG06ECEB/M3UALink:Label=MS03ECEB_01, LinkNo=1">
                <measResults>0 0 5398 5397 0 3 0 1 1 407 407 2 814 0 </measResults>
            </measValue>
            <measValue measObjLdn="MG06ECEB/M3UALink:Label=MS03ECEB_06, LinkNo=6">
                <measResults>0 0 5396 5395 0 4 0 1 1 407 407 2 814 0 </measResults>
            </measValue>
            <measValue measObjLdn="MG06ECEB/M3UALink:Label=MS03ECEB_05, LinkNo=5">
                <measResults>0 0 5398 5397 0 4 0 1 1 407 407 2 814 0 </measResults>
            </measValue>
            <measValue measObjLdn="MG06ECEB/M3UALink:Label=MS03ECEB_03, LinkNo=3">
                <measResults>0 0 5397 5396 0 4 0 1 1 407 407 2 814 0 </measResults>
            </measValue>
            <measValue measObjLdn="MG06ECEB/M3UALink:Label=MS03ECEB_10, LinkNo=10">
                <measResults>0 0 5399 5399 0 4 0 1 1 407 407 2 814 0 </measResults>
            </measValue>
            <measValue measObjLdn="MG06ECEB/M3UALink:Label=MS03ECEB_09, LinkNo=9">
                <measResults>0 0 5398 5398 0 3 0 1 1 407 407 2 814 0 </measResults>
            </measValue>
            <measValue measObjLdn="MG06ECEB/M3UALink:Label=MS03ECEB_07, LinkNo=7">
                <measResults>0 0 5398 5398 0 4 0 1 1 407 407 2 814 0 </measResults>
            </measValue>
            <measValue measObjLdn="MG06ECEB/M3UALink:Label=MS03ECEB_00, LinkNo=0">
                <measResults>0 0 5399 5398 0 4 0 1 1 407 407 2 814 0 </measResults>
            </measValue>
        </measInfo>
        <measInfo measInfoId="100665884">
            <granPeriod duration="PT3600S" endTime="2021-08-11T23:00:00+08:00"/>
            <repPeriod duration="PT3600S"/>
            <measTypes>100991645 100991646 100991647 100991648 100991649 100991650 100991651 100991652 100991653 100991699 100991986 100991987 100992104 100992105 100992106 100992107 100992108 100992109 100992110 </measTypes>
            <measValue measObjLdn="MG06ECEB/CNNode:CNID=11">
                <measResults>0 0 0 0 0 0 0 0 0 0 0 0 0 0 0 0 0 0 0 </measResults>
            </measValue>
        </measInfo>
        <measInfo measInfoId="100665885">
            <granPeriod duration="PT3600S" endTime="2021-08-11T23:00:00+08:00"/>
            <repPeriod duration="PT3600S"/>
            <measTypes>100991654 </measTypes>
            <measValue measObjLdn="MG06ECEB/NRI AND MSC Map:NRIV=11">
                <measResults>0 </measResults>
            </measValue>
        </measInfo>
        <measInfo measInfoId="100665886">
            <granPeriod duration="PT3600S" endTime="2021-08-11T23:00:00+08:00"/>
            <repPeriod duration="PT3600S"/>
            <measTypes>100991659 100991660 100991661 100991662 100991893 100991894 100991895 </measTypes>
            <measValue measObjLdn="MG06ECEB/DomainID:DMID=0">
                <measResults>7168000 35457 7132543 0 0 0 0 </measResults>
            </measValue>
        </measInfo>
        <measInfo measInfoId="100665891">
            <granPeriod duration="PT3600S" endTime="2021-08-11T23:00:00+08:00"/>
            <repPeriod duration="PT3600S"/>
            <measTypes>100991693 100991694 100991695 100991696 100991697 </measTypes>
            <measValue measObjLdn="MG06ECEB/BoardframeslotNo:FN=1, SN=8, BP=Front">
                <measResults>1953 363 18 0 0 </measResults>
            </measValue>
            <measValue measObjLdn="MG06ECEB/BoardframeslotNo:FN=1, SN=7, BP=Front">
                <measResults>1953 362 18 0 0 </measResults>
            </measValue>
        </measInfo>
        <measInfo measInfoId="100665918">
            <granPeriod duration="PT3600S" endTime="2021-08-11T23:00:00+08:00"/>
            <repPeriod duration="PT3600S"/>
            <measTypes>100992096 100992097 100992098 100992099 100992100 100992101 </measTypes>
            <measValue measObjLdn="MG06ECEB/Board:FN=1, SN=9, BP=Front, SUBBN=Mother Board, BT=CMU">
                <measResults>0 0 0 0 0 0 </measResults>
            </measValue>
            <measValue measObjLdn="MG06ECEB/Board:FN=1, SN=0, BP=Back, SUBBN=Mother Board, BT=CLK">
                <measResults>18 0 0 0 0 20 </measResults>
            </measValue>
            <measValue measObjLdn="MG06ECEB/Board:FN=2, SN=7, BP=Back, SUBBN=Mother Board, BT=TNU">
                <measResults>3 0 0 0 0 5 </measResults>
            </measValue>
            <measValue measObjLdn="MG06ECEB/Board:FN=3, SN=8, BP=Back, SUBBN=Mother Board, BT=TNU">
                <measResults>3 0 0 0 0 6 </measResults>
            </measValue>
            <measValue measObjLdn="MG06ECEB/Board:FN=3, SN=15, BP=Back, SUBBN=Mother Board, BT=HRB">
                <measResults>0 0 0 0 0 0 </measResults>
            </measValue>
            <measValue measObjLdn="MG06ECEB/Board:FN=2, SN=9, BP=Front, SUBBN=Mother Board, BT=CMU">
                <measResults>0 0 0 0 0 0 </measResults>
            </measValue>
            <measValue measObjLdn="MG06ECEB/Board:FN=1, SN=7, BP=Front, SUBBN=Mother Board, BT=OMU">
                <measResults>3 0 0 0 0 16 </measResults>
            </measValue>
            <measValue measObjLdn="MG06ECEB/Board:FN=2, SN=2, BP=Back, SUBBN=Mother Board, BT=S4L">
                <measResults>6 0 0 0 0 6 </measResults>
            </measValue>
            <measValue measObjLdn="MG06ECEB/Board:FN=1, SN=14, BP=Front, SUBBN=Mother Board, BT=SPF">
                <measResults>0 0 0 0 0 0 </measResults>
            </measValue>
            <measValue measObjLdn="MG06ECEB/Board:FN=2, SN=11, BP=Back, SUBBN=Mother Board, BT=HRB">
                <measResults>0 0 0 0 0 0 </measResults>
            </measValue>
            <measValue measObjLdn="MG06ECEB/Board:FN=2, SN=7, BP=Front, SUBBN=Mother Board, BT=MPU">
                <measResults>2 0 0 0 0 6 </measResults>
            </measValue>
            <measValue measObjLdn="MG06ECEB/Board:FN=3, SN=6, BP=Front, SUBBN=Sub-Board 0, BT=CMU">
                <measResults>0 0 0 0 0 0 </measResults>
            </measValue>
            <measValue measObjLdn="MG06ECEB/Board:FN=1, SN=6, BP=Front, SUBBN=Sub-Board 0, BT=CMU">
                <measResults>0 0 0 0 0 1 </measResults>
            </measValue>
            <measValue measObjLdn="MG06ECEB/Board:FN=3, SN=9, BP=Front, SUBBN=Mother Board, BT=CMU">
                <measResults>0 0 0 0 0 1 </measResults>
            </measValue>
            <measValue measObjLdn="MG06ECEB/Board:FN=1, SN=2, BP=Back, SUBBN=Mother Board, BT=E63">
                <measResults>3 0 0 0 0 5 </measResults>
            </measValue>
            <measValue measObjLdn="MG06ECEB/Board:FN=1, SN=4, BP=Front, SUBBN=Mother Board, BT=SPF">
                <measResults>0 0 0 0 0 0 </measResults>
            </measValue>
            <measValue measObjLdn="MG06ECEB/Board:FN=2, SN=6, BP=Front, SUBBN=Mother Board, BT=CMU">
                <measResults>0 0 0 0 0 0 </measResults>
            </measValue>
            <measValue measObjLdn="MG06ECEB/Board:FN=3, SN=15, BP=Front, SUBBN=Mother Board, BT=SPF">
                <measResults>0 0 0 0 0 0 </measResults>
            </measValue>
            <measValue measObjLdn="MG06ECEB/Board:FN=2, SN=9, BP=Front, SUBBN=Sub-Board 0, BT=CMU">
                <measResults>0 0 0 0 0 0 </measResults>
            </measValue>
            <measValue measObjLdn="MG06ECEB/Board:FN=2, SN=13, BP=Front, SUBBN=Mother Board, BT=VPU">
                <measResults>4 0 0 0 0 5 </measResults>
            </measValue>
            <measValue measObjLdn="MG06ECEB/Board:FN=3, SN=12, BP=Back, SUBBN=Mother Board, BT=HRB">
                <measResults>0 0 0 0 0 0 </measResults>
            </measValue>
            <measValue measObjLdn="MG06ECEB/Board:FN=2, SN=4, BP=Front, SUBBN=Mother Board, BT=SPF">
                <measResults>0 0 0 0 0 0 </measResults>
            </measValue>
            <measValue measObjLdn="MG06ECEB/Board:FN=3, SN=6, BP=Front, SUBBN=Mother Board, BT=CMU">
                <measResults>0 0 0 0 0 0 </measResults>
            </measValue>
            <measValue measObjLdn="MG06ECEB/Board:FN=1, SN=1, BP=Back, SUBBN=Mother Board, BT=CLK">
                <measResults>19 0 0 0 0 21 </measResults>
            </measValue>
            <measValue measObjLdn="MG06ECEB/Board:FN=1, SN=10, BP=Back, SUBBN=Mother Board, BT=HRB">
                <measResults>0 0 0 0 0 0 </measResults>
            </measValue>
            <measValue measObjLdn="MG06ECEB/Board:FN=2, SN=15, BP=Back, SUBBN=Mother Board, BT=IFU">
                <measResults>0 0 0 0 0 0 </measResults>
            </measValue>
            <measValue measObjLdn="MG06ECEB/Board:FN=3, SN=13, BP=Front, SUBBN=Mother Board, BT=VPU">
                <measResults>4 0 0 0 0 5 </measResults>
            </measValue>
            <measValue measObjLdn="MG06ECEB/Board:FN=1, SN=2, BP=Front, SUBBN=Mother Board, BT=VPU">
                <measResults>3 0 0 0 0 3 </measResults>
            </measValue>
            <measValue measObjLdn="MG06ECEB/Board:FN=2, SN=11, BP=Front, SUBBN=Mother Board, BT=VPU">
                <measResults>3 0 0 0 0 3 </measResults>
            </measValue>
            <measValue measObjLdn="MG06ECEB/Board:FN=3, SN=10, BP=Back, SUBBN=Mother Board, BT=HRB">
                <measResults>0 0 0 0 0 0 </measResults>
            </measValue>
            <measValue measObjLdn="MG06ECEB/Board:FN=3, SN=9, BP=Front, SUBBN=Sub-Board 0, BT=CMU">
                <measResults>0 0 0 0 0 0 </measResults>
            </measValue>
            <measValue measObjLdn="MG06ECEB/Board:FN=2, SN=13, BP=Back, SUBBN=Mother Board, BT=HRB">
                <measResults>0 0 0 0 0 0 </measResults>
            </measValue>
            <measValue measObjLdn="MG06ECEB/Board:FN=3, SN=4, BP=Front, SUBBN=Mother Board, BT=SPF">
                <measResults>0 0 0 0 0 0 </measResults>
            </measValue>
            <measValue measObjLdn="MG06ECEB/Board:FN=2, SN=6, BP=Front, SUBBN=Sub-Board 0, BT=CMU">
                <measResults>0 0 0 0 0 0 </measResults>
            </measValue>
            <measValue measObjLdn="MG06ECEB/Board:FN=1, SN=8, BP=Back, SUBBN=Mother Board, BT=TNU">
                <measResults>2 0 0 0 0 5 </measResults>
            </measValue>
            <measValue measObjLdn="MG06ECEB/Board:FN=1, SN=15, BP=Front, SUBBN=Mother Board, BT=SPF">
                <measResults>0 0 0 0 0 0 </measResults>
            </measValue>
            <measValue measObjLdn="MG06ECEB/Board:FN=1, SN=8, BP=Front, SUBBN=Mother Board, BT=OMU">
                <measResults>2 0 0 0 0 15 </measResults>
            </measValue>
            <measValue measObjLdn="MG06ECEB/Board:FN=1, SN=1, BP=Front, SUBBN=Mother Board, BT=VPU">
                <measResults>4 0 0 0 0 5 </measResults>
            </measValue>
            <measValue measObjLdn="MG06ECEB/Board:FN=2, SN=10, BP=Front, SUBBN=Mother Board, BT=VPU">
                <measResults>3 0 0 0 0 3 </measResults>
            </measValue>
            <measValue measObjLdn="MG06ECEB/Board:FN=1, SN=6, BP=Front, SUBBN=Mother Board, BT=CMU">
                <measResults>0 0 0 0 0 1 </measResults>
            </measValue>
            <measValue measObjLdn="MG06ECEB/Board:FN=2, SN=8, BP=Front, SUBBN=Mother Board, BT=MPU">
                <measResults>2 0 0 0 0 4 </measResults>
            </measValue>
            <measValue measObjLdn="MG06ECEB/Board:FN=2, SN=15, BP=Front, SUBBN=Mother Board, BT=SPF">
                <measResults>0 0 0 0 0 0 </measResults>
            </measValue>
            <measValue measObjLdn="MG06ECEB/Board:FN=3, SN=7, BP=Back, SUBBN=Mother Board, BT=TNU">
                <measResults>1 0 0 0 0 4 </measResults>
            </measValue>
            <measValue measObjLdn="MG06ECEB/Board:FN=1, SN=7, BP=Back, SUBBN=Mother Board, BT=TNU">
                <measResults>3 0 0 0 0 7 </measResults>
            </measValue>
            <measValue measObjLdn="MG06ECEB/Board:FN=3, SN=10, BP=Front, SUBBN=Mother Board, BT=VPU">
                <measResults>4 0 0 0 0 6 </measResults>
            </measValue>
            <measValue measObjLdn="MG06ECEB/Board:FN=3, SN=14, BP=Back, SUBBN=Mother Board, BT=HRB">
                <measResults>0 0 0 0 0 1 </measResults>
            </measValue>
            <measValue measObjLdn="MG06ECEB/Board:FN=3, SN=3, BP=Front, SUBBN=Mother Board, BT=VPU">
                <measResults>3 0 0 0 0 3 </measResults>
            </measValue>
            <measValue measObjLdn="MG06ECEB/Board:FN=2, SN=1, BP=Front, SUBBN=Mother Board, BT=VPU">
                <measResults>4 0 0 0 0 5 </measResults>
            </measValue>
            <measValue measObjLdn="MG06ECEB/Board:FN=1, SN=3, BP=Back, SUBBN=Mother Board, BT=E63">
                <measResults>3 0 0 0 0 5 </measResults>
            </measValue>
            <measValue measObjLdn="MG06ECEB/Board:FN=2, SN=14, BP=Front, SUBBN=Mother Board, BT=SPF">
                <measResults>0 0 0 0 0 0 </measResults>
            </measValue>
            <measValue measObjLdn="MG06ECEB/Board:FN=1, SN=15, BP=Back, SUBBN=Mother Board, BT=S4L">
                <measResults>6 0 0 0 0 6 </measResults>
            </measValue>
            <measValue measObjLdn="MG06ECEB/Board:FN=3, SN=8, BP=Front, SUBBN=Mother Board, BT=MPU">
                <measResults>2 0 0 0 0 6 </measResults>
            </measValue>
            <measValue measObjLdn="MG06ECEB/Board:FN=3, SN=13, BP=Back, SUBBN=Mother Board, BT=HRB">
                <measResults>0 0 0 0 0 0 </measResults>
            </measValue>
            <measValue measObjLdn="MG06ECEB/Board:FN=1, SN=5, BP=Front, SUBBN=Mother Board, BT=SPF">
                <measResults>0 0 0 0 0 0 </measResults>
            </measValue>
            <measValue measObjLdn="MG06ECEB/Board:FN=3, SN=1, BP=Front, SUBBN=Mother Board, BT=VPU">
                <measResults>4 0 0 0 0 6 </measResults>
            </measValue>
            <measValue measObjLdn="MG06ECEB/Board:FN=2, SN=10, BP=Back, SUBBN=Mother Board, BT=HRB">
                <measResults>0 0 0 0 0 0 </measResults>
            </measValue>
            <measValue measObjLdn="MG06ECEB/Board:FN=1, SN=12, BP=Front, SUBBN=Mother Board, BT=VPU">
                <measResults>3 0 0 0 0 3 </measResults>
            </measValue>
            <measValue measObjLdn="MG06ECEB/Board:FN=2, SN=8, BP=Back, SUBBN=Mother Board, BT=TNU">
                <measResults>1 0 0 0 0 4 </measResults>
            </measValue>
            <measValue measObjLdn="MG06ECEB/Board:FN=3, SN=11, BP=Back, SUBBN=Mother Board, BT=HRB">
                <measResults>0 0 0 0 0 0 </measResults>
            </measValue>
            <measValue measObjLdn="MG06ECEB/Board:FN=3, SN=7, BP=Front, SUBBN=Mother Board, BT=MPU">
                <measResults>2 0 0 0 0 5 </measResults>
            </measValue>
            <measValue measObjLdn="MG06ECEB/Board:FN=2, SN=5, BP=Front, SUBBN=Mother Board, BT=SPF">
                <measResults>0 0 0 0 0 0 </measResults>
            </measValue>
            <measValue measObjLdn="MG06ECEB/Board:FN=3, SN=14, BP=Front, SUBBN=Mother Board, BT=SPF">
                <measResults>0 0 0 0 0 0 </measResults>
            </measValue>
            <measValue measObjLdn="MG06ECEB/Board:FN=1, SN=11, BP=Back, SUBBN=Mother Board, BT=HRB">
                <measResults>0 0 0 0 0 0 </measResults>
            </measValue>
            <measValue measObjLdn="MG06ECEB/Board:FN=1, SN=10, BP=Front, SUBBN=Mother Board, BT=VPU">
                <measResults>3 0 0 0 0 3 </measResults>
            </measValue>
            <measValue measObjLdn="MG06ECEB/Board:FN=2, SN=12, BP=Front, SUBBN=Mother Board, BT=VPU">
                <measResults>3 0 0 0 0 3 </measResults>
            </measValue>
            <measValue measObjLdn="MG06ECEB/Board:FN=1, SN=3, BP=Front, SUBBN=Mother Board, BT=VPU">
                <measResults>3 0 0 0 0 3 </measResults>
            </measValue>
            <measValue measObjLdn="MG06ECEB/Board:FN=1, SN=9, BP=Front, SUBBN=Sub-Board 0, BT=CMU">
                <measResults>0 0 0 0 0 1 </measResults>
            </measValue>
            <measValue measObjLdn="MG06ECEB/Board:FN=2, SN=14, BP=Back, SUBBN=Mother Board, BT=IFU">
                <measResults>0 0 0 0 0 3 </measResults>
            </measValue>
            <measValue measObjLdn="MG06ECEB/Board:FN=3, SN=5, BP=Front, SUBBN=Mother Board, BT=SPF">
                <measResults>0 0 0 0 0 0 </measResults>
            </measValue>
            <measValue measObjLdn="MG06ECEB/Board:FN=3, SN=12, BP=Front, SUBBN=Mother Board, BT=VPU">
                <measResults>4 0 0 0 0 5 </measResults>
            </measValue>
            <measValue measObjLdn="MG06ECEB/Board:FN=2, SN=3, BP=Front, SUBBN=Mother Board, BT=VPU">
                <measResults>3 0 0 0 0 3 </measResults>
            </measValue>
            <measValue measObjLdn="MG06ECEB/Board:FN=2, SN=2, BP=Front, SUBBN=Mother Board, BT=VPU">
                <measResults>3 0 0 0 0 3 </measResults>
            </measValue>
            <measValue measObjLdn="MG06ECEB/Board:FN=3, SN=11, BP=Front, SUBBN=Mother Board, BT=VPU">
                <measResults>4 0 0 0 0 5 </measResults>
            </measValue>
            <measValue measObjLdn="MG06ECEB/Board:FN=1, SN=0, BP=Front, SUBBN=Mother Board, BT=VPU">
                <measResults>3 0 0 0 0 3 </measResults>
            </measValue>
            <measValue measObjLdn="MG06ECEB/Board:FN=2, SN=12, BP=Back, SUBBN=Mother Board, BT=HRB">
                <measResults>0 0 0 0 0 0 </measResults>
            </measValue>
            <measValue measObjLdn="MG06ECEB/Board:FN=3, SN=2, BP=Front, SUBBN=Mother Board, BT=VPU">
                <measResults>3 0 0 0 0 3 </measResults>
            </measValue>
            <measValue measObjLdn="MG06ECEB/Board:FN=1, SN=13, BP=Front, SUBBN=Mother Board, BT=VPU">
                <measResults>3 0 0 0 0 3 </measResults>
            </measValue>
            <measValue measObjLdn="MG06ECEB/Board:FN=2, SN=0, BP=Front, SUBBN=Mother Board, BT=VPU">
                <measResults>4 0 0 0 0 5 </measResults>
            </measValue>
            <measValue measObjLdn="MG06ECEB/Board:FN=3, SN=0, BP=Front, SUBBN=Mother Board, BT=VPU">
                <measResults>3 0 0 0 0 3 </measResults>
            </measValue>
            <measValue measObjLdn="MG06ECEB/Board:FN=1, SN=11, BP=Front, SUBBN=Mother Board, BT=VPU">
                <measResults>3 0 0 0 0 3 </measResults>
            </measValue>
        </measInfo>
        <measInfo measInfoId="100666008">
            <granPeriod duration="PT3600S" endTime="2021-08-11T23:00:00+08:00"/>
            <repPeriod duration="PT3600S"/>
            <measTypes>100992118 100992119 100992120 100992121 100992122 100992123 100992124 100992125 </measTypes>
            <measValue measObjLdn="MG06ECEB/Frame:FN=2/Board:FN=2, SN=7, BP=Back">
                <measResults>0 0 0 0 0 0 0 0 </measResults>
            </measValue>
            <measValue measObjLdn="MG06ECEB/Frame:FN=1/Board:FN=1, SN=2, BP=Back">
                <measResults>0 0 0 0 0 0 0 0 </measResults>
            </measValue>
            <measValue measObjLdn="MG06ECEB/Frame:FN=3/Board:FN=3, SN=12, BP=Back">
                <measResults>0 0 0 0 0 0 0 8179 </measResults>
            </measValue>
            <measValue measObjLdn="MG06ECEB/Frame:FN=3/Board:FN=3, SN=11, BP=Back">
                <measResults>0 0 0 0 0 0 0 0 </measResults>
            </measValue>
            <measValue measObjLdn="MG06ECEB/Frame:FN=1/Board:FN=1, SN=10, BP=Back">
                <measResults>0 0 0 0 0 0 0 0 </measResults>
            </measValue>
            <measValue measObjLdn="MG06ECEB/Frame:FN=2/Board:FN=2, SN=10, BP=Back">
                <measResults>0 0 0 0 0 0 0 8136 </measResults>
            </measValue>
            <measValue measObjLdn="MG06ECEB/Frame:FN=2/Board:FN=2, SN=8, BP=Back">
                <measResults>0 0 0 0 0 0 0 0 </measResults>
            </measValue>
            <measValue measObjLdn="MG06ECEB/Frame:FN=3/Board:FN=3, SN=8, BP=Back">
                <measResults>0 0 0 0 0 0 0 0 </measResults>
            </measValue>
            <measValue measObjLdn="MG06ECEB/Frame:FN=1/Board:FN=1, SN=7, BP=Back">
                <measResults>0 0 0 0 0 0 0 0 </measResults>
            </measValue>
            <measValue measObjLdn="MG06ECEB/Frame:FN=3/Board:FN=3, SN=2, BP=Front">
                <measResults>0 0 0 0 0 0 0 93 </measResults>
            </measValue>
            <measValue measObjLdn="MG06ECEB/Frame:FN=1/Board:FN=1, SN=3, BP=Front">
                <measResults>0 0 0 0 0 0 0 796 </measResults>
            </measValue>
            <measValue measObjLdn="MG06ECEB/Frame:FN=1/Board:FN=1, SN=3, BP=Back">
                <measResults>0 0 0 0 0 0 0 0 </measResults>
            </measValue>
            <measValue measObjLdn="MG06ECEB/Frame:FN=3/Board:FN=3, SN=15, BP=Back">
                <measResults>0 0 0 0 0 0 0 0 </measResults>
            </measValue>
            <measValue measObjLdn="MG06ECEB/Frame:FN=2/Board:FN=2, SN=2, BP=Back">
                <measResults>0 0 0 0 0 0 0 0 </measResults>
            </measValue>
            <measValue measObjLdn="MG06ECEB/Frame:FN=3/Board:FN=3, SN=0, BP=Front">
                <measResults>0 0 0 0 0 0 0 750 </measResults>
            </measValue>
            <measValue measObjLdn="MG06ECEB/Frame:FN=2/Board:FN=2, SN=1, BP=Front">
                <measResults>0 0 0 0 0 0 0 91 </measResults>
            </measValue>
            <measValue measObjLdn="MG06ECEB/Frame:FN=2/Board:FN=2, SN=13, BP=Back">
                <measResults>0 0 0 0 0 0 0 0 </measResults>
            </measValue>
            <measValue measObjLdn="MG06ECEB/Frame:FN=1/Board:FN=1, SN=15, BP=Back">
                <measResults>0 0 0 0 0 0 0 0 </measResults>
            </measValue>
            <measValue measObjLdn="MG06ECEB/Frame:FN=3/Board:FN=3, SN=13, BP=Back">
                <measResults>0 0 0 0 0 0 0 0 </measResults>
            </measValue>
            <measValue measObjLdn="MG06ECEB/Frame:FN=1/Board:FN=1, SN=13, BP=Front">
                <measResults>0 0 0 0 0 0 0 88 </measResults>
            </measValue>
            <measValue measObjLdn="MG06ECEB/Frame:FN=3/Board:FN=3, SN=12, BP=Front">
                <measResults>0 0 0 0 0 0 0 2323 </measResults>
            </measValue>
            <measValue measObjLdn="MG06ECEB/Frame:FN=1/Board:FN=1, SN=0, BP=Front">
                <measResults>0 0 0 0 0 0 0 81 </measResults>
            </measValue>
            <measValue measObjLdn="MG06ECEB/Frame:FN=2/Board:FN=2, SN=11, BP=Back">
                <measResults>0 0 0 0 0 0 0 0 </measResults>
            </measValue>
            <measValue measObjLdn="MG06ECEB/Frame:FN=1/Board:FN=1, SN=11, BP=Back">
                <measResults>0 0 0 0 0 0 0 8126 </measResults>
            </measValue>
            <measValue measObjLdn="MG06ECEB/Frame:FN=2/Board:FN=2, SN=11, BP=Front">
                <measResults>0 0 0 0 0 0 0 751 </measResults>
            </measValue>
            <measValue measObjLdn="MG06ECEB/Frame:FN=3/Board:FN=3, SN=10, BP=Front">
                <measResults>0 0 0 0 0 0 0 2327 </measResults>
            </measValue>
            <measValue measObjLdn="MG06ECEB/Frame:FN=1/Board:FN=1, SN=8, BP=Back">
                <measResults>0 0 0 0 0 0 0 0 </measResults>
            </measValue>
            <measValue measObjLdn="MG06ECEB/Frame:FN=3/Board:FN=3, SN=10, BP=Back">
                <measResults>0 0 0 0 0 0 0 8154 </measResults>
            </measValue>
            <measValue measObjLdn="MG06ECEB/Frame:FN=1/Board:FN=1, SN=10, BP=Front">
                <measResults>0 0 0 0 0 0 0 787 </measResults>
            </measValue>
            <measValue measObjLdn="MG06ECEB/Frame:FN=2/Board:FN=2, SN=3, BP=Front">
                <measResults>0 0 0 0 0 0 0 754 </measResults>
            </measValue>
            <measValue measObjLdn="MG06ECEB/Frame:FN=3/Board:FN=3, SN=3, BP=Front">
                <measResults>0 0 0 0 0 0 0 92 </measResults>
            </measValue>
            <measValue measObjLdn="MG06ECEB/Frame:FN=3/Board:FN=3, SN=7, BP=Back">
                <measResults>0 0 0 0 0 0 0 0 </measResults>
            </measValue>
            <measValue measObjLdn="MG06ECEB/Frame:FN=2/Board:FN=2, SN=2, BP=Front">
                <measResults>0 0 0 0 0 0 0 766 </measResults>
            </measValue>
            <measValue measObjLdn="MG06ECEB/Frame:FN=1/Board:FN=1, SN=2, BP=Front">
                <measResults>0 0 0 0 0 0 0 791 </measResults>
            </measValue>
            <measValue measObjLdn="MG06ECEB/Frame:FN=3/Board:FN=3, SN=1, BP=Front">
                <measResults>0 0 0 0 0 0 0 2309 </measResults>
            </measValue>
            <measValue measObjLdn="MG06ECEB/Frame:FN=3/Board:FN=3, SN=14, BP=Back">
                <measResults>0 0 0 0 0 0 0 16300 </measResults>
            </measValue>
            <measValue measObjLdn="MG06ECEB/Frame:FN=2/Board:FN=2, SN=13, BP=Front">
                <measResults>0 0 0 0 0 0 0 2309 </measResults>
            </measValue>
            <measValue measObjLdn="MG06ECEB/Frame:FN=3/Board:FN=3, SN=13, BP=Front">
                <measResults>0 0 0 0 0 0 0 2338 </measResults>
            </measValue>
            <measValue measObjLdn="MG06ECEB/Frame:FN=1/Board:FN=1, SN=1, BP=Front">
                <measResults>0 0 0 0 0 0 0 2316 </measResults>
            </measValue>
            <measValue measObjLdn="MG06ECEB/Frame:FN=2/Board:FN=2, SN=0, BP=Front">
                <measResults>0 0 0 0 0 0 0 2336 </measResults>
            </measValue>
            <measValue measObjLdn="MG06ECEB/Frame:FN=2/Board:FN=2, SN=12, BP=Back">
                <measResults>0 0 0 0 0 0 0 8110 </measResults>
            </measValue>
            <measValue measObjLdn="MG06ECEB/Frame:FN=1/Board:FN=1, SN=12, BP=Front">
                <measResults>0 0 0 0 0 0 0 723 </measResults>
            </measValue>
            <measValue measObjLdn="MG06ECEB/Frame:FN=2/Board:FN=2, SN=12, BP=Front">
                <measResults>0 0 0 0 0 0 0 86 </measResults>
            </measValue>
            <measValue measObjLdn="MG06ECEB/Frame:FN=3/Board:FN=3, SN=11, BP=Front">
                <measResults>0 0 0 0 0 0 0 2331 </measResults>
            </measValue>
            <measValue measObjLdn="MG06ECEB/Frame:FN=2/Board:FN=2, SN=10, BP=Front">
                <measResults>0 0 0 0 0 0 0 759 </measResults>
            </measValue>
            <measValue measObjLdn="MG06ECEB/Frame:FN=1/Board:FN=1, SN=11, BP=Front">
                <measResults>0 0 0 0 0 0 0 777 </measResults>
            </measValue>
        </measInfo>
    </measData>
    <fileFooter>
        <measCollec endTime="2021-08-11T23:00:00+08:00"/>
    </fileFooter>
</measCollecFile>
