<?xml version="1.0" encoding="UTF-8"?>
<measCollecFile xmlns="http://www.3gpp.org/ftp/specs/archive/32_series/32.435#measCollec">
<fileHeader fileFormatVersion="32.435 V10.0" vendorName="Nokia Networks">
<fileSender elementType="HSSFE"/>
<measCollec beginTime="2021-08-21T22:15:00+08:00"/>
</fileHeader>
<measData>
<managedElement/>
<measInfo measInfoId="S6A">
<granPeriod duration="PT900S" endTime="2021-08-21T22:30:00+08:00"/>
<repPeriod duration="PT900S"/>
<measTypes>RelayRcvdS6CLR RelayRcvdS6DSR RelayRcvdS6IDR RelayS6CLRNoRoute RelayS6DSRNoRoute RelayS6IDRNoRoute S6aCLR S6aDSR S6aIDR S6aRSR</measTypes>
<measValue measObjLdn="PLMN-PLMN/HSSFE-HSSGHL01/COMMON-1/S6A-1">
<measResults>0 0 0 0 0 0 0 0 0 0</measResults>
</measValue>
</measInfo>
<measInfo measInfoId="RUR">
<granPeriod duration="PT900S" endTime="2021-08-21T22:30:00+08:00"/>
<repPeriod duration="PT900S"/>
<measTypes>RurIndRecvdFrom1xHLR RurReqSentToTp RurSuccResRcvdFrmTp RurSuccResSntTo1xHLR</measTypes>
<measValue measObjLdn="PLMN-PLMN/HSSFE-HSSGHL01/TP-1/RUR-1">
<measResults>0 0 0 0</measResults>
</measValue>
</measInfo>
<measInfo measInfoId="RDR">
<granPeriod duration="PT900S" endTime="2021-08-21T22:30:00+08:00"/>
<repPeriod duration="PT900S"/>
<measTypes>RdrIndRecvd RdrReqSentToTp RdrSuccResRcvdFrmTp RdrSuccResSnt</measTypes>
<measValue measObjLdn="PLMN-PLMN/HSSFE-HSSGHL01/TP-1/RDR-1">
<measResults>0 0 0 0</measResults>
</measValue>
</measInfo>
<measInfo measInfoId="OVERLOADHANDLING">
<granPeriod duration="PT900S" endTime="2021-08-21T22:30:00+08:00"/>
<repPeriod duration="PT900S"/>
<measTypes>CounterForLoadLevel Node2CntrForLoadLevel</measTypes>
<measValue measObjLdn="PLMN-PLMN/HSSFE-HSSGHL01/TP-1/OVERLOADHANDLING-1">
<measResults>0 0</measResults>
</measValue>
</measInfo>
<measInfo measInfoId="ORREQ">
<granPeriod duration="PT900S" endTime="2021-08-21T22:30:00+08:00"/>
<repPeriod duration="PT900S"/>
<measTypes>OrreqIndRecvd OrreqReqSentToTp OrreqSuccResRcvdFrmTp OrreqSuccResSnt</measTypes>
<measValue measObjLdn="PLMN-PLMN/HSSFE-HSSGHL01/TP-1/ORREQ-1">
<measResults>0 0 0 0</measResults>
</measValue>
</measInfo>
<measInfo measInfoId="MTC">
<granPeriod duration="PT900S" endTime="2021-08-21T22:30:00+08:00"/>
<repPeriod duration="PT900S"/>
<measTypes>MtcSriReqRecvdFromTP MtcSriReqSentToHLR MtcSriSuccResFromHLR MtcSriSuccResToTP</measTypes>
<measValue measObjLdn="PLMN-PLMN/HSSFE-HSSGHL01/TP-1/MTC-1">
<measResults>0 0 0 0</measResults>
</measValue>
</measInfo>
<measInfo measInfoId="LUP">
<granPeriod duration="PT900S" endTime="2021-08-21T22:30:00+08:00"/>
<repPeriod duration="PT900S"/>
<measTypes>LupAtrmTotal LupClReqRecdFromHlr LupClReqRecdFromTp LupClReqSentToSgsn LupClReqSentToTp LupClSuccResFromSgsn LupClSuccResFromTp LupClSuccResToHlr LupClSuccResToTp LupDsdTotal LupDtrmTotal LupIsdTotal LupUlReqRecdFromTp LupUlReqSentToHlr LupUlSuccResFromHlr LupUlSuccResToTp</measTypes>
<measValue measObjLdn="PLMN-PLMN/HSSFE-HSSGHL01/TP-1/LUP-1">
<measResults>0 0 0 0 0 0 0 0 0 0 0 0 0 0 0 0</measResults>
</measValue>
</measInfo>
<measInfo measInfoId="LCR">
<granPeriod duration="PT900S" endTime="2021-08-21T22:30:00+08:00"/>
<repPeriod duration="PT900S"/>
<measTypes>LcrEmtyBegSntTo1xHLR LcrEmtyContFrm1xHLR LcrReqRecvdFromTp LcrReqSentTo1xHLR LcrSuccResFrom1xHLR LcrSuccResSentToTp</measTypes>
<measValue measObjLdn="PLMN-PLMN/HSSFE-HSSGHL01/TP-1/LCR-1">
<measResults>0 0 0 0 0 0</measResults>
</measValue>
</measInfo>
<measInfo measInfoId="DNSPH">
<granPeriod duration="PT900S" endTime="2021-08-21T22:30:00+08:00"/>
<repPeriod duration="PT900S"/>
<measTypes>DNSQueriesSentCntr</measTypes>
<measValue measObjLdn="PLMN-PLMN/HSSFE-HSSGHL01/COMMON-1/DNSPH-1">
<measResults>0</measResults>
</measValue>
</measInfo>
<measInfo measInfoId="DIAMETERDISP">
<granPeriod duration="PT900S" endTime="2021-08-21T22:30:00+08:00"/>
<repPeriod duration="PT900S"/>
<measTypes>ConnectionsCE1 ConnectionsCE2 CtxForInMsgExpired CtxForOutMsgExpired DiaForwardedMsgs DiaResolveTriggered DiaRetransMsg DiaUnknownMsg InvalidShMsgRecCntr NoDiameterConnect ShPNA2001RespSentCntr ShPNA5001RespSentCntr ShPNA5008RespSentCntr ShPNA5012RespSentCntr ShPNA5100RespSentCntr ShPNA5107RespSentCntr ShPNASentCntr ShPNRRecCntr ShPUA2001RespRecCntr ShPUA4002RespRecCntr ShPUA4101RespRecCntr ShPUA5001RespRecCntr ShPUA5008RespRecCntr ShPUA5012RespRecCntr ShPUA5101RespRecCntr ShPUA5103RespRecCntr ShPUA5105RespRecCntr ShPUA5108RespRecCntr ShPUARecCntr ShPURSentCntr ShSNA2001RespRecCntr ShSNA5001RespRecCntr ShSNA5012RespRecCntr ShSNA5101RespRecCntr ShSNA5104RespRecCntr ShSNA5106RespRecCntr ShSNA5108RespRecCntr ShSNARecCntr ShSNRSentCntr ShUDA2001RespRecCntr ShUDA4100RespRecCntr ShUDA5001RespRecCntr ShUDA5012RespRecCntr ShUDA5101RespRecCntr ShUDA5102RespRecCntr ShUDARecCntr ShUDRSentCntr</measTypes>
<measValue measObjLdn="PLMN-PLMN/HSSFE-HSSGHL01/COMMON-1/DIAMETERDISP-1">
<measResults>0 0 0 0 0 0 0 0 0 0 0 0 0 0 0 0 0 0 0 0 0 0 0 0 0 0 0 0 0 0 0 0 0 0 0 0 0 0 0 0 0 0 0 0 0 0 0</measResults>
</measValue>
</measInfo>
<measInfo measInfoId="DIA">
<granPeriod duration="PT900S" endTime="2021-08-21T22:30:00+08:00"/>
<repPeriod duration="PT900S"/>
<measTypes>CxLIRDropped CxMARDropped CxOlBlockLIRCtr CxOlBlockMARCtr CxOlBlockSARCtr CxOlBlockUARCtr CxSARDropped CxUARDropped DiaCerRejConAvailable DiaCerRejMaxConExcd DiaConnRejAdminBlkd DiaConnRejSysInOvl DiaMessageRcvd DiaMessageSent DiaMsgDropAtSndr DiaProtocolErrors DiaReqDropByRcvr DiaUnknownAVPs DiaWrongProtType DiameterTooBusy E2DroppedCtr HdCLRDropped HdOlBlockCLRCtr HdOlBlockPNRCtr HdPNRDropped MacOctReceivedEth0 MacOctReceivedEth1 MacOctReceivedEth2 MacOctReceivedEth3 MacOctReceivedEth4 MacOctReceivedEth5 MacOctReceivedEth6 MacOctReceivedEth7 MacOctSentEth0 MacOctSentEth1 MacOctSentEth2 MacOctSentEth3 MacOctSentEth4 MacOctSentEth5 MacOctSentEth6 MacOctSentEth7 NbrSctpUnavailable RcvdCeaErrCtr RcvdCerCtr RfDroppedCtr RoDroppedCtr S6OlBlockAIRCtr S6OlBlockNORCtr S6OlBlockPURCtr S6OlBlockULRCtr S6aAIRDropped S6aNORDropped S6aPURDropped S6aULRDropped SWxMARDropped SWxOlBlockMARCtr SWxOlBlockSARCtr SWxSARDropped SctpDataChunkReSent SctpDataChunkReceived SctpDataChunkSent SctpUnavailDuration SendCerCtr SentCeaErrCtr ShOlBlockPURCtr ShOlBlockSNRCtr ShOlBlockUDRCtr ShPURDropped ShSNRDropped ShUDRDropped WxDroppedCtr ZhMARDropped ZhOlBlockMARCtr</measTypes>
<measValue measObjLdn="PLMN-PLMN/HSSFE-HSSGHL01/COMMON-1/DIA-1">
<measResults>0 0 0 0 0 0 0 0 0 0 0 0 0 0 0 0 0 0 0 0 0 0 0 0 0 2 0 0 0 0 0 0 0 0 0 0 0 0 0 0 0 0 0 0 0 0 0 0 0 0 0 0 0 0 0 0 0 0 0 0 0 3600 0 0 0 0 0 0 0 0 0 0 0</measResults>
</measValue>
</measInfo>
<measInfo measInfoId="CX">
<granPeriod duration="PT900S" endTime="2021-08-21T22:30:00+08:00"/>
<repPeriod duration="PT900S"/>
<measTypes>CxPPR CxRTR CxStackMessageDscrd RelayCxPPRNoRoute RelayCxRTRNoRoute RelayRcvdCxPPR RelayRcvdCxRTR</measTypes>
<measValue measObjLdn="PLMN-PLMN/HSSFE-HSSGHL01/COMMON-1/CX-1">
<measResults>0 0 0 0 0 0 0</measResults>
</measValue>
</measInfo>
<measInfo measInfoId="ATI">
<granPeriod duration="PT900S" endTime="2021-08-21T22:30:00+08:00"/>
<repPeriod duration="PT900S"/>
<measTypes>AtiErrResFromHlr AtiErrResSentToTp AtiReqRecvdFromTp AtiReqSentToHlr AtiReqToHlrFailed AtiResToTpFailed AtiSuccResFromHlr AtiSuccResSentToTp AtiTimeOut</measTypes>
<measValue measObjLdn="PLMN-PLMN/HSSFE-HSSGHL01/TP-1/ATI-1">
<measResults>0 0 0 0 0 0 0 0 0</measResults>
</measValue>
</measInfo>
<measInfo measInfoId="ARQ">
<granPeriod duration="PT900S" endTime="2021-08-21T22:30:00+08:00"/>
<repPeriod duration="PT900S"/>
<measTypes>ArqEmtyBegSntTo1xHLR ArqEmtyContFrm1xHLR ArqReqRecvdFromTp ArqReqSentTo1xHLR ArqSuccResFrom1xHLR ArqSuccResSentToTp AsrEmtyBegSntTo1xHLR AsrEmtyContFrm1xHLR AsrReqRecvdFromTp AsrReqSentTo1xHLR AsrSuccResFrom1xHLR AsrSuccResSentToTp</measTypes>
<measValue measObjLdn="PLMN-PLMN/HSSFE-HSSGHL01/TP-1/ARQ-1">
<measResults>0 0 0 0 0 0 0 0 0 0 0 0</measResults>
</measValue>
</measInfo>
<measInfo measInfoId="ANZ">
<granPeriod duration="PT900S" endTime="2021-08-21T22:30:00+08:00"/>
<repPeriod duration="PT900S"/>
<measTypes>AnsSuccResRcvdFrmTp AnzIndRecvdFromSCP AnzReqSentToTp AnzSuccResSntToSCP</measTypes>
<measValue measObjLdn="PLMN-PLMN/HSSFE-HSSGHL01/TP-1/ANZ-1">
<measResults>0 0 0 0</measResults>
</measValue>
</measInfo>
</measData>
<fileFooter>
<measCollec endTime="2021-08-21T22:30:00+08:00"/>
</fileFooter>
</measCollecFile>