<?xml version="1.0" encoding="UTF-8"?>
<measCollecFile xmlns="http://latest/nmc-omc/cmNrm.doc#measCollec" xmlns:xsi="http://www.w3.org/2001/XMLSchema-instance" xsi:schemaLocation="http://latest/nmc-omc/cmNrm.doc#measCollec schema\pmResultSchedule.xsd">
    <fileHeader fileFormatVersion="32.435 V7.2" vendorName="Huawei">
        <fileSender elementType="vUSN"/>
        <measCollec beginTime="2021-08-11T23:00:00+08:00"/>
    </fileHeader>
    <measData>
        <managedElement userLabel="nl2USN02"/>
        <measInfo measInfoId="117440524">
            <granPeriod duration="PT3600S" endTime="2021-08-12T00:00:00+08:00"/>
            <repPeriod duration="PT3600S"/>
            <measTypes>117451813 117451814 117451815 117451816 117451817 117451818 117451819 117451820 </measTypes>
            <measValue measObjLdn="nl2USN02/Gb interface NSE:nodeName=gb, NSE ID=13006">
                <measResults>0 0 0 0 0 0 0 0 </measResults>
            </measValue>
            <measValue measObjLdn="nl2USN02/Gb interface NSE:nodeName=gb, NSE ID=22">
                <measResults>0 0 0 0 0 0 0 0 </measResults>
            </measValue>
            <measValue measObjLdn="nl2USN02/Gb interface NSE:nodeName=gb, NSE ID=2200">
                <measResults>284621 117324 0 706293 654403 0 220 81 </measResults>
            </measValue>
            <measValue measObjLdn="nl2USN02/Gb interface NSE:nodeName=gb, NSE ID=2202">
                <measResults>120881 52626 0 270742 322974 0 135 41 </measResults>
            </measValue>
            <measValue measObjLdn="nl2USN02/Gb interface NSE:nodeName=gb, NSE ID=2204">
                <measResults>126086 91978 0 404475 531337 0 148 52 </measResults>
            </measValue>
            <measValue measObjLdn="nl2USN02/Gb interface NSE:nodeName=gb, NSE ID=2206">
                <measResults>125687 64889 0 364010 396858 0 101 45 </measResults>
            </measValue>
            <measValue measObjLdn="nl2USN02/Gb interface NSE:nodeName=gb, NSE ID=2208">
                <measResults>106327 64160 0 298832 381983 0 111 52 </measResults>
            </measValue>
            <measValue measObjLdn="nl2USN02/Gb interface NSE:nodeName=gb, NSE ID=2210">
                <measResults>167742 102903 0 525686 620441 0 160 68 </measResults>
            </measValue>
            <measValue measObjLdn="nl2USN02/Gb interface NSE:nodeName=gb, NSE ID=2212">
                <measResults>102159 79282 0 353079 462763 0 117 49 </measResults>
            </measValue>
            <measValue measObjLdn="nl2USN02/Gb interface NSE:nodeName=gb, NSE ID=2214">
                <measResults>106096 58487 0 314057 373230 0 87 35 </measResults>
            </measValue>
            <measValue measObjLdn="nl2USN02/Gb interface NSE:nodeName=gb, NSE ID=2216">
                <measResults>321913 190077 0 1045786 1218750 0 180 100 </measResults>
            </measValue>
            <measValue measObjLdn="nl2USN02/Gb interface NSE:nodeName=gb, NSE ID=2218">
                <measResults>141260 78526 0 381946 439120 0 141 57 </measResults>
            </measValue>
            <measValue measObjLdn="nl2USN02/Gb interface NSE:nodeName=gb, NSE ID=2220">
                <measResults>158396 84706 0 508083 531184 0 156 57 </measResults>
            </measValue>
            <measValue measObjLdn="nl2USN02/Gb interface NSE:nodeName=gb, NSE ID=2222">
                <measResults>315028 182578 0 876758 1028162 0 250 118 </measResults>
            </measValue>
            <measValue measObjLdn="nl2USN02/Gb interface NSE:nodeName=gb, NSE ID=2224">
                <measResults>31194 36382 0 144035 206821 0 46 32 </measResults>
            </measValue>
            <measValue measObjLdn="nl2USN02/Gb interface NSE:nodeName=gb, NSE ID=2226">
                <measResults>190629 73776 0 354228 460770 0 168 51 </measResults>
            </measValue>
            <measValue measObjLdn="nl2USN02/Gb interface NSE:nodeName=gb, NSE ID=2228">
                <measResults>44929 49341 0 153473 207025 0 72 69 </measResults>
            </measValue>
            <measValue measObjLdn="nl2USN02/Gb interface NSE:nodeName=gb, NSE ID=2230">
                <measResults>27988 20955 0 98307 116008 0 63 20 </measResults>
            </measValue>
            <measValue measObjLdn="nl2USN02/Gb interface NSE:nodeName=gb, NSE ID=2232">
                <measResults>69382 33753 0 229195 238572 0 55 32 </measResults>
            </measValue>
            <measValue measObjLdn="nl2USN02/Gb interface NSE:nodeName=gb, NSE ID=2234">
                <measResults>64263 30241 0 167752 194548 0 77 23 </measResults>
            </measValue>
            <measValue measObjLdn="nl2USN02/Gb interface NSE:nodeName=gb, NSE ID=2236">
                <measResults>0 0 0 0 0 0 0 0 </measResults>
            </measValue>
            <measValue measObjLdn="nl2USN02/Gb interface NSE:nodeName=gb, NSE ID=2238">
                <measResults>29161 32449 0 131548 189129 0 39 20 </measResults>
            </measValue>
            <measValue measObjLdn="nl2USN02/Gb interface NSE:nodeName=gb, NSE ID=2240">
                <measResults>91476 52882 0 282431 319373 0 73 40 </measResults>
            </measValue>
            <measValue measObjLdn="nl2USN02/Gb interface NSE:nodeName=gb, NSE ID=2244">
                <measResults>0 0 0 0 0 0 0 0 </measResults>
            </measValue>
            <measValue measObjLdn="nl2USN02/Gb interface NSE:nodeName=gb, NSE ID=2248">
                <measResults>0 0 0 0 0 0 0 0 </measResults>
            </measValue>
            <measValue measObjLdn="nl2USN02/Gb interface NSE:nodeName=gb, NSE ID=2250">
                <measResults>161886 104878 0 509571 626534 0 127 56 </measResults>
            </measValue>
            <measValue measObjLdn="nl2USN02/Gb interface NSE:nodeName=gb, NSE ID=2252">
                <measResults>81411 55609 0 225274 301085 0 70 35 </measResults>
            </measValue>
            <measValue measObjLdn="nl2USN02/Gb interface NSE:nodeName=gb, NSE ID=2254">
                <measResults>158589 94573 0 447955 591321 0 123 68 </measResults>
            </measValue>
            <measValue measObjLdn="nl2USN02/Gb interface NSE:nodeName=gb, NSE ID=2800">
                <measResults>226543 112840 0 595159 662049 0 166 67 </measResults>
            </measValue>
            <measValue measObjLdn="nl2USN02/Gb interface NSE:nodeName=gb, NSE ID=2802">
                <measResults>33227 11776 0 90111 90317 0 80 18 </measResults>
            </measValue>
            <measValue measObjLdn="nl2USN02/Gb interface NSE:nodeName=gb, NSE ID=2804">
                <measResults>76568 47800 0 199057 242448 0 110 46 </measResults>
            </measValue>
            <measValue measObjLdn="nl2USN02/Gb interface NSE:nodeName=gb, NSE ID=2806">
                <measResults>80440 45659 0 199081 289038 0 81 35 </measResults>
            </measValue>
            <measValue measObjLdn="nl2USN02/Gb interface NSE:nodeName=gb, NSE ID=2808">
                <measResults>111770 65202 0 346040 394771 0 129 37 </measResults>
            </measValue>
            <measValue measObjLdn="nl2USN02/Gb interface NSE:nodeName=gb, NSE ID=2810">
                <measResults>29498 20815 0 83846 123140 0 83 27 </measResults>
            </measValue>
            <measValue measObjLdn="nl2USN02/Gb interface NSE:nodeName=gb, NSE ID=2812">
                <measResults>26725 18041 0 95180 123849 0 50 24 </measResults>
            </measValue>
            <measValue measObjLdn="nl2USN02/Gb interface NSE:nodeName=gb, NSE ID=2814">
                <measResults>121354 56886 0 270063 295880 0 142 51 </measResults>
            </measValue>
            <measValue measObjLdn="nl2USN02/Gb interface NSE:nodeName=gb, NSE ID=2816">
                <measResults>129177 90683 0 444917 561779 0 148 63 </measResults>
            </measValue>
            <measValue measObjLdn="nl2USN02/Gb interface NSE:nodeName=gb, NSE ID=2818">
                <measResults>106921 50675 0 264601 294006 0 89 58 </measResults>
            </measValue>
            <measValue measObjLdn="nl2USN02/Gb interface NSE:nodeName=gb, NSE ID=2820">
                <measResults>362366 133558 0 720795 778575 0 235 71 </measResults>
            </measValue>
            <measValue measObjLdn="nl2USN02/Gb interface NSE:nodeName=gb, NSE ID=2822">
                <measResults>210001 34537 0 236558 208539 0 142 28 </measResults>
            </measValue>
            <measValue measObjLdn="nl2USN02/Gb interface NSE:nodeName=gb, NSE ID=2824">
                <measResults>128447 66473 0 327664 396846 0 177 48 </measResults>
            </measValue>
            <measValue measObjLdn="nl2USN02/Gb interface NSE:nodeName=gb, NSE ID=2826">
                <measResults>253989 143664 0 733643 877257 0 217 81 </measResults>
            </measValue>
            <measValue measObjLdn="nl2USN02/Gb interface NSE:nodeName=gb, NSE ID=2828">
                <measResults>171422 83279 0 430780 484719 0 135 54 </measResults>
            </measValue>
            <measValue measObjLdn="nl2USN02/Gb interface NSE:nodeName=gb, NSE ID=2830">
                <measResults>163527 58451 0 332373 362040 0 80 42 </measResults>
            </measValue>
            <measValue measObjLdn="nl2USN02/Gb interface NSE:nodeName=gb, NSE ID=2832">
                <measResults>50915 34018 0 179810 210744 0 67 31 </measResults>
            </measValue>
            <measValue measObjLdn="nl2USN02/Gb interface NSE:nodeName=gb, NSE ID=2834">
                <measResults>182775 84703 0 412563 515313 0 187 66 </measResults>
            </measValue>
            <measValue measObjLdn="nl2USN02/Gb interface NSE:nodeName=gb, NSE ID=2836">
                <measResults>172602 115638 0 417236 614166 0 153 76 </measResults>
            </measValue>
            <measValue measObjLdn="nl2USN02/Gb interface NSE:nodeName=gb, NSE ID=2838">
                <measResults>103326 83929 0 366057 462705 0 106 49 </measResults>
            </measValue>
            <measValue measObjLdn="nl2USN02/Gb interface NSE:nodeName=gb, NSE ID=2840">
                <measResults>0 0 0 0 0 0 0 0 </measResults>
            </measValue>
            <measValue measObjLdn="nl2USN02/Gb interface NSE:nodeName=gb, NSE ID=3400">
                <measResults>169375 56339 0 441951 372814 0 155 44 </measResults>
            </measValue>
            <measValue measObjLdn="nl2USN02/Gb interface NSE:nodeName=gb, NSE ID=3402">
                <measResults>174984 90769 0 383260 497856 0 165 53 </measResults>
            </measValue>
            <measValue measObjLdn="nl2USN02/Gb interface NSE:nodeName=gb, NSE ID=3404">
                <measResults>149212 62688 0 440136 423240 0 143 48 </measResults>
            </measValue>
            <measValue measObjLdn="nl2USN02/Gb interface NSE:nodeName=gb, NSE ID=4000">
                <measResults>121263 61521 0 562005 575635 0 114 41 </measResults>
            </measValue>
            <measValue measObjLdn="nl2USN02/Gb interface NSE:nodeName=gb, NSE ID=4002">
                <measResults>244915 151889 0 1439087 1477748 0 171 97 </measResults>
            </measValue>
            <measValue measObjLdn="nl2USN02/Gb interface NSE:nodeName=gb, NSE ID=4004">
                <measResults>61115 56403 0 685509 705022 0 89 42 </measResults>
            </measValue>
            <measValue measObjLdn="nl2USN02/Gb interface NSE:nodeName=gb, NSE ID=4006">
                <measResults>148807 55590 0 749324 752824 0 115 35 </measResults>
            </measValue>
            <measValue measObjLdn="nl2USN02/Gb interface NSE:nodeName=gb, NSE ID=4008">
                <measResults>18375 28049 0 703424 718136 0 59 21 </measResults>
            </measValue>
            <measValue measObjLdn="nl2USN02/Gb interface NSE:nodeName=gb, NSE ID=4010">
                <measResults>246911 132829 0 1187462 1196087 0 189 71 </measResults>
            </measValue>
            <measValue measObjLdn="nl2USN02/Gb interface NSE:nodeName=gb, NSE ID=4012">
                <measResults>288560 109806 0 1015191 1032171 0 175 58 </measResults>
            </measValue>
            <measValue measObjLdn="nl2USN02/Gb interface NSE:nodeName=gb, NSE ID=4014">
                <measResults>273340 99899 0 876467 869789 0 190 57 </measResults>
            </measValue>
            <measValue measObjLdn="nl2USN02/Gb interface NSE:nodeName=gb, NSE ID=4016">
                <measResults>64388 63005 0 553113 629329 0 73 40 </measResults>
            </measValue>
            <measValue measObjLdn="nl2USN02/Gb interface NSE:nodeName=gb, NSE ID=4018">
                <measResults>166959 92623 0 915620 918227 0 163 57 </measResults>
            </measValue>
            <measValue measObjLdn="nl2USN02/Gb interface NSE:nodeName=gb, NSE ID=4020">
                <measResults>220903 91226 0 1044821 1056742 0 206 74 </measResults>
            </measValue>
            <measValue measObjLdn="nl2USN02/Gb interface NSE:nodeName=gb, NSE ID=4022">
                <measResults>29102 24654 0 614722 607803 0 80 15 </measResults>
            </measValue>
            <measValue measObjLdn="nl2USN02/Gb interface NSE:nodeName=gb, NSE ID=4024">
                <measResults>25782 20739 0 389806 390579 0 56 19 </measResults>
            </measValue>
            <measValue measObjLdn="nl2USN02/Gb interface NSE:nodeName=gb, NSE ID=4026">
                <measResults>210343 69433 0 834300 805281 0 120 48 </measResults>
            </measValue>
            <measValue measObjLdn="nl2USN02/Gb interface NSE:nodeName=gb, NSE ID=4028">
                <measResults>147379 56166 0 881972 779811 0 131 34 </measResults>
            </measValue>
            <measValue measObjLdn="nl2USN02/Gb interface NSE:nodeName=gb, NSE ID=4200">
                <measResults>207715 111168 0 873726 883550 0 163 59 </measResults>
            </measValue>
            <measValue measObjLdn="nl2USN02/Gb interface NSE:nodeName=gb, NSE ID=4202">
                <measResults>216372 138126 0 996068 1082319 0 124 65 </measResults>
            </measValue>
            <measValue measObjLdn="nl2USN02/Gb interface NSE:nodeName=gb, NSE ID=4210">
                <measResults>405113 254558 0 1816557 1895508 0 237 122 </measResults>
            </measValue>
            <measValue measObjLdn="nl2USN02/Gb interface NSE:nodeName=gb, NSE ID=4212">
                <measResults>68837 30510 0 342146 326208 0 75 22 </measResults>
            </measValue>
            <measValue measObjLdn="nl2USN02/Gb interface NSE:nodeName=gb, NSE ID=4214">
                <measResults>296172 136206 0 1116958 1124909 0 194 64 </measResults>
            </measValue>
            <measValue measObjLdn="nl2USN02/Gb interface NSE:nodeName=gb, NSE ID=4600">
                <measResults>534960 265031 0 1966214 2048090 0 302 130 </measResults>
            </measValue>
            <measValue measObjLdn="nl2USN02/Gb interface NSE:nodeName=gb, NSE ID=4602">
                <measResults>130894 54574 0 521432 501024 0 132 33 </measResults>
            </measValue>
            <measValue measObjLdn="nl2USN02/Gb interface NSE:nodeName=gb, NSE ID=4604">
                <measResults>0 0 0 0 0 0 0 0 </measResults>
            </measValue>
            <measValue measObjLdn="nl2USN02/Gb interface NSE:nodeName=gb, NSE ID=5594">
                <measResults>329217 117047 0 1094353 1068157 0 241 71 </measResults>
            </measValue>
            <measValue measObjLdn="nl2USN02/Gb interface NSE:nodeName=gb, NSE ID=5596">
                <measResults>342080 142073 0 1349171 1257305 0 215 75 </measResults>
            </measValue>
            <measValue measObjLdn="nl2USN02/Gb interface NSE:nodeName=gb, NSE ID=5598">
                <measResults>145351 83862 0 671731 766452 0 176 47 </measResults>
            </measValue>
        </measInfo>
        <measInfo measInfoId="117440525">
            <granPeriod duration="PT3600S" endTime="2021-08-12T00:00:00+08:00"/>
            <repPeriod duration="PT3600S"/>
            <measTypes>117451913 117451914 117451915 117451916 117451917 117451918 117451919 117451920 117451923 </measTypes>
            <measValue measObjLdn="nl2USN02/Gb interface NSE:nodeName=gb, NSE ID=13006">
                <measResults>600 0 0 0 0 0 0 0 0 </measResults>
            </measValue>
            <measValue measObjLdn="nl2USN02/Gb interface NSE:nodeName=gb, NSE ID=22">
                <measResults>0 0 0 0 0 0 0 0 0 </measResults>
            </measValue>
            <measValue measObjLdn="nl2USN02/Gb interface NSE:nodeName=gb, NSE ID=2200">
                <measResults>0 0 0 0 2788 2295 1944 2141 784 </measResults>
            </measValue>
            <measValue measObjLdn="nl2USN02/Gb interface NSE:nodeName=gb, NSE ID=2202">
                <measResults>0 0 0 0 1415 1168 1021 1605 848 </measResults>
            </measValue>
            <measValue measObjLdn="nl2USN02/Gb interface NSE:nodeName=gb, NSE ID=2204">
                <measResults>0 0 0 0 2247 1855 1408 1408 615 </measResults>
            </measValue>
            <measValue measObjLdn="nl2USN02/Gb interface NSE:nodeName=gb, NSE ID=2206">
                <measResults>0 0 0 0 2362 1966 1541 1541 913 </measResults>
            </measValue>
            <measValue measObjLdn="nl2USN02/Gb interface NSE:nodeName=gb, NSE ID=2208">
                <measResults>0 0 0 0 1478 1178 1122 1492 425 </measResults>
            </measValue>
            <measValue measObjLdn="nl2USN02/Gb interface NSE:nodeName=gb, NSE ID=2210">
                <measResults>0 0 0 0 3041 2502 1928 2504 773 </measResults>
            </measValue>
            <measValue measObjLdn="nl2USN02/Gb interface NSE:nodeName=gb, NSE ID=2212">
                <measResults>0 0 0 0 1843 1588 821 1154 1130 </measResults>
            </measValue>
            <measValue measObjLdn="nl2USN02/Gb interface NSE:nodeName=gb, NSE ID=2214">
                <measResults>0 0 0 0 1689 1383 1179 1178 913 </measResults>
            </measValue>
            <measValue measObjLdn="nl2USN02/Gb interface NSE:nodeName=gb, NSE ID=2216">
                <measResults>0 0 0 0 4863 3942 2964 3392 436 </measResults>
            </measValue>
            <measValue measObjLdn="nl2USN02/Gb interface NSE:nodeName=gb, NSE ID=2218">
                <measResults>0 0 0 0 1839 1483 1365 1364 1122 </measResults>
            </measValue>
            <measValue measObjLdn="nl2USN02/Gb interface NSE:nodeName=gb, NSE ID=2220">
                <measResults>0 0 0 0 2935 2503 1615 2209 600 </measResults>
            </measValue>
            <measValue measObjLdn="nl2USN02/Gb interface NSE:nodeName=gb, NSE ID=2222">
                <measResults>0 0 0 0 4154 3577 2214 2590 587 </measResults>
            </measValue>
            <measValue measObjLdn="nl2USN02/Gb interface NSE:nodeName=gb, NSE ID=2224">
                <measResults>0 0 0 0 705 632 303 357 537 </measResults>
            </measValue>
            <measValue measObjLdn="nl2USN02/Gb interface NSE:nodeName=gb, NSE ID=2226">
                <measResults>0 0 0 0 2000 1717 910 934 718 </measResults>
            </measValue>
            <measValue measObjLdn="nl2USN02/Gb interface NSE:nodeName=gb, NSE ID=2228">
                <measResults>0 0 0 0 919 833 356 356 774 </measResults>
            </measValue>
            <measValue measObjLdn="nl2USN02/Gb interface NSE:nodeName=gb, NSE ID=2230">
                <measResults>0 0 0 0 426 378 227 332 980 </measResults>
            </measValue>
            <measValue measObjLdn="nl2USN02/Gb interface NSE:nodeName=gb, NSE ID=2232">
                <measResults>0 0 0 0 880 756 412 412 821 </measResults>
            </measValue>
            <measValue measObjLdn="nl2USN02/Gb interface NSE:nodeName=gb, NSE ID=2234">
                <measResults>0 0 0 0 674 602 119 119 978 </measResults>
            </measValue>
            <measValue measObjLdn="nl2USN02/Gb interface NSE:nodeName=gb, NSE ID=2236">
                <measResults>0 0 0 0 0 0 0 0 0 </measResults>
            </measValue>
            <measValue measObjLdn="nl2USN02/Gb interface NSE:nodeName=gb, NSE ID=2238">
                <measResults>0 0 0 0 686 600 260 260 788 </measResults>
            </measValue>
            <measValue measObjLdn="nl2USN02/Gb interface NSE:nodeName=gb, NSE ID=2240">
                <measResults>0 0 0 0 909 801 317 584 1033 </measResults>
            </measValue>
            <measValue measObjLdn="nl2USN02/Gb interface NSE:nodeName=gb, NSE ID=2244">
                <measResults>0 0 0 0 0 0 0 0 0 </measResults>
            </measValue>
            <measValue measObjLdn="nl2USN02/Gb interface NSE:nodeName=gb, NSE ID=2248">
                <measResults>0 0 0 0 0 0 0 0 0 </measResults>
            </measValue>
            <measValue measObjLdn="nl2USN02/Gb interface NSE:nodeName=gb, NSE ID=2250">
                <measResults>0 0 0 0 3842 3249 2180 2178 697 </measResults>
            </measValue>
            <measValue measObjLdn="nl2USN02/Gb interface NSE:nodeName=gb, NSE ID=2252">
                <measResults>0 0 0 0 1694 1401 999 998 659 </measResults>
            </measValue>
            <measValue measObjLdn="nl2USN02/Gb interface NSE:nodeName=gb, NSE ID=2254">
                <measResults>0 0 0 0 3409 2874 2355 2354 758 </measResults>
            </measValue>
            <measValue measObjLdn="nl2USN02/Gb interface NSE:nodeName=gb, NSE ID=2800">
                <measResults>0 0 0 0 1768 1490 836 834 846 </measResults>
            </measValue>
            <measValue measObjLdn="nl2USN02/Gb interface NSE:nodeName=gb, NSE ID=2802">
                <measResults>0 0 0 0 801 689 351 351 715 </measResults>
            </measValue>
            <measValue measObjLdn="nl2USN02/Gb interface NSE:nodeName=gb, NSE ID=2804">
                <measResults>0 0 0 0 1260 998 772 771 591 </measResults>
            </measValue>
            <measValue measObjLdn="nl2USN02/Gb interface NSE:nodeName=gb, NSE ID=2806">
                <measResults>0 0 0 0 1507 1092 1605 1605 1140 </measResults>
            </measValue>
            <measValue measObjLdn="nl2USN02/Gb interface NSE:nodeName=gb, NSE ID=2808">
                <measResults>0 0 0 0 2017 1655 1491 1496 873 </measResults>
            </measValue>
            <measValue measObjLdn="nl2USN02/Gb interface NSE:nodeName=gb, NSE ID=2810">
                <measResults>0 0 0 0 883 684 828 827 1034 </measResults>
            </measValue>
            <measValue measObjLdn="nl2USN02/Gb interface NSE:nodeName=gb, NSE ID=2812">
                <measResults>0 0 0 0 1029 821 959 959 1121 </measResults>
            </measValue>
            <measValue measObjLdn="nl2USN02/Gb interface NSE:nodeName=gb, NSE ID=2814">
                <measResults>0 0 0 0 696 579 512 512 1238 </measResults>
            </measValue>
            <measValue measObjLdn="nl2USN02/Gb interface NSE:nodeName=gb, NSE ID=2816">
                <measResults>0 0 0 0 4042 3359 2544 2544 1018 </measResults>
            </measValue>
            <measValue measObjLdn="nl2USN02/Gb interface NSE:nodeName=gb, NSE ID=2818">
                <measResults>0 0 0 0 821 621 988 988 752 </measResults>
            </measValue>
            <measValue measObjLdn="nl2USN02/Gb interface NSE:nodeName=gb, NSE ID=2820">
                <measResults>0 0 0 0 3034 2429 2397 2397 759 </measResults>
            </measValue>
            <measValue measObjLdn="nl2USN02/Gb interface NSE:nodeName=gb, NSE ID=2822">
                <measResults>0 0 0 0 619 513 446 446 784 </measResults>
            </measValue>
            <measValue measObjLdn="nl2USN02/Gb interface NSE:nodeName=gb, NSE ID=2824">
                <measResults>0 0 0 0 2238 1853 1488 1531 632 </measResults>
            </measValue>
            <measValue measObjLdn="nl2USN02/Gb interface NSE:nodeName=gb, NSE ID=2826">
                <measResults>0 0 0 0 3467 2711 2781 2966 919 </measResults>
            </measValue>
            <measValue measObjLdn="nl2USN02/Gb interface NSE:nodeName=gb, NSE ID=2828">
                <measResults>0 0 0 0 2522 1905 2433 2591 841 </measResults>
            </measValue>
            <measValue measObjLdn="nl2USN02/Gb interface NSE:nodeName=gb, NSE ID=2830">
                <measResults>0 0 0 0 730 663 276 394 648 </measResults>
            </measValue>
            <measValue measObjLdn="nl2USN02/Gb interface NSE:nodeName=gb, NSE ID=2832">
                <measResults>0 0 0 0 1215 1020 776 817 851 </measResults>
            </measValue>
            <measValue measObjLdn="nl2USN02/Gb interface NSE:nodeName=gb, NSE ID=2834">
                <measResults>0 0 0 0 3779 3099 2363 2361 825 </measResults>
            </measValue>
            <measValue measObjLdn="nl2USN02/Gb interface NSE:nodeName=gb, NSE ID=2836">
                <measResults>0 0 0 0 1359 1093 950 950 902 </measResults>
            </measValue>
            <measValue measObjLdn="nl2USN02/Gb interface NSE:nodeName=gb, NSE ID=2838">
                <measResults>0 0 0 0 1008 912 453 1063 773 </measResults>
            </measValue>
            <measValue measObjLdn="nl2USN02/Gb interface NSE:nodeName=gb, NSE ID=2840">
                <measResults>0 0 0 0 0 0 0 0 0 </measResults>
            </measValue>
            <measValue measObjLdn="nl2USN02/Gb interface NSE:nodeName=gb, NSE ID=3400">
                <measResults>0 0 0 0 1235 1046 755 921 525 </measResults>
            </measValue>
            <measValue measObjLdn="nl2USN02/Gb interface NSE:nodeName=gb, NSE ID=3402">
                <measResults>0 0 0 0 1872 1569 1193 1193 595 </measResults>
            </measValue>
            <measValue measObjLdn="nl2USN02/Gb interface NSE:nodeName=gb, NSE ID=3404">
                <measResults>0 0 0 0 1829 1610 1010 1098 752 </measResults>
            </measValue>
            <measValue measObjLdn="nl2USN02/Gb interface NSE:nodeName=gb, NSE ID=4000">
                <measResults>0 0 0 0 1825 1053 760 763 1177 </measResults>
            </measValue>
            <measValue measObjLdn="nl2USN02/Gb interface NSE:nodeName=gb, NSE ID=4002">
                <measResults>0 0 0 0 6786 4389 2858 4108 882 </measResults>
            </measValue>
            <measValue measObjLdn="nl2USN02/Gb interface NSE:nodeName=gb, NSE ID=4004">
                <measResults>0 0 0 0 1910 1168 922 919 963 </measResults>
            </measValue>
            <measValue measObjLdn="nl2USN02/Gb interface NSE:nodeName=gb, NSE ID=4006">
                <measResults>0 0 0 0 2384 1378 1446 1446 902 </measResults>
            </measValue>
            <measValue measObjLdn="nl2USN02/Gb interface NSE:nodeName=gb, NSE ID=4008">
                <measResults>0 0 0 0 1658 911 1081 1081 903 </measResults>
            </measValue>
            <measValue measObjLdn="nl2USN02/Gb interface NSE:nodeName=gb, NSE ID=4010">
                <measResults>0 0 0 0 6304 4039 2091 2088 1097 </measResults>
            </measValue>
            <measValue measObjLdn="nl2USN02/Gb interface NSE:nodeName=gb, NSE ID=4012">
                <measResults>0 0 0 0 5193 3581 1906 1903 1055 </measResults>
            </measValue>
            <measValue measObjLdn="nl2USN02/Gb interface NSE:nodeName=gb, NSE ID=4014">
                <measResults>0 0 0 0 2855 1895 1114 1112 756 </measResults>
            </measValue>
            <measValue measObjLdn="nl2USN02/Gb interface NSE:nodeName=gb, NSE ID=4016">
                <measResults>0 0 0 0 4224 2482 1689 1688 1152 </measResults>
            </measValue>
            <measValue measObjLdn="nl2USN02/Gb interface NSE:nodeName=gb, NSE ID=4018">
                <measResults>0 0 0 0 3847 2383 2093 2091 1086 </measResults>
            </measValue>
            <measValue measObjLdn="nl2USN02/Gb interface NSE:nodeName=gb, NSE ID=4020">
                <measResults>0 0 0 0 5324 3106 2152 2151 1087 </measResults>
            </measValue>
            <measValue measObjLdn="nl2USN02/Gb interface NSE:nodeName=gb, NSE ID=4022">
                <measResults>0 0 0 0 755 397 560 560 866 </measResults>
            </measValue>
            <measValue measObjLdn="nl2USN02/Gb interface NSE:nodeName=gb, NSE ID=4024">
                <measResults>0 0 0 0 1484 809 755 754 1008 </measResults>
            </measValue>
            <measValue measObjLdn="nl2USN02/Gb interface NSE:nodeName=gb, NSE ID=4026">
                <measResults>0 0 0 0 2708 1617 1296 1312 930 </measResults>
            </measValue>
            <measValue measObjLdn="nl2USN02/Gb interface NSE:nodeName=gb, NSE ID=4028">
                <measResults>0 0 0 0 2502 1372 1183 1181 954 </measResults>
            </measValue>
            <measValue measObjLdn="nl2USN02/Gb interface NSE:nodeName=gb, NSE ID=4200">
                <measResults>0 0 0 0 7368 3943 6001 5999 1730 </measResults>
            </measValue>
            <measValue measObjLdn="nl2USN02/Gb interface NSE:nodeName=gb, NSE ID=4202">
                <measResults>0 0 0 0 7583 3887 6804 6908 1532 </measResults>
            </measValue>
            <measValue measObjLdn="nl2USN02/Gb interface NSE:nodeName=gb, NSE ID=4210">
                <measResults>0 0 0 0 11625 5242 13115 13180 1610 </measResults>
            </measValue>
            <measValue measObjLdn="nl2USN02/Gb interface NSE:nodeName=gb, NSE ID=4212">
                <measResults>0 0 0 0 1890 1007 1924 1924 1419 </measResults>
            </measValue>
            <measValue measObjLdn="nl2USN02/Gb interface NSE:nodeName=gb, NSE ID=4214">
                <measResults>0 0 0 0 5781 2992 5155 5154 1606 </measResults>
            </measValue>
            <measValue measObjLdn="nl2USN02/Gb interface NSE:nodeName=gb, NSE ID=4600">
                <measResults>0 0 0 0 9740 5469 6540 6813 1387 </measResults>
            </measValue>
            <measValue measObjLdn="nl2USN02/Gb interface NSE:nodeName=gb, NSE ID=4602">
                <measResults>0 0 0 0 4977 2496 4708 4706 1847 </measResults>
            </measValue>
            <measValue measObjLdn="nl2USN02/Gb interface NSE:nodeName=gb, NSE ID=4604">
                <measResults>0 0 0 0 0 0 0 0 0 </measResults>
            </measValue>
            <measValue measObjLdn="nl2USN02/Gb interface NSE:nodeName=gb, NSE ID=5594">
                <measResults>0 0 0 0 5498 3623 1607 1674 1237 </measResults>
            </measValue>
            <measValue measObjLdn="nl2USN02/Gb interface NSE:nodeName=gb, NSE ID=5596">
                <measResults>0 0 0 0 3763 2446 1384 1382 1313 </measResults>
            </measValue>
            <measValue measObjLdn="nl2USN02/Gb interface NSE:nodeName=gb, NSE ID=5598">
                <measResults>0 0 0 0 4606 2751 1949 1947 1490 </measResults>
            </measValue>
        </measInfo>
        <measInfo measInfoId="117440515">
            <granPeriod duration="PT3600S" endTime="2021-08-12T00:00:00+08:00"/>
            <repPeriod duration="PT3600S"/>
            <measTypes>117450913 117450914 117450915 117450916 117450917 117450918 117450919 117450920 117450921 117450922 117450923 117450924 117450925 117450926 117450927 117450928 117450929 117450930 117450931 117450932 117450933 117450934 117450935 117450936 117450937 117450938 117450939 117450940 117450941 117450942 117450943 117450944 117450945 117450946 117450947 117450948 117450949 117450950 117450951 117450952 117450953 117450954 117450955 117450956 117450957 117450958 </measTypes>
            <measValue measObjLdn="nl2USN02/UsnFunction:nodeName=gb">
                <measResults>351919 0 0 25185913 9851154 27499463 4776698 1061407 34357 1266672 40421 27124701 4435455 25214641 9635299 43539 21 1062226 28152 428055 0 11233 502 36579 8145 0 7449 0 1 0 0 14627858 5086 29589 9131 3456 9663 1631 361 11 480 32 3941 1953 13625 14485 </measResults>
            </measValue>
        </measInfo>
        <measInfo measInfoId="117440516">
            <granPeriod duration="PT3600S" endTime="2021-08-12T00:00:00+08:00"/>
            <repPeriod duration="PT3600S"/>
            <measTypes>117451013 117451014 117451015 117451016 117451017 117451018 117451019 117451020 117451021 117451022 117451023 117451024 117451025 117451026 117451027 </measTypes>
            <measValue measObjLdn="nl2USN02/UsnFunction:nodeName=gb">
                <measResults>0 0 151 37239 24655358 4309570 19052681 9542712 25214641 9635299 27124701 4435457 41085 151 0 </measResults>
            </measValue>
        </measInfo>
        <measInfo measInfoId="117440519">
            <granPeriod duration="PT3600S" endTime="2021-08-12T00:00:00+08:00"/>
            <repPeriod duration="PT3600S"/>
            <measTypes>117451313 117451314 117451315 117451316 117451317 117451318 117451319 117451320 117451321 117451322 117451323 117451324 117451325 117451326 117451327 117451328 117451329 117451330 117451331 117451332 117451333 117451334 117451335 117451336 117451337 117451338 117451343 117475733 117475734 </measTypes>
            <measValue measObjLdn="nl2USN02/UsnFunction:nodeName=gb">
                <measResults>35137 208371 0 0 49 0 358615 191821 10793487 35 25 600 11 40219 2100242 40553150 11366326 29737093 5460124 29701900 4841362 26472746 9815547 0 6433 98234 1081 16999061 10834238 </measResults>
            </measValue>
        </measInfo>
        <measInfo measInfoId="117440520">
            <granPeriod duration="PT3600S" endTime="2021-08-12T00:00:00+08:00"/>
            <repPeriod duration="PT3600S"/>
            <measTypes>117451413 117451414 117451415 117451416 117451417 117451418 117451419 117451420 117451421 117451422 117451423 117451424 117451425 117451426 117451427 117451428 117451429 117451430 117451431 117451432 117451433 117451434 117451435 117451436 117451437 117451438 117451439 117451440 117451441 117451442 117451443 117451444 117451445 117451446 117451447 117451448 </measTypes>
            <measValue measObjLdn="nl2USN02/UsnFunction:nodeName=gb">
                <measResults>40553150 11366326 0 0 0 0 43942378 5733540 0 0 0 0 0 0 0 0 0 0 0 0 0 0 0 0 0 0 0 0 0 0 23470 4797 84494928 17271522 28079 5994 </measResults>
            </measValue>
        </measInfo>
        <measInfo measInfoId="117440521">
            <granPeriod duration="PT3600S" endTime="2021-08-12T00:00:00+08:00"/>
            <repPeriod duration="PT3600S"/>
            <measTypes>117451513 117451514 117451515 117451516 117451517 117451518 117451519 117451520 117451521 117451522 117451523 117451524 117451525 117451526 117451527 117451528 127938275 127938276 127938277 127938278 127938279 127938280 </measTypes>
            <measValue measObjLdn="nl2USN02/UsnFunction:nodeName=gb">
                <measResults>0 0 0 0 0 0 0 0 0 0 0 0 0 0 0 0 NIL NIL NIL NIL NIL NIL </measResults>
            </measValue>
        </measInfo>
        <measInfo measInfoId="117440522">
            <granPeriod duration="PT3600S" endTime="2021-08-12T00:00:00+08:00"/>
            <repPeriod duration="PT3600S"/>
            <measTypes>117451616 117451617 </measTypes>
            <measValue measObjLdn="nl2USN02/UsnFunction:nodeName=gb">
                <measResults>24738 412 </measResults>
            </measValue>
        </measInfo>
        <measInfo measInfoId="117440665">
            <granPeriod duration="PT3600S" endTime="2021-08-12T00:00:00+08:00"/>
            <repPeriod duration="PT3600S"/>
            <measTypes>117465913 117465914 117465915 117465916 117465920 117465921 </measTypes>
            <measValue measObjLdn="nl2USN02/UsnFunction:nodeName=gb">
                <measResults>0 0 0 0 0 0 </measResults>
            </measValue>
        </measInfo>
        <measInfo measInfoId="117440666">
            <granPeriod duration="PT3600S" endTime="2021-08-12T00:00:00+08:00"/>
            <repPeriod duration="PT3600S"/>
            <measTypes>117466013 117466014 117466015 117466016 117466017 117466018 117466019 117466020 </measTypes>
            <measValue measObjLdn="nl2USN02/UsnFunction:nodeName=gb">
                <measResults>43942378 5905203 40552550 11366317 0 0 600 7 </measResults>
            </measValue>
        </measInfo>
        <measInfo measInfoId="1912143876">
            <granPeriod duration="PT3600S" endTime="2021-08-12T00:00:00+08:00"/>
            <repPeriod duration="PT3600S"/>
            <measTypes>1912143892 </measTypes>
            <measValue measObjLdn="nl2USN02/UsnFunction:nodeName=gb">
                <measResults>0 </measResults>
            </measValue>
        </measInfo>
        <measInfo measInfoId="1912143877">
            <granPeriod duration="PT3600S" endTime="2021-08-12T00:00:00+08:00"/>
            <repPeriod duration="PT3600S"/>
            <measTypes>1912143893 1912143894 </measTypes>
            <measValue measObjLdn="nl2USN02/UsnFunction:nodeName=gb">
                <measResults>71502956 40747805 </measResults>
            </measValue>
        </measInfo>
        <measInfo measInfoId="117440526">
            <granPeriod duration="PT3600S" endTime="2021-08-12T00:00:00+08:00"/>
            <repPeriod duration="PT3600S"/>
            <measTypes>117452013 117452014 117452015 117452016 117452017 117452018 117452019 117452020 117452021 </measTypes>
            <measValue measObjLdn="nl2USN02/Gb interface BSSID:nodeName=gb, BSSID=13006">
                <measResults>0 0 0 0 0 0 0 0 0 </measResults>
            </measValue>
            <measValue measObjLdn="nl2USN02/Gb interface BSSID:nodeName=gb, BSSID=22">
                <measResults>0 0 0 0 0 0 0 0 0 </measResults>
            </measValue>
            <measValue measObjLdn="nl2USN02/Gb interface BSSID:nodeName=gb, BSSID=2200">
                <measResults>284621 117324 401946 79 32 111 220 81 266 </measResults>
            </measValue>
            <measValue measObjLdn="nl2USN02/Gb interface BSSID:nodeName=gb, BSSID=2202">
                <measResults>120881 52626 173506 33 14 47 135 41 171 </measResults>
            </measValue>
            <measValue measObjLdn="nl2USN02/Gb interface BSSID:nodeName=gb, BSSID=2204">
                <measResults>126086 91978 218073 35 25 60 148 52 185 </measResults>
            </measValue>
            <measValue measObjLdn="nl2USN02/Gb interface BSSID:nodeName=gb, BSSID=2206">
                <measResults>125687 64889 190576 34 18 52 101 45 136 </measResults>
            </measValue>
            <measValue measObjLdn="nl2USN02/Gb interface BSSID:nodeName=gb, BSSID=2208">
                <measResults>106327 64160 170490 29 17 46 111 52 164 </measResults>
            </measValue>
            <measValue measObjLdn="nl2USN02/Gb interface BSSID:nodeName=gb, BSSID=2210">
                <measResults>167742 102903 270644 46 28 74 160 68 190 </measResults>
            </measValue>
            <measValue measObjLdn="nl2USN02/Gb interface BSSID:nodeName=gb, BSSID=2212">
                <measResults>102159 79282 181445 28 22 50 117 49 162 </measResults>
            </measValue>
            <measValue measObjLdn="nl2USN02/Gb interface BSSID:nodeName=gb, BSSID=2214">
                <measResults>106096 58487 164583 29 16 45 87 35 116 </measResults>
            </measValue>
            <measValue measObjLdn="nl2USN02/Gb interface BSSID:nodeName=gb, BSSID=2216">
                <measResults>321913 190077 511991 89 52 141 180 100 252 </measResults>
            </measValue>
            <measValue measObjLdn="nl2USN02/Gb interface BSSID:nodeName=gb, BSSID=2218">
                <measResults>141260 78526 219791 39 21 60 141 57 190 </measResults>
            </measValue>
            <measValue measObjLdn="nl2USN02/Gb interface BSSID:nodeName=gb, BSSID=2220">
                <measResults>158396 84706 243095 43 23 66 156 57 214 </measResults>
            </measValue>
            <measValue measObjLdn="nl2USN02/Gb interface BSSID:nodeName=gb, BSSID=2222">
                <measResults>315028 182578 497600 87 50 137 250 118 362 </measResults>
            </measValue>
            <measValue measObjLdn="nl2USN02/Gb interface BSSID:nodeName=gb, BSSID=2224">
                <measResults>31194 36382 67571 8 10 18 46 32 74 </measResults>
            </measValue>
            <measValue measObjLdn="nl2USN02/Gb interface BSSID:nodeName=gb, BSSID=2226">
                <measResults>190629 73776 264410 52 20 72 168 51 195 </measResults>
            </measValue>
            <measValue measObjLdn="nl2USN02/Gb interface BSSID:nodeName=gb, BSSID=2228">
                <measResults>44929 49341 94274 12 13 25 72 69 98 </measResults>
            </measValue>
            <measValue measObjLdn="nl2USN02/Gb interface BSSID:nodeName=gb, BSSID=2230">
                <measResults>27988 20955 48948 7 5 12 63 20 81 </measResults>
            </measValue>
            <measValue measObjLdn="nl2USN02/Gb interface BSSID:nodeName=gb, BSSID=2232">
                <measResults>69382 33753 103135 19 9 28 55 32 79 </measResults>
            </measValue>
            <measValue measObjLdn="nl2USN02/Gb interface BSSID:nodeName=gb, BSSID=2234">
                <measResults>64263 30241 94499 17 8 25 77 23 89 </measResults>
            </measValue>
            <measValue measObjLdn="nl2USN02/Gb interface BSSID:nodeName=gb, BSSID=2236">
                <measResults>0 0 0 0 0 0 0 0 0 </measResults>
            </measValue>
            <measValue measObjLdn="nl2USN02/Gb interface BSSID:nodeName=gb, BSSID=2238">
                <measResults>29161 32449 61612 8 9 17 39 20 55 </measResults>
            </measValue>
            <measValue measObjLdn="nl2USN02/Gb interface BSSID:nodeName=gb, BSSID=2240">
                <measResults>91476 52882 144352 25 14 39 73 40 98 </measResults>
            </measValue>
            <measValue measObjLdn="nl2USN02/Gb interface BSSID:nodeName=gb, BSSID=2244">
                <measResults>0 0 0 0 0 0 0 0 0 </measResults>
            </measValue>
            <measValue measObjLdn="nl2USN02/Gb interface BSSID:nodeName=gb, BSSID=2248">
                <measResults>0 0 0 0 0 0 0 0 0 </measResults>
            </measValue>
            <measValue measObjLdn="nl2USN02/Gb interface BSSID:nodeName=gb, BSSID=2250">
                <measResults>161886 104878 266762 44 29 73 127 56 181 </measResults>
            </measValue>
            <measValue measObjLdn="nl2USN02/Gb interface BSSID:nodeName=gb, BSSID=2252">
                <measResults>81411 55609 137028 22 15 37 70 35 86 </measResults>
            </measValue>
            <measValue measObjLdn="nl2USN02/Gb interface BSSID:nodeName=gb, BSSID=2254">
                <measResults>158589 94573 253164 44 26 70 123 68 175 </measResults>
            </measValue>
            <measValue measObjLdn="nl2USN02/Gb interface BSSID:nodeName=gb, BSSID=2800">
                <measResults>226543 112840 339387 62 31 93 166 67 219 </measResults>
            </measValue>
            <measValue measObjLdn="nl2USN02/Gb interface BSSID:nodeName=gb, BSSID=2802">
                <measResults>33227 11776 45002 9 3 12 80 18 95 </measResults>
            </measValue>
            <measValue measObjLdn="nl2USN02/Gb interface BSSID:nodeName=gb, BSSID=2804">
                <measResults>76568 47800 124366 21 13 34 110 46 139 </measResults>
            </measValue>
            <measValue measObjLdn="nl2USN02/Gb interface BSSID:nodeName=gb, BSSID=2806">
                <measResults>80440 45659 126092 22 12 34 81 35 110 </measResults>
            </measValue>
            <measValue measObjLdn="nl2USN02/Gb interface BSSID:nodeName=gb, BSSID=2808">
                <measResults>111770 65202 176969 31 18 49 129 37 160 </measResults>
            </measValue>
            <measValue measObjLdn="nl2USN02/Gb interface BSSID:nodeName=gb, BSSID=2810">
                <measResults>29498 20815 50311 8 5 13 83 27 93 </measResults>
            </measValue>
            <measValue measObjLdn="nl2USN02/Gb interface BSSID:nodeName=gb, BSSID=2812">
                <measResults>26725 18041 44765 7 5 12 50 24 67 </measResults>
            </measValue>
            <measValue measObjLdn="nl2USN02/Gb interface BSSID:nodeName=gb, BSSID=2814">
                <measResults>121353 56886 178237 33 15 48 142 51 173 </measResults>
            </measValue>
            <measValue measObjLdn="nl2USN02/Gb interface BSSID:nodeName=gb, BSSID=2816">
                <measResults>129177 90683 219862 35 25 60 148 63 204 </measResults>
            </measValue>
            <measValue measObjLdn="nl2USN02/Gb interface BSSID:nodeName=gb, BSSID=2818">
                <measResults>106921 50675 157589 29 14 43 89 58 116 </measResults>
            </measValue>
            <measValue measObjLdn="nl2USN02/Gb interface BSSID:nodeName=gb, BSSID=2820">
                <measResults>362366 133558 495927 100 37 137 235 71 299 </measResults>
            </measValue>
            <measValue measObjLdn="nl2USN02/Gb interface BSSID:nodeName=gb, BSSID=2822">
                <measResults>210001 34537 244533 58 9 67 142 28 158 </measResults>
            </measValue>
            <measValue measObjLdn="nl2USN02/Gb interface BSSID:nodeName=gb, BSSID=2824">
                <measResults>128447 66473 194921 35 18 53 177 48 201 </measResults>
            </measValue>
            <measValue measObjLdn="nl2USN02/Gb interface BSSID:nodeName=gb, BSSID=2826">
                <measResults>253989 143664 397652 70 39 109 217 81 289 </measResults>
            </measValue>
            <measValue measObjLdn="nl2USN02/Gb interface BSSID:nodeName=gb, BSSID=2828">
                <measResults>171422 83279 254701 47 23 70 135 54 166 </measResults>
            </measValue>
            <measValue measObjLdn="nl2USN02/Gb interface BSSID:nodeName=gb, BSSID=2830">
                <measResults>163527 58451 221976 45 16 61 80 42 120 </measResults>
            </measValue>
            <measValue measObjLdn="nl2USN02/Gb interface BSSID:nodeName=gb, BSSID=2832">
                <measResults>50915 34018 84932 14 9 23 67 31 87 </measResults>
            </measValue>
            <measValue measObjLdn="nl2USN02/Gb interface BSSID:nodeName=gb, BSSID=2834">
                <measResults>182775 84703 267477 50 23 73 187 66 217 </measResults>
            </measValue>
            <measValue measObjLdn="nl2USN02/Gb interface BSSID:nodeName=gb, BSSID=2836">
                <measResults>172602 115638 288243 47 32 79 153 76 218 </measResults>
            </measValue>
            <measValue measObjLdn="nl2USN02/Gb interface BSSID:nodeName=gb, BSSID=2838">
                <measResults>103326 83929 187262 28 23 51 106 49 145 </measResults>
            </measValue>
            <measValue measObjLdn="nl2USN02/Gb interface BSSID:nodeName=gb, BSSID=2840">
                <measResults>0 0 0 0 0 0 0 0 0 </measResults>
            </measValue>
            <measValue measObjLdn="nl2USN02/Gb interface BSSID:nodeName=gb, BSSID=3400">
                <measResults>169375 56339 225716 47 15 62 155 44 174 </measResults>
            </measValue>
            <measValue measObjLdn="nl2USN02/Gb interface BSSID:nodeName=gb, BSSID=3402">
                <measResults>174984 90769 265759 48 25 73 165 53 200 </measResults>
            </measValue>
            <measValue measObjLdn="nl2USN02/Gb interface BSSID:nodeName=gb, BSSID=3404">
                <measResults>149212 62688 211902 41 17 58 143 48 181 </measResults>
            </measValue>
            <measValue measObjLdn="nl2USN02/Gb interface BSSID:nodeName=gb, BSSID=4000">
                <measResults>121263 61521 182784 33 17 50 114 41 135 </measResults>
            </measValue>
            <measValue measObjLdn="nl2USN02/Gb interface BSSID:nodeName=gb, BSSID=4002">
                <measResults>244915 151889 396803 68 42 110 171 97 229 </measResults>
            </measValue>
            <measValue measObjLdn="nl2USN02/Gb interface BSSID:nodeName=gb, BSSID=4004">
                <measResults>61115 56403 117519 16 15 31 89 42 121 </measResults>
            </measValue>
            <measValue measObjLdn="nl2USN02/Gb interface BSSID:nodeName=gb, BSSID=4006">
                <measResults>148807 55590 204394 41 15 56 115 35 146 </measResults>
            </measValue>
            <measValue measObjLdn="nl2USN02/Gb interface BSSID:nodeName=gb, BSSID=4008">
                <measResults>18375 28049 46427 5 7 12 59 21 68 </measResults>
            </measValue>
            <measValue measObjLdn="nl2USN02/Gb interface BSSID:nodeName=gb, BSSID=4010">
                <measResults>246911 132829 379739 68 36 104 189 71 241 </measResults>
            </measValue>
            <measValue measObjLdn="nl2USN02/Gb interface BSSID:nodeName=gb, BSSID=4012">
                <measResults>288560 109806 398364 80 30 110 175 58 230 </measResults>
            </measValue>
            <measValue measObjLdn="nl2USN02/Gb interface BSSID:nodeName=gb, BSSID=4014">
                <measResults>273340 99899 373244 75 27 102 190 57 234 </measResults>
            </measValue>
            <measValue measObjLdn="nl2USN02/Gb interface BSSID:nodeName=gb, BSSID=4016">
                <measResults>64388 63005 127395 17 17 34 73 40 102 </measResults>
            </measValue>
            <measValue measObjLdn="nl2USN02/Gb interface BSSID:nodeName=gb, BSSID=4018">
                <measResults>166959 92623 259583 46 25 71 163 57 204 </measResults>
            </measValue>
            <measValue measObjLdn="nl2USN02/Gb interface BSSID:nodeName=gb, BSSID=4020">
                <measResults>220903 91226 312131 61 25 86 206 74 256 </measResults>
            </measValue>
            <measValue measObjLdn="nl2USN02/Gb interface BSSID:nodeName=gb, BSSID=4022">
                <measResults>29102 24654 53762 8 6 14 80 15 94 </measResults>
            </measValue>
            <measValue measObjLdn="nl2USN02/Gb interface BSSID:nodeName=gb, BSSID=4024">
                <measResults>25781 20739 46525 7 5 12 56 19 61 </measResults>
            </measValue>
            <measValue measObjLdn="nl2USN02/Gb interface BSSID:nodeName=gb, BSSID=4026">
                <measResults>210343 69433 279776 58 19 77 120 48 152 </measResults>
            </measValue>
            <measValue measObjLdn="nl2USN02/Gb interface BSSID:nodeName=gb, BSSID=4028">
                <measResults>147379 56166 203533 40 15 55 131 34 164 </measResults>
            </measValue>
            <measValue measObjLdn="nl2USN02/Gb interface BSSID:nodeName=gb, BSSID=4200">
                <measResults>207715 111168 318880 57 30 87 163 59 222 </measResults>
            </measValue>
            <measValue measObjLdn="nl2USN02/Gb interface BSSID:nodeName=gb, BSSID=4202">
                <measResults>216372 138126 354501 60 38 98 124 65 173 </measResults>
            </measValue>
            <measValue measObjLdn="nl2USN02/Gb interface BSSID:nodeName=gb, BSSID=4210">
                <measResults>405113 254558 659668 112 70 182 237 122 339 </measResults>
            </measValue>
            <measValue measObjLdn="nl2USN02/Gb interface BSSID:nodeName=gb, BSSID=4212">
                <measResults>68837 30510 99342 19 8 27 75 22 85 </measResults>
            </measValue>
            <measValue measObjLdn="nl2USN02/Gb interface BSSID:nodeName=gb, BSSID=4214">
                <measResults>296172 136206 432376 82 37 119 194 64 258 </measResults>
            </measValue>
            <measValue measObjLdn="nl2USN02/Gb interface BSSID:nodeName=gb, BSSID=4600">
                <measResults>534960 265031 799995 148 73 221 302 130 423 </measResults>
            </measValue>
            <measValue measObjLdn="nl2USN02/Gb interface BSSID:nodeName=gb, BSSID=4602">
                <measResults>130894 54574 185468 36 15 51 132 33 154 </measResults>
            </measValue>
            <measValue measObjLdn="nl2USN02/Gb interface BSSID:nodeName=gb, BSSID=4604">
                <measResults>0 0 0 0 0 0 0 0 0 </measResults>
            </measValue>
            <measValue measObjLdn="nl2USN02/Gb interface BSSID:nodeName=gb, BSSID=5594">
                <measResults>329217 117048 446264 91 32 123 241 71 286 </measResults>
            </measValue>
            <measValue measObjLdn="nl2USN02/Gb interface BSSID:nodeName=gb, BSSID=5596">
                <measResults>342080 142073 484150 95 39 134 215 75 268 </measResults>
            </measValue>
            <measValue measObjLdn="nl2USN02/Gb interface BSSID:nodeName=gb, BSSID=5598">
                <measResults>145351 83862 229217 40 23 63 176 47 218 </measResults>
            </measValue>
        </measInfo>
        <measInfo measInfoId="1912143879">
            <granPeriod duration="PT3600S" endTime="2021-08-12T00:00:00+08:00"/>
            <repPeriod duration="PT3600S"/>
            <measTypes>1912143940 1912143941 </measTypes>
            <measValue measObjLdn="nl2USN02/RU_USN:nodeName=gb, RU NAME=GB_SP_RU_0064">
                <measResults>14 11 </measResults>
            </measValue>
            <measValue measObjLdn="nl2USN02/RU_USN:nodeName=gb, RU NAME=GB_SP_RU_0065">
                <measResults>13 11 </measResults>
            </measValue>
            <measValue measObjLdn="nl2USN02/RU_USN:nodeName=gb, RU NAME=GB_SP_RU_0066">
                <measResults>13 12 </measResults>
            </measValue>
            <measValue measObjLdn="nl2USN02/RU_USN:nodeName=gb, RU NAME=GB_SP_RU_0070">
                <measResults>15 11 </measResults>
            </measValue>
            <measValue measObjLdn="nl2USN02/RU_USN:nodeName=gb, RU NAME=GB_SP_RU_0071">
                <measResults>14 11 </measResults>
            </measValue>
        </measInfo>
        <measInfo measInfoId="1912143880">
            <granPeriod duration="PT3600S" endTime="2021-08-12T00:00:00+08:00"/>
            <repPeriod duration="PT3600S"/>
            <measTypes>1912143950 1912143951 </measTypes>
            <measValue measObjLdn="nl2USN02/ScaleGroup_USN:nodeName=gb, ScaleRroupName=SG1_GB">
                <measResults>12 11 </measResults>
            </measValue>
        </measInfo>
    </measData>
    <fileFooter>
        <measCollec endTime="2021-08-12T00:00:00+08:00"/>
    </fileFooter>
</measCollecFile>
