<?xml version="1.0" encoding="UTF-8"?>
<measCollecFile xmlns="http://latest/nmc-omc/cmNrm.doc#measCollec" xmlns:xsi="http://www.w3.org/2001/XMLSchema-instance" xsi:schemaLocation="http://latest/nmc-omc/cmNrm.doc#measCollec schema\pmResultSchedule.xsd">
    <fileHeader fileFormatVersion="32.435 V7.2" vendorName="Huawei">
        <fileSender elementType="PICO BTS3900"/>
        <measCollec beginTime="2021-08-19T11:00:00+08:00"/>
    </fileHeader>
    <measData>
        <managedElement userLabel="MMLG3666HUNB001"/>
        <measInfo measInfoId="1542455297">
            <granPeriod duration="PT3600S" endTime="2021-08-19T12:00:00+08:00"/>
            <repPeriod duration="PT3600S"/>
            <measTypes>1542455297 1542455298 1542455299 1542455300 1542455301 1542455302 1542455304 1542455305 1542455307 1542460296 1542460297 1542461296 </measTypes>
            <measValue measObjLdn="MMLG3666HUNB001/EthernetInterface:Ethernet Interface No.=1">
                <measResults>22007347 240820 31852848 368147 0 119056 48909 126776 70788 1000000 1000000 0 </measResults>
            </measValue>
        </measInfo>
        <measInfo measInfoId="1542455303">
            <granPeriod duration="PT3600S" endTime="2021-08-19T12:00:00+08:00"/>
            <repPeriod duration="PT3600S"/>
            <measTypes>1542455365 1542455367 1542455369 1542455371 1542455375 1542455377 1542455378 </measTypes>
            <measValue measObjLdn="MMLG3666HUNB001/LogicalPort:Logical Port No.=1">
                <measResults>21044813 240821 0 0 115776 46766 0 </measResults>
            </measValue>
        </measInfo>
        <measInfo measInfoId="1542455817">
            <granPeriod duration="PT3600S" endTime="2021-08-19T12:00:00+08:00"/>
            <repPeriod duration="PT3600S"/>
            <measTypes>1542460356 1542460357 1542460358 1542460359 1542460360 1542460361 1542460363 1542460364 1542460366 1542460367 1542460368 1542460369 1542460370 1542460371 1542460373 1542460374 </measTypes>
            <measValue measObjLdn="MMLG3666HUNB001/SctpAssociation:Link No.=65534">
                <measResults>2494 2223 2241 2248 0 4584 5 1568 4 47 77 0 0 0 0 0 </measResults>
            </measValue>
            <measValue measObjLdn="MMLG3666HUNB001/SctpAssociation:Link No.=65535">
                <measResults>3172 259923 8848 12454 0 4496 7 1304 577 9 10811 0 0 0 0 0 </measResults>
            </measValue>
        </measInfo>
        <measInfo measInfoId="1542455818">
            <granPeriod duration="PT3600S" endTime="2021-08-19T12:00:00+08:00"/>
            <repPeriod duration="PT3600S"/>
            <measTypes>1542455526 1542455527 1542455528 1542455529 1542455530 1542455531 1542455532 1542455533 </measTypes>
            <measValue measObjLdn="MMLG3666HUNB001/UserPlaneHost:User Plane Host No.=0">
                <measResults>8632 125573 337755 6825950 36416 750 54688 15169 </measResults>
            </measValue>
        </measInfo>
        <measInfo measInfoId="1593835531">
            <granPeriod duration="PT3600S" endTime="2021-08-19T12:00:00+08:00"/>
            <repPeriod duration="PT3600S"/>
            <measTypes>1593835630 1593835632 1593835633 1593835634 </measTypes>
            <measValue measObjLdn="MMLG3666HUNB001/PU:Plugin Unit No.=1">
                <measResults>0 10 2 0 </measResults>
            </measValue>
        </measInfo>
        <measInfo measInfoId="50331648">
            <granPeriod duration="PT3600S" endTime="2021-08-19T12:00:00+08:00"/>
            <repPeriod duration="PT3600S"/>
            <measTypes>50331654 50331655 50331656 50331690 50331691 50331692 50331693 50331694 50331695 50331696 50331697 50331698 50331699 50331724 50331745 50331746 50331838 50331839 50331840 50341659 50341678 50341688 50341690 50341693 50341703 50341739 1909063720 1909063721 </measTypes>
            <measValue measObjLdn="MMLG3666HUNB001/ULoCell:NodeB Function Name=MMLG3666HUNB001, Local Cell ID=12101">
                <measResults>0 0 0 0 0 0 0 0 0 0 0 0 0 0 0 0 0 0 0 0 0 0 14 0 774 0 0 0 </measResults>
            </measValue>
        </measInfo>
        <measInfo measInfoId="50331651">
            <granPeriod duration="PT3600S" endTime="2021-08-19T12:00:00+08:00"/>
            <repPeriod duration="PT3600S"/>
            <measTypes>50331877 50331879 50332386 50332387 50341849 50341850 </measTypes>
            <measValue measObjLdn="MMLG3666HUNB001/ULoCell:NodeB Function Name=MMLG3666HUNB001, Local Cell ID=12101">
                <measResults>0 0 0 0 0 0 </measResults>
            </measValue>
        </measInfo>
        <measInfo measInfoId="50331676">
            <granPeriod duration="PT3600S" endTime="2021-08-19T12:00:00+08:00"/>
            <repPeriod duration="PT3600S"/>
            <measTypes>50331747 50332194 50332195 50332196 50332202 50332203 50341723 </measTypes>
            <measValue measObjLdn="MMLG3666HUNB001/ULoCell:NodeB Function Name=MMLG3666HUNB001, Local Cell ID=12101">
                <measResults>0 0 0 0 0 0 0 </measResults>
            </measValue>
        </measInfo>
    </measData>
    <fileFooter>
        <measCollec endTime="2021-08-19T12:00:00+08:00"/>
    </fileFooter>
</measCollecFile>
